iteration	loss
0	0.000000e+00
1	-1.037441e+01
2	-1.966921e+01
3	-2.695185e+01
4	-3.303974e+01
5	-3.811633e+01
6	-4.341086e+01
7	-4.959287e+01
8	-5.242612e+01
9	-5.246032e+01
10	-5.679064e+01
11	-6.008264e+01
12	-6.110534e+01
13	-6.411910e+01
14	-6.535094e+01
15	-6.491511e+01
16	-6.629742e+01
17	-7.106635e+01
18	-6.615054e+01
19	-7.052364e+01
20	-6.751807e+01
21	-7.102656e+01
22	-7.085338e+01
23	-6.628984e+01
24	-7.016488e+01
25	-7.078995e+01
26	-7.294548e+01
27	-7.066229e+01
28	-6.663040e+01
29	-7.154978e+01
30	-7.234329e+01
31	-7.243083e+01
32	-7.037642e+01
33	-7.038162e+01
34	-7.176141e+01
35	-7.042081e+01
36	-7.216400e+01
37	-7.099519e+01
38	-7.633283e+01
39	-7.391494e+01
40	-7.427597e+01
41	-7.229588e+01
42	-7.206861e+01
43	-7.312772e+01
44	-7.027746e+01
45	-7.504356e+01
46	-7.271515e+01
47	-7.208275e+01
48	-7.583077e+01
49	-7.423065e+01
50	-7.394148e+01
51	-7.188978e+01
52	-7.203580e+01
53	-7.144271e+01
54	-7.444436e+01
55	-7.258922e+01
56	-7.629348e+01
57	-7.662558e+01
58	-7.210540e+01
59	-7.266372e+01
60	-7.290198e+01
61	-7.614045e+01
62	-7.551024e+01
63	-7.418067e+01
64	-7.535230e+01
65	-7.222848e+01
66	-7.555188e+01
67	-7.770785e+01
68	-7.552728e+01
69	-7.207288e+01
70	-7.193530e+01
71	-7.641072e+01
72	-7.433605e+01
73	-7.186135e+01
74	-7.493888e+01
75	-7.494805e+01
76	-7.544226e+01
77	-7.136666e+01
78	-7.004614e+01
79	-7.131467e+01
80	-7.053900e+01
81	-6.943462e+01
82	-6.991730e+01
83	-7.218333e+01
84	-7.236476e+01
85	-7.440542e+01
86	-7.283195e+01
87	-7.427815e+01
88	-7.300352e+01
89	-7.261304e+01
90	-7.268705e+01
91	-7.226494e+01
92	-7.248164e+01
93	-7.299569e+01
94	-7.474609e+01
95	-6.797676e+01
96	-7.182650e+01
97	-7.632158e+01
98	-7.246867e+01
99	-7.289186e+01
100	-7.625629e+01
101	-7.349733e+01
102	-7.112081e+01
103	-7.284506e+01
104	-7.175906e+01
105	-7.317620e+01
106	-6.951025e+01
107	-7.146647e+01
108	-7.249223e+01
109	-7.573741e+01
110	-7.235428e+01
111	-7.195732e+01
112	-7.586939e+01
113	-7.198081e+01
114	-7.372598e+01
115	-7.530461e+01
116	-7.411837e+01
117	-7.383451e+01
118	-7.292518e+01
119	-7.342049e+01
120	-7.365148e+01
121	-7.188663e+01
122	-7.350961e+01
123	-7.058032e+01
124	-7.137331e+01
125	-7.362903e+01
126	-7.463217e+01
127	-7.730561e+01
128	-7.434206e+01
129	-7.459383e+01
130	-7.345232e+01
131	-7.335423e+01
132	-6.930389e+01
133	-7.460396e+01
134	-7.431083e+01
135	-7.255652e+01
136	-7.263079e+01
137	-6.932763e+01
138	-7.439232e+01
139	-7.539643e+01
140	-7.503513e+01
141	-7.556342e+01
142	-7.176914e+01
143	-7.518423e+01
144	-6.893972e+01
145	-6.705679e+01
146	-7.073713e+01
147	-7.393478e+01
148	-7.419318e+01
149	-7.207226e+01
150	-6.972918e+01
151	-7.344015e+01
152	-7.639045e+01
153	-7.015268e+01
154	-7.342302e+01
155	-7.385616e+01
156	-7.207732e+01
157	-7.785922e+01
158	-7.499536e+01
159	-7.212017e+01
160	-7.061518e+01
161	-7.438652e+01
162	-7.362635e+01
163	-7.277198e+01
164	-7.597167e+01
165	-7.034656e+01
166	-7.193548e+01
167	-7.036070e+01
168	-7.825350e+01
169	-7.485289e+01
170	-7.227878e+01
171	-7.297131e+01
172	-7.198217e+01
173	-7.520140e+01
174	-7.082024e+01
175	-7.442440e+01
176	-7.415779e+01
177	-7.013029e+01
178	-7.337466e+01
179	-7.140130e+01
180	-7.368884e+01
181	-7.663619e+01
182	-7.130397e+01
183	-7.081284e+01
184	-7.314134e+01
185	-7.050797e+01
186	-7.353070e+01
187	-7.431541e+01
188	-7.284190e+01
189	-7.577962e+01
190	-7.093027e+01
191	-7.432207e+01
192	-7.223149e+01
193	-7.428994e+01
194	-7.451885e+01
195	-7.534059e+01
196	-7.117457e+01
197	-7.310999e+01
198	-7.159237e+01
199	-7.639414e+01
200	-7.620436e+01
201	-7.387300e+01
202	-7.504030e+01
203	-7.337002e+01
204	-7.100655e+01
205	-7.084987e+01
206	-7.057051e+01
207	-7.498799e+01
208	-7.709059e+01
209	-7.364984e+01
210	-7.090932e+01
211	-7.464587e+01
212	-7.750321e+01
213	-7.458532e+01
214	-7.630789e+01
215	-7.066573e+01
216	-7.143688e+01
217	-7.395372e+01
218	-7.478375e+01
219	-7.582290e+01
220	-7.452333e+01
221	-7.593949e+01
222	-7.354677e+01
223	-7.089447e+01
224	-7.365763e+01
225	-7.329214e+01
226	-7.577578e+01
227	-7.305526e+01
228	-6.865653e+01
229	-7.734570e+01
230	-7.376777e+01
231	-7.179778e+01
232	-7.492361e+01
233	-7.122904e+01
234	-7.290510e+01
235	-7.229204e+01
236	-6.977140e+01
237	-7.344285e+01
238	-7.411158e+01
239	-7.307088e+01
240	-7.450026e+01
241	-7.363252e+01
242	-7.450491e+01
243	-7.173444e+01
244	-7.342312e+01
245	-7.752010e+01
246	-7.534812e+01
247	-7.251893e+01
248	-7.384700e+01
249	-7.029029e+01
250	-6.970316e+01
251	-7.478588e+01
252	-7.380311e+01
253	-7.476563e+01
254	-6.997627e+01
255	-7.530681e+01
256	-7.284715e+01
257	-7.193982e+01
258	-7.367651e+01
259	-7.606584e+01
260	-7.209325e+01
261	-7.489048e+01
262	-7.372418e+01
263	-7.521425e+01
264	-7.671614e+01
265	-7.370860e+01
266	-7.411990e+01
267	-7.360419e+01
268	-7.628452e+01
269	-7.081390e+01
270	-7.456719e+01
271	-7.077973e+01
272	-7.045008e+01
273	-7.964192e+01
274	-7.390818e+01
275	-7.695696e+01
276	-7.238455e+01
277	-7.563939e+01
278	-7.005042e+01
279	-7.228211e+01
280	-7.334987e+01
281	-7.316238e+01
282	-7.307833e+01
283	-7.395405e+01
284	-7.378011e+01
285	-7.172508e+01
286	-7.308745e+01
287	-7.199605e+01
288	-7.209415e+01
289	-7.136917e+01
290	-7.188494e+01
291	-7.199272e+01
292	-7.153895e+01
293	-6.958660e+01
294	-7.492439e+01
295	-7.475734e+01
296	-7.587237e+01
297	-7.248065e+01
298	-7.380634e+01
299	-7.362875e+01
300	-7.417709e+01
301	-7.227188e+01
302	-7.263715e+01
303	-7.028825e+01
304	-7.335448e+01
305	-7.194677e+01
306	-7.305189e+01
307	-7.257892e+01
308	-7.467179e+01
309	-7.343266e+01
310	-6.984196e+01
311	-7.266140e+01
312	-7.215895e+01
313	-7.360796e+01
314	-7.492580e+01
315	-7.148543e+01
316	-7.123378e+01
317	-7.144236e+01
318	-7.255338e+01
319	-7.351733e+01
320	-7.349493e+01
321	-7.159236e+01
322	-7.395503e+01
323	-7.257901e+01
324	-7.365004e+01
325	-7.572681e+01
326	-7.377245e+01
327	-7.247227e+01
328	-7.377070e+01
329	-7.276057e+01
330	-7.108794e+01
331	-7.245820e+01
332	-7.498118e+01
333	-7.040470e+01
334	-7.023764e+01
335	-7.592080e+01
336	-7.254743e+01
337	-7.148057e+01
338	-7.413752e+01
339	-7.618910e+01
340	-7.302094e+01
341	-7.169377e+01
342	-7.503209e+01
343	-7.297831e+01
344	-7.354450e+01
345	-7.580379e+01
346	-7.072979e+01
347	-7.073688e+01
348	-7.239608e+01
349	-7.269817e+01
350	-7.679341e+01
351	-7.397393e+01
352	-7.076002e+01
353	-7.544820e+01
354	-7.324909e+01
355	-7.301839e+01
356	-6.930970e+01
357	-7.448375e+01
358	-7.430143e+01
359	-7.338344e+01
360	-7.436767e+01
361	-7.721022e+01
362	-7.239265e+01
363	-7.578447e+01
364	-7.379793e+01
365	-7.220658e+01
366	-7.271777e+01
367	-7.051829e+01
368	-7.611841e+01
369	-7.550325e+01
370	-7.345185e+01
371	-7.603092e+01
372	-7.784416e+01
373	-7.409524e+01
374	-7.495096e+01
375	-7.538142e+01
376	-7.536837e+01
377	-7.196511e+01
378	-7.378876e+01
379	-7.473299e+01
380	-7.130227e+01
381	-7.430934e+01
382	-7.719804e+01
383	-7.430807e+01
384	-7.032745e+01
385	-7.529939e+01
386	-7.321170e+01
387	-7.137788e+01
388	-7.422554e+01
389	-7.183082e+01
390	-7.610972e+01
391	-7.676286e+01
392	-7.286806e+01
393	-7.134421e+01
394	-7.579439e+01
395	-7.710239e+01
396	-7.490310e+01
397	-7.411263e+01
398	-7.051827e+01
399	-7.498576e+01
400	-7.387004e+01
401	-7.274618e+01
402	-7.546458e+01
403	-7.088312e+01
404	-7.355854e+01
405	-7.482442e+01
406	-7.165077e+01
407	-7.757595e+01
408	-7.112378e+01
409	-7.305965e+01
410	-7.171407e+01
411	-7.281392e+01
412	-7.319991e+01
413	-7.396338e+01
414	-6.867413e+01
415	-7.237358e+01
416	-7.268383e+01
417	-7.444879e+01
418	-7.758681e+01
419	-7.258418e+01
420	-6.898921e+01
421	-6.896936e+01
422	-7.275078e+01
423	-7.652015e+01
424	-7.266609e+01
425	-7.270308e+01
426	-7.127303e+01
427	-7.338681e+01
428	-7.052479e+01
429	-7.366509e+01
430	-7.301945e+01
431	-7.242435e+01
432	-7.516648e+01
433	-7.350710e+01
434	-7.235997e+01
435	-6.928750e+01
436	-7.243367e+01
437	-7.219600e+01
438	-7.331952e+01
439	-7.303748e+01
440	-7.164898e+01
441	-7.510420e+01
442	-7.629267e+01
443	-7.170648e+01
444	-7.617463e+01
445	-7.311920e+01
446	-7.539847e+01
447	-7.419923e+01
448	-7.313264e+01
449	-7.399964e+01
450	-7.382636e+01
451	-7.324274e+01
452	-7.621029e+01
453	-7.350766e+01
454	-7.615385e+01
455	-7.365660e+01
456	-7.338548e+01
457	-7.413294e+01
458	-7.425090e+01
459	-7.231126e+01
460	-7.236170e+01
461	-7.239035e+01
462	-7.441343e+01
463	-7.630026e+01
464	-7.126714e+01
465	-7.506875e+01
466	-6.956452e+01
467	-7.439502e+01
468	-7.156093e+01
469	-7.081713e+01
470	-7.357811e+01
471	-7.447239e+01
472	-7.177675e+01
473	-7.414713e+01
474	-7.547381e+01
475	-7.598446e+01
476	-7.261177e+01
477	-7.275628e+01
478	-7.619661e+01
479	-7.570759e+01
480	-7.483541e+01
481	-7.689921e+01
482	-7.147969e+01
483	-7.410281e+01
484	-7.055160e+01
485	-6.996303e+01
486	-7.511217e+01
487	-7.188681e+01
488	-7.303592e+01
489	-7.614567e+01
490	-7.388404e+01
491	-7.462992e+01
492	-7.425158e+01
493	-7.361208e+01
494	-6.978540e+01
495	-7.814535e+01
496	-7.471018e+01
497	-7.222789e+01
498	-7.653895e+01
499	-7.409812e+01
500	-7.492161e+01
501	-7.058113e+01
502	-7.031151e+01
503	-7.350734e+01
504	-7.627500e+01
505	-7.112474e+01
506	-7.502737e+01
507	-7.654041e+01
508	-7.397173e+01
509	-7.366322e+01
510	-7.512917e+01
511	-7.184689e+01
512	-7.463447e+01
513	-7.192660e+01
514	-7.155606e+01
515	-7.283218e+01
516	-7.496645e+01
517	-6.921259e+01
518	-7.347091e+01
519	-7.485483e+01
520	-7.108331e+01
521	-7.347481e+01
522	-7.455237e+01
523	-7.187746e+01
524	-6.877947e+01
525	-7.259091e+01
526	-7.418485e+01
527	-7.333743e+01
528	-7.384211e+01
529	-7.546105e+01
530	-7.190063e+01
531	-7.577411e+01
532	-7.249713e+01
533	-7.199140e+01
534	-7.510948e+01
535	-7.375224e+01
536	-7.004360e+01
537	-7.504438e+01
538	-7.077851e+01
539	-7.184257e+01
540	-7.019288e+01
541	-7.471133e+01
542	-7.298056e+01
543	-7.272172e+01
544	-7.330339e+01
545	-7.551324e+01
546	-7.337738e+01
547	-7.141571e+01
548	-7.661085e+01
549	-7.304031e+01
550	-7.129810e+01
551	-7.793943e+01
552	-7.227906e+01
553	-7.232129e+01
554	-7.137177e+01
555	-7.239207e+01
556	-7.286886e+01
557	-7.379035e+01
558	-7.151979e+01
559	-7.118982e+01
560	-7.242326e+01
561	-7.305114e+01
562	-7.235865e+01
563	-7.218904e+01
564	-6.860179e+01
565	-7.201402e+01
566	-7.524338e+01
567	-7.293880e+01
568	-7.101780e+01
569	-7.343947e+01
570	-7.500003e+01
571	-7.005309e+01
572	-7.324934e+01
573	-7.248271e+01
574	-7.556417e+01
575	-7.388006e+01
576	-7.074066e+01
577	-7.519181e+01
578	-7.642992e+01
579	-7.430754e+01
580	-7.608499e+01
581	-7.356354e+01
582	-7.532266e+01
583	-7.369174e+01
584	-7.628732e+01
585	-7.428697e+01
586	-7.265278e+01
587	-7.277511e+01
588	-7.368078e+01
589	-7.347499e+01
590	-7.213780e+01
591	-7.226976e+01
592	-7.082690e+01
593	-7.292922e+01
594	-7.448074e+01
595	-7.446792e+01
596	-7.503028e+01
597	-7.235198e+01
598	-6.948867e+01
599	-7.187295e+01
600	-7.389240e+01
601	-7.423565e+01
602	-7.395181e+01
603	-7.142388e+01
604	-7.425051e+01
605	-7.407827e+01
606	-7.283218e+01
607	-7.218787e+01
608	-7.195234e+01
609	-7.199570e+01
610	-7.659659e+01
611	-7.662796e+01
612	-7.510880e+01
613	-7.816164e+01
614	-7.677103e+01
615	-7.132455e+01
616	-7.334235e+01
617	-7.365901e+01
618	-7.224528e+01
619	-7.432096e+01
620	-7.310974e+01
621	-7.167821e+01
622	-7.311542e+01
623	-7.269546e+01
624	-7.154124e+01
625	-7.217569e+01
626	-7.524065e+01
627	-7.136078e+01
628	-7.028668e+01
629	-7.430092e+01
630	-7.530661e+01
631	-7.279722e+01
632	-7.433333e+01
633	-7.389723e+01
634	-7.126952e+01
635	-7.644203e+01
636	-7.637785e+01
637	-7.069535e+01
638	-7.686203e+01
639	-7.082080e+01
640	-7.291183e+01
641	-7.666133e+01
642	-7.233813e+01
643	-7.540448e+01
644	-7.644661e+01
645	-6.900998e+01
646	-7.247854e+01
647	-7.126281e+01
648	-7.145565e+01
649	-7.196215e+01
650	-7.323110e+01
651	-7.504189e+01
652	-7.506472e+01
653	-7.341843e+01
654	-7.372997e+01
655	-7.404093e+01
656	-7.541952e+01
657	-7.275941e+01
658	-7.496167e+01
659	-7.291123e+01
660	-7.466484e+01
661	-7.434076e+01
662	-7.219906e+01
663	-7.180021e+01
664	-7.381030e+01
665	-7.500395e+01
666	-7.200579e+01
667	-7.057148e+01
668	-7.440602e+01
669	-7.091178e+01
670	-7.238913e+01
671	-7.178406e+01
672	-7.422354e+01
673	-7.034475e+01
674	-7.205444e+01
675	-7.475530e+01
676	-7.159858e+01
677	-7.433877e+01
678	-7.099056e+01
679	-7.351322e+01
680	-7.366577e+01
681	-7.341836e+01
682	-7.247192e+01
683	-7.336160e+01
684	-6.916802e+01
685	-7.223655e+01
686	-7.331852e+01
687	-7.452945e+01
688	-7.007051e+01
689	-7.031397e+01
690	-7.306707e+01
691	-7.267089e+01
692	-7.404675e+01
693	-7.114469e+01
694	-7.589177e+01
695	-7.125323e+01
696	-7.600401e+01
697	-6.889462e+01
698	-7.336985e+01
699	-7.393598e+01
700	-7.576674e+01
701	-7.146996e+01
702	-7.253106e+01
703	-7.305130e+01
704	-7.410181e+01
705	-7.282931e+01
706	-7.363450e+01
707	-7.299715e+01
708	-7.321733e+01
709	-7.640613e+01
710	-7.563188e+01
711	-7.162748e+01
712	-6.816157e+01
713	-7.354472e+01
714	-7.415878e+01
715	-7.359881e+01
716	-7.201739e+01
717	-7.253569e+01
718	-7.382918e+01
719	-7.657325e+01
720	-6.859566e+01
721	-7.230094e+01
722	-6.829039e+01
723	-7.510151e+01
724	-7.191913e+01
725	-7.199947e+01
726	-7.649731e+01
727	-7.693013e+01
728	-7.279603e+01
729	-7.415369e+01
730	-7.651204e+01
731	-7.761497e+01
732	-7.470032e+01
733	-7.087447e+01
734	-7.125057e+01
735	-7.561182e+01
736	-7.125972e+01
737	-7.464878e+01
738	-7.403609e+01
739	-7.199767e+01
740	-6.918080e+01
741	-7.368885e+01
742	-7.215819e+01
743	-7.296698e+01
744	-7.236927e+01
745	-7.348772e+01
746	-7.117952e+01
747	-7.264622e+01
748	-7.949890e+01
749	-7.425296e+01
750	-7.282625e+01
751	-7.278603e+01
752	-7.250973e+01
753	-7.547623e+01
754	-7.409661e+01
755	-7.635255e+01
756	-7.431098e+01
757	-7.111699e+01
758	-7.543508e+01
759	-7.176496e+01
760	-6.888696e+01
761	-7.806602e+01
762	-7.277304e+01
763	-7.349385e+01
764	-7.372911e+01
765	-7.024935e+01
766	-6.912590e+01
767	-7.203391e+01
768	-7.044927e+01
769	-7.311981e+01
770	-7.490191e+01
771	-7.105153e+01
772	-7.329419e+01
773	-7.472345e+01
774	-7.651370e+01
775	-7.180063e+01
776	-7.553920e+01
777	-7.378764e+01
778	-7.333793e+01
779	-7.521258e+01
780	-7.393490e+01
781	-7.499683e+01
782	-7.282143e+01
783	-7.211785e+01
784	-7.234829e+01
785	-7.366353e+01
786	-7.656928e+01
787	-7.576476e+01
788	-7.458152e+01
789	-7.659277e+01
790	-7.226902e+01
791	-7.270501e+01
792	-6.993829e+01
793	-7.082422e+01
794	-6.708146e+01
795	-7.388613e+01
796	-7.080626e+01
797	-7.262937e+01
798	-7.159615e+01
799	-7.671850e+01
800	-7.390131e+01
801	-7.476247e+01
802	-7.335866e+01
803	-7.300099e+01
804	-7.322923e+01
805	-7.371596e+01
806	-7.519345e+01
807	-7.480534e+01
808	-7.369520e+01
809	-7.454188e+01
810	-7.222046e+01
811	-7.422925e+01
812	-7.361984e+01
813	-7.251122e+01
814	-7.219479e+01
815	-7.380063e+01
816	-7.511102e+01
817	-7.226898e+01
818	-7.408225e+01
819	-7.504571e+01
820	-7.481528e+01
821	-7.275323e+01
822	-7.291735e+01
823	-7.265189e+01
824	-7.588022e+01
825	-7.306536e+01
826	-7.747357e+01
827	-7.315931e+01
828	-7.744412e+01
829	-7.184385e+01
830	-7.472129e+01
831	-7.477960e+01
832	-7.385180e+01
833	-7.249336e+01
834	-7.404026e+01
835	-7.390778e+01
836	-7.558984e+01
837	-7.023814e+01
838	-7.236522e+01
839	-7.573136e+01
840	-7.336323e+01
841	-7.337425e+01
842	-7.352390e+01
843	-7.484988e+01
844	-7.115231e+01
845	-7.736998e+01
846	-7.363520e+01
847	-7.751745e+01
848	-7.412634e+01
849	-7.483161e+01
850	-7.129479e+01
851	-7.393925e+01
852	-7.341929e+01
853	-7.299630e+01
854	-7.395489e+01
855	-7.424420e+01
856	-7.096849e+01
857	-7.138839e+01
858	-7.690825e+01
859	-7.109301e+01
860	-7.517932e+01
861	-7.221768e+01
862	-7.427565e+01
863	-7.134138e+01
864	-7.401418e+01
865	-7.209283e+01
866	-7.213475e+01
867	-6.938665e+01
868	-7.041459e+01
869	-7.352026e+01
870	-6.965112e+01
871	-7.346591e+01
872	-7.096681e+01
873	-7.380163e+01
874	-7.354667e+01
875	-7.463195e+01
876	-7.229621e+01
877	-7.271545e+01
878	-7.335532e+01
879	-7.392413e+01
880	-7.220602e+01
881	-6.896631e+01
882	-7.411437e+01
883	-7.159400e+01
884	-7.485417e+01
885	-7.253893e+01
886	-7.152184e+01
887	-7.377862e+01
888	-7.820428e+01
889	-7.311403e+01
890	-7.166812e+01
891	-7.344907e+01
892	-7.130033e+01
893	-7.134232e+01
894	-7.331063e+01
895	-7.289677e+01
896	-7.178063e+01
897	-6.995971e+01
898	-7.374116e+01
899	-7.404602e+01
900	-7.296761e+01
901	-7.776727e+01
902	-7.058503e+01
903	-7.378504e+01
904	-7.452130e+01
905	-7.377095e+01
906	-6.993296e+01
907	-7.194895e+01
908	-7.382371e+01
909	-7.164685e+01
910	-7.454440e+01
911	-7.302183e+01
912	-7.545406e+01
913	-7.545589e+01
914	-7.315200e+01
915	-7.741460e+01
916	-7.480659e+01
917	-7.515411e+01
918	-6.898539e+01
919	-7.484182e+01
920	-7.187018e+01
921	-7.165535e+01
922	-7.272699e+01
923	-7.011773e+01
924	-7.086676e+01
925	-7.024977e+01
926	-7.184059e+01
927	-7.258416e+01
928	-7.111301e+01
929	-7.582575e+01
930	-7.268285e+01
931	-7.216477e+01
932	-7.608785e+01
933	-7.461627e+01
934	-7.251764e+01
935	-7.437236e+01
936	-7.332045e+01
937	-7.096644e+01
938	-7.325769e+01
939	-7.423278e+01
940	-7.417866e+01
941	-7.164718e+01
942	-7.402276e+01
943	-7.710459e+01
944	-7.261443e+01
945	-7.383515e+01
946	-7.424815e+01
947	-7.490581e+01
948	-7.288154e+01
949	-7.172547e+01
950	-7.384972e+01
951	-7.461731e+01
952	-7.206669e+01
953	-7.072505e+01
954	-7.417334e+01
955	-7.267118e+01
956	-7.370414e+01
957	-7.608802e+01
958	-7.184978e+01
959	-7.213961e+01
960	-7.331998e+01
961	-7.648844e+01
962	-7.352829e+01
963	-7.219159e+01
964	-7.284064e+01
965	-7.400552e+01
966	-7.672004e+01
967	-7.130917e+01
968	-7.441342e+01
969	-7.249705e+01
970	-7.124623e+01
971	-7.542149e+01
972	-7.337188e+01
973	-7.118149e+01
974	-7.493102e+01
975	-7.638188e+01
976	-7.444383e+01
977	-7.476894e+01
978	-7.377163e+01
979	-7.218467e+01
980	-7.173700e+01
981	-7.241898e+01
982	-7.327543e+01
983	-7.287453e+01
984	-7.739533e+01
985	-7.485764e+01
986	-7.026572e+01
987	-7.526862e+01
988	-6.954273e+01
989	-7.771864e+01
990	-7.016788e+01
991	-7.346791e+01
992	-7.143306e+01
993	-7.630292e+01
994	-6.898722e+01
995	-7.316680e+01
996	-7.473522e+01
997	-7.222709e+01
998	-7.444492e+01
999	-7.197858e+01
1000	-7.719174e+01
1001	-7.469198e+01
1002	-7.284645e+01
1003	-7.533204e+01
1004	-7.252450e+01
1005	-7.310669e+01
1006	-7.372555e+01
1007	-7.116268e+01
1008	-7.699506e+01
1009	-7.627468e+01
1010	-7.505856e+01
1011	-6.980779e+01
1012	-7.237094e+01
1013	-7.455042e+01
1014	-7.755016e+01
1015	-7.175312e+01
1016	-7.229800e+01
1017	-7.480397e+01
1018	-7.194003e+01
1019	-7.076464e+01
1020	-7.086047e+01
1021	-7.059869e+01
1022	-7.475575e+01
1023	-7.270763e+01
1024	-7.879108e+01
1025	-7.461958e+01
1026	-7.341293e+01
1027	-7.611110e+01
1028	-7.274913e+01
1029	-7.159761e+01
1030	-7.266009e+01
1031	-7.282865e+01
1032	-7.282662e+01
1033	-7.097887e+01
1034	-7.433784e+01
1035	-7.349237e+01
1036	-7.585291e+01
1037	-7.445785e+01
1038	-7.387494e+01
1039	-7.286120e+01
1040	-7.409234e+01
1041	-7.250232e+01
1042	-7.655518e+01
1043	-6.883156e+01
1044	-7.110158e+01
1045	-7.182088e+01
1046	-7.141168e+01
1047	-7.303538e+01
1048	-7.294700e+01
1049	-7.337327e+01
1050	-7.448701e+01
1051	-7.390674e+01
1052	-7.163737e+01
1053	-6.806635e+01
1054	-7.574375e+01
1055	-7.656923e+01
1056	-7.296634e+01
1057	-7.325204e+01
1058	-6.854290e+01
1059	-7.224811e+01
1060	-7.216089e+01
1061	-7.653005e+01
1062	-7.642536e+01
1063	-7.492328e+01
1064	-7.191456e+01
1065	-7.351104e+01
1066	-7.221359e+01
1067	-7.135119e+01
1068	-7.724220e+01
1069	-7.272859e+01
1070	-7.702458e+01
1071	-7.159542e+01
1072	-7.128391e+01
1073	-7.234487e+01
1074	-7.405118e+01
1075	-7.237836e+01
1076	-7.213979e+01
1077	-7.244287e+01
1078	-7.059576e+01
1079	-7.469070e+01
1080	-7.208366e+01
1081	-7.375142e+01
1082	-7.357094e+01
1083	-7.251883e+01
1084	-7.475053e+01
1085	-6.974875e+01
1086	-7.135366e+01
1087	-7.715308e+01
1088	-7.240238e+01
1089	-7.800532e+01
1090	-7.226869e+01
1091	-7.211895e+01
1092	-7.374116e+01
1093	-7.280953e+01
1094	-6.992688e+01
1095	-7.041368e+01
1096	-7.516337e+01
1097	-7.301547e+01
1098	-7.276837e+01
1099	-7.169214e+01
1100	-7.195235e+01
1101	-7.477619e+01
1102	-7.210340e+01
1103	-7.567807e+01
1104	-7.133696e+01
1105	-7.678655e+01
1106	-7.517678e+01
1107	-7.674993e+01
1108	-7.106857e+01
1109	-7.334352e+01
1110	-7.348092e+01
1111	-7.722771e+01
1112	-7.295669e+01
1113	-7.056104e+01
1114	-7.356213e+01
1115	-7.454292e+01
1116	-7.413902e+01
1117	-7.407554e+01
1118	-7.160981e+01
1119	-7.495339e+01
1120	-7.558049e+01
1121	-7.642447e+01
1122	-7.415136e+01
1123	-7.411610e+01
1124	-6.980587e+01
1125	-7.446424e+01
1126	-7.459366e+01
1127	-7.424662e+01
1128	-7.395540e+01
1129	-7.593212e+01
1130	-7.306944e+01
1131	-7.035261e+01
1132	-7.286464e+01
1133	-7.278417e+01
1134	-7.876709e+01
1135	-7.216827e+01
1136	-7.161897e+01
1137	-7.447799e+01
1138	-7.270668e+01
1139	-7.381242e+01
1140	-7.521839e+01
1141	-7.264647e+01
1142	-7.276454e+01
1143	-7.256835e+01
1144	-7.367196e+01
1145	-7.653692e+01
1146	-7.317147e+01
1147	-7.078168e+01
1148	-7.018948e+01
1149	-7.275176e+01
1150	-6.816725e+01
1151	-7.339638e+01
1152	-7.270062e+01
1153	-7.601008e+01
1154	-7.345126e+01
1155	-6.894132e+01
1156	-6.973443e+01
1157	-7.513845e+01
1158	-7.305516e+01
1159	-7.339747e+01
1160	-7.394449e+01
1161	-7.285840e+01
1162	-7.384626e+01
1163	-7.419986e+01
1164	-7.231637e+01
1165	-7.254623e+01
1166	-7.475712e+01
1167	-7.239441e+01
1168	-7.379866e+01
1169	-7.356555e+01
1170	-7.136945e+01
1171	-7.576025e+01
1172	-7.701782e+01
1173	-7.291753e+01
1174	-7.281641e+01
1175	-7.534339e+01
1176	-7.474242e+01
1177	-7.387295e+01
1178	-7.333949e+01
1179	-7.220832e+01
1180	-7.297408e+01
1181	-7.004426e+01
1182	-7.538625e+01
1183	-7.509847e+01
1184	-7.365165e+01
1185	-7.400390e+01
1186	-7.451301e+01
1187	-7.357953e+01
1188	-7.340192e+01
1189	-7.422564e+01
1190	-7.498580e+01
1191	-7.287413e+01
1192	-7.263656e+01
1193	-6.861219e+01
1194	-7.293895e+01
1195	-6.799569e+01
1196	-7.604131e+01
1197	-7.519326e+01
1198	-7.156022e+01
1199	-7.426734e+01
1200	-7.368855e+01
1201	-7.149736e+01
1202	-7.071631e+01
1203	-7.727354e+01
1204	-7.390169e+01
1205	-7.584083e+01
1206	-7.093750e+01
1207	-7.805207e+01
1208	-7.117160e+01
1209	-7.322026e+01
1210	-7.379449e+01
1211	-7.358907e+01
1212	-7.131978e+01
1213	-7.307533e+01
1214	-7.629930e+01
1215	-7.722825e+01
1216	-7.258612e+01
1217	-7.582533e+01
1218	-7.475363e+01
1219	-7.427397e+01
1220	-7.400000e+01
1221	-7.190942e+01
1222	-7.164179e+01
1223	-7.481762e+01
1224	-7.465756e+01
1225	-7.627068e+01
1226	-7.256203e+01
1227	-7.231190e+01
1228	-7.187694e+01
1229	-7.201697e+01
1230	-7.605313e+01
1231	-7.291973e+01
1232	-7.195840e+01
1233	-7.145886e+01
1234	-7.484377e+01
1235	-7.330505e+01
1236	-7.256553e+01
1237	-7.301007e+01
1238	-7.333013e+01
1239	-7.339829e+01
1240	-7.505851e+01
1241	-7.460030e+01
1242	-7.180611e+01
1243	-7.247984e+01
1244	-6.961473e+01
1245	-6.882850e+01
1246	-7.255256e+01
1247	-7.015156e+01
1248	-7.494151e+01
1249	-7.268104e+01
1250	-7.197256e+01
1251	-7.124893e+01
1252	-7.396757e+01
1253	-7.124104e+01
1254	-7.255942e+01
1255	-7.149552e+01
1256	-7.155705e+01
1257	-7.325579e+01
1258	-7.224049e+01
1259	-7.451302e+01
1260	-6.921243e+01
1261	-7.433158e+01
1262	-7.534911e+01
1263	-7.406666e+01
1264	-7.341056e+01
1265	-7.272655e+01
1266	-7.330795e+01
1267	-7.368178e+01
1268	-6.953078e+01
1269	-7.376710e+01
1270	-7.610059e+01
1271	-7.490627e+01
1272	-7.718984e+01
1273	-7.338886e+01
1274	-6.861505e+01
1275	-7.093788e+01
1276	-6.687646e+01
1277	-7.411027e+01
1278	-7.200603e+01
1279	-7.537770e+01
1280	-7.263442e+01
1281	-7.401222e+01
1282	-7.358257e+01
1283	-7.342124e+01
1284	-7.234939e+01
1285	-6.831439e+01
1286	-7.192932e+01
1287	-7.433168e+01
1288	-7.476019e+01
1289	-7.307940e+01
1290	-7.494522e+01
1291	-7.371442e+01
1292	-7.583507e+01
1293	-7.108870e+01
1294	-7.179798e+01
1295	-7.205420e+01
1296	-7.517287e+01
1297	-7.400080e+01
1298	-7.412303e+01
1299	-7.464257e+01
1300	-7.422229e+01
1301	-7.555704e+01
1302	-7.358963e+01
1303	-7.447114e+01
1304	-7.141475e+01
1305	-7.361368e+01
1306	-7.081929e+01
1307	-7.359985e+01
1308	-7.353130e+01
1309	-7.325526e+01
1310	-7.123471e+01
1311	-7.425209e+01
1312	-7.195484e+01
1313	-7.413033e+01
1314	-7.425082e+01
1315	-7.177768e+01
1316	-7.586191e+01
1317	-7.418513e+01
1318	-7.499902e+01
1319	-7.152807e+01
1320	-7.208464e+01
1321	-7.128338e+01
1322	-7.326398e+01
1323	-7.459977e+01
1324	-7.353938e+01
1325	-7.443231e+01
1326	-7.457798e+01
1327	-7.476436e+01
1328	-7.375909e+01
1329	-7.350917e+01
1330	-7.371610e+01
1331	-7.005400e+01
1332	-7.001424e+01
1333	-7.457677e+01
1334	-7.248189e+01
1335	-7.157072e+01
1336	-7.329988e+01
1337	-6.774665e+01
1338	-7.565715e+01
1339	-7.554338e+01
1340	-7.357299e+01
1341	-7.131467e+01
1342	-7.483558e+01
1343	-7.291243e+01
1344	-7.420234e+01
1345	-7.599502e+01
1346	-7.845789e+01
1347	-7.315906e+01
1348	-6.916518e+01
1349	-6.777952e+01
1350	-7.382742e+01
1351	-7.091420e+01
1352	-7.275597e+01
1353	-7.402297e+01
1354	-7.171284e+01
1355	-7.431492e+01
1356	-7.385773e+01
1357	-7.444158e+01
1358	-7.376411e+01
1359	-7.506732e+01
1360	-7.085081e+01
1361	-7.336529e+01
1362	-7.626063e+01
1363	-7.374595e+01
1364	-7.352002e+01
1365	-7.072699e+01
1366	-6.957925e+01
1367	-7.152999e+01
1368	-6.875915e+01
1369	-7.326730e+01
1370	-7.675630e+01
1371	-7.638096e+01
1372	-7.418410e+01
1373	-7.249309e+01
1374	-7.056250e+01
1375	-7.404743e+01
1376	-7.495740e+01
1377	-7.233241e+01
1378	-7.410734e+01
1379	-7.224995e+01
1380	-7.144629e+01
1381	-7.321347e+01
1382	-7.496530e+01
1383	-7.207199e+01
1384	-7.557052e+01
1385	-7.185814e+01
1386	-7.392254e+01
1387	-7.550094e+01
1388	-7.445186e+01
1389	-7.048286e+01
1390	-7.414245e+01
1391	-7.572912e+01
1392	-7.453604e+01
1393	-7.452964e+01
1394	-7.486556e+01
1395	-7.535392e+01
1396	-7.087809e+01
1397	-7.440291e+01
1398	-7.017763e+01
1399	-7.096883e+01
1400	-7.350485e+01
1401	-6.662708e+01
1402	-7.347179e+01
1403	-7.365979e+01
1404	-7.393584e+01
1405	-7.297638e+01
1406	-7.517222e+01
1407	-7.503320e+01
1408	-7.489940e+01
1409	-7.355257e+01
1410	-7.450176e+01
1411	-6.812029e+01
1412	-7.082483e+01
1413	-7.361519e+01
1414	-7.482957e+01
1415	-7.269584e+01
1416	-7.318624e+01
1417	-7.336689e+01
1418	-7.061209e+01
1419	-7.251986e+01
1420	-7.550041e+01
1421	-7.153023e+01
1422	-7.663246e+01
1423	-7.455422e+01
1424	-7.202427e+01
1425	-7.246990e+01
1426	-7.078174e+01
1427	-7.387489e+01
1428	-6.879179e+01
1429	-7.186165e+01
1430	-7.781745e+01
1431	-7.444147e+01
1432	-7.077760e+01
1433	-7.321938e+01
1434	-7.166744e+01
1435	-7.156050e+01
1436	-7.441759e+01
1437	-7.231764e+01
1438	-7.468997e+01
1439	-7.412025e+01
1440	-7.568084e+01
1441	-7.110571e+01
1442	-7.158856e+01
1443	-7.416033e+01
1444	-7.290035e+01
1445	-7.166159e+01
1446	-7.628177e+01
1447	-7.243091e+01
1448	-7.099297e+01
1449	-7.459248e+01
1450	-7.463144e+01
1451	-7.223965e+01
1452	-7.370194e+01
1453	-7.031664e+01
1454	-7.314365e+01
1455	-7.626529e+01
1456	-7.497883e+01
1457	-7.240916e+01
1458	-7.458271e+01
1459	-7.213264e+01
1460	-7.255958e+01
1461	-7.252386e+01
1462	-7.302525e+01
1463	-7.421398e+01
1464	-7.259005e+01
1465	-7.804826e+01
1466	-7.207945e+01
1467	-7.294887e+01
1468	-7.046289e+01
1469	-7.273007e+01
1470	-7.202632e+01
1471	-7.077915e+01
1472	-7.413553e+01
1473	-7.720930e+01
1474	-7.798703e+01
1475	-7.331521e+01
1476	-7.581209e+01
1477	-7.171483e+01
1478	-7.325940e+01
1479	-6.799366e+01
1480	-7.491114e+01
1481	-7.427983e+01
1482	-7.609485e+01
1483	-7.241029e+01
1484	-7.386589e+01
1485	-7.350243e+01
1486	-7.452180e+01
1487	-7.225278e+01
1488	-7.218012e+01
1489	-7.146083e+01
1490	-7.247888e+01
1491	-7.291684e+01
1492	-6.864694e+01
1493	-7.423031e+01
1494	-7.277299e+01
1495	-7.143383e+01
1496	-7.338394e+01
1497	-7.262284e+01
1498	-7.380555e+01
1499	-7.477395e+01
1500	-7.467841e+01
1501	-7.387512e+01
1502	-7.246010e+01
1503	-7.170873e+01
1504	-7.174609e+01
1505	-7.422405e+01
1506	-7.405831e+01
1507	-7.480402e+01
1508	-7.032241e+01
1509	-7.537518e+01
1510	-7.397668e+01
1511	-7.804077e+01
1512	-7.261415e+01
1513	-7.012473e+01
1514	-7.097396e+01
1515	-7.476484e+01
1516	-7.472876e+01
1517	-7.298324e+01
1518	-7.407445e+01
1519	-7.524786e+01
1520	-7.329891e+01
1521	-6.831512e+01
1522	-7.124583e+01
1523	-7.536859e+01
1524	-7.461103e+01
1525	-7.674959e+01
1526	-7.038683e+01
1527	-7.084214e+01
1528	-7.600743e+01
1529	-7.054903e+01
1530	-6.821852e+01
1531	-7.379587e+01
1532	-7.126948e+01
1533	-7.838868e+01
1534	-7.482215e+01
1535	-7.388525e+01
1536	-7.563884e+01
1537	-7.396397e+01
1538	-7.359576e+01
1539	-7.208718e+01
1540	-7.140486e+01
1541	-7.254813e+01
1542	-7.241200e+01
1543	-7.386433e+01
1544	-7.180281e+01
1545	-7.579070e+01
1546	-7.231108e+01
1547	-7.441653e+01
1548	-7.044167e+01
1549	-6.964806e+01
1550	-7.663220e+01
1551	-7.369741e+01
1552	-7.333180e+01
1553	-7.079622e+01
1554	-7.559994e+01
1555	-7.549070e+01
1556	-7.255334e+01
1557	-7.474747e+01
1558	-7.366394e+01
1559	-7.636490e+01
1560	-6.980106e+01
1561	-7.592561e+01
1562	-7.208022e+01
1563	-7.257010e+01
1564	-7.327487e+01
1565	-7.466990e+01
1566	-7.267949e+01
1567	-7.377277e+01
1568	-7.341720e+01
1569	-7.107487e+01
1570	-7.564423e+01
1571	-7.739433e+01
1572	-7.092642e+01
1573	-7.387264e+01
1574	-7.263831e+01
1575	-7.175913e+01
1576	-7.151416e+01
1577	-7.387360e+01
1578	-7.179568e+01
1579	-7.490562e+01
1580	-7.420705e+01
1581	-7.388290e+01
1582	-7.256827e+01
1583	-7.298298e+01
1584	-7.112650e+01
1585	-7.724417e+01
1586	-7.331224e+01
1587	-7.636634e+01
1588	-7.447130e+01
1589	-7.134483e+01
1590	-7.165303e+01
1591	-7.374060e+01
1592	-7.685006e+01
1593	-7.523310e+01
1594	-7.412687e+01
1595	-7.224650e+01
1596	-7.730394e+01
1597	-7.161192e+01
1598	-7.431099e+01
1599	-6.980283e+01
1600	-7.269563e+01
1601	-6.937434e+01
1602	-7.155302e+01
1603	-7.339257e+01
1604	-7.467240e+01
1605	-7.371461e+01
1606	-7.093583e+01
1607	-7.181421e+01
1608	-7.436708e+01
1609	-7.747102e+01
1610	-7.114604e+01
1611	-7.368074e+01
1612	-7.263359e+01
1613	-7.369981e+01
1614	-7.398527e+01
1615	-7.645091e+01
1616	-7.184820e+01
1617	-7.725350e+01
1618	-7.323119e+01
1619	-7.085135e+01
1620	-7.448750e+01
1621	-7.588751e+01
1622	-6.962643e+01
1623	-7.333967e+01
1624	-7.147125e+01
1625	-7.364158e+01
1626	-7.323967e+01
1627	-7.487399e+01
1628	-7.293232e+01
1629	-7.172568e+01
1630	-7.521461e+01
1631	-7.000298e+01
1632	-7.496378e+01
1633	-6.892175e+01
1634	-7.067811e+01
1635	-7.379782e+01
1636	-7.786731e+01
1637	-7.448367e+01
1638	-7.836503e+01
1639	-7.224059e+01
1640	-7.298342e+01
1641	-7.452372e+01
1642	-7.302093e+01
1643	-7.312883e+01
1644	-7.204343e+01
1645	-7.409555e+01
1646	-7.348721e+01
1647	-7.349577e+01
1648	-7.668951e+01
1649	-6.890866e+01
1650	-7.429259e+01
1651	-7.361264e+01
1652	-7.498624e+01
1653	-7.545792e+01
1654	-7.637902e+01
1655	-7.056379e+01
1656	-7.330517e+01
1657	-7.011166e+01
1658	-7.306120e+01
1659	-7.653528e+01
1660	-7.865443e+01
1661	-7.593624e+01
1662	-7.107424e+01
1663	-7.362639e+01
1664	-7.358917e+01
1665	-7.066189e+01
1666	-7.438933e+01
1667	-7.260092e+01
1668	-7.136905e+01
1669	-6.942473e+01
1670	-7.177964e+01
1671	-7.501416e+01
1672	-7.004347e+01
1673	-7.148510e+01
1674	-7.346075e+01
1675	-7.754538e+01
1676	-7.192786e+01
1677	-7.198539e+01
1678	-7.218091e+01
1679	-7.019378e+01
1680	-7.100983e+01
1681	-7.485105e+01
1682	-7.434372e+01
1683	-7.450974e+01
1684	-7.547122e+01
1685	-7.174506e+01
1686	-7.358597e+01
1687	-7.616647e+01
1688	-6.971485e+01
1689	-7.533411e+01
1690	-7.588027e+01
1691	-7.295179e+01
1692	-7.532047e+01
1693	-7.529096e+01
1694	-7.155246e+01
1695	-7.248124e+01
1696	-7.881621e+01
1697	-7.598197e+01
1698	-7.505958e+01
1699	-7.656205e+01
1700	-7.327014e+01
1701	-7.441668e+01
1702	-7.245279e+01
1703	-7.126891e+01
1704	-7.431918e+01
1705	-7.501345e+01
1706	-7.250854e+01
1707	-7.348567e+01
1708	-7.503458e+01
1709	-7.548350e+01
1710	-7.608594e+01
1711	-7.572758e+01
1712	-7.513321e+01
1713	-7.738597e+01
1714	-7.448392e+01
1715	-7.608551e+01
1716	-7.450103e+01
1717	-7.173827e+01
1718	-7.665914e+01
1719	-7.007462e+01
1720	-7.228081e+01
1721	-7.390635e+01
1722	-7.263381e+01
1723	-7.339330e+01
1724	-7.141168e+01
1725	-7.153447e+01
1726	-7.522562e+01
1727	-7.336389e+01
1728	-7.447568e+01
1729	-7.329013e+01
1730	-7.180447e+01
1731	-7.332906e+01
1732	-7.418792e+01
1733	-7.040391e+01
1734	-7.488331e+01
1735	-7.437130e+01
1736	-6.790106e+01
1737	-7.340126e+01
1738	-7.047128e+01
1739	-7.359901e+01
1740	-7.321276e+01
1741	-7.462442e+01
1742	-7.680606e+01
1743	-7.168618e+01
1744	-7.791277e+01
1745	-7.464912e+01
1746	-7.314648e+01
1747	-7.863166e+01
1748	-7.412347e+01
1749	-7.428314e+01
1750	-7.088185e+01
1751	-7.495545e+01
1752	-7.697707e+01
1753	-7.531580e+01
1754	-7.390911e+01
1755	-7.525086e+01
1756	-6.972736e+01
1757	-7.275435e+01
1758	-7.350612e+01
1759	-7.033917e+01
1760	-7.581920e+01
1761	-7.600372e+01
1762	-7.198844e+01
1763	-7.192266e+01
1764	-7.264012e+01
1765	-7.493907e+01
1766	-7.533456e+01
1767	-7.395450e+01
1768	-7.233314e+01
1769	-7.215413e+01
1770	-7.377059e+01
1771	-7.005198e+01
1772	-7.290367e+01
1773	-7.377270e+01
1774	-7.239011e+01
1775	-7.712557e+01
1776	-7.673275e+01
1777	-7.058236e+01
1778	-7.605384e+01
1779	-7.485809e+01
1780	-7.249429e+01
1781	-7.437425e+01
1782	-7.192765e+01
1783	-7.134433e+01
1784	-7.147517e+01
1785	-7.080146e+01
1786	-7.539780e+01
1787	-7.192957e+01
1788	-7.491045e+01
1789	-7.540333e+01
1790	-7.339566e+01
1791	-7.446045e+01
1792	-7.738835e+01
1793	-7.160216e+01
1794	-7.129317e+01
1795	-7.365706e+01
1796	-7.274178e+01
1797	-7.521016e+01
1798	-7.123405e+01
1799	-7.684805e+01
1800	-7.259739e+01
1801	-7.557521e+01
1802	-7.514638e+01
1803	-7.202292e+01
1804	-7.730193e+01
1805	-7.308950e+01
1806	-7.184741e+01
1807	-7.513673e+01
1808	-7.251594e+01
1809	-7.412089e+01
1810	-7.362044e+01
1811	-7.161357e+01
1812	-7.708033e+01
1813	-7.508106e+01
1814	-7.812275e+01
1815	-7.343100e+01
1816	-7.615220e+01
1817	-7.316531e+01
1818	-7.697589e+01
1819	-7.479853e+01
1820	-7.713027e+01
1821	-7.265788e+01
1822	-7.270886e+01
1823	-7.129733e+01
1824	-7.182062e+01
1825	-7.016604e+01
1826	-7.306485e+01
1827	-7.004881e+01
1828	-7.171415e+01
1829	-7.280254e+01
1830	-7.385908e+01
1831	-7.275073e+01
1832	-7.455099e+01
1833	-7.206456e+01
1834	-6.864828e+01
1835	-7.377232e+01
1836	-7.055176e+01
1837	-7.226786e+01
1838	-7.181409e+01
1839	-7.132620e+01
1840	-7.294698e+01
1841	-7.428468e+01
1842	-7.270740e+01
1843	-7.526582e+01
1844	-7.186312e+01
1845	-7.151917e+01
1846	-7.248425e+01
1847	-7.166164e+01
1848	-7.660080e+01
1849	-7.419954e+01
1850	-7.196051e+01
1851	-7.473511e+01
1852	-7.267438e+01
1853	-6.935208e+01
1854	-7.860789e+01
1855	-7.630831e+01
1856	-6.976030e+01
1857	-6.942899e+01
1858	-7.182578e+01
1859	-7.685300e+01
1860	-7.433866e+01
1861	-7.395040e+01
1862	-7.134432e+01
1863	-7.173525e+01
1864	-7.239348e+01
1865	-7.503757e+01
1866	-7.512138e+01
1867	-7.445785e+01
1868	-7.082775e+01
1869	-7.433602e+01
1870	-6.997630e+01
1871	-7.474706e+01
1872	-7.455639e+01
1873	-7.312988e+01
1874	-7.169100e+01
1875	-7.213544e+01
1876	-7.046614e+01
1877	-6.762337e+01
1878	-7.681049e+01
1879	-7.686362e+01
1880	-7.061531e+01
1881	-6.987858e+01
1882	-7.452572e+01
1883	-7.190038e+01
1884	-6.988062e+01
1885	-7.590586e+01
1886	-7.611106e+01
1887	-7.615457e+01
1888	-7.593470e+01
1889	-7.221684e+01
1890	-7.214469e+01
1891	-7.269096e+01
1892	-7.385695e+01
1893	-7.324530e+01
1894	-7.317967e+01
1895	-7.151566e+01
1896	-7.260092e+01
1897	-7.674060e+01
1898	-7.492626e+01
1899	-7.313335e+01
1900	-7.304106e+01
1901	-6.914637e+01
1902	-7.196465e+01
1903	-7.162554e+01
1904	-7.557798e+01
1905	-7.653695e+01
1906	-7.416191e+01
1907	-7.199235e+01
1908	-7.129801e+01
1909	-7.261810e+01
1910	-7.415289e+01
1911	-7.369510e+01
1912	-7.667744e+01
1913	-7.380410e+01
1914	-7.313893e+01
1915	-7.411479e+01
1916	-7.196768e+01
1917	-7.174173e+01
1918	-7.435728e+01
1919	-7.014146e+01
1920	-6.995097e+01
1921	-7.260143e+01
1922	-7.254015e+01
1923	-7.224234e+01
1924	-7.286675e+01
1925	-7.374879e+01
1926	-7.365086e+01
1927	-7.318087e+01
1928	-7.678179e+01
1929	-7.094009e+01
1930	-7.258503e+01
1931	-7.681383e+01
1932	-7.107777e+01
1933	-7.307526e+01
1934	-7.271380e+01
1935	-7.688055e+01
1936	-7.360807e+01
1937	-7.363899e+01
1938	-7.503893e+01
1939	-7.458591e+01
1940	-7.407191e+01
1941	-7.420811e+01
1942	-7.184853e+01
1943	-7.560659e+01
1944	-7.362102e+01
1945	-7.141548e+01
1946	-7.314742e+01
1947	-7.723916e+01
1948	-7.161051e+01
1949	-7.786366e+01
1950	-7.465119e+01
1951	-7.278162e+01
1952	-6.884309e+01
1953	-7.627699e+01
1954	-7.424917e+01
1955	-7.124151e+01
1956	-7.502339e+01
1957	-7.530111e+01
1958	-7.193247e+01
1959	-7.295480e+01
1960	-7.138418e+01
1961	-7.400575e+01
1962	-7.472432e+01
1963	-7.597450e+01
1964	-7.336921e+01
1965	-7.637490e+01
1966	-7.233985e+01
1967	-7.168793e+01
1968	-7.340945e+01
1969	-7.198702e+01
1970	-7.445532e+01
1971	-7.410419e+01
1972	-7.484146e+01
1973	-7.284604e+01
1974	-7.180167e+01
1975	-7.561659e+01
1976	-7.409036e+01
1977	-7.221922e+01
1978	-6.911229e+01
1979	-7.298715e+01
1980	-7.267019e+01
1981	-7.611298e+01
1982	-7.284747e+01
1983	-7.504658e+01
1984	-7.391404e+01
1985	-7.279556e+01
1986	-7.184329e+01
1987	-7.234011e+01
1988	-7.205445e+01
1989	-7.478102e+01
1990	-7.349434e+01
1991	-7.388465e+01
1992	-6.981509e+01
1993	-7.168660e+01
1994	-7.340309e+01
1995	-7.402697e+01
1996	-7.703216e+01
1997	-7.307911e+01
1998	-7.696691e+01
1999	-7.675176e+01
2000	-7.293074e+01
2001	-7.453077e+01
2002	-7.703785e+01
2003	-7.653346e+01
2004	-7.250930e+01
2005	-7.601325e+01
2006	-7.455134e+01
2007	-7.182016e+01
2008	-7.216242e+01
2009	-7.258475e+01
2010	-7.454632e+01
2011	-7.421328e+01
2012	-7.205346e+01
2013	-7.081240e+01
2014	-7.102904e+01
2015	-7.526557e+01
2016	-7.272118e+01
2017	-7.548473e+01
2018	-6.889697e+01
2019	-7.209609e+01
2020	-7.373451e+01
2021	-7.387914e+01
2022	-6.950416e+01
2023	-7.309936e+01
2024	-7.455002e+01
2025	-7.307234e+01
2026	-7.183701e+01
2027	-6.947494e+01
2028	-7.619679e+01
2029	-7.475740e+01
2030	-7.374405e+01
2031	-7.331867e+01
2032	-7.294855e+01
2033	-7.130912e+01
2034	-7.505444e+01
2035	-7.171005e+01
2036	-7.809639e+01
2037	-7.424577e+01
2038	-6.943542e+01
2039	-7.680287e+01
2040	-7.090138e+01
2041	-7.349211e+01
2042	-7.169610e+01
2043	-7.368217e+01
2044	-7.115223e+01
2045	-7.373307e+01
2046	-7.401338e+01
2047	-7.598149e+01
2048	-7.694585e+01
2049	-7.317502e+01
2050	-7.357348e+01
2051	-7.448599e+01
2052	-7.169873e+01
2053	-7.437228e+01
2054	-7.474891e+01
2055	-7.172160e+01
2056	-7.309409e+01
2057	-7.658945e+01
2058	-7.405639e+01
2059	-7.252661e+01
2060	-7.146457e+01
2061	-7.467835e+01
2062	-7.482003e+01
2063	-7.278828e+01
2064	-7.211779e+01
2065	-7.750270e+01
2066	-7.312440e+01
2067	-7.418027e+01
2068	-6.969108e+01
2069	-7.382106e+01
2070	-7.191210e+01
2071	-7.346650e+01
2072	-7.511808e+01
2073	-7.109785e+01
2074	-7.221678e+01
2075	-7.395725e+01
2076	-7.445688e+01
2077	-7.132766e+01
2078	-7.222473e+01
2079	-7.483005e+01
2080	-7.109509e+01
2081	-6.872313e+01
2082	-7.432816e+01
2083	-7.056595e+01
2084	-7.253037e+01
2085	-7.432464e+01
2086	-7.460763e+01
2087	-7.135005e+01
2088	-7.391072e+01
2089	-7.391888e+01
2090	-7.522066e+01
2091	-7.700819e+01
2092	-7.440757e+01
2093	-7.629387e+01
2094	-7.332043e+01
2095	-7.258879e+01
2096	-7.484110e+01
2097	-7.780588e+01
2098	-7.064926e+01
2099	-7.642059e+01
2100	-7.172356e+01
2101	-7.155736e+01
2102	-7.471648e+01
2103	-7.124550e+01
2104	-7.453468e+01
2105	-7.223207e+01
2106	-7.546690e+01
2107	-7.357012e+01
2108	-7.558425e+01
2109	-7.410259e+01
2110	-7.354900e+01
2111	-7.560070e+01
2112	-7.375748e+01
2113	-7.351674e+01
2114	-7.259465e+01
2115	-7.236409e+01
2116	-6.985481e+01
2117	-7.273864e+01
2118	-7.541376e+01
2119	-7.135111e+01
2120	-7.373859e+01
2121	-7.339288e+01
2122	-7.235438e+01
2123	-7.543264e+01
2124	-7.630763e+01
2125	-7.505980e+01
2126	-7.243081e+01
2127	-7.289025e+01
2128	-7.707688e+01
2129	-7.167403e+01
2130	-7.345035e+01
2131	-7.646399e+01
2132	-7.462237e+01
2133	-7.206011e+01
2134	-7.091821e+01
2135	-7.429108e+01
2136	-7.283414e+01
2137	-7.345002e+01
2138	-7.350728e+01
2139	-7.585916e+01
2140	-7.061234e+01
2141	-6.949327e+01
2142	-7.400586e+01
2143	-7.055524e+01
2144	-7.434866e+01
2145	-7.561700e+01
2146	-7.316923e+01
2147	-7.673760e+01
2148	-6.984916e+01
2149	-7.179322e+01
2150	-7.355153e+01
2151	-7.227443e+01
2152	-7.475193e+01
2153	-7.182419e+01
2154	-7.548773e+01
2155	-7.426844e+01
2156	-7.610000e+01
2157	-7.483713e+01
2158	-7.132538e+01
2159	-6.954349e+01
2160	-7.314588e+01
2161	-7.333374e+01
2162	-7.491944e+01
2163	-7.730058e+01
2164	-7.270458e+01
2165	-7.344889e+01
2166	-7.201059e+01
2167	-7.547041e+01
2168	-7.376819e+01
2169	-6.980569e+01
2170	-7.435835e+01
2171	-6.895347e+01
2172	-7.460693e+01
2173	-7.353917e+01
2174	-7.098160e+01
2175	-7.288591e+01
2176	-7.026009e+01
2177	-7.707595e+01
2178	-7.552237e+01
2179	-7.476822e+01
2180	-7.352285e+01
2181	-7.487703e+01
2182	-7.608157e+01
2183	-7.478432e+01
2184	-7.047228e+01
2185	-7.193759e+01
2186	-7.121882e+01
2187	-7.344781e+01
2188	-7.378822e+01
2189	-7.369401e+01
2190	-7.514882e+01
2191	-7.350487e+01
2192	-7.148122e+01
2193	-7.605002e+01
2194	-7.545933e+01
2195	-7.131235e+01
2196	-7.147567e+01
2197	-7.254646e+01
2198	-7.655489e+01
2199	-7.502761e+01
2200	-7.124053e+01
2201	-7.507555e+01
2202	-7.231215e+01
2203	-7.494356e+01
2204	-7.700097e+01
2205	-7.256225e+01
2206	-7.120457e+01
2207	-7.483608e+01
2208	-7.397581e+01
2209	-7.112456e+01
2210	-7.031766e+01
2211	-7.261095e+01
2212	-7.226144e+01
2213	-7.814350e+01
2214	-7.746253e+01
2215	-7.376432e+01
2216	-7.165256e+01
2217	-7.123723e+01
2218	-7.134874e+01
2219	-7.591509e+01
2220	-7.324806e+01
2221	-7.327202e+01
2222	-7.016421e+01
2223	-7.377874e+01
2224	-7.306335e+01
2225	-7.487630e+01
2226	-7.152772e+01
2227	-7.246037e+01
2228	-7.580253e+01
2229	-7.469368e+01
2230	-7.136148e+01
2231	-7.451289e+01
2232	-7.639655e+01
2233	-7.356870e+01
2234	-7.406620e+01
2235	-7.279306e+01
2236	-7.545006e+01
2237	-7.322864e+01
2238	-7.357345e+01
2239	-7.192241e+01
2240	-7.339427e+01
2241	-7.453799e+01
2242	-7.482317e+01
2243	-7.198748e+01
2244	-7.731818e+01
2245	-7.704302e+01
2246	-7.147392e+01
2247	-7.030097e+01
2248	-6.732799e+01
2249	-7.692533e+01
2250	-7.345643e+01
2251	-7.558460e+01
2252	-7.270421e+01
2253	-7.510869e+01
2254	-7.609497e+01
2255	-6.897598e+01
2256	-7.358800e+01
2257	-7.255903e+01
2258	-7.419995e+01
2259	-7.055182e+01
2260	-7.483811e+01
2261	-7.355934e+01
2262	-7.298371e+01
2263	-7.273613e+01
2264	-7.267242e+01
2265	-6.925755e+01
2266	-7.550257e+01
2267	-7.314171e+01
2268	-7.757630e+01
2269	-7.382840e+01
2270	-7.282601e+01
2271	-6.930523e+01
2272	-7.113151e+01
2273	-7.042925e+01
2274	-7.539713e+01
2275	-7.140474e+01
2276	-7.091006e+01
2277	-7.671414e+01
2278	-7.725718e+01
2279	-6.825409e+01
2280	-7.190778e+01
2281	-7.633651e+01
2282	-7.279205e+01
2283	-7.439498e+01
2284	-7.509073e+01
2285	-7.471201e+01
2286	-7.167182e+01
2287	-7.383937e+01
2288	-7.097206e+01
2289	-7.559270e+01
2290	-7.340339e+01
2291	-7.162766e+01
2292	-7.225682e+01
2293	-7.218884e+01
2294	-8.052701e+01
2295	-7.280253e+01
2296	-7.178222e+01
2297	-7.557529e+01
2298	-7.057427e+01
2299	-7.399122e+01
2300	-7.546755e+01
2301	-7.209456e+01
2302	-7.217868e+01
2303	-7.278749e+01
2304	-7.161006e+01
2305	-7.174470e+01
2306	-7.212785e+01
2307	-7.435022e+01
2308	-7.471653e+01
2309	-7.605319e+01
2310	-7.180280e+01
2311	-7.038747e+01
2312	-7.387475e+01
2313	-7.315207e+01
2314	-7.410541e+01
2315	-7.568057e+01
2316	-7.129215e+01
2317	-7.249753e+01
2318	-7.627335e+01
2319	-7.287019e+01
2320	-7.327354e+01
2321	-7.465306e+01
2322	-7.123420e+01
2323	-7.273271e+01
2324	-7.399332e+01
2325	-7.602299e+01
2326	-7.576431e+01
2327	-7.483166e+01
2328	-7.289935e+01
2329	-7.140023e+01
2330	-7.579239e+01
2331	-7.628819e+01
2332	-7.535651e+01
2333	-7.483057e+01
2334	-7.613167e+01
2335	-7.613942e+01
2336	-7.034723e+01
2337	-7.028906e+01
2338	-7.150698e+01
2339	-7.470432e+01
2340	-7.430013e+01
2341	-7.368569e+01
2342	-7.444610e+01
2343	-7.454184e+01
2344	-7.384746e+01
2345	-7.110789e+01
2346	-7.217551e+01
2347	-7.300687e+01
2348	-7.409395e+01
2349	-7.310373e+01
2350	-7.294309e+01
2351	-7.594708e+01
2352	-7.202429e+01
2353	-6.877428e+01
2354	-7.434382e+01
2355	-7.492800e+01
2356	-7.570202e+01
2357	-7.223786e+01
2358	-7.209385e+01
2359	-7.118007e+01
2360	-7.019757e+01
2361	-7.007619e+01
2362	-7.501025e+01
2363	-7.663471e+01
2364	-7.263318e+01
2365	-7.436428e+01
2366	-7.448749e+01
2367	-7.392794e+01
2368	-7.317708e+01
2369	-7.269929e+01
2370	-7.162142e+01
2371	-7.322540e+01
2372	-7.067473e+01
2373	-7.304458e+01
2374	-7.406673e+01
2375	-7.131046e+01
2376	-7.353047e+01
2377	-7.384253e+01
2378	-7.560908e+01
2379	-7.221931e+01
2380	-7.492891e+01
2381	-7.145130e+01
2382	-7.471207e+01
2383	-7.448163e+01
2384	-7.209948e+01
2385	-7.327265e+01
2386	-7.240635e+01
2387	-7.366466e+01
2388	-7.377152e+01
2389	-7.506223e+01
2390	-7.332258e+01
2391	-7.361172e+01
2392	-6.898776e+01
2393	-7.168938e+01
2394	-7.316359e+01
2395	-7.456989e+01
2396	-7.578896e+01
2397	-7.450344e+01
2398	-7.418460e+01
2399	-7.515853e+01
2400	-7.736924e+01
2401	-7.343907e+01
2402	-7.216683e+01
2403	-6.960365e+01
2404	-7.234829e+01
2405	-7.238505e+01
2406	-7.185000e+01
2407	-7.487320e+01
2408	-7.446798e+01
2409	-7.246918e+01
2410	-7.227064e+01
2411	-6.981274e+01
2412	-7.016927e+01
2413	-7.300433e+01
2414	-7.319026e+01
2415	-7.397083e+01
2416	-7.429612e+01
2417	-7.311418e+01
2418	-7.246981e+01
2419	-7.307550e+01
2420	-7.379654e+01
2421	-7.221694e+01
2422	-7.748107e+01
2423	-7.543957e+01
2424	-7.232135e+01
2425	-7.466839e+01
2426	-7.019901e+01
2427	-7.148117e+01
2428	-7.595276e+01
2429	-7.440753e+01
2430	-7.096043e+01
2431	-7.453134e+01
2432	-7.595942e+01
2433	-7.040964e+01
2434	-7.407284e+01
2435	-7.400992e+01
2436	-7.288943e+01
2437	-7.425547e+01
2438	-7.193665e+01
2439	-7.485004e+01
2440	-7.520984e+01
2441	-7.330393e+01
2442	-7.464657e+01
2443	-7.144472e+01
2444	-7.531554e+01
2445	-7.374073e+01
2446	-7.264883e+01
2447	-7.266214e+01
2448	-7.257418e+01
2449	-7.514691e+01
2450	-7.606558e+01
2451	-7.571717e+01
2452	-7.218584e+01
2453	-7.165900e+01
2454	-7.112895e+01
2455	-7.367904e+01
2456	-7.297878e+01
2457	-7.456804e+01
2458	-7.285406e+01
2459	-7.446812e+01
2460	-7.522883e+01
2461	-6.925504e+01
2462	-7.344853e+01
2463	-7.180178e+01
2464	-7.117444e+01
2465	-7.544281e+01
2466	-7.749673e+01
2467	-7.520173e+01
2468	-7.215123e+01
2469	-7.591313e+01
2470	-7.608189e+01
2471	-7.491675e+01
2472	-7.386904e+01
2473	-7.745385e+01
2474	-7.502562e+01
2475	-7.502587e+01
2476	-7.400116e+01
2477	-7.123025e+01
2478	-7.384645e+01
2479	-7.490149e+01
2480	-7.472148e+01
2481	-7.237501e+01
2482	-7.416269e+01
2483	-7.469370e+01
2484	-7.568813e+01
2485	-7.305142e+01
2486	-7.462152e+01
2487	-7.307970e+01
2488	-7.676179e+01
2489	-7.609629e+01
2490	-7.224584e+01
2491	-7.041371e+01
2492	-7.387322e+01
2493	-7.073683e+01
2494	-7.465712e+01
2495	-7.262873e+01
2496	-7.256692e+01
2497	-7.027207e+01
2498	-7.278214e+01
2499	-7.345529e+01
2500	-7.206129e+01
2501	-7.430422e+01
2502	-7.484122e+01
2503	-7.154207e+01
2504	-7.032279e+01
2505	-7.129618e+01
2506	-7.322279e+01
2507	-7.453965e+01
2508	-7.126999e+01
2509	-7.304470e+01
2510	-7.247368e+01
2511	-7.138958e+01
2512	-7.274819e+01
2513	-7.176422e+01
2514	-7.553854e+01
2515	-6.967938e+01
2516	-7.277641e+01
2517	-7.282897e+01
2518	-7.583042e+01
2519	-7.569924e+01
2520	-7.201220e+01
2521	-7.460990e+01
2522	-7.202438e+01
2523	-7.652617e+01
2524	-7.298204e+01
2525	-7.269282e+01
2526	-7.339219e+01
2527	-7.495270e+01
2528	-7.268485e+01
2529	-7.408822e+01
2530	-7.349332e+01
2531	-7.488597e+01
2532	-7.016073e+01
2533	-7.102400e+01
2534	-7.411405e+01
2535	-6.842345e+01
2536	-6.872957e+01
2537	-7.137602e+01
2538	-7.154214e+01
2539	-7.187574e+01
2540	-6.984375e+01
2541	-7.573811e+01
2542	-7.321653e+01
2543	-7.399683e+01
2544	-7.255705e+01
2545	-7.399557e+01
2546	-7.320749e+01
2547	-7.444992e+01
2548	-7.291787e+01
2549	-7.357528e+01
2550	-7.031504e+01
2551	-7.176078e+01
2552	-7.601778e+01
2553	-7.323870e+01
2554	-7.419292e+01
2555	-7.301411e+01
2556	-6.861482e+01
2557	-7.367252e+01
2558	-7.211885e+01
2559	-7.492419e+01
2560	-7.350047e+01
2561	-7.075608e+01
2562	-7.202452e+01
2563	-7.359468e+01
2564	-7.274663e+01
2565	-7.284049e+01
2566	-7.095928e+01
2567	-7.120951e+01
2568	-6.992122e+01
2569	-7.080522e+01
2570	-7.206305e+01
2571	-7.205359e+01
2572	-7.757703e+01
2573	-7.276984e+01
2574	-7.045412e+01
2575	-7.452515e+01
2576	-7.452220e+01
2577	-6.866634e+01
2578	-7.703080e+01
2579	-7.265602e+01
2580	-7.350049e+01
2581	-7.359093e+01
2582	-7.577772e+01
2583	-7.276503e+01
2584	-7.392792e+01
2585	-7.123921e+01
2586	-7.553726e+01
2587	-7.604952e+01
2588	-7.150883e+01
2589	-7.270853e+01
2590	-6.747327e+01
2591	-7.225947e+01
2592	-7.128711e+01
2593	-7.317110e+01
2594	-7.392689e+01
2595	-7.783745e+01
2596	-7.350999e+01
2597	-7.619123e+01
2598	-7.277771e+01
2599	-7.258292e+01
2600	-7.211654e+01
2601	-7.520774e+01
2602	-6.988008e+01
2603	-7.060847e+01
2604	-7.485600e+01
2605	-7.554557e+01
2606	-7.346936e+01
2607	-7.073816e+01
2608	-7.639507e+01
2609	-7.181779e+01
2610	-7.135171e+01
2611	-7.318355e+01
2612	-7.436344e+01
2613	-7.683573e+01
2614	-7.502007e+01
2615	-7.726339e+01
2616	-7.347469e+01
2617	-7.112383e+01
2618	-7.410659e+01
2619	-7.465350e+01
2620	-7.344933e+01
2621	-7.276547e+01
2622	-7.518590e+01
2623	-7.334136e+01
2624	-7.204566e+01
2625	-7.542525e+01
2626	-7.352003e+01
2627	-7.387592e+01
2628	-7.342540e+01
2629	-6.938456e+01
2630	-7.370261e+01
2631	-7.518389e+01
2632	-7.263362e+01
2633	-7.617557e+01
2634	-7.130181e+01
2635	-7.284678e+01
2636	-7.223981e+01
2637	-7.490851e+01
2638	-7.254007e+01
2639	-7.254212e+01
2640	-7.103219e+01
2641	-7.348070e+01
2642	-7.419709e+01
2643	-7.105134e+01
2644	-7.638029e+01
2645	-7.629011e+01
2646	-7.466706e+01
2647	-7.588125e+01
2648	-7.425029e+01
2649	-7.416114e+01
2650	-7.357978e+01
2651	-7.235824e+01
2652	-7.330447e+01
2653	-7.351385e+01
2654	-7.172938e+01
2655	-7.163294e+01
2656	-7.556126e+01
2657	-7.486933e+01
2658	-7.330267e+01
2659	-7.287929e+01
2660	-7.198956e+01
2661	-7.232541e+01
2662	-7.613410e+01
2663	-7.373011e+01
2664	-7.279684e+01
2665	-7.383021e+01
2666	-7.259098e+01
2667	-7.561520e+01
2668	-7.126008e+01
2669	-7.434053e+01
2670	-7.538448e+01
2671	-7.347716e+01
2672	-7.062512e+01
2673	-7.699317e+01
2674	-7.170683e+01
2675	-7.132205e+01
2676	-7.491834e+01
2677	-7.544992e+01
2678	-7.369008e+01
2679	-7.262506e+01
2680	-7.509333e+01
2681	-7.020390e+01
2682	-7.305758e+01
2683	-7.212442e+01
2684	-7.269231e+01
2685	-7.555910e+01
2686	-7.730905e+01
2687	-6.869730e+01
2688	-7.235651e+01
2689	-7.364468e+01
2690	-7.448106e+01
2691	-7.605295e+01
2692	-7.479419e+01
2693	-7.415014e+01
2694	-7.237968e+01
2695	-7.481939e+01
2696	-7.437239e+01
2697	-7.618840e+01
2698	-7.169451e+01
2699	-7.292233e+01
2700	-7.342969e+01
2701	-7.187191e+01
2702	-7.260449e+01
2703	-7.697671e+01
2704	-7.178255e+01
2705	-7.409108e+01
2706	-7.697979e+01
2707	-7.213610e+01
2708	-7.177893e+01
2709	-7.620027e+01
2710	-7.537982e+01
2711	-6.893692e+01
2712	-7.472996e+01
2713	-7.396298e+01
2714	-7.030506e+01
2715	-7.320117e+01
2716	-7.182170e+01
2717	-7.254767e+01
2718	-7.152907e+01
2719	-6.966962e+01
2720	-7.419062e+01
2721	-7.402245e+01
2722	-7.320963e+01
2723	-7.541294e+01
2724	-7.338728e+01
2725	-7.022862e+01
2726	-7.597087e+01
2727	-7.379020e+01
2728	-7.178341e+01
2729	-7.213846e+01
2730	-7.152287e+01
2731	-7.481416e+01
2732	-7.255965e+01
2733	-7.592595e+01
2734	-7.459489e+01
2735	-7.309062e+01
2736	-7.479367e+01
2737	-7.081631e+01
2738	-7.378663e+01
2739	-7.250493e+01
2740	-7.429734e+01
2741	-6.922518e+01
2742	-7.585181e+01
2743	-7.744243e+01
2744	-7.380415e+01
2745	-7.354167e+01
2746	-7.187615e+01
2747	-7.245626e+01
2748	-7.419352e+01
2749	-7.271792e+01
2750	-7.578898e+01
2751	-7.473409e+01
2752	-7.375690e+01
2753	-7.229129e+01
2754	-7.198494e+01
2755	-7.268513e+01
2756	-7.398119e+01
2757	-7.550870e+01
2758	-7.169368e+01
2759	-7.209834e+01
2760	-6.914385e+01
2761	-7.369057e+01
2762	-7.012091e+01
2763	-7.255940e+01
2764	-7.076369e+01
2765	-7.262943e+01
2766	-7.387170e+01
2767	-7.242124e+01
2768	-7.222036e+01
2769	-7.616849e+01
2770	-7.482847e+01
2771	-7.298366e+01
2772	-7.719325e+01
2773	-7.316345e+01
2774	-7.731628e+01
2775	-7.435418e+01
2776	-7.328688e+01
2777	-7.530403e+01
2778	-7.523569e+01
2779	-7.499034e+01
2780	-7.351404e+01
2781	-7.021846e+01
2782	-7.313283e+01
2783	-7.531871e+01
2784	-7.426665e+01
2785	-7.593506e+01
2786	-7.391065e+01
2787	-7.201798e+01
2788	-7.590645e+01
2789	-7.173144e+01
2790	-7.417201e+01
2791	-7.510121e+01
2792	-7.287989e+01
2793	-7.297546e+01
2794	-7.563640e+01
2795	-7.169453e+01
2796	-7.439155e+01
2797	-7.471411e+01
2798	-7.144200e+01
2799	-7.529434e+01
2800	-7.613187e+01
2801	-7.064049e+01
2802	-7.652449e+01
2803	-7.321884e+01
2804	-6.992939e+01
2805	-7.006487e+01
2806	-7.370491e+01
2807	-7.204973e+01
2808	-7.075478e+01
2809	-7.328213e+01
2810	-7.685575e+01
2811	-7.347910e+01
2812	-7.441697e+01
2813	-7.329885e+01
2814	-7.455460e+01
2815	-7.782402e+01
2816	-7.182568e+01
2817	-7.151537e+01
2818	-7.157513e+01
2819	-6.655056e+01
2820	-7.368556e+01
2821	-7.757655e+01
2822	-7.287071e+01
2823	-7.405170e+01
2824	-7.341899e+01
2825	-7.389938e+01
2826	-7.381442e+01
2827	-7.315736e+01
2828	-7.620930e+01
2829	-7.417559e+01
2830	-7.313144e+01
2831	-7.355819e+01
2832	-7.811446e+01
2833	-7.178846e+01
2834	-7.043779e+01
2835	-6.965681e+01
2836	-7.849573e+01
2837	-7.093813e+01
2838	-7.508166e+01
2839	-7.331110e+01
2840	-7.340820e+01
2841	-6.978142e+01
2842	-7.356109e+01
2843	-7.684011e+01
2844	-7.723558e+01
2845	-7.332091e+01
2846	-7.329131e+01
2847	-7.687950e+01
2848	-7.428351e+01
2849	-7.538222e+01
2850	-6.688231e+01
2851	-7.175776e+01
2852	-7.429274e+01
2853	-7.482529e+01
2854	-7.326957e+01
2855	-7.235851e+01
2856	-7.406345e+01
2857	-7.352117e+01
2858	-7.319915e+01
2859	-7.499914e+01
2860	-7.412936e+01
2861	-7.343218e+01
2862	-7.352681e+01
2863	-7.310988e+01
2864	-6.985999e+01
2865	-7.490387e+01
2866	-7.151550e+01
2867	-7.510392e+01
2868	-6.917870e+01
2869	-7.337872e+01
2870	-7.060170e+01
2871	-7.247680e+01
2872	-7.425822e+01
2873	-7.596385e+01
2874	-7.076143e+01
2875	-7.365147e+01
2876	-7.392008e+01
2877	-7.583092e+01
2878	-7.029899e+01
2879	-7.445983e+01
2880	-6.963539e+01
2881	-7.421705e+01
2882	-7.194263e+01
2883	-7.433952e+01
2884	-7.116551e+01
2885	-7.055910e+01
2886	-7.485420e+01
2887	-7.042632e+01
2888	-7.448897e+01
2889	-7.190085e+01
2890	-7.712547e+01
2891	-7.115613e+01
2892	-7.451213e+01
2893	-7.295505e+01
2894	-7.134724e+01
2895	-7.702280e+01
2896	-7.453696e+01
2897	-7.197251e+01
2898	-7.383165e+01
2899	-7.503554e+01
2900	-7.387102e+01
2901	-7.385282e+01
2902	-7.183784e+01
2903	-7.597505e+01
2904	-7.222406e+01
2905	-6.772257e+01
2906	-7.706345e+01
2907	-7.519342e+01
2908	-7.440751e+01
2909	-7.274092e+01
2910	-7.585260e+01
2911	-7.473290e+01
2912	-7.690852e+01
2913	-7.188050e+01
2914	-7.228745e+01
2915	-7.371861e+01
2916	-7.375171e+01
2917	-7.503914e+01
2918	-7.062257e+01
2919	-7.263180e+01
2920	-7.335898e+01
2921	-7.219167e+01
2922	-7.406005e+01
2923	-7.131290e+01
2924	-7.914411e+01
2925	-7.660469e+01
2926	-7.243066e+01
2927	-7.500494e+01
2928	-7.114039e+01
2929	-7.224161e+01
2930	-7.144224e+01
2931	-7.275077e+01
2932	-7.312518e+01
2933	-7.352403e+01
2934	-7.486630e+01
2935	-7.355846e+01
2936	-7.422032e+01
2937	-7.458770e+01
2938	-7.626520e+01
2939	-7.338326e+01
2940	-7.188515e+01
2941	-7.486434e+01
2942	-7.274277e+01
2943	-7.773779e+01
2944	-7.337462e+01
2945	-7.495866e+01
2946	-7.156932e+01
2947	-7.180553e+01
2948	-7.206187e+01
2949	-7.501257e+01
2950	-7.128186e+01
2951	-7.555239e+01
2952	-7.683609e+01
2953	-7.180898e+01
2954	-7.543446e+01
2955	-7.099829e+01
2956	-7.221498e+01
2957	-7.376659e+01
2958	-7.499588e+01
2959	-7.401080e+01
2960	-7.205891e+01
2961	-7.489522e+01
2962	-7.475365e+01
2963	-7.143293e+01
2964	-7.048617e+01
2965	-7.292698e+01
2966	-7.361818e+01
2967	-7.139256e+01
2968	-7.245953e+01
2969	-7.759692e+01
2970	-7.442456e+01
2971	-7.355491e+01
2972	-6.966294e+01
2973	-7.238057e+01
2974	-6.974290e+01
2975	-7.187739e+01
2976	-7.432148e+01
2977	-6.979060e+01
2978	-7.802240e+01
2979	-7.456281e+01
2980	-7.416900e+01
2981	-7.657480e+01
2982	-7.333476e+01
2983	-7.721088e+01
2984	-7.444706e+01
2985	-7.459582e+01
2986	-7.628427e+01
2987	-7.190808e+01
2988	-7.235817e+01
2989	-7.354052e+01
2990	-7.262921e+01
2991	-7.120393e+01
2992	-7.208292e+01
2993	-7.143179e+01
2994	-7.492014e+01
2995	-7.357394e+01
2996	-7.150238e+01
2997	-7.218351e+01
2998	-7.269784e+01
2999	-7.782900e+01
3000	-7.207500e+01
3001	-7.325946e+01
3002	-7.326110e+01
3003	-7.585864e+01
3004	-7.344355e+01
3005	-7.388608e+01
3006	-7.415608e+01
3007	-7.495150e+01
3008	-6.962745e+01
3009	-7.460091e+01
3010	-7.240344e+01
3011	-7.464937e+01
3012	-7.484062e+01
3013	-7.110022e+01
3014	-7.478904e+01
3015	-7.628050e+01
3016	-7.171781e+01
3017	-7.010837e+01
3018	-7.230367e+01
3019	-7.499129e+01
3020	-7.131185e+01
3021	-6.962327e+01
3022	-7.385823e+01
3023	-7.573560e+01
3024	-7.311172e+01
3025	-6.899952e+01
3026	-7.253650e+01
3027	-7.438411e+01
3028	-7.218113e+01
3029	-7.457125e+01
3030	-7.350700e+01
3031	-7.381303e+01
3032	-7.517191e+01
3033	-7.271148e+01
3034	-7.345087e+01
3035	-7.743596e+01
3036	-7.490363e+01
3037	-7.609590e+01
3038	-7.354689e+01
3039	-7.280882e+01
3040	-7.241423e+01
3041	-7.496612e+01
3042	-7.450158e+01
3043	-7.707104e+01
3044	-7.057717e+01
3045	-7.320434e+01
3046	-7.084163e+01
3047	-7.406945e+01
3048	-7.457605e+01
3049	-7.335629e+01
3050	-7.596091e+01
3051	-7.401624e+01
3052	-6.921387e+01
3053	-7.640988e+01
3054	-7.190982e+01
3055	-7.456971e+01
3056	-7.492831e+01
3057	-7.369238e+01
3058	-7.552345e+01
3059	-7.403536e+01
3060	-7.380987e+01
3061	-7.129972e+01
3062	-7.780333e+01
3063	-7.257603e+01
3064	-7.438265e+01
3065	-7.428075e+01
3066	-7.124654e+01
3067	-7.344989e+01
3068	-7.746032e+01
3069	-7.250929e+01
3070	-7.056645e+01
3071	-7.318017e+01
3072	-7.422836e+01
3073	-7.488038e+01
3074	-6.955805e+01
3075	-7.393872e+01
3076	-7.441889e+01
3077	-7.639254e+01
3078	-7.344866e+01
3079	-7.511169e+01
3080	-7.513027e+01
3081	-7.306597e+01
3082	-7.106158e+01
3083	-7.600518e+01
3084	-7.418037e+01
3085	-7.457076e+01
3086	-7.421504e+01
3087	-7.386475e+01
3088	-7.467718e+01
3089	-7.139456e+01
3090	-7.582239e+01
3091	-7.144428e+01
3092	-7.263090e+01
3093	-7.204752e+01
3094	-7.026667e+01
3095	-7.443298e+01
3096	-7.405448e+01
3097	-7.385660e+01
3098	-7.409446e+01
3099	-7.478621e+01
3100	-7.156648e+01
3101	-7.324071e+01
3102	-7.561928e+01
3103	-7.239386e+01
3104	-7.301418e+01
3105	-7.580678e+01
3106	-7.201004e+01
3107	-7.061155e+01
3108	-6.978025e+01
3109	-7.590221e+01
3110	-7.373498e+01
3111	-7.214795e+01
3112	-7.395945e+01
3113	-6.855724e+01
3114	-7.257838e+01
3115	-7.206424e+01
3116	-7.117215e+01
3117	-7.497571e+01
3118	-7.160393e+01
3119	-7.359872e+01
3120	-7.629677e+01
3121	-7.283087e+01
3122	-7.191439e+01
3123	-6.888303e+01
3124	-7.070392e+01
3125	-7.351557e+01
3126	-7.221269e+01
3127	-7.214613e+01
3128	-7.398682e+01
3129	-7.116392e+01
3130	-7.541583e+01
3131	-7.244661e+01
3132	-7.293391e+01
3133	-6.728142e+01
3134	-7.056420e+01
3135	-7.233743e+01
3136	-7.222757e+01
3137	-7.437406e+01
3138	-7.460764e+01
3139	-7.209030e+01
3140	-7.393231e+01
3141	-7.709904e+01
3142	-7.424117e+01
3143	-7.609176e+01
3144	-7.206679e+01
3145	-7.104412e+01
3146	-7.295391e+01
3147	-7.577757e+01
3148	-7.270062e+01
3149	-7.267482e+01
3150	-7.141543e+01
3151	-7.403612e+01
3152	-7.050483e+01
3153	-7.601639e+01
3154	-7.013362e+01
3155	-7.173735e+01
3156	-7.864336e+01
3157	-7.525528e+01
3158	-7.414870e+01
3159	-7.421630e+01
3160	-7.385140e+01
3161	-7.583904e+01
3162	-7.317716e+01
3163	-7.149334e+01
3164	-7.641848e+01
3165	-7.278522e+01
3166	-7.382034e+01
3167	-7.509245e+01
3168	-7.498517e+01
3169	-7.201762e+01
3170	-7.614100e+01
3171	-7.428554e+01
3172	-7.059799e+01
3173	-7.382633e+01
3174	-7.532211e+01
3175	-7.263999e+01
3176	-7.790308e+01
3177	-7.085507e+01
3178	-7.189671e+01
3179	-7.207414e+01
3180	-7.766029e+01
3181	-7.223939e+01
3182	-7.117922e+01
3183	-6.822926e+01
3184	-7.311055e+01
3185	-7.324522e+01
3186	-7.516520e+01
3187	-7.371442e+01
3188	-7.404693e+01
3189	-7.143828e+01
3190	-7.194588e+01
3191	-7.634961e+01
3192	-7.553408e+01
3193	-7.463085e+01
3194	-7.218180e+01
3195	-6.900021e+01
3196	-7.231437e+01
3197	-7.199931e+01
3198	-7.382971e+01
3199	-7.282675e+01
3200	-7.317606e+01
3201	-7.182448e+01
3202	-7.360626e+01
3203	-7.369614e+01
3204	-7.525283e+01
3205	-7.146272e+01
3206	-6.973223e+01
3207	-7.234164e+01
3208	-7.631384e+01
3209	-7.025678e+01
3210	-7.245683e+01
3211	-7.418078e+01
3212	-7.539612e+01
3213	-7.469636e+01
3214	-7.925353e+01
3215	-7.472062e+01
3216	-7.659880e+01
3217	-6.896295e+01
3218	-7.437460e+01
3219	-7.310170e+01
3220	-6.855613e+01
3221	-7.412274e+01
3222	-7.330009e+01
3223	-7.367152e+01
3224	-7.473840e+01
3225	-7.034413e+01
3226	-7.310845e+01
3227	-7.299785e+01
3228	-7.380573e+01
3229	-7.113989e+01
3230	-6.971562e+01
3231	-7.391756e+01
3232	-7.249401e+01
3233	-7.170839e+01
3234	-7.567313e+01
3235	-7.237331e+01
3236	-7.392555e+01
3237	-6.999565e+01
3238	-7.341625e+01
3239	-7.377910e+01
3240	-7.478761e+01
3241	-7.385181e+01
3242	-7.376944e+01
3243	-7.325287e+01
3244	-7.516562e+01
3245	-7.538123e+01
3246	-7.058473e+01
3247	-7.244900e+01
3248	-7.471262e+01
3249	-7.248743e+01
3250	-7.209072e+01
3251	-7.152069e+01
3252	-6.919707e+01
3253	-7.500503e+01
3254	-7.454238e+01
3255	-7.334014e+01
3256	-7.345852e+01
3257	-7.458613e+01
3258	-7.012979e+01
3259	-7.440611e+01
3260	-7.323099e+01
3261	-7.099437e+01
3262	-7.150238e+01
3263	-7.368874e+01
3264	-7.510601e+01
3265	-7.052400e+01
3266	-7.484758e+01
3267	-7.164145e+01
3268	-7.413554e+01
3269	-7.026450e+01
3270	-7.506585e+01
3271	-7.553178e+01
3272	-7.238721e+01
3273	-7.332683e+01
3274	-7.412506e+01
3275	-7.488791e+01
3276	-7.451393e+01
3277	-7.239277e+01
3278	-7.379285e+01
3279	-7.248167e+01
3280	-7.362242e+01
3281	-7.323342e+01
3282	-7.357200e+01
3283	-6.920130e+01
3284	-7.383106e+01
3285	-7.139765e+01
3286	-7.126355e+01
3287	-7.507183e+01
3288	-7.547925e+01
3289	-7.241840e+01
3290	-7.038829e+01
3291	-7.494934e+01
3292	-7.710870e+01
3293	-7.756900e+01
3294	-6.821050e+01
3295	-7.201566e+01
3296	-7.536984e+01
3297	-7.481017e+01
3298	-6.903182e+01
3299	-7.197798e+01
3300	-7.664806e+01
3301	-7.189882e+01
3302	-7.703720e+01
3303	-7.732496e+01
3304	-7.181546e+01
3305	-7.946757e+01
3306	-7.376242e+01
3307	-7.019681e+01
3308	-7.493185e+01
3309	-7.495911e+01
3310	-6.966402e+01
3311	-7.271684e+01
3312	-7.342354e+01
3313	-7.375159e+01
3314	-7.215233e+01
3315	-7.212221e+01
3316	-7.329759e+01
3317	-7.493388e+01
3318	-6.825512e+01
3319	-6.816722e+01
3320	-7.640074e+01
3321	-7.226561e+01
3322	-7.643481e+01
3323	-7.403003e+01
3324	-7.387355e+01
3325	-7.081751e+01
3326	-7.240082e+01
3327	-7.079856e+01
3328	-7.124596e+01
3329	-7.542735e+01
3330	-7.235068e+01
3331	-7.289818e+01
3332	-7.391757e+01
3333	-7.390822e+01
3334	-7.162098e+01
3335	-7.581957e+01
3336	-6.935259e+01
3337	-7.356919e+01
3338	-7.339449e+01
3339	-7.594222e+01
3340	-7.125425e+01
3341	-7.482045e+01
3342	-7.375415e+01
3343	-7.501964e+01
3344	-7.281437e+01
3345	-7.013088e+01
3346	-7.083605e+01
3347	-7.306102e+01
3348	-7.333426e+01
3349	-7.345912e+01
3350	-7.180305e+01
3351	-7.349325e+01
3352	-7.299775e+01
3353	-7.219017e+01
3354	-7.239429e+01
3355	-7.379104e+01
3356	-7.440736e+01
3357	-7.093986e+01
3358	-7.198106e+01
3359	-7.408001e+01
3360	-7.494354e+01
3361	-7.061911e+01
3362	-7.230680e+01
3363	-7.538841e+01
3364	-7.523424e+01
3365	-7.405431e+01
3366	-7.063517e+01
3367	-7.079769e+01
3368	-7.424828e+01
3369	-7.372435e+01
3370	-7.696559e+01
3371	-7.398429e+01
3372	-7.300531e+01
3373	-7.301536e+01
3374	-7.545192e+01
3375	-7.266538e+01
3376	-7.476283e+01
3377	-7.588486e+01
3378	-7.241622e+01
3379	-7.375901e+01
3380	-7.622476e+01
3381	-7.290322e+01
3382	-7.072017e+01
3383	-7.393703e+01
3384	-7.198532e+01
3385	-7.327978e+01
3386	-7.138255e+01
3387	-7.515042e+01
3388	-7.447513e+01
3389	-7.273910e+01
3390	-7.051927e+01
3391	-7.416132e+01
3392	-7.086947e+01
3393	-7.448115e+01
3394	-7.311043e+01
3395	-7.322794e+01
3396	-7.499016e+01
3397	-7.370347e+01
3398	-6.979192e+01
3399	-7.230183e+01
3400	-7.457410e+01
3401	-7.603824e+01
3402	-7.403150e+01
3403	-7.111965e+01
3404	-7.255799e+01
3405	-7.395808e+01
3406	-7.517768e+01
3407	-7.655849e+01
3408	-7.439276e+01
3409	-7.862835e+01
3410	-7.425691e+01
3411	-6.942792e+01
3412	-7.375399e+01
3413	-7.690105e+01
3414	-7.383353e+01
3415	-7.262865e+01
3416	-7.427968e+01
3417	-7.237880e+01
3418	-7.204746e+01
3419	-6.903021e+01
3420	-7.636487e+01
3421	-7.349998e+01
3422	-7.674093e+01
3423	-7.198108e+01
3424	-7.399348e+01
3425	-7.454993e+01
3426	-7.286849e+01
3427	-7.277022e+01
3428	-6.902819e+01
3429	-7.363287e+01
3430	-7.145044e+01
3431	-7.151174e+01
3432	-7.615011e+01
3433	-7.302795e+01
3434	-7.182670e+01
3435	-7.378985e+01
3436	-7.491462e+01
3437	-7.455122e+01
3438	-7.546939e+01
3439	-7.430747e+01
3440	-7.271731e+01
3441	-7.059464e+01
3442	-7.597350e+01
3443	-7.616819e+01
3444	-7.235098e+01
3445	-7.423300e+01
3446	-7.397588e+01
3447	-7.718290e+01
3448	-7.470932e+01
3449	-7.517182e+01
3450	-6.981274e+01
3451	-7.511758e+01
3452	-7.321727e+01
3453	-7.197299e+01
3454	-7.679100e+01
3455	-7.074595e+01
3456	-7.517881e+01
3457	-7.540478e+01
3458	-7.468373e+01
3459	-7.428239e+01
3460	-7.342009e+01
3461	-7.245085e+01
3462	-7.192952e+01
3463	-7.432436e+01
3464	-7.166361e+01
3465	-7.363537e+01
3466	-7.469625e+01
3467	-7.411832e+01
3468	-7.195264e+01
3469	-7.346650e+01
3470	-7.510277e+01
3471	-7.144119e+01
3472	-7.265014e+01
3473	-7.155893e+01
3474	-7.366790e+01
3475	-7.316924e+01
3476	-7.108272e+01
3477	-7.355978e+01
3478	-7.664957e+01
3479	-7.516788e+01
3480	-7.602485e+01
3481	-7.333998e+01
3482	-7.766327e+01
3483	-7.455897e+01
3484	-7.247097e+01
3485	-7.150416e+01
3486	-7.027234e+01
3487	-7.208145e+01
3488	-7.517895e+01
3489	-6.958497e+01
3490	-7.529993e+01
3491	-7.164905e+01
3492	-7.234030e+01
3493	-7.674692e+01
3494	-7.290133e+01
3495	-7.232300e+01
3496	-7.557171e+01
3497	-7.199425e+01
3498	-7.378078e+01
3499	-7.485479e+01
3500	-7.384426e+01
3501	-7.413634e+01
3502	-7.627216e+01
3503	-7.246232e+01
3504	-7.501206e+01
3505	-7.363838e+01
3506	-7.237731e+01
3507	-7.345615e+01
3508	-7.655962e+01
3509	-7.093862e+01
3510	-7.339333e+01
3511	-7.673112e+01
3512	-7.085170e+01
3513	-7.470053e+01
3514	-7.482685e+01
3515	-7.523404e+01
3516	-7.454772e+01
3517	-7.421207e+01
3518	-7.170773e+01
3519	-7.415456e+01
3520	-7.218143e+01
3521	-7.388056e+01
3522	-7.495749e+01
3523	-7.575395e+01
3524	-7.286178e+01
3525	-7.098740e+01
3526	-7.331668e+01
3527	-7.535202e+01
3528	-7.102202e+01
3529	-7.680479e+01
3530	-7.018989e+01
3531	-7.284542e+01
3532	-7.313380e+01
3533	-7.354523e+01
3534	-7.219840e+01
3535	-7.199980e+01
3536	-7.686720e+01
3537	-7.641142e+01
3538	-7.226905e+01
3539	-6.881583e+01
3540	-7.663511e+01
3541	-7.201531e+01
3542	-7.356456e+01
3543	-7.338002e+01
3544	-7.528797e+01
3545	-6.954415e+01
3546	-7.383054e+01
3547	-7.350480e+01
3548	-7.223220e+01
3549	-7.160632e+01
3550	-7.217212e+01
3551	-7.593110e+01
3552	-7.472725e+01
3553	-7.702756e+01
3554	-7.399059e+01
3555	-6.880605e+01
3556	-7.458007e+01
3557	-7.299388e+01
3558	-7.528196e+01
3559	-7.190344e+01
3560	-7.276873e+01
3561	-7.551199e+01
3562	-7.105801e+01
3563	-7.210074e+01
3564	-7.694762e+01
3565	-7.223852e+01
3566	-7.483775e+01
3567	-7.440975e+01
3568	-7.340542e+01
3569	-7.363367e+01
3570	-7.081073e+01
3571	-7.129954e+01
3572	-7.026551e+01
3573	-7.423736e+01
3574	-7.400602e+01
3575	-7.467844e+01
3576	-7.378626e+01
3577	-7.554523e+01
3578	-7.571279e+01
3579	-7.523798e+01
3580	-7.388910e+01
3581	-7.583243e+01
3582	-7.331445e+01
3583	-7.166192e+01
3584	-7.339393e+01
3585	-7.468426e+01
3586	-7.163358e+01
3587	-7.384789e+01
3588	-6.991623e+01
3589	-7.647359e+01
3590	-7.195114e+01
3591	-7.089855e+01
3592	-7.441970e+01
3593	-7.331241e+01
3594	-7.174801e+01
3595	-7.198641e+01
3596	-7.295165e+01
3597	-7.322451e+01
3598	-7.533042e+01
3599	-7.853246e+01
3600	-7.027905e+01
3601	-7.471017e+01
3602	-7.527735e+01
3603	-7.052115e+01
3604	-7.502841e+01
3605	-7.304239e+01
3606	-7.025646e+01
3607	-7.458876e+01
3608	-7.358948e+01
3609	-7.331078e+01
3610	-7.378184e+01
3611	-7.307813e+01
3612	-7.507089e+01
3613	-7.439590e+01
3614	-7.335716e+01
3615	-7.612088e+01
3616	-7.285756e+01
3617	-7.411323e+01
3618	-6.899176e+01
3619	-7.071967e+01
3620	-7.552763e+01
3621	-7.010818e+01
3622	-6.909995e+01
3623	-7.294974e+01
3624	-7.425863e+01
3625	-7.323460e+01
3626	-6.916286e+01
3627	-7.258669e+01
3628	-7.346574e+01
3629	-7.114185e+01
3630	-7.082101e+01
3631	-7.200675e+01
3632	-7.163044e+01
3633	-7.193494e+01
3634	-7.229318e+01
3635	-7.416098e+01
3636	-7.457894e+01
3637	-7.156577e+01
3638	-7.048034e+01
3639	-7.538665e+01
3640	-7.225933e+01
3641	-7.424046e+01
3642	-7.240935e+01
3643	-7.438914e+01
3644	-7.298661e+01
3645	-7.857961e+01
3646	-7.218993e+01
3647	-7.425505e+01
3648	-7.305173e+01
3649	-7.411556e+01
3650	-7.145980e+01
3651	-7.313223e+01
3652	-7.415027e+01
3653	-7.407649e+01
3654	-7.294419e+01
3655	-7.381326e+01
3656	-7.058440e+01
3657	-6.872425e+01
3658	-7.476278e+01
3659	-7.320971e+01
3660	-7.170315e+01
3661	-7.196546e+01
3662	-7.266665e+01
3663	-7.855300e+01
3664	-7.401885e+01
3665	-7.395140e+01
3666	-7.356610e+01
3667	-7.649621e+01
3668	-7.518364e+01
3669	-7.288375e+01
3670	-7.033334e+01
3671	-7.010165e+01
3672	-7.327559e+01
3673	-7.567734e+01
3674	-7.471807e+01
3675	-7.474878e+01
3676	-7.423845e+01
3677	-7.275900e+01
3678	-7.058390e+01
3679	-7.413396e+01
3680	-6.952438e+01
3681	-7.249632e+01
3682	-7.154562e+01
3683	-7.361873e+01
3684	-7.226223e+01
3685	-7.436450e+01
3686	-7.243364e+01
3687	-7.308079e+01
3688	-7.663638e+01
3689	-7.317701e+01
3690	-7.420206e+01
3691	-6.933890e+01
3692	-7.360939e+01
3693	-7.267037e+01
3694	-7.445240e+01
3695	-7.347162e+01
3696	-7.369767e+01
3697	-7.346195e+01
3698	-7.480573e+01
3699	-7.161579e+01
3700	-7.604275e+01
3701	-7.769774e+01
3702	-7.420312e+01
3703	-7.216527e+01
3704	-7.419955e+01
3705	-7.389919e+01
3706	-7.373301e+01
3707	-7.414782e+01
3708	-7.395511e+01
3709	-7.829133e+01
3710	-7.241648e+01
3711	-6.893982e+01
3712	-7.423328e+01
3713	-7.381793e+01
3714	-7.253437e+01
3715	-7.547432e+01
3716	-7.565837e+01
3717	-7.388394e+01
3718	-7.758034e+01
3719	-7.107669e+01
3720	-7.216683e+01
3721	-7.258854e+01
3722	-7.271826e+01
3723	-7.093465e+01
3724	-7.335757e+01
3725	-7.285034e+01
3726	-7.542509e+01
3727	-7.280356e+01
3728	-7.304440e+01
3729	-7.083348e+01
3730	-7.367300e+01
3731	-7.534933e+01
3732	-7.284176e+01
3733	-7.490384e+01
3734	-7.368755e+01
3735	-7.107445e+01
3736	-7.331688e+01
3737	-7.280455e+01
3738	-6.931644e+01
3739	-7.558620e+01
3740	-7.372146e+01
3741	-7.531055e+01
3742	-7.432910e+01
3743	-7.585924e+01
3744	-7.251326e+01
3745	-7.371495e+01
3746	-7.292471e+01
3747	-7.432537e+01
3748	-7.075275e+01
3749	-7.189837e+01
3750	-7.569076e+01
3751	-7.255653e+01
3752	-7.168413e+01
3753	-7.399331e+01
3754	-7.246434e+01
3755	-7.723823e+01
3756	-6.995769e+01
3757	-7.718188e+01
3758	-7.123982e+01
3759	-7.065065e+01
3760	-7.473321e+01
3761	-7.047319e+01
3762	-7.395729e+01
3763	-7.408907e+01
3764	-6.920203e+01
3765	-7.068041e+01
3766	-7.396093e+01
3767	-7.842641e+01
3768	-7.516901e+01
3769	-7.235232e+01
3770	-7.221804e+01
3771	-6.932015e+01
3772	-7.201358e+01
3773	-7.466353e+01
3774	-7.302803e+01
3775	-7.345129e+01
3776	-7.150614e+01
3777	-7.468759e+01
3778	-7.236178e+01
3779	-7.610692e+01
3780	-7.569307e+01
3781	-7.293778e+01
3782	-7.351268e+01
3783	-7.514899e+01
3784	-7.621082e+01
3785	-7.003103e+01
3786	-7.606036e+01
3787	-7.153153e+01
3788	-7.161027e+01
3789	-7.390341e+01
3790	-7.203055e+01
3791	-7.166614e+01
3792	-7.240030e+01
3793	-7.362266e+01
3794	-7.399845e+01
3795	-7.379668e+01
3796	-7.194346e+01
3797	-7.597171e+01
3798	-7.398589e+01
3799	-7.387405e+01
3800	-7.316713e+01
3801	-7.543593e+01
3802	-7.118475e+01
3803	-7.088865e+01
3804	-7.510564e+01
3805	-7.430781e+01
3806	-7.300499e+01
3807	-7.097677e+01
3808	-7.302960e+01
3809	-7.196071e+01
3810	-6.908803e+01
3811	-7.132084e+01
3812	-7.131251e+01
3813	-7.333096e+01
3814	-7.510415e+01
3815	-7.072242e+01
3816	-7.339381e+01
3817	-7.104159e+01
3818	-6.915002e+01
3819	-7.548421e+01
3820	-7.444629e+01
3821	-7.290754e+01
3822	-7.332299e+01
3823	-7.526260e+01
3824	-7.308953e+01
3825	-7.371361e+01
3826	-7.001287e+01
3827	-7.975912e+01
3828	-7.264542e+01
3829	-7.368404e+01
3830	-7.501011e+01
3831	-7.780541e+01
3832	-7.265236e+01
3833	-7.727221e+01
3834	-7.409602e+01
3835	-7.136889e+01
3836	-7.480776e+01
3837	-7.176382e+01
3838	-7.467023e+01
3839	-7.340550e+01
3840	-6.967578e+01
3841	-7.314821e+01
3842	-7.240191e+01
3843	-7.512424e+01
3844	-7.339754e+01
3845	-7.448830e+01
3846	-6.781185e+01
3847	-7.209935e+01
3848	-7.444365e+01
3849	-7.170111e+01
3850	-7.257230e+01
3851	-7.346452e+01
3852	-7.263055e+01
3853	-7.322293e+01
3854	-7.282063e+01
3855	-7.816601e+01
3856	-7.416531e+01
3857	-7.426086e+01
3858	-7.041390e+01
3859	-7.325898e+01
3860	-7.354672e+01
3861	-7.780129e+01
3862	-7.492370e+01
3863	-7.486553e+01
3864	-7.579231e+01
3865	-7.355378e+01
3866	-7.477676e+01
3867	-7.703979e+01
3868	-7.518333e+01
3869	-7.340252e+01
3870	-7.292913e+01
3871	-7.052114e+01
3872	-7.570431e+01
3873	-7.289331e+01
3874	-7.203094e+01
3875	-7.418519e+01
3876	-7.273015e+01
3877	-7.339319e+01
3878	-7.598598e+01
3879	-7.449652e+01
3880	-7.286195e+01
3881	-7.270047e+01
3882	-7.320443e+01
3883	-7.407944e+01
3884	-7.247913e+01
3885	-7.730500e+01
3886	-7.528075e+01
3887	-7.606023e+01
3888	-7.510413e+01
3889	-7.351573e+01
3890	-7.272997e+01
3891	-7.359773e+01
3892	-7.306434e+01
3893	-7.340423e+01
3894	-7.133156e+01
3895	-7.381685e+01
3896	-7.155195e+01
3897	-7.370074e+01
3898	-7.286910e+01
3899	-7.335506e+01
3900	-7.089545e+01
3901	-7.188188e+01
3902	-7.660965e+01
3903	-7.472496e+01
3904	-7.731137e+01
3905	-7.491864e+01
3906	-7.596517e+01
3907	-6.993312e+01
3908	-7.349889e+01
3909	-7.340240e+01
3910	-7.414518e+01
3911	-6.995599e+01
3912	-7.308987e+01
3913	-7.466675e+01
3914	-7.287375e+01
3915	-7.379631e+01
3916	-7.727109e+01
3917	-7.615323e+01
3918	-7.046755e+01
3919	-7.325018e+01
3920	-7.617780e+01
3921	-7.773928e+01
3922	-7.289446e+01
3923	-7.354952e+01
3924	-7.077339e+01
3925	-7.312367e+01
3926	-7.164618e+01
3927	-7.437804e+01
3928	-7.090569e+01
3929	-7.303555e+01
3930	-7.082581e+01
3931	-7.269213e+01
3932	-7.257874e+01
3933	-7.480982e+01
3934	-7.504127e+01
3935	-7.251738e+01
3936	-7.324682e+01
3937	-7.792025e+01
3938	-7.073948e+01
3939	-7.346622e+01
3940	-7.555205e+01
3941	-7.590058e+01
3942	-7.470400e+01
3943	-7.223106e+01
3944	-7.224852e+01
3945	-7.342018e+01
3946	-7.230469e+01
3947	-7.488260e+01
3948	-7.157150e+01
3949	-7.381173e+01
3950	-7.035791e+01
3951	-7.563963e+01
3952	-7.571541e+01
3953	-7.403443e+01
3954	-7.606560e+01
3955	-7.211840e+01
3956	-7.502003e+01
3957	-7.641155e+01
3958	-7.405464e+01
3959	-6.913571e+01
3960	-7.052773e+01
3961	-7.417580e+01
3962	-7.413460e+01
3963	-7.482071e+01
3964	-7.410009e+01
3965	-7.171175e+01
3966	-7.296902e+01
3967	-7.306957e+01
3968	-7.538444e+01
3969	-7.329302e+01
3970	-7.560694e+01
3971	-7.407890e+01
3972	-7.232108e+01
3973	-7.300059e+01
3974	-7.472156e+01
3975	-7.536517e+01
3976	-7.248158e+01
3977	-7.680955e+01
3978	-7.341006e+01
3979	-7.123534e+01
3980	-7.437592e+01
3981	-7.189727e+01
3982	-7.480488e+01
3983	-7.348908e+01
3984	-7.118499e+01
3985	-7.127184e+01
3986	-7.283256e+01
3987	-7.281087e+01
3988	-7.190844e+01
3989	-7.300413e+01
3990	-7.425022e+01
3991	-7.388415e+01
3992	-7.600309e+01
3993	-7.735398e+01
3994	-7.376034e+01
3995	-7.333050e+01
3996	-7.145062e+01
3997	-7.561417e+01
3998	-7.323439e+01
3999	-7.483393e+01
4000	-7.400701e+01
4001	-7.192776e+01
4002	-7.511289e+01
4003	-7.207064e+01
4004	-7.326428e+01
4005	-7.519974e+01
4006	-7.854380e+01
4007	-7.130790e+01
4008	-7.537782e+01
4009	-7.409145e+01
4010	-7.197964e+01
4011	-7.286299e+01
4012	-7.428103e+01
4013	-7.144210e+01
4014	-7.325729e+01
4015	-7.560227e+01
4016	-7.187798e+01
4017	-7.635777e+01
4018	-7.188683e+01
4019	-7.201052e+01
4020	-7.560892e+01
4021	-7.446718e+01
4022	-7.254030e+01
4023	-7.340334e+01
4024	-7.295185e+01
4025	-7.127295e+01
4026	-7.596192e+01
4027	-7.262143e+01
4028	-7.398971e+01
4029	-6.839182e+01
4030	-7.659003e+01
4031	-7.368599e+01
4032	-7.407221e+01
4033	-7.246418e+01
4034	-7.253236e+01
4035	-7.108547e+01
4036	-7.306456e+01
4037	-7.312712e+01
4038	-7.393905e+01
4039	-7.093946e+01
4040	-7.228722e+01
4041	-7.692490e+01
4042	-7.422156e+01
4043	-7.374306e+01
4044	-7.478373e+01
4045	-7.417639e+01
4046	-7.271460e+01
4047	-7.513939e+01
4048	-7.615902e+01
4049	-7.410963e+01
4050	-7.519544e+01
4051	-7.211708e+01
4052	-7.046610e+01
4053	-7.267589e+01
4054	-7.507785e+01
4055	-7.374787e+01
4056	-7.425186e+01
4057	-7.623365e+01
4058	-7.546825e+01
4059	-7.331219e+01
4060	-7.165864e+01
4061	-7.099569e+01
4062	-7.162486e+01
4063	-7.519066e+01
4064	-7.341883e+01
4065	-7.324241e+01
4066	-7.129173e+01
4067	-7.322702e+01
4068	-7.362194e+01
4069	-7.540657e+01
4070	-7.332035e+01
4071	-7.482522e+01
4072	-7.198885e+01
4073	-7.071104e+01
4074	-7.269991e+01
4075	-7.342003e+01
4076	-7.361126e+01
4077	-7.003239e+01
4078	-7.358960e+01
4079	-7.657406e+01
4080	-7.317942e+01
4081	-7.436543e+01
4082	-7.034355e+01
4083	-7.405739e+01
4084	-7.092184e+01
4085	-7.322502e+01
4086	-7.360202e+01
4087	-7.183743e+01
4088	-7.193133e+01
4089	-7.566670e+01
4090	-7.214936e+01
4091	-7.547664e+01
4092	-6.998413e+01
4093	-7.101382e+01
4094	-7.681611e+01
4095	-7.230413e+01
4096	-7.152068e+01
4097	-7.449558e+01
4098	-7.269053e+01
4099	-7.102206e+01
4100	-7.404368e+01
4101	-7.275003e+01
4102	-7.366867e+01
4103	-7.158838e+01
4104	-7.581730e+01
4105	-7.165828e+01
4106	-7.349261e+01
4107	-7.223889e+01
4108	-7.518564e+01
4109	-7.026198e+01
4110	-7.126517e+01
4111	-7.398803e+01
4112	-7.353662e+01
4113	-7.444887e+01
4114	-6.989386e+01
4115	-7.243727e+01
4116	-7.593754e+01
4117	-7.456448e+01
4118	-7.237010e+01
4119	-7.454039e+01
4120	-7.059639e+01
4121	-7.462282e+01
4122	-7.004082e+01
4123	-7.315013e+01
4124	-7.084642e+01
4125	-7.810380e+01
4126	-7.638403e+01
4127	-7.322050e+01
4128	-7.379383e+01
4129	-7.035495e+01
4130	-7.271255e+01
4131	-7.269172e+01
4132	-7.222250e+01
4133	-7.776249e+01
4134	-7.288762e+01
4135	-7.328033e+01
4136	-7.422369e+01
4137	-7.102170e+01
4138	-7.322336e+01
4139	-7.048706e+01
4140	-7.587875e+01
4141	-7.349513e+01
4142	-7.313166e+01
4143	-7.193597e+01
4144	-7.100933e+01
4145	-7.396149e+01
4146	-7.231295e+01
4147	-7.440456e+01
4148	-7.232316e+01
4149	-7.270089e+01
4150	-6.905730e+01
4151	-7.895937e+01
4152	-7.631877e+01
4153	-7.471321e+01
4154	-7.154938e+01
4155	-7.373293e+01
4156	-7.238809e+01
4157	-7.200457e+01
4158	-7.307246e+01
4159	-7.294598e+01
4160	-7.438902e+01
4161	-7.500303e+01
4162	-7.426465e+01
4163	-7.214845e+01
4164	-7.429286e+01
4165	-7.312268e+01
4166	-7.183762e+01
4167	-7.663661e+01
4168	-7.339714e+01
4169	-7.089236e+01
4170	-7.614350e+01
4171	-7.572947e+01
4172	-7.633519e+01
4173	-7.584334e+01
4174	-7.470265e+01
4175	-7.230300e+01
4176	-7.167767e+01
4177	-7.375271e+01
4178	-7.076043e+01
4179	-7.261875e+01
4180	-7.437843e+01
4181	-7.409335e+01
4182	-7.106865e+01
4183	-7.173477e+01
4184	-6.873741e+01
4185	-7.592891e+01
4186	-7.258289e+01
4187	-7.183139e+01
4188	-7.019960e+01
4189	-7.289401e+01
4190	-7.425846e+01
4191	-7.549477e+01
4192	-7.192357e+01
4193	-7.014986e+01
4194	-7.168019e+01
4195	-7.253925e+01
4196	-7.330836e+01
4197	-7.271140e+01
4198	-7.719614e+01
4199	-7.279145e+01
4200	-7.477604e+01
4201	-7.210841e+01
4202	-7.439113e+01
4203	-7.130655e+01
4204	-7.146629e+01
4205	-7.047396e+01
4206	-7.316387e+01
4207	-7.009769e+01
4208	-7.363758e+01
4209	-7.403405e+01
4210	-7.244532e+01
4211	-7.167012e+01
4212	-7.324221e+01
4213	-7.216368e+01
4214	-6.859212e+01
4215	-7.625042e+01
4216	-7.560151e+01
4217	-6.746874e+01
4218	-7.371457e+01
4219	-7.483744e+01
4220	-7.519926e+01
4221	-7.516919e+01
4222	-7.564792e+01
4223	-7.074020e+01
4224	-7.309319e+01
4225	-7.459182e+01
4226	-7.168410e+01
4227	-7.294940e+01
4228	-7.356396e+01
4229	-7.372896e+01
4230	-7.123346e+01
4231	-7.385581e+01
4232	-7.708325e+01
4233	-6.924553e+01
4234	-7.533444e+01
4235	-7.234047e+01
4236	-7.162027e+01
4237	-7.400895e+01
4238	-7.526887e+01
4239	-7.005721e+01
4240	-7.345763e+01
4241	-7.525539e+01
4242	-7.199695e+01
4243	-7.326423e+01
4244	-7.242720e+01
4245	-7.192074e+01
4246	-7.258917e+01
4247	-7.417527e+01
4248	-7.320082e+01
4249	-7.207238e+01
4250	-7.254335e+01
4251	-7.236325e+01
4252	-7.480586e+01
4253	-7.275207e+01
4254	-7.360057e+01
4255	-6.995186e+01
4256	-7.336452e+01
4257	-7.614711e+01
4258	-7.398745e+01
4259	-7.716552e+01
4260	-7.462024e+01
4261	-7.384895e+01
4262	-7.512078e+01
4263	-7.238736e+01
4264	-7.106344e+01
4265	-7.738465e+01
4266	-6.988321e+01
4267	-7.422050e+01
4268	-7.376856e+01
4269	-7.527784e+01
4270	-7.324372e+01
4271	-7.252308e+01
4272	-7.398873e+01
4273	-7.239992e+01
4274	-7.660876e+01
4275	-7.320993e+01
4276	-7.386560e+01
4277	-7.102574e+01
4278	-7.505521e+01
4279	-7.175146e+01
4280	-7.222816e+01
4281	-7.094132e+01
4282	-7.263280e+01
4283	-7.153780e+01
4284	-7.460932e+01
4285	-7.277461e+01
4286	-7.587252e+01
4287	-7.385970e+01
4288	-7.113215e+01
4289	-7.218111e+01
4290	-7.141054e+01
4291	-7.339343e+01
4292	-7.400434e+01
4293	-7.646609e+01
4294	-7.090762e+01
4295	-7.501200e+01
4296	-7.415708e+01
4297	-7.600896e+01
4298	-7.411379e+01
4299	-7.276180e+01
4300	-7.393375e+01
4301	-7.337054e+01
4302	-7.390921e+01
4303	-7.422819e+01
4304	-7.523578e+01
4305	-7.507800e+01
4306	-7.161785e+01
4307	-7.432196e+01
4308	-7.621578e+01
4309	-7.104113e+01
4310	-7.332439e+01
4311	-7.279614e+01
4312	-7.702625e+01
4313	-7.584099e+01
4314	-7.686483e+01
4315	-7.264365e+01
4316	-7.258164e+01
4317	-7.339984e+01
4318	-7.337507e+01
4319	-7.153956e+01
4320	-7.414950e+01
4321	-7.290870e+01
4322	-7.425075e+01
4323	-7.411642e+01
4324	-7.309845e+01
4325	-7.270781e+01
4326	-7.359306e+01
4327	-6.970003e+01
4328	-7.196988e+01
4329	-7.540459e+01
4330	-7.260080e+01
4331	-7.617826e+01
4332	-7.206723e+01
4333	-7.150526e+01
4334	-6.724772e+01
4335	-7.282448e+01
4336	-7.442292e+01
4337	-7.671141e+01
4338	-7.524180e+01
4339	-7.497328e+01
4340	-7.389156e+01
4341	-7.029599e+01
4342	-7.431837e+01
4343	-7.399532e+01
4344	-7.188043e+01
4345	-7.392421e+01
4346	-7.076314e+01
4347	-7.415763e+01
4348	-7.076745e+01
4349	-7.386478e+01
4350	-7.507438e+01
4351	-7.315946e+01
4352	-7.548428e+01
4353	-7.402011e+01
4354	-7.311827e+01
4355	-7.216265e+01
4356	-7.348646e+01
4357	-7.467734e+01
4358	-7.129245e+01
4359	-7.227645e+01
4360	-7.072645e+01
4361	-6.918616e+01
4362	-7.640424e+01
4363	-7.461412e+01
4364	-7.357949e+01
4365	-7.168168e+01
4366	-7.095817e+01
4367	-7.569011e+01
4368	-6.996423e+01
4369	-7.475467e+01
4370	-6.829092e+01
4371	-6.991678e+01
4372	-7.219613e+01
4373	-7.695253e+01
4374	-7.477610e+01
4375	-7.231497e+01
4376	-7.262140e+01
4377	-7.268966e+01
4378	-7.347112e+01
4379	-7.460489e+01
4380	-7.403065e+01
4381	-7.294675e+01
4382	-7.445085e+01
4383	-7.166680e+01
4384	-7.153320e+01
4385	-7.123925e+01
4386	-7.297369e+01
4387	-7.335366e+01
4388	-7.227319e+01
4389	-7.442487e+01
4390	-7.029799e+01
4391	-7.155523e+01
4392	-7.125253e+01
4393	-7.457466e+01
4394	-7.119613e+01
4395	-7.290328e+01
4396	-7.118575e+01
4397	-7.042109e+01
4398	-7.347242e+01
4399	-7.250180e+01
4400	-7.311448e+01
4401	-7.249966e+01
4402	-7.898209e+01
4403	-7.053281e+01
4404	-7.718353e+01
4405	-7.484582e+01
4406	-7.351366e+01
4407	-7.264397e+01
4408	-7.387755e+01
4409	-7.245242e+01
4410	-7.302343e+01
4411	-7.454099e+01
4412	-7.308276e+01
4413	-7.194883e+01
4414	-7.210653e+01
4415	-7.263439e+01
4416	-7.404486e+01
4417	-7.266191e+01
4418	-7.432420e+01
4419	-7.171050e+01
4420	-7.062100e+01
4421	-7.263935e+01
4422	-7.300262e+01
4423	-7.388776e+01
4424	-7.629234e+01
4425	-7.356448e+01
4426	-7.012549e+01
4427	-7.295547e+01
4428	-7.172787e+01
4429	-7.275329e+01
4430	-7.529383e+01
4431	-7.221520e+01
4432	-7.526332e+01
4433	-7.340605e+01
4434	-7.600673e+01
4435	-6.964704e+01
4436	-7.384551e+01
4437	-7.399281e+01
4438	-7.607809e+01
4439	-7.404493e+01
4440	-7.207043e+01
4441	-7.254659e+01
4442	-7.201394e+01
4443	-7.727170e+01
4444	-7.360933e+01
4445	-7.191756e+01
4446	-7.610077e+01
4447	-6.959712e+01
4448	-7.277769e+01
4449	-7.476271e+01
4450	-7.149484e+01
4451	-7.280419e+01
4452	-7.140688e+01
4453	-7.318780e+01
4454	-7.061923e+01
4455	-7.287219e+01
4456	-7.249180e+01
4457	-7.434545e+01
4458	-7.141090e+01
4459	-7.683259e+01
4460	-7.440909e+01
4461	-7.674103e+01
4462	-7.175236e+01
4463	-7.390011e+01
4464	-7.326414e+01
4465	-7.293390e+01
4466	-7.322376e+01
4467	-7.521015e+01
4468	-7.429948e+01
4469	-7.287386e+01
4470	-6.928131e+01
4471	-7.258307e+01
4472	-7.172180e+01
4473	-7.027812e+01
4474	-7.313806e+01
4475	-7.242668e+01
4476	-7.224952e+01
4477	-6.987988e+01
4478	-6.729725e+01
4479	-7.325489e+01
4480	-7.789931e+01
4481	-7.475719e+01
4482	-7.292443e+01
4483	-7.283274e+01
4484	-7.363833e+01
4485	-7.383434e+01
4486	-7.856211e+01
4487	-7.157938e+01
4488	-7.270989e+01
4489	-7.210999e+01
4490	-7.472208e+01
4491	-7.077470e+01
4492	-7.466928e+01
4493	-7.176505e+01
4494	-7.233942e+01
4495	-7.360179e+01
4496	-7.575343e+01
4497	-7.190774e+01
4498	-7.333266e+01
4499	-7.422036e+01
4500	-7.278126e+01
4501	-6.914180e+01
4502	-7.457403e+01
4503	-7.386543e+01
4504	-7.787617e+01
4505	-7.518299e+01
4506	-7.401910e+01
4507	-7.329651e+01
4508	-7.023786e+01
4509	-7.033300e+01
4510	-7.132349e+01
4511	-7.334183e+01
4512	-7.473984e+01
4513	-7.467231e+01
4514	-7.505215e+01
4515	-7.676230e+01
4516	-7.373228e+01
4517	-7.137563e+01
4518	-7.031166e+01
4519	-7.431113e+01
4520	-7.171418e+01
4521	-7.471069e+01
4522	-7.315926e+01
4523	-6.869344e+01
4524	-7.219747e+01
4525	-7.717210e+01
4526	-7.152554e+01
4527	-7.654924e+01
4528	-7.326178e+01
4529	-7.426266e+01
4530	-7.218136e+01
4531	-7.369019e+01
4532	-7.044798e+01
4533	-7.280139e+01
4534	-7.468190e+01
4535	-7.079200e+01
4536	-7.238990e+01
4537	-7.486521e+01
4538	-7.197978e+01
4539	-7.197891e+01
4540	-7.311139e+01
4541	-7.149812e+01
4542	-7.348216e+01
4543	-7.687101e+01
4544	-7.468697e+01
4545	-7.260910e+01
4546	-7.662560e+01
4547	-7.208570e+01
4548	-6.998040e+01
4549	-7.673585e+01
4550	-7.761490e+01
4551	-7.451679e+01
4552	-7.669214e+01
4553	-7.596136e+01
4554	-7.216430e+01
4555	-7.642965e+01
4556	-7.405554e+01
4557	-6.834834e+01
4558	-7.374643e+01
4559	-7.145853e+01
4560	-7.235463e+01
4561	-7.324196e+01
4562	-7.331620e+01
4563	-7.429099e+01
4564	-7.168877e+01
4565	-7.236681e+01
4566	-7.116569e+01
4567	-7.306721e+01
4568	-7.378263e+01
4569	-7.369357e+01
4570	-7.329714e+01
4571	-7.298222e+01
4572	-7.436017e+01
4573	-7.654837e+01
4574	-7.435765e+01
4575	-7.428133e+01
4576	-7.454083e+01
4577	-7.342635e+01
4578	-7.503886e+01
4579	-7.585173e+01
4580	-7.656076e+01
4581	-7.535028e+01
4582	-7.710584e+01
4583	-7.233036e+01
4584	-7.291128e+01
4585	-7.407114e+01
4586	-7.388504e+01
4587	-7.375732e+01
4588	-7.134545e+01
4589	-7.627581e+01
4590	-7.417096e+01
4591	-7.175323e+01
4592	-7.432225e+01
4593	-7.353837e+01
4594	-7.430002e+01
4595	-7.407371e+01
4596	-6.865665e+01
4597	-7.196309e+01
4598	-7.414190e+01
4599	-6.973576e+01
4600	-7.129212e+01
4601	-7.427647e+01
4602	-7.392271e+01
4603	-7.305726e+01
4604	-7.492561e+01
4605	-7.378467e+01
4606	-7.157811e+01
4607	-7.475054e+01
4608	-6.996708e+01
4609	-7.291746e+01
4610	-7.227946e+01
4611	-7.230161e+01
4612	-7.239336e+01
4613	-7.134767e+01
4614	-7.343013e+01
4615	-7.310171e+01
4616	-7.335134e+01
4617	-7.276700e+01
4618	-7.145183e+01
4619	-7.622165e+01
4620	-7.413478e+01
4621	-7.220951e+01
4622	-7.547554e+01
4623	-7.577057e+01
4624	-7.422800e+01
4625	-7.558897e+01
4626	-7.689842e+01
4627	-7.190589e+01
4628	-7.429459e+01
4629	-7.163584e+01
4630	-7.129271e+01
4631	-7.323296e+01
4632	-7.346387e+01
4633	-7.403187e+01
4634	-7.019487e+01
4635	-7.673708e+01
4636	-7.136890e+01
4637	-7.350498e+01
4638	-6.944155e+01
4639	-7.178868e+01
4640	-7.320929e+01
4641	-7.031405e+01
4642	-7.396972e+01
4643	-7.731000e+01
4644	-7.382785e+01
4645	-7.575606e+01
4646	-7.384668e+01
4647	-7.479284e+01
4648	-7.371798e+01
4649	-6.982532e+01
4650	-7.474728e+01
4651	-7.543989e+01
4652	-7.330883e+01
4653	-7.037305e+01
4654	-7.159591e+01
4655	-7.345727e+01
4656	-7.605181e+01
4657	-7.467852e+01
4658	-7.397794e+01
4659	-7.504657e+01
4660	-7.032925e+01
4661	-7.341686e+01
4662	-6.930120e+01
4663	-7.752481e+01
4664	-7.193175e+01
4665	-7.365615e+01
4666	-7.347824e+01
4667	-7.077975e+01
4668	-7.500655e+01
4669	-7.303299e+01
4670	-7.251934e+01
4671	-7.175768e+01
4672	-7.468728e+01
4673	-7.323471e+01
4674	-7.465798e+01
4675	-7.084293e+01
4676	-7.392324e+01
4677	-7.325394e+01
4678	-7.647375e+01
4679	-7.179758e+01
4680	-7.187954e+01
4681	-7.224672e+01
4682	-7.698365e+01
4683	-7.103394e+01
4684	-7.373421e+01
4685	-7.447708e+01
4686	-7.329912e+01
4687	-7.463110e+01
4688	-7.309622e+01
4689	-7.289300e+01
4690	-7.451392e+01
4691	-7.056899e+01
4692	-7.354231e+01
4693	-7.298436e+01
4694	-7.160970e+01
4695	-7.655274e+01
4696	-7.294153e+01
4697	-7.640590e+01
4698	-7.310399e+01
4699	-7.158298e+01
4700	-7.528006e+01
4701	-7.478635e+01
4702	-7.437982e+01
4703	-7.224423e+01
4704	-7.499892e+01
4705	-7.181626e+01
4706	-7.033983e+01
4707	-7.226639e+01
4708	-7.456167e+01
4709	-7.499629e+01
4710	-7.432759e+01
4711	-7.065793e+01
4712	-7.806450e+01
4713	-7.294267e+01
4714	-7.496215e+01
4715	-7.201076e+01
4716	-7.007113e+01
4717	-7.686764e+01
4718	-7.630364e+01
4719	-7.489131e+01
4720	-7.000614e+01
4721	-7.068908e+01
4722	-6.875893e+01
4723	-7.141012e+01
4724	-7.673287e+01
4725	-7.365416e+01
4726	-7.353151e+01
4727	-7.128391e+01
4728	-7.645124e+01
4729	-6.983283e+01
4730	-7.388350e+01
4731	-7.125675e+01
4732	-7.409985e+01
4733	-7.449244e+01
4734	-7.709538e+01
4735	-7.340589e+01
4736	-7.182426e+01
4737	-7.273046e+01
4738	-7.307482e+01
4739	-6.997051e+01
4740	-7.342649e+01
4741	-7.368727e+01
4742	-7.334412e+01
4743	-7.431563e+01
4744	-7.254739e+01
4745	-7.526464e+01
4746	-7.266191e+01
4747	-7.188382e+01
4748	-6.990651e+01
4749	-7.296657e+01
4750	-7.280529e+01
4751	-7.305197e+01
4752	-7.291571e+01
4753	-7.077027e+01
4754	-7.000807e+01
4755	-7.250717e+01
4756	-7.619422e+01
4757	-7.387467e+01
4758	-7.420741e+01
4759	-7.911490e+01
4760	-7.277720e+01
4761	-7.193725e+01
4762	-7.293472e+01
4763	-7.383475e+01
4764	-7.741064e+01
4765	-7.402074e+01
4766	-7.027109e+01
4767	-7.691128e+01
4768	-7.035747e+01
4769	-7.436829e+01
4770	-7.106770e+01
4771	-7.647564e+01
4772	-7.456903e+01
4773	-6.903270e+01
4774	-7.393526e+01
4775	-7.372669e+01
4776	-7.462926e+01
4777	-7.228457e+01
4778	-7.394333e+01
4779	-6.969741e+01
4780	-7.379291e+01
4781	-7.676865e+01
4782	-7.409388e+01
4783	-7.406648e+01
4784	-7.809039e+01
4785	-7.008060e+01
4786	-7.408560e+01
4787	-7.219368e+01
4788	-7.369390e+01
4789	-7.253136e+01
4790	-7.642442e+01
4791	-7.288020e+01
4792	-7.571842e+01
4793	-7.101093e+01
4794	-7.386821e+01
4795	-7.463084e+01
4796	-6.987575e+01
4797	-7.290042e+01
4798	-7.245927e+01
4799	-7.359596e+01
4800	-7.386440e+01
4801	-7.384488e+01
4802	-7.238171e+01
4803	-7.221844e+01
4804	-7.087928e+01
4805	-7.355536e+01
4806	-7.115265e+01
4807	-7.474208e+01
4808	-7.092772e+01
4809	-7.144872e+01
4810	-7.015389e+01
4811	-7.264566e+01
4812	-7.244770e+01
4813	-7.557109e+01
4814	-7.184139e+01
4815	-7.217845e+01
4816	-7.331798e+01
4817	-7.643315e+01
4818	-7.224241e+01
4819	-7.381984e+01
4820	-7.330329e+01
4821	-7.123891e+01
4822	-7.360774e+01
4823	-7.532372e+01
4824	-7.249045e+01
4825	-7.206770e+01
4826	-7.490591e+01
4827	-7.346686e+01
4828	-7.331819e+01
4829	-7.096816e+01
4830	-7.281163e+01
4831	-7.003478e+01
4832	-7.267714e+01
4833	-7.010300e+01
4834	-7.200572e+01
4835	-7.098215e+01
4836	-7.182720e+01
4837	-7.277346e+01
4838	-7.152054e+01
4839	-7.133159e+01
4840	-7.402779e+01
4841	-7.257979e+01
4842	-7.411019e+01
4843	-7.160533e+01
4844	-7.026738e+01
4845	-7.046491e+01
4846	-7.368857e+01
4847	-7.031024e+01
4848	-7.251259e+01
4849	-7.462575e+01
4850	-7.060637e+01
4851	-7.313541e+01
4852	-7.063794e+01
4853	-7.433721e+01
4854	-7.496153e+01
4855	-7.584119e+01
4856	-7.286723e+01
4857	-7.496331e+01
4858	-7.206023e+01
4859	-7.340670e+01
4860	-7.092024e+01
4861	-7.223764e+01
4862	-7.468508e+01
4863	-7.513025e+01
4864	-6.958083e+01
4865	-7.407706e+01
4866	-6.964027e+01
4867	-7.401365e+01
4868	-7.588961e+01
4869	-7.871797e+01
4870	-7.680433e+01
4871	-7.276093e+01
4872	-7.323065e+01
4873	-7.592961e+01
4874	-7.260830e+01
4875	-7.527490e+01
4876	-7.403763e+01
4877	-7.698091e+01
4878	-7.237637e+01
4879	-7.257816e+01
4880	-7.243892e+01
4881	-7.459110e+01
4882	-6.911608e+01
4883	-7.460434e+01
4884	-7.694957e+01
4885	-7.206098e+01
4886	-7.417693e+01
4887	-7.003867e+01
4888	-7.045179e+01
4889	-7.345964e+01
4890	-7.399283e+01
4891	-7.296124e+01
4892	-7.211830e+01
4893	-7.478298e+01
4894	-7.400745e+01
4895	-7.186175e+01
4896	-7.322512e+01
4897	-7.310431e+01
4898	-7.104726e+01
4899	-7.780360e+01
4900	-7.561294e+01
4901	-7.143526e+01
4902	-7.309557e+01
4903	-7.435378e+01
4904	-7.234021e+01
4905	-7.312283e+01
4906	-7.427033e+01
4907	-7.267843e+01
4908	-7.301207e+01
4909	-7.496477e+01
4910	-7.238560e+01
4911	-7.494034e+01
4912	-7.276620e+01
4913	-7.332671e+01
4914	-7.357424e+01
4915	-7.286732e+01
4916	-7.012811e+01
4917	-7.494906e+01
4918	-7.472537e+01
4919	-7.417818e+01
4920	-7.282642e+01
4921	-7.259253e+01
4922	-7.406383e+01
4923	-7.387131e+01
4924	-7.405621e+01
4925	-7.223194e+01
4926	-7.366854e+01
4927	-7.361366e+01
4928	-7.147828e+01
4929	-7.354183e+01
4930	-7.684192e+01
4931	-7.282363e+01
4932	-7.082827e+01
4933	-7.266917e+01
4934	-7.696668e+01
4935	-7.285437e+01
4936	-7.241912e+01
4937	-7.351046e+01
4938	-7.243989e+01
4939	-7.080724e+01
4940	-7.501777e+01
4941	-7.077980e+01
4942	-7.157358e+01
4943	-7.110892e+01
4944	-7.404561e+01
4945	-7.479062e+01
4946	-7.564748e+01
4947	-7.357983e+01
4948	-7.707847e+01
4949	-7.184229e+01
4950	-7.312481e+01
4951	-7.198362e+01
4952	-7.242400e+01
4953	-7.389255e+01
4954	-7.486770e+01
4955	-7.116664e+01
4956	-7.707840e+01
4957	-7.523831e+01
4958	-7.228534e+01
4959	-7.041463e+01
4960	-7.448700e+01
4961	-7.050925e+01
4962	-7.083563e+01
4963	-7.577988e+01
4964	-7.201811e+01
4965	-7.283331e+01
4966	-7.425579e+01
4967	-7.158792e+01
4968	-7.579348e+01
4969	-7.383698e+01
4970	-7.304616e+01
4971	-7.393162e+01
4972	-7.392944e+01
4973	-7.320143e+01
4974	-7.519226e+01
4975	-7.635541e+01
4976	-7.410834e+01
4977	-7.410719e+01
4978	-7.093720e+01
4979	-7.189949e+01
4980	-7.169945e+01
4981	-7.541996e+01
4982	-7.332101e+01
4983	-7.166433e+01
4984	-7.217232e+01
4985	-7.698179e+01
4986	-7.427403e+01
4987	-7.142417e+01
4988	-7.026510e+01
4989	-7.335675e+01
4990	-7.463520e+01
4991	-7.129683e+01
4992	-7.582254e+01
4993	-7.416051e+01
4994	-7.482593e+01
4995	-7.099268e+01
4996	-7.335391e+01
4997	-7.025344e+01
4998	-7.743285e+01
4999	-7.343100e+01
5000	-7.429559e+01
5001	-6.912328e+01
5002	-7.164651e+01
5003	-7.397224e+01
5004	-7.455385e+01
5005	-7.518643e+01
5006	-7.032199e+01
5007	-7.050230e+01
5008	-7.421724e+01
5009	-7.736407e+01
5010	-7.507021e+01
5011	-7.323367e+01
5012	-7.560974e+01
5013	-7.633859e+01
5014	-7.309779e+01
5015	-6.973162e+01
5016	-7.562126e+01
5017	-7.403955e+01
5018	-7.507001e+01
5019	-7.338751e+01
5020	-7.195535e+01
5021	-7.412886e+01
5022	-7.524749e+01
5023	-7.300325e+01
5024	-7.641352e+01
5025	-7.358840e+01
5026	-7.326250e+01
5027	-6.945148e+01
5028	-7.665677e+01
5029	-7.497774e+01
5030	-7.394565e+01
5031	-7.592653e+01
5032	-7.063241e+01
5033	-7.356740e+01
5034	-7.589538e+01
5035	-7.501960e+01
5036	-7.375445e+01
5037	-7.201974e+01
5038	-7.441206e+01
5039	-7.480608e+01
5040	-7.351596e+01
5041	-7.083135e+01
5042	-7.335693e+01
5043	-7.194230e+01
5044	-7.533537e+01
5045	-7.500373e+01
5046	-7.081912e+01
5047	-7.344331e+01
5048	-7.801724e+01
5049	-7.284919e+01
5050	-7.198907e+01
5051	-6.890512e+01
5052	-7.482306e+01
5053	-7.448746e+01
5054	-7.388606e+01
5055	-7.149716e+01
5056	-7.248450e+01
5057	-7.294598e+01
5058	-7.234720e+01
5059	-7.286143e+01
5060	-7.263151e+01
5061	-7.196479e+01
5062	-7.178334e+01
5063	-7.412042e+01
5064	-7.227447e+01
5065	-7.234101e+01
5066	-7.670117e+01
5067	-7.319843e+01
5068	-7.108438e+01
5069	-7.388709e+01
5070	-6.921291e+01
5071	-7.473668e+01
5072	-7.552009e+01
5073	-7.457862e+01
5074	-7.359080e+01
5075	-7.322015e+01
5076	-7.622744e+01
5077	-7.353612e+01
5078	-7.340257e+01
5079	-7.138469e+01
5080	-7.301199e+01
5081	-7.219958e+01
5082	-7.079149e+01
5083	-7.151892e+01
5084	-7.600287e+01
5085	-7.453770e+01
5086	-7.192753e+01
5087	-7.414991e+01
5088	-7.300225e+01
5089	-7.671467e+01
5090	-7.274559e+01
5091	-7.172378e+01
5092	-7.054838e+01
5093	-7.342546e+01
5094	-7.282868e+01
5095	-7.316217e+01
5096	-7.602329e+01
5097	-7.663724e+01
5098	-6.750432e+01
5099	-7.183809e+01
5100	-7.395356e+01
5101	-7.449602e+01
5102	-7.118234e+01
5103	-7.468107e+01
5104	-7.336424e+01
5105	-7.300033e+01
5106	-7.440357e+01
5107	-7.327073e+01
5108	-7.377677e+01
5109	-7.626764e+01
5110	-7.332817e+01
5111	-7.210568e+01
5112	-7.197183e+01
5113	-7.328226e+01
5114	-7.597143e+01
5115	-7.283925e+01
5116	-7.379743e+01
5117	-7.592261e+01
5118	-7.693432e+01
5119	-7.311783e+01
5120	-7.527946e+01
5121	-7.101829e+01
5122	-7.325631e+01
5123	-7.413928e+01
5124	-7.264282e+01
5125	-7.654977e+01
5126	-7.310845e+01
5127	-6.864796e+01
5128	-7.473517e+01
5129	-7.411537e+01
5130	-7.212413e+01
5131	-7.149902e+01
5132	-7.149787e+01
5133	-7.326772e+01
5134	-7.182174e+01
5135	-7.163528e+01
5136	-7.599096e+01
5137	-7.471523e+01
5138	-7.579108e+01
5139	-7.473938e+01
5140	-7.715815e+01
5141	-7.204666e+01
5142	-7.536995e+01
5143	-7.712207e+01
5144	-7.232437e+01
5145	-7.293153e+01
5146	-7.477232e+01
5147	-7.555312e+01
5148	-7.356630e+01
5149	-7.301462e+01
5150	-7.436138e+01
5151	-7.408960e+01
5152	-7.208545e+01
5153	-7.302725e+01
5154	-7.249043e+01
5155	-7.442781e+01
5156	-7.517015e+01
5157	-7.187285e+01
5158	-7.460228e+01
5159	-7.357045e+01
5160	-7.210283e+01
5161	-7.647006e+01
5162	-7.304820e+01
5163	-7.335099e+01
5164	-7.416411e+01
5165	-7.597358e+01
5166	-7.248845e+01
5167	-7.452721e+01
5168	-7.298269e+01
5169	-7.213203e+01
5170	-7.039323e+01
5171	-7.459844e+01
5172	-7.645194e+01
5173	-7.330924e+01
5174	-7.216610e+01
5175	-7.356514e+01
5176	-7.316333e+01
5177	-7.406151e+01
5178	-7.237319e+01
5179	-7.594014e+01
5180	-7.138841e+01
5181	-7.201301e+01
5182	-6.899686e+01
5183	-7.114210e+01
5184	-7.221098e+01
5185	-7.462000e+01
5186	-7.380125e+01
5187	-7.437301e+01
5188	-7.387631e+01
5189	-7.201253e+01
5190	-7.000092e+01
5191	-7.759078e+01
5192	-7.457122e+01
5193	-7.535551e+01
5194	-6.941810e+01
5195	-7.139445e+01
5196	-7.256760e+01
5197	-7.165993e+01
5198	-7.136508e+01
5199	-7.275756e+01
5200	-7.352877e+01
5201	-7.159444e+01
5202	-7.511651e+01
5203	-7.320177e+01
5204	-7.219338e+01
5205	-7.252713e+01
5206	-7.287824e+01
5207	-7.276965e+01
5208	-7.670739e+01
5209	-7.609367e+01
5210	-7.332846e+01
5211	-7.412389e+01
5212	-7.653041e+01
5213	-7.356153e+01
5214	-7.419792e+01
5215	-7.130604e+01
5216	-7.175504e+01
5217	-7.523609e+01
5218	-7.247637e+01
5219	-7.173311e+01
5220	-7.262810e+01
5221	-7.200467e+01
5222	-7.102310e+01
5223	-7.362179e+01
5224	-7.291689e+01
5225	-7.191930e+01
5226	-7.510466e+01
5227	-7.835116e+01
5228	-7.043492e+01
5229	-7.325025e+01
5230	-7.432233e+01
5231	-7.613925e+01
5232	-7.312658e+01
5233	-7.276385e+01
5234	-7.291256e+01
5235	-7.387788e+01
5236	-7.437534e+01
5237	-7.330942e+01
5238	-6.995949e+01
5239	-7.139333e+01
5240	-7.365977e+01
5241	-7.297999e+01
5242	-7.258959e+01
5243	-7.364121e+01
5244	-7.302824e+01
5245	-6.905052e+01
5246	-7.312047e+01
5247	-7.288114e+01
5248	-7.504707e+01
5249	-7.634844e+01
5250	-6.849784e+01
5251	-7.412438e+01
5252	-7.249898e+01
5253	-7.203754e+01
5254	-6.925588e+01
5255	-7.331132e+01
5256	-7.446921e+01
5257	-6.853989e+01
5258	-7.427867e+01
5259	-7.487359e+01
5260	-7.144419e+01
5261	-7.390461e+01
5262	-7.095336e+01
5263	-7.532322e+01
5264	-7.229772e+01
5265	-7.178914e+01
5266	-7.407448e+01
5267	-7.236633e+01
5268	-7.561486e+01
5269	-7.714567e+01
5270	-7.325320e+01
5271	-7.142326e+01
5272	-7.481126e+01
5273	-6.784944e+01
5274	-7.592765e+01
5275	-7.370836e+01
5276	-7.159001e+01
5277	-7.557982e+01
5278	-7.069569e+01
5279	-7.290919e+01
5280	-7.411663e+01
5281	-6.867033e+01
5282	-7.235396e+01
5283	-7.312263e+01
5284	-7.383435e+01
5285	-7.424164e+01
5286	-6.924744e+01
5287	-7.491481e+01
5288	-7.115180e+01
5289	-7.203035e+01
5290	-7.390473e+01
5291	-7.414300e+01
5292	-6.980362e+01
5293	-7.349893e+01
5294	-7.013699e+01
5295	-7.257464e+01
5296	-7.353945e+01
5297	-7.758305e+01
5298	-7.345701e+01
5299	-6.937560e+01
5300	-7.415046e+01
5301	-7.945987e+01
5302	-7.385123e+01
5303	-6.956042e+01
5304	-7.390261e+01
5305	-7.305602e+01
5306	-7.826058e+01
5307	-6.997520e+01
5308	-7.649812e+01
5309	-7.402247e+01
5310	-6.930291e+01
5311	-7.517901e+01
5312	-7.273277e+01
5313	-7.432823e+01
5314	-7.600572e+01
5315	-7.052122e+01
5316	-7.142149e+01
5317	-7.229406e+01
5318	-7.265585e+01
5319	-6.740433e+01
5320	-7.131917e+01
5321	-7.225428e+01
5322	-7.402490e+01
5323	-7.381278e+01
5324	-7.259579e+01
5325	-6.972247e+01
5326	-7.453559e+01
5327	-7.385060e+01
5328	-7.593060e+01
5329	-7.162099e+01
5330	-7.381498e+01
5331	-7.370392e+01
5332	-7.060869e+01
5333	-7.094419e+01
5334	-7.307911e+01
5335	-7.276346e+01
5336	-7.238794e+01
5337	-7.222605e+01
5338	-7.548099e+01
5339	-7.433914e+01
5340	-7.475577e+01
5341	-7.526256e+01
5342	-7.069400e+01
5343	-7.334615e+01
5344	-7.674049e+01
5345	-7.295996e+01
5346	-7.583214e+01
5347	-7.452209e+01
5348	-7.310050e+01
5349	-7.357502e+01
5350	-7.410709e+01
5351	-7.146984e+01
5352	-7.492980e+01
5353	-7.376690e+01
5354	-7.439082e+01
5355	-7.465683e+01
5356	-7.114223e+01
5357	-7.680488e+01
5358	-7.360915e+01
5359	-6.957525e+01
5360	-7.276931e+01
5361	-7.457634e+01
5362	-6.664566e+01
5363	-7.589522e+01
5364	-7.912174e+01
5365	-7.469126e+01
5366	-7.493204e+01
5367	-7.362790e+01
5368	-7.595330e+01
5369	-7.558188e+01
5370	-7.398302e+01
5371	-7.591267e+01
5372	-7.297920e+01
5373	-7.020773e+01
5374	-7.144474e+01
5375	-7.144229e+01
5376	-7.719703e+01
5377	-7.544206e+01
5378	-7.098545e+01
5379	-7.150638e+01
5380	-7.533313e+01
5381	-7.472163e+01
5382	-7.200949e+01
5383	-7.213723e+01
5384	-7.203647e+01
5385	-7.329050e+01
5386	-7.086982e+01
5387	-7.085250e+01
5388	-6.913666e+01
5389	-7.757193e+01
5390	-7.440928e+01
5391	-7.041810e+01
5392	-7.037915e+01
5393	-7.063553e+01
5394	-7.209856e+01
5395	-7.990781e+01
5396	-7.021326e+01
5397	-7.068938e+01
5398	-7.146984e+01
5399	-7.120239e+01
5400	-7.410136e+01
5401	-7.433392e+01
5402	-7.539884e+01
5403	-7.528006e+01
5404	-7.192427e+01
5405	-7.353841e+01
5406	-7.529447e+01
5407	-7.268595e+01
5408	-7.279706e+01
5409	-7.499930e+01
5410	-6.892842e+01
5411	-7.389386e+01
5412	-7.468408e+01
5413	-7.587491e+01
5414	-7.601476e+01
5415	-7.599685e+01
5416	-7.102449e+01
5417	-7.325243e+01
5418	-7.333261e+01
5419	-7.417329e+01
5420	-7.467002e+01
5421	-7.512648e+01
5422	-7.573943e+01
5423	-7.066882e+01
5424	-7.457717e+01
5425	-7.670901e+01
5426	-7.120625e+01
5427	-7.397830e+01
5428	-7.380827e+01
5429	-7.412228e+01
5430	-7.495769e+01
5431	-7.231141e+01
5432	-7.548274e+01
5433	-7.160991e+01
5434	-7.443173e+01
5435	-7.445939e+01
5436	-7.205157e+01
5437	-7.709220e+01
5438	-7.252353e+01
5439	-7.240834e+01
5440	-7.296497e+01
5441	-7.552521e+01
5442	-7.001355e+01
5443	-7.075705e+01
5444	-7.512059e+01
5445	-7.386508e+01
5446	-7.488505e+01
5447	-7.150991e+01
5448	-7.490856e+01
5449	-7.126758e+01
5450	-7.143150e+01
5451	-7.712655e+01
5452	-7.122198e+01
5453	-7.145291e+01
5454	-7.391788e+01
5455	-7.469102e+01
5456	-7.371599e+01
5457	-7.506577e+01
5458	-7.382248e+01
5459	-7.039517e+01
5460	-7.413140e+01
5461	-7.108541e+01
5462	-7.076052e+01
5463	-7.624492e+01
5464	-7.349057e+01
5465	-7.171443e+01
5466	-7.177284e+01
5467	-7.247570e+01
5468	-7.621562e+01
5469	-7.246124e+01
5470	-7.179298e+01
5471	-7.175856e+01
5472	-7.337794e+01
5473	-7.359851e+01
5474	-7.321035e+01
5475	-7.371527e+01
5476	-7.626130e+01
5477	-7.207828e+01
5478	-7.308083e+01
5479	-7.624999e+01
5480	-7.289770e+01
5481	-7.442850e+01
5482	-7.264251e+01
5483	-7.323697e+01
5484	-7.573775e+01
5485	-7.337001e+01
5486	-7.221891e+01
5487	-6.823646e+01
5488	-7.138301e+01
5489	-7.255314e+01
5490	-7.476228e+01
5491	-7.713829e+01
5492	-7.434496e+01
5493	-7.553945e+01
5494	-7.556527e+01
5495	-7.110919e+01
5496	-7.844943e+01
5497	-7.278820e+01
5498	-7.529606e+01
5499	-6.994379e+01
5500	-7.403790e+01
5501	-7.344409e+01
5502	-7.521923e+01
5503	-7.588951e+01
5504	-7.441209e+01
5505	-7.554277e+01
5506	-7.289508e+01
5507	-7.077815e+01
5508	-7.451197e+01
5509	-7.223905e+01
5510	-7.103025e+01
5511	-7.760724e+01
5512	-7.457081e+01
5513	-7.206003e+01
5514	-7.428792e+01
5515	-7.342024e+01
5516	-7.321160e+01
5517	-7.262490e+01
5518	-7.393657e+01
5519	-7.478839e+01
5520	-7.106666e+01
5521	-6.963267e+01
5522	-7.274982e+01
5523	-7.473363e+01
5524	-7.433487e+01
5525	-7.467858e+01
5526	-7.405445e+01
5527	-7.087270e+01
5528	-7.078506e+01
5529	-7.487853e+01
5530	-7.650170e+01
5531	-7.358035e+01
5532	-6.764070e+01
5533	-7.313012e+01
5534	-7.558448e+01
5535	-7.402925e+01
5536	-7.126482e+01
5537	-7.156076e+01
5538	-7.130492e+01
5539	-7.263642e+01
5540	-7.420340e+01
5541	-7.467463e+01
5542	-7.430712e+01
5543	-7.458457e+01
5544	-7.334355e+01
5545	-7.287160e+01
5546	-7.205710e+01
5547	-7.407360e+01
5548	-7.618144e+01
5549	-7.219849e+01
5550	-7.009370e+01
5551	-7.136635e+01
5552	-7.517592e+01
5553	-7.255025e+01
5554	-7.174535e+01
5555	-6.757872e+01
5556	-7.214830e+01
5557	-7.237517e+01
5558	-7.310575e+01
5559	-7.620941e+01
5560	-7.267870e+01
5561	-7.388644e+01
5562	-7.227226e+01
5563	-7.114746e+01
5564	-7.276085e+01
5565	-7.486253e+01
5566	-7.454140e+01
5567	-7.080147e+01
5568	-7.453766e+01
5569	-7.691673e+01
5570	-6.917776e+01
5571	-7.234498e+01
5572	-7.167264e+01
5573	-7.480951e+01
5574	-7.376822e+01
5575	-7.241545e+01
5576	-7.534453e+01
5577	-7.424309e+01
5578	-7.391072e+01
5579	-7.072514e+01
5580	-7.482540e+01
5581	-7.674078e+01
5582	-7.395413e+01
5583	-7.522910e+01
5584	-7.244179e+01
5585	-7.099262e+01
5586	-7.325335e+01
5587	-7.291941e+01
5588	-7.595021e+01
5589	-7.606115e+01
5590	-7.493415e+01
5591	-7.633783e+01
5592	-7.781460e+01
5593	-7.417828e+01
5594	-7.104190e+01
5595	-7.359653e+01
5596	-7.329524e+01
5597	-7.299918e+01
5598	-7.462141e+01
5599	-7.299603e+01
5600	-7.115767e+01
5601	-6.913493e+01
5602	-7.237175e+01
5603	-7.384232e+01
5604	-7.875732e+01
5605	-7.223538e+01
5606	-7.571568e+01
5607	-7.548006e+01
5608	-7.506684e+01
5609	-7.094067e+01
5610	-7.324281e+01
5611	-7.423757e+01
5612	-7.453113e+01
5613	-7.126862e+01
5614	-7.324315e+01
5615	-7.407501e+01
5616	-7.138193e+01
5617	-7.229647e+01
5618	-7.566961e+01
5619	-7.413605e+01
5620	-7.135757e+01
5621	-7.136475e+01
5622	-7.311765e+01
5623	-7.494907e+01
5624	-7.234610e+01
5625	-7.153003e+01
5626	-7.418195e+01
5627	-7.423077e+01
5628	-7.581380e+01
5629	-7.321722e+01
5630	-6.919697e+01
5631	-7.619236e+01
5632	-7.174048e+01
5633	-7.368154e+01
5634	-7.160375e+01
5635	-7.746128e+01
5636	-6.968126e+01
5637	-7.390198e+01
5638	-7.409885e+01
5639	-7.452087e+01
5640	-7.540305e+01
5641	-7.173578e+01
5642	-7.063864e+01
5643	-7.121085e+01
5644	-7.139839e+01
5645	-7.446991e+01
5646	-7.485314e+01
5647	-7.321882e+01
5648	-7.558385e+01
5649	-7.360855e+01
5650	-6.984558e+01
5651	-7.157778e+01
5652	-7.253973e+01
5653	-7.548778e+01
5654	-7.079412e+01
5655	-7.457918e+01
5656	-7.360663e+01
5657	-7.294959e+01
5658	-7.084285e+01
5659	-7.022791e+01
5660	-7.080794e+01
5661	-7.353115e+01
5662	-7.682006e+01
5663	-7.365089e+01
5664	-7.094146e+01
5665	-7.133346e+01
5666	-7.605676e+01
5667	-7.121941e+01
5668	-7.223663e+01
5669	-6.928125e+01
5670	-7.419740e+01
5671	-6.960241e+01
5672	-6.945348e+01
5673	-7.278798e+01
5674	-7.387647e+01
5675	-7.384619e+01
5676	-7.340482e+01
5677	-7.335578e+01
5678	-7.269976e+01
5679	-7.324350e+01
5680	-7.290413e+01
5681	-7.095043e+01
5682	-7.227205e+01
5683	-7.092412e+01
5684	-6.967909e+01
5685	-7.731061e+01
5686	-7.056552e+01
5687	-7.329381e+01
5688	-7.169754e+01
5689	-7.409345e+01
5690	-7.481222e+01
5691	-7.713124e+01
5692	-7.150993e+01
5693	-7.364748e+01
5694	-7.478618e+01
5695	-7.406364e+01
5696	-7.511882e+01
5697	-7.309994e+01
5698	-7.119086e+01
5699	-7.795391e+01
5700	-7.355027e+01
5701	-7.372032e+01
5702	-7.513412e+01
5703	-7.544647e+01
5704	-7.328456e+01
5705	-7.447452e+01
5706	-7.647433e+01
5707	-7.405796e+01
5708	-7.399294e+01
5709	-7.320594e+01
5710	-7.575395e+01
5711	-7.227048e+01
5712	-7.116858e+01
5713	-7.363602e+01
5714	-7.605834e+01
5715	-7.519164e+01
5716	-7.324820e+01
5717	-7.355497e+01
5718	-7.442395e+01
5719	-7.268546e+01
5720	-7.022817e+01
5721	-7.493478e+01
5722	-7.534717e+01
5723	-7.358838e+01
5724	-7.419806e+01
5725	-7.346532e+01
5726	-7.105744e+01
5727	-7.420792e+01
5728	-7.191597e+01
5729	-7.325052e+01
5730	-7.516982e+01
5731	-7.417473e+01
5732	-7.091465e+01
5733	-7.116697e+01
5734	-7.183490e+01
5735	-7.254590e+01
5736	-7.759379e+01
5737	-7.425838e+01
5738	-7.072706e+01
5739	-7.400312e+01
5740	-7.625114e+01
5741	-7.035667e+01
5742	-7.142456e+01
5743	-7.269063e+01
5744	-7.387047e+01
5745	-7.540711e+01
5746	-7.640260e+01
5747	-7.312519e+01
5748	-7.455671e+01
5749	-7.022555e+01
5750	-7.131206e+01
5751	-7.706810e+01
5752	-7.066977e+01
5753	-7.398597e+01
5754	-7.371375e+01
5755	-7.608213e+01
5756	-7.168199e+01
5757	-7.061259e+01
5758	-7.021975e+01
5759	-7.296677e+01
5760	-7.407840e+01
5761	-7.294504e+01
5762	-7.018392e+01
5763	-7.351752e+01
5764	-7.271010e+01
5765	-7.039490e+01
5766	-7.410801e+01
5767	-7.262704e+01
5768	-7.183353e+01
5769	-7.535064e+01
5770	-6.912462e+01
5771	-7.116749e+01
5772	-7.295930e+01
5773	-7.240661e+01
5774	-7.416079e+01
5775	-7.529821e+01
5776	-7.319667e+01
5777	-7.346088e+01
5778	-7.437590e+01
5779	-7.092063e+01
5780	-7.485901e+01
5781	-7.245411e+01
5782	-7.102522e+01
5783	-6.857699e+01
5784	-7.172993e+01
5785	-7.703254e+01
5786	-7.244570e+01
5787	-7.423221e+01
5788	-6.948230e+01
5789	-7.242466e+01
5790	-7.535386e+01
5791	-7.006194e+01
5792	-7.432271e+01
5793	-7.148388e+01
5794	-7.612872e+01
5795	-7.372420e+01
5796	-7.070835e+01
5797	-6.990921e+01
5798	-7.166254e+01
5799	-7.208485e+01
5800	-7.307378e+01
5801	-7.178481e+01
5802	-7.367818e+01
5803	-7.114076e+01
5804	-7.319866e+01
5805	-6.991656e+01
5806	-7.467368e+01
5807	-6.929001e+01
5808	-7.549081e+01
5809	-7.199617e+01
5810	-7.248660e+01
5811	-7.437626e+01
5812	-7.220851e+01
5813	-7.199729e+01
5814	-7.379823e+01
5815	-7.258357e+01
5816	-7.188389e+01
5817	-7.056943e+01
5818	-7.161385e+01
5819	-7.395833e+01
5820	-7.492371e+01
5821	-7.151315e+01
5822	-7.170196e+01
5823	-7.229862e+01
5824	-7.065952e+01
5825	-7.609086e+01
5826	-7.771177e+01
5827	-7.473549e+01
5828	-7.367935e+01
5829	-6.963179e+01
5830	-7.336206e+01
5831	-7.255839e+01
5832	-7.383836e+01
5833	-7.254004e+01
5834	-7.304372e+01
5835	-7.292286e+01
5836	-7.069525e+01
5837	-7.065232e+01
5838	-7.360111e+01
5839	-7.391876e+01
5840	-7.431810e+01
5841	-7.304861e+01
5842	-7.184687e+01
5843	-7.186418e+01
5844	-7.670833e+01
5845	-7.490265e+01
5846	-7.269436e+01
5847	-7.364727e+01
5848	-7.195603e+01
5849	-7.292699e+01
5850	-7.076408e+01
5851	-7.404549e+01
5852	-7.745345e+01
5853	-7.189367e+01
5854	-7.479555e+01
5855	-7.478157e+01
5856	-7.264574e+01
5857	-7.208866e+01
5858	-7.162382e+01
5859	-7.342297e+01
5860	-7.395254e+01
5861	-7.279617e+01
5862	-7.055785e+01
5863	-7.470685e+01
5864	-7.131046e+01
5865	-7.143268e+01
5866	-7.096044e+01
5867	-7.661397e+01
5868	-7.394331e+01
5869	-7.539022e+01
5870	-7.582233e+01
5871	-7.182175e+01
5872	-7.335072e+01
5873	-7.046413e+01
5874	-7.269726e+01
5875	-7.150971e+01
5876	-7.159665e+01
5877	-7.227579e+01
5878	-7.686732e+01
5879	-7.471344e+01
5880	-7.511946e+01
5881	-7.643328e+01
5882	-7.390641e+01
5883	-7.481486e+01
5884	-7.365778e+01
5885	-7.544321e+01
5886	-7.571322e+01
5887	-7.255010e+01
5888	-7.447931e+01
5889	-7.032942e+01
5890	-7.415466e+01
5891	-7.411477e+01
5892	-7.144734e+01
5893	-7.478119e+01
5894	-7.424483e+01
5895	-7.707632e+01
5896	-7.508133e+01
5897	-7.547626e+01
5898	-7.370363e+01
5899	-7.462048e+01
5900	-7.433866e+01
5901	-7.156127e+01
5902	-7.374194e+01
5903	-7.407462e+01
5904	-7.325553e+01
5905	-7.091405e+01
5906	-7.256210e+01
5907	-7.467215e+01
5908	-7.287679e+01
5909	-7.018598e+01
5910	-7.435921e+01
5911	-7.419305e+01
5912	-7.051613e+01
5913	-7.234934e+01
5914	-7.074652e+01
5915	-7.217880e+01
5916	-7.443290e+01
5917	-7.183610e+01
5918	-7.288138e+01
5919	-7.578308e+01
5920	-7.336240e+01
5921	-7.540655e+01
5922	-7.658898e+01
5923	-7.242678e+01
5924	-7.452392e+01
5925	-7.475208e+01
5926	-7.499486e+01
5927	-7.093066e+01
5928	-7.483662e+01
5929	-7.279516e+01
5930	-7.371850e+01
5931	-7.117939e+01
5932	-7.370859e+01
5933	-7.148545e+01
5934	-7.299510e+01
5935	-7.255508e+01
5936	-7.436501e+01
5937	-7.388231e+01
5938	-7.153131e+01
5939	-7.014392e+01
5940	-7.451123e+01
5941	-7.307382e+01
5942	-7.657744e+01
5943	-7.299434e+01
5944	-7.359080e+01
5945	-7.371052e+01
5946	-7.420125e+01
5947	-6.928614e+01
5948	-7.050204e+01
5949	-7.484476e+01
5950	-7.208789e+01
5951	-7.095913e+01
5952	-7.488756e+01
5953	-7.266102e+01
5954	-7.488723e+01
5955	-7.526019e+01
5956	-7.435466e+01
5957	-7.525353e+01
5958	-7.321450e+01
5959	-7.175566e+01
5960	-7.405632e+01
5961	-7.529851e+01
5962	-7.345074e+01
5963	-7.048607e+01
5964	-7.222660e+01
5965	-7.081562e+01
5966	-7.421975e+01
5967	-7.109934e+01
5968	-7.432082e+01
5969	-7.117552e+01
5970	-7.122103e+01
5971	-7.407133e+01
5972	-6.923952e+01
5973	-7.484304e+01
5974	-7.616350e+01
5975	-7.623478e+01
5976	-7.065361e+01
5977	-7.279539e+01
5978	-7.194972e+01
5979	-7.430215e+01
5980	-7.184249e+01
5981	-7.503818e+01
5982	-7.414323e+01
5983	-7.453644e+01
5984	-7.565627e+01
5985	-7.246029e+01
5986	-7.458149e+01
5987	-7.388045e+01
5988	-7.561833e+01
5989	-7.743174e+01
5990	-7.223347e+01
5991	-7.332742e+01
5992	-7.009344e+01
5993	-6.984949e+01
5994	-7.197462e+01
5995	-7.073162e+01
5996	-7.554719e+01
5997	-7.413293e+01
5998	-7.384106e+01
5999	-7.124490e+01
6000	-7.576616e+01
6001	-7.453988e+01
6002	-7.319475e+01
6003	-7.093541e+01
6004	-7.258623e+01
6005	-7.264997e+01
6006	-7.426396e+01
6007	-7.536904e+01
6008	-7.117239e+01
6009	-7.108290e+01
6010	-7.457131e+01
6011	-7.269175e+01
6012	-7.293834e+01
6013	-7.195662e+01
6014	-7.500152e+01
6015	-7.466580e+01
6016	-7.636873e+01
6017	-7.212202e+01
6018	-7.445991e+01
6019	-7.353230e+01
6020	-6.716233e+01
6021	-7.016636e+01
6022	-7.667553e+01
6023	-7.789754e+01
6024	-7.126446e+01
6025	-7.581010e+01
6026	-7.534861e+01
6027	-7.518367e+01
6028	-7.825132e+01
6029	-7.570186e+01
6030	-7.409158e+01
6031	-7.366709e+01
6032	-7.487258e+01
6033	-7.024070e+01
6034	-7.469017e+01
6035	-7.378967e+01
6036	-7.112231e+01
6037	-7.276811e+01
6038	-7.205117e+01
6039	-7.258204e+01
6040	-7.592426e+01
6041	-7.032416e+01
6042	-7.107601e+01
6043	-7.510146e+01
6044	-7.678993e+01
6045	-7.355238e+01
6046	-7.404081e+01
6047	-7.711976e+01
6048	-7.197001e+01
6049	-7.557155e+01
6050	-7.129861e+01
6051	-7.213485e+01
6052	-7.128737e+01
6053	-7.738788e+01
6054	-6.948452e+01
6055	-7.709219e+01
6056	-7.193111e+01
6057	-7.198338e+01
6058	-7.282995e+01
6059	-7.273953e+01
6060	-7.125956e+01
6061	-7.553835e+01
6062	-7.197896e+01
6063	-7.287621e+01
6064	-7.203797e+01
6065	-7.424870e+01
6066	-7.472974e+01
6067	-7.404369e+01
6068	-7.236662e+01
6069	-7.203468e+01
6070	-7.260576e+01
6071	-7.068423e+01
6072	-7.012357e+01
6073	-7.375822e+01
6074	-7.271460e+01
6075	-7.197929e+01
6076	-7.421669e+01
6077	-7.122716e+01
6078	-7.439369e+01
6079	-7.216480e+01
6080	-7.421185e+01
6081	-7.255540e+01
6082	-7.226741e+01
6083	-7.426688e+01
6084	-7.622106e+01
6085	-7.736612e+01
6086	-7.413795e+01
6087	-7.083328e+01
6088	-7.458091e+01
6089	-7.470653e+01
6090	-7.589637e+01
6091	-7.469706e+01
6092	-7.475614e+01
6093	-7.176027e+01
6094	-7.142269e+01
6095	-7.309463e+01
6096	-7.612616e+01
6097	-7.554916e+01
6098	-7.860474e+01
6099	-7.379398e+01
6100	-7.376791e+01
6101	-7.245088e+01
6102	-7.491912e+01
6103	-7.608849e+01
6104	-7.211891e+01
6105	-7.253892e+01
6106	-6.899444e+01
6107	-7.331748e+01
6108	-7.686130e+01
6109	-7.026994e+01
6110	-7.310090e+01
6111	-7.108544e+01
6112	-7.464386e+01
6113	-7.248562e+01
6114	-7.284732e+01
6115	-7.292862e+01
6116	-7.016357e+01
6117	-7.301397e+01
6118	-7.701441e+01
6119	-7.320757e+01
6120	-7.843166e+01
6121	-7.523811e+01
6122	-7.211222e+01
6123	-7.430250e+01
6124	-7.507003e+01
6125	-7.218512e+01
6126	-7.181232e+01
6127	-7.322682e+01
6128	-7.114164e+01
6129	-7.239112e+01
6130	-7.392708e+01
6131	-7.280504e+01
6132	-7.386538e+01
6133	-7.299717e+01
6134	-7.535723e+01
6135	-7.206447e+01
6136	-7.073378e+01
6137	-7.163928e+01
6138	-7.121616e+01
6139	-7.206965e+01
6140	-7.375951e+01
6141	-7.186421e+01
6142	-7.283285e+01
6143	-7.422147e+01
6144	-6.979668e+01
6145	-7.536219e+01
6146	-7.110634e+01
6147	-7.263106e+01
6148	-7.331254e+01
6149	-7.227040e+01
6150	-7.187247e+01
6151	-7.527684e+01
6152	-7.188293e+01
6153	-7.203863e+01
6154	-6.952590e+01
6155	-7.074465e+01
6156	-7.240595e+01
6157	-7.341757e+01
6158	-7.383703e+01
6159	-7.100440e+01
6160	-7.307837e+01
6161	-7.407159e+01
6162	-7.454734e+01
6163	-7.501813e+01
6164	-7.497729e+01
6165	-7.398764e+01
6166	-7.255773e+01
6167	-7.597644e+01
6168	-7.510859e+01
6169	-7.169155e+01
6170	-7.437951e+01
6171	-7.432473e+01
6172	-7.019593e+01
6173	-7.411349e+01
6174	-7.505539e+01
6175	-7.464576e+01
6176	-7.483836e+01
6177	-7.253655e+01
6178	-7.111988e+01
6179	-7.385682e+01
6180	-7.456238e+01
6181	-7.542934e+01
6182	-7.276338e+01
6183	-6.889709e+01
6184	-7.340740e+01
6185	-7.447262e+01
6186	-7.533884e+01
6187	-7.209776e+01
6188	-7.410707e+01
6189	-7.197962e+01
6190	-7.284233e+01
6191	-7.585246e+01
6192	-7.533295e+01
6193	-7.232434e+01
6194	-7.224295e+01
6195	-7.132725e+01
6196	-7.365572e+01
6197	-6.989145e+01
6198	-7.422916e+01
6199	-7.333206e+01
6200	-7.335280e+01
6201	-7.404838e+01
6202	-7.440569e+01
6203	-7.297894e+01
6204	-7.386240e+01
6205	-6.971653e+01
6206	-7.382614e+01
6207	-7.470943e+01
6208	-7.166218e+01
6209	-7.263759e+01
6210	-7.565917e+01
6211	-7.160798e+01
6212	-7.340702e+01
6213	-7.434676e+01
6214	-7.075849e+01
6215	-7.558222e+01
6216	-7.777314e+01
6217	-7.202738e+01
6218	-7.500226e+01
6219	-6.956250e+01
6220	-7.326879e+01
6221	-7.514773e+01
6222	-7.293593e+01
6223	-7.141081e+01
6224	-7.404594e+01
6225	-7.414479e+01
6226	-7.418930e+01
6227	-7.240329e+01
6228	-7.119985e+01
6229	-7.613768e+01
6230	-7.147597e+01
6231	-7.184629e+01
6232	-7.419720e+01
6233	-7.455226e+01
6234	-7.260738e+01
6235	-7.379385e+01
6236	-7.198571e+01
6237	-7.128683e+01
6238	-7.062633e+01
6239	-7.614382e+01
6240	-7.318471e+01
6241	-7.487215e+01
6242	-7.346836e+01
6243	-7.258595e+01
6244	-7.302254e+01
6245	-7.100507e+01
6246	-7.572658e+01
6247	-7.389599e+01
6248	-7.082681e+01
6249	-7.387360e+01
6250	-7.505390e+01
6251	-7.454405e+01
6252	-7.700357e+01
6253	-7.300953e+01
6254	-7.439416e+01
6255	-7.167951e+01
6256	-7.912079e+01
6257	-7.058502e+01
6258	-7.401740e+01
6259	-7.436311e+01
6260	-7.337834e+01
6261	-7.275401e+01
6262	-7.049352e+01
6263	-7.344597e+01
6264	-7.438422e+01
6265	-7.412562e+01
6266	-6.945068e+01
6267	-7.079013e+01
6268	-7.195974e+01
6269	-6.967320e+01
6270	-7.524149e+01
6271	-7.477636e+01
6272	-7.345904e+01
6273	-7.435929e+01
6274	-7.156006e+01
6275	-7.049521e+01
6276	-7.420255e+01
6277	-7.451305e+01
6278	-7.205885e+01
6279	-7.720608e+01
6280	-7.121524e+01
6281	-7.074633e+01
6282	-7.254303e+01
6283	-7.507229e+01
6284	-6.974375e+01
6285	-7.512372e+01
6286	-7.091753e+01
6287	-7.540942e+01
6288	-7.415314e+01
6289	-7.420543e+01
6290	-7.230440e+01
6291	-7.376884e+01
6292	-7.264648e+01
6293	-7.374737e+01
6294	-7.742054e+01
6295	-6.993793e+01
6296	-7.101627e+01
6297	-7.518235e+01
6298	-7.458543e+01
6299	-7.568789e+01
6300	-7.221913e+01
6301	-7.034387e+01
6302	-7.510399e+01
6303	-7.132770e+01
6304	-7.292140e+01
6305	-7.261408e+01
6306	-7.336650e+01
6307	-7.092530e+01
6308	-7.179345e+01
6309	-7.333665e+01
6310	-7.372432e+01
6311	-7.247958e+01
6312	-7.152257e+01
6313	-7.379034e+01
6314	-7.378303e+01
6315	-7.483270e+01
6316	-6.973293e+01
6317	-7.199552e+01
6318	-7.912104e+01
6319	-7.426597e+01
6320	-7.313575e+01
6321	-7.144410e+01
6322	-7.495467e+01
6323	-7.264548e+01
6324	-7.310434e+01
6325	-7.111536e+01
6326	-7.470982e+01
6327	-7.346286e+01
6328	-7.105588e+01
6329	-7.629999e+01
6330	-7.358200e+01
6331	-7.352868e+01
6332	-7.165851e+01
6333	-7.234485e+01
6334	-7.429546e+01
6335	-7.211258e+01
6336	-7.422184e+01
6337	-7.373248e+01
6338	-7.437172e+01
6339	-7.067765e+01
6340	-7.376190e+01
6341	-7.693940e+01
6342	-7.383208e+01
6343	-7.388790e+01
6344	-7.263174e+01
6345	-7.055225e+01
6346	-7.087793e+01
6347	-7.378351e+01
6348	-7.458850e+01
6349	-7.406940e+01
6350	-7.010732e+01
6351	-7.434531e+01
6352	-7.297747e+01
6353	-7.218390e+01
6354	-7.387141e+01
6355	-7.196535e+01
6356	-7.518851e+01
6357	-7.458998e+01
6358	-7.338435e+01
6359	-7.376013e+01
6360	-7.553987e+01
6361	-7.777149e+01
6362	-7.137289e+01
6363	-7.434641e+01
6364	-7.100699e+01
6365	-7.355529e+01
6366	-7.333404e+01
6367	-7.189899e+01
6368	-7.404886e+01
6369	-7.407420e+01
6370	-7.335013e+01
6371	-7.372317e+01
6372	-7.712714e+01
6373	-7.562320e+01
6374	-7.457194e+01
6375	-7.584884e+01
6376	-7.468393e+01
6377	-7.256121e+01
6378	-7.487541e+01
6379	-7.230986e+01
6380	-7.269940e+01
6381	-7.255879e+01
6382	-7.718853e+01
6383	-7.283327e+01
6384	-7.094025e+01
6385	-7.070867e+01
6386	-7.465846e+01
6387	-7.378140e+01
6388	-7.179780e+01
6389	-6.948490e+01
6390	-7.217247e+01
6391	-7.586674e+01
6392	-7.273185e+01
6393	-7.827366e+01
6394	-7.463676e+01
6395	-7.490055e+01
6396	-7.455774e+01
6397	-7.478047e+01
6398	-7.473035e+01
6399	-7.318224e+01
6400	-7.198925e+01
6401	-7.193972e+01
6402	-7.670800e+01
6403	-7.431487e+01
6404	-7.564026e+01
6405	-7.358942e+01
6406	-7.073138e+01
6407	-7.120190e+01
6408	-7.086282e+01
6409	-7.489385e+01
6410	-7.157870e+01
6411	-7.150410e+01
6412	-7.351053e+01
6413	-7.444785e+01
6414	-7.059883e+01
6415	-7.308216e+01
6416	-7.337647e+01
6417	-7.218169e+01
6418	-7.113583e+01
6419	-7.456231e+01
6420	-7.408477e+01
6421	-7.184183e+01
6422	-7.603054e+01
6423	-7.162571e+01
6424	-7.298890e+01
6425	-7.254862e+01
6426	-6.995594e+01
6427	-7.251152e+01
6428	-7.241616e+01
6429	-7.124544e+01
6430	-7.494677e+01
6431	-6.990617e+01
6432	-6.961116e+01
6433	-6.918640e+01
6434	-7.570719e+01
6435	-7.519473e+01
6436	-7.137560e+01
6437	-7.162443e+01
6438	-7.207018e+01
6439	-7.391586e+01
6440	-7.228177e+01
6441	-6.981967e+01
6442	-7.335890e+01
6443	-7.267424e+01
6444	-7.400945e+01
6445	-6.900163e+01
6446	-7.438918e+01
6447	-6.956011e+01
6448	-7.244733e+01
6449	-6.942189e+01
6450	-7.346140e+01
6451	-7.431122e+01
6452	-7.376564e+01
6453	-7.344792e+01
6454	-6.809495e+01
6455	-7.384499e+01
6456	-7.431479e+01
6457	-7.371710e+01
6458	-7.687613e+01
6459	-7.472917e+01
6460	-7.084896e+01
6461	-7.141404e+01
6462	-7.156720e+01
6463	-7.044822e+01
6464	-7.054290e+01
6465	-7.003187e+01
6466	-7.285228e+01
6467	-7.604371e+01
6468	-7.233612e+01
6469	-7.484413e+01
6470	-7.628902e+01
6471	-7.564525e+01
6472	-7.236676e+01
6473	-7.572692e+01
6474	-7.647007e+01
6475	-7.937597e+01
6476	-7.285983e+01
6477	-7.543103e+01
6478	-7.377358e+01
6479	-7.478605e+01
6480	-7.392575e+01
6481	-7.445822e+01
6482	-7.024832e+01
6483	-7.406168e+01
6484	-7.080151e+01
6485	-7.445784e+01
6486	-7.115825e+01
6487	-7.508805e+01
6488	-7.503603e+01
6489	-7.301167e+01
6490	-7.466372e+01
6491	-7.289603e+01
6492	-7.283403e+01
6493	-7.391209e+01
6494	-7.087949e+01
6495	-7.422934e+01
6496	-7.293596e+01
6497	-7.530270e+01
6498	-7.280957e+01
6499	-7.259016e+01
6500	-7.439487e+01
6501	-7.619474e+01
6502	-7.338709e+01
6503	-7.752954e+01
6504	-7.122334e+01
6505	-7.414434e+01
6506	-7.345090e+01
6507	-7.415599e+01
6508	-7.452471e+01
6509	-7.661013e+01
6510	-7.438847e+01
6511	-7.283897e+01
6512	-7.236715e+01
6513	-7.389379e+01
6514	-7.617063e+01
6515	-7.220147e+01
6516	-7.344922e+01
6517	-7.423100e+01
6518	-7.157343e+01
6519	-7.110991e+01
6520	-7.324714e+01
6521	-7.360308e+01
6522	-7.223920e+01
6523	-7.363812e+01
6524	-7.234818e+01
6525	-7.099650e+01
6526	-6.950284e+01
6527	-7.203285e+01
6528	-7.354508e+01
6529	-7.731325e+01
6530	-7.499574e+01
6531	-7.488437e+01
6532	-7.597559e+01
6533	-7.356443e+01
6534	-7.343190e+01
6535	-6.808998e+01
6536	-7.208882e+01
6537	-7.491208e+01
6538	-7.253090e+01
6539	-7.405648e+01
6540	-7.489266e+01
6541	-7.409890e+01
6542	-7.448324e+01
6543	-7.540254e+01
6544	-7.272360e+01
6545	-7.464282e+01
6546	-7.690656e+01
6547	-7.300166e+01
6548	-7.663919e+01
6549	-7.384083e+01
6550	-7.364082e+01
6551	-7.500775e+01
6552	-7.690911e+01
6553	-7.391301e+01
6554	-7.262938e+01
6555	-7.083046e+01
6556	-7.436527e+01
6557	-7.363989e+01
6558	-7.255713e+01
6559	-7.264429e+01
6560	-7.411333e+01
6561	-7.279042e+01
6562	-7.011813e+01
6563	-7.685106e+01
6564	-7.375885e+01
6565	-7.431420e+01
6566	-7.267511e+01
6567	-7.241098e+01
6568	-7.467125e+01
6569	-7.504233e+01
6570	-7.503107e+01
6571	-7.373669e+01
6572	-7.186117e+01
6573	-7.343704e+01
6574	-7.066837e+01
6575	-7.293468e+01
6576	-7.454068e+01
6577	-7.370866e+01
6578	-7.291205e+01
6579	-7.271547e+01
6580	-7.317885e+01
6581	-7.544626e+01
6582	-7.636203e+01
6583	-7.479786e+01
6584	-7.251451e+01
6585	-7.015598e+01
6586	-7.351912e+01
6587	-7.610855e+01
6588	-7.547137e+01
6589	-7.406268e+01
6590	-7.088666e+01
6591	-7.408710e+01
6592	-7.238701e+01
6593	-7.196328e+01
6594	-7.121777e+01
6595	-7.424017e+01
6596	-7.767141e+01
6597	-7.264984e+01
6598	-7.383077e+01
6599	-7.190657e+01
6600	-7.538314e+01
6601	-7.387118e+01
6602	-7.284226e+01
6603	-7.297220e+01
6604	-7.540861e+01
6605	-7.530304e+01
6606	-7.473646e+01
6607	-7.616713e+01
6608	-7.392790e+01
6609	-7.352948e+01
6610	-7.176420e+01
6611	-7.306109e+01
6612	-7.128871e+01
6613	-7.264994e+01
6614	-7.194909e+01
6615	-7.461928e+01
6616	-7.126712e+01
6617	-7.257322e+01
6618	-7.209485e+01
6619	-7.379298e+01
6620	-7.339172e+01
6621	-7.357633e+01
6622	-7.349391e+01
6623	-7.520648e+01
6624	-7.274306e+01
6625	-7.411608e+01
6626	-7.594809e+01
6627	-7.498788e+01
6628	-7.433692e+01
6629	-7.330425e+01
6630	-6.908283e+01
6631	-7.440035e+01
6632	-7.192316e+01
6633	-7.463487e+01
6634	-7.284662e+01
6635	-7.231697e+01
6636	-7.442668e+01
6637	-7.293007e+01
6638	-7.563733e+01
6639	-7.236391e+01
6640	-7.136897e+01
6641	-7.506970e+01
6642	-7.206576e+01
6643	-7.353097e+01
6644	-7.727065e+01
6645	-7.481455e+01
6646	-7.085525e+01
6647	-7.194499e+01
6648	-7.310194e+01
6649	-7.441563e+01
6650	-6.909230e+01
6651	-7.431927e+01
6652	-7.492901e+01
6653	-7.098533e+01
6654	-7.288206e+01
6655	-7.080570e+01
6656	-7.645605e+01
6657	-7.135874e+01
6658	-7.296578e+01
6659	-7.353059e+01
6660	-7.424272e+01
6661	-7.021295e+01
6662	-7.232493e+01
6663	-6.891055e+01
6664	-7.535540e+01
6665	-7.322564e+01
6666	-7.468434e+01
6667	-7.346813e+01
6668	-7.399377e+01
6669	-7.154764e+01
6670	-7.424646e+01
6671	-7.344837e+01
6672	-7.084333e+01
6673	-7.605529e+01
6674	-7.416554e+01
6675	-7.264983e+01
6676	-7.742019e+01
6677	-7.646403e+01
6678	-7.384987e+01
6679	-7.475878e+01
6680	-7.504749e+01
6681	-7.333123e+01
6682	-7.093322e+01
6683	-6.845100e+01
6684	-7.044574e+01
6685	-7.424042e+01
6686	-7.768853e+01
6687	-7.394491e+01
6688	-7.239291e+01
6689	-7.617942e+01
6690	-6.947526e+01
6691	-7.357366e+01
6692	-7.491787e+01
6693	-7.460434e+01
6694	-7.593151e+01
6695	-7.143782e+01
6696	-7.492775e+01
6697	-7.578821e+01
6698	-7.856241e+01
6699	-7.294254e+01
6700	-7.451504e+01
6701	-7.674175e+01
6702	-7.332196e+01
6703	-7.375189e+01
6704	-7.053175e+01
6705	-7.244598e+01
6706	-7.474489e+01
6707	-7.008962e+01
6708	-7.154198e+01
6709	-7.234003e+01
6710	-7.383137e+01
6711	-7.410450e+01
6712	-7.336429e+01
6713	-7.465556e+01
6714	-7.150933e+01
6715	-7.354981e+01
6716	-7.711387e+01
6717	-7.365911e+01
6718	-7.515046e+01
6719	-7.480247e+01
6720	-7.526379e+01
6721	-7.323844e+01
6722	-7.686725e+01
6723	-7.169657e+01
6724	-7.337406e+01
6725	-7.465299e+01
6726	-7.454421e+01
6727	-7.492664e+01
6728	-7.342165e+01
6729	-7.510857e+01
6730	-7.178271e+01
6731	-7.245556e+01
6732	-7.339722e+01
6733	-7.272124e+01
6734	-7.249659e+01
6735	-7.661628e+01
6736	-6.992639e+01
6737	-7.019886e+01
6738	-7.282680e+01
6739	-7.561534e+01
6740	-7.090498e+01
6741	-7.634445e+01
6742	-7.047581e+01
6743	-7.047332e+01
6744	-7.181406e+01
6745	-7.343061e+01
6746	-7.669911e+01
6747	-7.567494e+01
6748	-7.272200e+01
6749	-7.645043e+01
6750	-7.123640e+01
6751	-7.427988e+01
6752	-7.447165e+01
6753	-7.465116e+01
6754	-7.315352e+01
6755	-7.414071e+01
6756	-7.456283e+01
6757	-7.428106e+01
6758	-7.574175e+01
6759	-7.614997e+01
6760	-7.237078e+01
6761	-7.214135e+01
6762	-7.752354e+01
6763	-7.161838e+01
6764	-7.270407e+01
6765	-7.110071e+01
6766	-7.024729e+01
6767	-7.196530e+01
6768	-7.018643e+01
6769	-7.364728e+01
6770	-7.074627e+01
6771	-7.612037e+01
6772	-7.295770e+01
6773	-7.098721e+01
6774	-7.199869e+01
6775	-7.059018e+01
6776	-7.396121e+01
6777	-7.056609e+01
6778	-7.413004e+01
6779	-7.107139e+01
6780	-7.470467e+01
6781	-7.487364e+01
6782	-7.337829e+01
6783	-7.421678e+01
6784	-7.717420e+01
6785	-7.443941e+01
6786	-7.379039e+01
6787	-7.366118e+01
6788	-7.331735e+01
6789	-7.494437e+01
6790	-7.532319e+01
6791	-7.039455e+01
6792	-7.027921e+01
6793	-7.480810e+01
6794	-7.414312e+01
6795	-7.468684e+01
6796	-7.292222e+01
6797	-7.118324e+01
6798	-7.259195e+01
6799	-7.539503e+01
6800	-7.195009e+01
6801	-7.181330e+01
6802	-7.450735e+01
6803	-7.331226e+01
6804	-7.121184e+01
6805	-7.423088e+01
6806	-7.158612e+01
6807	-7.186403e+01
6808	-7.345410e+01
6809	-7.470406e+01
6810	-7.043740e+01
6811	-7.287578e+01
6812	-7.025786e+01
6813	-7.367445e+01
6814	-7.284141e+01
6815	-7.603279e+01
6816	-7.733720e+01
6817	-7.153411e+01
6818	-7.188493e+01
6819	-7.204272e+01
6820	-7.056178e+01
6821	-7.378124e+01
6822	-7.336383e+01
6823	-7.369663e+01
6824	-7.123953e+01
6825	-7.186723e+01
6826	-7.131311e+01
6827	-7.641624e+01
6828	-7.329625e+01
6829	-7.286145e+01
6830	-6.939235e+01
6831	-7.286365e+01
6832	-7.329131e+01
6833	-7.466508e+01
6834	-7.487052e+01
6835	-7.387405e+01
6836	-7.315632e+01
6837	-7.480068e+01
6838	-7.364361e+01
6839	-6.905124e+01
6840	-7.159711e+01
6841	-7.181398e+01
6842	-7.371647e+01
6843	-7.431482e+01
6844	-6.964386e+01
6845	-7.213054e+01
6846	-7.669735e+01
6847	-7.262240e+01
6848	-7.202516e+01
6849	-7.269792e+01
6850	-7.386318e+01
6851	-6.803265e+01
6852	-7.179788e+01
6853	-7.540795e+01
6854	-7.640641e+01
6855	-7.203411e+01
6856	-7.897890e+01
6857	-7.482994e+01
6858	-7.047981e+01
6859	-7.292635e+01
6860	-7.576033e+01
6861	-7.542745e+01
6862	-7.425287e+01
6863	-7.260175e+01
6864	-7.216621e+01
6865	-7.698580e+01
6866	-7.670733e+01
6867	-6.911563e+01
6868	-7.599023e+01
6869	-7.048914e+01
6870	-7.512564e+01
6871	-7.511359e+01
6872	-7.682664e+01
6873	-7.361075e+01
6874	-7.424682e+01
6875	-7.199338e+01
6876	-7.384024e+01
6877	-7.673408e+01
6878	-7.401828e+01
6879	-7.079176e+01
6880	-7.527153e+01
6881	-7.246472e+01
6882	-7.362921e+01
6883	-7.209880e+01
6884	-7.449565e+01
6885	-7.578998e+01
6886	-7.184516e+01
6887	-7.296318e+01
6888	-7.027542e+01
6889	-7.502065e+01
6890	-7.502628e+01
6891	-7.606809e+01
6892	-7.606483e+01
6893	-7.178024e+01
6894	-6.931036e+01
6895	-7.298070e+01
6896	-7.484349e+01
6897	-7.101602e+01
6898	-7.150130e+01
6899	-7.189850e+01
6900	-7.177554e+01
6901	-7.102676e+01
6902	-7.245686e+01
6903	-7.586353e+01
6904	-7.347565e+01
6905	-6.990257e+01
6906	-7.254209e+01
6907	-7.301472e+01
6908	-7.160807e+01
6909	-7.032600e+01
6910	-7.317313e+01
6911	-7.339959e+01
6912	-7.491215e+01
6913	-7.084146e+01
6914	-6.849693e+01
6915	-7.110419e+01
6916	-7.216559e+01
6917	-7.473850e+01
6918	-7.147877e+01
6919	-7.265244e+01
6920	-7.053611e+01
6921	-7.308398e+01
6922	-7.130070e+01
6923	-7.541642e+01
6924	-7.063593e+01
6925	-7.437428e+01
6926	-7.156681e+01
6927	-7.281315e+01
6928	-7.829978e+01
6929	-7.130909e+01
6930	-7.603783e+01
6931	-7.276342e+01
6932	-7.331068e+01
6933	-7.119045e+01
6934	-7.356625e+01
6935	-7.575852e+01
6936	-7.247064e+01
6937	-7.238496e+01
6938	-7.216403e+01
6939	-7.215442e+01
6940	-7.655065e+01
6941	-7.111422e+01
6942	-7.232701e+01
6943	-7.153024e+01
6944	-7.214220e+01
6945	-7.461791e+01
6946	-7.438383e+01
6947	-7.389405e+01
6948	-7.295687e+01
6949	-7.224771e+01
6950	-7.086811e+01
6951	-7.264320e+01
6952	-7.507328e+01
6953	-7.186773e+01
6954	-7.464655e+01
6955	-7.499031e+01
6956	-7.366271e+01
6957	-7.205638e+01
6958	-7.521524e+01
6959	-7.362906e+01
6960	-7.321597e+01
6961	-7.311809e+01
6962	-7.058095e+01
6963	-7.352313e+01
6964	-7.275207e+01
6965	-7.364777e+01
6966	-7.385970e+01
6967	-7.514208e+01
6968	-7.467457e+01
6969	-7.517916e+01
6970	-7.405079e+01
6971	-7.154006e+01
6972	-7.144557e+01
6973	-7.293304e+01
6974	-6.924295e+01
6975	-7.206454e+01
6976	-7.319038e+01
6977	-7.003356e+01
6978	-7.676542e+01
6979	-7.255631e+01
6980	-7.362475e+01
6981	-7.424938e+01
6982	-7.467228e+01
6983	-6.840632e+01
6984	-7.801007e+01
6985	-7.586527e+01
6986	-7.523971e+01
6987	-7.277513e+01
6988	-7.121097e+01
6989	-7.348867e+01
6990	-7.490750e+01
6991	-6.995341e+01
6992	-7.080780e+01
6993	-7.281664e+01
6994	-7.010866e+01
6995	-7.330145e+01
6996	-7.489555e+01
6997	-7.153754e+01
6998	-7.209321e+01
6999	-7.500470e+01
7000	-7.390534e+01
7001	-7.163113e+01
7002	-7.412970e+01
7003	-7.273834e+01
7004	-7.272268e+01
7005	-6.854950e+01
7006	-7.493025e+01
7007	-7.414839e+01
7008	-7.038437e+01
7009	-7.172226e+01
7010	-7.177037e+01
7011	-7.260617e+01
7012	-6.940186e+01
7013	-7.459330e+01
7014	-7.414827e+01
7015	-7.142101e+01
7016	-7.354626e+01
7017	-7.776525e+01
7018	-7.351068e+01
7019	-7.372863e+01
7020	-7.224274e+01
7021	-7.242428e+01
7022	-7.578106e+01
7023	-7.231733e+01
7024	-7.324868e+01
7025	-7.627355e+01
7026	-7.407737e+01
7027	-7.306508e+01
7028	-7.149608e+01
7029	-7.335961e+01
7030	-7.250082e+01
7031	-7.455175e+01
7032	-7.356809e+01
7033	-7.352825e+01
7034	-7.141474e+01
7035	-7.182047e+01
7036	-7.272217e+01
7037	-7.245069e+01
7038	-7.119689e+01
7039	-7.221421e+01
7040	-7.611398e+01
7041	-7.115111e+01
7042	-7.381421e+01
7043	-7.119349e+01
7044	-7.699537e+01
7045	-7.467089e+01
7046	-7.373630e+01
7047	-7.190034e+01
7048	-7.179620e+01
7049	-7.707697e+01
7050	-7.097979e+01
7051	-7.140069e+01
7052	-7.570119e+01
7053	-7.346884e+01
7054	-7.249882e+01
7055	-7.441243e+01
7056	-7.723941e+01
7057	-7.418218e+01
7058	-7.545982e+01
7059	-7.375428e+01
7060	-7.296389e+01
7061	-7.192297e+01
7062	-7.088978e+01
7063	-7.138182e+01
7064	-7.298999e+01
7065	-7.108130e+01
7066	-7.301126e+01
7067	-7.101817e+01
7068	-7.458541e+01
7069	-7.426616e+01
7070	-7.116110e+01
7071	-7.435019e+01
7072	-7.389515e+01
7073	-7.333979e+01
7074	-7.078715e+01
7075	-7.559211e+01
7076	-7.190180e+01
7077	-7.645951e+01
7078	-7.379736e+01
7079	-7.295430e+01
7080	-7.913051e+01
7081	-7.531460e+01
7082	-7.025030e+01
7083	-7.275938e+01
7084	-7.525700e+01
7085	-7.271948e+01
7086	-7.391259e+01
7087	-7.513795e+01
7088	-7.712228e+01
7089	-7.042654e+01
7090	-7.009516e+01
7091	-7.107514e+01
7092	-7.537834e+01
7093	-6.907133e+01
7094	-7.410462e+01
7095	-7.537268e+01
7096	-7.421253e+01
7097	-7.466581e+01
7098	-7.504924e+01
7099	-7.293707e+01
7100	-7.507376e+01
7101	-7.364260e+01
7102	-7.577742e+01
7103	-6.949073e+01
7104	-7.567378e+01
7105	-7.507452e+01
7106	-7.644002e+01
7107	-7.495111e+01
7108	-7.610586e+01
7109	-7.281999e+01
7110	-7.376151e+01
7111	-7.812108e+01
7112	-7.508825e+01
7113	-7.254776e+01
7114	-7.147289e+01
7115	-7.132408e+01
7116	-7.232354e+01
7117	-7.195921e+01
7118	-7.424170e+01
7119	-6.777273e+01
7120	-7.362678e+01
7121	-7.243076e+01
7122	-7.326800e+01
7123	-7.077852e+01
7124	-7.841270e+01
7125	-7.259754e+01
7126	-7.507531e+01
7127	-7.858005e+01
7128	-7.346102e+01
7129	-7.788220e+01
7130	-7.689179e+01
7131	-7.315207e+01
7132	-6.673449e+01
7133	-7.507813e+01
7134	-7.470462e+01
7135	-7.243327e+01
7136	-7.125146e+01
7137	-7.419046e+01
7138	-7.259537e+01
7139	-7.533061e+01
7140	-7.786567e+01
7141	-7.493420e+01
7142	-7.357548e+01
7143	-7.314018e+01
7144	-7.252059e+01
7145	-7.305760e+01
7146	-7.361719e+01
7147	-7.387388e+01
7148	-7.208418e+01
7149	-7.287203e+01
7150	-7.632187e+01
7151	-7.342197e+01
7152	-7.668494e+01
7153	-7.232294e+01
7154	-7.462543e+01
7155	-7.637262e+01
7156	-7.557848e+01
7157	-7.121094e+01
7158	-7.265637e+01
7159	-7.173150e+01
7160	-7.208824e+01
7161	-7.207835e+01
7162	-7.381217e+01
7163	-7.634743e+01
7164	-7.106592e+01
7165	-7.584866e+01
7166	-7.479472e+01
7167	-7.477693e+01
7168	-7.319419e+01
7169	-7.420850e+01
7170	-7.085979e+01
7171	-7.489562e+01
7172	-7.475791e+01
7173	-7.721729e+01
7174	-7.294636e+01
7175	-7.633614e+01
7176	-7.151792e+01
7177	-7.378666e+01
7178	-7.417125e+01
7179	-7.890991e+01
7180	-7.626955e+01
7181	-7.343610e+01
7182	-7.369194e+01
7183	-7.424427e+01
7184	-7.383623e+01
7185	-7.614349e+01
7186	-7.541782e+01
7187	-7.454685e+01
7188	-7.160393e+01
7189	-7.226706e+01
7190	-7.591425e+01
7191	-7.369894e+01
7192	-7.268995e+01
7193	-6.770447e+01
7194	-7.477337e+01
7195	-7.030555e+01
7196	-6.974835e+01
7197	-7.274351e+01
7198	-7.753577e+01
7199	-7.639140e+01
7200	-7.506401e+01
7201	-7.505272e+01
7202	-7.308680e+01
7203	-7.465467e+01
7204	-7.421965e+01
7205	-7.334557e+01
7206	-7.130600e+01
7207	-7.549407e+01
7208	-7.342691e+01
7209	-7.444287e+01
7210	-7.424919e+01
7211	-7.516866e+01
7212	-7.505995e+01
7213	-7.466988e+01
7214	-7.201649e+01
7215	-7.517682e+01
7216	-7.314077e+01
7217	-7.502786e+01
7218	-7.215028e+01
7219	-7.178561e+01
7220	-6.938505e+01
7221	-6.972144e+01
7222	-7.322490e+01
7223	-7.074402e+01
7224	-7.554109e+01
7225	-7.254149e+01
7226	-7.200063e+01
7227	-7.131685e+01
7228	-7.544019e+01
7229	-7.524892e+01
7230	-7.546655e+01
7231	-7.867434e+01
7232	-7.207374e+01
7233	-7.177543e+01
7234	-7.375645e+01
7235	-7.554749e+01
7236	-7.638006e+01
7237	-7.040912e+01
7238	-6.995486e+01
7239	-7.017737e+01
7240	-7.529729e+01
7241	-7.153965e+01
7242	-7.315159e+01
7243	-7.355363e+01
7244	-7.346637e+01
7245	-7.298401e+01
7246	-7.346363e+01
7247	-7.145339e+01
7248	-7.460825e+01
7249	-7.279497e+01
7250	-7.288846e+01
7251	-7.194520e+01
7252	-7.356460e+01
7253	-7.447139e+01
7254	-7.277757e+01
7255	-6.745088e+01
7256	-7.328673e+01
7257	-7.297370e+01
7258	-7.319887e+01
7259	-7.587284e+01
7260	-7.281472e+01
7261	-7.423975e+01
7262	-7.558284e+01
7263	-7.445375e+01
7264	-7.006443e+01
7265	-7.069877e+01
7266	-7.195349e+01
7267	-7.514031e+01
7268	-7.132309e+01
7269	-7.635874e+01
7270	-7.209762e+01
7271	-7.476644e+01
7272	-7.170245e+01
7273	-7.800708e+01
7274	-7.577851e+01
7275	-7.311751e+01
7276	-7.257688e+01
7277	-7.172714e+01
7278	-7.369770e+01
7279	-7.242288e+01
7280	-7.325928e+01
7281	-7.313708e+01
7282	-7.194328e+01
7283	-7.870696e+01
7284	-7.120345e+01
7285	-7.469253e+01
7286	-7.328471e+01
7287	-7.352634e+01
7288	-7.710570e+01
7289	-7.666110e+01
7290	-6.903717e+01
7291	-7.238271e+01
7292	-7.671134e+01
7293	-7.222768e+01
7294	-7.224516e+01
7295	-7.440345e+01
7296	-7.300402e+01
7297	-7.183609e+01
7298	-7.400803e+01
7299	-6.987316e+01
7300	-7.214014e+01
7301	-7.242493e+01
7302	-7.467153e+01
7303	-7.366724e+01
7304	-7.198091e+01
7305	-7.059671e+01
7306	-7.646606e+01
7307	-7.277388e+01
7308	-7.369483e+01
7309	-7.412005e+01
7310	-7.141325e+01
7311	-7.215089e+01
7312	-7.227721e+01
7313	-7.147674e+01
7314	-7.295983e+01
7315	-7.350940e+01
7316	-7.252803e+01
7317	-7.505790e+01
7318	-7.471487e+01
7319	-7.448533e+01
7320	-7.494574e+01
7321	-7.289199e+01
7322	-6.923595e+01
7323	-7.279469e+01
7324	-7.204849e+01
7325	-7.201637e+01
7326	-7.321211e+01
7327	-7.334147e+01
7328	-7.507734e+01
7329	-7.152184e+01
7330	-7.165273e+01
7331	-7.584629e+01
7332	-7.044386e+01
7333	-7.477560e+01
7334	-7.165689e+01
7335	-7.689958e+01
7336	-7.675420e+01
7337	-7.424053e+01
7338	-7.176312e+01
7339	-7.686736e+01
7340	-7.448996e+01
7341	-7.626576e+01
7342	-7.210010e+01
7343	-7.521680e+01
7344	-6.989683e+01
7345	-7.448164e+01
7346	-7.360304e+01
7347	-7.412506e+01
7348	-7.365803e+01
7349	-7.348467e+01
7350	-7.224367e+01
7351	-7.198816e+01
7352	-7.064715e+01
7353	-7.294091e+01
7354	-7.464450e+01
7355	-7.656616e+01
7356	-7.425344e+01
7357	-7.402042e+01
7358	-7.439289e+01
7359	-7.201076e+01
7360	-7.316769e+01
7361	-7.394760e+01
7362	-7.210069e+01
7363	-7.310712e+01
7364	-7.436728e+01
7365	-6.996739e+01
7366	-7.282762e+01
7367	-7.643750e+01
7368	-6.950857e+01
7369	-7.255661e+01
7370	-7.555882e+01
7371	-7.035761e+01
7372	-7.334645e+01
7373	-7.092270e+01
7374	-7.365387e+01
7375	-7.406346e+01
7376	-7.865736e+01
7377	-7.606135e+01
7378	-7.219702e+01
7379	-7.358788e+01
7380	-7.278200e+01
7381	-7.243095e+01
7382	-7.434790e+01
7383	-7.398759e+01
7384	-7.271702e+01
7385	-7.203091e+01
7386	-7.376734e+01
7387	-7.417689e+01
7388	-7.484162e+01
7389	-7.673326e+01
7390	-7.328234e+01
7391	-7.742246e+01
7392	-7.082787e+01
7393	-7.319510e+01
7394	-7.434087e+01
7395	-7.453695e+01
7396	-7.509751e+01
7397	-7.271747e+01
7398	-7.372630e+01
7399	-7.184688e+01
7400	-7.558629e+01
7401	-7.143865e+01
7402	-7.320628e+01
7403	-7.333660e+01
7404	-7.274903e+01
7405	-7.571604e+01
7406	-7.193356e+01
7407	-7.583702e+01
7408	-7.413215e+01
7409	-7.410902e+01
7410	-7.679030e+01
7411	-7.106284e+01
7412	-7.084456e+01
7413	-7.063622e+01
7414	-7.361636e+01
7415	-7.156830e+01
7416	-7.594140e+01
7417	-7.741769e+01
7418	-7.180951e+01
7419	-7.849620e+01
7420	-7.595289e+01
7421	-7.702180e+01
7422	-7.538089e+01
7423	-7.405142e+01
7424	-7.335491e+01
7425	-7.383239e+01
7426	-7.310481e+01
7427	-7.168879e+01
7428	-7.041529e+01
7429	-7.343341e+01
7430	-7.040270e+01
7431	-7.501561e+01
7432	-7.095585e+01
7433	-7.259456e+01
7434	-7.275741e+01
7435	-7.103150e+01
7436	-7.131561e+01
7437	-7.296336e+01
7438	-7.516685e+01
7439	-6.944769e+01
7440	-7.522159e+01
7441	-7.410660e+01
7442	-7.414719e+01
7443	-7.345328e+01
7444	-7.261678e+01
7445	-7.305280e+01
7446	-7.349788e+01
7447	-7.707133e+01
7448	-7.491959e+01
7449	-7.182496e+01
7450	-7.491584e+01
7451	-7.257710e+01
7452	-7.292027e+01
7453	-7.359106e+01
7454	-7.491086e+01
7455	-7.752686e+01
7456	-7.492140e+01
7457	-7.247644e+01
7458	-7.390795e+01
7459	-7.034232e+01
7460	-7.623375e+01
7461	-7.241414e+01
7462	-7.230626e+01
7463	-7.013794e+01
7464	-7.463132e+01
7465	-7.283641e+01
7466	-7.378404e+01
7467	-7.040261e+01
7468	-7.199179e+01
7469	-7.060517e+01
7470	-7.237076e+01
7471	-7.524533e+01
7472	-7.259474e+01
7473	-7.394061e+01
7474	-7.539294e+01
7475	-7.142717e+01
7476	-7.283101e+01
7477	-7.043830e+01
7478	-7.359530e+01
7479	-6.958534e+01
7480	-7.276836e+01
7481	-7.619648e+01
7482	-7.544734e+01
7483	-7.337635e+01
7484	-7.378370e+01
7485	-7.188999e+01
7486	-7.559317e+01
7487	-7.631208e+01
7488	-7.372710e+01
7489	-7.304105e+01
7490	-7.384011e+01
7491	-7.160594e+01
7492	-7.304056e+01
7493	-6.979373e+01
7494	-7.247771e+01
7495	-7.314008e+01
7496	-7.704048e+01
7497	-6.985259e+01
7498	-7.613257e+01
7499	-7.374829e+01
7500	-7.377132e+01
7501	-7.193254e+01
7502	-7.587141e+01
7503	-7.117848e+01
7504	-7.227398e+01
7505	-7.314835e+01
7506	-7.514880e+01
7507	-7.273859e+01
7508	-7.195157e+01
7509	-7.168152e+01
7510	-7.081330e+01
7511	-6.918963e+01
7512	-7.205847e+01
7513	-7.924983e+01
7514	-7.099735e+01
7515	-7.027721e+01
7516	-6.962202e+01
7517	-7.175399e+01
7518	-7.224452e+01
7519	-7.727370e+01
7520	-7.393968e+01
7521	-7.500974e+01
7522	-6.741286e+01
7523	-7.383007e+01
7524	-7.359642e+01
7525	-7.300247e+01
7526	-7.175160e+01
7527	-7.314804e+01
7528	-7.849019e+01
7529	-7.440838e+01
7530	-7.315009e+01
7531	-7.305587e+01
7532	-7.666294e+01
7533	-7.492434e+01
7534	-7.355597e+01
7535	-7.335045e+01
7536	-7.106635e+01
7537	-7.280561e+01
7538	-7.402707e+01
7539	-7.579873e+01
7540	-7.423670e+01
7541	-7.677592e+01
7542	-7.214510e+01
7543	-6.952991e+01
7544	-6.954324e+01
7545	-7.355451e+01
7546	-7.554911e+01
7547	-7.640759e+01
7548	-7.425585e+01
7549	-7.289247e+01
7550	-7.150367e+01
7551	-7.290040e+01
7552	-7.638173e+01
7553	-7.354983e+01
7554	-7.347938e+01
7555	-7.186748e+01
7556	-7.187932e+01
7557	-7.389042e+01
7558	-7.401595e+01
7559	-7.296401e+01
7560	-7.414902e+01
7561	-7.224515e+01
7562	-7.524869e+01
7563	-7.516737e+01
7564	-7.606786e+01
7565	-7.430667e+01
7566	-7.205711e+01
7567	-7.540064e+01
7568	-7.636745e+01
7569	-7.480544e+01
7570	-7.242678e+01
7571	-7.447554e+01
7572	-7.252339e+01
7573	-7.062909e+01
7574	-7.299098e+01
7575	-7.923216e+01
7576	-7.147529e+01
7577	-7.549436e+01
7578	-7.570200e+01
7579	-7.594007e+01
7580	-7.306359e+01
7581	-7.210065e+01
7582	-7.377899e+01
7583	-7.735338e+01
7584	-7.538726e+01
7585	-7.357034e+01
7586	-7.191902e+01
7587	-7.350424e+01
7588	-7.177328e+01
7589	-7.695068e+01
7590	-7.357067e+01
7591	-7.789473e+01
7592	-7.418031e+01
7593	-7.168305e+01
7594	-7.488236e+01
7595	-7.371277e+01
7596	-7.462964e+01
7597	-7.400877e+01
7598	-7.066830e+01
7599	-7.095964e+01
7600	-7.278969e+01
7601	-7.321955e+01
7602	-7.500733e+01
7603	-7.396977e+01
7604	-7.182356e+01
7605	-7.139351e+01
7606	-7.273569e+01
7607	-7.475931e+01
7608	-7.304716e+01
7609	-7.305112e+01
7610	-7.479181e+01
7611	-7.054268e+01
7612	-7.138411e+01
7613	-7.283006e+01
7614	-7.350813e+01
7615	-7.561685e+01
7616	-7.380046e+01
7617	-6.717840e+01
7618	-7.650841e+01
7619	-6.815819e+01
7620	-7.484774e+01
7621	-7.128037e+01
7622	-7.193221e+01
7623	-7.720930e+01
7624	-7.481963e+01
7625	-7.230024e+01
7626	-7.729604e+01
7627	-7.355144e+01
7628	-7.550787e+01
7629	-7.349562e+01
7630	-7.311826e+01
7631	-7.691960e+01
7632	-7.446057e+01
7633	-7.151905e+01
7634	-7.200312e+01
7635	-7.536288e+01
7636	-7.240199e+01
7637	-7.798085e+01
7638	-7.291632e+01
7639	-7.240396e+01
7640	-7.254423e+01
7641	-7.486378e+01
7642	-7.263091e+01
7643	-7.093084e+01
7644	-7.692505e+01
7645	-7.269323e+01
7646	-7.259908e+01
7647	-7.186036e+01
7648	-7.435379e+01
7649	-7.177317e+01
7650	-7.299333e+01
7651	-7.286246e+01
7652	-7.859175e+01
7653	-7.393006e+01
7654	-7.055966e+01
7655	-7.152163e+01
7656	-7.436033e+01
7657	-7.570199e+01
7658	-7.258647e+01
7659	-7.334401e+01
7660	-6.966467e+01
7661	-7.574730e+01
7662	-7.339504e+01
7663	-7.265648e+01
7664	-7.222420e+01
7665	-7.621952e+01
7666	-7.562992e+01
7667	-7.912292e+01
7668	-7.438505e+01
7669	-7.347042e+01
7670	-7.630398e+01
7671	-7.449630e+01
7672	-7.247273e+01
7673	-7.340988e+01
7674	-6.989556e+01
7675	-7.214723e+01
7676	-7.369618e+01
7677	-7.556499e+01
7678	-7.642105e+01
7679	-7.090704e+01
7680	-7.199696e+01
7681	-7.456849e+01
7682	-7.662283e+01
7683	-7.427044e+01
7684	-7.260456e+01
7685	-7.381761e+01
7686	-7.192088e+01
7687	-7.206541e+01
7688	-7.566264e+01
7689	-7.192078e+01
7690	-7.443957e+01
7691	-7.552367e+01
7692	-7.455049e+01
7693	-7.461889e+01
7694	-7.117439e+01
7695	-7.109015e+01
7696	-7.061037e+01
7697	-7.867130e+01
7698	-6.984831e+01
7699	-7.273710e+01
7700	-7.387929e+01
7701	-6.899876e+01
7702	-7.671770e+01
7703	-7.373339e+01
7704	-7.157404e+01
7705	-7.229352e+01
7706	-7.457391e+01
7707	-7.001269e+01
7708	-7.309145e+01
7709	-7.330026e+01
7710	-7.359153e+01
7711	-7.483927e+01
7712	-7.457382e+01
7713	-7.399251e+01
7714	-7.344864e+01
7715	-7.010080e+01
7716	-7.544255e+01
7717	-7.709458e+01
7718	-7.709343e+01
7719	-7.120520e+01
7720	-7.238554e+01
7721	-7.532265e+01
7722	-7.157098e+01
7723	-7.276324e+01
7724	-7.340318e+01
7725	-7.264546e+01
7726	-7.494906e+01
7727	-7.245056e+01
7728	-7.181863e+01
7729	-7.192864e+01
7730	-7.199791e+01
7731	-7.660384e+01
7732	-7.151659e+01
7733	-7.348704e+01
7734	-7.119481e+01
7735	-7.431869e+01
7736	-7.166441e+01
7737	-7.497148e+01
7738	-7.428257e+01
7739	-7.477749e+01
7740	-7.736208e+01
7741	-7.237959e+01
7742	-7.511016e+01
7743	-7.196309e+01
7744	-7.673225e+01
7745	-7.667594e+01
7746	-7.586403e+01
7747	-7.565065e+01
7748	-7.476867e+01
7749	-7.384023e+01
7750	-7.179366e+01
7751	-7.482746e+01
7752	-7.577183e+01
7753	-7.521565e+01
7754	-7.291703e+01
7755	-7.272849e+01
7756	-7.478297e+01
7757	-7.783903e+01
7758	-7.458606e+01
7759	-7.459495e+01
7760	-7.251548e+01
7761	-7.526423e+01
7762	-7.390866e+01
7763	-7.305739e+01
7764	-7.682420e+01
7765	-6.876058e+01
7766	-7.222365e+01
7767	-7.847997e+01
7768	-7.350380e+01
7769	-7.562831e+01
7770	-7.043821e+01
7771	-7.635657e+01
7772	-7.149612e+01
7773	-7.799390e+01
7774	-7.284140e+01
7775	-7.264119e+01
7776	-7.261590e+01
7777	-7.129430e+01
7778	-7.352852e+01
7779	-7.130277e+01
7780	-7.208745e+01
7781	-7.351713e+01
7782	-7.371878e+01
7783	-7.500869e+01
7784	-7.107347e+01
7785	-7.652071e+01
7786	-7.007040e+01
7787	-7.164480e+01
7788	-7.727938e+01
7789	-7.595340e+01
7790	-6.789896e+01
7791	-7.364881e+01
7792	-6.939221e+01
7793	-7.873942e+01
7794	-6.928685e+01
7795	-7.080731e+01
7796	-7.309178e+01
7797	-7.322649e+01
7798	-7.339373e+01
7799	-7.197587e+01
7800	-7.594436e+01
7801	-7.436770e+01
7802	-7.797658e+01
7803	-7.656508e+01
7804	-7.094984e+01
7805	-7.438293e+01
7806	-7.102375e+01
7807	-7.449688e+01
7808	-7.104386e+01
7809	-7.421713e+01
7810	-7.459321e+01
7811	-7.445091e+01
7812	-7.317656e+01
7813	-7.233901e+01
7814	-7.195162e+01
7815	-7.112737e+01
7816	-7.512988e+01
7817	-7.334669e+01
7818	-7.168248e+01
7819	-7.340362e+01
7820	-7.251551e+01
7821	-7.157872e+01
7822	-7.139613e+01
7823	-7.886856e+01
7824	-7.672538e+01
7825	-7.442423e+01
7826	-7.089225e+01
7827	-7.296859e+01
7828	-7.108645e+01
7829	-7.717075e+01
7830	-7.253881e+01
7831	-7.511616e+01
7832	-7.607232e+01
7833	-6.946256e+01
7834	-7.456751e+01
7835	-7.098280e+01
7836	-7.456121e+01
7837	-7.219272e+01
7838	-7.455205e+01
7839	-7.394082e+01
7840	-7.275346e+01
7841	-7.662449e+01
7842	-7.255467e+01
7843	-7.517153e+01
7844	-7.266144e+01
7845	-7.647857e+01
7846	-7.346622e+01
7847	-7.314472e+01
7848	-7.422130e+01
7849	-7.491985e+01
7850	-7.532046e+01
7851	-7.135989e+01
7852	-7.365497e+01
7853	-7.767984e+01
7854	-7.594867e+01
7855	-7.276086e+01
7856	-7.384535e+01
7857	-7.264922e+01
7858	-7.331152e+01
7859	-6.982876e+01
7860	-7.290565e+01
7861	-6.889368e+01
7862	-7.047658e+01
7863	-7.246578e+01
7864	-7.472248e+01
7865	-7.116170e+01
7866	-7.305222e+01
7867	-6.998206e+01
7868	-7.572491e+01
7869	-7.038724e+01
7870	-7.280931e+01
7871	-7.645984e+01
7872	-7.374500e+01
7873	-7.592614e+01
7874	-7.680684e+01
7875	-7.213301e+01
7876	-7.188037e+01
7877	-7.316786e+01
7878	-7.398982e+01
7879	-7.448793e+01
7880	-7.318553e+01
7881	-7.011722e+01
7882	-7.393672e+01
7883	-7.633098e+01
7884	-7.626456e+01
7885	-7.048196e+01
7886	-7.804648e+01
7887	-7.063835e+01
7888	-7.365195e+01
7889	-7.609937e+01
7890	-7.256780e+01
7891	-7.253185e+01
7892	-7.129553e+01
7893	-7.254365e+01
7894	-7.136762e+01
7895	-7.343884e+01
7896	-7.273136e+01
7897	-6.951076e+01
7898	-7.341089e+01
7899	-7.585623e+01
7900	-7.441543e+01
7901	-7.295460e+01
7902	-7.455621e+01
7903	-6.969038e+01
7904	-7.456854e+01
7905	-7.206383e+01
7906	-7.512622e+01
7907	-7.447366e+01
7908	-7.429125e+01
7909	-7.485610e+01
7910	-7.239626e+01
7911	-7.222113e+01
7912	-7.376086e+01
7913	-7.216731e+01
7914	-7.291284e+01
7915	-7.719129e+01
7916	-7.526003e+01
7917	-7.449735e+01
7918	-7.198875e+01
7919	-7.617343e+01
7920	-7.585655e+01
7921	-7.474731e+01
7922	-7.552350e+01
7923	-7.155701e+01
7924	-7.466245e+01
7925	-7.377743e+01
7926	-7.106320e+01
7927	-7.370656e+01
7928	-7.124088e+01
7929	-7.348300e+01
7930	-7.208048e+01
7931	-6.876060e+01
7932	-7.685614e+01
7933	-7.290428e+01
7934	-7.676626e+01
7935	-7.185813e+01
7936	-7.329250e+01
7937	-7.061385e+01
7938	-7.199748e+01
7939	-7.380957e+01
7940	-7.333492e+01
7941	-7.565742e+01
7942	-7.558338e+01
7943	-7.287464e+01
7944	-7.559597e+01
7945	-7.074789e+01
7946	-7.260197e+01
7947	-7.405197e+01
7948	-7.504970e+01
7949	-7.220459e+01
7950	-6.945904e+01
7951	-7.291412e+01
7952	-7.106973e+01
7953	-7.237721e+01
7954	-7.474219e+01
7955	-7.591520e+01
7956	-6.996725e+01
7957	-7.434479e+01
7958	-7.254159e+01
7959	-7.466738e+01
7960	-7.418614e+01
7961	-7.148175e+01
7962	-7.225871e+01
7963	-7.388848e+01
7964	-7.345567e+01
7965	-7.068949e+01
7966	-7.482801e+01
7967	-7.315309e+01
7968	-7.348051e+01
7969	-7.385859e+01
7970	-7.459122e+01
7971	-7.399221e+01
7972	-7.401465e+01
7973	-7.141276e+01
7974	-7.430955e+01
7975	-7.256211e+01
7976	-7.261056e+01
7977	-7.094352e+01
7978	-7.470658e+01
7979	-7.335562e+01
7980	-6.873988e+01
7981	-7.315983e+01
7982	-7.646896e+01
7983	-7.585271e+01
7984	-7.057795e+01
7985	-7.000090e+01
7986	-7.345667e+01
7987	-7.222269e+01
7988	-7.383742e+01
7989	-7.104434e+01
7990	-7.146705e+01
7991	-7.238713e+01
7992	-7.336217e+01
7993	-7.383692e+01
7994	-7.321358e+01
7995	-7.390063e+01
7996	-7.553830e+01
7997	-7.236123e+01
7998	-7.272385e+01
7999	-7.397483e+01
8000	-7.429596e+01
8001	-7.409546e+01
8002	-7.259585e+01
8003	-7.223089e+01
8004	-7.454420e+01
8005	-7.125447e+01
8006	-6.902916e+01
8007	-7.210626e+01
8008	-7.168020e+01
8009	-7.224644e+01
8010	-7.549426e+01
8011	-7.334174e+01
8012	-6.996279e+01
8013	-7.197174e+01
8014	-7.423293e+01
8015	-7.517729e+01
8016	-7.228238e+01
8017	-7.199367e+01
8018	-7.175932e+01
8019	-7.448453e+01
8020	-7.506024e+01
8021	-7.208277e+01
8022	-7.490544e+01
8023	-7.478841e+01
8024	-7.769257e+01
8025	-7.403824e+01
8026	-7.189309e+01
8027	-7.457769e+01
8028	-7.287417e+01
8029	-7.455811e+01
8030	-7.091951e+01
8031	-7.398880e+01
8032	-7.510833e+01
8033	-7.353358e+01
8034	-6.982782e+01
8035	-7.622835e+01
8036	-7.475552e+01
8037	-7.435862e+01
8038	-7.181117e+01
8039	-7.445062e+01
8040	-7.392470e+01
8041	-7.027814e+01
8042	-7.655344e+01
8043	-7.507159e+01
8044	-7.386692e+01
8045	-7.260198e+01
8046	-7.546790e+01
8047	-7.323346e+01
8048	-7.518630e+01
8049	-7.127911e+01
8050	-7.432451e+01
8051	-7.437184e+01
8052	-7.144564e+01
8053	-7.398586e+01
8054	-7.439393e+01
8055	-7.280813e+01
8056	-7.272442e+01
8057	-7.424537e+01
8058	-7.355592e+01
8059	-7.700171e+01
8060	-7.414029e+01
8061	-7.877448e+01
8062	-7.177016e+01
8063	-7.291239e+01
8064	-7.352992e+01
8065	-7.229784e+01
8066	-7.261425e+01
8067	-7.120501e+01
8068	-7.375310e+01
8069	-7.305911e+01
8070	-7.294938e+01
8071	-7.543862e+01
8072	-7.487291e+01
8073	-7.871836e+01
8074	-7.335952e+01
8075	-7.589465e+01
8076	-7.428989e+01
8077	-7.402271e+01
8078	-7.145920e+01
8079	-7.488844e+01
8080	-7.253259e+01
8081	-7.152222e+01
8082	-7.411297e+01
8083	-7.282423e+01
8084	-6.998290e+01
8085	-7.095979e+01
8086	-7.556887e+01
8087	-7.313676e+01
8088	-7.151726e+01
8089	-7.216583e+01
8090	-7.149702e+01
8091	-7.295440e+01
8092	-7.294526e+01
8093	-7.297578e+01
8094	-7.311994e+01
8095	-7.492938e+01
8096	-7.394233e+01
8097	-7.476918e+01
8098	-7.557192e+01
8099	-7.451868e+01
8100	-7.302130e+01
8101	-7.072526e+01
8102	-6.882026e+01
8103	-7.619671e+01
8104	-6.953472e+01
8105	-7.372786e+01
8106	-7.280796e+01
8107	-7.170584e+01
8108	-7.554188e+01
8109	-7.287211e+01
8110	-6.922462e+01
8111	-7.517949e+01
8112	-7.121751e+01
8113	-7.244576e+01
8114	-7.552668e+01
8115	-7.395540e+01
8116	-7.365312e+01
8117	-7.314031e+01
8118	-7.016960e+01
8119	-7.538166e+01
8120	-7.571908e+01
8121	-7.754772e+01
8122	-7.632493e+01
8123	-7.188514e+01
8124	-7.326320e+01
8125	-7.431576e+01
8126	-6.965440e+01
8127	-7.267816e+01
8128	-7.512063e+01
8129	-7.785598e+01
8130	-7.377757e+01
8131	-7.428266e+01
8132	-7.308127e+01
8133	-7.419827e+01
8134	-7.650393e+01
8135	-7.643825e+01
8136	-7.212461e+01
8137	-6.887979e+01
8138	-7.477962e+01
8139	-7.443693e+01
8140	-7.195947e+01
8141	-7.299602e+01
8142	-7.034409e+01
8143	-7.575627e+01
8144	-7.577144e+01
8145	-7.488143e+01
8146	-7.163369e+01
8147	-7.063852e+01
8148	-7.338937e+01
8149	-7.407479e+01
8150	-7.436913e+01
8151	-7.393016e+01
8152	-7.350190e+01
8153	-7.261792e+01
8154	-7.348008e+01
8155	-7.318166e+01
8156	-7.641774e+01
8157	-6.980582e+01
8158	-7.344073e+01
8159	-7.440666e+01
8160	-6.982207e+01
8161	-7.172730e+01
8162	-7.270037e+01
8163	-7.635824e+01
8164	-7.232509e+01
8165	-7.048532e+01
8166	-7.410532e+01
8167	-7.521325e+01
8168	-7.066774e+01
8169	-7.165139e+01
8170	-7.239099e+01
8171	-7.179933e+01
8172	-7.277011e+01
8173	-7.289803e+01
8174	-7.192472e+01
8175	-7.325857e+01
8176	-7.374846e+01
8177	-7.256084e+01
8178	-7.650604e+01
8179	-7.199506e+01
8180	-7.590921e+01
8181	-7.176374e+01
8182	-6.924143e+01
8183	-6.935891e+01
8184	-7.334668e+01
8185	-7.331536e+01
8186	-7.700056e+01
8187	-7.546254e+01
8188	-7.699641e+01
8189	-7.226073e+01
8190	-7.519850e+01
8191	-7.328744e+01
8192	-7.549936e+01
8193	-7.232556e+01
8194	-7.656004e+01
8195	-7.090766e+01
8196	-7.029375e+01
8197	-7.136700e+01
8198	-7.398012e+01
8199	-7.294404e+01
8200	-7.442557e+01
8201	-7.093454e+01
8202	-7.175992e+01
8203	-7.039564e+01
8204	-7.654884e+01
8205	-7.565795e+01
8206	-7.439775e+01
8207	-7.237698e+01
8208	-7.299401e+01
8209	-7.148518e+01
8210	-6.884140e+01
8211	-7.499239e+01
8212	-7.203624e+01
8213	-7.500536e+01
8214	-7.328747e+01
8215	-7.147573e+01
8216	-7.507995e+01
8217	-7.478740e+01
8218	-7.465968e+01
8219	-7.226415e+01
8220	-7.180650e+01
8221	-7.150413e+01
8222	-7.183192e+01
8223	-7.727001e+01
8224	-7.398850e+01
8225	-7.539293e+01
8226	-6.975772e+01
8227	-7.350546e+01
8228	-7.515772e+01
8229	-7.488769e+01
8230	-7.256769e+01
8231	-7.248139e+01
8232	-7.236960e+01
8233	-6.969497e+01
8234	-7.377781e+01
8235	-7.413476e+01
8236	-7.383539e+01
8237	-7.121421e+01
8238	-7.192214e+01
8239	-7.090219e+01
8240	-7.377995e+01
8241	-7.402695e+01
8242	-7.551299e+01
8243	-7.250348e+01
8244	-7.188374e+01
8245	-7.450870e+01
8246	-7.437476e+01
8247	-7.392177e+01
8248	-7.959471e+01
8249	-7.116070e+01
8250	-7.284572e+01
8251	-7.579863e+01
8252	-7.454916e+01
8253	-7.142010e+01
8254	-7.231785e+01
8255	-6.926432e+01
8256	-7.229690e+01
8257	-7.104915e+01
8258	-7.477608e+01
8259	-7.529864e+01
8260	-7.394380e+01
8261	-7.423150e+01
8262	-7.610203e+01
8263	-7.224511e+01
8264	-7.125229e+01
8265	-7.343115e+01
8266	-7.255127e+01
8267	-7.674730e+01
8268	-7.285464e+01
8269	-7.566922e+01
8270	-7.602728e+01
8271	-7.455507e+01
8272	-6.962583e+01
8273	-6.993254e+01
8274	-7.478893e+01
8275	-7.310224e+01
8276	-7.579813e+01
8277	-7.441711e+01
8278	-6.894829e+01
8279	-7.557088e+01
8280	-7.494291e+01
8281	-7.556019e+01
8282	-6.950487e+01
8283	-7.300816e+01
8284	-6.840663e+01
8285	-7.434763e+01
8286	-7.474383e+01
8287	-7.372574e+01
8288	-7.036033e+01
8289	-7.458340e+01
8290	-6.758990e+01
8291	-7.565414e+01
8292	-7.309678e+01
8293	-7.536753e+01
8294	-7.475972e+01
8295	-7.708700e+01
8296	-7.235266e+01
8297	-6.769480e+01
8298	-7.200506e+01
8299	-6.969696e+01
8300	-7.331916e+01
8301	-7.575112e+01
8302	-7.177873e+01
8303	-7.621682e+01
8304	-7.638113e+01
8305	-7.582039e+01
8306	-6.999295e+01
8307	-7.258989e+01
8308	-7.014346e+01
8309	-7.147950e+01
8310	-7.442770e+01
8311	-7.451733e+01
8312	-7.084512e+01
8313	-7.556984e+01
8314	-7.653829e+01
8315	-7.574712e+01
8316	-7.415092e+01
8317	-7.402206e+01
8318	-6.831341e+01
8319	-7.450175e+01
8320	-7.296168e+01
8321	-7.630925e+01
8322	-7.426383e+01
8323	-7.445920e+01
8324	-7.238620e+01
8325	-7.579376e+01
8326	-7.248436e+01
8327	-7.536707e+01
8328	-7.677298e+01
8329	-7.325361e+01
8330	-7.475106e+01
8331	-7.557557e+01
8332	-7.382032e+01
8333	-6.912386e+01
8334	-7.304096e+01
8335	-7.182013e+01
8336	-7.188655e+01
8337	-7.324284e+01
8338	-7.083302e+01
8339	-7.148106e+01
8340	-7.331291e+01
8341	-7.602406e+01
8342	-7.320438e+01
8343	-7.281996e+01
8344	-7.199843e+01
8345	-7.503847e+01
8346	-7.177445e+01
8347	-7.235053e+01
8348	-7.444010e+01
8349	-6.971394e+01
8350	-7.182737e+01
8351	-7.486476e+01
8352	-7.188429e+01
8353	-7.871132e+01
8354	-7.374344e+01
8355	-7.258779e+01
8356	-7.431702e+01
8357	-7.684301e+01
8358	-7.309310e+01
8359	-7.072270e+01
8360	-7.204156e+01
8361	-7.237288e+01
8362	-7.373793e+01
8363	-7.257094e+01
8364	-7.158357e+01
8365	-7.059882e+01
8366	-7.385770e+01
8367	-7.501569e+01
8368	-7.268039e+01
8369	-7.534750e+01
8370	-7.570669e+01
8371	-7.364798e+01
8372	-7.552242e+01
8373	-7.469577e+01
8374	-7.427767e+01
8375	-7.462426e+01
8376	-7.583574e+01
8377	-7.272793e+01
8378	-7.171932e+01
8379	-7.119823e+01
8380	-7.326064e+01
8381	-7.343984e+01
8382	-7.525087e+01
8383	-6.986825e+01
8384	-7.494862e+01
8385	-6.980182e+01
8386	-7.252424e+01
8387	-7.657087e+01
8388	-7.361494e+01
8389	-7.114383e+01
8390	-7.150035e+01
8391	-7.453394e+01
8392	-7.519018e+01
8393	-7.717270e+01
8394	-7.152019e+01
8395	-7.264059e+01
8396	-7.401241e+01
8397	-7.129184e+01
8398	-7.366376e+01
8399	-7.237993e+01
8400	-7.322145e+01
8401	-7.373288e+01
8402	-7.415857e+01
8403	-7.394668e+01
8404	-7.185718e+01
8405	-7.408103e+01
8406	-7.032498e+01
8407	-7.417041e+01
8408	-7.239322e+01
8409	-6.906017e+01
8410	-7.662816e+01
8411	-7.544960e+01
8412	-7.304730e+01
8413	-7.314063e+01
8414	-7.322788e+01
8415	-7.780559e+01
8416	-7.258140e+01
8417	-7.490839e+01
8418	-7.375519e+01
8419	-7.372259e+01
8420	-7.297716e+01
8421	-7.387006e+01
8422	-7.139089e+01
8423	-7.563368e+01
8424	-7.216599e+01
8425	-7.061585e+01
8426	-7.037446e+01
8427	-7.453534e+01
8428	-7.059279e+01
8429	-7.650100e+01
8430	-7.415448e+01
8431	-7.256909e+01
8432	-7.467285e+01
8433	-7.559885e+01
8434	-7.489160e+01
8435	-7.476010e+01
8436	-7.683321e+01
8437	-7.382219e+01
8438	-7.323875e+01
8439	-6.875981e+01
8440	-7.352040e+01
8441	-7.341168e+01
8442	-7.534033e+01
8443	-6.865567e+01
8444	-7.077470e+01
8445	-7.697587e+01
8446	-7.285332e+01
8447	-7.488883e+01
8448	-7.170931e+01
8449	-7.260830e+01
8450	-7.118489e+01
8451	-7.161774e+01
8452	-7.405166e+01
8453	-7.317146e+01
8454	-7.255522e+01
8455	-7.051072e+01
8456	-7.599528e+01
8457	-7.193688e+01
8458	-7.331160e+01
8459	-7.530692e+01
8460	-7.434258e+01
8461	-7.615997e+01
8462	-7.171309e+01
8463	-7.488676e+01
8464	-7.057838e+01
8465	-7.633944e+01
8466	-7.532643e+01
8467	-7.518992e+01
8468	-7.077361e+01
8469	-7.464081e+01
8470	-6.929365e+01
8471	-7.213432e+01
8472	-7.367909e+01
8473	-7.642946e+01
8474	-7.396559e+01
8475	-7.391630e+01
8476	-7.117036e+01
8477	-7.716349e+01
8478	-6.990641e+01
8479	-7.441850e+01
8480	-7.680959e+01
8481	-7.573814e+01
8482	-7.308107e+01
8483	-7.376251e+01
8484	-7.226058e+01
8485	-7.049803e+01
8486	-7.735496e+01
8487	-7.754589e+01
8488	-7.023130e+01
8489	-7.391201e+01
8490	-7.175651e+01
8491	-7.426297e+01
8492	-7.269849e+01
8493	-7.141499e+01
8494	-7.269966e+01
8495	-7.333055e+01
8496	-7.067713e+01
8497	-7.330731e+01
8498	-7.535014e+01
8499	-6.894250e+01
8500	-7.098898e+01
8501	-7.587865e+01
8502	-7.458921e+01
8503	-7.450870e+01
8504	-7.696449e+01
8505	-7.520128e+01
8506	-7.199844e+01
8507	-7.378639e+01
8508	-7.453647e+01
8509	-7.185810e+01
8510	-7.433514e+01
8511	-7.317780e+01
8512	-7.636051e+01
8513	-7.702268e+01
8514	-7.217697e+01
8515	-7.302012e+01
8516	-7.728189e+01
8517	-7.561704e+01
8518	-7.098237e+01
8519	-6.952863e+01
8520	-7.599123e+01
8521	-7.460450e+01
8522	-7.546946e+01
8523	-7.239974e+01
8524	-7.416995e+01
8525	-7.436090e+01
8526	-7.013639e+01
8527	-7.204660e+01
8528	-7.192036e+01
8529	-7.583929e+01
8530	-7.390393e+01
8531	-7.171641e+01
8532	-7.697357e+01
8533	-7.382465e+01
8534	-7.629343e+01
8535	-7.542014e+01
8536	-7.340290e+01
8537	-7.104186e+01
8538	-7.478746e+01
8539	-7.175258e+01
8540	-7.278322e+01
8541	-6.943200e+01
8542	-7.017068e+01
8543	-7.200315e+01
8544	-7.326826e+01
8545	-7.210402e+01
8546	-7.042453e+01
8547	-7.035345e+01
8548	-7.181235e+01
8549	-7.540101e+01
8550	-7.437315e+01
8551	-7.740142e+01
8552	-7.260648e+01
8553	-7.487908e+01
8554	-7.277969e+01
8555	-7.161687e+01
8556	-7.422959e+01
8557	-7.088893e+01
8558	-7.407912e+01
8559	-7.453691e+01
8560	-7.442537e+01
8561	-7.476291e+01
8562	-7.327834e+01
8563	-7.178936e+01
8564	-7.423997e+01
8565	-7.603623e+01
8566	-7.156816e+01
8567	-7.054343e+01
8568	-7.142845e+01
8569	-7.329570e+01
8570	-7.480558e+01
8571	-7.401016e+01
8572	-6.989207e+01
8573	-6.961703e+01
8574	-7.051605e+01
8575	-7.220146e+01
8576	-7.179855e+01
8577	-7.423904e+01
8578	-7.516712e+01
8579	-7.225891e+01
8580	-7.480902e+01
8581	-7.114457e+01
8582	-7.475804e+01
8583	-7.178207e+01
8584	-7.576147e+01
8585	-7.570553e+01
8586	-7.413178e+01
8587	-7.307425e+01
8588	-7.389681e+01
8589	-7.294598e+01
8590	-7.403699e+01
8591	-7.347324e+01
8592	-7.052146e+01
8593	-7.247878e+01
8594	-7.564113e+01
8595	-7.487890e+01
8596	-7.525872e+01
8597	-7.180288e+01
8598	-7.440111e+01
8599	-7.418891e+01
8600	-7.304769e+01
8601	-7.505553e+01
8602	-7.325968e+01
8603	-7.375126e+01
8604	-7.518205e+01
8605	-7.596639e+01
8606	-7.209763e+01
8607	-7.040860e+01
8608	-7.357714e+01
8609	-7.339388e+01
8610	-7.233475e+01
8611	-7.240276e+01
8612	-7.197362e+01
8613	-7.424596e+01
8614	-7.357308e+01
8615	-7.354747e+01
8616	-7.636484e+01
8617	-7.377209e+01
8618	-7.454891e+01
8619	-7.360292e+01
8620	-7.372245e+01
8621	-7.298012e+01
8622	-7.173598e+01
8623	-7.566383e+01
8624	-7.534069e+01
8625	-7.598083e+01
8626	-7.237931e+01
8627	-7.567892e+01
8628	-7.047375e+01
8629	-7.096128e+01
8630	-7.042316e+01
8631	-7.219257e+01
8632	-7.034958e+01
8633	-7.272300e+01
8634	-7.123046e+01
8635	-7.588994e+01
8636	-7.162513e+01
8637	-7.111316e+01
8638	-7.549414e+01
8639	-7.211607e+01
8640	-7.108468e+01
8641	-6.718524e+01
8642	-7.583707e+01
8643	-7.600840e+01
8644	-7.335841e+01
8645	-7.150827e+01
8646	-7.627574e+01
8647	-7.311119e+01
8648	-7.629890e+01
8649	-7.331438e+01
8650	-7.308179e+01
8651	-7.324188e+01
8652	-7.762327e+01
8653	-7.281003e+01
8654	-7.319395e+01
8655	-7.033930e+01
8656	-7.611582e+01
8657	-7.295338e+01
8658	-7.573003e+01
8659	-7.152907e+01
8660	-7.754930e+01
8661	-7.139693e+01
8662	-7.334739e+01
8663	-7.178380e+01
8664	-7.427038e+01
8665	-7.358484e+01
8666	-7.516054e+01
8667	-7.464455e+01
8668	-7.377526e+01
8669	-7.077206e+01
8670	-7.304204e+01
8671	-7.735321e+01
8672	-7.727764e+01
8673	-7.551903e+01
8674	-7.335982e+01
8675	-7.202436e+01
8676	-7.385130e+01
8677	-7.305693e+01
8678	-7.497077e+01
8679	-7.165266e+01
8680	-7.568959e+01
8681	-6.892397e+01
8682	-7.207106e+01
8683	-7.126193e+01
8684	-6.899982e+01
8685	-6.954867e+01
8686	-7.224813e+01
8687	-7.360172e+01
8688	-7.227808e+01
8689	-6.919981e+01
8690	-7.516745e+01
8691	-7.668619e+01
8692	-7.064392e+01
8693	-7.440575e+01
8694	-7.009627e+01
8695	-7.219947e+01
8696	-7.184686e+01
8697	-7.613675e+01
8698	-7.197262e+01
8699	-7.411290e+01
8700	-7.036534e+01
8701	-7.106324e+01
8702	-7.149963e+01
8703	-7.117060e+01
8704	-7.163694e+01
8705	-7.484441e+01
8706	-7.100473e+01
8707	-7.562970e+01
8708	-7.617907e+01
8709	-7.508391e+01
8710	-7.388987e+01
8711	-6.862073e+01
8712	-7.163444e+01
8713	-7.319226e+01
8714	-7.276489e+01
8715	-7.560815e+01
8716	-7.545105e+01
8717	-7.478273e+01
8718	-7.208304e+01
8719	-7.239749e+01
8720	-7.339725e+01
8721	-7.093252e+01
8722	-7.249125e+01
8723	-7.366322e+01
8724	-6.906857e+01
8725	-7.206740e+01
8726	-7.360830e+01
8727	-7.360486e+01
8728	-7.274333e+01
8729	-7.376454e+01
8730	-7.044023e+01
8731	-7.333186e+01
8732	-7.592922e+01
8733	-7.288568e+01
8734	-7.401413e+01
8735	-7.515578e+01
8736	-7.258886e+01
8737	-7.157491e+01
8738	-7.414254e+01
8739	-7.144830e+01
8740	-7.423518e+01
8741	-7.030708e+01
8742	-7.222269e+01
8743	-7.263403e+01
8744	-7.507856e+01
8745	-7.075987e+01
8746	-7.295385e+01
8747	-7.612766e+01
8748	-7.447298e+01
8749	-7.506581e+01
8750	-7.060701e+01
8751	-7.357935e+01
8752	-7.064965e+01
8753	-7.262071e+01
8754	-7.434813e+01
8755	-7.585297e+01
8756	-7.387929e+01
8757	-7.607854e+01
8758	-7.259442e+01
8759	-7.427779e+01
8760	-7.617146e+01
8761	-7.370106e+01
8762	-7.448478e+01
8763	-7.140765e+01
8764	-7.007156e+01
8765	-7.506897e+01
8766	-7.197543e+01
8767	-7.373547e+01
8768	-7.271006e+01
8769	-7.338002e+01
8770	-7.656263e+01
8771	-7.247366e+01
8772	-7.264733e+01
8773	-7.104592e+01
8774	-7.358783e+01
8775	-7.631851e+01
8776	-7.013236e+01
8777	-7.259174e+01
8778	-7.067755e+01
8779	-7.241951e+01
8780	-7.454219e+01
8781	-7.280057e+01
8782	-7.230265e+01
8783	-7.451566e+01
8784	-7.724370e+01
8785	-7.117603e+01
8786	-7.191738e+01
8787	-7.350090e+01
8788	-7.431054e+01
8789	-7.247584e+01
8790	-7.660543e+01
8791	-7.585245e+01
8792	-7.353577e+01
8793	-7.116957e+01
8794	-7.055871e+01
8795	-7.333754e+01
8796	-7.581539e+01
8797	-6.917384e+01
8798	-7.423918e+01
8799	-7.411083e+01
8800	-7.695524e+01
8801	-7.295643e+01
8802	-7.268867e+01
8803	-7.382905e+01
8804	-7.461229e+01
8805	-7.366155e+01
8806	-7.693470e+01
8807	-7.411318e+01
8808	-7.232221e+01
8809	-7.380168e+01
8810	-7.710971e+01
8811	-7.530863e+01
8812	-7.436099e+01
8813	-7.301176e+01
8814	-7.665686e+01
8815	-7.345385e+01
8816	-7.189445e+01
8817	-7.185687e+01
8818	-7.187292e+01
8819	-7.574074e+01
8820	-7.176237e+01
8821	-7.341969e+01
8822	-7.194933e+01
8823	-7.266523e+01
8824	-6.892299e+01
8825	-7.070156e+01
8826	-7.927485e+01
8827	-7.544072e+01
8828	-7.576220e+01
8829	-7.647736e+01
8830	-7.399638e+01
8831	-7.337200e+01
8832	-7.525953e+01
8833	-7.387940e+01
8834	-7.165248e+01
8835	-6.934737e+01
8836	-7.654467e+01
8837	-7.203119e+01
8838	-7.630480e+01
8839	-7.398803e+01
8840	-7.226055e+01
8841	-6.907919e+01
8842	-7.250563e+01
8843	-7.285150e+01
8844	-6.978107e+01
8845	-7.420270e+01
8846	-7.248492e+01
8847	-7.145859e+01
8848	-7.410257e+01
8849	-7.247731e+01
8850	-7.408915e+01
8851	-7.505089e+01
8852	-7.471636e+01
8853	-6.968657e+01
8854	-7.319944e+01
8855	-6.858496e+01
8856	-7.201258e+01
8857	-7.649157e+01
8858	-7.271250e+01
8859	-7.021839e+01
8860	-7.744155e+01
8861	-7.468865e+01
8862	-7.573316e+01
8863	-7.550017e+01
8864	-7.402853e+01
8865	-7.344806e+01
8866	-7.164233e+01
8867	-7.643521e+01
8868	-7.306652e+01
8869	-7.455509e+01
8870	-7.417757e+01
8871	-7.476953e+01
8872	-7.352822e+01
8873	-7.505434e+01
8874	-7.720092e+01
8875	-7.246722e+01
8876	-7.388649e+01
8877	-7.652345e+01
8878	-7.639244e+01
8879	-7.072138e+01
8880	-6.948251e+01
8881	-6.972733e+01
8882	-7.494410e+01
8883	-7.367809e+01
8884	-7.496080e+01
8885	-7.692233e+01
8886	-7.211190e+01
8887	-7.330360e+01
8888	-7.058265e+01
8889	-7.260758e+01
8890	-7.433948e+01
8891	-6.725896e+01
8892	-7.196145e+01
8893	-7.707587e+01
8894	-7.285831e+01
8895	-7.650611e+01
8896	-7.480738e+01
8897	-7.319141e+01
8898	-7.591223e+01
8899	-7.272898e+01
8900	-7.570231e+01
8901	-7.698569e+01
8902	-7.250186e+01
8903	-7.491624e+01
8904	-7.345069e+01
8905	-7.033900e+01
8906	-7.276863e+01
8907	-7.255145e+01
8908	-6.640505e+01
8909	-7.327157e+01
8910	-7.262386e+01
8911	-7.282790e+01
8912	-7.367980e+01
8913	-7.279313e+01
8914	-7.300223e+01
8915	-7.327133e+01
8916	-7.689956e+01
8917	-7.548546e+01
8918	-7.342703e+01
8919	-7.229741e+01
8920	-7.301927e+01
8921	-7.251848e+01
8922	-7.250506e+01
8923	-7.516221e+01
8924	-7.382869e+01
8925	-7.381211e+01
8926	-7.642797e+01
8927	-7.409972e+01
8928	-7.549184e+01
8929	-7.548210e+01
8930	-7.177307e+01
8931	-7.312392e+01
8932	-7.043680e+01
8933	-7.503345e+01
8934	-7.465390e+01
8935	-7.832926e+01
8936	-7.512039e+01
8937	-7.595637e+01
8938	-6.792715e+01
8939	-7.525244e+01
8940	-7.443569e+01
8941	-7.259279e+01
8942	-7.230866e+01
8943	-7.485187e+01
8944	-6.892091e+01
8945	-6.960557e+01
8946	-7.259838e+01
8947	-7.452151e+01
8948	-7.218275e+01
8949	-7.340350e+01
8950	-7.344881e+01
8951	-7.362422e+01
8952	-7.528307e+01
8953	-7.300413e+01
8954	-7.263939e+01
8955	-7.170290e+01
8956	-7.309636e+01
8957	-7.108822e+01
8958	-7.178100e+01
8959	-7.579497e+01
8960	-7.340848e+01
8961	-7.743699e+01
8962	-7.285669e+01
8963	-7.271431e+01
8964	-7.133221e+01
8965	-7.378442e+01
8966	-7.331326e+01
8967	-7.220424e+01
8968	-7.572377e+01
8969	-7.078372e+01
8970	-7.226690e+01
8971	-7.346040e+01
8972	-7.252930e+01
8973	-7.090163e+01
8974	-7.350537e+01
8975	-7.427957e+01
8976	-7.050365e+01
8977	-7.487876e+01
8978	-7.232682e+01
8979	-7.236281e+01
8980	-7.318275e+01
8981	-7.225394e+01
8982	-7.309634e+01
8983	-7.436201e+01
8984	-7.406136e+01
8985	-7.166009e+01
8986	-7.646898e+01
8987	-7.132227e+01
8988	-7.237011e+01
8989	-7.428135e+01
8990	-7.199980e+01
8991	-7.550599e+01
8992	-7.198460e+01
8993	-7.562164e+01
8994	-7.248992e+01
8995	-7.030078e+01
8996	-7.342831e+01
8997	-7.366132e+01
8998	-7.242044e+01
8999	-7.094115e+01
9000	-7.139958e+01
9001	-7.180306e+01
9002	-7.359360e+01
9003	-7.116932e+01
9004	-7.298043e+01
9005	-7.333004e+01
9006	-7.153122e+01
9007	-7.100717e+01
9008	-7.459657e+01
9009	-6.757899e+01
9010	-7.132490e+01
9011	-7.185991e+01
9012	-7.058632e+01
9013	-7.437024e+01
9014	-7.252464e+01
9015	-7.241162e+01
9016	-7.420737e+01
9017	-7.375075e+01
9018	-7.116367e+01
9019	-7.141747e+01
9020	-7.115592e+01
9021	-6.879634e+01
9022	-7.686102e+01
9023	-7.335148e+01
9024	-7.281479e+01
9025	-7.562606e+01
9026	-7.300285e+01
9027	-6.930875e+01
9028	-7.510353e+01
9029	-7.434861e+01
9030	-7.373990e+01
9031	-7.394573e+01
9032	-7.230717e+01
9033	-7.331294e+01
9034	-7.360227e+01
9035	-7.103281e+01
9036	-7.137994e+01
9037	-7.801140e+01
9038	-7.304260e+01
9039	-7.235313e+01
9040	-7.128340e+01
9041	-7.316816e+01
9042	-7.564002e+01
9043	-7.156084e+01
9044	-7.390284e+01
9045	-7.359632e+01
9046	-7.402208e+01
9047	-7.637912e+01
9048	-7.630449e+01
9049	-7.433993e+01
9050	-7.386582e+01
9051	-7.143403e+01
9052	-6.969013e+01
9053	-7.288861e+01
9054	-6.830938e+01
9055	-7.541828e+01
9056	-7.378688e+01
9057	-7.401862e+01
9058	-7.052375e+01
9059	-7.571246e+01
9060	-7.414051e+01
9061	-7.335037e+01
9062	-7.339727e+01
9063	-7.282077e+01
9064	-7.554482e+01
9065	-7.171369e+01
9066	-6.981777e+01
9067	-7.365357e+01
9068	-7.207251e+01
9069	-7.299350e+01
9070	-7.608231e+01
9071	-7.584192e+01
9072	-7.285949e+01
9073	-6.894567e+01
9074	-7.431103e+01
9075	-7.416463e+01
9076	-7.041411e+01
9077	-7.332453e+01
9078	-7.193901e+01
9079	-7.267094e+01
9080	-7.226125e+01
9081	-7.079715e+01
9082	-7.417375e+01
9083	-7.822767e+01
9084	-7.465221e+01
9085	-7.441849e+01
9086	-7.219859e+01
9087	-7.496901e+01
9088	-7.274979e+01
9089	-7.076309e+01
9090	-7.591521e+01
9091	-7.316073e+01
9092	-7.050610e+01
9093	-7.266068e+01
9094	-7.210254e+01
9095	-7.475152e+01
9096	-7.210730e+01
9097	-7.348283e+01
9098	-7.208580e+01
9099	-7.360422e+01
9100	-7.668839e+01
9101	-7.050497e+01
9102	-7.297848e+01
9103	-7.307018e+01
9104	-7.290404e+01
9105	-7.242975e+01
9106	-7.351081e+01
9107	-7.428304e+01
9108	-7.299604e+01
9109	-7.419530e+01
9110	-7.122187e+01
9111	-7.357554e+01
9112	-7.395422e+01
9113	-7.536739e+01
9114	-7.537643e+01
9115	-7.328863e+01
9116	-7.434912e+01
9117	-7.414895e+01
9118	-7.534405e+01
9119	-7.218165e+01
9120	-7.247729e+01
9121	-7.583756e+01
9122	-8.051089e+01
9123	-7.409784e+01
9124	-7.205448e+01
9125	-7.352823e+01
9126	-7.088809e+01
9127	-7.243784e+01
9128	-7.552849e+01
9129	-7.386387e+01
9130	-7.430128e+01
9131	-7.291102e+01
9132	-7.311207e+01
9133	-6.995286e+01
9134	-7.232956e+01
9135	-7.151206e+01
9136	-7.424369e+01
9137	-7.132524e+01
9138	-7.311559e+01
9139	-7.400767e+01
9140	-7.565901e+01
9141	-7.419921e+01
9142	-7.687530e+01
9143	-7.631859e+01
9144	-7.241840e+01
9145	-7.376035e+01
9146	-7.301081e+01
9147	-7.323471e+01
9148	-7.280522e+01
9149	-7.301429e+01
9150	-7.262624e+01
9151	-7.710283e+01
9152	-7.358465e+01
9153	-7.780774e+01
9154	-7.352230e+01
9155	-7.041722e+01
9156	-7.260583e+01
9157	-7.507263e+01
9158	-7.164119e+01
9159	-7.497857e+01
9160	-7.422553e+01
9161	-7.247586e+01
9162	-7.122139e+01
9163	-7.295974e+01
9164	-7.356136e+01
9165	-7.278759e+01
9166	-7.350127e+01
9167	-7.085609e+01
9168	-7.453304e+01
9169	-7.326666e+01
9170	-7.382661e+01
9171	-7.536482e+01
9172	-7.093981e+01
9173	-7.099029e+01
9174	-7.665422e+01
9175	-7.453374e+01
9176	-7.256518e+01
9177	-7.270073e+01
9178	-7.330666e+01
9179	-7.447898e+01
9180	-7.504379e+01
9181	-6.925573e+01
9182	-7.655834e+01
9183	-7.403012e+01
9184	-7.169788e+01
9185	-7.179618e+01
9186	-7.745848e+01
9187	-7.526739e+01
9188	-7.079286e+01
9189	-6.980114e+01
9190	-7.238482e+01
9191	-7.369697e+01
9192	-7.137753e+01
9193	-7.158971e+01
9194	-7.398824e+01
9195	-7.207483e+01
9196	-7.003828e+01
9197	-7.245682e+01
9198	-7.265821e+01
9199	-7.457800e+01
9200	-7.472987e+01
9201	-7.286604e+01
9202	-6.865106e+01
9203	-7.041582e+01
9204	-7.496804e+01
9205	-7.374156e+01
9206	-7.198195e+01
9207	-7.427950e+01
9208	-7.260120e+01
9209	-7.307301e+01
9210	-7.339216e+01
9211	-7.454741e+01
9212	-7.388489e+01
9213	-7.432879e+01
9214	-7.297675e+01
9215	-7.145767e+01
9216	-7.500272e+01
9217	-7.232491e+01
9218	-7.331186e+01
9219	-7.266000e+01
9220	-7.453852e+01
9221	-7.549814e+01
9222	-7.333264e+01
9223	-7.440785e+01
9224	-7.532466e+01
9225	-7.331744e+01
9226	-7.339816e+01
9227	-7.753492e+01
9228	-7.295435e+01
9229	-7.320209e+01
9230	-7.258426e+01
9231	-6.973883e+01
9232	-7.212201e+01
9233	-7.483575e+01
9234	-7.506698e+01
9235	-7.456268e+01
9236	-7.529808e+01
9237	-7.198007e+01
9238	-7.284362e+01
9239	-7.712209e+01
9240	-7.319253e+01
9241	-7.236288e+01
9242	-7.247739e+01
9243	-7.372852e+01
9244	-7.441208e+01
9245	-7.800839e+01
9246	-7.175950e+01
9247	-7.472567e+01
9248	-7.592298e+01
9249	-7.539462e+01
9250	-7.277820e+01
9251	-7.305260e+01
9252	-7.373408e+01
9253	-7.253384e+01
9254	-7.513376e+01
9255	-7.233875e+01
9256	-7.361960e+01
9257	-7.461179e+01
9258	-7.490449e+01
9259	-7.028032e+01
9260	-7.347490e+01
9261	-7.679116e+01
9262	-7.185789e+01
9263	-7.054231e+01
9264	-7.318193e+01
9265	-7.395938e+01
9266	-7.337270e+01
9267	-7.535821e+01
9268	-7.183161e+01
9269	-7.507052e+01
9270	-7.319980e+01
9271	-7.261905e+01
9272	-7.268217e+01
9273	-7.532256e+01
9274	-7.024704e+01
9275	-7.624831e+01
9276	-7.371993e+01
9277	-7.351146e+01
9278	-7.144076e+01
9279	-7.283826e+01
9280	-7.282389e+01
9281	-7.681338e+01
9282	-7.403207e+01
9283	-7.568247e+01
9284	-7.408570e+01
9285	-7.654949e+01
9286	-7.634322e+01
9287	-7.164162e+01
9288	-7.338104e+01
9289	-7.509241e+01
9290	-7.280318e+01
9291	-7.266938e+01
9292	-7.548680e+01
9293	-7.575847e+01
9294	-7.001944e+01
9295	-7.475544e+01
9296	-7.264310e+01
9297	-7.555995e+01
9298	-7.233681e+01
9299	-7.203696e+01
9300	-7.663096e+01
9301	-7.453516e+01
9302	-7.269647e+01
9303	-7.101852e+01
9304	-7.515547e+01
9305	-7.418715e+01
9306	-7.140416e+01
9307	-7.096034e+01
9308	-7.394203e+01
9309	-7.477443e+01
9310	-7.194694e+01
9311	-7.500502e+01
9312	-7.722158e+01
9313	-6.913088e+01
9314	-7.097036e+01
9315	-6.980914e+01
9316	-7.305394e+01
9317	-7.211445e+01
9318	-7.198031e+01
9319	-7.121668e+01
9320	-7.280511e+01
9321	-7.318179e+01
9322	-7.613771e+01
9323	-7.377248e+01
9324	-7.650115e+01
9325	-7.462894e+01
9326	-7.223529e+01
9327	-7.549282e+01
9328	-7.506231e+01
9329	-7.519379e+01
9330	-7.442131e+01
9331	-7.255165e+01
9332	-7.522916e+01
9333	-7.639451e+01
9334	-6.987978e+01
9335	-7.543872e+01
9336	-7.093685e+01
9337	-7.236623e+01
9338	-7.448785e+01
9339	-7.305750e+01
9340	-7.702122e+01
9341	-7.272531e+01
9342	-7.817766e+01
9343	-7.153484e+01
9344	-7.575516e+01
9345	-7.547356e+01
9346	-7.218111e+01
9347	-7.392056e+01
9348	-7.333319e+01
9349	-7.579328e+01
9350	-7.441563e+01
9351	-7.271834e+01
9352	-7.248177e+01
9353	-7.414490e+01
9354	-7.561782e+01
9355	-6.816541e+01
9356	-7.459230e+01
9357	-7.618286e+01
9358	-7.398339e+01
9359	-7.340496e+01
9360	-7.416598e+01
9361	-7.690519e+01
9362	-7.705405e+01
9363	-7.467008e+01
9364	-7.270488e+01
9365	-7.364428e+01
9366	-7.641821e+01
9367	-7.448999e+01
9368	-7.516010e+01
9369	-7.297952e+01
9370	-6.995037e+01
9371	-7.481195e+01
9372	-7.058139e+01
9373	-7.570651e+01
9374	-7.301821e+01
9375	-7.254149e+01
9376	-7.108967e+01
9377	-7.052019e+01
9378	-7.384220e+01
9379	-7.148770e+01
9380	-7.520670e+01
9381	-7.817692e+01
9382	-7.079048e+01
9383	-7.335552e+01
9384	-7.034935e+01
9385	-6.858371e+01
9386	-7.138163e+01
9387	-7.416439e+01
9388	-7.142057e+01
9389	-6.933366e+01
9390	-7.338139e+01
9391	-7.307613e+01
9392	-7.190978e+01
9393	-7.408144e+01
9394	-7.438675e+01
9395	-7.270216e+01
9396	-7.639907e+01
9397	-7.401536e+01
9398	-7.302587e+01
9399	-7.184116e+01
9400	-7.438022e+01
9401	-7.321064e+01
9402	-7.568786e+01
9403	-7.422955e+01
9404	-7.468496e+01
9405	-7.059432e+01
9406	-7.137849e+01
9407	-7.305320e+01
9408	-7.421859e+01
9409	-7.597483e+01
9410	-7.305570e+01
9411	-7.136763e+01
9412	-7.793705e+01
9413	-7.220654e+01
9414	-7.745739e+01
9415	-7.416530e+01
9416	-7.342363e+01
9417	-7.592007e+01
9418	-7.410277e+01
9419	-7.395235e+01
9420	-7.745844e+01
9421	-7.540541e+01
9422	-7.078630e+01
9423	-7.693491e+01
9424	-7.359336e+01
9425	-7.127277e+01
9426	-7.381624e+01
9427	-7.546260e+01
9428	-7.167343e+01
9429	-7.525031e+01
9430	-7.433938e+01
9431	-7.672403e+01
9432	-7.255484e+01
9433	-7.617688e+01
9434	-8.019525e+01
9435	-6.850150e+01
9436	-7.422773e+01
9437	-7.416399e+01
9438	-7.376633e+01
9439	-6.992920e+01
9440	-7.281554e+01
9441	-7.363680e+01
9442	-7.266275e+01
9443	-7.287865e+01
9444	-7.371586e+01
9445	-7.342944e+01
9446	-7.025255e+01
9447	-7.257453e+01
9448	-7.092746e+01
9449	-7.243969e+01
9450	-7.187864e+01
9451	-7.583984e+01
9452	-7.165810e+01
9453	-6.988933e+01
9454	-7.517601e+01
9455	-6.930465e+01
9456	-7.063913e+01
9457	-7.456191e+01
9458	-7.412837e+01
9459	-7.250026e+01
9460	-7.542774e+01
9461	-7.157694e+01
9462	-7.269877e+01
9463	-7.489282e+01
9464	-7.148071e+01
9465	-7.234944e+01
9466	-7.237992e+01
9467	-7.237022e+01
9468	-7.564058e+01
9469	-7.098451e+01
9470	-7.211496e+01
9471	-7.159239e+01
9472	-7.374075e+01
9473	-7.109884e+01
9474	-7.516465e+01
9475	-7.388796e+01
9476	-7.089687e+01
9477	-7.375816e+01
9478	-7.250969e+01
9479	-7.330694e+01
9480	-7.326332e+01
9481	-7.404424e+01
9482	-7.079656e+01
9483	-6.972876e+01
9484	-6.998174e+01
9485	-7.425848e+01
9486	-7.246975e+01
9487	-7.219851e+01
9488	-7.316086e+01
9489	-7.309092e+01
9490	-7.424824e+01
9491	-7.343822e+01
9492	-7.365256e+01
9493	-7.407927e+01
9494	-7.637732e+01
9495	-7.265589e+01
9496	-7.486292e+01
9497	-7.531005e+01
9498	-7.395575e+01
9499	-7.429011e+01
9500	-7.663508e+01
9501	-7.656904e+01
9502	-7.385307e+01
9503	-7.284793e+01
9504	-7.194855e+01
9505	-7.037430e+01
9506	-7.374658e+01
9507	-7.622472e+01
9508	-7.244736e+01
9509	-7.514193e+01
9510	-7.250466e+01
9511	-7.338812e+01
9512	-7.443014e+01
9513	-7.465196e+01
9514	-7.421695e+01
9515	-7.050895e+01
9516	-7.247268e+01
9517	-7.212929e+01
9518	-7.460496e+01
9519	-6.884155e+01
9520	-7.281640e+01
9521	-7.404120e+01
9522	-7.329238e+01
9523	-7.079696e+01
9524	-7.111053e+01
9525	-7.571954e+01
9526	-7.342222e+01
9527	-7.765764e+01
9528	-7.343273e+01
9529	-7.671207e+01
9530	-7.323699e+01
9531	-7.153130e+01
9532	-7.260211e+01
9533	-7.358672e+01
9534	-7.654770e+01
9535	-7.355664e+01
9536	-7.447637e+01
9537	-7.179022e+01
9538	-7.206211e+01
9539	-7.241496e+01
9540	-7.076741e+01
9541	-7.555573e+01
9542	-7.327870e+01
9543	-7.405264e+01
9544	-7.313979e+01
9545	-7.320249e+01
9546	-7.537894e+01
9547	-7.066708e+01
9548	-7.371638e+01
9549	-7.217536e+01
9550	-7.249667e+01
9551	-7.325155e+01
9552	-7.049944e+01
9553	-7.358521e+01
9554	-7.646976e+01
9555	-7.792301e+01
9556	-7.176051e+01
9557	-7.281721e+01
9558	-7.306537e+01
9559	-7.600361e+01
9560	-7.402310e+01
9561	-7.375800e+01
9562	-7.290911e+01
9563	-7.373408e+01
9564	-7.143472e+01
9565	-7.189936e+01
9566	-7.487916e+01
9567	-7.163262e+01
9568	-7.192779e+01
9569	-7.259047e+01
9570	-7.118806e+01
9571	-7.171696e+01
9572	-7.394633e+01
9573	-7.567055e+01
9574	-7.580052e+01
9575	-7.476235e+01
9576	-7.191676e+01
9577	-7.501977e+01
9578	-7.440226e+01
9579	-7.569094e+01
9580	-7.483831e+01
9581	-7.483536e+01
9582	-7.234162e+01
9583	-7.196439e+01
9584	-7.626754e+01
9585	-7.670064e+01
9586	-7.593870e+01
9587	-7.342268e+01
9588	-7.840829e+01
9589	-7.082023e+01
9590	-7.320885e+01
9591	-7.456780e+01
9592	-7.270455e+01
9593	-7.419792e+01
9594	-7.639264e+01
9595	-7.105594e+01
9596	-7.376600e+01
9597	-7.031914e+01
9598	-7.373845e+01
9599	-7.547775e+01
9600	-7.669139e+01
9601	-7.295564e+01
9602	-7.307079e+01
9603	-7.394042e+01
9604	-7.311719e+01
9605	-7.229741e+01
9606	-7.334027e+01
9607	-7.028334e+01
9608	-7.384635e+01
9609	-6.671959e+01
9610	-7.458497e+01
9611	-7.354126e+01
9612	-7.254293e+01
9613	-7.053671e+01
9614	-7.236142e+01
9615	-7.831203e+01
9616	-7.455454e+01
9617	-7.376885e+01
9618	-7.494811e+01
9619	-7.241079e+01
9620	-7.626809e+01
9621	-7.284403e+01
9622	-7.285951e+01
9623	-7.230078e+01
9624	-7.112356e+01
9625	-7.194471e+01
9626	-7.307999e+01
9627	-7.439116e+01
9628	-7.319902e+01
9629	-7.526215e+01
9630	-7.559401e+01
9631	-6.823002e+01
9632	-7.632836e+01
9633	-7.033704e+01
9634	-7.252532e+01
9635	-7.358015e+01
9636	-7.245766e+01
9637	-7.163487e+01
9638	-7.260885e+01
9639	-7.243095e+01
9640	-7.679127e+01
9641	-7.581019e+01
9642	-7.119473e+01
9643	-7.657470e+01
9644	-7.189435e+01
9645	-7.390750e+01
9646	-7.288923e+01
9647	-7.556172e+01
9648	-7.382705e+01
9649	-7.352519e+01
9650	-7.179351e+01
9651	-7.213900e+01
9652	-7.112552e+01
9653	-7.124335e+01
9654	-7.336087e+01
9655	-7.492779e+01
9656	-7.457896e+01
9657	-7.344297e+01
9658	-7.260293e+01
9659	-6.742061e+01
9660	-7.342135e+01
9661	-7.409387e+01
9662	-7.175203e+01
9663	-7.699480e+01
9664	-7.133333e+01
9665	-7.637693e+01
9666	-7.374839e+01
9667	-7.390479e+01
9668	-7.004794e+01
9669	-7.317395e+01
9670	-7.356394e+01
9671	-7.446482e+01
9672	-7.533483e+01
9673	-7.455468e+01
9674	-7.436036e+01
9675	-7.402660e+01
9676	-7.239662e+01
9677	-7.051227e+01
9678	-7.446903e+01
9679	-7.357232e+01
9680	-7.395256e+01
9681	-7.452624e+01
9682	-7.520884e+01
9683	-7.514184e+01
9684	-7.566420e+01
9685	-7.191925e+01
9686	-7.219651e+01
9687	-7.694285e+01
9688	-6.945837e+01
9689	-7.375882e+01
9690	-7.606359e+01
9691	-7.519841e+01
9692	-7.166734e+01
9693	-7.558526e+01
9694	-7.320086e+01
9695	-7.341674e+01
9696	-7.138461e+01
9697	-7.336020e+01
9698	-7.188606e+01
9699	-6.969136e+01
9700	-7.259676e+01
9701	-7.185822e+01
9702	-6.854570e+01
9703	-7.251338e+01
9704	-7.378733e+01
9705	-6.981444e+01
9706	-7.663337e+01
9707	-7.206041e+01
9708	-7.289289e+01
9709	-7.425969e+01
9710	-7.474984e+01
9711	-7.359480e+01
9712	-7.280211e+01
9713	-7.161004e+01
9714	-7.431963e+01
9715	-7.316982e+01
9716	-7.436662e+01
9717	-7.619882e+01
9718	-7.167164e+01
9719	-7.344011e+01
9720	-7.189653e+01
9721	-7.498726e+01
9722	-6.921886e+01
9723	-6.988646e+01
9724	-7.193955e+01
9725	-7.113151e+01
9726	-7.115394e+01
9727	-7.140834e+01
9728	-7.566566e+01
9729	-7.132607e+01
9730	-7.127973e+01
9731	-7.416491e+01
9732	-7.345650e+01
9733	-7.343474e+01
9734	-7.380023e+01
9735	-7.433342e+01
9736	-7.394065e+01
9737	-7.422866e+01
9738	-7.440614e+01
9739	-7.188821e+01
9740	-7.649751e+01
9741	-7.625427e+01
9742	-7.230197e+01
9743	-7.216336e+01
9744	-7.439475e+01
9745	-7.308199e+01
9746	-7.007830e+01
9747	-7.696616e+01
9748	-7.060725e+01
9749	-7.262560e+01
9750	-7.368869e+01
9751	-6.937664e+01
9752	-7.747316e+01
9753	-7.495694e+01
9754	-7.380927e+01
9755	-7.302219e+01
9756	-7.027029e+01
9757	-7.238913e+01
9758	-7.066342e+01
9759	-7.332926e+01
9760	-7.457724e+01
9761	-7.116711e+01
9762	-7.095294e+01
9763	-7.045327e+01
9764	-7.622418e+01
9765	-7.047786e+01
9766	-7.474362e+01
9767	-7.807578e+01
9768	-7.147166e+01
9769	-7.267041e+01
9770	-7.184933e+01
9771	-6.728497e+01
9772	-7.362021e+01
9773	-7.478870e+01
9774	-7.224166e+01
9775	-7.303658e+01
9776	-7.424505e+01
9777	-7.535550e+01
9778	-7.159275e+01
9779	-7.320524e+01
9780	-7.258748e+01
9781	-7.479212e+01
9782	-7.168754e+01
9783	-7.329483e+01
9784	-7.346116e+01
9785	-7.381983e+01
9786	-7.473699e+01
9787	-7.023160e+01
9788	-7.532165e+01
9789	-7.228170e+01
9790	-7.342867e+01
9791	-7.168086e+01
9792	-6.984009e+01
9793	-7.324000e+01
9794	-7.486788e+01
9795	-7.182219e+01
9796	-7.039520e+01
9797	-7.378874e+01
9798	-7.325253e+01
9799	-7.389507e+01
9800	-7.065974e+01
9801	-7.314616e+01
9802	-7.338119e+01
9803	-7.600055e+01
9804	-7.590581e+01
9805	-7.481592e+01
9806	-7.056600e+01
9807	-7.032495e+01
9808	-6.962543e+01
9809	-7.246626e+01
9810	-7.192686e+01
9811	-7.549765e+01
9812	-7.342230e+01
9813	-7.427110e+01
9814	-7.022072e+01
9815	-7.633168e+01
9816	-7.230831e+01
9817	-7.486295e+01
9818	-7.389755e+01
9819	-7.118003e+01
9820	-7.455709e+01
9821	-7.083643e+01
9822	-6.911416e+01
9823	-6.997111e+01
9824	-6.934450e+01
9825	-7.307417e+01
9826	-6.981507e+01
9827	-7.018974e+01
9828	-7.253235e+01
9829	-7.309120e+01
9830	-7.543065e+01
9831	-7.365879e+01
9832	-7.669338e+01
9833	-7.189624e+01
9834	-7.278750e+01
9835	-7.576101e+01
9836	-7.362826e+01
9837	-7.150465e+01
9838	-7.540310e+01
9839	-7.006668e+01
9840	-7.423227e+01
9841	-7.170665e+01
9842	-7.144621e+01
9843	-7.156201e+01
9844	-6.994204e+01
9845	-7.166959e+01
9846	-7.265812e+01
9847	-7.477152e+01
9848	-7.522408e+01
9849	-7.470655e+01
9850	-7.106579e+01
9851	-7.441511e+01
9852	-7.355107e+01
9853	-7.308033e+01
9854	-7.258788e+01
9855	-7.163607e+01
9856	-7.188738e+01
9857	-7.130709e+01
9858	-7.302583e+01
9859	-7.061842e+01
9860	-7.209934e+01
9861	-6.981156e+01
9862	-7.229944e+01
9863	-7.350450e+01
9864	-7.296929e+01
9865	-7.178513e+01
9866	-7.361893e+01
9867	-7.253378e+01
9868	-7.556348e+01
9869	-7.031281e+01
9870	-6.831499e+01
9871	-7.138345e+01
9872	-7.301824e+01
9873	-7.850653e+01
9874	-7.432581e+01
9875	-7.315390e+01
9876	-7.301520e+01
9877	-7.174706e+01
9878	-7.673239e+01
9879	-7.352151e+01
9880	-7.483873e+01
9881	-7.527958e+01
9882	-7.424856e+01
9883	-7.126442e+01
9884	-7.090264e+01
9885	-7.309841e+01
9886	-7.525337e+01
9887	-7.322916e+01
9888	-7.263499e+01
9889	-7.590412e+01
9890	-6.975696e+01
9891	-7.382496e+01
9892	-7.239812e+01
9893	-7.398721e+01
9894	-7.176666e+01
9895	-7.269687e+01
9896	-7.708630e+01
9897	-7.412475e+01
9898	-7.143611e+01
9899	-7.400069e+01
9900	-7.487242e+01
9901	-6.883895e+01
9902	-7.449302e+01
9903	-7.403699e+01
9904	-7.122471e+01
9905	-7.252120e+01
9906	-7.115811e+01
9907	-7.309979e+01
9908	-7.364996e+01
9909	-7.776197e+01
9910	-7.227722e+01
9911	-7.226282e+01
9912	-7.435840e+01
9913	-7.496232e+01
9914	-7.668224e+01
9915	-7.236508e+01
9916	-7.494837e+01
9917	-6.988659e+01
9918	-7.187565e+01
9919	-7.219392e+01
9920	-7.476405e+01
9921	-7.276067e+01
9922	-7.654187e+01
9923	-7.509135e+01
9924	-7.220200e+01
9925	-7.295793e+01
9926	-7.210596e+01
9927	-7.715523e+01
9928	-7.475093e+01
9929	-7.785217e+01
9930	-7.048704e+01
9931	-7.243858e+01
9932	-7.083674e+01
9933	-7.197853e+01
9934	-7.066178e+01
9935	-7.324246e+01
9936	-7.347283e+01
9937	-7.340073e+01
9938	-7.243942e+01
9939	-7.184633e+01
9940	-7.185780e+01
9941	-7.458189e+01
9942	-7.131270e+01
9943	-7.584774e+01
9944	-7.471722e+01
9945	-7.487704e+01
9946	-7.399804e+01
9947	-7.071321e+01
9948	-7.513466e+01
9949	-7.916159e+01
9950	-7.525627e+01
9951	-7.444138e+01
9952	-7.444386e+01
9953	-7.267882e+01
9954	-7.380601e+01
9955	-7.402154e+01
9956	-7.418467e+01
9957	-7.187227e+01
9958	-7.697452e+01
9959	-7.354801e+01
9960	-7.732794e+01
9961	-7.203834e+01
9962	-7.007818e+01
9963	-7.415469e+01
9964	-7.213918e+01
9965	-7.152088e+01
9966	-7.129067e+01
9967	-7.004697e+01
9968	-7.078962e+01
9969	-7.253739e+01
9970	-7.304856e+01
9971	-7.932169e+01
9972	-7.212929e+01
9973	-7.701493e+01
9974	-7.392861e+01
9975	-7.553770e+01
9976	-7.343616e+01
9977	-7.379900e+01
9978	-7.496279e+01
9979	-7.616913e+01
9980	-7.416194e+01
9981	-7.890564e+01
9982	-7.038114e+01
9983	-7.083013e+01
9984	-7.540215e+01
9985	-7.213326e+01
9986	-7.745336e+01
9987	-7.388494e+01
9988	-7.604711e+01
9989	-7.014493e+01
9990	-7.129596e+01
9991	-7.645739e+01
9992	-7.576247e+01
9993	-7.313648e+01
9994	-7.036388e+01
9995	-7.454206e+01
9996	-7.315318e+01
9997	-7.554440e+01
9998	-7.428131e+01
9999	-7.330000e+01
10000	-7.571888e+01
