iteration	loss
0	0.000000e+00
1	-9.835553e+00
2	-1.801881e+01
3	-2.589374e+01
4	-3.419818e+01
5	-3.966657e+01
6	-4.653755e+01
7	-5.002058e+01
8	-5.417662e+01
9	-5.893419e+01
10	-6.161547e+01
11	-6.145878e+01
12	-6.303046e+01
13	-6.352521e+01
14	-6.753122e+01
15	-6.974844e+01
16	-6.976191e+01
17	-7.187836e+01
18	-7.018518e+01
19	-6.932207e+01
20	-7.308993e+01
21	-7.249064e+01
22	-7.108328e+01
23	-7.126696e+01
24	-7.233489e+01
25	-7.215072e+01
26	-7.308002e+01
27	-7.116508e+01
28	-7.307194e+01
29	-7.204002e+01
30	-6.912559e+01
31	-6.953131e+01
32	-6.962706e+01
33	-6.842321e+01
34	-7.117773e+01
35	-7.084842e+01
36	-7.018794e+01
37	-7.156457e+01
38	-7.100908e+01
39	-6.880977e+01
40	-7.086435e+01
41	-7.549840e+01
42	-7.122759e+01
43	-7.404041e+01
44	-7.283219e+01
45	-7.314164e+01
46	-7.615943e+01
47	-7.110612e+01
48	-7.410276e+01
49	-7.412924e+01
50	-7.151236e+01
51	-7.179077e+01
52	-6.714774e+01
53	-7.023264e+01
54	-7.479559e+01
55	-7.152152e+01
56	-7.184113e+01
57	-7.163088e+01
58	-7.155232e+01
59	-7.420902e+01
60	-7.300354e+01
61	-7.408254e+01
62	-7.091250e+01
63	-7.438098e+01
64	-7.168658e+01
65	-7.097007e+01
66	-7.110991e+01
67	-7.589457e+01
68	-7.271997e+01
69	-7.615383e+01
70	-7.402519e+01
71	-7.069162e+01
72	-7.156203e+01
73	-7.465704e+01
74	-7.264221e+01
75	-7.258342e+01
76	-7.097698e+01
77	-7.330446e+01
78	-7.302884e+01
79	-7.076732e+01
80	-7.295594e+01
81	-7.272101e+01
82	-7.426958e+01
83	-7.625595e+01
84	-7.411712e+01
85	-7.079336e+01
86	-7.041591e+01
87	-6.995556e+01
88	-7.448583e+01
89	-7.188557e+01
90	-7.176185e+01
91	-7.437506e+01
92	-7.487496e+01
93	-6.947081e+01
94	-7.560559e+01
95	-7.246183e+01
96	-7.501239e+01
97	-7.190967e+01
98	-7.073302e+01
99	-7.288291e+01
100	-7.393595e+01
101	-7.322175e+01
102	-7.340656e+01
103	-7.412963e+01
104	-7.374604e+01
105	-7.472557e+01
106	-7.100481e+01
107	-7.255905e+01
108	-7.154305e+01
109	-7.274310e+01
110	-7.352574e+01
111	-7.165736e+01
112	-7.578735e+01
113	-7.144542e+01
114	-7.189498e+01
115	-6.984295e+01
116	-6.995240e+01
117	-7.195220e+01
118	-7.337547e+01
119	-7.394905e+01
120	-7.115507e+01
121	-7.039891e+01
122	-7.471689e+01
123	-7.380519e+01
124	-7.052186e+01
125	-7.450506e+01
126	-7.399258e+01
127	-7.291347e+01
128	-7.016985e+01
129	-7.137834e+01
130	-7.301359e+01
131	-7.182093e+01
132	-7.244144e+01
133	-7.363229e+01
134	-7.878771e+01
135	-7.278699e+01
136	-7.284892e+01
137	-7.231670e+01
138	-7.315468e+01
139	-7.217440e+01
140	-7.310635e+01
141	-7.594839e+01
142	-7.014406e+01
143	-7.409411e+01
144	-7.180942e+01
145	-7.591083e+01
146	-6.960050e+01
147	-7.040204e+01
148	-7.185429e+01
149	-6.973481e+01
150	-7.448191e+01
151	-7.531138e+01
152	-7.105723e+01
153	-7.179535e+01
154	-7.401761e+01
155	-7.050161e+01
156	-7.063055e+01
157	-7.376100e+01
158	-7.207120e+01
159	-7.342521e+01
160	-7.213765e+01
161	-7.213648e+01
162	-7.354431e+01
163	-6.971859e+01
164	-7.038013e+01
165	-7.215014e+01
166	-7.376060e+01
167	-6.988903e+01
168	-7.420255e+01
169	-7.450471e+01
170	-7.199637e+01
171	-6.983535e+01
172	-7.420740e+01
173	-7.340063e+01
174	-7.420564e+01
175	-7.234273e+01
176	-7.351159e+01
177	-7.437283e+01
178	-7.532579e+01
179	-7.057409e+01
180	-7.345236e+01
181	-6.884018e+01
182	-7.158410e+01
183	-6.966177e+01
184	-7.431315e+01
185	-6.788626e+01
186	-7.026152e+01
187	-7.427280e+01
188	-7.122838e+01
189	-7.049614e+01
190	-6.927366e+01
191	-7.565648e+01
192	-7.191095e+01
193	-7.042369e+01
194	-7.751933e+01
195	-7.228065e+01
196	-7.077024e+01
197	-7.351154e+01
198	-7.211437e+01
199	-7.106032e+01
200	-7.086991e+01
201	-7.172749e+01
202	-7.188974e+01
203	-7.445925e+01
204	-7.536512e+01
205	-7.210583e+01
206	-7.390584e+01
207	-6.854227e+01
208	-7.442459e+01
209	-7.002345e+01
210	-7.065150e+01
211	-7.501209e+01
212	-7.037787e+01
213	-7.477523e+01
214	-7.393624e+01
215	-7.251171e+01
216	-7.520855e+01
217	-7.124359e+01
218	-7.554133e+01
219	-7.372377e+01
220	-7.331011e+01
221	-7.125171e+01
222	-7.273197e+01
223	-7.415585e+01
224	-7.256938e+01
225	-7.186119e+01
226	-7.519682e+01
227	-7.183042e+01
228	-7.034447e+01
229	-7.464466e+01
230	-7.269397e+01
231	-7.617571e+01
232	-7.141048e+01
233	-7.173754e+01
234	-7.179136e+01
235	-7.519937e+01
236	-7.123853e+01
237	-7.002753e+01
238	-7.422815e+01
239	-7.342639e+01
240	-7.087109e+01
241	-7.187749e+01
242	-7.465752e+01
243	-7.421928e+01
244	-7.544342e+01
245	-7.238519e+01
246	-7.407158e+01
247	-7.429720e+01
248	-7.060764e+01
249	-7.213545e+01
250	-7.111071e+01
251	-7.305097e+01
252	-7.364398e+01
253	-7.492989e+01
254	-7.102343e+01
255	-7.579230e+01
256	-6.906132e+01
257	-7.392494e+01
258	-7.325256e+01
259	-7.160962e+01
260	-7.379860e+01
261	-7.223471e+01
262	-7.493942e+01
263	-7.264861e+01
264	-7.077726e+01
265	-7.324553e+01
266	-7.538440e+01
267	-6.949601e+01
268	-7.261993e+01
269	-7.165239e+01
270	-7.256596e+01
271	-7.265133e+01
272	-7.742616e+01
273	-7.307560e+01
274	-7.441815e+01
275	-7.475547e+01
276	-7.400990e+01
277	-7.235464e+01
278	-7.414376e+01
279	-7.041956e+01
280	-7.302476e+01
281	-7.269818e+01
282	-7.317682e+01
283	-7.193568e+01
284	-7.188761e+01
285	-7.310003e+01
286	-7.247912e+01
287	-7.216756e+01
288	-7.254498e+01
289	-7.384683e+01
290	-7.471989e+01
291	-7.214044e+01
292	-7.013806e+01
293	-7.594430e+01
294	-7.535471e+01
295	-7.658280e+01
296	-7.239035e+01
297	-7.466118e+01
298	-7.127676e+01
299	-7.434283e+01
300	-7.754048e+01
301	-7.336348e+01
302	-7.310824e+01
303	-7.209674e+01
304	-7.396733e+01
305	-7.104181e+01
306	-7.682369e+01
307	-7.282841e+01
308	-7.173525e+01
309	-7.230572e+01
310	-7.052118e+01
311	-7.082154e+01
312	-7.130059e+01
313	-7.539888e+01
314	-7.218273e+01
315	-7.654802e+01
316	-7.195155e+01
317	-7.130995e+01
318	-7.366327e+01
319	-7.364430e+01
320	-7.257014e+01
321	-7.330153e+01
322	-7.504880e+01
323	-7.354571e+01
324	-7.184804e+01
325	-7.359497e+01
326	-7.137318e+01
327	-7.334581e+01
328	-7.327147e+01
329	-7.587205e+01
330	-7.413250e+01
331	-6.854247e+01
332	-7.237698e+01
333	-7.772098e+01
334	-7.272246e+01
335	-7.393565e+01
336	-7.512481e+01
337	-7.228241e+01
338	-7.038842e+01
339	-7.367977e+01
340	-7.085865e+01
341	-7.380147e+01
342	-7.239838e+01
343	-7.276753e+01
344	-7.231089e+01
345	-7.427795e+01
346	-7.179692e+01
347	-6.976770e+01
348	-7.295964e+01
349	-7.370994e+01
350	-6.950499e+01
351	-7.335215e+01
352	-7.381603e+01
353	-7.307743e+01
354	-7.165996e+01
355	-7.386176e+01
356	-7.452036e+01
357	-7.078370e+01
358	-6.994072e+01
359	-7.389480e+01
360	-7.130119e+01
361	-7.314394e+01
362	-7.250102e+01
363	-7.649759e+01
364	-7.160936e+01
365	-7.325128e+01
366	-7.417678e+01
367	-7.513192e+01
368	-7.242906e+01
369	-7.275827e+01
370	-7.149747e+01
371	-7.287949e+01
372	-7.155289e+01
373	-7.188493e+01
374	-7.478560e+01
375	-7.193264e+01
376	-7.198244e+01
377	-7.867568e+01
378	-7.344378e+01
379	-7.318265e+01
380	-7.367029e+01
381	-7.214555e+01
382	-7.432793e+01
383	-7.395674e+01
384	-7.115783e+01
385	-7.245565e+01
386	-7.383049e+01
387	-7.270612e+01
388	-7.133216e+01
389	-7.626424e+01
390	-7.285536e+01
391	-7.521080e+01
392	-7.509654e+01
393	-7.312875e+01
394	-7.296391e+01
395	-6.993021e+01
396	-6.950206e+01
397	-7.246247e+01
398	-7.481195e+01
399	-7.566447e+01
400	-6.993182e+01
401	-7.442360e+01
402	-7.482628e+01
403	-7.193728e+01
404	-7.510619e+01
405	-7.465959e+01
406	-7.329606e+01
407	-7.672673e+01
408	-7.241095e+01
409	-7.122658e+01
410	-7.316918e+01
411	-7.362099e+01
412	-7.148373e+01
413	-7.582225e+01
414	-7.200679e+01
415	-7.528730e+01
416	-7.289598e+01
417	-6.838539e+01
418	-7.383958e+01
419	-7.277074e+01
420	-7.401740e+01
421	-7.797489e+01
422	-7.017372e+01
423	-7.283084e+01
424	-7.426949e+01
425	-7.299401e+01
426	-7.052899e+01
427	-7.326318e+01
428	-7.396405e+01
429	-7.430789e+01
430	-7.180957e+01
431	-6.982991e+01
432	-7.626502e+01
433	-7.287281e+01
434	-7.424477e+01
435	-7.210358e+01
436	-7.301840e+01
437	-7.155089e+01
438	-7.103828e+01
439	-7.291140e+01
440	-7.388786e+01
441	-7.749371e+01
442	-7.012179e+01
443	-7.396353e+01
444	-7.441803e+01
445	-7.276144e+01
446	-7.456625e+01
447	-7.094740e+01
448	-7.052962e+01
449	-7.070090e+01
450	-7.123426e+01
451	-7.294622e+01
452	-7.333016e+01
453	-7.315799e+01
454	-7.283438e+01
455	-7.368838e+01
456	-6.922469e+01
457	-7.500651e+01
458	-7.243920e+01
459	-7.063754e+01
460	-7.346599e+01
461	-7.630154e+01
462	-7.437584e+01
463	-7.347614e+01
464	-7.261457e+01
465	-7.362534e+01
466	-7.201112e+01
467	-7.113946e+01
468	-6.835155e+01
469	-7.227325e+01
470	-7.619003e+01
471	-7.381061e+01
472	-7.382158e+01
473	-7.407919e+01
474	-7.138860e+01
475	-7.112275e+01
476	-7.231198e+01
477	-7.265561e+01
478	-7.616215e+01
479	-7.128224e+01
480	-7.273968e+01
481	-7.385652e+01
482	-7.401373e+01
483	-7.383017e+01
484	-7.097562e+01
485	-7.207445e+01
486	-7.517890e+01
487	-7.478695e+01
488	-7.417606e+01
489	-7.419105e+01
490	-7.093751e+01
491	-7.397570e+01
492	-7.322627e+01
493	-7.146826e+01
494	-7.244979e+01
495	-7.056884e+01
496	-7.857987e+01
497	-7.283838e+01
498	-7.435570e+01
499	-7.069904e+01
500	-7.444920e+01
501	-6.927182e+01
502	-7.225594e+01
503	-7.464615e+01
504	-7.339315e+01
505	-7.286026e+01
506	-7.351579e+01
507	-7.227612e+01
508	-7.243664e+01
509	-7.279161e+01
510	-7.039954e+01
511	-7.312103e+01
512	-7.378443e+01
513	-7.008840e+01
514	-7.579959e+01
515	-7.598508e+01
516	-7.116398e+01
517	-7.624412e+01
518	-7.225366e+01
519	-7.288019e+01
520	-6.916543e+01
521	-7.353970e+01
522	-7.107435e+01
523	-7.085409e+01
524	-7.228260e+01
525	-7.293309e+01
526	-7.400024e+01
527	-7.187401e+01
528	-7.323134e+01
529	-7.029323e+01
530	-6.913648e+01
531	-7.482895e+01
532	-7.318466e+01
533	-6.984278e+01
534	-7.425196e+01
535	-7.286798e+01
536	-7.260698e+01
537	-7.711114e+01
538	-7.565213e+01
539	-7.447252e+01
540	-7.220697e+01
541	-7.384937e+01
542	-7.131398e+01
543	-7.123991e+01
544	-7.488810e+01
545	-7.622730e+01
546	-7.015694e+01
547	-7.063914e+01
548	-7.415141e+01
549	-7.434322e+01
550	-7.381458e+01
551	-7.294842e+01
552	-7.412822e+01
553	-7.130354e+01
554	-7.250439e+01
555	-7.380821e+01
556	-7.440984e+01
557	-7.151349e+01
558	-7.456595e+01
559	-7.168121e+01
560	-7.696144e+01
561	-7.247807e+01
562	-7.367415e+01
563	-7.159661e+01
564	-7.518569e+01
565	-7.635995e+01
566	-7.573637e+01
567	-7.199927e+01
568	-7.776675e+01
569	-7.259756e+01
570	-7.151572e+01
571	-7.600098e+01
572	-7.215450e+01
573	-7.120652e+01
574	-7.028010e+01
575	-7.130033e+01
576	-7.067022e+01
577	-7.054120e+01
578	-7.338065e+01
579	-7.543962e+01
580	-7.236689e+01
581	-7.313832e+01
582	-7.074681e+01
583	-7.222297e+01
584	-7.307667e+01
585	-7.209007e+01
586	-7.428464e+01
587	-7.202493e+01
588	-7.261904e+01
589	-7.638504e+01
590	-7.254611e+01
591	-7.238792e+01
592	-7.296942e+01
593	-7.300499e+01
594	-7.330019e+01
595	-7.574177e+01
596	-6.933086e+01
597	-7.094182e+01
598	-7.102147e+01
599	-7.146044e+01
600	-7.521970e+01
601	-7.294246e+01
602	-7.547406e+01
603	-6.841889e+01
604	-7.221732e+01
605	-7.462070e+01
606	-7.261212e+01
607	-7.219699e+01
608	-7.542145e+01
609	-7.071189e+01
610	-7.350362e+01
611	-7.148407e+01
612	-7.291259e+01
613	-7.344932e+01
614	-7.235529e+01
615	-6.845435e+01
616	-7.442021e+01
617	-7.365457e+01
618	-7.398817e+01
619	-7.138497e+01
620	-7.188409e+01
621	-7.119014e+01
622	-7.207216e+01
623	-7.105877e+01
624	-7.301728e+01
625	-7.092456e+01
626	-7.130694e+01
627	-7.510079e+01
628	-7.310380e+01
629	-7.253400e+01
630	-7.336697e+01
631	-7.280715e+01
632	-7.492976e+01
633	-7.517981e+01
634	-7.355252e+01
635	-7.377588e+01
636	-7.386681e+01
637	-7.411281e+01
638	-7.311530e+01
639	-7.297810e+01
640	-6.949417e+01
641	-7.383152e+01
642	-7.177459e+01
643	-7.104155e+01
644	-7.471515e+01
645	-7.298786e+01
646	-6.783422e+01
647	-7.432697e+01
648	-7.556697e+01
649	-7.370569e+01
650	-7.264582e+01
651	-7.392891e+01
652	-7.508409e+01
653	-7.193539e+01
654	-7.314421e+01
655	-7.583878e+01
656	-7.211771e+01
657	-7.208543e+01
658	-7.065667e+01
659	-7.277265e+01
660	-7.264012e+01
661	-7.557318e+01
662	-7.231171e+01
663	-7.152243e+01
664	-7.640956e+01
665	-7.130553e+01
666	-7.122784e+01
667	-7.277720e+01
668	-7.396394e+01
669	-7.071270e+01
670	-6.937694e+01
671	-7.311933e+01
672	-7.338021e+01
673	-7.390893e+01
674	-7.260073e+01
675	-7.261448e+01
676	-7.192702e+01
677	-7.432301e+01
678	-7.303723e+01
679	-7.185826e+01
680	-7.385403e+01
681	-7.403167e+01
682	-7.374979e+01
683	-7.694367e+01
684	-7.291787e+01
685	-7.134991e+01
686	-7.058673e+01
687	-7.424522e+01
688	-6.857529e+01
689	-7.207522e+01
690	-7.619199e+01
691	-7.274893e+01
692	-7.138191e+01
693	-7.149020e+01
694	-6.951441e+01
695	-7.427908e+01
696	-7.048880e+01
697	-7.478679e+01
698	-7.705271e+01
699	-7.339099e+01
700	-7.041731e+01
701	-7.409373e+01
702	-7.191923e+01
703	-7.169849e+01
704	-7.579796e+01
705	-7.267296e+01
706	-7.154277e+01
707	-7.440526e+01
708	-7.361735e+01
709	-7.299290e+01
710	-7.234428e+01
711	-7.772335e+01
712	-7.079885e+01
713	-7.304164e+01
714	-7.340510e+01
715	-7.065288e+01
716	-7.525209e+01
717	-7.740474e+01
718	-7.455541e+01
719	-6.834462e+01
720	-7.016347e+01
721	-7.838105e+01
722	-7.435801e+01
723	-7.105809e+01
724	-7.465421e+01
725	-7.515028e+01
726	-7.169803e+01
727	-7.541479e+01
728	-7.477522e+01
729	-7.077232e+01
730	-7.640307e+01
731	-7.161411e+01
732	-7.145376e+01
733	-7.125334e+01
734	-6.912398e+01
735	-7.145530e+01
736	-7.398945e+01
737	-7.700208e+01
738	-7.238492e+01
739	-7.199881e+01
740	-7.710423e+01
741	-7.237761e+01
742	-7.226565e+01
743	-7.411019e+01
744	-7.320958e+01
745	-7.246885e+01
746	-7.099224e+01
747	-7.528418e+01
748	-6.924827e+01
749	-7.542216e+01
750	-7.057123e+01
751	-7.427037e+01
752	-7.343279e+01
753	-7.428751e+01
754	-7.435471e+01
755	-7.367215e+01
756	-7.225011e+01
757	-7.281566e+01
758	-7.580210e+01
759	-7.051992e+01
760	-7.114917e+01
761	-7.317951e+01
762	-7.306481e+01
763	-7.232256e+01
764	-7.128975e+01
765	-7.135648e+01
766	-7.330403e+01
767	-7.271796e+01
768	-7.566644e+01
769	-7.195505e+01
770	-7.234499e+01
771	-7.204909e+01
772	-7.319169e+01
773	-7.330635e+01
774	-7.661273e+01
775	-7.316524e+01
776	-7.278844e+01
777	-7.532661e+01
778	-7.038566e+01
779	-7.314848e+01
780	-7.424799e+01
781	-7.237287e+01
782	-7.213631e+01
783	-7.202736e+01
784	-7.499860e+01
785	-7.459468e+01
786	-7.276635e+01
787	-7.338760e+01
788	-7.233047e+01
789	-7.061373e+01
790	-7.499603e+01
791	-7.281749e+01
792	-6.994872e+01
793	-7.362484e+01
794	-7.145469e+01
795	-7.124646e+01
796	-7.555779e+01
797	-7.473892e+01
798	-7.352565e+01
799	-7.549083e+01
800	-7.541540e+01
801	-7.267645e+01
802	-7.495581e+01
803	-7.413057e+01
804	-7.264270e+01
805	-7.755173e+01
806	-7.212820e+01
807	-7.435925e+01
808	-7.404108e+01
809	-7.702484e+01
810	-7.294583e+01
811	-6.961873e+01
812	-7.209597e+01
813	-7.196796e+01
814	-7.225683e+01
815	-7.120117e+01
816	-7.351215e+01
817	-7.335809e+01
818	-7.231560e+01
819	-7.187099e+01
820	-7.292390e+01
821	-7.346180e+01
822	-7.560175e+01
823	-6.837839e+01
824	-7.118303e+01
825	-7.279508e+01
826	-7.692414e+01
827	-7.476844e+01
828	-7.537628e+01
829	-7.064249e+01
830	-7.051772e+01
831	-7.389618e+01
832	-7.298284e+01
833	-7.054737e+01
834	-7.489980e+01
835	-7.360996e+01
836	-7.136739e+01
837	-7.518909e+01
838	-7.466555e+01
839	-7.440374e+01
840	-7.149870e+01
841	-7.065520e+01
842	-7.538021e+01
843	-7.367326e+01
844	-7.551604e+01
845	-7.106924e+01
846	-7.199426e+01
847	-7.085814e+01
848	-6.981157e+01
849	-7.137181e+01
850	-7.351123e+01
851	-7.151830e+01
852	-7.073180e+01
853	-7.461661e+01
854	-7.029420e+01
855	-7.214516e+01
856	-7.228888e+01
857	-7.134241e+01
858	-7.445777e+01
859	-7.472051e+01
860	-7.255831e+01
861	-6.921937e+01
862	-7.322404e+01
863	-7.449467e+01
864	-7.594081e+01
865	-7.183372e+01
866	-7.404152e+01
867	-7.445697e+01
868	-7.141011e+01
869	-7.576228e+01
870	-7.300906e+01
871	-7.483134e+01
872	-7.248477e+01
873	-7.292093e+01
874	-7.306196e+01
875	-7.655905e+01
876	-7.130006e+01
877	-7.280842e+01
878	-7.113301e+01
879	-7.061467e+01
880	-7.218841e+01
881	-7.079881e+01
882	-7.393358e+01
883	-7.243279e+01
884	-7.620108e+01
885	-7.185208e+01
886	-7.390744e+01
887	-7.471255e+01
888	-7.423014e+01
889	-7.586302e+01
890	-7.241066e+01
891	-7.376912e+01
892	-7.522958e+01
893	-6.891470e+01
894	-7.340771e+01
895	-7.091545e+01
896	-7.293232e+01
897	-7.479524e+01
898	-7.504843e+01
899	-7.071003e+01
900	-7.443224e+01
901	-7.368628e+01
902	-7.361040e+01
903	-7.099979e+01
904	-7.287094e+01
905	-7.375437e+01
906	-7.282170e+01
907	-7.161746e+01
908	-7.131872e+01
909	-7.269159e+01
910	-7.364460e+01
911	-7.581144e+01
912	-7.596680e+01
913	-7.556109e+01
914	-6.916632e+01
915	-7.140452e+01
916	-6.853463e+01
917	-7.284297e+01
918	-7.560831e+01
919	-7.367393e+01
920	-7.295328e+01
921	-7.860004e+01
922	-7.553113e+01
923	-6.959475e+01
924	-7.473316e+01
925	-7.338874e+01
926	-7.463246e+01
927	-7.384342e+01
928	-7.685874e+01
929	-7.443728e+01
930	-7.266648e+01
931	-7.552440e+01
932	-7.609743e+01
933	-7.195928e+01
934	-7.387579e+01
935	-7.495568e+01
936	-7.124451e+01
937	-7.089333e+01
938	-7.217516e+01
939	-7.007052e+01
940	-7.734036e+01
941	-6.651567e+01
942	-7.637782e+01
943	-7.099919e+01
944	-7.224144e+01
945	-7.371501e+01
946	-7.370169e+01
947	-7.632814e+01
948	-7.378663e+01
949	-7.068744e+01
950	-7.482816e+01
951	-7.382596e+01
952	-7.287063e+01
953	-7.342395e+01
954	-7.254551e+01
955	-7.661919e+01
956	-7.419852e+01
957	-7.258536e+01
958	-7.133320e+01
959	-7.004976e+01
960	-7.659647e+01
961	-7.248606e+01
962	-6.939550e+01
963	-7.518034e+01
964	-7.516311e+01
965	-7.515097e+01
966	-7.304456e+01
967	-7.378922e+01
968	-6.917326e+01
969	-7.238118e+01
970	-7.339620e+01
971	-7.255813e+01
972	-6.825391e+01
973	-7.566380e+01
974	-7.225597e+01
975	-7.162901e+01
976	-7.327143e+01
977	-7.170192e+01
978	-7.149325e+01
979	-7.408295e+01
980	-7.249937e+01
981	-7.388273e+01
982	-7.433044e+01
983	-7.260577e+01
984	-7.412777e+01
985	-7.098517e+01
986	-7.550788e+01
987	-7.415646e+01
988	-7.421838e+01
989	-7.116021e+01
990	-7.669391e+01
991	-7.227349e+01
992	-7.477896e+01
993	-7.155585e+01
994	-7.150368e+01
995	-7.311805e+01
996	-7.145857e+01
997	-7.341550e+01
998	-7.070083e+01
999	-7.262196e+01
1000	-7.141907e+01
1001	-7.035722e+01
1002	-7.522582e+01
1003	-7.000063e+01
1004	-7.222996e+01
1005	-7.614888e+01
1006	-7.264133e+01
1007	-7.356905e+01
1008	-7.584103e+01
1009	-7.625779e+01
1010	-7.412285e+01
1011	-7.714775e+01
1012	-7.109039e+01
1013	-7.276908e+01
1014	-7.451650e+01
1015	-7.116560e+01
1016	-7.095784e+01
1017	-6.904465e+01
1018	-7.182016e+01
1019	-7.353963e+01
1020	-7.187933e+01
1021	-7.424595e+01
1022	-7.572591e+01
1023	-6.943711e+01
1024	-7.156508e+01
1025	-7.294371e+01
1026	-7.322661e+01
1027	-7.354948e+01
1028	-7.349287e+01
1029	-7.415997e+01
1030	-7.209073e+01
1031	-7.401973e+01
1032	-7.308944e+01
1033	-7.483721e+01
1034	-7.430555e+01
1035	-7.358683e+01
1036	-7.533455e+01
1037	-7.802411e+01
1038	-7.250665e+01
1039	-7.277917e+01
1040	-7.191394e+01
1041	-7.669090e+01
1042	-7.225532e+01
1043	-7.481652e+01
1044	-7.265172e+01
1045	-7.466137e+01
1046	-6.913443e+01
1047	-7.004829e+01
1048	-7.282914e+01
1049	-7.423581e+01
1050	-7.190203e+01
1051	-7.125201e+01
1052	-7.279801e+01
1053	-7.417405e+01
1054	-7.526219e+01
1055	-7.445859e+01
1056	-7.492424e+01
1057	-7.474717e+01
1058	-7.242724e+01
1059	-7.455646e+01
1060	-7.388501e+01
1061	-7.537425e+01
1062	-7.483376e+01
1063	-7.105003e+01
1064	-7.187144e+01
1065	-7.217619e+01
1066	-7.197953e+01
1067	-7.432395e+01
1068	-7.303507e+01
1069	-7.323768e+01
1070	-7.221824e+01
1071	-7.468081e+01
1072	-6.924117e+01
1073	-7.594256e+01
1074	-7.685099e+01
1075	-7.565052e+01
1076	-7.015148e+01
1077	-7.309278e+01
1078	-6.842373e+01
1079	-7.520206e+01
1080	-7.043842e+01
1081	-7.426859e+01
1082	-6.984415e+01
1083	-7.240566e+01
1084	-7.116109e+01
1085	-6.924516e+01
1086	-7.311814e+01
1087	-7.407829e+01
1088	-7.526164e+01
1089	-7.659765e+01
1090	-7.398160e+01
1091	-7.251025e+01
1092	-7.231960e+01
1093	-7.661679e+01
1094	-7.495534e+01
1095	-7.205961e+01
1096	-7.355654e+01
1097	-7.421148e+01
1098	-7.391239e+01
1099	-6.930990e+01
1100	-7.193448e+01
1101	-7.535805e+01
1102	-7.488688e+01
1103	-7.534919e+01
1104	-7.293717e+01
1105	-7.017300e+01
1106	-7.312404e+01
1107	-7.327496e+01
1108	-7.102141e+01
1109	-7.192584e+01
1110	-7.220794e+01
1111	-7.030556e+01
1112	-6.899022e+01
1113	-7.334779e+01
1114	-7.337628e+01
1115	-7.142301e+01
1116	-7.469874e+01
1117	-6.990718e+01
1118	-7.303346e+01
1119	-7.605079e+01
1120	-7.215938e+01
1121	-7.127999e+01
1122	-7.353698e+01
1123	-7.066467e+01
1124	-7.340300e+01
1125	-7.445829e+01
1126	-7.241424e+01
1127	-7.332464e+01
1128	-7.364334e+01
1129	-7.566552e+01
1130	-7.127241e+01
1131	-7.282295e+01
1132	-7.153511e+01
1133	-7.282080e+01
1134	-7.123995e+01
1135	-7.085662e+01
1136	-7.531217e+01
1137	-7.572123e+01
1138	-6.954085e+01
1139	-7.421790e+01
1140	-7.061045e+01
1141	-7.730491e+01
1142	-7.119953e+01
1143	-7.504504e+01
1144	-7.364481e+01
1145	-7.514901e+01
1146	-6.900991e+01
1147	-7.114414e+01
1148	-6.810303e+01
1149	-7.107051e+01
1150	-7.125341e+01
1151	-6.810524e+01
1152	-7.336062e+01
1153	-7.070730e+01
1154	-7.359793e+01
1155	-7.240774e+01
1156	-7.320859e+01
1157	-7.644253e+01
1158	-7.193874e+01
1159	-6.927279e+01
1160	-7.468800e+01
1161	-6.925644e+01
1162	-7.156368e+01
1163	-6.803414e+01
1164	-7.481620e+01
1165	-7.231734e+01
1166	-7.328289e+01
1167	-7.570072e+01
1168	-7.619459e+01
1169	-7.514019e+01
1170	-7.105807e+01
1171	-7.286665e+01
1172	-7.197810e+01
1173	-7.296434e+01
1174	-7.143363e+01
1175	-7.097029e+01
1176	-7.259105e+01
1177	-7.658822e+01
1178	-7.207247e+01
1179	-7.221642e+01
1180	-7.414378e+01
1181	-7.104502e+01
1182	-7.609631e+01
1183	-6.981775e+01
1184	-7.183797e+01
1185	-7.361384e+01
1186	-7.111306e+01
1187	-7.829362e+01
1188	-7.242109e+01
1189	-7.317825e+01
1190	-7.513308e+01
1191	-7.251345e+01
1192	-7.286566e+01
1193	-7.393859e+01
1194	-7.651822e+01
1195	-7.611236e+01
1196	-7.414108e+01
1197	-7.152407e+01
1198	-7.432923e+01
1199	-7.082558e+01
1200	-7.316651e+01
1201	-7.198383e+01
1202	-7.122079e+01
1203	-7.457865e+01
1204	-7.479538e+01
1205	-6.974315e+01
1206	-7.407124e+01
1207	-7.170124e+01
1208	-7.112387e+01
1209	-7.347328e+01
1210	-7.565028e+01
1211	-7.530244e+01
1212	-7.115258e+01
1213	-7.617585e+01
1214	-7.240257e+01
1215	-7.105881e+01
1216	-7.256984e+01
1217	-7.627224e+01
1218	-6.985578e+01
1219	-7.249032e+01
1220	-7.534353e+01
1221	-7.099561e+01
1222	-7.416949e+01
1223	-6.860370e+01
1224	-7.126661e+01
1225	-7.450070e+01
1226	-7.290052e+01
1227	-7.319674e+01
1228	-7.649500e+01
1229	-7.614418e+01
1230	-7.249665e+01
1231	-7.503670e+01
1232	-6.903481e+01
1233	-7.313635e+01
1234	-7.556476e+01
1235	-6.995177e+01
1236	-7.464327e+01
1237	-7.235043e+01
1238	-7.241408e+01
1239	-7.243401e+01
1240	-7.574603e+01
1241	-7.180085e+01
1242	-7.028676e+01
1243	-7.089410e+01
1244	-7.307457e+01
1245	-7.175827e+01
1246	-7.369627e+01
1247	-7.072561e+01
1248	-7.512341e+01
1249	-7.403389e+01
1250	-7.401494e+01
1251	-7.153909e+01
1252	-6.815093e+01
1253	-7.128173e+01
1254	-7.118424e+01
1255	-7.269612e+01
1256	-7.429515e+01
1257	-7.385890e+01
1258	-7.434811e+01
1259	-7.261308e+01
1260	-7.078215e+01
1261	-7.210531e+01
1262	-7.380387e+01
1263	-7.092154e+01
1264	-7.571075e+01
1265	-7.599270e+01
1266	-7.070292e+01
1267	-7.002389e+01
1268	-7.270169e+01
1269	-7.428324e+01
1270	-7.612531e+01
1271	-7.147109e+01
1272	-7.413444e+01
1273	-7.150292e+01
1274	-7.453489e+01
1275	-7.278422e+01
1276	-7.095791e+01
1277	-7.302598e+01
1278	-7.292085e+01
1279	-7.222673e+01
1280	-7.872963e+01
1281	-7.269104e+01
1282	-6.970932e+01
1283	-7.312707e+01
1284	-7.223616e+01
1285	-7.151517e+01
1286	-7.071021e+01
1287	-7.061577e+01
1288	-7.574917e+01
1289	-7.303105e+01
1290	-7.356041e+01
1291	-7.649816e+01
1292	-7.244507e+01
1293	-7.466269e+01
1294	-7.074116e+01
1295	-7.583651e+01
1296	-7.192496e+01
1297	-7.097509e+01
1298	-7.462634e+01
1299	-7.195025e+01
1300	-7.450181e+01
1301	-7.088994e+01
1302	-7.207456e+01
1303	-7.018305e+01
1304	-7.480663e+01
1305	-7.344629e+01
1306	-7.209520e+01
1307	-6.976564e+01
1308	-7.754364e+01
1309	-7.098398e+01
1310	-7.255786e+01
1311	-7.170690e+01
1312	-7.226177e+01
1313	-7.359315e+01
1314	-6.994504e+01
1315	-7.342145e+01
1316	-7.377194e+01
1317	-7.420889e+01
1318	-7.425751e+01
1319	-7.576652e+01
1320	-7.304015e+01
1321	-7.112471e+01
1322	-7.646161e+01
1323	-7.387549e+01
1324	-6.979726e+01
1325	-7.060801e+01
1326	-7.655061e+01
1327	-7.354990e+01
1328	-6.756672e+01
1329	-7.250351e+01
1330	-7.339337e+01
1331	-7.248061e+01
1332	-7.293738e+01
1333	-7.513797e+01
1334	-7.143265e+01
1335	-7.385556e+01
1336	-7.342510e+01
1337	-7.082953e+01
1338	-7.128854e+01
1339	-7.664157e+01
1340	-7.082503e+01
1341	-7.259157e+01
1342	-7.624088e+01
1343	-7.285094e+01
1344	-7.345536e+01
1345	-7.299514e+01
1346	-6.961111e+01
1347	-7.470032e+01
1348	-7.416032e+01
1349	-7.425038e+01
1350	-7.172825e+01
1351	-7.206395e+01
1352	-7.172748e+01
1353	-7.225771e+01
1354	-7.762943e+01
1355	-7.305792e+01
1356	-7.082996e+01
1357	-7.617023e+01
1358	-7.339376e+01
1359	-7.403997e+01
1360	-7.302233e+01
1361	-7.295289e+01
1362	-7.581719e+01
1363	-6.997574e+01
1364	-7.484946e+01
1365	-7.239155e+01
1366	-7.321731e+01
1367	-7.222939e+01
1368	-7.209328e+01
1369	-7.273197e+01
1370	-7.291174e+01
1371	-7.010666e+01
1372	-7.402650e+01
1373	-7.584331e+01
1374	-7.405737e+01
1375	-7.461969e+01
1376	-6.977221e+01
1377	-7.433741e+01
1378	-7.701610e+01
1379	-7.166637e+01
1380	-7.328715e+01
1381	-7.360990e+01
1382	-7.470405e+01
1383	-7.210047e+01
1384	-7.372581e+01
1385	-7.280966e+01
1386	-7.436710e+01
1387	-7.144871e+01
1388	-7.170355e+01
1389	-7.241034e+01
1390	-7.141333e+01
1391	-7.166223e+01
1392	-7.250900e+01
1393	-7.345973e+01
1394	-7.362731e+01
1395	-6.998265e+01
1396	-7.425869e+01
1397	-7.274939e+01
1398	-7.346996e+01
1399	-6.930309e+01
1400	-7.016970e+01
1401	-7.418401e+01
1402	-7.320579e+01
1403	-7.511400e+01
1404	-7.401274e+01
1405	-7.443095e+01
1406	-7.280128e+01
1407	-7.289602e+01
1408	-7.247517e+01
1409	-7.564147e+01
1410	-7.252869e+01
1411	-7.381619e+01
1412	-6.967464e+01
1413	-6.953542e+01
1414	-7.040337e+01
1415	-7.137788e+01
1416	-7.012562e+01
1417	-7.445003e+01
1418	-7.726739e+01
1419	-7.700080e+01
1420	-7.486924e+01
1421	-7.159345e+01
1422	-7.275624e+01
1423	-7.146188e+01
1424	-7.198301e+01
1425	-7.450998e+01
1426	-7.202990e+01
1427	-7.213910e+01
1428	-7.274200e+01
1429	-7.528455e+01
1430	-7.339500e+01
1431	-7.279640e+01
1432	-7.128628e+01
1433	-7.173135e+01
1434	-7.214265e+01
1435	-7.366759e+01
1436	-7.520820e+01
1437	-7.278160e+01
1438	-7.134966e+01
1439	-7.111285e+01
1440	-7.312670e+01
1441	-7.474647e+01
1442	-7.237257e+01
1443	-7.395573e+01
1444	-7.556474e+01
1445	-7.453482e+01
1446	-7.275566e+01
1447	-7.295805e+01
1448	-7.270356e+01
1449	-7.334724e+01
1450	-7.189322e+01
1451	-7.372031e+01
1452	-7.255545e+01
1453	-6.906230e+01
1454	-7.579130e+01
1455	-7.207605e+01
1456	-7.585836e+01
1457	-7.140716e+01
1458	-7.452026e+01
1459	-7.591598e+01
1460	-7.528036e+01
1461	-7.313286e+01
1462	-7.415884e+01
1463	-7.493371e+01
1464	-7.323530e+01
1465	-6.938258e+01
1466	-7.301876e+01
1467	-6.878005e+01
1468	-7.402907e+01
1469	-7.224159e+01
1470	-7.431563e+01
1471	-7.488147e+01
1472	-7.216274e+01
1473	-7.170976e+01
1474	-7.472699e+01
1475	-7.298956e+01
1476	-7.161600e+01
1477	-7.130848e+01
1478	-7.034296e+01
1479	-7.485158e+01
1480	-7.778705e+01
1481	-7.164031e+01
1482	-7.139271e+01
1483	-7.099604e+01
1484	-7.416768e+01
1485	-7.370270e+01
1486	-7.126417e+01
1487	-7.391126e+01
1488	-7.136060e+01
1489	-7.283878e+01
1490	-7.260393e+01
1491	-7.306561e+01
1492	-7.264817e+01
1493	-7.160972e+01
1494	-7.255139e+01
1495	-7.194226e+01
1496	-7.384858e+01
1497	-7.437404e+01
1498	-7.235679e+01
1499	-7.400815e+01
1500	-7.065357e+01
1501	-7.155143e+01
1502	-7.038486e+01
1503	-6.808714e+01
1504	-7.103744e+01
1505	-7.102060e+01
1506	-7.101322e+01
1507	-7.052638e+01
1508	-7.439419e+01
1509	-7.056875e+01
1510	-7.436247e+01
1511	-7.055424e+01
1512	-7.341972e+01
1513	-7.160188e+01
1514	-7.324630e+01
1515	-7.543223e+01
1516	-7.170948e+01
1517	-7.563041e+01
1518	-7.129577e+01
1519	-7.321850e+01
1520	-7.319128e+01
1521	-7.221796e+01
1522	-7.487826e+01
1523	-7.408067e+01
1524	-7.296883e+01
1525	-7.370396e+01
1526	-7.443765e+01
1527	-7.290727e+01
1528	-7.294014e+01
1529	-7.559164e+01
1530	-7.440627e+01
1531	-7.539861e+01
1532	-7.552206e+01
1533	-7.441173e+01
1534	-7.677039e+01
1535	-7.203671e+01
1536	-7.360032e+01
1537	-7.249005e+01
1538	-7.377294e+01
1539	-7.404435e+01
1540	-7.225791e+01
1541	-7.471156e+01
1542	-7.207590e+01
1543	-7.380228e+01
1544	-7.421856e+01
1545	-7.340943e+01
1546	-7.287749e+01
1547	-7.425318e+01
1548	-7.342373e+01
1549	-7.354450e+01
1550	-7.268159e+01
1551	-7.693702e+01
1552	-7.333743e+01
1553	-7.448927e+01
1554	-7.315818e+01
1555	-7.290412e+01
1556	-7.395906e+01
1557	-7.702212e+01
1558	-7.186832e+01
1559	-7.454806e+01
1560	-7.181665e+01
1561	-7.493184e+01
1562	-7.290770e+01
1563	-7.434236e+01
1564	-7.397592e+01
1565	-7.141117e+01
1566	-7.311171e+01
1567	-7.102500e+01
1568	-7.377998e+01
1569	-7.283865e+01
1570	-7.677251e+01
1571	-7.144817e+01
1572	-7.270758e+01
1573	-7.336453e+01
1574	-7.017017e+01
1575	-7.109548e+01
1576	-7.662851e+01
1577	-7.098251e+01
1578	-7.188635e+01
1579	-7.185065e+01
1580	-7.153633e+01
1581	-7.259271e+01
1582	-7.435326e+01
1583	-7.239816e+01
1584	-7.321693e+01
1585	-7.138837e+01
1586	-7.353196e+01
1587	-6.907986e+01
1588	-7.490714e+01
1589	-7.816531e+01
1590	-7.321911e+01
1591	-7.471438e+01
1592	-7.342100e+01
1593	-7.388551e+01
1594	-7.066075e+01
1595	-7.518191e+01
1596	-7.444350e+01
1597	-7.281411e+01
1598	-7.551891e+01
1599	-7.057614e+01
1600	-7.356060e+01
1601	-7.523824e+01
1602	-7.315189e+01
1603	-7.139955e+01
1604	-7.234886e+01
1605	-7.183370e+01
1606	-7.635119e+01
1607	-7.466605e+01
1608	-7.428775e+01
1609	-7.391626e+01
1610	-7.309265e+01
1611	-7.442483e+01
1612	-7.692609e+01
1613	-7.282115e+01
1614	-7.007848e+01
1615	-7.290155e+01
1616	-7.184904e+01
1617	-7.150024e+01
1618	-7.065230e+01
1619	-7.106861e+01
1620	-7.068410e+01
1621	-7.697394e+01
1622	-7.242646e+01
1623	-7.309092e+01
1624	-7.396897e+01
1625	-7.176502e+01
1626	-7.363513e+01
1627	-7.420862e+01
1628	-7.189306e+01
1629	-6.986573e+01
1630	-7.093214e+01
1631	-7.482318e+01
1632	-7.191157e+01
1633	-7.383314e+01
1634	-7.377892e+01
1635	-7.289809e+01
1636	-7.520060e+01
1637	-7.284614e+01
1638	-7.492927e+01
1639	-7.128399e+01
1640	-7.420632e+01
1641	-7.566928e+01
1642	-6.936918e+01
1643	-7.240549e+01
1644	-7.171172e+01
1645	-7.175425e+01
1646	-7.044162e+01
1647	-7.465275e+01
1648	-7.833870e+01
1649	-7.269720e+01
1650	-7.500630e+01
1651	-7.438704e+01
1652	-7.361317e+01
1653	-7.568637e+01
1654	-7.544330e+01
1655	-7.215751e+01
1656	-6.827522e+01
1657	-7.485269e+01
1658	-7.209463e+01
1659	-7.459275e+01
1660	-7.303801e+01
1661	-7.048475e+01
1662	-7.067878e+01
1663	-7.357676e+01
1664	-7.222099e+01
1665	-6.997054e+01
1666	-7.010636e+01
1667	-7.382233e+01
1668	-7.317135e+01
1669	-7.258653e+01
1670	-7.427151e+01
1671	-7.088089e+01
1672	-7.585245e+01
1673	-7.527179e+01
1674	-6.951011e+01
1675	-7.592910e+01
1676	-7.220779e+01
1677	-7.478127e+01
1678	-7.535609e+01
1679	-7.417106e+01
1680	-7.287813e+01
1681	-6.864010e+01
1682	-7.331565e+01
1683	-7.125975e+01
1684	-7.255802e+01
1685	-7.578826e+01
1686	-7.398640e+01
1687	-7.457261e+01
1688	-7.422472e+01
1689	-7.330706e+01
1690	-7.244339e+01
1691	-7.178948e+01
1692	-7.213088e+01
1693	-7.448624e+01
1694	-7.600264e+01
1695	-7.099686e+01
1696	-7.501657e+01
1697	-7.195228e+01
1698	-7.445639e+01
1699	-6.937672e+01
1700	-7.146440e+01
1701	-7.460999e+01
1702	-7.242602e+01
1703	-7.021587e+01
1704	-7.684056e+01
1705	-7.523616e+01
1706	-7.426361e+01
1707	-7.232979e+01
1708	-7.190182e+01
1709	-7.597580e+01
1710	-6.966071e+01
1711	-7.530795e+01
1712	-7.584210e+01
1713	-7.785142e+01
1714	-7.427779e+01
1715	-7.239071e+01
1716	-7.108832e+01
1717	-7.302489e+01
1718	-7.230382e+01
1719	-7.151894e+01
1720	-7.389905e+01
1721	-7.286269e+01
1722	-7.059983e+01
1723	-7.186746e+01
1724	-7.045859e+01
1725	-7.434791e+01
1726	-7.334125e+01
1727	-7.331034e+01
1728	-7.228146e+01
1729	-7.477103e+01
1730	-7.110313e+01
1731	-7.236589e+01
1732	-7.321560e+01
1733	-7.339129e+01
1734	-7.066240e+01
1735	-7.267615e+01
1736	-7.352277e+01
1737	-7.120635e+01
1738	-7.538098e+01
1739	-6.928570e+01
1740	-7.352790e+01
1741	-7.387648e+01
1742	-7.616796e+01
1743	-7.086146e+01
1744	-7.267650e+01
1745	-7.467247e+01
1746	-7.206695e+01
1747	-7.354305e+01
1748	-6.912748e+01
1749	-7.398481e+01
1750	-7.379916e+01
1751	-7.363580e+01
1752	-7.182728e+01
1753	-7.156531e+01
1754	-7.413798e+01
1755	-7.263097e+01
1756	-7.270844e+01
1757	-7.393324e+01
1758	-7.188911e+01
1759	-7.411529e+01
1760	-7.168065e+01
1761	-7.307539e+01
1762	-7.079056e+01
1763	-7.470101e+01
1764	-7.036340e+01
1765	-7.428796e+01
1766	-7.214918e+01
1767	-7.420763e+01
1768	-7.195437e+01
1769	-6.781846e+01
1770	-7.293504e+01
1771	-7.535362e+01
1772	-7.366549e+01
1773	-7.188626e+01
1774	-7.312135e+01
1775	-7.303766e+01
1776	-7.800955e+01
1777	-7.378411e+01
1778	-7.229798e+01
1779	-7.448163e+01
1780	-7.181604e+01
1781	-7.233130e+01
1782	-7.375047e+01
1783	-7.525089e+01
1784	-7.034652e+01
1785	-7.386860e+01
1786	-7.367375e+01
1787	-7.383041e+01
1788	-6.878161e+01
1789	-7.252356e+01
1790	-7.574668e+01
1791	-7.272159e+01
1792	-7.146064e+01
1793	-7.133499e+01
1794	-7.070171e+01
1795	-7.225501e+01
1796	-6.975177e+01
1797	-7.446302e+01
1798	-7.625599e+01
1799	-7.169468e+01
1800	-7.321618e+01
1801	-7.258210e+01
1802	-7.089300e+01
1803	-7.312471e+01
1804	-7.004770e+01
1805	-7.213643e+01
1806	-7.216651e+01
1807	-7.351006e+01
1808	-7.504234e+01
1809	-7.448842e+01
1810	-7.031503e+01
1811	-7.693441e+01
1812	-7.353162e+01
1813	-7.386502e+01
1814	-7.451261e+01
1815	-7.198482e+01
1816	-7.468791e+01
1817	-7.159282e+01
1818	-7.519031e+01
1819	-7.209882e+01
1820	-7.057598e+01
1821	-7.225958e+01
1822	-7.470201e+01
1823	-7.136633e+01
1824	-7.424154e+01
1825	-7.520182e+01
1826	-7.260664e+01
1827	-7.106547e+01
1828	-7.334305e+01
1829	-7.423598e+01
1830	-7.311352e+01
1831	-6.918143e+01
1832	-6.959958e+01
1833	-7.424469e+01
1834	-7.489792e+01
1835	-6.818054e+01
1836	-7.269786e+01
1837	-7.298279e+01
1838	-7.555514e+01
1839	-7.115523e+01
1840	-7.442797e+01
1841	-7.747186e+01
1842	-6.774347e+01
1843	-7.250770e+01
1844	-7.342961e+01
1845	-7.316333e+01
1846	-7.254263e+01
1847	-7.280700e+01
1848	-7.130752e+01
1849	-7.339081e+01
1850	-7.324646e+01
1851	-7.095657e+01
1852	-7.426856e+01
1853	-7.771815e+01
1854	-7.026969e+01
1855	-7.250521e+01
1856	-7.318671e+01
1857	-7.237657e+01
1858	-6.798162e+01
1859	-7.266810e+01
1860	-7.507570e+01
1861	-7.146864e+01
1862	-7.553592e+01
1863	-7.410549e+01
1864	-7.438918e+01
1865	-7.195310e+01
1866	-7.395719e+01
1867	-7.285253e+01
1868	-7.457328e+01
1869	-6.972082e+01
1870	-7.227713e+01
1871	-7.242950e+01
1872	-7.373623e+01
1873	-7.275947e+01
1874	-7.432057e+01
1875	-7.333796e+01
1876	-7.253657e+01
1877	-7.396322e+01
1878	-7.465880e+01
1879	-7.425366e+01
1880	-6.993206e+01
1881	-7.125680e+01
1882	-7.073411e+01
1883	-7.345206e+01
1884	-7.417625e+01
1885	-7.467592e+01
1886	-7.173562e+01
1887	-7.314457e+01
1888	-7.513622e+01
1889	-7.245893e+01
1890	-7.396038e+01
1891	-7.393323e+01
1892	-7.080830e+01
1893	-7.315769e+01
1894	-7.358932e+01
1895	-7.119414e+01
1896	-7.599812e+01
1897	-7.263184e+01
1898	-7.283566e+01
1899	-7.261136e+01
1900	-7.235371e+01
1901	-7.251914e+01
1902	-7.111039e+01
1903	-7.130919e+01
1904	-7.444670e+01
1905	-7.163027e+01
1906	-7.625220e+01
1907	-7.137981e+01
1908	-7.746075e+01
1909	-7.606962e+01
1910	-7.265026e+01
1911	-7.181832e+01
1912	-7.032082e+01
1913	-7.035003e+01
1914	-7.017560e+01
1915	-7.478734e+01
1916	-7.292532e+01
1917	-7.468479e+01
1918	-7.543275e+01
1919	-7.151431e+01
1920	-7.180584e+01
1921	-7.498516e+01
1922	-7.087897e+01
1923	-7.492671e+01
1924	-7.292041e+01
1925	-6.986417e+01
1926	-7.450023e+01
1927	-7.294985e+01
1928	-7.015572e+01
1929	-7.332555e+01
1930	-7.214301e+01
1931	-7.497693e+01
1932	-7.207511e+01
1933	-7.445189e+01
1934	-7.278938e+01
1935	-7.558381e+01
1936	-7.414242e+01
1937	-7.009313e+01
1938	-7.338182e+01
1939	-7.166126e+01
1940	-7.399193e+01
1941	-7.367678e+01
1942	-7.739155e+01
1943	-7.286858e+01
1944	-7.036355e+01
1945	-7.522867e+01
1946	-7.141864e+01
1947	-7.044479e+01
1948	-7.417481e+01
1949	-7.302370e+01
1950	-7.307029e+01
1951	-7.183994e+01
1952	-7.177532e+01
1953	-6.973751e+01
1954	-7.416430e+01
1955	-7.451378e+01
1956	-7.439549e+01
1957	-7.273796e+01
1958	-7.417491e+01
1959	-7.165006e+01
1960	-7.205170e+01
1961	-7.275861e+01
1962	-7.331938e+01
1963	-7.139890e+01
1964	-6.762600e+01
1965	-7.513304e+01
1966	-6.932030e+01
1967	-7.346898e+01
1968	-7.247398e+01
1969	-7.575925e+01
1970	-7.464008e+01
1971	-7.303954e+01
1972	-7.110887e+01
1973	-7.407235e+01
1974	-7.217822e+01
1975	-7.312817e+01
1976	-7.077624e+01
1977	-7.073729e+01
1978	-7.445889e+01
1979	-7.232945e+01
1980	-7.341883e+01
1981	-7.182192e+01
1982	-7.240446e+01
1983	-6.902786e+01
1984	-7.561315e+01
1985	-7.499134e+01
1986	-7.486755e+01
1987	-7.180470e+01
1988	-7.421817e+01
1989	-7.321139e+01
1990	-7.415747e+01
1991	-7.577610e+01
1992	-7.337737e+01
1993	-7.474746e+01
1994	-7.521012e+01
1995	-7.437120e+01
1996	-7.444660e+01
1997	-7.167510e+01
1998	-7.299918e+01
1999	-7.241000e+01
2000	-7.324436e+01
2001	-7.424673e+01
2002	-7.316946e+01
2003	-7.497731e+01
2004	-7.262582e+01
2005	-7.338962e+01
2006	-7.139164e+01
2007	-7.231708e+01
2008	-7.142712e+01
2009	-7.361024e+01
2010	-7.178003e+01
2011	-7.048219e+01
2012	-7.353215e+01
2013	-7.415197e+01
2014	-7.421094e+01
2015	-7.089909e+01
2016	-7.138154e+01
2017	-7.460333e+01
2018	-6.937539e+01
2019	-7.352676e+01
2020	-7.320061e+01
2021	-7.594618e+01
2022	-7.087855e+01
2023	-7.461277e+01
2024	-7.268455e+01
2025	-7.479964e+01
2026	-7.159165e+01
2027	-7.387970e+01
2028	-7.080674e+01
2029	-7.516293e+01
2030	-7.409269e+01
2031	-7.210624e+01
2032	-7.256563e+01
2033	-7.037835e+01
2034	-7.320334e+01
2035	-7.351947e+01
2036	-7.456862e+01
2037	-7.578602e+01
2038	-7.124474e+01
2039	-7.034735e+01
2040	-7.350386e+01
2041	-7.558917e+01
2042	-6.941158e+01
2043	-7.358562e+01
2044	-7.163914e+01
2045	-7.376537e+01
2046	-7.076784e+01
2047	-7.052264e+01
2048	-7.019440e+01
2049	-7.584199e+01
2050	-7.102269e+01
2051	-7.645752e+01
2052	-6.985169e+01
2053	-7.336046e+01
2054	-7.143083e+01
2055	-7.206453e+01
2056	-7.370021e+01
2057	-7.625110e+01
2058	-7.422769e+01
2059	-7.323999e+01
2060	-7.450922e+01
2061	-7.401578e+01
2062	-7.439820e+01
2063	-7.556983e+01
2064	-7.687967e+01
2065	-7.436188e+01
2066	-7.234838e+01
2067	-7.656007e+01
2068	-7.296948e+01
2069	-7.531824e+01
2070	-7.260158e+01
2071	-7.358433e+01
2072	-7.533183e+01
2073	-7.267074e+01
2074	-7.223066e+01
2075	-7.252750e+01
2076	-7.366446e+01
2077	-6.910688e+01
2078	-7.063531e+01
2079	-7.521221e+01
2080	-7.033903e+01
2081	-7.415798e+01
2082	-7.284846e+01
2083	-7.227533e+01
2084	-7.400277e+01
2085	-7.481844e+01
2086	-7.259656e+01
2087	-7.063760e+01
2088	-7.113061e+01
2089	-7.478743e+01
2090	-7.256640e+01
2091	-7.164609e+01
2092	-7.172574e+01
2093	-7.293838e+01
2094	-7.077327e+01
2095	-7.415978e+01
2096	-7.273575e+01
2097	-6.971976e+01
2098	-7.426636e+01
2099	-7.298970e+01
2100	-7.411095e+01
2101	-7.190664e+01
2102	-7.223793e+01
2103	-7.581324e+01
2104	-6.909682e+01
2105	-7.390069e+01
2106	-7.167424e+01
2107	-7.375616e+01
2108	-7.020258e+01
2109	-7.173132e+01
2110	-7.480775e+01
2111	-7.342002e+01
2112	-7.446269e+01
2113	-7.326567e+01
2114	-7.603316e+01
2115	-7.260497e+01
2116	-6.993755e+01
2117	-7.256700e+01
2118	-7.286763e+01
2119	-7.167975e+01
2120	-7.406869e+01
2121	-7.479535e+01
2122	-7.452236e+01
2123	-7.318267e+01
2124	-7.385880e+01
2125	-7.160714e+01
2126	-7.039416e+01
2127	-7.051203e+01
2128	-7.554835e+01
2129	-7.250849e+01
2130	-7.246477e+01
2131	-7.299548e+01
2132	-7.034006e+01
2133	-7.152345e+01
2134	-7.129458e+01
2135	-7.606084e+01
2136	-6.799725e+01
2137	-7.337663e+01
2138	-7.416574e+01
2139	-7.147644e+01
2140	-7.096274e+01
2141	-7.156076e+01
2142	-7.253296e+01
2143	-7.259805e+01
2144	-7.438502e+01
2145	-7.233255e+01
2146	-7.015747e+01
2147	-7.167000e+01
2148	-7.114709e+01
2149	-7.442018e+01
2150	-7.268126e+01
2151	-7.503096e+01
2152	-7.207550e+01
2153	-7.051381e+01
2154	-7.168318e+01
2155	-7.484698e+01
2156	-7.209785e+01
2157	-7.173049e+01
2158	-7.452114e+01
2159	-7.274383e+01
2160	-7.136276e+01
2161	-7.562534e+01
2162	-7.168087e+01
2163	-7.219742e+01
2164	-7.401488e+01
2165	-7.023836e+01
2166	-7.206862e+01
2167	-7.296264e+01
2168	-7.524030e+01
2169	-6.993810e+01
2170	-7.074848e+01
2171	-7.362766e+01
2172	-7.112253e+01
2173	-7.203585e+01
2174	-7.669039e+01
2175	-7.155437e+01
2176	-7.213458e+01
2177	-7.280244e+01
2178	-7.382347e+01
2179	-7.571825e+01
2180	-7.477876e+01
2181	-7.618330e+01
2182	-7.369386e+01
2183	-7.117098e+01
2184	-7.052604e+01
2185	-7.386635e+01
2186	-7.485739e+01
2187	-7.301977e+01
2188	-7.439581e+01
2189	-7.503429e+01
2190	-7.592323e+01
2191	-7.453289e+01
2192	-7.224463e+01
2193	-7.317984e+01
2194	-7.209988e+01
2195	-7.334510e+01
2196	-7.120540e+01
2197	-7.347397e+01
2198	-7.453103e+01
2199	-7.823395e+01
2200	-7.166941e+01
2201	-7.104138e+01
2202	-7.520019e+01
2203	-7.183049e+01
2204	-7.444551e+01
2205	-7.551102e+01
2206	-7.308109e+01
2207	-7.546636e+01
2208	-7.231752e+01
2209	-7.667141e+01
2210	-7.287298e+01
2211	-7.151104e+01
2212	-7.236530e+01
2213	-7.278123e+01
2214	-7.034231e+01
2215	-7.434315e+01
2216	-7.117407e+01
2217	-7.224829e+01
2218	-7.049706e+01
2219	-7.429247e+01
2220	-7.153304e+01
2221	-7.469299e+01
2222	-7.654290e+01
2223	-7.287845e+01
2224	-7.048847e+01
2225	-7.466703e+01
2226	-7.223747e+01
2227	-7.490834e+01
2228	-7.328811e+01
2229	-7.404486e+01
2230	-7.345380e+01
2231	-7.147560e+01
2232	-7.774152e+01
2233	-7.235520e+01
2234	-7.267562e+01
2235	-7.101677e+01
2236	-7.202200e+01
2237	-7.039211e+01
2238	-7.251276e+01
2239	-7.457720e+01
2240	-7.254286e+01
2241	-7.199291e+01
2242	-7.127180e+01
2243	-6.867700e+01
2244	-7.177650e+01
2245	-7.216027e+01
2246	-7.522158e+01
2247	-7.246885e+01
2248	-7.457230e+01
2249	-7.387376e+01
2250	-7.148768e+01
2251	-7.077015e+01
2252	-7.076645e+01
2253	-7.172749e+01
2254	-7.092653e+01
2255	-7.134382e+01
2256	-6.978005e+01
2257	-7.060936e+01
2258	-7.150873e+01
2259	-7.422008e+01
2260	-7.592110e+01
2261	-7.421981e+01
2262	-7.395895e+01
2263	-7.437599e+01
2264	-7.143269e+01
2265	-7.478973e+01
2266	-7.515293e+01
2267	-7.349514e+01
2268	-7.132325e+01
2269	-7.284033e+01
2270	-7.048294e+01
2271	-7.172114e+01
2272	-7.359277e+01
2273	-7.617841e+01
2274	-7.097987e+01
2275	-7.316265e+01
2276	-7.612717e+01
2277	-7.075059e+01
2278	-7.051544e+01
2279	-7.587682e+01
2280	-7.348155e+01
2281	-7.166485e+01
2282	-6.886497e+01
2283	-7.124638e+01
2284	-7.320942e+01
2285	-7.409030e+01
2286	-7.110946e+01
2287	-7.267460e+01
2288	-7.232852e+01
2289	-7.379273e+01
2290	-6.984494e+01
2291	-7.374693e+01
2292	-7.324097e+01
2293	-7.373003e+01
2294	-7.347031e+01
2295	-7.128666e+01
2296	-7.396973e+01
2297	-6.984441e+01
2298	-7.331255e+01
2299	-7.063933e+01
2300	-7.088626e+01
2301	-7.434801e+01
2302	-7.653309e+01
2303	-7.266965e+01
2304	-7.798384e+01
2305	-7.476512e+01
2306	-7.582310e+01
2307	-6.939556e+01
2308	-7.208305e+01
2309	-7.553457e+01
2310	-7.173306e+01
2311	-7.342637e+01
2312	-6.903436e+01
2313	-7.392320e+01
2314	-7.448699e+01
2315	-7.271365e+01
2316	-7.137913e+01
2317	-7.758573e+01
2318	-7.467185e+01
2319	-7.333079e+01
2320	-7.317377e+01
2321	-7.204088e+01
2322	-7.306354e+01
2323	-7.546516e+01
2324	-7.193125e+01
2325	-7.638238e+01
2326	-7.123986e+01
2327	-7.206562e+01
2328	-7.623459e+01
2329	-7.180223e+01
2330	-7.258325e+01
2331	-7.339720e+01
2332	-7.445051e+01
2333	-7.224943e+01
2334	-7.258223e+01
2335	-7.300326e+01
2336	-7.104304e+01
2337	-7.402861e+01
2338	-7.391733e+01
2339	-7.374113e+01
2340	-7.128093e+01
2341	-7.105586e+01
2342	-7.287702e+01
2343	-7.367270e+01
2344	-7.327580e+01
2345	-7.335184e+01
2346	-7.606768e+01
2347	-7.156532e+01
2348	-7.034460e+01
2349	-7.249459e+01
2350	-7.396386e+01
2351	-7.585802e+01
2352	-7.105808e+01
2353	-7.153063e+01
2354	-7.476075e+01
2355	-7.033869e+01
2356	-7.542550e+01
2357	-7.351522e+01
2358	-7.448871e+01
2359	-7.389027e+01
2360	-7.254440e+01
2361	-7.091335e+01
2362	-7.165387e+01
2363	-7.705093e+01
2364	-7.335246e+01
2365	-7.304618e+01
2366	-7.270411e+01
2367	-7.179095e+01
2368	-7.609080e+01
2369	-6.938797e+01
2370	-7.434030e+01
2371	-7.486132e+01
2372	-7.112704e+01
2373	-7.089304e+01
2374	-7.202512e+01
2375	-7.271602e+01
2376	-7.331755e+01
2377	-7.521249e+01
2378	-7.371018e+01
2379	-7.372902e+01
2380	-7.240211e+01
2381	-7.381080e+01
2382	-7.357349e+01
2383	-7.682929e+01
2384	-7.215725e+01
2385	-7.386135e+01
2386	-7.213981e+01
2387	-6.837098e+01
2388	-7.538374e+01
2389	-7.508884e+01
2390	-7.240846e+01
2391	-7.159582e+01
2392	-6.674381e+01
2393	-6.949305e+01
2394	-7.521967e+01
2395	-7.305392e+01
2396	-7.102019e+01
2397	-7.301153e+01
2398	-7.632669e+01
2399	-7.123060e+01
2400	-6.992361e+01
2401	-7.577197e+01
2402	-7.302571e+01
2403	-7.193548e+01
2404	-7.132833e+01
2405	-7.298954e+01
2406	-7.169995e+01
2407	-7.245287e+01
2408	-7.254863e+01
2409	-7.315816e+01
2410	-7.377557e+01
2411	-7.464258e+01
2412	-7.076730e+01
2413	-7.428627e+01
2414	-7.500157e+01
2415	-7.344812e+01
2416	-7.588263e+01
2417	-7.157581e+01
2418	-7.021923e+01
2419	-7.250992e+01
2420	-7.494208e+01
2421	-7.085632e+01
2422	-7.548954e+01
2423	-7.370370e+01
2424	-7.407692e+01
2425	-7.455393e+01
2426	-7.132327e+01
2427	-7.740677e+01
2428	-7.502870e+01
2429	-6.881673e+01
2430	-7.151558e+01
2431	-7.503916e+01
2432	-7.006724e+01
2433	-7.233109e+01
2434	-7.077996e+01
2435	-6.912931e+01
2436	-7.453584e+01
2437	-6.906659e+01
2438	-7.092803e+01
2439	-6.862550e+01
2440	-7.264895e+01
2441	-7.687860e+01
2442	-7.237605e+01
2443	-7.203544e+01
2444	-7.260900e+01
2445	-7.284448e+01
2446	-7.195958e+01
2447	-7.218461e+01
2448	-7.336115e+01
2449	-7.292060e+01
2450	-7.155343e+01
2451	-7.416510e+01
2452	-7.139686e+01
2453	-7.164823e+01
2454	-7.641621e+01
2455	-7.353817e+01
2456	-7.664027e+01
2457	-7.757638e+01
2458	-7.370107e+01
2459	-7.065001e+01
2460	-7.263818e+01
2461	-7.312229e+01
2462	-7.291253e+01
2463	-7.227736e+01
2464	-6.908692e+01
2465	-7.375775e+01
2466	-7.186219e+01
2467	-6.869111e+01
2468	-7.071414e+01
2469	-7.168049e+01
2470	-7.318918e+01
2471	-7.445933e+01
2472	-7.615259e+01
2473	-7.581499e+01
2474	-7.609528e+01
2475	-7.561151e+01
2476	-7.513864e+01
2477	-7.119733e+01
2478	-7.470008e+01
2479	-7.285746e+01
2480	-7.562024e+01
2481	-7.184964e+01
2482	-7.290698e+01
2483	-7.037783e+01
2484	-7.507295e+01
2485	-7.192377e+01
2486	-7.408965e+01
2487	-7.494101e+01
2488	-7.172070e+01
2489	-7.358574e+01
2490	-7.299255e+01
2491	-6.798466e+01
2492	-7.252790e+01
2493	-7.509613e+01
2494	-6.982459e+01
2495	-7.340635e+01
2496	-7.274493e+01
2497	-7.114748e+01
2498	-7.347681e+01
2499	-7.735254e+01
2500	-7.287623e+01
2501	-7.226910e+01
2502	-7.387736e+01
2503	-7.466765e+01
2504	-7.109951e+01
2505	-7.405854e+01
2506	-7.336879e+01
2507	-7.252756e+01
2508	-7.138921e+01
2509	-7.229166e+01
2510	-7.247237e+01
2511	-7.185436e+01
2512	-7.161527e+01
2513	-7.223124e+01
2514	-6.893239e+01
2515	-7.387729e+01
2516	-6.880984e+01
2517	-7.549802e+01
2518	-7.206377e+01
2519	-7.638187e+01
2520	-7.086312e+01
2521	-7.206165e+01
2522	-7.317686e+01
2523	-7.194076e+01
2524	-7.594029e+01
2525	-7.201903e+01
2526	-7.343110e+01
2527	-7.064021e+01
2528	-7.387445e+01
2529	-7.209632e+01
2530	-7.473095e+01
2531	-7.349160e+01
2532	-7.019514e+01
2533	-7.331932e+01
2534	-7.214026e+01
2535	-7.008891e+01
2536	-7.444428e+01
2537	-7.295179e+01
2538	-7.474240e+01
2539	-7.634967e+01
2540	-6.928621e+01
2541	-7.347994e+01
2542	-7.231797e+01
2543	-7.221886e+01
2544	-7.524051e+01
2545	-7.108873e+01
2546	-7.346238e+01
2547	-7.080638e+01
2548	-7.266288e+01
2549	-7.295374e+01
2550	-7.347738e+01
2551	-7.251752e+01
2552	-6.954811e+01
2553	-7.498094e+01
2554	-7.318933e+01
2555	-7.096255e+01
2556	-7.219096e+01
2557	-7.315331e+01
2558	-7.224716e+01
2559	-7.476664e+01
2560	-7.457976e+01
2561	-6.932036e+01
2562	-7.411899e+01
2563	-6.995829e+01
2564	-7.421885e+01
2565	-7.155922e+01
2566	-7.315939e+01
2567	-7.472937e+01
2568	-7.457479e+01
2569	-7.376739e+01
2570	-7.064888e+01
2571	-7.257697e+01
2572	-7.132821e+01
2573	-7.488246e+01
2574	-7.285383e+01
2575	-7.279985e+01
2576	-7.085437e+01
2577	-7.302243e+01
2578	-7.257952e+01
2579	-7.497196e+01
2580	-7.320228e+01
2581	-7.398344e+01
2582	-7.407041e+01
2583	-7.338939e+01
2584	-7.335808e+01
2585	-7.431987e+01
2586	-7.251734e+01
2587	-7.218033e+01
2588	-7.724691e+01
2589	-7.362963e+01
2590	-7.317652e+01
2591	-7.332176e+01
2592	-7.643704e+01
2593	-7.502083e+01
2594	-7.091483e+01
2595	-7.043181e+01
2596	-6.998598e+01
2597	-7.380868e+01
2598	-7.568192e+01
2599	-7.451967e+01
2600	-7.334805e+01
2601	-7.410832e+01
2602	-7.120999e+01
2603	-7.468808e+01
2604	-7.034185e+01
2605	-6.862430e+01
2606	-7.472615e+01
2607	-7.401144e+01
2608	-7.537034e+01
2609	-7.428432e+01
2610	-6.992983e+01
2611	-7.048493e+01
2612	-7.109796e+01
2613	-7.198482e+01
2614	-6.972971e+01
2615	-7.105493e+01
2616	-7.125388e+01
2617	-7.424496e+01
2618	-7.237891e+01
2619	-7.632434e+01
2620	-7.343209e+01
2621	-6.985501e+01
2622	-7.267182e+01
2623	-7.075233e+01
2624	-7.326088e+01
2625	-7.326382e+01
2626	-7.314460e+01
2627	-7.174493e+01
2628	-7.272444e+01
2629	-6.930523e+01
2630	-7.434075e+01
2631	-7.245786e+01
2632	-7.189456e+01
2633	-7.154899e+01
2634	-7.511578e+01
2635	-7.036249e+01
2636	-7.630515e+01
2637	-7.154660e+01
2638	-7.183603e+01
2639	-7.004064e+01
2640	-7.473215e+01
2641	-7.046393e+01
2642	-6.936790e+01
2643	-7.380249e+01
2644	-7.101069e+01
2645	-7.204839e+01
2646	-7.193863e+01
2647	-7.209089e+01
2648	-7.516384e+01
2649	-6.942727e+01
2650	-6.924308e+01
2651	-6.890928e+01
2652	-7.330966e+01
2653	-7.302293e+01
2654	-7.575029e+01
2655	-7.023037e+01
2656	-7.088280e+01
2657	-7.183727e+01
2658	-7.325440e+01
2659	-7.369546e+01
2660	-7.187015e+01
2661	-7.277698e+01
2662	-7.531386e+01
2663	-7.541455e+01
2664	-7.506380e+01
2665	-7.124443e+01
2666	-7.408845e+01
2667	-7.239557e+01
2668	-7.101305e+01
2669	-7.237373e+01
2670	-7.503278e+01
2671	-7.490850e+01
2672	-7.166797e+01
2673	-7.328083e+01
2674	-7.131265e+01
2675	-7.400205e+01
2676	-7.444031e+01
2677	-7.352929e+01
2678	-7.174536e+01
2679	-7.652587e+01
2680	-7.390303e+01
2681	-7.166451e+01
2682	-7.542044e+01
2683	-7.151383e+01
2684	-7.394083e+01
2685	-7.156916e+01
2686	-7.398954e+01
2687	-7.510392e+01
2688	-7.108595e+01
2689	-7.301677e+01
2690	-7.160842e+01
2691	-7.370830e+01
2692	-7.372470e+01
2693	-7.208739e+01
2694	-7.470606e+01
2695	-7.209395e+01
2696	-7.154922e+01
2697	-6.811339e+01
2698	-7.652494e+01
2699	-7.530527e+01
2700	-7.185595e+01
2701	-7.530287e+01
2702	-7.315668e+01
2703	-7.435468e+01
2704	-7.368722e+01
2705	-6.955182e+01
2706	-7.346472e+01
2707	-7.249557e+01
2708	-7.436516e+01
2709	-7.256386e+01
2710	-7.468460e+01
2711	-7.072270e+01
2712	-7.223249e+01
2713	-7.295486e+01
2714	-7.372058e+01
2715	-7.054158e+01
2716	-7.329576e+01
2717	-7.257343e+01
2718	-7.307923e+01
2719	-7.091702e+01
2720	-7.257690e+01
2721	-7.287376e+01
2722	-7.382499e+01
2723	-7.289207e+01
2724	-7.023640e+01
2725	-6.988903e+01
2726	-7.374136e+01
2727	-6.791177e+01
2728	-7.339148e+01
2729	-7.323674e+01
2730	-7.463360e+01
2731	-7.087270e+01
2732	-7.322846e+01
2733	-7.157302e+01
2734	-7.073608e+01
2735	-7.275982e+01
2736	-7.350086e+01
2737	-7.210917e+01
2738	-7.410123e+01
2739	-7.453616e+01
2740	-6.851425e+01
2741	-7.503010e+01
2742	-6.881524e+01
2743	-7.060052e+01
2744	-7.062088e+01
2745	-7.356276e+01
2746	-7.237460e+01
2747	-7.038385e+01
2748	-7.173669e+01
2749	-7.373688e+01
2750	-7.114807e+01
2751	-7.383345e+01
2752	-7.160146e+01
2753	-7.246910e+01
2754	-7.453141e+01
2755	-7.271150e+01
2756	-6.970508e+01
2757	-7.300552e+01
2758	-7.764281e+01
2759	-6.954478e+01
2760	-7.044497e+01
2761	-7.571434e+01
2762	-7.203543e+01
2763	-7.076316e+01
2764	-7.054803e+01
2765	-7.435967e+01
2766	-7.136539e+01
2767	-7.073192e+01
2768	-7.331120e+01
2769	-7.228587e+01
2770	-7.382556e+01
2771	-7.246001e+01
2772	-7.089480e+01
2773	-7.669418e+01
2774	-7.325578e+01
2775	-7.154710e+01
2776	-7.253168e+01
2777	-7.198104e+01
2778	-7.680209e+01
2779	-7.212984e+01
2780	-7.329229e+01
2781	-7.052851e+01
2782	-7.466259e+01
2783	-7.271019e+01
2784	-7.339151e+01
2785	-7.216656e+01
2786	-7.261703e+01
2787	-7.082837e+01
2788	-7.219669e+01
2789	-7.091673e+01
2790	-7.487250e+01
2791	-7.162102e+01
2792	-7.111890e+01
2793	-7.186630e+01
2794	-7.480793e+01
2795	-7.102535e+01
2796	-7.053106e+01
2797	-6.996199e+01
2798	-7.317201e+01
2799	-7.142973e+01
2800	-7.339487e+01
2801	-7.395556e+01
2802	-7.594158e+01
2803	-7.721814e+01
2804	-7.018235e+01
2805	-7.293710e+01
2806	-7.274816e+01
2807	-7.187885e+01
2808	-7.012983e+01
2809	-6.916301e+01
2810	-7.177568e+01
2811	-7.251941e+01
2812	-7.362805e+01
2813	-7.222918e+01
2814	-7.417719e+01
2815	-7.517545e+01
2816	-7.481341e+01
2817	-7.191653e+01
2818	-7.395707e+01
2819	-7.400890e+01
2820	-7.232505e+01
2821	-7.307995e+01
2822	-7.008361e+01
2823	-7.203463e+01
2824	-7.298716e+01
2825	-7.190722e+01
2826	-7.273297e+01
2827	-7.297061e+01
2828	-7.398220e+01
2829	-7.353808e+01
2830	-7.273105e+01
2831	-7.859767e+01
2832	-7.256234e+01
2833	-7.018236e+01
2834	-7.431351e+01
2835	-7.111759e+01
2836	-6.971318e+01
2837	-7.452485e+01
2838	-7.182993e+01
2839	-6.962464e+01
2840	-7.282585e+01
2841	-7.328777e+01
2842	-6.995762e+01
2843	-7.432413e+01
2844	-7.364049e+01
2845	-7.506131e+01
2846	-6.994058e+01
2847	-7.444436e+01
2848	-7.560550e+01
2849	-7.213569e+01
2850	-7.037184e+01
2851	-7.130072e+01
2852	-7.218510e+01
2853	-7.387459e+01
2854	-7.261027e+01
2855	-7.575232e+01
2856	-7.037443e+01
2857	-7.206043e+01
2858	-7.183342e+01
2859	-7.502854e+01
2860	-6.924326e+01
2861	-7.417136e+01
2862	-6.959696e+01
2863	-6.966776e+01
2864	-7.303323e+01
2865	-7.615328e+01
2866	-7.153771e+01
2867	-7.223505e+01
2868	-7.325136e+01
2869	-7.227618e+01
2870	-7.422830e+01
2871	-7.321206e+01
2872	-7.575690e+01
2873	-7.163819e+01
2874	-7.313966e+01
2875	-7.019055e+01
2876	-7.327459e+01
2877	-7.125313e+01
2878	-7.301651e+01
2879	-7.325387e+01
2880	-7.279534e+01
2881	-7.288255e+01
2882	-7.294780e+01
2883	-7.282098e+01
2884	-7.511146e+01
2885	-7.450652e+01
2886	-7.620164e+01
2887	-7.502894e+01
2888	-7.096346e+01
2889	-7.303103e+01
2890	-7.186827e+01
2891	-7.145618e+01
2892	-6.998981e+01
2893	-7.261991e+01
2894	-7.295036e+01
2895	-7.118243e+01
2896	-7.454910e+01
2897	-7.428891e+01
2898	-7.335963e+01
2899	-7.374187e+01
2900	-7.318544e+01
2901	-7.193700e+01
2902	-7.118882e+01
2903	-6.992578e+01
2904	-7.153495e+01
2905	-7.433838e+01
2906	-7.189168e+01
2907	-7.401879e+01
2908	-7.458435e+01
2909	-7.144990e+01
2910	-7.140833e+01
2911	-7.063060e+01
2912	-7.353098e+01
2913	-7.242759e+01
2914	-7.094036e+01
2915	-7.537346e+01
2916	-7.275300e+01
2917	-7.488763e+01
2918	-7.161496e+01
2919	-7.459368e+01
2920	-7.694174e+01
2921	-7.114172e+01
2922	-7.240807e+01
2923	-7.222073e+01
2924	-7.603051e+01
2925	-7.322550e+01
2926	-7.225448e+01
2927	-7.177717e+01
2928	-7.858188e+01
2929	-7.073413e+01
2930	-7.537170e+01
2931	-7.262808e+01
2932	-7.499371e+01
2933	-7.463329e+01
2934	-7.596322e+01
2935	-7.094194e+01
2936	-7.476566e+01
2937	-7.526758e+01
2938	-7.260108e+01
2939	-7.183442e+01
2940	-7.211357e+01
2941	-7.581578e+01
2942	-7.476065e+01
2943	-7.254458e+01
2944	-6.982162e+01
2945	-7.162547e+01
2946	-7.440038e+01
2947	-7.358697e+01
2948	-7.198928e+01
2949	-7.328764e+01
2950	-7.217180e+01
2951	-7.564429e+01
2952	-7.148765e+01
2953	-7.255162e+01
2954	-7.290293e+01
2955	-7.458263e+01
2956	-7.257908e+01
2957	-7.128138e+01
2958	-7.262598e+01
2959	-7.399010e+01
2960	-7.275392e+01
2961	-7.411737e+01
2962	-7.416120e+01
2963	-7.214416e+01
2964	-7.361681e+01
2965	-7.514949e+01
2966	-7.314152e+01
2967	-7.271172e+01
2968	-7.464470e+01
2969	-7.689266e+01
2970	-7.190984e+01
2971	-6.998456e+01
2972	-7.297131e+01
2973	-7.621833e+01
2974	-7.179126e+01
2975	-7.545516e+01
2976	-7.169398e+01
2977	-7.226938e+01
2978	-7.525914e+01
2979	-7.132574e+01
2980	-7.468117e+01
2981	-7.170636e+01
2982	-7.222404e+01
2983	-7.836744e+01
2984	-7.565856e+01
2985	-7.402322e+01
2986	-7.400874e+01
2987	-7.094544e+01
2988	-7.142802e+01
2989	-7.322665e+01
2990	-7.114213e+01
2991	-7.211663e+01
2992	-7.300930e+01
2993	-7.104260e+01
2994	-7.646458e+01
2995	-7.290327e+01
2996	-7.595917e+01
2997	-7.122125e+01
2998	-7.130786e+01
2999	-6.913358e+01
3000	-7.474881e+01
3001	-7.599331e+01
3002	-6.940434e+01
3003	-7.288758e+01
3004	-7.262958e+01
3005	-7.012948e+01
3006	-7.444083e+01
3007	-7.357355e+01
3008	-7.684578e+01
3009	-6.936917e+01
3010	-7.258875e+01
3011	-7.412662e+01
3012	-6.849947e+01
3013	-7.213092e+01
3014	-6.959716e+01
3015	-7.231637e+01
3016	-7.210874e+01
3017	-7.333367e+01
3018	-7.390782e+01
3019	-7.395583e+01
3020	-7.093415e+01
3021	-7.252106e+01
3022	-7.534107e+01
3023	-7.522035e+01
3024	-7.159277e+01
3025	-7.441406e+01
3026	-7.450983e+01
3027	-7.380060e+01
3028	-7.450353e+01
3029	-7.142885e+01
3030	-7.684815e+01
3031	-7.268403e+01
3032	-7.397111e+01
3033	-7.040403e+01
3034	-7.384971e+01
3035	-7.461781e+01
3036	-7.436613e+01
3037	-7.222921e+01
3038	-7.676933e+01
3039	-7.509328e+01
3040	-7.521902e+01
3041	-7.213813e+01
3042	-6.949125e+01
3043	-7.077671e+01
3044	-7.295948e+01
3045	-7.317101e+01
3046	-7.059390e+01
3047	-7.522669e+01
3048	-7.317366e+01
3049	-7.344865e+01
3050	-7.613784e+01
3051	-7.271912e+01
3052	-7.368831e+01
3053	-7.073130e+01
3054	-7.373560e+01
3055	-7.257472e+01
3056	-7.281818e+01
3057	-7.700952e+01
3058	-7.483771e+01
3059	-7.407309e+01
3060	-7.557939e+01
3061	-7.394945e+01
3062	-7.014329e+01
3063	-7.245204e+01
3064	-7.673552e+01
3065	-7.311461e+01
3066	-7.248581e+01
3067	-6.937246e+01
3068	-7.379922e+01
3069	-7.284499e+01
3070	-7.375225e+01
3071	-7.432180e+01
3072	-7.361655e+01
3073	-7.512266e+01
3074	-7.108396e+01
3075	-7.107183e+01
3076	-7.351079e+01
3077	-7.433109e+01
3078	-7.322848e+01
3079	-7.275680e+01
3080	-7.929200e+01
3081	-7.285519e+01
3082	-7.184764e+01
3083	-7.045997e+01
3084	-7.729823e+01
3085	-7.381368e+01
3086	-7.585960e+01
3087	-7.313264e+01
3088	-7.194349e+01
3089	-7.346209e+01
3090	-7.414400e+01
3091	-7.148625e+01
3092	-7.399253e+01
3093	-7.131832e+01
3094	-7.346323e+01
3095	-7.391458e+01
3096	-7.197757e+01
3097	-7.591220e+01
3098	-7.217259e+01
3099	-7.858783e+01
3100	-7.295399e+01
3101	-7.603515e+01
3102	-6.907616e+01
3103	-7.116171e+01
3104	-7.198028e+01
3105	-7.440981e+01
3106	-7.130876e+01
3107	-7.454145e+01
3108	-6.665413e+01
3109	-7.044596e+01
3110	-7.367939e+01
3111	-7.005927e+01
3112	-7.463574e+01
3113	-7.150489e+01
3114	-6.992106e+01
3115	-7.020971e+01
3116	-7.190719e+01
3117	-7.002718e+01
3118	-7.569078e+01
3119	-7.373364e+01
3120	-7.310698e+01
3121	-7.465862e+01
3122	-7.369595e+01
3123	-7.088753e+01
3124	-7.349988e+01
3125	-7.331932e+01
3126	-7.126226e+01
3127	-7.127802e+01
3128	-7.300137e+01
3129	-6.947107e+01
3130	-7.387635e+01
3131	-7.622009e+01
3132	-7.663103e+01
3133	-6.979089e+01
3134	-7.059228e+01
3135	-7.356361e+01
3136	-6.987251e+01
3137	-7.589386e+01
3138	-7.401270e+01
3139	-7.403669e+01
3140	-7.259783e+01
3141	-7.656839e+01
3142	-7.242481e+01
3143	-7.173990e+01
3144	-7.146338e+01
3145	-7.091511e+01
3146	-6.984636e+01
3147	-7.263741e+01
3148	-7.203497e+01
3149	-7.397920e+01
3150	-7.347823e+01
3151	-7.103113e+01
3152	-7.782544e+01
3153	-7.593643e+01
3154	-7.139261e+01
3155	-7.529906e+01
3156	-7.175053e+01
3157	-7.279519e+01
3158	-7.153949e+01
3159	-6.899237e+01
3160	-7.412227e+01
3161	-6.958819e+01
3162	-7.200953e+01
3163	-7.386992e+01
3164	-7.404387e+01
3165	-7.108961e+01
3166	-7.187915e+01
3167	-7.304556e+01
3168	-7.407738e+01
3169	-6.964060e+01
3170	-6.981786e+01
3171	-7.597759e+01
3172	-7.338019e+01
3173	-7.086586e+01
3174	-7.244136e+01
3175	-7.272946e+01
3176	-6.956924e+01
3177	-7.022964e+01
3178	-7.196312e+01
3179	-7.633082e+01
3180	-7.388825e+01
3181	-7.484869e+01
3182	-7.074879e+01
3183	-6.995382e+01
3184	-7.419701e+01
3185	-7.425187e+01
3186	-7.579101e+01
3187	-7.107531e+01
3188	-7.388712e+01
3189	-7.317215e+01
3190	-7.448403e+01
3191	-7.163113e+01
3192	-7.200292e+01
3193	-7.572223e+01
3194	-7.438094e+01
3195	-7.673598e+01
3196	-6.999909e+01
3197	-7.511009e+01
3198	-7.202603e+01
3199	-6.896690e+01
3200	-7.497322e+01
3201	-7.308338e+01
3202	-7.037519e+01
3203	-7.268673e+01
3204	-7.146856e+01
3205	-7.221468e+01
3206	-7.352850e+01
3207	-6.954081e+01
3208	-7.459774e+01
3209	-7.235083e+01
3210	-7.235826e+01
3211	-7.203971e+01
3212	-7.393462e+01
3213	-7.730683e+01
3214	-7.312730e+01
3215	-7.420521e+01
3216	-7.286352e+01
3217	-7.853951e+01
3218	-7.314057e+01
3219	-7.300692e+01
3220	-7.276955e+01
3221	-7.123759e+01
3222	-7.195378e+01
3223	-7.435588e+01
3224	-7.386947e+01
3225	-7.331717e+01
3226	-7.510054e+01
3227	-7.115145e+01
3228	-7.178906e+01
3229	-7.350653e+01
3230	-7.168242e+01
3231	-7.247252e+01
3232	-7.574565e+01
3233	-7.473486e+01
3234	-7.055676e+01
3235	-7.336305e+01
3236	-7.295011e+01
3237	-7.466793e+01
3238	-7.087246e+01
3239	-7.287720e+01
3240	-7.166750e+01
3241	-7.071176e+01
3242	-7.268312e+01
3243	-7.215941e+01
3244	-7.243488e+01
3245	-7.543144e+01
3246	-7.174613e+01
3247	-7.139723e+01
3248	-7.238531e+01
3249	-7.307639e+01
3250	-7.595268e+01
3251	-7.325320e+01
3252	-7.304251e+01
3253	-7.341196e+01
3254	-7.205062e+01
3255	-7.063387e+01
3256	-6.871062e+01
3257	-7.244162e+01
3258	-7.137342e+01
3259	-7.358102e+01
3260	-7.284791e+01
3261	-7.023397e+01
3262	-7.477518e+01
3263	-7.440269e+01
3264	-7.155013e+01
3265	-7.370986e+01
3266	-7.173510e+01
3267	-7.318297e+01
3268	-7.217443e+01
3269	-6.981746e+01
3270	-7.181407e+01
3271	-7.468031e+01
3272	-7.040104e+01
3273	-7.315593e+01
3274	-7.074845e+01
3275	-7.387317e+01
3276	-7.592440e+01
3277	-7.442754e+01
3278	-7.306598e+01
3279	-7.513506e+01
3280	-7.512352e+01
3281	-7.408409e+01
3282	-7.138889e+01
3283	-7.361566e+01
3284	-7.548992e+01
3285	-7.254181e+01
3286	-7.074416e+01
3287	-7.038509e+01
3288	-7.250872e+01
3289	-7.018668e+01
3290	-7.425178e+01
3291	-7.314838e+01
3292	-7.512227e+01
3293	-7.199793e+01
3294	-7.195716e+01
3295	-7.085246e+01
3296	-7.241008e+01
3297	-7.157619e+01
3298	-7.321590e+01
3299	-7.090660e+01
3300	-7.347421e+01
3301	-7.487315e+01
3302	-7.242600e+01
3303	-7.579071e+01
3304	-7.346955e+01
3305	-7.518851e+01
3306	-7.170717e+01
3307	-7.404266e+01
3308	-7.374697e+01
3309	-7.343651e+01
3310	-7.327378e+01
3311	-7.314773e+01
3312	-7.619986e+01
3313	-7.388663e+01
3314	-7.335463e+01
3315	-6.920373e+01
3316	-7.487695e+01
3317	-7.301025e+01
3318	-7.194460e+01
3319	-7.308818e+01
3320	-7.242108e+01
3321	-7.566207e+01
3322	-7.485631e+01
3323	-7.246884e+01
3324	-7.034501e+01
3325	-7.206760e+01
3326	-7.413108e+01
3327	-7.296106e+01
3328	-6.862819e+01
3329	-6.981512e+01
3330	-7.224296e+01
3331	-7.139639e+01
3332	-7.119009e+01
3333	-6.989638e+01
3334	-7.224588e+01
3335	-7.063297e+01
3336	-7.484210e+01
3337	-7.381118e+01
3338	-7.361214e+01
3339	-6.966912e+01
3340	-7.033724e+01
3341	-7.429833e+01
3342	-7.397748e+01
3343	-7.171303e+01
3344	-7.230289e+01
3345	-7.548082e+01
3346	-7.554211e+01
3347	-7.414751e+01
3348	-7.143395e+01
3349	-7.300844e+01
3350	-7.496680e+01
3351	-7.823401e+01
3352	-7.056040e+01
3353	-7.466831e+01
3354	-7.303466e+01
3355	-7.079706e+01
3356	-7.098143e+01
3357	-7.178100e+01
3358	-7.425509e+01
3359	-6.973025e+01
3360	-7.470109e+01
3361	-7.418651e+01
3362	-7.186197e+01
3363	-7.011057e+01
3364	-6.925305e+01
3365	-7.563209e+01
3366	-7.472440e+01
3367	-7.332439e+01
3368	-7.287586e+01
3369	-7.535842e+01
3370	-7.082522e+01
3371	-7.486643e+01
3372	-6.969465e+01
3373	-7.272752e+01
3374	-7.597523e+01
3375	-7.173577e+01
3376	-7.214862e+01
3377	-6.984383e+01
3378	-7.279084e+01
3379	-7.364120e+01
3380	-7.481525e+01
3381	-7.324149e+01
3382	-7.569403e+01
3383	-7.422108e+01
3384	-7.219579e+01
3385	-7.142406e+01
3386	-7.246422e+01
3387	-7.220276e+01
3388	-7.544040e+01
3389	-7.415592e+01
3390	-7.220243e+01
3391	-7.231861e+01
3392	-7.846082e+01
3393	-7.355193e+01
3394	-7.066608e+01
3395	-7.227670e+01
3396	-7.297854e+01
3397	-7.141175e+01
3398	-7.380785e+01
3399	-7.292543e+01
3400	-7.459390e+01
3401	-7.525554e+01
3402	-7.217198e+01
3403	-6.902148e+01
3404	-7.189556e+01
3405	-7.084706e+01
3406	-7.023507e+01
3407	-7.406770e+01
3408	-6.916864e+01
3409	-7.538308e+01
3410	-7.163024e+01
3411	-7.009265e+01
3412	-7.245843e+01
3413	-7.080468e+01
3414	-7.333838e+01
3415	-7.014183e+01
3416	-7.136790e+01
3417	-7.487215e+01
3418	-7.430523e+01
3419	-7.425621e+01
3420	-6.945566e+01
3421	-7.331301e+01
3422	-7.068177e+01
3423	-7.264144e+01
3424	-6.981675e+01
3425	-7.428086e+01
3426	-6.965682e+01
3427	-7.595259e+01
3428	-7.327719e+01
3429	-7.359942e+01
3430	-7.052285e+01
3431	-7.187840e+01
3432	-6.929683e+01
3433	-7.361375e+01
3434	-7.209463e+01
3435	-7.385125e+01
3436	-7.677287e+01
3437	-7.244849e+01
3438	-7.443113e+01
3439	-6.998492e+01
3440	-6.981174e+01
3441	-7.177906e+01
3442	-7.590613e+01
3443	-7.143926e+01
3444	-7.272706e+01
3445	-7.537318e+01
3446	-7.517896e+01
3447	-7.464191e+01
3448	-7.341815e+01
3449	-7.442185e+01
3450	-7.507173e+01
3451	-7.124533e+01
3452	-7.175363e+01
3453	-7.671853e+01
3454	-7.343413e+01
3455	-7.156538e+01
3456	-7.233410e+01
3457	-7.627435e+01
3458	-7.479536e+01
3459	-7.152967e+01
3460	-7.481826e+01
3461	-7.603540e+01
3462	-7.250441e+01
3463	-7.346865e+01
3464	-7.137023e+01
3465	-7.257426e+01
3466	-7.246488e+01
3467	-7.440972e+01
3468	-7.584093e+01
3469	-7.067974e+01
3470	-7.535733e+01
3471	-7.238818e+01
3472	-7.176473e+01
3473	-7.646896e+01
3474	-7.516373e+01
3475	-7.066605e+01
3476	-7.392815e+01
3477	-7.272332e+01
3478	-7.332222e+01
3479	-7.183183e+01
3480	-6.876080e+01
3481	-7.214061e+01
3482	-7.167202e+01
3483	-7.268395e+01
3484	-7.314305e+01
3485	-7.076919e+01
3486	-7.416662e+01
3487	-7.221565e+01
3488	-7.133147e+01
3489	-7.643951e+01
3490	-7.670841e+01
3491	-7.181476e+01
3492	-7.432862e+01
3493	-7.564191e+01
3494	-7.171027e+01
3495	-7.166784e+01
3496	-7.510153e+01
3497	-7.261121e+01
3498	-7.475265e+01
3499	-7.530483e+01
3500	-7.222650e+01
3501	-7.516589e+01
3502	-7.409497e+01
3503	-7.204804e+01
3504	-7.320366e+01
3505	-7.515819e+01
3506	-7.448588e+01
3507	-7.544949e+01
3508	-7.686946e+01
3509	-7.358758e+01
3510	-7.033489e+01
3511	-7.681911e+01
3512	-7.338241e+01
3513	-7.351688e+01
3514	-7.201341e+01
3515	-7.318294e+01
3516	-7.334877e+01
3517	-7.179083e+01
3518	-7.197880e+01
3519	-7.465599e+01
3520	-7.315080e+01
3521	-7.606572e+01
3522	-7.323352e+01
3523	-7.054356e+01
3524	-7.198617e+01
3525	-7.718163e+01
3526	-7.355697e+01
3527	-7.575086e+01
3528	-7.490090e+01
3529	-7.382477e+01
3530	-6.991989e+01
3531	-7.543510e+01
3532	-7.356670e+01
3533	-7.423680e+01
3534	-6.821078e+01
3535	-7.156493e+01
3536	-7.179747e+01
3537	-7.186773e+01
3538	-7.288199e+01
3539	-7.280276e+01
3540	-7.204089e+01
3541	-7.074541e+01
3542	-7.548522e+01
3543	-7.139627e+01
3544	-7.033089e+01
3545	-7.340393e+01
3546	-7.211463e+01
3547	-7.053449e+01
3548	-6.881889e+01
3549	-7.332630e+01
3550	-7.327319e+01
3551	-6.963766e+01
3552	-7.558144e+01
3553	-7.404097e+01
3554	-7.501116e+01
3555	-7.188540e+01
3556	-7.231958e+01
3557	-7.129160e+01
3558	-7.459804e+01
3559	-7.497633e+01
3560	-7.430921e+01
3561	-7.693095e+01
3562	-7.153053e+01
3563	-7.324032e+01
3564	-7.559913e+01
3565	-7.109377e+01
3566	-7.405881e+01
3567	-7.696060e+01
3568	-7.218381e+01
3569	-7.205873e+01
3570	-7.100206e+01
3571	-6.848553e+01
3572	-7.239226e+01
3573	-7.230379e+01
3574	-7.341893e+01
3575	-7.235598e+01
3576	-7.661359e+01
3577	-7.068439e+01
3578	-7.549131e+01
3579	-7.177883e+01
3580	-7.076158e+01
3581	-7.075661e+01
3582	-7.155695e+01
3583	-7.530638e+01
3584	-7.349545e+01
3585	-7.439916e+01
3586	-7.530217e+01
3587	-7.255815e+01
3588	-7.185077e+01
3589	-7.335965e+01
3590	-7.212562e+01
3591	-7.353569e+01
3592	-7.337449e+01
3593	-7.545369e+01
3594	-6.997489e+01
3595	-7.684395e+01
3596	-7.373441e+01
3597	-7.449928e+01
3598	-7.057214e+01
3599	-7.451807e+01
3600	-7.523681e+01
3601	-6.949494e+01
3602	-7.434828e+01
3603	-7.128975e+01
3604	-7.181123e+01
3605	-7.197336e+01
3606	-7.358813e+01
3607	-7.307545e+01
3608	-7.367673e+01
3609	-7.137491e+01
3610	-7.350027e+01
3611	-7.111648e+01
3612	-7.117941e+01
3613	-6.930656e+01
3614	-7.232006e+01
3615	-7.569161e+01
3616	-7.358544e+01
3617	-7.128458e+01
3618	-7.363467e+01
3619	-7.092603e+01
3620	-7.143406e+01
3621	-7.206767e+01
3622	-7.305482e+01
3623	-7.348496e+01
3624	-7.445718e+01
3625	-7.209239e+01
3626	-7.507940e+01
3627	-7.003997e+01
3628	-7.191914e+01
3629	-7.176169e+01
3630	-7.093265e+01
3631	-7.183831e+01
3632	-7.576732e+01
3633	-7.522606e+01
3634	-7.160482e+01
3635	-7.371462e+01
3636	-7.285721e+01
3637	-6.990280e+01
3638	-7.073207e+01
3639	-7.217549e+01
3640	-7.449907e+01
3641	-7.130799e+01
3642	-7.405971e+01
3643	-7.387510e+01
3644	-6.964688e+01
3645	-7.062495e+01
3646	-7.102026e+01
3647	-7.454604e+01
3648	-7.412786e+01
3649	-7.147152e+01
3650	-7.535151e+01
3651	-7.286918e+01
3652	-7.244959e+01
3653	-7.363474e+01
3654	-7.231874e+01
3655	-7.284644e+01
3656	-7.199785e+01
3657	-7.135479e+01
3658	-7.316008e+01
3659	-7.333864e+01
3660	-7.525688e+01
3661	-7.285375e+01
3662	-7.497729e+01
3663	-7.447133e+01
3664	-7.547154e+01
3665	-7.158744e+01
3666	-7.325254e+01
3667	-7.169254e+01
3668	-7.170069e+01
3669	-7.314216e+01
3670	-7.217272e+01
3671	-7.225947e+01
3672	-7.126048e+01
3673	-7.289055e+01
3674	-7.435238e+01
3675	-7.372549e+01
3676	-7.124387e+01
3677	-7.073818e+01
3678	-7.372803e+01
3679	-7.292408e+01
3680	-7.394606e+01
3681	-6.974580e+01
3682	-7.170183e+01
3683	-7.141886e+01
3684	-7.468652e+01
3685	-7.143160e+01
3686	-7.374803e+01
3687	-7.200565e+01
3688	-7.164906e+01
3689	-7.381763e+01
3690	-7.519336e+01
3691	-7.356636e+01
3692	-7.641304e+01
3693	-7.542856e+01
3694	-7.307042e+01
3695	-7.241677e+01
3696	-7.257424e+01
3697	-7.058253e+01
3698	-7.182550e+01
3699	-6.970801e+01
3700	-7.356979e+01
3701	-7.128421e+01
3702	-7.005545e+01
3703	-7.191302e+01
3704	-7.386629e+01
3705	-7.164025e+01
3706	-7.465869e+01
3707	-7.291589e+01
3708	-7.271561e+01
3709	-7.220766e+01
3710	-7.431334e+01
3711	-7.042455e+01
3712	-7.331888e+01
3713	-7.185543e+01
3714	-7.250055e+01
3715	-7.574841e+01
3716	-7.491514e+01
3717	-7.307359e+01
3718	-7.586201e+01
3719	-7.259532e+01
3720	-7.436589e+01
3721	-7.357270e+01
3722	-7.375874e+01
3723	-7.463311e+01
3724	-7.313243e+01
3725	-7.318169e+01
3726	-7.559415e+01
3727	-7.241769e+01
3728	-7.090019e+01
3729	-7.221496e+01
3730	-7.335411e+01
3731	-7.022565e+01
3732	-7.371170e+01
3733	-7.600628e+01
3734	-7.200565e+01
3735	-7.514534e+01
3736	-7.439303e+01
3737	-7.567231e+01
3738	-7.061921e+01
3739	-7.812973e+01
3740	-6.866979e+01
3741	-7.190800e+01
3742	-7.312317e+01
3743	-7.305152e+01
3744	-7.076402e+01
3745	-7.360899e+01
3746	-7.364213e+01
3747	-7.451503e+01
3748	-7.188679e+01
3749	-7.863160e+01
3750	-7.391698e+01
3751	-7.355796e+01
3752	-7.092078e+01
3753	-7.282580e+01
3754	-7.442954e+01
3755	-6.888043e+01
3756	-6.962067e+01
3757	-7.434344e+01
3758	-7.123794e+01
3759	-7.078862e+01
3760	-7.321372e+01
3761	-7.082963e+01
3762	-7.183341e+01
3763	-7.286986e+01
3764	-7.351619e+01
3765	-7.078099e+01
3766	-7.305224e+01
3767	-6.783406e+01
3768	-7.254390e+01
3769	-7.449973e+01
3770	-7.399658e+01
3771	-6.950708e+01
3772	-6.955701e+01
3773	-7.076626e+01
3774	-7.070880e+01
3775	-7.319400e+01
3776	-7.190325e+01
3777	-7.122298e+01
3778	-7.529152e+01
3779	-7.265608e+01
3780	-6.944909e+01
3781	-7.203742e+01
3782	-7.641391e+01
3783	-7.138619e+01
3784	-7.438490e+01
3785	-7.366147e+01
3786	-7.240336e+01
3787	-7.578547e+01
3788	-7.338716e+01
3789	-7.494977e+01
3790	-7.283265e+01
3791	-7.165118e+01
3792	-7.202236e+01
3793	-7.103592e+01
3794	-7.290528e+01
3795	-7.533427e+01
3796	-7.097300e+01
3797	-7.222429e+01
3798	-7.164762e+01
3799	-7.389861e+01
3800	-7.202351e+01
3801	-7.518380e+01
3802	-7.381834e+01
3803	-7.398350e+01
3804	-7.281449e+01
3805	-7.431683e+01
3806	-7.301685e+01
3807	-7.667567e+01
3808	-7.157469e+01
3809	-7.273927e+01
3810	-7.336760e+01
3811	-6.838295e+01
3812	-7.330288e+01
3813	-7.379141e+01
3814	-7.408071e+01
3815	-7.367371e+01
3816	-7.023593e+01
3817	-7.253435e+01
3818	-7.363731e+01
3819	-7.328920e+01
3820	-7.288474e+01
3821	-7.184009e+01
3822	-7.271599e+01
3823	-7.587109e+01
3824	-7.373542e+01
3825	-7.056502e+01
3826	-7.066471e+01
3827	-7.565663e+01
3828	-7.400436e+01
3829	-7.281080e+01
3830	-7.169452e+01
3831	-7.409299e+01
3832	-7.365765e+01
3833	-7.280397e+01
3834	-7.500748e+01
3835	-7.106744e+01
3836	-7.283580e+01
3837	-7.210265e+01
3838	-7.541428e+01
3839	-7.293566e+01
3840	-7.402283e+01
3841	-7.589705e+01
3842	-7.184431e+01
3843	-7.090463e+01
3844	-7.496432e+01
3845	-7.245618e+01
3846	-7.557678e+01
3847	-7.332389e+01
3848	-7.069025e+01
3849	-7.742581e+01
3850	-7.201192e+01
3851	-7.219710e+01
3852	-7.259636e+01
3853	-7.034375e+01
3854	-7.389260e+01
3855	-7.101175e+01
3856	-7.242291e+01
3857	-6.938336e+01
3858	-7.488793e+01
3859	-7.283925e+01
3860	-7.013102e+01
3861	-7.407949e+01
3862	-7.095486e+01
3863	-7.495898e+01
3864	-7.086364e+01
3865	-7.029310e+01
3866	-7.318274e+01
3867	-7.289987e+01
3868	-7.377653e+01
3869	-7.316293e+01
3870	-7.336027e+01
3871	-7.104811e+01
3872	-7.514233e+01
3873	-7.081814e+01
3874	-7.060918e+01
3875	-7.195058e+01
3876	-7.002934e+01
3877	-7.277396e+01
3878	-7.032257e+01
3879	-7.047103e+01
3880	-7.176933e+01
3881	-7.325449e+01
3882	-7.391588e+01
3883	-7.593512e+01
3884	-7.349469e+01
3885	-7.380450e+01
3886	-7.268039e+01
3887	-7.321752e+01
3888	-7.071577e+01
3889	-7.280959e+01
3890	-7.659542e+01
3891	-7.340112e+01
3892	-7.566349e+01
3893	-7.149892e+01
3894	-7.390726e+01
3895	-7.488722e+01
3896	-7.175540e+01
3897	-7.367685e+01
3898	-7.097854e+01
3899	-7.281604e+01
3900	-7.402111e+01
3901	-7.002990e+01
3902	-7.475407e+01
3903	-7.296951e+01
3904	-6.973795e+01
3905	-7.321198e+01
3906	-7.089938e+01
3907	-7.298183e+01
3908	-7.180857e+01
3909	-7.289944e+01
3910	-7.155130e+01
3911	-7.654206e+01
3912	-6.902568e+01
3913	-7.042638e+01
3914	-7.109893e+01
3915	-7.611958e+01
3916	-7.090936e+01
3917	-7.244166e+01
3918	-7.150449e+01
3919	-7.509261e+01
3920	-7.551260e+01
3921	-7.143383e+01
3922	-7.377006e+01
3923	-7.524912e+01
3924	-6.883218e+01
3925	-7.142529e+01
3926	-7.280146e+01
3927	-7.015326e+01
3928	-7.412631e+01
3929	-7.455346e+01
3930	-7.253255e+01
3931	-6.849665e+01
3932	-7.034573e+01
3933	-7.310696e+01
3934	-7.185069e+01
3935	-7.354885e+01
3936	-7.571211e+01
3937	-7.452286e+01
3938	-7.197116e+01
3939	-7.156403e+01
3940	-7.399323e+01
3941	-7.293398e+01
3942	-7.359262e+01
3943	-7.757307e+01
3944	-7.374630e+01
3945	-7.105641e+01
3946	-7.164569e+01
3947	-7.069776e+01
3948	-6.980314e+01
3949	-7.263628e+01
3950	-7.658691e+01
3951	-7.252162e+01
3952	-7.453167e+01
3953	-7.311334e+01
3954	-7.178695e+01
3955	-7.100172e+01
3956	-7.213348e+01
3957	-7.172057e+01
3958	-7.165781e+01
3959	-7.336212e+01
3960	-7.126987e+01
3961	-7.054582e+01
3962	-7.556240e+01
3963	-7.341253e+01
3964	-7.054099e+01
3965	-7.274097e+01
3966	-7.578462e+01
3967	-7.363389e+01
3968	-7.482532e+01
3969	-7.377192e+01
3970	-7.176684e+01
3971	-7.340517e+01
3972	-7.525534e+01
3973	-7.305011e+01
3974	-7.324529e+01
3975	-7.340271e+01
3976	-7.492264e+01
3977	-7.260645e+01
3978	-7.613201e+01
3979	-7.231347e+01
3980	-7.183482e+01
3981	-7.173411e+01
3982	-7.326848e+01
3983	-7.088491e+01
3984	-7.084005e+01
3985	-7.116949e+01
3986	-7.433773e+01
3987	-7.191476e+01
3988	-7.335551e+01
3989	-7.264743e+01
3990	-7.171389e+01
3991	-7.072608e+01
3992	-7.339946e+01
3993	-6.785123e+01
3994	-7.456669e+01
3995	-7.128522e+01
3996	-7.348889e+01
3997	-7.352882e+01
3998	-7.059467e+01
3999	-7.340734e+01
4000	-7.637912e+01
4001	-7.184827e+01
4002	-6.957355e+01
4003	-7.020599e+01
4004	-7.211640e+01
4005	-7.349718e+01
4006	-7.324396e+01
4007	-7.242989e+01
4008	-7.362534e+01
4009	-7.359243e+01
4010	-7.293167e+01
4011	-7.859278e+01
4012	-7.356076e+01
4013	-7.042591e+01
4014	-7.437892e+01
4015	-6.954247e+01
4016	-7.709375e+01
4017	-7.346979e+01
4018	-7.287738e+01
4019	-7.122970e+01
4020	-7.429320e+01
4021	-7.043299e+01
4022	-7.354595e+01
4023	-6.881679e+01
4024	-7.423431e+01
4025	-7.190062e+01
4026	-7.483208e+01
4027	-7.387871e+01
4028	-6.897550e+01
4029	-7.533009e+01
4030	-7.421035e+01
4031	-7.366489e+01
4032	-7.137319e+01
4033	-6.956138e+01
4034	-7.796927e+01
4035	-7.256330e+01
4036	-7.229351e+01
4037	-7.134254e+01
4038	-7.275050e+01
4039	-7.204566e+01
4040	-7.068334e+01
4041	-7.236446e+01
4042	-7.112363e+01
4043	-7.292243e+01
4044	-7.297692e+01
4045	-6.874999e+01
4046	-7.466368e+01
4047	-7.299655e+01
4048	-7.583486e+01
4049	-6.982085e+01
4050	-7.150051e+01
4051	-7.369492e+01
4052	-7.467464e+01
4053	-7.205894e+01
4054	-7.117880e+01
4055	-6.810379e+01
4056	-7.341542e+01
4057	-7.306890e+01
4058	-7.388178e+01
4059	-7.192913e+01
4060	-7.035328e+01
4061	-7.375166e+01
4062	-7.143774e+01
4063	-7.257437e+01
4064	-7.194856e+01
4065	-6.870359e+01
4066	-7.801578e+01
4067	-7.193070e+01
4068	-7.323257e+01
4069	-7.166902e+01
4070	-6.901420e+01
4071	-7.263746e+01
4072	-7.370894e+01
4073	-6.961842e+01
4074	-7.290273e+01
4075	-7.371170e+01
4076	-7.283447e+01
4077	-6.991143e+01
4078	-7.584863e+01
4079	-7.529854e+01
4080	-7.346449e+01
4081	-7.699655e+01
4082	-7.405735e+01
4083	-7.346959e+01
4084	-7.259099e+01
4085	-7.077379e+01
4086	-7.138020e+01
4087	-7.436331e+01
4088	-7.196790e+01
4089	-7.259714e+01
4090	-7.601506e+01
4091	-7.296408e+01
4092	-7.147554e+01
4093	-7.554192e+01
4094	-7.259119e+01
4095	-6.901531e+01
4096	-7.068716e+01
4097	-7.073867e+01
4098	-7.445904e+01
4099	-7.415607e+01
4100	-7.286714e+01
4101	-7.507480e+01
4102	-7.442589e+01
4103	-7.405012e+01
4104	-7.450083e+01
4105	-7.196767e+01
4106	-7.448900e+01
4107	-7.344486e+01
4108	-7.229772e+01
4109	-7.488929e+01
4110	-7.601835e+01
4111	-7.357537e+01
4112	-7.206647e+01
4113	-7.350624e+01
4114	-7.030281e+01
4115	-7.449143e+01
4116	-7.595943e+01
4117	-7.365527e+01
4118	-6.877937e+01
4119	-7.221622e+01
4120	-7.315416e+01
4121	-6.834913e+01
4122	-7.372645e+01
4123	-7.299724e+01
4124	-7.329568e+01
4125	-7.637905e+01
4126	-7.405108e+01
4127	-7.097690e+01
4128	-7.481447e+01
4129	-7.146467e+01
4130	-7.457270e+01
4131	-7.003967e+01
4132	-7.454012e+01
4133	-6.951206e+01
4134	-7.289583e+01
4135	-7.005052e+01
4136	-7.097089e+01
4137	-7.546199e+01
4138	-7.465636e+01
4139	-7.258920e+01
4140	-7.308679e+01
4141	-7.562933e+01
4142	-7.350678e+01
4143	-7.074215e+01
4144	-7.239318e+01
4145	-7.354216e+01
4146	-7.432285e+01
4147	-7.650107e+01
4148	-7.621498e+01
4149	-7.480316e+01
4150	-7.041093e+01
4151	-7.329735e+01
4152	-6.789797e+01
4153	-6.960959e+01
4154	-7.429889e+01
4155	-7.394474e+01
4156	-7.525472e+01
4157	-7.377529e+01
4158	-7.562353e+01
4159	-7.128050e+01
4160	-7.257693e+01
4161	-7.142355e+01
4162	-7.071715e+01
4163	-7.330595e+01
4164	-7.087125e+01
4165	-7.368284e+01
4166	-7.191280e+01
4167	-6.997871e+01
4168	-7.212406e+01
4169	-7.356519e+01
4170	-7.293786e+01
4171	-7.226352e+01
4172	-7.334603e+01
4173	-7.323528e+01
4174	-7.269697e+01
4175	-7.139072e+01
4176	-7.260897e+01
4177	-7.401458e+01
4178	-7.294374e+01
4179	-7.078341e+01
4180	-7.672598e+01
4181	-6.947587e+01
4182	-7.319504e+01
4183	-7.154029e+01
4184	-7.015877e+01
4185	-7.516740e+01
4186	-7.070132e+01
4187	-7.497473e+01
4188	-6.951951e+01
4189	-7.265397e+01
4190	-7.566525e+01
4191	-7.174010e+01
4192	-7.142676e+01
4193	-7.195425e+01
4194	-7.191975e+01
4195	-7.417215e+01
4196	-7.388334e+01
4197	-7.539177e+01
4198	-7.158751e+01
4199	-7.291500e+01
4200	-7.015249e+01
4201	-7.036263e+01
4202	-7.444943e+01
4203	-7.181948e+01
4204	-7.051591e+01
4205	-7.592077e+01
4206	-7.523366e+01
4207	-7.154217e+01
4208	-7.365809e+01
4209	-7.331221e+01
4210	-7.267376e+01
4211	-7.468791e+01
4212	-7.174357e+01
4213	-7.252550e+01
4214	-7.408945e+01
4215	-7.440122e+01
4216	-7.545215e+01
4217	-7.287462e+01
4218	-7.130920e+01
4219	-7.248962e+01
4220	-7.024793e+01
4221	-7.116712e+01
4222	-7.400377e+01
4223	-7.372126e+01
4224	-7.388890e+01
4225	-7.256574e+01
4226	-7.290520e+01
4227	-7.190550e+01
4228	-7.738963e+01
4229	-7.278063e+01
4230	-7.277048e+01
4231	-7.645640e+01
4232	-7.505325e+01
4233	-7.317202e+01
4234	-7.186139e+01
4235	-7.087767e+01
4236	-7.329720e+01
4237	-7.254965e+01
4238	-6.807526e+01
4239	-7.123585e+01
4240	-7.308660e+01
4241	-7.561703e+01
4242	-7.339807e+01
4243	-7.479093e+01
4244	-7.685603e+01
4245	-7.280974e+01
4246	-6.918387e+01
4247	-7.264444e+01
4248	-7.444845e+01
4249	-7.169939e+01
4250	-7.196610e+01
4251	-7.583035e+01
4252	-7.114603e+01
4253	-7.306051e+01
4254	-7.592680e+01
4255	-7.453635e+01
4256	-7.014684e+01
4257	-7.007856e+01
4258	-7.140886e+01
4259	-7.432569e+01
4260	-7.313860e+01
4261	-7.565362e+01
4262	-7.166884e+01
4263	-7.126440e+01
4264	-7.353223e+01
4265	-7.315347e+01
4266	-7.535985e+01
4267	-7.509773e+01
4268	-7.529177e+01
4269	-6.890784e+01
4270	-7.453040e+01
4271	-7.436800e+01
4272	-7.332094e+01
4273	-7.372068e+01
4274	-7.263592e+01
4275	-7.498773e+01
4276	-7.278134e+01
4277	-7.316827e+01
4278	-7.004272e+01
4279	-7.733042e+01
4280	-7.218805e+01
4281	-7.459346e+01
4282	-7.131742e+01
4283	-7.217018e+01
4284	-7.065643e+01
4285	-7.177789e+01
4286	-7.240600e+01
4287	-7.351347e+01
4288	-7.372355e+01
4289	-7.174240e+01
4290	-7.257040e+01
4291	-7.293036e+01
4292	-7.146723e+01
4293	-7.407332e+01
4294	-7.012136e+01
4295	-7.013855e+01
4296	-7.529730e+01
4297	-7.169336e+01
4298	-7.298279e+01
4299	-7.022640e+01
4300	-7.435839e+01
4301	-7.202292e+01
4302	-7.357498e+01
4303	-7.483369e+01
4304	-7.431213e+01
4305	-7.062120e+01
4306	-6.960489e+01
4307	-7.837233e+01
4308	-7.406225e+01
4309	-7.217987e+01
4310	-7.498403e+01
4311	-7.414083e+01
4312	-7.356448e+01
4313	-7.225059e+01
4314	-7.336624e+01
4315	-7.570274e+01
4316	-7.115218e+01
4317	-7.304102e+01
4318	-7.244204e+01
4319	-7.248909e+01
4320	-7.314417e+01
4321	-7.001878e+01
4322	-7.395024e+01
4323	-7.097717e+01
4324	-7.186754e+01
4325	-7.534425e+01
4326	-7.141672e+01
4327	-6.957189e+01
4328	-7.137344e+01
4329	-7.365066e+01
4330	-7.525854e+01
4331	-7.461994e+01
4332	-7.486573e+01
4333	-7.273877e+01
4334	-7.475157e+01
4335	-7.126258e+01
4336	-7.350259e+01
4337	-7.506948e+01
4338	-7.319411e+01
4339	-7.280091e+01
4340	-7.555964e+01
4341	-7.043237e+01
4342	-7.099184e+01
4343	-7.597627e+01
4344	-7.412998e+01
4345	-7.506661e+01
4346	-7.158030e+01
4347	-7.422121e+01
4348	-7.344534e+01
4349	-7.364124e+01
4350	-6.921406e+01
4351	-7.480690e+01
4352	-7.277371e+01
4353	-7.207562e+01
4354	-7.179343e+01
4355	-7.188205e+01
4356	-6.827967e+01
4357	-7.189161e+01
4358	-7.111425e+01
4359	-7.138444e+01
4360	-7.376512e+01
4361	-7.481916e+01
4362	-7.332164e+01
4363	-7.432241e+01
4364	-7.247038e+01
4365	-7.099605e+01
4366	-7.397771e+01
4367	-7.172214e+01
4368	-7.301361e+01
4369	-7.264963e+01
4370	-7.193381e+01
4371	-6.896355e+01
4372	-6.932851e+01
4373	-7.318270e+01
4374	-7.580764e+01
4375	-7.259548e+01
4376	-7.563631e+01
4377	-7.390285e+01
4378	-7.006625e+01
4379	-7.737886e+01
4380	-7.705912e+01
4381	-7.047701e+01
4382	-7.250573e+01
4383	-7.002149e+01
4384	-7.140454e+01
4385	-7.273286e+01
4386	-7.356735e+01
4387	-7.647382e+01
4388	-7.448793e+01
4389	-7.267781e+01
4390	-7.341734e+01
4391	-7.434083e+01
4392	-6.960242e+01
4393	-7.451525e+01
4394	-7.312963e+01
4395	-7.067946e+01
4396	-6.998361e+01
4397	-7.352214e+01
4398	-7.108237e+01
4399	-7.206798e+01
4400	-7.018136e+01
4401	-7.149092e+01
4402	-7.429744e+01
4403	-6.968196e+01
4404	-6.873889e+01
4405	-7.543164e+01
4406	-7.137019e+01
4407	-7.100605e+01
4408	-7.498148e+01
4409	-6.938296e+01
4410	-7.124108e+01
4411	-7.172324e+01
4412	-7.548921e+01
4413	-7.542492e+01
4414	-7.318508e+01
4415	-7.005355e+01
4416	-7.591038e+01
4417	-7.399063e+01
4418	-7.184886e+01
4419	-7.300724e+01
4420	-7.264503e+01
4421	-7.492961e+01
4422	-7.254760e+01
4423	-7.398693e+01
4424	-7.149625e+01
4425	-6.984595e+01
4426	-7.084628e+01
4427	-7.289463e+01
4428	-7.169744e+01
4429	-7.366691e+01
4430	-6.852005e+01
4431	-7.489726e+01
4432	-7.489758e+01
4433	-7.182225e+01
4434	-7.356670e+01
4435	-7.452175e+01
4436	-7.314623e+01
4437	-7.252038e+01
4438	-7.714268e+01
4439	-7.264560e+01
4440	-7.187399e+01
4441	-7.423814e+01
4442	-7.654585e+01
4443	-7.174789e+01
4444	-7.484549e+01
4445	-7.144010e+01
4446	-6.941735e+01
4447	-7.195425e+01
4448	-7.780098e+01
4449	-7.490032e+01
4450	-7.222788e+01
4451	-7.103446e+01
4452	-7.525973e+01
4453	-7.427211e+01
4454	-7.383882e+01
4455	-7.039459e+01
4456	-7.263045e+01
4457	-7.035939e+01
4458	-7.406101e+01
4459	-7.149319e+01
4460	-7.394489e+01
4461	-7.008274e+01
4462	-7.204462e+01
4463	-7.415957e+01
4464	-6.947345e+01
4465	-7.192168e+01
4466	-7.080266e+01
4467	-7.285218e+01
4468	-6.981206e+01
4469	-7.354104e+01
4470	-7.070469e+01
4471	-7.544404e+01
4472	-7.305428e+01
4473	-7.525407e+01
4474	-7.342867e+01
4475	-7.414688e+01
4476	-6.881819e+01
4477	-7.069621e+01
4478	-6.933829e+01
4479	-7.328260e+01
4480	-7.013727e+01
4481	-7.346618e+01
4482	-7.239912e+01
4483	-7.206934e+01
4484	-7.216269e+01
4485	-7.541687e+01
4486	-6.917395e+01
4487	-7.487263e+01
4488	-7.562169e+01
4489	-7.601523e+01
4490	-7.485358e+01
4491	-7.096911e+01
4492	-7.418302e+01
4493	-7.292546e+01
4494	-7.357037e+01
4495	-7.603337e+01
4496	-7.700576e+01
4497	-7.512974e+01
4498	-7.433713e+01
4499	-7.370690e+01
4500	-7.074603e+01
4501	-6.988830e+01
4502	-7.161465e+01
4503	-7.279546e+01
4504	-7.446288e+01
4505	-7.326276e+01
4506	-7.280034e+01
4507	-7.709887e+01
4508	-7.168421e+01
4509	-7.329047e+01
4510	-7.187738e+01
4511	-7.069165e+01
4512	-7.685802e+01
4513	-7.446289e+01
4514	-7.585360e+01
4515	-7.324416e+01
4516	-7.186472e+01
4517	-7.423582e+01
4518	-6.824748e+01
4519	-7.152574e+01
4520	-7.576470e+01
4521	-7.180621e+01
4522	-7.060410e+01
4523	-7.038540e+01
4524	-7.525454e+01
4525	-7.031309e+01
4526	-7.036669e+01
4527	-7.436614e+01
4528	-7.297214e+01
4529	-7.499824e+01
4530	-7.013985e+01
4531	-6.908377e+01
4532	-7.130195e+01
4533	-7.667929e+01
4534	-7.157829e+01
4535	-7.285400e+01
4536	-7.404441e+01
4537	-7.195705e+01
4538	-7.284081e+01
4539	-7.552939e+01
4540	-6.979101e+01
4541	-7.694109e+01
4542	-7.286453e+01
4543	-7.630893e+01
4544	-6.872482e+01
4545	-7.387532e+01
4546	-7.682769e+01
4547	-7.206146e+01
4548	-7.583214e+01
4549	-7.121476e+01
4550	-7.264311e+01
4551	-6.890484e+01
4552	-7.313729e+01
4553	-7.575078e+01
4554	-7.537810e+01
4555	-6.769346e+01
4556	-7.435724e+01
4557	-7.571044e+01
4558	-7.411469e+01
4559	-7.727852e+01
4560	-7.400935e+01
4561	-7.379765e+01
4562	-7.260925e+01
4563	-7.031250e+01
4564	-7.408598e+01
4565	-7.303843e+01
4566	-7.338018e+01
4567	-7.527576e+01
4568	-7.414067e+01
4569	-7.128658e+01
4570	-6.877400e+01
4571	-7.213283e+01
4572	-7.461267e+01
4573	-7.232571e+01
4574	-7.311301e+01
4575	-7.657218e+01
4576	-7.288789e+01
4577	-7.535902e+01
4578	-7.472479e+01
4579	-7.268763e+01
4580	-7.334149e+01
4581	-7.406656e+01
4582	-7.332791e+01
4583	-7.303520e+01
4584	-7.580283e+01
4585	-6.824133e+01
4586	-7.102371e+01
4587	-7.123791e+01
4588	-7.521281e+01
4589	-7.287394e+01
4590	-7.367056e+01
4591	-7.003636e+01
4592	-7.390298e+01
4593	-7.240779e+01
4594	-7.448065e+01
4595	-7.137626e+01
4596	-7.174023e+01
4597	-7.257119e+01
4598	-6.997743e+01
4599	-7.041091e+01
4600	-6.978130e+01
4601	-7.264896e+01
4602	-7.230696e+01
4603	-7.365352e+01
4604	-6.952148e+01
4605	-7.235088e+01
4606	-7.653694e+01
4607	-7.526089e+01
4608	-7.255402e+01
4609	-7.614088e+01
4610	-7.551032e+01
4611	-7.085026e+01
4612	-7.111333e+01
4613	-7.261492e+01
4614	-7.178574e+01
4615	-7.055868e+01
4616	-7.231532e+01
4617	-7.206718e+01
4618	-7.329032e+01
4619	-6.966316e+01
4620	-7.552113e+01
4621	-7.280150e+01
4622	-7.029151e+01
4623	-7.350449e+01
4624	-7.385731e+01
4625	-7.365119e+01
4626	-7.568277e+01
4627	-7.294751e+01
4628	-7.600882e+01
4629	-7.400908e+01
4630	-7.307862e+01
4631	-6.963704e+01
4632	-7.651303e+01
4633	-7.371561e+01
4634	-7.292212e+01
4635	-7.257751e+01
4636	-7.493560e+01
4637	-6.713370e+01
4638	-6.987652e+01
4639	-7.481290e+01
4640	-7.415567e+01
4641	-7.217894e+01
4642	-7.387020e+01
4643	-7.406857e+01
4644	-7.395788e+01
4645	-7.457233e+01
4646	-7.240138e+01
4647	-7.154730e+01
4648	-7.418306e+01
4649	-7.243952e+01
4650	-7.505114e+01
4651	-7.214847e+01
4652	-7.470533e+01
4653	-7.363764e+01
4654	-7.226904e+01
4655	-7.360669e+01
4656	-7.294184e+01
4657	-7.299153e+01
4658	-7.186903e+01
4659	-7.059007e+01
4660	-7.229851e+01
4661	-7.054717e+01
4662	-7.487281e+01
4663	-7.400312e+01
4664	-7.200213e+01
4665	-7.082334e+01
4666	-7.615254e+01
4667	-7.298032e+01
4668	-7.627027e+01
4669	-7.442733e+01
4670	-7.297118e+01
4671	-7.161588e+01
4672	-7.075327e+01
4673	-7.152849e+01
4674	-7.222225e+01
4675	-7.009129e+01
4676	-7.402496e+01
4677	-7.785349e+01
4678	-7.316076e+01
4679	-7.224795e+01
4680	-7.445797e+01
4681	-6.905365e+01
4682	-7.333054e+01
4683	-7.259723e+01
4684	-7.227476e+01
4685	-7.344578e+01
4686	-7.115765e+01
4687	-7.311270e+01
4688	-7.446194e+01
4689	-7.496395e+01
4690	-7.480167e+01
4691	-7.340011e+01
4692	-7.265774e+01
4693	-7.517659e+01
4694	-7.516888e+01
4695	-7.477395e+01
4696	-7.442335e+01
4697	-7.426427e+01
4698	-6.856901e+01
4699	-7.367718e+01
4700	-7.020977e+01
4701	-7.632230e+01
4702	-7.142984e+01
4703	-7.742963e+01
4704	-7.399226e+01
4705	-7.334928e+01
4706	-7.217386e+01
4707	-6.914729e+01
4708	-7.296476e+01
4709	-7.368418e+01
4710	-6.985456e+01
4711	-7.662884e+01
4712	-7.275706e+01
4713	-7.088190e+01
4714	-7.717793e+01
4715	-7.227182e+01
4716	-7.102130e+01
4717	-7.167313e+01
4718	-7.313923e+01
4719	-7.116227e+01
4720	-7.405244e+01
4721	-7.862863e+01
4722	-7.467984e+01
4723	-7.389535e+01
4724	-7.509941e+01
4725	-7.502085e+01
4726	-7.533578e+01
4727	-7.444707e+01
4728	-7.173650e+01
4729	-7.478031e+01
4730	-7.392941e+01
4731	-7.209210e+01
4732	-7.181131e+01
4733	-7.434642e+01
4734	-7.191500e+01
4735	-7.286000e+01
4736	-7.645317e+01
4737	-7.158284e+01
4738	-7.709941e+01
4739	-7.057875e+01
4740	-7.369975e+01
4741	-7.100121e+01
4742	-7.505806e+01
4743	-7.321207e+01
4744	-7.574755e+01
4745	-7.045655e+01
4746	-7.591561e+01
4747	-7.605339e+01
4748	-7.360039e+01
4749	-7.067740e+01
4750	-7.526955e+01
4751	-7.057051e+01
4752	-7.399594e+01
4753	-7.421028e+01
4754	-7.136913e+01
4755	-7.575340e+01
4756	-7.288396e+01
4757	-7.487256e+01
4758	-7.001435e+01
4759	-7.269310e+01
4760	-6.931156e+01
4761	-7.277450e+01
4762	-7.281618e+01
4763	-7.377956e+01
4764	-7.818105e+01
4765	-7.337828e+01
4766	-7.415522e+01
4767	-6.995953e+01
4768	-7.148166e+01
4769	-6.894564e+01
4770	-7.049078e+01
4771	-7.220378e+01
4772	-7.266269e+01
4773	-7.350875e+01
4774	-7.366259e+01
4775	-7.170989e+01
4776	-7.321144e+01
4777	-7.101706e+01
4778	-7.174982e+01
4779	-7.244035e+01
4780	-7.167746e+01
4781	-6.955827e+01
4782	-7.202619e+01
4783	-7.404597e+01
4784	-7.269085e+01
4785	-7.277679e+01
4786	-7.257411e+01
4787	-7.334540e+01
4788	-7.283479e+01
4789	-7.180514e+01
4790	-7.490630e+01
4791	-7.683405e+01
4792	-7.137629e+01
4793	-7.215286e+01
4794	-7.108820e+01
4795	-7.273266e+01
4796	-7.437450e+01
4797	-7.523494e+01
4798	-7.859183e+01
4799	-7.603251e+01
4800	-7.452015e+01
4801	-7.172790e+01
4802	-7.335014e+01
4803	-7.444540e+01
4804	-7.085758e+01
4805	-7.258975e+01
4806	-7.183329e+01
4807	-7.289829e+01
4808	-7.232819e+01
4809	-7.169575e+01
4810	-7.278581e+01
4811	-7.129977e+01
4812	-7.308734e+01
4813	-7.465109e+01
4814	-7.149977e+01
4815	-7.259729e+01
4816	-7.514686e+01
4817	-7.330760e+01
4818	-7.183184e+01
4819	-7.344544e+01
4820	-7.608225e+01
4821	-7.417224e+01
4822	-7.361449e+01
4823	-7.611266e+01
4824	-7.541874e+01
4825	-7.386599e+01
4826	-7.341614e+01
4827	-7.020793e+01
4828	-7.218679e+01
4829	-7.147849e+01
4830	-7.388272e+01
4831	-7.103596e+01
4832	-7.698938e+01
4833	-7.317826e+01
4834	-6.937103e+01
4835	-7.447683e+01
4836	-7.212275e+01
4837	-7.228881e+01
4838	-7.464477e+01
4839	-7.224253e+01
4840	-7.198296e+01
4841	-7.558655e+01
4842	-7.185715e+01
4843	-7.467170e+01
4844	-7.283108e+01
4845	-7.278685e+01
4846	-7.314238e+01
4847	-7.170092e+01
4848	-7.745202e+01
4849	-7.368387e+01
4850	-7.502509e+01
4851	-7.235824e+01
4852	-7.203642e+01
4853	-7.484139e+01
4854	-7.198320e+01
4855	-7.497644e+01
4856	-7.303621e+01
4857	-7.175473e+01
4858	-7.300637e+01
4859	-7.360192e+01
4860	-7.249058e+01
4861	-6.989613e+01
4862	-7.201990e+01
4863	-7.474686e+01
4864	-7.224299e+01
4865	-7.087481e+01
4866	-7.253735e+01
4867	-6.668322e+01
4868	-7.172352e+01
4869	-7.281029e+01
4870	-7.346458e+01
4871	-7.295397e+01
4872	-7.490115e+01
4873	-7.381743e+01
4874	-7.774565e+01
4875	-7.062115e+01
4876	-6.952205e+01
4877	-7.126144e+01
4878	-7.477007e+01
4879	-7.235692e+01
4880	-7.114069e+01
4881	-7.230576e+01
4882	-7.498963e+01
4883	-7.189023e+01
4884	-7.569237e+01
4885	-7.191247e+01
4886	-7.554395e+01
4887	-7.219120e+01
4888	-7.276246e+01
4889	-7.168386e+01
4890	-7.563884e+01
4891	-7.090411e+01
4892	-7.383622e+01
4893	-7.382805e+01
4894	-7.732300e+01
4895	-7.298823e+01
4896	-7.331011e+01
4897	-7.091497e+01
4898	-7.494668e+01
4899	-7.370604e+01
4900	-7.058299e+01
4901	-7.320718e+01
4902	-7.532630e+01
4903	-7.356755e+01
4904	-7.430449e+01
4905	-7.162247e+01
4906	-7.034409e+01
4907	-7.379181e+01
4908	-7.207701e+01
4909	-7.158676e+01
4910	-7.427963e+01
4911	-7.234355e+01
4912	-7.593169e+01
4913	-6.719141e+01
4914	-7.281156e+01
4915	-7.232823e+01
4916	-7.313187e+01
4917	-7.327955e+01
4918	-7.491754e+01
4919	-7.305807e+01
4920	-7.126467e+01
4921	-7.320170e+01
4922	-7.245844e+01
4923	-7.147857e+01
4924	-7.012562e+01
4925	-7.017929e+01
4926	-7.613509e+01
4927	-7.289778e+01
4928	-6.892337e+01
4929	-7.205211e+01
4930	-7.534093e+01
4931	-7.509672e+01
4932	-7.606895e+01
4933	-7.286243e+01
4934	-7.264752e+01
4935	-7.185721e+01
4936	-7.297450e+01
4937	-7.279387e+01
4938	-7.387476e+01
4939	-7.418182e+01
4940	-7.153583e+01
4941	-7.202296e+01
4942	-7.270574e+01
4943	-7.031662e+01
4944	-7.639172e+01
4945	-7.046398e+01
4946	-7.618676e+01
4947	-7.266870e+01
4948	-7.077607e+01
4949	-7.273224e+01
4950	-7.382739e+01
4951	-7.765247e+01
4952	-7.345093e+01
4953	-7.206459e+01
4954	-7.404412e+01
4955	-7.021946e+01
4956	-7.267161e+01
4957	-7.219763e+01
4958	-7.032906e+01
4959	-7.427852e+01
4960	-7.774246e+01
4961	-7.551468e+01
4962	-7.265146e+01
4963	-7.538154e+01
4964	-7.141716e+01
4965	-7.572765e+01
4966	-7.218601e+01
4967	-6.961752e+01
4968	-6.989726e+01
4969	-7.162735e+01
4970	-7.470766e+01
4971	-7.052877e+01
4972	-7.267237e+01
4973	-7.184089e+01
4974	-7.248451e+01
4975	-7.152066e+01
4976	-7.236481e+01
4977	-7.822910e+01
4978	-7.434896e+01
4979	-7.547988e+01
4980	-7.329910e+01
4981	-7.409861e+01
4982	-7.354758e+01
4983	-7.423258e+01
4984	-7.280055e+01
4985	-7.245722e+01
4986	-7.308600e+01
4987	-7.105927e+01
4988	-7.388441e+01
4989	-7.344960e+01
4990	-7.542225e+01
4991	-7.377157e+01
4992	-7.333000e+01
4993	-7.118973e+01
4994	-7.293836e+01
4995	-7.572844e+01
4996	-7.244635e+01
4997	-6.974615e+01
4998	-7.462461e+01
4999	-6.752932e+01
5000	-7.137952e+01
5001	-7.466996e+01
5002	-7.472469e+01
5003	-7.232159e+01
5004	-7.036849e+01
5005	-7.279881e+01
5006	-7.082166e+01
5007	-7.492470e+01
5008	-7.554476e+01
5009	-7.186141e+01
5010	-7.258686e+01
5011	-7.264540e+01
5012	-7.016194e+01
5013	-7.097451e+01
5014	-7.338641e+01
5015	-7.315998e+01
5016	-7.390440e+01
5017	-7.403095e+01
5018	-7.356253e+01
5019	-7.380302e+01
5020	-7.335144e+01
5021	-7.363579e+01
5022	-7.100151e+01
5023	-7.091399e+01
5024	-7.348084e+01
5025	-7.296838e+01
5026	-7.421017e+01
5027	-7.137006e+01
5028	-7.513492e+01
5029	-7.210183e+01
5030	-7.203986e+01
5031	-6.972998e+01
5032	-7.528132e+01
5033	-7.288449e+01
5034	-7.264095e+01
5035	-6.887401e+01
5036	-7.494688e+01
5037	-6.986649e+01
5038	-7.536562e+01
5039	-7.016267e+01
5040	-7.030025e+01
5041	-7.463150e+01
5042	-7.682283e+01
5043	-7.335078e+01
5044	-7.065806e+01
5045	-7.773034e+01
5046	-7.743312e+01
5047	-7.166036e+01
5048	-7.113331e+01
5049	-7.271040e+01
5050	-7.407052e+01
5051	-7.322074e+01
5052	-7.239848e+01
5053	-7.540498e+01
5054	-7.259606e+01
5055	-7.303477e+01
5056	-7.196611e+01
5057	-7.130303e+01
5058	-7.458261e+01
5059	-7.300178e+01
5060	-7.374611e+01
5061	-6.887910e+01
5062	-7.037500e+01
5063	-7.679139e+01
5064	-7.427740e+01
5065	-7.112512e+01
5066	-7.083140e+01
5067	-7.341868e+01
5068	-7.307568e+01
5069	-7.420046e+01
5070	-7.304112e+01
5071	-7.278526e+01
5072	-7.224865e+01
5073	-7.271431e+01
5074	-7.119724e+01
5075	-7.347291e+01
5076	-7.471634e+01
5077	-7.313586e+01
5078	-7.350288e+01
5079	-7.646039e+01
5080	-7.372700e+01
5081	-7.526267e+01
5082	-7.144639e+01
5083	-7.089061e+01
5084	-7.035365e+01
5085	-7.470306e+01
5086	-7.499512e+01
5087	-7.485003e+01
5088	-7.547089e+01
5089	-7.340064e+01
5090	-6.978073e+01
5091	-7.482478e+01
5092	-7.461434e+01
5093	-7.086747e+01
5094	-7.537605e+01
5095	-7.096429e+01
5096	-7.365533e+01
5097	-7.122241e+01
5098	-7.398268e+01
5099	-7.445304e+01
5100	-7.292470e+01
5101	-7.365755e+01
5102	-7.210025e+01
5103	-6.879931e+01
5104	-7.374048e+01
5105	-7.096520e+01
5106	-7.510746e+01
5107	-7.233574e+01
5108	-7.342101e+01
5109	-7.093219e+01
5110	-7.580904e+01
5111	-7.532599e+01
5112	-7.076749e+01
5113	-7.336848e+01
5114	-7.171033e+01
5115	-7.332777e+01
5116	-7.480012e+01
5117	-7.282372e+01
5118	-7.369951e+01
5119	-7.372409e+01
5120	-7.589732e+01
5121	-7.309679e+01
5122	-7.313076e+01
5123	-7.047571e+01
5124	-7.276913e+01
5125	-7.284602e+01
5126	-7.323899e+01
5127	-7.378072e+01
5128	-7.422734e+01
5129	-7.320121e+01
5130	-7.197117e+01
5131	-7.318833e+01
5132	-7.401669e+01
5133	-7.029278e+01
5134	-7.479451e+01
5135	-7.335756e+01
5136	-7.415191e+01
5137	-7.836586e+01
5138	-7.362087e+01
5139	-7.261752e+01
5140	-7.219644e+01
5141	-7.294142e+01
5142	-7.519553e+01
5143	-7.252938e+01
5144	-7.223687e+01
5145	-7.437324e+01
5146	-7.215861e+01
5147	-7.049153e+01
5148	-7.345466e+01
5149	-7.688729e+01
5150	-7.167024e+01
5151	-6.923211e+01
5152	-7.211572e+01
5153	-7.307485e+01
5154	-7.426413e+01
5155	-7.491888e+01
5156	-7.376529e+01
5157	-7.341452e+01
5158	-7.422092e+01
5159	-7.525653e+01
5160	-7.083161e+01
5161	-7.532696e+01
5162	-6.991766e+01
5163	-7.044202e+01
5164	-7.423013e+01
5165	-6.896345e+01
5166	-7.430058e+01
5167	-7.503762e+01
5168	-7.265968e+01
5169	-6.941761e+01
5170	-7.278073e+01
5171	-6.888349e+01
5172	-7.307097e+01
5173	-7.021148e+01
5174	-7.270809e+01
5175	-7.322222e+01
5176	-7.028835e+01
5177	-7.497133e+01
5178	-7.225972e+01
5179	-7.314223e+01
5180	-7.546485e+01
5181	-7.576398e+01
5182	-7.085429e+01
5183	-6.972620e+01
5184	-7.290004e+01
5185	-7.389863e+01
5186	-7.207773e+01
5187	-7.278587e+01
5188	-7.090653e+01
5189	-7.361367e+01
5190	-7.182531e+01
5191	-7.069649e+01
5192	-7.119542e+01
5193	-7.479171e+01
5194	-7.370361e+01
5195	-7.547498e+01
5196	-7.285129e+01
5197	-7.614121e+01
5198	-7.035758e+01
5199	-7.142049e+01
5200	-7.041389e+01
5201	-7.066664e+01
5202	-7.444460e+01
5203	-7.483382e+01
5204	-6.926860e+01
5205	-7.232113e+01
5206	-7.091968e+01
5207	-7.120274e+01
5208	-7.328770e+01
5209	-7.125365e+01
5210	-7.357363e+01
5211	-7.392501e+01
5212	-7.155413e+01
5213	-7.236912e+01
5214	-7.613196e+01
5215	-7.564624e+01
5216	-7.462838e+01
5217	-7.286569e+01
5218	-6.990030e+01
5219	-7.401617e+01
5220	-6.933327e+01
5221	-7.425069e+01
5222	-7.009094e+01
5223	-7.421533e+01
5224	-6.906127e+01
5225	-7.317761e+01
5226	-7.695743e+01
5227	-7.208944e+01
5228	-7.133817e+01
5229	-7.175091e+01
5230	-7.184728e+01
5231	-7.005109e+01
5232	-6.930079e+01
5233	-7.093411e+01
5234	-7.658630e+01
5235	-7.135414e+01
5236	-7.301752e+01
5237	-7.546604e+01
5238	-7.402925e+01
5239	-7.169450e+01
5240	-7.094623e+01
5241	-7.402612e+01
5242	-7.303553e+01
5243	-7.426050e+01
5244	-7.434789e+01
5245	-7.062415e+01
5246	-7.332685e+01
5247	-7.466709e+01
5248	-6.945363e+01
5249	-7.639371e+01
5250	-7.316596e+01
5251	-7.568809e+01
5252	-7.254955e+01
5253	-7.426803e+01
5254	-7.531653e+01
5255	-7.414691e+01
5256	-7.232002e+01
5257	-7.414926e+01
5258	-7.304722e+01
5259	-7.053215e+01
5260	-7.408429e+01
5261	-7.453186e+01
5262	-7.324048e+01
5263	-7.287651e+01
5264	-7.541771e+01
5265	-7.703298e+01
5266	-7.495734e+01
5267	-7.112581e+01
5268	-7.167540e+01
5269	-8.063292e+01
5270	-7.431797e+01
5271	-7.433500e+01
5272	-7.318242e+01
5273	-7.349564e+01
5274	-6.756465e+01
5275	-7.458940e+01
5276	-7.517553e+01
5277	-7.700475e+01
5278	-7.235592e+01
5279	-7.303878e+01
5280	-7.434440e+01
5281	-7.351693e+01
5282	-7.449162e+01
5283	-7.320574e+01
5284	-6.974220e+01
5285	-7.290529e+01
5286	-7.101350e+01
5287	-7.024590e+01
5288	-7.272906e+01
5289	-7.461805e+01
5290	-7.270365e+01
5291	-7.317521e+01
5292	-7.247829e+01
5293	-7.039821e+01
5294	-7.575425e+01
5295	-7.173496e+01
5296	-7.137658e+01
5297	-7.312700e+01
5298	-7.335335e+01
5299	-7.092721e+01
5300	-7.276901e+01
5301	-7.446491e+01
5302	-7.129291e+01
5303	-6.888028e+01
5304	-7.430526e+01
5305	-7.418352e+01
5306	-7.151139e+01
5307	-7.204668e+01
5308	-7.191776e+01
5309	-7.385033e+01
5310	-7.281626e+01
5311	-7.323099e+01
5312	-7.398627e+01
5313	-7.202037e+01
5314	-7.325913e+01
5315	-7.450263e+01
5316	-7.528288e+01
5317	-7.560460e+01
5318	-7.495269e+01
5319	-7.279001e+01
5320	-7.394725e+01
5321	-7.159217e+01
5322	-7.329159e+01
5323	-6.936986e+01
5324	-7.290853e+01
5325	-7.346274e+01
5326	-7.273757e+01
5327	-7.065756e+01
5328	-7.344342e+01
5329	-6.967962e+01
5330	-7.169652e+01
5331	-7.060657e+01
5332	-7.292528e+01
5333	-7.336982e+01
5334	-7.228045e+01
5335	-6.968658e+01
5336	-7.235796e+01
5337	-7.211588e+01
5338	-7.163531e+01
5339	-7.308696e+01
5340	-7.250421e+01
5341	-7.581346e+01
5342	-7.265118e+01
5343	-7.418707e+01
5344	-7.630966e+01
5345	-7.272617e+01
5346	-6.964835e+01
5347	-7.355761e+01
5348	-7.421813e+01
5349	-7.372273e+01
5350	-7.440450e+01
5351	-7.048831e+01
5352	-6.964951e+01
5353	-7.477298e+01
5354	-7.557456e+01
5355	-7.600556e+01
5356	-7.002266e+01
5357	-7.259618e+01
5358	-7.275553e+01
5359	-7.432440e+01
5360	-6.943710e+01
5361	-7.454694e+01
5362	-6.802496e+01
5363	-7.454273e+01
5364	-7.563471e+01
5365	-7.210883e+01
5366	-7.017103e+01
5367	-7.048856e+01
5368	-7.281671e+01
5369	-7.508052e+01
5370	-7.074226e+01
5371	-7.456009e+01
5372	-7.277973e+01
5373	-7.080395e+01
5374	-7.251805e+01
5375	-7.132043e+01
5376	-7.169831e+01
5377	-7.102121e+01
5378	-7.033221e+01
5379	-7.702501e+01
5380	-7.203403e+01
5381	-6.852046e+01
5382	-7.438253e+01
5383	-7.222804e+01
5384	-7.047657e+01
5385	-7.267758e+01
5386	-6.830016e+01
5387	-7.290048e+01
5388	-7.426397e+01
5389	-6.882349e+01
5390	-7.109166e+01
5391	-7.217244e+01
5392	-7.279509e+01
5393	-7.349172e+01
5394	-7.146027e+01
5395	-7.528550e+01
5396	-7.200900e+01
5397	-7.303392e+01
5398	-7.296434e+01
5399	-7.373646e+01
5400	-7.385698e+01
5401	-7.488900e+01
5402	-7.576223e+01
5403	-7.360020e+01
5404	-7.025861e+01
5405	-6.792602e+01
5406	-7.127546e+01
5407	-7.345792e+01
5408	-7.261159e+01
5409	-7.146287e+01
5410	-7.309033e+01
5411	-7.102025e+01
5412	-7.196501e+01
5413	-7.322990e+01
5414	-7.353360e+01
5415	-7.358092e+01
5416	-7.140174e+01
5417	-7.245647e+01
5418	-7.145624e+01
5419	-7.510738e+01
5420	-7.358946e+01
5421	-7.530481e+01
5422	-7.217317e+01
5423	-7.421190e+01
5424	-7.174924e+01
5425	-7.020879e+01
5426	-7.343974e+01
5427	-7.462504e+01
5428	-7.466549e+01
5429	-7.323266e+01
5430	-7.134495e+01
5431	-7.274303e+01
5432	-7.408084e+01
5433	-6.965218e+01
5434	-7.185699e+01
5435	-7.192824e+01
5436	-7.001586e+01
5437	-7.105916e+01
5438	-7.218616e+01
5439	-7.217079e+01
5440	-7.196074e+01
5441	-7.424473e+01
5442	-7.110494e+01
5443	-7.534508e+01
5444	-7.301298e+01
5445	-7.193077e+01
5446	-7.130929e+01
5447	-7.148382e+01
5448	-7.053555e+01
5449	-7.072753e+01
5450	-7.301826e+01
5451	-7.203052e+01
5452	-7.193037e+01
5453	-7.045602e+01
5454	-7.262065e+01
5455	-7.479604e+01
5456	-7.164056e+01
5457	-7.291055e+01
5458	-7.614475e+01
5459	-6.972340e+01
5460	-7.355915e+01
5461	-7.257731e+01
5462	-7.265660e+01
5463	-6.991287e+01
5464	-7.329269e+01
5465	-7.553424e+01
5466	-7.121116e+01
5467	-7.322215e+01
5468	-7.228861e+01
5469	-7.118638e+01
5470	-7.252085e+01
5471	-7.383306e+01
5472	-7.420423e+01
5473	-7.176331e+01
5474	-7.163144e+01
5475	-7.236330e+01
5476	-7.358106e+01
5477	-7.465167e+01
5478	-7.220167e+01
5479	-7.171032e+01
5480	-7.516647e+01
5481	-7.155201e+01
5482	-7.407199e+01
5483	-7.314290e+01
5484	-7.295373e+01
5485	-7.035160e+01
5486	-7.453347e+01
5487	-6.923873e+01
5488	-7.540356e+01
5489	-7.258335e+01
5490	-7.355832e+01
5491	-7.177754e+01
5492	-7.652614e+01
5493	-7.224221e+01
5494	-6.982785e+01
5495	-7.204755e+01
5496	-7.270169e+01
5497	-7.302035e+01
5498	-7.269076e+01
5499	-7.116725e+01
5500	-7.314125e+01
5501	-7.241964e+01
5502	-7.756729e+01
5503	-7.340773e+01
5504	-6.976305e+01
5505	-7.287799e+01
5506	-7.297315e+01
5507	-7.466598e+01
5508	-7.059303e+01
5509	-6.937590e+01
5510	-7.357637e+01
5511	-7.160213e+01
5512	-7.306941e+01
5513	-7.173772e+01
5514	-7.026301e+01
5515	-7.253691e+01
5516	-7.070516e+01
5517	-7.560097e+01
5518	-7.250367e+01
5519	-7.265850e+01
5520	-7.296639e+01
5521	-7.482247e+01
5522	-7.026664e+01
5523	-7.324286e+01
5524	-7.490403e+01
5525	-7.093401e+01
5526	-7.310024e+01
5527	-7.133228e+01
5528	-6.995661e+01
5529	-7.080002e+01
5530	-7.303973e+01
5531	-6.995997e+01
5532	-7.092562e+01
5533	-7.384830e+01
5534	-7.005009e+01
5535	-7.592800e+01
5536	-7.245941e+01
5537	-7.109548e+01
5538	-7.526186e+01
5539	-7.532070e+01
5540	-7.021646e+01
5541	-6.884272e+01
5542	-7.348875e+01
5543	-7.202241e+01
5544	-7.258787e+01
5545	-6.990625e+01
5546	-7.365704e+01
5547	-7.271472e+01
5548	-7.467257e+01
5549	-7.289675e+01
5550	-7.231665e+01
5551	-7.138605e+01
5552	-7.182251e+01
5553	-7.278960e+01
5554	-7.130268e+01
5555	-7.374889e+01
5556	-7.405720e+01
5557	-7.505375e+01
5558	-7.045286e+01
5559	-7.272122e+01
5560	-7.653981e+01
5561	-7.241615e+01
5562	-7.311976e+01
5563	-7.529372e+01
5564	-7.053458e+01
5565	-7.393602e+01
5566	-7.307440e+01
5567	-7.772523e+01
5568	-7.391871e+01
5569	-7.094946e+01
5570	-7.269835e+01
5571	-7.434918e+01
5572	-7.259258e+01
5573	-6.964766e+01
5574	-7.250574e+01
5575	-7.083977e+01
5576	-7.294498e+01
5577	-6.933369e+01
5578	-7.426316e+01
5579	-7.442470e+01
5580	-7.749559e+01
5581	-7.276163e+01
5582	-7.453389e+01
5583	-7.177806e+01
5584	-6.950781e+01
5585	-7.154607e+01
5586	-6.958486e+01
5587	-7.458351e+01
5588	-7.474710e+01
5589	-7.125452e+01
5590	-6.936631e+01
5591	-7.470382e+01
5592	-7.341786e+01
5593	-7.473781e+01
5594	-7.215814e+01
5595	-7.799639e+01
5596	-7.116590e+01
5597	-7.415179e+01
5598	-7.503690e+01
5599	-7.316591e+01
5600	-7.197701e+01
5601	-7.487138e+01
5602	-7.368460e+01
5603	-7.814581e+01
5604	-7.540538e+01
5605	-7.199538e+01
5606	-7.374341e+01
5607	-7.584393e+01
5608	-7.513682e+01
5609	-7.355043e+01
5610	-7.578143e+01
5611	-7.099440e+01
5612	-7.184777e+01
5613	-7.341958e+01
5614	-7.168777e+01
5615	-7.038015e+01
5616	-7.289932e+01
5617	-7.218535e+01
5618	-7.497613e+01
5619	-7.523718e+01
5620	-7.390414e+01
5621	-7.142781e+01
5622	-7.185093e+01
5623	-7.174597e+01
5624	-7.165569e+01
5625	-7.128615e+01
5626	-7.270443e+01
5627	-7.163144e+01
5628	-7.618402e+01
5629	-7.295629e+01
5630	-7.033816e+01
5631	-7.104981e+01
5632	-7.383043e+01
5633	-7.289041e+01
5634	-7.084599e+01
5635	-7.220340e+01
5636	-7.260767e+01
5637	-7.164393e+01
5638	-7.185433e+01
5639	-7.388118e+01
5640	-7.199286e+01
5641	-7.150691e+01
5642	-7.382499e+01
5643	-7.265322e+01
5644	-7.499872e+01
5645	-7.319043e+01
5646	-7.092069e+01
5647	-7.427761e+01
5648	-7.240075e+01
5649	-7.113568e+01
5650	-7.279908e+01
5651	-7.236481e+01
5652	-7.604461e+01
5653	-6.962287e+01
5654	-7.062832e+01
5655	-7.383410e+01
5656	-7.579390e+01
5657	-7.682978e+01
5658	-7.368326e+01
5659	-7.377291e+01
5660	-7.243539e+01
5661	-7.314177e+01
5662	-7.216126e+01
5663	-7.271032e+01
5664	-7.470526e+01
5665	-7.025984e+01
5666	-7.058105e+01
5667	-7.070139e+01
5668	-7.214298e+01
5669	-6.962573e+01
5670	-7.406246e+01
5671	-7.660217e+01
5672	-7.117256e+01
5673	-7.270552e+01
5674	-7.420037e+01
5675	-7.518990e+01
5676	-7.367730e+01
5677	-7.448123e+01
5678	-7.309642e+01
5679	-7.544524e+01
5680	-7.243442e+01
5681	-7.023226e+01
5682	-7.252235e+01
5683	-7.044100e+01
5684	-7.153379e+01
5685	-7.373075e+01
5686	-7.611339e+01
5687	-7.726122e+01
5688	-7.352858e+01
5689	-7.789030e+01
5690	-7.455477e+01
5691	-7.014071e+01
5692	-7.476900e+01
5693	-7.345753e+01
5694	-7.391626e+01
5695	-6.911774e+01
5696	-7.343379e+01
5697	-7.331337e+01
5698	-7.139140e+01
5699	-7.476985e+01
5700	-7.492496e+01
5701	-7.796852e+01
5702	-6.816143e+01
5703	-7.185601e+01
5704	-7.152104e+01
5705	-7.010812e+01
5706	-7.371778e+01
5707	-7.327364e+01
5708	-7.123954e+01
5709	-7.002945e+01
5710	-7.344654e+01
5711	-7.328845e+01
5712	-7.338415e+01
5713	-7.145615e+01
5714	-7.518352e+01
5715	-7.274630e+01
5716	-7.573128e+01
5717	-7.441337e+01
5718	-7.410156e+01
5719	-7.469055e+01
5720	-7.310097e+01
5721	-7.611022e+01
5722	-7.352736e+01
5723	-7.275150e+01
5724	-7.413809e+01
5725	-7.380106e+01
5726	-7.599158e+01
5727	-7.167641e+01
5728	-7.605325e+01
5729	-7.646075e+01
5730	-7.595489e+01
5731	-7.214870e+01
5732	-7.168980e+01
5733	-7.155825e+01
5734	-7.048709e+01
5735	-7.412240e+01
5736	-7.300372e+01
5737	-7.128955e+01
5738	-7.237165e+01
5739	-7.065736e+01
5740	-7.110578e+01
5741	-7.465923e+01
5742	-7.294728e+01
5743	-6.827385e+01
5744	-7.368631e+01
5745	-7.162849e+01
5746	-6.928395e+01
5747	-7.306377e+01
5748	-7.796778e+01
5749	-7.347453e+01
5750	-7.439320e+01
5751	-7.190516e+01
5752	-7.121126e+01
5753	-7.417273e+01
5754	-7.049854e+01
5755	-7.094488e+01
5756	-7.352661e+01
5757	-7.450848e+01
5758	-7.577206e+01
5759	-6.894089e+01
5760	-7.492842e+01
5761	-7.629537e+01
5762	-7.291698e+01
5763	-7.765607e+01
5764	-7.359749e+01
5765	-7.265214e+01
5766	-7.005338e+01
5767	-7.230138e+01
5768	-7.418205e+01
5769	-7.306511e+01
5770	-7.637046e+01
5771	-7.073444e+01
5772	-7.278693e+01
5773	-7.263605e+01
5774	-7.308945e+01
5775	-7.262295e+01
5776	-7.396411e+01
5777	-7.287919e+01
5778	-7.718121e+01
5779	-6.809096e+01
5780	-7.070393e+01
5781	-7.070097e+01
5782	-7.387960e+01
5783	-7.295060e+01
5784	-7.294562e+01
5785	-7.407268e+01
5786	-7.410104e+01
5787	-7.441311e+01
5788	-7.113355e+01
5789	-7.452894e+01
5790	-7.400571e+01
5791	-7.103905e+01
5792	-7.207519e+01
5793	-7.248789e+01
5794	-6.949028e+01
5795	-7.593755e+01
5796	-6.949469e+01
5797	-7.209998e+01
5798	-7.718826e+01
5799	-7.172899e+01
5800	-7.312551e+01
5801	-7.184513e+01
5802	-7.470686e+01
5803	-7.440616e+01
5804	-7.399446e+01
5805	-7.114588e+01
5806	-7.341742e+01
5807	-7.263567e+01
5808	-7.391078e+01
5809	-7.162636e+01
5810	-7.204615e+01
5811	-7.464759e+01
5812	-7.487736e+01
5813	-7.296004e+01
5814	-7.291749e+01
5815	-7.135478e+01
5816	-7.084537e+01
5817	-7.407471e+01
5818	-7.367225e+01
5819	-7.413893e+01
5820	-7.149067e+01
5821	-7.057549e+01
5822	-7.156376e+01
5823	-7.291931e+01
5824	-7.438344e+01
5825	-7.258651e+01
5826	-7.049046e+01
5827	-7.276815e+01
5828	-6.951849e+01
5829	-7.132383e+01
5830	-7.372771e+01
5831	-7.002116e+01
5832	-7.178571e+01
5833	-7.003027e+01
5834	-7.276517e+01
5835	-7.388075e+01
5836	-7.332271e+01
5837	-7.276849e+01
5838	-7.167380e+01
5839	-7.222460e+01
5840	-7.323372e+01
5841	-7.751220e+01
5842	-7.396617e+01
5843	-7.494752e+01
5844	-7.181887e+01
5845	-7.151275e+01
5846	-7.196630e+01
5847	-7.281764e+01
5848	-7.491070e+01
5849	-7.036137e+01
5850	-6.832104e+01
5851	-7.274889e+01
5852	-7.387725e+01
5853	-7.113051e+01
5854	-6.888479e+01
5855	-7.363491e+01
5856	-7.484940e+01
5857	-7.473932e+01
5858	-7.238948e+01
5859	-7.287447e+01
5860	-7.522367e+01
5861	-7.438321e+01
5862	-7.265854e+01
5863	-7.420929e+01
5864	-6.944771e+01
5865	-7.186528e+01
5866	-7.374472e+01
5867	-7.333556e+01
5868	-7.441449e+01
5869	-7.414358e+01
5870	-7.371076e+01
5871	-7.180614e+01
5872	-7.367719e+01
5873	-7.112644e+01
5874	-6.925084e+01
5875	-7.486559e+01
5876	-7.164074e+01
5877	-7.098970e+01
5878	-7.382374e+01
5879	-7.200826e+01
5880	-7.538671e+01
5881	-7.282116e+01
5882	-7.157271e+01
5883	-7.099249e+01
5884	-7.417309e+01
5885	-7.191211e+01
5886	-7.422001e+01
5887	-7.225306e+01
5888	-6.966368e+01
5889	-7.176019e+01
5890	-7.463765e+01
5891	-7.372329e+01
5892	-7.351515e+01
5893	-7.357059e+01
5894	-7.455326e+01
5895	-7.329346e+01
5896	-7.132539e+01
5897	-7.050024e+01
5898	-7.468120e+01
5899	-7.411225e+01
5900	-7.591600e+01
5901	-7.814460e+01
5902	-7.443297e+01
5903	-7.450221e+01
5904	-7.416071e+01
5905	-7.044303e+01
5906	-7.220345e+01
5907	-7.544667e+01
5908	-7.057241e+01
5909	-7.169526e+01
5910	-7.319518e+01
5911	-7.349745e+01
5912	-6.878737e+01
5913	-7.344810e+01
5914	-7.543979e+01
5915	-7.431406e+01
5916	-7.236412e+01
5917	-7.418997e+01
5918	-7.081044e+01
5919	-7.392642e+01
5920	-7.497527e+01
5921	-7.482265e+01
5922	-7.279352e+01
5923	-7.363226e+01
5924	-7.526339e+01
5925	-7.480862e+01
5926	-7.382438e+01
5927	-7.226669e+01
5928	-7.722229e+01
5929	-7.104291e+01
5930	-7.187523e+01
5931	-7.287817e+01
5932	-7.421934e+01
5933	-7.235738e+01
5934	-7.200278e+01
5935	-7.582830e+01
5936	-7.003834e+01
5937	-7.001745e+01
5938	-7.173378e+01
5939	-7.527058e+01
5940	-7.454343e+01
5941	-7.467570e+01
5942	-7.600761e+01
5943	-7.320304e+01
5944	-7.515482e+01
5945	-7.101860e+01
5946	-7.331146e+01
5947	-7.341772e+01
5948	-7.384092e+01
5949	-7.404838e+01
5950	-7.527703e+01
5951	-7.109143e+01
5952	-7.529192e+01
5953	-7.376824e+01
5954	-7.431965e+01
5955	-7.561516e+01
5956	-7.577367e+01
5957	-7.055359e+01
5958	-7.091577e+01
5959	-7.534879e+01
5960	-7.298199e+01
5961	-7.101348e+01
5962	-7.356150e+01
5963	-7.235267e+01
5964	-7.496539e+01
5965	-7.303977e+01
5966	-7.414478e+01
5967	-7.220855e+01
5968	-7.286407e+01
5969	-7.358613e+01
5970	-7.142541e+01
5971	-7.268937e+01
5972	-7.131917e+01
5973	-7.338286e+01
5974	-7.415884e+01
5975	-7.171224e+01
5976	-7.465015e+01
5977	-7.342494e+01
5978	-7.392226e+01
5979	-7.190968e+01
5980	-7.355329e+01
5981	-7.212559e+01
5982	-7.318488e+01
5983	-7.401523e+01
5984	-7.195601e+01
5985	-7.133563e+01
5986	-7.157487e+01
5987	-7.196488e+01
5988	-7.171228e+01
5989	-7.252740e+01
5990	-6.769877e+01
5991	-7.086046e+01
5992	-6.946828e+01
5993	-6.759773e+01
5994	-7.039391e+01
5995	-7.121816e+01
5996	-7.349892e+01
5997	-7.505387e+01
5998	-7.296764e+01
5999	-7.582969e+01
6000	-7.433270e+01
6001	-7.255560e+01
6002	-7.636754e+01
6003	-7.407501e+01
6004	-7.237816e+01
6005	-7.289077e+01
6006	-7.386652e+01
6007	-7.117730e+01
6008	-7.261905e+01
6009	-7.494721e+01
6010	-7.631534e+01
6011	-7.054642e+01
6012	-7.338138e+01
6013	-7.586304e+01
6014	-7.425861e+01
6015	-7.402012e+01
6016	-7.159504e+01
6017	-7.117353e+01
6018	-7.284006e+01
6019	-7.304179e+01
6020	-6.997040e+01
6021	-7.447017e+01
6022	-7.070759e+01
6023	-7.381666e+01
6024	-6.986197e+01
6025	-7.492538e+01
6026	-6.834441e+01
6027	-7.318031e+01
6028	-7.429502e+01
6029	-7.587859e+01
6030	-7.353763e+01
6031	-7.362432e+01
6032	-7.162364e+01
6033	-7.342715e+01
6034	-7.610518e+01
6035	-6.995246e+01
6036	-7.159961e+01
6037	-7.344685e+01
6038	-7.115681e+01
6039	-7.322195e+01
6040	-7.320226e+01
6041	-7.139460e+01
6042	-7.361885e+01
6043	-7.534556e+01
6044	-7.106209e+01
6045	-7.252926e+01
6046	-6.997832e+01
6047	-7.025068e+01
6048	-7.168341e+01
6049	-7.447863e+01
6050	-7.058152e+01
6051	-7.044685e+01
6052	-7.326322e+01
6053	-7.141207e+01
6054	-7.273369e+01
6055	-7.281850e+01
6056	-7.391962e+01
6057	-7.619770e+01
6058	-7.357658e+01
6059	-7.303445e+01
6060	-7.342448e+01
6061	-7.346968e+01
6062	-7.118688e+01
6063	-7.131934e+01
6064	-7.143560e+01
6065	-7.404027e+01
6066	-7.397880e+01
6067	-7.266142e+01
6068	-7.317813e+01
6069	-7.484423e+01
6070	-7.528053e+01
6071	-7.173274e+01
6072	-7.390422e+01
6073	-7.024209e+01
6074	-7.467962e+01
6075	-7.536079e+01
6076	-7.782128e+01
6077	-7.133697e+01
6078	-7.223729e+01
6079	-7.287175e+01
6080	-7.330187e+01
6081	-6.725116e+01
6082	-7.123646e+01
6083	-7.261289e+01
6084	-7.331389e+01
6085	-7.208239e+01
6086	-7.422467e+01
6087	-7.023725e+01
6088	-7.242615e+01
6089	-7.581348e+01
6090	-7.337435e+01
6091	-7.321855e+01
6092	-7.189326e+01
6093	-7.434118e+01
6094	-7.546097e+01
6095	-7.044527e+01
6096	-6.860337e+01
6097	-7.314257e+01
6098	-7.367799e+01
6099	-7.376232e+01
6100	-7.237025e+01
6101	-7.308053e+01
6102	-7.668527e+01
6103	-7.525775e+01
6104	-6.835335e+01
6105	-7.023971e+01
6106	-7.443671e+01
6107	-7.205765e+01
6108	-6.896144e+01
6109	-7.542715e+01
6110	-6.869988e+01
6111	-7.214382e+01
6112	-7.310919e+01
6113	-7.483084e+01
6114	-7.496995e+01
6115	-7.558956e+01
6116	-7.469690e+01
6117	-7.278713e+01
6118	-7.328259e+01
6119	-7.209058e+01
6120	-7.329102e+01
6121	-7.301064e+01
6122	-7.435462e+01
6123	-7.350667e+01
6124	-7.022669e+01
6125	-7.314583e+01
6126	-7.132476e+01
6127	-7.346554e+01
6128	-7.321392e+01
6129	-7.449572e+01
6130	-7.525276e+01
6131	-7.550515e+01
6132	-7.364988e+01
6133	-7.525191e+01
6134	-7.161728e+01
6135	-7.028942e+01
6136	-7.370987e+01
6137	-7.323763e+01
6138	-7.034540e+01
6139	-7.219907e+01
6140	-7.265254e+01
6141	-7.059551e+01
6142	-6.931562e+01
6143	-7.430064e+01
6144	-7.258030e+01
6145	-7.697826e+01
6146	-7.470984e+01
6147	-7.301888e+01
6148	-7.382116e+01
6149	-7.600755e+01
6150	-7.680723e+01
6151	-7.200962e+01
6152	-7.578906e+01
6153	-7.037777e+01
6154	-7.674919e+01
6155	-7.298829e+01
6156	-7.175654e+01
6157	-7.203457e+01
6158	-7.444488e+01
6159	-7.312725e+01
6160	-7.123725e+01
6161	-7.376457e+01
6162	-7.318602e+01
6163	-7.706222e+01
6164	-7.295590e+01
6165	-7.204475e+01
6166	-7.052196e+01
6167	-6.928397e+01
6168	-7.572440e+01
6169	-7.326446e+01
6170	-7.099420e+01
6171	-7.472762e+01
6172	-7.245611e+01
6173	-7.175814e+01
6174	-7.282065e+01
6175	-7.296429e+01
6176	-7.410035e+01
6177	-7.330326e+01
6178	-7.309162e+01
6179	-7.342317e+01
6180	-7.347257e+01
6181	-7.120344e+01
6182	-7.474196e+01
6183	-7.420299e+01
6184	-7.150078e+01
6185	-7.121507e+01
6186	-7.501269e+01
6187	-7.206258e+01
6188	-7.522123e+01
6189	-7.256098e+01
6190	-7.235109e+01
6191	-7.066013e+01
6192	-7.081150e+01
6193	-7.506707e+01
6194	-7.257104e+01
6195	-7.435659e+01
6196	-7.127237e+01
6197	-7.208963e+01
6198	-7.265314e+01
6199	-7.412025e+01
6200	-7.193235e+01
6201	-7.268562e+01
6202	-7.176677e+01
6203	-7.268621e+01
6204	-7.380392e+01
6205	-7.485021e+01
6206	-7.292143e+01
6207	-7.260782e+01
6208	-7.748300e+01
6209	-7.369772e+01
6210	-7.510016e+01
6211	-7.046451e+01
6212	-7.406728e+01
6213	-7.115274e+01
6214	-7.217605e+01
6215	-7.502126e+01
6216	-7.562064e+01
6217	-6.922735e+01
6218	-7.724085e+01
6219	-6.970595e+01
6220	-6.932269e+01
6221	-7.069948e+01
6222	-7.374221e+01
6223	-7.219133e+01
6224	-7.303431e+01
6225	-6.986322e+01
6226	-7.348032e+01
6227	-7.537595e+01
6228	-7.563622e+01
6229	-7.462894e+01
6230	-7.094763e+01
6231	-7.249902e+01
6232	-7.247210e+01
6233	-7.319190e+01
6234	-7.344932e+01
6235	-7.412143e+01
6236	-7.508624e+01
6237	-7.495236e+01
6238	-7.181294e+01
6239	-7.392545e+01
6240	-7.434896e+01
6241	-7.195937e+01
6242	-7.302374e+01
6243	-7.243756e+01
6244	-7.279537e+01
6245	-7.362081e+01
6246	-7.425319e+01
6247	-7.153887e+01
6248	-7.199601e+01
6249	-7.325337e+01
6250	-7.555291e+01
6251	-7.595912e+01
6252	-7.086719e+01
6253	-7.372659e+01
6254	-6.916756e+01
6255	-7.401383e+01
6256	-7.452944e+01
6257	-7.365083e+01
6258	-7.460322e+01
6259	-7.395020e+01
6260	-6.922584e+01
6261	-7.367626e+01
6262	-7.197819e+01
6263	-7.482965e+01
6264	-7.433591e+01
6265	-7.493712e+01
6266	-7.303874e+01
6267	-7.349630e+01
6268	-7.706044e+01
6269	-7.163330e+01
6270	-7.231005e+01
6271	-7.388539e+01
6272	-7.264574e+01
6273	-7.239816e+01
6274	-7.283471e+01
6275	-7.598332e+01
6276	-7.404997e+01
6277	-7.257286e+01
6278	-7.403285e+01
6279	-7.236423e+01
6280	-7.101001e+01
6281	-7.446932e+01
6282	-7.482295e+01
6283	-7.118254e+01
6284	-7.179106e+01
6285	-7.093556e+01
6286	-7.551633e+01
6287	-6.994646e+01
6288	-7.358436e+01
6289	-7.486032e+01
6290	-7.111924e+01
6291	-7.094588e+01
6292	-7.290561e+01
6293	-7.408304e+01
6294	-7.474014e+01
6295	-7.004799e+01
6296	-7.203132e+01
6297	-7.030653e+01
6298	-6.988078e+01
6299	-7.602511e+01
6300	-7.365007e+01
6301	-7.318088e+01
6302	-7.208332e+01
6303	-7.174037e+01
6304	-7.228339e+01
6305	-7.133937e+01
6306	-7.550647e+01
6307	-7.634635e+01
6308	-7.000252e+01
6309	-7.218944e+01
6310	-7.076843e+01
6311	-7.331293e+01
6312	-7.238523e+01
6313	-7.342105e+01
6314	-7.439038e+01
6315	-7.053189e+01
6316	-7.395804e+01
6317	-7.353047e+01
6318	-7.340427e+01
6319	-7.271564e+01
6320	-7.190728e+01
6321	-7.284115e+01
6322	-7.105576e+01
6323	-7.147625e+01
6324	-7.339734e+01
6325	-7.383038e+01
6326	-6.987459e+01
6327	-7.068564e+01
6328	-7.535245e+01
6329	-7.160626e+01
6330	-7.184457e+01
6331	-7.507944e+01
6332	-6.905175e+01
6333	-7.412794e+01
6334	-7.056057e+01
6335	-7.407748e+01
6336	-7.065132e+01
6337	-7.350902e+01
6338	-7.204574e+01
6339	-7.487859e+01
6340	-7.675054e+01
6341	-7.310581e+01
6342	-7.292338e+01
6343	-7.175486e+01
6344	-7.198081e+01
6345	-7.232049e+01
6346	-7.455232e+01
6347	-7.454847e+01
6348	-7.412427e+01
6349	-7.053802e+01
6350	-7.472092e+01
6351	-7.557944e+01
6352	-7.179236e+01
6353	-7.584067e+01
6354	-7.538604e+01
6355	-7.294874e+01
6356	-7.264868e+01
6357	-7.416133e+01
6358	-7.020925e+01
6359	-7.452312e+01
6360	-7.386691e+01
6361	-7.326192e+01
6362	-7.047377e+01
6363	-7.574545e+01
6364	-7.133665e+01
6365	-7.381574e+01
6366	-7.267937e+01
6367	-7.267046e+01
6368	-7.337539e+01
6369	-7.315231e+01
6370	-7.329053e+01
6371	-7.397037e+01
6372	-7.277286e+01
6373	-7.109861e+01
6374	-7.429806e+01
6375	-7.340354e+01
6376	-7.304200e+01
6377	-7.366499e+01
6378	-7.321176e+01
6379	-7.323598e+01
6380	-7.472723e+01
6381	-7.097496e+01
6382	-7.239174e+01
6383	-7.642595e+01
6384	-7.278075e+01
6385	-7.202661e+01
6386	-7.223796e+01
6387	-7.275040e+01
6388	-7.231791e+01
6389	-7.232144e+01
6390	-7.263417e+01
6391	-7.393664e+01
6392	-7.462765e+01
6393	-7.567793e+01
6394	-7.211763e+01
6395	-7.307859e+01
6396	-7.329441e+01
6397	-6.978103e+01
6398	-7.368638e+01
6399	-7.095732e+01
6400	-6.964336e+01
6401	-7.310889e+01
6402	-7.403250e+01
6403	-7.196201e+01
6404	-7.432007e+01
6405	-7.318791e+01
6406	-7.125525e+01
6407	-7.322176e+01
6408	-6.937782e+01
6409	-7.098163e+01
6410	-7.234520e+01
6411	-7.529271e+01
6412	-7.417386e+01
6413	-7.257761e+01
6414	-7.328049e+01
6415	-7.212043e+01
6416	-7.334722e+01
6417	-6.988483e+01
6418	-7.103510e+01
6419	-7.322352e+01
6420	-7.223013e+01
6421	-7.464405e+01
6422	-7.601126e+01
6423	-6.872519e+01
6424	-7.630242e+01
6425	-7.336342e+01
6426	-7.276677e+01
6427	-7.011795e+01
6428	-7.432186e+01
6429	-7.071250e+01
6430	-7.144481e+01
6431	-7.011693e+01
6432	-7.240822e+01
6433	-7.654135e+01
6434	-7.587633e+01
6435	-7.168856e+01
6436	-7.135962e+01
6437	-7.245308e+01
6438	-7.127945e+01
6439	-7.353855e+01
6440	-7.295084e+01
6441	-7.627534e+01
6442	-7.220672e+01
6443	-7.260863e+01
6444	-7.368507e+01
6445	-7.202426e+01
6446	-6.943559e+01
6447	-7.133912e+01
6448	-7.555207e+01
6449	-7.187533e+01
6450	-7.001171e+01
6451	-7.654651e+01
6452	-7.651343e+01
6453	-6.993814e+01
6454	-7.286535e+01
6455	-7.077545e+01
6456	-6.863146e+01
6457	-7.288497e+01
6458	-7.324173e+01
6459	-7.303196e+01
6460	-7.167964e+01
6461	-7.222646e+01
6462	-7.071232e+01
6463	-7.420105e+01
6464	-7.218952e+01
6465	-7.475584e+01
6466	-7.274299e+01
6467	-7.299630e+01
6468	-7.011533e+01
6469	-7.017397e+01
6470	-6.914527e+01
6471	-7.090802e+01
6472	-7.196734e+01
6473	-7.249181e+01
6474	-7.417226e+01
6475	-7.341834e+01
6476	-7.153833e+01
6477	-7.523131e+01
6478	-7.019598e+01
6479	-7.302497e+01
6480	-7.406924e+01
6481	-7.321380e+01
6482	-7.560293e+01
6483	-7.374675e+01
6484	-7.645649e+01
6485	-7.400247e+01
6486	-7.162664e+01
6487	-7.359434e+01
6488	-7.178584e+01
6489	-7.487439e+01
6490	-7.391838e+01
6491	-7.328138e+01
6492	-7.330674e+01
6493	-6.890012e+01
6494	-7.339426e+01
6495	-7.119642e+01
6496	-7.710586e+01
6497	-7.016025e+01
6498	-7.087354e+01
6499	-7.421119e+01
6500	-7.113007e+01
6501	-7.239908e+01
6502	-7.077684e+01
6503	-7.281088e+01
6504	-7.239415e+01
6505	-6.920160e+01
6506	-7.519778e+01
6507	-7.289295e+01
6508	-7.289169e+01
6509	-7.460803e+01
6510	-6.930647e+01
6511	-7.423630e+01
6512	-7.350953e+01
6513	-7.464759e+01
6514	-7.199368e+01
6515	-7.641305e+01
6516	-7.073549e+01
6517	-7.245329e+01
6518	-7.177918e+01
6519	-7.153702e+01
6520	-7.064938e+01
6521	-7.240868e+01
6522	-7.316789e+01
6523	-7.601246e+01
6524	-6.985425e+01
6525	-7.337151e+01
6526	-7.518418e+01
6527	-7.629945e+01
6528	-7.035864e+01
6529	-7.628276e+01
6530	-7.161338e+01
6531	-7.723147e+01
6532	-6.806321e+01
6533	-6.926646e+01
6534	-7.267124e+01
6535	-7.586619e+01
6536	-7.020921e+01
6537	-7.452965e+01
6538	-7.102751e+01
6539	-7.713077e+01
6540	-7.548473e+01
6541	-7.181033e+01
6542	-7.472866e+01
6543	-7.481790e+01
6544	-7.061770e+01
6545	-7.118077e+01
6546	-7.273830e+01
6547	-7.366398e+01
6548	-7.615643e+01
6549	-7.457848e+01
6550	-7.205826e+01
6551	-7.067565e+01
6552	-7.487669e+01
6553	-7.131659e+01
6554	-7.173781e+01
6555	-7.309851e+01
6556	-7.128947e+01
6557	-7.323601e+01
6558	-7.192229e+01
6559	-7.468194e+01
6560	-7.521939e+01
6561	-7.076135e+01
6562	-7.263918e+01
6563	-7.234668e+01
6564	-7.400528e+01
6565	-7.219654e+01
6566	-7.462185e+01
6567	-7.227998e+01
6568	-7.415846e+01
6569	-7.357034e+01
6570	-7.233117e+01
6571	-6.976179e+01
6572	-6.733731e+01
6573	-7.411776e+01
6574	-7.103069e+01
6575	-7.261890e+01
6576	-7.240833e+01
6577	-7.456281e+01
6578	-6.943727e+01
6579	-6.931691e+01
6580	-7.316510e+01
6581	-7.533541e+01
6582	-7.376643e+01
6583	-7.193969e+01
6584	-7.431195e+01
6585	-7.583180e+01
6586	-6.912885e+01
6587	-7.621208e+01
6588	-7.159673e+01
6589	-7.444398e+01
6590	-7.508517e+01
6591	-7.472744e+01
6592	-7.402317e+01
6593	-7.299389e+01
6594	-7.375566e+01
6595	-7.733109e+01
6596	-7.193973e+01
6597	-7.107081e+01
6598	-7.258587e+01
6599	-7.096595e+01
6600	-7.227059e+01
6601	-7.688946e+01
6602	-7.254885e+01
6603	-7.241274e+01
6604	-7.550328e+01
6605	-7.464219e+01
6606	-7.566523e+01
6607	-7.407004e+01
6608	-7.043175e+01
6609	-7.399041e+01
6610	-7.315373e+01
6611	-7.338155e+01
6612	-7.237398e+01
6613	-7.097248e+01
6614	-7.130773e+01
6615	-6.960806e+01
6616	-6.823982e+01
6617	-7.049789e+01
6618	-7.129254e+01
6619	-7.184079e+01
6620	-7.452969e+01
6621	-7.044786e+01
6622	-7.467384e+01
6623	-7.282785e+01
6624	-7.355103e+01
6625	-7.238392e+01
6626	-7.454013e+01
6627	-7.850850e+01
6628	-7.398002e+01
6629	-7.454386e+01
6630	-7.101989e+01
6631	-7.118881e+01
6632	-7.334727e+01
6633	-7.069988e+01
6634	-7.108906e+01
6635	-7.571692e+01
6636	-7.239496e+01
6637	-7.542164e+01
6638	-7.254317e+01
6639	-7.125853e+01
6640	-7.368946e+01
6641	-7.227883e+01
6642	-7.302492e+01
6643	-7.131667e+01
6644	-7.487621e+01
6645	-7.548124e+01
6646	-7.145900e+01
6647	-7.440500e+01
6648	-7.960599e+01
6649	-7.506989e+01
6650	-6.983398e+01
6651	-7.149060e+01
6652	-7.138113e+01
6653	-7.287111e+01
6654	-7.440095e+01
6655	-7.594494e+01
6656	-7.270995e+01
6657	-7.116163e+01
6658	-7.218637e+01
6659	-7.743855e+01
6660	-7.186755e+01
6661	-7.357571e+01
6662	-7.599488e+01
6663	-7.119411e+01
6664	-7.407539e+01
6665	-7.409793e+01
6666	-7.054805e+01
6667	-7.279651e+01
6668	-7.465693e+01
6669	-7.479931e+01
6670	-7.476275e+01
6671	-7.028586e+01
6672	-7.323723e+01
6673	-7.239631e+01
6674	-6.996515e+01
6675	-7.650021e+01
6676	-6.831772e+01
6677	-7.180042e+01
6678	-7.134809e+01
6679	-7.118508e+01
6680	-7.194467e+01
6681	-7.320252e+01
6682	-7.094889e+01
6683	-6.976181e+01
6684	-7.403711e+01
6685	-7.460541e+01
6686	-7.411112e+01
6687	-6.950990e+01
6688	-7.635933e+01
6689	-7.296541e+01
6690	-7.457257e+01
6691	-7.309849e+01
6692	-7.446917e+01
6693	-7.152939e+01
6694	-7.429943e+01
6695	-7.438294e+01
6696	-7.514743e+01
6697	-7.356166e+01
6698	-7.332690e+01
6699	-7.338890e+01
6700	-7.011006e+01
6701	-7.423769e+01
6702	-6.735487e+01
6703	-6.899127e+01
6704	-7.260744e+01
6705	-7.077039e+01
6706	-7.379998e+01
6707	-7.358039e+01
6708	-7.151974e+01
6709	-7.069981e+01
6710	-7.128117e+01
6711	-7.133255e+01
6712	-7.120407e+01
6713	-6.912618e+01
6714	-7.093819e+01
6715	-7.550750e+01
6716	-6.988177e+01
6717	-7.196993e+01
6718	-7.473609e+01
6719	-7.007060e+01
6720	-7.545795e+01
6721	-7.211762e+01
6722	-7.451921e+01
6723	-7.181561e+01
6724	-7.261332e+01
6725	-7.553133e+01
6726	-7.057658e+01
6727	-7.630605e+01
6728	-7.256999e+01
6729	-7.332543e+01
6730	-7.296098e+01
6731	-6.890627e+01
6732	-7.296165e+01
6733	-7.071582e+01
6734	-7.398360e+01
6735	-7.227535e+01
6736	-7.087914e+01
6737	-7.352707e+01
6738	-7.316513e+01
6739	-7.389695e+01
6740	-7.190355e+01
6741	-7.173945e+01
6742	-7.527399e+01
6743	-7.256865e+01
6744	-7.298524e+01
6745	-7.168963e+01
6746	-7.270851e+01
6747	-7.307032e+01
6748	-7.196156e+01
6749	-7.484285e+01
6750	-7.485479e+01
6751	-7.136978e+01
6752	-7.342421e+01
6753	-7.172188e+01
6754	-7.298315e+01
6755	-7.296656e+01
6756	-7.459523e+01
6757	-7.406628e+01
6758	-7.568944e+01
6759	-7.282861e+01
6760	-7.184809e+01
6761	-7.382018e+01
6762	-7.158579e+01
6763	-7.463037e+01
6764	-7.119692e+01
6765	-7.133258e+01
6766	-7.604487e+01
6767	-6.637744e+01
6768	-7.028927e+01
6769	-7.483174e+01
6770	-7.574076e+01
6771	-7.397571e+01
6772	-7.631804e+01
6773	-7.136868e+01
6774	-7.337662e+01
6775	-7.395270e+01
6776	-7.121728e+01
6777	-7.341163e+01
6778	-7.605635e+01
6779	-7.084950e+01
6780	-7.177068e+01
6781	-7.246514e+01
6782	-7.009186e+01
6783	-7.532423e+01
6784	-7.393340e+01
6785	-7.594858e+01
6786	-7.418805e+01
6787	-7.448200e+01
6788	-7.220338e+01
6789	-7.503259e+01
6790	-7.422620e+01
6791	-7.333341e+01
6792	-7.524802e+01
6793	-7.209339e+01
6794	-7.481603e+01
6795	-7.159014e+01
6796	-7.511822e+01
6797	-7.407192e+01
6798	-7.565803e+01
6799	-7.456906e+01
6800	-7.434927e+01
6801	-7.578638e+01
6802	-7.353952e+01
6803	-7.313522e+01
6804	-7.314913e+01
6805	-7.108415e+01
6806	-7.226846e+01
6807	-6.847481e+01
6808	-7.298205e+01
6809	-7.217138e+01
6810	-7.372892e+01
6811	-7.508057e+01
6812	-7.481674e+01
6813	-7.254348e+01
6814	-7.226387e+01
6815	-7.232757e+01
6816	-7.047415e+01
6817	-7.442357e+01
6818	-7.211324e+01
6819	-7.264780e+01
6820	-7.305962e+01
6821	-6.947725e+01
6822	-7.175489e+01
6823	-7.286232e+01
6824	-7.172217e+01
6825	-7.404499e+01
6826	-6.919405e+01
6827	-7.230857e+01
6828	-7.197281e+01
6829	-7.246165e+01
6830	-7.180158e+01
6831	-7.287101e+01
6832	-7.583677e+01
6833	-7.076762e+01
6834	-7.351762e+01
6835	-7.244834e+01
6836	-7.376649e+01
6837	-7.501633e+01
6838	-7.482867e+01
6839	-7.526962e+01
6840	-7.285530e+01
6841	-6.908064e+01
6842	-7.257082e+01
6843	-7.066757e+01
6844	-7.368099e+01
6845	-7.133229e+01
6846	-7.436547e+01
6847	-7.036023e+01
6848	-7.687536e+01
6849	-7.122882e+01
6850	-7.237654e+01
6851	-7.268041e+01
6852	-6.885331e+01
6853	-7.381792e+01
6854	-7.014887e+01
6855	-7.487047e+01
6856	-7.439468e+01
6857	-7.237405e+01
6858	-7.403084e+01
6859	-7.112823e+01
6860	-6.806758e+01
6861	-7.331861e+01
6862	-7.248566e+01
6863	-7.231849e+01
6864	-7.003601e+01
6865	-7.178697e+01
6866	-7.179573e+01
6867	-7.233226e+01
6868	-7.268728e+01
6869	-7.265570e+01
6870	-7.498171e+01
6871	-7.367624e+01
6872	-7.500868e+01
6873	-7.544466e+01
6874	-7.484534e+01
6875	-7.350976e+01
6876	-7.323153e+01
6877	-7.287885e+01
6878	-7.488099e+01
6879	-7.116133e+01
6880	-7.331142e+01
6881	-7.297919e+01
6882	-7.484012e+01
6883	-7.089560e+01
6884	-7.755345e+01
6885	-7.459148e+01
6886	-7.408757e+01
6887	-7.282450e+01
6888	-7.325376e+01
6889	-7.524916e+01
6890	-6.933230e+01
6891	-7.389159e+01
6892	-7.099877e+01
6893	-7.005390e+01
6894	-7.162634e+01
6895	-7.304011e+01
6896	-7.605440e+01
6897	-6.924186e+01
6898	-7.206143e+01
6899	-7.505145e+01
6900	-7.169779e+01
6901	-7.154068e+01
6902	-7.487296e+01
6903	-7.264761e+01
6904	-7.328169e+01
6905	-6.880728e+01
6906	-7.357169e+01
6907	-7.215600e+01
6908	-7.037523e+01
6909	-7.053943e+01
6910	-7.248950e+01
6911	-7.320411e+01
6912	-7.172454e+01
6913	-7.230582e+01
6914	-6.990705e+01
6915	-7.274308e+01
6916	-7.365052e+01
6917	-7.696899e+01
6918	-7.475584e+01
6919	-7.481437e+01
6920	-7.532458e+01
6921	-7.281010e+01
6922	-7.405350e+01
6923	-7.226796e+01
6924	-7.467594e+01
6925	-7.044462e+01
6926	-7.194960e+01
6927	-7.360055e+01
6928	-7.640331e+01
6929	-7.220649e+01
6930	-7.237889e+01
6931	-7.383362e+01
6932	-6.976550e+01
6933	-7.755570e+01
6934	-7.332986e+01
6935	-7.181157e+01
6936	-7.542601e+01
6937	-7.330382e+01
6938	-7.269004e+01
6939	-7.565733e+01
6940	-7.237840e+01
6941	-7.472363e+01
6942	-7.046427e+01
6943	-7.385521e+01
6944	-6.988373e+01
6945	-7.326648e+01
6946	-7.109417e+01
6947	-7.592779e+01
6948	-7.487142e+01
6949	-7.156035e+01
6950	-6.944781e+01
6951	-7.243466e+01
6952	-7.216514e+01
6953	-7.548251e+01
6954	-7.474482e+01
6955	-7.079396e+01
6956	-7.436677e+01
6957	-6.973140e+01
6958	-7.596326e+01
6959	-7.347452e+01
6960	-7.190638e+01
6961	-7.521676e+01
6962	-7.405534e+01
6963	-7.639495e+01
6964	-7.113467e+01
6965	-7.205769e+01
6966	-7.009190e+01
6967	-7.138931e+01
6968	-7.474439e+01
6969	-7.143703e+01
6970	-7.052804e+01
6971	-7.138382e+01
6972	-7.780930e+01
6973	-7.219822e+01
6974	-7.105141e+01
6975	-7.399311e+01
6976	-7.201754e+01
6977	-7.101167e+01
6978	-7.126592e+01
6979	-7.306440e+01
6980	-7.344502e+01
6981	-7.350560e+01
6982	-7.134769e+01
6983	-7.213224e+01
6984	-7.291482e+01
6985	-7.481325e+01
6986	-7.289198e+01
6987	-7.256252e+01
6988	-7.202103e+01
6989	-7.180768e+01
6990	-7.638608e+01
6991	-7.245629e+01
6992	-6.909502e+01
6993	-7.547613e+01
6994	-7.050315e+01
6995	-6.770891e+01
6996	-7.032259e+01
6997	-7.413527e+01
6998	-6.999415e+01
6999	-7.661667e+01
7000	-7.215319e+01
7001	-7.249308e+01
7002	-7.455219e+01
7003	-7.484290e+01
7004	-7.388422e+01
7005	-7.325976e+01
7006	-6.958386e+01
7007	-7.036008e+01
7008	-7.433502e+01
7009	-7.136898e+01
7010	-7.295843e+01
7011	-7.233969e+01
7012	-7.550985e+01
7013	-7.366734e+01
7014	-7.395401e+01
7015	-6.933151e+01
7016	-7.551492e+01
7017	-7.358345e+01
7018	-7.278073e+01
7019	-7.446868e+01
7020	-7.189220e+01
7021	-7.134403e+01
7022	-7.389993e+01
7023	-7.316843e+01
7024	-7.314026e+01
7025	-7.387885e+01
7026	-7.028177e+01
7027	-7.468205e+01
7028	-7.242173e+01
7029	-7.378398e+01
7030	-7.176371e+01
7031	-6.974641e+01
7032	-7.121965e+01
7033	-7.332160e+01
7034	-7.151059e+01
7035	-7.185190e+01
7036	-7.290505e+01
7037	-7.385473e+01
7038	-7.154099e+01
7039	-7.738969e+01
7040	-6.920963e+01
7041	-7.099357e+01
7042	-7.092715e+01
7043	-7.695565e+01
7044	-7.294405e+01
7045	-6.992341e+01
7046	-7.046021e+01
7047	-7.264866e+01
7048	-7.019848e+01
7049	-7.181341e+01
7050	-7.073369e+01
7051	-7.712488e+01
7052	-7.359773e+01
7053	-7.610159e+01
7054	-7.549611e+01
7055	-7.345141e+01
7056	-7.171419e+01
7057	-7.249765e+01
7058	-7.047431e+01
7059	-7.393046e+01
7060	-7.360539e+01
7061	-7.555646e+01
7062	-7.040416e+01
7063	-7.127988e+01
7064	-6.905534e+01
7065	-7.210236e+01
7066	-7.686427e+01
7067	-7.282096e+01
7068	-7.312691e+01
7069	-7.242298e+01
7070	-7.315250e+01
7071	-7.182342e+01
7072	-6.872493e+01
7073	-7.457248e+01
7074	-7.143401e+01
7075	-7.464994e+01
7076	-7.756464e+01
7077	-7.723620e+01
7078	-7.432150e+01
7079	-7.165144e+01
7080	-7.092255e+01
7081	-7.052548e+01
7082	-7.134085e+01
7083	-6.916144e+01
7084	-7.120899e+01
7085	-7.491894e+01
7086	-6.994258e+01
7087	-7.642623e+01
7088	-7.321296e+01
7089	-7.171169e+01
7090	-7.148034e+01
7091	-7.451114e+01
7092	-7.141585e+01
7093	-7.315885e+01
7094	-7.493604e+01
7095	-7.314551e+01
7096	-7.339405e+01
7097	-7.295914e+01
7098	-7.116046e+01
7099	-7.257930e+01
7100	-7.050302e+01
7101	-7.126055e+01
7102	-7.026760e+01
7103	-7.511174e+01
7104	-7.263472e+01
7105	-7.285334e+01
7106	-7.424470e+01
7107	-7.338275e+01
7108	-7.550794e+01
7109	-7.532200e+01
7110	-7.766697e+01
7111	-7.142525e+01
7112	-7.018439e+01
7113	-7.251357e+01
7114	-7.309942e+01
7115	-7.164012e+01
7116	-7.498879e+01
7117	-7.084175e+01
7118	-7.331420e+01
7119	-7.027945e+01
7120	-7.281811e+01
7121	-7.260410e+01
7122	-7.374648e+01
7123	-7.213767e+01
7124	-7.599895e+01
7125	-7.601837e+01
7126	-7.336637e+01
7127	-7.343368e+01
7128	-6.908989e+01
7129	-6.942310e+01
7130	-7.233468e+01
7131	-7.094117e+01
7132	-7.584425e+01
7133	-7.106788e+01
7134	-7.448570e+01
7135	-7.577985e+01
7136	-7.283205e+01
7137	-6.988795e+01
7138	-7.431959e+01
7139	-7.055813e+01
7140	-7.037484e+01
7141	-7.061773e+01
7142	-7.326823e+01
7143	-7.425425e+01
7144	-7.331833e+01
7145	-7.553297e+01
7146	-7.016444e+01
7147	-7.401247e+01
7148	-7.361625e+01
7149	-7.324602e+01
7150	-7.376614e+01
7151	-7.309401e+01
7152	-7.418004e+01
7153	-7.190353e+01
7154	-7.502169e+01
7155	-7.135856e+01
7156	-7.452153e+01
7157	-7.459751e+01
7158	-7.147659e+01
7159	-7.045588e+01
7160	-7.426600e+01
7161	-7.714538e+01
7162	-7.258273e+01
7163	-7.603342e+01
7164	-7.519031e+01
7165	-7.351801e+01
7166	-7.144235e+01
7167	-7.197255e+01
7168	-7.578893e+01
7169	-7.462702e+01
7170	-7.014898e+01
7171	-7.615264e+01
7172	-7.556748e+01
7173	-7.623827e+01
7174	-7.338410e+01
7175	-7.155818e+01
7176	-7.316125e+01
7177	-6.780516e+01
7178	-7.568780e+01
7179	-7.476593e+01
7180	-7.170659e+01
7181	-7.200555e+01
7182	-7.491456e+01
7183	-7.423040e+01
7184	-7.516079e+01
7185	-7.412464e+01
7186	-7.362760e+01
7187	-7.100577e+01
7188	-7.318526e+01
7189	-7.194518e+01
7190	-7.331566e+01
7191	-7.528958e+01
7192	-7.331262e+01
7193	-6.836854e+01
7194	-7.341751e+01
7195	-7.310744e+01
7196	-7.118186e+01
7197	-7.749067e+01
7198	-7.333187e+01
7199	-7.523287e+01
7200	-7.338060e+01
7201	-7.528600e+01
7202	-7.394156e+01
7203	-7.303909e+01
7204	-7.327734e+01
7205	-7.478093e+01
7206	-7.289655e+01
7207	-7.354452e+01
7208	-7.455115e+01
7209	-7.185102e+01
7210	-7.248338e+01
7211	-7.615838e+01
7212	-7.276774e+01
7213	-7.048479e+01
7214	-7.535342e+01
7215	-7.257071e+01
7216	-6.985721e+01
7217	-7.457226e+01
7218	-7.343991e+01
7219	-7.258400e+01
7220	-7.396235e+01
7221	-7.551533e+01
7222	-7.727327e+01
7223	-7.555580e+01
7224	-6.955093e+01
7225	-7.421555e+01
7226	-7.235451e+01
7227	-7.412052e+01
7228	-6.998737e+01
7229	-7.451930e+01
7230	-7.141904e+01
7231	-7.172327e+01
7232	-7.101365e+01
7233	-7.251986e+01
7234	-7.132680e+01
7235	-7.391144e+01
7236	-7.265417e+01
7237	-7.413803e+01
7238	-7.239736e+01
7239	-7.240026e+01
7240	-7.169493e+01
7241	-7.064430e+01
7242	-6.900011e+01
7243	-7.347171e+01
7244	-7.526522e+01
7245	-7.112956e+01
7246	-7.581939e+01
7247	-7.374278e+01
7248	-7.127817e+01
7249	-7.415308e+01
7250	-7.211250e+01
7251	-7.237498e+01
7252	-7.258131e+01
7253	-7.300081e+01
7254	-7.519483e+01
7255	-7.164721e+01
7256	-7.292173e+01
7257	-7.339880e+01
7258	-7.357416e+01
7259	-7.496015e+01
7260	-7.109163e+01
7261	-7.772307e+01
7262	-7.520266e+01
7263	-7.516947e+01
7264	-7.167208e+01
7265	-7.226466e+01
7266	-7.638797e+01
7267	-7.421904e+01
7268	-7.056368e+01
7269	-7.266628e+01
7270	-7.199867e+01
7271	-7.362615e+01
7272	-7.255140e+01
7273	-6.952879e+01
7274	-7.335908e+01
7275	-7.453109e+01
7276	-7.259805e+01
7277	-7.377988e+01
7278	-7.427370e+01
7279	-7.441967e+01
7280	-7.437673e+01
7281	-7.609193e+01
7282	-7.433852e+01
7283	-7.461428e+01
7284	-7.499490e+01
7285	-7.107581e+01
7286	-7.549561e+01
7287	-7.254244e+01
7288	-6.915967e+01
7289	-7.273692e+01
7290	-7.475807e+01
7291	-7.193015e+01
7292	-7.082515e+01
7293	-7.003470e+01
7294	-7.502729e+01
7295	-7.264828e+01
7296	-7.161335e+01
7297	-7.548290e+01
7298	-7.379161e+01
7299	-7.346613e+01
7300	-7.654494e+01
7301	-7.326887e+01
7302	-7.463583e+01
7303	-7.302745e+01
7304	-7.169725e+01
7305	-7.417361e+01
7306	-7.397701e+01
7307	-7.472139e+01
7308	-7.125048e+01
7309	-7.415387e+01
7310	-7.373183e+01
7311	-7.227481e+01
7312	-7.222035e+01
7313	-7.279792e+01
7314	-7.691852e+01
7315	-7.334703e+01
7316	-7.360917e+01
7317	-7.504072e+01
7318	-7.186646e+01
7319	-7.021407e+01
7320	-7.354866e+01
7321	-7.314450e+01
7322	-7.358122e+01
7323	-7.301431e+01
7324	-7.410229e+01
7325	-7.560017e+01
7326	-7.379992e+01
7327	-6.969520e+01
7328	-7.237551e+01
7329	-7.582575e+01
7330	-7.094322e+01
7331	-7.149453e+01
7332	-7.310053e+01
7333	-7.277362e+01
7334	-7.122748e+01
7335	-7.305287e+01
7336	-7.236934e+01
7337	-7.198050e+01
7338	-7.344311e+01
7339	-7.189857e+01
7340	-7.113998e+01
7341	-7.179623e+01
7342	-6.910036e+01
7343	-7.314488e+01
7344	-7.373014e+01
7345	-7.338871e+01
7346	-7.359014e+01
7347	-7.661936e+01
7348	-7.144937e+01
7349	-7.013345e+01
7350	-7.237296e+01
7351	-7.146102e+01
7352	-7.270821e+01
7353	-6.979955e+01
7354	-7.336426e+01
7355	-7.481840e+01
7356	-6.958785e+01
7357	-7.413176e+01
7358	-7.295350e+01
7359	-7.169167e+01
7360	-7.069268e+01
7361	-7.274493e+01
7362	-7.239684e+01
7363	-7.338790e+01
7364	-6.908174e+01
7365	-7.071133e+01
7366	-7.496942e+01
7367	-7.282404e+01
7368	-7.353942e+01
7369	-7.519901e+01
7370	-7.228618e+01
7371	-7.578373e+01
7372	-6.856031e+01
7373	-7.603632e+01
7374	-7.210664e+01
7375	-7.019081e+01
7376	-7.330985e+01
7377	-7.432829e+01
7378	-7.322272e+01
7379	-7.147810e+01
7380	-7.567155e+01
7381	-7.378739e+01
7382	-7.478372e+01
7383	-7.164913e+01
7384	-7.374093e+01
7385	-7.499544e+01
7386	-7.341338e+01
7387	-7.628234e+01
7388	-7.430502e+01
7389	-7.209608e+01
7390	-7.478155e+01
7391	-7.403399e+01
7392	-7.145845e+01
7393	-7.071589e+01
7394	-7.349714e+01
7395	-7.360912e+01
7396	-7.136504e+01
7397	-7.367001e+01
7398	-7.252097e+01
7399	-7.614971e+01
7400	-7.354850e+01
7401	-7.431439e+01
7402	-7.507492e+01
7403	-7.223032e+01
7404	-7.299462e+01
7405	-7.302151e+01
7406	-7.464138e+01
7407	-7.360901e+01
7408	-7.179205e+01
7409	-7.390979e+01
7410	-7.477504e+01
7411	-7.304226e+01
7412	-7.255549e+01
7413	-7.225513e+01
7414	-7.399819e+01
7415	-7.139900e+01
7416	-7.576483e+01
7417	-6.982088e+01
7418	-7.481647e+01
7419	-7.315598e+01
7420	-7.761290e+01
7421	-7.172800e+01
7422	-7.284718e+01
7423	-7.675649e+01
7424	-7.309624e+01
7425	-7.075334e+01
7426	-7.527616e+01
7427	-7.704119e+01
7428	-7.386253e+01
7429	-7.121664e+01
7430	-7.562787e+01
7431	-7.400836e+01
7432	-7.574254e+01
7433	-6.706044e+01
7434	-7.263912e+01
7435	-7.507515e+01
7436	-6.925312e+01
7437	-7.213450e+01
7438	-7.192379e+01
7439	-7.127384e+01
7440	-7.478327e+01
7441	-7.255641e+01
7442	-6.968554e+01
7443	-7.176624e+01
7444	-7.231990e+01
7445	-7.274286e+01
7446	-7.266418e+01
7447	-6.938481e+01
7448	-7.300877e+01
7449	-7.607248e+01
7450	-7.484733e+01
7451	-7.385926e+01
7452	-7.198555e+01
7453	-7.286087e+01
7454	-7.135004e+01
7455	-7.243887e+01
7456	-7.201089e+01
7457	-7.458495e+01
7458	-7.458427e+01
7459	-7.100106e+01
7460	-7.471953e+01
7461	-7.073202e+01
7462	-7.236739e+01
7463	-7.275676e+01
7464	-7.290601e+01
7465	-7.253095e+01
7466	-7.023416e+01
7467	-7.380579e+01
7468	-7.348226e+01
7469	-7.287591e+01
7470	-7.252726e+01
7471	-7.501718e+01
7472	-7.152066e+01
7473	-7.402534e+01
7474	-7.067581e+01
7475	-7.402950e+01
7476	-7.256764e+01
7477	-7.225017e+01
7478	-7.007285e+01
7479	-7.294477e+01
7480	-6.662317e+01
7481	-7.203905e+01
7482	-7.124245e+01
7483	-6.971128e+01
7484	-7.325964e+01
7485	-7.349923e+01
7486	-7.203666e+01
7487	-7.214169e+01
7488	-7.213329e+01
7489	-6.998850e+01
7490	-7.204227e+01
7491	-7.393875e+01
7492	-7.573535e+01
7493	-7.230202e+01
7494	-7.368401e+01
7495	-7.334494e+01
7496	-7.141590e+01
7497	-7.570833e+01
7498	-7.411270e+01
7499	-7.508635e+01
7500	-7.262536e+01
7501	-7.219132e+01
7502	-7.063138e+01
7503	-7.064429e+01
7504	-7.153771e+01
7505	-7.050117e+01
7506	-7.484413e+01
7507	-7.428018e+01
7508	-7.111884e+01
7509	-7.268662e+01
7510	-7.374906e+01
7511	-7.005306e+01
7512	-7.075477e+01
7513	-6.946899e+01
7514	-7.121201e+01
7515	-7.233762e+01
7516	-7.403833e+01
7517	-7.401852e+01
7518	-7.367717e+01
7519	-7.487761e+01
7520	-7.084984e+01
7521	-7.188996e+01
7522	-7.401247e+01
7523	-7.610813e+01
7524	-7.348589e+01
7525	-6.921115e+01
7526	-7.292083e+01
7527	-6.925223e+01
7528	-7.081194e+01
7529	-7.452412e+01
7530	-6.962917e+01
7531	-7.376843e+01
7532	-7.492665e+01
7533	-7.102285e+01
7534	-7.331616e+01
7535	-7.645126e+01
7536	-7.674875e+01
7537	-7.154945e+01
7538	-7.442677e+01
7539	-7.109210e+01
7540	-7.213189e+01
7541	-7.437448e+01
7542	-7.228982e+01
7543	-7.600297e+01
7544	-7.534610e+01
7545	-7.183883e+01
7546	-7.392172e+01
7547	-7.041889e+01
7548	-7.428398e+01
7549	-7.232905e+01
7550	-7.470028e+01
7551	-7.370323e+01
7552	-7.088738e+01
7553	-6.851827e+01
7554	-6.966877e+01
7555	-7.224984e+01
7556	-7.329347e+01
7557	-7.233894e+01
7558	-7.570794e+01
7559	-7.255694e+01
7560	-7.540793e+01
7561	-7.522871e+01
7562	-7.052257e+01
7563	-7.228843e+01
7564	-7.015588e+01
7565	-7.160109e+01
7566	-7.455457e+01
7567	-7.217450e+01
7568	-7.399948e+01
7569	-7.266336e+01
7570	-7.541281e+01
7571	-7.422212e+01
7572	-7.572812e+01
7573	-7.445116e+01
7574	-6.995352e+01
7575	-7.560114e+01
7576	-7.396965e+01
7577	-7.001319e+01
7578	-7.269425e+01
7579	-7.441027e+01
7580	-7.436753e+01
7581	-7.130965e+01
7582	-6.907021e+01
7583	-7.387674e+01
7584	-7.256110e+01
7585	-7.511757e+01
7586	-7.422907e+01
7587	-7.750827e+01
7588	-7.321449e+01
7589	-7.342751e+01
7590	-7.570824e+01
7591	-7.267985e+01
7592	-7.574219e+01
7593	-7.119550e+01
7594	-7.443506e+01
7595	-7.350416e+01
7596	-7.154665e+01
7597	-7.096532e+01
7598	-7.171854e+01
7599	-7.109805e+01
7600	-7.359745e+01
7601	-7.058099e+01
7602	-6.930974e+01
7603	-7.591755e+01
7604	-7.195252e+01
7605	-7.103500e+01
7606	-7.226610e+01
7607	-7.226703e+01
7608	-7.488959e+01
7609	-6.924617e+01
7610	-7.434332e+01
7611	-7.368373e+01
7612	-7.482134e+01
7613	-7.304658e+01
7614	-6.988764e+01
7615	-7.359038e+01
7616	-7.416415e+01
7617	-7.378908e+01
7618	-7.626823e+01
7619	-7.390504e+01
7620	-7.293767e+01
7621	-7.016120e+01
7622	-7.469224e+01
7623	-7.477358e+01
7624	-7.298338e+01
7625	-6.951610e+01
7626	-7.143432e+01
7627	-7.596697e+01
7628	-6.991161e+01
7629	-7.411482e+01
7630	-7.140973e+01
7631	-7.376787e+01
7632	-7.461898e+01
7633	-7.128916e+01
7634	-7.415339e+01
7635	-7.439567e+01
7636	-7.060382e+01
7637	-7.196552e+01
7638	-7.196041e+01
7639	-7.512790e+01
7640	-7.254465e+01
7641	-7.240216e+01
7642	-7.535901e+01
7643	-7.713426e+01
7644	-7.220854e+01
7645	-7.297938e+01
7646	-7.420377e+01
7647	-7.105136e+01
7648	-7.648906e+01
7649	-7.035137e+01
7650	-7.264289e+01
7651	-7.274439e+01
7652	-7.259464e+01
7653	-7.326109e+01
7654	-7.173763e+01
7655	-7.292691e+01
7656	-7.112881e+01
7657	-7.196379e+01
7658	-7.537924e+01
7659	-7.124724e+01
7660	-7.370439e+01
7661	-7.248084e+01
7662	-7.221819e+01
7663	-6.720241e+01
7664	-7.126354e+01
7665	-7.554193e+01
7666	-6.993520e+01
7667	-7.312439e+01
7668	-6.990221e+01
7669	-7.663964e+01
7670	-7.210027e+01
7671	-7.273426e+01
7672	-7.358233e+01
7673	-7.523963e+01
7674	-7.352312e+01
7675	-7.050094e+01
7676	-7.552462e+01
7677	-7.228197e+01
7678	-7.171341e+01
7679	-7.284199e+01
7680	-7.324780e+01
7681	-7.410556e+01
7682	-7.294424e+01
7683	-7.387696e+01
7684	-7.161314e+01
7685	-7.483665e+01
7686	-7.153645e+01
7687	-7.600471e+01
7688	-7.411561e+01
7689	-7.231623e+01
7690	-7.428576e+01
7691	-7.039168e+01
7692	-7.231435e+01
7693	-7.242822e+01
7694	-7.551950e+01
7695	-7.244282e+01
7696	-7.364706e+01
7697	-7.379348e+01
7698	-7.194934e+01
7699	-7.480533e+01
7700	-7.008502e+01
7701	-7.296741e+01
7702	-7.512576e+01
7703	-7.389392e+01
7704	-7.708136e+01
7705	-7.108386e+01
7706	-7.225543e+01
7707	-7.371723e+01
7708	-6.962261e+01
7709	-7.299130e+01
7710	-7.309095e+01
7711	-7.460200e+01
7712	-7.076906e+01
7713	-6.884555e+01
7714	-6.780054e+01
7715	-7.271889e+01
7716	-7.305420e+01
7717	-7.628368e+01
7718	-7.097771e+01
7719	-7.282570e+01
7720	-7.042684e+01
7721	-7.630788e+01
7722	-7.495717e+01
7723	-7.273651e+01
7724	-7.123171e+01
7725	-7.374916e+01
7726	-7.427000e+01
7727	-6.889002e+01
7728	-7.067934e+01
7729	-7.179013e+01
7730	-7.300619e+01
7731	-7.295752e+01
7732	-7.637905e+01
7733	-7.254192e+01
7734	-6.991845e+01
7735	-7.375903e+01
7736	-6.947345e+01
7737	-7.584895e+01
7738	-7.214873e+01
7739	-7.623637e+01
7740	-7.505592e+01
7741	-7.527885e+01
7742	-7.221963e+01
7743	-7.166263e+01
7744	-7.265561e+01
7745	-7.108117e+01
7746	-7.436284e+01
7747	-7.420571e+01
7748	-7.156364e+01
7749	-7.297111e+01
7750	-7.325572e+01
7751	-7.165818e+01
7752	-7.326801e+01
7753	-6.937696e+01
7754	-7.304368e+01
7755	-7.601544e+01
7756	-7.356267e+01
7757	-7.235750e+01
7758	-7.317587e+01
7759	-7.523084e+01
7760	-7.140765e+01
7761	-7.016852e+01
7762	-7.270700e+01
7763	-7.176117e+01
7764	-6.947554e+01
7765	-7.164019e+01
7766	-7.262143e+01
7767	-7.061305e+01
7768	-7.242296e+01
7769	-7.321935e+01
7770	-7.410410e+01
7771	-7.206875e+01
7772	-7.252782e+01
7773	-7.110618e+01
7774	-7.738313e+01
7775	-7.455745e+01
7776	-7.255313e+01
7777	-7.576424e+01
7778	-7.380109e+01
7779	-7.317375e+01
7780	-7.619011e+01
7781	-7.514000e+01
7782	-7.259037e+01
7783	-7.059640e+01
7784	-7.754723e+01
7785	-7.219955e+01
7786	-7.129574e+01
7787	-7.430053e+01
7788	-7.343349e+01
7789	-7.444584e+01
7790	-7.151384e+01
7791	-7.432211e+01
7792	-7.046554e+01
7793	-7.225278e+01
7794	-7.437321e+01
7795	-7.168865e+01
7796	-7.235637e+01
7797	-7.233349e+01
7798	-7.342918e+01
7799	-7.390134e+01
7800	-7.411590e+01
7801	-7.117535e+01
7802	-7.082275e+01
7803	-7.242463e+01
7804	-7.150462e+01
7805	-7.796658e+01
7806	-7.326145e+01
7807	-7.314021e+01
7808	-7.184441e+01
7809	-7.153772e+01
7810	-7.255514e+01
7811	-7.382925e+01
7812	-7.342595e+01
7813	-7.137250e+01
7814	-7.234705e+01
7815	-7.316062e+01
7816	-7.353327e+01
7817	-7.264004e+01
7818	-7.232623e+01
7819	-7.557871e+01
7820	-7.397252e+01
7821	-7.425189e+01
7822	-7.465709e+01
7823	-7.326829e+01
7824	-6.956283e+01
7825	-7.003988e+01
7826	-6.942512e+01
7827	-7.492421e+01
7828	-7.262559e+01
7829	-6.926044e+01
7830	-7.249359e+01
7831	-6.918621e+01
7832	-7.216494e+01
7833	-7.036811e+01
7834	-7.281358e+01
7835	-7.315641e+01
7836	-7.540425e+01
7837	-7.087867e+01
7838	-7.157516e+01
7839	-7.402255e+01
7840	-7.587993e+01
7841	-7.228604e+01
7842	-7.415908e+01
7843	-7.258401e+01
7844	-7.432740e+01
7845	-7.253739e+01
7846	-7.166829e+01
7847	-7.250982e+01
7848	-7.370732e+01
7849	-7.010930e+01
7850	-7.009580e+01
7851	-7.330926e+01
7852	-7.341646e+01
7853	-7.110550e+01
7854	-7.449238e+01
7855	-7.228544e+01
7856	-7.393713e+01
7857	-7.191984e+01
7858	-7.033995e+01
7859	-6.967725e+01
7860	-7.244445e+01
7861	-7.219073e+01
7862	-7.221079e+01
7863	-7.113401e+01
7864	-7.136107e+01
7865	-7.428633e+01
7866	-7.164568e+01
7867	-7.557626e+01
7868	-7.418951e+01
7869	-7.279456e+01
7870	-7.316048e+01
7871	-7.554992e+01
7872	-7.164426e+01
7873	-7.604852e+01
7874	-7.108324e+01
7875	-7.560218e+01
7876	-6.949468e+01
7877	-7.205036e+01
7878	-7.501952e+01
7879	-7.515196e+01
7880	-7.541692e+01
7881	-6.936370e+01
7882	-7.472182e+01
7883	-7.084891e+01
7884	-7.325014e+01
7885	-7.258963e+01
7886	-7.089134e+01
7887	-7.583352e+01
7888	-6.974016e+01
7889	-7.067933e+01
7890	-7.570078e+01
7891	-7.379619e+01
7892	-7.650538e+01
7893	-7.133494e+01
7894	-7.224870e+01
7895	-7.248741e+01
7896	-7.187876e+01
7897	-7.636862e+01
7898	-7.524499e+01
7899	-7.050719e+01
7900	-7.508123e+01
7901	-7.291695e+01
7902	-7.319322e+01
7903	-7.447649e+01
7904	-7.333311e+01
7905	-7.077092e+01
7906	-6.926426e+01
7907	-7.481984e+01
7908	-7.297254e+01
7909	-7.464409e+01
7910	-7.233237e+01
7911	-7.481672e+01
7912	-7.109100e+01
7913	-7.160500e+01
7914	-7.074037e+01
7915	-7.236289e+01
7916	-7.290817e+01
7917	-7.296452e+01
7918	-6.970721e+01
7919	-7.331525e+01
7920	-6.996066e+01
7921	-7.057847e+01
7922	-7.229590e+01
7923	-7.297236e+01
7924	-7.563149e+01
7925	-7.451178e+01
7926	-7.348707e+01
7927	-7.509846e+01
7928	-7.248889e+01
7929	-7.541697e+01
7930	-7.235473e+01
7931	-7.387940e+01
7932	-7.518433e+01
7933	-7.316897e+01
7934	-7.469207e+01
7935	-7.052397e+01
7936	-7.458361e+01
7937	-7.172592e+01
7938	-7.218961e+01
7939	-7.264444e+01
7940	-7.421287e+01
7941	-6.873993e+01
7942	-7.374327e+01
7943	-7.521952e+01
7944	-7.292746e+01
7945	-7.294502e+01
7946	-7.486390e+01
7947	-7.140911e+01
7948	-6.957051e+01
7949	-7.267474e+01
7950	-7.107970e+01
7951	-7.195520e+01
7952	-7.696222e+01
7953	-7.231278e+01
7954	-7.562062e+01
7955	-7.496138e+01
7956	-6.996159e+01
7957	-7.288015e+01
7958	-7.531532e+01
7959	-7.229724e+01
7960	-6.874622e+01
7961	-7.485595e+01
7962	-7.253767e+01
7963	-7.200427e+01
7964	-7.068871e+01
7965	-7.492951e+01
7966	-7.167071e+01
7967	-7.425656e+01
7968	-7.482214e+01
7969	-7.317927e+01
7970	-7.582908e+01
7971	-7.333141e+01
7972	-7.282288e+01
7973	-7.329593e+01
7974	-7.294853e+01
7975	-7.358952e+01
7976	-7.246485e+01
7977	-7.684561e+01
7978	-6.942716e+01
7979	-7.120925e+01
7980	-7.458454e+01
7981	-7.133060e+01
7982	-7.164408e+01
7983	-7.252936e+01
7984	-6.875548e+01
7985	-7.695276e+01
7986	-7.456003e+01
7987	-7.473214e+01
7988	-7.276851e+01
7989	-7.347551e+01
7990	-7.200128e+01
7991	-7.565437e+01
7992	-7.530957e+01
7993	-7.203017e+01
7994	-7.201886e+01
7995	-7.612540e+01
7996	-7.078282e+01
7997	-7.320282e+01
7998	-7.020442e+01
7999	-7.101136e+01
8000	-6.989451e+01
8001	-7.392909e+01
8002	-7.335722e+01
8003	-7.476874e+01
8004	-7.247784e+01
8005	-6.941477e+01
8006	-7.020597e+01
8007	-7.575442e+01
8008	-7.149428e+01
8009	-7.383460e+01
8010	-7.273765e+01
8011	-7.340786e+01
8012	-7.283940e+01
8013	-7.060653e+01
8014	-7.258319e+01
8015	-7.132387e+01
8016	-7.357600e+01
8017	-7.336401e+01
8018	-7.486798e+01
8019	-7.118915e+01
8020	-7.345396e+01
8021	-7.668717e+01
8022	-7.194977e+01
8023	-7.072264e+01
8024	-7.472151e+01
8025	-7.343878e+01
8026	-7.251225e+01
8027	-7.300260e+01
8028	-7.290722e+01
8029	-7.134730e+01
8030	-7.453311e+01
8031	-7.335679e+01
8032	-7.224285e+01
8033	-7.289327e+01
8034	-7.332168e+01
8035	-7.358785e+01
8036	-7.551189e+01
8037	-7.421803e+01
8038	-6.861639e+01
8039	-7.428971e+01
8040	-7.216856e+01
8041	-7.083428e+01
8042	-7.305589e+01
8043	-7.408967e+01
8044	-7.239414e+01
8045	-7.160262e+01
8046	-7.190481e+01
8047	-7.211862e+01
8048	-7.373591e+01
8049	-7.469378e+01
8050	-7.616253e+01
8051	-7.449849e+01
8052	-7.188079e+01
8053	-7.197216e+01
8054	-7.259889e+01
8055	-7.206980e+01
8056	-7.391493e+01
8057	-7.139458e+01
8058	-7.084289e+01
8059	-7.075970e+01
8060	-7.263483e+01
8061	-7.261619e+01
8062	-7.117563e+01
8063	-7.382292e+01
8064	-7.323336e+01
8065	-7.106073e+01
8066	-7.413819e+01
8067	-7.312598e+01
8068	-6.984472e+01
8069	-7.248610e+01
8070	-7.278282e+01
8071	-7.432700e+01
8072	-7.203554e+01
8073	-7.347354e+01
8074	-7.033246e+01
8075	-7.592908e+01
8076	-7.488624e+01
8077	-7.499753e+01
8078	-7.272246e+01
8079	-7.307106e+01
8080	-7.342017e+01
8081	-7.323640e+01
8082	-7.152173e+01
8083	-6.954075e+01
8084	-7.002864e+01
8085	-7.179045e+01
8086	-7.549965e+01
8087	-7.171894e+01
8088	-7.190834e+01
8089	-7.401769e+01
8090	-7.452830e+01
8091	-7.009940e+01
8092	-7.201969e+01
8093	-7.467825e+01
8094	-7.276414e+01
8095	-7.249024e+01
8096	-7.315369e+01
8097	-7.370906e+01
8098	-7.145072e+01
8099	-7.359017e+01
8100	-7.581255e+01
8101	-6.962011e+01
8102	-7.318493e+01
8103	-7.602979e+01
8104	-7.581585e+01
8105	-7.447714e+01
8106	-7.057910e+01
8107	-7.264172e+01
8108	-7.553106e+01
8109	-7.378983e+01
8110	-7.207510e+01
8111	-7.150359e+01
8112	-7.133556e+01
8113	-7.125596e+01
8114	-7.399897e+01
8115	-7.230650e+01
8116	-7.342620e+01
8117	-7.230557e+01
8118	-7.117864e+01
8119	-7.316291e+01
8120	-7.166631e+01
8121	-7.583069e+01
8122	-7.268210e+01
8123	-7.382382e+01
8124	-7.354970e+01
8125	-7.625108e+01
8126	-7.070302e+01
8127	-7.134705e+01
8128	-7.481252e+01
8129	-7.534015e+01
8130	-7.595237e+01
8131	-7.385081e+01
8132	-7.507645e+01
8133	-7.343741e+01
8134	-7.422571e+01
8135	-7.245298e+01
8136	-7.372787e+01
8137	-7.327638e+01
8138	-7.338004e+01
8139	-7.380942e+01
8140	-7.357269e+01
8141	-6.825794e+01
8142	-7.292366e+01
8143	-7.399393e+01
8144	-7.184994e+01
8145	-7.136387e+01
8146	-7.913208e+01
8147	-7.260524e+01
8148	-7.120965e+01
8149	-7.158860e+01
8150	-7.213580e+01
8151	-7.041451e+01
8152	-7.164200e+01
8153	-7.484072e+01
8154	-7.443996e+01
8155	-7.446830e+01
8156	-7.552335e+01
8157	-7.476390e+01
8158	-7.645045e+01
8159	-7.401018e+01
8160	-7.563392e+01
8161	-7.108510e+01
8162	-7.169048e+01
8163	-7.214158e+01
8164	-7.231482e+01
8165	-7.324706e+01
8166	-6.876015e+01
8167	-7.322787e+01
8168	-7.228806e+01
8169	-7.775942e+01
8170	-7.270694e+01
8171	-7.292285e+01
8172	-7.151918e+01
8173	-7.313086e+01
8174	-7.509613e+01
8175	-7.320124e+01
8176	-6.821402e+01
8177	-7.338178e+01
8178	-7.246723e+01
8179	-7.396143e+01
8180	-7.349200e+01
8181	-7.020186e+01
8182	-7.562768e+01
8183	-7.593054e+01
8184	-7.503031e+01
8185	-7.159136e+01
8186	-7.468739e+01
8187	-7.428984e+01
8188	-7.513396e+01
8189	-7.121460e+01
8190	-7.414582e+01
8191	-7.547770e+01
8192	-7.169971e+01
8193	-6.893847e+01
8194	-7.478964e+01
8195	-7.276742e+01
8196	-7.184075e+01
8197	-6.984060e+01
8198	-7.135693e+01
8199	-7.491652e+01
8200	-7.374957e+01
8201	-7.211797e+01
8202	-7.104117e+01
8203	-7.086233e+01
8204	-7.592875e+01
8205	-7.565100e+01
8206	-7.060531e+01
8207	-7.466974e+01
8208	-7.682227e+01
8209	-7.348082e+01
8210	-7.347126e+01
8211	-7.098011e+01
8212	-7.349499e+01
8213	-7.279701e+01
8214	-7.239332e+01
8215	-7.345151e+01
8216	-7.297594e+01
8217	-7.556041e+01
8218	-7.256749e+01
8219	-7.351881e+01
8220	-7.117761e+01
8221	-7.614935e+01
8222	-7.219828e+01
8223	-7.354050e+01
8224	-7.390285e+01
8225	-7.070099e+01
8226	-7.314251e+01
8227	-7.146867e+01
8228	-7.043385e+01
8229	-7.253027e+01
8230	-7.309827e+01
8231	-7.419505e+01
8232	-7.368980e+01
8233	-7.027827e+01
8234	-7.073086e+01
8235	-7.045656e+01
8236	-7.458786e+01
8237	-7.185896e+01
8238	-7.201651e+01
8239	-7.146388e+01
8240	-7.420740e+01
8241	-7.233654e+01
8242	-7.159137e+01
8243	-7.130658e+01
8244	-7.436558e+01
8245	-7.210763e+01
8246	-7.437595e+01
8247	-7.244920e+01
8248	-7.487153e+01
8249	-6.980228e+01
8250	-7.232461e+01
8251	-7.052577e+01
8252	-7.582161e+01
8253	-7.482235e+01
8254	-7.474752e+01
8255	-7.676960e+01
8256	-7.419641e+01
8257	-7.176654e+01
8258	-7.431105e+01
8259	-6.775295e+01
8260	-7.516016e+01
8261	-7.391747e+01
8262	-7.237472e+01
8263	-7.610907e+01
8264	-7.433251e+01
8265	-7.290073e+01
8266	-7.405511e+01
8267	-7.502742e+01
8268	-7.253050e+01
8269	-7.310751e+01
8270	-7.363171e+01
8271	-7.121532e+01
8272	-7.402381e+01
8273	-7.205953e+01
8274	-7.157845e+01
8275	-7.342883e+01
8276	-7.111534e+01
8277	-7.172280e+01
8278	-7.351366e+01
8279	-7.498464e+01
8280	-7.544134e+01
8281	-6.916061e+01
8282	-7.111815e+01
8283	-7.310247e+01
8284	-6.995754e+01
8285	-7.332951e+01
8286	-7.259560e+01
8287	-7.311966e+01
8288	-7.232279e+01
8289	-7.295397e+01
8290	-7.359916e+01
8291	-6.937584e+01
8292	-7.085402e+01
8293	-7.289647e+01
8294	-7.384901e+01
8295	-7.420202e+01
8296	-6.882552e+01
8297	-7.396299e+01
8298	-7.358602e+01
8299	-7.785365e+01
8300	-7.508412e+01
8301	-7.321151e+01
8302	-7.019531e+01
8303	-7.747064e+01
8304	-7.306514e+01
8305	-7.708111e+01
8306	-7.544661e+01
8307	-7.645710e+01
8308	-6.779509e+01
8309	-7.324133e+01
8310	-7.258635e+01
8311	-7.062784e+01
8312	-7.086990e+01
8313	-7.405011e+01
8314	-7.224355e+01
8315	-7.189181e+01
8316	-7.082674e+01
8317	-7.538725e+01
8318	-7.340466e+01
8319	-7.336631e+01
8320	-7.274960e+01
8321	-7.374661e+01
8322	-7.163172e+01
8323	-6.992225e+01
8324	-7.268009e+01
8325	-7.743712e+01
8326	-7.167118e+01
8327	-7.424671e+01
8328	-7.576931e+01
8329	-7.233074e+01
8330	-7.440665e+01
8331	-7.001347e+01
8332	-7.604572e+01
8333	-7.351721e+01
8334	-7.334683e+01
8335	-7.231063e+01
8336	-7.239285e+01
8337	-6.991979e+01
8338	-7.281900e+01
8339	-7.253323e+01
8340	-7.375068e+01
8341	-7.342084e+01
8342	-7.064118e+01
8343	-6.959407e+01
8344	-7.235964e+01
8345	-7.071747e+01
8346	-7.327052e+01
8347	-7.330021e+01
8348	-6.970967e+01
8349	-7.465937e+01
8350	-7.335761e+01
8351	-7.302930e+01
8352	-7.232012e+01
8353	-6.904711e+01
8354	-7.431730e+01
8355	-7.312655e+01
8356	-7.114751e+01
8357	-7.704103e+01
8358	-7.200127e+01
8359	-7.186822e+01
8360	-7.476729e+01
8361	-7.177536e+01
8362	-6.918893e+01
8363	-7.111219e+01
8364	-7.315882e+01
8365	-7.464293e+01
8366	-7.298390e+01
8367	-7.350418e+01
8368	-7.196675e+01
8369	-7.290217e+01
8370	-7.446063e+01
8371	-7.455169e+01
8372	-7.351897e+01
8373	-7.044160e+01
8374	-7.352848e+01
8375	-7.421246e+01
8376	-7.205461e+01
8377	-7.365094e+01
8378	-7.724866e+01
8379	-7.533687e+01
8380	-7.346437e+01
8381	-7.220136e+01
8382	-7.138010e+01
8383	-7.010791e+01
8384	-7.413191e+01
8385	-7.321050e+01
8386	-7.246118e+01
8387	-7.286588e+01
8388	-7.089760e+01
8389	-7.451572e+01
8390	-7.200785e+01
8391	-7.382593e+01
8392	-7.419809e+01
8393	-7.129127e+01
8394	-7.257017e+01
8395	-7.367168e+01
8396	-7.355151e+01
8397	-6.892999e+01
8398	-7.407044e+01
8399	-7.795956e+01
8400	-7.188022e+01
8401	-7.449406e+01
8402	-7.336181e+01
8403	-7.301015e+01
8404	-7.273096e+01
8405	-7.009223e+01
8406	-7.185826e+01
8407	-7.177599e+01
8408	-7.224872e+01
8409	-6.835670e+01
8410	-7.328072e+01
8411	-6.939500e+01
8412	-7.474959e+01
8413	-7.105062e+01
8414	-7.201486e+01
8415	-7.612310e+01
8416	-7.086236e+01
8417	-7.093294e+01
8418	-7.445013e+01
8419	-7.095845e+01
8420	-7.176085e+01
8421	-7.441171e+01
8422	-7.030072e+01
8423	-7.116395e+01
8424	-7.188227e+01
8425	-7.176115e+01
8426	-7.514277e+01
8427	-7.556177e+01
8428	-7.262527e+01
8429	-7.357384e+01
8430	-7.193051e+01
8431	-7.004787e+01
8432	-7.152914e+01
8433	-7.431001e+01
8434	-7.468004e+01
8435	-7.492721e+01
8436	-6.911063e+01
8437	-7.237492e+01
8438	-6.732950e+01
8439	-7.197629e+01
8440	-7.323287e+01
8441	-7.403516e+01
8442	-7.151493e+01
8443	-7.240331e+01
8444	-7.174183e+01
8445	-7.659412e+01
8446	-7.604194e+01
8447	-7.326351e+01
8448	-7.250228e+01
8449	-7.258079e+01
8450	-7.296455e+01
8451	-7.203102e+01
8452	-7.272483e+01
8453	-7.451296e+01
8454	-7.435122e+01
8455	-7.050924e+01
8456	-7.396437e+01
8457	-7.701938e+01
8458	-7.157566e+01
8459	-7.013078e+01
8460	-7.198261e+01
8461	-7.256814e+01
8462	-7.231807e+01
8463	-7.229695e+01
8464	-7.123900e+01
8465	-7.276519e+01
8466	-7.624525e+01
8467	-7.303230e+01
8468	-7.343826e+01
8469	-7.377152e+01
8470	-7.434245e+01
8471	-7.394038e+01
8472	-7.148370e+01
8473	-7.207618e+01
8474	-7.611872e+01
8475	-7.480396e+01
8476	-7.370794e+01
8477	-7.543565e+01
8478	-7.213335e+01
8479	-7.320517e+01
8480	-7.343461e+01
8481	-7.182819e+01
8482	-7.449872e+01
8483	-7.147554e+01
8484	-7.239625e+01
8485	-7.297790e+01
8486	-7.409359e+01
8487	-6.977258e+01
8488	-7.142981e+01
8489	-7.405612e+01
8490	-7.258795e+01
8491	-7.256292e+01
8492	-7.560971e+01
8493	-7.278927e+01
8494	-6.897554e+01
8495	-7.595961e+01
8496	-7.209928e+01
8497	-7.359324e+01
8498	-7.441795e+01
8499	-7.503354e+01
8500	-7.035999e+01
8501	-7.297117e+01
8502	-7.184365e+01
8503	-7.131898e+01
8504	-7.150947e+01
8505	-7.318992e+01
8506	-7.134303e+01
8507	-7.267343e+01
8508	-6.952147e+01
8509	-7.165107e+01
8510	-7.476729e+01
8511	-7.071024e+01
8512	-6.779676e+01
8513	-7.065859e+01
8514	-7.170849e+01
8515	-7.169704e+01
8516	-6.969769e+01
8517	-7.201692e+01
8518	-7.220576e+01
8519	-7.107348e+01
8520	-7.280228e+01
8521	-6.935013e+01
8522	-7.878425e+01
8523	-7.280159e+01
8524	-7.111075e+01
8525	-7.277366e+01
8526	-7.402506e+01
8527	-7.455852e+01
8528	-7.336175e+01
8529	-7.483928e+01
8530	-7.261080e+01
8531	-7.130205e+01
8532	-7.269229e+01
8533	-7.364270e+01
8534	-7.190610e+01
8535	-7.053906e+01
8536	-7.351403e+01
8537	-7.061718e+01
8538	-7.162990e+01
8539	-7.225135e+01
8540	-6.979769e+01
8541	-6.952619e+01
8542	-7.205576e+01
8543	-7.360338e+01
8544	-7.052096e+01
8545	-7.217430e+01
8546	-7.103372e+01
8547	-6.967925e+01
8548	-7.067596e+01
8549	-7.365990e+01
8550	-7.321266e+01
8551	-7.498501e+01
8552	-7.073914e+01
8553	-7.139078e+01
8554	-7.390126e+01
8555	-7.156511e+01
8556	-7.289966e+01
8557	-7.146626e+01
8558	-7.201600e+01
8559	-7.170598e+01
8560	-7.566415e+01
8561	-7.066068e+01
8562	-7.384018e+01
8563	-7.264990e+01
8564	-7.140846e+01
8565	-7.261163e+01
8566	-7.736699e+01
8567	-7.536398e+01
8568	-7.386350e+01
8569	-7.154595e+01
8570	-7.261170e+01
8571	-6.870013e+01
8572	-7.107620e+01
8573	-6.952804e+01
8574	-7.325048e+01
8575	-7.195402e+01
8576	-7.277305e+01
8577	-7.112368e+01
8578	-7.189861e+01
8579	-7.433670e+01
8580	-6.915373e+01
8581	-7.658023e+01
8582	-7.267912e+01
8583	-6.894640e+01
8584	-7.527831e+01
8585	-7.514524e+01
8586	-7.209511e+01
8587	-7.437363e+01
8588	-7.270456e+01
8589	-7.475080e+01
8590	-7.503628e+01
8591	-6.830434e+01
8592	-7.554174e+01
8593	-7.396272e+01
8594	-7.424451e+01
8595	-7.342379e+01
8596	-7.642689e+01
8597	-7.192100e+01
8598	-7.167545e+01
8599	-7.274783e+01
8600	-7.197273e+01
8601	-7.124907e+01
8602	-7.272224e+01
8603	-7.304330e+01
8604	-7.023171e+01
8605	-7.459352e+01
8606	-7.489116e+01
8607	-7.554410e+01
8608	-7.230097e+01
8609	-7.533497e+01
8610	-7.128582e+01
8611	-7.046535e+01
8612	-7.167473e+01
8613	-7.451611e+01
8614	-7.241349e+01
8615	-7.353506e+01
8616	-7.200122e+01
8617	-7.194814e+01
8618	-7.623807e+01
8619	-7.136450e+01
8620	-7.324211e+01
8621	-7.254689e+01
8622	-7.092943e+01
8623	-7.863401e+01
8624	-7.864544e+01
8625	-7.170779e+01
8626	-7.401959e+01
8627	-7.093507e+01
8628	-7.688160e+01
8629	-7.146957e+01
8630	-7.475475e+01
8631	-7.127048e+01
8632	-7.281636e+01
8633	-7.444411e+01
8634	-7.260700e+01
8635	-7.409334e+01
8636	-7.310636e+01
8637	-7.155638e+01
8638	-7.262788e+01
8639	-7.194591e+01
8640	-7.413246e+01
8641	-7.637809e+01
8642	-7.481096e+01
8643	-7.501598e+01
8644	-7.322600e+01
8645	-7.111015e+01
8646	-7.497039e+01
8647	-7.392721e+01
8648	-7.451726e+01
8649	-7.668969e+01
8650	-7.419703e+01
8651	-6.829205e+01
8652	-7.286943e+01
8653	-7.118378e+01
8654	-6.992986e+01
8655	-7.278625e+01
8656	-7.441345e+01
8657	-7.486759e+01
8658	-7.325603e+01
8659	-6.864299e+01
8660	-7.804625e+01
8661	-6.964835e+01
8662	-7.254863e+01
8663	-7.407401e+01
8664	-7.329102e+01
8665	-7.184569e+01
8666	-7.214212e+01
8667	-7.110169e+01
8668	-7.462927e+01
8669	-7.425109e+01
8670	-7.100647e+01
8671	-7.674322e+01
8672	-7.263569e+01
8673	-7.395587e+01
8674	-7.243663e+01
8675	-7.148552e+01
8676	-7.249204e+01
8677	-7.280645e+01
8678	-7.394595e+01
8679	-7.138002e+01
8680	-7.241565e+01
8681	-7.096569e+01
8682	-7.364799e+01
8683	-7.323732e+01
8684	-7.387209e+01
8685	-7.162322e+01
8686	-7.470605e+01
8687	-6.933139e+01
8688	-7.090864e+01
8689	-7.360735e+01
8690	-7.184147e+01
8691	-7.415325e+01
8692	-7.394464e+01
8693	-7.116027e+01
8694	-7.295370e+01
8695	-7.262437e+01
8696	-7.649608e+01
8697	-7.029251e+01
8698	-7.107624e+01
8699	-7.461737e+01
8700	-7.567139e+01
8701	-7.090351e+01
8702	-7.165450e+01
8703	-7.127727e+01
8704	-7.416091e+01
8705	-7.017523e+01
8706	-7.491502e+01
8707	-7.056312e+01
8708	-7.385536e+01
8709	-7.164505e+01
8710	-7.265388e+01
8711	-7.330808e+01
8712	-7.378063e+01
8713	-7.099022e+01
8714	-7.262131e+01
8715	-7.259910e+01
8716	-7.233316e+01
8717	-7.443941e+01
8718	-7.168343e+01
8719	-7.098166e+01
8720	-7.436145e+01
8721	-7.061281e+01
8722	-7.114393e+01
8723	-6.982474e+01
8724	-7.384959e+01
8725	-7.546522e+01
8726	-7.358201e+01
8727	-7.116262e+01
8728	-7.155950e+01
8729	-7.248530e+01
8730	-7.006342e+01
8731	-7.141068e+01
8732	-7.164180e+01
8733	-6.801133e+01
8734	-6.823594e+01
8735	-7.346142e+01
8736	-7.363604e+01
8737	-7.416908e+01
8738	-7.357674e+01
8739	-7.550993e+01
8740	-7.080814e+01
8741	-7.343043e+01
8742	-7.167901e+01
8743	-7.252869e+01
8744	-7.622114e+01
8745	-7.590766e+01
8746	-7.462670e+01
8747	-7.270961e+01
8748	-6.945720e+01
8749	-7.470357e+01
8750	-7.138883e+01
8751	-7.367491e+01
8752	-7.214814e+01
8753	-7.180590e+01
8754	-7.395349e+01
8755	-7.337930e+01
8756	-7.396291e+01
8757	-7.724770e+01
8758	-7.467646e+01
8759	-7.154903e+01
8760	-7.208177e+01
8761	-7.198463e+01
8762	-7.091176e+01
8763	-7.315166e+01
8764	-7.515910e+01
8765	-7.618776e+01
8766	-6.832349e+01
8767	-7.190469e+01
8768	-7.238164e+01
8769	-7.118099e+01
8770	-7.342996e+01
8771	-7.241180e+01
8772	-7.305031e+01
8773	-7.081016e+01
8774	-7.418186e+01
8775	-7.391045e+01
8776	-7.382870e+01
8777	-7.571630e+01
8778	-7.330639e+01
8779	-7.306679e+01
8780	-7.418562e+01
8781	-7.512753e+01
8782	-7.467187e+01
8783	-7.405461e+01
8784	-7.407563e+01
8785	-7.453899e+01
8786	-7.174421e+01
8787	-7.273541e+01
8788	-7.068911e+01
8789	-7.201511e+01
8790	-7.053618e+01
8791	-7.552069e+01
8792	-7.836623e+01
8793	-7.594542e+01
8794	-7.277107e+01
8795	-7.346084e+01
8796	-7.227925e+01
8797	-7.437193e+01
8798	-7.281297e+01
8799	-7.254491e+01
8800	-7.608493e+01
8801	-7.153655e+01
8802	-7.239573e+01
8803	-7.141419e+01
8804	-6.916341e+01
8805	-7.294175e+01
8806	-7.252541e+01
8807	-7.347619e+01
8808	-7.470865e+01
8809	-7.369900e+01
8810	-7.408237e+01
8811	-7.511646e+01
8812	-7.310980e+01
8813	-7.271443e+01
8814	-7.392301e+01
8815	-7.234308e+01
8816	-7.397119e+01
8817	-7.447559e+01
8818	-7.294281e+01
8819	-7.009393e+01
8820	-7.064002e+01
8821	-7.155362e+01
8822	-7.058560e+01
8823	-7.583222e+01
8824	-7.478282e+01
8825	-7.209934e+01
8826	-7.240846e+01
8827	-6.862697e+01
8828	-7.272979e+01
8829	-7.647510e+01
8830	-7.248021e+01
8831	-7.405011e+01
8832	-7.447084e+01
8833	-7.272601e+01
8834	-7.359698e+01
8835	-7.320050e+01
8836	-6.873517e+01
8837	-7.460734e+01
8838	-7.089760e+01
8839	-7.368356e+01
8840	-7.276814e+01
8841	-7.629660e+01
8842	-7.091049e+01
8843	-7.336236e+01
8844	-7.130228e+01
8845	-7.181901e+01
8846	-7.405865e+01
8847	-7.244738e+01
8848	-7.304321e+01
8849	-7.332197e+01
8850	-7.327219e+01
8851	-7.150469e+01
8852	-7.251046e+01
8853	-7.206741e+01
8854	-7.147465e+01
8855	-7.297977e+01
8856	-7.462036e+01
8857	-7.132141e+01
8858	-6.956319e+01
8859	-7.534129e+01
8860	-7.253161e+01
8861	-7.518513e+01
8862	-7.269713e+01
8863	-7.678729e+01
8864	-7.248712e+01
8865	-6.947140e+01
8866	-7.118671e+01
8867	-7.504415e+01
8868	-7.248696e+01
8869	-7.150030e+01
8870	-7.093460e+01
8871	-7.025129e+01
8872	-7.366666e+01
8873	-7.165683e+01
8874	-6.879578e+01
8875	-7.111040e+01
8876	-7.097612e+01
8877	-7.056742e+01
8878	-7.388239e+01
8879	-7.415911e+01
8880	-7.332180e+01
8881	-7.318009e+01
8882	-7.197208e+01
8883	-7.080308e+01
8884	-7.279053e+01
8885	-7.294952e+01
8886	-7.512808e+01
8887	-7.240939e+01
8888	-7.153547e+01
8889	-7.472852e+01
8890	-7.410833e+01
8891	-7.365710e+01
8892	-7.245040e+01
8893	-6.999140e+01
8894	-6.896631e+01
8895	-7.372791e+01
8896	-7.354968e+01
8897	-7.410747e+01
8898	-7.403792e+01
8899	-7.431099e+01
8900	-7.538339e+01
8901	-7.195923e+01
8902	-7.297079e+01
8903	-6.991859e+01
8904	-7.305895e+01
8905	-6.955667e+01
8906	-7.384063e+01
8907	-7.181240e+01
8908	-7.190361e+01
8909	-7.047827e+01
8910	-7.109740e+01
8911	-7.259975e+01
8912	-7.218913e+01
8913	-7.192826e+01
8914	-7.282529e+01
8915	-7.364696e+01
8916	-7.216269e+01
8917	-7.426412e+01
8918	-7.158256e+01
8919	-7.231229e+01
8920	-7.793476e+01
8921	-7.413646e+01
8922	-7.349947e+01
8923	-7.340345e+01
8924	-7.145768e+01
8925	-7.430777e+01
8926	-7.400036e+01
8927	-7.434938e+01
8928	-7.404978e+01
8929	-7.402516e+01
8930	-7.333273e+01
8931	-7.721459e+01
8932	-7.170436e+01
8933	-7.354923e+01
8934	-6.933021e+01
8935	-7.147993e+01
8936	-7.263152e+01
8937	-7.399905e+01
8938	-7.266105e+01
8939	-7.424303e+01
8940	-7.353710e+01
8941	-7.789115e+01
8942	-6.934013e+01
8943	-7.214784e+01
8944	-7.394640e+01
8945	-7.457130e+01
8946	-7.626792e+01
8947	-7.141908e+01
8948	-7.311415e+01
8949	-7.406623e+01
8950	-7.153256e+01
8951	-7.221881e+01
8952	-7.602434e+01
8953	-7.481820e+01
8954	-7.552798e+01
8955	-7.058288e+01
8956	-6.990988e+01
8957	-7.332818e+01
8958	-6.994129e+01
8959	-7.411331e+01
8960	-7.217142e+01
8961	-7.418555e+01
8962	-7.273172e+01
8963	-7.306540e+01
8964	-7.156863e+01
8965	-7.522411e+01
8966	-7.122781e+01
8967	-7.165977e+01
8968	-7.153028e+01
8969	-7.199871e+01
8970	-7.402262e+01
8971	-6.926615e+01
8972	-7.509407e+01
8973	-7.343605e+01
8974	-7.407471e+01
8975	-7.001698e+01
8976	-6.951045e+01
8977	-7.360534e+01
8978	-7.467728e+01
8979	-7.198521e+01
8980	-7.542965e+01
8981	-7.425705e+01
8982	-7.296648e+01
8983	-7.455813e+01
8984	-7.329582e+01
8985	-7.074510e+01
8986	-7.418686e+01
8987	-7.562958e+01
8988	-7.354632e+01
8989	-7.408504e+01
8990	-7.194827e+01
8991	-7.398402e+01
8992	-7.330817e+01
8993	-7.213398e+01
8994	-7.348250e+01
8995	-6.630736e+01
8996	-7.280248e+01
8997	-7.181906e+01
8998	-7.362585e+01
8999	-7.552779e+01
9000	-7.291269e+01
9001	-7.137863e+01
9002	-7.444233e+01
9003	-7.306487e+01
9004	-7.085108e+01
9005	-7.189917e+01
9006	-7.871419e+01
9007	-7.133746e+01
9008	-7.161688e+01
9009	-7.838451e+01
9010	-7.412029e+01
9011	-7.493851e+01
9012	-7.654200e+01
9013	-7.611928e+01
9014	-7.439711e+01
9015	-7.374262e+01
9016	-7.130477e+01
9017	-7.043538e+01
9018	-7.050382e+01
9019	-7.089963e+01
9020	-7.289866e+01
9021	-7.220090e+01
9022	-7.321352e+01
9023	-7.507227e+01
9024	-7.223349e+01
9025	-7.308492e+01
9026	-7.330699e+01
9027	-7.671686e+01
9028	-7.488691e+01
9029	-7.307813e+01
9030	-7.470218e+01
9031	-7.447073e+01
9032	-7.234812e+01
9033	-6.894633e+01
9034	-7.376119e+01
9035	-7.186225e+01
9036	-7.164141e+01
9037	-7.245335e+01
9038	-7.015989e+01
9039	-7.441758e+01
9040	-7.104858e+01
9041	-7.429073e+01
9042	-7.101330e+01
9043	-7.577335e+01
9044	-7.417167e+01
9045	-7.560021e+01
9046	-7.373078e+01
9047	-7.364029e+01
9048	-6.819958e+01
9049	-7.526262e+01
9050	-6.820667e+01
9051	-7.628976e+01
9052	-7.105689e+01
9053	-7.552258e+01
9054	-7.597384e+01
9055	-7.175322e+01
9056	-7.348889e+01
9057	-7.533281e+01
9058	-7.474481e+01
9059	-6.951352e+01
9060	-7.600591e+01
9061	-7.198188e+01
9062	-7.361531e+01
9063	-7.105297e+01
9064	-7.467078e+01
9065	-7.135547e+01
9066	-7.107289e+01
9067	-7.329120e+01
9068	-7.507035e+01
9069	-7.374413e+01
9070	-7.280176e+01
9071	-7.371040e+01
9072	-7.324221e+01
9073	-7.332535e+01
9074	-7.047136e+01
9075	-7.295865e+01
9076	-7.415952e+01
9077	-7.558326e+01
9078	-7.387333e+01
9079	-7.121904e+01
9080	-7.344128e+01
9081	-7.297371e+01
9082	-7.308998e+01
9083	-7.475371e+01
9084	-6.872621e+01
9085	-7.331510e+01
9086	-7.586056e+01
9087	-7.145142e+01
9088	-7.392034e+01
9089	-7.312041e+01
9090	-7.286211e+01
9091	-7.486056e+01
9092	-7.433528e+01
9093	-7.068638e+01
9094	-7.089495e+01
9095	-7.044193e+01
9096	-7.397498e+01
9097	-7.332447e+01
9098	-7.151966e+01
9099	-7.292910e+01
9100	-7.184664e+01
9101	-7.503262e+01
9102	-7.289505e+01
9103	-7.530980e+01
9104	-7.684309e+01
9105	-7.619822e+01
9106	-7.300268e+01
9107	-7.511950e+01
9108	-7.163257e+01
9109	-7.360191e+01
9110	-7.423836e+01
9111	-6.910194e+01
9112	-7.559228e+01
9113	-7.241203e+01
9114	-7.240682e+01
9115	-6.912868e+01
9116	-7.417925e+01
9117	-6.987120e+01
9118	-7.109581e+01
9119	-7.505729e+01
9120	-7.504802e+01
9121	-7.162351e+01
9122	-7.411608e+01
9123	-7.204643e+01
9124	-7.657176e+01
9125	-7.365362e+01
9126	-7.384653e+01
9127	-7.445716e+01
9128	-7.599331e+01
9129	-7.276286e+01
9130	-7.013254e+01
9131	-7.360242e+01
9132	-7.117906e+01
9133	-7.337451e+01
9134	-7.550422e+01
9135	-7.426710e+01
9136	-7.185644e+01
9137	-7.454407e+01
9138	-7.475440e+01
9139	-7.309172e+01
9140	-7.229426e+01
9141	-7.344960e+01
9142	-7.399474e+01
9143	-7.028519e+01
9144	-7.356786e+01
9145	-7.467309e+01
9146	-6.845989e+01
9147	-7.419804e+01
9148	-7.325189e+01
9149	-7.516937e+01
9150	-7.082133e+01
9151	-7.055411e+01
9152	-7.318544e+01
9153	-7.128247e+01
9154	-7.048733e+01
9155	-7.726578e+01
9156	-7.609633e+01
9157	-7.372267e+01
9158	-7.309506e+01
9159	-7.495146e+01
9160	-7.335216e+01
9161	-7.357338e+01
9162	-7.383499e+01
9163	-7.321582e+01
9164	-7.363989e+01
9165	-7.158073e+01
9166	-7.321707e+01
9167	-7.260679e+01
9168	-7.520735e+01
9169	-7.289298e+01
9170	-6.932670e+01
9171	-7.180469e+01
9172	-7.535173e+01
9173	-7.120604e+01
9174	-7.379405e+01
9175	-7.358376e+01
9176	-7.573824e+01
9177	-7.047571e+01
9178	-6.928049e+01
9179	-7.384072e+01
9180	-7.759893e+01
9181	-7.190923e+01
9182	-7.252906e+01
9183	-7.364255e+01
9184	-7.307620e+01
9185	-7.280550e+01
9186	-7.495050e+01
9187	-7.645291e+01
9188	-7.354003e+01
9189	-7.411977e+01
9190	-7.419352e+01
9191	-7.341095e+01
9192	-7.432073e+01
9193	-7.408996e+01
9194	-6.957102e+01
9195	-7.289604e+01
9196	-7.481986e+01
9197	-7.685695e+01
9198	-7.326459e+01
9199	-6.995987e+01
9200	-7.636739e+01
9201	-7.089948e+01
9202	-7.009608e+01
9203	-6.945734e+01
9204	-7.383833e+01
9205	-6.909497e+01
9206	-7.321275e+01
9207	-7.367339e+01
9208	-7.376852e+01
9209	-7.009593e+01
9210	-7.154028e+01
9211	-7.575222e+01
9212	-7.391242e+01
9213	-7.414382e+01
9214	-7.238052e+01
9215	-7.392732e+01
9216	-7.499610e+01
9217	-7.268881e+01
9218	-7.626568e+01
9219	-7.536055e+01
9220	-7.960786e+01
9221	-7.232162e+01
9222	-7.312228e+01
9223	-7.530747e+01
9224	-7.021288e+01
9225	-7.196359e+01
9226	-7.244109e+01
9227	-7.367028e+01
9228	-7.699864e+01
9229	-7.088868e+01
9230	-7.363644e+01
9231	-7.455647e+01
9232	-7.528515e+01
9233	-7.074119e+01
9234	-7.602380e+01
9235	-7.505999e+01
9236	-7.131765e+01
9237	-7.158003e+01
9238	-7.304470e+01
9239	-7.096060e+01
9240	-7.262593e+01
9241	-7.371478e+01
9242	-7.234239e+01
9243	-7.019667e+01
9244	-7.404791e+01
9245	-7.265687e+01
9246	-7.219454e+01
9247	-7.129900e+01
9248	-7.421599e+01
9249	-7.709765e+01
9250	-7.638126e+01
9251	-7.061342e+01
9252	-6.871129e+01
9253	-7.247028e+01
9254	-7.436883e+01
9255	-7.320350e+01
9256	-7.297919e+01
9257	-7.478926e+01
9258	-7.115851e+01
9259	-7.352182e+01
9260	-7.214952e+01
9261	-7.286658e+01
9262	-7.387252e+01
9263	-7.320140e+01
9264	-7.260836e+01
9265	-7.562259e+01
9266	-7.240356e+01
9267	-7.028690e+01
9268	-7.642856e+01
9269	-6.858452e+01
9270	-7.649571e+01
9271	-7.284271e+01
9272	-7.483058e+01
9273	-7.282871e+01
9274	-6.858272e+01
9275	-7.582096e+01
9276	-7.584236e+01
9277	-7.133578e+01
9278	-7.468663e+01
9279	-7.426045e+01
9280	-7.221733e+01
9281	-7.526587e+01
9282	-7.295272e+01
9283	-7.201653e+01
9284	-7.567880e+01
9285	-7.408385e+01
9286	-7.272692e+01
9287	-7.337703e+01
9288	-7.209696e+01
9289	-7.220168e+01
9290	-7.641597e+01
9291	-6.978367e+01
9292	-7.171216e+01
9293	-7.250111e+01
9294	-7.232308e+01
9295	-7.376164e+01
9296	-7.562631e+01
9297	-7.214516e+01
9298	-7.220057e+01
9299	-7.489471e+01
9300	-7.296863e+01
9301	-7.355531e+01
9302	-7.242410e+01
9303	-7.455344e+01
9304	-7.207782e+01
9305	-7.218092e+01
9306	-7.328066e+01
9307	-7.414284e+01
9308	-7.321538e+01
9309	-7.325209e+01
9310	-7.153099e+01
9311	-7.316396e+01
9312	-7.290841e+01
9313	-7.221957e+01
9314	-7.370357e+01
9315	-7.253640e+01
9316	-7.328617e+01
9317	-7.523958e+01
9318	-7.254386e+01
9319	-7.540749e+01
9320	-7.455835e+01
9321	-6.930138e+01
9322	-7.698615e+01
9323	-7.329145e+01
9324	-7.646982e+01
9325	-7.472947e+01
9326	-7.179301e+01
9327	-7.454097e+01
9328	-7.498016e+01
9329	-7.368620e+01
9330	-7.309569e+01
9331	-7.504479e+01
9332	-7.297351e+01
9333	-7.354869e+01
9334	-7.528962e+01
9335	-7.148020e+01
9336	-7.037874e+01
9337	-7.508818e+01
9338	-7.364476e+01
9339	-7.300664e+01
9340	-7.290676e+01
9341	-7.289390e+01
9342	-7.509200e+01
9343	-7.217130e+01
9344	-7.544841e+01
9345	-7.289535e+01
9346	-6.975728e+01
9347	-7.193851e+01
9348	-7.172960e+01
9349	-7.302418e+01
9350	-7.204855e+01
9351	-7.029005e+01
9352	-7.187123e+01
9353	-7.484982e+01
9354	-7.252298e+01
9355	-7.214548e+01
9356	-7.153642e+01
9357	-7.199857e+01
9358	-7.255993e+01
9359	-7.214691e+01
9360	-7.239729e+01
9361	-7.190329e+01
9362	-7.436680e+01
9363	-7.188260e+01
9364	-7.409200e+01
9365	-7.171207e+01
9366	-7.350425e+01
9367	-7.493418e+01
9368	-7.088136e+01
9369	-6.965480e+01
9370	-7.454802e+01
9371	-7.200405e+01
9372	-7.331971e+01
9373	-7.291263e+01
9374	-7.437199e+01
9375	-7.440141e+01
9376	-7.336799e+01
9377	-6.848338e+01
9378	-7.243469e+01
9379	-7.618813e+01
9380	-7.612997e+01
9381	-7.335214e+01
9382	-7.096578e+01
9383	-7.449348e+01
9384	-7.179476e+01
9385	-7.095454e+01
9386	-7.244957e+01
9387	-7.715964e+01
9388	-6.916177e+01
9389	-7.225058e+01
9390	-7.637453e+01
9391	-7.167798e+01
9392	-7.165210e+01
9393	-7.469888e+01
9394	-7.087377e+01
9395	-7.315620e+01
9396	-7.422180e+01
9397	-7.386604e+01
9398	-7.404432e+01
9399	-7.007974e+01
9400	-7.511885e+01
9401	-7.202536e+01
9402	-7.355324e+01
9403	-6.938778e+01
9404	-7.231159e+01
9405	-7.168250e+01
9406	-7.100090e+01
9407	-7.253345e+01
9408	-7.477446e+01
9409	-7.132587e+01
9410	-7.256712e+01
9411	-7.158294e+01
9412	-7.317047e+01
9413	-7.233595e+01
9414	-7.222135e+01
9415	-7.383329e+01
9416	-7.479085e+01
9417	-7.355510e+01
9418	-7.397353e+01
9419	-7.245409e+01
9420	-7.186502e+01
9421	-7.497174e+01
9422	-7.402679e+01
9423	-7.114102e+01
9424	-7.118512e+01
9425	-7.323092e+01
9426	-6.930357e+01
9427	-7.065023e+01
9428	-7.228454e+01
9429	-7.473107e+01
9430	-7.250144e+01
9431	-7.288000e+01
9432	-7.536821e+01
9433	-7.132263e+01
9434	-7.392715e+01
9435	-7.193758e+01
9436	-6.991145e+01
9437	-7.493128e+01
9438	-7.683033e+01
9439	-7.060072e+01
9440	-7.083085e+01
9441	-7.277831e+01
9442	-7.060900e+01
9443	-7.672449e+01
9444	-7.418234e+01
9445	-7.317809e+01
9446	-7.530576e+01
9447	-7.355869e+01
9448	-7.563070e+01
9449	-7.277907e+01
9450	-7.268063e+01
9451	-7.145415e+01
9452	-7.245239e+01
9453	-6.900708e+01
9454	-7.223901e+01
9455	-7.097224e+01
9456	-7.499448e+01
9457	-7.335789e+01
9458	-7.277115e+01
9459	-7.100632e+01
9460	-7.289953e+01
9461	-7.168126e+01
9462	-7.293886e+01
9463	-7.373727e+01
9464	-7.464955e+01
9465	-7.321059e+01
9466	-7.156948e+01
9467	-7.418230e+01
9468	-6.813476e+01
9469	-7.053488e+01
9470	-7.030631e+01
9471	-7.467431e+01
9472	-6.859538e+01
9473	-7.500686e+01
9474	-7.221252e+01
9475	-7.185350e+01
9476	-7.496048e+01
9477	-7.320600e+01
9478	-7.036326e+01
9479	-7.141676e+01
9480	-7.357199e+01
9481	-7.262066e+01
9482	-7.153095e+01
9483	-7.373613e+01
9484	-7.229630e+01
9485	-7.178311e+01
9486	-7.371544e+01
9487	-7.257997e+01
9488	-7.412892e+01
9489	-7.260673e+01
9490	-7.223351e+01
9491	-7.312030e+01
9492	-7.407894e+01
9493	-7.389583e+01
9494	-7.164825e+01
9495	-6.928608e+01
9496	-7.168883e+01
9497	-7.002772e+01
9498	-7.279377e+01
9499	-7.559036e+01
9500	-7.544916e+01
9501	-7.338613e+01
9502	-7.416358e+01
9503	-7.146555e+01
9504	-7.537012e+01
9505	-7.456465e+01
9506	-6.967378e+01
9507	-7.243485e+01
9508	-7.527332e+01
9509	-7.396302e+01
9510	-7.040832e+01
9511	-7.283765e+01
9512	-7.167352e+01
9513	-7.138854e+01
9514	-7.422787e+01
9515	-7.234481e+01
9516	-7.395546e+01
9517	-7.203088e+01
9518	-7.383817e+01
9519	-7.438818e+01
9520	-7.195108e+01
9521	-6.956396e+01
9522	-7.071159e+01
9523	-7.413334e+01
9524	-7.153621e+01
9525	-7.324498e+01
9526	-7.460001e+01
9527	-7.276101e+01
9528	-7.363715e+01
9529	-7.328676e+01
9530	-7.270841e+01
9531	-7.494071e+01
9532	-7.054961e+01
9533	-7.219526e+01
9534	-7.548396e+01
9535	-7.579531e+01
9536	-7.272550e+01
9537	-7.145968e+01
9538	-7.146972e+01
9539	-6.941776e+01
9540	-7.108002e+01
9541	-7.410826e+01
9542	-7.058363e+01
9543	-7.067859e+01
9544	-7.556893e+01
9545	-7.113768e+01
9546	-7.214062e+01
9547	-7.220248e+01
9548	-7.568982e+01
9549	-7.254096e+01
9550	-7.011510e+01
9551	-7.273011e+01
9552	-7.153245e+01
9553	-7.485673e+01
9554	-7.165296e+01
9555	-7.366504e+01
9556	-7.352100e+01
9557	-7.182088e+01
9558	-7.401789e+01
9559	-7.338232e+01
9560	-7.046184e+01
9561	-7.277453e+01
9562	-7.265449e+01
9563	-7.070049e+01
9564	-7.223245e+01
9565	-7.382138e+01
9566	-7.534408e+01
9567	-7.577973e+01
9568	-7.271313e+01
9569	-7.070096e+01
9570	-7.521494e+01
9571	-7.325420e+01
9572	-7.231784e+01
9573	-7.540350e+01
9574	-7.281542e+01
9575	-7.485154e+01
9576	-7.415235e+01
9577	-7.458298e+01
9578	-7.242901e+01
9579	-7.321854e+01
9580	-7.330538e+01
9581	-7.208241e+01
9582	-7.398799e+01
9583	-7.511813e+01
9584	-7.361353e+01
9585	-6.792015e+01
9586	-7.330676e+01
9587	-7.099731e+01
9588	-7.246830e+01
9589	-6.958749e+01
9590	-7.279246e+01
9591	-7.387727e+01
9592	-7.017900e+01
9593	-7.213851e+01
9594	-7.456453e+01
9595	-7.311303e+01
9596	-7.374927e+01
9597	-7.445420e+01
9598	-7.292308e+01
9599	-7.079184e+01
9600	-7.416923e+01
9601	-7.210965e+01
9602	-6.878339e+01
9603	-6.916803e+01
9604	-7.077575e+01
9605	-7.562215e+01
9606	-6.879592e+01
9607	-7.056305e+01
9608	-7.131287e+01
9609	-7.335863e+01
9610	-7.555584e+01
9611	-7.185181e+01
9612	-6.880242e+01
9613	-7.095731e+01
9614	-7.324742e+01
9615	-7.464557e+01
9616	-7.200884e+01
9617	-7.497836e+01
9618	-7.369539e+01
9619	-6.977938e+01
9620	-7.536043e+01
9621	-7.359313e+01
9622	-7.129351e+01
9623	-6.980633e+01
9624	-7.000745e+01
9625	-7.319456e+01
9626	-7.669874e+01
9627	-7.438660e+01
9628	-7.092431e+01
9629	-7.229159e+01
9630	-7.056469e+01
9631	-7.046152e+01
9632	-7.272417e+01
9633	-7.296721e+01
9634	-7.373938e+01
9635	-7.220881e+01
9636	-7.197582e+01
9637	-7.250004e+01
9638	-7.218211e+01
9639	-7.430777e+01
9640	-7.491656e+01
9641	-7.398930e+01
9642	-7.282275e+01
9643	-7.080390e+01
9644	-7.405729e+01
9645	-7.269146e+01
9646	-7.202831e+01
9647	-6.957572e+01
9648	-7.777276e+01
9649	-7.283189e+01
9650	-7.293272e+01
9651	-7.465304e+01
9652	-7.362865e+01
9653	-7.179673e+01
9654	-7.755255e+01
9655	-7.229993e+01
9656	-7.415203e+01
9657	-7.133686e+01
9658	-6.955026e+01
9659	-7.275259e+01
9660	-7.230542e+01
9661	-7.330858e+01
9662	-7.086769e+01
9663	-7.228423e+01
9664	-7.101343e+01
9665	-7.561966e+01
9666	-7.207925e+01
9667	-7.338476e+01
9668	-6.969130e+01
9669	-7.255014e+01
9670	-7.392990e+01
9671	-7.133550e+01
9672	-7.436084e+01
9673	-7.493133e+01
9674	-7.215425e+01
9675	-7.112277e+01
9676	-7.184629e+01
9677	-7.144079e+01
9678	-7.307793e+01
9679	-7.529801e+01
9680	-7.282890e+01
9681	-7.338760e+01
9682	-7.631344e+01
9683	-7.390827e+01
9684	-7.369760e+01
9685	-7.191335e+01
9686	-7.394798e+01
9687	-7.356143e+01
9688	-7.147209e+01
9689	-7.131317e+01
9690	-7.866125e+01
9691	-7.352977e+01
9692	-7.287462e+01
9693	-7.407159e+01
9694	-7.086973e+01
9695	-7.279441e+01
9696	-7.522083e+01
9697	-7.271064e+01
9698	-7.575680e+01
9699	-7.530047e+01
9700	-7.297295e+01
9701	-7.189489e+01
9702	-7.234513e+01
9703	-7.475145e+01
9704	-7.092548e+01
9705	-7.288501e+01
9706	-7.306884e+01
9707	-7.368046e+01
9708	-7.148039e+01
9709	-7.472733e+01
9710	-7.238143e+01
9711	-7.306067e+01
9712	-7.390132e+01
9713	-7.506706e+01
9714	-7.333742e+01
9715	-7.089692e+01
9716	-7.147911e+01
9717	-7.113953e+01
9718	-6.897176e+01
9719	-7.304286e+01
9720	-7.316156e+01
9721	-7.332182e+01
9722	-6.889079e+01
9723	-7.147185e+01
9724	-7.052543e+01
9725	-7.135619e+01
9726	-7.197484e+01
9727	-7.259348e+01
9728	-7.264392e+01
9729	-7.010225e+01
9730	-7.363277e+01
9731	-7.263752e+01
9732	-7.024085e+01
9733	-7.604526e+01
9734	-7.106064e+01
9735	-7.284860e+01
9736	-6.949013e+01
9737	-7.509964e+01
9738	-7.369737e+01
9739	-7.170791e+01
9740	-7.631983e+01
9741	-7.041575e+01
9742	-7.452695e+01
9743	-7.459590e+01
9744	-7.312652e+01
9745	-7.232519e+01
9746	-7.305132e+01
9747	-7.460515e+01
9748	-7.579059e+01
9749	-7.226523e+01
9750	-7.084730e+01
9751	-7.106956e+01
9752	-7.169077e+01
9753	-7.144835e+01
9754	-7.540325e+01
9755	-7.128008e+01
9756	-7.236707e+01
9757	-7.479235e+01
9758	-7.397151e+01
9759	-7.582005e+01
9760	-7.380256e+01
9761	-6.990720e+01
9762	-7.100690e+01
9763	-7.219387e+01
9764	-7.336865e+01
9765	-6.888863e+01
9766	-7.409774e+01
9767	-7.375864e+01
9768	-7.248464e+01
9769	-7.584928e+01
9770	-7.121942e+01
9771	-7.500855e+01
9772	-7.147563e+01
9773	-7.168048e+01
9774	-7.447160e+01
9775	-7.216047e+01
9776	-7.581088e+01
9777	-7.409858e+01
9778	-7.722235e+01
9779	-7.572639e+01
9780	-7.149025e+01
9781	-7.282174e+01
9782	-7.064626e+01
9783	-7.562877e+01
9784	-7.246434e+01
9785	-6.920059e+01
9786	-7.421282e+01
9787	-7.249144e+01
9788	-7.268583e+01
9789	-7.244950e+01
9790	-7.384522e+01
9791	-7.479403e+01
9792	-7.280798e+01
9793	-7.468694e+01
9794	-7.472287e+01
9795	-7.499366e+01
9796	-7.689006e+01
9797	-7.467515e+01
9798	-7.301701e+01
9799	-7.070091e+01
9800	-7.458535e+01
9801	-7.428993e+01
9802	-7.362357e+01
9803	-7.301725e+01
9804	-7.305935e+01
9805	-7.421055e+01
9806	-7.362982e+01
9807	-7.335162e+01
9808	-7.194546e+01
9809	-7.495171e+01
9810	-7.500381e+01
9811	-7.147422e+01
9812	-7.438009e+01
9813	-7.497635e+01
9814	-6.913852e+01
9815	-7.001833e+01
9816	-7.181540e+01
9817	-7.399096e+01
9818	-7.046606e+01
9819	-7.273111e+01
9820	-7.170908e+01
9821	-7.236443e+01
9822	-7.478576e+01
9823	-7.565854e+01
9824	-7.198590e+01
9825	-7.330108e+01
9826	-7.059187e+01
9827	-7.466429e+01
9828	-6.925717e+01
9829	-7.125035e+01
9830	-7.045261e+01
9831	-7.238488e+01
9832	-7.431920e+01
9833	-7.360556e+01
9834	-7.231083e+01
9835	-7.367666e+01
9836	-7.313970e+01
9837	-7.166899e+01
9838	-7.301767e+01
9839	-6.973097e+01
9840	-7.575807e+01
9841	-7.329710e+01
9842	-7.253736e+01
9843	-7.223755e+01
9844	-7.016372e+01
9845	-7.128843e+01
9846	-7.382761e+01
9847	-7.281468e+01
9848	-7.157160e+01
9849	-7.553617e+01
9850	-7.512452e+01
9851	-7.340066e+01
9852	-7.702892e+01
9853	-7.660456e+01
9854	-7.157323e+01
9855	-7.396343e+01
9856	-7.129036e+01
9857	-7.176135e+01
9858	-7.196674e+01
9859	-7.285754e+01
9860	-7.165632e+01
9861	-7.272087e+01
9862	-7.282768e+01
9863	-7.466073e+01
9864	-6.938955e+01
9865	-7.580424e+01
9866	-6.886108e+01
9867	-6.961097e+01
9868	-7.213083e+01
9869	-7.152486e+01
9870	-7.477679e+01
9871	-7.561653e+01
9872	-6.839212e+01
9873	-7.114760e+01
9874	-7.333942e+01
9875	-7.324841e+01
9876	-7.395799e+01
9877	-7.256836e+01
9878	-7.194092e+01
9879	-7.607479e+01
9880	-7.488319e+01
9881	-7.319785e+01
9882	-7.294002e+01
9883	-7.017689e+01
9884	-7.032401e+01
9885	-7.107102e+01
9886	-7.259494e+01
9887	-7.039000e+01
9888	-7.535669e+01
9889	-7.058182e+01
9890	-6.989426e+01
9891	-7.260187e+01
9892	-7.251798e+01
9893	-7.299444e+01
9894	-7.334167e+01
9895	-7.332036e+01
9896	-7.496905e+01
9897	-7.346272e+01
9898	-7.199952e+01
9899	-7.662208e+01
9900	-7.412395e+01
9901	-7.496775e+01
9902	-6.933793e+01
9903	-7.386589e+01
9904	-6.997936e+01
9905	-7.230079e+01
9906	-7.284112e+01
9907	-7.540873e+01
9908	-6.753667e+01
9909	-7.121738e+01
9910	-7.369158e+01
9911	-7.092721e+01
9912	-7.325233e+01
9913	-6.995548e+01
9914	-7.603733e+01
9915	-7.057342e+01
9916	-7.064817e+01
9917	-7.515540e+01
9918	-7.379702e+01
9919	-7.766047e+01
9920	-7.335564e+01
9921	-7.346843e+01
9922	-7.358451e+01
9923	-7.305294e+01
9924	-7.676611e+01
9925	-7.134463e+01
9926	-7.425819e+01
9927	-7.434864e+01
9928	-7.037072e+01
9929	-7.175287e+01
9930	-7.394151e+01
9931	-7.069238e+01
9932	-7.068183e+01
9933	-7.293619e+01
9934	-6.985645e+01
9935	-7.453577e+01
9936	-7.634001e+01
9937	-7.196756e+01
9938	-6.897094e+01
9939	-7.550347e+01
9940	-7.160457e+01
9941	-7.501137e+01
9942	-7.364130e+01
9943	-6.730025e+01
9944	-7.266311e+01
9945	-7.415356e+01
9946	-7.145277e+01
9947	-7.724415e+01
9948	-7.469755e+01
9949	-7.275640e+01
9950	-7.373076e+01
9951	-7.544562e+01
9952	-7.339685e+01
9953	-7.409135e+01
9954	-7.254949e+01
9955	-6.951331e+01
9956	-7.368377e+01
9957	-7.539299e+01
9958	-7.469926e+01
9959	-7.376252e+01
9960	-7.284388e+01
9961	-6.862883e+01
9962	-7.216040e+01
9963	-6.775647e+01
9964	-7.423462e+01
9965	-7.434350e+01
9966	-7.537075e+01
9967	-7.227872e+01
9968	-7.061035e+01
9969	-7.587546e+01
9970	-7.277285e+01
9971	-7.124956e+01
9972	-7.115871e+01
9973	-7.247522e+01
9974	-7.390931e+01
9975	-7.441933e+01
9976	-7.023138e+01
9977	-7.299867e+01
9978	-7.318504e+01
9979	-7.398160e+01
9980	-7.161939e+01
9981	-7.265485e+01
9982	-7.745976e+01
9983	-7.282377e+01
9984	-7.144791e+01
9985	-7.240717e+01
9986	-7.177699e+01
9987	-7.028058e+01
9988	-7.407797e+01
9989	-7.377568e+01
9990	-7.106787e+01
9991	-7.466977e+01
9992	-7.271583e+01
9993	-7.684638e+01
9994	-7.102192e+01
9995	-7.304950e+01
9996	-7.197900e+01
9997	-7.340453e+01
9998	-7.450895e+01
9999	-7.391258e+01
10000	-7.388778e+01
