iteration	loss
0	0.000000e+00
1	-9.558683e+00
2	-1.817055e+01
3	-2.634777e+01
4	-3.403724e+01
5	-3.869380e+01
6	-4.349113e+01
7	-4.807906e+01
8	-5.436861e+01
9	-5.656558e+01
10	-5.811081e+01
11	-6.283685e+01
12	-6.314682e+01
13	-6.894909e+01
14	-6.835140e+01
15	-6.932019e+01
16	-6.980840e+01
17	-6.895283e+01
18	-7.284112e+01
19	-7.188455e+01
20	-6.907335e+01
21	-7.107211e+01
22	-7.137549e+01
23	-7.154680e+01
24	-7.085457e+01
25	-6.918293e+01
26	-7.399069e+01
27	-6.884201e+01
28	-6.898032e+01
29	-7.175234e+01
30	-7.012942e+01
31	-7.144481e+01
32	-6.986241e+01
33	-7.095368e+01
34	-7.099481e+01
35	-7.197655e+01
36	-7.522716e+01
37	-7.505684e+01
38	-6.843390e+01
39	-7.048686e+01
40	-7.289394e+01
41	-7.077625e+01
42	-7.118931e+01
43	-7.051698e+01
44	-7.275315e+01
45	-7.180144e+01
46	-7.080328e+01
47	-7.305769e+01
48	-7.383667e+01
49	-7.526017e+01
50	-7.389635e+01
51	-7.203527e+01
52	-7.253970e+01
53	-7.491685e+01
54	-7.329688e+01
55	-7.376100e+01
56	-7.299897e+01
57	-7.649698e+01
58	-6.969126e+01
59	-7.319383e+01
60	-7.277049e+01
61	-7.209579e+01
62	-7.088537e+01
63	-7.232077e+01
64	-7.237762e+01
65	-7.456245e+01
66	-7.205928e+01
67	-7.260015e+01
68	-7.267574e+01
69	-7.530181e+01
70	-7.194995e+01
71	-7.354544e+01
72	-7.580478e+01
73	-7.567740e+01
74	-7.393244e+01
75	-7.392296e+01
76	-7.546279e+01
77	-7.553691e+01
78	-7.138497e+01
79	-7.406535e+01
80	-7.678107e+01
81	-7.289939e+01
82	-6.967224e+01
83	-7.235769e+01
84	-7.342228e+01
85	-7.705064e+01
86	-7.394352e+01
87	-6.785123e+01
88	-7.281277e+01
89	-7.515133e+01
90	-7.343889e+01
91	-7.533084e+01
92	-7.491456e+01
93	-7.385625e+01
94	-7.558327e+01
95	-7.263186e+01
96	-6.899353e+01
97	-7.554794e+01
98	-7.462233e+01
99	-7.715647e+01
100	-7.282922e+01
101	-7.133739e+01
102	-6.998625e+01
103	-6.940957e+01
104	-7.468709e+01
105	-7.143632e+01
106	-7.015966e+01
107	-7.089017e+01
108	-7.314944e+01
109	-7.429280e+01
110	-7.178909e+01
111	-7.512368e+01
112	-7.553463e+01
113	-7.432142e+01
114	-7.227795e+01
115	-7.395570e+01
116	-7.061729e+01
117	-6.826430e+01
118	-7.540616e+01
119	-6.971355e+01
120	-7.443701e+01
121	-7.159474e+01
122	-7.576014e+01
123	-7.308217e+01
124	-7.087812e+01
125	-7.288074e+01
126	-7.303264e+01
127	-7.288031e+01
128	-7.268892e+01
129	-7.412747e+01
130	-6.980841e+01
131	-7.428493e+01
132	-7.598963e+01
133	-7.480128e+01
134	-7.681399e+01
135	-7.462427e+01
136	-7.380450e+01
137	-7.806178e+01
138	-7.332296e+01
139	-7.327807e+01
140	-7.454438e+01
141	-7.336467e+01
142	-7.427230e+01
143	-7.366367e+01
144	-7.559504e+01
145	-7.357235e+01
146	-7.222905e+01
147	-7.362390e+01
148	-7.374105e+01
149	-7.398818e+01
150	-6.969770e+01
151	-7.024676e+01
152	-7.457157e+01
153	-7.361241e+01
154	-7.382361e+01
155	-7.289771e+01
156	-7.200183e+01
157	-7.335366e+01
158	-7.307750e+01
159	-7.143860e+01
160	-7.385038e+01
161	-7.044952e+01
162	-7.186984e+01
163	-7.083633e+01
164	-7.377705e+01
165	-7.602389e+01
166	-7.611155e+01
167	-7.094551e+01
168	-7.624456e+01
169	-7.427261e+01
170	-7.446364e+01
171	-7.400971e+01
172	-7.492544e+01
173	-7.566165e+01
174	-7.425582e+01
175	-7.465781e+01
176	-6.917362e+01
177	-7.057408e+01
178	-7.477714e+01
179	-7.298158e+01
180	-7.473937e+01
181	-7.515607e+01
182	-7.477455e+01
183	-7.206839e+01
184	-7.148030e+01
185	-7.290430e+01
186	-7.274499e+01
187	-7.420746e+01
188	-7.450638e+01
189	-7.488116e+01
190	-7.571064e+01
191	-7.374222e+01
192	-7.354526e+01
193	-7.259723e+01
194	-7.432176e+01
195	-7.068882e+01
196	-7.186181e+01
197	-7.373906e+01
198	-7.305060e+01
199	-7.509046e+01
200	-7.248982e+01
201	-7.359732e+01
202	-7.325380e+01
203	-7.132791e+01
204	-7.488755e+01
205	-7.315889e+01
206	-7.151283e+01
207	-7.780722e+01
208	-7.456325e+01
209	-7.580516e+01
210	-7.597043e+01
211	-7.135310e+01
212	-6.984641e+01
213	-6.941376e+01
214	-7.699469e+01
215	-7.721582e+01
216	-7.240081e+01
217	-7.318637e+01
218	-6.973101e+01
219	-7.502461e+01
220	-7.430354e+01
221	-7.726216e+01
222	-7.326105e+01
223	-7.100861e+01
224	-7.604742e+01
225	-7.526630e+01
226	-7.676572e+01
227	-7.822411e+01
228	-7.021700e+01
229	-7.469175e+01
230	-7.054444e+01
231	-7.105262e+01
232	-7.404318e+01
233	-7.042705e+01
234	-7.484892e+01
235	-7.411531e+01
236	-7.517824e+01
237	-7.590437e+01
238	-7.276135e+01
239	-7.646848e+01
240	-7.441994e+01
241	-7.699820e+01
242	-7.028611e+01
243	-7.156031e+01
244	-7.076842e+01
245	-7.306004e+01
246	-7.045530e+01
247	-7.253118e+01
248	-7.399389e+01
249	-7.588194e+01
250	-7.460631e+01
251	-7.617833e+01
252	-7.348180e+01
253	-7.115906e+01
254	-6.995813e+01
255	-7.552901e+01
256	-7.290392e+01
257	-6.816292e+01
258	-7.049283e+01
259	-6.829831e+01
260	-7.334197e+01
261	-7.376514e+01
262	-7.226282e+01
263	-7.164183e+01
264	-7.169065e+01
265	-7.420269e+01
266	-7.370609e+01
267	-7.581085e+01
268	-7.369841e+01
269	-7.473176e+01
270	-7.608500e+01
271	-7.376038e+01
272	-7.136933e+01
273	-7.045042e+01
274	-7.351619e+01
275	-7.187674e+01
276	-7.311075e+01
277	-7.231988e+01
278	-7.438438e+01
279	-7.440913e+01
280	-6.678875e+01
281	-7.629763e+01
282	-7.389888e+01
283	-7.498619e+01
284	-7.032304e+01
285	-7.417492e+01
286	-7.466479e+01
287	-7.631353e+01
288	-7.413276e+01
289	-7.138232e+01
290	-7.286460e+01
291	-7.270733e+01
292	-7.260978e+01
293	-6.903729e+01
294	-7.248089e+01
295	-7.110928e+01
296	-7.056409e+01
297	-7.626849e+01
298	-7.518217e+01
299	-7.133237e+01
300	-7.324529e+01
301	-7.308468e+01
302	-7.321482e+01
303	-7.527164e+01
304	-7.256484e+01
305	-7.277383e+01
306	-7.644724e+01
307	-7.194598e+01
308	-7.205734e+01
309	-7.652547e+01
310	-7.458127e+01
311	-7.575524e+01
312	-7.548923e+01
313	-7.104281e+01
314	-7.389344e+01
315	-7.309467e+01
316	-7.158301e+01
317	-7.356936e+01
318	-7.515167e+01
319	-6.927364e+01
320	-7.159489e+01
321	-7.422421e+01
322	-7.377373e+01
323	-7.145064e+01
324	-7.513991e+01
325	-7.561157e+01
326	-7.140112e+01
327	-7.435017e+01
328	-7.277544e+01
329	-7.029816e+01
330	-7.495269e+01
331	-7.568396e+01
332	-7.596250e+01
333	-7.335793e+01
334	-7.170086e+01
335	-7.757353e+01
336	-7.401080e+01
337	-6.963187e+01
338	-7.276092e+01
339	-7.495796e+01
340	-7.491926e+01
341	-7.746227e+01
342	-7.272617e+01
343	-7.160686e+01
344	-7.341806e+01
345	-6.954017e+01
346	-7.195871e+01
347	-7.284636e+01
348	-6.868077e+01
349	-7.150879e+01
350	-7.432530e+01
351	-7.573218e+01
352	-7.206160e+01
353	-7.424408e+01
354	-7.233145e+01
355	-7.425759e+01
356	-7.264352e+01
357	-7.430555e+01
358	-7.196582e+01
359	-7.224886e+01
360	-7.825245e+01
361	-7.644145e+01
362	-7.335399e+01
363	-7.260034e+01
364	-7.446231e+01
365	-7.339288e+01
366	-7.180967e+01
367	-7.211144e+01
368	-7.135937e+01
369	-7.592545e+01
370	-7.479267e+01
371	-7.544533e+01
372	-7.134445e+01
373	-7.349337e+01
374	-7.276154e+01
375	-7.164104e+01
376	-6.993440e+01
377	-7.246756e+01
378	-7.297583e+01
379	-7.612125e+01
380	-7.198125e+01
381	-7.054552e+01
382	-7.665668e+01
383	-7.595793e+01
384	-7.223053e+01
385	-7.110041e+01
386	-7.277628e+01
387	-7.856397e+01
388	-7.053095e+01
389	-7.032142e+01
390	-7.295738e+01
391	-7.241824e+01
392	-7.457309e+01
393	-7.342595e+01
394	-7.338093e+01
395	-7.324676e+01
396	-7.258839e+01
397	-7.157214e+01
398	-7.511615e+01
399	-7.588415e+01
400	-7.529220e+01
401	-7.325648e+01
402	-7.221278e+01
403	-7.303032e+01
404	-7.595091e+01
405	-7.539152e+01
406	-7.564880e+01
407	-7.465725e+01
408	-7.057231e+01
409	-7.562018e+01
410	-7.180718e+01
411	-7.557346e+01
412	-7.483362e+01
413	-7.617867e+01
414	-7.194159e+01
415	-7.246579e+01
416	-7.335986e+01
417	-7.470123e+01
418	-7.134789e+01
419	-7.284164e+01
420	-7.441026e+01
421	-7.115854e+01
422	-7.549476e+01
423	-7.114576e+01
424	-6.936895e+01
425	-6.914413e+01
426	-7.251561e+01
427	-7.357147e+01
428	-7.520551e+01
429	-7.053384e+01
430	-7.409720e+01
431	-7.111391e+01
432	-7.644438e+01
433	-7.594310e+01
434	-7.323629e+01
435	-7.349544e+01
436	-7.666930e+01
437	-7.701367e+01
438	-7.250926e+01
439	-7.460835e+01
440	-7.489587e+01
441	-7.315048e+01
442	-7.258781e+01
443	-7.113252e+01
444	-7.812125e+01
445	-7.434906e+01
446	-7.219033e+01
447	-7.276597e+01
448	-7.771421e+01
449	-7.584040e+01
450	-7.041894e+01
451	-7.372905e+01
452	-7.290159e+01
453	-7.178414e+01
454	-7.510341e+01
455	-7.904349e+01
456	-7.334469e+01
457	-7.704965e+01
458	-7.401072e+01
459	-7.298492e+01
460	-7.304274e+01
461	-7.239804e+01
462	-7.200648e+01
463	-7.330926e+01
464	-7.514111e+01
465	-7.212364e+01
466	-7.441498e+01
467	-6.960034e+01
468	-6.950119e+01
469	-7.046068e+01
470	-7.541190e+01
471	-7.011471e+01
472	-7.113942e+01
473	-6.917310e+01
474	-7.022669e+01
475	-7.365224e+01
476	-7.295619e+01
477	-7.352622e+01
478	-7.514970e+01
479	-7.399039e+01
480	-7.790312e+01
481	-7.323251e+01
482	-7.571389e+01
483	-7.152395e+01
484	-7.588840e+01
485	-7.140001e+01
486	-7.361248e+01
487	-7.482775e+01
488	-7.352868e+01
489	-7.369310e+01
490	-7.405559e+01
491	-7.128752e+01
492	-7.284199e+01
493	-7.063361e+01
494	-7.381617e+01
495	-7.287379e+01
496	-7.527075e+01
497	-7.333048e+01
498	-7.095443e+01
499	-7.411643e+01
500	-7.312020e+01
501	-7.126530e+01
502	-7.214438e+01
503	-7.537596e+01
504	-7.562877e+01
505	-6.986324e+01
506	-7.114155e+01
507	-7.530939e+01
508	-7.373655e+01
509	-7.274976e+01
510	-7.452426e+01
511	-7.626171e+01
512	-7.367756e+01
513	-7.008120e+01
514	-7.315815e+01
515	-6.943190e+01
516	-7.253077e+01
517	-7.456240e+01
518	-7.505101e+01
519	-7.473338e+01
520	-7.432019e+01
521	-7.533348e+01
522	-7.518225e+01
523	-7.375097e+01
524	-7.452287e+01
525	-7.528407e+01
526	-7.137665e+01
527	-7.536658e+01
528	-7.428856e+01
529	-7.128726e+01
530	-7.556657e+01
531	-7.378562e+01
532	-7.325421e+01
533	-6.900717e+01
534	-7.234893e+01
535	-7.226968e+01
536	-7.691494e+01
537	-7.356509e+01
538	-7.623034e+01
539	-6.914879e+01
540	-7.524465e+01
541	-6.961544e+01
542	-7.215981e+01
543	-7.145877e+01
544	-7.175696e+01
545	-7.088902e+01
546	-7.387737e+01
547	-7.484373e+01
548	-7.849253e+01
549	-7.468470e+01
550	-7.307499e+01
551	-7.319964e+01
552	-7.293289e+01
553	-7.145172e+01
554	-7.032708e+01
555	-7.446945e+01
556	-7.121878e+01
557	-7.183615e+01
558	-7.123203e+01
559	-6.971864e+01
560	-7.582471e+01
561	-7.285114e+01
562	-7.149839e+01
563	-7.129946e+01
564	-7.063693e+01
565	-7.446279e+01
566	-7.196417e+01
567	-7.381738e+01
568	-7.397752e+01
569	-7.455211e+01
570	-7.266353e+01
571	-7.522620e+01
572	-7.685976e+01
573	-7.386308e+01
574	-7.452676e+01
575	-7.289452e+01
576	-7.165586e+01
577	-7.207553e+01
578	-7.289028e+01
579	-7.566197e+01
580	-6.718190e+01
581	-7.424103e+01
582	-7.398854e+01
583	-7.419093e+01
584	-7.108628e+01
585	-7.401075e+01
586	-6.987408e+01
587	-7.034668e+01
588	-7.267112e+01
589	-7.524159e+01
590	-7.451564e+01
591	-7.740827e+01
592	-7.341605e+01
593	-7.116982e+01
594	-7.406891e+01
595	-7.279726e+01
596	-7.223873e+01
597	-7.410180e+01
598	-7.725336e+01
599	-7.420004e+01
600	-7.288080e+01
601	-7.388043e+01
602	-6.910604e+01
603	-7.557953e+01
604	-7.208664e+01
605	-7.427621e+01
606	-6.963736e+01
607	-7.424006e+01
608	-7.238049e+01
609	-7.346248e+01
610	-7.129734e+01
611	-7.067054e+01
612	-7.337844e+01
613	-7.458778e+01
614	-7.479507e+01
615	-7.071777e+01
616	-7.365954e+01
617	-7.575396e+01
618	-7.463147e+01
619	-7.088215e+01
620	-7.616041e+01
621	-7.315012e+01
622	-7.511711e+01
623	-6.787717e+01
624	-7.020642e+01
625	-7.605984e+01
626	-7.146552e+01
627	-7.222408e+01
628	-7.133984e+01
629	-7.474004e+01
630	-7.219901e+01
631	-7.049832e+01
632	-7.513188e+01
633	-7.267523e+01
634	-7.370864e+01
635	-7.377753e+01
636	-6.900162e+01
637	-7.464109e+01
638	-7.446177e+01
639	-7.358338e+01
640	-7.613940e+01
641	-7.058197e+01
642	-7.227813e+01
643	-7.231422e+01
644	-7.200827e+01
645	-7.212453e+01
646	-7.522966e+01
647	-7.430614e+01
648	-7.072422e+01
649	-7.271534e+01
650	-7.006357e+01
651	-7.131323e+01
652	-7.359647e+01
653	-7.566992e+01
654	-7.138331e+01
655	-7.842102e+01
656	-7.371365e+01
657	-7.216009e+01
658	-7.317918e+01
659	-7.193594e+01
660	-7.261878e+01
661	-7.299191e+01
662	-7.604242e+01
663	-7.474854e+01
664	-7.437891e+01
665	-7.593648e+01
666	-7.049853e+01
667	-7.273881e+01
668	-6.890123e+01
669	-7.481112e+01
670	-7.609160e+01
671	-7.069224e+01
672	-7.060546e+01
673	-7.088024e+01
674	-7.631934e+01
675	-7.374210e+01
676	-7.255337e+01
677	-7.457816e+01
678	-7.153080e+01
679	-7.689844e+01
680	-7.305823e+01
681	-7.527293e+01
682	-7.465826e+01
683	-7.272964e+01
684	-7.639704e+01
685	-7.082709e+01
686	-7.283228e+01
687	-7.252670e+01
688	-7.120942e+01
689	-7.356934e+01
690	-7.471208e+01
691	-7.291064e+01
692	-7.762820e+01
693	-7.490748e+01
694	-7.200941e+01
695	-7.092419e+01
696	-7.202350e+01
697	-7.409230e+01
698	-7.335632e+01
699	-7.382136e+01
700	-7.655458e+01
701	-7.336992e+01
702	-7.233485e+01
703	-7.252720e+01
704	-7.168416e+01
705	-7.372844e+01
706	-7.287488e+01
707	-7.066743e+01
708	-7.480112e+01
709	-7.361463e+01
710	-7.453150e+01
711	-7.084674e+01
712	-7.369125e+01
713	-7.830834e+01
714	-7.295349e+01
715	-7.639416e+01
716	-7.196260e+01
717	-7.553925e+01
718	-7.358399e+01
719	-7.287093e+01
720	-7.614137e+01
721	-7.208899e+01
722	-7.356733e+01
723	-7.224126e+01
724	-7.545248e+01
725	-7.531145e+01
726	-7.459885e+01
727	-7.152443e+01
728	-7.147665e+01
729	-7.277321e+01
730	-6.998130e+01
731	-7.054454e+01
732	-7.305144e+01
733	-7.409635e+01
734	-6.819113e+01
735	-7.431241e+01
736	-7.137597e+01
737	-7.613791e+01
738	-7.408065e+01
739	-7.598545e+01
740	-7.353272e+01
741	-7.563253e+01
742	-7.296856e+01
743	-7.470008e+01
744	-7.129909e+01
745	-7.507877e+01
746	-7.510521e+01
747	-6.892638e+01
748	-7.292124e+01
749	-7.236722e+01
750	-7.685030e+01
751	-7.347191e+01
752	-7.607117e+01
753	-7.615897e+01
754	-7.491501e+01
755	-7.485118e+01
756	-7.655570e+01
757	-7.615543e+01
758	-7.058697e+01
759	-6.963727e+01
760	-7.395688e+01
761	-7.782029e+01
762	-7.682806e+01
763	-7.195859e+01
764	-7.869878e+01
765	-7.500400e+01
766	-7.184061e+01
767	-7.278297e+01
768	-7.135372e+01
769	-7.580383e+01
770	-7.199021e+01
771	-7.294907e+01
772	-7.531855e+01
773	-7.345396e+01
774	-7.173013e+01
775	-7.302427e+01
776	-7.278474e+01
777	-7.155720e+01
778	-7.111732e+01
779	-7.612398e+01
780	-7.382776e+01
781	-7.114021e+01
782	-7.067738e+01
783	-7.454995e+01
784	-7.279956e+01
785	-7.362289e+01
786	-7.387035e+01
787	-7.345345e+01
788	-7.580001e+01
789	-7.492624e+01
790	-7.274958e+01
791	-7.534633e+01
792	-7.407624e+01
793	-7.597992e+01
794	-7.170820e+01
795	-7.241823e+01
796	-7.378503e+01
797	-7.877014e+01
798	-7.297421e+01
799	-7.474583e+01
800	-7.025631e+01
801	-7.101446e+01
802	-7.250851e+01
803	-7.004457e+01
804	-7.497671e+01
805	-7.290109e+01
806	-7.417420e+01
807	-7.473710e+01
808	-7.244476e+01
809	-7.205117e+01
810	-7.216300e+01
811	-7.241323e+01
812	-7.103887e+01
813	-7.618443e+01
814	-6.948897e+01
815	-7.775016e+01
816	-7.330387e+01
817	-7.168960e+01
818	-7.470115e+01
819	-7.244208e+01
820	-7.229493e+01
821	-7.593966e+01
822	-7.286635e+01
823	-7.310753e+01
824	-7.411608e+01
825	-7.779907e+01
826	-7.267032e+01
827	-7.053150e+01
828	-7.085668e+01
829	-7.509461e+01
830	-7.250146e+01
831	-7.131645e+01
832	-7.197879e+01
833	-7.250704e+01
834	-7.352496e+01
835	-7.234348e+01
836	-7.570152e+01
837	-7.426832e+01
838	-7.062905e+01
839	-7.288058e+01
840	-7.132540e+01
841	-7.349721e+01
842	-7.626589e+01
843	-7.239631e+01
844	-7.246070e+01
845	-7.535937e+01
846	-7.245750e+01
847	-7.323397e+01
848	-6.877506e+01
849	-7.284308e+01
850	-7.075651e+01
851	-7.251995e+01
852	-7.290734e+01
853	-7.144631e+01
854	-6.966035e+01
855	-7.345690e+01
856	-7.272168e+01
857	-7.279914e+01
858	-7.273127e+01
859	-7.183895e+01
860	-7.625291e+01
861	-7.428262e+01
862	-7.205144e+01
863	-6.953356e+01
864	-7.574668e+01
865	-6.966557e+01
866	-7.523486e+01
867	-7.645452e+01
868	-7.270883e+01
869	-7.256493e+01
870	-7.434287e+01
871	-7.488657e+01
872	-7.251371e+01
873	-7.276299e+01
874	-7.320811e+01
875	-7.739540e+01
876	-7.621500e+01
877	-7.415518e+01
878	-7.576546e+01
879	-7.249899e+01
880	-7.311809e+01
881	-7.147977e+01
882	-7.015059e+01
883	-7.229345e+01
884	-7.064769e+01
885	-7.314549e+01
886	-7.488387e+01
887	-7.189600e+01
888	-7.405405e+01
889	-7.464257e+01
890	-7.429781e+01
891	-7.203234e+01
892	-7.073335e+01
893	-7.269882e+01
894	-7.669900e+01
895	-7.189382e+01
896	-7.092957e+01
897	-7.343817e+01
898	-7.420525e+01
899	-7.124628e+01
900	-7.612691e+01
901	-7.386498e+01
902	-7.380767e+01
903	-7.316605e+01
904	-7.457146e+01
905	-7.485605e+01
906	-7.792901e+01
907	-7.196519e+01
908	-7.019296e+01
909	-7.261237e+01
910	-7.069760e+01
911	-7.484889e+01
912	-7.473041e+01
913	-7.338564e+01
914	-7.215491e+01
915	-7.280411e+01
916	-7.497624e+01
917	-7.328689e+01
918	-7.815584e+01
919	-7.465873e+01
920	-7.173180e+01
921	-7.134365e+01
922	-7.130916e+01
923	-7.221490e+01
924	-7.206069e+01
925	-7.168500e+01
926	-7.385168e+01
927	-7.436824e+01
928	-7.423579e+01
929	-7.409974e+01
930	-7.541199e+01
931	-7.661903e+01
932	-7.417192e+01
933	-7.329595e+01
934	-7.219047e+01
935	-7.690014e+01
936	-7.522798e+01
937	-7.209566e+01
938	-7.152933e+01
939	-7.549243e+01
940	-7.753766e+01
941	-7.227059e+01
942	-7.298814e+01
943	-7.568518e+01
944	-7.506040e+01
945	-7.075968e+01
946	-7.069576e+01
947	-7.640196e+01
948	-7.012134e+01
949	-7.071705e+01
950	-7.678997e+01
951	-7.082090e+01
952	-7.191039e+01
953	-7.232801e+01
954	-7.220834e+01
955	-7.261873e+01
956	-7.415525e+01
957	-7.146900e+01
958	-7.340720e+01
959	-7.578838e+01
960	-7.915284e+01
961	-7.337908e+01
962	-7.351328e+01
963	-7.383705e+01
964	-7.526896e+01
965	-7.403202e+01
966	-7.250098e+01
967	-7.222041e+01
968	-7.182032e+01
969	-6.795213e+01
970	-7.428492e+01
971	-7.376587e+01
972	-7.667159e+01
973	-7.305437e+01
974	-7.198820e+01
975	-7.236777e+01
976	-7.223663e+01
977	-7.476205e+01
978	-7.512590e+01
979	-7.263898e+01
980	-7.056857e+01
981	-7.298276e+01
982	-7.285499e+01
983	-7.518612e+01
984	-7.433376e+01
985	-7.501582e+01
986	-6.968867e+01
987	-7.287343e+01
988	-7.410257e+01
989	-7.518273e+01
990	-7.449034e+01
991	-6.758241e+01
992	-7.152676e+01
993	-7.375843e+01
994	-7.470740e+01
995	-7.423820e+01
996	-7.550551e+01
997	-7.619838e+01
998	-7.414510e+01
999	-7.459038e+01
1000	-7.394793e+01
1001	-7.033529e+01
1002	-7.621069e+01
1003	-7.361513e+01
1004	-7.362293e+01
1005	-7.131283e+01
1006	-7.503725e+01
1007	-7.663617e+01
1008	-7.607444e+01
1009	-7.307022e+01
1010	-7.322464e+01
1011	-7.184735e+01
1012	-7.015859e+01
1013	-7.451992e+01
1014	-7.313516e+01
1015	-7.286917e+01
1016	-7.227992e+01
1017	-7.439333e+01
1018	-7.346966e+01
1019	-7.398524e+01
1020	-7.369910e+01
1021	-7.625853e+01
1022	-7.394769e+01
1023	-6.783478e+01
1024	-7.382761e+01
1025	-7.167549e+01
1026	-6.886338e+01
1027	-7.195310e+01
1028	-7.240366e+01
1029	-7.411768e+01
1030	-7.195583e+01
1031	-7.509686e+01
1032	-7.116377e+01
1033	-7.461347e+01
1034	-7.272075e+01
1035	-7.347390e+01
1036	-6.791786e+01
1037	-7.712251e+01
1038	-7.308223e+01
1039	-7.360906e+01
1040	-7.173473e+01
1041	-7.201172e+01
1042	-7.254233e+01
1043	-7.082315e+01
1044	-7.126107e+01
1045	-7.474667e+01
1046	-7.269383e+01
1047	-7.439985e+01
1048	-7.544370e+01
1049	-7.236068e+01
1050	-7.489556e+01
1051	-7.455501e+01
1052	-7.071871e+01
1053	-7.466737e+01
1054	-7.686607e+01
1055	-6.918056e+01
1056	-7.050243e+01
1057	-6.977587e+01
1058	-7.152246e+01
1059	-7.224167e+01
1060	-7.142860e+01
1061	-7.126704e+01
1062	-6.881754e+01
1063	-7.219560e+01
1064	-7.712830e+01
1065	-7.352790e+01
1066	-7.409515e+01
1067	-7.212193e+01
1068	-7.124478e+01
1069	-7.241369e+01
1070	-7.080351e+01
1071	-7.071328e+01
1072	-7.383918e+01
1073	-7.267648e+01
1074	-7.232870e+01
1075	-7.519057e+01
1076	-7.218600e+01
1077	-7.492349e+01
1078	-6.918507e+01
1079	-7.435832e+01
1080	-7.248764e+01
1081	-7.403302e+01
1082	-7.409105e+01
1083	-7.237287e+01
1084	-7.036373e+01
1085	-7.476820e+01
1086	-7.714018e+01
1087	-7.158299e+01
1088	-7.442460e+01
1089	-7.360875e+01
1090	-7.355577e+01
1091	-7.372627e+01
1092	-7.348106e+01
1093	-7.201045e+01
1094	-7.559635e+01
1095	-7.390626e+01
1096	-6.973723e+01
1097	-7.447618e+01
1098	-7.580270e+01
1099	-7.222999e+01
1100	-7.352237e+01
1101	-7.199472e+01
1102	-7.402138e+01
1103	-7.459896e+01
1104	-7.392370e+01
1105	-7.733180e+01
1106	-7.077054e+01
1107	-7.284106e+01
1108	-7.625740e+01
1109	-7.417175e+01
1110	-7.250605e+01
1111	-7.292097e+01
1112	-7.493692e+01
1113	-7.584147e+01
1114	-7.208925e+01
1115	-7.005934e+01
1116	-7.151004e+01
1117	-7.498230e+01
1118	-7.308934e+01
1119	-7.538611e+01
1120	-7.502736e+01
1121	-7.376563e+01
1122	-7.367748e+01
1123	-7.641077e+01
1124	-7.106743e+01
1125	-7.495414e+01
1126	-7.348700e+01
1127	-7.395171e+01
1128	-7.230528e+01
1129	-7.479920e+01
1130	-7.464275e+01
1131	-7.424890e+01
1132	-7.402476e+01
1133	-7.417099e+01
1134	-7.600129e+01
1135	-7.726475e+01
1136	-7.312438e+01
1137	-7.071349e+01
1138	-7.605930e+01
1139	-7.443987e+01
1140	-7.276628e+01
1141	-7.425727e+01
1142	-7.323167e+01
1143	-7.702930e+01
1144	-7.165205e+01
1145	-7.366181e+01
1146	-7.595749e+01
1147	-7.380921e+01
1148	-6.962642e+01
1149	-7.254402e+01
1150	-7.316308e+01
1151	-7.309704e+01
1152	-7.549950e+01
1153	-7.746347e+01
1154	-7.275635e+01
1155	-7.336694e+01
1156	-7.233207e+01
1157	-7.301206e+01
1158	-7.299388e+01
1159	-7.467646e+01
1160	-7.709773e+01
1161	-7.196988e+01
1162	-7.319066e+01
1163	-7.483593e+01
1164	-7.507264e+01
1165	-7.355063e+01
1166	-7.194042e+01
1167	-7.129597e+01
1168	-7.104818e+01
1169	-7.245437e+01
1170	-7.378739e+01
1171	-7.315428e+01
1172	-7.292436e+01
1173	-7.319444e+01
1174	-7.223135e+01
1175	-7.110591e+01
1176	-7.217178e+01
1177	-7.161110e+01
1178	-7.394395e+01
1179	-7.354899e+01
1180	-7.182794e+01
1181	-7.218080e+01
1182	-7.435176e+01
1183	-7.025163e+01
1184	-7.081702e+01
1185	-7.420753e+01
1186	-7.560320e+01
1187	-6.999992e+01
1188	-7.314485e+01
1189	-7.830477e+01
1190	-7.557640e+01
1191	-7.476885e+01
1192	-7.116778e+01
1193	-6.960856e+01
1194	-7.497068e+01
1195	-7.178629e+01
1196	-7.258111e+01
1197	-7.077676e+01
1198	-7.236173e+01
1199	-7.076671e+01
1200	-7.174749e+01
1201	-7.447760e+01
1202	-7.459823e+01
1203	-7.282757e+01
1204	-7.203085e+01
1205	-7.322998e+01
1206	-7.584448e+01
1207	-7.284341e+01
1208	-7.470667e+01
1209	-7.003316e+01
1210	-7.128649e+01
1211	-7.417877e+01
1212	-7.318375e+01
1213	-7.195625e+01
1214	-7.654633e+01
1215	-7.472512e+01
1216	-7.764561e+01
1217	-6.911356e+01
1218	-6.924427e+01
1219	-7.480916e+01
1220	-7.350715e+01
1221	-7.256748e+01
1222	-7.315769e+01
1223	-6.940081e+01
1224	-7.105445e+01
1225	-7.344304e+01
1226	-7.245853e+01
1227	-7.515449e+01
1228	-7.138946e+01
1229	-7.245169e+01
1230	-7.352557e+01
1231	-7.443165e+01
1232	-7.418130e+01
1233	-7.190047e+01
1234	-6.905690e+01
1235	-7.244073e+01
1236	-7.520222e+01
1237	-7.094586e+01
1238	-7.481185e+01
1239	-7.244694e+01
1240	-7.499864e+01
1241	-7.419013e+01
1242	-7.336605e+01
1243	-7.307598e+01
1244	-7.241906e+01
1245	-7.243617e+01
1246	-7.506032e+01
1247	-7.147457e+01
1248	-7.386778e+01
1249	-7.206103e+01
1250	-7.441052e+01
1251	-7.238073e+01
1252	-7.275208e+01
1253	-7.443531e+01
1254	-7.042046e+01
1255	-7.146897e+01
1256	-7.290394e+01
1257	-7.590489e+01
1258	-7.341779e+01
1259	-7.199547e+01
1260	-7.502196e+01
1261	-7.277654e+01
1262	-7.476668e+01
1263	-7.178938e+01
1264	-7.505946e+01
1265	-7.363088e+01
1266	-7.240782e+01
1267	-7.569116e+01
1268	-7.269378e+01
1269	-7.238922e+01
1270	-7.740552e+01
1271	-7.399648e+01
1272	-7.455932e+01
1273	-7.229962e+01
1274	-6.838409e+01
1275	-7.414090e+01
1276	-7.054005e+01
1277	-7.388545e+01
1278	-7.327865e+01
1279	-7.285666e+01
1280	-7.133459e+01
1281	-7.237448e+01
1282	-7.261655e+01
1283	-7.329029e+01
1284	-6.949942e+01
1285	-7.295654e+01
1286	-7.282233e+01
1287	-7.292839e+01
1288	-7.332626e+01
1289	-7.227900e+01
1290	-7.094168e+01
1291	-7.149791e+01
1292	-7.354766e+01
1293	-7.624537e+01
1294	-7.601132e+01
1295	-7.482879e+01
1296	-7.220518e+01
1297	-7.033149e+01
1298	-7.706290e+01
1299	-7.578137e+01
1300	-7.395630e+01
1301	-7.253888e+01
1302	-7.313308e+01
1303	-7.296788e+01
1304	-7.406395e+01
1305	-7.591688e+01
1306	-7.204810e+01
1307	-7.272003e+01
1308	-7.250386e+01
1309	-7.497245e+01
1310	-7.130618e+01
1311	-7.261215e+01
1312	-7.284229e+01
1313	-7.365607e+01
1314	-7.396641e+01
1315	-7.277002e+01
1316	-7.211728e+01
1317	-7.214030e+01
1318	-7.364469e+01
1319	-7.389449e+01
1320	-7.452105e+01
1321	-7.249984e+01
1322	-6.965244e+01
1323	-7.232567e+01
1324	-7.665443e+01
1325	-7.468382e+01
1326	-7.540653e+01
1327	-6.778630e+01
1328	-7.509552e+01
1329	-7.441111e+01
1330	-7.615132e+01
1331	-7.502500e+01
1332	-7.194455e+01
1333	-7.741444e+01
1334	-7.087732e+01
1335	-7.327173e+01
1336	-7.506340e+01
1337	-7.331708e+01
1338	-7.206142e+01
1339	-7.613244e+01
1340	-7.266582e+01
1341	-7.319842e+01
1342	-7.294369e+01
1343	-7.054430e+01
1344	-7.326512e+01
1345	-7.347824e+01
1346	-7.761714e+01
1347	-7.078738e+01
1348	-6.961441e+01
1349	-7.333780e+01
1350	-7.414671e+01
1351	-7.487832e+01
1352	-7.319676e+01
1353	-7.300549e+01
1354	-7.331035e+01
1355	-7.173768e+01
1356	-7.820760e+01
1357	-7.209646e+01
1358	-7.424030e+01
1359	-7.382540e+01
1360	-7.258982e+01
1361	-7.138139e+01
1362	-6.710971e+01
1363	-7.210212e+01
1364	-7.748757e+01
1365	-7.453047e+01
1366	-7.554318e+01
1367	-7.515618e+01
1368	-7.545476e+01
1369	-7.547385e+01
1370	-7.701588e+01
1371	-7.206763e+01
1372	-7.475877e+01
1373	-7.163764e+01
1374	-7.348488e+01
1375	-6.862479e+01
1376	-7.266500e+01
1377	-7.453441e+01
1378	-7.487951e+01
1379	-7.064276e+01
1380	-7.261763e+01
1381	-7.156961e+01
1382	-7.376279e+01
1383	-7.371875e+01
1384	-7.449219e+01
1385	-7.286608e+01
1386	-7.526976e+01
1387	-7.106056e+01
1388	-7.440547e+01
1389	-7.391947e+01
1390	-7.226552e+01
1391	-7.186936e+01
1392	-7.080945e+01
1393	-7.305220e+01
1394	-7.518882e+01
1395	-7.280413e+01
1396	-7.520722e+01
1397	-7.466880e+01
1398	-7.042478e+01
1399	-7.516588e+01
1400	-7.178382e+01
1401	-7.087428e+01
1402	-7.176242e+01
1403	-7.290011e+01
1404	-7.433693e+01
1405	-7.306284e+01
1406	-7.254293e+01
1407	-7.277383e+01
1408	-7.239667e+01
1409	-7.606337e+01
1410	-7.605558e+01
1411	-7.186420e+01
1412	-7.630239e+01
1413	-7.304027e+01
1414	-7.079534e+01
1415	-7.317331e+01
1416	-7.047971e+01
1417	-7.125037e+01
1418	-7.430645e+01
1419	-7.261022e+01
1420	-7.141230e+01
1421	-7.448158e+01
1422	-7.449944e+01
1423	-7.240965e+01
1424	-7.386063e+01
1425	-7.777948e+01
1426	-7.507992e+01
1427	-7.472907e+01
1428	-7.453084e+01
1429	-7.616218e+01
1430	-7.614913e+01
1431	-7.482373e+01
1432	-7.630892e+01
1433	-7.052963e+01
1434	-7.693768e+01
1435	-7.031915e+01
1436	-7.593151e+01
1437	-7.612547e+01
1438	-7.121881e+01
1439	-7.164470e+01
1440	-7.476944e+01
1441	-7.091263e+01
1442	-7.341089e+01
1443	-7.231224e+01
1444	-7.197105e+01
1445	-7.757508e+01
1446	-7.082806e+01
1447	-7.230792e+01
1448	-7.554696e+01
1449	-7.259392e+01
1450	-7.189374e+01
1451	-6.859068e+01
1452	-7.463743e+01
1453	-7.414324e+01
1454	-6.967268e+01
1455	-7.283151e+01
1456	-7.258440e+01
1457	-7.309155e+01
1458	-7.475019e+01
1459	-7.235742e+01
1460	-7.000876e+01
1461	-7.486160e+01
1462	-7.463994e+01
1463	-7.119363e+01
1464	-7.483361e+01
1465	-7.669418e+01
1466	-6.995398e+01
1467	-7.165594e+01
1468	-7.409840e+01
1469	-7.151866e+01
1470	-7.363072e+01
1471	-7.372687e+01
1472	-7.142382e+01
1473	-7.319453e+01
1474	-7.345906e+01
1475	-7.304935e+01
1476	-7.664678e+01
1477	-7.514669e+01
1478	-7.425286e+01
1479	-6.941933e+01
1480	-7.468809e+01
1481	-7.320432e+01
1482	-7.074108e+01
1483	-7.016517e+01
1484	-7.518488e+01
1485	-7.717788e+01
1486	-7.175167e+01
1487	-7.449003e+01
1488	-7.403522e+01
1489	-7.493853e+01
1490	-7.284773e+01
1491	-7.053157e+01
1492	-7.252649e+01
1493	-7.554817e+01
1494	-7.424046e+01
1495	-7.421067e+01
1496	-7.606227e+01
1497	-7.445004e+01
1498	-7.286918e+01
1499	-7.601788e+01
1500	-7.396746e+01
1501	-7.374108e+01
1502	-7.561567e+01
1503	-7.056945e+01
1504	-7.699988e+01
1505	-7.678650e+01
1506	-7.263069e+01
1507	-7.545153e+01
1508	-7.331339e+01
1509	-7.620084e+01
1510	-7.220162e+01
1511	-7.481509e+01
1512	-7.220576e+01
1513	-7.566832e+01
1514	-7.227168e+01
1515	-7.108778e+01
1516	-7.607126e+01
1517	-7.209585e+01
1518	-7.466592e+01
1519	-7.596047e+01
1520	-7.204026e+01
1521	-7.427982e+01
1522	-7.266875e+01
1523	-7.512586e+01
1524	-7.421670e+01
1525	-7.632884e+01
1526	-7.305052e+01
1527	-7.481110e+01
1528	-7.582640e+01
1529	-7.791301e+01
1530	-7.131397e+01
1531	-7.191785e+01
1532	-7.439185e+01
1533	-7.054975e+01
1534	-6.955072e+01
1535	-7.237227e+01
1536	-7.395398e+01
1537	-7.334427e+01
1538	-7.433614e+01
1539	-7.226034e+01
1540	-7.351422e+01
1541	-7.162519e+01
1542	-7.361972e+01
1543	-7.329954e+01
1544	-7.218044e+01
1545	-7.618609e+01
1546	-7.567532e+01
1547	-7.566832e+01
1548	-7.417901e+01
1549	-6.867565e+01
1550	-7.502423e+01
1551	-7.322105e+01
1552	-7.631415e+01
1553	-7.359638e+01
1554	-7.435933e+01
1555	-7.350239e+01
1556	-6.877604e+01
1557	-7.334551e+01
1558	-7.348535e+01
1559	-6.991642e+01
1560	-7.163782e+01
1561	-7.568951e+01
1562	-7.620006e+01
1563	-7.338348e+01
1564	-7.109237e+01
1565	-7.220987e+01
1566	-7.270674e+01
1567	-7.483657e+01
1568	-7.508980e+01
1569	-7.539072e+01
1570	-7.194928e+01
1571	-7.060070e+01
1572	-7.624103e+01
1573	-7.301665e+01
1574	-7.404173e+01
1575	-7.660629e+01
1576	-7.250735e+01
1577	-7.026453e+01
1578	-7.299175e+01
1579	-7.303023e+01
1580	-6.953502e+01
1581	-7.299792e+01
1582	-7.289425e+01
1583	-7.121840e+01
1584	-7.574112e+01
1585	-7.351189e+01
1586	-7.437471e+01
1587	-7.381168e+01
1588	-7.178961e+01
1589	-7.145386e+01
1590	-7.399896e+01
1591	-7.329809e+01
1592	-7.386039e+01
1593	-7.054359e+01
1594	-7.885704e+01
1595	-7.483017e+01
1596	-6.910719e+01
1597	-7.276769e+01
1598	-7.176086e+01
1599	-6.874604e+01
1600	-7.278492e+01
1601	-7.084738e+01
1602	-7.217546e+01
1603	-7.554444e+01
1604	-7.454875e+01
1605	-7.148374e+01
1606	-7.136672e+01
1607	-7.354751e+01
1608	-7.402689e+01
1609	-7.511383e+01
1610	-7.178838e+01
1611	-7.286775e+01
1612	-7.534623e+01
1613	-7.539707e+01
1614	-7.473951e+01
1615	-7.099786e+01
1616	-7.226972e+01
1617	-7.494659e+01
1618	-7.214001e+01
1619	-7.360119e+01
1620	-7.589941e+01
1621	-7.425176e+01
1622	-7.312888e+01
1623	-7.123979e+01
1624	-7.321752e+01
1625	-7.342917e+01
1626	-7.222900e+01
1627	-6.833199e+01
1628	-7.052382e+01
1629	-7.446660e+01
1630	-7.321616e+01
1631	-7.579565e+01
1632	-7.520609e+01
1633	-7.578099e+01
1634	-7.251023e+01
1635	-7.303498e+01
1636	-7.798484e+01
1637	-7.439106e+01
1638	-7.433063e+01
1639	-7.183008e+01
1640	-7.412017e+01
1641	-7.142339e+01
1642	-7.061618e+01
1643	-7.399581e+01
1644	-7.183103e+01
1645	-7.189135e+01
1646	-7.297648e+01
1647	-7.495541e+01
1648	-7.497941e+01
1649	-7.402961e+01
1650	-6.978950e+01
1651	-7.051198e+01
1652	-7.505920e+01
1653	-7.234817e+01
1654	-7.193833e+01
1655	-7.231971e+01
1656	-7.426053e+01
1657	-7.307065e+01
1658	-7.431872e+01
1659	-7.277616e+01
1660	-7.496401e+01
1661	-7.365056e+01
1662	-7.648762e+01
1663	-7.647906e+01
1664	-7.475971e+01
1665	-7.279657e+01
1666	-7.429311e+01
1667	-7.459381e+01
1668	-7.103580e+01
1669	-7.040882e+01
1670	-7.681829e+01
1671	-7.095713e+01
1672	-7.285957e+01
1673	-7.574986e+01
1674	-7.420403e+01
1675	-7.581237e+01
1676	-7.301715e+01
1677	-7.466765e+01
1678	-7.543651e+01
1679	-7.463786e+01
1680	-7.434250e+01
1681	-7.653231e+01
1682	-7.441678e+01
1683	-7.600075e+01
1684	-7.721800e+01
1685	-7.311263e+01
1686	-7.621132e+01
1687	-7.319501e+01
1688	-7.532870e+01
1689	-7.523011e+01
1690	-7.056290e+01
1691	-7.367393e+01
1692	-7.345317e+01
1693	-7.092687e+01
1694	-7.390400e+01
1695	-7.149849e+01
1696	-6.972622e+01
1697	-7.592576e+01
1698	-7.306619e+01
1699	-7.348615e+01
1700	-7.557284e+01
1701	-7.559606e+01
1702	-7.271029e+01
1703	-6.911516e+01
1704	-7.549742e+01
1705	-7.102967e+01
1706	-7.182757e+01
1707	-7.539629e+01
1708	-7.279878e+01
1709	-7.198658e+01
1710	-7.636347e+01
1711	-7.135466e+01
1712	-7.333756e+01
1713	-6.959438e+01
1714	-7.261723e+01
1715	-7.722528e+01
1716	-7.316302e+01
1717	-7.070762e+01
1718	-7.314640e+01
1719	-7.554738e+01
1720	-7.329612e+01
1721	-7.147726e+01
1722	-7.454956e+01
1723	-7.408451e+01
1724	-7.205182e+01
1725	-7.099535e+01
1726	-7.194426e+01
1727	-7.275252e+01
1728	-7.308303e+01
1729	-7.504770e+01
1730	-7.369936e+01
1731	-7.191138e+01
1732	-7.238171e+01
1733	-7.746129e+01
1734	-7.676653e+01
1735	-7.034993e+01
1736	-7.140855e+01
1737	-7.393286e+01
1738	-7.481509e+01
1739	-7.246575e+01
1740	-7.280425e+01
1741	-7.332794e+01
1742	-7.613697e+01
1743	-7.536307e+01
1744	-7.431235e+01
1745	-7.376043e+01
1746	-7.135599e+01
1747	-6.998864e+01
1748	-7.592439e+01
1749	-7.064113e+01
1750	-7.667856e+01
1751	-6.944782e+01
1752	-7.234210e+01
1753	-7.566211e+01
1754	-7.249323e+01
1755	-7.624162e+01
1756	-7.313164e+01
1757	-7.171324e+01
1758	-7.376584e+01
1759	-7.506619e+01
1760	-7.220983e+01
1761	-7.494462e+01
1762	-7.192550e+01
1763	-6.985370e+01
1764	-7.525071e+01
1765	-7.622734e+01
1766	-7.145569e+01
1767	-7.295806e+01
1768	-7.263193e+01
1769	-7.291147e+01
1770	-7.638129e+01
1771	-7.660452e+01
1772	-7.253322e+01
1773	-7.850170e+01
1774	-7.176666e+01
1775	-7.437722e+01
1776	-7.403033e+01
1777	-7.637058e+01
1778	-7.503284e+01
1779	-7.397279e+01
1780	-7.459947e+01
1781	-7.200433e+01
1782	-7.130207e+01
1783	-7.341988e+01
1784	-7.289630e+01
1785	-7.132795e+01
1786	-6.826601e+01
1787	-7.244475e+01
1788	-7.354424e+01
1789	-7.441381e+01
1790	-7.474648e+01
1791	-6.919345e+01
1792	-7.287903e+01
1793	-7.513827e+01
1794	-7.396756e+01
1795	-7.229142e+01
1796	-7.124549e+01
1797	-7.177736e+01
1798	-7.244690e+01
1799	-7.341487e+01
1800	-7.131200e+01
1801	-7.483590e+01
1802	-6.989721e+01
1803	-6.944221e+01
1804	-7.474119e+01
1805	-7.556376e+01
1806	-7.375965e+01
1807	-7.573252e+01
1808	-7.699699e+01
1809	-6.846788e+01
1810	-7.241127e+01
1811	-7.279023e+01
1812	-7.576712e+01
1813	-6.973968e+01
1814	-7.050841e+01
1815	-7.414764e+01
1816	-7.430880e+01
1817	-7.486742e+01
1818	-7.630615e+01
1819	-7.561796e+01
1820	-7.588867e+01
1821	-7.441161e+01
1822	-7.455160e+01
1823	-7.273020e+01
1824	-7.244209e+01
1825	-7.511619e+01
1826	-7.505089e+01
1827	-7.550168e+01
1828	-7.031128e+01
1829	-6.897976e+01
1830	-7.255973e+01
1831	-7.601536e+01
1832	-7.441403e+01
1833	-7.175974e+01
1834	-7.024844e+01
1835	-7.259633e+01
1836	-7.454979e+01
1837	-7.390816e+01
1838	-7.341021e+01
1839	-7.140779e+01
1840	-7.309195e+01
1841	-7.441357e+01
1842	-7.312624e+01
1843	-7.411315e+01
1844	-7.286789e+01
1845	-7.100424e+01
1846	-7.406606e+01
1847	-7.376383e+01
1848	-7.579526e+01
1849	-7.200025e+01
1850	-7.643364e+01
1851	-7.630505e+01
1852	-7.532714e+01
1853	-7.356742e+01
1854	-7.553568e+01
1855	-7.594106e+01
1856	-7.544988e+01
1857	-7.342380e+01
1858	-7.205615e+01
1859	-7.650076e+01
1860	-7.121495e+01
1861	-7.277731e+01
1862	-7.273224e+01
1863	-6.888812e+01
1864	-7.617164e+01
1865	-7.289339e+01
1866	-7.667845e+01
1867	-7.465194e+01
1868	-7.375035e+01
1869	-7.562065e+01
1870	-7.201697e+01
1871	-7.583597e+01
1872	-7.399792e+01
1873	-7.313139e+01
1874	-7.413415e+01
1875	-7.388724e+01
1876	-6.972902e+01
1877	-7.374530e+01
1878	-7.206148e+01
1879	-7.350000e+01
1880	-7.554519e+01
1881	-7.064103e+01
1882	-7.518469e+01
1883	-7.237695e+01
1884	-7.005740e+01
1885	-7.361136e+01
1886	-7.220546e+01
1887	-7.114116e+01
1888	-7.189173e+01
1889	-7.739756e+01
1890	-7.446778e+01
1891	-7.439573e+01
1892	-7.456036e+01
1893	-7.411042e+01
1894	-7.359327e+01
1895	-7.556472e+01
1896	-7.451754e+01
1897	-7.155976e+01
1898	-7.680227e+01
1899	-7.390985e+01
1900	-7.519070e+01
1901	-6.874082e+01
1902	-7.122593e+01
1903	-7.573414e+01
1904	-7.244441e+01
1905	-7.295242e+01
1906	-6.991212e+01
1907	-7.790419e+01
1908	-7.180648e+01
1909	-7.004542e+01
1910	-7.264514e+01
1911	-7.303972e+01
1912	-7.281710e+01
1913	-7.511013e+01
1914	-7.380606e+01
1915	-6.972325e+01
1916	-7.345133e+01
1917	-7.421199e+01
1918	-7.447782e+01
1919	-7.286290e+01
1920	-7.317882e+01
1921	-7.324359e+01
1922	-7.339113e+01
1923	-7.114261e+01
1924	-7.046506e+01
1925	-7.283427e+01
1926	-7.184883e+01
1927	-7.351216e+01
1928	-7.291418e+01
1929	-7.359323e+01
1930	-7.356078e+01
1931	-7.400356e+01
1932	-7.199262e+01
1933	-7.252527e+01
1934	-7.220364e+01
1935	-7.388366e+01
1936	-7.264638e+01
1937	-7.024675e+01
1938	-7.333743e+01
1939	-7.303554e+01
1940	-7.298992e+01
1941	-7.397055e+01
1942	-7.399966e+01
1943	-7.451760e+01
1944	-7.105929e+01
1945	-7.536294e+01
1946	-7.190889e+01
1947	-7.211233e+01
1948	-7.326818e+01
1949	-7.113828e+01
1950	-7.090510e+01
1951	-7.494691e+01
1952	-7.546139e+01
1953	-7.243931e+01
1954	-7.468031e+01
1955	-7.153445e+01
1956	-7.343004e+01
1957	-7.396981e+01
1958	-7.338536e+01
1959	-7.567317e+01
1960	-7.709016e+01
1961	-7.539133e+01
1962	-7.143066e+01
1963	-7.485993e+01
1964	-7.622007e+01
1965	-7.322625e+01
1966	-7.288239e+01
1967	-7.350657e+01
1968	-7.059381e+01
1969	-7.624965e+01
1970	-7.024920e+01
1971	-7.357457e+01
1972	-7.164171e+01
1973	-7.370116e+01
1974	-7.574644e+01
1975	-7.101809e+01
1976	-7.382516e+01
1977	-7.316240e+01
1978	-7.439784e+01
1979	-7.698463e+01
1980	-7.375209e+01
1981	-7.456332e+01
1982	-7.425912e+01
1983	-7.106589e+01
1984	-7.301680e+01
1985	-7.237951e+01
1986	-7.314024e+01
1987	-7.481413e+01
1988	-7.260157e+01
1989	-7.212771e+01
1990	-7.276599e+01
1991	-7.284040e+01
1992	-7.487808e+01
1993	-7.482372e+01
1994	-7.245428e+01
1995	-7.396225e+01
1996	-7.290697e+01
1997	-7.103821e+01
1998	-7.542448e+01
1999	-7.348614e+01
2000	-7.847854e+01
2001	-7.424715e+01
2002	-7.372175e+01
2003	-7.132186e+01
2004	-7.513392e+01
2005	-7.199094e+01
2006	-7.551531e+01
2007	-7.399910e+01
2008	-7.281563e+01
2009	-7.324542e+01
2010	-7.433870e+01
2011	-7.740526e+01
2012	-7.347491e+01
2013	-7.328759e+01
2014	-7.454886e+01
2015	-6.992571e+01
2016	-7.436423e+01
2017	-7.336828e+01
2018	-7.336430e+01
2019	-7.423258e+01
2020	-7.534863e+01
2021	-7.429325e+01
2022	-7.285047e+01
2023	-7.299832e+01
2024	-7.327304e+01
2025	-7.014010e+01
2026	-7.499955e+01
2027	-7.568466e+01
2028	-7.063411e+01
2029	-7.490146e+01
2030	-7.438161e+01
2031	-7.330261e+01
2032	-7.093992e+01
2033	-7.230945e+01
2034	-7.483993e+01
2035	-7.315838e+01
2036	-7.332102e+01
2037	-7.454646e+01
2038	-7.546690e+01
2039	-7.477269e+01
2040	-7.462377e+01
2041	-7.338163e+01
2042	-7.366125e+01
2043	-7.473641e+01
2044	-7.482122e+01
2045	-7.351103e+01
2046	-7.274134e+01
2047	-7.442549e+01
2048	-7.400116e+01
2049	-7.557855e+01
2050	-7.376920e+01
2051	-7.112343e+01
2052	-7.251613e+01
2053	-7.213045e+01
2054	-7.256870e+01
2055	-7.463583e+01
2056	-7.050001e+01
2057	-7.412079e+01
2058	-7.097069e+01
2059	-7.307935e+01
2060	-7.014995e+01
2061	-7.299185e+01
2062	-7.250383e+01
2063	-7.167859e+01
2064	-7.355267e+01
2065	-7.292722e+01
2066	-7.473205e+01
2067	-7.395084e+01
2068	-7.274045e+01
2069	-7.411343e+01
2070	-7.180341e+01
2071	-7.358505e+01
2072	-7.176923e+01
2073	-7.420293e+01
2074	-7.059154e+01
2075	-7.222673e+01
2076	-7.430535e+01
2077	-7.558199e+01
2078	-7.369265e+01
2079	-7.619615e+01
2080	-7.582801e+01
2081	-7.017470e+01
2082	-7.521397e+01
2083	-7.570840e+01
2084	-7.601849e+01
2085	-7.026335e+01
2086	-7.577867e+01
2087	-7.422010e+01
2088	-7.173504e+01
2089	-7.089538e+01
2090	-7.253372e+01
2091	-7.428657e+01
2092	-7.371712e+01
2093	-7.325157e+01
2094	-7.439102e+01
2095	-7.232207e+01
2096	-7.192109e+01
2097	-7.608492e+01
2098	-7.585424e+01
2099	-7.615273e+01
2100	-7.296000e+01
2101	-7.384669e+01
2102	-7.188102e+01
2103	-7.515240e+01
2104	-7.343629e+01
2105	-7.261754e+01
2106	-7.557819e+01
2107	-7.220429e+01
2108	-7.626385e+01
2109	-7.391509e+01
2110	-7.132600e+01
2111	-7.353876e+01
2112	-7.366918e+01
2113	-7.204063e+01
2114	-7.118136e+01
2115	-7.256331e+01
2116	-7.326490e+01
2117	-7.186524e+01
2118	-7.395240e+01
2119	-7.496604e+01
2120	-7.381762e+01
2121	-7.551999e+01
2122	-7.432529e+01
2123	-7.011268e+01
2124	-7.181844e+01
2125	-7.478722e+01
2126	-7.120386e+01
2127	-7.383050e+01
2128	-7.318837e+01
2129	-7.461283e+01
2130	-7.088750e+01
2131	-7.209946e+01
2132	-7.292441e+01
2133	-7.256924e+01
2134	-7.485460e+01
2135	-7.283135e+01
2136	-7.563275e+01
2137	-7.148250e+01
2138	-6.926236e+01
2139	-7.088301e+01
2140	-7.382860e+01
2141	-7.264955e+01
2142	-7.305735e+01
2143	-7.181867e+01
2144	-7.086143e+01
2145	-7.325934e+01
2146	-7.170932e+01
2147	-7.111162e+01
2148	-7.497736e+01
2149	-7.251279e+01
2150	-7.558539e+01
2151	-7.452958e+01
2152	-7.476515e+01
2153	-7.337063e+01
2154	-7.275753e+01
2155	-7.669362e+01
2156	-7.360081e+01
2157	-7.638782e+01
2158	-7.364212e+01
2159	-7.372749e+01
2160	-7.120679e+01
2161	-7.087951e+01
2162	-7.607373e+01
2163	-7.095795e+01
2164	-7.505700e+01
2165	-7.191354e+01
2166	-6.921976e+01
2167	-7.039737e+01
2168	-7.386544e+01
2169	-7.532029e+01
2170	-7.047900e+01
2171	-7.504147e+01
2172	-7.548971e+01
2173	-7.438734e+01
2174	-7.684583e+01
2175	-7.208796e+01
2176	-7.581079e+01
2177	-7.178454e+01
2178	-6.893146e+01
2179	-7.048576e+01
2180	-7.573844e+01
2181	-7.029345e+01
2182	-6.866049e+01
2183	-7.194342e+01
2184	-7.116581e+01
2185	-7.623420e+01
2186	-7.542426e+01
2187	-7.179541e+01
2188	-7.389902e+01
2189	-7.596520e+01
2190	-7.665193e+01
2191	-7.339184e+01
2192	-7.299675e+01
2193	-6.919215e+01
2194	-7.234991e+01
2195	-6.840130e+01
2196	-7.199543e+01
2197	-7.516066e+01
2198	-7.312932e+01
2199	-7.701390e+01
2200	-7.184563e+01
2201	-7.366000e+01
2202	-6.989871e+01
2203	-7.593968e+01
2204	-7.300652e+01
2205	-7.567409e+01
2206	-7.385149e+01
2207	-6.952091e+01
2208	-7.000666e+01
2209	-7.334688e+01
2210	-7.862425e+01
2211	-7.356196e+01
2212	-7.593116e+01
2213	-7.188912e+01
2214	-7.109316e+01
2215	-7.220525e+01
2216	-7.210104e+01
2217	-7.570018e+01
2218	-7.404954e+01
2219	-7.194835e+01
2220	-7.357074e+01
2221	-7.520779e+01
2222	-7.233867e+01
2223	-7.178331e+01
2224	-7.412894e+01
2225	-7.337540e+01
2226	-7.378557e+01
2227	-7.064434e+01
2228	-7.420963e+01
2229	-7.406426e+01
2230	-7.647679e+01
2231	-7.289963e+01
2232	-7.496814e+01
2233	-7.198889e+01
2234	-7.541090e+01
2235	-7.486357e+01
2236	-7.620135e+01
2237	-7.420171e+01
2238	-7.013209e+01
2239	-7.450325e+01
2240	-7.415242e+01
2241	-6.991324e+01
2242	-7.107127e+01
2243	-7.387277e+01
2244	-7.063093e+01
2245	-7.341770e+01
2246	-7.329299e+01
2247	-7.381186e+01
2248	-7.567925e+01
2249	-7.329653e+01
2250	-7.064408e+01
2251	-7.262745e+01
2252	-7.202747e+01
2253	-7.627062e+01
2254	-7.328287e+01
2255	-7.422004e+01
2256	-7.293818e+01
2257	-7.404459e+01
2258	-6.992559e+01
2259	-7.359707e+01
2260	-7.127620e+01
2261	-7.302884e+01
2262	-7.337990e+01
2263	-7.168332e+01
2264	-7.279049e+01
2265	-7.096635e+01
2266	-7.506995e+01
2267	-7.392923e+01
2268	-7.407339e+01
2269	-7.351274e+01
2270	-7.641562e+01
2271	-7.280717e+01
2272	-7.046745e+01
2273	-7.472871e+01
2274	-7.420069e+01
2275	-7.141801e+01
2276	-7.007993e+01
2277	-7.478562e+01
2278	-7.544881e+01
2279	-7.030429e+01
2280	-7.165676e+01
2281	-7.395545e+01
2282	-7.536181e+01
2283	-7.328662e+01
2284	-7.309369e+01
2285	-7.182548e+01
2286	-7.369389e+01
2287	-7.244469e+01
2288	-7.084438e+01
2289	-7.089827e+01
2290	-7.170576e+01
2291	-7.170048e+01
2292	-7.382997e+01
2293	-7.487939e+01
2294	-7.117527e+01
2295	-7.211862e+01
2296	-7.608576e+01
2297	-7.531590e+01
2298	-7.298463e+01
2299	-7.730417e+01
2300	-7.496474e+01
2301	-6.963389e+01
2302	-7.173676e+01
2303	-7.247448e+01
2304	-7.297122e+01
2305	-7.523224e+01
2306	-7.205663e+01
2307	-7.308274e+01
2308	-7.424172e+01
2309	-7.557152e+01
2310	-7.388769e+01
2311	-7.133368e+01
2312	-7.583158e+01
2313	-7.659971e+01
2314	-7.217593e+01
2315	-7.540206e+01
2316	-7.346545e+01
2317	-7.176570e+01
2318	-7.447821e+01
2319	-7.620609e+01
2320	-7.116238e+01
2321	-7.322694e+01
2322	-7.149719e+01
2323	-7.265945e+01
2324	-6.970938e+01
2325	-7.073050e+01
2326	-7.388447e+01
2327	-7.353626e+01
2328	-7.513852e+01
2329	-7.100399e+01
2330	-7.208628e+01
2331	-7.070537e+01
2332	-7.304938e+01
2333	-7.499180e+01
2334	-7.131153e+01
2335	-7.128990e+01
2336	-7.251230e+01
2337	-7.468421e+01
2338	-7.184610e+01
2339	-7.260767e+01
2340	-7.550692e+01
2341	-7.481703e+01
2342	-7.339767e+01
2343	-7.302823e+01
2344	-6.915619e+01
2345	-7.510535e+01
2346	-7.255884e+01
2347	-7.199639e+01
2348	-7.555751e+01
2349	-7.537331e+01
2350	-7.312688e+01
2351	-7.300056e+01
2352	-7.687995e+01
2353	-7.361626e+01
2354	-7.240327e+01
2355	-7.433294e+01
2356	-7.375325e+01
2357	-7.492988e+01
2358	-7.207941e+01
2359	-7.352586e+01
2360	-7.329796e+01
2361	-7.334176e+01
2362	-7.601649e+01
2363	-7.139000e+01
2364	-7.490072e+01
2365	-7.462885e+01
2366	-7.050313e+01
2367	-7.296923e+01
2368	-7.035067e+01
2369	-7.625379e+01
2370	-7.221444e+01
2371	-7.231512e+01
2372	-7.343348e+01
2373	-7.419342e+01
2374	-7.138063e+01
2375	-7.136484e+01
2376	-7.136102e+01
2377	-7.256190e+01
2378	-7.343454e+01
2379	-7.434758e+01
2380	-7.227239e+01
2381	-7.673560e+01
2382	-7.597280e+01
2383	-7.244947e+01
2384	-7.533187e+01
2385	-7.408550e+01
2386	-7.542136e+01
2387	-7.861743e+01
2388	-7.099702e+01
2389	-7.481442e+01
2390	-7.210540e+01
2391	-7.101970e+01
2392	-7.324901e+01
2393	-7.450337e+01
2394	-7.031650e+01
2395	-7.078349e+01
2396	-7.451450e+01
2397	-7.559694e+01
2398	-7.163729e+01
2399	-7.162922e+01
2400	-7.419117e+01
2401	-7.050297e+01
2402	-7.085264e+01
2403	-7.405421e+01
2404	-7.285057e+01
2405	-7.320226e+01
2406	-7.285134e+01
2407	-7.051708e+01
2408	-7.028641e+01
2409	-7.348554e+01
2410	-7.583498e+01
2411	-7.497141e+01
2412	-7.168688e+01
2413	-7.245175e+01
2414	-7.067724e+01
2415	-7.042502e+01
2416	-7.462149e+01
2417	-7.385241e+01
2418	-7.755536e+01
2419	-7.188992e+01
2420	-7.104536e+01
2421	-7.314862e+01
2422	-7.632240e+01
2423	-7.196946e+01
2424	-7.626606e+01
2425	-7.000462e+01
2426	-7.272335e+01
2427	-6.996229e+01
2428	-7.129434e+01
2429	-7.319570e+01
2430	-7.627395e+01
2431	-7.161432e+01
2432	-7.356212e+01
2433	-7.281975e+01
2434	-7.249382e+01
2435	-7.390883e+01
2436	-7.256868e+01
2437	-7.352350e+01
2438	-7.296033e+01
2439	-7.291499e+01
2440	-7.060736e+01
2441	-7.311027e+01
2442	-7.487058e+01
2443	-7.200081e+01
2444	-7.188318e+01
2445	-7.185368e+01
2446	-7.780686e+01
2447	-7.349467e+01
2448	-7.260116e+01
2449	-7.608139e+01
2450	-7.446974e+01
2451	-7.431646e+01
2452	-7.107934e+01
2453	-7.097452e+01
2454	-7.392100e+01
2455	-7.363748e+01
2456	-7.763180e+01
2457	-7.338514e+01
2458	-7.030201e+01
2459	-7.273010e+01
2460	-7.422277e+01
2461	-7.439554e+01
2462	-7.183213e+01
2463	-7.263793e+01
2464	-7.090365e+01
2465	-7.708831e+01
2466	-7.612407e+01
2467	-7.493410e+01
2468	-7.576907e+01
2469	-7.554648e+01
2470	-7.458156e+01
2471	-7.424224e+01
2472	-7.431332e+01
2473	-7.387134e+01
2474	-7.676043e+01
2475	-7.234726e+01
2476	-7.032764e+01
2477	-7.485487e+01
2478	-7.106896e+01
2479	-7.482312e+01
2480	-7.398062e+01
2481	-7.551565e+01
2482	-7.461035e+01
2483	-7.169565e+01
2484	-7.563822e+01
2485	-7.451662e+01
2486	-7.358914e+01
2487	-7.108249e+01
2488	-7.505100e+01
2489	-7.297632e+01
2490	-7.121590e+01
2491	-7.400244e+01
2492	-7.154476e+01
2493	-7.208967e+01
2494	-7.173483e+01
2495	-7.246726e+01
2496	-7.283404e+01
2497	-7.031468e+01
2498	-7.477117e+01
2499	-7.163001e+01
2500	-7.239323e+01
2501	-7.269227e+01
2502	-7.309087e+01
2503	-7.411082e+01
2504	-7.408006e+01
2505	-7.376110e+01
2506	-7.180243e+01
2507	-7.518680e+01
2508	-7.287066e+01
2509	-7.184366e+01
2510	-7.230258e+01
2511	-7.055938e+01
2512	-7.409088e+01
2513	-7.333558e+01
2514	-7.547496e+01
2515	-7.364398e+01
2516	-7.457336e+01
2517	-7.071801e+01
2518	-7.380674e+01
2519	-7.200533e+01
2520	-7.745549e+01
2521	-7.523379e+01
2522	-7.572288e+01
2523	-7.423881e+01
2524	-7.441938e+01
2525	-7.385409e+01
2526	-7.252941e+01
2527	-7.201521e+01
2528	-7.651703e+01
2529	-7.526448e+01
2530	-7.334945e+01
2531	-7.454082e+01
2532	-7.246733e+01
2533	-7.136777e+01
2534	-7.016694e+01
2535	-7.696284e+01
2536	-7.556881e+01
2537	-7.156628e+01
2538	-7.222595e+01
2539	-7.149644e+01
2540	-7.231936e+01
2541	-7.096063e+01
2542	-7.221445e+01
2543	-7.486773e+01
2544	-7.407944e+01
2545	-6.927833e+01
2546	-7.465352e+01
2547	-7.086888e+01
2548	-7.394775e+01
2549	-7.341225e+01
2550	-7.248161e+01
2551	-7.453809e+01
2552	-7.356835e+01
2553	-6.977472e+01
2554	-7.597676e+01
2555	-7.288628e+01
2556	-7.379314e+01
2557	-7.280058e+01
2558	-7.359144e+01
2559	-7.177737e+01
2560	-7.522771e+01
2561	-7.460651e+01
2562	-6.944659e+01
2563	-7.342331e+01
2564	-7.489509e+01
2565	-7.306757e+01
2566	-7.227674e+01
2567	-7.224239e+01
2568	-7.354492e+01
2569	-7.285360e+01
2570	-7.048165e+01
2571	-7.298826e+01
2572	-7.573078e+01
2573	-7.234889e+01
2574	-7.190590e+01
2575	-7.544052e+01
2576	-7.218965e+01
2577	-7.047929e+01
2578	-7.345443e+01
2579	-7.594247e+01
2580	-7.308267e+01
2581	-7.270514e+01
2582	-7.611789e+01
2583	-7.345507e+01
2584	-7.524530e+01
2585	-6.858272e+01
2586	-7.245333e+01
2587	-7.277974e+01
2588	-7.255340e+01
2589	-7.198110e+01
2590	-7.523126e+01
2591	-7.089984e+01
2592	-7.556132e+01
2593	-7.318755e+01
2594	-6.935539e+01
2595	-7.067356e+01
2596	-7.560283e+01
2597	-7.235790e+01
2598	-7.387443e+01
2599	-7.547044e+01
2600	-7.046097e+01
2601	-7.156345e+01
2602	-7.478239e+01
2603	-7.121571e+01
2604	-7.334735e+01
2605	-7.462967e+01
2606	-7.609090e+01
2607	-7.430238e+01
2608	-7.626560e+01
2609	-7.144246e+01
2610	-7.312530e+01
2611	-7.545982e+01
2612	-7.043151e+01
2613	-7.348397e+01
2614	-7.344730e+01
2615	-7.452734e+01
2616	-7.203430e+01
2617	-7.079026e+01
2618	-7.335359e+01
2619	-7.493881e+01
2620	-7.253637e+01
2621	-7.322382e+01
2622	-7.077372e+01
2623	-7.526374e+01
2624	-7.298288e+01
2625	-7.251693e+01
2626	-7.582051e+01
2627	-7.452258e+01
2628	-7.173058e+01
2629	-7.057194e+01
2630	-7.276897e+01
2631	-7.442844e+01
2632	-7.231628e+01
2633	-7.444855e+01
2634	-7.437905e+01
2635	-7.385731e+01
2636	-7.235566e+01
2637	-7.595103e+01
2638	-7.425698e+01
2639	-7.241636e+01
2640	-7.173634e+01
2641	-7.080648e+01
2642	-7.320515e+01
2643	-7.119605e+01
2644	-7.366879e+01
2645	-7.262923e+01
2646	-7.107550e+01
2647	-7.292455e+01
2648	-7.401920e+01
2649	-7.415525e+01
2650	-7.517183e+01
2651	-7.408900e+01
2652	-7.235498e+01
2653	-7.941451e+01
2654	-7.316282e+01
2655	-7.269156e+01
2656	-7.347351e+01
2657	-7.271083e+01
2658	-7.503379e+01
2659	-7.377614e+01
2660	-7.274921e+01
2661	-7.565350e+01
2662	-7.222730e+01
2663	-7.293201e+01
2664	-7.393516e+01
2665	-7.222086e+01
2666	-7.121053e+01
2667	-7.865853e+01
2668	-7.228650e+01
2669	-7.271805e+01
2670	-7.128985e+01
2671	-6.883946e+01
2672	-7.204458e+01
2673	-7.265071e+01
2674	-7.221708e+01
2675	-7.423423e+01
2676	-7.200255e+01
2677	-7.547496e+01
2678	-7.161174e+01
2679	-7.307932e+01
2680	-7.265647e+01
2681	-7.464495e+01
2682	-7.279709e+01
2683	-7.283610e+01
2684	-7.355627e+01
2685	-7.471059e+01
2686	-6.941162e+01
2687	-7.325906e+01
2688	-7.563631e+01
2689	-7.357316e+01
2690	-7.248270e+01
2691	-7.403542e+01
2692	-7.285888e+01
2693	-7.169705e+01
2694	-7.252146e+01
2695	-7.149528e+01
2696	-7.442872e+01
2697	-7.074594e+01
2698	-6.935524e+01
2699	-6.834875e+01
2700	-7.492065e+01
2701	-7.110290e+01
2702	-7.354655e+01
2703	-7.299884e+01
2704	-7.220254e+01
2705	-7.251466e+01
2706	-7.326866e+01
2707	-7.514786e+01
2708	-7.239565e+01
2709	-7.224672e+01
2710	-7.398904e+01
2711	-7.512790e+01
2712	-7.687816e+01
2713	-7.254135e+01
2714	-7.418277e+01
2715	-7.366955e+01
2716	-6.963735e+01
2717	-7.235061e+01
2718	-7.310227e+01
2719	-7.222756e+01
2720	-7.249165e+01
2721	-7.237719e+01
2722	-7.371564e+01
2723	-7.640684e+01
2724	-7.036139e+01
2725	-7.099942e+01
2726	-6.962792e+01
2727	-7.296905e+01
2728	-7.417089e+01
2729	-7.606384e+01
2730	-7.114624e+01
2731	-6.911007e+01
2732	-6.992327e+01
2733	-7.450015e+01
2734	-7.324990e+01
2735	-7.360084e+01
2736	-7.010370e+01
2737	-7.139247e+01
2738	-7.408713e+01
2739	-7.334448e+01
2740	-7.020514e+01
2741	-7.474920e+01
2742	-7.041956e+01
2743	-7.668901e+01
2744	-7.409176e+01
2745	-7.165017e+01
2746	-7.498240e+01
2747	-7.149573e+01
2748	-7.228676e+01
2749	-7.232276e+01
2750	-7.612739e+01
2751	-7.458228e+01
2752	-7.065363e+01
2753	-7.066818e+01
2754	-7.611258e+01
2755	-7.224388e+01
2756	-7.124407e+01
2757	-7.413456e+01
2758	-7.375883e+01
2759	-7.420583e+01
2760	-7.449677e+01
2761	-7.436152e+01
2762	-7.406058e+01
2763	-7.345256e+01
2764	-7.451471e+01
2765	-7.507557e+01
2766	-7.546712e+01
2767	-7.222493e+01
2768	-7.182465e+01
2769	-7.276342e+01
2770	-7.419340e+01
2771	-7.405018e+01
2772	-7.205723e+01
2773	-7.376962e+01
2774	-7.288620e+01
2775	-6.943197e+01
2776	-7.045726e+01
2777	-7.751331e+01
2778	-7.728141e+01
2779	-7.164349e+01
2780	-7.193904e+01
2781	-7.134508e+01
2782	-7.452760e+01
2783	-6.925446e+01
2784	-7.275272e+01
2785	-7.256164e+01
2786	-7.329293e+01
2787	-7.280209e+01
2788	-7.505185e+01
2789	-7.453540e+01
2790	-7.339315e+01
2791	-7.182133e+01
2792	-7.135784e+01
2793	-7.325172e+01
2794	-7.199405e+01
2795	-6.952594e+01
2796	-7.578131e+01
2797	-7.366287e+01
2798	-7.166524e+01
2799	-7.196318e+01
2800	-7.207003e+01
2801	-7.303980e+01
2802	-7.513308e+01
2803	-7.006209e+01
2804	-7.007817e+01
2805	-7.307925e+01
2806	-7.485563e+01
2807	-7.005684e+01
2808	-7.380717e+01
2809	-7.281923e+01
2810	-7.448085e+01
2811	-7.380289e+01
2812	-7.247768e+01
2813	-7.586083e+01
2814	-7.453036e+01
2815	-7.136293e+01
2816	-7.377557e+01
2817	-7.455810e+01
2818	-7.318653e+01
2819	-7.204883e+01
2820	-7.348503e+01
2821	-7.252127e+01
2822	-7.580829e+01
2823	-7.489254e+01
2824	-7.105439e+01
2825	-7.532436e+01
2826	-7.464928e+01
2827	-7.300909e+01
2828	-7.391665e+01
2829	-7.349872e+01
2830	-7.121457e+01
2831	-7.133561e+01
2832	-7.022538e+01
2833	-7.375876e+01
2834	-7.141737e+01
2835	-7.415738e+01
2836	-7.132321e+01
2837	-7.436139e+01
2838	-7.315405e+01
2839	-7.474277e+01
2840	-7.584129e+01
2841	-7.116962e+01
2842	-7.345928e+01
2843	-7.399912e+01
2844	-7.199574e+01
2845	-7.741707e+01
2846	-7.216834e+01
2847	-7.200752e+01
2848	-7.336410e+01
2849	-7.342743e+01
2850	-7.276028e+01
2851	-7.236467e+01
2852	-6.951635e+01
2853	-7.233137e+01
2854	-7.377078e+01
2855	-6.836248e+01
2856	-7.496509e+01
2857	-7.404886e+01
2858	-7.351022e+01
2859	-7.763580e+01
2860	-7.567392e+01
2861	-7.328532e+01
2862	-7.145224e+01
2863	-7.381922e+01
2864	-6.980685e+01
2865	-7.320858e+01
2866	-7.399942e+01
2867	-7.137024e+01
2868	-6.847718e+01
2869	-7.574552e+01
2870	-7.334734e+01
2871	-7.384639e+01
2872	-7.425388e+01
2873	-7.328922e+01
2874	-7.586616e+01
2875	-6.954693e+01
2876	-7.277271e+01
2877	-7.308965e+01
2878	-7.564660e+01
2879	-7.218742e+01
2880	-7.067917e+01
2881	-6.953509e+01
2882	-7.446250e+01
2883	-7.018856e+01
2884	-7.271232e+01
2885	-7.858726e+01
2886	-7.260896e+01
2887	-7.476048e+01
2888	-7.485811e+01
2889	-7.371572e+01
2890	-7.324137e+01
2891	-7.787649e+01
2892	-7.151228e+01
2893	-7.324153e+01
2894	-7.605745e+01
2895	-7.312688e+01
2896	-7.450173e+01
2897	-7.160390e+01
2898	-7.122444e+01
2899	-7.672029e+01
2900	-7.366513e+01
2901	-7.589770e+01
2902	-7.374951e+01
2903	-7.408707e+01
2904	-7.173918e+01
2905	-7.408745e+01
2906	-7.367968e+01
2907	-7.271336e+01
2908	-7.194334e+01
2909	-7.368569e+01
2910	-7.172220e+01
2911	-7.097820e+01
2912	-7.558352e+01
2913	-7.680941e+01
2914	-7.280314e+01
2915	-7.352793e+01
2916	-7.370685e+01
2917	-7.652967e+01
2918	-7.155508e+01
2919	-7.300268e+01
2920	-7.479924e+01
2921	-7.521595e+01
2922	-7.645683e+01
2923	-7.397614e+01
2924	-7.486241e+01
2925	-7.389350e+01
2926	-7.544751e+01
2927	-6.975038e+01
2928	-7.699514e+01
2929	-7.279772e+01
2930	-7.820791e+01
2931	-7.080336e+01
2932	-7.636565e+01
2933	-7.154742e+01
2934	-7.232046e+01
2935	-7.257628e+01
2936	-6.956318e+01
2937	-7.557359e+01
2938	-7.574350e+01
2939	-7.496721e+01
2940	-7.533350e+01
2941	-7.270729e+01
2942	-7.137817e+01
2943	-7.221720e+01
2944	-7.121211e+01
2945	-7.310984e+01
2946	-7.261813e+01
2947	-7.379332e+01
2948	-7.752050e+01
2949	-7.510568e+01
2950	-7.343610e+01
2951	-7.426109e+01
2952	-7.477857e+01
2953	-7.296236e+01
2954	-7.241998e+01
2955	-7.443654e+01
2956	-7.449514e+01
2957	-7.687222e+01
2958	-7.354189e+01
2959	-7.412011e+01
2960	-7.015744e+01
2961	-7.405322e+01
2962	-7.333973e+01
2963	-7.306584e+01
2964	-7.295797e+01
2965	-7.286799e+01
2966	-7.700681e+01
2967	-7.424535e+01
2968	-7.389455e+01
2969	-7.478356e+01
2970	-7.379045e+01
2971	-7.267519e+01
2972	-7.366626e+01
2973	-7.353222e+01
2974	-7.757314e+01
2975	-6.983705e+01
2976	-7.566326e+01
2977	-7.125312e+01
2978	-7.129555e+01
2979	-7.216326e+01
2980	-7.221229e+01
2981	-7.099049e+01
2982	-7.181676e+01
2983	-7.372722e+01
2984	-7.127658e+01
2985	-6.925399e+01
2986	-7.383910e+01
2987	-7.088938e+01
2988	-7.553470e+01
2989	-7.023439e+01
2990	-7.301365e+01
2991	-6.836084e+01
2992	-7.303458e+01
2993	-7.536300e+01
2994	-7.273201e+01
2995	-7.481327e+01
2996	-7.672604e+01
2997	-7.393408e+01
2998	-7.243180e+01
2999	-7.296314e+01
3000	-7.444632e+01
3001	-7.682068e+01
3002	-7.370966e+01
3003	-7.643989e+01
3004	-7.739407e+01
3005	-7.750277e+01
3006	-7.302504e+01
3007	-7.509695e+01
3008	-7.392608e+01
3009	-7.255367e+01
3010	-7.284069e+01
3011	-7.248298e+01
3012	-7.310844e+01
3013	-7.298189e+01
3014	-7.495877e+01
3015	-6.915931e+01
3016	-7.797173e+01
3017	-7.420663e+01
3018	-7.423543e+01
3019	-7.492361e+01
3020	-7.750846e+01
3021	-7.134640e+01
3022	-7.310520e+01
3023	-7.322403e+01
3024	-7.155728e+01
3025	-7.456424e+01
3026	-7.267256e+01
3027	-7.544025e+01
3028	-7.297635e+01
3029	-7.293834e+01
3030	-7.324179e+01
3031	-7.224924e+01
3032	-7.579717e+01
3033	-7.196036e+01
3034	-7.299290e+01
3035	-7.215580e+01
3036	-6.825742e+01
3037	-7.486125e+01
3038	-7.328021e+01
3039	-7.196862e+01
3040	-7.121948e+01
3041	-7.610148e+01
3042	-7.647460e+01
3043	-7.136540e+01
3044	-7.217457e+01
3045	-6.935961e+01
3046	-7.444048e+01
3047	-7.571691e+01
3048	-7.338526e+01
3049	-7.470664e+01
3050	-7.479121e+01
3051	-7.289431e+01
3052	-7.466405e+01
3053	-7.352263e+01
3054	-7.497456e+01
3055	-7.251348e+01
3056	-7.085753e+01
3057	-7.247775e+01
3058	-7.443176e+01
3059	-7.511056e+01
3060	-7.103610e+01
3061	-7.827319e+01
3062	-7.617932e+01
3063	-7.203131e+01
3064	-7.132413e+01
3065	-7.327900e+01
3066	-7.179087e+01
3067	-7.449076e+01
3068	-7.295455e+01
3069	-7.462839e+01
3070	-7.778823e+01
3071	-6.996679e+01
3072	-7.802839e+01
3073	-7.374421e+01
3074	-7.299133e+01
3075	-7.620539e+01
3076	-7.457113e+01
3077	-7.611017e+01
3078	-7.237785e+01
3079	-7.527247e+01
3080	-7.758701e+01
3081	-7.506940e+01
3082	-7.733201e+01
3083	-7.675731e+01
3084	-7.452015e+01
3085	-7.323867e+01
3086	-7.273032e+01
3087	-7.220855e+01
3088	-7.078331e+01
3089	-7.397179e+01
3090	-7.374020e+01
3091	-7.236872e+01
3092	-7.544349e+01
3093	-7.106279e+01
3094	-7.170790e+01
3095	-7.442805e+01
3096	-7.074652e+01
3097	-7.027650e+01
3098	-7.156617e+01
3099	-7.294677e+01
3100	-7.553757e+01
3101	-7.255327e+01
3102	-7.256849e+01
3103	-7.325480e+01
3104	-7.446803e+01
3105	-7.264415e+01
3106	-7.381992e+01
3107	-7.589739e+01
3108	-7.304860e+01
3109	-7.605269e+01
3110	-7.125916e+01
3111	-7.296102e+01
3112	-7.301770e+01
3113	-7.673445e+01
3114	-7.251042e+01
3115	-7.136065e+01
3116	-7.302151e+01
3117	-7.319664e+01
3118	-7.236875e+01
3119	-7.275126e+01
3120	-7.134706e+01
3121	-7.151253e+01
3122	-7.385116e+01
3123	-7.251574e+01
3124	-7.345487e+01
3125	-7.548370e+01
3126	-7.657425e+01
3127	-7.534122e+01
3128	-7.074006e+01
3129	-7.383289e+01
3130	-7.009773e+01
3131	-7.389183e+01
3132	-7.409116e+01
3133	-7.439310e+01
3134	-7.378723e+01
3135	-7.040089e+01
3136	-7.461932e+01
3137	-7.680216e+01
3138	-7.482384e+01
3139	-7.332047e+01
3140	-7.429858e+01
3141	-7.483848e+01
3142	-7.402977e+01
3143	-7.304171e+01
3144	-6.822016e+01
3145	-7.510523e+01
3146	-7.463862e+01
3147	-7.475557e+01
3148	-7.369344e+01
3149	-7.468607e+01
3150	-7.784824e+01
3151	-7.284521e+01
3152	-7.335307e+01
3153	-7.485413e+01
3154	-7.051074e+01
3155	-7.388299e+01
3156	-6.957063e+01
3157	-7.307291e+01
3158	-6.749231e+01
3159	-7.311531e+01
3160	-7.141916e+01
3161	-7.367917e+01
3162	-7.209409e+01
3163	-7.544368e+01
3164	-7.174085e+01
3165	-7.348381e+01
3166	-7.220196e+01
3167	-7.555754e+01
3168	-7.293041e+01
3169	-7.304243e+01
3170	-7.580560e+01
3171	-7.722664e+01
3172	-7.408652e+01
3173	-6.848429e+01
3174	-7.667736e+01
3175	-6.988875e+01
3176	-7.335364e+01
3177	-7.358861e+01
3178	-7.151919e+01
3179	-7.269871e+01
3180	-7.344317e+01
3181	-7.824881e+01
3182	-7.618098e+01
3183	-7.654930e+01
3184	-7.371668e+01
3185	-7.409659e+01
3186	-7.211261e+01
3187	-6.747768e+01
3188	-7.287735e+01
3189	-7.286063e+01
3190	-7.014410e+01
3191	-6.911193e+01
3192	-7.298734e+01
3193	-7.414218e+01
3194	-7.347938e+01
3195	-7.131724e+01
3196	-7.691521e+01
3197	-7.255408e+01
3198	-7.825072e+01
3199	-7.153217e+01
3200	-7.195973e+01
3201	-6.816831e+01
3202	-7.244763e+01
3203	-7.196893e+01
3204	-7.240325e+01
3205	-7.344390e+01
3206	-7.456893e+01
3207	-7.417777e+01
3208	-7.466191e+01
3209	-7.447225e+01
3210	-7.201930e+01
3211	-7.285968e+01
3212	-7.118231e+01
3213	-7.234211e+01
3214	-7.492192e+01
3215	-7.383105e+01
3216	-7.721196e+01
3217	-7.336537e+01
3218	-7.263565e+01
3219	-7.312057e+01
3220	-7.286602e+01
3221	-7.256193e+01
3222	-7.358979e+01
3223	-7.406825e+01
3224	-7.472765e+01
3225	-7.725562e+01
3226	-7.342642e+01
3227	-7.063022e+01
3228	-7.375887e+01
3229	-7.165144e+01
3230	-7.226655e+01
3231	-7.416269e+01
3232	-7.434045e+01
3233	-7.364537e+01
3234	-7.566562e+01
3235	-7.431245e+01
3236	-7.591078e+01
3237	-7.089051e+01
3238	-7.471937e+01
3239	-7.553908e+01
3240	-7.646961e+01
3241	-7.592379e+01
3242	-7.460074e+01
3243	-7.375909e+01
3244	-7.369153e+01
3245	-7.077386e+01
3246	-7.115751e+01
3247	-7.299109e+01
3248	-7.461602e+01
3249	-7.356552e+01
3250	-7.334370e+01
3251	-7.472579e+01
3252	-6.794943e+01
3253	-7.333644e+01
3254	-7.693460e+01
3255	-7.519584e+01
3256	-7.132847e+01
3257	-7.522756e+01
3258	-7.647124e+01
3259	-7.735147e+01
3260	-7.504711e+01
3261	-7.525213e+01
3262	-7.221720e+01
3263	-7.726052e+01
3264	-7.033752e+01
3265	-7.609328e+01
3266	-7.296843e+01
3267	-7.240712e+01
3268	-7.158448e+01
3269	-7.630518e+01
3270	-7.459302e+01
3271	-7.234474e+01
3272	-7.051893e+01
3273	-7.103824e+01
3274	-7.081940e+01
3275	-7.299681e+01
3276	-7.297550e+01
3277	-7.119043e+01
3278	-7.620874e+01
3279	-7.166627e+01
3280	-7.249748e+01
3281	-7.452158e+01
3282	-7.397243e+01
3283	-7.430215e+01
3284	-7.567017e+01
3285	-7.535227e+01
3286	-7.312831e+01
3287	-7.308635e+01
3288	-7.044398e+01
3289	-7.324925e+01
3290	-7.079702e+01
3291	-7.429671e+01
3292	-7.157168e+01
3293	-7.468164e+01
3294	-7.473538e+01
3295	-7.220745e+01
3296	-7.194400e+01
3297	-7.338574e+01
3298	-7.208682e+01
3299	-7.271916e+01
3300	-7.258276e+01
3301	-7.038956e+01
3302	-7.751538e+01
3303	-7.424311e+01
3304	-6.942089e+01
3305	-7.470409e+01
3306	-6.819217e+01
3307	-6.820634e+01
3308	-7.272536e+01
3309	-7.379620e+01
3310	-6.965908e+01
3311	-7.071077e+01
3312	-7.201175e+01
3313	-7.575003e+01
3314	-7.488217e+01
3315	-6.775858e+01
3316	-7.505773e+01
3317	-6.940520e+01
3318	-7.526006e+01
3319	-7.094988e+01
3320	-7.549227e+01
3321	-7.188054e+01
3322	-7.453487e+01
3323	-7.670843e+01
3324	-7.346134e+01
3325	-7.325280e+01
3326	-7.534478e+01
3327	-7.227299e+01
3328	-7.373874e+01
3329	-7.215917e+01
3330	-7.350159e+01
3331	-7.473146e+01
3332	-7.279530e+01
3333	-7.275275e+01
3334	-7.538424e+01
3335	-7.627387e+01
3336	-7.323602e+01
3337	-7.072937e+01
3338	-7.439433e+01
3339	-7.519964e+01
3340	-7.173540e+01
3341	-7.397646e+01
3342	-7.320688e+01
3343	-7.377981e+01
3344	-7.952699e+01
3345	-7.285382e+01
3346	-7.186777e+01
3347	-7.423346e+01
3348	-7.214603e+01
3349	-7.076479e+01
3350	-7.168769e+01
3351	-7.288526e+01
3352	-7.521854e+01
3353	-7.186374e+01
3354	-7.516648e+01
3355	-7.604960e+01
3356	-7.317797e+01
3357	-7.186017e+01
3358	-7.286644e+01
3359	-7.028540e+01
3360	-7.269603e+01
3361	-7.424936e+01
3362	-7.447251e+01
3363	-7.411932e+01
3364	-7.420347e+01
3365	-7.533034e+01
3366	-7.458645e+01
3367	-7.344352e+01
3368	-6.963595e+01
3369	-7.428301e+01
3370	-7.591139e+01
3371	-7.075539e+01
3372	-6.969835e+01
3373	-7.220776e+01
3374	-7.281569e+01
3375	-7.552478e+01
3376	-7.568411e+01
3377	-7.590041e+01
3378	-7.430383e+01
3379	-7.464237e+01
3380	-7.605988e+01
3381	-7.353461e+01
3382	-7.482634e+01
3383	-7.379735e+01
3384	-7.376420e+01
3385	-7.376320e+01
3386	-6.854940e+01
3387	-7.370153e+01
3388	-7.332027e+01
3389	-7.278168e+01
3390	-7.709513e+01
3391	-7.073540e+01
3392	-6.853561e+01
3393	-7.538330e+01
3394	-7.329399e+01
3395	-7.554739e+01
3396	-7.181596e+01
3397	-7.028139e+01
3398	-7.178609e+01
3399	-7.101714e+01
3400	-7.455712e+01
3401	-7.543240e+01
3402	-7.397260e+01
3403	-7.328531e+01
3404	-7.847953e+01
3405	-7.316922e+01
3406	-7.794089e+01
3407	-7.776264e+01
3408	-7.542909e+01
3409	-7.399716e+01
3410	-7.284651e+01
3411	-7.098465e+01
3412	-7.360844e+01
3413	-7.296424e+01
3414	-7.532863e+01
3415	-7.000322e+01
3416	-7.295479e+01
3417	-7.597446e+01
3418	-7.343754e+01
3419	-7.606185e+01
3420	-7.257761e+01
3421	-7.199181e+01
3422	-7.153986e+01
3423	-7.229067e+01
3424	-7.293722e+01
3425	-7.295171e+01
3426	-7.143378e+01
3427	-7.281617e+01
3428	-7.571338e+01
3429	-7.379151e+01
3430	-7.114979e+01
3431	-7.016468e+01
3432	-7.241877e+01
3433	-7.664931e+01
3434	-7.235804e+01
3435	-7.472411e+01
3436	-7.805185e+01
3437	-7.457400e+01
3438	-7.487567e+01
3439	-7.609947e+01
3440	-7.427366e+01
3441	-7.456604e+01
3442	-7.959236e+01
3443	-7.397054e+01
3444	-7.364592e+01
3445	-7.348293e+01
3446	-7.175379e+01
3447	-7.184048e+01
3448	-7.202814e+01
3449	-7.320872e+01
3450	-7.094343e+01
3451	-7.246823e+01
3452	-7.202754e+01
3453	-7.362081e+01
3454	-7.555074e+01
3455	-7.415821e+01
3456	-7.271821e+01
3457	-7.503241e+01
3458	-7.482157e+01
3459	-7.338474e+01
3460	-7.034693e+01
3461	-7.623779e+01
3462	-7.521305e+01
3463	-7.138865e+01
3464	-6.912097e+01
3465	-7.469153e+01
3466	-7.224983e+01
3467	-7.048727e+01
3468	-7.520304e+01
3469	-7.931964e+01
3470	-6.861677e+01
3471	-7.454495e+01
3472	-7.011519e+01
3473	-7.740005e+01
3474	-7.171341e+01
3475	-7.754135e+01
3476	-7.192653e+01
3477	-7.181081e+01
3478	-7.192550e+01
3479	-7.492119e+01
3480	-7.231714e+01
3481	-7.187052e+01
3482	-7.424061e+01
3483	-7.495006e+01
3484	-7.482351e+01
3485	-7.452905e+01
3486	-7.109747e+01
3487	-7.423401e+01
3488	-7.034590e+01
3489	-7.349648e+01
3490	-7.081752e+01
3491	-7.490359e+01
3492	-7.334384e+01
3493	-7.446145e+01
3494	-7.227037e+01
3495	-7.305162e+01
3496	-7.240203e+01
3497	-7.289397e+01
3498	-6.809191e+01
3499	-7.332411e+01
3500	-7.432479e+01
3501	-7.354133e+01
3502	-7.332121e+01
3503	-7.604969e+01
3504	-7.377631e+01
3505	-7.073997e+01
3506	-7.104739e+01
3507	-6.760418e+01
3508	-7.116769e+01
3509	-7.187249e+01
3510	-7.411557e+01
3511	-7.356738e+01
3512	-7.474412e+01
3513	-7.230985e+01
3514	-7.301901e+01
3515	-7.345065e+01
3516	-7.140734e+01
3517	-7.260417e+01
3518	-7.564158e+01
3519	-7.733741e+01
3520	-7.738635e+01
3521	-7.273420e+01
3522	-7.367855e+01
3523	-7.441486e+01
3524	-7.866538e+01
3525	-7.318039e+01
3526	-7.614897e+01
3527	-7.210377e+01
3528	-7.241323e+01
3529	-7.146021e+01
3530	-7.505619e+01
3531	-7.937786e+01
3532	-7.484258e+01
3533	-7.377307e+01
3534	-7.488805e+01
3535	-7.070914e+01
3536	-7.119954e+01
3537	-7.111188e+01
3538	-7.246911e+01
3539	-7.207610e+01
3540	-7.391169e+01
3541	-7.386430e+01
3542	-7.188822e+01
3543	-7.494333e+01
3544	-7.544860e+01
3545	-7.595271e+01
3546	-7.265804e+01
3547	-7.330259e+01
3548	-7.165635e+01
3549	-7.282301e+01
3550	-7.578742e+01
3551	-7.621089e+01
3552	-7.443650e+01
3553	-7.280761e+01
3554	-7.048167e+01
3555	-7.152134e+01
3556	-7.388031e+01
3557	-7.503581e+01
3558	-7.486573e+01
3559	-7.736387e+01
3560	-7.282273e+01
3561	-7.551692e+01
3562	-7.422005e+01
3563	-7.457465e+01
3564	-7.542520e+01
3565	-7.245412e+01
3566	-7.303735e+01
3567	-7.491998e+01
3568	-7.167793e+01
3569	-7.076462e+01
3570	-7.313819e+01
3571	-7.215279e+01
3572	-7.099624e+01
3573	-7.366841e+01
3574	-7.446072e+01
3575	-7.159093e+01
3576	-7.135220e+01
3577	-7.166737e+01
3578	-7.558819e+01
3579	-7.199347e+01
3580	-7.247441e+01
3581	-7.377874e+01
3582	-7.148924e+01
3583	-6.993016e+01
3584	-7.055272e+01
3585	-7.343364e+01
3586	-7.315213e+01
3587	-7.153066e+01
3588	-7.113671e+01
3589	-7.372105e+01
3590	-7.293377e+01
3591	-7.282474e+01
3592	-7.071199e+01
3593	-7.415986e+01
3594	-7.518978e+01
3595	-7.243279e+01
3596	-7.439803e+01
3597	-7.054041e+01
3598	-7.568294e+01
3599	-7.569517e+01
3600	-7.475372e+01
3601	-7.331991e+01
3602	-7.210261e+01
3603	-7.519163e+01
3604	-7.249486e+01
3605	-7.538236e+01
3606	-7.213801e+01
3607	-7.218012e+01
3608	-7.162013e+01
3609	-7.548017e+01
3610	-7.556962e+01
3611	-7.443922e+01
3612	-7.585365e+01
3613	-7.310427e+01
3614	-7.278677e+01
3615	-7.410287e+01
3616	-7.352951e+01
3617	-7.371512e+01
3618	-7.572858e+01
3619	-7.627147e+01
3620	-6.963273e+01
3621	-6.922993e+01
3622	-7.428502e+01
3623	-7.408001e+01
3624	-7.289212e+01
3625	-7.352139e+01
3626	-7.948397e+01
3627	-7.279850e+01
3628	-7.276811e+01
3629	-6.803789e+01
3630	-7.546735e+01
3631	-7.416662e+01
3632	-7.429073e+01
3633	-7.500273e+01
3634	-7.566767e+01
3635	-7.260216e+01
3636	-7.269716e+01
3637	-7.827475e+01
3638	-7.389143e+01
3639	-7.438424e+01
3640	-7.207934e+01
3641	-7.293487e+01
3642	-7.474527e+01
3643	-7.425968e+01
3644	-7.458966e+01
3645	-7.463988e+01
3646	-7.101265e+01
3647	-7.264582e+01
3648	-7.505870e+01
3649	-7.379589e+01
3650	-7.254612e+01
3651	-7.158383e+01
3652	-7.395943e+01
3653	-7.549650e+01
3654	-7.414307e+01
3655	-7.599745e+01
3656	-7.434757e+01
3657	-7.117073e+01
3658	-7.491551e+01
3659	-7.224537e+01
3660	-7.143635e+01
3661	-7.373752e+01
3662	-7.145428e+01
3663	-7.418982e+01
3664	-7.481161e+01
3665	-7.611481e+01
3666	-7.380074e+01
3667	-7.409727e+01
3668	-7.052849e+01
3669	-7.401169e+01
3670	-7.531845e+01
3671	-7.019621e+01
3672	-7.145276e+01
3673	-7.591411e+01
3674	-7.016831e+01
3675	-7.605630e+01
3676	-7.499996e+01
3677	-7.115170e+01
3678	-7.398032e+01
3679	-7.319899e+01
3680	-7.257419e+01
3681	-6.928005e+01
3682	-7.485349e+01
3683	-7.216868e+01
3684	-7.399620e+01
3685	-7.505806e+01
3686	-7.408696e+01
3687	-7.269698e+01
3688	-7.017559e+01
3689	-7.215791e+01
3690	-7.718257e+01
3691	-7.030936e+01
3692	-7.089214e+01
3693	-7.461365e+01
3694	-7.542722e+01
3695	-7.612708e+01
3696	-7.472350e+01
3697	-7.544576e+01
3698	-7.304430e+01
3699	-7.227032e+01
3700	-7.364544e+01
3701	-7.208637e+01
3702	-7.164977e+01
3703	-7.285470e+01
3704	-7.551306e+01
3705	-7.125709e+01
3706	-7.351515e+01
3707	-7.424590e+01
3708	-7.228423e+01
3709	-7.101346e+01
3710	-7.495404e+01
3711	-7.234802e+01
3712	-7.455746e+01
3713	-7.328847e+01
3714	-7.217956e+01
3715	-7.483456e+01
3716	-7.393011e+01
3717	-7.502877e+01
3718	-7.414457e+01
3719	-7.161483e+01
3720	-7.207851e+01
3721	-7.278507e+01
3722	-7.262684e+01
3723	-7.130409e+01
3724	-7.362279e+01
3725	-7.584152e+01
3726	-7.228133e+01
3727	-7.301072e+01
3728	-7.381945e+01
3729	-7.489901e+01
3730	-7.581500e+01
3731	-7.346214e+01
3732	-7.205636e+01
3733	-7.358729e+01
3734	-7.507182e+01
3735	-7.120076e+01
3736	-7.361309e+01
3737	-7.200204e+01
3738	-7.753750e+01
3739	-7.436028e+01
3740	-7.516119e+01
3741	-7.323293e+01
3742	-7.293533e+01
3743	-7.504590e+01
3744	-7.514245e+01
3745	-7.431569e+01
3746	-7.388740e+01
3747	-7.280946e+01
3748	-7.341231e+01
3749	-7.755050e+01
3750	-7.157822e+01
3751	-7.110807e+01
3752	-7.223949e+01
3753	-7.457374e+01
3754	-7.333077e+01
3755	-6.908663e+01
3756	-7.408458e+01
3757	-7.422859e+01
3758	-7.122982e+01
3759	-7.971584e+01
3760	-7.469863e+01
3761	-7.466337e+01
3762	-7.300862e+01
3763	-6.935780e+01
3764	-7.399875e+01
3765	-6.883289e+01
3766	-7.210541e+01
3767	-7.538308e+01
3768	-7.393476e+01
3769	-7.347748e+01
3770	-7.484435e+01
3771	-7.578105e+01
3772	-7.397370e+01
3773	-7.209997e+01
3774	-7.357252e+01
3775	-7.398078e+01
3776	-7.135160e+01
3777	-7.005256e+01
3778	-6.976627e+01
3779	-7.362992e+01
3780	-7.250423e+01
3781	-7.258036e+01
3782	-7.359072e+01
3783	-7.661709e+01
3784	-7.425461e+01
3785	-7.225802e+01
3786	-7.423388e+01
3787	-7.298017e+01
3788	-6.943625e+01
3789	-7.612266e+01
3790	-7.254109e+01
3791	-7.381909e+01
3792	-7.100348e+01
3793	-7.575543e+01
3794	-6.796086e+01
3795	-7.052402e+01
3796	-7.126131e+01
3797	-7.148435e+01
3798	-7.073945e+01
3799	-7.469274e+01
3800	-7.254858e+01
3801	-7.287613e+01
3802	-7.421251e+01
3803	-7.057781e+01
3804	-7.565392e+01
3805	-7.349982e+01
3806	-7.369534e+01
3807	-7.231958e+01
3808	-7.032425e+01
3809	-7.105357e+01
3810	-7.702141e+01
3811	-7.317288e+01
3812	-7.544711e+01
3813	-7.221181e+01
3814	-7.338416e+01
3815	-7.523945e+01
3816	-7.486713e+01
3817	-7.225806e+01
3818	-7.096077e+01
3819	-7.371858e+01
3820	-7.470919e+01
3821	-7.103899e+01
3822	-7.252075e+01
3823	-7.246994e+01
3824	-7.461037e+01
3825	-7.158037e+01
3826	-7.480548e+01
3827	-7.493187e+01
3828	-7.174530e+01
3829	-7.454806e+01
3830	-7.197801e+01
3831	-6.829664e+01
3832	-7.247103e+01
3833	-7.052048e+01
3834	-7.379835e+01
3835	-7.126485e+01
3836	-7.529828e+01
3837	-7.455905e+01
3838	-7.228514e+01
3839	-7.792450e+01
3840	-7.029472e+01
3841	-7.228295e+01
3842	-7.124085e+01
3843	-6.971823e+01
3844	-7.488900e+01
3845	-7.290364e+01
3846	-7.162474e+01
3847	-7.321065e+01
3848	-7.238119e+01
3849	-7.485501e+01
3850	-7.535069e+01
3851	-7.558852e+01
3852	-7.504038e+01
3853	-7.366899e+01
3854	-7.265743e+01
3855	-7.103963e+01
3856	-7.488523e+01
3857	-7.458555e+01
3858	-7.106920e+01
3859	-7.111138e+01
3860	-7.131113e+01
3861	-7.430508e+01
3862	-7.209026e+01
3863	-7.676990e+01
3864	-7.605590e+01
3865	-7.460852e+01
3866	-7.493313e+01
3867	-7.420340e+01
3868	-7.481591e+01
3869	-7.348701e+01
3870	-7.210249e+01
3871	-7.444893e+01
3872	-7.017209e+01
3873	-7.139659e+01
3874	-7.185743e+01
3875	-7.503859e+01
3876	-7.510141e+01
3877	-6.836609e+01
3878	-7.203579e+01
3879	-7.440033e+01
3880	-7.540063e+01
3881	-7.461302e+01
3882	-7.222907e+01
3883	-7.330298e+01
3884	-7.576311e+01
3885	-7.475639e+01
3886	-6.840459e+01
3887	-6.948630e+01
3888	-7.068731e+01
3889	-7.023833e+01
3890	-7.208214e+01
3891	-7.276154e+01
3892	-6.847976e+01
3893	-6.970998e+01
3894	-7.431243e+01
3895	-7.313332e+01
3896	-7.231918e+01
3897	-7.362614e+01
3898	-7.196783e+01
3899	-7.288159e+01
3900	-7.608551e+01
3901	-7.235027e+01
3902	-7.369107e+01
3903	-7.054625e+01
3904	-7.712569e+01
3905	-7.303259e+01
3906	-7.744413e+01
3907	-7.440214e+01
3908	-7.189645e+01
3909	-7.302511e+01
3910	-7.556367e+01
3911	-6.963469e+01
3912	-7.813393e+01
3913	-7.219339e+01
3914	-6.924032e+01
3915	-7.319214e+01
3916	-7.646084e+01
3917	-7.445285e+01
3918	-7.437788e+01
3919	-7.376874e+01
3920	-7.165168e+01
3921	-7.791277e+01
3922	-7.512360e+01
3923	-7.519952e+01
3924	-7.726787e+01
3925	-7.075175e+01
3926	-7.260714e+01
3927	-7.283260e+01
3928	-6.958288e+01
3929	-7.373700e+01
3930	-7.319739e+01
3931	-7.098078e+01
3932	-7.225965e+01
3933	-7.477322e+01
3934	-7.185509e+01
3935	-7.300504e+01
3936	-7.174207e+01
3937	-7.214470e+01
3938	-7.347214e+01
3939	-7.376230e+01
3940	-7.480329e+01
3941	-7.227158e+01
3942	-7.664095e+01
3943	-7.489013e+01
3944	-6.937894e+01
3945	-7.706501e+01
3946	-7.161349e+01
3947	-7.236866e+01
3948	-6.997301e+01
3949	-7.431072e+01
3950	-7.059690e+01
3951	-7.894792e+01
3952	-7.622898e+01
3953	-6.958670e+01
3954	-7.212094e+01
3955	-7.489446e+01
3956	-7.531592e+01
3957	-7.544166e+01
3958	-7.670997e+01
3959	-7.406591e+01
3960	-7.535710e+01
3961	-7.571838e+01
3962	-7.347306e+01
3963	-7.236415e+01
3964	-7.297873e+01
3965	-7.251419e+01
3966	-7.049345e+01
3967	-7.170747e+01
3968	-7.491056e+01
3969	-7.342939e+01
3970	-7.339062e+01
3971	-7.098970e+01
3972	-7.019057e+01
3973	-7.267317e+01
3974	-7.628895e+01
3975	-7.565961e+01
3976	-7.043027e+01
3977	-7.553652e+01
3978	-7.524558e+01
3979	-7.726250e+01
3980	-7.388634e+01
3981	-7.334649e+01
3982	-7.238880e+01
3983	-7.473499e+01
3984	-7.370597e+01
3985	-7.197175e+01
3986	-7.441419e+01
3987	-7.050838e+01
3988	-7.447014e+01
3989	-7.096285e+01
3990	-6.981006e+01
3991	-7.289725e+01
3992	-7.109151e+01
3993	-7.305001e+01
3994	-7.217354e+01
3995	-7.131823e+01
3996	-7.332898e+01
3997	-7.458436e+01
3998	-7.266143e+01
3999	-7.075208e+01
4000	-7.279239e+01
4001	-7.446031e+01
4002	-7.355540e+01
4003	-7.345485e+01
4004	-7.243098e+01
4005	-7.555449e+01
4006	-7.430117e+01
4007	-7.430730e+01
4008	-7.229133e+01
4009	-7.236439e+01
4010	-7.238544e+01
4011	-6.926639e+01
4012	-7.176022e+01
4013	-7.432762e+01
4014	-7.481065e+01
4015	-7.300397e+01
4016	-7.349418e+01
4017	-7.332422e+01
4018	-7.261446e+01
4019	-7.236330e+01
4020	-7.197156e+01
4021	-7.357086e+01
4022	-7.422939e+01
4023	-7.262366e+01
4024	-7.523602e+01
4025	-7.280033e+01
4026	-7.676268e+01
4027	-7.621332e+01
4028	-7.257775e+01
4029	-7.164617e+01
4030	-7.439270e+01
4031	-7.208501e+01
4032	-7.194831e+01
4033	-7.348081e+01
4034	-6.826671e+01
4035	-7.763634e+01
4036	-7.390846e+01
4037	-7.280188e+01
4038	-7.231338e+01
4039	-7.244760e+01
4040	-7.071291e+01
4041	-7.510473e+01
4042	-7.682361e+01
4043	-7.261617e+01
4044	-7.045027e+01
4045	-7.215316e+01
4046	-7.717633e+01
4047	-7.253811e+01
4048	-7.151467e+01
4049	-7.464723e+01
4050	-7.104114e+01
4051	-7.603241e+01
4052	-7.318942e+01
4053	-7.149085e+01
4054	-7.166954e+01
4055	-7.456351e+01
4056	-7.519462e+01
4057	-7.339384e+01
4058	-7.575063e+01
4059	-7.326045e+01
4060	-7.670726e+01
4061	-7.443875e+01
4062	-7.408733e+01
4063	-7.244057e+01
4064	-7.485450e+01
4065	-7.346208e+01
4066	-7.334905e+01
4067	-7.117760e+01
4068	-7.152304e+01
4069	-7.518121e+01
4070	-7.900137e+01
4071	-6.686582e+01
4072	-7.360134e+01
4073	-7.571961e+01
4074	-7.142027e+01
4075	-7.422672e+01
4076	-6.967786e+01
4077	-7.397140e+01
4078	-7.379672e+01
4079	-7.362713e+01
4080	-7.434124e+01
4081	-7.297687e+01
4082	-7.291682e+01
4083	-7.700760e+01
4084	-7.559345e+01
4085	-7.178941e+01
4086	-7.291709e+01
4087	-7.150635e+01
4088	-7.279618e+01
4089	-7.112164e+01
4090	-7.214931e+01
4091	-7.018231e+01
4092	-7.421815e+01
4093	-7.659678e+01
4094	-7.137337e+01
4095	-7.232392e+01
4096	-7.032453e+01
4097	-7.399371e+01
4098	-7.169669e+01
4099	-7.179302e+01
4100	-7.197917e+01
4101	-7.603710e+01
4102	-7.239340e+01
4103	-7.280818e+01
4104	-7.705710e+01
4105	-7.099641e+01
4106	-7.255567e+01
4107	-7.107362e+01
4108	-7.208065e+01
4109	-7.125472e+01
4110	-7.297952e+01
4111	-7.456541e+01
4112	-7.208985e+01
4113	-7.238955e+01
4114	-7.537841e+01
4115	-7.327596e+01
4116	-7.357487e+01
4117	-7.651383e+01
4118	-7.344106e+01
4119	-7.220988e+01
4120	-7.037753e+01
4121	-7.428641e+01
4122	-7.474126e+01
4123	-7.241027e+01
4124	-7.317464e+01
4125	-6.952462e+01
4126	-7.388010e+01
4127	-7.152165e+01
4128	-7.240223e+01
4129	-7.402763e+01
4130	-7.286655e+01
4131	-7.565070e+01
4132	-7.162382e+01
4133	-6.880101e+01
4134	-7.346762e+01
4135	-7.436959e+01
4136	-7.141696e+01
4137	-6.805209e+01
4138	-7.324448e+01
4139	-7.438097e+01
4140	-7.159549e+01
4141	-7.163891e+01
4142	-7.777236e+01
4143	-7.479345e+01
4144	-7.272897e+01
4145	-7.352403e+01
4146	-7.183664e+01
4147	-7.268044e+01
4148	-7.317327e+01
4149	-7.111659e+01
4150	-6.793193e+01
4151	-7.329240e+01
4152	-7.584974e+01
4153	-6.816615e+01
4154	-7.209813e+01
4155	-7.353356e+01
4156	-7.105945e+01
4157	-7.458211e+01
4158	-7.436671e+01
4159	-7.097162e+01
4160	-7.392139e+01
4161	-6.996230e+01
4162	-7.067193e+01
4163	-7.323130e+01
4164	-7.101836e+01
4165	-7.099205e+01
4166	-6.894344e+01
4167	-7.354407e+01
4168	-7.542780e+01
4169	-7.063388e+01
4170	-7.517216e+01
4171	-7.434594e+01
4172	-7.287668e+01
4173	-7.661061e+01
4174	-7.881055e+01
4175	-6.657497e+01
4176	-7.323691e+01
4177	-7.135722e+01
4178	-7.465623e+01
4179	-7.693020e+01
4180	-7.357594e+01
4181	-7.522862e+01
4182	-7.156708e+01
4183	-7.660587e+01
4184	-7.188440e+01
4185	-7.592217e+01
4186	-7.114868e+01
4187	-7.139817e+01
4188	-7.606561e+01
4189	-7.404154e+01
4190	-7.554924e+01
4191	-7.125066e+01
4192	-7.504183e+01
4193	-7.149539e+01
4194	-7.061182e+01
4195	-7.371120e+01
4196	-7.572867e+01
4197	-7.227239e+01
4198	-7.642951e+01
4199	-7.132826e+01
4200	-7.517577e+01
4201	-7.286921e+01
4202	-7.387725e+01
4203	-7.512056e+01
4204	-7.665121e+01
4205	-7.484783e+01
4206	-7.317378e+01
4207	-7.452345e+01
4208	-7.353843e+01
4209	-6.982210e+01
4210	-7.303928e+01
4211	-7.206239e+01
4212	-7.163317e+01
4213	-7.236990e+01
4214	-6.915839e+01
4215	-7.478371e+01
4216	-7.212194e+01
4217	-7.615363e+01
4218	-7.836018e+01
4219	-7.388966e+01
4220	-7.342980e+01
4221	-7.480188e+01
4222	-7.340147e+01
4223	-7.017147e+01
4224	-7.741174e+01
4225	-6.986503e+01
4226	-7.472111e+01
4227	-7.626061e+01
4228	-7.084659e+01
4229	-7.583341e+01
4230	-7.491517e+01
4231	-7.436110e+01
4232	-7.288883e+01
4233	-7.055607e+01
4234	-7.496193e+01
4235	-7.378834e+01
4236	-7.710224e+01
4237	-7.552972e+01
4238	-7.104249e+01
4239	-7.281740e+01
4240	-7.241220e+01
4241	-7.390755e+01
4242	-7.570021e+01
4243	-7.464360e+01
4244	-7.463939e+01
4245	-7.618259e+01
4246	-7.440705e+01
4247	-7.754981e+01
4248	-7.234774e+01
4249	-7.144927e+01
4250	-7.694298e+01
4251	-7.335638e+01
4252	-7.366799e+01
4253	-7.322804e+01
4254	-7.369433e+01
4255	-7.449394e+01
4256	-7.256656e+01
4257	-7.626123e+01
4258	-7.201208e+01
4259	-7.307284e+01
4260	-7.536590e+01
4261	-7.183139e+01
4262	-7.265660e+01
4263	-6.874617e+01
4264	-7.709997e+01
4265	-7.436414e+01
4266	-7.123392e+01
4267	-7.432008e+01
4268	-7.039613e+01
4269	-7.335482e+01
4270	-7.288765e+01
4271	-7.234402e+01
4272	-7.039164e+01
4273	-7.540861e+01
4274	-6.932445e+01
4275	-7.392863e+01
4276	-7.280752e+01
4277	-6.980668e+01
4278	-7.512189e+01
4279	-7.172186e+01
4280	-7.349946e+01
4281	-7.307669e+01
4282	-7.226883e+01
4283	-7.623841e+01
4284	-7.419463e+01
4285	-7.216787e+01
4286	-7.459918e+01
4287	-7.284707e+01
4288	-7.469944e+01
4289	-7.345184e+01
4290	-7.343904e+01
4291	-7.488096e+01
4292	-7.750293e+01
4293	-7.212783e+01
4294	-7.453256e+01
4295	-7.520112e+01
4296	-7.147323e+01
4297	-6.987795e+01
4298	-7.451914e+01
4299	-7.586145e+01
4300	-7.683949e+01
4301	-7.556520e+01
4302	-7.626152e+01
4303	-7.599903e+01
4304	-7.278748e+01
4305	-6.926434e+01
4306	-7.370120e+01
4307	-7.378177e+01
4308	-7.559139e+01
4309	-7.337039e+01
4310	-7.268432e+01
4311	-7.193669e+01
4312	-7.032718e+01
4313	-7.486784e+01
4314	-7.889326e+01
4315	-7.323104e+01
4316	-7.392810e+01
4317	-7.733153e+01
4318	-7.076015e+01
4319	-7.392670e+01
4320	-7.370938e+01
4321	-7.160488e+01
4322	-7.125949e+01
4323	-7.361165e+01
4324	-7.379768e+01
4325	-6.957230e+01
4326	-7.122540e+01
4327	-7.350194e+01
4328	-7.233444e+01
4329	-7.278436e+01
4330	-7.740220e+01
4331	-7.380605e+01
4332	-7.247768e+01
4333	-7.449441e+01
4334	-7.458847e+01
4335	-7.285058e+01
4336	-7.283455e+01
4337	-6.989147e+01
4338	-6.907030e+01
4339	-7.296791e+01
4340	-7.536207e+01
4341	-6.803204e+01
4342	-7.350997e+01
4343	-7.441188e+01
4344	-6.882674e+01
4345	-6.978556e+01
4346	-7.550435e+01
4347	-6.882532e+01
4348	-7.547498e+01
4349	-7.139746e+01
4350	-7.152387e+01
4351	-7.426881e+01
4352	-7.311858e+01
4353	-7.239218e+01
4354	-7.132340e+01
4355	-7.234656e+01
4356	-7.337226e+01
4357	-7.042925e+01
4358	-7.458596e+01
4359	-7.382448e+01
4360	-7.074426e+01
4361	-7.383810e+01
4362	-7.371375e+01
4363	-7.201114e+01
4364	-7.400977e+01
4365	-7.540542e+01
4366	-7.540191e+01
4367	-7.234571e+01
4368	-7.532108e+01
4369	-6.937559e+01
4370	-7.537145e+01
4371	-7.046335e+01
4372	-7.209480e+01
4373	-7.489692e+01
4374	-6.954379e+01
4375	-7.149501e+01
4376	-7.392844e+01
4377	-7.370176e+01
4378	-7.291671e+01
4379	-7.141118e+01
4380	-7.176898e+01
4381	-7.323551e+01
4382	-7.465374e+01
4383	-7.073041e+01
4384	-7.203467e+01
4385	-7.348530e+01
4386	-7.156871e+01
4387	-7.114445e+01
4388	-7.484852e+01
4389	-7.635958e+01
4390	-7.386123e+01
4391	-7.220228e+01
4392	-7.135848e+01
4393	-7.344639e+01
4394	-7.201110e+01
4395	-7.388906e+01
4396	-7.654590e+01
4397	-7.181808e+01
4398	-7.665467e+01
4399	-7.144860e+01
4400	-7.291992e+01
4401	-7.114120e+01
4402	-7.511428e+01
4403	-7.672074e+01
4404	-7.409501e+01
4405	-7.352729e+01
4406	-7.679262e+01
4407	-7.366060e+01
4408	-7.354101e+01
4409	-7.449487e+01
4410	-7.195853e+01
4411	-7.521664e+01
4412	-7.086990e+01
4413	-7.293646e+01
4414	-7.216762e+01
4415	-7.128242e+01
4416	-7.424821e+01
4417	-7.394950e+01
4418	-7.358058e+01
4419	-7.272892e+01
4420	-7.423920e+01
4421	-7.363364e+01
4422	-7.106258e+01
4423	-7.373549e+01
4424	-7.197266e+01
4425	-7.599457e+01
4426	-7.698556e+01
4427	-7.416757e+01
4428	-7.553818e+01
4429	-7.321463e+01
4430	-7.163842e+01
4431	-7.388658e+01
4432	-7.317375e+01
4433	-7.559427e+01
4434	-7.415506e+01
4435	-7.188959e+01
4436	-7.299420e+01
4437	-7.600630e+01
4438	-7.501983e+01
4439	-7.547504e+01
4440	-7.274436e+01
4441	-7.126589e+01
4442	-7.269474e+01
4443	-7.446609e+01
4444	-7.300108e+01
4445	-7.285706e+01
4446	-7.218354e+01
4447	-7.206357e+01
4448	-7.039228e+01
4449	-7.500868e+01
4450	-7.410156e+01
4451	-7.529461e+01
4452	-6.977460e+01
4453	-7.316283e+01
4454	-7.539426e+01
4455	-7.406606e+01
4456	-7.357410e+01
4457	-7.303059e+01
4458	-7.523782e+01
4459	-7.238292e+01
4460	-7.369821e+01
4461	-7.286081e+01
4462	-7.056771e+01
4463	-7.363191e+01
4464	-7.229050e+01
4465	-7.568142e+01
4466	-7.174887e+01
4467	-7.356489e+01
4468	-7.206494e+01
4469	-7.218513e+01
4470	-7.148017e+01
4471	-7.323924e+01
4472	-7.651205e+01
4473	-7.320775e+01
4474	-7.162132e+01
4475	-7.480052e+01
4476	-6.904247e+01
4477	-7.596078e+01
4478	-7.282571e+01
4479	-6.885296e+01
4480	-7.460569e+01
4481	-7.041574e+01
4482	-7.276145e+01
4483	-7.094311e+01
4484	-6.958049e+01
4485	-7.462579e+01
4486	-7.527244e+01
4487	-7.506209e+01
4488	-7.427276e+01
4489	-7.306987e+01
4490	-7.047419e+01
4491	-7.391091e+01
4492	-7.452336e+01
4493	-7.305224e+01
4494	-7.379216e+01
4495	-7.705564e+01
4496	-6.988490e+01
4497	-7.081235e+01
4498	-7.505345e+01
4499	-7.986425e+01
4500	-7.384229e+01
4501	-7.067146e+01
4502	-7.397372e+01
4503	-7.323325e+01
4504	-7.015702e+01
4505	-7.221896e+01
4506	-7.153565e+01
4507	-7.219801e+01
4508	-7.510031e+01
4509	-7.545420e+01
4510	-7.266347e+01
4511	-7.211984e+01
4512	-7.461471e+01
4513	-7.852133e+01
4514	-7.251563e+01
4515	-7.218422e+01
4516	-6.956163e+01
4517	-7.719419e+01
4518	-7.340966e+01
4519	-7.551912e+01
4520	-7.257245e+01
4521	-7.155409e+01
4522	-7.509298e+01
4523	-7.099748e+01
4524	-7.398929e+01
4525	-7.480651e+01
4526	-7.356730e+01
4527	-7.427204e+01
4528	-7.463500e+01
4529	-7.500778e+01
4530	-7.187782e+01
4531	-7.447100e+01
4532	-7.564941e+01
4533	-7.473025e+01
4534	-7.546591e+01
4535	-7.400857e+01
4536	-7.201025e+01
4537	-7.615887e+01
4538	-7.319825e+01
4539	-7.314647e+01
4540	-7.515163e+01
4541	-7.001399e+01
4542	-7.069153e+01
4543	-7.361347e+01
4544	-7.202568e+01
4545	-7.227682e+01
4546	-7.398006e+01
4547	-7.355386e+01
4548	-7.700950e+01
4549	-7.375445e+01
4550	-7.452428e+01
4551	-7.025437e+01
4552	-7.354877e+01
4553	-7.358844e+01
4554	-7.288965e+01
4555	-7.693279e+01
4556	-7.605955e+01
4557	-7.375273e+01
4558	-7.658462e+01
4559	-7.210704e+01
4560	-7.200815e+01
4561	-7.208158e+01
4562	-7.455588e+01
4563	-7.123863e+01
4564	-7.235373e+01
4565	-7.262266e+01
4566	-7.159109e+01
4567	-7.103407e+01
4568	-7.320866e+01
4569	-7.154628e+01
4570	-7.156242e+01
4571	-7.014163e+01
4572	-7.146360e+01
4573	-7.163774e+01
4574	-7.516752e+01
4575	-7.311597e+01
4576	-7.369613e+01
4577	-7.275018e+01
4578	-7.214261e+01
4579	-7.296351e+01
4580	-7.026967e+01
4581	-7.662893e+01
4582	-7.339874e+01
4583	-7.398807e+01
4584	-7.372239e+01
4585	-7.117699e+01
4586	-7.298943e+01
4587	-7.127583e+01
4588	-7.365990e+01
4589	-7.260770e+01
4590	-7.243798e+01
4591	-7.507767e+01
4592	-7.432602e+01
4593	-7.244939e+01
4594	-7.350921e+01
4595	-7.329869e+01
4596	-7.266612e+01
4597	-7.336502e+01
4598	-7.134040e+01
4599	-6.930966e+01
4600	-7.148324e+01
4601	-7.646749e+01
4602	-7.436183e+01
4603	-7.181554e+01
4604	-7.382748e+01
4605	-7.601074e+01
4606	-7.117544e+01
4607	-7.472560e+01
4608	-7.066661e+01
4609	-7.186372e+01
4610	-7.364424e+01
4611	-7.458896e+01
4612	-7.249522e+01
4613	-7.237675e+01
4614	-7.787586e+01
4615	-7.453412e+01
4616	-7.802583e+01
4617	-7.308338e+01
4618	-7.288281e+01
4619	-7.481690e+01
4620	-7.427765e+01
4621	-7.456178e+01
4622	-7.165072e+01
4623	-7.196132e+01
4624	-7.687523e+01
4625	-7.028684e+01
4626	-7.613275e+01
4627	-7.122706e+01
4628	-7.382824e+01
4629	-7.454368e+01
4630	-7.067525e+01
4631	-7.642326e+01
4632	-7.410842e+01
4633	-7.341063e+01
4634	-7.740504e+01
4635	-7.240976e+01
4636	-7.221269e+01
4637	-7.055831e+01
4638	-7.200886e+01
4639	-7.458922e+01
4640	-7.054384e+01
4641	-7.133843e+01
4642	-7.627823e+01
4643	-7.038096e+01
4644	-7.474884e+01
4645	-7.319046e+01
4646	-7.129560e+01
4647	-7.383968e+01
4648	-7.655930e+01
4649	-7.388041e+01
4650	-7.350091e+01
4651	-7.299337e+01
4652	-7.420697e+01
4653	-7.392802e+01
4654	-7.280870e+01
4655	-7.391069e+01
4656	-7.571539e+01
4657	-7.361233e+01
4658	-7.487588e+01
4659	-7.159919e+01
4660	-7.436936e+01
4661	-7.646243e+01
4662	-7.544772e+01
4663	-7.286229e+01
4664	-7.258910e+01
4665	-7.025099e+01
4666	-7.127871e+01
4667	-7.216753e+01
4668	-7.688840e+01
4669	-7.628878e+01
4670	-7.789351e+01
4671	-7.256157e+01
4672	-7.681245e+01
4673	-7.602607e+01
4674	-7.342955e+01
4675	-7.484190e+01
4676	-7.408014e+01
4677	-7.508729e+01
4678	-7.431437e+01
4679	-7.133029e+01
4680	-7.333838e+01
4681	-7.589850e+01
4682	-7.020600e+01
4683	-7.382590e+01
4684	-7.383725e+01
4685	-7.175825e+01
4686	-7.408819e+01
4687	-7.014026e+01
4688	-7.417260e+01
4689	-6.957716e+01
4690	-7.449627e+01
4691	-7.412956e+01
4692	-7.275902e+01
4693	-7.414968e+01
4694	-7.290081e+01
4695	-7.522663e+01
4696	-7.441724e+01
4697	-7.426491e+01
4698	-7.496921e+01
4699	-7.178872e+01
4700	-7.326705e+01
4701	-6.947442e+01
4702	-7.046067e+01
4703	-7.130169e+01
4704	-7.330185e+01
4705	-7.393810e+01
4706	-7.382220e+01
4707	-7.464820e+01
4708	-7.178098e+01
4709	-7.391615e+01
4710	-7.785077e+01
4711	-7.192586e+01
4712	-7.268384e+01
4713	-7.659283e+01
4714	-7.654224e+01
4715	-7.177439e+01
4716	-7.032331e+01
4717	-7.602925e+01
4718	-7.021632e+01
4719	-7.640973e+01
4720	-7.462043e+01
4721	-7.402829e+01
4722	-7.333659e+01
4723	-7.099095e+01
4724	-7.514381e+01
4725	-7.269297e+01
4726	-7.458762e+01
4727	-7.245515e+01
4728	-7.313460e+01
4729	-7.136876e+01
4730	-7.184228e+01
4731	-7.003515e+01
4732	-7.307234e+01
4733	-7.515304e+01
4734	-7.472157e+01
4735	-7.702793e+01
4736	-7.455962e+01
4737	-7.315702e+01
4738	-6.898798e+01
4739	-7.295101e+01
4740	-7.400819e+01
4741	-7.302805e+01
4742	-7.230099e+01
4743	-7.302087e+01
4744	-7.463107e+01
4745	-7.123955e+01
4746	-7.213680e+01
4747	-7.297731e+01
4748	-6.969505e+01
4749	-7.479462e+01
4750	-7.329550e+01
4751	-6.980760e+01
4752	-7.304895e+01
4753	-7.370289e+01
4754	-7.399021e+01
4755	-7.519582e+01
4756	-7.371373e+01
4757	-7.631366e+01
4758	-7.276892e+01
4759	-7.478007e+01
4760	-7.209624e+01
4761	-7.363852e+01
4762	-7.415369e+01
4763	-7.338865e+01
4764	-7.669586e+01
4765	-7.450757e+01
4766	-6.910756e+01
4767	-7.505819e+01
4768	-7.265948e+01
4769	-7.221385e+01
4770	-7.415713e+01
4771	-6.944012e+01
4772	-7.383939e+01
4773	-7.573159e+01
4774	-7.707029e+01
4775	-7.146611e+01
4776	-7.149946e+01
4777	-7.379568e+01
4778	-7.490369e+01
4779	-7.479398e+01
4780	-7.374768e+01
4781	-7.388586e+01
4782	-7.250330e+01
4783	-7.657278e+01
4784	-6.810453e+01
4785	-7.270231e+01
4786	-7.845789e+01
4787	-7.628870e+01
4788	-7.313071e+01
4789	-7.559621e+01
4790	-7.270239e+01
4791	-7.290796e+01
4792	-7.444293e+01
4793	-7.451443e+01
4794	-7.242565e+01
4795	-7.428676e+01
4796	-7.355859e+01
4797	-7.082000e+01
4798	-7.358106e+01
4799	-7.378299e+01
4800	-7.378658e+01
4801	-7.195998e+01
4802	-7.286826e+01
4803	-7.652557e+01
4804	-7.396729e+01
4805	-7.114402e+01
4806	-7.233701e+01
4807	-7.385273e+01
4808	-7.297911e+01
4809	-7.760186e+01
4810	-7.314076e+01
4811	-7.011041e+01
4812	-7.475737e+01
4813	-7.470968e+01
4814	-7.198485e+01
4815	-7.312340e+01
4816	-7.460014e+01
4817	-6.974844e+01
4818	-7.096997e+01
4819	-7.340030e+01
4820	-6.894247e+01
4821	-7.261359e+01
4822	-7.511404e+01
4823	-7.485614e+01
4824	-7.445282e+01
4825	-7.314217e+01
4826	-7.204915e+01
4827	-7.394110e+01
4828	-7.288213e+01
4829	-7.292399e+01
4830	-7.577971e+01
4831	-7.114053e+01
4832	-7.219082e+01
4833	-7.212894e+01
4834	-7.582811e+01
4835	-7.046662e+01
4836	-7.621427e+01
4837	-7.424349e+01
4838	-7.458060e+01
4839	-7.291182e+01
4840	-7.498665e+01
4841	-7.330118e+01
4842	-7.054908e+01
4843	-7.468491e+01
4844	-7.582839e+01
4845	-6.932845e+01
4846	-7.486120e+01
4847	-7.300160e+01
4848	-7.358604e+01
4849	-7.256188e+01
4850	-7.372795e+01
4851	-7.416559e+01
4852	-7.357964e+01
4853	-7.457960e+01
4854	-6.863554e+01
4855	-6.891955e+01
4856	-7.510309e+01
4857	-7.032328e+01
4858	-7.206681e+01
4859	-7.286015e+01
4860	-7.690646e+01
4861	-7.255415e+01
4862	-7.226456e+01
4863	-7.441587e+01
4864	-7.066376e+01
4865	-7.297340e+01
4866	-7.345234e+01
4867	-7.237567e+01
4868	-7.077992e+01
4869	-7.183743e+01
4870	-7.480405e+01
4871	-7.466123e+01
4872	-7.237865e+01
4873	-7.308969e+01
4874	-7.555720e+01
4875	-7.033320e+01
4876	-7.421739e+01
4877	-7.460120e+01
4878	-7.551085e+01
4879	-7.156021e+01
4880	-7.485424e+01
4881	-7.508735e+01
4882	-7.005517e+01
4883	-7.594404e+01
4884	-7.310225e+01
4885	-7.535877e+01
4886	-7.269641e+01
4887	-7.772867e+01
4888	-7.180673e+01
4889	-7.149234e+01
4890	-7.196794e+01
4891	-7.399437e+01
4892	-7.368988e+01
4893	-7.332502e+01
4894	-7.072123e+01
4895	-7.120753e+01
4896	-7.248837e+01
4897	-7.315820e+01
4898	-7.778204e+01
4899	-7.485527e+01
4900	-7.269554e+01
4901	-7.606666e+01
4902	-7.132018e+01
4903	-7.131439e+01
4904	-7.023310e+01
4905	-7.339722e+01
4906	-7.045483e+01
4907	-7.308428e+01
4908	-7.388036e+01
4909	-7.519759e+01
4910	-7.327788e+01
4911	-7.413927e+01
4912	-7.524269e+01
4913	-7.187867e+01
4914	-7.117044e+01
4915	-7.257587e+01
4916	-7.365301e+01
4917	-7.208319e+01
4918	-7.299267e+01
4919	-6.853494e+01
4920	-6.975008e+01
4921	-7.012029e+01
4922	-7.512057e+01
4923	-6.994126e+01
4924	-7.163973e+01
4925	-7.336545e+01
4926	-7.295976e+01
4927	-7.601333e+01
4928	-6.993490e+01
4929	-7.461077e+01
4930	-7.084135e+01
4931	-7.241329e+01
4932	-7.357965e+01
4933	-7.617048e+01
4934	-7.391629e+01
4935	-7.453980e+01
4936	-7.296167e+01
4937	-7.104412e+01
4938	-7.618246e+01
4939	-6.968431e+01
4940	-7.371063e+01
4941	-7.539394e+01
4942	-7.353675e+01
4943	-7.373562e+01
4944	-7.162639e+01
4945	-7.526292e+01
4946	-7.483898e+01
4947	-7.376955e+01
4948	-7.361841e+01
4949	-7.164992e+01
4950	-7.248322e+01
4951	-7.444467e+01
4952	-6.939586e+01
4953	-7.276223e+01
4954	-7.573765e+01
4955	-7.133525e+01
4956	-7.272514e+01
4957	-7.292123e+01
4958	-7.475765e+01
4959	-7.483160e+01
4960	-7.483395e+01
4961	-7.347473e+01
4962	-7.337143e+01
4963	-7.442667e+01
4964	-7.486001e+01
4965	-7.538074e+01
4966	-7.222531e+01
4967	-7.333913e+01
4968	-7.013441e+01
4969	-7.739895e+01
4970	-7.495383e+01
4971	-7.332981e+01
4972	-7.133657e+01
4973	-7.105005e+01
4974	-7.309291e+01
4975	-7.631583e+01
4976	-7.452850e+01
4977	-7.524453e+01
4978	-7.116970e+01
4979	-7.580052e+01
4980	-7.434812e+01
4981	-6.949655e+01
4982	-7.494734e+01
4983	-7.162143e+01
4984	-7.670577e+01
4985	-7.331627e+01
4986	-7.587538e+01
4987	-7.525230e+01
4988	-7.217076e+01
4989	-6.851007e+01
4990	-7.603200e+01
4991	-7.406424e+01
4992	-7.144174e+01
4993	-7.522134e+01
4994	-7.500130e+01
4995	-7.330510e+01
4996	-7.625562e+01
4997	-7.303534e+01
4998	-7.334432e+01
4999	-7.228821e+01
5000	-7.172823e+01
5001	-7.000774e+01
5002	-7.259219e+01
5003	-7.469201e+01
5004	-7.328061e+01
5005	-7.499290e+01
5006	-7.519717e+01
5007	-7.046724e+01
5008	-7.306967e+01
5009	-7.120538e+01
5010	-7.443443e+01
5011	-7.028299e+01
5012	-7.217350e+01
5013	-7.436915e+01
5014	-7.526840e+01
5015	-7.557071e+01
5016	-7.727279e+01
5017	-7.250993e+01
5018	-7.112277e+01
5019	-7.485207e+01
5020	-7.327707e+01
5021	-7.339196e+01
5022	-7.659809e+01
5023	-7.094087e+01
5024	-7.258198e+01
5025	-7.276491e+01
5026	-7.416224e+01
5027	-7.343301e+01
5028	-7.398090e+01
5029	-7.411924e+01
5030	-7.484781e+01
5031	-7.404788e+01
5032	-7.249891e+01
5033	-7.366629e+01
5034	-7.682576e+01
5035	-7.133477e+01
5036	-7.256894e+01
5037	-7.549433e+01
5038	-7.258766e+01
5039	-7.464496e+01
5040	-7.235801e+01
5041	-7.076340e+01
5042	-7.090350e+01
5043	-7.269875e+01
5044	-7.415384e+01
5045	-7.342650e+01
5046	-7.495454e+01
5047	-7.416402e+01
5048	-7.220920e+01
5049	-7.585692e+01
5050	-7.090967e+01
5051	-7.639898e+01
5052	-7.221227e+01
5053	-7.071896e+01
5054	-7.248538e+01
5055	-7.358807e+01
5056	-7.262124e+01
5057	-7.459604e+01
5058	-7.797928e+01
5059	-7.389411e+01
5060	-7.198182e+01
5061	-7.365900e+01
5062	-7.270625e+01
5063	-7.452586e+01
5064	-7.372209e+01
5065	-7.400501e+01
5066	-7.415558e+01
5067	-7.055808e+01
5068	-7.307983e+01
5069	-7.417415e+01
5070	-7.538613e+01
5071	-7.304097e+01
5072	-7.346828e+01
5073	-7.180934e+01
5074	-7.127863e+01
5075	-7.334744e+01
5076	-7.188778e+01
5077	-7.421793e+01
5078	-7.487009e+01
5079	-7.560407e+01
5080	-7.545430e+01
5081	-7.740062e+01
5082	-6.815422e+01
5083	-7.426594e+01
5084	-7.687275e+01
5085	-7.512320e+01
5086	-7.401706e+01
5087	-7.033708e+01
5088	-7.523065e+01
5089	-7.466811e+01
5090	-7.781355e+01
5091	-7.429029e+01
5092	-7.402165e+01
5093	-7.607169e+01
5094	-7.368754e+01
5095	-7.513366e+01
5096	-7.084808e+01
5097	-7.299825e+01
5098	-7.209842e+01
5099	-7.258067e+01
5100	-7.404592e+01
5101	-7.274246e+01
5102	-7.245361e+01
5103	-7.071889e+01
5104	-7.625889e+01
5105	-7.644835e+01
5106	-7.060962e+01
5107	-7.090742e+01
5108	-7.338147e+01
5109	-7.151409e+01
5110	-7.575965e+01
5111	-7.526342e+01
5112	-7.423680e+01
5113	-7.469682e+01
5114	-7.157703e+01
5115	-7.461108e+01
5116	-7.007292e+01
5117	-6.919263e+01
5118	-7.389269e+01
5119	-7.324733e+01
5120	-7.301576e+01
5121	-7.453366e+01
5122	-7.093603e+01
5123	-7.190623e+01
5124	-7.088938e+01
5125	-7.435255e+01
5126	-7.574776e+01
5127	-7.366884e+01
5128	-7.484424e+01
5129	-7.258254e+01
5130	-7.214054e+01
5131	-7.466407e+01
5132	-7.338578e+01
5133	-7.356184e+01
5134	-7.581727e+01
5135	-7.269226e+01
5136	-7.365672e+01
5137	-7.165904e+01
5138	-7.248212e+01
5139	-7.284310e+01
5140	-7.414286e+01
5141	-7.361844e+01
5142	-6.986158e+01
5143	-7.367943e+01
5144	-7.317467e+01
5145	-7.301090e+01
5146	-6.823556e+01
5147	-7.061233e+01
5148	-7.250192e+01
5149	-7.422959e+01
5150	-7.271569e+01
5151	-7.331473e+01
5152	-7.230978e+01
5153	-6.819953e+01
5154	-7.363897e+01
5155	-6.920058e+01
5156	-7.370921e+01
5157	-6.949746e+01
5158	-7.273345e+01
5159	-7.682304e+01
5160	-7.223122e+01
5161	-7.360571e+01
5162	-7.344380e+01
5163	-7.306261e+01
5164	-7.239758e+01
5165	-7.088744e+01
5166	-7.517608e+01
5167	-7.262244e+01
5168	-7.011800e+01
5169	-7.132549e+01
5170	-7.669328e+01
5171	-7.627797e+01
5172	-7.097902e+01
5173	-7.336884e+01
5174	-7.325520e+01
5175	-7.155059e+01
5176	-7.239214e+01
5177	-7.216575e+01
5178	-7.724016e+01
5179	-7.286385e+01
5180	-7.109055e+01
5181	-7.491160e+01
5182	-7.368539e+01
5183	-7.570594e+01
5184	-7.439647e+01
5185	-7.173757e+01
5186	-7.283160e+01
5187	-7.416604e+01
5188	-7.198237e+01
5189	-6.951137e+01
5190	-7.056525e+01
5191	-7.169134e+01
5192	-7.355967e+01
5193	-7.117463e+01
5194	-7.806219e+01
5195	-7.475112e+01
5196	-7.240418e+01
5197	-7.372861e+01
5198	-7.133188e+01
5199	-7.284025e+01
5200	-7.029940e+01
5201	-7.502629e+01
5202	-7.123144e+01
5203	-7.271431e+01
5204	-7.036240e+01
5205	-7.589559e+01
5206	-7.073128e+01
5207	-7.350820e+01
5208	-7.305776e+01
5209	-7.235948e+01
5210	-7.175158e+01
5211	-7.398042e+01
5212	-7.142606e+01
5213	-7.252021e+01
5214	-6.852752e+01
5215	-7.586985e+01
5216	-7.237466e+01
5217	-7.226700e+01
5218	-7.500343e+01
5219	-7.250515e+01
5220	-7.349751e+01
5221	-7.688044e+01
5222	-7.184380e+01
5223	-7.624457e+01
5224	-7.355690e+01
5225	-7.093293e+01
5226	-7.184820e+01
5227	-7.457559e+01
5228	-6.987144e+01
5229	-6.976183e+01
5230	-7.183219e+01
5231	-7.110134e+01
5232	-7.485290e+01
5233	-7.356622e+01
5234	-7.660896e+01
5235	-7.579501e+01
5236	-7.326993e+01
5237	-7.066811e+01
5238	-7.261050e+01
5239	-7.378921e+01
5240	-7.363132e+01
5241	-7.292287e+01
5242	-7.312427e+01
5243	-7.421353e+01
5244	-7.427585e+01
5245	-7.292776e+01
5246	-6.919276e+01
5247	-7.296703e+01
5248	-7.507827e+01
5249	-7.672432e+01
5250	-7.282903e+01
5251	-7.739741e+01
5252	-7.588960e+01
5253	-7.527870e+01
5254	-7.428529e+01
5255	-7.082231e+01
5256	-7.191150e+01
5257	-7.465791e+01
5258	-7.248287e+01
5259	-7.340954e+01
5260	-7.304609e+01
5261	-7.247988e+01
5262	-7.432263e+01
5263	-6.924741e+01
5264	-7.269530e+01
5265	-7.246538e+01
5266	-7.239334e+01
5267	-7.545053e+01
5268	-7.577460e+01
5269	-7.356698e+01
5270	-7.434745e+01
5271	-7.348307e+01
5272	-7.290251e+01
5273	-7.147673e+01
5274	-7.693664e+01
5275	-7.178819e+01
5276	-7.455172e+01
5277	-7.366208e+01
5278	-7.175093e+01
5279	-7.535214e+01
5280	-6.991690e+01
5281	-7.249828e+01
5282	-7.109016e+01
5283	-6.955462e+01
5284	-7.165838e+01
5285	-7.100778e+01
5286	-7.033793e+01
5287	-7.608151e+01
5288	-7.445049e+01
5289	-6.896763e+01
5290	-7.583313e+01
5291	-7.258961e+01
5292	-7.584583e+01
5293	-7.323740e+01
5294	-7.090471e+01
5295	-7.593496e+01
5296	-7.165429e+01
5297	-7.180839e+01
5298	-7.599335e+01
5299	-7.427524e+01
5300	-7.473809e+01
5301	-6.971670e+01
5302	-7.312721e+01
5303	-7.592086e+01
5304	-7.002780e+01
5305	-7.285254e+01
5306	-7.195712e+01
5307	-7.363737e+01
5308	-7.502787e+01
5309	-7.176910e+01
5310	-7.302722e+01
5311	-7.166024e+01
5312	-7.351040e+01
5313	-7.360631e+01
5314	-7.150003e+01
5315	-7.237600e+01
5316	-7.299747e+01
5317	-7.529818e+01
5318	-7.050322e+01
5319	-7.642022e+01
5320	-7.335208e+01
5321	-7.495134e+01
5322	-7.436737e+01
5323	-7.346867e+01
5324	-7.326507e+01
5325	-7.237435e+01
5326	-7.435382e+01
5327	-7.492697e+01
5328	-7.571955e+01
5329	-7.307982e+01
5330	-7.590747e+01
5331	-7.107662e+01
5332	-7.474040e+01
5333	-7.439200e+01
5334	-7.488720e+01
5335	-7.618329e+01
5336	-6.998783e+01
5337	-7.305652e+01
5338	-7.165558e+01
5339	-7.195899e+01
5340	-7.360635e+01
5341	-7.077948e+01
5342	-7.270328e+01
5343	-7.346840e+01
5344	-7.326066e+01
5345	-7.516964e+01
5346	-7.297843e+01
5347	-7.549353e+01
5348	-7.364476e+01
5349	-7.326750e+01
5350	-7.347240e+01
5351	-7.332653e+01
5352	-7.218992e+01
5353	-7.528124e+01
5354	-7.360590e+01
5355	-7.600870e+01
5356	-7.674230e+01
5357	-7.142106e+01
5358	-7.286327e+01
5359	-7.298909e+01
5360	-7.453426e+01
5361	-7.550704e+01
5362	-7.303832e+01
5363	-7.324693e+01
5364	-7.543385e+01
5365	-7.255523e+01
5366	-7.223742e+01
5367	-7.380801e+01
5368	-7.319321e+01
5369	-7.488454e+01
5370	-7.406445e+01
5371	-7.514809e+01
5372	-7.240822e+01
5373	-7.545822e+01
5374	-7.234434e+01
5375	-7.215505e+01
5376	-7.567421e+01
5377	-7.313930e+01
5378	-7.224278e+01
5379	-7.228582e+01
5380	-7.694604e+01
5381	-7.273449e+01
5382	-7.300800e+01
5383	-7.314572e+01
5384	-7.299566e+01
5385	-7.300304e+01
5386	-7.722007e+01
5387	-7.352950e+01
5388	-7.435089e+01
5389	-7.094943e+01
5390	-7.539301e+01
5391	-7.438680e+01
5392	-6.708989e+01
5393	-7.322090e+01
5394	-7.709456e+01
5395	-7.380210e+01
5396	-7.363154e+01
5397	-7.169292e+01
5398	-7.383558e+01
5399	-7.383839e+01
5400	-7.513497e+01
5401	-7.333989e+01
5402	-7.443887e+01
5403	-7.461961e+01
5404	-7.506611e+01
5405	-7.244568e+01
5406	-7.160219e+01
5407	-7.498379e+01
5408	-7.040570e+01
5409	-7.128910e+01
5410	-7.209643e+01
5411	-6.789977e+01
5412	-7.502501e+01
5413	-7.426954e+01
5414	-7.512616e+01
5415	-7.440818e+01
5416	-7.508782e+01
5417	-7.142578e+01
5418	-7.216040e+01
5419	-7.460539e+01
5420	-7.527616e+01
5421	-7.480941e+01
5422	-7.450202e+01
5423	-7.083358e+01
5424	-7.631559e+01
5425	-7.039305e+01
5426	-7.392048e+01
5427	-7.765444e+01
5428	-6.981858e+01
5429	-7.245371e+01
5430	-7.096130e+01
5431	-7.060804e+01
5432	-7.592012e+01
5433	-7.506668e+01
5434	-7.536687e+01
5435	-7.415716e+01
5436	-7.376719e+01
5437	-7.365164e+01
5438	-7.076693e+01
5439	-7.215740e+01
5440	-7.792130e+01
5441	-7.363925e+01
5442	-7.474078e+01
5443	-7.274327e+01
5444	-7.125165e+01
5445	-7.614412e+01
5446	-7.250194e+01
5447	-7.566927e+01
5448	-7.244247e+01
5449	-7.337753e+01
5450	-7.318139e+01
5451	-7.043837e+01
5452	-7.493251e+01
5453	-6.825037e+01
5454	-7.273358e+01
5455	-7.157851e+01
5456	-7.417685e+01
5457	-7.172918e+01
5458	-7.349717e+01
5459	-7.515602e+01
5460	-7.179942e+01
5461	-6.861500e+01
5462	-7.211280e+01
5463	-7.009785e+01
5464	-7.184212e+01
5465	-7.419102e+01
5466	-7.602579e+01
5467	-7.428911e+01
5468	-7.277766e+01
5469	-7.172759e+01
5470	-7.158600e+01
5471	-7.247400e+01
5472	-7.328060e+01
5473	-7.416134e+01
5474	-7.650027e+01
5475	-7.250647e+01
5476	-7.295327e+01
5477	-7.582213e+01
5478	-7.234572e+01
5479	-7.019087e+01
5480	-7.118586e+01
5481	-7.323923e+01
5482	-7.505380e+01
5483	-7.309315e+01
5484	-7.642214e+01
5485	-7.146621e+01
5486	-7.340155e+01
5487	-7.712134e+01
5488	-7.226617e+01
5489	-7.078921e+01
5490	-7.308553e+01
5491	-7.513212e+01
5492	-7.577298e+01
5493	-7.213901e+01
5494	-7.091458e+01
5495	-7.610570e+01
5496	-7.287770e+01
5497	-7.582064e+01
5498	-7.062167e+01
5499	-7.115772e+01
5500	-7.355228e+01
5501	-7.426365e+01
5502	-7.775122e+01
5503	-7.472819e+01
5504	-7.347662e+01
5505	-7.244876e+01
5506	-7.755202e+01
5507	-7.439593e+01
5508	-7.188656e+01
5509	-7.237246e+01
5510	-7.246442e+01
5511	-7.765755e+01
5512	-7.392239e+01
5513	-7.012267e+01
5514	-7.647445e+01
5515	-7.658296e+01
5516	-7.242499e+01
5517	-7.521565e+01
5518	-6.973303e+01
5519	-7.133431e+01
5520	-7.567082e+01
5521	-7.471907e+01
5522	-7.340314e+01
5523	-7.557880e+01
5524	-7.516910e+01
5525	-7.222527e+01
5526	-7.495149e+01
5527	-7.408843e+01
5528	-7.465138e+01
5529	-7.147270e+01
5530	-7.395310e+01
5531	-7.168267e+01
5532	-7.444085e+01
5533	-7.490028e+01
5534	-7.412079e+01
5535	-7.261732e+01
5536	-7.434643e+01
5537	-7.369835e+01
5538	-7.456863e+01
5539	-7.556353e+01
5540	-7.388244e+01
5541	-7.150608e+01
5542	-7.379816e+01
5543	-7.283851e+01
5544	-7.616895e+01
5545	-7.298124e+01
5546	-7.450840e+01
5547	-7.510143e+01
5548	-7.488599e+01
5549	-7.540275e+01
5550	-7.363486e+01
5551	-7.169089e+01
5552	-7.384602e+01
5553	-7.388697e+01
5554	-7.412065e+01
5555	-7.247892e+01
5556	-7.496332e+01
5557	-7.325057e+01
5558	-7.492177e+01
5559	-7.302660e+01
5560	-7.421218e+01
5561	-7.400625e+01
5562	-7.095205e+01
5563	-7.399752e+01
5564	-7.295175e+01
5565	-7.334673e+01
5566	-7.107861e+01
5567	-7.440850e+01
5568	-7.123094e+01
5569	-7.278876e+01
5570	-7.300434e+01
5571	-7.243128e+01
5572	-7.655776e+01
5573	-7.431102e+01
5574	-7.323900e+01
5575	-7.627702e+01
5576	-7.268715e+01
5577	-7.530025e+01
5578	-7.612088e+01
5579	-7.489182e+01
5580	-7.280430e+01
5581	-7.449668e+01
5582	-7.371437e+01
5583	-7.352985e+01
5584	-7.069332e+01
5585	-7.144023e+01
5586	-7.072388e+01
5587	-7.251194e+01
5588	-7.694036e+01
5589	-7.238201e+01
5590	-7.458211e+01
5591	-7.262414e+01
5592	-7.187806e+01
5593	-7.253811e+01
5594	-7.057698e+01
5595	-7.335632e+01
5596	-7.208646e+01
5597	-6.857685e+01
5598	-7.335881e+01
5599	-7.436301e+01
5600	-7.609710e+01
5601	-7.049717e+01
5602	-7.365505e+01
5603	-7.503040e+01
5604	-7.094359e+01
5605	-7.388726e+01
5606	-7.517709e+01
5607	-7.463169e+01
5608	-6.881573e+01
5609	-7.550487e+01
5610	-7.649357e+01
5611	-7.055444e+01
5612	-7.491427e+01
5613	-7.193164e+01
5614	-7.169074e+01
5615	-7.600468e+01
5616	-7.088518e+01
5617	-7.314043e+01
5618	-7.457129e+01
5619	-6.830076e+01
5620	-7.565177e+01
5621	-7.532451e+01
5622	-7.357380e+01
5623	-7.488668e+01
5624	-7.379439e+01
5625	-7.257711e+01
5626	-7.308507e+01
5627	-7.432590e+01
5628	-7.293899e+01
5629	-7.638414e+01
5630	-7.389288e+01
5631	-7.498854e+01
5632	-7.207360e+01
5633	-7.120982e+01
5634	-7.218581e+01
5635	-7.407318e+01
5636	-7.384524e+01
5637	-7.579135e+01
5638	-7.062356e+01
5639	-7.485792e+01
5640	-7.576497e+01
5641	-7.243802e+01
5642	-7.590437e+01
5643	-7.368218e+01
5644	-7.129136e+01
5645	-7.493701e+01
5646	-7.565040e+01
5647	-7.476515e+01
5648	-7.294005e+01
5649	-7.327590e+01
5650	-7.500562e+01
5651	-7.071462e+01
5652	-7.190818e+01
5653	-7.398155e+01
5654	-7.342464e+01
5655	-7.517475e+01
5656	-7.124441e+01
5657	-7.141257e+01
5658	-7.350959e+01
5659	-7.070506e+01
5660	-7.111185e+01
5661	-7.372017e+01
5662	-7.225086e+01
5663	-7.243828e+01
5664	-7.311017e+01
5665	-6.871785e+01
5666	-7.078499e+01
5667	-7.080474e+01
5668	-7.614805e+01
5669	-7.120579e+01
5670	-7.453618e+01
5671	-7.397248e+01
5672	-7.513615e+01
5673	-7.604228e+01
5674	-7.358888e+01
5675	-7.277875e+01
5676	-7.273359e+01
5677	-7.121942e+01
5678	-6.947010e+01
5679	-7.461120e+01
5680	-7.551883e+01
5681	-7.305471e+01
5682	-7.596751e+01
5683	-7.220196e+01
5684	-7.750807e+01
5685	-7.480316e+01
5686	-7.599905e+01
5687	-7.401583e+01
5688	-7.194066e+01
5689	-7.207233e+01
5690	-7.431331e+01
5691	-7.819848e+01
5692	-7.487508e+01
5693	-7.490922e+01
5694	-7.547693e+01
5695	-7.272624e+01
5696	-7.234615e+01
5697	-7.382998e+01
5698	-7.524497e+01
5699	-7.530965e+01
5700	-7.138815e+01
5701	-7.301060e+01
5702	-7.352204e+01
5703	-7.293793e+01
5704	-7.435682e+01
5705	-7.441081e+01
5706	-7.530501e+01
5707	-7.499002e+01
5708	-7.124132e+01
5709	-7.372181e+01
5710	-7.059248e+01
5711	-7.563491e+01
5712	-7.521131e+01
5713	-7.039455e+01
5714	-7.201454e+01
5715	-7.000423e+01
5716	-7.291968e+01
5717	-7.301677e+01
5718	-7.362747e+01
5719	-7.493015e+01
5720	-7.266881e+01
5721	-7.180355e+01
5722	-7.176783e+01
5723	-7.360802e+01
5724	-7.471666e+01
5725	-7.452278e+01
5726	-7.663101e+01
5727	-7.418524e+01
5728	-7.338779e+01
5729	-7.425242e+01
5730	-7.270656e+01
5731	-7.423883e+01
5732	-7.539409e+01
5733	-7.166794e+01
5734	-7.354109e+01
5735	-7.416410e+01
5736	-7.164387e+01
5737	-7.383550e+01
5738	-7.462688e+01
5739	-7.552504e+01
5740	-7.628219e+01
5741	-7.588976e+01
5742	-7.462002e+01
5743	-7.444997e+01
5744	-7.097465e+01
5745	-7.133827e+01
5746	-7.537043e+01
5747	-7.738506e+01
5748	-7.199862e+01
5749	-7.653392e+01
5750	-7.147784e+01
5751	-7.457492e+01
5752	-7.136260e+01
5753	-7.251972e+01
5754	-6.980488e+01
5755	-7.457209e+01
5756	-7.269430e+01
5757	-7.617784e+01
5758	-7.171760e+01
5759	-7.614085e+01
5760	-6.922570e+01
5761	-7.482197e+01
5762	-7.485328e+01
5763	-7.294036e+01
5764	-7.109661e+01
5765	-7.545468e+01
5766	-7.309508e+01
5767	-7.195060e+01
5768	-7.674894e+01
5769	-7.124164e+01
5770	-7.223551e+01
5771	-7.450414e+01
5772	-7.284906e+01
5773	-7.172090e+01
5774	-7.101592e+01
5775	-7.703958e+01
5776	-7.096138e+01
5777	-7.728013e+01
5778	-7.289913e+01
5779	-7.047220e+01
5780	-7.293910e+01
5781	-7.261797e+01
5782	-7.011067e+01
5783	-7.300505e+01
5784	-7.248503e+01
5785	-7.257449e+01
5786	-7.484113e+01
5787	-7.243190e+01
5788	-7.103167e+01
5789	-7.317795e+01
5790	-7.465152e+01
5791	-7.181781e+01
5792	-7.163320e+01
5793	-6.855178e+01
5794	-7.179777e+01
5795	-7.241487e+01
5796	-7.566113e+01
5797	-7.196585e+01
5798	-7.087923e+01
5799	-7.174395e+01
5800	-7.440307e+01
5801	-7.275286e+01
5802	-7.224359e+01
5803	-7.247240e+01
5804	-7.452189e+01
5805	-7.354459e+01
5806	-7.669965e+01
5807	-7.406335e+01
5808	-7.481623e+01
5809	-7.376506e+01
5810	-6.982833e+01
5811	-7.678267e+01
5812	-7.379442e+01
5813	-7.308256e+01
5814	-7.282865e+01
5815	-7.459416e+01
5816	-7.514428e+01
5817	-7.391719e+01
5818	-7.566905e+01
5819	-7.554454e+01
5820	-7.437830e+01
5821	-7.571598e+01
5822	-7.300012e+01
5823	-7.435758e+01
5824	-7.249947e+01
5825	-7.075276e+01
5826	-7.720339e+01
5827	-7.342819e+01
5828	-7.357250e+01
5829	-7.435078e+01
5830	-7.442985e+01
5831	-7.186626e+01
5832	-7.274574e+01
5833	-7.399468e+01
5834	-7.721662e+01
5835	-7.376757e+01
5836	-7.309492e+01
5837	-7.465635e+01
5838	-7.506900e+01
5839	-7.482302e+01
5840	-6.734896e+01
5841	-7.118577e+01
5842	-7.273787e+01
5843	-7.269857e+01
5844	-7.719467e+01
5845	-7.202143e+01
5846	-7.565523e+01
5847	-7.068433e+01
5848	-7.218735e+01
5849	-7.400740e+01
5850	-7.351515e+01
5851	-7.331245e+01
5852	-7.176237e+01
5853	-7.381446e+01
5854	-7.701105e+01
5855	-7.022043e+01
5856	-7.397480e+01
5857	-7.424177e+01
5858	-7.481176e+01
5859	-7.434183e+01
5860	-7.424062e+01
5861	-7.171456e+01
5862	-7.538773e+01
5863	-7.601465e+01
5864	-7.424973e+01
5865	-7.312613e+01
5866	-7.179219e+01
5867	-7.430286e+01
5868	-7.067766e+01
5869	-6.879122e+01
5870	-7.304155e+01
5871	-7.355692e+01
5872	-7.329720e+01
5873	-7.209281e+01
5874	-7.558589e+01
5875	-6.832309e+01
5876	-7.339709e+01
5877	-7.227193e+01
5878	-7.209474e+01
5879	-7.523223e+01
5880	-7.260763e+01
5881	-7.435891e+01
5882	-7.003187e+01
5883	-7.301247e+01
5884	-7.388314e+01
5885	-7.502308e+01
5886	-7.533958e+01
5887	-7.105774e+01
5888	-7.182211e+01
5889	-7.381163e+01
5890	-7.204345e+01
5891	-7.584883e+01
5892	-7.444495e+01
5893	-7.426151e+01
5894	-7.395798e+01
5895	-7.500423e+01
5896	-7.503788e+01
5897	-7.347198e+01
5898	-7.065089e+01
5899	-7.670052e+01
5900	-7.326858e+01
5901	-7.360962e+01
5902	-7.745828e+01
5903	-7.260191e+01
5904	-7.115492e+01
5905	-6.964292e+01
5906	-7.193595e+01
5907	-7.238094e+01
5908	-7.143304e+01
5909	-7.154276e+01
5910	-7.085058e+01
5911	-7.399358e+01
5912	-7.255289e+01
5913	-7.449401e+01
5914	-7.157000e+01
5915	-7.197822e+01
5916	-7.354928e+01
5917	-7.396900e+01
5918	-7.211679e+01
5919	-7.182424e+01
5920	-6.982279e+01
5921	-7.197563e+01
5922	-7.662247e+01
5923	-7.647539e+01
5924	-7.478243e+01
5925	-7.401631e+01
5926	-7.133005e+01
5927	-7.585755e+01
5928	-7.130039e+01
5929	-7.063543e+01
5930	-7.456420e+01
5931	-7.432726e+01
5932	-7.161071e+01
5933	-7.404904e+01
5934	-7.433888e+01
5935	-7.334266e+01
5936	-7.342190e+01
5937	-7.552753e+01
5938	-7.302539e+01
5939	-7.273338e+01
5940	-7.068459e+01
5941	-7.332574e+01
5942	-7.118893e+01
5943	-7.520704e+01
5944	-6.887220e+01
5945	-7.147207e+01
5946	-7.457125e+01
5947	-7.319144e+01
5948	-7.507547e+01
5949	-7.285542e+01
5950	-7.200151e+01
5951	-7.380304e+01
5952	-7.248213e+01
5953	-7.392683e+01
5954	-7.200033e+01
5955	-7.215404e+01
5956	-7.775672e+01
5957	-7.069936e+01
5958	-7.546242e+01
5959	-7.254776e+01
5960	-7.236993e+01
5961	-6.977511e+01
5962	-7.614257e+01
5963	-7.003912e+01
5964	-7.305537e+01
5965	-7.362438e+01
5966	-7.550826e+01
5967	-7.426926e+01
5968	-7.656176e+01
5969	-7.189423e+01
5970	-7.480556e+01
5971	-7.718544e+01
5972	-7.053246e+01
5973	-7.155441e+01
5974	-6.921307e+01
5975	-7.499478e+01
5976	-7.226550e+01
5977	-7.747542e+01
5978	-7.700617e+01
5979	-6.798039e+01
5980	-7.442837e+01
5981	-7.216190e+01
5982	-7.470039e+01
5983	-7.198188e+01
5984	-7.567506e+01
5985	-7.353579e+01
5986	-7.194541e+01
5987	-7.374910e+01
5988	-7.643411e+01
5989	-7.507568e+01
5990	-7.073311e+01
5991	-7.059550e+01
5992	-7.422894e+01
5993	-7.332382e+01
5994	-7.306790e+01
5995	-7.162684e+01
5996	-7.146497e+01
5997	-7.193552e+01
5998	-7.203012e+01
5999	-7.068459e+01
6000	-7.132790e+01
6001	-7.246279e+01
6002	-6.872497e+01
6003	-7.154972e+01
6004	-7.510239e+01
6005	-7.099793e+01
6006	-7.315381e+01
6007	-7.192153e+01
6008	-7.327001e+01
6009	-7.604656e+01
6010	-7.346104e+01
6011	-6.965831e+01
6012	-7.278026e+01
6013	-7.395875e+01
6014	-7.417933e+01
6015	-7.158550e+01
6016	-7.456850e+01
6017	-7.285173e+01
6018	-7.640723e+01
6019	-7.218633e+01
6020	-7.286412e+01
6021	-7.009337e+01
6022	-7.362352e+01
6023	-7.281598e+01
6024	-7.127637e+01
6025	-7.064155e+01
6026	-7.106222e+01
6027	-7.532619e+01
6028	-7.568503e+01
6029	-7.137764e+01
6030	-7.345881e+01
6031	-7.355947e+01
6032	-7.759404e+01
6033	-7.031079e+01
6034	-7.482473e+01
6035	-7.411681e+01
6036	-7.657295e+01
6037	-7.517964e+01
6038	-7.265794e+01
6039	-7.135432e+01
6040	-7.411057e+01
6041	-7.393173e+01
6042	-7.427490e+01
6043	-7.281551e+01
6044	-7.313926e+01
6045	-7.159380e+01
6046	-7.449044e+01
6047	-7.519238e+01
6048	-7.713536e+01
6049	-7.434706e+01
6050	-7.022451e+01
6051	-7.196434e+01
6052	-7.695010e+01
6053	-7.157876e+01
6054	-7.131660e+01
6055	-7.058811e+01
6056	-7.306045e+01
6057	-7.403194e+01
6058	-7.520548e+01
6059	-7.140027e+01
6060	-7.316447e+01
6061	-7.571431e+01
6062	-7.345561e+01
6063	-7.176334e+01
6064	-7.439072e+01
6065	-7.399155e+01
6066	-7.341539e+01
6067	-7.569142e+01
6068	-7.021096e+01
6069	-7.405930e+01
6070	-7.279860e+01
6071	-7.425576e+01
6072	-6.995493e+01
6073	-7.647467e+01
6074	-7.655887e+01
6075	-7.553923e+01
6076	-7.133530e+01
6077	-7.328957e+01
6078	-6.775955e+01
6079	-7.229783e+01
6080	-7.293314e+01
6081	-7.221697e+01
6082	-7.505522e+01
6083	-7.280073e+01
6084	-7.082562e+01
6085	-7.283923e+01
6086	-7.421281e+01
6087	-7.695214e+01
6088	-7.388982e+01
6089	-7.637794e+01
6090	-7.728627e+01
6091	-7.303332e+01
6092	-7.389322e+01
6093	-7.347201e+01
6094	-7.496704e+01
6095	-7.130993e+01
6096	-7.324784e+01
6097	-7.358425e+01
6098	-7.163274e+01
6099	-7.189847e+01
6100	-7.054882e+01
6101	-7.006547e+01
6102	-7.529857e+01
6103	-7.476126e+01
6104	-7.492126e+01
6105	-7.554277e+01
6106	-7.553879e+01
6107	-7.495091e+01
6108	-7.656838e+01
6109	-7.233053e+01
6110	-7.348977e+01
6111	-7.408235e+01
6112	-7.439584e+01
6113	-7.202571e+01
6114	-7.320683e+01
6115	-7.756808e+01
6116	-7.186685e+01
6117	-7.484797e+01
6118	-7.431684e+01
6119	-7.508224e+01
6120	-7.335737e+01
6121	-7.687365e+01
6122	-7.373165e+01
6123	-7.210225e+01
6124	-7.325631e+01
6125	-7.510941e+01
6126	-7.355909e+01
6127	-7.312332e+01
6128	-7.365522e+01
6129	-7.597865e+01
6130	-7.289172e+01
6131	-7.196900e+01
6132	-6.945212e+01
6133	-7.507589e+01
6134	-7.308838e+01
6135	-7.211505e+01
6136	-7.523335e+01
6137	-7.097450e+01
6138	-7.451838e+01
6139	-7.252488e+01
6140	-7.218720e+01
6141	-7.479558e+01
6142	-7.601712e+01
6143	-7.153721e+01
6144	-7.308625e+01
6145	-7.802701e+01
6146	-7.208002e+01
6147	-6.876673e+01
6148	-7.531104e+01
6149	-7.328845e+01
6150	-7.260618e+01
6151	-7.516690e+01
6152	-7.616207e+01
6153	-7.253501e+01
6154	-7.187802e+01
6155	-7.433721e+01
6156	-7.279748e+01
6157	-7.179602e+01
6158	-7.614099e+01
6159	-7.672572e+01
6160	-7.263971e+01
6161	-7.072832e+01
6162	-7.104745e+01
6163	-7.587870e+01
6164	-7.456155e+01
6165	-7.801725e+01
6166	-7.360521e+01
6167	-7.043230e+01
6168	-7.271423e+01
6169	-7.736249e+01
6170	-7.406586e+01
6171	-7.606526e+01
6172	-7.553254e+01
6173	-7.427133e+01
6174	-7.726419e+01
6175	-7.146231e+01
6176	-7.405535e+01
6177	-7.192443e+01
6178	-7.149208e+01
6179	-7.387434e+01
6180	-7.168229e+01
6181	-7.632072e+01
6182	-7.563504e+01
6183	-7.058120e+01
6184	-7.225428e+01
6185	-7.439361e+01
6186	-7.404583e+01
6187	-7.051561e+01
6188	-7.464539e+01
6189	-7.431797e+01
6190	-7.307595e+01
6191	-7.118157e+01
6192	-7.272798e+01
6193	-7.369303e+01
6194	-7.249213e+01
6195	-6.910425e+01
6196	-7.663563e+01
6197	-7.010299e+01
6198	-6.906086e+01
6199	-7.126451e+01
6200	-7.488457e+01
6201	-7.207947e+01
6202	-7.112620e+01
6203	-7.320798e+01
6204	-7.202688e+01
6205	-7.159022e+01
6206	-7.379346e+01
6207	-7.341683e+01
6208	-7.124226e+01
6209	-7.524706e+01
6210	-7.157317e+01
6211	-6.890809e+01
6212	-7.541001e+01
6213	-7.500207e+01
6214	-7.153265e+01
6215	-7.310103e+01
6216	-7.195825e+01
6217	-7.936671e+01
6218	-7.254824e+01
6219	-7.500557e+01
6220	-7.604709e+01
6221	-7.372943e+01
6222	-7.121518e+01
6223	-7.402426e+01
6224	-7.314567e+01
6225	-7.156278e+01
6226	-7.605965e+01
6227	-7.215616e+01
6228	-7.440171e+01
6229	-7.474716e+01
6230	-7.577709e+01
6231	-7.102378e+01
6232	-7.480044e+01
6233	-7.636938e+01
6234	-7.110856e+01
6235	-7.098812e+01
6236	-7.424719e+01
6237	-7.342083e+01
6238	-7.311224e+01
6239	-7.412243e+01
6240	-7.230093e+01
6241	-7.192996e+01
6242	-7.111955e+01
6243	-6.883594e+01
6244	-7.118662e+01
6245	-7.732368e+01
6246	-7.406791e+01
6247	-7.500293e+01
6248	-7.258704e+01
6249	-7.203235e+01
6250	-7.264477e+01
6251	-7.117326e+01
6252	-7.032930e+01
6253	-7.260291e+01
6254	-7.338486e+01
6255	-7.122013e+01
6256	-6.946898e+01
6257	-7.686005e+01
6258	-7.183056e+01
6259	-7.431235e+01
6260	-7.505878e+01
6261	-7.496703e+01
6262	-7.493021e+01
6263	-7.039079e+01
6264	-7.525743e+01
6265	-7.246669e+01
6266	-7.387233e+01
6267	-7.319729e+01
6268	-7.299346e+01
6269	-7.390136e+01
6270	-7.435305e+01
6271	-7.196917e+01
6272	-7.240001e+01
6273	-7.474745e+01
6274	-7.325441e+01
6275	-7.249463e+01
6276	-7.474498e+01
6277	-6.797811e+01
6278	-7.165308e+01
6279	-7.236664e+01
6280	-7.200224e+01
6281	-7.202622e+01
6282	-7.174890e+01
6283	-7.225551e+01
6284	-7.247538e+01
6285	-7.600073e+01
6286	-7.414075e+01
6287	-7.441798e+01
6288	-7.226365e+01
6289	-7.578240e+01
6290	-7.230239e+01
6291	-7.645720e+01
6292	-7.711981e+01
6293	-7.417445e+01
6294	-7.451167e+01
6295	-7.475238e+01
6296	-7.089136e+01
6297	-7.286495e+01
6298	-7.350850e+01
6299	-7.529853e+01
6300	-7.654286e+01
6301	-7.202670e+01
6302	-7.537616e+01
6303	-7.333555e+01
6304	-7.264715e+01
6305	-7.058800e+01
6306	-7.585435e+01
6307	-6.922901e+01
6308	-7.524269e+01
6309	-7.148286e+01
6310	-7.131765e+01
6311	-7.092659e+01
6312	-7.375090e+01
6313	-7.120226e+01
6314	-7.418226e+01
6315	-7.224170e+01
6316	-7.088582e+01
6317	-7.330010e+01
6318	-7.295201e+01
6319	-7.283453e+01
6320	-7.276650e+01
6321	-7.391666e+01
6322	-7.524637e+01
6323	-7.489060e+01
6324	-7.308861e+01
6325	-7.445916e+01
6326	-7.611652e+01
6327	-7.367619e+01
6328	-7.695613e+01
6329	-7.420504e+01
6330	-7.280043e+01
6331	-7.368419e+01
6332	-7.489241e+01
6333	-7.267807e+01
6334	-7.471231e+01
6335	-7.463916e+01
6336	-7.441945e+01
6337	-7.377376e+01
6338	-7.073722e+01
6339	-7.457765e+01
6340	-7.322089e+01
6341	-7.575483e+01
6342	-7.007399e+01
6343	-7.141094e+01
6344	-7.450474e+01
6345	-7.034012e+01
6346	-7.517084e+01
6347	-7.464055e+01
6348	-7.451381e+01
6349	-7.397446e+01
6350	-7.109192e+01
6351	-7.285138e+01
6352	-7.193035e+01
6353	-7.342845e+01
6354	-7.394771e+01
6355	-7.633616e+01
6356	-7.385913e+01
6357	-7.319914e+01
6358	-7.347698e+01
6359	-7.763900e+01
6360	-7.343151e+01
6361	-7.232096e+01
6362	-7.262249e+01
6363	-7.233706e+01
6364	-7.082312e+01
6365	-7.075225e+01
6366	-7.422657e+01
6367	-7.422217e+01
6368	-7.401740e+01
6369	-7.471225e+01
6370	-7.077886e+01
6371	-7.311737e+01
6372	-7.122901e+01
6373	-7.129723e+01
6374	-7.535103e+01
6375	-7.322693e+01
6376	-7.522287e+01
6377	-7.434527e+01
6378	-7.360040e+01
6379	-7.377615e+01
6380	-7.323245e+01
6381	-7.355400e+01
6382	-7.275912e+01
6383	-7.478883e+01
6384	-7.558768e+01
6385	-7.323423e+01
6386	-7.293214e+01
6387	-7.404709e+01
6388	-7.591868e+01
6389	-7.896281e+01
6390	-7.253518e+01
6391	-7.407261e+01
6392	-7.740076e+01
6393	-7.198078e+01
6394	-7.448123e+01
6395	-7.433763e+01
6396	-7.144919e+01
6397	-7.234780e+01
6398	-7.676779e+01
6399	-7.424685e+01
6400	-7.371784e+01
6401	-7.253530e+01
6402	-7.266020e+01
6403	-7.130699e+01
6404	-7.664237e+01
6405	-7.024213e+01
6406	-7.266615e+01
6407	-7.397806e+01
6408	-7.215640e+01
6409	-7.375101e+01
6410	-7.339943e+01
6411	-7.598745e+01
6412	-7.565592e+01
6413	-7.498460e+01
6414	-7.649114e+01
6415	-7.581554e+01
6416	-7.307687e+01
6417	-7.096161e+01
6418	-7.405697e+01
6419	-7.125833e+01
6420	-7.264574e+01
6421	-7.625696e+01
6422	-7.096179e+01
6423	-7.350440e+01
6424	-7.837987e+01
6425	-7.361964e+01
6426	-7.412625e+01
6427	-7.341082e+01
6428	-6.959768e+01
6429	-7.244081e+01
6430	-7.382714e+01
6431	-7.148890e+01
6432	-7.105389e+01
6433	-7.534828e+01
6434	-7.521000e+01
6435	-7.290678e+01
6436	-7.417893e+01
6437	-7.486144e+01
6438	-7.307704e+01
6439	-7.294905e+01
6440	-7.473882e+01
6441	-7.467646e+01
6442	-7.348552e+01
6443	-7.628713e+01
6444	-7.090311e+01
6445	-7.306157e+01
6446	-7.642882e+01
6447	-7.650753e+01
6448	-7.979240e+01
6449	-7.623981e+01
6450	-7.210803e+01
6451	-7.687536e+01
6452	-6.988024e+01
6453	-7.232131e+01
6454	-7.440582e+01
6455	-7.499171e+01
6456	-7.300380e+01
6457	-7.493331e+01
6458	-7.257099e+01
6459	-7.253674e+01
6460	-7.198276e+01
6461	-7.349593e+01
6462	-7.503199e+01
6463	-7.416587e+01
6464	-7.120040e+01
6465	-7.238690e+01
6466	-7.493228e+01
6467	-7.254745e+01
6468	-7.492043e+01
6469	-7.020312e+01
6470	-7.280262e+01
6471	-7.217089e+01
6472	-6.925040e+01
6473	-7.475645e+01
6474	-7.101212e+01
6475	-7.241106e+01
6476	-7.462724e+01
6477	-7.172353e+01
6478	-7.263318e+01
6479	-7.142128e+01
6480	-7.330659e+01
6481	-7.155487e+01
6482	-7.431584e+01
6483	-7.358195e+01
6484	-7.046173e+01
6485	-6.779018e+01
6486	-6.969749e+01
6487	-7.351941e+01
6488	-7.117312e+01
6489	-7.438779e+01
6490	-7.641852e+01
6491	-7.247743e+01
6492	-7.082828e+01
6493	-7.363651e+01
6494	-7.586212e+01
6495	-7.249657e+01
6496	-7.227561e+01
6497	-7.511506e+01
6498	-7.136588e+01
6499	-7.155451e+01
6500	-6.954793e+01
6501	-7.325502e+01
6502	-7.363161e+01
6503	-7.389717e+01
6504	-7.270366e+01
6505	-7.333049e+01
6506	-7.019673e+01
6507	-7.407937e+01
6508	-7.539560e+01
6509	-7.032972e+01
6510	-7.582734e+01
6511	-6.952580e+01
6512	-6.995523e+01
6513	-7.449604e+01
6514	-7.189947e+01
6515	-7.396448e+01
6516	-7.438051e+01
6517	-7.388619e+01
6518	-7.393977e+01
6519	-7.391574e+01
6520	-7.223120e+01
6521	-7.427038e+01
6522	-6.953083e+01
6523	-6.812303e+01
6524	-7.302421e+01
6525	-7.476932e+01
6526	-7.621406e+01
6527	-7.646692e+01
6528	-7.322151e+01
6529	-7.379803e+01
6530	-7.365321e+01
6531	-7.744583e+01
6532	-7.312375e+01
6533	-7.409178e+01
6534	-7.250046e+01
6535	-7.457487e+01
6536	-6.961924e+01
6537	-7.586573e+01
6538	-7.234068e+01
6539	-7.354671e+01
6540	-7.381391e+01
6541	-7.490329e+01
6542	-7.472787e+01
6543	-7.478180e+01
6544	-7.371370e+01
6545	-7.380881e+01
6546	-7.067015e+01
6547	-7.215402e+01
6548	-7.342941e+01
6549	-7.249923e+01
6550	-7.471929e+01
6551	-7.302309e+01
6552	-7.186882e+01
6553	-7.144575e+01
6554	-7.384707e+01
6555	-7.915761e+01
6556	-7.206815e+01
6557	-7.660201e+01
6558	-7.532070e+01
6559	-7.227665e+01
6560	-7.422813e+01
6561	-7.325573e+01
6562	-7.470583e+01
6563	-7.308606e+01
6564	-7.500246e+01
6565	-7.502974e+01
6566	-7.459029e+01
6567	-7.368499e+01
6568	-7.223371e+01
6569	-7.232335e+01
6570	-7.511906e+01
6571	-7.363697e+01
6572	-7.126681e+01
6573	-7.318068e+01
6574	-7.421521e+01
6575	-7.429418e+01
6576	-7.652579e+01
6577	-7.311380e+01
6578	-7.510111e+01
6579	-7.375516e+01
6580	-7.633510e+01
6581	-7.313347e+01
6582	-7.316341e+01
6583	-7.477613e+01
6584	-7.200335e+01
6585	-7.217886e+01
6586	-6.873994e+01
6587	-7.146205e+01
6588	-7.417289e+01
6589	-7.211747e+01
6590	-7.314510e+01
6591	-6.993480e+01
6592	-7.522980e+01
6593	-7.221611e+01
6594	-7.122210e+01
6595	-7.472444e+01
6596	-7.070105e+01
6597	-7.085881e+01
6598	-7.612036e+01
6599	-7.678449e+01
6600	-7.645557e+01
6601	-7.369454e+01
6602	-7.400459e+01
6603	-7.474675e+01
6604	-7.320355e+01
6605	-6.853527e+01
6606	-7.244210e+01
6607	-7.278368e+01
6608	-7.220494e+01
6609	-7.447940e+01
6610	-7.523084e+01
6611	-7.599241e+01
6612	-7.169156e+01
6613	-7.126048e+01
6614	-7.313647e+01
6615	-7.738011e+01
6616	-7.286384e+01
6617	-7.325167e+01
6618	-7.363679e+01
6619	-6.992710e+01
6620	-7.546096e+01
6621	-7.145784e+01
6622	-7.176066e+01
6623	-6.864172e+01
6624	-7.330531e+01
6625	-7.137869e+01
6626	-7.456370e+01
6627	-7.516277e+01
6628	-7.496344e+01
6629	-7.182249e+01
6630	-7.354161e+01
6631	-7.518846e+01
6632	-7.339110e+01
6633	-7.290054e+01
6634	-7.061341e+01
6635	-7.422476e+01
6636	-7.558229e+01
6637	-7.144905e+01
6638	-7.416689e+01
6639	-7.233662e+01
6640	-6.922626e+01
6641	-7.226061e+01
6642	-7.010588e+01
6643	-7.373855e+01
6644	-7.264888e+01
6645	-7.268015e+01
6646	-7.438105e+01
6647	-7.705655e+01
6648	-7.712921e+01
6649	-7.146127e+01
6650	-6.945446e+01
6651	-7.029677e+01
6652	-7.234899e+01
6653	-7.343716e+01
6654	-7.602112e+01
6655	-7.304368e+01
6656	-7.452046e+01
6657	-7.083925e+01
6658	-7.224269e+01
6659	-7.618799e+01
6660	-7.406212e+01
6661	-7.530000e+01
6662	-7.530049e+01
6663	-7.669035e+01
6664	-7.155646e+01
6665	-6.913500e+01
6666	-7.163452e+01
6667	-7.218319e+01
6668	-6.963830e+01
6669	-7.183378e+01
6670	-7.272661e+01
6671	-7.431110e+01
6672	-7.322812e+01
6673	-7.263893e+01
6674	-7.355665e+01
6675	-7.434059e+01
6676	-7.084094e+01
6677	-7.233105e+01
6678	-7.439674e+01
6679	-7.018773e+01
6680	-7.278880e+01
6681	-7.270519e+01
6682	-7.351477e+01
6683	-7.154889e+01
6684	-7.420572e+01
6685	-7.204574e+01
6686	-7.231673e+01
6687	-7.378434e+01
6688	-7.415128e+01
6689	-7.557211e+01
6690	-6.992467e+01
6691	-7.445475e+01
6692	-7.052611e+01
6693	-7.402696e+01
6694	-7.463781e+01
6695	-7.269297e+01
6696	-7.103470e+01
6697	-7.571240e+01
6698	-7.214091e+01
6699	-7.294778e+01
6700	-7.030843e+01
6701	-7.456213e+01
6702	-7.280976e+01
6703	-7.599675e+01
6704	-7.558818e+01
6705	-7.180765e+01
6706	-7.639024e+01
6707	-7.199626e+01
6708	-7.459855e+01
6709	-7.116650e+01
6710	-7.135692e+01
6711	-7.003663e+01
6712	-7.406378e+01
6713	-7.513559e+01
6714	-7.361985e+01
6715	-7.285086e+01
6716	-7.171780e+01
6717	-7.363280e+01
6718	-7.924489e+01
6719	-7.205985e+01
6720	-7.487752e+01
6721	-7.458547e+01
6722	-7.662435e+01
6723	-7.472988e+01
6724	-7.726950e+01
6725	-7.601434e+01
6726	-7.334058e+01
6727	-7.322887e+01
6728	-7.177955e+01
6729	-7.418090e+01
6730	-7.416388e+01
6731	-7.400863e+01
6732	-7.234570e+01
6733	-7.518766e+01
6734	-7.434173e+01
6735	-7.237287e+01
6736	-7.248297e+01
6737	-7.312059e+01
6738	-7.436464e+01
6739	-7.289177e+01
6740	-7.517936e+01
6741	-7.586690e+01
6742	-7.322909e+01
6743	-7.474475e+01
6744	-7.548114e+01
6745	-7.271338e+01
6746	-7.460532e+01
6747	-7.215233e+01
6748	-7.338146e+01
6749	-7.290410e+01
6750	-7.352396e+01
6751	-7.214734e+01
6752	-7.520357e+01
6753	-7.370515e+01
6754	-7.349386e+01
6755	-7.722796e+01
6756	-7.600574e+01
6757	-7.179566e+01
6758	-7.335537e+01
6759	-7.398096e+01
6760	-7.069272e+01
6761	-7.176934e+01
6762	-7.022804e+01
6763	-7.301661e+01
6764	-7.272535e+01
6765	-7.224631e+01
6766	-7.380508e+01
6767	-7.426614e+01
6768	-7.400439e+01
6769	-7.282095e+01
6770	-6.901172e+01
6771	-7.270199e+01
6772	-7.126524e+01
6773	-7.292715e+01
6774	-7.385951e+01
6775	-7.290863e+01
6776	-7.792127e+01
6777	-6.944146e+01
6778	-7.523026e+01
6779	-7.352611e+01
6780	-7.454382e+01
6781	-7.355939e+01
6782	-7.246689e+01
6783	-7.202094e+01
6784	-7.119198e+01
6785	-7.473490e+01
6786	-7.545924e+01
6787	-7.195137e+01
6788	-7.206116e+01
6789	-7.144117e+01
6790	-7.653009e+01
6791	-7.165916e+01
6792	-7.248396e+01
6793	-7.194975e+01
6794	-7.257969e+01
6795	-7.333728e+01
6796	-7.154023e+01
6797	-7.425447e+01
6798	-7.572767e+01
6799	-7.263413e+01
6800	-7.240691e+01
6801	-7.537551e+01
6802	-7.308642e+01
6803	-7.216598e+01
6804	-7.457767e+01
6805	-7.363793e+01
6806	-7.175917e+01
6807	-7.465072e+01
6808	-7.450643e+01
6809	-7.658215e+01
6810	-7.222947e+01
6811	-7.364586e+01
6812	-7.214419e+01
6813	-7.466402e+01
6814	-7.392807e+01
6815	-7.074584e+01
6816	-7.364984e+01
6817	-7.366878e+01
6818	-7.489601e+01
6819	-7.353761e+01
6820	-7.402746e+01
6821	-7.036909e+01
6822	-7.364816e+01
6823	-7.572852e+01
6824	-7.486189e+01
6825	-7.271196e+01
6826	-7.439503e+01
6827	-7.439678e+01
6828	-7.268168e+01
6829	-7.194494e+01
6830	-7.193251e+01
6831	-7.690397e+01
6832	-7.437914e+01
6833	-7.375539e+01
6834	-7.297619e+01
6835	-7.617797e+01
6836	-7.460350e+01
6837	-7.163389e+01
6838	-7.466307e+01
6839	-7.301368e+01
6840	-7.199837e+01
6841	-7.485022e+01
6842	-6.921887e+01
6843	-7.554936e+01
6844	-7.167917e+01
6845	-7.398773e+01
6846	-7.063723e+01
6847	-7.268881e+01
6848	-7.325727e+01
6849	-7.173156e+01
6850	-7.681583e+01
6851	-7.110578e+01
6852	-7.246154e+01
6853	-7.465544e+01
6854	-7.211739e+01
6855	-7.108536e+01
6856	-7.532225e+01
6857	-7.083933e+01
6858	-7.180943e+01
6859	-7.574783e+01
6860	-7.381654e+01
6861	-7.531971e+01
6862	-7.202124e+01
6863	-7.260606e+01
6864	-7.352974e+01
6865	-7.341714e+01
6866	-7.275365e+01
6867	-7.399036e+01
6868	-7.649173e+01
6869	-7.248859e+01
6870	-7.281780e+01
6871	-7.317913e+01
6872	-7.584347e+01
6873	-7.335922e+01
6874	-7.333276e+01
6875	-7.393569e+01
6876	-7.310062e+01
6877	-7.336068e+01
6878	-6.945264e+01
6879	-7.729614e+01
6880	-7.526869e+01
6881	-7.602054e+01
6882	-7.682809e+01
6883	-7.602549e+01
6884	-7.213123e+01
6885	-7.250603e+01
6886	-7.124977e+01
6887	-7.376737e+01
6888	-7.271292e+01
6889	-7.454333e+01
6890	-7.361021e+01
6891	-7.278591e+01
6892	-7.378445e+01
6893	-7.309751e+01
6894	-7.371825e+01
6895	-7.610956e+01
6896	-7.372248e+01
6897	-7.479566e+01
6898	-7.228649e+01
6899	-7.123043e+01
6900	-7.651790e+01
6901	-7.401837e+01
6902	-6.886496e+01
6903	-6.920468e+01
6904	-7.540984e+01
6905	-7.507361e+01
6906	-7.071372e+01
6907	-7.008597e+01
6908	-7.698129e+01
6909	-7.594822e+01
6910	-7.337193e+01
6911	-7.331375e+01
6912	-7.342615e+01
6913	-6.977620e+01
6914	-7.723803e+01
6915	-7.788317e+01
6916	-7.418296e+01
6917	-7.320702e+01
6918	-7.432559e+01
6919	-7.296997e+01
6920	-7.321828e+01
6921	-7.320552e+01
6922	-7.304689e+01
6923	-7.441877e+01
6924	-7.528378e+01
6925	-7.429000e+01
6926	-7.271158e+01
6927	-7.324299e+01
6928	-7.458897e+01
6929	-7.391924e+01
6930	-7.172191e+01
6931	-7.405176e+01
6932	-7.679887e+01
6933	-7.561632e+01
6934	-7.531745e+01
6935	-7.020866e+01
6936	-7.327140e+01
6937	-7.428826e+01
6938	-7.346530e+01
6939	-7.514574e+01
6940	-7.258474e+01
6941	-7.572166e+01
6942	-7.062681e+01
6943	-7.348373e+01
6944	-7.422715e+01
6945	-7.258367e+01
6946	-7.464480e+01
6947	-6.991348e+01
6948	-7.620703e+01
6949	-7.631889e+01
6950	-7.444404e+01
6951	-7.132781e+01
6952	-7.287078e+01
6953	-7.470327e+01
6954	-7.506031e+01
6955	-7.405066e+01
6956	-7.133556e+01
6957	-7.730953e+01
6958	-7.421814e+01
6959	-7.283276e+01
6960	-7.514352e+01
6961	-7.665655e+01
6962	-7.301047e+01
6963	-7.108782e+01
6964	-7.290320e+01
6965	-7.536697e+01
6966	-7.151778e+01
6967	-7.520671e+01
6968	-7.611597e+01
6969	-6.928772e+01
6970	-7.172277e+01
6971	-7.223957e+01
6972	-6.962557e+01
6973	-7.046390e+01
6974	-7.443810e+01
6975	-7.386994e+01
6976	-7.562932e+01
6977	-7.349517e+01
6978	-7.377048e+01
6979	-7.167262e+01
6980	-7.482732e+01
6981	-6.925091e+01
6982	-7.507652e+01
6983	-7.379382e+01
6984	-7.122848e+01
6985	-7.198089e+01
6986	-7.101732e+01
6987	-7.198573e+01
6988	-7.767190e+01
6989	-7.051482e+01
6990	-7.248441e+01
6991	-7.093950e+01
6992	-7.041577e+01
6993	-7.293306e+01
6994	-7.206574e+01
6995	-7.045626e+01
6996	-7.465498e+01
6997	-7.346232e+01
6998	-7.317165e+01
6999	-7.380722e+01
7000	-7.254167e+01
7001	-7.261686e+01
7002	-7.655037e+01
7003	-7.416342e+01
7004	-7.177003e+01
7005	-7.297042e+01
7006	-7.164768e+01
7007	-7.301598e+01
7008	-7.201523e+01
7009	-7.244229e+01
7010	-7.554739e+01
7011	-7.487027e+01
7012	-7.279255e+01
7013	-7.503769e+01
7014	-6.930793e+01
7015	-7.419415e+01
7016	-6.993558e+01
7017	-7.524859e+01
7018	-7.348496e+01
7019	-7.397095e+01
7020	-7.312333e+01
7021	-7.083014e+01
7022	-7.253233e+01
7023	-7.142717e+01
7024	-7.009867e+01
7025	-7.513617e+01
7026	-7.511267e+01
7027	-7.511663e+01
7028	-7.387050e+01
7029	-7.068287e+01
7030	-7.070904e+01
7031	-7.141997e+01
7032	-7.444503e+01
7033	-7.522046e+01
7034	-7.152209e+01
7035	-7.375285e+01
7036	-7.084213e+01
7037	-6.991650e+01
7038	-7.078569e+01
7039	-7.257923e+01
7040	-7.641068e+01
7041	-7.568936e+01
7042	-7.132528e+01
7043	-7.360156e+01
7044	-7.130934e+01
7045	-7.395143e+01
7046	-7.191796e+01
7047	-7.573992e+01
7048	-7.455571e+01
7049	-7.227413e+01
7050	-7.634975e+01
7051	-7.390498e+01
7052	-7.746237e+01
7053	-7.410477e+01
7054	-7.690215e+01
7055	-7.313997e+01
7056	-7.563241e+01
7057	-7.044620e+01
7058	-7.405406e+01
7059	-7.518285e+01
7060	-7.141320e+01
7061	-7.683461e+01
7062	-7.008584e+01
7063	-7.423365e+01
7064	-7.477608e+01
7065	-7.379873e+01
7066	-7.413317e+01
7067	-7.207368e+01
7068	-7.284535e+01
7069	-7.613758e+01
7070	-7.638132e+01
7071	-7.323805e+01
7072	-7.466573e+01
7073	-7.322766e+01
7074	-7.296963e+01
7075	-7.089252e+01
7076	-7.496379e+01
7077	-7.226931e+01
7078	-7.410869e+01
7079	-7.147331e+01
7080	-7.075155e+01
7081	-7.195102e+01
7082	-7.513883e+01
7083	-7.532821e+01
7084	-7.475312e+01
7085	-7.372077e+01
7086	-7.307639e+01
7087	-7.378737e+01
7088	-7.368591e+01
7089	-7.527130e+01
7090	-7.419439e+01
7091	-7.649627e+01
7092	-7.420158e+01
7093	-7.321888e+01
7094	-7.337708e+01
7095	-7.234015e+01
7096	-7.574223e+01
7097	-7.427108e+01
7098	-7.038144e+01
7099	-7.247321e+01
7100	-7.120738e+01
7101	-7.606536e+01
7102	-7.245783e+01
7103	-7.427700e+01
7104	-7.194641e+01
7105	-7.361631e+01
7106	-7.480598e+01
7107	-7.323333e+01
7108	-7.132069e+01
7109	-7.578341e+01
7110	-7.096060e+01
7111	-7.266502e+01
7112	-7.401640e+01
7113	-7.556202e+01
7114	-7.313964e+01
7115	-7.336203e+01
7116	-7.459121e+01
7117	-7.208501e+01
7118	-7.595334e+01
7119	-7.387177e+01
7120	-7.288493e+01
7121	-7.269885e+01
7122	-7.257939e+01
7123	-7.309074e+01
7124	-7.166156e+01
7125	-7.244464e+01
7126	-7.244859e+01
7127	-7.376993e+01
7128	-7.304114e+01
7129	-7.408945e+01
7130	-7.141721e+01
7131	-7.102961e+01
7132	-7.451204e+01
7133	-7.184400e+01
7134	-7.575735e+01
7135	-7.071876e+01
7136	-7.102284e+01
7137	-7.423712e+01
7138	-7.581553e+01
7139	-7.075120e+01
7140	-7.032658e+01
7141	-7.470063e+01
7142	-7.620976e+01
7143	-7.283570e+01
7144	-6.803357e+01
7145	-7.292142e+01
7146	-7.311048e+01
7147	-7.332506e+01
7148	-7.280719e+01
7149	-7.066885e+01
7150	-6.914270e+01
7151	-7.043711e+01
7152	-7.338687e+01
7153	-7.364575e+01
7154	-7.338405e+01
7155	-7.237346e+01
7156	-7.472622e+01
7157	-7.132694e+01
7158	-6.988922e+01
7159	-7.410477e+01
7160	-7.422726e+01
7161	-7.494705e+01
7162	-7.344503e+01
7163	-7.261135e+01
7164	-7.399964e+01
7165	-7.162983e+01
7166	-7.155347e+01
7167	-7.606236e+01
7168	-7.282268e+01
7169	-7.101296e+01
7170	-7.367065e+01
7171	-7.259556e+01
7172	-7.559452e+01
7173	-7.465566e+01
7174	-7.114735e+01
7175	-7.253959e+01
7176	-7.435021e+01
7177	-7.384059e+01
7178	-7.497499e+01
7179	-7.425557e+01
7180	-7.438996e+01
7181	-7.324275e+01
7182	-7.160291e+01
7183	-7.656760e+01
7184	-7.326873e+01
7185	-7.284155e+01
7186	-7.447899e+01
7187	-7.499378e+01
7188	-7.309253e+01
7189	-7.483894e+01
7190	-7.515524e+01
7191	-7.000888e+01
7192	-7.215128e+01
7193	-7.451159e+01
7194	-6.842396e+01
7195	-7.696381e+01
7196	-7.452912e+01
7197	-7.281171e+01
7198	-7.397499e+01
7199	-7.379206e+01
7200	-7.359313e+01
7201	-7.246018e+01
7202	-7.370895e+01
7203	-7.288957e+01
7204	-7.420870e+01
7205	-7.310082e+01
7206	-7.051735e+01
7207	-7.286237e+01
7208	-7.299808e+01
7209	-7.097703e+01
7210	-7.415295e+01
7211	-7.306039e+01
7212	-7.367020e+01
7213	-7.453985e+01
7214	-7.497997e+01
7215	-7.378142e+01
7216	-6.804347e+01
7217	-7.451848e+01
7218	-6.976191e+01
7219	-7.212954e+01
7220	-7.308567e+01
7221	-7.521923e+01
7222	-7.820370e+01
7223	-7.691982e+01
7224	-7.319137e+01
7225	-7.350876e+01
7226	-7.788257e+01
7227	-7.245965e+01
7228	-6.870649e+01
7229	-7.623198e+01
7230	-7.407637e+01
7231	-7.410660e+01
7232	-7.270472e+01
7233	-7.384438e+01
7234	-7.672906e+01
7235	-7.112631e+01
7236	-7.609206e+01
7237	-7.194086e+01
7238	-7.225461e+01
7239	-7.308142e+01
7240	-7.151275e+01
7241	-7.220935e+01
7242	-7.204237e+01
7243	-7.270879e+01
7244	-7.375963e+01
7245	-7.088409e+01
7246	-7.155071e+01
7247	-7.199844e+01
7248	-7.426316e+01
7249	-7.634464e+01
7250	-7.321923e+01
7251	-7.265533e+01
7252	-7.654746e+01
7253	-7.423416e+01
7254	-7.085419e+01
7255	-7.564893e+01
7256	-7.181724e+01
7257	-7.231291e+01
7258	-7.111042e+01
7259	-7.231225e+01
7260	-7.632415e+01
7261	-7.575520e+01
7262	-7.599280e+01
7263	-7.040108e+01
7264	-7.216761e+01
7265	-7.437919e+01
7266	-7.511925e+01
7267	-7.405350e+01
7268	-7.506632e+01
7269	-7.322796e+01
7270	-7.358015e+01
7271	-7.060950e+01
7272	-7.392326e+01
7273	-7.661149e+01
7274	-7.462640e+01
7275	-7.239462e+01
7276	-7.569257e+01
7277	-7.332901e+01
7278	-6.994140e+01
7279	-7.472040e+01
7280	-7.490649e+01
7281	-7.760483e+01
7282	-7.361336e+01
7283	-7.135107e+01
7284	-7.413473e+01
7285	-7.041640e+01
7286	-7.290239e+01
7287	-7.060475e+01
7288	-7.535342e+01
7289	-7.462697e+01
7290	-7.501434e+01
7291	-7.479862e+01
7292	-7.458649e+01
7293	-7.120655e+01
7294	-6.945982e+01
7295	-7.140505e+01
7296	-7.612757e+01
7297	-6.928196e+01
7298	-7.084365e+01
7299	-7.277781e+01
7300	-6.778648e+01
7301	-7.402443e+01
7302	-7.592550e+01
7303	-7.220472e+01
7304	-7.081123e+01
7305	-7.231873e+01
7306	-7.054080e+01
7307	-7.409725e+01
7308	-7.594568e+01
7309	-7.346451e+01
7310	-7.474891e+01
7311	-7.230678e+01
7312	-6.929109e+01
7313	-6.988544e+01
7314	-6.940015e+01
7315	-7.326127e+01
7316	-7.048215e+01
7317	-7.431075e+01
7318	-7.014042e+01
7319	-7.286768e+01
7320	-7.577712e+01
7321	-7.359085e+01
7322	-7.311613e+01
7323	-7.337153e+01
7324	-7.393902e+01
7325	-7.459378e+01
7326	-7.312681e+01
7327	-7.039644e+01
7328	-7.530045e+01
7329	-7.727133e+01
7330	-7.540391e+01
7331	-7.007188e+01
7332	-7.411065e+01
7333	-7.201467e+01
7334	-7.480486e+01
7335	-7.258968e+01
7336	-7.195370e+01
7337	-7.471421e+01
7338	-7.059994e+01
7339	-7.269928e+01
7340	-7.314650e+01
7341	-7.638316e+01
7342	-7.694866e+01
7343	-7.441669e+01
7344	-7.373820e+01
7345	-7.387494e+01
7346	-7.360441e+01
7347	-7.623234e+01
7348	-7.300976e+01
7349	-7.219888e+01
7350	-7.569161e+01
7351	-7.394512e+01
7352	-7.158129e+01
7353	-7.413240e+01
7354	-7.375177e+01
7355	-7.304618e+01
7356	-7.546887e+01
7357	-7.486774e+01
7358	-7.076155e+01
7359	-6.929217e+01
7360	-7.484454e+01
7361	-7.288030e+01
7362	-7.369995e+01
7363	-7.404617e+01
7364	-7.175123e+01
7365	-7.212335e+01
7366	-7.240447e+01
7367	-7.379315e+01
7368	-7.252792e+01
7369	-7.212386e+01
7370	-7.282897e+01
7371	-7.334544e+01
7372	-7.467809e+01
7373	-7.182276e+01
7374	-7.130390e+01
7375	-6.980453e+01
7376	-7.394354e+01
7377	-7.236215e+01
7378	-7.440429e+01
7379	-7.326642e+01
7380	-7.459448e+01
7381	-7.381962e+01
7382	-6.939698e+01
7383	-7.283190e+01
7384	-7.663045e+01
7385	-7.339576e+01
7386	-7.549863e+01
7387	-7.426566e+01
7388	-7.161297e+01
7389	-7.697505e+01
7390	-7.361144e+01
7391	-7.142674e+01
7392	-7.488010e+01
7393	-6.987066e+01
7394	-7.203331e+01
7395	-7.508296e+01
7396	-7.307121e+01
7397	-7.303257e+01
7398	-7.411397e+01
7399	-7.350747e+01
7400	-7.805721e+01
7401	-7.639414e+01
7402	-7.113417e+01
7403	-7.198514e+01
7404	-7.067509e+01
7405	-7.222145e+01
7406	-7.511854e+01
7407	-7.361462e+01
7408	-7.272842e+01
7409	-7.117316e+01
7410	-7.339493e+01
7411	-7.125485e+01
7412	-7.513430e+01
7413	-7.047121e+01
7414	-7.225693e+01
7415	-7.483868e+01
7416	-7.224609e+01
7417	-7.082400e+01
7418	-7.426699e+01
7419	-7.300580e+01
7420	-7.525518e+01
7421	-7.129352e+01
7422	-7.020143e+01
7423	-7.718873e+01
7424	-7.171637e+01
7425	-7.416531e+01
7426	-7.478880e+01
7427	-7.128364e+01
7428	-7.374615e+01
7429	-7.296490e+01
7430	-7.094620e+01
7431	-7.433029e+01
7432	-7.640654e+01
7433	-7.195063e+01
7434	-7.037640e+01
7435	-7.465124e+01
7436	-7.506488e+01
7437	-7.442815e+01
7438	-7.263232e+01
7439	-7.198007e+01
7440	-7.330828e+01
7441	-7.359208e+01
7442	-7.185936e+01
7443	-7.488072e+01
7444	-7.317376e+01
7445	-7.467869e+01
7446	-7.253967e+01
7447	-7.128382e+01
7448	-7.494244e+01
7449	-7.199469e+01
7450	-7.557551e+01
7451	-7.209696e+01
7452	-7.282749e+01
7453	-7.232626e+01
7454	-7.398715e+01
7455	-7.000209e+01
7456	-7.609729e+01
7457	-7.573307e+01
7458	-7.380277e+01
7459	-7.220590e+01
7460	-7.752681e+01
7461	-7.211376e+01
7462	-7.219030e+01
7463	-7.519753e+01
7464	-7.114001e+01
7465	-7.456661e+01
7466	-7.501389e+01
7467	-7.109283e+01
7468	-7.200280e+01
7469	-7.572440e+01
7470	-7.208762e+01
7471	-7.086025e+01
7472	-7.345588e+01
7473	-7.219933e+01
7474	-7.425164e+01
7475	-7.114685e+01
7476	-7.465749e+01
7477	-7.302821e+01
7478	-7.446588e+01
7479	-7.438163e+01
7480	-7.468279e+01
7481	-7.251428e+01
7482	-7.690109e+01
7483	-8.036896e+01
7484	-7.325864e+01
7485	-7.261783e+01
7486	-7.305073e+01
7487	-7.254575e+01
7488	-7.090721e+01
7489	-7.767297e+01
7490	-7.350069e+01
7491	-7.326557e+01
7492	-7.624223e+01
7493	-7.402854e+01
7494	-7.256978e+01
7495	-7.169609e+01
7496	-7.251432e+01
7497	-7.608106e+01
7498	-7.198927e+01
7499	-7.110963e+01
7500	-7.564427e+01
7501	-7.129644e+01
7502	-7.454726e+01
7503	-7.158657e+01
7504	-7.334272e+01
7505	-7.639442e+01
7506	-7.626969e+01
7507	-7.701917e+01
7508	-7.082203e+01
7509	-7.216350e+01
7510	-7.287937e+01
7511	-7.517257e+01
7512	-7.384540e+01
7513	-7.413702e+01
7514	-7.097509e+01
7515	-7.283344e+01
7516	-7.067928e+01
7517	-7.514282e+01
7518	-7.296468e+01
7519	-7.299912e+01
7520	-7.339063e+01
7521	-7.722681e+01
7522	-7.783055e+01
7523	-7.374180e+01
7524	-7.490450e+01
7525	-7.098259e+01
7526	-7.630539e+01
7527	-6.922717e+01
7528	-7.143335e+01
7529	-7.408319e+01
7530	-7.584452e+01
7531	-7.639166e+01
7532	-7.149126e+01
7533	-7.414100e+01
7534	-7.276051e+01
7535	-7.440586e+01
7536	-7.287948e+01
7537	-7.486525e+01
7538	-7.285743e+01
7539	-7.444394e+01
7540	-7.227615e+01
7541	-7.497218e+01
7542	-7.586186e+01
7543	-7.483262e+01
7544	-6.961813e+01
7545	-7.044703e+01
7546	-7.508448e+01
7547	-7.499276e+01
7548	-7.499980e+01
7549	-7.318932e+01
7550	-7.268368e+01
7551	-7.363926e+01
7552	-7.177124e+01
7553	-7.942414e+01
7554	-7.167956e+01
7555	-7.235438e+01
7556	-7.324399e+01
7557	-7.427992e+01
7558	-7.384440e+01
7559	-7.239879e+01
7560	-7.325906e+01
7561	-7.305023e+01
7562	-7.279115e+01
7563	-7.344870e+01
7564	-7.314268e+01
7565	-7.314361e+01
7566	-7.067878e+01
7567	-7.439915e+01
7568	-7.679247e+01
7569	-7.168438e+01
7570	-7.325272e+01
7571	-7.186438e+01
7572	-7.722306e+01
7573	-7.327654e+01
7574	-7.115218e+01
7575	-7.480554e+01
7576	-7.156774e+01
7577	-7.293378e+01
7578	-7.175460e+01
7579	-7.620922e+01
7580	-7.241120e+01
7581	-7.593244e+01
7582	-7.275263e+01
7583	-7.156553e+01
7584	-6.961610e+01
7585	-7.471766e+01
7586	-7.188847e+01
7587	-7.390278e+01
7588	-7.142468e+01
7589	-7.273181e+01
7590	-7.745934e+01
7591	-7.273456e+01
7592	-7.572364e+01
7593	-7.375332e+01
7594	-7.348464e+01
7595	-7.337264e+01
7596	-7.447617e+01
7597	-7.515906e+01
7598	-7.442955e+01
7599	-7.403618e+01
7600	-7.383860e+01
7601	-7.304711e+01
7602	-7.303739e+01
7603	-7.410226e+01
7604	-7.710207e+01
7605	-6.970515e+01
7606	-7.587558e+01
7607	-7.341179e+01
7608	-6.969187e+01
7609	-7.068815e+01
7610	-7.593652e+01
7611	-7.384442e+01
7612	-7.274696e+01
7613	-7.435558e+01
7614	-7.445028e+01
7615	-6.968218e+01
7616	-7.167439e+01
7617	-7.479694e+01
7618	-7.175626e+01
7619	-6.963047e+01
7620	-7.417314e+01
7621	-7.249420e+01
7622	-7.713410e+01
7623	-7.255205e+01
7624	-7.026679e+01
7625	-7.641096e+01
7626	-7.350843e+01
7627	-7.406765e+01
7628	-7.327454e+01
7629	-7.576339e+01
7630	-7.376290e+01
7631	-7.252018e+01
7632	-7.372931e+01
7633	-7.422704e+01
7634	-7.465818e+01
7635	-6.954668e+01
7636	-7.119709e+01
7637	-7.384880e+01
7638	-7.239086e+01
7639	-7.392065e+01
7640	-7.274487e+01
7641	-7.271902e+01
7642	-7.321047e+01
7643	-7.744184e+01
7644	-7.330774e+01
7645	-7.069896e+01
7646	-7.391364e+01
7647	-7.575426e+01
7648	-7.416659e+01
7649	-7.358987e+01
7650	-7.157660e+01
7651	-7.374131e+01
7652	-7.405776e+01
7653	-7.182529e+01
7654	-7.459468e+01
7655	-7.123305e+01
7656	-7.477349e+01
7657	-7.063723e+01
7658	-7.499641e+01
7659	-7.501891e+01
7660	-6.964694e+01
7661	-7.124259e+01
7662	-6.942674e+01
7663	-7.328997e+01
7664	-7.266605e+01
7665	-7.426732e+01
7666	-7.463258e+01
7667	-7.231494e+01
7668	-7.048142e+01
7669	-7.082971e+01
7670	-7.371537e+01
7671	-7.498236e+01
7672	-7.360260e+01
7673	-7.453670e+01
7674	-7.375056e+01
7675	-7.269978e+01
7676	-7.130747e+01
7677	-7.378010e+01
7678	-7.628677e+01
7679	-7.623848e+01
7680	-7.373435e+01
7681	-7.681549e+01
7682	-7.211939e+01
7683	-7.262814e+01
7684	-7.346343e+01
7685	-7.091667e+01
7686	-7.385269e+01
7687	-7.166284e+01
7688	-7.519317e+01
7689	-7.465423e+01
7690	-7.549544e+01
7691	-7.390562e+01
7692	-7.361507e+01
7693	-7.105448e+01
7694	-7.125135e+01
7695	-7.472609e+01
7696	-6.928746e+01
7697	-7.566551e+01
7698	-7.359983e+01
7699	-7.160412e+01
7700	-7.325575e+01
7701	-7.313561e+01
7702	-7.390199e+01
7703	-7.318066e+01
7704	-7.124861e+01
7705	-7.195703e+01
7706	-7.590698e+01
7707	-7.026402e+01
7708	-7.111617e+01
7709	-7.464216e+01
7710	-6.986169e+01
7711	-7.177534e+01
7712	-7.546230e+01
7713	-7.139687e+01
7714	-7.026063e+01
7715	-7.429304e+01
7716	-7.427874e+01
7717	-7.469453e+01
7718	-7.361019e+01
7719	-7.083526e+01
7720	-7.464661e+01
7721	-7.375087e+01
7722	-7.521110e+01
7723	-6.982608e+01
7724	-7.165244e+01
7725	-7.116789e+01
7726	-7.269038e+01
7727	-7.336517e+01
7728	-7.251976e+01
7729	-7.533580e+01
7730	-7.693392e+01
7731	-7.037063e+01
7732	-7.031739e+01
7733	-7.328997e+01
7734	-7.186487e+01
7735	-6.703056e+01
7736	-7.012511e+01
7737	-7.489755e+01
7738	-7.250685e+01
7739	-7.712324e+01
7740	-7.491184e+01
7741	-7.247140e+01
7742	-7.504083e+01
7743	-7.603011e+01
7744	-7.203330e+01
7745	-7.150882e+01
7746	-7.341745e+01
7747	-7.020100e+01
7748	-7.125012e+01
7749	-7.068164e+01
7750	-7.294548e+01
7751	-7.407435e+01
7752	-7.198235e+01
7753	-7.404792e+01
7754	-7.607986e+01
7755	-7.546742e+01
7756	-7.379302e+01
7757	-7.168742e+01
7758	-7.102492e+01
7759	-7.494435e+01
7760	-7.237439e+01
7761	-7.517248e+01
7762	-7.345434e+01
7763	-7.261452e+01
7764	-7.151399e+01
7765	-7.008724e+01
7766	-7.415908e+01
7767	-7.352108e+01
7768	-7.422576e+01
7769	-7.368913e+01
7770	-7.050972e+01
7771	-7.570143e+01
7772	-7.180447e+01
7773	-7.164708e+01
7774	-7.273811e+01
7775	-7.318469e+01
7776	-7.265235e+01
7777	-7.042784e+01
7778	-7.021880e+01
7779	-7.545525e+01
7780	-7.417381e+01
7781	-7.123430e+01
7782	-7.346275e+01
7783	-7.089544e+01
7784	-7.118987e+01
7785	-7.382314e+01
7786	-7.449188e+01
7787	-7.205248e+01
7788	-7.034351e+01
7789	-7.764256e+01
7790	-7.355129e+01
7791	-7.288316e+01
7792	-7.660823e+01
7793	-7.210261e+01
7794	-7.477326e+01
7795	-7.356628e+01
7796	-7.314206e+01
7797	-7.504705e+01
7798	-7.148109e+01
7799	-7.435966e+01
7800	-7.500240e+01
7801	-7.440973e+01
7802	-7.106028e+01
7803	-7.048870e+01
7804	-7.189038e+01
7805	-7.278857e+01
7806	-7.550532e+01
7807	-7.560483e+01
7808	-7.550105e+01
7809	-7.290017e+01
7810	-7.275532e+01
7811	-7.332872e+01
7812	-7.541422e+01
7813	-7.594453e+01
7814	-7.465203e+01
7815	-7.256473e+01
7816	-7.393950e+01
7817	-7.424491e+01
7818	-7.167734e+01
7819	-7.266610e+01
7820	-7.372690e+01
7821	-7.406625e+01
7822	-7.309055e+01
7823	-7.388869e+01
7824	-7.061769e+01
7825	-7.094784e+01
7826	-7.486654e+01
7827	-7.097957e+01
7828	-7.412927e+01
7829	-7.387315e+01
7830	-7.177483e+01
7831	-7.135029e+01
7832	-7.516445e+01
7833	-7.382152e+01
7834	-7.101074e+01
7835	-7.101737e+01
7836	-7.240409e+01
7837	-7.163691e+01
7838	-7.256460e+01
7839	-7.224921e+01
7840	-7.488626e+01
7841	-7.496801e+01
7842	-7.097083e+01
7843	-7.475847e+01
7844	-7.070126e+01
7845	-6.914979e+01
7846	-7.140510e+01
7847	-7.615116e+01
7848	-6.972466e+01
7849	-7.424976e+01
7850	-7.612465e+01
7851	-7.540462e+01
7852	-7.051199e+01
7853	-7.400499e+01
7854	-7.277539e+01
7855	-7.105080e+01
7856	-6.965085e+01
7857	-7.085689e+01
7858	-7.656379e+01
7859	-7.339816e+01
7860	-7.334050e+01
7861	-7.202415e+01
7862	-7.025157e+01
7863	-7.293763e+01
7864	-7.425843e+01
7865	-7.285457e+01
7866	-7.176416e+01
7867	-7.288745e+01
7868	-7.292712e+01
7869	-7.384669e+01
7870	-7.261998e+01
7871	-7.482298e+01
7872	-7.454870e+01
7873	-7.448141e+01
7874	-7.282886e+01
7875	-6.919770e+01
7876	-7.078989e+01
7877	-7.098967e+01
7878	-6.998597e+01
7879	-7.516939e+01
7880	-7.383944e+01
7881	-7.519935e+01
7882	-7.545788e+01
7883	-7.546753e+01
7884	-7.105907e+01
7885	-7.366151e+01
7886	-7.254634e+01
7887	-7.370095e+01
7888	-7.106771e+01
7889	-7.124811e+01
7890	-7.409636e+01
7891	-7.500841e+01
7892	-7.076729e+01
7893	-7.287182e+01
7894	-7.452511e+01
7895	-7.364290e+01
7896	-7.229881e+01
7897	-7.294197e+01
7898	-7.219005e+01
7899	-7.106185e+01
7900	-7.212250e+01
7901	-7.358791e+01
7902	-7.422455e+01
7903	-7.417082e+01
7904	-7.365522e+01
7905	-6.982874e+01
7906	-7.375111e+01
7907	-7.512169e+01
7908	-7.410796e+01
7909	-7.499663e+01
7910	-7.326595e+01
7911	-6.986882e+01
7912	-7.425115e+01
7913	-7.370148e+01
7914	-7.077850e+01
7915	-7.203556e+01
7916	-7.412149e+01
7917	-7.223966e+01
7918	-7.125432e+01
7919	-7.368373e+01
7920	-7.758482e+01
7921	-7.002077e+01
7922	-7.047511e+01
7923	-7.081235e+01
7924	-7.309552e+01
7925	-7.462621e+01
7926	-7.173341e+01
7927	-7.263901e+01
7928	-6.901173e+01
7929	-7.156474e+01
7930	-7.294853e+01
7931	-7.241816e+01
7932	-7.448255e+01
7933	-7.758333e+01
7934	-7.425330e+01
7935	-7.378760e+01
7936	-7.272013e+01
7937	-7.326307e+01
7938	-7.262649e+01
7939	-7.551176e+01
7940	-7.491831e+01
7941	-7.608063e+01
7942	-7.140620e+01
7943	-7.720873e+01
7944	-7.307023e+01
7945	-7.212202e+01
7946	-7.408766e+01
7947	-7.139566e+01
7948	-6.953896e+01
7949	-7.359391e+01
7950	-7.112548e+01
7951	-7.692677e+01
7952	-7.309889e+01
7953	-7.266371e+01
7954	-7.890630e+01
7955	-7.236753e+01
7956	-7.204173e+01
7957	-7.250484e+01
7958	-7.482748e+01
7959	-7.243690e+01
7960	-7.218089e+01
7961	-7.542934e+01
7962	-7.391451e+01
7963	-7.041021e+01
7964	-7.431365e+01
7965	-7.340763e+01
7966	-7.422553e+01
7967	-7.178773e+01
7968	-7.411364e+01
7969	-7.368286e+01
7970	-7.222412e+01
7971	-7.389692e+01
7972	-7.115217e+01
7973	-7.724288e+01
7974	-7.564036e+01
7975	-7.414768e+01
7976	-7.278013e+01
7977	-7.020762e+01
7978	-7.194458e+01
7979	-7.160549e+01
7980	-7.465758e+01
7981	-7.503057e+01
7982	-7.252176e+01
7983	-7.466032e+01
7984	-7.206592e+01
7985	-7.335989e+01
7986	-7.515160e+01
7987	-7.350623e+01
7988	-7.332187e+01
7989	-7.360269e+01
7990	-7.521923e+01
7991	-7.352040e+01
7992	-7.301734e+01
7993	-7.365481e+01
7994	-7.199156e+01
7995	-7.353509e+01
7996	-7.277365e+01
7997	-7.034881e+01
7998	-7.267400e+01
7999	-7.398094e+01
8000	-7.409357e+01
8001	-7.237381e+01
8002	-7.828614e+01
8003	-7.301133e+01
8004	-7.551328e+01
8005	-7.232497e+01
8006	-7.172302e+01
8007	-7.246744e+01
8008	-7.541188e+01
8009	-7.343833e+01
8010	-7.521474e+01
8011	-7.444416e+01
8012	-7.018641e+01
8013	-7.041108e+01
8014	-7.425160e+01
8015	-7.065110e+01
8016	-7.240724e+01
8017	-7.204462e+01
8018	-7.031168e+01
8019	-7.369004e+01
8020	-7.279214e+01
8021	-7.169623e+01
8022	-7.568367e+01
8023	-7.313925e+01
8024	-7.403045e+01
8025	-7.293547e+01
8026	-7.462149e+01
8027	-7.789794e+01
8028	-7.297195e+01
8029	-7.511764e+01
8030	-7.415323e+01
8031	-7.058177e+01
8032	-7.476793e+01
8033	-7.179105e+01
8034	-6.910246e+01
8035	-7.382663e+01
8036	-6.875087e+01
8037	-7.366295e+01
8038	-7.266224e+01
8039	-6.834050e+01
8040	-7.444453e+01
8041	-7.161624e+01
8042	-7.294419e+01
8043	-7.406937e+01
8044	-7.508473e+01
8045	-7.059997e+01
8046	-7.442786e+01
8047	-7.519697e+01
8048	-7.349412e+01
8049	-7.326607e+01
8050	-7.391647e+01
8051	-7.342927e+01
8052	-7.470755e+01
8053	-7.648508e+01
8054	-7.415540e+01
8055	-7.569491e+01
8056	-7.147309e+01
8057	-7.748130e+01
8058	-7.596077e+01
8059	-7.033442e+01
8060	-7.497140e+01
8061	-7.288056e+01
8062	-7.261185e+01
8063	-7.371266e+01
8064	-7.423368e+01
8065	-7.362661e+01
8066	-7.473450e+01
8067	-7.039803e+01
8068	-7.160056e+01
8069	-7.498087e+01
8070	-7.347203e+01
8071	-7.365156e+01
8072	-7.223690e+01
8073	-7.405976e+01
8074	-7.257233e+01
8075	-7.001659e+01
8076	-7.277770e+01
8077	-7.132296e+01
8078	-7.761316e+01
8079	-7.053408e+01
8080	-7.451703e+01
8081	-7.265181e+01
8082	-7.426324e+01
8083	-7.332120e+01
8084	-7.284992e+01
8085	-7.507846e+01
8086	-7.481504e+01
8087	-7.519995e+01
8088	-7.740876e+01
8089	-7.526786e+01
8090	-7.491757e+01
8091	-7.606545e+01
8092	-7.227342e+01
8093	-7.372459e+01
8094	-7.469144e+01
8095	-7.495004e+01
8096	-7.304252e+01
8097	-7.256953e+01
8098	-7.130632e+01
8099	-7.520373e+01
8100	-7.448279e+01
8101	-7.163611e+01
8102	-7.336111e+01
8103	-7.193829e+01
8104	-7.255655e+01
8105	-7.516777e+01
8106	-7.256478e+01
8107	-7.443539e+01
8108	-7.691505e+01
8109	-7.382858e+01
8110	-7.113183e+01
8111	-7.650075e+01
8112	-7.577589e+01
8113	-7.180968e+01
8114	-7.654697e+01
8115	-7.426638e+01
8116	-7.259158e+01
8117	-6.988686e+01
8118	-7.132809e+01
8119	-7.621187e+01
8120	-7.031283e+01
8121	-7.605512e+01
8122	-7.719454e+01
8123	-7.164741e+01
8124	-6.965146e+01
8125	-7.533529e+01
8126	-7.663216e+01
8127	-7.405324e+01
8128	-7.055086e+01
8129	-7.300467e+01
8130	-7.420532e+01
8131	-7.591789e+01
8132	-7.168343e+01
8133	-7.149472e+01
8134	-7.735575e+01
8135	-7.168122e+01
8136	-7.459593e+01
8137	-7.463152e+01
8138	-7.067899e+01
8139	-7.178425e+01
8140	-7.270258e+01
8141	-7.334637e+01
8142	-7.101872e+01
8143	-7.494066e+01
8144	-7.296461e+01
8145	-7.627613e+01
8146	-7.294808e+01
8147	-7.566760e+01
8148	-7.024258e+01
8149	-7.498874e+01
8150	-7.490548e+01
8151	-7.394012e+01
8152	-7.380459e+01
8153	-7.714200e+01
8154	-7.271882e+01
8155	-7.432644e+01
8156	-7.375968e+01
8157	-7.275885e+01
8158	-7.603959e+01
8159	-7.260155e+01
8160	-7.238892e+01
8161	-7.028778e+01
8162	-7.314287e+01
8163	-7.469191e+01
8164	-7.268750e+01
8165	-7.270934e+01
8166	-7.363923e+01
8167	-7.322467e+01
8168	-7.341079e+01
8169	-7.208454e+01
8170	-7.403118e+01
8171	-7.191082e+01
8172	-7.435257e+01
8173	-6.918703e+01
8174	-7.382813e+01
8175	-7.205471e+01
8176	-7.189736e+01
8177	-7.122079e+01
8178	-7.638794e+01
8179	-7.260308e+01
8180	-7.335490e+01
8181	-7.053461e+01
8182	-7.295025e+01
8183	-7.571449e+01
8184	-7.239802e+01
8185	-7.472895e+01
8186	-7.322279e+01
8187	-7.557256e+01
8188	-7.534044e+01
8189	-7.513951e+01
8190	-7.044269e+01
8191	-7.501571e+01
8192	-7.471909e+01
8193	-7.328016e+01
8194	-7.136902e+01
8195	-7.212145e+01
8196	-7.526555e+01
8197	-7.697921e+01
8198	-7.011571e+01
8199	-7.579213e+01
8200	-7.585265e+01
8201	-7.274064e+01
8202	-7.261321e+01
8203	-7.166880e+01
8204	-7.068891e+01
8205	-7.298700e+01
8206	-7.805512e+01
8207	-7.200922e+01
8208	-7.201029e+01
8209	-7.412238e+01
8210	-7.444293e+01
8211	-7.457460e+01
8212	-7.102621e+01
8213	-7.040251e+01
8214	-7.259355e+01
8215	-7.241335e+01
8216	-7.331829e+01
8217	-7.695777e+01
8218	-7.485814e+01
8219	-7.192770e+01
8220	-7.252740e+01
8221	-7.266552e+01
8222	-7.376322e+01
8223	-7.533070e+01
8224	-7.361995e+01
8225	-7.425014e+01
8226	-7.193593e+01
8227	-7.496439e+01
8228	-7.448169e+01
8229	-7.420899e+01
8230	-7.450640e+01
8231	-7.343779e+01
8232	-7.107364e+01
8233	-7.093223e+01
8234	-7.341003e+01
8235	-7.371117e+01
8236	-7.219196e+01
8237	-7.559341e+01
8238	-7.233680e+01
8239	-7.443118e+01
8240	-7.346180e+01
8241	-7.502488e+01
8242	-7.335529e+01
8243	-7.330287e+01
8244	-7.020011e+01
8245	-7.337274e+01
8246	-7.168417e+01
8247	-7.114136e+01
8248	-7.086912e+01
8249	-7.171660e+01
8250	-7.643880e+01
8251	-7.203375e+01
8252	-7.232303e+01
8253	-7.538800e+01
8254	-7.398004e+01
8255	-7.041988e+01
8256	-7.450307e+01
8257	-7.392966e+01
8258	-7.149944e+01
8259	-7.534825e+01
8260	-6.949181e+01
8261	-7.251078e+01
8262	-7.356526e+01
8263	-7.274599e+01
8264	-7.173958e+01
8265	-7.341175e+01
8266	-7.190740e+01
8267	-7.623118e+01
8268	-7.363121e+01
8269	-7.309003e+01
8270	-7.450075e+01
8271	-7.400968e+01
8272	-7.645768e+01
8273	-7.098970e+01
8274	-7.484990e+01
8275	-7.436793e+01
8276	-7.008642e+01
8277	-7.692599e+01
8278	-7.336402e+01
8279	-7.189477e+01
8280	-7.285134e+01
8281	-7.365670e+01
8282	-6.946810e+01
8283	-7.392651e+01
8284	-7.156467e+01
8285	-7.344875e+01
8286	-7.331070e+01
8287	-7.866025e+01
8288	-7.518856e+01
8289	-7.064495e+01
8290	-7.178687e+01
8291	-7.549854e+01
8292	-7.573602e+01
8293	-7.515252e+01
8294	-6.961298e+01
8295	-7.075688e+01
8296	-7.453849e+01
8297	-7.469626e+01
8298	-7.159899e+01
8299	-7.423009e+01
8300	-7.551692e+01
8301	-7.428757e+01
8302	-7.343548e+01
8303	-6.975373e+01
8304	-7.358529e+01
8305	-7.177232e+01
8306	-7.068402e+01
8307	-7.401607e+01
8308	-7.362898e+01
8309	-7.040859e+01
8310	-7.473633e+01
8311	-7.042194e+01
8312	-7.491946e+01
8313	-7.286583e+01
8314	-7.098788e+01
8315	-7.830601e+01
8316	-7.264364e+01
8317	-7.329759e+01
8318	-7.481858e+01
8319	-6.990692e+01
8320	-7.314462e+01
8321	-7.280995e+01
8322	-7.421430e+01
8323	-7.379573e+01
8324	-7.251354e+01
8325	-7.200250e+01
8326	-7.010585e+01
8327	-7.252043e+01
8328	-7.382186e+01
8329	-7.429092e+01
8330	-6.969806e+01
8331	-7.383909e+01
8332	-7.677732e+01
8333	-6.936961e+01
8334	-7.401598e+01
8335	-7.151836e+01
8336	-7.097529e+01
8337	-7.450235e+01
8338	-7.191348e+01
8339	-7.381208e+01
8340	-7.426512e+01
8341	-7.296505e+01
8342	-7.699892e+01
8343	-7.446315e+01
8344	-7.368127e+01
8345	-7.698427e+01
8346	-7.266662e+01
8347	-7.394517e+01
8348	-7.278551e+01
8349	-7.165152e+01
8350	-7.225833e+01
8351	-7.429331e+01
8352	-7.560089e+01
8353	-7.422387e+01
8354	-7.150724e+01
8355	-7.365746e+01
8356	-7.184976e+01
8357	-7.521272e+01
8358	-7.726536e+01
8359	-7.366250e+01
8360	-7.281389e+01
8361	-7.263452e+01
8362	-7.393033e+01
8363	-7.565931e+01
8364	-7.576329e+01
8365	-7.444023e+01
8366	-7.501047e+01
8367	-7.464443e+01
8368	-7.493178e+01
8369	-7.038334e+01
8370	-7.146014e+01
8371	-7.248677e+01
8372	-7.234597e+01
8373	-7.244747e+01
8374	-7.401236e+01
8375	-7.442339e+01
8376	-7.246416e+01
8377	-7.010165e+01
8378	-7.068292e+01
8379	-7.416586e+01
8380	-7.531108e+01
8381	-7.679409e+01
8382	-6.984332e+01
8383	-6.928405e+01
8384	-7.370969e+01
8385	-7.652661e+01
8386	-6.783296e+01
8387	-7.034838e+01
8388	-7.424999e+01
8389	-7.334904e+01
8390	-7.442935e+01
8391	-7.448173e+01
8392	-6.986830e+01
8393	-7.165372e+01
8394	-7.539070e+01
8395	-7.301859e+01
8396	-7.296097e+01
8397	-7.580615e+01
8398	-7.448866e+01
8399	-7.337171e+01
8400	-7.345735e+01
8401	-7.007110e+01
8402	-7.604128e+01
8403	-7.244482e+01
8404	-7.018820e+01
8405	-7.318409e+01
8406	-7.301513e+01
8407	-7.383819e+01
8408	-7.336064e+01
8409	-7.281497e+01
8410	-7.519713e+01
8411	-7.354890e+01
8412	-7.515159e+01
8413	-7.513697e+01
8414	-7.010388e+01
8415	-7.129009e+01
8416	-7.425102e+01
8417	-7.294691e+01
8418	-7.129608e+01
8419	-7.480092e+01
8420	-7.581188e+01
8421	-7.436250e+01
8422	-6.827735e+01
8423	-7.473704e+01
8424	-7.207430e+01
8425	-7.291144e+01
8426	-6.991194e+01
8427	-7.388786e+01
8428	-7.627002e+01
8429	-7.240542e+01
8430	-7.427517e+01
8431	-7.063173e+01
8432	-7.413142e+01
8433	-7.223007e+01
8434	-7.296788e+01
8435	-7.200098e+01
8436	-7.508468e+01
8437	-7.271377e+01
8438	-7.570334e+01
8439	-7.780121e+01
8440	-7.142429e+01
8441	-7.161172e+01
8442	-7.454048e+01
8443	-7.384514e+01
8444	-7.828474e+01
8445	-7.675440e+01
8446	-7.055264e+01
8447	-7.630355e+01
8448	-7.267254e+01
8449	-7.225494e+01
8450	-7.376271e+01
8451	-6.999667e+01
8452	-7.239568e+01
8453	-7.421264e+01
8454	-7.542084e+01
8455	-7.381737e+01
8456	-7.095738e+01
8457	-7.557238e+01
8458	-7.222832e+01
8459	-7.550550e+01
8460	-7.090139e+01
8461	-7.388061e+01
8462	-7.496040e+01
8463	-7.352415e+01
8464	-7.293340e+01
8465	-7.253559e+01
8466	-7.121679e+01
8467	-7.398247e+01
8468	-7.331614e+01
8469	-7.057974e+01
8470	-7.227914e+01
8471	-7.325782e+01
8472	-7.678709e+01
8473	-7.960907e+01
8474	-7.405999e+01
8475	-7.098586e+01
8476	-7.001765e+01
8477	-7.336891e+01
8478	-7.210429e+01
8479	-7.187005e+01
8480	-7.567516e+01
8481	-7.459130e+01
8482	-6.920669e+01
8483	-7.253321e+01
8484	-7.751870e+01
8485	-7.473619e+01
8486	-7.348034e+01
8487	-7.425665e+01
8488	-7.406833e+01
8489	-7.381519e+01
8490	-7.284283e+01
8491	-7.602073e+01
8492	-7.468419e+01
8493	-7.093014e+01
8494	-7.454312e+01
8495	-7.005566e+01
8496	-7.336620e+01
8497	-7.352650e+01
8498	-7.018298e+01
8499	-7.366669e+01
8500	-7.465797e+01
8501	-7.291169e+01
8502	-7.233976e+01
8503	-7.481170e+01
8504	-7.044388e+01
8505	-7.336377e+01
8506	-7.152456e+01
8507	-7.438944e+01
8508	-7.448514e+01
8509	-7.316706e+01
8510	-7.146747e+01
8511	-7.114865e+01
8512	-7.170309e+01
8513	-7.493800e+01
8514	-7.033792e+01
8515	-7.138671e+01
8516	-7.233116e+01
8517	-7.756714e+01
8518	-7.539796e+01
8519	-7.357728e+01
8520	-7.079530e+01
8521	-7.148114e+01
8522	-7.565532e+01
8523	-7.134196e+01
8524	-7.367282e+01
8525	-7.607617e+01
8526	-7.134824e+01
8527	-7.370187e+01
8528	-7.218081e+01
8529	-7.297515e+01
8530	-7.579798e+01
8531	-7.220404e+01
8532	-7.310029e+01
8533	-7.431577e+01
8534	-7.357693e+01
8535	-7.669467e+01
8536	-7.138174e+01
8537	-7.230266e+01
8538	-7.302452e+01
8539	-7.261661e+01
8540	-7.472826e+01
8541	-7.015414e+01
8542	-6.968524e+01
8543	-7.510763e+01
8544	-7.174479e+01
8545	-7.608412e+01
8546	-7.357402e+01
8547	-7.533338e+01
8548	-7.660566e+01
8549	-7.393179e+01
8550	-7.380518e+01
8551	-7.370055e+01
8552	-7.479363e+01
8553	-7.360836e+01
8554	-7.615683e+01
8555	-7.494249e+01
8556	-7.112217e+01
8557	-7.544715e+01
8558	-7.006489e+01
8559	-7.377220e+01
8560	-7.582370e+01
8561	-7.450886e+01
8562	-7.277978e+01
8563	-7.448984e+01
8564	-7.204887e+01
8565	-7.293377e+01
8566	-7.569734e+01
8567	-7.206776e+01
8568	-6.937497e+01
8569	-7.298453e+01
8570	-7.569704e+01
8571	-6.998438e+01
8572	-7.306368e+01
8573	-7.617696e+01
8574	-7.230838e+01
8575	-7.382479e+01
8576	-7.289139e+01
8577	-7.480988e+01
8578	-7.585912e+01
8579	-7.415128e+01
8580	-7.430448e+01
8581	-7.461847e+01
8582	-7.310374e+01
8583	-7.425256e+01
8584	-7.371154e+01
8585	-7.306474e+01
8586	-7.013007e+01
8587	-7.841861e+01
8588	-7.389696e+01
8589	-7.401627e+01
8590	-7.361738e+01
8591	-7.353901e+01
8592	-7.095885e+01
8593	-7.484842e+01
8594	-7.203741e+01
8595	-7.544527e+01
8596	-7.541912e+01
8597	-7.598343e+01
8598	-7.359420e+01
8599	-7.241942e+01
8600	-7.496968e+01
8601	-7.070878e+01
8602	-7.225638e+01
8603	-7.128772e+01
8604	-7.266475e+01
8605	-7.359253e+01
8606	-7.294745e+01
8607	-7.342556e+01
8608	-7.429933e+01
8609	-7.353615e+01
8610	-7.121886e+01
8611	-7.215184e+01
8612	-7.372466e+01
8613	-7.211436e+01
8614	-6.859549e+01
8615	-7.285516e+01
8616	-7.431682e+01
8617	-7.236384e+01
8618	-7.672690e+01
8619	-7.521852e+01
8620	-7.398141e+01
8621	-7.596617e+01
8622	-7.482516e+01
8623	-7.104934e+01
8624	-7.485636e+01
8625	-7.207583e+01
8626	-6.941957e+01
8627	-7.203661e+01
8628	-7.372997e+01
8629	-7.324230e+01
8630	-7.202695e+01
8631	-7.192130e+01
8632	-7.286185e+01
8633	-7.240373e+01
8634	-7.516459e+01
8635	-7.761716e+01
8636	-7.253041e+01
8637	-7.549726e+01
8638	-6.998143e+01
8639	-7.458079e+01
8640	-7.547888e+01
8641	-7.137113e+01
8642	-7.599249e+01
8643	-7.391458e+01
8644	-7.381816e+01
8645	-7.371563e+01
8646	-7.682124e+01
8647	-7.396690e+01
8648	-7.302059e+01
8649	-7.198432e+01
8650	-7.439685e+01
8651	-7.482536e+01
8652	-7.534287e+01
8653	-7.517249e+01
8654	-7.370941e+01
8655	-7.251952e+01
8656	-7.451971e+01
8657	-7.253027e+01
8658	-7.327551e+01
8659	-7.333244e+01
8660	-7.401407e+01
8661	-7.074259e+01
8662	-7.377129e+01
8663	-7.608714e+01
8664	-7.245964e+01
8665	-7.167914e+01
8666	-7.002678e+01
8667	-7.223349e+01
8668	-7.570097e+01
8669	-7.422481e+01
8670	-7.554954e+01
8671	-7.089469e+01
8672	-7.250020e+01
8673	-7.344326e+01
8674	-7.218446e+01
8675	-7.116228e+01
8676	-7.728036e+01
8677	-7.182789e+01
8678	-7.546452e+01
8679	-7.303172e+01
8680	-7.444300e+01
8681	-7.518711e+01
8682	-7.530531e+01
8683	-7.235271e+01
8684	-7.267975e+01
8685	-7.330016e+01
8686	-7.438203e+01
8687	-7.449061e+01
8688	-7.290427e+01
8689	-7.399535e+01
8690	-6.934729e+01
8691	-7.669496e+01
8692	-7.525865e+01
8693	-7.266069e+01
8694	-7.314672e+01
8695	-7.267084e+01
8696	-7.393642e+01
8697	-7.286565e+01
8698	-7.212822e+01
8699	-6.743880e+01
8700	-7.141854e+01
8701	-7.144363e+01
8702	-6.955476e+01
8703	-7.312164e+01
8704	-7.369972e+01
8705	-7.418211e+01
8706	-7.403561e+01
8707	-7.419520e+01
8708	-7.078643e+01
8709	-7.417417e+01
8710	-6.948713e+01
8711	-7.347676e+01
8712	-7.240312e+01
8713	-7.144878e+01
8714	-7.462004e+01
8715	-7.471208e+01
8716	-7.159829e+01
8717	-7.510137e+01
8718	-7.492436e+01
8719	-7.188468e+01
8720	-7.114385e+01
8721	-7.107756e+01
8722	-7.406653e+01
8723	-7.268280e+01
8724	-7.318854e+01
8725	-7.022479e+01
8726	-7.323223e+01
8727	-7.153833e+01
8728	-7.188483e+01
8729	-7.323431e+01
8730	-7.204141e+01
8731	-7.340793e+01
8732	-7.674178e+01
8733	-7.360889e+01
8734	-7.209343e+01
8735	-7.657818e+01
8736	-7.427717e+01
8737	-7.312788e+01
8738	-7.365572e+01
8739	-7.260523e+01
8740	-7.448183e+01
8741	-7.003269e+01
8742	-7.191983e+01
8743	-7.601226e+01
8744	-7.075283e+01
8745	-7.300511e+01
8746	-7.452286e+01
8747	-7.510781e+01
8748	-7.102144e+01
8749	-7.122395e+01
8750	-7.096880e+01
8751	-7.048884e+01
8752	-6.962067e+01
8753	-7.623893e+01
8754	-7.294234e+01
8755	-7.324522e+01
8756	-7.231757e+01
8757	-7.459822e+01
8758	-7.428807e+01
8759	-7.277566e+01
8760	-7.578316e+01
8761	-7.149930e+01
8762	-7.348899e+01
8763	-7.297382e+01
8764	-7.229522e+01
8765	-7.364073e+01
8766	-7.154751e+01
8767	-7.568704e+01
8768	-7.555937e+01
8769	-7.499511e+01
8770	-6.990662e+01
8771	-7.602039e+01
8772	-7.413426e+01
8773	-7.226634e+01
8774	-7.262520e+01
8775	-7.274436e+01
8776	-7.601665e+01
8777	-7.421652e+01
8778	-7.519561e+01
8779	-7.199318e+01
8780	-7.282877e+01
8781	-7.484234e+01
8782	-6.981538e+01
8783	-7.564373e+01
8784	-7.209285e+01
8785	-7.217302e+01
8786	-7.249341e+01
8787	-7.159963e+01
8788	-7.665138e+01
8789	-7.255297e+01
8790	-7.219335e+01
8791	-7.231215e+01
8792	-7.098718e+01
8793	-7.185212e+01
8794	-7.366495e+01
8795	-7.130099e+01
8796	-7.206724e+01
8797	-7.054872e+01
8798	-7.647690e+01
8799	-7.077626e+01
8800	-7.296086e+01
8801	-7.429162e+01
8802	-7.228484e+01
8803	-7.458698e+01
8804	-7.125652e+01
8805	-7.464199e+01
8806	-7.294867e+01
8807	-7.510741e+01
8808	-7.570484e+01
8809	-7.393560e+01
8810	-7.409391e+01
8811	-7.593427e+01
8812	-7.321220e+01
8813	-7.234824e+01
8814	-7.453602e+01
8815	-7.187996e+01
8816	-7.407571e+01
8817	-7.254084e+01
8818	-6.917255e+01
8819	-7.440191e+01
8820	-7.067881e+01
8821	-6.972244e+01
8822	-7.562436e+01
8823	-7.298999e+01
8824	-6.921048e+01
8825	-7.743222e+01
8826	-7.495099e+01
8827	-7.220685e+01
8828	-7.256253e+01
8829	-7.272744e+01
8830	-7.311547e+01
8831	-7.346135e+01
8832	-7.411370e+01
8833	-7.360054e+01
8834	-7.596211e+01
8835	-7.207063e+01
8836	-7.222448e+01
8837	-7.386576e+01
8838	-7.571231e+01
8839	-7.294100e+01
8840	-7.089772e+01
8841	-7.815152e+01
8842	-7.529079e+01
8843	-7.085248e+01
8844	-7.164452e+01
8845	-7.148338e+01
8846	-7.267324e+01
8847	-7.446239e+01
8848	-7.317196e+01
8849	-7.291517e+01
8850	-7.535305e+01
8851	-7.190685e+01
8852	-7.267854e+01
8853	-7.135795e+01
8854	-7.160095e+01
8855	-7.227662e+01
8856	-7.188252e+01
8857	-7.312744e+01
8858	-7.059100e+01
8859	-7.069713e+01
8860	-7.171218e+01
8861	-7.010721e+01
8862	-7.172268e+01
8863	-7.404868e+01
8864	-7.346537e+01
8865	-7.286994e+01
8866	-7.132786e+01
8867	-6.844112e+01
8868	-7.217657e+01
8869	-6.999709e+01
8870	-7.145089e+01
8871	-7.463154e+01
8872	-7.541146e+01
8873	-7.291254e+01
8874	-7.408923e+01
8875	-7.530428e+01
8876	-7.006268e+01
8877	-7.184013e+01
8878	-7.262919e+01
8879	-7.477333e+01
8880	-7.195564e+01
8881	-6.886371e+01
8882	-7.162584e+01
8883	-7.135514e+01
8884	-6.861298e+01
8885	-7.114754e+01
8886	-7.232752e+01
8887	-7.248629e+01
8888	-7.237079e+01
8889	-7.259364e+01
8890	-7.485946e+01
8891	-7.433798e+01
8892	-7.511681e+01
8893	-7.458913e+01
8894	-7.445758e+01
8895	-7.451414e+01
8896	-7.000882e+01
8897	-7.320209e+01
8898	-6.895776e+01
8899	-7.235307e+01
8900	-7.186340e+01
8901	-7.368030e+01
8902	-7.222671e+01
8903	-7.513485e+01
8904	-7.620673e+01
8905	-7.091634e+01
8906	-7.176082e+01
8907	-7.310438e+01
8908	-6.909697e+01
8909	-7.174826e+01
8910	-7.136284e+01
8911	-7.472000e+01
8912	-7.178154e+01
8913	-7.434366e+01
8914	-7.352069e+01
8915	-7.157831e+01
8916	-7.207291e+01
8917	-7.300846e+01
8918	-7.512076e+01
8919	-7.279464e+01
8920	-7.558531e+01
8921	-7.446942e+01
8922	-7.141943e+01
8923	-7.353401e+01
8924	-7.207391e+01
8925	-7.422493e+01
8926	-7.641244e+01
8927	-7.399112e+01
8928	-7.535863e+01
8929	-6.999426e+01
8930	-7.315237e+01
8931	-7.537855e+01
8932	-7.411152e+01
8933	-7.509577e+01
8934	-6.952351e+01
8935	-7.135155e+01
8936	-7.648083e+01
8937	-7.419475e+01
8938	-7.676182e+01
8939	-7.591817e+01
8940	-7.417118e+01
8941	-7.444033e+01
8942	-7.210020e+01
8943	-7.134938e+01
8944	-7.277698e+01
8945	-7.365784e+01
8946	-7.010804e+01
8947	-7.548295e+01
8948	-7.334437e+01
8949	-7.131118e+01
8950	-7.402218e+01
8951	-7.355711e+01
8952	-7.675453e+01
8953	-7.137070e+01
8954	-7.374557e+01
8955	-7.094446e+01
8956	-6.986709e+01
8957	-7.528692e+01
8958	-7.518492e+01
8959	-7.334263e+01
8960	-7.081548e+01
8961	-7.310544e+01
8962	-7.747495e+01
8963	-7.556077e+01
8964	-7.554379e+01
8965	-7.478276e+01
8966	-6.924840e+01
8967	-7.231615e+01
8968	-7.189682e+01
8969	-7.317816e+01
8970	-7.416580e+01
8971	-7.322050e+01
8972	-7.426629e+01
8973	-7.592507e+01
8974	-7.358834e+01
8975	-7.315218e+01
8976	-7.488962e+01
8977	-7.166988e+01
8978	-7.441241e+01
8979	-7.594748e+01
8980	-7.786948e+01
8981	-7.076386e+01
8982	-7.561527e+01
8983	-7.324079e+01
8984	-7.082005e+01
8985	-7.359675e+01
8986	-6.993112e+01
8987	-6.910992e+01
8988	-7.246912e+01
8989	-7.272729e+01
8990	-7.302453e+01
8991	-7.467488e+01
8992	-7.157748e+01
8993	-7.128470e+01
8994	-7.489165e+01
8995	-7.300033e+01
8996	-7.467087e+01
8997	-7.398796e+01
8998	-7.454080e+01
8999	-7.039448e+01
9000	-7.521990e+01
9001	-7.836637e+01
9002	-7.163127e+01
9003	-7.138722e+01
9004	-7.381737e+01
9005	-7.283294e+01
9006	-7.601126e+01
9007	-7.650173e+01
9008	-7.097305e+01
9009	-7.273726e+01
9010	-7.471737e+01
9011	-7.349406e+01
9012	-7.589662e+01
9013	-7.194499e+01
9014	-7.680991e+01
9015	-7.178375e+01
9016	-7.143244e+01
9017	-7.317742e+01
9018	-7.271247e+01
9019	-7.371471e+01
9020	-7.356724e+01
9021	-7.196055e+01
9022	-7.130852e+01
9023	-7.314738e+01
9024	-7.645746e+01
9025	-7.491927e+01
9026	-7.438209e+01
9027	-6.947829e+01
9028	-7.733947e+01
9029	-7.236795e+01
9030	-7.169284e+01
9031	-7.877084e+01
9032	-7.610211e+01
9033	-7.254288e+01
9034	-7.336958e+01
9035	-7.211621e+01
9036	-7.228082e+01
9037	-6.864924e+01
9038	-7.623855e+01
9039	-7.248127e+01
9040	-7.302001e+01
9041	-7.553004e+01
9042	-7.612229e+01
9043	-7.493551e+01
9044	-7.540269e+01
9045	-7.424810e+01
9046	-7.052604e+01
9047	-6.979111e+01
9048	-7.143018e+01
9049	-7.619839e+01
9050	-7.164626e+01
9051	-7.284307e+01
9052	-7.333183e+01
9053	-7.763336e+01
9054	-7.165569e+01
9055	-7.211505e+01
9056	-7.365486e+01
9057	-7.319875e+01
9058	-7.412463e+01
9059	-7.096414e+01
9060	-7.222104e+01
9061	-7.218573e+01
9062	-7.270816e+01
9063	-7.556432e+01
9064	-7.416870e+01
9065	-7.326430e+01
9066	-7.264071e+01
9067	-7.261894e+01
9068	-7.294541e+01
9069	-7.433645e+01
9070	-7.741992e+01
9071	-7.221884e+01
9072	-7.568704e+01
9073	-7.540797e+01
9074	-7.443072e+01
9075	-7.431844e+01
9076	-7.271158e+01
9077	-7.469073e+01
9078	-7.107190e+01
9079	-7.028182e+01
9080	-7.511839e+01
9081	-7.166059e+01
9082	-6.938175e+01
9083	-7.531318e+01
9084	-7.370972e+01
9085	-7.237310e+01
9086	-7.479243e+01
9087	-7.585077e+01
9088	-7.256832e+01
9089	-7.226790e+01
9090	-7.264270e+01
9091	-8.075266e+01
9092	-7.113786e+01
9093	-7.588946e+01
9094	-7.291538e+01
9095	-7.085575e+01
9096	-7.427759e+01
9097	-7.493598e+01
9098	-7.305818e+01
9099	-7.339129e+01
9100	-7.077006e+01
9101	-7.332271e+01
9102	-7.499842e+01
9103	-7.503174e+01
9104	-7.394726e+01
9105	-7.209326e+01
9106	-7.406692e+01
9107	-7.315214e+01
9108	-7.178164e+01
9109	-7.489802e+01
9110	-7.464264e+01
9111	-7.352695e+01
9112	-7.298122e+01
9113	-7.551150e+01
9114	-7.515404e+01
9115	-7.193644e+01
9116	-7.531046e+01
9117	-7.560755e+01
9118	-7.021701e+01
9119	-7.206815e+01
9120	-7.639588e+01
9121	-7.563879e+01
9122	-7.346133e+01
9123	-7.245567e+01
9124	-7.381201e+01
9125	-7.238078e+01
9126	-7.221456e+01
9127	-7.709896e+01
9128	-7.011225e+01
9129	-7.111553e+01
9130	-7.054097e+01
9131	-7.419974e+01
9132	-7.042399e+01
9133	-7.257102e+01
9134	-7.375030e+01
9135	-7.573268e+01
9136	-7.426243e+01
9137	-7.091271e+01
9138	-6.949827e+01
9139	-7.434259e+01
9140	-7.546973e+01
9141	-7.416044e+01
9142	-7.503497e+01
9143	-7.828573e+01
9144	-7.159080e+01
9145	-7.510191e+01
9146	-7.378984e+01
9147	-7.404525e+01
9148	-7.776361e+01
9149	-7.374839e+01
9150	-7.335993e+01
9151	-7.017469e+01
9152	-7.388723e+01
9153	-7.154975e+01
9154	-7.689718e+01
9155	-7.660010e+01
9156	-7.131266e+01
9157	-6.894505e+01
9158	-7.748468e+01
9159	-7.335848e+01
9160	-7.460588e+01
9161	-7.348162e+01
9162	-7.597950e+01
9163	-7.252107e+01
9164	-7.159313e+01
9165	-7.261526e+01
9166	-7.198412e+01
9167	-7.496318e+01
9168	-7.471457e+01
9169	-7.373483e+01
9170	-7.139308e+01
9171	-7.192770e+01
9172	-7.165309e+01
9173	-7.654353e+01
9174	-7.392256e+01
9175	-7.121913e+01
9176	-6.744010e+01
9177	-7.559926e+01
9178	-7.440234e+01
9179	-7.626479e+01
9180	-7.630631e+01
9181	-7.212905e+01
9182	-7.282382e+01
9183	-7.285166e+01
9184	-7.427515e+01
9185	-7.601888e+01
9186	-7.085821e+01
9187	-7.041313e+01
9188	-6.932695e+01
9189	-7.262415e+01
9190	-7.304057e+01
9191	-7.280428e+01
9192	-7.345697e+01
9193	-7.230400e+01
9194	-7.451325e+01
9195	-7.275848e+01
9196	-7.286833e+01
9197	-7.274209e+01
9198	-7.354510e+01
9199	-7.434900e+01
9200	-7.392519e+01
9201	-7.578584e+01
9202	-7.153968e+01
9203	-7.565309e+01
9204	-7.461960e+01
9205	-7.553814e+01
9206	-7.289206e+01
9207	-7.412043e+01
9208	-7.277736e+01
9209	-7.011960e+01
9210	-7.127799e+01
9211	-7.518639e+01
9212	-7.242918e+01
9213	-7.697020e+01
9214	-7.403637e+01
9215	-7.389874e+01
9216	-7.640532e+01
9217	-7.353076e+01
9218	-7.496321e+01
9219	-7.258124e+01
9220	-7.433545e+01
9221	-7.579744e+01
9222	-7.135769e+01
9223	-7.177160e+01
9224	-7.040349e+01
9225	-6.990408e+01
9226	-7.368445e+01
9227	-7.680216e+01
9228	-7.381678e+01
9229	-7.522810e+01
9230	-7.378728e+01
9231	-7.165752e+01
9232	-7.249035e+01
9233	-7.312403e+01
9234	-7.351355e+01
9235	-7.286626e+01
9236	-7.514618e+01
9237	-7.204004e+01
9238	-7.410590e+01
9239	-7.427710e+01
9240	-7.229015e+01
9241	-7.468814e+01
9242	-7.313536e+01
9243	-7.353633e+01
9244	-7.475720e+01
9245	-7.495756e+01
9246	-7.497614e+01
9247	-7.084109e+01
9248	-7.693131e+01
9249	-7.719210e+01
9250	-7.179841e+01
9251	-7.245279e+01
9252	-6.983029e+01
9253	-7.285072e+01
9254	-7.291060e+01
9255	-7.411285e+01
9256	-7.172768e+01
9257	-7.292136e+01
9258	-7.549995e+01
9259	-7.469412e+01
9260	-7.061016e+01
9261	-7.351352e+01
9262	-7.465363e+01
9263	-7.272356e+01
9264	-7.475191e+01
9265	-7.201794e+01
9266	-6.893622e+01
9267	-7.111383e+01
9268	-7.195871e+01
9269	-7.188746e+01
9270	-7.298910e+01
9271	-7.475546e+01
9272	-7.047990e+01
9273	-7.352682e+01
9274	-7.303887e+01
9275	-7.367597e+01
9276	-7.282886e+01
9277	-7.300035e+01
9278	-7.081388e+01
9279	-7.200258e+01
9280	-7.443846e+01
9281	-7.605967e+01
9282	-7.213470e+01
9283	-7.407828e+01
9284	-7.354644e+01
9285	-7.313836e+01
9286	-7.094920e+01
9287	-7.520443e+01
9288	-7.757627e+01
9289	-7.161235e+01
9290	-7.664468e+01
9291	-7.480681e+01
9292	-6.544802e+01
9293	-7.471951e+01
9294	-7.359844e+01
9295	-7.293847e+01
9296	-7.290923e+01
9297	-7.631056e+01
9298	-7.737432e+01
9299	-7.580460e+01
9300	-7.336959e+01
9301	-7.182373e+01
9302	-7.138488e+01
9303	-7.098735e+01
9304	-7.656940e+01
9305	-7.253851e+01
9306	-7.032390e+01
9307	-7.459148e+01
9308	-7.273260e+01
9309	-7.472168e+01
9310	-7.311337e+01
9311	-7.140150e+01
9312	-7.239503e+01
9313	-7.078527e+01
9314	-7.424777e+01
9315	-7.234821e+01
9316	-7.431826e+01
9317	-7.532711e+01
9318	-7.391417e+01
9319	-7.410477e+01
9320	-7.160496e+01
9321	-7.231239e+01
9322	-7.177814e+01
9323	-7.470845e+01
9324	-7.406120e+01
9325	-7.176289e+01
9326	-7.703172e+01
9327	-7.477130e+01
9328	-7.190023e+01
9329	-7.442901e+01
9330	-6.849512e+01
9331	-7.053694e+01
9332	-7.571184e+01
9333	-7.381516e+01
9334	-7.302448e+01
9335	-7.287666e+01
9336	-7.570320e+01
9337	-7.482726e+01
9338	-7.333933e+01
9339	-7.260054e+01
9340	-7.756036e+01
9341	-7.561339e+01
9342	-7.734430e+01
9343	-7.097346e+01
9344	-7.266567e+01
9345	-7.357130e+01
9346	-7.356775e+01
9347	-7.542820e+01
9348	-7.015877e+01
9349	-7.206380e+01
9350	-7.177163e+01
9351	-7.248732e+01
9352	-7.369941e+01
9353	-7.472764e+01
9354	-7.063827e+01
9355	-7.059098e+01
9356	-7.619097e+01
9357	-7.078624e+01
9358	-6.980628e+01
9359	-7.216694e+01
9360	-7.302370e+01
9361	-7.328806e+01
9362	-7.157676e+01
9363	-6.862218e+01
9364	-7.276206e+01
9365	-7.036107e+01
9366	-7.334218e+01
9367	-7.270671e+01
9368	-6.925719e+01
9369	-6.939954e+01
9370	-7.590914e+01
9371	-6.915842e+01
9372	-7.258995e+01
9373	-7.209101e+01
9374	-7.424386e+01
9375	-7.160333e+01
9376	-7.865224e+01
9377	-7.224656e+01
9378	-7.312294e+01
9379	-7.442454e+01
9380	-7.226690e+01
9381	-7.354727e+01
9382	-6.991599e+01
9383	-7.305886e+01
9384	-7.347912e+01
9385	-7.007478e+01
9386	-7.207327e+01
9387	-7.486631e+01
9388	-7.491720e+01
9389	-7.111397e+01
9390	-7.302807e+01
9391	-7.623768e+01
9392	-7.358925e+01
9393	-7.478689e+01
9394	-7.228051e+01
9395	-7.495143e+01
9396	-7.250949e+01
9397	-7.090802e+01
9398	-7.389603e+01
9399	-7.486441e+01
9400	-7.403463e+01
9401	-7.419570e+01
9402	-7.059944e+01
9403	-7.155811e+01
9404	-7.196917e+01
9405	-7.421042e+01
9406	-7.389333e+01
9407	-7.594334e+01
9408	-6.941645e+01
9409	-6.955746e+01
9410	-6.931132e+01
9411	-7.368255e+01
9412	-7.377128e+01
9413	-6.861174e+01
9414	-7.372578e+01
9415	-7.464410e+01
9416	-7.483895e+01
9417	-7.204996e+01
9418	-7.310975e+01
9419	-7.223363e+01
9420	-7.276394e+01
9421	-7.452084e+01
9422	-7.483560e+01
9423	-7.411033e+01
9424	-7.588447e+01
9425	-7.165394e+01
9426	-7.643240e+01
9427	-7.123505e+01
9428	-6.779862e+01
9429	-7.013262e+01
9430	-7.532259e+01
9431	-7.309781e+01
9432	-7.582456e+01
9433	-7.313639e+01
9434	-7.396878e+01
9435	-7.327438e+01
9436	-7.270911e+01
9437	-7.554710e+01
9438	-7.606851e+01
9439	-7.711514e+01
9440	-7.569769e+01
9441	-7.339632e+01
9442	-7.643960e+01
9443	-7.420497e+01
9444	-7.703817e+01
9445	-7.607027e+01
9446	-7.230014e+01
9447	-7.708405e+01
9448	-7.679373e+01
9449	-7.458473e+01
9450	-7.339778e+01
9451	-7.127591e+01
9452	-7.327199e+01
9453	-7.482542e+01
9454	-7.199872e+01
9455	-7.136973e+01
9456	-7.480811e+01
9457	-7.298275e+01
9458	-7.630987e+01
9459	-7.010936e+01
9460	-7.379059e+01
9461	-7.804966e+01
9462	-7.278108e+01
9463	-7.081464e+01
9464	-7.291511e+01
9465	-7.167948e+01
9466	-7.428530e+01
9467	-6.914838e+01
9468	-7.557517e+01
9469	-6.888130e+01
9470	-7.021108e+01
9471	-7.299782e+01
9472	-7.442066e+01
9473	-7.683274e+01
9474	-7.463946e+01
9475	-6.973804e+01
9476	-7.139270e+01
9477	-7.259296e+01
9478	-6.853696e+01
9479	-7.458246e+01
9480	-7.412753e+01
9481	-7.285140e+01
9482	-7.386492e+01
9483	-7.134023e+01
9484	-7.142922e+01
9485	-7.545373e+01
9486	-7.311420e+01
9487	-7.268289e+01
9488	-7.591031e+01
9489	-7.190657e+01
9490	-7.400419e+01
9491	-7.096370e+01
9492	-7.552841e+01
9493	-6.996828e+01
9494	-7.034294e+01
9495	-7.282869e+01
9496	-7.360106e+01
9497	-7.232593e+01
9498	-7.602828e+01
9499	-7.605852e+01
9500	-6.945738e+01
9501	-7.589318e+01
9502	-7.354137e+01
9503	-7.392236e+01
9504	-7.506717e+01
9505	-7.189438e+01
9506	-7.367956e+01
9507	-7.205987e+01
9508	-7.426223e+01
9509	-7.363151e+01
9510	-7.616952e+01
9511	-7.780557e+01
9512	-7.164695e+01
9513	-7.796638e+01
9514	-7.628412e+01
9515	-7.157988e+01
9516	-7.052267e+01
9517	-7.412757e+01
9518	-7.184794e+01
9519	-7.222903e+01
9520	-7.598088e+01
9521	-7.002596e+01
9522	-7.427495e+01
9523	-7.458983e+01
9524	-7.456184e+01
9525	-7.153395e+01
9526	-7.171550e+01
9527	-7.174674e+01
9528	-7.517339e+01
9529	-7.464005e+01
9530	-7.268138e+01
9531	-7.134479e+01
9532	-7.462551e+01
9533	-7.010158e+01
9534	-7.495208e+01
9535	-7.370319e+01
9536	-7.491007e+01
9537	-7.271976e+01
9538	-7.360270e+01
9539	-7.447314e+01
9540	-7.308105e+01
9541	-7.630326e+01
9542	-7.148680e+01
9543	-7.254037e+01
9544	-7.227426e+01
9545	-7.244553e+01
9546	-7.554144e+01
9547	-7.339632e+01
9548	-6.934337e+01
9549	-7.609589e+01
9550	-7.567610e+01
9551	-7.640739e+01
9552	-7.328618e+01
9553	-6.867376e+01
9554	-7.635213e+01
9555	-7.324859e+01
9556	-7.149322e+01
9557	-7.157254e+01
9558	-7.247758e+01
9559	-7.271290e+01
9560	-7.690503e+01
9561	-7.377886e+01
9562	-7.307720e+01
9563	-7.130381e+01
9564	-7.002351e+01
9565	-7.334352e+01
9566	-7.457668e+01
9567	-7.085431e+01
9568	-7.070403e+01
9569	-7.162115e+01
9570	-7.292287e+01
9571	-7.572657e+01
9572	-7.279422e+01
9573	-6.900097e+01
9574	-7.471400e+01
9575	-7.348840e+01
9576	-7.162428e+01
9577	-7.166237e+01
9578	-7.169739e+01
9579	-7.112347e+01
9580	-7.264008e+01
9581	-7.645323e+01
9582	-7.504197e+01
9583	-7.357527e+01
9584	-7.334617e+01
9585	-7.430139e+01
9586	-7.321879e+01
9587	-7.520861e+01
9588	-7.122529e+01
9589	-7.165622e+01
9590	-7.165524e+01
9591	-7.103659e+01
9592	-7.649917e+01
9593	-7.421793e+01
9594	-7.498059e+01
9595	-7.247472e+01
9596	-7.445023e+01
9597	-7.724250e+01
9598	-7.195608e+01
9599	-7.389350e+01
9600	-7.309826e+01
9601	-7.589793e+01
9602	-7.428905e+01
9603	-7.489874e+01
9604	-7.463530e+01
9605	-7.189092e+01
9606	-7.300600e+01
9607	-7.104092e+01
9608	-7.017825e+01
9609	-7.391894e+01
9610	-7.192066e+01
9611	-7.585957e+01
9612	-7.358636e+01
9613	-7.664411e+01
9614	-7.277585e+01
9615	-7.479544e+01
9616	-7.046904e+01
9617	-7.692476e+01
9618	-7.305647e+01
9619	-6.848111e+01
9620	-7.377163e+01
9621	-7.272786e+01
9622	-7.454147e+01
9623	-6.983895e+01
9624	-7.430201e+01
9625	-7.511933e+01
9626	-7.402679e+01
9627	-7.519320e+01
9628	-7.158290e+01
9629	-7.403189e+01
9630	-7.284171e+01
9631	-7.183592e+01
9632	-7.157265e+01
9633	-7.557889e+01
9634	-7.110439e+01
9635	-7.856895e+01
9636	-7.712065e+01
9637	-7.085530e+01
9638	-7.357675e+01
9639	-7.190262e+01
9640	-7.197326e+01
9641	-6.832572e+01
9642	-7.335557e+01
9643	-7.098820e+01
9644	-7.011048e+01
9645	-7.328325e+01
9646	-7.264714e+01
9647	-7.334535e+01
9648	-7.354935e+01
9649	-7.283822e+01
9650	-7.088163e+01
9651	-7.271125e+01
9652	-7.239478e+01
9653	-7.426861e+01
9654	-7.436833e+01
9655	-7.403827e+01
9656	-7.091121e+01
9657	-7.543011e+01
9658	-7.500365e+01
9659	-7.307843e+01
9660	-7.024060e+01
9661	-7.498930e+01
9662	-7.285181e+01
9663	-7.434814e+01
9664	-7.878778e+01
9665	-7.292290e+01
9666	-7.110175e+01
9667	-7.312284e+01
9668	-7.406288e+01
9669	-7.171566e+01
9670	-7.363104e+01
9671	-7.340061e+01
9672	-7.207297e+01
9673	-7.522202e+01
9674	-7.139416e+01
9675	-7.519180e+01
9676	-7.429508e+01
9677	-7.478543e+01
9678	-7.141718e+01
9679	-7.418601e+01
9680	-7.304971e+01
9681	-7.248794e+01
9682	-7.558214e+01
9683	-7.247537e+01
9684	-7.163035e+01
9685	-7.158867e+01
9686	-7.321618e+01
9687	-7.414979e+01
9688	-6.785941e+01
9689	-7.467741e+01
9690	-7.274346e+01
9691	-7.231928e+01
9692	-7.312861e+01
9693	-7.337285e+01
9694	-7.311949e+01
9695	-7.599594e+01
9696	-7.286792e+01
9697	-7.433558e+01
9698	-7.320704e+01
9699	-7.120929e+01
9700	-7.337948e+01
9701	-7.274831e+01
9702	-7.405241e+01
9703	-7.333793e+01
9704	-7.413040e+01
9705	-7.490645e+01
9706	-7.670348e+01
9707	-7.213204e+01
9708	-7.565055e+01
9709	-6.957467e+01
9710	-7.231188e+01
9711	-7.172513e+01
9712	-7.306559e+01
9713	-7.139634e+01
9714	-7.305639e+01
9715	-7.233715e+01
9716	-7.571656e+01
9717	-7.062928e+01
9718	-7.668454e+01
9719	-7.600459e+01
9720	-7.321891e+01
9721	-7.204606e+01
9722	-7.400083e+01
9723	-7.164544e+01
9724	-7.195465e+01
9725	-7.351018e+01
9726	-7.139741e+01
9727	-7.051835e+01
9728	-7.295285e+01
9729	-7.314214e+01
9730	-7.655630e+01
9731	-7.486431e+01
9732	-7.038933e+01
9733	-7.169029e+01
9734	-7.254412e+01
9735	-7.586861e+01
9736	-7.315608e+01
9737	-7.058033e+01
9738	-7.081002e+01
9739	-6.996603e+01
9740	-7.418785e+01
9741	-7.442782e+01
9742	-7.469946e+01
9743	-7.216502e+01
9744	-7.578077e+01
9745	-7.375666e+01
9746	-7.281968e+01
9747	-7.143966e+01
9748	-7.854485e+01
9749	-7.637335e+01
9750	-7.192708e+01
9751	-7.353838e+01
9752	-7.365187e+01
9753	-7.376759e+01
9754	-7.323098e+01
9755	-7.549890e+01
9756	-7.326743e+01
9757	-7.768743e+01
9758	-7.281930e+01
9759	-7.383335e+01
9760	-7.415453e+01
9761	-7.317238e+01
9762	-6.876251e+01
9763	-7.421900e+01
9764	-7.316035e+01
9765	-7.240332e+01
9766	-7.388190e+01
9767	-7.217972e+01
9768	-7.501195e+01
9769	-7.517300e+01
9770	-7.153495e+01
9771	-6.999848e+01
9772	-7.055721e+01
9773	-7.188303e+01
9774	-7.577812e+01
9775	-7.446288e+01
9776	-7.465405e+01
9777	-7.447421e+01
9778	-7.439754e+01
9779	-7.128477e+01
9780	-7.279522e+01
9781	-7.547081e+01
9782	-7.279757e+01
9783	-7.477469e+01
9784	-7.307914e+01
9785	-7.414595e+01
9786	-7.135371e+01
9787	-7.420210e+01
9788	-7.004217e+01
9789	-7.392234e+01
9790	-7.062279e+01
9791	-7.543879e+01
9792	-7.046360e+01
9793	-7.263281e+01
9794	-7.193405e+01
9795	-7.439354e+01
9796	-7.340030e+01
9797	-6.867112e+01
9798	-7.146411e+01
9799	-7.630404e+01
9800	-7.060193e+01
9801	-6.987951e+01
9802	-7.342384e+01
9803	-7.413997e+01
9804	-7.495995e+01
9805	-7.471311e+01
9806	-7.433218e+01
9807	-7.583506e+01
9808	-7.717837e+01
9809	-7.363073e+01
9810	-7.390358e+01
9811	-7.591261e+01
9812	-7.282322e+01
9813	-7.653673e+01
9814	-7.403309e+01
9815	-6.841752e+01
9816	-7.379520e+01
9817	-7.714637e+01
9818	-7.333782e+01
9819	-7.252104e+01
9820	-7.469611e+01
9821	-7.411408e+01
9822	-7.070397e+01
9823	-7.267809e+01
9824	-7.172990e+01
9825	-7.309810e+01
9826	-7.105394e+01
9827	-7.185143e+01
9828	-7.176618e+01
9829	-7.665532e+01
9830	-7.605929e+01
9831	-7.360505e+01
9832	-7.570668e+01
9833	-7.029686e+01
9834	-7.577172e+01
9835	-7.471533e+01
9836	-7.457212e+01
9837	-7.490857e+01
9838	-7.455673e+01
9839	-7.229447e+01
9840	-7.801057e+01
9841	-7.076746e+01
9842	-6.978177e+01
9843	-7.195109e+01
9844	-7.176503e+01
9845	-7.351796e+01
9846	-7.315933e+01
9847	-7.673186e+01
9848	-7.213733e+01
9849	-7.503878e+01
9850	-7.368192e+01
9851	-7.570902e+01
9852	-7.118891e+01
9853	-7.556233e+01
9854	-7.342488e+01
9855	-6.977860e+01
9856	-7.087403e+01
9857	-7.408487e+01
9858	-6.901212e+01
9859	-7.270953e+01
9860	-7.426404e+01
9861	-7.549541e+01
9862	-7.484814e+01
9863	-7.119611e+01
9864	-7.588130e+01
9865	-7.216329e+01
9866	-7.306462e+01
9867	-7.517299e+01
9868	-7.276859e+01
9869	-7.677834e+01
9870	-7.383123e+01
9871	-7.544052e+01
9872	-7.398231e+01
9873	-6.919716e+01
9874	-7.517898e+01
9875	-6.954441e+01
9876	-7.183383e+01
9877	-7.739363e+01
9878	-7.140387e+01
9879	-7.320055e+01
9880	-7.403929e+01
9881	-7.071474e+01
9882	-7.224487e+01
9883	-7.253979e+01
9884	-7.573423e+01
9885	-7.704589e+01
9886	-7.382886e+01
9887	-7.397812e+01
9888	-7.511835e+01
9889	-7.163707e+01
9890	-7.336703e+01
9891	-7.344877e+01
9892	-7.287242e+01
9893	-7.429048e+01
9894	-7.164691e+01
9895	-7.355717e+01
9896	-7.364705e+01
9897	-7.680284e+01
9898	-7.555724e+01
9899	-7.499067e+01
9900	-7.348827e+01
9901	-7.401994e+01
9902	-7.493568e+01
9903	-7.412378e+01
9904	-7.046192e+01
9905	-7.145254e+01
9906	-7.332960e+01
9907	-7.549539e+01
9908	-7.215818e+01
9909	-7.448447e+01
9910	-7.215453e+01
9911	-7.169863e+01
9912	-7.111365e+01
9913	-7.378917e+01
9914	-7.289064e+01
9915	-7.383332e+01
9916	-7.165045e+01
9917	-7.499695e+01
9918	-7.292746e+01
9919	-7.375509e+01
9920	-7.319794e+01
9921	-7.120076e+01
9922	-7.358045e+01
9923	-7.456167e+01
9924	-7.487083e+01
9925	-7.329494e+01
9926	-7.415724e+01
9927	-6.951441e+01
9928	-7.290368e+01
9929	-7.443563e+01
9930	-7.056889e+01
9931	-7.347422e+01
9932	-7.445219e+01
9933	-7.445401e+01
9934	-7.292938e+01
9935	-7.396884e+01
9936	-7.104078e+01
9937	-7.054789e+01
9938	-7.235413e+01
9939	-7.450852e+01
9940	-7.167770e+01
9941	-7.213186e+01
9942	-7.023430e+01
9943	-7.360800e+01
9944	-7.483462e+01
9945	-7.325191e+01
9946	-6.933777e+01
9947	-7.340715e+01
9948	-7.513049e+01
9949	-7.666793e+01
9950	-7.073421e+01
9951	-7.397839e+01
9952	-7.433195e+01
9953	-7.029042e+01
9954	-7.434586e+01
9955	-7.285996e+01
9956	-7.185841e+01
9957	-7.264736e+01
9958	-7.459935e+01
9959	-7.240123e+01
9960	-7.199567e+01
9961	-7.331712e+01
9962	-7.529757e+01
9963	-7.253615e+01
9964	-7.485752e+01
9965	-7.352979e+01
9966	-7.286674e+01
9967	-7.278055e+01
9968	-6.883126e+01
9969	-7.425603e+01
9970	-7.416743e+01
9971	-7.339244e+01
9972	-7.363178e+01
9973	-7.572560e+01
9974	-7.410796e+01
9975	-7.263102e+01
9976	-7.343416e+01
9977	-7.305988e+01
9978	-7.375915e+01
9979	-7.166902e+01
9980	-7.574357e+01
9981	-7.520622e+01
9982	-7.318536e+01
9983	-7.233231e+01
9984	-7.240133e+01
9985	-7.313942e+01
9986	-7.550422e+01
9987	-6.899777e+01
9988	-7.347913e+01
9989	-7.362957e+01
9990	-7.228584e+01
9991	-7.388836e+01
9992	-7.372513e+01
9993	-7.375479e+01
9994	-7.413954e+01
9995	-7.114423e+01
9996	-7.413863e+01
9997	-7.715173e+01
9998	-7.129342e+01
9999	-7.594019e+01
10000	-7.247442e+01
