iteration	loss
0	0.000000e+00
1	-9.332837e+00
2	-1.878880e+01
3	-2.574885e+01
4	-3.258167e+01
5	-3.926057e+01
6	-4.318533e+01
7	-4.813011e+01
8	-5.245571e+01
9	-5.585359e+01
10	-5.957178e+01
11	-6.070550e+01
12	-6.499204e+01
13	-6.643785e+01
14	-6.786443e+01
15	-6.617049e+01
16	-6.959150e+01
17	-7.092025e+01
18	-7.045065e+01
19	-7.158574e+01
20	-6.916160e+01
21	-7.319713e+01
22	-6.759591e+01
23	-7.444885e+01
24	-7.223221e+01
25	-7.105372e+01
26	-7.062366e+01
27	-6.850260e+01
28	-7.220927e+01
29	-7.019073e+01
30	-7.165389e+01
31	-7.228445e+01
32	-7.183993e+01
33	-6.967667e+01
34	-6.856005e+01
35	-7.323652e+01
36	-7.236434e+01
37	-6.903046e+01
38	-7.082236e+01
39	-7.331479e+01
40	-7.082112e+01
41	-7.017956e+01
42	-7.379620e+01
43	-7.385322e+01
44	-7.207614e+01
45	-7.183992e+01
46	-7.123937e+01
47	-7.235441e+01
48	-7.171785e+01
49	-7.225999e+01
50	-7.311960e+01
51	-7.669944e+01
52	-7.491548e+01
53	-7.457100e+01
54	-7.350112e+01
55	-7.262171e+01
56	-7.633773e+01
57	-7.276806e+01
58	-7.252169e+01
59	-7.205507e+01
60	-7.243700e+01
61	-7.442548e+01
62	-7.394642e+01
63	-7.575047e+01
64	-7.605929e+01
65	-6.918891e+01
66	-7.224900e+01
67	-6.915869e+01
68	-7.113338e+01
69	-7.120253e+01
70	-7.435923e+01
71	-7.395252e+01
72	-7.163301e+01
73	-7.218807e+01
74	-7.287258e+01
75	-7.414300e+01
76	-7.562289e+01
77	-7.191123e+01
78	-7.278387e+01
79	-7.280041e+01
80	-7.525391e+01
81	-7.368131e+01
82	-7.369105e+01
83	-7.056702e+01
84	-7.763503e+01
85	-7.036709e+01
86	-7.148291e+01
87	-7.379366e+01
88	-6.996199e+01
89	-7.217966e+01
90	-6.928329e+01
91	-7.752928e+01
92	-7.278813e+01
93	-7.058991e+01
94	-7.160832e+01
95	-7.462071e+01
96	-6.955416e+01
97	-7.087872e+01
98	-7.254642e+01
99	-7.522530e+01
100	-7.005418e+01
101	-7.171837e+01
102	-7.815459e+01
103	-7.348067e+01
104	-7.556262e+01
105	-7.133975e+01
106	-7.241014e+01
107	-7.203642e+01
108	-7.037558e+01
109	-7.500334e+01
110	-7.409125e+01
111	-7.553083e+01
112	-6.784024e+01
113	-7.315049e+01
114	-7.316609e+01
115	-7.281504e+01
116	-7.542748e+01
117	-7.250620e+01
118	-7.242721e+01
119	-7.396090e+01
120	-7.934841e+01
121	-6.962809e+01
122	-7.412330e+01
123	-7.693295e+01
124	-7.110996e+01
125	-7.268591e+01
126	-7.445907e+01
127	-7.180637e+01
128	-7.390938e+01
129	-7.382370e+01
130	-7.371367e+01
131	-7.331144e+01
132	-7.195587e+01
133	-7.399719e+01
134	-7.073907e+01
135	-7.487676e+01
136	-7.130859e+01
137	-6.922783e+01
138	-7.443024e+01
139	-7.637859e+01
140	-7.293850e+01
141	-7.429249e+01
142	-7.015711e+01
143	-6.933952e+01
144	-7.493904e+01
145	-7.252277e+01
146	-7.310810e+01
147	-7.468028e+01
148	-7.461035e+01
149	-7.723637e+01
150	-7.440471e+01
151	-7.524960e+01
152	-7.526704e+01
153	-7.388250e+01
154	-7.599606e+01
155	-7.542942e+01
156	-7.882613e+01
157	-7.122436e+01
158	-7.701285e+01
159	-7.732352e+01
160	-7.265731e+01
161	-7.510198e+01
162	-6.999588e+01
163	-7.480682e+01
164	-7.211405e+01
165	-7.663907e+01
166	-7.114350e+01
167	-7.332600e+01
168	-7.010691e+01
169	-7.476569e+01
170	-7.089243e+01
171	-7.153931e+01
172	-7.147572e+01
173	-7.171691e+01
174	-6.869500e+01
175	-7.400436e+01
176	-7.504655e+01
177	-7.235025e+01
178	-7.264365e+01
179	-7.315214e+01
180	-7.375089e+01
181	-7.394854e+01
182	-7.048140e+01
183	-7.415372e+01
184	-7.431948e+01
185	-7.213244e+01
186	-7.298706e+01
187	-7.215759e+01
188	-7.890747e+01
189	-7.352338e+01
190	-7.417183e+01
191	-7.235417e+01
192	-7.388167e+01
193	-7.170029e+01
194	-7.322935e+01
195	-7.686743e+01
196	-7.045819e+01
197	-7.436478e+01
198	-7.186385e+01
199	-7.285900e+01
200	-7.230310e+01
201	-7.279550e+01
202	-7.846503e+01
203	-7.466770e+01
204	-7.157592e+01
205	-7.154018e+01
206	-7.431183e+01
207	-7.599166e+01
208	-7.719961e+01
209	-7.291839e+01
210	-7.105673e+01
211	-7.090138e+01
212	-7.456989e+01
213	-7.661489e+01
214	-7.196352e+01
215	-7.444447e+01
216	-6.990537e+01
217	-7.625713e+01
218	-7.378900e+01
219	-7.348957e+01
220	-7.324575e+01
221	-7.400343e+01
222	-7.235957e+01
223	-7.411208e+01
224	-7.356164e+01
225	-7.253679e+01
226	-7.119865e+01
227	-7.221545e+01
228	-7.336915e+01
229	-7.294273e+01
230	-7.497878e+01
231	-7.440373e+01
232	-7.439009e+01
233	-7.528932e+01
234	-7.039854e+01
235	-7.077465e+01
236	-7.400157e+01
237	-6.907786e+01
238	-7.248731e+01
239	-7.409298e+01
240	-7.631739e+01
241	-7.341637e+01
242	-7.447852e+01
243	-7.193004e+01
244	-7.414338e+01
245	-6.992945e+01
246	-7.521099e+01
247	-7.893073e+01
248	-7.186917e+01
249	-7.324536e+01
250	-7.504785e+01
251	-7.066180e+01
252	-7.263133e+01
253	-7.484675e+01
254	-7.314376e+01
255	-7.685392e+01
256	-7.201996e+01
257	-7.502772e+01
258	-7.129648e+01
259	-7.531711e+01
260	-7.769376e+01
261	-7.626455e+01
262	-7.285539e+01
263	-6.993352e+01
264	-7.288885e+01
265	-7.230941e+01
266	-7.473625e+01
267	-7.239209e+01
268	-7.618706e+01
269	-7.158870e+01
270	-7.309238e+01
271	-7.178144e+01
272	-7.632821e+01
273	-7.315351e+01
274	-7.095048e+01
275	-7.297011e+01
276	-7.302921e+01
277	-7.377745e+01
278	-7.020319e+01
279	-6.972078e+01
280	-7.288536e+01
281	-7.435232e+01
282	-7.547365e+01
283	-7.266039e+01
284	-7.060244e+01
285	-7.062146e+01
286	-7.449637e+01
287	-7.241451e+01
288	-7.296161e+01
289	-7.343882e+01
290	-7.294838e+01
291	-7.333054e+01
292	-7.386915e+01
293	-7.283542e+01
294	-7.288332e+01
295	-7.324894e+01
296	-7.241541e+01
297	-7.523252e+01
298	-7.677102e+01
299	-7.243456e+01
300	-7.191879e+01
301	-7.568535e+01
302	-7.356305e+01
303	-7.207085e+01
304	-7.262532e+01
305	-7.110644e+01
306	-7.059928e+01
307	-7.261587e+01
308	-7.428774e+01
309	-7.570413e+01
310	-7.282041e+01
311	-7.192214e+01
312	-7.397461e+01
313	-7.469810e+01
314	-7.415985e+01
315	-7.137361e+01
316	-7.754392e+01
317	-7.372140e+01
318	-7.391087e+01
319	-7.458325e+01
320	-7.532140e+01
321	-7.805251e+01
322	-7.366782e+01
323	-7.296350e+01
324	-7.264963e+01
325	-7.528333e+01
326	-7.482510e+01
327	-7.176675e+01
328	-7.310177e+01
329	-7.038109e+01
330	-7.186732e+01
331	-7.176168e+01
332	-7.246664e+01
333	-7.246410e+01
334	-7.177739e+01
335	-7.247605e+01
336	-7.417463e+01
337	-7.685137e+01
338	-7.625626e+01
339	-7.437921e+01
340	-7.153371e+01
341	-7.107944e+01
342	-7.432206e+01
343	-7.004841e+01
344	-7.378811e+01
345	-7.688594e+01
346	-7.246977e+01
347	-7.281840e+01
348	-7.269995e+01
349	-7.284717e+01
350	-7.412280e+01
351	-7.274605e+01
352	-7.396850e+01
353	-7.365351e+01
354	-7.478208e+01
355	-7.488572e+01
356	-7.663482e+01
357	-7.317709e+01
358	-6.854513e+01
359	-7.493871e+01
360	-7.213798e+01
361	-7.356408e+01
362	-7.111697e+01
363	-7.436355e+01
364	-7.436758e+01
365	-7.191063e+01
366	-6.991307e+01
367	-7.437418e+01
368	-7.237483e+01
369	-7.568430e+01
370	-7.697878e+01
371	-7.477010e+01
372	-7.501663e+01
373	-7.478461e+01
374	-7.329770e+01
375	-7.443031e+01
376	-7.328597e+01
377	-7.283273e+01
378	-7.636504e+01
379	-7.516901e+01
380	-7.059944e+01
381	-7.082738e+01
382	-7.064867e+01
383	-7.069530e+01
384	-7.303194e+01
385	-7.273626e+01
386	-7.432637e+01
387	-7.557633e+01
388	-7.254439e+01
389	-6.968276e+01
390	-7.458342e+01
391	-7.740421e+01
392	-7.336023e+01
393	-7.195473e+01
394	-7.396718e+01
395	-7.471376e+01
396	-7.121861e+01
397	-7.157434e+01
398	-7.113453e+01
399	-7.210262e+01
400	-7.196682e+01
401	-7.537567e+01
402	-7.245262e+01
403	-7.210278e+01
404	-7.171781e+01
405	-7.118574e+01
406	-7.131049e+01
407	-7.332305e+01
408	-7.529052e+01
409	-7.654955e+01
410	-7.119850e+01
411	-7.472410e+01
412	-7.360379e+01
413	-7.252062e+01
414	-7.115441e+01
415	-7.196041e+01
416	-7.185815e+01
417	-7.358725e+01
418	-7.282773e+01
419	-7.206972e+01
420	-7.228982e+01
421	-7.165468e+01
422	-7.294061e+01
423	-7.463049e+01
424	-7.247451e+01
425	-7.164689e+01
426	-7.344794e+01
427	-6.969593e+01
428	-7.038946e+01
429	-7.344863e+01
430	-7.235868e+01
431	-7.240676e+01
432	-7.584611e+01
433	-7.320189e+01
434	-7.474924e+01
435	-7.566373e+01
436	-7.355757e+01
437	-7.580687e+01
438	-7.334367e+01
439	-6.802937e+01
440	-7.266410e+01
441	-6.920691e+01
442	-7.471439e+01
443	-7.299632e+01
444	-7.161907e+01
445	-7.202223e+01
446	-7.369415e+01
447	-7.453999e+01
448	-7.118335e+01
449	-7.825353e+01
450	-7.538614e+01
451	-7.405267e+01
452	-7.425742e+01
453	-7.279955e+01
454	-7.647539e+01
455	-7.355683e+01
456	-7.286258e+01
457	-7.155485e+01
458	-7.276180e+01
459	-7.392779e+01
460	-7.492362e+01
461	-7.619299e+01
462	-7.150651e+01
463	-6.940990e+01
464	-7.159524e+01
465	-7.582294e+01
466	-7.419374e+01
467	-7.393150e+01
468	-7.226178e+01
469	-7.199002e+01
470	-7.432854e+01
471	-7.192637e+01
472	-7.131890e+01
473	-7.350614e+01
474	-7.183815e+01
475	-7.449813e+01
476	-7.377024e+01
477	-7.385971e+01
478	-7.517019e+01
479	-7.443679e+01
480	-7.349625e+01
481	-7.476357e+01
482	-7.257257e+01
483	-7.827428e+01
484	-7.225236e+01
485	-7.310612e+01
486	-6.890747e+01
487	-7.414707e+01
488	-7.436478e+01
489	-7.518852e+01
490	-7.137291e+01
491	-7.020465e+01
492	-7.355621e+01
493	-6.878923e+01
494	-7.536825e+01
495	-7.261001e+01
496	-7.667215e+01
497	-7.140232e+01
498	-7.631444e+01
499	-7.301096e+01
500	-7.077132e+01
501	-7.581560e+01
502	-7.224431e+01
503	-7.206308e+01
504	-7.311229e+01
505	-7.495060e+01
506	-6.914724e+01
507	-7.356424e+01
508	-7.136753e+01
509	-7.244624e+01
510	-7.019062e+01
511	-7.698483e+01
512	-7.225118e+01
513	-7.443697e+01
514	-7.486582e+01
515	-7.525429e+01
516	-7.089399e+01
517	-7.231441e+01
518	-7.391433e+01
519	-7.143783e+01
520	-7.405454e+01
521	-7.527666e+01
522	-7.225913e+01
523	-7.675452e+01
524	-7.477341e+01
525	-7.405982e+01
526	-7.310429e+01
527	-7.575004e+01
528	-7.305597e+01
529	-7.562365e+01
530	-7.091027e+01
531	-7.322814e+01
532	-7.438917e+01
533	-6.961014e+01
534	-7.763757e+01
535	-7.451594e+01
536	-7.215809e+01
537	-7.275319e+01
538	-7.423134e+01
539	-7.347463e+01
540	-7.332960e+01
541	-7.454718e+01
542	-7.506489e+01
543	-7.357086e+01
544	-7.322398e+01
545	-7.015155e+01
546	-7.746076e+01
547	-7.197447e+01
548	-7.718064e+01
549	-7.115789e+01
550	-7.276066e+01
551	-7.187724e+01
552	-7.196858e+01
553	-7.303188e+01
554	-7.570089e+01
555	-7.281789e+01
556	-7.130158e+01
557	-7.346608e+01
558	-7.484789e+01
559	-7.074128e+01
560	-7.299092e+01
561	-7.353502e+01
562	-7.416688e+01
563	-7.484844e+01
564	-7.284304e+01
565	-6.883522e+01
566	-7.280408e+01
567	-7.258611e+01
568	-7.319156e+01
569	-7.360413e+01
570	-7.478757e+01
571	-7.385132e+01
572	-7.300804e+01
573	-7.533355e+01
574	-7.013521e+01
575	-7.371114e+01
576	-7.390636e+01
577	-7.249359e+01
578	-7.174376e+01
579	-7.710153e+01
580	-7.288907e+01
581	-7.421644e+01
582	-7.207422e+01
583	-7.026604e+01
584	-7.186605e+01
585	-7.383963e+01
586	-7.379937e+01
587	-7.394961e+01
588	-7.289783e+01
589	-7.667561e+01
590	-7.619290e+01
591	-7.316594e+01
592	-7.376611e+01
593	-7.487459e+01
594	-7.443838e+01
595	-7.265422e+01
596	-6.938480e+01
597	-7.386023e+01
598	-7.224760e+01
599	-7.184558e+01
600	-7.442078e+01
601	-7.510124e+01
602	-7.135199e+01
603	-7.125118e+01
604	-7.152418e+01
605	-7.275573e+01
606	-7.434609e+01
607	-7.278781e+01
608	-7.182045e+01
609	-7.590427e+01
610	-7.449795e+01
611	-7.478262e+01
612	-7.225068e+01
613	-7.249817e+01
614	-7.062307e+01
615	-6.890074e+01
616	-7.295694e+01
617	-7.346588e+01
618	-7.137628e+01
619	-7.387565e+01
620	-7.361660e+01
621	-7.375363e+01
622	-7.331032e+01
623	-7.370029e+01
624	-7.134848e+01
625	-7.199870e+01
626	-7.530536e+01
627	-7.534184e+01
628	-7.618337e+01
629	-7.515176e+01
630	-7.753467e+01
631	-7.169397e+01
632	-7.412479e+01
633	-7.347250e+01
634	-7.454960e+01
635	-7.603271e+01
636	-7.454497e+01
637	-7.304860e+01
638	-7.083690e+01
639	-7.405810e+01
640	-7.586922e+01
641	-7.368833e+01
642	-6.908330e+01
643	-7.155274e+01
644	-7.487868e+01
645	-7.446703e+01
646	-7.239759e+01
647	-7.356936e+01
648	-7.315169e+01
649	-7.319714e+01
650	-7.291621e+01
651	-7.182487e+01
652	-7.392513e+01
653	-7.344514e+01
654	-7.361833e+01
655	-7.282928e+01
656	-7.230835e+01
657	-7.075787e+01
658	-7.103407e+01
659	-7.506910e+01
660	-6.991334e+01
661	-7.433048e+01
662	-7.308958e+01
663	-7.547547e+01
664	-7.175151e+01
665	-7.147293e+01
666	-7.517450e+01
667	-7.318227e+01
668	-7.261210e+01
669	-7.201734e+01
670	-7.170174e+01
671	-7.221397e+01
672	-7.570659e+01
673	-7.342162e+01
674	-7.149328e+01
675	-7.354375e+01
676	-7.311732e+01
677	-7.858452e+01
678	-7.008268e+01
679	-7.300230e+01
680	-7.006322e+01
681	-7.533672e+01
682	-7.321096e+01
683	-7.178674e+01
684	-7.371736e+01
685	-7.222305e+01
686	-7.317352e+01
687	-7.148346e+01
688	-7.267551e+01
689	-7.311553e+01
690	-6.937843e+01
691	-7.585606e+01
692	-6.909862e+01
693	-7.217093e+01
694	-7.417814e+01
695	-6.985773e+01
696	-7.226269e+01
697	-7.313351e+01
698	-7.741051e+01
699	-7.310025e+01
700	-7.300020e+01
701	-7.645946e+01
702	-7.537028e+01
703	-7.159516e+01
704	-7.330375e+01
705	-7.460792e+01
706	-7.547520e+01
707	-7.475911e+01
708	-7.287390e+01
709	-7.184358e+01
710	-7.294716e+01
711	-7.302302e+01
712	-7.268088e+01
713	-7.309991e+01
714	-7.281434e+01
715	-7.609812e+01
716	-7.505976e+01
717	-7.619095e+01
718	-7.084209e+01
719	-7.113155e+01
720	-7.290620e+01
721	-7.533602e+01
722	-7.445106e+01
723	-7.334304e+01
724	-7.325656e+01
725	-7.460069e+01
726	-7.314744e+01
727	-7.184109e+01
728	-7.134909e+01
729	-7.039674e+01
730	-7.657715e+01
731	-7.246117e+01
732	-7.501759e+01
733	-7.258785e+01
734	-7.523502e+01
735	-7.338614e+01
736	-7.240974e+01
737	-7.289332e+01
738	-7.514460e+01
739	-7.431419e+01
740	-7.414242e+01
741	-7.445803e+01
742	-7.509619e+01
743	-7.621971e+01
744	-7.612660e+01
745	-7.341413e+01
746	-7.341502e+01
747	-7.670167e+01
748	-7.120756e+01
749	-7.293858e+01
750	-7.211262e+01
751	-7.310197e+01
752	-7.298067e+01
753	-7.281981e+01
754	-7.277805e+01
755	-7.231249e+01
756	-7.165977e+01
757	-7.488808e+01
758	-7.349230e+01
759	-7.311603e+01
760	-7.264691e+01
761	-7.165713e+01
762	-7.422874e+01
763	-7.642599e+01
764	-6.963501e+01
765	-7.537590e+01
766	-7.296222e+01
767	-7.144929e+01
768	-6.992719e+01
769	-7.092519e+01
770	-7.664179e+01
771	-7.508576e+01
772	-7.430039e+01
773	-6.977290e+01
774	-7.272078e+01
775	-7.323404e+01
776	-7.297784e+01
777	-7.314190e+01
778	-7.389560e+01
779	-7.190932e+01
780	-7.201184e+01
781	-7.185571e+01
782	-7.046796e+01
783	-7.437706e+01
784	-7.027990e+01
785	-7.446296e+01
786	-6.981713e+01
787	-7.018403e+01
788	-6.852047e+01
789	-7.181997e+01
790	-7.208127e+01
791	-7.322486e+01
792	-7.438346e+01
793	-7.071211e+01
794	-7.412255e+01
795	-7.279837e+01
796	-7.520203e+01
797	-7.146903e+01
798	-7.486937e+01
799	-7.719264e+01
800	-7.460098e+01
801	-7.611794e+01
802	-7.210591e+01
803	-7.623143e+01
804	-7.788695e+01
805	-7.274655e+01
806	-7.464954e+01
807	-7.374756e+01
808	-7.518291e+01
809	-7.287087e+01
810	-7.376121e+01
811	-7.422322e+01
812	-7.285745e+01
813	-7.250733e+01
814	-7.287655e+01
815	-7.688881e+01
816	-7.060322e+01
817	-7.244923e+01
818	-7.239702e+01
819	-7.170874e+01
820	-7.542498e+01
821	-7.270586e+01
822	-7.352021e+01
823	-7.163731e+01
824	-7.407422e+01
825	-7.618845e+01
826	-7.763783e+01
827	-7.163986e+01
828	-7.374212e+01
829	-7.349046e+01
830	-7.437971e+01
831	-7.454287e+01
832	-7.481531e+01
833	-7.750728e+01
834	-7.239098e+01
835	-7.167367e+01
836	-7.180955e+01
837	-7.611031e+01
838	-7.304074e+01
839	-7.585139e+01
840	-7.176937e+01
841	-6.945844e+01
842	-6.890700e+01
843	-7.485244e+01
844	-7.181983e+01
845	-7.355354e+01
846	-7.624033e+01
847	-7.215311e+01
848	-7.014543e+01
849	-6.904314e+01
850	-7.634571e+01
851	-6.979436e+01
852	-7.770932e+01
853	-7.680694e+01
854	-7.433458e+01
855	-7.259567e+01
856	-7.563263e+01
857	-7.258345e+01
858	-7.510371e+01
859	-7.537368e+01
860	-7.228458e+01
861	-7.208161e+01
862	-7.245256e+01
863	-7.268200e+01
864	-7.395116e+01
865	-7.076763e+01
866	-6.946940e+01
867	-7.295640e+01
868	-7.294579e+01
869	-6.829101e+01
870	-7.444786e+01
871	-7.164650e+01
872	-7.420507e+01
873	-7.466880e+01
874	-6.771686e+01
875	-7.441603e+01
876	-7.203916e+01
877	-7.540411e+01
878	-7.547929e+01
879	-7.606704e+01
880	-7.059048e+01
881	-7.083348e+01
882	-7.424333e+01
883	-7.288711e+01
884	-7.486333e+01
885	-7.239242e+01
886	-7.531248e+01
887	-7.427803e+01
888	-7.341067e+01
889	-7.204023e+01
890	-7.403545e+01
891	-7.116429e+01
892	-7.160596e+01
893	-7.201422e+01
894	-7.569159e+01
895	-7.699922e+01
896	-7.380350e+01
897	-7.279279e+01
898	-7.055212e+01
899	-7.114355e+01
900	-7.085384e+01
901	-7.319005e+01
902	-7.497545e+01
903	-7.335478e+01
904	-7.577483e+01
905	-7.289639e+01
906	-7.115487e+01
907	-7.202956e+01
908	-7.429653e+01
909	-7.509794e+01
910	-7.312416e+01
911	-7.380017e+01
912	-7.493437e+01
913	-7.027068e+01
914	-7.202038e+01
915	-7.287880e+01
916	-7.526386e+01
917	-6.962582e+01
918	-7.293854e+01
919	-7.572093e+01
920	-7.327614e+01
921	-7.344460e+01
922	-7.193758e+01
923	-7.445266e+01
924	-7.423220e+01
925	-7.345649e+01
926	-7.337139e+01
927	-7.462627e+01
928	-7.573180e+01
929	-7.663339e+01
930	-7.491453e+01
931	-7.087060e+01
932	-7.577502e+01
933	-7.567423e+01
934	-7.213638e+01
935	-7.699220e+01
936	-7.253639e+01
937	-7.241831e+01
938	-7.321524e+01
939	-7.208673e+01
940	-7.563209e+01
941	-7.179505e+01
942	-7.437806e+01
943	-7.569624e+01
944	-7.468980e+01
945	-7.739229e+01
946	-7.003062e+01
947	-7.827222e+01
948	-6.977478e+01
949	-7.464039e+01
950	-7.367431e+01
951	-7.230385e+01
952	-7.418344e+01
953	-7.298597e+01
954	-7.600774e+01
955	-7.104941e+01
956	-7.616527e+01
957	-7.301748e+01
958	-7.275651e+01
959	-7.183543e+01
960	-7.324388e+01
961	-7.111915e+01
962	-7.068549e+01
963	-7.616857e+01
964	-7.118745e+01
965	-7.635707e+01
966	-7.449426e+01
967	-7.325713e+01
968	-7.256992e+01
969	-7.408168e+01
970	-7.466962e+01
971	-7.292612e+01
972	-7.603004e+01
973	-7.280122e+01
974	-7.033063e+01
975	-6.785490e+01
976	-7.285386e+01
977	-7.179188e+01
978	-7.107544e+01
979	-7.487654e+01
980	-7.315187e+01
981	-7.340353e+01
982	-7.513055e+01
983	-7.048911e+01
984	-7.272712e+01
985	-7.455590e+01
986	-7.386443e+01
987	-7.177982e+01
988	-7.356712e+01
989	-7.842326e+01
990	-7.717888e+01
991	-7.052463e+01
992	-7.112583e+01
993	-7.555297e+01
994	-6.893870e+01
995	-7.009811e+01
996	-7.425503e+01
997	-7.510704e+01
998	-7.283096e+01
999	-7.215101e+01
1000	-7.471494e+01
1001	-7.633842e+01
1002	-7.351346e+01
1003	-7.220943e+01
1004	-7.657381e+01
1005	-7.223093e+01
1006	-7.123279e+01
1007	-6.959844e+01
1008	-7.489328e+01
1009	-7.464823e+01
1010	-7.115385e+01
1011	-7.085649e+01
1012	-7.798424e+01
1013	-7.325572e+01
1014	-7.445128e+01
1015	-7.178336e+01
1016	-7.578512e+01
1017	-7.296213e+01
1018	-7.365995e+01
1019	-7.393295e+01
1020	-7.139759e+01
1021	-7.382765e+01
1022	-7.522424e+01
1023	-7.333806e+01
1024	-7.090537e+01
1025	-7.231702e+01
1026	-7.175601e+01
1027	-7.281508e+01
1028	-6.987259e+01
1029	-7.303134e+01
1030	-7.494047e+01
1031	-7.190826e+01
1032	-7.445677e+01
1033	-7.448691e+01
1034	-7.293892e+01
1035	-7.353336e+01
1036	-7.395724e+01
1037	-7.269775e+01
1038	-7.469762e+01
1039	-7.626768e+01
1040	-7.365427e+01
1041	-7.446628e+01
1042	-7.255750e+01
1043	-7.333001e+01
1044	-7.606880e+01
1045	-7.030494e+01
1046	-7.284764e+01
1047	-7.391203e+01
1048	-7.407703e+01
1049	-7.453272e+01
1050	-7.537170e+01
1051	-7.227581e+01
1052	-7.600654e+01
1053	-7.122088e+01
1054	-7.339778e+01
1055	-7.094444e+01
1056	-7.658035e+01
1057	-7.357720e+01
1058	-7.644369e+01
1059	-7.699420e+01
1060	-7.394892e+01
1061	-7.145381e+01
1062	-7.243855e+01
1063	-7.325692e+01
1064	-7.263174e+01
1065	-7.523042e+01
1066	-7.170386e+01
1067	-8.010300e+01
1068	-7.230228e+01
1069	-7.706581e+01
1070	-7.275564e+01
1071	-7.393599e+01
1072	-7.418643e+01
1073	-7.491811e+01
1074	-7.514459e+01
1075	-7.253836e+01
1076	-7.150756e+01
1077	-7.182068e+01
1078	-7.158260e+01
1079	-7.425447e+01
1080	-7.243109e+01
1081	-7.561727e+01
1082	-6.987192e+01
1083	-7.239923e+01
1084	-7.334960e+01
1085	-7.544589e+01
1086	-7.254156e+01
1087	-7.461167e+01
1088	-7.493199e+01
1089	-7.341839e+01
1090	-7.331687e+01
1091	-7.179925e+01
1092	-7.355077e+01
1093	-7.389930e+01
1094	-7.509204e+01
1095	-7.311281e+01
1096	-7.615803e+01
1097	-7.438797e+01
1098	-7.215539e+01
1099	-7.173306e+01
1100	-7.344458e+01
1101	-7.038580e+01
1102	-7.370842e+01
1103	-7.403055e+01
1104	-7.627706e+01
1105	-7.325460e+01
1106	-7.610317e+01
1107	-7.372114e+01
1108	-7.303919e+01
1109	-7.312611e+01
1110	-7.315093e+01
1111	-6.877972e+01
1112	-7.529841e+01
1113	-7.154463e+01
1114	-7.549086e+01
1115	-7.184936e+01
1116	-7.178249e+01
1117	-7.266445e+01
1118	-7.112359e+01
1119	-7.370914e+01
1120	-7.239981e+01
1121	-7.445420e+01
1122	-7.016583e+01
1123	-7.518199e+01
1124	-7.305482e+01
1125	-7.552838e+01
1126	-7.133867e+01
1127	-7.644987e+01
1128	-7.480103e+01
1129	-7.312574e+01
1130	-7.542334e+01
1131	-7.029442e+01
1132	-7.259221e+01
1133	-7.609180e+01
1134	-7.261780e+01
1135	-7.129970e+01
1136	-7.384227e+01
1137	-7.204573e+01
1138	-7.348529e+01
1139	-7.058328e+01
1140	-7.467254e+01
1141	-7.444815e+01
1142	-7.568210e+01
1143	-7.486419e+01
1144	-7.368580e+01
1145	-6.989036e+01
1146	-7.052204e+01
1147	-7.612321e+01
1148	-7.501290e+01
1149	-7.185318e+01
1150	-7.206858e+01
1151	-7.509720e+01
1152	-7.082426e+01
1153	-7.139339e+01
1154	-7.287897e+01
1155	-7.547053e+01
1156	-7.300540e+01
1157	-7.533574e+01
1158	-7.200164e+01
1159	-7.507486e+01
1160	-7.438544e+01
1161	-7.437589e+01
1162	-7.482979e+01
1163	-7.368662e+01
1164	-7.302574e+01
1165	-7.389773e+01
1166	-7.586671e+01
1167	-7.092447e+01
1168	-7.221386e+01
1169	-7.542589e+01
1170	-7.351198e+01
1171	-7.100941e+01
1172	-7.408142e+01
1173	-7.257529e+01
1174	-7.576357e+01
1175	-7.341257e+01
1176	-7.615171e+01
1177	-7.130171e+01
1178	-7.608204e+01
1179	-7.260518e+01
1180	-7.539186e+01
1181	-7.281253e+01
1182	-6.998900e+01
1183	-7.273107e+01
1184	-7.329492e+01
1185	-7.211127e+01
1186	-7.162906e+01
1187	-7.368444e+01
1188	-7.497496e+01
1189	-7.313973e+01
1190	-7.449483e+01
1191	-7.186727e+01
1192	-7.422681e+01
1193	-7.037642e+01
1194	-7.516198e+01
1195	-7.373753e+01
1196	-7.390294e+01
1197	-7.087521e+01
1198	-7.252451e+01
1199	-7.358060e+01
1200	-7.605980e+01
1201	-7.380579e+01
1202	-7.357507e+01
1203	-7.527500e+01
1204	-7.298987e+01
1205	-7.186061e+01
1206	-6.825692e+01
1207	-7.510303e+01
1208	-7.450524e+01
1209	-7.404546e+01
1210	-7.280394e+01
1211	-7.375777e+01
1212	-7.322190e+01
1213	-7.277204e+01
1214	-7.403997e+01
1215	-7.412950e+01
1216	-7.431990e+01
1217	-7.060891e+01
1218	-7.297260e+01
1219	-7.241358e+01
1220	-7.214705e+01
1221	-7.483821e+01
1222	-7.506595e+01
1223	-7.617612e+01
1224	-7.481559e+01
1225	-7.263174e+01
1226	-7.517177e+01
1227	-7.235011e+01
1228	-7.440188e+01
1229	-7.395153e+01
1230	-7.632237e+01
1231	-7.614250e+01
1232	-7.373176e+01
1233	-7.332283e+01
1234	-7.479250e+01
1235	-7.373123e+01
1236	-7.287238e+01
1237	-7.236095e+01
1238	-7.374107e+01
1239	-7.418013e+01
1240	-7.120696e+01
1241	-7.448454e+01
1242	-7.085013e+01
1243	-7.175259e+01
1244	-7.597643e+01
1245	-7.361424e+01
1246	-7.057198e+01
1247	-7.432858e+01
1248	-7.338452e+01
1249	-7.258831e+01
1250	-7.584407e+01
1251	-7.397083e+01
1252	-7.331427e+01
1253	-7.174035e+01
1254	-7.450242e+01
1255	-7.399546e+01
1256	-7.190800e+01
1257	-7.275445e+01
1258	-7.246695e+01
1259	-7.333741e+01
1260	-6.863093e+01
1261	-7.463302e+01
1262	-7.342340e+01
1263	-7.688579e+01
1264	-7.652451e+01
1265	-7.360938e+01
1266	-7.470927e+01
1267	-7.480764e+01
1268	-7.344425e+01
1269	-7.407750e+01
1270	-7.462081e+01
1271	-7.055291e+01
1272	-7.292125e+01
1273	-7.372929e+01
1274	-7.295533e+01
1275	-7.317932e+01
1276	-7.321995e+01
1277	-7.345186e+01
1278	-7.564680e+01
1279	-6.938647e+01
1280	-7.484391e+01
1281	-7.447282e+01
1282	-7.118075e+01
1283	-7.297922e+01
1284	-7.427789e+01
1285	-7.182034e+01
1286	-7.230958e+01
1287	-7.373479e+01
1288	-7.354282e+01
1289	-7.515969e+01
1290	-7.368765e+01
1291	-7.214604e+01
1292	-7.187816e+01
1293	-7.146474e+01
1294	-7.272917e+01
1295	-7.528482e+01
1296	-7.497891e+01
1297	-7.813038e+01
1298	-7.274023e+01
1299	-7.513157e+01
1300	-7.421452e+01
1301	-6.922644e+01
1302	-7.454199e+01
1303	-7.315332e+01
1304	-7.337667e+01
1305	-7.354899e+01
1306	-7.744778e+01
1307	-7.397947e+01
1308	-7.241182e+01
1309	-7.158119e+01
1310	-7.172572e+01
1311	-7.378104e+01
1312	-7.583162e+01
1313	-7.431350e+01
1314	-7.300017e+01
1315	-7.062408e+01
1316	-6.996682e+01
1317	-7.366107e+01
1318	-7.810301e+01
1319	-7.428471e+01
1320	-7.567863e+01
1321	-7.318618e+01
1322	-7.492838e+01
1323	-7.279277e+01
1324	-7.454306e+01
1325	-7.090658e+01
1326	-7.286837e+01
1327	-7.619658e+01
1328	-7.401776e+01
1329	-6.977448e+01
1330	-7.354599e+01
1331	-7.514046e+01
1332	-7.419605e+01
1333	-7.172840e+01
1334	-7.370499e+01
1335	-7.350824e+01
1336	-7.203876e+01
1337	-7.053124e+01
1338	-7.515974e+01
1339	-7.030370e+01
1340	-7.394623e+01
1341	-7.271888e+01
1342	-7.559832e+01
1343	-7.015707e+01
1344	-7.331378e+01
1345	-7.373447e+01
1346	-7.466510e+01
1347	-7.666615e+01
1348	-7.206546e+01
1349	-7.105329e+01
1350	-7.474812e+01
1351	-7.074571e+01
1352	-7.765378e+01
1353	-7.358306e+01
1354	-7.185010e+01
1355	-7.413349e+01
1356	-7.366294e+01
1357	-7.270402e+01
1358	-7.334853e+01
1359	-6.828978e+01
1360	-7.331220e+01
1361	-7.253078e+01
1362	-7.234083e+01
1363	-7.268393e+01
1364	-7.861854e+01
1365	-7.325232e+01
1366	-7.373644e+01
1367	-7.564978e+01
1368	-7.524618e+01
1369	-7.184399e+01
1370	-7.370620e+01
1371	-7.602524e+01
1372	-7.281066e+01
1373	-7.069439e+01
1374	-7.294049e+01
1375	-7.399881e+01
1376	-7.456719e+01
1377	-6.912990e+01
1378	-7.430122e+01
1379	-7.389230e+01
1380	-7.223265e+01
1381	-7.400729e+01
1382	-7.553357e+01
1383	-7.143334e+01
1384	-7.524976e+01
1385	-7.229133e+01
1386	-7.353715e+01
1387	-7.169856e+01
1388	-7.174959e+01
1389	-7.059023e+01
1390	-7.161533e+01
1391	-7.217444e+01
1392	-7.546859e+01
1393	-7.066537e+01
1394	-7.108871e+01
1395	-7.489447e+01
1396	-7.351756e+01
1397	-7.266711e+01
1398	-7.354317e+01
1399	-7.409479e+01
1400	-7.227640e+01
1401	-7.254241e+01
1402	-7.181649e+01
1403	-7.203281e+01
1404	-7.066481e+01
1405	-6.733798e+01
1406	-7.175283e+01
1407	-7.236780e+01
1408	-7.473412e+01
1409	-7.296612e+01
1410	-7.075246e+01
1411	-7.483685e+01
1412	-7.024504e+01
1413	-7.553961e+01
1414	-7.202180e+01
1415	-7.253596e+01
1416	-7.181197e+01
1417	-7.554056e+01
1418	-7.365940e+01
1419	-7.202203e+01
1420	-7.497636e+01
1421	-7.152734e+01
1422	-7.208496e+01
1423	-7.406266e+01
1424	-7.340580e+01
1425	-7.437010e+01
1426	-7.629985e+01
1427	-7.656001e+01
1428	-7.437696e+01
1429	-7.122796e+01
1430	-7.157795e+01
1431	-7.915573e+01
1432	-7.287469e+01
1433	-7.217428e+01
1434	-7.246161e+01
1435	-7.196446e+01
1436	-7.255873e+01
1437	-7.718902e+01
1438	-7.477217e+01
1439	-7.232917e+01
1440	-7.305104e+01
1441	-6.920768e+01
1442	-7.427626e+01
1443	-7.020638e+01
1444	-7.429687e+01
1445	-7.411393e+01
1446	-7.425721e+01
1447	-7.366312e+01
1448	-7.227416e+01
1449	-7.283444e+01
1450	-7.336511e+01
1451	-7.388648e+01
1452	-6.932713e+01
1453	-7.310385e+01
1454	-7.071072e+01
1455	-7.505198e+01
1456	-7.074550e+01
1457	-7.589642e+01
1458	-7.432667e+01
1459	-7.441477e+01
1460	-7.476403e+01
1461	-7.225451e+01
1462	-7.294107e+01
1463	-7.439574e+01
1464	-7.192277e+01
1465	-7.432962e+01
1466	-7.390749e+01
1467	-7.525121e+01
1468	-7.269769e+01
1469	-7.479871e+01
1470	-7.105827e+01
1471	-7.415800e+01
1472	-7.596003e+01
1473	-7.259004e+01
1474	-7.163745e+01
1475	-7.627101e+01
1476	-7.515169e+01
1477	-7.573233e+01
1478	-7.404905e+01
1479	-6.821367e+01
1480	-7.617251e+01
1481	-7.787895e+01
1482	-7.378910e+01
1483	-7.304585e+01
1484	-7.253419e+01
1485	-7.265769e+01
1486	-7.242599e+01
1487	-7.364604e+01
1488	-7.578474e+01
1489	-7.240167e+01
1490	-7.124144e+01
1491	-7.437723e+01
1492	-7.185180e+01
1493	-7.317422e+01
1494	-7.165622e+01
1495	-6.759626e+01
1496	-7.231803e+01
1497	-7.232485e+01
1498	-7.156393e+01
1499	-7.005730e+01
1500	-7.117915e+01
1501	-7.105876e+01
1502	-7.280841e+01
1503	-7.665061e+01
1504	-7.379047e+01
1505	-7.284314e+01
1506	-7.611959e+01
1507	-7.130155e+01
1508	-7.585555e+01
1509	-7.279849e+01
1510	-7.704340e+01
1511	-7.274400e+01
1512	-7.300442e+01
1513	-6.919442e+01
1514	-7.363406e+01
1515	-7.422127e+01
1516	-7.635989e+01
1517	-7.518463e+01
1518	-7.443379e+01
1519	-7.324545e+01
1520	-6.981283e+01
1521	-7.497533e+01
1522	-7.103384e+01
1523	-7.182888e+01
1524	-7.485115e+01
1525	-7.229766e+01
1526	-7.614169e+01
1527	-7.250058e+01
1528	-7.000190e+01
1529	-7.221477e+01
1530	-7.409940e+01
1531	-7.153116e+01
1532	-7.498343e+01
1533	-6.954086e+01
1534	-7.114319e+01
1535	-7.078746e+01
1536	-7.408571e+01
1537	-7.181172e+01
1538	-7.613940e+01
1539	-6.807906e+01
1540	-7.393836e+01
1541	-7.311652e+01
1542	-7.246580e+01
1543	-7.325598e+01
1544	-7.403271e+01
1545	-7.584487e+01
1546	-7.326110e+01
1547	-7.340377e+01
1548	-7.518639e+01
1549	-7.540330e+01
1550	-7.046499e+01
1551	-7.352110e+01
1552	-7.246828e+01
1553	-7.508153e+01
1554	-7.580849e+01
1555	-7.356371e+01
1556	-7.309869e+01
1557	-7.261100e+01
1558	-7.038684e+01
1559	-7.211427e+01
1560	-6.917764e+01
1561	-7.462177e+01
1562	-7.138481e+01
1563	-7.147629e+01
1564	-7.163509e+01
1565	-7.200966e+01
1566	-7.079648e+01
1567	-7.435215e+01
1568	-7.392741e+01
1569	-7.521326e+01
1570	-7.204451e+01
1571	-7.322436e+01
1572	-7.162356e+01
1573	-7.188052e+01
1574	-7.294764e+01
1575	-7.223972e+01
1576	-7.266565e+01
1577	-7.249451e+01
1578	-7.517182e+01
1579	-7.152120e+01
1580	-7.447610e+01
1581	-7.300151e+01
1582	-7.346147e+01
1583	-7.308752e+01
1584	-7.400938e+01
1585	-7.482946e+01
1586	-7.515120e+01
1587	-7.641901e+01
1588	-7.142439e+01
1589	-7.298688e+01
1590	-7.101650e+01
1591	-7.467492e+01
1592	-7.189332e+01
1593	-7.436262e+01
1594	-7.317129e+01
1595	-7.371702e+01
1596	-7.123583e+01
1597	-7.310812e+01
1598	-7.469550e+01
1599	-7.199874e+01
1600	-7.312727e+01
1601	-7.396949e+01
1602	-7.390448e+01
1603	-7.105259e+01
1604	-7.219431e+01
1605	-7.350563e+01
1606	-7.581250e+01
1607	-7.218612e+01
1608	-7.544882e+01
1609	-7.769576e+01
1610	-7.454831e+01
1611	-7.098874e+01
1612	-7.085945e+01
1613	-7.031783e+01
1614	-7.381796e+01
1615	-7.606185e+01
1616	-7.252718e+01
1617	-6.920667e+01
1618	-7.108721e+01
1619	-7.340446e+01
1620	-7.228027e+01
1621	-7.044769e+01
1622	-7.037772e+01
1623	-7.323193e+01
1624	-7.471833e+01
1625	-7.265056e+01
1626	-7.474910e+01
1627	-7.167330e+01
1628	-7.432542e+01
1629	-6.989185e+01
1630	-7.395904e+01
1631	-7.440281e+01
1632	-7.542174e+01
1633	-7.627051e+01
1634	-7.480710e+01
1635	-7.168702e+01
1636	-7.066774e+01
1637	-7.089868e+01
1638	-6.898903e+01
1639	-7.315421e+01
1640	-7.329623e+01
1641	-7.305614e+01
1642	-7.385876e+01
1643	-7.155753e+01
1644	-7.410267e+01
1645	-7.516096e+01
1646	-7.379438e+01
1647	-7.175964e+01
1648	-7.010196e+01
1649	-7.311848e+01
1650	-7.192941e+01
1651	-7.389324e+01
1652	-7.253320e+01
1653	-7.308997e+01
1654	-6.979035e+01
1655	-6.958816e+01
1656	-7.346441e+01
1657	-7.036554e+01
1658	-7.665171e+01
1659	-6.858929e+01
1660	-7.213018e+01
1661	-7.195263e+01
1662	-7.480118e+01
1663	-7.434661e+01
1664	-7.149866e+01
1665	-7.548441e+01
1666	-7.300457e+01
1667	-7.353525e+01
1668	-7.444163e+01
1669	-7.419491e+01
1670	-7.225402e+01
1671	-7.423121e+01
1672	-7.319991e+01
1673	-7.223033e+01
1674	-7.413540e+01
1675	-7.330827e+01
1676	-7.705372e+01
1677	-7.303259e+01
1678	-7.358069e+01
1679	-7.089954e+01
1680	-7.149460e+01
1681	-7.241133e+01
1682	-7.329352e+01
1683	-7.319072e+01
1684	-7.518949e+01
1685	-7.069005e+01
1686	-7.413014e+01
1687	-7.292436e+01
1688	-6.982166e+01
1689	-7.173941e+01
1690	-7.296897e+01
1691	-7.069939e+01
1692	-7.547511e+01
1693	-7.349118e+01
1694	-7.435452e+01
1695	-7.550350e+01
1696	-7.355187e+01
1697	-7.191112e+01
1698	-7.225899e+01
1699	-7.004434e+01
1700	-6.948361e+01
1701	-7.241004e+01
1702	-7.232432e+01
1703	-7.367744e+01
1704	-7.717427e+01
1705	-7.259902e+01
1706	-7.171868e+01
1707	-7.363461e+01
1708	-7.163158e+01
1709	-6.896028e+01
1710	-7.582362e+01
1711	-7.030289e+01
1712	-7.374713e+01
1713	-7.524593e+01
1714	-7.293184e+01
1715	-7.154190e+01
1716	-7.040292e+01
1717	-7.800316e+01
1718	-7.562452e+01
1719	-7.550910e+01
1720	-7.481250e+01
1721	-7.212720e+01
1722	-7.463612e+01
1723	-7.627307e+01
1724	-7.362945e+01
1725	-7.422171e+01
1726	-7.248061e+01
1727	-6.914999e+01
1728	-7.420644e+01
1729	-7.331615e+01
1730	-7.213689e+01
1731	-7.254954e+01
1732	-7.479172e+01
1733	-7.378946e+01
1734	-7.481751e+01
1735	-7.893882e+01
1736	-7.483514e+01
1737	-7.101162e+01
1738	-7.397977e+01
1739	-7.470833e+01
1740	-7.360310e+01
1741	-7.375544e+01
1742	-7.554487e+01
1743	-7.307093e+01
1744	-7.424717e+01
1745	-7.276037e+01
1746	-7.455323e+01
1747	-7.325857e+01
1748	-7.491512e+01
1749	-7.425948e+01
1750	-7.273448e+01
1751	-6.874106e+01
1752	-7.391729e+01
1753	-6.975003e+01
1754	-7.481702e+01
1755	-7.345250e+01
1756	-7.415092e+01
1757	-7.720865e+01
1758	-7.539800e+01
1759	-7.277677e+01
1760	-7.460932e+01
1761	-7.511847e+01
1762	-7.364044e+01
1763	-7.540202e+01
1764	-7.133473e+01
1765	-7.562799e+01
1766	-7.415512e+01
1767	-7.091744e+01
1768	-7.146801e+01
1769	-7.062069e+01
1770	-7.376573e+01
1771	-7.142642e+01
1772	-7.418196e+01
1773	-7.745442e+01
1774	-7.389106e+01
1775	-7.531112e+01
1776	-7.452402e+01
1777	-7.299129e+01
1778	-7.356320e+01
1779	-7.480661e+01
1780	-7.381594e+01
1781	-7.500804e+01
1782	-7.349159e+01
1783	-7.066943e+01
1784	-7.458813e+01
1785	-7.035845e+01
1786	-7.066812e+01
1787	-7.396217e+01
1788	-7.241089e+01
1789	-7.159898e+01
1790	-7.429871e+01
1791	-7.481321e+01
1792	-7.596031e+01
1793	-7.618194e+01
1794	-7.478630e+01
1795	-6.934203e+01
1796	-7.207257e+01
1797	-7.287890e+01
1798	-7.572243e+01
1799	-7.474161e+01
1800	-7.844586e+01
1801	-7.676882e+01
1802	-7.159373e+01
1803	-7.342700e+01
1804	-7.233253e+01
1805	-7.529830e+01
1806	-7.480830e+01
1807	-7.518071e+01
1808	-7.316835e+01
1809	-7.350910e+01
1810	-7.480630e+01
1811	-7.309494e+01
1812	-7.767261e+01
1813	-7.359058e+01
1814	-7.101621e+01
1815	-7.531531e+01
1816	-7.358096e+01
1817	-7.550395e+01
1818	-7.064506e+01
1819	-7.748401e+01
1820	-7.252600e+01
1821	-7.425572e+01
1822	-7.233348e+01
1823	-7.133821e+01
1824	-7.471341e+01
1825	-7.421123e+01
1826	-7.567066e+01
1827	-7.459146e+01
1828	-6.921768e+01
1829	-7.553670e+01
1830	-7.269041e+01
1831	-7.109463e+01
1832	-7.520592e+01
1833	-7.227124e+01
1834	-7.624487e+01
1835	-7.201435e+01
1836	-7.248324e+01
1837	-6.975705e+01
1838	-7.674845e+01
1839	-7.750042e+01
1840	-7.361640e+01
1841	-7.332382e+01
1842	-7.169134e+01
1843	-7.507702e+01
1844	-7.171722e+01
1845	-7.778563e+01
1846	-7.582021e+01
1847	-7.489934e+01
1848	-7.297444e+01
1849	-7.436394e+01
1850	-7.255837e+01
1851	-7.074385e+01
1852	-7.060544e+01
1853	-7.535223e+01
1854	-7.195962e+01
1855	-7.323885e+01
1856	-7.114994e+01
1857	-7.131872e+01
1858	-7.296694e+01
1859	-7.026320e+01
1860	-7.459716e+01
1861	-7.520834e+01
1862	-7.152747e+01
1863	-6.992604e+01
1864	-7.376050e+01
1865	-7.333330e+01
1866	-7.294034e+01
1867	-7.339411e+01
1868	-7.306064e+01
1869	-7.343297e+01
1870	-7.199084e+01
1871	-7.717161e+01
1872	-7.406499e+01
1873	-7.533149e+01
1874	-7.379613e+01
1875	-7.374217e+01
1876	-7.379187e+01
1877	-7.518643e+01
1878	-7.621390e+01
1879	-7.327660e+01
1880	-7.257636e+01
1881	-7.477242e+01
1882	-7.239795e+01
1883	-7.550395e+01
1884	-7.071433e+01
1885	-7.491422e+01
1886	-7.296077e+01
1887	-7.119494e+01
1888	-7.060694e+01
1889	-7.475353e+01
1890	-7.564857e+01
1891	-7.546824e+01
1892	-7.128841e+01
1893	-7.744551e+01
1894	-7.382956e+01
1895	-7.351703e+01
1896	-7.383290e+01
1897	-7.041985e+01
1898	-7.434204e+01
1899	-7.163896e+01
1900	-7.482503e+01
1901	-7.433379e+01
1902	-7.359933e+01
1903	-7.212861e+01
1904	-7.189972e+01
1905	-7.583751e+01
1906	-7.149665e+01
1907	-7.257294e+01
1908	-7.210346e+01
1909	-7.324996e+01
1910	-7.327060e+01
1911	-7.293127e+01
1912	-7.586335e+01
1913	-7.096426e+01
1914	-7.147202e+01
1915	-7.569737e+01
1916	-7.278247e+01
1917	-7.099098e+01
1918	-7.112397e+01
1919	-7.259146e+01
1920	-7.200019e+01
1921	-7.216994e+01
1922	-7.578495e+01
1923	-7.220958e+01
1924	-7.509939e+01
1925	-7.136367e+01
1926	-7.136897e+01
1927	-7.397167e+01
1928	-7.383053e+01
1929	-7.465520e+01
1930	-7.100343e+01
1931	-7.088911e+01
1932	-7.110005e+01
1933	-7.539750e+01
1934	-7.485939e+01
1935	-7.485928e+01
1936	-7.555887e+01
1937	-7.698198e+01
1938	-7.242503e+01
1939	-7.457345e+01
1940	-7.514622e+01
1941	-7.525471e+01
1942	-7.351443e+01
1943	-7.029614e+01
1944	-6.969256e+01
1945	-7.172795e+01
1946	-7.150751e+01
1947	-7.363377e+01
1948	-7.293604e+01
1949	-7.334023e+01
1950	-7.509878e+01
1951	-6.962750e+01
1952	-7.447889e+01
1953	-7.256223e+01
1954	-7.504913e+01
1955	-7.092591e+01
1956	-7.340077e+01
1957	-7.226740e+01
1958	-7.289386e+01
1959	-7.272303e+01
1960	-7.205727e+01
1961	-7.129830e+01
1962	-7.348105e+01
1963	-7.423988e+01
1964	-7.580547e+01
1965	-7.766594e+01
1966	-7.230115e+01
1967	-7.337241e+01
1968	-7.507791e+01
1969	-7.283380e+01
1970	-7.402830e+01
1971	-7.155902e+01
1972	-7.103376e+01
1973	-7.430993e+01
1974	-7.334978e+01
1975	-6.936562e+01
1976	-7.569331e+01
1977	-7.436301e+01
1978	-7.242342e+01
1979	-7.279476e+01
1980	-7.224667e+01
1981	-7.290751e+01
1982	-7.315272e+01
1983	-7.213470e+01
1984	-7.541002e+01
1985	-7.517509e+01
1986	-7.303371e+01
1987	-7.285727e+01
1988	-7.168247e+01
1989	-7.336633e+01
1990	-7.444858e+01
1991	-7.376282e+01
1992	-7.249301e+01
1993	-7.415382e+01
1994	-7.476475e+01
1995	-7.191556e+01
1996	-7.307867e+01
1997	-7.137794e+01
1998	-7.052323e+01
1999	-7.081771e+01
2000	-7.217634e+01
2001	-7.091387e+01
2002	-7.072701e+01
2003	-7.283520e+01
2004	-7.080539e+01
2005	-7.612346e+01
2006	-7.130596e+01
2007	-7.265499e+01
2008	-6.900708e+01
2009	-7.323228e+01
2010	-7.281341e+01
2011	-6.914496e+01
2012	-7.333704e+01
2013	-7.305631e+01
2014	-7.291138e+01
2015	-7.443931e+01
2016	-7.758168e+01
2017	-7.553308e+01
2018	-7.337413e+01
2019	-7.641742e+01
2020	-7.237102e+01
2021	-7.213014e+01
2022	-7.266894e+01
2023	-7.814180e+01
2024	-7.548026e+01
2025	-7.119200e+01
2026	-7.820389e+01
2027	-6.952924e+01
2028	-7.187703e+01
2029	-7.249585e+01
2030	-7.420362e+01
2031	-7.303573e+01
2032	-7.410233e+01
2033	-7.479857e+01
2034	-6.898447e+01
2035	-7.343043e+01
2036	-7.452812e+01
2037	-7.641629e+01
2038	-7.088308e+01
2039	-7.333653e+01
2040	-7.068551e+01
2041	-7.700102e+01
2042	-7.065056e+01
2043	-7.186419e+01
2044	-7.154466e+01
2045	-7.357693e+01
2046	-7.282172e+01
2047	-7.525310e+01
2048	-7.318799e+01
2049	-7.283837e+01
2050	-7.168455e+01
2051	-7.309994e+01
2052	-7.193344e+01
2053	-7.407923e+01
2054	-7.589234e+01
2055	-7.220582e+01
2056	-7.466448e+01
2057	-7.569692e+01
2058	-7.168096e+01
2059	-7.091772e+01
2060	-7.538281e+01
2061	-7.501016e+01
2062	-7.321649e+01
2063	-6.942716e+01
2064	-7.378155e+01
2065	-7.209616e+01
2066	-7.115275e+01
2067	-6.778636e+01
2068	-7.859830e+01
2069	-7.608848e+01
2070	-7.304198e+01
2071	-7.261306e+01
2072	-7.578633e+01
2073	-7.506753e+01
2074	-7.614587e+01
2075	-7.324167e+01
2076	-7.640664e+01
2077	-7.351604e+01
2078	-7.374693e+01
2079	-6.957332e+01
2080	-7.192813e+01
2081	-6.975164e+01
2082	-7.136775e+01
2083	-7.233868e+01
2084	-7.336274e+01
2085	-7.612719e+01
2086	-7.487097e+01
2087	-7.416463e+01
2088	-7.445859e+01
2089	-7.435947e+01
2090	-7.256846e+01
2091	-7.305032e+01
2092	-7.557926e+01
2093	-6.993066e+01
2094	-7.186946e+01
2095	-7.375293e+01
2096	-7.905006e+01
2097	-7.183911e+01
2098	-7.520883e+01
2099	-7.495790e+01
2100	-7.198409e+01
2101	-7.405571e+01
2102	-7.436398e+01
2103	-7.427658e+01
2104	-7.372028e+01
2105	-7.062313e+01
2106	-7.278512e+01
2107	-7.200852e+01
2108	-7.403178e+01
2109	-7.456294e+01
2110	-7.081360e+01
2111	-7.012252e+01
2112	-7.259459e+01
2113	-7.440968e+01
2114	-7.077192e+01
2115	-6.966858e+01
2116	-7.349725e+01
2117	-7.445724e+01
2118	-7.000808e+01
2119	-6.961942e+01
2120	-7.235370e+01
2121	-7.434601e+01
2122	-6.975995e+01
2123	-7.421800e+01
2124	-7.478218e+01
2125	-7.629036e+01
2126	-7.535223e+01
2127	-7.281143e+01
2128	-6.984208e+01
2129	-7.588498e+01
2130	-7.285150e+01
2131	-7.581593e+01
2132	-7.298938e+01
2133	-7.323263e+01
2134	-6.992947e+01
2135	-7.326212e+01
2136	-7.121626e+01
2137	-7.602626e+01
2138	-7.366075e+01
2139	-7.093763e+01
2140	-7.322658e+01
2141	-7.539262e+01
2142	-7.046377e+01
2143	-7.458483e+01
2144	-7.481237e+01
2145	-7.585717e+01
2146	-7.415226e+01
2147	-7.394503e+01
2148	-7.183271e+01
2149	-7.100336e+01
2150	-7.292624e+01
2151	-7.452312e+01
2152	-7.389506e+01
2153	-7.351889e+01
2154	-7.189402e+01
2155	-7.206184e+01
2156	-7.092901e+01
2157	-7.142354e+01
2158	-7.239265e+01
2159	-7.083314e+01
2160	-7.810867e+01
2161	-7.267607e+01
2162	-7.670661e+01
2163	-7.047325e+01
2164	-7.678105e+01
2165	-7.547454e+01
2166	-7.265801e+01
2167	-7.618890e+01
2168	-7.234433e+01
2169	-7.476513e+01
2170	-7.564557e+01
2171	-7.705686e+01
2172	-7.213606e+01
2173	-7.288604e+01
2174	-7.480756e+01
2175	-7.411378e+01
2176	-7.480438e+01
2177	-7.224816e+01
2178	-7.162740e+01
2179	-7.521588e+01
2180	-6.994259e+01
2181	-7.107569e+01
2182	-7.109381e+01
2183	-7.513217e+01
2184	-7.358120e+01
2185	-7.144294e+01
2186	-7.329768e+01
2187	-7.315491e+01
2188	-7.378407e+01
2189	-7.411720e+01
2190	-7.241715e+01
2191	-7.257463e+01
2192	-7.441691e+01
2193	-7.558618e+01
2194	-7.571780e+01
2195	-7.086312e+01
2196	-7.474200e+01
2197	-7.400496e+01
2198	-7.312444e+01
2199	-6.836091e+01
2200	-7.318134e+01
2201	-7.702163e+01
2202	-7.437165e+01
2203	-7.161617e+01
2204	-6.823962e+01
2205	-7.102652e+01
2206	-7.683831e+01
2207	-7.273844e+01
2208	-7.754581e+01
2209	-7.210619e+01
2210	-6.927967e+01
2211	-6.638766e+01
2212	-7.235743e+01
2213	-6.939591e+01
2214	-7.619544e+01
2215	-7.423910e+01
2216	-7.648617e+01
2217	-7.117329e+01
2218	-7.117687e+01
2219	-7.498731e+01
2220	-7.537144e+01
2221	-7.655196e+01
2222	-7.508491e+01
2223	-7.183538e+01
2224	-7.222274e+01
2225	-7.227154e+01
2226	-7.452262e+01
2227	-7.292653e+01
2228	-7.401731e+01
2229	-7.062828e+01
2230	-7.347248e+01
2231	-7.348550e+01
2232	-7.149002e+01
2233	-7.197905e+01
2234	-7.442706e+01
2235	-7.184681e+01
2236	-7.198148e+01
2237	-7.155348e+01
2238	-7.356786e+01
2239	-7.248590e+01
2240	-7.225932e+01
2241	-7.637894e+01
2242	-6.980984e+01
2243	-7.516497e+01
2244	-7.278806e+01
2245	-7.089066e+01
2246	-7.357403e+01
2247	-7.426794e+01
2248	-7.506475e+01
2249	-7.079250e+01
2250	-7.294409e+01
2251	-7.170037e+01
2252	-7.763499e+01
2253	-7.607350e+01
2254	-7.390905e+01
2255	-7.253583e+01
2256	-7.581783e+01
2257	-7.447471e+01
2258	-6.917699e+01
2259	-7.369197e+01
2260	-7.444461e+01
2261	-7.175884e+01
2262	-7.426186e+01
2263	-7.285943e+01
2264	-7.224947e+01
2265	-7.187176e+01
2266	-7.444037e+01
2267	-7.191736e+01
2268	-7.293390e+01
2269	-7.419642e+01
2270	-7.434919e+01
2271	-7.086975e+01
2272	-7.601445e+01
2273	-7.379161e+01
2274	-7.499839e+01
2275	-7.708041e+01
2276	-7.216135e+01
2277	-7.454403e+01
2278	-7.105478e+01
2279	-7.396958e+01
2280	-7.418935e+01
2281	-6.952660e+01
2282	-7.180718e+01
2283	-7.364204e+01
2284	-7.473506e+01
2285	-7.470610e+01
2286	-7.157256e+01
2287	-7.363453e+01
2288	-7.050600e+01
2289	-7.125332e+01
2290	-7.246379e+01
2291	-7.186718e+01
2292	-7.467745e+01
2293	-7.314688e+01
2294	-7.240158e+01
2295	-7.354667e+01
2296	-7.193389e+01
2297	-7.434863e+01
2298	-7.303740e+01
2299	-7.293143e+01
2300	-7.316063e+01
2301	-7.269817e+01
2302	-7.290599e+01
2303	-7.588676e+01
2304	-7.301492e+01
2305	-7.215217e+01
2306	-7.567169e+01
2307	-7.344942e+01
2308	-7.169955e+01
2309	-7.752249e+01
2310	-7.613927e+01
2311	-7.206624e+01
2312	-7.408646e+01
2313	-7.207029e+01
2314	-7.339943e+01
2315	-7.143718e+01
2316	-7.253946e+01
2317	-7.065075e+01
2318	-7.018409e+01
2319	-7.404097e+01
2320	-7.360637e+01
2321	-7.398340e+01
2322	-7.421309e+01
2323	-7.332912e+01
2324	-7.328710e+01
2325	-7.777170e+01
2326	-7.490985e+01
2327	-7.300993e+01
2328	-7.617420e+01
2329	-7.327207e+01
2330	-7.365698e+01
2331	-7.589977e+01
2332	-7.385714e+01
2333	-7.312444e+01
2334	-7.462716e+01
2335	-7.269637e+01
2336	-7.081827e+01
2337	-7.205194e+01
2338	-7.336034e+01
2339	-7.513897e+01
2340	-7.071241e+01
2341	-7.312967e+01
2342	-7.601657e+01
2343	-7.588034e+01
2344	-7.460720e+01
2345	-7.040462e+01
2346	-7.238351e+01
2347	-7.411227e+01
2348	-7.262763e+01
2349	-7.233104e+01
2350	-7.821993e+01
2351	-7.361623e+01
2352	-7.458067e+01
2353	-7.559382e+01
2354	-7.047858e+01
2355	-7.411133e+01
2356	-7.345374e+01
2357	-7.276049e+01
2358	-7.444677e+01
2359	-7.316261e+01
2360	-7.379456e+01
2361	-7.631452e+01
2362	-7.138614e+01
2363	-7.220360e+01
2364	-7.331848e+01
2365	-7.670929e+01
2366	-7.087549e+01
2367	-7.154432e+01
2368	-7.302589e+01
2369	-7.525367e+01
2370	-7.518794e+01
2371	-7.369332e+01
2372	-7.605923e+01
2373	-7.139381e+01
2374	-7.777835e+01
2375	-7.423250e+01
2376	-7.160140e+01
2377	-7.289467e+01
2378	-7.303473e+01
2379	-7.515266e+01
2380	-7.572125e+01
2381	-7.388441e+01
2382	-7.594148e+01
2383	-7.437131e+01
2384	-7.134644e+01
2385	-7.422794e+01
2386	-7.570058e+01
2387	-7.593025e+01
2388	-7.263587e+01
2389	-7.484370e+01
2390	-7.153597e+01
2391	-7.181366e+01
2392	-7.461439e+01
2393	-7.376967e+01
2394	-7.493239e+01
2395	-7.554002e+01
2396	-7.527567e+01
2397	-7.828236e+01
2398	-7.203681e+01
2399	-6.904820e+01
2400	-7.924541e+01
2401	-7.294018e+01
2402	-7.301322e+01
2403	-7.253629e+01
2404	-7.274025e+01
2405	-7.355792e+01
2406	-7.162776e+01
2407	-7.353454e+01
2408	-7.367105e+01
2409	-7.548979e+01
2410	-7.362158e+01
2411	-7.588287e+01
2412	-7.382810e+01
2413	-7.366708e+01
2414	-7.180962e+01
2415	-7.404292e+01
2416	-7.287363e+01
2417	-7.510075e+01
2418	-7.423620e+01
2419	-7.168658e+01
2420	-7.087122e+01
2421	-7.224244e+01
2422	-7.452622e+01
2423	-7.186152e+01
2424	-7.026433e+01
2425	-7.388649e+01
2426	-7.571292e+01
2427	-7.522411e+01
2428	-7.061417e+01
2429	-7.359820e+01
2430	-7.580634e+01
2431	-7.293549e+01
2432	-7.167414e+01
2433	-7.512414e+01
2434	-7.360435e+01
2435	-7.203919e+01
2436	-7.748758e+01
2437	-7.544914e+01
2438	-7.434546e+01
2439	-7.696667e+01
2440	-7.129134e+01
2441	-7.401701e+01
2442	-7.603899e+01
2443	-7.459067e+01
2444	-7.334696e+01
2445	-7.217911e+01
2446	-7.346814e+01
2447	-7.542456e+01
2448	-7.439146e+01
2449	-7.514682e+01
2450	-7.386329e+01
2451	-7.086091e+01
2452	-7.105728e+01
2453	-7.125339e+01
2454	-7.446615e+01
2455	-7.001475e+01
2456	-7.722056e+01
2457	-7.330287e+01
2458	-7.255979e+01
2459	-6.979803e+01
2460	-7.342690e+01
2461	-7.321023e+01
2462	-6.964142e+01
2463	-7.314394e+01
2464	-7.311140e+01
2465	-7.277353e+01
2466	-7.287129e+01
2467	-7.080421e+01
2468	-7.185468e+01
2469	-7.607586e+01
2470	-7.326901e+01
2471	-7.297152e+01
2472	-6.890495e+01
2473	-7.303958e+01
2474	-7.131613e+01
2475	-7.481749e+01
2476	-7.090695e+01
2477	-7.168204e+01
2478	-7.423987e+01
2479	-7.712481e+01
2480	-7.733243e+01
2481	-7.615690e+01
2482	-7.272800e+01
2483	-7.174544e+01
2484	-7.419610e+01
2485	-7.079621e+01
2486	-7.016654e+01
2487	-7.795461e+01
2488	-6.953861e+01
2489	-7.533467e+01
2490	-7.483357e+01
2491	-7.514517e+01
2492	-7.179504e+01
2493	-7.143234e+01
2494	-7.577104e+01
2495	-7.307581e+01
2496	-7.383648e+01
2497	-7.295002e+01
2498	-7.224200e+01
2499	-7.452705e+01
2500	-7.528855e+01
2501	-7.073563e+01
2502	-7.664702e+01
2503	-7.253430e+01
2504	-7.315981e+01
2505	-7.201726e+01
2506	-7.132029e+01
2507	-7.325677e+01
2508	-7.528649e+01
2509	-7.272650e+01
2510	-7.192409e+01
2511	-6.977731e+01
2512	-7.409865e+01
2513	-7.228529e+01
2514	-7.514227e+01
2515	-7.348969e+01
2516	-7.117852e+01
2517	-7.136947e+01
2518	-7.298413e+01
2519	-7.004152e+01
2520	-7.737399e+01
2521	-7.302462e+01
2522	-7.737038e+01
2523	-7.824502e+01
2524	-7.120149e+01
2525	-7.162088e+01
2526	-7.547094e+01
2527	-7.501826e+01
2528	-7.367794e+01
2529	-7.394697e+01
2530	-7.157910e+01
2531	-7.114659e+01
2532	-7.100708e+01
2533	-7.285415e+01
2534	-7.139332e+01
2535	-7.457188e+01
2536	-7.210503e+01
2537	-7.288488e+01
2538	-7.101829e+01
2539	-7.015467e+01
2540	-7.866315e+01
2541	-7.557129e+01
2542	-7.449720e+01
2543	-7.410072e+01
2544	-7.423899e+01
2545	-7.326347e+01
2546	-7.610362e+01
2547	-7.501984e+01
2548	-7.036937e+01
2549	-7.367495e+01
2550	-7.065421e+01
2551	-7.382157e+01
2552	-7.416158e+01
2553	-7.196014e+01
2554	-7.747799e+01
2555	-7.295605e+01
2556	-7.020118e+01
2557	-7.179997e+01
2558	-7.007408e+01
2559	-7.586227e+01
2560	-7.440512e+01
2561	-7.191292e+01
2562	-7.255246e+01
2563	-7.254468e+01
2564	-6.962387e+01
2565	-7.152595e+01
2566	-7.270003e+01
2567	-6.963967e+01
2568	-7.325779e+01
2569	-7.257609e+01
2570	-7.340453e+01
2571	-7.233564e+01
2572	-7.204697e+01
2573	-7.532466e+01
2574	-7.238441e+01
2575	-7.543539e+01
2576	-7.079603e+01
2577	-7.109015e+01
2578	-7.045685e+01
2579	-7.551994e+01
2580	-7.438449e+01
2581	-7.270041e+01
2582	-7.540910e+01
2583	-7.246550e+01
2584	-7.002130e+01
2585	-7.157132e+01
2586	-7.160480e+01
2587	-7.146805e+01
2588	-7.459512e+01
2589	-7.020110e+01
2590	-7.405577e+01
2591	-7.303995e+01
2592	-7.202916e+01
2593	-7.247373e+01
2594	-7.212096e+01
2595	-7.435757e+01
2596	-7.238142e+01
2597	-6.994801e+01
2598	-7.254143e+01
2599	-7.727127e+01
2600	-7.474536e+01
2601	-7.485333e+01
2602	-7.502409e+01
2603	-7.553753e+01
2604	-7.403590e+01
2605	-7.621471e+01
2606	-7.576467e+01
2607	-7.455143e+01
2608	-7.510966e+01
2609	-7.057998e+01
2610	-7.085819e+01
2611	-7.297621e+01
2612	-7.397547e+01
2613	-7.110984e+01
2614	-7.400184e+01
2615	-7.597673e+01
2616	-7.276821e+01
2617	-7.108405e+01
2618	-7.229714e+01
2619	-7.528818e+01
2620	-7.349572e+01
2621	-7.544195e+01
2622	-7.595765e+01
2623	-7.591318e+01
2624	-6.965266e+01
2625	-7.939662e+01
2626	-7.484550e+01
2627	-7.320455e+01
2628	-7.668097e+01
2629	-7.386976e+01
2630	-7.147669e+01
2631	-7.333965e+01
2632	-7.283564e+01
2633	-7.135227e+01
2634	-7.408103e+01
2635	-7.351332e+01
2636	-7.589735e+01
2637	-7.021331e+01
2638	-7.134376e+01
2639	-7.521986e+01
2640	-7.554528e+01
2641	-7.736137e+01
2642	-7.137971e+01
2643	-7.287856e+01
2644	-7.234240e+01
2645	-7.207414e+01
2646	-7.660691e+01
2647	-7.194723e+01
2648	-7.600335e+01
2649	-7.247680e+01
2650	-7.511783e+01
2651	-7.157884e+01
2652	-7.211434e+01
2653	-7.080186e+01
2654	-7.201716e+01
2655	-7.432555e+01
2656	-7.298075e+01
2657	-7.398916e+01
2658	-7.551986e+01
2659	-7.472075e+01
2660	-7.413874e+01
2661	-7.063448e+01
2662	-7.309854e+01
2663	-7.743657e+01
2664	-7.384282e+01
2665	-7.436800e+01
2666	-7.119754e+01
2667	-7.435709e+01
2668	-7.542612e+01
2669	-7.547329e+01
2670	-7.529965e+01
2671	-7.007477e+01
2672	-7.574765e+01
2673	-7.284930e+01
2674	-7.274448e+01
2675	-7.159299e+01
2676	-7.157248e+01
2677	-7.104680e+01
2678	-7.154296e+01
2679	-7.677653e+01
2680	-6.878464e+01
2681	-7.626383e+01
2682	-7.288035e+01
2683	-7.233019e+01
2684	-7.284524e+01
2685	-7.318282e+01
2686	-7.764605e+01
2687	-7.394069e+01
2688	-7.553931e+01
2689	-7.308425e+01
2690	-7.076758e+01
2691	-7.464759e+01
2692	-7.091747e+01
2693	-7.239420e+01
2694	-7.331052e+01
2695	-7.540028e+01
2696	-7.180097e+01
2697	-7.152420e+01
2698	-7.261758e+01
2699	-7.206811e+01
2700	-7.364356e+01
2701	-7.463397e+01
2702	-7.176471e+01
2703	-7.126897e+01
2704	-7.499088e+01
2705	-7.442797e+01
2706	-7.265939e+01
2707	-7.228893e+01
2708	-7.425261e+01
2709	-7.158029e+01
2710	-7.193395e+01
2711	-7.309473e+01
2712	-7.412902e+01
2713	-7.241695e+01
2714	-7.313377e+01
2715	-7.353195e+01
2716	-7.197154e+01
2717	-7.260139e+01
2718	-7.225922e+01
2719	-7.373447e+01
2720	-7.139204e+01
2721	-7.088246e+01
2722	-7.302811e+01
2723	-7.206542e+01
2724	-7.189980e+01
2725	-7.666480e+01
2726	-7.097934e+01
2727	-7.299888e+01
2728	-7.357863e+01
2729	-7.108364e+01
2730	-7.227780e+01
2731	-7.457740e+01
2732	-7.116100e+01
2733	-7.394137e+01
2734	-7.350648e+01
2735	-7.209868e+01
2736	-7.442684e+01
2737	-7.333652e+01
2738	-7.485597e+01
2739	-7.642363e+01
2740	-7.546204e+01
2741	-7.222747e+01
2742	-7.159455e+01
2743	-7.800350e+01
2744	-7.287177e+01
2745	-7.333970e+01
2746	-7.598198e+01
2747	-7.652455e+01
2748	-7.075952e+01
2749	-7.346595e+01
2750	-7.242002e+01
2751	-7.292281e+01
2752	-7.489811e+01
2753	-7.282970e+01
2754	-7.633725e+01
2755	-7.198569e+01
2756	-7.203132e+01
2757	-6.986754e+01
2758	-7.159020e+01
2759	-7.023854e+01
2760	-7.362862e+01
2761	-7.333229e+01
2762	-7.338930e+01
2763	-7.405198e+01
2764	-7.132835e+01
2765	-7.770412e+01
2766	-7.213558e+01
2767	-7.323661e+01
2768	-6.862859e+01
2769	-7.139224e+01
2770	-7.191190e+01
2771	-7.324417e+01
2772	-7.024803e+01
2773	-7.364844e+01
2774	-7.330346e+01
2775	-7.331403e+01
2776	-7.140639e+01
2777	-7.564087e+01
2778	-7.654484e+01
2779	-7.316255e+01
2780	-7.419119e+01
2781	-7.404486e+01
2782	-7.501888e+01
2783	-7.124086e+01
2784	-6.787077e+01
2785	-7.142767e+01
2786	-7.070088e+01
2787	-7.395321e+01
2788	-7.345441e+01
2789	-7.061808e+01
2790	-7.536648e+01
2791	-7.492513e+01
2792	-7.227229e+01
2793	-7.539232e+01
2794	-7.420159e+01
2795	-7.390876e+01
2796	-7.254321e+01
2797	-7.270094e+01
2798	-7.451471e+01
2799	-7.679799e+01
2800	-7.281761e+01
2801	-7.131309e+01
2802	-7.782722e+01
2803	-7.246338e+01
2804	-7.480119e+01
2805	-7.328625e+01
2806	-7.194374e+01
2807	-7.622260e+01
2808	-7.100908e+01
2809	-7.352137e+01
2810	-7.309863e+01
2811	-7.518543e+01
2812	-7.172504e+01
2813	-7.330129e+01
2814	-7.593938e+01
2815	-7.357457e+01
2816	-7.380275e+01
2817	-7.615345e+01
2818	-7.565628e+01
2819	-7.078286e+01
2820	-7.070807e+01
2821	-7.445575e+01
2822	-7.263857e+01
2823	-7.120364e+01
2824	-7.423619e+01
2825	-7.015849e+01
2826	-7.580940e+01
2827	-7.412774e+01
2828	-7.574421e+01
2829	-7.770874e+01
2830	-7.801122e+01
2831	-7.455680e+01
2832	-7.155619e+01
2833	-7.573656e+01
2834	-7.401131e+01
2835	-7.581869e+01
2836	-7.361176e+01
2837	-7.306002e+01
2838	-7.344218e+01
2839	-7.374192e+01
2840	-7.562604e+01
2841	-7.154958e+01
2842	-7.406102e+01
2843	-7.284093e+01
2844	-7.388451e+01
2845	-7.524193e+01
2846	-7.195587e+01
2847	-7.161606e+01
2848	-7.353038e+01
2849	-7.106936e+01
2850	-7.132428e+01
2851	-7.167627e+01
2852	-7.544967e+01
2853	-7.368996e+01
2854	-7.019705e+01
2855	-7.572665e+01
2856	-7.463638e+01
2857	-7.178698e+01
2858	-7.185302e+01
2859	-7.155068e+01
2860	-7.713391e+01
2861	-7.345877e+01
2862	-7.305223e+01
2863	-7.203952e+01
2864	-7.238424e+01
2865	-7.683276e+01
2866	-7.307511e+01
2867	-7.255190e+01
2868	-7.217480e+01
2869	-7.318220e+01
2870	-7.193065e+01
2871	-7.452627e+01
2872	-7.115138e+01
2873	-6.969515e+01
2874	-7.409157e+01
2875	-7.113940e+01
2876	-7.385286e+01
2877	-7.178281e+01
2878	-7.435459e+01
2879	-7.305219e+01
2880	-7.385915e+01
2881	-7.480667e+01
2882	-7.373348e+01
2883	-7.460929e+01
2884	-7.522797e+01
2885	-7.407650e+01
2886	-7.744296e+01
2887	-7.274652e+01
2888	-7.574358e+01
2889	-7.145479e+01
2890	-7.159802e+01
2891	-7.155705e+01
2892	-7.518930e+01
2893	-7.335826e+01
2894	-7.512034e+01
2895	-7.284950e+01
2896	-7.622442e+01
2897	-7.363028e+01
2898	-7.007714e+01
2899	-7.408233e+01
2900	-7.125328e+01
2901	-7.134622e+01
2902	-7.327124e+01
2903	-7.393134e+01
2904	-7.408693e+01
2905	-7.627172e+01
2906	-7.241695e+01
2907	-7.210073e+01
2908	-7.426727e+01
2909	-7.462503e+01
2910	-7.336421e+01
2911	-7.021891e+01
2912	-7.495785e+01
2913	-7.287282e+01
2914	-6.965447e+01
2915	-7.340918e+01
2916	-7.269534e+01
2917	-7.079702e+01
2918	-7.434754e+01
2919	-7.335173e+01
2920	-7.051101e+01
2921	-7.408480e+01
2922	-7.327660e+01
2923	-6.970545e+01
2924	-7.065651e+01
2925	-7.207694e+01
2926	-7.268822e+01
2927	-7.576374e+01
2928	-7.450459e+01
2929	-6.906480e+01
2930	-7.184618e+01
2931	-7.033406e+01
2932	-7.417651e+01
2933	-7.348928e+01
2934	-7.423251e+01
2935	-7.198789e+01
2936	-7.098370e+01
2937	-7.514259e+01
2938	-7.437072e+01
2939	-7.397035e+01
2940	-7.362571e+01
2941	-7.289703e+01
2942	-7.099615e+01
2943	-7.078284e+01
2944	-7.221838e+01
2945	-7.358605e+01
2946	-7.550913e+01
2947	-7.043505e+01
2948	-7.250360e+01
2949	-7.633690e+01
2950	-7.203824e+01
2951	-7.297943e+01
2952	-7.093583e+01
2953	-7.261324e+01
2954	-7.456437e+01
2955	-7.347059e+01
2956	-7.411882e+01
2957	-7.576435e+01
2958	-7.092793e+01
2959	-7.215749e+01
2960	-7.210916e+01
2961	-7.305420e+01
2962	-7.329075e+01
2963	-7.142852e+01
2964	-7.461934e+01
2965	-7.180641e+01
2966	-7.125767e+01
2967	-7.498904e+01
2968	-7.471163e+01
2969	-7.332362e+01
2970	-7.268358e+01
2971	-7.243913e+01
2972	-7.599621e+01
2973	-7.213004e+01
2974	-7.466764e+01
2975	-7.580358e+01
2976	-7.593622e+01
2977	-7.208307e+01
2978	-7.259038e+01
2979	-7.282693e+01
2980	-7.544294e+01
2981	-7.522261e+01
2982	-6.983191e+01
2983	-7.270007e+01
2984	-7.567959e+01
2985	-7.197199e+01
2986	-7.745488e+01
2987	-7.143039e+01
2988	-7.359142e+01
2989	-7.075689e+01
2990	-7.600760e+01
2991	-7.277218e+01
2992	-7.582274e+01
2993	-7.488971e+01
2994	-7.096282e+01
2995	-7.416114e+01
2996	-7.457176e+01
2997	-7.347247e+01
2998	-7.430785e+01
2999	-7.761015e+01
3000	-6.987838e+01
3001	-7.443781e+01
3002	-7.237437e+01
3003	-7.249908e+01
3004	-7.548813e+01
3005	-7.540444e+01
3006	-7.656605e+01
3007	-7.251902e+01
3008	-7.062477e+01
3009	-7.574794e+01
3010	-7.153690e+01
3011	-7.277914e+01
3012	-7.686036e+01
3013	-7.152022e+01
3014	-7.646470e+01
3015	-7.215615e+01
3016	-7.381406e+01
3017	-7.123486e+01
3018	-7.353236e+01
3019	-7.597768e+01
3020	-7.026512e+01
3021	-7.778307e+01
3022	-7.184401e+01
3023	-7.516373e+01
3024	-7.463125e+01
3025	-7.477497e+01
3026	-7.301789e+01
3027	-7.312237e+01
3028	-7.420287e+01
3029	-7.517086e+01
3030	-7.283490e+01
3031	-7.421561e+01
3032	-7.609156e+01
3033	-7.291120e+01
3034	-7.633339e+01
3035	-7.250196e+01
3036	-7.053758e+01
3037	-7.646706e+01
3038	-7.684452e+01
3039	-7.076966e+01
3040	-7.115508e+01
3041	-7.095586e+01
3042	-7.182935e+01
3043	-7.742536e+01
3044	-7.710642e+01
3045	-7.513332e+01
3046	-7.194311e+01
3047	-7.336107e+01
3048	-7.484707e+01
3049	-7.165288e+01
3050	-7.150446e+01
3051	-7.181729e+01
3052	-7.059739e+01
3053	-7.164929e+01
3054	-7.186031e+01
3055	-7.364737e+01
3056	-7.214233e+01
3057	-7.343452e+01
3058	-7.179792e+01
3059	-7.083084e+01
3060	-7.456049e+01
3061	-7.400691e+01
3062	-7.414956e+01
3063	-7.575613e+01
3064	-7.391671e+01
3065	-7.192555e+01
3066	-7.332433e+01
3067	-7.314367e+01
3068	-7.255031e+01
3069	-7.726559e+01
3070	-7.380469e+01
3071	-7.514552e+01
3072	-7.477206e+01
3073	-7.413971e+01
3074	-7.292059e+01
3075	-7.453548e+01
3076	-7.172236e+01
3077	-7.195291e+01
3078	-7.389599e+01
3079	-7.355842e+01
3080	-7.202483e+01
3081	-7.429414e+01
3082	-7.250723e+01
3083	-7.347342e+01
3084	-7.143411e+01
3085	-7.267594e+01
3086	-7.371080e+01
3087	-7.391684e+01
3088	-7.799114e+01
3089	-7.293741e+01
3090	-7.650512e+01
3091	-7.294674e+01
3092	-7.328538e+01
3093	-7.304034e+01
3094	-7.596409e+01
3095	-7.414816e+01
3096	-7.227754e+01
3097	-7.041700e+01
3098	-7.344554e+01
3099	-7.263692e+01
3100	-7.318380e+01
3101	-7.260533e+01
3102	-7.028066e+01
3103	-6.964993e+01
3104	-7.330464e+01
3105	-7.014563e+01
3106	-7.747517e+01
3107	-6.956470e+01
3108	-7.373358e+01
3109	-7.508342e+01
3110	-7.409277e+01
3111	-7.332681e+01
3112	-7.139390e+01
3113	-7.549984e+01
3114	-7.433186e+01
3115	-7.635372e+01
3116	-7.520957e+01
3117	-7.165439e+01
3118	-7.225497e+01
3119	-7.638411e+01
3120	-7.121814e+01
3121	-7.404986e+01
3122	-7.459056e+01
3123	-7.392269e+01
3124	-7.429416e+01
3125	-7.326836e+01
3126	-7.411153e+01
3127	-7.216046e+01
3128	-7.078238e+01
3129	-7.402760e+01
3130	-7.421639e+01
3131	-7.378188e+01
3132	-7.578002e+01
3133	-7.484017e+01
3134	-7.124457e+01
3135	-7.166388e+01
3136	-7.665361e+01
3137	-7.770937e+01
3138	-7.485110e+01
3139	-7.095031e+01
3140	-7.306278e+01
3141	-7.330877e+01
3142	-7.559405e+01
3143	-7.252091e+01
3144	-7.394524e+01
3145	-7.297050e+01
3146	-7.577742e+01
3147	-7.219876e+01
3148	-7.477410e+01
3149	-7.322982e+01
3150	-7.064561e+01
3151	-7.323016e+01
3152	-7.583687e+01
3153	-7.252164e+01
3154	-7.221737e+01
3155	-7.149234e+01
3156	-6.986758e+01
3157	-6.949777e+01
3158	-7.167565e+01
3159	-7.328143e+01
3160	-7.292669e+01
3161	-7.065241e+01
3162	-7.429266e+01
3163	-7.343994e+01
3164	-7.190945e+01
3165	-7.283027e+01
3166	-7.408200e+01
3167	-7.292247e+01
3168	-7.329086e+01
3169	-7.201610e+01
3170	-7.038771e+01
3171	-7.327547e+01
3172	-7.739265e+01
3173	-7.226047e+01
3174	-7.519218e+01
3175	-7.338000e+01
3176	-7.155020e+01
3177	-7.745381e+01
3178	-7.123368e+01
3179	-7.687553e+01
3180	-7.417576e+01
3181	-7.081274e+01
3182	-7.595147e+01
3183	-7.493267e+01
3184	-7.286770e+01
3185	-7.348533e+01
3186	-7.631486e+01
3187	-7.294702e+01
3188	-7.320774e+01
3189	-7.256185e+01
3190	-7.636037e+01
3191	-7.311320e+01
3192	-7.465230e+01
3193	-7.400059e+01
3194	-7.440743e+01
3195	-7.182679e+01
3196	-7.684645e+01
3197	-7.354101e+01
3198	-7.558728e+01
3199	-7.432212e+01
3200	-7.018484e+01
3201	-7.583064e+01
3202	-7.414087e+01
3203	-7.281581e+01
3204	-7.407259e+01
3205	-7.650039e+01
3206	-7.309180e+01
3207	-7.161276e+01
3208	-7.358430e+01
3209	-7.651972e+01
3210	-7.490339e+01
3211	-7.624818e+01
3212	-7.254038e+01
3213	-6.985527e+01
3214	-7.235107e+01
3215	-7.189201e+01
3216	-7.475157e+01
3217	-7.322092e+01
3218	-7.297992e+01
3219	-7.378872e+01
3220	-7.712515e+01
3221	-7.216557e+01
3222	-7.303267e+01
3223	-7.256508e+01
3224	-7.011989e+01
3225	-7.351538e+01
3226	-7.249344e+01
3227	-7.248630e+01
3228	-7.414151e+01
3229	-7.304554e+01
3230	-7.322873e+01
3231	-7.452520e+01
3232	-7.157354e+01
3233	-7.217160e+01
3234	-7.220469e+01
3235	-7.441670e+01
3236	-7.122267e+01
3237	-7.390153e+01
3238	-7.478976e+01
3239	-7.036309e+01
3240	-7.499463e+01
3241	-7.256739e+01
3242	-7.730304e+01
3243	-7.424079e+01
3244	-7.325534e+01
3245	-7.472523e+01
3246	-7.413603e+01
3247	-7.429552e+01
3248	-7.301356e+01
3249	-7.307293e+01
3250	-7.130057e+01
3251	-7.781013e+01
3252	-7.120753e+01
3253	-7.463007e+01
3254	-6.875583e+01
3255	-7.091047e+01
3256	-7.207412e+01
3257	-7.254765e+01
3258	-7.331222e+01
3259	-7.391749e+01
3260	-7.284251e+01
3261	-7.448733e+01
3262	-7.301370e+01
3263	-7.331941e+01
3264	-7.805148e+01
3265	-7.658422e+01
3266	-7.521092e+01
3267	-7.391154e+01
3268	-7.325636e+01
3269	-7.488028e+01
3270	-7.414204e+01
3271	-7.066249e+01
3272	-7.604588e+01
3273	-7.809604e+01
3274	-7.218205e+01
3275	-7.176756e+01
3276	-7.053404e+01
3277	-7.284955e+01
3278	-7.812128e+01
3279	-7.334620e+01
3280	-7.363901e+01
3281	-7.182393e+01
3282	-7.531909e+01
3283	-7.067814e+01
3284	-7.468459e+01
3285	-7.517177e+01
3286	-7.189798e+01
3287	-7.284667e+01
3288	-7.336896e+01
3289	-7.299204e+01
3290	-6.902924e+01
3291	-7.511646e+01
3292	-7.658041e+01
3293	-7.533465e+01
3294	-7.228334e+01
3295	-7.286413e+01
3296	-7.200064e+01
3297	-7.528879e+01
3298	-7.217787e+01
3299	-7.434461e+01
3300	-7.252332e+01
3301	-7.644535e+01
3302	-7.643228e+01
3303	-7.273060e+01
3304	-7.362230e+01
3305	-7.205023e+01
3306	-7.269715e+01
3307	-7.288442e+01
3308	-7.394548e+01
3309	-7.244412e+01
3310	-7.359398e+01
3311	-7.201602e+01
3312	-7.252035e+01
3313	-7.491057e+01
3314	-7.413735e+01
3315	-7.163934e+01
3316	-7.185035e+01
3317	-7.030415e+01
3318	-7.188195e+01
3319	-7.541684e+01
3320	-7.300100e+01
3321	-7.720464e+01
3322	-7.374991e+01
3323	-7.566695e+01
3324	-7.515945e+01
3325	-7.451574e+01
3326	-6.854588e+01
3327	-7.231493e+01
3328	-7.551805e+01
3329	-7.297630e+01
3330	-7.085356e+01
3331	-7.420178e+01
3332	-7.639637e+01
3333	-7.253086e+01
3334	-7.727438e+01
3335	-7.201360e+01
3336	-7.309595e+01
3337	-6.972722e+01
3338	-7.347142e+01
3339	-6.970516e+01
3340	-7.152946e+01
3341	-7.589064e+01
3342	-7.093474e+01
3343	-7.405406e+01
3344	-7.126530e+01
3345	-7.561420e+01
3346	-6.996851e+01
3347	-7.369795e+01
3348	-7.273296e+01
3349	-7.340142e+01
3350	-7.775623e+01
3351	-7.334725e+01
3352	-7.128111e+01
3353	-7.136177e+01
3354	-7.287342e+01
3355	-7.450978e+01
3356	-7.133478e+01
3357	-7.500249e+01
3358	-7.407733e+01
3359	-7.277225e+01
3360	-7.338576e+01
3361	-7.133158e+01
3362	-7.086509e+01
3363	-6.996368e+01
3364	-7.289586e+01
3365	-7.587974e+01
3366	-7.125787e+01
3367	-7.031301e+01
3368	-7.084929e+01
3369	-7.499450e+01
3370	-7.486411e+01
3371	-7.619386e+01
3372	-7.069663e+01
3373	-7.323654e+01
3374	-7.477013e+01
3375	-7.296396e+01
3376	-7.151326e+01
3377	-7.224520e+01
3378	-8.195763e+01
3379	-7.075901e+01
3380	-7.426533e+01
3381	-7.616406e+01
3382	-7.276388e+01
3383	-7.395630e+01
3384	-7.258943e+01
3385	-7.305586e+01
3386	-6.885961e+01
3387	-7.501765e+01
3388	-7.682403e+01
3389	-7.402118e+01
3390	-7.223638e+01
3391	-7.080024e+01
3392	-7.749888e+01
3393	-7.570712e+01
3394	-7.461969e+01
3395	-7.281725e+01
3396	-7.814028e+01
3397	-7.580342e+01
3398	-7.165457e+01
3399	-7.566454e+01
3400	-7.059423e+01
3401	-7.189026e+01
3402	-7.242084e+01
3403	-7.489155e+01
3404	-7.323113e+01
3405	-7.179895e+01
3406	-7.010512e+01
3407	-6.942580e+01
3408	-7.604328e+01
3409	-6.913229e+01
3410	-7.322516e+01
3411	-7.611807e+01
3412	-7.480169e+01
3413	-7.417575e+01
3414	-7.323610e+01
3415	-7.228935e+01
3416	-7.105495e+01
3417	-7.049947e+01
3418	-7.338444e+01
3419	-7.056098e+01
3420	-7.301289e+01
3421	-7.503914e+01
3422	-7.248858e+01
3423	-7.432429e+01
3424	-7.195030e+01
3425	-7.025274e+01
3426	-7.236561e+01
3427	-6.882598e+01
3428	-7.783474e+01
3429	-7.363380e+01
3430	-7.248413e+01
3431	-7.412810e+01
3432	-7.370567e+01
3433	-7.478136e+01
3434	-7.406216e+01
3435	-7.103657e+01
3436	-7.284054e+01
3437	-7.460355e+01
3438	-7.226605e+01
3439	-7.720056e+01
3440	-7.035431e+01
3441	-7.414075e+01
3442	-7.254055e+01
3443	-7.455940e+01
3444	-7.379261e+01
3445	-7.389291e+01
3446	-7.583987e+01
3447	-7.449754e+01
3448	-7.523970e+01
3449	-7.493586e+01
3450	-7.529074e+01
3451	-7.176256e+01
3452	-7.561967e+01
3453	-7.244438e+01
3454	-7.490083e+01
3455	-7.410267e+01
3456	-7.077280e+01
3457	-7.261106e+01
3458	-7.002557e+01
3459	-7.499653e+01
3460	-7.083383e+01
3461	-7.114420e+01
3462	-7.062889e+01
3463	-7.354640e+01
3464	-7.309175e+01
3465	-7.314593e+01
3466	-6.917394e+01
3467	-7.393033e+01
3468	-7.123172e+01
3469	-7.307561e+01
3470	-7.407098e+01
3471	-7.488462e+01
3472	-7.391189e+01
3473	-7.294149e+01
3474	-7.434184e+01
3475	-7.367547e+01
3476	-7.704132e+01
3477	-7.528054e+01
3478	-7.375132e+01
3479	-7.192049e+01
3480	-6.877184e+01
3481	-7.365546e+01
3482	-7.453332e+01
3483	-7.419233e+01
3484	-7.630319e+01
3485	-7.257666e+01
3486	-7.337737e+01
3487	-7.097072e+01
3488	-7.173541e+01
3489	-7.195749e+01
3490	-7.752196e+01
3491	-7.387347e+01
3492	-7.742396e+01
3493	-7.348391e+01
3494	-7.193817e+01
3495	-7.441344e+01
3496	-7.562397e+01
3497	-7.251183e+01
3498	-7.106877e+01
3499	-7.126611e+01
3500	-7.305301e+01
3501	-7.467477e+01
3502	-7.538638e+01
3503	-7.409129e+01
3504	-7.438581e+01
3505	-7.485960e+01
3506	-7.156076e+01
3507	-7.421208e+01
3508	-7.200735e+01
3509	-6.995194e+01
3510	-7.406569e+01
3511	-7.374552e+01
3512	-7.380297e+01
3513	-7.351577e+01
3514	-7.061435e+01
3515	-7.300526e+01
3516	-7.274232e+01
3517	-7.134701e+01
3518	-7.425725e+01
3519	-7.348255e+01
3520	-7.449445e+01
3521	-7.155249e+01
3522	-7.472943e+01
3523	-7.498898e+01
3524	-7.428267e+01
3525	-7.408320e+01
3526	-7.057727e+01
3527	-7.247425e+01
3528	-7.497029e+01
3529	-7.112660e+01
3530	-7.243714e+01
3531	-7.422431e+01
3532	-7.450754e+01
3533	-7.730535e+01
3534	-7.148796e+01
3535	-6.931654e+01
3536	-7.556733e+01
3537	-7.587177e+01
3538	-7.685867e+01
3539	-7.530484e+01
3540	-7.205931e+01
3541	-7.451283e+01
3542	-7.206017e+01
3543	-7.418560e+01
3544	-7.335293e+01
3545	-7.411893e+01
3546	-7.286141e+01
3547	-7.170639e+01
3548	-7.258374e+01
3549	-7.468141e+01
3550	-7.499154e+01
3551	-7.110242e+01
3552	-7.587604e+01
3553	-7.650195e+01
3554	-7.191554e+01
3555	-7.354451e+01
3556	-7.037038e+01
3557	-7.194778e+01
3558	-7.435901e+01
3559	-7.255002e+01
3560	-7.312136e+01
3561	-7.323507e+01
3562	-7.284298e+01
3563	-7.556772e+01
3564	-7.397419e+01
3565	-7.276739e+01
3566	-6.918227e+01
3567	-7.561264e+01
3568	-7.441015e+01
3569	-6.913196e+01
3570	-7.370127e+01
3571	-7.492392e+01
3572	-7.312368e+01
3573	-7.321046e+01
3574	-7.580338e+01
3575	-7.781341e+01
3576	-7.503477e+01
3577	-7.171695e+01
3578	-7.696126e+01
3579	-7.285826e+01
3580	-7.324566e+01
3581	-7.164799e+01
3582	-7.425272e+01
3583	-7.648822e+01
3584	-7.290553e+01
3585	-7.304626e+01
3586	-7.188469e+01
3587	-7.777336e+01
3588	-7.320293e+01
3589	-7.177819e+01
3590	-7.008040e+01
3591	-7.351921e+01
3592	-7.632414e+01
3593	-7.360884e+01
3594	-7.567303e+01
3595	-7.460101e+01
3596	-7.140481e+01
3597	-7.475928e+01
3598	-7.154225e+01
3599	-7.077489e+01
3600	-7.127720e+01
3601	-7.193811e+01
3602	-7.255219e+01
3603	-7.616547e+01
3604	-7.092231e+01
3605	-6.992754e+01
3606	-7.218095e+01
3607	-7.480877e+01
3608	-7.171061e+01
3609	-7.093749e+01
3610	-7.182530e+01
3611	-7.331355e+01
3612	-7.324022e+01
3613	-7.423601e+01
3614	-7.095818e+01
3615	-7.412517e+01
3616	-7.553165e+01
3617	-7.655326e+01
3618	-7.356918e+01
3619	-7.306707e+01
3620	-7.313741e+01
3621	-7.580871e+01
3622	-7.584320e+01
3623	-7.555156e+01
3624	-7.323966e+01
3625	-7.183103e+01
3626	-7.260016e+01
3627	-7.035194e+01
3628	-7.205563e+01
3629	-7.292945e+01
3630	-7.763503e+01
3631	-7.090838e+01
3632	-7.363924e+01
3633	-7.315580e+01
3634	-7.195694e+01
3635	-7.285120e+01
3636	-7.442938e+01
3637	-7.310110e+01
3638	-7.166820e+01
3639	-7.453672e+01
3640	-7.243997e+01
3641	-7.204865e+01
3642	-7.325849e+01
3643	-7.262763e+01
3644	-7.447789e+01
3645	-7.552064e+01
3646	-7.152019e+01
3647	-7.284945e+01
3648	-7.158785e+01
3649	-7.471654e+01
3650	-7.204116e+01
3651	-7.201404e+01
3652	-7.125569e+01
3653	-7.493366e+01
3654	-7.667666e+01
3655	-7.480443e+01
3656	-7.327631e+01
3657	-7.374796e+01
3658	-7.495611e+01
3659	-7.336721e+01
3660	-7.128954e+01
3661	-7.189233e+01
3662	-7.182415e+01
3663	-7.135132e+01
3664	-7.050690e+01
3665	-7.097843e+01
3666	-7.125904e+01
3667	-7.207276e+01
3668	-7.511270e+01
3669	-7.477544e+01
3670	-7.447486e+01
3671	-7.479751e+01
3672	-7.202437e+01
3673	-7.431064e+01
3674	-7.171270e+01
3675	-7.201719e+01
3676	-7.259269e+01
3677	-7.100208e+01
3678	-6.996932e+01
3679	-7.339340e+01
3680	-7.281984e+01
3681	-7.286066e+01
3682	-7.541421e+01
3683	-7.507647e+01
3684	-7.479460e+01
3685	-7.289517e+01
3686	-7.248722e+01
3687	-7.279564e+01
3688	-7.278087e+01
3689	-6.934431e+01
3690	-7.471349e+01
3691	-7.265686e+01
3692	-7.424038e+01
3693	-7.093238e+01
3694	-7.200535e+01
3695	-7.204712e+01
3696	-7.238093e+01
3697	-7.229851e+01
3698	-7.363405e+01
3699	-7.404407e+01
3700	-7.493718e+01
3701	-7.454906e+01
3702	-7.548353e+01
3703	-7.374294e+01
3704	-7.595917e+01
3705	-7.739151e+01
3706	-7.763675e+01
3707	-7.192190e+01
3708	-7.487922e+01
3709	-7.484700e+01
3710	-7.105320e+01
3711	-7.409031e+01
3712	-7.167494e+01
3713	-7.091568e+01
3714	-7.356574e+01
3715	-7.176579e+01
3716	-7.283249e+01
3717	-7.505477e+01
3718	-7.225384e+01
3719	-7.219677e+01
3720	-7.222333e+01
3721	-7.263396e+01
3722	-7.426082e+01
3723	-6.738360e+01
3724	-7.312482e+01
3725	-7.487868e+01
3726	-7.585979e+01
3727	-7.115481e+01
3728	-7.127205e+01
3729	-7.611301e+01
3730	-7.303796e+01
3731	-7.143787e+01
3732	-6.919284e+01
3733	-7.201468e+01
3734	-7.357949e+01
3735	-7.056562e+01
3736	-6.955791e+01
3737	-7.527952e+01
3738	-7.140663e+01
3739	-7.055873e+01
3740	-7.117887e+01
3741	-7.316610e+01
3742	-7.296525e+01
3743	-7.315529e+01
3744	-7.346309e+01
3745	-7.280710e+01
3746	-7.622022e+01
3747	-7.089767e+01
3748	-7.069181e+01
3749	-7.807725e+01
3750	-7.396625e+01
3751	-7.104504e+01
3752	-7.133019e+01
3753	-7.647656e+01
3754	-7.518823e+01
3755	-7.597435e+01
3756	-7.440373e+01
3757	-7.064683e+01
3758	-7.254755e+01
3759	-7.426149e+01
3760	-7.083085e+01
3761	-7.106818e+01
3762	-7.380708e+01
3763	-7.384500e+01
3764	-7.368136e+01
3765	-7.003803e+01
3766	-7.086640e+01
3767	-7.477209e+01
3768	-7.370027e+01
3769	-6.795828e+01
3770	-7.287375e+01
3771	-7.391810e+01
3772	-7.220722e+01
3773	-7.361368e+01
3774	-7.068908e+01
3775	-7.520315e+01
3776	-7.380001e+01
3777	-7.243651e+01
3778	-7.287008e+01
3779	-7.195152e+01
3780	-7.074952e+01
3781	-7.409377e+01
3782	-7.539051e+01
3783	-7.140396e+01
3784	-7.667625e+01
3785	-7.636736e+01
3786	-7.260900e+01
3787	-7.596736e+01
3788	-7.299582e+01
3789	-7.457440e+01
3790	-7.143086e+01
3791	-7.417949e+01
3792	-7.328053e+01
3793	-7.216526e+01
3794	-7.484968e+01
3795	-7.249217e+01
3796	-7.300734e+01
3797	-7.146514e+01
3798	-7.313521e+01
3799	-7.350579e+01
3800	-7.028485e+01
3801	-7.495362e+01
3802	-7.142805e+01
3803	-7.009135e+01
3804	-7.309921e+01
3805	-7.379346e+01
3806	-7.128118e+01
3807	-7.509781e+01
3808	-7.534223e+01
3809	-7.241985e+01
3810	-7.313130e+01
3811	-7.157833e+01
3812	-7.426094e+01
3813	-7.485409e+01
3814	-7.463903e+01
3815	-7.529059e+01
3816	-7.265934e+01
3817	-7.186727e+01
3818	-7.421657e+01
3819	-7.528698e+01
3820	-7.539697e+01
3821	-7.877970e+01
3822	-7.190173e+01
3823	-7.453721e+01
3824	-7.457527e+01
3825	-7.452195e+01
3826	-7.430995e+01
3827	-7.409464e+01
3828	-7.379732e+01
3829	-7.019006e+01
3830	-7.343466e+01
3831	-7.236346e+01
3832	-7.375930e+01
3833	-6.955527e+01
3834	-7.266096e+01
3835	-7.329334e+01
3836	-7.354215e+01
3837	-6.860045e+01
3838	-7.326791e+01
3839	-7.391607e+01
3840	-7.311733e+01
3841	-7.320995e+01
3842	-7.407159e+01
3843	-7.004264e+01
3844	-7.780232e+01
3845	-7.321282e+01
3846	-7.711482e+01
3847	-7.435906e+01
3848	-7.245541e+01
3849	-7.257706e+01
3850	-7.426314e+01
3851	-6.991090e+01
3852	-7.252502e+01
3853	-7.578414e+01
3854	-7.391101e+01
3855	-7.805650e+01
3856	-7.464074e+01
3857	-7.391103e+01
3858	-7.228731e+01
3859	-7.114860e+01
3860	-7.122844e+01
3861	-7.194222e+01
3862	-7.002498e+01
3863	-7.261798e+01
3864	-7.069230e+01
3865	-7.189995e+01
3866	-7.200284e+01
3867	-7.184309e+01
3868	-7.277378e+01
3869	-7.622898e+01
3870	-7.587400e+01
3871	-7.133486e+01
3872	-7.090308e+01
3873	-7.131788e+01
3874	-7.273320e+01
3875	-7.299846e+01
3876	-7.322293e+01
3877	-7.554572e+01
3878	-7.338473e+01
3879	-7.193869e+01
3880	-7.007589e+01
3881	-7.076115e+01
3882	-7.826542e+01
3883	-7.357774e+01
3884	-7.604788e+01
3885	-7.550020e+01
3886	-7.551599e+01
3887	-7.258922e+01
3888	-7.324944e+01
3889	-7.254105e+01
3890	-7.481590e+01
3891	-7.586417e+01
3892	-7.407650e+01
3893	-7.598537e+01
3894	-7.449600e+01
3895	-7.295455e+01
3896	-7.479445e+01
3897	-7.404155e+01
3898	-7.245586e+01
3899	-7.041335e+01
3900	-7.111832e+01
3901	-7.329579e+01
3902	-7.198484e+01
3903	-7.518275e+01
3904	-7.385271e+01
3905	-7.165998e+01
3906	-7.185499e+01
3907	-7.124111e+01
3908	-7.389752e+01
3909	-7.380360e+01
3910	-7.594023e+01
3911	-7.145200e+01
3912	-7.222605e+01
3913	-7.311281e+01
3914	-7.410895e+01
3915	-7.587951e+01
3916	-7.465863e+01
3917	-7.195059e+01
3918	-7.127791e+01
3919	-7.284228e+01
3920	-7.186946e+01
3921	-7.034461e+01
3922	-7.154885e+01
3923	-7.543979e+01
3924	-7.499535e+01
3925	-7.562431e+01
3926	-6.885349e+01
3927	-7.409386e+01
3928	-7.600125e+01
3929	-7.344875e+01
3930	-7.360838e+01
3931	-7.222092e+01
3932	-7.659509e+01
3933	-7.391558e+01
3934	-7.651101e+01
3935	-7.559828e+01
3936	-7.208890e+01
3937	-6.956065e+01
3938	-7.307896e+01
3939	-7.216292e+01
3940	-7.422410e+01
3941	-7.424756e+01
3942	-7.134334e+01
3943	-7.470899e+01
3944	-7.031142e+01
3945	-7.602509e+01
3946	-7.448859e+01
3947	-7.521383e+01
3948	-7.253507e+01
3949	-7.320004e+01
3950	-7.418548e+01
3951	-7.407230e+01
3952	-7.375286e+01
3953	-7.287303e+01
3954	-7.326743e+01
3955	-6.999144e+01
3956	-7.561904e+01
3957	-7.419987e+01
3958	-7.703860e+01
3959	-7.338152e+01
3960	-6.861002e+01
3961	-7.104921e+01
3962	-7.192467e+01
3963	-7.124227e+01
3964	-7.673680e+01
3965	-6.773750e+01
3966	-7.113654e+01
3967	-7.251701e+01
3968	-7.383555e+01
3969	-7.141912e+01
3970	-7.139510e+01
3971	-7.560229e+01
3972	-7.560699e+01
3973	-7.268388e+01
3974	-7.513213e+01
3975	-7.078364e+01
3976	-7.308455e+01
3977	-7.563782e+01
3978	-7.228239e+01
3979	-7.190525e+01
3980	-7.477269e+01
3981	-7.305747e+01
3982	-7.115956e+01
3983	-7.115466e+01
3984	-7.722424e+01
3985	-7.310120e+01
3986	-7.146166e+01
3987	-7.393238e+01
3988	-7.100105e+01
3989	-7.205186e+01
3990	-7.376037e+01
3991	-7.327249e+01
3992	-7.062001e+01
3993	-7.294890e+01
3994	-7.519351e+01
3995	-7.256542e+01
3996	-7.590529e+01
3997	-7.450887e+01
3998	-7.422632e+01
3999	-7.201504e+01
4000	-7.341912e+01
4001	-7.354635e+01
4002	-7.320380e+01
4003	-7.466611e+01
4004	-7.076939e+01
4005	-7.460789e+01
4006	-7.396899e+01
4007	-7.541974e+01
4008	-7.046438e+01
4009	-6.986179e+01
4010	-7.451471e+01
4011	-7.215375e+01
4012	-7.359049e+01
4013	-7.565514e+01
4014	-7.364783e+01
4015	-7.194263e+01
4016	-7.304726e+01
4017	-7.496485e+01
4018	-7.445427e+01
4019	-7.242091e+01
4020	-7.361181e+01
4021	-7.383196e+01
4022	-7.348884e+01
4023	-7.198757e+01
4024	-7.227201e+01
4025	-7.776939e+01
4026	-7.195226e+01
4027	-7.252735e+01
4028	-6.883397e+01
4029	-7.625350e+01
4030	-7.158201e+01
4031	-7.379553e+01
4032	-7.410614e+01
4033	-7.078221e+01
4034	-7.040087e+01
4035	-6.976273e+01
4036	-7.200914e+01
4037	-7.271092e+01
4038	-7.680450e+01
4039	-7.622052e+01
4040	-7.359371e+01
4041	-7.060739e+01
4042	-7.468958e+01
4043	-7.436049e+01
4044	-7.732675e+01
4045	-7.200544e+01
4046	-7.022428e+01
4047	-7.410570e+01
4048	-7.333863e+01
4049	-7.263608e+01
4050	-7.131010e+01
4051	-7.291381e+01
4052	-6.957797e+01
4053	-7.304654e+01
4054	-7.241506e+01
4055	-7.123881e+01
4056	-7.428174e+01
4057	-7.250977e+01
4058	-7.107377e+01
4059	-7.235381e+01
4060	-7.341892e+01
4061	-7.296045e+01
4062	-7.280621e+01
4063	-6.931554e+01
4064	-7.379907e+01
4065	-7.184945e+01
4066	-7.378321e+01
4067	-7.607356e+01
4068	-7.189925e+01
4069	-7.329725e+01
4070	-7.056284e+01
4071	-7.571421e+01
4072	-7.457153e+01
4073	-7.214832e+01
4074	-7.421558e+01
4075	-7.316467e+01
4076	-6.887458e+01
4077	-7.362693e+01
4078	-7.347734e+01
4079	-7.554360e+01
4080	-7.070054e+01
4081	-7.056208e+01
4082	-7.272626e+01
4083	-7.451533e+01
4084	-7.343859e+01
4085	-7.408991e+01
4086	-7.400283e+01
4087	-7.277564e+01
4088	-7.201181e+01
4089	-7.376193e+01
4090	-7.291173e+01
4091	-7.116817e+01
4092	-6.809629e+01
4093	-7.321727e+01
4094	-7.549645e+01
4095	-6.957731e+01
4096	-7.445226e+01
4097	-7.140783e+01
4098	-7.342048e+01
4099	-7.612268e+01
4100	-7.122356e+01
4101	-7.296084e+01
4102	-7.503490e+01
4103	-7.196082e+01
4104	-7.177181e+01
4105	-7.384846e+01
4106	-7.726387e+01
4107	-7.385870e+01
4108	-7.107999e+01
4109	-7.358176e+01
4110	-7.429423e+01
4111	-7.150768e+01
4112	-7.333022e+01
4113	-7.324393e+01
4114	-7.341049e+01
4115	-7.388438e+01
4116	-7.588587e+01
4117	-7.096613e+01
4118	-7.458098e+01
4119	-7.350484e+01
4120	-7.199337e+01
4121	-7.433962e+01
4122	-7.494270e+01
4123	-7.267295e+01
4124	-7.466407e+01
4125	-7.419627e+01
4126	-7.072837e+01
4127	-7.611816e+01
4128	-7.500286e+01
4129	-7.927902e+01
4130	-7.297486e+01
4131	-7.188120e+01
4132	-7.199439e+01
4133	-7.497986e+01
4134	-7.580894e+01
4135	-7.742727e+01
4136	-7.067105e+01
4137	-7.315511e+01
4138	-7.533581e+01
4139	-7.373140e+01
4140	-7.058423e+01
4141	-7.359141e+01
4142	-7.746628e+01
4143	-7.182289e+01
4144	-7.391946e+01
4145	-7.586305e+01
4146	-7.302504e+01
4147	-7.408419e+01
4148	-7.413260e+01
4149	-7.220823e+01
4150	-7.332363e+01
4151	-7.367231e+01
4152	-7.364803e+01
4153	-7.474426e+01
4154	-7.320470e+01
4155	-7.189248e+01
4156	-7.310704e+01
4157	-7.472919e+01
4158	-7.464900e+01
4159	-7.150425e+01
4160	-7.519515e+01
4161	-7.457838e+01
4162	-7.664139e+01
4163	-7.266834e+01
4164	-7.297551e+01
4165	-7.260494e+01
4166	-7.036392e+01
4167	-7.341857e+01
4168	-6.876013e+01
4169	-7.460525e+01
4170	-7.656979e+01
4171	-7.177148e+01
4172	-7.391263e+01
4173	-7.264296e+01
4174	-7.308235e+01
4175	-6.934201e+01
4176	-7.402037e+01
4177	-7.367338e+01
4178	-7.529203e+01
4179	-6.922225e+01
4180	-7.342390e+01
4181	-7.535556e+01
4182	-7.318695e+01
4183	-7.662794e+01
4184	-7.734176e+01
4185	-7.457880e+01
4186	-7.346814e+01
4187	-7.584835e+01
4188	-7.048680e+01
4189	-7.066783e+01
4190	-7.181765e+01
4191	-7.521343e+01
4192	-7.058741e+01
4193	-7.270409e+01
4194	-7.091971e+01
4195	-7.403456e+01
4196	-7.243071e+01
4197	-7.392825e+01
4198	-7.463027e+01
4199	-7.063417e+01
4200	-7.518545e+01
4201	-7.145707e+01
4202	-7.344215e+01
4203	-7.321158e+01
4204	-7.759462e+01
4205	-6.995608e+01
4206	-6.989465e+01
4207	-7.261424e+01
4208	-7.192785e+01
4209	-7.075454e+01
4210	-7.155456e+01
4211	-7.618400e+01
4212	-7.343472e+01
4213	-7.337121e+01
4214	-7.263088e+01
4215	-7.243677e+01
4216	-6.969515e+01
4217	-7.457837e+01
4218	-7.293050e+01
4219	-7.513371e+01
4220	-7.127299e+01
4221	-7.192260e+01
4222	-7.260077e+01
4223	-7.625426e+01
4224	-7.178857e+01
4225	-7.329600e+01
4226	-7.496879e+01
4227	-7.038809e+01
4228	-7.006877e+01
4229	-7.378476e+01
4230	-7.294908e+01
4231	-7.290483e+01
4232	-7.260522e+01
4233	-7.572540e+01
4234	-7.147243e+01
4235	-7.371200e+01
4236	-7.362600e+01
4237	-7.283149e+01
4238	-7.524466e+01
4239	-7.091068e+01
4240	-7.328183e+01
4241	-7.450784e+01
4242	-7.278358e+01
4243	-7.495753e+01
4244	-7.520161e+01
4245	-7.869631e+01
4246	-7.311449e+01
4247	-7.125700e+01
4248	-7.459315e+01
4249	-7.438090e+01
4250	-6.862597e+01
4251	-7.387832e+01
4252	-7.380163e+01
4253	-7.587844e+01
4254	-7.482486e+01
4255	-7.066073e+01
4256	-7.646153e+01
4257	-7.517740e+01
4258	-7.127244e+01
4259	-7.156078e+01
4260	-7.113146e+01
4261	-7.173683e+01
4262	-7.241369e+01
4263	-7.443549e+01
4264	-7.322689e+01
4265	-6.949126e+01
4266	-7.285151e+01
4267	-6.998629e+01
4268	-7.390810e+01
4269	-7.703435e+01
4270	-7.478625e+01
4271	-7.498257e+01
4272	-7.290963e+01
4273	-7.487472e+01
4274	-7.390599e+01
4275	-7.222789e+01
4276	-7.442366e+01
4277	-7.497842e+01
4278	-7.273865e+01
4279	-7.475796e+01
4280	-6.825622e+01
4281	-7.424947e+01
4282	-7.389623e+01
4283	-7.442809e+01
4284	-7.512273e+01
4285	-7.239794e+01
4286	-7.196493e+01
4287	-7.303627e+01
4288	-7.585749e+01
4289	-7.410413e+01
4290	-7.250616e+01
4291	-7.456339e+01
4292	-7.415800e+01
4293	-7.202088e+01
4294	-7.427548e+01
4295	-7.238614e+01
4296	-7.002867e+01
4297	-7.517889e+01
4298	-7.464906e+01
4299	-7.539432e+01
4300	-7.636653e+01
4301	-7.216751e+01
4302	-7.272352e+01
4303	-7.092979e+01
4304	-7.119602e+01
4305	-7.395571e+01
4306	-7.382492e+01
4307	-7.044696e+01
4308	-7.505963e+01
4309	-7.389000e+01
4310	-7.301884e+01
4311	-6.944409e+01
4312	-7.290917e+01
4313	-7.314974e+01
4314	-7.456157e+01
4315	-7.571405e+01
4316	-7.096664e+01
4317	-7.157078e+01
4318	-7.338559e+01
4319	-7.475047e+01
4320	-7.170154e+01
4321	-7.306514e+01
4322	-7.388119e+01
4323	-7.150608e+01
4324	-6.947075e+01
4325	-7.336181e+01
4326	-6.862357e+01
4327	-7.416310e+01
4328	-7.346408e+01
4329	-7.526451e+01
4330	-7.209201e+01
4331	-7.454058e+01
4332	-7.047770e+01
4333	-7.509560e+01
4334	-7.367242e+01
4335	-7.269903e+01
4336	-6.841718e+01
4337	-7.480393e+01
4338	-7.618498e+01
4339	-7.235261e+01
4340	-7.223675e+01
4341	-7.055150e+01
4342	-7.103227e+01
4343	-7.280656e+01
4344	-7.389473e+01
4345	-7.511967e+01
4346	-7.096278e+01
4347	-7.301911e+01
4348	-7.343438e+01
4349	-7.547814e+01
4350	-7.054762e+01
4351	-7.480837e+01
4352	-7.227385e+01
4353	-7.348925e+01
4354	-6.957314e+01
4355	-7.199959e+01
4356	-7.413643e+01
4357	-7.508850e+01
4358	-7.356313e+01
4359	-7.437176e+01
4360	-7.757577e+01
4361	-7.287911e+01
4362	-7.084843e+01
4363	-7.384341e+01
4364	-7.394619e+01
4365	-7.372214e+01
4366	-7.696589e+01
4367	-7.093088e+01
4368	-7.130340e+01
4369	-7.467306e+01
4370	-7.481604e+01
4371	-7.465375e+01
4372	-7.250545e+01
4373	-7.272901e+01
4374	-7.361610e+01
4375	-7.065998e+01
4376	-7.340929e+01
4377	-7.262901e+01
4378	-7.281681e+01
4379	-7.420291e+01
4380	-7.317831e+01
4381	-7.425218e+01
4382	-7.356010e+01
4383	-6.945491e+01
4384	-7.350282e+01
4385	-7.412137e+01
4386	-7.277953e+01
4387	-7.597600e+01
4388	-7.048050e+01
4389	-7.144546e+01
4390	-6.987378e+01
4391	-7.224061e+01
4392	-7.524496e+01
4393	-7.147895e+01
4394	-7.617932e+01
4395	-7.678812e+01
4396	-7.316539e+01
4397	-7.380490e+01
4398	-7.160307e+01
4399	-7.491443e+01
4400	-7.413689e+01
4401	-7.403133e+01
4402	-7.258201e+01
4403	-7.477080e+01
4404	-7.058375e+01
4405	-7.260343e+01
4406	-7.341549e+01
4407	-7.619757e+01
4408	-7.217243e+01
4409	-7.283126e+01
4410	-7.439915e+01
4411	-6.827122e+01
4412	-7.274548e+01
4413	-7.280912e+01
4414	-7.154336e+01
4415	-7.144196e+01
4416	-7.189039e+01
4417	-7.510529e+01
4418	-7.230668e+01
4419	-7.615338e+01
4420	-7.422041e+01
4421	-7.359235e+01
4422	-7.277469e+01
4423	-7.331574e+01
4424	-7.284112e+01
4425	-7.404166e+01
4426	-7.343261e+01
4427	-7.432471e+01
4428	-7.620968e+01
4429	-7.474869e+01
4430	-7.176354e+01
4431	-7.492952e+01
4432	-7.194346e+01
4433	-7.247760e+01
4434	-7.604558e+01
4435	-7.492902e+01
4436	-7.560625e+01
4437	-7.045064e+01
4438	-7.444026e+01
4439	-7.335620e+01
4440	-7.041310e+01
4441	-7.274569e+01
4442	-7.343320e+01
4443	-7.120229e+01
4444	-7.057149e+01
4445	-7.270106e+01
4446	-7.299243e+01
4447	-7.337335e+01
4448	-7.044984e+01
4449	-7.213406e+01
4450	-7.244940e+01
4451	-7.198226e+01
4452	-7.356613e+01
4453	-7.485941e+01
4454	-7.217439e+01
4455	-7.145404e+01
4456	-7.838518e+01
4457	-7.610647e+01
4458	-7.526830e+01
4459	-7.573324e+01
4460	-7.239747e+01
4461	-7.155666e+01
4462	-7.586824e+01
4463	-7.134057e+01
4464	-7.697578e+01
4465	-7.114609e+01
4466	-7.053341e+01
4467	-7.382618e+01
4468	-7.177245e+01
4469	-7.340700e+01
4470	-7.545906e+01
4471	-7.627871e+01
4472	-7.577575e+01
4473	-7.429423e+01
4474	-7.578765e+01
4475	-7.222926e+01
4476	-7.190163e+01
4477	-7.490938e+01
4478	-7.114213e+01
4479	-7.148819e+01
4480	-7.411963e+01
4481	-7.008293e+01
4482	-7.089717e+01
4483	-7.417392e+01
4484	-7.465595e+01
4485	-7.219437e+01
4486	-7.424432e+01
4487	-7.543073e+01
4488	-7.559891e+01
4489	-7.239800e+01
4490	-7.589225e+01
4491	-7.023418e+01
4492	-7.352479e+01
4493	-7.803268e+01
4494	-7.432071e+01
4495	-7.661549e+01
4496	-7.445603e+01
4497	-7.331632e+01
4498	-7.468445e+01
4499	-7.344755e+01
4500	-7.198673e+01
4501	-7.691734e+01
4502	-7.241496e+01
4503	-7.073293e+01
4504	-7.701933e+01
4505	-7.245441e+01
4506	-7.057966e+01
4507	-7.359096e+01
4508	-7.434151e+01
4509	-7.468213e+01
4510	-7.166615e+01
4511	-7.316776e+01
4512	-7.102337e+01
4513	-7.373054e+01
4514	-7.212252e+01
4515	-7.040032e+01
4516	-7.097768e+01
4517	-7.398200e+01
4518	-7.547002e+01
4519	-7.482546e+01
4520	-7.180272e+01
4521	-7.479693e+01
4522	-7.367276e+01
4523	-7.574574e+01
4524	-7.416771e+01
4525	-7.371048e+01
4526	-7.536752e+01
4527	-7.682283e+01
4528	-7.433223e+01
4529	-7.084022e+01
4530	-7.116739e+01
4531	-7.549665e+01
4532	-7.490386e+01
4533	-7.517410e+01
4534	-7.764482e+01
4535	-7.108452e+01
4536	-7.655914e+01
4537	-7.958656e+01
4538	-7.631043e+01
4539	-7.236679e+01
4540	-7.437188e+01
4541	-7.256705e+01
4542	-7.155595e+01
4543	-7.123581e+01
4544	-7.269080e+01
4545	-7.341973e+01
4546	-7.364799e+01
4547	-7.317219e+01
4548	-7.131721e+01
4549	-6.940634e+01
4550	-7.094072e+01
4551	-7.270934e+01
4552	-7.430700e+01
4553	-7.459274e+01
4554	-7.126062e+01
4555	-7.437173e+01
4556	-7.352065e+01
4557	-7.164662e+01
4558	-7.458963e+01
4559	-7.449264e+01
4560	-7.226612e+01
4561	-7.755972e+01
4562	-7.176096e+01
4563	-7.554079e+01
4564	-7.270750e+01
4565	-7.361744e+01
4566	-7.313398e+01
4567	-7.235219e+01
4568	-7.528339e+01
4569	-7.373690e+01
4570	-7.437153e+01
4571	-7.227788e+01
4572	-7.194844e+01
4573	-7.324482e+01
4574	-7.268888e+01
4575	-7.840496e+01
4576	-7.375640e+01
4577	-7.593803e+01
4578	-7.278111e+01
4579	-7.372289e+01
4580	-7.574903e+01
4581	-7.446630e+01
4582	-7.408079e+01
4583	-7.268824e+01
4584	-7.480864e+01
4585	-7.161566e+01
4586	-7.144514e+01
4587	-7.624013e+01
4588	-7.439903e+01
4589	-7.388287e+01
4590	-7.389850e+01
4591	-7.229222e+01
4592	-7.242940e+01
4593	-7.801413e+01
4594	-7.671000e+01
4595	-7.933335e+01
4596	-7.581995e+01
4597	-7.422878e+01
4598	-7.647841e+01
4599	-7.267073e+01
4600	-7.490784e+01
4601	-7.416543e+01
4602	-7.628450e+01
4603	-7.097292e+01
4604	-7.422533e+01
4605	-7.332825e+01
4606	-7.509125e+01
4607	-7.116719e+01
4608	-7.579713e+01
4609	-7.676538e+01
4610	-7.374992e+01
4611	-7.210379e+01
4612	-7.059562e+01
4613	-7.191214e+01
4614	-7.717547e+01
4615	-7.537855e+01
4616	-7.430659e+01
4617	-7.315016e+01
4618	-7.649331e+01
4619	-7.215668e+01
4620	-7.518664e+01
4621	-7.484510e+01
4622	-7.163152e+01
4623	-7.453488e+01
4624	-7.360810e+01
4625	-7.558040e+01
4626	-7.152818e+01
4627	-7.184350e+01
4628	-7.277763e+01
4629	-7.606694e+01
4630	-7.330905e+01
4631	-7.527987e+01
4632	-7.836635e+01
4633	-7.075699e+01
4634	-7.051347e+01
4635	-7.247266e+01
4636	-7.699902e+01
4637	-7.044338e+01
4638	-7.814378e+01
4639	-7.402854e+01
4640	-7.536956e+01
4641	-7.381405e+01
4642	-7.385437e+01
4643	-7.338040e+01
4644	-7.355131e+01
4645	-7.709006e+01
4646	-6.979994e+01
4647	-7.516783e+01
4648	-7.217513e+01
4649	-7.273318e+01
4650	-7.489326e+01
4651	-7.404374e+01
4652	-7.121272e+01
4653	-7.445055e+01
4654	-7.511762e+01
4655	-7.230730e+01
4656	-6.895737e+01
4657	-7.388190e+01
4658	-7.690958e+01
4659	-7.302317e+01
4660	-7.078722e+01
4661	-7.343646e+01
4662	-7.474454e+01
4663	-7.464560e+01
4664	-7.415065e+01
4665	-7.253820e+01
4666	-7.472915e+01
4667	-7.253176e+01
4668	-7.295887e+01
4669	-7.279354e+01
4670	-7.684554e+01
4671	-7.218816e+01
4672	-7.264293e+01
4673	-7.396485e+01
4674	-7.390918e+01
4675	-7.114575e+01
4676	-7.083871e+01
4677	-7.134379e+01
4678	-7.302032e+01
4679	-7.687868e+01
4680	-7.639141e+01
4681	-7.191746e+01
4682	-7.340339e+01
4683	-7.219377e+01
4684	-7.101364e+01
4685	-7.195485e+01
4686	-7.101068e+01
4687	-7.255084e+01
4688	-7.439844e+01
4689	-7.519325e+01
4690	-7.254079e+01
4691	-7.718273e+01
4692	-7.318984e+01
4693	-7.260397e+01
4694	-7.608348e+01
4695	-8.011110e+01
4696	-7.650193e+01
4697	-7.078109e+01
4698	-7.112687e+01
4699	-7.371955e+01
4700	-7.459658e+01
4701	-7.087580e+01
4702	-7.110154e+01
4703	-7.414579e+01
4704	-7.399064e+01
4705	-7.183067e+01
4706	-6.996237e+01
4707	-7.649828e+01
4708	-7.030949e+01
4709	-7.070408e+01
4710	-7.524738e+01
4711	-7.307062e+01
4712	-7.314364e+01
4713	-7.134289e+01
4714	-7.381733e+01
4715	-7.243466e+01
4716	-7.501285e+01
4717	-7.895478e+01
4718	-7.551949e+01
4719	-7.153862e+01
4720	-7.272361e+01
4721	-7.108087e+01
4722	-7.466455e+01
4723	-7.154180e+01
4724	-7.615684e+01
4725	-7.097439e+01
4726	-7.278074e+01
4727	-7.470324e+01
4728	-7.667246e+01
4729	-6.936842e+01
4730	-7.427924e+01
4731	-7.455428e+01
4732	-6.992680e+01
4733	-7.092516e+01
4734	-7.583961e+01
4735	-7.596157e+01
4736	-7.272576e+01
4737	-6.975178e+01
4738	-7.428770e+01
4739	-7.286316e+01
4740	-7.354660e+01
4741	-7.464950e+01
4742	-7.049029e+01
4743	-7.306805e+01
4744	-7.292565e+01
4745	-7.224332e+01
4746	-7.534217e+01
4747	-7.525426e+01
4748	-7.074471e+01
4749	-7.075963e+01
4750	-7.230303e+01
4751	-7.733025e+01
4752	-7.514935e+01
4753	-7.384722e+01
4754	-7.336428e+01
4755	-7.166560e+01
4756	-7.433828e+01
4757	-7.429300e+01
4758	-7.317192e+01
4759	-7.218315e+01
4760	-7.313052e+01
4761	-7.693057e+01
4762	-7.559467e+01
4763	-7.119670e+01
4764	-7.134029e+01
4765	-7.137204e+01
4766	-6.965336e+01
4767	-7.194300e+01
4768	-7.485681e+01
4769	-7.453874e+01
4770	-7.406021e+01
4771	-7.212286e+01
4772	-7.274322e+01
4773	-7.492791e+01
4774	-7.222551e+01
4775	-7.250764e+01
4776	-7.115993e+01
4777	-7.634010e+01
4778	-7.532850e+01
4779	-7.205955e+01
4780	-7.285493e+01
4781	-7.315965e+01
4782	-7.139687e+01
4783	-7.238267e+01
4784	-7.330313e+01
4785	-7.347413e+01
4786	-7.207367e+01
4787	-7.042346e+01
4788	-7.116441e+01
4789	-7.369832e+01
4790	-7.365519e+01
4791	-7.250616e+01
4792	-7.185203e+01
4793	-7.360226e+01
4794	-7.100148e+01
4795	-7.360282e+01
4796	-7.316305e+01
4797	-7.335874e+01
4798	-7.410874e+01
4799	-7.307981e+01
4800	-7.185942e+01
4801	-7.298027e+01
4802	-7.298139e+01
4803	-7.515100e+01
4804	-7.364261e+01
4805	-6.924721e+01
4806	-7.210617e+01
4807	-7.385064e+01
4808	-7.152971e+01
4809	-7.415329e+01
4810	-7.524133e+01
4811	-7.218457e+01
4812	-7.389378e+01
4813	-7.327067e+01
4814	-7.616417e+01
4815	-7.327930e+01
4816	-7.130388e+01
4817	-7.500962e+01
4818	-7.290816e+01
4819	-7.393974e+01
4820	-7.312933e+01
4821	-7.336379e+01
4822	-7.037198e+01
4823	-7.009398e+01
4824	-7.669849e+01
4825	-7.217532e+01
4826	-7.426442e+01
4827	-6.897781e+01
4828	-7.259137e+01
4829	-7.475354e+01
4830	-7.298640e+01
4831	-7.237688e+01
4832	-7.417276e+01
4833	-6.904447e+01
4834	-6.938495e+01
4835	-7.545286e+01
4836	-7.181338e+01
4837	-7.584863e+01
4838	-7.096362e+01
4839	-7.100027e+01
4840	-7.056018e+01
4841	-7.145311e+01
4842	-7.599489e+01
4843	-7.183276e+01
4844	-7.602236e+01
4845	-7.446911e+01
4846	-7.408172e+01
4847	-7.104819e+01
4848	-7.415608e+01
4849	-6.963245e+01
4850	-7.099184e+01
4851	-7.231338e+01
4852	-7.127586e+01
4853	-7.086483e+01
4854	-7.627882e+01
4855	-7.201466e+01
4856	-7.013902e+01
4857	-7.423818e+01
4858	-7.154955e+01
4859	-7.217862e+01
4860	-7.379712e+01
4861	-7.228542e+01
4862	-7.126503e+01
4863	-7.269497e+01
4864	-7.172053e+01
4865	-7.554167e+01
4866	-7.333306e+01
4867	-7.318910e+01
4868	-7.228868e+01
4869	-7.422172e+01
4870	-7.458865e+01
4871	-7.227249e+01
4872	-7.396488e+01
4873	-7.365285e+01
4874	-7.426285e+01
4875	-7.280152e+01
4876	-7.324615e+01
4877	-7.046128e+01
4878	-7.212425e+01
4879	-7.707487e+01
4880	-7.648324e+01
4881	-7.203715e+01
4882	-7.319224e+01
4883	-7.185846e+01
4884	-7.204855e+01
4885	-7.357563e+01
4886	-7.108773e+01
4887	-7.513227e+01
4888	-6.950537e+01
4889	-7.223837e+01
4890	-7.313178e+01
4891	-7.202721e+01
4892	-7.330198e+01
4893	-7.132846e+01
4894	-7.562182e+01
4895	-7.192103e+01
4896	-7.616109e+01
4897	-7.483101e+01
4898	-7.450724e+01
4899	-7.574771e+01
4900	-7.342776e+01
4901	-7.288751e+01
4902	-6.986012e+01
4903	-7.266263e+01
4904	-7.171288e+01
4905	-6.657891e+01
4906	-7.497163e+01
4907	-7.673440e+01
4908	-7.297070e+01
4909	-7.170449e+01
4910	-7.075389e+01
4911	-7.160267e+01
4912	-7.270282e+01
4913	-7.524355e+01
4914	-7.732573e+01
4915	-7.455196e+01
4916	-7.578939e+01
4917	-7.159480e+01
4918	-7.122920e+01
4919	-7.192838e+01
4920	-7.095969e+01
4921	-7.187780e+01
4922	-7.388210e+01
4923	-7.253607e+01
4924	-7.070776e+01
4925	-7.414487e+01
4926	-7.143125e+01
4927	-7.283903e+01
4928	-7.010621e+01
4929	-7.407178e+01
4930	-6.888208e+01
4931	-7.133477e+01
4932	-7.159581e+01
4933	-7.524170e+01
4934	-7.596804e+01
4935	-7.099736e+01
4936	-7.684198e+01
4937	-7.673961e+01
4938	-7.390390e+01
4939	-7.497939e+01
4940	-7.389126e+01
4941	-7.509781e+01
4942	-7.737675e+01
4943	-7.235515e+01
4944	-7.396455e+01
4945	-7.497603e+01
4946	-7.344050e+01
4947	-7.555696e+01
4948	-7.209570e+01
4949	-7.305122e+01
4950	-7.039375e+01
4951	-7.213044e+01
4952	-7.303950e+01
4953	-7.612502e+01
4954	-7.497596e+01
4955	-7.348903e+01
4956	-7.453564e+01
4957	-7.320870e+01
4958	-7.419154e+01
4959	-7.541206e+01
4960	-7.549183e+01
4961	-7.990247e+01
4962	-7.521123e+01
4963	-7.412544e+01
4964	-7.130942e+01
4965	-7.413917e+01
4966	-7.483146e+01
4967	-7.154295e+01
4968	-7.724537e+01
4969	-7.290244e+01
4970	-7.518231e+01
4971	-7.506674e+01
4972	-7.202524e+01
4973	-7.318081e+01
4974	-7.673547e+01
4975	-7.210001e+01
4976	-7.237928e+01
4977	-7.675857e+01
4978	-7.185638e+01
4979	-7.104672e+01
4980	-7.582634e+01
4981	-7.112936e+01
4982	-7.139935e+01
4983	-7.606215e+01
4984	-7.124547e+01
4985	-7.653689e+01
4986	-7.149287e+01
4987	-7.507853e+01
4988	-7.384730e+01
4989	-7.354809e+01
4990	-7.566110e+01
4991	-7.541827e+01
4992	-7.412352e+01
4993	-7.468430e+01
4994	-7.350109e+01
4995	-7.318322e+01
4996	-7.327484e+01
4997	-7.180899e+01
4998	-7.663827e+01
4999	-7.566164e+01
5000	-7.445456e+01
5001	-7.138952e+01
5002	-7.316713e+01
5003	-7.672190e+01
5004	-7.557075e+01
5005	-7.164946e+01
5006	-7.227458e+01
5007	-7.597220e+01
5008	-7.279505e+01
5009	-7.394187e+01
5010	-7.163990e+01
5011	-7.099478e+01
5012	-7.416240e+01
5013	-7.630605e+01
5014	-7.416564e+01
5015	-7.034947e+01
5016	-7.663883e+01
5017	-7.581314e+01
5018	-7.357443e+01
5019	-7.077174e+01
5020	-7.106132e+01
5021	-6.999515e+01
5022	-7.050105e+01
5023	-7.404923e+01
5024	-7.360524e+01
5025	-7.160346e+01
5026	-7.081329e+01
5027	-7.129073e+01
5028	-7.421649e+01
5029	-7.328444e+01
5030	-7.226460e+01
5031	-7.485178e+01
5032	-7.342481e+01
5033	-7.440644e+01
5034	-7.344562e+01
5035	-7.169754e+01
5036	-7.359450e+01
5037	-7.102077e+01
5038	-7.453793e+01
5039	-7.123782e+01
5040	-7.474295e+01
5041	-6.855458e+01
5042	-7.424103e+01
5043	-7.296005e+01
5044	-7.405495e+01
5045	-7.661388e+01
5046	-7.274035e+01
5047	-7.521585e+01
5048	-7.376877e+01
5049	-7.767706e+01
5050	-7.674347e+01
5051	-7.554504e+01
5052	-7.088129e+01
5053	-7.490566e+01
5054	-7.189345e+01
5055	-7.720331e+01
5056	-7.724170e+01
5057	-7.383034e+01
5058	-7.312184e+01
5059	-7.377717e+01
5060	-7.050251e+01
5061	-7.503561e+01
5062	-7.272032e+01
5063	-7.551773e+01
5064	-7.607980e+01
5065	-7.021296e+01
5066	-7.521358e+01
5067	-7.135410e+01
5068	-7.161388e+01
5069	-7.341873e+01
5070	-7.407988e+01
5071	-7.591123e+01
5072	-7.350769e+01
5073	-7.532957e+01
5074	-7.781013e+01
5075	-7.117293e+01
5076	-7.411242e+01
5077	-7.461194e+01
5078	-7.300026e+01
5079	-7.802210e+01
5080	-7.418385e+01
5081	-7.298293e+01
5082	-7.640071e+01
5083	-7.791142e+01
5084	-7.544768e+01
5085	-7.517689e+01
5086	-7.337171e+01
5087	-7.401305e+01
5088	-7.627667e+01
5089	-7.136388e+01
5090	-7.300370e+01
5091	-7.450804e+01
5092	-7.575280e+01
5093	-7.218603e+01
5094	-7.454292e+01
5095	-7.193088e+01
5096	-7.392542e+01
5097	-7.503638e+01
5098	-7.010389e+01
5099	-7.442808e+01
5100	-7.324723e+01
5101	-7.240256e+01
5102	-7.693177e+01
5103	-7.277722e+01
5104	-7.478535e+01
5105	-6.690925e+01
5106	-7.543370e+01
5107	-7.546988e+01
5108	-7.607411e+01
5109	-7.219097e+01
5110	-7.507359e+01
5111	-7.305154e+01
5112	-7.237962e+01
5113	-6.930690e+01
5114	-6.732080e+01
5115	-7.587279e+01
5116	-7.345053e+01
5117	-7.436304e+01
5118	-7.121756e+01
5119	-7.328045e+01
5120	-6.895821e+01
5121	-7.688238e+01
5122	-7.687620e+01
5123	-7.212381e+01
5124	-7.430341e+01
5125	-7.408171e+01
5126	-6.991778e+01
5127	-7.230098e+01
5128	-7.057033e+01
5129	-7.316644e+01
5130	-7.311898e+01
5131	-7.388790e+01
5132	-7.368235e+01
5133	-7.093793e+01
5134	-7.616826e+01
5135	-7.473887e+01
5136	-7.276628e+01
5137	-7.261371e+01
5138	-7.294426e+01
5139	-7.700185e+01
5140	-7.475646e+01
5141	-7.401207e+01
5142	-7.524455e+01
5143	-7.403707e+01
5144	-6.979981e+01
5145	-7.171518e+01
5146	-7.452580e+01
5147	-7.223648e+01
5148	-7.134793e+01
5149	-7.546515e+01
5150	-7.636377e+01
5151	-7.072643e+01
5152	-7.441709e+01
5153	-7.104218e+01
5154	-7.882968e+01
5155	-7.254393e+01
5156	-7.277554e+01
5157	-7.401889e+01
5158	-7.684283e+01
5159	-7.401837e+01
5160	-7.113469e+01
5161	-7.410342e+01
5162	-7.143862e+01
5163	-7.248656e+01
5164	-6.973268e+01
5165	-7.238561e+01
5166	-7.213109e+01
5167	-7.399247e+01
5168	-7.279517e+01
5169	-7.358587e+01
5170	-7.239374e+01
5171	-7.075162e+01
5172	-7.336748e+01
5173	-7.190709e+01
5174	-7.545603e+01
5175	-7.103930e+01
5176	-7.575099e+01
5177	-7.264647e+01
5178	-7.183946e+01
5179	-7.410290e+01
5180	-7.437698e+01
5181	-7.196995e+01
5182	-7.482268e+01
5183	-7.307404e+01
5184	-7.428678e+01
5185	-7.372726e+01
5186	-7.444966e+01
5187	-7.466349e+01
5188	-7.414867e+01
5189	-7.044330e+01
5190	-7.475791e+01
5191	-7.286456e+01
5192	-7.302744e+01
5193	-7.231044e+01
5194	-7.157626e+01
5195	-7.253730e+01
5196	-7.584887e+01
5197	-7.288143e+01
5198	-7.334594e+01
5199	-7.394761e+01
5200	-7.068760e+01
5201	-6.985255e+01
5202	-6.985471e+01
5203	-7.575301e+01
5204	-7.526037e+01
5205	-6.913002e+01
5206	-6.893619e+01
5207	-7.235048e+01
5208	-7.523269e+01
5209	-7.340167e+01
5210	-7.093350e+01
5211	-7.624561e+01
5212	-7.193608e+01
5213	-7.421952e+01
5214	-7.491996e+01
5215	-7.277291e+01
5216	-7.161457e+01
5217	-7.500030e+01
5218	-7.482586e+01
5219	-7.502306e+01
5220	-7.705801e+01
5221	-7.122296e+01
5222	-7.579413e+01
5223	-7.167045e+01
5224	-7.263618e+01
5225	-7.272519e+01
5226	-7.118573e+01
5227	-7.905726e+01
5228	-7.505048e+01
5229	-6.961007e+01
5230	-7.239580e+01
5231	-7.076569e+01
5232	-7.236074e+01
5233	-7.242854e+01
5234	-7.162607e+01
5235	-7.443123e+01
5236	-7.427259e+01
5237	-7.348307e+01
5238	-7.233337e+01
5239	-7.468908e+01
5240	-7.354252e+01
5241	-7.294389e+01
5242	-7.532299e+01
5243	-7.411592e+01
5244	-7.557516e+01
5245	-7.240014e+01
5246	-7.190971e+01
5247	-7.253901e+01
5248	-7.594866e+01
5249	-7.298665e+01
5250	-7.611079e+01
5251	-7.441210e+01
5252	-7.326631e+01
5253	-7.470615e+01
5254	-7.085150e+01
5255	-7.085603e+01
5256	-7.277515e+01
5257	-7.215363e+01
5258	-7.324107e+01
5259	-7.402307e+01
5260	-7.250201e+01
5261	-7.469410e+01
5262	-7.390007e+01
5263	-7.221278e+01
5264	-7.405912e+01
5265	-7.436862e+01
5266	-7.076334e+01
5267	-7.378355e+01
5268	-7.480352e+01
5269	-7.058173e+01
5270	-7.891700e+01
5271	-7.114052e+01
5272	-7.268270e+01
5273	-7.184204e+01
5274	-7.070250e+01
5275	-7.210119e+01
5276	-7.340868e+01
5277	-7.487456e+01
5278	-7.545625e+01
5279	-7.374579e+01
5280	-7.049474e+01
5281	-7.543882e+01
5282	-7.362700e+01
5283	-7.180285e+01
5284	-7.178365e+01
5285	-7.254826e+01
5286	-7.287486e+01
5287	-7.016211e+01
5288	-7.672078e+01
5289	-7.046464e+01
5290	-7.288981e+01
5291	-7.312790e+01
5292	-7.206813e+01
5293	-7.349936e+01
5294	-7.445101e+01
5295	-7.272009e+01
5296	-7.509098e+01
5297	-7.334125e+01
5298	-7.354861e+01
5299	-7.151525e+01
5300	-7.140185e+01
5301	-7.419362e+01
5302	-7.090783e+01
5303	-7.433036e+01
5304	-6.987788e+01
5305	-7.503777e+01
5306	-7.178977e+01
5307	-7.040715e+01
5308	-7.284360e+01
5309	-7.394413e+01
5310	-7.221612e+01
5311	-7.333903e+01
5312	-7.375841e+01
5313	-7.144197e+01
5314	-6.924604e+01
5315	-7.499044e+01
5316	-7.434389e+01
5317	-7.368523e+01
5318	-7.160958e+01
5319	-7.255255e+01
5320	-7.391987e+01
5321	-7.278223e+01
5322	-7.282633e+01
5323	-7.315312e+01
5324	-7.287923e+01
5325	-7.234287e+01
5326	-7.528726e+01
5327	-7.229291e+01
5328	-7.165966e+01
5329	-7.358099e+01
5330	-7.200352e+01
5331	-7.329987e+01
5332	-7.450520e+01
5333	-7.266002e+01
5334	-7.099438e+01
5335	-7.391206e+01
5336	-7.233738e+01
5337	-7.446047e+01
5338	-7.515550e+01
5339	-7.128206e+01
5340	-7.305040e+01
5341	-7.600475e+01
5342	-7.115160e+01
5343	-7.380777e+01
5344	-7.430252e+01
5345	-7.551142e+01
5346	-7.379455e+01
5347	-6.886327e+01
5348	-7.464748e+01
5349	-7.349378e+01
5350	-7.035768e+01
5351	-7.304612e+01
5352	-7.165598e+01
5353	-7.535970e+01
5354	-7.700569e+01
5355	-7.412352e+01
5356	-7.196504e+01
5357	-7.316963e+01
5358	-6.738374e+01
5359	-7.091244e+01
5360	-7.284918e+01
5361	-7.333339e+01
5362	-7.409603e+01
5363	-7.647605e+01
5364	-7.511157e+01
5365	-7.402394e+01
5366	-7.546192e+01
5367	-7.561109e+01
5368	-7.323191e+01
5369	-7.527299e+01
5370	-7.469984e+01
5371	-7.156775e+01
5372	-7.488421e+01
5373	-7.488039e+01
5374	-7.536493e+01
5375	-7.114397e+01
5376	-7.280628e+01
5377	-7.237173e+01
5378	-6.788776e+01
5379	-7.297677e+01
5380	-7.448422e+01
5381	-7.259932e+01
5382	-7.367893e+01
5383	-7.526851e+01
5384	-7.851144e+01
5385	-7.275784e+01
5386	-7.541569e+01
5387	-7.349087e+01
5388	-7.291595e+01
5389	-7.282823e+01
5390	-6.910434e+01
5391	-7.495599e+01
5392	-7.346843e+01
5393	-7.279945e+01
5394	-7.217434e+01
5395	-7.834440e+01
5396	-7.490065e+01
5397	-7.359033e+01
5398	-7.317660e+01
5399	-7.197369e+01
5400	-7.006659e+01
5401	-7.769208e+01
5402	-7.325844e+01
5403	-7.173684e+01
5404	-7.346093e+01
5405	-7.454182e+01
5406	-7.603370e+01
5407	-7.267528e+01
5408	-7.380128e+01
5409	-7.573771e+01
5410	-7.389411e+01
5411	-6.984365e+01
5412	-7.260908e+01
5413	-7.360583e+01
5414	-7.117301e+01
5415	-7.255639e+01
5416	-7.380019e+01
5417	-7.326800e+01
5418	-7.186132e+01
5419	-7.560595e+01
5420	-7.444072e+01
5421	-7.309275e+01
5422	-7.287132e+01
5423	-7.341857e+01
5424	-7.309279e+01
5425	-7.151976e+01
5426	-7.468610e+01
5427	-7.352198e+01
5428	-7.043349e+01
5429	-7.364079e+01
5430	-7.200775e+01
5431	-7.270130e+01
5432	-7.228969e+01
5433	-7.179043e+01
5434	-7.365607e+01
5435	-7.116780e+01
5436	-7.380639e+01
5437	-7.419423e+01
5438	-7.269883e+01
5439	-6.776218e+01
5440	-7.093088e+01
5441	-7.206853e+01
5442	-7.298529e+01
5443	-7.616346e+01
5444	-7.278658e+01
5445	-7.350726e+01
5446	-7.376682e+01
5447	-7.667086e+01
5448	-7.418627e+01
5449	-7.382042e+01
5450	-7.394070e+01
5451	-7.589140e+01
5452	-7.287374e+01
5453	-7.044800e+01
5454	-6.940117e+01
5455	-7.172524e+01
5456	-7.681039e+01
5457	-7.228762e+01
5458	-7.314863e+01
5459	-7.229665e+01
5460	-7.438459e+01
5461	-7.486519e+01
5462	-7.182374e+01
5463	-7.058233e+01
5464	-7.332876e+01
5465	-7.474981e+01
5466	-7.060840e+01
5467	-7.522176e+01
5468	-7.527621e+01
5469	-7.657223e+01
5470	-7.271506e+01
5471	-7.487244e+01
5472	-7.123876e+01
5473	-6.993330e+01
5474	-7.246119e+01
5475	-7.554521e+01
5476	-7.547525e+01
5477	-7.319593e+01
5478	-7.463079e+01
5479	-7.704748e+01
5480	-7.062711e+01
5481	-7.619248e+01
5482	-7.316313e+01
5483	-6.833785e+01
5484	-7.613421e+01
5485	-7.256058e+01
5486	-7.280695e+01
5487	-7.223608e+01
5488	-7.286915e+01
5489	-6.685688e+01
5490	-7.369898e+01
5491	-6.932517e+01
5492	-7.250842e+01
5493	-7.457065e+01
5494	-7.669517e+01
5495	-6.982096e+01
5496	-7.407276e+01
5497	-7.231448e+01
5498	-7.182642e+01
5499	-7.578622e+01
5500	-7.437766e+01
5501	-7.785182e+01
5502	-7.608287e+01
5503	-7.470325e+01
5504	-7.498092e+01
5505	-7.430136e+01
5506	-7.290727e+01
5507	-7.397825e+01
5508	-7.273260e+01
5509	-7.332085e+01
5510	-7.562991e+01
5511	-7.510034e+01
5512	-7.221137e+01
5513	-7.511187e+01
5514	-7.123917e+01
5515	-7.251995e+01
5516	-7.110074e+01
5517	-7.798186e+01
5518	-7.427524e+01
5519	-6.884097e+01
5520	-7.449309e+01
5521	-7.526015e+01
5522	-7.298168e+01
5523	-7.383249e+01
5524	-7.717064e+01
5525	-7.312807e+01
5526	-7.556746e+01
5527	-7.349996e+01
5528	-7.247375e+01
5529	-7.480885e+01
5530	-7.350608e+01
5531	-7.155563e+01
5532	-7.281152e+01
5533	-7.256920e+01
5534	-7.514423e+01
5535	-6.927194e+01
5536	-7.403944e+01
5537	-7.629863e+01
5538	-7.451930e+01
5539	-7.195677e+01
5540	-7.045439e+01
5541	-6.918052e+01
5542	-7.240529e+01
5543	-6.972705e+01
5544	-7.315744e+01
5545	-6.960342e+01
5546	-7.033541e+01
5547	-7.628219e+01
5548	-7.459209e+01
5549	-7.514690e+01
5550	-7.305107e+01
5551	-7.666902e+01
5552	-7.399819e+01
5553	-7.195570e+01
5554	-7.521763e+01
5555	-7.437106e+01
5556	-7.150926e+01
5557	-7.674505e+01
5558	-7.537829e+01
5559	-7.180927e+01
5560	-7.323336e+01
5561	-7.221336e+01
5562	-7.468306e+01
5563	-6.909359e+01
5564	-7.447494e+01
5565	-7.406459e+01
5566	-7.316013e+01
5567	-6.973950e+01
5568	-7.035151e+01
5569	-7.304827e+01
5570	-7.047306e+01
5571	-7.184136e+01
5572	-7.308066e+01
5573	-7.303843e+01
5574	-7.513112e+01
5575	-7.386168e+01
5576	-7.542619e+01
5577	-7.146257e+01
5578	-7.599204e+01
5579	-7.374395e+01
5580	-7.120802e+01
5581	-7.316023e+01
5582	-7.654062e+01
5583	-7.337803e+01
5584	-7.285669e+01
5585	-7.581470e+01
5586	-7.439517e+01
5587	-7.804017e+01
5588	-7.156505e+01
5589	-7.929329e+01
5590	-7.385441e+01
5591	-7.239443e+01
5592	-7.168736e+01
5593	-7.677778e+01
5594	-7.657712e+01
5595	-7.029456e+01
5596	-7.045729e+01
5597	-7.450391e+01
5598	-7.220002e+01
5599	-7.468613e+01
5600	-7.546656e+01
5601	-7.088294e+01
5602	-7.355678e+01
5603	-7.239002e+01
5604	-7.333082e+01
5605	-7.200185e+01
5606	-7.346451e+01
5607	-7.424678e+01
5608	-7.276695e+01
5609	-7.514977e+01
5610	-7.355190e+01
5611	-7.502870e+01
5612	-7.275386e+01
5613	-6.873762e+01
5614	-7.388056e+01
5615	-7.376406e+01
5616	-7.432258e+01
5617	-7.453889e+01
5618	-7.101900e+01
5619	-7.454364e+01
5620	-7.661729e+01
5621	-7.138496e+01
5622	-7.349821e+01
5623	-7.177920e+01
5624	-7.364586e+01
5625	-7.385717e+01
5626	-7.151727e+01
5627	-7.615118e+01
5628	-7.252788e+01
5629	-7.439648e+01
5630	-7.475298e+01
5631	-7.373818e+01
5632	-7.023014e+01
5633	-7.633850e+01
5634	-7.368745e+01
5635	-7.238925e+01
5636	-7.255735e+01
5637	-7.592741e+01
5638	-7.348431e+01
5639	-7.130317e+01
5640	-7.563730e+01
5641	-7.379214e+01
5642	-7.306494e+01
5643	-7.310847e+01
5644	-7.677298e+01
5645	-7.170132e+01
5646	-7.374782e+01
5647	-7.155424e+01
5648	-7.181548e+01
5649	-7.222811e+01
5650	-7.409704e+01
5651	-7.286088e+01
5652	-7.234615e+01
5653	-7.240217e+01
5654	-7.323705e+01
5655	-7.359001e+01
5656	-7.466552e+01
5657	-7.378100e+01
5658	-7.656908e+01
5659	-7.418735e+01
5660	-7.120336e+01
5661	-7.142710e+01
5662	-7.462514e+01
5663	-7.369329e+01
5664	-7.627982e+01
5665	-7.199680e+01
5666	-7.453434e+01
5667	-7.175493e+01
5668	-7.179050e+01
5669	-7.412104e+01
5670	-7.584330e+01
5671	-7.405593e+01
5672	-7.167490e+01
5673	-7.252211e+01
5674	-7.771040e+01
5675	-7.449500e+01
5676	-7.298474e+01
5677	-7.034984e+01
5678	-7.468187e+01
5679	-7.592051e+01
5680	-7.427022e+01
5681	-7.124507e+01
5682	-7.418983e+01
5683	-7.090421e+01
5684	-7.491396e+01
5685	-7.486276e+01
5686	-7.580988e+01
5687	-7.165494e+01
5688	-7.047702e+01
5689	-7.075380e+01
5690	-7.482336e+01
5691	-7.583320e+01
5692	-7.226220e+01
5693	-7.097102e+01
5694	-7.460084e+01
5695	-7.049539e+01
5696	-7.314033e+01
5697	-7.646181e+01
5698	-7.475463e+01
5699	-7.299659e+01
5700	-7.341722e+01
5701	-7.040798e+01
5702	-7.155027e+01
5703	-7.501461e+01
5704	-7.195032e+01
5705	-7.556013e+01
5706	-7.390577e+01
5707	-7.493587e+01
5708	-7.576868e+01
5709	-7.267050e+01
5710	-7.150133e+01
5711	-7.355986e+01
5712	-7.046246e+01
5713	-7.363515e+01
5714	-6.953871e+01
5715	-7.293191e+01
5716	-7.494629e+01
5717	-7.239340e+01
5718	-7.240821e+01
5719	-7.313913e+01
5720	-7.618555e+01
5721	-7.192201e+01
5722	-7.090188e+01
5723	-7.217640e+01
5724	-7.250278e+01
5725	-7.395540e+01
5726	-7.674855e+01
5727	-7.375896e+01
5728	-7.583793e+01
5729	-7.454848e+01
5730	-7.336766e+01
5731	-7.499139e+01
5732	-7.245863e+01
5733	-7.731030e+01
5734	-7.457534e+01
5735	-7.803176e+01
5736	-7.159657e+01
5737	-7.332995e+01
5738	-7.356035e+01
5739	-7.669076e+01
5740	-7.214835e+01
5741	-7.287362e+01
5742	-7.597344e+01
5743	-7.789983e+01
5744	-7.114758e+01
5745	-7.530862e+01
5746	-7.514632e+01
5747	-7.388705e+01
5748	-7.119235e+01
5749	-7.461494e+01
5750	-7.269527e+01
5751	-7.335139e+01
5752	-7.432978e+01
5753	-7.499214e+01
5754	-7.433159e+01
5755	-7.359295e+01
5756	-7.932098e+01
5757	-7.415280e+01
5758	-7.209238e+01
5759	-6.968767e+01
5760	-7.367919e+01
5761	-7.303734e+01
5762	-7.098445e+01
5763	-7.540033e+01
5764	-7.099396e+01
5765	-7.277739e+01
5766	-7.277909e+01
5767	-7.579233e+01
5768	-7.571726e+01
5769	-7.254663e+01
5770	-6.986300e+01
5771	-7.322854e+01
5772	-7.341562e+01
5773	-7.474315e+01
5774	-7.385505e+01
5775	-7.503095e+01
5776	-7.474104e+01
5777	-7.797864e+01
5778	-7.395325e+01
5779	-7.348294e+01
5780	-7.292176e+01
5781	-7.060761e+01
5782	-7.323184e+01
5783	-7.518338e+01
5784	-7.053229e+01
5785	-7.403422e+01
5786	-7.067873e+01
5787	-7.332087e+01
5788	-7.331908e+01
5789	-7.249303e+01
5790	-7.155805e+01
5791	-7.262529e+01
5792	-7.168545e+01
5793	-7.543360e+01
5794	-7.193642e+01
5795	-7.336662e+01
5796	-7.392531e+01
5797	-7.318281e+01
5798	-7.656221e+01
5799	-7.340259e+01
5800	-7.146644e+01
5801	-7.432564e+01
5802	-7.468431e+01
5803	-7.400769e+01
5804	-7.232302e+01
5805	-6.883863e+01
5806	-7.209450e+01
5807	-7.202786e+01
5808	-7.700876e+01
5809	-7.375796e+01
5810	-7.171857e+01
5811	-7.323973e+01
5812	-7.307025e+01
5813	-7.203752e+01
5814	-7.292459e+01
5815	-7.292864e+01
5816	-7.591215e+01
5817	-7.422855e+01
5818	-7.084658e+01
5819	-7.654049e+01
5820	-7.208049e+01
5821	-7.763785e+01
5822	-7.508032e+01
5823	-7.475388e+01
5824	-7.159138e+01
5825	-7.128666e+01
5826	-7.301598e+01
5827	-7.346140e+01
5828	-7.103472e+01
5829	-7.228486e+01
5830	-7.601267e+01
5831	-7.411440e+01
5832	-7.420469e+01
5833	-7.093935e+01
5834	-7.198231e+01
5835	-7.548645e+01
5836	-7.413235e+01
5837	-7.105100e+01
5838	-7.264819e+01
5839	-7.101238e+01
5840	-7.185029e+01
5841	-7.464704e+01
5842	-7.252444e+01
5843	-7.241906e+01
5844	-6.913151e+01
5845	-7.271366e+01
5846	-7.178827e+01
5847	-6.931971e+01
5848	-7.499092e+01
5849	-7.373307e+01
5850	-7.421680e+01
5851	-7.218519e+01
5852	-7.634598e+01
5853	-7.176404e+01
5854	-7.683393e+01
5855	-7.053907e+01
5856	-7.347224e+01
5857	-7.299698e+01
5858	-7.395535e+01
5859	-7.270453e+01
5860	-7.522946e+01
5861	-7.366133e+01
5862	-7.460183e+01
5863	-7.307510e+01
5864	-7.199226e+01
5865	-7.374636e+01
5866	-7.281552e+01
5867	-7.356540e+01
5868	-7.148326e+01
5869	-7.408360e+01
5870	-7.100116e+01
5871	-7.943470e+01
5872	-7.215971e+01
5873	-7.573376e+01
5874	-7.089868e+01
5875	-7.481811e+01
5876	-7.398052e+01
5877	-7.498268e+01
5878	-7.313420e+01
5879	-7.625633e+01
5880	-7.381937e+01
5881	-7.214272e+01
5882	-7.437298e+01
5883	-7.265135e+01
5884	-7.280707e+01
5885	-7.409498e+01
5886	-7.103363e+01
5887	-7.720687e+01
5888	-7.311493e+01
5889	-6.919444e+01
5890	-7.543759e+01
5891	-7.226457e+01
5892	-7.347755e+01
5893	-7.165318e+01
5894	-7.339330e+01
5895	-7.640848e+01
5896	-7.338960e+01
5897	-7.136435e+01
5898	-7.204832e+01
5899	-7.304703e+01
5900	-7.325271e+01
5901	-6.850845e+01
5902	-7.323556e+01
5903	-7.242349e+01
5904	-7.195630e+01
5905	-7.191000e+01
5906	-7.067443e+01
5907	-7.151675e+01
5908	-7.057235e+01
5909	-7.596137e+01
5910	-7.065448e+01
5911	-7.447061e+01
5912	-7.022562e+01
5913	-7.336869e+01
5914	-7.340267e+01
5915	-7.367479e+01
5916	-7.295333e+01
5917	-7.399467e+01
5918	-7.543131e+01
5919	-7.186382e+01
5920	-7.472675e+01
5921	-7.285566e+01
5922	-7.536637e+01
5923	-7.476879e+01
5924	-7.421667e+01
5925	-7.352193e+01
5926	-7.441595e+01
5927	-7.178181e+01
5928	-7.345388e+01
5929	-7.135994e+01
5930	-7.134299e+01
5931	-7.466418e+01
5932	-7.281238e+01
5933	-7.357027e+01
5934	-7.540041e+01
5935	-7.288391e+01
5936	-7.247871e+01
5937	-7.381268e+01
5938	-7.457796e+01
5939	-7.724031e+01
5940	-7.479330e+01
5941	-7.297667e+01
5942	-7.614146e+01
5943	-7.465899e+01
5944	-7.527370e+01
5945	-7.089850e+01
5946	-7.305751e+01
5947	-7.430226e+01
5948	-7.099480e+01
5949	-7.381863e+01
5950	-7.424771e+01
5951	-7.621081e+01
5952	-7.421768e+01
5953	-7.331366e+01
5954	-7.525210e+01
5955	-7.828415e+01
5956	-7.414244e+01
5957	-7.300310e+01
5958	-7.045417e+01
5959	-7.358765e+01
5960	-7.402947e+01
5961	-7.248490e+01
5962	-7.521435e+01
5963	-7.301996e+01
5964	-7.430048e+01
5965	-7.552827e+01
5966	-7.254086e+01
5967	-7.441947e+01
5968	-7.187042e+01
5969	-7.331500e+01
5970	-7.492556e+01
5971	-7.523527e+01
5972	-7.450743e+01
5973	-7.020436e+01
5974	-7.450577e+01
5975	-7.406130e+01
5976	-7.395204e+01
5977	-7.375142e+01
5978	-7.086773e+01
5979	-7.139680e+01
5980	-7.698176e+01
5981	-7.235298e+01
5982	-7.024077e+01
5983	-7.457079e+01
5984	-7.201316e+01
5985	-7.140574e+01
5986	-7.499732e+01
5987	-7.474269e+01
5988	-7.246162e+01
5989	-7.439639e+01
5990	-7.362238e+01
5991	-7.072616e+01
5992	-6.924952e+01
5993	-7.064899e+01
5994	-7.014733e+01
5995	-7.162942e+01
5996	-7.262182e+01
5997	-7.208975e+01
5998	-7.345089e+01
5999	-7.499965e+01
6000	-7.227972e+01
6001	-6.956879e+01
6002	-7.181502e+01
6003	-7.535354e+01
6004	-7.201925e+01
6005	-7.194625e+01
6006	-7.178876e+01
6007	-7.325558e+01
6008	-7.302407e+01
6009	-7.438302e+01
6010	-7.707333e+01
6011	-7.242080e+01
6012	-7.287525e+01
6013	-7.444016e+01
6014	-7.539156e+01
6015	-7.501977e+01
6016	-7.326495e+01
6017	-7.182318e+01
6018	-7.437683e+01
6019	-7.706509e+01
6020	-7.426892e+01
6021	-7.208402e+01
6022	-7.497592e+01
6023	-7.282682e+01
6024	-7.596795e+01
6025	-7.370012e+01
6026	-7.596322e+01
6027	-7.442513e+01
6028	-7.243817e+01
6029	-7.281962e+01
6030	-7.565112e+01
6031	-7.392434e+01
6032	-7.278397e+01
6033	-7.592292e+01
6034	-7.288142e+01
6035	-7.453840e+01
6036	-7.327967e+01
6037	-7.490309e+01
6038	-7.065320e+01
6039	-7.130813e+01
6040	-7.254115e+01
6041	-7.589483e+01
6042	-7.300359e+01
6043	-7.308347e+01
6044	-7.216171e+01
6045	-7.307476e+01
6046	-7.333088e+01
6047	-7.720361e+01
6048	-7.180840e+01
6049	-7.044975e+01
6050	-7.576988e+01
6051	-7.090044e+01
6052	-7.175793e+01
6053	-7.451193e+01
6054	-7.150606e+01
6055	-7.313870e+01
6056	-7.253177e+01
6057	-7.082419e+01
6058	-7.208651e+01
6059	-7.402611e+01
6060	-7.211576e+01
6061	-7.451632e+01
6062	-7.377396e+01
6063	-7.119375e+01
6064	-7.548676e+01
6065	-7.122293e+01
6066	-7.272057e+01
6067	-7.207751e+01
6068	-7.427712e+01
6069	-7.498601e+01
6070	-7.216846e+01
6071	-7.478122e+01
6072	-7.372453e+01
6073	-7.176615e+01
6074	-7.713702e+01
6075	-7.099284e+01
6076	-7.378876e+01
6077	-7.538924e+01
6078	-7.477271e+01
6079	-7.202661e+01
6080	-7.504135e+01
6081	-7.501609e+01
6082	-7.362159e+01
6083	-7.044746e+01
6084	-7.370109e+01
6085	-7.343943e+01
6086	-7.526108e+01
6087	-7.326610e+01
6088	-7.344888e+01
6089	-7.603011e+01
6090	-7.686957e+01
6091	-7.585241e+01
6092	-7.292407e+01
6093	-7.349797e+01
6094	-7.510859e+01
6095	-7.461499e+01
6096	-7.292565e+01
6097	-7.283621e+01
6098	-7.165019e+01
6099	-7.696183e+01
6100	-7.514940e+01
6101	-7.192093e+01
6102	-7.430090e+01
6103	-7.604461e+01
6104	-7.211779e+01
6105	-7.032168e+01
6106	-7.321526e+01
6107	-7.337353e+01
6108	-7.435308e+01
6109	-7.475542e+01
6110	-7.510970e+01
6111	-7.432784e+01
6112	-7.335036e+01
6113	-7.329957e+01
6114	-7.040600e+01
6115	-7.634315e+01
6116	-7.421635e+01
6117	-7.727930e+01
6118	-7.205523e+01
6119	-7.454548e+01
6120	-7.531688e+01
6121	-7.250277e+01
6122	-7.389149e+01
6123	-7.461491e+01
6124	-7.726855e+01
6125	-7.495077e+01
6126	-7.247796e+01
6127	-7.303140e+01
6128	-7.152380e+01
6129	-7.604062e+01
6130	-7.269496e+01
6131	-6.977170e+01
6132	-6.985882e+01
6133	-7.543978e+01
6134	-7.501394e+01
6135	-7.489379e+01
6136	-7.500940e+01
6137	-7.593532e+01
6138	-7.310261e+01
6139	-7.254696e+01
6140	-7.412568e+01
6141	-7.359172e+01
6142	-7.481735e+01
6143	-7.430431e+01
6144	-7.358224e+01
6145	-7.504936e+01
6146	-7.305816e+01
6147	-7.478129e+01
6148	-7.313194e+01
6149	-7.593765e+01
6150	-7.195562e+01
6151	-7.461646e+01
6152	-6.941940e+01
6153	-7.343781e+01
6154	-7.803086e+01
6155	-7.151274e+01
6156	-7.279209e+01
6157	-7.350301e+01
6158	-7.334438e+01
6159	-7.695457e+01
6160	-7.321872e+01
6161	-7.188209e+01
6162	-7.360483e+01
6163	-7.047134e+01
6164	-7.067573e+01
6165	-7.211701e+01
6166	-7.285943e+01
6167	-7.071149e+01
6168	-7.147614e+01
6169	-7.098157e+01
6170	-7.511532e+01
6171	-7.493385e+01
6172	-7.008432e+01
6173	-7.305774e+01
6174	-7.343741e+01
6175	-7.456504e+01
6176	-7.250360e+01
6177	-7.132486e+01
6178	-7.652321e+01
6179	-7.291299e+01
6180	-7.447195e+01
6181	-7.345903e+01
6182	-7.838345e+01
6183	-7.078997e+01
6184	-7.267868e+01
6185	-7.434081e+01
6186	-7.214557e+01
6187	-6.960505e+01
6188	-7.238052e+01
6189	-7.124782e+01
6190	-7.082497e+01
6191	-7.186483e+01
6192	-7.132576e+01
6193	-7.318472e+01
6194	-7.532715e+01
6195	-7.211272e+01
6196	-7.549945e+01
6197	-7.103791e+01
6198	-7.296886e+01
6199	-7.177805e+01
6200	-7.460484e+01
6201	-7.310806e+01
6202	-7.301817e+01
6203	-7.280144e+01
6204	-7.476853e+01
6205	-7.375278e+01
6206	-7.235563e+01
6207	-7.379270e+01
6208	-7.471937e+01
6209	-7.376090e+01
6210	-7.482485e+01
6211	-7.621763e+01
6212	-7.478395e+01
6213	-7.461256e+01
6214	-7.628129e+01
6215	-7.258077e+01
6216	-7.570602e+01
6217	-7.645784e+01
6218	-7.102487e+01
6219	-7.329557e+01
6220	-7.408946e+01
6221	-7.360338e+01
6222	-7.285465e+01
6223	-7.589833e+01
6224	-7.600875e+01
6225	-7.224832e+01
6226	-7.254868e+01
6227	-7.281608e+01
6228	-7.026419e+01
6229	-7.253046e+01
6230	-7.595162e+01
6231	-7.340564e+01
6232	-7.161564e+01
6233	-7.181204e+01
6234	-7.200454e+01
6235	-7.274205e+01
6236	-7.291186e+01
6237	-7.279280e+01
6238	-6.913542e+01
6239	-7.329742e+01
6240	-7.283358e+01
6241	-7.173883e+01
6242	-7.273127e+01
6243	-7.182336e+01
6244	-7.406029e+01
6245	-7.346740e+01
6246	-7.442915e+01
6247	-7.479648e+01
6248	-7.418475e+01
6249	-7.143897e+01
6250	-7.413564e+01
6251	-7.441669e+01
6252	-7.281806e+01
6253	-7.096917e+01
6254	-7.195255e+01
6255	-7.265141e+01
6256	-7.467999e+01
6257	-7.555656e+01
6258	-7.497665e+01
6259	-7.443577e+01
6260	-7.167737e+01
6261	-7.135462e+01
6262	-7.567174e+01
6263	-7.303558e+01
6264	-7.413992e+01
6265	-7.529457e+01
6266	-7.371822e+01
6267	-7.681955e+01
6268	-7.361387e+01
6269	-7.384907e+01
6270	-7.688657e+01
6271	-7.074496e+01
6272	-7.652985e+01
6273	-7.292557e+01
6274	-7.444335e+01
6275	-7.226972e+01
6276	-7.329500e+01
6277	-7.156823e+01
6278	-7.222763e+01
6279	-7.105092e+01
6280	-7.009164e+01
6281	-7.191857e+01
6282	-7.451014e+01
6283	-7.483849e+01
6284	-7.500214e+01
6285	-7.445866e+01
6286	-7.271315e+01
6287	-7.598460e+01
6288	-6.943457e+01
6289	-6.973809e+01
6290	-7.304803e+01
6291	-7.424127e+01
6292	-7.449421e+01
6293	-7.120251e+01
6294	-7.024716e+01
6295	-7.417673e+01
6296	-7.100561e+01
6297	-7.351857e+01
6298	-7.209672e+01
6299	-7.128988e+01
6300	-7.325607e+01
6301	-7.473709e+01
6302	-7.516549e+01
6303	-7.134321e+01
6304	-7.050520e+01
6305	-7.559183e+01
6306	-7.355698e+01
6307	-7.319377e+01
6308	-7.150467e+01
6309	-7.239540e+01
6310	-7.343557e+01
6311	-7.579187e+01
6312	-7.626890e+01
6313	-7.447179e+01
6314	-7.178905e+01
6315	-7.093853e+01
6316	-7.243686e+01
6317	-7.524833e+01
6318	-7.033371e+01
6319	-7.423331e+01
6320	-7.396135e+01
6321	-7.328095e+01
6322	-7.394272e+01
6323	-7.391217e+01
6324	-7.627518e+01
6325	-7.584233e+01
6326	-7.236518e+01
6327	-6.907611e+01
6328	-7.798681e+01
6329	-7.702764e+01
6330	-7.440545e+01
6331	-7.538576e+01
6332	-7.544354e+01
6333	-7.091605e+01
6334	-7.850975e+01
6335	-7.243178e+01
6336	-7.138542e+01
6337	-7.075327e+01
6338	-7.471095e+01
6339	-7.333731e+01
6340	-7.204298e+01
6341	-7.746034e+01
6342	-7.377747e+01
6343	-7.704757e+01
6344	-7.316430e+01
6345	-7.640224e+01
6346	-7.225763e+01
6347	-7.524250e+01
6348	-7.141138e+01
6349	-7.583309e+01
6350	-7.043654e+01
6351	-7.672923e+01
6352	-7.696448e+01
6353	-7.455101e+01
6354	-7.704174e+01
6355	-7.496169e+01
6356	-7.214895e+01
6357	-7.635167e+01
6358	-6.854060e+01
6359	-7.652033e+01
6360	-7.126396e+01
6361	-7.246959e+01
6362	-7.194073e+01
6363	-7.478437e+01
6364	-6.904787e+01
6365	-7.584986e+01
6366	-7.338919e+01
6367	-7.212430e+01
6368	-7.609513e+01
6369	-7.326874e+01
6370	-7.329909e+01
6371	-7.114756e+01
6372	-7.153950e+01
6373	-7.845449e+01
6374	-7.355783e+01
6375	-6.915124e+01
6376	-7.398476e+01
6377	-7.409298e+01
6378	-7.372778e+01
6379	-7.172563e+01
6380	-7.402695e+01
6381	-7.364130e+01
6382	-7.031240e+01
6383	-7.369649e+01
6384	-7.491632e+01
6385	-7.638616e+01
6386	-7.279501e+01
6387	-7.562091e+01
6388	-7.139188e+01
6389	-7.099997e+01
6390	-6.970221e+01
6391	-7.494180e+01
6392	-7.696558e+01
6393	-7.304303e+01
6394	-7.386208e+01
6395	-6.909693e+01
6396	-7.152075e+01
6397	-7.212942e+01
6398	-7.305550e+01
6399	-7.265618e+01
6400	-7.310547e+01
6401	-7.458023e+01
6402	-7.287069e+01
6403	-7.191857e+01
6404	-7.393267e+01
6405	-7.200928e+01
6406	-7.352499e+01
6407	-7.385059e+01
6408	-7.504192e+01
6409	-7.340041e+01
6410	-7.461343e+01
6411	-7.438438e+01
6412	-7.303311e+01
6413	-7.233645e+01
6414	-7.481760e+01
6415	-7.120119e+01
6416	-7.052447e+01
6417	-7.111778e+01
6418	-7.407089e+01
6419	-7.605953e+01
6420	-7.555547e+01
6421	-7.063557e+01
6422	-7.545176e+01
6423	-7.376029e+01
6424	-7.112052e+01
6425	-7.315181e+01
6426	-7.114396e+01
6427	-7.412701e+01
6428	-7.487964e+01
6429	-7.079262e+01
6430	-7.236840e+01
6431	-7.360179e+01
6432	-7.095454e+01
6433	-7.429269e+01
6434	-7.399984e+01
6435	-7.011855e+01
6436	-7.168284e+01
6437	-7.333884e+01
6438	-7.066536e+01
6439	-7.141041e+01
6440	-7.329121e+01
6441	-7.582866e+01
6442	-7.664922e+01
6443	-7.356869e+01
6444	-7.508781e+01
6445	-7.005192e+01
6446	-7.022582e+01
6447	-7.389902e+01
6448	-7.854414e+01
6449	-7.213577e+01
6450	-6.950561e+01
6451	-7.281655e+01
6452	-7.773618e+01
6453	-7.888212e+01
6454	-7.316417e+01
6455	-7.407629e+01
6456	-7.448575e+01
6457	-7.030033e+01
6458	-7.651316e+01
6459	-7.473653e+01
6460	-7.212150e+01
6461	-7.359674e+01
6462	-6.974918e+01
6463	-7.033599e+01
6464	-7.179573e+01
6465	-7.051261e+01
6466	-7.446354e+01
6467	-7.629310e+01
6468	-7.382001e+01
6469	-7.417956e+01
6470	-7.235376e+01
6471	-7.683334e+01
6472	-7.565833e+01
6473	-7.158367e+01
6474	-7.241438e+01
6475	-7.430818e+01
6476	-7.194164e+01
6477	-6.959229e+01
6478	-7.240137e+01
6479	-7.405997e+01
6480	-7.318348e+01
6481	-7.247517e+01
6482	-7.172237e+01
6483	-7.393917e+01
6484	-7.398044e+01
6485	-7.491052e+01
6486	-7.065766e+01
6487	-7.157088e+01
6488	-7.173366e+01
6489	-7.320626e+01
6490	-7.382003e+01
6491	-7.364946e+01
6492	-7.448081e+01
6493	-7.819162e+01
6494	-7.615595e+01
6495	-7.231082e+01
6496	-7.283610e+01
6497	-7.164506e+01
6498	-7.664564e+01
6499	-7.231378e+01
6500	-7.062532e+01
6501	-7.284528e+01
6502	-7.256341e+01
6503	-7.292841e+01
6504	-7.367416e+01
6505	-6.964607e+01
6506	-7.501918e+01
6507	-7.505885e+01
6508	-7.041031e+01
6509	-7.218881e+01
6510	-7.268746e+01
6511	-7.671896e+01
6512	-7.364514e+01
6513	-7.475858e+01
6514	-7.208529e+01
6515	-7.264457e+01
6516	-7.492211e+01
6517	-7.464611e+01
6518	-7.679742e+01
6519	-7.188256e+01
6520	-6.973803e+01
6521	-7.516660e+01
6522	-7.382745e+01
6523	-7.473094e+01
6524	-7.192532e+01
6525	-7.374757e+01
6526	-7.569788e+01
6527	-7.478911e+01
6528	-7.271186e+01
6529	-6.962721e+01
6530	-7.398371e+01
6531	-7.482179e+01
6532	-7.286437e+01
6533	-7.663920e+01
6534	-7.347172e+01
6535	-7.002071e+01
6536	-7.189360e+01
6537	-7.194751e+01
6538	-7.193005e+01
6539	-7.476297e+01
6540	-7.455587e+01
6541	-7.383128e+01
6542	-7.494086e+01
6543	-7.368105e+01
6544	-7.054490e+01
6545	-7.403106e+01
6546	-7.105063e+01
6547	-7.397765e+01
6548	-7.475695e+01
6549	-7.416050e+01
6550	-7.032842e+01
6551	-7.196144e+01
6552	-7.767870e+01
6553	-7.326049e+01
6554	-6.965802e+01
6555	-7.394504e+01
6556	-6.952627e+01
6557	-7.345188e+01
6558	-7.383321e+01
6559	-6.982011e+01
6560	-7.290050e+01
6561	-7.229452e+01
6562	-7.344705e+01
6563	-7.311399e+01
6564	-7.343123e+01
6565	-7.571586e+01
6566	-7.197115e+01
6567	-7.077383e+01
6568	-7.273001e+01
6569	-7.222355e+01
6570	-7.470845e+01
6571	-7.538236e+01
6572	-7.295101e+01
6573	-7.358060e+01
6574	-7.711776e+01
6575	-7.088741e+01
6576	-7.071148e+01
6577	-7.658061e+01
6578	-7.260074e+01
6579	-7.171114e+01
6580	-7.009365e+01
6581	-7.396492e+01
6582	-7.352713e+01
6583	-7.477874e+01
6584	-7.084206e+01
6585	-7.531353e+01
6586	-7.212016e+01
6587	-7.286116e+01
6588	-7.325014e+01
6589	-7.435591e+01
6590	-7.356414e+01
6591	-7.463496e+01
6592	-7.214848e+01
6593	-7.315463e+01
6594	-7.697536e+01
6595	-7.055278e+01
6596	-7.601051e+01
6597	-7.463526e+01
6598	-6.979424e+01
6599	-7.521989e+01
6600	-6.938669e+01
6601	-7.436166e+01
6602	-7.521130e+01
6603	-7.300879e+01
6604	-7.317240e+01
6605	-7.355396e+01
6606	-7.545752e+01
6607	-7.106390e+01
6608	-7.276039e+01
6609	-7.293056e+01
6610	-7.384040e+01
6611	-6.966721e+01
6612	-7.203534e+01
6613	-7.288408e+01
6614	-7.571518e+01
6615	-7.746248e+01
6616	-7.234851e+01
6617	-7.423119e+01
6618	-7.271396e+01
6619	-6.744290e+01
6620	-7.307807e+01
6621	-7.386992e+01
6622	-7.860308e+01
6623	-7.205057e+01
6624	-6.785263e+01
6625	-7.199163e+01
6626	-7.171894e+01
6627	-7.138503e+01
6628	-7.627078e+01
6629	-7.315958e+01
6630	-7.449501e+01
6631	-7.064430e+01
6632	-7.071172e+01
6633	-7.432017e+01
6634	-7.012690e+01
6635	-7.127925e+01
6636	-7.318138e+01
6637	-7.399116e+01
6638	-7.221717e+01
6639	-7.318885e+01
6640	-7.448754e+01
6641	-7.109991e+01
6642	-6.945318e+01
6643	-7.156645e+01
6644	-7.460139e+01
6645	-7.293825e+01
6646	-7.386760e+01
6647	-7.078323e+01
6648	-7.109644e+01
6649	-7.633721e+01
6650	-7.779680e+01
6651	-7.183947e+01
6652	-7.630713e+01
6653	-7.511488e+01
6654	-7.494967e+01
6655	-7.289081e+01
6656	-7.194367e+01
6657	-7.179341e+01
6658	-7.525327e+01
6659	-7.267390e+01
6660	-7.491700e+01
6661	-7.166552e+01
6662	-7.383813e+01
6663	-7.128490e+01
6664	-7.127594e+01
6665	-7.365271e+01
6666	-7.322462e+01
6667	-7.249564e+01
6668	-7.420550e+01
6669	-7.344663e+01
6670	-7.072942e+01
6671	-7.308504e+01
6672	-7.651091e+01
6673	-7.574048e+01
6674	-6.906218e+01
6675	-7.305198e+01
6676	-7.107254e+01
6677	-7.082156e+01
6678	-7.438064e+01
6679	-6.971396e+01
6680	-7.588520e+01
6681	-7.104344e+01
6682	-7.726601e+01
6683	-7.270671e+01
6684	-7.578007e+01
6685	-7.709360e+01
6686	-7.649438e+01
6687	-6.921124e+01
6688	-7.426902e+01
6689	-7.462814e+01
6690	-7.380022e+01
6691	-7.329073e+01
6692	-7.163787e+01
6693	-7.421664e+01
6694	-6.983570e+01
6695	-7.158904e+01
6696	-7.236213e+01
6697	-7.485074e+01
6698	-7.030427e+01
6699	-7.359582e+01
6700	-7.443015e+01
6701	-7.124595e+01
6702	-7.648527e+01
6703	-7.461441e+01
6704	-7.033050e+01
6705	-7.138028e+01
6706	-7.690821e+01
6707	-7.446777e+01
6708	-7.248031e+01
6709	-7.268797e+01
6710	-7.116270e+01
6711	-7.143079e+01
6712	-7.149702e+01
6713	-7.273726e+01
6714	-7.270530e+01
6715	-7.564427e+01
6716	-7.243207e+01
6717	-7.298734e+01
6718	-7.468331e+01
6719	-7.130393e+01
6720	-6.612354e+01
6721	-7.461560e+01
6722	-7.200158e+01
6723	-7.320388e+01
6724	-7.655865e+01
6725	-7.068998e+01
6726	-7.439261e+01
6727	-6.938659e+01
6728	-6.903874e+01
6729	-7.607250e+01
6730	-7.465212e+01
6731	-7.176652e+01
6732	-7.162359e+01
6733	-7.089198e+01
6734	-7.597389e+01
6735	-7.475263e+01
6736	-7.245050e+01
6737	-7.504240e+01
6738	-7.205849e+01
6739	-7.537665e+01
6740	-7.457053e+01
6741	-7.193789e+01
6742	-7.374381e+01
6743	-7.483174e+01
6744	-7.313944e+01
6745	-7.567431e+01
6746	-7.533546e+01
6747	-7.064249e+01
6748	-7.565403e+01
6749	-7.109393e+01
6750	-7.406821e+01
6751	-7.029839e+01
6752	-7.708810e+01
6753	-7.559588e+01
6754	-7.293915e+01
6755	-7.500841e+01
6756	-7.582444e+01
6757	-6.931312e+01
6758	-7.016521e+01
6759	-7.494732e+01
6760	-7.091553e+01
6761	-7.246883e+01
6762	-7.591570e+01
6763	-6.963558e+01
6764	-7.298809e+01
6765	-7.525126e+01
6766	-7.053046e+01
6767	-7.264060e+01
6768	-7.055525e+01
6769	-7.171998e+01
6770	-7.237634e+01
6771	-7.362441e+01
6772	-7.261272e+01
6773	-7.464909e+01
6774	-7.632820e+01
6775	-7.421334e+01
6776	-7.061165e+01
6777	-7.226321e+01
6778	-7.159593e+01
6779	-7.477987e+01
6780	-6.998993e+01
6781	-7.046826e+01
6782	-7.297369e+01
6783	-7.239595e+01
6784	-7.591025e+01
6785	-7.106736e+01
6786	-7.569397e+01
6787	-7.235125e+01
6788	-7.321898e+01
6789	-7.505120e+01
6790	-7.489335e+01
6791	-7.339024e+01
6792	-7.391219e+01
6793	-7.214140e+01
6794	-7.276272e+01
6795	-7.054222e+01
6796	-7.564518e+01
6797	-7.275437e+01
6798	-7.019202e+01
6799	-7.269904e+01
6800	-6.972481e+01
6801	-7.307240e+01
6802	-7.133740e+01
6803	-7.348769e+01
6804	-7.521003e+01
6805	-7.442542e+01
6806	-7.055870e+01
6807	-7.110434e+01
6808	-7.651982e+01
6809	-7.346903e+01
6810	-7.502306e+01
6811	-7.321535e+01
6812	-7.532614e+01
6813	-6.889461e+01
6814	-7.391118e+01
6815	-7.449848e+01
6816	-6.889124e+01
6817	-7.211256e+01
6818	-7.224509e+01
6819	-7.274731e+01
6820	-7.273140e+01
6821	-7.561077e+01
6822	-7.131836e+01
6823	-7.284710e+01
6824	-7.294070e+01
6825	-7.392711e+01
6826	-7.616355e+01
6827	-7.469867e+01
6828	-7.431615e+01
6829	-7.340309e+01
6830	-7.365760e+01
6831	-7.047553e+01
6832	-7.300984e+01
6833	-7.367581e+01
6834	-7.300233e+01
6835	-7.733241e+01
6836	-7.147064e+01
6837	-7.467838e+01
6838	-7.177983e+01
6839	-7.609339e+01
6840	-7.193218e+01
6841	-7.895597e+01
6842	-7.776745e+01
6843	-7.369338e+01
6844	-7.661220e+01
6845	-7.135472e+01
6846	-7.380690e+01
6847	-7.406309e+01
6848	-7.252343e+01
6849	-7.056693e+01
6850	-7.268543e+01
6851	-7.436393e+01
6852	-7.259617e+01
6853	-7.677090e+01
6854	-7.188397e+01
6855	-7.659545e+01
6856	-7.633605e+01
6857	-7.048870e+01
6858	-7.614620e+01
6859	-7.394537e+01
6860	-7.312814e+01
6861	-7.595826e+01
6862	-6.999057e+01
6863	-7.598449e+01
6864	-7.144141e+01
6865	-7.588106e+01
6866	-7.163233e+01
6867	-7.527383e+01
6868	-7.385158e+01
6869	-7.358544e+01
6870	-7.229764e+01
6871	-7.655570e+01
6872	-7.403524e+01
6873	-7.567309e+01
6874	-7.177370e+01
6875	-7.483417e+01
6876	-7.407939e+01
6877	-7.745897e+01
6878	-7.501330e+01
6879	-7.389365e+01
6880	-7.092933e+01
6881	-7.265039e+01
6882	-7.628730e+01
6883	-7.774306e+01
6884	-7.442633e+01
6885	-7.513936e+01
6886	-7.019309e+01
6887	-7.296886e+01
6888	-7.113983e+01
6889	-7.210652e+01
6890	-7.221859e+01
6891	-7.355145e+01
6892	-7.077064e+01
6893	-7.113752e+01
6894	-7.096780e+01
6895	-7.349857e+01
6896	-7.366005e+01
6897	-7.452272e+01
6898	-7.450967e+01
6899	-7.639299e+01
6900	-7.301071e+01
6901	-7.274713e+01
6902	-7.427435e+01
6903	-7.174424e+01
6904	-7.189078e+01
6905	-7.320624e+01
6906	-7.735643e+01
6907	-7.234868e+01
6908	-6.953312e+01
6909	-7.229542e+01
6910	-7.743922e+01
6911	-7.451756e+01
6912	-7.355297e+01
6913	-7.289108e+01
6914	-7.160411e+01
6915	-7.576525e+01
6916	-7.520741e+01
6917	-7.380263e+01
6918	-7.205158e+01
6919	-7.295451e+01
6920	-7.540063e+01
6921	-7.466253e+01
6922	-7.635345e+01
6923	-7.721518e+01
6924	-7.346785e+01
6925	-7.212106e+01
6926	-7.519188e+01
6927	-7.096124e+01
6928	-7.101908e+01
6929	-7.018294e+01
6930	-7.357427e+01
6931	-7.317394e+01
6932	-7.607635e+01
6933	-7.494114e+01
6934	-6.920006e+01
6935	-7.676850e+01
6936	-7.034563e+01
6937	-7.519567e+01
6938	-7.376917e+01
6939	-7.048956e+01
6940	-7.199863e+01
6941	-7.236904e+01
6942	-6.993820e+01
6943	-7.331401e+01
6944	-7.274825e+01
6945	-7.323820e+01
6946	-7.267555e+01
6947	-7.433918e+01
6948	-7.352150e+01
6949	-7.346000e+01
6950	-7.311353e+01
6951	-7.719407e+01
6952	-7.493731e+01
6953	-7.015009e+01
6954	-7.189661e+01
6955	-7.548739e+01
6956	-7.049090e+01
6957	-7.456554e+01
6958	-7.293621e+01
6959	-7.262587e+01
6960	-7.205594e+01
6961	-7.297482e+01
6962	-7.044059e+01
6963	-7.279045e+01
6964	-7.367420e+01
6965	-7.337908e+01
6966	-6.909285e+01
6967	-7.378135e+01
6968	-7.188855e+01
6969	-7.407034e+01
6970	-7.097668e+01
6971	-7.074756e+01
6972	-7.299524e+01
6973	-7.586855e+01
6974	-7.447926e+01
6975	-7.229285e+01
6976	-7.023960e+01
6977	-7.488369e+01
6978	-7.182268e+01
6979	-7.415115e+01
6980	-7.500315e+01
6981	-6.847267e+01
6982	-7.567966e+01
6983	-7.014643e+01
6984	-7.110916e+01
6985	-7.397455e+01
6986	-7.383371e+01
6987	-7.256159e+01
6988	-7.364282e+01
6989	-7.596931e+01
6990	-7.241235e+01
6991	-7.655252e+01
6992	-7.298953e+01
6993	-7.376870e+01
6994	-7.390016e+01
6995	-7.362366e+01
6996	-7.263116e+01
6997	-7.729973e+01
6998	-7.224059e+01
6999	-7.340714e+01
7000	-6.808511e+01
7001	-7.436722e+01
7002	-7.146568e+01
7003	-7.093524e+01
7004	-7.378414e+01
7005	-7.633460e+01
7006	-7.553749e+01
7007	-7.548472e+01
7008	-7.266832e+01
7009	-7.381899e+01
7010	-7.447338e+01
7011	-7.121991e+01
7012	-7.319848e+01
7013	-7.253556e+01
7014	-7.256843e+01
7015	-7.489881e+01
7016	-7.209070e+01
7017	-7.194589e+01
7018	-7.262332e+01
7019	-7.359290e+01
7020	-6.986590e+01
7021	-7.219126e+01
7022	-7.571838e+01
7023	-7.295278e+01
7024	-7.094193e+01
7025	-7.439486e+01
7026	-7.604338e+01
7027	-7.284283e+01
7028	-7.279302e+01
7029	-7.390129e+01
7030	-7.532429e+01
7031	-7.225186e+01
7032	-7.392315e+01
7033	-7.298437e+01
7034	-7.335189e+01
7035	-7.494737e+01
7036	-7.467653e+01
7037	-7.077911e+01
7038	-7.367337e+01
7039	-7.598216e+01
7040	-7.438589e+01
7041	-7.572139e+01
7042	-7.462780e+01
7043	-7.460346e+01
7044	-7.155115e+01
7045	-7.250539e+01
7046	-7.242455e+01
7047	-7.404780e+01
7048	-7.162458e+01
7049	-7.475424e+01
7050	-7.414839e+01
7051	-7.511653e+01
7052	-7.260611e+01
7053	-6.838916e+01
7054	-7.560070e+01
7055	-7.140441e+01
7056	-7.529626e+01
7057	-7.291291e+01
7058	-7.281346e+01
7059	-7.298666e+01
7060	-7.374467e+01
7061	-7.481302e+01
7062	-7.620396e+01
7063	-7.414929e+01
7064	-7.515272e+01
7065	-7.391726e+01
7066	-7.697980e+01
7067	-7.347371e+01
7068	-7.138031e+01
7069	-6.891252e+01
7070	-7.293484e+01
7071	-7.595571e+01
7072	-7.215272e+01
7073	-7.101386e+01
7074	-7.264554e+01
7075	-6.882461e+01
7076	-7.372957e+01
7077	-7.460649e+01
7078	-7.204222e+01
7079	-7.404395e+01
7080	-7.308225e+01
7081	-7.109492e+01
7082	-7.329180e+01
7083	-7.083872e+01
7084	-7.219955e+01
7085	-7.494714e+01
7086	-7.486223e+01
7087	-6.876436e+01
7088	-7.292350e+01
7089	-7.164558e+01
7090	-7.269391e+01
7091	-7.225356e+01
7092	-7.574873e+01
7093	-7.338997e+01
7094	-7.481125e+01
7095	-7.435953e+01
7096	-7.348099e+01
7097	-7.313523e+01
7098	-7.124802e+01
7099	-7.275585e+01
7100	-7.377745e+01
7101	-7.063334e+01
7102	-7.284243e+01
7103	-7.486295e+01
7104	-7.093626e+01
7105	-7.261433e+01
7106	-7.377710e+01
7107	-7.229575e+01
7108	-7.010906e+01
7109	-6.925634e+01
7110	-7.652222e+01
7111	-7.379284e+01
7112	-7.238087e+01
7113	-7.054971e+01
7114	-7.192407e+01
7115	-7.591905e+01
7116	-6.989378e+01
7117	-7.136181e+01
7118	-7.725363e+01
7119	-7.462837e+01
7120	-7.294959e+01
7121	-7.238852e+01
7122	-7.229046e+01
7123	-7.524168e+01
7124	-7.286784e+01
7125	-7.413052e+01
7126	-7.258827e+01
7127	-7.313862e+01
7128	-7.421149e+01
7129	-7.474733e+01
7130	-7.486353e+01
7131	-7.305639e+01
7132	-6.984819e+01
7133	-7.217520e+01
7134	-7.236956e+01
7135	-7.269239e+01
7136	-7.243112e+01
7137	-7.404401e+01
7138	-7.131146e+01
7139	-7.478787e+01
7140	-7.493874e+01
7141	-7.418343e+01
7142	-7.244643e+01
7143	-7.280714e+01
7144	-7.033947e+01
7145	-7.281348e+01
7146	-7.529775e+01
7147	-7.528056e+01
7148	-7.280623e+01
7149	-7.454867e+01
7150	-6.902215e+01
7151	-7.240413e+01
7152	-7.343564e+01
7153	-7.397944e+01
7154	-7.331707e+01
7155	-7.467304e+01
7156	-7.396033e+01
7157	-7.469485e+01
7158	-7.412336e+01
7159	-7.127729e+01
7160	-7.298993e+01
7161	-7.726359e+01
7162	-7.545158e+01
7163	-7.374365e+01
7164	-7.503011e+01
7165	-7.330045e+01
7166	-7.249034e+01
7167	-7.258770e+01
7168	-7.198907e+01
7169	-7.219934e+01
7170	-7.630923e+01
7171	-7.347500e+01
7172	-7.177361e+01
7173	-7.389806e+01
7174	-7.144931e+01
7175	-7.360396e+01
7176	-7.559978e+01
7177	-7.495526e+01
7178	-7.271545e+01
7179	-7.276346e+01
7180	-7.579201e+01
7181	-7.347622e+01
7182	-7.361953e+01
7183	-7.346326e+01
7184	-7.190924e+01
7185	-7.506754e+01
7186	-7.166787e+01
7187	-7.387980e+01
7188	-7.371390e+01
7189	-7.633453e+01
7190	-7.623675e+01
7191	-7.480177e+01
7192	-7.358325e+01
7193	-7.484718e+01
7194	-6.944198e+01
7195	-7.458016e+01
7196	-7.658763e+01
7197	-7.397462e+01
7198	-7.100695e+01
7199	-7.500888e+01
7200	-7.224775e+01
7201	-7.195376e+01
7202	-7.546671e+01
7203	-7.349615e+01
7204	-7.166810e+01
7205	-7.534508e+01
7206	-7.246468e+01
7207	-7.515655e+01
7208	-7.677579e+01
7209	-7.094591e+01
7210	-7.381771e+01
7211	-7.543336e+01
7212	-6.872138e+01
7213	-6.951257e+01
7214	-7.258530e+01
7215	-7.235904e+01
7216	-7.501953e+01
7217	-7.199329e+01
7218	-7.446651e+01
7219	-7.289758e+01
7220	-7.376710e+01
7221	-7.506547e+01
7222	-7.318162e+01
7223	-7.338115e+01
7224	-7.452744e+01
7225	-7.421967e+01
7226	-7.615833e+01
7227	-7.319670e+01
7228	-7.484635e+01
7229	-7.285841e+01
7230	-7.229852e+01
7231	-7.419626e+01
7232	-7.267064e+01
7233	-7.316355e+01
7234	-6.930429e+01
7235	-7.344409e+01
7236	-7.605375e+01
7237	-7.678878e+01
7238	-7.510081e+01
7239	-7.514581e+01
7240	-7.376026e+01
7241	-7.526126e+01
7242	-7.295750e+01
7243	-7.349056e+01
7244	-7.457941e+01
7245	-7.393380e+01
7246	-7.232951e+01
7247	-7.403298e+01
7248	-7.086965e+01
7249	-7.319353e+01
7250	-7.492737e+01
7251	-7.237669e+01
7252	-7.167799e+01
7253	-7.144075e+01
7254	-7.354572e+01
7255	-7.520194e+01
7256	-7.390167e+01
7257	-7.371156e+01
7258	-7.110773e+01
7259	-7.455830e+01
7260	-6.926757e+01
7261	-7.441161e+01
7262	-7.424573e+01
7263	-7.160233e+01
7264	-7.051730e+01
7265	-7.224773e+01
7266	-7.308052e+01
7267	-7.510886e+01
7268	-7.650929e+01
7269	-7.480464e+01
7270	-7.332025e+01
7271	-7.438114e+01
7272	-7.313598e+01
7273	-7.365211e+01
7274	-7.123158e+01
7275	-7.111233e+01
7276	-6.935025e+01
7277	-7.323725e+01
7278	-7.465768e+01
7279	-7.132097e+01
7280	-6.974082e+01
7281	-7.324624e+01
7282	-7.411331e+01
7283	-7.191984e+01
7284	-7.555168e+01
7285	-7.413019e+01
7286	-7.435437e+01
7287	-7.298936e+01
7288	-7.110570e+01
7289	-7.212820e+01
7290	-7.307376e+01
7291	-7.417629e+01
7292	-7.437842e+01
7293	-7.241973e+01
7294	-7.387425e+01
7295	-7.514953e+01
7296	-7.284562e+01
7297	-7.249023e+01
7298	-7.406272e+01
7299	-7.145999e+01
7300	-7.323904e+01
7301	-7.209779e+01
7302	-7.303086e+01
7303	-6.918113e+01
7304	-7.129307e+01
7305	-7.561911e+01
7306	-7.628387e+01
7307	-7.144584e+01
7308	-7.167157e+01
7309	-7.094958e+01
7310	-7.392163e+01
7311	-7.234675e+01
7312	-7.212887e+01
7313	-7.342622e+01
7314	-7.546046e+01
7315	-7.385064e+01
7316	-7.163816e+01
7317	-7.612035e+01
7318	-7.484264e+01
7319	-7.534647e+01
7320	-7.202365e+01
7321	-7.636344e+01
7322	-6.999611e+01
7323	-7.133607e+01
7324	-7.596483e+01
7325	-7.093643e+01
7326	-7.216344e+01
7327	-7.329295e+01
7328	-7.530344e+01
7329	-7.373417e+01
7330	-7.362897e+01
7331	-7.258147e+01
7332	-7.222975e+01
7333	-7.185620e+01
7334	-7.161511e+01
7335	-7.598533e+01
7336	-7.467291e+01
7337	-7.227219e+01
7338	-7.537621e+01
7339	-7.613960e+01
7340	-7.651160e+01
7341	-7.362775e+01
7342	-7.211708e+01
7343	-7.413418e+01
7344	-7.224689e+01
7345	-7.332994e+01
7346	-7.098816e+01
7347	-7.062217e+01
7348	-7.296360e+01
7349	-7.235292e+01
7350	-7.211208e+01
7351	-7.532971e+01
7352	-7.429089e+01
7353	-7.351360e+01
7354	-7.408863e+01
7355	-7.439098e+01
7356	-7.044436e+01
7357	-7.432374e+01
7358	-7.057475e+01
7359	-7.324082e+01
7360	-7.633782e+01
7361	-7.272588e+01
7362	-7.288677e+01
7363	-7.158343e+01
7364	-7.387055e+01
7365	-7.353509e+01
7366	-6.818542e+01
7367	-7.058837e+01
7368	-7.229039e+01
7369	-7.502721e+01
7370	-7.420099e+01
7371	-7.233893e+01
7372	-7.500912e+01
7373	-7.199515e+01
7374	-7.328431e+01
7375	-7.325344e+01
7376	-7.506909e+01
7377	-7.165271e+01
7378	-7.294286e+01
7379	-7.491519e+01
7380	-7.297207e+01
7381	-7.625827e+01
7382	-7.328123e+01
7383	-7.168549e+01
7384	-7.122195e+01
7385	-7.547853e+01
7386	-7.310021e+01
7387	-7.547317e+01
7388	-7.763706e+01
7389	-7.479983e+01
7390	-7.342235e+01
7391	-7.167052e+01
7392	-7.572621e+01
7393	-7.551778e+01
7394	-7.074804e+01
7395	-7.216793e+01
7396	-7.094892e+01
7397	-7.435402e+01
7398	-7.414082e+01
7399	-7.497460e+01
7400	-7.379473e+01
7401	-7.311638e+01
7402	-7.116604e+01
7403	-7.351779e+01
7404	-7.726890e+01
7405	-7.327021e+01
7406	-7.408531e+01
7407	-7.384664e+01
7408	-7.195754e+01
7409	-7.425870e+01
7410	-7.511601e+01
7411	-7.440780e+01
7412	-7.255222e+01
7413	-7.433958e+01
7414	-7.606674e+01
7415	-7.449953e+01
7416	-7.234130e+01
7417	-7.150312e+01
7418	-7.372445e+01
7419	-7.300159e+01
7420	-7.772716e+01
7421	-7.279792e+01
7422	-7.539393e+01
7423	-7.244349e+01
7424	-7.416465e+01
7425	-7.410338e+01
7426	-7.210485e+01
7427	-7.113600e+01
7428	-7.229341e+01
7429	-7.646277e+01
7430	-7.501849e+01
7431	-7.187939e+01
7432	-7.567276e+01
7433	-7.562601e+01
7434	-7.334106e+01
7435	-7.382453e+01
7436	-7.334582e+01
7437	-7.507763e+01
7438	-7.322103e+01
7439	-7.146325e+01
7440	-6.746587e+01
7441	-7.147940e+01
7442	-7.305108e+01
7443	-7.172730e+01
7444	-7.524198e+01
7445	-7.393449e+01
7446	-7.621552e+01
7447	-7.499212e+01
7448	-6.983927e+01
7449	-7.428000e+01
7450	-7.448396e+01
7451	-7.480709e+01
7452	-7.443966e+01
7453	-7.212184e+01
7454	-7.643531e+01
7455	-7.401060e+01
7456	-7.209272e+01
7457	-7.584511e+01
7458	-7.160116e+01
7459	-7.200758e+01
7460	-6.975846e+01
7461	-7.558737e+01
7462	-7.026783e+01
7463	-7.580760e+01
7464	-7.475287e+01
7465	-7.274466e+01
7466	-7.255235e+01
7467	-7.397014e+01
7468	-7.582910e+01
7469	-7.478333e+01
7470	-7.195884e+01
7471	-7.394015e+01
7472	-7.218178e+01
7473	-7.327632e+01
7474	-7.005088e+01
7475	-7.757381e+01
7476	-7.265699e+01
7477	-7.316515e+01
7478	-7.128325e+01
7479	-7.316735e+01
7480	-7.562663e+01
7481	-7.450226e+01
7482	-7.622353e+01
7483	-7.307349e+01
7484	-7.612091e+01
7485	-7.479458e+01
7486	-7.451188e+01
7487	-7.230800e+01
7488	-7.112490e+01
7489	-6.994495e+01
7490	-7.250555e+01
7491	-7.269782e+01
7492	-7.186243e+01
7493	-7.037040e+01
7494	-7.476926e+01
7495	-7.630461e+01
7496	-7.171312e+01
7497	-7.296872e+01
7498	-7.383479e+01
7499	-7.388741e+01
7500	-7.349975e+01
7501	-7.061246e+01
7502	-7.179764e+01
7503	-7.330041e+01
7504	-7.755113e+01
7505	-7.303300e+01
7506	-7.625309e+01
7507	-7.345243e+01
7508	-7.110834e+01
7509	-7.482180e+01
7510	-7.286662e+01
7511	-7.108346e+01
7512	-7.230164e+01
7513	-7.498450e+01
7514	-7.801445e+01
7515	-6.926519e+01
7516	-7.460518e+01
7517	-7.179547e+01
7518	-7.697876e+01
7519	-7.179818e+01
7520	-7.352412e+01
7521	-7.335101e+01
7522	-7.074999e+01
7523	-7.232434e+01
7524	-7.436264e+01
7525	-7.485381e+01
7526	-7.324447e+01
7527	-6.983013e+01
7528	-7.375981e+01
7529	-7.165237e+01
7530	-7.115438e+01
7531	-7.462353e+01
7532	-7.245287e+01
7533	-7.295509e+01
7534	-7.471289e+01
7535	-7.689661e+01
7536	-6.993325e+01
7537	-7.027722e+01
7538	-6.941985e+01
7539	-7.255084e+01
7540	-7.158049e+01
7541	-7.208837e+01
7542	-7.198146e+01
7543	-7.182555e+01
7544	-7.122229e+01
7545	-7.053873e+01
7546	-6.971867e+01
7547	-7.393206e+01
7548	-7.592726e+01
7549	-7.440217e+01
7550	-7.601996e+01
7551	-7.116031e+01
7552	-6.966540e+01
7553	-7.051592e+01
7554	-7.413061e+01
7555	-7.292053e+01
7556	-7.328941e+01
7557	-7.402747e+01
7558	-7.382939e+01
7559	-7.293420e+01
7560	-7.324714e+01
7561	-7.482009e+01
7562	-7.420936e+01
7563	-7.361766e+01
7564	-7.421785e+01
7565	-7.500820e+01
7566	-7.427315e+01
7567	-7.254918e+01
7568	-7.710068e+01
7569	-7.586505e+01
7570	-7.354614e+01
7571	-7.232700e+01
7572	-7.741035e+01
7573	-7.379062e+01
7574	-7.028378e+01
7575	-7.369922e+01
7576	-7.156746e+01
7577	-7.757565e+01
7578	-7.416158e+01
7579	-7.521142e+01
7580	-7.416956e+01
7581	-7.437313e+01
7582	-8.014968e+01
7583	-7.171144e+01
7584	-7.600368e+01
7585	-7.580670e+01
7586	-7.332618e+01
7587	-7.380682e+01
7588	-7.167838e+01
7589	-7.252671e+01
7590	-7.389317e+01
7591	-7.293028e+01
7592	-7.249698e+01
7593	-7.647740e+01
7594	-7.596233e+01
7595	-7.448536e+01
7596	-7.408768e+01
7597	-7.336508e+01
7598	-7.426510e+01
7599	-7.176537e+01
7600	-7.218658e+01
7601	-7.215721e+01
7602	-7.434309e+01
7603	-7.389605e+01
7604	-7.306202e+01
7605	-7.194070e+01
7606	-7.364327e+01
7607	-7.204974e+01
7608	-7.287354e+01
7609	-6.777167e+01
7610	-7.547067e+01
7611	-7.247369e+01
7612	-7.437673e+01
7613	-7.222675e+01
7614	-7.143092e+01
7615	-7.540980e+01
7616	-7.323218e+01
7617	-7.470190e+01
7618	-7.353507e+01
7619	-7.043283e+01
7620	-7.474380e+01
7621	-7.136089e+01
7622	-7.577376e+01
7623	-7.039914e+01
7624	-6.984568e+01
7625	-7.129874e+01
7626	-7.251646e+01
7627	-7.096208e+01
7628	-7.345162e+01
7629	-7.123854e+01
7630	-7.182611e+01
7631	-7.469389e+01
7632	-7.347312e+01
7633	-7.491298e+01
7634	-7.299483e+01
7635	-7.582276e+01
7636	-7.598349e+01
7637	-7.205880e+01
7638	-7.028148e+01
7639	-7.652263e+01
7640	-7.223416e+01
7641	-7.099847e+01
7642	-7.473417e+01
7643	-7.569170e+01
7644	-7.546853e+01
7645	-7.619269e+01
7646	-7.457353e+01
7647	-7.707876e+01
7648	-7.270136e+01
7649	-7.509712e+01
7650	-7.476519e+01
7651	-7.225426e+01
7652	-7.381812e+01
7653	-7.402081e+01
7654	-7.292257e+01
7655	-7.127842e+01
7656	-7.603304e+01
7657	-7.203431e+01
7658	-7.294662e+01
7659	-7.550001e+01
7660	-7.450449e+01
7661	-7.212669e+01
7662	-7.217465e+01
7663	-7.268191e+01
7664	-7.007876e+01
7665	-7.291863e+01
7666	-7.362328e+01
7667	-7.554281e+01
7668	-7.124669e+01
7669	-7.220531e+01
7670	-7.260589e+01
7671	-7.336764e+01
7672	-7.595261e+01
7673	-7.373847e+01
7674	-7.573640e+01
7675	-7.704693e+01
7676	-7.659201e+01
7677	-7.536779e+01
7678	-7.306440e+01
7679	-7.642754e+01
7680	-7.363308e+01
7681	-7.318818e+01
7682	-7.081214e+01
7683	-7.210268e+01
7684	-7.247416e+01
7685	-7.285437e+01
7686	-7.433972e+01
7687	-7.220401e+01
7688	-7.264151e+01
7689	-7.532290e+01
7690	-7.213862e+01
7691	-7.220724e+01
7692	-7.711001e+01
7693	-7.408897e+01
7694	-7.164183e+01
7695	-7.113667e+01
7696	-7.480880e+01
7697	-7.313909e+01
7698	-7.317223e+01
7699	-7.410336e+01
7700	-7.532645e+01
7701	-7.048836e+01
7702	-7.393875e+01
7703	-7.419085e+01
7704	-7.160313e+01
7705	-7.511222e+01
7706	-7.638075e+01
7707	-7.229604e+01
7708	-7.306887e+01
7709	-7.210723e+01
7710	-7.100569e+01
7711	-7.001467e+01
7712	-7.228277e+01
7713	-7.269132e+01
7714	-7.431315e+01
7715	-6.906850e+01
7716	-7.213360e+01
7717	-7.491127e+01
7718	-7.437837e+01
7719	-7.375804e+01
7720	-7.238549e+01
7721	-7.218368e+01
7722	-7.567500e+01
7723	-7.242119e+01
7724	-7.581545e+01
7725	-7.225418e+01
7726	-7.769020e+01
7727	-7.549593e+01
7728	-7.252004e+01
7729	-7.280642e+01
7730	-7.326795e+01
7731	-7.539756e+01
7732	-7.143096e+01
7733	-7.165894e+01
7734	-7.256011e+01
7735	-7.609972e+01
7736	-7.419643e+01
7737	-7.112457e+01
7738	-7.272603e+01
7739	-7.615815e+01
7740	-6.860167e+01
7741	-7.524879e+01
7742	-7.285537e+01
7743	-7.066734e+01
7744	-7.169358e+01
7745	-7.133037e+01
7746	-7.030894e+01
7747	-7.248117e+01
7748	-7.311335e+01
7749	-7.419512e+01
7750	-7.318555e+01
7751	-7.184895e+01
7752	-7.170509e+01
7753	-7.061523e+01
7754	-7.249880e+01
7755	-7.480646e+01
7756	-7.548106e+01
7757	-7.368287e+01
7758	-7.075258e+01
7759	-6.859049e+01
7760	-7.343792e+01
7761	-7.519216e+01
7762	-7.562382e+01
7763	-7.645912e+01
7764	-7.778404e+01
7765	-7.291105e+01
7766	-7.848022e+01
7767	-7.348550e+01
7768	-7.371126e+01
7769	-7.263931e+01
7770	-7.514270e+01
7771	-7.273346e+01
7772	-7.637889e+01
7773	-7.305085e+01
7774	-7.560683e+01
7775	-7.167142e+01
7776	-7.419301e+01
7777	-7.226533e+01
7778	-7.308921e+01
7779	-7.379938e+01
7780	-7.500603e+01
7781	-7.491884e+01
7782	-6.803457e+01
7783	-7.185445e+01
7784	-7.613777e+01
7785	-7.389370e+01
7786	-7.544916e+01
7787	-7.413806e+01
7788	-7.765083e+01
7789	-7.424922e+01
7790	-7.073186e+01
7791	-7.138865e+01
7792	-7.396456e+01
7793	-7.629041e+01
7794	-7.399789e+01
7795	-7.415144e+01
7796	-7.279181e+01
7797	-7.240310e+01
7798	-7.166610e+01
7799	-7.357446e+01
7800	-7.250128e+01
7801	-7.174072e+01
7802	-7.466851e+01
7803	-7.039554e+01
7804	-7.395775e+01
7805	-7.411242e+01
7806	-7.257636e+01
7807	-7.094653e+01
7808	-7.380890e+01
7809	-7.631345e+01
7810	-7.311457e+01
7811	-7.223547e+01
7812	-7.233731e+01
7813	-7.495386e+01
7814	-7.306121e+01
7815	-7.351879e+01
7816	-6.988575e+01
7817	-7.314328e+01
7818	-7.193871e+01
7819	-7.106359e+01
7820	-7.148478e+01
7821	-7.414629e+01
7822	-7.367588e+01
7823	-7.367984e+01
7824	-7.346722e+01
7825	-7.270565e+01
7826	-7.256801e+01
7827	-7.095239e+01
7828	-7.338603e+01
7829	-7.088788e+01
7830	-7.192594e+01
7831	-6.936547e+01
7832	-7.355892e+01
7833	-6.996678e+01
7834	-7.294685e+01
7835	-6.925635e+01
7836	-7.559464e+01
7837	-7.176496e+01
7838	-7.340708e+01
7839	-7.058188e+01
7840	-7.180594e+01
7841	-7.474921e+01
7842	-7.231896e+01
7843	-7.483261e+01
7844	-6.916528e+01
7845	-7.696079e+01
7846	-7.020707e+01
7847	-7.004335e+01
7848	-7.203213e+01
7849	-7.225994e+01
7850	-7.615881e+01
7851	-7.482907e+01
7852	-7.474010e+01
7853	-7.231988e+01
7854	-7.234680e+01
7855	-7.151210e+01
7856	-7.050749e+01
7857	-7.239125e+01
7858	-7.405948e+01
7859	-7.307232e+01
7860	-7.471758e+01
7861	-7.303013e+01
7862	-7.305661e+01
7863	-7.283273e+01
7864	-7.315136e+01
7865	-7.226804e+01
7866	-7.290894e+01
7867	-7.331370e+01
7868	-7.190016e+01
7869	-7.117641e+01
7870	-7.307635e+01
7871	-7.013160e+01
7872	-7.547346e+01
7873	-7.545984e+01
7874	-7.909858e+01
7875	-7.263684e+01
7876	-7.747953e+01
7877	-7.495185e+01
7878	-7.233860e+01
7879	-7.467634e+01
7880	-7.397994e+01
7881	-7.459047e+01
7882	-7.422799e+01
7883	-7.389229e+01
7884	-7.067557e+01
7885	-7.602664e+01
7886	-7.646432e+01
7887	-7.361279e+01
7888	-7.068742e+01
7889	-7.585873e+01
7890	-6.968534e+01
7891	-7.561139e+01
7892	-7.620588e+01
7893	-7.324223e+01
7894	-7.441768e+01
7895	-7.722569e+01
7896	-7.448191e+01
7897	-7.122051e+01
7898	-7.130349e+01
7899	-7.273163e+01
7900	-7.431721e+01
7901	-7.319407e+01
7902	-7.511870e+01
7903	-7.418697e+01
7904	-7.591598e+01
7905	-6.934100e+01
7906	-6.974148e+01
7907	-7.701506e+01
7908	-7.156984e+01
7909	-7.380922e+01
7910	-7.208623e+01
7911	-7.254488e+01
7912	-7.166380e+01
7913	-7.206327e+01
7914	-6.933440e+01
7915	-7.556808e+01
7916	-7.301878e+01
7917	-7.321123e+01
7918	-7.239066e+01
7919	-7.070519e+01
7920	-7.401074e+01
7921	-7.266593e+01
7922	-7.417237e+01
7923	-7.522323e+01
7924	-7.787980e+01
7925	-7.196640e+01
7926	-7.382211e+01
7927	-7.284594e+01
7928	-7.102274e+01
7929	-7.345982e+01
7930	-7.243385e+01
7931	-7.257689e+01
7932	-6.990903e+01
7933	-7.115085e+01
7934	-7.330860e+01
7935	-7.772047e+01
7936	-7.363447e+01
7937	-7.411128e+01
7938	-7.532051e+01
7939	-7.335306e+01
7940	-7.543652e+01
7941	-7.284926e+01
7942	-7.137699e+01
7943	-7.311118e+01
7944	-7.575194e+01
7945	-7.605012e+01
7946	-7.513026e+01
7947	-7.073552e+01
7948	-7.328792e+01
7949	-7.266703e+01
7950	-7.201477e+01
7951	-7.345039e+01
7952	-7.623667e+01
7953	-7.346716e+01
7954	-7.111268e+01
7955	-7.211150e+01
7956	-7.175142e+01
7957	-7.683733e+01
7958	-7.084877e+01
7959	-7.280133e+01
7960	-7.687570e+01
7961	-7.524417e+01
7962	-7.038590e+01
7963	-7.059315e+01
7964	-7.156981e+01
7965	-7.189739e+01
7966	-7.202093e+01
7967	-7.251060e+01
7968	-7.647850e+01
7969	-7.381935e+01
7970	-7.070289e+01
7971	-7.434514e+01
7972	-7.270620e+01
7973	-7.434935e+01
7974	-7.532097e+01
7975	-7.321014e+01
7976	-7.400084e+01
7977	-7.551578e+01
7978	-7.303472e+01
7979	-7.319769e+01
7980	-7.481731e+01
7981	-7.715318e+01
7982	-7.225115e+01
7983	-7.382165e+01
7984	-7.381993e+01
7985	-7.275428e+01
7986	-7.145938e+01
7987	-7.060872e+01
7988	-7.147230e+01
7989	-7.382098e+01
7990	-7.662353e+01
7991	-7.378549e+01
7992	-7.215600e+01
7993	-7.317668e+01
7994	-7.133218e+01
7995	-7.482809e+01
7996	-7.257664e+01
7997	-7.596169e+01
7998	-7.535373e+01
7999	-7.185556e+01
8000	-7.448562e+01
8001	-7.110414e+01
8002	-7.016817e+01
8003	-7.276595e+01
8004	-7.315015e+01
8005	-7.156254e+01
8006	-7.467558e+01
8007	-7.210467e+01
8008	-7.292527e+01
8009	-7.529938e+01
8010	-7.019844e+01
8011	-7.197489e+01
8012	-6.797468e+01
8013	-7.245619e+01
8014	-7.407872e+01
8015	-7.112529e+01
8016	-7.427115e+01
8017	-7.349379e+01
8018	-7.793609e+01
8019	-7.370163e+01
8020	-7.474267e+01
8021	-7.512178e+01
8022	-7.701281e+01
8023	-7.088413e+01
8024	-7.116476e+01
8025	-7.029714e+01
8026	-7.768312e+01
8027	-7.314566e+01
8028	-7.046749e+01
8029	-7.192226e+01
8030	-7.579882e+01
8031	-7.514509e+01
8032	-7.106747e+01
8033	-7.273648e+01
8034	-7.473075e+01
8035	-7.391668e+01
8036	-7.116843e+01
8037	-7.075044e+01
8038	-7.483864e+01
8039	-7.573554e+01
8040	-7.225271e+01
8041	-6.889859e+01
8042	-7.447167e+01
8043	-6.943590e+01
8044	-7.182439e+01
8045	-7.337424e+01
8046	-7.624310e+01
8047	-7.315065e+01
8048	-7.293215e+01
8049	-7.094287e+01
8050	-7.378157e+01
8051	-7.355642e+01
8052	-6.988941e+01
8053	-7.071109e+01
8054	-7.574251e+01
8055	-7.183943e+01
8056	-7.047075e+01
8057	-7.121681e+01
8058	-7.461893e+01
8059	-7.092745e+01
8060	-7.627178e+01
8061	-7.085475e+01
8062	-7.036672e+01
8063	-7.323209e+01
8064	-7.350290e+01
8065	-7.312174e+01
8066	-7.362601e+01
8067	-7.377032e+01
8068	-7.012655e+01
8069	-7.093593e+01
8070	-7.542468e+01
8071	-7.372305e+01
8072	-7.266277e+01
8073	-7.474563e+01
8074	-7.274928e+01
8075	-7.192086e+01
8076	-7.427054e+01
8077	-7.455689e+01
8078	-7.397265e+01
8079	-7.422564e+01
8080	-7.368247e+01
8081	-7.489052e+01
8082	-7.436203e+01
8083	-7.582821e+01
8084	-7.953857e+01
8085	-7.475021e+01
8086	-7.200227e+01
8087	-7.197658e+01
8088	-7.395047e+01
8089	-7.258853e+01
8090	-7.265845e+01
8091	-7.483745e+01
8092	-7.057973e+01
8093	-7.209197e+01
8094	-7.337685e+01
8095	-7.295137e+01
8096	-7.270438e+01
8097	-7.465447e+01
8098	-7.292593e+01
8099	-7.560690e+01
8100	-7.122447e+01
8101	-7.629501e+01
8102	-7.210787e+01
8103	-7.342704e+01
8104	-7.835319e+01
8105	-7.083937e+01
8106	-7.372105e+01
8107	-7.289184e+01
8108	-7.482181e+01
8109	-7.323653e+01
8110	-6.962572e+01
8111	-7.277463e+01
8112	-7.265419e+01
8113	-7.247399e+01
8114	-7.412880e+01
8115	-7.811595e+01
8116	-7.693611e+01
8117	-7.372998e+01
8118	-7.476036e+01
8119	-7.375520e+01
8120	-6.935356e+01
8121	-7.348323e+01
8122	-7.311325e+01
8123	-7.510995e+01
8124	-7.286263e+01
8125	-7.291195e+01
8126	-7.582282e+01
8127	-7.755215e+01
8128	-7.412696e+01
8129	-7.497824e+01
8130	-7.455984e+01
8131	-7.050425e+01
8132	-7.648853e+01
8133	-7.570867e+01
8134	-7.392751e+01
8135	-7.361052e+01
8136	-7.151223e+01
8137	-7.679571e+01
8138	-7.116688e+01
8139	-7.008390e+01
8140	-7.291473e+01
8141	-7.301380e+01
8142	-7.125940e+01
8143	-6.983015e+01
8144	-7.286289e+01
8145	-7.129662e+01
8146	-7.219454e+01
8147	-7.303541e+01
8148	-7.437721e+01
8149	-7.405631e+01
8150	-7.485888e+01
8151	-7.368928e+01
8152	-7.336814e+01
8153	-7.159852e+01
8154	-7.229549e+01
8155	-6.969207e+01
8156	-7.152185e+01
8157	-7.243828e+01
8158	-7.416660e+01
8159	-7.421856e+01
8160	-7.562669e+01
8161	-7.245088e+01
8162	-7.400905e+01
8163	-7.648325e+01
8164	-7.390927e+01
8165	-7.247726e+01
8166	-7.443157e+01
8167	-7.269155e+01
8168	-7.429762e+01
8169	-7.051493e+01
8170	-7.324670e+01
8171	-7.645937e+01
8172	-7.013087e+01
8173	-7.228093e+01
8174	-7.419222e+01
8175	-7.592183e+01
8176	-7.154937e+01
8177	-7.284327e+01
8178	-7.291794e+01
8179	-6.980247e+01
8180	-7.189257e+01
8181	-7.151624e+01
8182	-7.588221e+01
8183	-7.219468e+01
8184	-7.438534e+01
8185	-7.404436e+01
8186	-7.048548e+01
8187	-7.407073e+01
8188	-7.248725e+01
8189	-7.103485e+01
8190	-7.439499e+01
8191	-7.361789e+01
8192	-7.351972e+01
8193	-6.963901e+01
8194	-7.810255e+01
8195	-7.737642e+01
8196	-7.219792e+01
8197	-7.195773e+01
8198	-7.392251e+01
8199	-7.270441e+01
8200	-7.357260e+01
8201	-7.258020e+01
8202	-7.300093e+01
8203	-7.473747e+01
8204	-7.311684e+01
8205	-7.257838e+01
8206	-7.586571e+01
8207	-7.060209e+01
8208	-7.602246e+01
8209	-7.419480e+01
8210	-7.183653e+01
8211	-7.552947e+01
8212	-6.897598e+01
8213	-7.279329e+01
8214	-7.135630e+01
8215	-7.533204e+01
8216	-7.002949e+01
8217	-7.097609e+01
8218	-7.409730e+01
8219	-7.306754e+01
8220	-6.981784e+01
8221	-7.444666e+01
8222	-7.327669e+01
8223	-7.207681e+01
8224	-7.451520e+01
8225	-8.005093e+01
8226	-7.115551e+01
8227	-7.169243e+01
8228	-7.698553e+01
8229	-7.174555e+01
8230	-7.454554e+01
8231	-7.097030e+01
8232	-7.499029e+01
8233	-7.519004e+01
8234	-7.254837e+01
8235	-7.665482e+01
8236	-7.332585e+01
8237	-7.512240e+01
8238	-7.287866e+01
8239	-7.125001e+01
8240	-7.406556e+01
8241	-7.283924e+01
8242	-7.430109e+01
8243	-7.441384e+01
8244	-7.303488e+01
8245	-7.618025e+01
8246	-6.956887e+01
8247	-7.558946e+01
8248	-7.292499e+01
8249	-7.347360e+01
8250	-7.445535e+01
8251	-7.337745e+01
8252	-7.171855e+01
8253	-7.509154e+01
8254	-7.233542e+01
8255	-7.505908e+01
8256	-7.481162e+01
8257	-7.389999e+01
8258	-7.101543e+01
8259	-7.508788e+01
8260	-7.256053e+01
8261	-7.345871e+01
8262	-7.472386e+01
8263	-7.382675e+01
8264	-7.224608e+01
8265	-6.963459e+01
8266	-7.100388e+01
8267	-7.520586e+01
8268	-7.456735e+01
8269	-7.711072e+01
8270	-7.286180e+01
8271	-7.362155e+01
8272	-7.394769e+01
8273	-7.534625e+01
8274	-7.443070e+01
8275	-7.544130e+01
8276	-7.374861e+01
8277	-7.499586e+01
8278	-7.354308e+01
8279	-6.990093e+01
8280	-6.856749e+01
8281	-7.556116e+01
8282	-7.781119e+01
8283	-7.270856e+01
8284	-7.031661e+01
8285	-7.435249e+01
8286	-7.202213e+01
8287	-7.389765e+01
8288	-7.213944e+01
8289	-7.540253e+01
8290	-7.119234e+01
8291	-7.510155e+01
8292	-7.341517e+01
8293	-7.518385e+01
8294	-7.142306e+01
8295	-7.307898e+01
8296	-7.586915e+01
8297	-7.435691e+01
8298	-7.166753e+01
8299	-6.991534e+01
8300	-7.523835e+01
8301	-7.634042e+01
8302	-7.397712e+01
8303	-7.481394e+01
8304	-7.163489e+01
8305	-7.146465e+01
8306	-7.680928e+01
8307	-7.034776e+01
8308	-7.759793e+01
8309	-7.352415e+01
8310	-7.386398e+01
8311	-7.315514e+01
8312	-7.356721e+01
8313	-7.211300e+01
8314	-7.253073e+01
8315	-7.446167e+01
8316	-7.211910e+01
8317	-7.500992e+01
8318	-7.569305e+01
8319	-7.388042e+01
8320	-7.335858e+01
8321	-7.528058e+01
8322	-7.468823e+01
8323	-7.308632e+01
8324	-7.732913e+01
8325	-7.655652e+01
8326	-7.444422e+01
8327	-7.218340e+01
8328	-7.048358e+01
8329	-7.314193e+01
8330	-7.266127e+01
8331	-7.295134e+01
8332	-7.346981e+01
8333	-7.438568e+01
8334	-7.416336e+01
8335	-7.242534e+01
8336	-7.112221e+01
8337	-7.615867e+01
8338	-7.651710e+01
8339	-7.141938e+01
8340	-7.315402e+01
8341	-7.479389e+01
8342	-7.270924e+01
8343	-7.215507e+01
8344	-7.177289e+01
8345	-7.218591e+01
8346	-7.279479e+01
8347	-7.307559e+01
8348	-7.028094e+01
8349	-7.633250e+01
8350	-7.424011e+01
8351	-7.149400e+01
8352	-7.654631e+01
8353	-7.509983e+01
8354	-7.467531e+01
8355	-7.314060e+01
8356	-7.297576e+01
8357	-7.242604e+01
8358	-7.291473e+01
8359	-7.442036e+01
8360	-7.094616e+01
8361	-7.386700e+01
8362	-7.709069e+01
8363	-7.228449e+01
8364	-7.257014e+01
8365	-7.086527e+01
8366	-7.419849e+01
8367	-7.254486e+01
8368	-7.114470e+01
8369	-7.361524e+01
8370	-7.218124e+01
8371	-7.389992e+01
8372	-7.142137e+01
8373	-7.013065e+01
8374	-7.508944e+01
8375	-7.386485e+01
8376	-7.318549e+01
8377	-7.075440e+01
8378	-7.163870e+01
8379	-7.465402e+01
8380	-7.228818e+01
8381	-7.436438e+01
8382	-7.444789e+01
8383	-7.336689e+01
8384	-7.434441e+01
8385	-7.292114e+01
8386	-7.506261e+01
8387	-7.301132e+01
8388	-7.465725e+01
8389	-7.162477e+01
8390	-7.685041e+01
8391	-7.188783e+01
8392	-6.824432e+01
8393	-7.587496e+01
8394	-7.382568e+01
8395	-6.925933e+01
8396	-7.216256e+01
8397	-7.648532e+01
8398	-7.154581e+01
8399	-7.236470e+01
8400	-7.128824e+01
8401	-6.981306e+01
8402	-7.310567e+01
8403	-7.406914e+01
8404	-7.259561e+01
8405	-7.310460e+01
8406	-7.232956e+01
8407	-7.172299e+01
8408	-7.432668e+01
8409	-7.643879e+01
8410	-7.456655e+01
8411	-7.033230e+01
8412	-7.489052e+01
8413	-7.694965e+01
8414	-7.023567e+01
8415	-7.208595e+01
8416	-7.092418e+01
8417	-7.046098e+01
8418	-7.048321e+01
8419	-7.467490e+01
8420	-6.833429e+01
8421	-7.394907e+01
8422	-7.568888e+01
8423	-7.191412e+01
8424	-7.186283e+01
8425	-6.986842e+01
8426	-7.462790e+01
8427	-7.683267e+01
8428	-7.296344e+01
8429	-7.366134e+01
8430	-7.172262e+01
8431	-7.541137e+01
8432	-7.206887e+01
8433	-7.366128e+01
8434	-7.077742e+01
8435	-7.116052e+01
8436	-7.205353e+01
8437	-7.087693e+01
8438	-7.314309e+01
8439	-7.202555e+01
8440	-7.154855e+01
8441	-7.272462e+01
8442	-7.276980e+01
8443	-7.666882e+01
8444	-7.317688e+01
8445	-7.156980e+01
8446	-6.979562e+01
8447	-7.431568e+01
8448	-6.725003e+01
8449	-7.237832e+01
8450	-7.335353e+01
8451	-7.164057e+01
8452	-7.450940e+01
8453	-7.212974e+01
8454	-7.236431e+01
8455	-7.228498e+01
8456	-7.567770e+01
8457	-7.517257e+01
8458	-7.315929e+01
8459	-7.554316e+01
8460	-7.582836e+01
8461	-7.650215e+01
8462	-7.491141e+01
8463	-7.194198e+01
8464	-7.542768e+01
8465	-7.119161e+01
8466	-7.602722e+01
8467	-7.149725e+01
8468	-7.482058e+01
8469	-7.062589e+01
8470	-7.548101e+01
8471	-7.451379e+01
8472	-7.281982e+01
8473	-7.023646e+01
8474	-7.359194e+01
8475	-7.362176e+01
8476	-7.324934e+01
8477	-6.985990e+01
8478	-7.233320e+01
8479	-7.409521e+01
8480	-7.451201e+01
8481	-6.994509e+01
8482	-7.371422e+01
8483	-7.180749e+01
8484	-7.606741e+01
8485	-7.187034e+01
8486	-7.360539e+01
8487	-7.271490e+01
8488	-7.287624e+01
8489	-7.369127e+01
8490	-7.361401e+01
8491	-7.134707e+01
8492	-7.202471e+01
8493	-7.312087e+01
8494	-7.542293e+01
8495	-7.358864e+01
8496	-7.208477e+01
8497	-7.222910e+01
8498	-7.265317e+01
8499	-7.514095e+01
8500	-7.415627e+01
8501	-7.825154e+01
8502	-7.386019e+01
8503	-7.195137e+01
8504	-7.298013e+01
8505	-7.589162e+01
8506	-7.191866e+01
8507	-7.428380e+01
8508	-7.374735e+01
8509	-7.221476e+01
8510	-7.462393e+01
8511	-6.990015e+01
8512	-7.288149e+01
8513	-7.416718e+01
8514	-7.282499e+01
8515	-7.428485e+01
8516	-7.722640e+01
8517	-7.446692e+01
8518	-7.121457e+01
8519	-7.277434e+01
8520	-7.282374e+01
8521	-7.466298e+01
8522	-7.182792e+01
8523	-7.442421e+01
8524	-7.489205e+01
8525	-7.131426e+01
8526	-7.528945e+01
8527	-7.195401e+01
8528	-7.114951e+01
8529	-7.208268e+01
8530	-6.856560e+01
8531	-7.168414e+01
8532	-7.330031e+01
8533	-7.127279e+01
8534	-7.417047e+01
8535	-7.251522e+01
8536	-7.133072e+01
8537	-7.492511e+01
8538	-7.115799e+01
8539	-7.525904e+01
8540	-7.559616e+01
8541	-7.326910e+01
8542	-7.248267e+01
8543	-7.441782e+01
8544	-7.324674e+01
8545	-7.508756e+01
8546	-7.290529e+01
8547	-7.355642e+01
8548	-7.064132e+01
8549	-7.320617e+01
8550	-7.393548e+01
8551	-7.303041e+01
8552	-7.237590e+01
8553	-7.160891e+01
8554	-7.483359e+01
8555	-7.769622e+01
8556	-7.487332e+01
8557	-7.391614e+01
8558	-7.388743e+01
8559	-7.132897e+01
8560	-7.196822e+01
8561	-6.927418e+01
8562	-7.462150e+01
8563	-7.418995e+01
8564	-7.259104e+01
8565	-7.693918e+01
8566	-7.488355e+01
8567	-7.640343e+01
8568	-7.354002e+01
8569	-7.141359e+01
8570	-7.389264e+01
8571	-7.391093e+01
8572	-7.272421e+01
8573	-7.644151e+01
8574	-7.207472e+01
8575	-7.574222e+01
8576	-7.484528e+01
8577	-7.402185e+01
8578	-7.051689e+01
8579	-7.290780e+01
8580	-7.326995e+01
8581	-7.268264e+01
8582	-7.220194e+01
8583	-7.298003e+01
8584	-7.496832e+01
8585	-7.002972e+01
8586	-7.299038e+01
8587	-7.391017e+01
8588	-7.394981e+01
8589	-7.587618e+01
8590	-7.339323e+01
8591	-7.316782e+01
8592	-7.586132e+01
8593	-6.776127e+01
8594	-7.181780e+01
8595	-7.261522e+01
8596	-7.168868e+01
8597	-7.304677e+01
8598	-7.481580e+01
8599	-7.545155e+01
8600	-7.107815e+01
8601	-7.311463e+01
8602	-7.498222e+01
8603	-7.361825e+01
8604	-7.564890e+01
8605	-7.600514e+01
8606	-7.250762e+01
8607	-7.045380e+01
8608	-7.377618e+01
8609	-7.465164e+01
8610	-7.590727e+01
8611	-7.211665e+01
8612	-7.438461e+01
8613	-7.219483e+01
8614	-7.176459e+01
8615	-7.146883e+01
8616	-6.934578e+01
8617	-7.531698e+01
8618	-7.604466e+01
8619	-7.310365e+01
8620	-7.100566e+01
8621	-7.487857e+01
8622	-7.443225e+01
8623	-6.990634e+01
8624	-7.450582e+01
8625	-7.079875e+01
8626	-7.251145e+01
8627	-7.547951e+01
8628	-7.460436e+01
8629	-7.207997e+01
8630	-7.158791e+01
8631	-7.361917e+01
8632	-7.463766e+01
8633	-7.469143e+01
8634	-7.431916e+01
8635	-7.334643e+01
8636	-7.042015e+01
8637	-7.488401e+01
8638	-7.273874e+01
8639	-7.771847e+01
8640	-7.270173e+01
8641	-7.408659e+01
8642	-7.295722e+01
8643	-7.044110e+01
8644	-7.314868e+01
8645	-7.527521e+01
8646	-7.166990e+01
8647	-7.421686e+01
8648	-7.550283e+01
8649	-7.069676e+01
8650	-7.122853e+01
8651	-7.504368e+01
8652	-7.500972e+01
8653	-7.195410e+01
8654	-7.523070e+01
8655	-7.478421e+01
8656	-7.485511e+01
8657	-7.775147e+01
8658	-7.246069e+01
8659	-7.250753e+01
8660	-7.751168e+01
8661	-7.220863e+01
8662	-7.091902e+01
8663	-7.256902e+01
8664	-7.563769e+01
8665	-7.428353e+01
8666	-7.333602e+01
8667	-7.519372e+01
8668	-7.132712e+01
8669	-7.185353e+01
8670	-7.435135e+01
8671	-7.399384e+01
8672	-7.333366e+01
8673	-7.616971e+01
8674	-7.064376e+01
8675	-7.189062e+01
8676	-7.374485e+01
8677	-7.237916e+01
8678	-7.185716e+01
8679	-7.234593e+01
8680	-7.321786e+01
8681	-7.272490e+01
8682	-7.207494e+01
8683	-7.437036e+01
8684	-7.435202e+01
8685	-7.488260e+01
8686	-7.544623e+01
8687	-7.511711e+01
8688	-7.891876e+01
8689	-7.153789e+01
8690	-7.436613e+01
8691	-7.234627e+01
8692	-7.032056e+01
8693	-7.358833e+01
8694	-7.361214e+01
8695	-6.979297e+01
8696	-7.481532e+01
8697	-7.246063e+01
8698	-7.354658e+01
8699	-7.135032e+01
8700	-7.091405e+01
8701	-7.155225e+01
8702	-7.304451e+01
8703	-7.253777e+01
8704	-7.451161e+01
8705	-7.078634e+01
8706	-7.375242e+01
8707	-7.271492e+01
8708	-7.253479e+01
8709	-7.355740e+01
8710	-7.258473e+01
8711	-7.161911e+01
8712	-7.452066e+01
8713	-7.400713e+01
8714	-7.265224e+01
8715	-7.481171e+01
8716	-7.228973e+01
8717	-7.323214e+01
8718	-7.256358e+01
8719	-7.511120e+01
8720	-6.736311e+01
8721	-7.422074e+01
8722	-7.230035e+01
8723	-7.624248e+01
8724	-7.163253e+01
8725	-7.641772e+01
8726	-6.969085e+01
8727	-7.236036e+01
8728	-7.472948e+01
8729	-7.555035e+01
8730	-7.352475e+01
8731	-7.271541e+01
8732	-7.377455e+01
8733	-6.943584e+01
8734	-7.191891e+01
8735	-7.786210e+01
8736	-7.286354e+01
8737	-7.345107e+01
8738	-7.417700e+01
8739	-7.095976e+01
8740	-7.242447e+01
8741	-7.531720e+01
8742	-7.352503e+01
8743	-7.180017e+01
8744	-7.236812e+01
8745	-7.172772e+01
8746	-7.594834e+01
8747	-7.259865e+01
8748	-7.382842e+01
8749	-7.339325e+01
8750	-7.114727e+01
8751	-7.301151e+01
8752	-7.205075e+01
8753	-7.253360e+01
8754	-7.258397e+01
8755	-7.625766e+01
8756	-7.654198e+01
8757	-7.055978e+01
8758	-7.095508e+01
8759	-7.571403e+01
8760	-7.408425e+01
8761	-7.437483e+01
8762	-7.004254e+01
8763	-7.558182e+01
8764	-7.361591e+01
8765	-7.366911e+01
8766	-7.724812e+01
8767	-7.496820e+01
8768	-7.074456e+01
8769	-7.432693e+01
8770	-7.331425e+01
8771	-7.358056e+01
8772	-7.298235e+01
8773	-7.102276e+01
8774	-7.420077e+01
8775	-7.266813e+01
8776	-7.442413e+01
8777	-7.351499e+01
8778	-7.207762e+01
8779	-7.104502e+01
8780	-7.132894e+01
8781	-7.129366e+01
8782	-7.052301e+01
8783	-7.330556e+01
8784	-7.329587e+01
8785	-7.280037e+01
8786	-7.613357e+01
8787	-7.298942e+01
8788	-7.304406e+01
8789	-7.375041e+01
8790	-7.524603e+01
8791	-7.033092e+01
8792	-7.736190e+01
8793	-7.424438e+01
8794	-7.353381e+01
8795	-7.402971e+01
8796	-6.980304e+01
8797	-7.397940e+01
8798	-7.451734e+01
8799	-7.797659e+01
8800	-7.247017e+01
8801	-7.282938e+01
8802	-7.403494e+01
8803	-7.411723e+01
8804	-7.219564e+01
8805	-7.292182e+01
8806	-7.313540e+01
8807	-6.994823e+01
8808	-7.334585e+01
8809	-7.538121e+01
8810	-7.252019e+01
8811	-7.087716e+01
8812	-7.269388e+01
8813	-7.228695e+01
8814	-7.540002e+01
8815	-7.272010e+01
8816	-7.495747e+01
8817	-7.387527e+01
8818	-7.493011e+01
8819	-7.209815e+01
8820	-7.350423e+01
8821	-7.282207e+01
8822	-7.541521e+01
8823	-6.959053e+01
8824	-7.129094e+01
8825	-7.758307e+01
8826	-7.679156e+01
8827	-7.114478e+01
8828	-7.393708e+01
8829	-7.461769e+01
8830	-7.260703e+01
8831	-7.521958e+01
8832	-7.494097e+01
8833	-7.302423e+01
8834	-7.347972e+01
8835	-7.281687e+01
8836	-7.515280e+01
8837	-7.183824e+01
8838	-7.238627e+01
8839	-7.295699e+01
8840	-7.570116e+01
8841	-7.295081e+01
8842	-7.695719e+01
8843	-7.394090e+01
8844	-7.140625e+01
8845	-7.088337e+01
8846	-7.085214e+01
8847	-7.126135e+01
8848	-7.232268e+01
8849	-7.240619e+01
8850	-7.213671e+01
8851	-6.959287e+01
8852	-7.431075e+01
8853	-7.241794e+01
8854	-7.115581e+01
8855	-7.344619e+01
8856	-7.801834e+01
8857	-7.374667e+01
8858	-7.238075e+01
8859	-7.027040e+01
8860	-7.589965e+01
8861	-7.221134e+01
8862	-7.628612e+01
8863	-7.396926e+01
8864	-7.373267e+01
8865	-7.133622e+01
8866	-6.987512e+01
8867	-7.460181e+01
8868	-7.451139e+01
8869	-7.363676e+01
8870	-7.455206e+01
8871	-7.473047e+01
8872	-7.398336e+01
8873	-6.793158e+01
8874	-7.375300e+01
8875	-7.728249e+01
8876	-7.018921e+01
8877	-7.084858e+01
8878	-7.480188e+01
8879	-7.213705e+01
8880	-7.568788e+01
8881	-7.451075e+01
8882	-6.982509e+01
8883	-7.455024e+01
8884	-7.211050e+01
8885	-7.504601e+01
8886	-6.830338e+01
8887	-7.490589e+01
8888	-7.125362e+01
8889	-7.317694e+01
8890	-7.133991e+01
8891	-7.481050e+01
8892	-7.672162e+01
8893	-7.317737e+01
8894	-7.196043e+01
8895	-7.160634e+01
8896	-7.359008e+01
8897	-7.066536e+01
8898	-7.237348e+01
8899	-7.310465e+01
8900	-7.613073e+01
8901	-7.211906e+01
8902	-7.451427e+01
8903	-7.321520e+01
8904	-7.345917e+01
8905	-7.364504e+01
8906	-7.388405e+01
8907	-7.378280e+01
8908	-7.348148e+01
8909	-7.308870e+01
8910	-7.188409e+01
8911	-7.439504e+01
8912	-7.274392e+01
8913	-7.412872e+01
8914	-7.482934e+01
8915	-7.270441e+01
8916	-7.275263e+01
8917	-7.314740e+01
8918	-7.550464e+01
8919	-7.439955e+01
8920	-7.245850e+01
8921	-7.399608e+01
8922	-7.091750e+01
8923	-7.039000e+01
8924	-7.168016e+01
8925	-7.569888e+01
8926	-6.982515e+01
8927	-7.733532e+01
8928	-7.464016e+01
8929	-7.758811e+01
8930	-7.368841e+01
8931	-7.154194e+01
8932	-7.236065e+01
8933	-7.383475e+01
8934	-7.280364e+01
8935	-7.365549e+01
8936	-7.168779e+01
8937	-7.222975e+01
8938	-7.820119e+01
8939	-7.118388e+01
8940	-7.559933e+01
8941	-7.080611e+01
8942	-7.450275e+01
8943	-7.355297e+01
8944	-7.307687e+01
8945	-7.096063e+01
8946	-7.342881e+01
8947	-7.101911e+01
8948	-7.280775e+01
8949	-7.518749e+01
8950	-6.985188e+01
8951	-7.364794e+01
8952	-7.594348e+01
8953	-7.372734e+01
8954	-7.474520e+01
8955	-7.222222e+01
8956	-7.371313e+01
8957	-7.337679e+01
8958	-7.345799e+01
8959	-6.998960e+01
8960	-7.453456e+01
8961	-7.211262e+01
8962	-7.328860e+01
8963	-7.047440e+01
8964	-7.575827e+01
8965	-7.134591e+01
8966	-7.662761e+01
8967	-7.441639e+01
8968	-7.087246e+01
8969	-7.095011e+01
8970	-7.168277e+01
8971	-7.205816e+01
8972	-7.346009e+01
8973	-7.249876e+01
8974	-7.383808e+01
8975	-7.240874e+01
8976	-7.602403e+01
8977	-7.051695e+01
8978	-7.267318e+01
8979	-7.405314e+01
8980	-7.424648e+01
8981	-7.405404e+01
8982	-7.391958e+01
8983	-7.243176e+01
8984	-7.354127e+01
8985	-7.347957e+01
8986	-7.153797e+01
8987	-7.251800e+01
8988	-7.244413e+01
8989	-7.213819e+01
8990	-7.076063e+01
8991	-6.919668e+01
8992	-7.392686e+01
8993	-7.225365e+01
8994	-7.722841e+01
8995	-7.514355e+01
8996	-7.388389e+01
8997	-7.207492e+01
8998	-7.149947e+01
8999	-7.354837e+01
9000	-7.275528e+01
9001	-7.459639e+01
9002	-7.297697e+01
9003	-7.042344e+01
9004	-7.124199e+01
9005	-6.924585e+01
9006	-7.432954e+01
9007	-7.257017e+01
9008	-7.145849e+01
9009	-7.263693e+01
9010	-7.623385e+01
9011	-7.218821e+01
9012	-7.236348e+01
9013	-7.188251e+01
9014	-7.936084e+01
9015	-7.692068e+01
9016	-7.229531e+01
9017	-7.255504e+01
9018	-7.322195e+01
9019	-7.475096e+01
9020	-7.565245e+01
9021	-7.209423e+01
9022	-6.969210e+01
9023	-7.392744e+01
9024	-7.242606e+01
9025	-7.317882e+01
9026	-7.463486e+01
9027	-7.143920e+01
9028	-7.508983e+01
9029	-7.400865e+01
9030	-7.587152e+01
9031	-7.344906e+01
9032	-7.016905e+01
9033	-7.388368e+01
9034	-7.353800e+01
9035	-7.224991e+01
9036	-7.348501e+01
9037	-7.772095e+01
9038	-7.430228e+01
9039	-7.203358e+01
9040	-7.072189e+01
9041	-7.459986e+01
9042	-7.461226e+01
9043	-7.251577e+01
9044	-7.510388e+01
9045	-7.510796e+01
9046	-7.397516e+01
9047	-7.301053e+01
9048	-7.390127e+01
9049	-7.279863e+01
9050	-7.038875e+01
9051	-7.749106e+01
9052	-7.352924e+01
9053	-7.279498e+01
9054	-7.331325e+01
9055	-6.957729e+01
9056	-7.444800e+01
9057	-7.531605e+01
9058	-7.275490e+01
9059	-7.540131e+01
9060	-7.428349e+01
9061	-7.572785e+01
9062	-7.399920e+01
9063	-7.651254e+01
9064	-7.401780e+01
9065	-7.539122e+01
9066	-6.790874e+01
9067	-6.790393e+01
9068	-7.534931e+01
9069	-7.304604e+01
9070	-7.210104e+01
9071	-7.623451e+01
9072	-7.209914e+01
9073	-7.221502e+01
9074	-7.168154e+01
9075	-7.514985e+01
9076	-7.274965e+01
9077	-7.438381e+01
9078	-7.671383e+01
9079	-7.070808e+01
9080	-7.295346e+01
9081	-7.489308e+01
9082	-7.487557e+01
9083	-7.224690e+01
9084	-7.416923e+01
9085	-7.271037e+01
9086	-7.283002e+01
9087	-7.054143e+01
9088	-7.388366e+01
9089	-7.525721e+01
9090	-7.339190e+01
9091	-7.351505e+01
9092	-7.603409e+01
9093	-7.202530e+01
9094	-7.072897e+01
9095	-7.727131e+01
9096	-6.898627e+01
9097	-7.373027e+01
9098	-7.445038e+01
9099	-7.244404e+01
9100	-7.233222e+01
9101	-7.465443e+01
9102	-7.415409e+01
9103	-7.214396e+01
9104	-7.425166e+01
9105	-7.369154e+01
9106	-7.213609e+01
9107	-7.029841e+01
9108	-7.242530e+01
9109	-7.856793e+01
9110	-7.619417e+01
9111	-7.105549e+01
9112	-7.256228e+01
9113	-7.626471e+01
9114	-7.321004e+01
9115	-7.360424e+01
9116	-7.833935e+01
9117	-7.559257e+01
9118	-7.460207e+01
9119	-7.512994e+01
9120	-7.379806e+01
9121	-7.297738e+01
9122	-7.318588e+01
9123	-7.552783e+01
9124	-7.053905e+01
9125	-7.195917e+01
9126	-7.342973e+01
9127	-7.430166e+01
9128	-7.708721e+01
9129	-6.943668e+01
9130	-7.257258e+01
9131	-7.450835e+01
9132	-7.209605e+01
9133	-7.256591e+01
9134	-7.366881e+01
9135	-6.948095e+01
9136	-7.684135e+01
9137	-7.379996e+01
9138	-7.535495e+01
9139	-7.409209e+01
9140	-7.255199e+01
9141	-7.178910e+01
9142	-7.460177e+01
9143	-7.312081e+01
9144	-7.285520e+01
9145	-7.194449e+01
9146	-7.570187e+01
9147	-7.326348e+01
9148	-7.312148e+01
9149	-7.872067e+01
9150	-7.567652e+01
9151	-7.272316e+01
9152	-7.385859e+01
9153	-7.009084e+01
9154	-7.404318e+01
9155	-7.549684e+01
9156	-7.033686e+01
9157	-7.218693e+01
9158	-7.503511e+01
9159	-7.212555e+01
9160	-7.297833e+01
9161	-7.481021e+01
9162	-7.388612e+01
9163	-7.354404e+01
9164	-7.026098e+01
9165	-7.089961e+01
9166	-7.548252e+01
9167	-7.244110e+01
9168	-7.304496e+01
9169	-7.578568e+01
9170	-7.587230e+01
9171	-6.993738e+01
9172	-7.553686e+01
9173	-7.116537e+01
9174	-7.484688e+01
9175	-7.229648e+01
9176	-7.159244e+01
9177	-7.164350e+01
9178	-7.400718e+01
9179	-7.443853e+01
9180	-7.344127e+01
9181	-7.032853e+01
9182	-7.417341e+01
9183	-7.404231e+01
9184	-7.405021e+01
9185	-7.188492e+01
9186	-7.304290e+01
9187	-7.683323e+01
9188	-7.371287e+01
9189	-7.546850e+01
9190	-7.461266e+01
9191	-7.289740e+01
9192	-7.432984e+01
9193	-7.231622e+01
9194	-7.413949e+01
9195	-7.605855e+01
9196	-7.459821e+01
9197	-7.282476e+01
9198	-7.433694e+01
9199	-7.265550e+01
9200	-7.406940e+01
9201	-7.171862e+01
9202	-7.546604e+01
9203	-7.502521e+01
9204	-7.495555e+01
9205	-7.503999e+01
9206	-7.235278e+01
9207	-7.256694e+01
9208	-7.725704e+01
9209	-7.344330e+01
9210	-7.338185e+01
9211	-7.128164e+01
9212	-7.233157e+01
9213	-7.526859e+01
9214	-7.366900e+01
9215	-7.273538e+01
9216	-7.146005e+01
9217	-7.317236e+01
9218	-7.743191e+01
9219	-7.210338e+01
9220	-7.153450e+01
9221	-7.429719e+01
9222	-7.065128e+01
9223	-7.559179e+01
9224	-7.457534e+01
9225	-7.465831e+01
9226	-7.433283e+01
9227	-7.420846e+01
9228	-7.320595e+01
9229	-6.980366e+01
9230	-7.135591e+01
9231	-7.790399e+01
9232	-7.264585e+01
9233	-7.314270e+01
9234	-7.404871e+01
9235	-7.565967e+01
9236	-7.562452e+01
9237	-7.390048e+01
9238	-7.377057e+01
9239	-7.715759e+01
9240	-7.349917e+01
9241	-7.246440e+01
9242	-7.211497e+01
9243	-7.162690e+01
9244	-7.107473e+01
9245	-7.702557e+01
9246	-6.851465e+01
9247	-7.073195e+01
9248	-7.162466e+01
9249	-7.443836e+01
9250	-7.444049e+01
9251	-7.078281e+01
9252	-7.174082e+01
9253	-7.304771e+01
9254	-7.678142e+01
9255	-7.513778e+01
9256	-7.369815e+01
9257	-7.142517e+01
9258	-7.267186e+01
9259	-7.303571e+01
9260	-7.082869e+01
9261	-7.183547e+01
9262	-7.376275e+01
9263	-7.393942e+01
9264	-7.036902e+01
9265	-7.266175e+01
9266	-7.087357e+01
9267	-6.881290e+01
9268	-7.530926e+01
9269	-7.396930e+01
9270	-7.285380e+01
9271	-7.743284e+01
9272	-7.222558e+01
9273	-7.333083e+01
9274	-7.613700e+01
9275	-7.002354e+01
9276	-7.320069e+01
9277	-7.095932e+01
9278	-7.569399e+01
9279	-7.329476e+01
9280	-7.647567e+01
9281	-7.302339e+01
9282	-7.950511e+01
9283	-7.100800e+01
9284	-7.524926e+01
9285	-7.357248e+01
9286	-7.375297e+01
9287	-7.552407e+01
9288	-6.805168e+01
9289	-6.970403e+01
9290	-7.438169e+01
9291	-7.388994e+01
9292	-7.464992e+01
9293	-7.547169e+01
9294	-7.297153e+01
9295	-7.107592e+01
9296	-7.250537e+01
9297	-7.661439e+01
9298	-7.118590e+01
9299	-7.391915e+01
9300	-7.727243e+01
9301	-6.933204e+01
9302	-7.401307e+01
9303	-7.426758e+01
9304	-7.296525e+01
9305	-7.123835e+01
9306	-7.440286e+01
9307	-7.472537e+01
9308	-7.262645e+01
9309	-7.262100e+01
9310	-7.366167e+01
9311	-6.883932e+01
9312	-7.283241e+01
9313	-7.469509e+01
9314	-7.311108e+01
9315	-7.344934e+01
9316	-7.045007e+01
9317	-7.254730e+01
9318	-7.007744e+01
9319	-7.443573e+01
9320	-7.192101e+01
9321	-7.358717e+01
9322	-7.299237e+01
9323	-7.341006e+01
9324	-7.537600e+01
9325	-7.017742e+01
9326	-7.225643e+01
9327	-7.479097e+01
9328	-7.078199e+01
9329	-7.429292e+01
9330	-7.371836e+01
9331	-7.498308e+01
9332	-7.425610e+01
9333	-7.464712e+01
9334	-7.216678e+01
9335	-7.439101e+01
9336	-7.415742e+01
9337	-7.178788e+01
9338	-7.488914e+01
9339	-7.153113e+01
9340	-7.403474e+01
9341	-6.877704e+01
9342	-7.156058e+01
9343	-7.435934e+01
9344	-7.337168e+01
9345	-7.467630e+01
9346	-7.148217e+01
9347	-6.928765e+01
9348	-7.660675e+01
9349	-7.254693e+01
9350	-6.973038e+01
9351	-7.227258e+01
9352	-7.508851e+01
9353	-7.549147e+01
9354	-7.037817e+01
9355	-7.398089e+01
9356	-7.289528e+01
9357	-7.140473e+01
9358	-7.299131e+01
9359	-7.140869e+01
9360	-7.311757e+01
9361	-7.233300e+01
9362	-7.401786e+01
9363	-6.954339e+01
9364	-7.529144e+01
9365	-7.121414e+01
9366	-7.525293e+01
9367	-7.323869e+01
9368	-7.276073e+01
9369	-7.073226e+01
9370	-7.111247e+01
9371	-7.625600e+01
9372	-6.774281e+01
9373	-6.840127e+01
9374	-7.693012e+01
9375	-7.178023e+01
9376	-7.308428e+01
9377	-7.275427e+01
9378	-7.214440e+01
9379	-7.360512e+01
9380	-7.663009e+01
9381	-7.484227e+01
9382	-7.301504e+01
9383	-7.376908e+01
9384	-7.474780e+01
9385	-7.216942e+01
9386	-7.247622e+01
9387	-7.450972e+01
9388	-7.272256e+01
9389	-7.211185e+01
9390	-7.168175e+01
9391	-7.189763e+01
9392	-7.259977e+01
9393	-7.231370e+01
9394	-7.310689e+01
9395	-7.726904e+01
9396	-7.327624e+01
9397	-7.165452e+01
9398	-7.326519e+01
9399	-7.768735e+01
9400	-7.589219e+01
9401	-7.514715e+01
9402	-7.036127e+01
9403	-7.441767e+01
9404	-7.286097e+01
9405	-7.097982e+01
9406	-7.223353e+01
9407	-7.323904e+01
9408	-7.362004e+01
9409	-7.648833e+01
9410	-7.584098e+01
9411	-7.501634e+01
9412	-7.398501e+01
9413	-7.213456e+01
9414	-7.001550e+01
9415	-7.355531e+01
9416	-7.342102e+01
9417	-6.928350e+01
9418	-7.868746e+01
9419	-7.614132e+01
9420	-7.352675e+01
9421	-7.481901e+01
9422	-7.135062e+01
9423	-7.189047e+01
9424	-7.175767e+01
9425	-7.048173e+01
9426	-7.157114e+01
9427	-6.982276e+01
9428	-7.216135e+01
9429	-7.067899e+01
9430	-7.581242e+01
9431	-7.558906e+01
9432	-7.346005e+01
9433	-7.002931e+01
9434	-7.273445e+01
9435	-7.192081e+01
9436	-7.304073e+01
9437	-7.118622e+01
9438	-7.501040e+01
9439	-7.035784e+01
9440	-7.411403e+01
9441	-7.189435e+01
9442	-7.475328e+01
9443	-7.299414e+01
9444	-7.191655e+01
9445	-6.753595e+01
9446	-7.029206e+01
9447	-7.385238e+01
9448	-7.323580e+01
9449	-7.365657e+01
9450	-7.289147e+01
9451	-7.466212e+01
9452	-7.632465e+01
9453	-7.075003e+01
9454	-6.758288e+01
9455	-7.194137e+01
9456	-7.070748e+01
9457	-7.598775e+01
9458	-7.165241e+01
9459	-7.569704e+01
9460	-7.671278e+01
9461	-6.981429e+01
9462	-7.366160e+01
9463	-7.633680e+01
9464	-7.452190e+01
9465	-7.486219e+01
9466	-7.124477e+01
9467	-6.708792e+01
9468	-7.422568e+01
9469	-7.426079e+01
9470	-7.377178e+01
9471	-7.099398e+01
9472	-7.067653e+01
9473	-7.628449e+01
9474	-7.304001e+01
9475	-7.165965e+01
9476	-7.005906e+01
9477	-7.216084e+01
9478	-7.348243e+01
9479	-7.455203e+01
9480	-6.962196e+01
9481	-7.536442e+01
9482	-7.547993e+01
9483	-7.224010e+01
9484	-7.266808e+01
9485	-7.592926e+01
9486	-7.407796e+01
9487	-7.470253e+01
9488	-7.422125e+01
9489	-7.216920e+01
9490	-7.488873e+01
9491	-7.546155e+01
9492	-7.375518e+01
9493	-7.528004e+01
9494	-7.484632e+01
9495	-7.489223e+01
9496	-7.559080e+01
9497	-7.361226e+01
9498	-7.323960e+01
9499	-7.233311e+01
9500	-7.286784e+01
9501	-6.818043e+01
9502	-7.623349e+01
9503	-7.377648e+01
9504	-7.230533e+01
9505	-7.097300e+01
9506	-7.220656e+01
9507	-7.375447e+01
9508	-7.642659e+01
9509	-7.339711e+01
9510	-7.127289e+01
9511	-7.462252e+01
9512	-7.427055e+01
9513	-7.433845e+01
9514	-7.361783e+01
9515	-7.160937e+01
9516	-7.849841e+01
9517	-7.470038e+01
9518	-7.342187e+01
9519	-7.699099e+01
9520	-7.633837e+01
9521	-7.356564e+01
9522	-7.196787e+01
9523	-7.374890e+01
9524	-7.414093e+01
9525	-7.284791e+01
9526	-7.393925e+01
9527	-7.598385e+01
9528	-7.052959e+01
9529	-7.595761e+01
9530	-7.404570e+01
9531	-7.456868e+01
9532	-7.475728e+01
9533	-6.576316e+01
9534	-7.327577e+01
9535	-7.271764e+01
9536	-7.438421e+01
9537	-7.564811e+01
9538	-6.968341e+01
9539	-7.403579e+01
9540	-7.388417e+01
9541	-7.140240e+01
9542	-7.067181e+01
9543	-6.785024e+01
9544	-7.415645e+01
9545	-7.375659e+01
9546	-7.344204e+01
9547	-7.140877e+01
9548	-7.212596e+01
9549	-7.443648e+01
9550	-7.297570e+01
9551	-7.250176e+01
9552	-7.557452e+01
9553	-7.253984e+01
9554	-7.321520e+01
9555	-7.386593e+01
9556	-6.874720e+01
9557	-7.294288e+01
9558	-7.699401e+01
9559	-7.532107e+01
9560	-7.425177e+01
9561	-7.512777e+01
9562	-7.138660e+01
9563	-7.272166e+01
9564	-7.209263e+01
9565	-7.137200e+01
9566	-7.274745e+01
9567	-7.337736e+01
9568	-7.036947e+01
9569	-7.581646e+01
9570	-7.646630e+01
9571	-7.361782e+01
9572	-7.565901e+01
9573	-7.232468e+01
9574	-7.631246e+01
9575	-7.200022e+01
9576	-7.134648e+01
9577	-7.314489e+01
9578	-7.261951e+01
9579	-7.225540e+01
9580	-7.705455e+01
9581	-7.074830e+01
9582	-7.569296e+01
9583	-7.450674e+01
9584	-7.468963e+01
9585	-7.462370e+01
9586	-7.396290e+01
9587	-7.213472e+01
9588	-7.091929e+01
9589	-7.254918e+01
9590	-7.373561e+01
9591	-7.435152e+01
9592	-7.245513e+01
9593	-7.491511e+01
9594	-7.314257e+01
9595	-7.466336e+01
9596	-7.020564e+01
9597	-7.218195e+01
9598	-7.268378e+01
9599	-7.369181e+01
9600	-7.264995e+01
9601	-7.739825e+01
9602	-7.255245e+01
9603	-7.429916e+01
9604	-7.373454e+01
9605	-7.198046e+01
9606	-7.067012e+01
9607	-7.399322e+01
9608	-7.158838e+01
9609	-7.297599e+01
9610	-7.805939e+01
9611	-7.169726e+01
9612	-7.315423e+01
9613	-7.134453e+01
9614	-7.588921e+01
9615	-7.385778e+01
9616	-7.478969e+01
9617	-7.600860e+01
9618	-7.194168e+01
9619	-7.656429e+01
9620	-7.410070e+01
9621	-7.252360e+01
9622	-7.497806e+01
9623	-7.317287e+01
9624	-7.485280e+01
9625	-7.527375e+01
9626	-7.181851e+01
9627	-7.431698e+01
9628	-7.303541e+01
9629	-7.193207e+01
9630	-6.760372e+01
9631	-7.204448e+01
9632	-7.360292e+01
9633	-7.331062e+01
9634	-7.173918e+01
9635	-6.979531e+01
9636	-7.081437e+01
9637	-7.306834e+01
9638	-7.228193e+01
9639	-7.633176e+01
9640	-7.622758e+01
9641	-7.292925e+01
9642	-7.682702e+01
9643	-7.440706e+01
9644	-7.304835e+01
9645	-7.165523e+01
9646	-7.225937e+01
9647	-7.083116e+01
9648	-6.914679e+01
9649	-7.181260e+01
9650	-7.225210e+01
9651	-7.784865e+01
9652	-7.156989e+01
9653	-7.698678e+01
9654	-7.324373e+01
9655	-7.344021e+01
9656	-7.257467e+01
9657	-7.293991e+01
9658	-7.156322e+01
9659	-7.424429e+01
9660	-7.179540e+01
9661	-7.181418e+01
9662	-7.139774e+01
9663	-7.332511e+01
9664	-7.645442e+01
9665	-7.336421e+01
9666	-7.513744e+01
9667	-7.398334e+01
9668	-7.373255e+01
9669	-7.256354e+01
9670	-7.290686e+01
9671	-7.086260e+01
9672	-7.382606e+01
9673	-7.361328e+01
9674	-7.221838e+01
9675	-7.300535e+01
9676	-7.517429e+01
9677	-7.184966e+01
9678	-6.982553e+01
9679	-7.248277e+01
9680	-7.357788e+01
9681	-7.537615e+01
9682	-7.063899e+01
9683	-7.328223e+01
9684	-7.201452e+01
9685	-6.952953e+01
9686	-7.137227e+01
9687	-7.051586e+01
9688	-7.130713e+01
9689	-7.650436e+01
9690	-7.498160e+01
9691	-7.313460e+01
9692	-7.595163e+01
9693	-7.477026e+01
9694	-7.331499e+01
9695	-7.336091e+01
9696	-7.429547e+01
9697	-7.276248e+01
9698	-7.282490e+01
9699	-6.945036e+01
9700	-7.061857e+01
9701	-7.785020e+01
9702	-7.569388e+01
9703	-7.446699e+01
9704	-7.203518e+01
9705	-7.344570e+01
9706	-7.341991e+01
9707	-7.361977e+01
9708	-7.664175e+01
9709	-7.170315e+01
9710	-7.463053e+01
9711	-7.063023e+01
9712	-7.373886e+01
9713	-7.174606e+01
9714	-7.603082e+01
9715	-7.302080e+01
9716	-7.662304e+01
9717	-7.317770e+01
9718	-7.199284e+01
9719	-7.113908e+01
9720	-7.649971e+01
9721	-7.619009e+01
9722	-7.438616e+01
9723	-7.486257e+01
9724	-7.277185e+01
9725	-7.142164e+01
9726	-7.503584e+01
9727	-7.176668e+01
9728	-7.329719e+01
9729	-7.305205e+01
9730	-7.407819e+01
9731	-7.414432e+01
9732	-7.263041e+01
9733	-7.655216e+01
9734	-7.261689e+01
9735	-7.371533e+01
9736	-7.541423e+01
9737	-7.357026e+01
9738	-7.131301e+01
9739	-7.478596e+01
9740	-7.460991e+01
9741	-7.560610e+01
9742	-7.565725e+01
9743	-7.222009e+01
9744	-7.236938e+01
9745	-7.194951e+01
9746	-7.503033e+01
9747	-7.113755e+01
9748	-7.228042e+01
9749	-7.522860e+01
9750	-7.383803e+01
9751	-7.535073e+01
9752	-7.221315e+01
9753	-7.362370e+01
9754	-7.310701e+01
9755	-6.891336e+01
9756	-7.361269e+01
9757	-7.509651e+01
9758	-7.237739e+01
9759	-6.989476e+01
9760	-7.400989e+01
9761	-7.503863e+01
9762	-7.467592e+01
9763	-7.332863e+01
9764	-7.156039e+01
9765	-7.096831e+01
9766	-7.494047e+01
9767	-7.265698e+01
9768	-7.216168e+01
9769	-7.178055e+01
9770	-7.333826e+01
9771	-7.534360e+01
9772	-7.238194e+01
9773	-7.404408e+01
9774	-7.299930e+01
9775	-7.451904e+01
9776	-7.420111e+01
9777	-7.640160e+01
9778	-7.419470e+01
9779	-7.205893e+01
9780	-7.425086e+01
9781	-7.422220e+01
9782	-7.420330e+01
9783	-7.460084e+01
9784	-7.227981e+01
9785	-7.162204e+01
9786	-7.244565e+01
9787	-7.236301e+01
9788	-7.496013e+01
9789	-7.290668e+01
9790	-7.397683e+01
9791	-7.271404e+01
9792	-7.108575e+01
9793	-6.884170e+01
9794	-7.243787e+01
9795	-7.298146e+01
9796	-7.482709e+01
9797	-7.317062e+01
9798	-7.261443e+01
9799	-7.370754e+01
9800	-7.585320e+01
9801	-7.293883e+01
9802	-7.639357e+01
9803	-7.536704e+01
9804	-6.986502e+01
9805	-7.419814e+01
9806	-7.324920e+01
9807	-7.460231e+01
9808	-7.097870e+01
9809	-7.558601e+01
9810	-7.378670e+01
9811	-7.281515e+01
9812	-7.177940e+01
9813	-7.403556e+01
9814	-7.567699e+01
9815	-7.581996e+01
9816	-7.283760e+01
9817	-7.389826e+01
9818	-7.211082e+01
9819	-7.196959e+01
9820	-7.112502e+01
9821	-7.455269e+01
9822	-7.598733e+01
9823	-7.330206e+01
9824	-6.847780e+01
9825	-7.281673e+01
9826	-7.347635e+01
9827	-7.612697e+01
9828	-7.302320e+01
9829	-7.291331e+01
9830	-7.096399e+01
9831	-7.526900e+01
9832	-7.453501e+01
9833	-7.422380e+01
9834	-7.204007e+01
9835	-7.289396e+01
9836	-6.989617e+01
9837	-7.355633e+01
9838	-7.377591e+01
9839	-7.130265e+01
9840	-7.347535e+01
9841	-7.517600e+01
9842	-7.495571e+01
9843	-7.479192e+01
9844	-6.980728e+01
9845	-7.058912e+01
9846	-7.700088e+01
9847	-7.486971e+01
9848	-7.266655e+01
9849	-7.359841e+01
9850	-7.384108e+01
9851	-7.175370e+01
9852	-7.501179e+01
9853	-7.076610e+01
9854	-7.199431e+01
9855	-7.637414e+01
9856	-7.086031e+01
9857	-6.975052e+01
9858	-7.393422e+01
9859	-7.050969e+01
9860	-7.642952e+01
9861	-7.320936e+01
9862	-7.377471e+01
9863	-7.331626e+01
9864	-7.265756e+01
9865	-7.270056e+01
9866	-7.178422e+01
9867	-7.199858e+01
9868	-7.602813e+01
9869	-7.212603e+01
9870	-7.368006e+01
9871	-7.249192e+01
9872	-7.211627e+01
9873	-7.017787e+01
9874	-7.664092e+01
9875	-7.720835e+01
9876	-7.351173e+01
9877	-7.340659e+01
9878	-7.589296e+01
9879	-7.664168e+01
9880	-7.321393e+01
9881	-7.412898e+01
9882	-6.946397e+01
9883	-7.580486e+01
9884	-7.670039e+01
9885	-7.347495e+01
9886	-6.992128e+01
9887	-7.212684e+01
9888	-7.419216e+01
9889	-7.142910e+01
9890	-7.319927e+01
9891	-6.933146e+01
9892	-7.452912e+01
9893	-7.274514e+01
9894	-7.491500e+01
9895	-7.578783e+01
9896	-7.846344e+01
9897	-7.539067e+01
9898	-7.238636e+01
9899	-7.068866e+01
9900	-7.192905e+01
9901	-7.241189e+01
9902	-7.320221e+01
9903	-7.509661e+01
9904	-7.330877e+01
9905	-7.235334e+01
9906	-7.305541e+01
9907	-7.282241e+01
9908	-7.177305e+01
9909	-7.460122e+01
9910	-6.975646e+01
9911	-7.440855e+01
9912	-7.424138e+01
9913	-7.184386e+01
9914	-7.200923e+01
9915	-7.368801e+01
9916	-7.202777e+01
9917	-7.721742e+01
9918	-7.177795e+01
9919	-7.399383e+01
9920	-7.615246e+01
9921	-7.036987e+01
9922	-6.937441e+01
9923	-7.397395e+01
9924	-7.380759e+01
9925	-7.461018e+01
9926	-7.412851e+01
9927	-7.121507e+01
9928	-7.532577e+01
9929	-7.436412e+01
9930	-7.336022e+01
9931	-7.486066e+01
9932	-7.270494e+01
9933	-7.209685e+01
9934	-7.177086e+01
9935	-7.184215e+01
9936	-7.267188e+01
9937	-7.428238e+01
9938	-7.160531e+01
9939	-7.224850e+01
9940	-7.365637e+01
9941	-7.349917e+01
9942	-7.488074e+01
9943	-7.276044e+01
9944	-7.310598e+01
9945	-7.498246e+01
9946	-6.936624e+01
9947	-7.200742e+01
9948	-7.329523e+01
9949	-7.416216e+01
9950	-7.341722e+01
9951	-7.150154e+01
9952	-7.516137e+01
9953	-7.134569e+01
9954	-7.511256e+01
9955	-7.573941e+01
9956	-7.262353e+01
9957	-7.170326e+01
9958	-7.677491e+01
9959	-7.533353e+01
9960	-7.251100e+01
9961	-7.109557e+01
9962	-7.545048e+01
9963	-6.920725e+01
9964	-7.284070e+01
9965	-6.983079e+01
9966	-7.523017e+01
9967	-7.252292e+01
9968	-7.950642e+01
9969	-7.354906e+01
9970	-7.389834e+01
9971	-7.370103e+01
9972	-7.473636e+01
9973	-7.423485e+01
9974	-6.943663e+01
9975	-7.492397e+01
9976	-7.032641e+01
9977	-7.217978e+01
9978	-7.301300e+01
9979	-7.414731e+01
9980	-7.063519e+01
9981	-7.162363e+01
9982	-7.448343e+01
9983	-7.645016e+01
9984	-7.574244e+01
9985	-7.346300e+01
9986	-7.221346e+01
9987	-7.328600e+01
9988	-7.461074e+01
9989	-7.326682e+01
9990	-7.253485e+01
9991	-7.225681e+01
9992	-7.851524e+01
9993	-7.057612e+01
9994	-7.351032e+01
9995	-7.481162e+01
9996	-7.373790e+01
9997	-7.325759e+01
9998	-7.218725e+01
9999	-6.995728e+01
10000	-7.458342e+01
