iteration	loss
0	0.000000e+00
1	-9.472976e+00
2	-1.824258e+01
3	-2.586872e+01
4	-3.248297e+01
5	-3.862655e+01
6	-4.448549e+01
7	-4.938112e+01
8	-5.253175e+01
9	-5.647437e+01
10	-6.069182e+01
11	-6.318796e+01
12	-6.553274e+01
13	-6.352453e+01
14	-7.261520e+01
15	-7.010693e+01
16	-7.001867e+01
17	-6.732001e+01
18	-6.963382e+01
19	-7.278710e+01
20	-7.609324e+01
21	-7.248859e+01
22	-6.966628e+01
23	-7.256685e+01
24	-7.033071e+01
25	-7.103851e+01
26	-7.180389e+01
27	-7.320493e+01
28	-6.960384e+01
29	-7.196938e+01
30	-7.478006e+01
31	-6.916378e+01
32	-7.189291e+01
33	-7.034830e+01
34	-6.954301e+01
35	-7.122935e+01
36	-6.696032e+01
37	-7.258280e+01
38	-7.532287e+01
39	-6.979275e+01
40	-6.975804e+01
41	-7.299709e+01
42	-7.355471e+01
43	-7.350733e+01
44	-7.086923e+01
45	-7.613413e+01
46	-7.339046e+01
47	-7.312816e+01
48	-7.594803e+01
49	-7.504926e+01
50	-7.336444e+01
51	-7.062744e+01
52	-7.668755e+01
53	-7.656439e+01
54	-7.211840e+01
55	-7.594974e+01
56	-7.305120e+01
57	-7.272557e+01
58	-7.100146e+01
59	-7.377246e+01
60	-7.540542e+01
61	-7.076019e+01
62	-7.218991e+01
63	-7.186935e+01
64	-7.226450e+01
65	-7.375906e+01
66	-7.288137e+01
67	-6.966458e+01
68	-7.536573e+01
69	-7.114165e+01
70	-7.360805e+01
71	-7.326839e+01
72	-7.378922e+01
73	-7.324458e+01
74	-7.342499e+01
75	-7.376640e+01
76	-7.564644e+01
77	-7.423277e+01
78	-7.470224e+01
79	-7.390292e+01
80	-7.426647e+01
81	-7.158113e+01
82	-7.179341e+01
83	-7.258578e+01
84	-7.468676e+01
85	-7.764687e+01
86	-7.494726e+01
87	-7.235466e+01
88	-7.086968e+01
89	-7.161026e+01
90	-7.398895e+01
91	-7.810778e+01
92	-7.436081e+01
93	-7.284307e+01
94	-7.392782e+01
95	-7.511096e+01
96	-7.343276e+01
97	-7.100902e+01
98	-7.475362e+01
99	-7.655293e+01
100	-7.351421e+01
101	-6.931928e+01
102	-7.406491e+01
103	-6.926201e+01
104	-7.132198e+01
105	-7.543650e+01
106	-7.104772e+01
107	-7.598364e+01
108	-7.506389e+01
109	-7.443362e+01
110	-6.960733e+01
111	-7.313871e+01
112	-7.414737e+01
113	-7.197213e+01
114	-7.624414e+01
115	-7.242359e+01
116	-7.067423e+01
117	-7.198173e+01
118	-7.487893e+01
119	-7.182254e+01
120	-7.481658e+01
121	-7.443777e+01
122	-7.249195e+01
123	-7.392577e+01
124	-7.215566e+01
125	-7.384028e+01
126	-7.366788e+01
127	-7.386288e+01
128	-7.430212e+01
129	-7.012312e+01
130	-7.348842e+01
131	-7.136269e+01
132	-7.573203e+01
133	-7.187077e+01
134	-7.552031e+01
135	-7.261481e+01
136	-7.243176e+01
137	-7.352293e+01
138	-7.155388e+01
139	-7.340183e+01
140	-7.267975e+01
141	-7.291670e+01
142	-7.310943e+01
143	-7.147929e+01
144	-7.578287e+01
145	-7.308406e+01
146	-7.159646e+01
147	-7.426621e+01
148	-7.554797e+01
149	-7.347261e+01
150	-7.113099e+01
151	-7.008122e+01
152	-7.439772e+01
153	-7.388867e+01
154	-7.648259e+01
155	-7.350043e+01
156	-7.160870e+01
157	-6.751459e+01
158	-7.058124e+01
159	-7.450405e+01
160	-7.300437e+01
161	-7.195326e+01
162	-7.358190e+01
163	-6.929044e+01
164	-7.460071e+01
165	-7.600457e+01
166	-7.318703e+01
167	-7.295754e+01
168	-7.309345e+01
169	-7.280634e+01
170	-7.535845e+01
171	-7.109348e+01
172	-7.526137e+01
173	-6.966190e+01
174	-7.432457e+01
175	-7.438137e+01
176	-7.501116e+01
177	-7.064928e+01
178	-7.623109e+01
179	-7.193914e+01
180	-7.482739e+01
181	-7.512146e+01
182	-7.775403e+01
183	-7.382072e+01
184	-7.473564e+01
185	-7.088265e+01
186	-7.631814e+01
187	-7.167097e+01
188	-7.346823e+01
189	-7.218581e+01
190	-7.571127e+01
191	-7.475146e+01
192	-7.158127e+01
193	-7.183093e+01
194	-7.038022e+01
195	-7.094767e+01
196	-7.336012e+01
197	-7.539905e+01
198	-7.282106e+01
199	-7.226482e+01
200	-7.348950e+01
201	-7.534701e+01
202	-7.419512e+01
203	-7.346102e+01
204	-7.201641e+01
205	-7.457722e+01
206	-7.689480e+01
207	-7.681465e+01
208	-7.158062e+01
209	-7.182350e+01
210	-7.916229e+01
211	-7.554823e+01
212	-7.473546e+01
213	-7.365124e+01
214	-7.216586e+01
215	-7.351619e+01
216	-7.277787e+01
217	-7.258630e+01
218	-7.213293e+01
219	-7.151455e+01
220	-7.136467e+01
221	-7.168078e+01
222	-7.113081e+01
223	-7.355662e+01
224	-7.188754e+01
225	-7.312152e+01
226	-7.352148e+01
227	-7.363179e+01
228	-7.598807e+01
229	-7.541209e+01
230	-7.256675e+01
231	-7.541354e+01
232	-7.409437e+01
233	-7.189841e+01
234	-7.092231e+01
235	-7.213250e+01
236	-7.671738e+01
237	-7.153867e+01
238	-6.913728e+01
239	-7.953742e+01
240	-7.522435e+01
241	-7.452086e+01
242	-7.287147e+01
243	-7.299275e+01
244	-7.231406e+01
245	-7.349565e+01
246	-7.425629e+01
247	-7.646352e+01
248	-6.787964e+01
249	-7.411750e+01
250	-7.071908e+01
251	-7.163049e+01
252	-7.275791e+01
253	-7.008679e+01
254	-7.534924e+01
255	-7.398638e+01
256	-7.356674e+01
257	-7.112544e+01
258	-7.136234e+01
259	-7.353643e+01
260	-7.058652e+01
261	-7.777036e+01
262	-7.887222e+01
263	-7.434332e+01
264	-7.373786e+01
265	-7.349520e+01
266	-7.358504e+01
267	-7.206701e+01
268	-7.163327e+01
269	-7.030208e+01
270	-7.360733e+01
271	-7.321926e+01
272	-6.775908e+01
273	-7.200960e+01
274	-6.958321e+01
275	-7.399963e+01
276	-7.170729e+01
277	-7.315008e+01
278	-7.384711e+01
279	-7.358504e+01
280	-7.043802e+01
281	-7.304354e+01
282	-7.628979e+01
283	-7.125631e+01
284	-7.457919e+01
285	-6.931973e+01
286	-7.181231e+01
287	-7.690780e+01
288	-7.202401e+01
289	-7.357208e+01
290	-7.403949e+01
291	-7.436211e+01
292	-7.243193e+01
293	-7.114829e+01
294	-7.119737e+01
295	-7.452743e+01
296	-7.318894e+01
297	-7.267790e+01
298	-7.444732e+01
299	-7.232099e+01
300	-7.053883e+01
301	-7.666951e+01
302	-7.655544e+01
303	-7.181532e+01
304	-7.126995e+01
305	-7.211669e+01
306	-7.126482e+01
307	-7.009655e+01
308	-7.369499e+01
309	-6.954913e+01
310	-7.363811e+01
311	-6.935298e+01
312	-7.400912e+01
313	-7.192225e+01
314	-7.386328e+01
315	-7.242382e+01
316	-7.432420e+01
317	-7.230490e+01
318	-7.344590e+01
319	-6.927735e+01
320	-7.469523e+01
321	-7.083166e+01
322	-7.240862e+01
323	-7.167536e+01
324	-7.221476e+01
325	-7.124080e+01
326	-7.036795e+01
327	-7.425639e+01
328	-6.969541e+01
329	-7.643019e+01
330	-7.278798e+01
331	-7.311487e+01
332	-7.521452e+01
333	-7.086313e+01
334	-7.584922e+01
335	-7.327067e+01
336	-7.103789e+01
337	-7.432769e+01
338	-7.522603e+01
339	-7.153961e+01
340	-7.314799e+01
341	-7.168344e+01
342	-7.256557e+01
343	-7.243406e+01
344	-7.443470e+01
345	-7.266808e+01
346	-7.279494e+01
347	-7.145765e+01
348	-7.466795e+01
349	-6.939291e+01
350	-7.249758e+01
351	-7.860117e+01
352	-7.585630e+01
353	-7.567880e+01
354	-7.353761e+01
355	-7.329090e+01
356	-7.130647e+01
357	-7.241880e+01
358	-7.265753e+01
359	-7.119093e+01
360	-7.336119e+01
361	-7.468533e+01
362	-7.180993e+01
363	-7.494064e+01
364	-7.241933e+01
365	-7.356211e+01
366	-7.020402e+01
367	-6.723666e+01
368	-7.455077e+01
369	-7.519229e+01
370	-7.161777e+01
371	-7.373016e+01
372	-7.471209e+01
373	-7.173071e+01
374	-7.228016e+01
375	-7.391534e+01
376	-7.765502e+01
377	-7.469363e+01
378	-7.396740e+01
379	-7.110764e+01
380	-7.479001e+01
381	-7.516741e+01
382	-7.283394e+01
383	-7.236539e+01
384	-7.360872e+01
385	-7.132006e+01
386	-7.475815e+01
387	-7.402512e+01
388	-7.233939e+01
389	-7.494848e+01
390	-7.387219e+01
391	-7.499828e+01
392	-7.385031e+01
393	-7.146328e+01
394	-7.304944e+01
395	-6.982507e+01
396	-6.739344e+01
397	-7.115852e+01
398	-7.190962e+01
399	-7.301437e+01
400	-6.963218e+01
401	-7.056551e+01
402	-7.466395e+01
403	-7.128625e+01
404	-7.293029e+01
405	-7.386039e+01
406	-7.439296e+01
407	-7.513886e+01
408	-7.347303e+01
409	-7.343834e+01
410	-7.799456e+01
411	-7.336312e+01
412	-7.394154e+01
413	-7.296154e+01
414	-7.522527e+01
415	-7.394724e+01
416	-7.121367e+01
417	-7.416757e+01
418	-6.972340e+01
419	-7.316963e+01
420	-7.407028e+01
421	-7.047657e+01
422	-7.261692e+01
423	-7.134986e+01
424	-7.394998e+01
425	-6.994507e+01
426	-7.573256e+01
427	-7.618609e+01
428	-7.194466e+01
429	-7.591410e+01
430	-7.043521e+01
431	-7.164365e+01
432	-7.313711e+01
433	-7.468867e+01
434	-7.161967e+01
435	-7.268220e+01
436	-7.490587e+01
437	-6.970082e+01
438	-7.450675e+01
439	-7.472192e+01
440	-7.522861e+01
441	-7.583747e+01
442	-7.246356e+01
443	-7.268148e+01
444	-7.023663e+01
445	-7.402806e+01
446	-7.212807e+01
447	-7.370083e+01
448	-7.192045e+01
449	-7.289699e+01
450	-7.510018e+01
451	-7.241741e+01
452	-7.299410e+01
453	-7.453138e+01
454	-7.192348e+01
455	-7.128024e+01
456	-7.129275e+01
457	-7.490676e+01
458	-7.547393e+01
459	-7.319530e+01
460	-7.217082e+01
461	-7.502894e+01
462	-7.318493e+01
463	-7.045488e+01
464	-7.206345e+01
465	-7.261425e+01
466	-7.462334e+01
467	-7.429086e+01
468	-7.491874e+01
469	-7.438968e+01
470	-7.224351e+01
471	-7.461831e+01
472	-7.235321e+01
473	-7.533932e+01
474	-7.153994e+01
475	-7.424692e+01
476	-7.611510e+01
477	-7.304086e+01
478	-7.492909e+01
479	-7.475936e+01
480	-7.338273e+01
481	-7.272994e+01
482	-7.459946e+01
483	-7.041306e+01
484	-7.544435e+01
485	-7.293657e+01
486	-7.340844e+01
487	-7.289437e+01
488	-7.412078e+01
489	-7.176955e+01
490	-7.529983e+01
491	-7.122857e+01
492	-7.382146e+01
493	-7.683426e+01
494	-7.172897e+01
495	-7.500405e+01
496	-7.525609e+01
497	-7.406838e+01
498	-7.240141e+01
499	-7.424420e+01
500	-7.408307e+01
501	-7.343515e+01
502	-7.295840e+01
503	-7.035743e+01
504	-7.335405e+01
505	-7.432474e+01
506	-7.284612e+01
507	-7.141652e+01
508	-7.213561e+01
509	-7.363639e+01
510	-7.726444e+01
511	-7.298519e+01
512	-7.261806e+01
513	-7.646781e+01
514	-7.338961e+01
515	-7.251621e+01
516	-7.640060e+01
517	-7.606815e+01
518	-7.642435e+01
519	-7.287338e+01
520	-7.332684e+01
521	-7.197479e+01
522	-7.257464e+01
523	-7.870413e+01
524	-7.334345e+01
525	-7.485984e+01
526	-7.619495e+01
527	-7.798450e+01
528	-7.182948e+01
529	-7.144518e+01
530	-6.888463e+01
531	-7.199401e+01
532	-7.763722e+01
533	-7.552939e+01
534	-7.678582e+01
535	-7.449054e+01
536	-7.189371e+01
537	-7.116197e+01
538	-7.540203e+01
539	-6.833098e+01
540	-7.259232e+01
541	-7.428576e+01
542	-7.041591e+01
543	-7.432866e+01
544	-6.893773e+01
545	-7.564831e+01
546	-7.279130e+01
547	-7.152698e+01
548	-7.600584e+01
549	-7.564342e+01
550	-7.008392e+01
551	-7.162424e+01
552	-7.085657e+01
553	-7.319337e+01
554	-7.391360e+01
555	-7.545835e+01
556	-7.683619e+01
557	-7.184055e+01
558	-7.313949e+01
559	-7.323232e+01
560	-6.844897e+01
561	-7.566721e+01
562	-7.146074e+01
563	-7.776556e+01
564	-7.243340e+01
565	-7.385168e+01
566	-6.902060e+01
567	-7.547496e+01
568	-7.063734e+01
569	-7.130837e+01
570	-7.165114e+01
571	-7.153217e+01
572	-7.265062e+01
573	-7.758225e+01
574	-7.193489e+01
575	-7.397630e+01
576	-7.151525e+01
577	-7.518518e+01
578	-7.210950e+01
579	-7.132105e+01
580	-7.524283e+01
581	-6.921617e+01
582	-7.375892e+01
583	-7.546864e+01
584	-7.473439e+01
585	-7.619106e+01
586	-7.389716e+01
587	-6.870704e+01
588	-7.715361e+01
589	-7.497042e+01
590	-7.575115e+01
591	-7.098084e+01
592	-7.364433e+01
593	-7.225947e+01
594	-7.497190e+01
595	-7.583307e+01
596	-7.263562e+01
597	-7.479896e+01
598	-6.986466e+01
599	-7.440642e+01
600	-7.317082e+01
601	-7.039452e+01
602	-7.139636e+01
603	-7.463676e+01
604	-7.412895e+01
605	-7.079784e+01
606	-7.310934e+01
607	-7.069706e+01
608	-7.535830e+01
609	-7.112292e+01
610	-7.479776e+01
611	-7.053344e+01
612	-7.140216e+01
613	-6.932677e+01
614	-7.271444e+01
615	-7.233455e+01
616	-7.028770e+01
617	-7.076267e+01
618	-7.309790e+01
619	-7.367631e+01
620	-7.000540e+01
621	-7.155176e+01
622	-7.305089e+01
623	-7.271827e+01
624	-6.994877e+01
625	-7.439940e+01
626	-6.883289e+01
627	-7.405368e+01
628	-7.034414e+01
629	-7.038299e+01
630	-7.242260e+01
631	-6.996314e+01
632	-7.264703e+01
633	-7.485444e+01
634	-7.340928e+01
635	-7.652137e+01
636	-7.280614e+01
637	-6.862141e+01
638	-7.229750e+01
639	-7.104581e+01
640	-7.274611e+01
641	-7.244999e+01
642	-7.050072e+01
643	-7.538496e+01
644	-7.451287e+01
645	-7.262182e+01
646	-7.147472e+01
647	-7.448045e+01
648	-7.508468e+01
649	-7.509537e+01
650	-7.361385e+01
651	-6.930792e+01
652	-7.274190e+01
653	-7.228270e+01
654	-7.371537e+01
655	-7.623091e+01
656	-7.387913e+01
657	-7.176091e+01
658	-7.444431e+01
659	-7.195708e+01
660	-7.530343e+01
661	-7.473270e+01
662	-7.500839e+01
663	-7.317062e+01
664	-7.590783e+01
665	-7.374743e+01
666	-7.776707e+01
667	-7.531198e+01
668	-7.427261e+01
669	-7.172196e+01
670	-6.810508e+01
671	-7.380959e+01
672	-7.062491e+01
673	-7.286598e+01
674	-7.510085e+01
675	-7.573179e+01
676	-7.318101e+01
677	-7.512671e+01
678	-7.458085e+01
679	-7.469017e+01
680	-7.255557e+01
681	-7.530963e+01
682	-7.485192e+01
683	-7.275279e+01
684	-7.244149e+01
685	-7.219160e+01
686	-7.079282e+01
687	-7.323722e+01
688	-7.346302e+01
689	-6.951696e+01
690	-7.375279e+01
691	-7.142379e+01
692	-7.431206e+01
693	-7.240521e+01
694	-7.577585e+01
695	-7.384336e+01
696	-7.741458e+01
697	-7.017982e+01
698	-7.122857e+01
699	-7.316042e+01
700	-7.109666e+01
701	-7.605772e+01
702	-7.452415e+01
703	-7.681263e+01
704	-7.032659e+01
705	-7.569035e+01
706	-7.238595e+01
707	-7.256820e+01
708	-7.229161e+01
709	-7.372407e+01
710	-7.542416e+01
711	-7.423833e+01
712	-7.432085e+01
713	-7.400992e+01
714	-7.235202e+01
715	-7.410388e+01
716	-7.003940e+01
717	-7.046862e+01
718	-7.233354e+01
719	-7.545470e+01
720	-7.436251e+01
721	-7.427581e+01
722	-7.258697e+01
723	-7.321521e+01
724	-7.032164e+01
725	-7.087662e+01
726	-7.240594e+01
727	-7.277227e+01
728	-7.206999e+01
729	-7.418196e+01
730	-7.252424e+01
731	-7.318714e+01
732	-7.326420e+01
733	-7.528025e+01
734	-7.314684e+01
735	-7.282560e+01
736	-7.217089e+01
737	-7.328187e+01
738	-7.101271e+01
739	-7.595756e+01
740	-7.678868e+01
741	-7.202422e+01
742	-7.223759e+01
743	-7.128858e+01
744	-7.389466e+01
745	-7.133259e+01
746	-7.187110e+01
747	-7.464371e+01
748	-7.240103e+01
749	-7.140743e+01
750	-7.379659e+01
751	-6.983705e+01
752	-7.225918e+01
753	-6.892690e+01
754	-7.643218e+01
755	-7.298470e+01
756	-7.377342e+01
757	-7.292455e+01
758	-7.254590e+01
759	-7.633354e+01
760	-7.188624e+01
761	-7.604679e+01
762	-6.612707e+01
763	-7.577135e+01
764	-7.443559e+01
765	-7.113814e+01
766	-7.468579e+01
767	-7.138109e+01
768	-7.439141e+01
769	-7.506863e+01
770	-7.517776e+01
771	-7.199111e+01
772	-7.184101e+01
773	-7.388839e+01
774	-7.401719e+01
775	-7.570327e+01
776	-7.967888e+01
777	-7.054669e+01
778	-7.504926e+01
779	-7.593044e+01
780	-7.455852e+01
781	-7.442272e+01
782	-7.363028e+01
783	-7.187949e+01
784	-7.238679e+01
785	-7.027797e+01
786	-7.468216e+01
787	-7.658787e+01
788	-7.615887e+01
789	-7.282057e+01
790	-7.246568e+01
791	-6.887280e+01
792	-7.466235e+01
793	-7.355911e+01
794	-7.346745e+01
795	-7.490583e+01
796	-7.516225e+01
797	-7.289714e+01
798	-7.572436e+01
799	-7.120658e+01
800	-7.592103e+01
801	-7.258839e+01
802	-7.369823e+01
803	-7.386009e+01
804	-7.487700e+01
805	-7.273027e+01
806	-7.656088e+01
807	-7.080207e+01
808	-7.140593e+01
809	-7.779822e+01
810	-7.667422e+01
811	-7.424206e+01
812	-7.386254e+01
813	-7.068550e+01
814	-7.403426e+01
815	-7.078839e+01
816	-7.455591e+01
817	-7.452344e+01
818	-7.625398e+01
819	-7.056180e+01
820	-7.323435e+01
821	-7.535425e+01
822	-7.036101e+01
823	-7.034191e+01
824	-7.305484e+01
825	-7.355426e+01
826	-7.257166e+01
827	-7.275971e+01
828	-7.214515e+01
829	-7.419039e+01
830	-7.295680e+01
831	-7.090053e+01
832	-7.740344e+01
833	-7.484874e+01
834	-7.260801e+01
835	-7.423694e+01
836	-7.552785e+01
837	-7.436381e+01
838	-7.175290e+01
839	-7.153211e+01
840	-7.379784e+01
841	-7.168829e+01
842	-6.864481e+01
843	-7.402921e+01
844	-7.167154e+01
845	-7.518038e+01
846	-7.075967e+01
847	-7.621530e+01
848	-7.179812e+01
849	-7.510700e+01
850	-7.275395e+01
851	-7.462755e+01
852	-7.186209e+01
853	-7.379380e+01
854	-7.230581e+01
855	-7.360861e+01
856	-7.226926e+01
857	-7.319975e+01
858	-7.374208e+01
859	-7.559982e+01
860	-7.481441e+01
861	-7.515549e+01
862	-7.278395e+01
863	-7.392297e+01
864	-7.253825e+01
865	-7.530308e+01
866	-7.196071e+01
867	-7.454043e+01
868	-7.123008e+01
869	-6.991269e+01
870	-7.538503e+01
871	-7.663971e+01
872	-6.947079e+01
873	-7.024929e+01
874	-7.353228e+01
875	-6.985636e+01
876	-7.325592e+01
877	-7.066025e+01
878	-7.445890e+01
879	-7.029475e+01
880	-7.705110e+01
881	-7.172107e+01
882	-7.235242e+01
883	-7.579497e+01
884	-7.195354e+01
885	-7.173754e+01
886	-7.129463e+01
887	-7.171109e+01
888	-7.400189e+01
889	-7.750818e+01
890	-7.584296e+01
891	-7.102207e+01
892	-7.350022e+01
893	-7.335055e+01
894	-7.215145e+01
895	-7.222278e+01
896	-7.332733e+01
897	-7.694538e+01
898	-7.389129e+01
899	-6.934989e+01
900	-7.409732e+01
901	-7.293078e+01
902	-7.464624e+01
903	-6.954264e+01
904	-7.400593e+01
905	-7.304515e+01
906	-7.271640e+01
907	-7.402991e+01
908	-7.154541e+01
909	-7.404189e+01
910	-7.342329e+01
911	-7.576906e+01
912	-7.092354e+01
913	-7.400320e+01
914	-7.397709e+01
915	-7.239294e+01
916	-7.269543e+01
917	-7.435305e+01
918	-7.647346e+01
919	-7.187327e+01
920	-7.236335e+01
921	-7.347270e+01
922	-7.395989e+01
923	-6.762494e+01
924	-7.140689e+01
925	-7.309819e+01
926	-7.165139e+01
927	-7.436330e+01
928	-7.311976e+01
929	-7.526320e+01
930	-7.317237e+01
931	-7.686630e+01
932	-6.903694e+01
933	-7.334142e+01
934	-6.962510e+01
935	-7.187579e+01
936	-7.272525e+01
937	-7.410243e+01
938	-7.141226e+01
939	-7.349563e+01
940	-7.177434e+01
941	-7.319202e+01
942	-7.428761e+01
943	-7.066981e+01
944	-7.571078e+01
945	-7.145009e+01
946	-7.221751e+01
947	-7.511645e+01
948	-7.597943e+01
949	-7.240271e+01
950	-7.344430e+01
951	-7.460126e+01
952	-7.257396e+01
953	-7.589731e+01
954	-7.399516e+01
955	-7.325820e+01
956	-7.515611e+01
957	-7.087035e+01
958	-7.308844e+01
959	-7.360847e+01
960	-7.122911e+01
961	-7.213108e+01
962	-7.407279e+01
963	-7.308227e+01
964	-7.032882e+01
965	-7.403199e+01
966	-7.414871e+01
967	-7.375723e+01
968	-7.032533e+01
969	-7.325995e+01
970	-7.240078e+01
971	-7.377612e+01
972	-7.027501e+01
973	-7.018209e+01
974	-6.986376e+01
975	-7.325761e+01
976	-7.146315e+01
977	-7.246975e+01
978	-7.265118e+01
979	-7.208886e+01
980	-7.405599e+01
981	-7.536689e+01
982	-7.266409e+01
983	-7.634252e+01
984	-7.565870e+01
985	-7.054169e+01
986	-7.643032e+01
987	-7.748823e+01
988	-7.171170e+01
989	-7.354939e+01
990	-7.610283e+01
991	-7.528360e+01
992	-7.472010e+01
993	-7.356813e+01
994	-7.042670e+01
995	-7.307478e+01
996	-7.675757e+01
997	-7.819310e+01
998	-7.067521e+01
999	-7.527739e+01
1000	-7.405769e+01
1001	-7.205831e+01
1002	-7.450006e+01
1003	-7.332436e+01
1004	-6.906291e+01
1005	-7.410023e+01
1006	-7.482243e+01
1007	-7.075882e+01
1008	-7.530732e+01
1009	-7.177762e+01
1010	-7.464408e+01
1011	-7.334228e+01
1012	-7.310204e+01
1013	-7.238736e+01
1014	-7.341117e+01
1015	-7.283001e+01
1016	-7.452824e+01
1017	-7.286430e+01
1018	-7.353076e+01
1019	-7.683935e+01
1020	-7.330757e+01
1021	-7.395883e+01
1022	-7.383907e+01
1023	-7.199765e+01
1024	-7.519218e+01
1025	-7.360560e+01
1026	-7.212644e+01
1027	-7.371577e+01
1028	-7.364707e+01
1029	-7.366487e+01
1030	-7.428169e+01
1031	-7.606219e+01
1032	-7.127719e+01
1033	-7.751171e+01
1034	-7.267017e+01
1035	-7.393797e+01
1036	-7.020450e+01
1037	-7.438176e+01
1038	-7.361396e+01
1039	-7.359632e+01
1040	-7.294634e+01
1041	-7.254273e+01
1042	-7.349415e+01
1043	-7.661127e+01
1044	-7.446605e+01
1045	-7.262361e+01
1046	-7.752476e+01
1047	-7.198125e+01
1048	-7.248112e+01
1049	-7.294818e+01
1050	-7.017050e+01
1051	-7.165328e+01
1052	-7.656287e+01
1053	-7.292619e+01
1054	-7.477218e+01
1055	-7.620302e+01
1056	-7.500839e+01
1057	-7.408499e+01
1058	-7.439924e+01
1059	-7.344379e+01
1060	-7.278240e+01
1061	-7.540024e+01
1062	-7.097049e+01
1063	-7.236336e+01
1064	-7.402277e+01
1065	-7.468883e+01
1066	-7.351284e+01
1067	-7.162397e+01
1068	-7.343511e+01
1069	-7.121408e+01
1070	-7.249779e+01
1071	-7.343649e+01
1072	-7.165125e+01
1073	-7.278190e+01
1074	-7.503016e+01
1075	-7.244208e+01
1076	-7.210056e+01
1077	-7.215623e+01
1078	-7.295487e+01
1079	-7.618561e+01
1080	-7.478252e+01
1081	-7.653850e+01
1082	-7.384626e+01
1083	-7.028192e+01
1084	-7.640905e+01
1085	-7.569756e+01
1086	-7.295013e+01
1087	-7.421396e+01
1088	-7.478504e+01
1089	-7.351318e+01
1090	-7.084529e+01
1091	-7.628405e+01
1092	-7.226480e+01
1093	-7.097429e+01
1094	-7.725095e+01
1095	-7.258078e+01
1096	-7.347986e+01
1097	-7.184724e+01
1098	-7.199122e+01
1099	-7.363497e+01
1100	-7.133370e+01
1101	-7.400442e+01
1102	-7.393795e+01
1103	-7.194151e+01
1104	-7.365477e+01
1105	-7.650606e+01
1106	-7.457709e+01
1107	-7.547365e+01
1108	-7.603440e+01
1109	-7.047045e+01
1110	-7.268946e+01
1111	-7.699000e+01
1112	-7.363062e+01
1113	-7.543246e+01
1114	-7.350716e+01
1115	-7.420038e+01
1116	-7.228540e+01
1117	-7.251695e+01
1118	-7.638707e+01
1119	-7.478933e+01
1120	-7.689863e+01
1121	-7.126139e+01
1122	-7.678723e+01
1123	-7.139578e+01
1124	-7.085373e+01
1125	-7.529691e+01
1126	-7.494534e+01
1127	-7.422321e+01
1128	-7.273284e+01
1129	-7.324702e+01
1130	-7.392975e+01
1131	-7.487425e+01
1132	-7.224951e+01
1133	-7.116275e+01
1134	-7.453465e+01
1135	-7.090648e+01
1136	-7.103598e+01
1137	-7.253117e+01
1138	-7.563771e+01
1139	-7.260026e+01
1140	-7.472001e+01
1141	-7.279161e+01
1142	-7.538823e+01
1143	-7.248072e+01
1144	-7.515996e+01
1145	-6.969599e+01
1146	-7.439089e+01
1147	-7.389993e+01
1148	-7.081267e+01
1149	-7.016159e+01
1150	-7.387988e+01
1151	-7.628431e+01
1152	-7.016974e+01
1153	-7.417130e+01
1154	-7.161189e+01
1155	-7.400309e+01
1156	-7.319840e+01
1157	-7.282743e+01
1158	-7.384980e+01
1159	-6.866393e+01
1160	-7.204796e+01
1161	-7.690028e+01
1162	-7.546797e+01
1163	-7.228158e+01
1164	-6.880099e+01
1165	-7.208987e+01
1166	-7.283716e+01
1167	-7.017749e+01
1168	-7.413707e+01
1169	-7.670493e+01
1170	-7.468682e+01
1171	-7.700389e+01
1172	-7.424070e+01
1173	-7.356451e+01
1174	-7.289880e+01
1175	-7.320869e+01
1176	-7.268298e+01
1177	-7.009313e+01
1178	-7.703450e+01
1179	-7.249682e+01
1180	-7.296549e+01
1181	-7.152354e+01
1182	-7.730612e+01
1183	-7.134370e+01
1184	-7.526724e+01
1185	-7.601986e+01
1186	-7.281842e+01
1187	-7.309747e+01
1188	-7.005549e+01
1189	-7.191198e+01
1190	-7.204252e+01
1191	-7.219401e+01
1192	-7.195715e+01
1193	-7.184943e+01
1194	-7.138189e+01
1195	-7.223364e+01
1196	-7.591816e+01
1197	-7.485620e+01
1198	-7.229315e+01
1199	-7.494417e+01
1200	-7.553472e+01
1201	-7.377672e+01
1202	-7.401498e+01
1203	-7.310215e+01
1204	-7.075812e+01
1205	-7.213835e+01
1206	-7.240015e+01
1207	-7.492762e+01
1208	-7.346895e+01
1209	-7.576768e+01
1210	-7.195084e+01
1211	-7.258262e+01
1212	-7.313800e+01
1213	-7.271374e+01
1214	-7.052586e+01
1215	-7.579899e+01
1216	-7.331386e+01
1217	-7.012516e+01
1218	-7.476341e+01
1219	-7.370016e+01
1220	-7.371530e+01
1221	-7.427706e+01
1222	-7.003507e+01
1223	-7.110650e+01
1224	-7.216688e+01
1225	-7.401618e+01
1226	-7.367116e+01
1227	-7.235570e+01
1228	-7.314044e+01
1229	-7.110894e+01
1230	-7.372817e+01
1231	-7.174581e+01
1232	-7.290418e+01
1233	-7.316008e+01
1234	-7.321303e+01
1235	-7.228734e+01
1236	-6.954616e+01
1237	-7.265252e+01
1238	-7.413471e+01
1239	-7.194901e+01
1240	-7.124117e+01
1241	-7.362878e+01
1242	-7.281957e+01
1243	-7.160239e+01
1244	-7.294245e+01
1245	-7.394883e+01
1246	-7.230883e+01
1247	-7.391933e+01
1248	-7.201857e+01
1249	-7.117146e+01
1250	-7.046147e+01
1251	-7.268286e+01
1252	-7.589962e+01
1253	-7.285856e+01
1254	-7.398581e+01
1255	-7.530183e+01
1256	-7.118499e+01
1257	-6.784109e+01
1258	-7.126167e+01
1259	-7.314472e+01
1260	-7.490358e+01
1261	-7.439260e+01
1262	-6.878043e+01
1263	-7.521270e+01
1264	-7.338846e+01
1265	-7.751553e+01
1266	-7.221343e+01
1267	-7.192677e+01
1268	-7.540030e+01
1269	-7.292684e+01
1270	-7.123549e+01
1271	-7.098012e+01
1272	-7.241276e+01
1273	-7.579387e+01
1274	-7.337536e+01
1275	-7.322516e+01
1276	-7.186408e+01
1277	-7.335654e+01
1278	-7.513229e+01
1279	-7.131882e+01
1280	-7.733971e+01
1281	-7.382674e+01
1282	-7.494944e+01
1283	-7.544566e+01
1284	-7.171005e+01
1285	-7.238527e+01
1286	-7.451449e+01
1287	-7.106228e+01
1288	-7.147711e+01
1289	-7.373041e+01
1290	-7.359070e+01
1291	-7.394931e+01
1292	-7.044782e+01
1293	-7.254233e+01
1294	-7.587506e+01
1295	-7.171720e+01
1296	-7.283385e+01
1297	-7.214591e+01
1298	-7.394571e+01
1299	-7.235671e+01
1300	-7.336532e+01
1301	-7.377349e+01
1302	-7.041713e+01
1303	-7.058160e+01
1304	-6.923289e+01
1305	-7.394640e+01
1306	-8.074684e+01
1307	-7.294378e+01
1308	-7.422485e+01
1309	-7.172290e+01
1310	-7.370914e+01
1311	-7.317194e+01
1312	-7.097382e+01
1313	-7.443217e+01
1314	-7.581864e+01
1315	-7.257931e+01
1316	-7.362181e+01
1317	-7.401476e+01
1318	-7.504462e+01
1319	-7.558977e+01
1320	-7.361163e+01
1321	-7.668764e+01
1322	-7.576235e+01
1323	-7.192779e+01
1324	-7.251469e+01
1325	-6.880192e+01
1326	-6.972032e+01
1327	-6.844009e+01
1328	-7.420493e+01
1329	-7.283910e+01
1330	-7.325687e+01
1331	-7.447228e+01
1332	-7.382215e+01
1333	-7.774080e+01
1334	-7.469809e+01
1335	-7.562111e+01
1336	-7.254589e+01
1337	-7.423229e+01
1338	-7.282985e+01
1339	-7.474719e+01
1340	-6.938116e+01
1341	-7.554008e+01
1342	-7.333456e+01
1343	-7.180806e+01
1344	-7.004086e+01
1345	-6.806919e+01
1346	-7.131741e+01
1347	-7.570650e+01
1348	-7.348632e+01
1349	-7.645577e+01
1350	-7.042194e+01
1351	-7.342753e+01
1352	-7.590019e+01
1353	-7.721065e+01
1354	-7.410469e+01
1355	-7.152799e+01
1356	-7.363540e+01
1357	-7.375583e+01
1358	-7.206323e+01
1359	-7.382427e+01
1360	-7.232325e+01
1361	-7.311994e+01
1362	-7.322655e+01
1363	-7.394731e+01
1364	-6.733802e+01
1365	-7.485821e+01
1366	-7.185561e+01
1367	-7.266060e+01
1368	-7.709868e+01
1369	-7.650161e+01
1370	-7.460302e+01
1371	-7.413839e+01
1372	-7.435891e+01
1373	-7.601363e+01
1374	-7.223824e+01
1375	-7.508653e+01
1376	-7.445853e+01
1377	-7.834468e+01
1378	-7.224662e+01
1379	-7.191606e+01
1380	-7.645352e+01
1381	-7.483009e+01
1382	-7.246900e+01
1383	-7.176880e+01
1384	-7.117367e+01
1385	-7.078654e+01
1386	-7.729998e+01
1387	-6.957327e+01
1388	-7.247454e+01
1389	-7.178443e+01
1390	-7.674165e+01
1391	-7.291231e+01
1392	-7.216525e+01
1393	-7.184638e+01
1394	-7.291030e+01
1395	-7.257529e+01
1396	-7.050377e+01
1397	-7.360591e+01
1398	-7.145980e+01
1399	-7.413564e+01
1400	-7.301168e+01
1401	-7.409994e+01
1402	-7.210346e+01
1403	-7.052613e+01
1404	-7.131617e+01
1405	-7.299122e+01
1406	-7.365907e+01
1407	-7.499695e+01
1408	-7.653893e+01
1409	-7.436128e+01
1410	-7.353344e+01
1411	-7.789270e+01
1412	-7.063569e+01
1413	-7.267748e+01
1414	-7.004722e+01
1415	-7.091639e+01
1416	-7.402741e+01
1417	-7.417388e+01
1418	-7.239154e+01
1419	-6.870943e+01
1420	-7.713926e+01
1421	-7.056475e+01
1422	-7.201932e+01
1423	-7.297874e+01
1424	-7.545575e+01
1425	-7.167205e+01
1426	-7.564133e+01
1427	-7.249429e+01
1428	-7.167743e+01
1429	-7.413426e+01
1430	-7.003198e+01
1431	-7.333749e+01
1432	-7.500438e+01
1433	-7.514442e+01
1434	-7.028561e+01
1435	-7.329584e+01
1436	-7.203153e+01
1437	-7.502990e+01
1438	-7.241992e+01
1439	-7.120240e+01
1440	-7.352485e+01
1441	-7.266043e+01
1442	-7.440885e+01
1443	-7.171479e+01
1444	-7.054126e+01
1445	-7.604608e+01
1446	-7.563080e+01
1447	-7.165350e+01
1448	-7.330055e+01
1449	-7.489211e+01
1450	-7.384961e+01
1451	-7.209787e+01
1452	-7.376474e+01
1453	-7.092615e+01
1454	-7.523436e+01
1455	-7.205831e+01
1456	-7.255166e+01
1457	-7.075904e+01
1458	-7.303609e+01
1459	-7.101576e+01
1460	-7.220664e+01
1461	-7.248785e+01
1462	-7.641610e+01
1463	-7.614512e+01
1464	-7.688440e+01
1465	-7.301840e+01
1466	-7.428780e+01
1467	-7.609508e+01
1468	-7.107944e+01
1469	-7.170085e+01
1470	-6.944620e+01
1471	-7.139631e+01
1472	-7.431391e+01
1473	-7.319098e+01
1474	-7.026662e+01
1475	-7.512095e+01
1476	-7.102092e+01
1477	-7.323673e+01
1478	-7.273426e+01
1479	-7.403766e+01
1480	-7.285998e+01
1481	-7.311029e+01
1482	-7.301498e+01
1483	-7.564332e+01
1484	-7.400212e+01
1485	-7.626305e+01
1486	-7.163425e+01
1487	-7.301425e+01
1488	-7.604709e+01
1489	-7.727375e+01
1490	-7.279480e+01
1491	-7.415930e+01
1492	-7.061339e+01
1493	-7.563933e+01
1494	-7.012720e+01
1495	-7.076282e+01
1496	-7.496625e+01
1497	-7.517278e+01
1498	-6.854458e+01
1499	-7.082228e+01
1500	-7.447618e+01
1501	-7.342717e+01
1502	-6.975881e+01
1503	-7.400703e+01
1504	-7.458871e+01
1505	-7.129779e+01
1506	-7.518391e+01
1507	-7.217639e+01
1508	-7.391306e+01
1509	-7.120339e+01
1510	-7.517357e+01
1511	-7.199274e+01
1512	-7.277675e+01
1513	-7.236267e+01
1514	-7.316085e+01
1515	-7.464641e+01
1516	-7.411946e+01
1517	-7.314424e+01
1518	-7.042778e+01
1519	-7.593622e+01
1520	-7.203827e+01
1521	-7.409840e+01
1522	-7.786542e+01
1523	-7.274712e+01
1524	-7.756754e+01
1525	-7.230446e+01
1526	-7.509353e+01
1527	-6.906352e+01
1528	-7.536873e+01
1529	-6.795231e+01
1530	-7.265387e+01
1531	-7.608590e+01
1532	-7.137684e+01
1533	-7.201265e+01
1534	-7.443656e+01
1535	-6.970597e+01
1536	-7.512001e+01
1537	-7.372057e+01
1538	-7.539599e+01
1539	-7.247492e+01
1540	-7.279593e+01
1541	-7.648930e+01
1542	-6.973713e+01
1543	-7.362143e+01
1544	-7.642653e+01
1545	-7.524182e+01
1546	-7.294435e+01
1547	-7.186315e+01
1548	-7.822758e+01
1549	-7.401484e+01
1550	-7.427106e+01
1551	-7.392872e+01
1552	-7.482710e+01
1553	-7.147411e+01
1554	-7.222174e+01
1555	-7.054081e+01
1556	-7.090986e+01
1557	-7.667245e+01
1558	-7.634342e+01
1559	-7.502306e+01
1560	-7.074799e+01
1561	-7.476165e+01
1562	-7.352827e+01
1563	-7.408223e+01
1564	-7.377245e+01
1565	-7.525608e+01
1566	-7.393049e+01
1567	-7.475573e+01
1568	-7.495280e+01
1569	-7.173965e+01
1570	-7.269734e+01
1571	-7.114592e+01
1572	-7.294425e+01
1573	-7.057725e+01
1574	-7.219082e+01
1575	-7.602282e+01
1576	-7.786138e+01
1577	-7.231832e+01
1578	-7.082137e+01
1579	-7.249123e+01
1580	-7.070285e+01
1581	-7.443167e+01
1582	-6.987372e+01
1583	-7.087066e+01
1584	-7.451205e+01
1585	-7.437134e+01
1586	-7.587499e+01
1587	-7.441599e+01
1588	-7.388822e+01
1589	-7.316670e+01
1590	-7.400685e+01
1591	-7.099408e+01
1592	-7.290754e+01
1593	-7.560178e+01
1594	-7.360612e+01
1595	-7.271817e+01
1596	-7.530308e+01
1597	-7.371192e+01
1598	-7.055197e+01
1599	-7.223650e+01
1600	-7.470476e+01
1601	-7.074182e+01
1602	-7.273267e+01
1603	-7.732508e+01
1604	-7.653152e+01
1605	-7.356240e+01
1606	-7.239574e+01
1607	-7.364685e+01
1608	-7.457440e+01
1609	-7.529392e+01
1610	-7.290190e+01
1611	-7.351804e+01
1612	-7.167396e+01
1613	-7.331482e+01
1614	-7.436423e+01
1615	-7.483473e+01
1616	-7.484857e+01
1617	-7.294456e+01
1618	-7.335199e+01
1619	-7.593605e+01
1620	-7.124591e+01
1621	-7.372280e+01
1622	-7.157416e+01
1623	-7.410808e+01
1624	-7.454492e+01
1625	-7.464466e+01
1626	-7.187308e+01
1627	-7.304500e+01
1628	-7.402716e+01
1629	-7.328575e+01
1630	-7.686982e+01
1631	-7.666577e+01
1632	-7.121064e+01
1633	-7.386144e+01
1634	-7.181884e+01
1635	-7.307592e+01
1636	-7.306491e+01
1637	-7.224836e+01
1638	-7.547333e+01
1639	-7.276040e+01
1640	-7.500596e+01
1641	-7.152196e+01
1642	-7.221158e+01
1643	-7.488941e+01
1644	-7.426350e+01
1645	-7.267639e+01
1646	-7.195172e+01
1647	-7.130459e+01
1648	-7.119828e+01
1649	-7.293592e+01
1650	-7.106167e+01
1651	-7.400373e+01
1652	-7.320591e+01
1653	-7.326951e+01
1654	-7.297465e+01
1655	-7.259662e+01
1656	-7.325759e+01
1657	-7.458178e+01
1658	-7.179713e+01
1659	-7.518525e+01
1660	-7.111690e+01
1661	-7.388339e+01
1662	-7.122859e+01
1663	-7.560933e+01
1664	-7.521354e+01
1665	-7.356246e+01
1666	-7.976256e+01
1667	-7.322209e+01
1668	-7.364586e+01
1669	-7.495342e+01
1670	-7.374713e+01
1671	-7.564111e+01
1672	-7.509377e+01
1673	-7.275353e+01
1674	-7.328706e+01
1675	-6.922317e+01
1676	-7.268903e+01
1677	-7.617036e+01
1678	-7.375279e+01
1679	-7.325680e+01
1680	-7.299666e+01
1681	-7.162352e+01
1682	-7.167033e+01
1683	-7.437927e+01
1684	-7.077633e+01
1685	-7.706632e+01
1686	-7.586802e+01
1687	-7.118576e+01
1688	-7.042102e+01
1689	-7.283662e+01
1690	-6.991762e+01
1691	-7.250445e+01
1692	-7.268121e+01
1693	-7.151399e+01
1694	-7.078787e+01
1695	-6.958900e+01
1696	-7.248911e+01
1697	-7.422788e+01
1698	-7.426347e+01
1699	-7.268937e+01
1700	-7.524594e+01
1701	-7.450636e+01
1702	-7.263821e+01
1703	-7.082283e+01
1704	-7.671287e+01
1705	-7.165762e+01
1706	-7.118927e+01
1707	-7.650181e+01
1708	-7.339354e+01
1709	-7.104736e+01
1710	-7.522129e+01
1711	-7.441060e+01
1712	-7.256515e+01
1713	-7.141407e+01
1714	-7.359912e+01
1715	-7.835085e+01
1716	-7.368002e+01
1717	-7.360772e+01
1718	-7.541840e+01
1719	-7.518938e+01
1720	-7.509846e+01
1721	-7.347352e+01
1722	-7.365882e+01
1723	-7.770022e+01
1724	-7.615458e+01
1725	-7.498098e+01
1726	-7.403507e+01
1727	-6.662580e+01
1728	-7.062056e+01
1729	-7.224588e+01
1730	-7.432217e+01
1731	-7.369834e+01
1732	-7.526847e+01
1733	-7.374519e+01
1734	-7.417266e+01
1735	-7.416088e+01
1736	-7.479601e+01
1737	-7.280627e+01
1738	-7.455216e+01
1739	-7.699709e+01
1740	-7.152507e+01
1741	-7.296079e+01
1742	-7.420277e+01
1743	-7.298446e+01
1744	-7.303650e+01
1745	-7.205728e+01
1746	-7.227350e+01
1747	-7.152366e+01
1748	-7.230091e+01
1749	-7.245966e+01
1750	-7.544329e+01
1751	-7.380285e+01
1752	-7.254222e+01
1753	-7.272670e+01
1754	-7.277851e+01
1755	-7.358220e+01
1756	-7.444153e+01
1757	-7.317342e+01
1758	-7.243174e+01
1759	-7.468496e+01
1760	-7.247737e+01
1761	-6.945781e+01
1762	-7.335332e+01
1763	-7.377102e+01
1764	-7.470840e+01
1765	-7.500628e+01
1766	-7.451373e+01
1767	-7.325401e+01
1768	-7.462775e+01
1769	-7.013767e+01
1770	-7.049814e+01
1771	-7.054298e+01
1772	-7.324890e+01
1773	-7.311927e+01
1774	-7.367065e+01
1775	-6.996196e+01
1776	-7.669159e+01
1777	-7.126062e+01
1778	-7.422979e+01
1779	-7.664273e+01
1780	-7.314375e+01
1781	-7.221658e+01
1782	-6.794455e+01
1783	-7.591080e+01
1784	-7.422791e+01
1785	-7.182400e+01
1786	-7.002612e+01
1787	-7.649034e+01
1788	-7.523564e+01
1789	-7.850807e+01
1790	-7.298491e+01
1791	-7.342202e+01
1792	-7.483796e+01
1793	-7.515186e+01
1794	-7.430919e+01
1795	-7.457629e+01
1796	-7.456464e+01
1797	-7.439537e+01
1798	-7.413607e+01
1799	-7.807297e+01
1800	-7.406007e+01
1801	-7.169976e+01
1802	-7.325653e+01
1803	-7.477544e+01
1804	-7.214826e+01
1805	-7.318199e+01
1806	-7.538160e+01
1807	-6.992186e+01
1808	-7.522408e+01
1809	-7.391782e+01
1810	-7.249750e+01
1811	-7.492784e+01
1812	-7.163521e+01
1813	-7.580686e+01
1814	-7.026891e+01
1815	-7.304265e+01
1816	-7.463239e+01
1817	-7.621844e+01
1818	-7.154430e+01
1819	-7.519029e+01
1820	-7.670025e+01
1821	-7.272769e+01
1822	-7.589862e+01
1823	-7.652289e+01
1824	-7.269212e+01
1825	-7.678789e+01
1826	-7.407766e+01
1827	-7.454507e+01
1828	-7.083809e+01
1829	-7.768568e+01
1830	-7.258171e+01
1831	-7.387964e+01
1832	-7.609510e+01
1833	-7.211980e+01
1834	-7.014184e+01
1835	-7.121927e+01
1836	-7.557034e+01
1837	-7.666645e+01
1838	-7.033271e+01
1839	-7.385708e+01
1840	-7.330215e+01
1841	-7.323026e+01
1842	-7.450944e+01
1843	-7.346085e+01
1844	-7.105132e+01
1845	-7.189566e+01
1846	-7.419980e+01
1847	-6.987462e+01
1848	-7.069474e+01
1849	-7.472192e+01
1850	-7.447221e+01
1851	-7.059701e+01
1852	-7.381826e+01
1853	-7.435507e+01
1854	-7.336905e+01
1855	-7.682559e+01
1856	-7.321532e+01
1857	-6.860643e+01
1858	-7.317922e+01
1859	-7.318251e+01
1860	-7.503871e+01
1861	-6.958087e+01
1862	-7.276383e+01
1863	-7.432577e+01
1864	-7.412946e+01
1865	-7.806870e+01
1866	-7.249972e+01
1867	-7.067616e+01
1868	-7.330004e+01
1869	-7.373084e+01
1870	-7.169036e+01
1871	-7.507163e+01
1872	-7.546168e+01
1873	-7.035177e+01
1874	-7.126892e+01
1875	-7.289272e+01
1876	-7.596513e+01
1877	-7.649326e+01
1878	-7.248810e+01
1879	-7.197482e+01
1880	-7.613987e+01
1881	-7.420771e+01
1882	-7.237483e+01
1883	-7.317073e+01
1884	-7.554428e+01
1885	-7.496744e+01
1886	-7.096006e+01
1887	-7.216614e+01
1888	-7.536267e+01
1889	-6.950276e+01
1890	-7.040455e+01
1891	-7.531183e+01
1892	-7.141417e+01
1893	-7.263028e+01
1894	-7.243432e+01
1895	-7.071984e+01
1896	-7.247082e+01
1897	-7.213988e+01
1898	-7.374737e+01
1899	-7.265619e+01
1900	-6.985289e+01
1901	-7.320240e+01
1902	-7.128426e+01
1903	-7.605615e+01
1904	-7.176769e+01
1905	-7.362794e+01
1906	-7.441938e+01
1907	-7.191436e+01
1908	-7.603539e+01
1909	-7.186378e+01
1910	-7.421287e+01
1911	-7.030483e+01
1912	-7.608418e+01
1913	-7.065595e+01
1914	-7.298495e+01
1915	-7.546147e+01
1916	-7.413207e+01
1917	-7.160006e+01
1918	-7.442841e+01
1919	-7.137416e+01
1920	-7.526131e+01
1921	-7.502260e+01
1922	-7.412546e+01
1923	-7.551459e+01
1924	-7.265990e+01
1925	-7.384235e+01
1926	-7.205365e+01
1927	-7.087490e+01
1928	-7.105870e+01
1929	-7.414520e+01
1930	-7.340831e+01
1931	-7.044599e+01
1932	-7.029163e+01
1933	-7.217435e+01
1934	-7.316045e+01
1935	-7.437876e+01
1936	-7.428748e+01
1937	-7.576219e+01
1938	-7.367043e+01
1939	-7.343617e+01
1940	-7.120192e+01
1941	-7.188261e+01
1942	-7.463207e+01
1943	-7.494361e+01
1944	-7.192129e+01
1945	-6.957892e+01
1946	-7.311434e+01
1947	-7.205305e+01
1948	-7.380650e+01
1949	-7.006035e+01
1950	-7.154707e+01
1951	-7.397332e+01
1952	-7.250762e+01
1953	-7.313240e+01
1954	-7.550694e+01
1955	-7.235944e+01
1956	-7.643522e+01
1957	-7.088923e+01
1958	-7.205789e+01
1959	-7.020384e+01
1960	-7.123423e+01
1961	-7.394158e+01
1962	-7.449554e+01
1963	-6.957719e+01
1964	-7.200421e+01
1965	-7.309578e+01
1966	-7.376083e+01
1967	-7.160767e+01
1968	-7.208411e+01
1969	-7.481599e+01
1970	-7.422734e+01
1971	-7.496025e+01
1972	-7.912117e+01
1973	-7.655240e+01
1974	-7.376966e+01
1975	-7.275610e+01
1976	-7.436017e+01
1977	-7.515986e+01
1978	-7.196326e+01
1979	-7.300690e+01
1980	-7.340370e+01
1981	-7.207226e+01
1982	-7.040116e+01
1983	-7.545193e+01
1984	-7.359878e+01
1985	-7.313206e+01
1986	-7.562632e+01
1987	-7.560180e+01
1988	-7.294708e+01
1989	-7.626141e+01
1990	-7.325672e+01
1991	-7.596438e+01
1992	-7.263734e+01
1993	-7.230413e+01
1994	-7.085714e+01
1995	-7.303682e+01
1996	-7.066485e+01
1997	-7.299065e+01
1998	-7.097412e+01
1999	-7.369976e+01
2000	-7.205099e+01
2001	-7.349199e+01
2002	-7.480438e+01
2003	-7.416978e+01
2004	-7.615078e+01
2005	-7.231604e+01
2006	-7.437916e+01
2007	-7.328825e+01
2008	-7.113952e+01
2009	-7.235484e+01
2010	-7.523701e+01
2011	-7.223914e+01
2012	-7.597166e+01
2013	-7.250282e+01
2014	-7.436042e+01
2015	-7.504489e+01
2016	-7.252569e+01
2017	-7.420351e+01
2018	-7.647789e+01
2019	-7.604407e+01
2020	-7.207748e+01
2021	-7.448873e+01
2022	-7.125108e+01
2023	-7.554081e+01
2024	-7.333478e+01
2025	-7.431302e+01
2026	-7.104512e+01
2027	-7.425327e+01
2028	-7.450848e+01
2029	-7.722335e+01
2030	-7.348606e+01
2031	-7.420961e+01
2032	-7.193170e+01
2033	-7.339290e+01
2034	-7.213455e+01
2035	-7.340648e+01
2036	-7.812585e+01
2037	-7.482889e+01
2038	-6.965452e+01
2039	-7.433831e+01
2040	-7.120235e+01
2041	-7.245012e+01
2042	-7.650043e+01
2043	-7.165993e+01
2044	-7.674909e+01
2045	-7.250325e+01
2046	-7.451775e+01
2047	-7.252827e+01
2048	-7.383424e+01
2049	-7.259867e+01
2050	-7.267319e+01
2051	-7.586095e+01
2052	-7.533626e+01
2053	-6.986462e+01
2054	-7.228403e+01
2055	-7.309478e+01
2056	-7.090248e+01
2057	-7.978730e+01
2058	-7.582455e+01
2059	-7.327812e+01
2060	-7.283027e+01
2061	-7.258411e+01
2062	-7.708570e+01
2063	-7.312817e+01
2064	-7.090046e+01
2065	-7.270199e+01
2066	-7.652176e+01
2067	-7.321512e+01
2068	-7.388406e+01
2069	-7.462735e+01
2070	-7.589623e+01
2071	-7.432531e+01
2072	-7.402129e+01
2073	-7.141948e+01
2074	-7.563995e+01
2075	-7.518016e+01
2076	-7.260552e+01
2077	-7.306945e+01
2078	-7.338167e+01
2079	-7.046933e+01
2080	-7.118073e+01
2081	-7.333317e+01
2082	-7.528375e+01
2083	-7.168414e+01
2084	-7.191010e+01
2085	-7.301910e+01
2086	-7.183465e+01
2087	-7.379807e+01
2088	-7.260367e+01
2089	-7.220455e+01
2090	-7.291558e+01
2091	-7.169983e+01
2092	-7.163992e+01
2093	-7.272286e+01
2094	-7.334997e+01
2095	-7.446194e+01
2096	-7.368780e+01
2097	-7.195077e+01
2098	-7.324507e+01
2099	-7.473930e+01
2100	-7.358547e+01
2101	-7.326459e+01
2102	-7.201292e+01
2103	-7.259377e+01
2104	-6.990416e+01
2105	-7.293150e+01
2106	-7.477780e+01
2107	-7.287714e+01
2108	-7.309924e+01
2109	-7.475877e+01
2110	-7.367721e+01
2111	-7.257942e+01
2112	-6.816412e+01
2113	-6.993043e+01
2114	-6.976854e+01
2115	-7.296381e+01
2116	-7.119542e+01
2117	-6.830253e+01
2118	-7.530771e+01
2119	-7.421765e+01
2120	-7.420896e+01
2121	-7.446564e+01
2122	-7.321179e+01
2123	-7.832345e+01
2124	-7.677779e+01
2125	-7.249014e+01
2126	-7.379580e+01
2127	-7.102585e+01
2128	-7.484009e+01
2129	-7.398044e+01
2130	-7.440639e+01
2131	-7.331858e+01
2132	-7.186187e+01
2133	-7.543846e+01
2134	-7.514772e+01
2135	-7.389203e+01
2136	-7.432143e+01
2137	-7.234076e+01
2138	-7.041474e+01
2139	-7.192390e+01
2140	-7.213165e+01
2141	-7.513130e+01
2142	-7.228566e+01
2143	-7.246280e+01
2144	-7.333061e+01
2145	-7.614395e+01
2146	-7.315183e+01
2147	-7.393648e+01
2148	-7.154543e+01
2149	-6.842573e+01
2150	-7.524234e+01
2151	-7.049148e+01
2152	-7.412014e+01
2153	-7.134655e+01
2154	-7.393944e+01
2155	-7.042543e+01
2156	-7.155094e+01
2157	-7.600908e+01
2158	-7.770025e+01
2159	-6.978173e+01
2160	-7.174297e+01
2161	-7.273011e+01
2162	-7.409570e+01
2163	-7.511158e+01
2164	-7.142649e+01
2165	-7.248117e+01
2166	-7.051139e+01
2167	-7.188243e+01
2168	-7.428628e+01
2169	-7.334404e+01
2170	-7.776085e+01
2171	-7.172266e+01
2172	-7.613313e+01
2173	-7.433675e+01
2174	-7.099345e+01
2175	-7.267873e+01
2176	-7.313054e+01
2177	-7.265610e+01
2178	-7.124127e+01
2179	-7.364087e+01
2180	-7.414890e+01
2181	-7.108264e+01
2182	-7.439266e+01
2183	-7.000501e+01
2184	-7.285027e+01
2185	-7.361613e+01
2186	-7.164335e+01
2187	-7.400409e+01
2188	-7.414681e+01
2189	-6.899022e+01
2190	-7.453951e+01
2191	-7.411718e+01
2192	-7.270819e+01
2193	-7.040259e+01
2194	-7.155125e+01
2195	-7.508190e+01
2196	-7.215785e+01
2197	-7.114112e+01
2198	-7.207963e+01
2199	-7.475010e+01
2200	-7.174369e+01
2201	-7.637127e+01
2202	-7.654630e+01
2203	-7.294054e+01
2204	-7.279290e+01
2205	-7.472927e+01
2206	-7.155788e+01
2207	-7.740506e+01
2208	-7.892983e+01
2209	-7.369857e+01
2210	-7.300690e+01
2211	-7.239703e+01
2212	-7.348890e+01
2213	-7.456123e+01
2214	-7.264605e+01
2215	-7.067424e+01
2216	-7.253948e+01
2217	-7.586032e+01
2218	-6.782143e+01
2219	-7.442906e+01
2220	-7.284357e+01
2221	-7.367826e+01
2222	-7.649412e+01
2223	-7.361294e+01
2224	-7.127452e+01
2225	-7.266800e+01
2226	-7.574985e+01
2227	-7.381232e+01
2228	-6.957911e+01
2229	-7.350863e+01
2230	-7.222298e+01
2231	-7.368407e+01
2232	-7.171883e+01
2233	-7.016308e+01
2234	-6.959176e+01
2235	-7.381608e+01
2236	-7.162251e+01
2237	-7.108321e+01
2238	-7.116888e+01
2239	-7.438260e+01
2240	-7.328952e+01
2241	-7.371148e+01
2242	-6.953547e+01
2243	-7.295746e+01
2244	-7.385790e+01
2245	-6.962087e+01
2246	-7.625701e+01
2247	-7.316592e+01
2248	-7.337888e+01
2249	-7.498265e+01
2250	-7.148240e+01
2251	-7.085422e+01
2252	-7.803452e+01
2253	-7.443351e+01
2254	-7.441315e+01
2255	-7.381128e+01
2256	-7.538801e+01
2257	-7.468617e+01
2258	-7.223836e+01
2259	-7.349355e+01
2260	-7.406972e+01
2261	-7.744461e+01
2262	-7.358134e+01
2263	-6.959912e+01
2264	-7.469504e+01
2265	-7.257313e+01
2266	-7.529122e+01
2267	-6.918475e+01
2268	-7.474000e+01
2269	-7.149758e+01
2270	-7.259659e+01
2271	-7.589223e+01
2272	-7.414413e+01
2273	-7.374856e+01
2274	-7.265099e+01
2275	-7.274843e+01
2276	-7.539758e+01
2277	-7.332418e+01
2278	-7.369151e+01
2279	-6.995340e+01
2280	-7.610626e+01
2281	-7.015251e+01
2282	-7.114636e+01
2283	-7.371437e+01
2284	-7.190874e+01
2285	-7.180496e+01
2286	-7.461956e+01
2287	-7.385413e+01
2288	-7.772770e+01
2289	-7.419837e+01
2290	-7.488528e+01
2291	-7.354323e+01
2292	-7.225042e+01
2293	-7.536920e+01
2294	-7.591043e+01
2295	-7.825218e+01
2296	-7.357016e+01
2297	-7.182132e+01
2298	-7.355910e+01
2299	-7.444107e+01
2300	-7.504645e+01
2301	-7.303122e+01
2302	-7.643256e+01
2303	-7.433875e+01
2304	-7.405318e+01
2305	-7.521848e+01
2306	-6.894710e+01
2307	-7.276491e+01
2308	-7.349132e+01
2309	-7.307552e+01
2310	-7.198860e+01
2311	-7.195371e+01
2312	-7.372504e+01
2313	-7.592129e+01
2314	-7.692567e+01
2315	-7.516979e+01
2316	-7.215909e+01
2317	-7.191079e+01
2318	-7.299570e+01
2319	-7.133929e+01
2320	-7.331465e+01
2321	-7.128593e+01
2322	-7.419646e+01
2323	-7.363649e+01
2324	-7.317135e+01
2325	-7.347792e+01
2326	-7.227595e+01
2327	-6.995687e+01
2328	-7.198217e+01
2329	-7.536899e+01
2330	-7.563468e+01
2331	-7.406032e+01
2332	-7.177808e+01
2333	-7.413324e+01
2334	-7.389304e+01
2335	-7.313912e+01
2336	-7.370005e+01
2337	-7.406634e+01
2338	-6.934553e+01
2339	-7.818380e+01
2340	-7.101902e+01
2341	-7.133630e+01
2342	-7.154529e+01
2343	-7.399561e+01
2344	-7.586690e+01
2345	-7.322448e+01
2346	-7.431469e+01
2347	-6.910629e+01
2348	-7.350177e+01
2349	-7.356322e+01
2350	-7.300469e+01
2351	-7.155928e+01
2352	-7.580332e+01
2353	-7.276869e+01
2354	-7.293472e+01
2355	-7.103723e+01
2356	-7.178058e+01
2357	-7.165178e+01
2358	-7.264097e+01
2359	-7.365730e+01
2360	-7.561299e+01
2361	-7.263155e+01
2362	-7.244636e+01
2363	-7.295575e+01
2364	-7.247018e+01
2365	-7.507741e+01
2366	-6.951310e+01
2367	-7.301592e+01
2368	-7.219602e+01
2369	-7.248972e+01
2370	-7.606872e+01
2371	-7.220043e+01
2372	-7.298556e+01
2373	-7.134723e+01
2374	-7.350768e+01
2375	-7.390798e+01
2376	-7.320112e+01
2377	-7.180868e+01
2378	-7.228340e+01
2379	-7.316055e+01
2380	-7.684216e+01
2381	-7.609607e+01
2382	-7.296289e+01
2383	-7.133231e+01
2384	-7.438424e+01
2385	-7.328413e+01
2386	-7.637105e+01
2387	-7.380000e+01
2388	-7.422946e+01
2389	-7.174872e+01
2390	-7.497246e+01
2391	-7.040459e+01
2392	-7.302521e+01
2393	-7.284988e+01
2394	-7.168398e+01
2395	-7.561181e+01
2396	-7.019945e+01
2397	-7.264801e+01
2398	-7.361385e+01
2399	-7.089006e+01
2400	-7.471851e+01
2401	-7.323163e+01
2402	-7.390225e+01
2403	-7.497987e+01
2404	-7.115812e+01
2405	-7.336283e+01
2406	-7.237365e+01
2407	-7.454233e+01
2408	-7.236019e+01
2409	-7.170598e+01
2410	-7.134594e+01
2411	-6.977755e+01
2412	-7.401261e+01
2413	-6.961112e+01
2414	-7.490986e+01
2415	-7.021201e+01
2416	-7.300613e+01
2417	-7.438879e+01
2418	-7.531079e+01
2419	-7.416970e+01
2420	-7.540359e+01
2421	-7.314966e+01
2422	-7.211451e+01
2423	-7.288580e+01
2424	-7.254289e+01
2425	-7.500830e+01
2426	-7.428373e+01
2427	-7.401461e+01
2428	-7.346684e+01
2429	-7.176937e+01
2430	-7.203585e+01
2431	-7.565501e+01
2432	-7.345185e+01
2433	-7.308787e+01
2434	-6.843125e+01
2435	-7.482474e+01
2436	-7.570650e+01
2437	-7.165566e+01
2438	-7.552244e+01
2439	-7.266220e+01
2440	-7.614040e+01
2441	-7.246585e+01
2442	-7.608834e+01
2443	-7.467324e+01
2444	-7.423977e+01
2445	-7.679519e+01
2446	-7.873552e+01
2447	-7.439627e+01
2448	-7.140085e+01
2449	-7.342902e+01
2450	-7.009117e+01
2451	-7.291698e+01
2452	-7.442827e+01
2453	-7.393598e+01
2454	-7.694452e+01
2455	-7.307609e+01
2456	-7.328490e+01
2457	-7.276999e+01
2458	-7.359683e+01
2459	-7.442034e+01
2460	-7.178941e+01
2461	-7.318124e+01
2462	-7.043413e+01
2463	-7.115731e+01
2464	-7.634712e+01
2465	-7.312159e+01
2466	-7.538461e+01
2467	-7.353732e+01
2468	-7.119731e+01
2469	-7.188161e+01
2470	-7.550273e+01
2471	-7.288326e+01
2472	-7.593433e+01
2473	-7.597282e+01
2474	-7.336758e+01
2475	-7.280094e+01
2476	-7.534629e+01
2477	-7.354541e+01
2478	-7.325355e+01
2479	-7.281376e+01
2480	-7.448851e+01
2481	-7.262613e+01
2482	-7.322596e+01
2483	-7.121190e+01
2484	-7.380489e+01
2485	-7.163428e+01
2486	-7.564678e+01
2487	-7.504517e+01
2488	-7.095020e+01
2489	-7.467125e+01
2490	-7.460710e+01
2491	-7.064087e+01
2492	-7.161297e+01
2493	-7.278030e+01
2494	-7.216086e+01
2495	-7.233632e+01
2496	-7.475435e+01
2497	-7.577921e+01
2498	-7.333603e+01
2499	-7.410908e+01
2500	-7.643676e+01
2501	-7.223011e+01
2502	-7.365207e+01
2503	-7.166794e+01
2504	-7.387898e+01
2505	-7.254486e+01
2506	-6.883803e+01
2507	-7.495789e+01
2508	-7.042091e+01
2509	-7.361918e+01
2510	-6.800678e+01
2511	-7.624974e+01
2512	-7.308600e+01
2513	-7.195445e+01
2514	-7.377607e+01
2515	-7.148303e+01
2516	-7.143326e+01
2517	-7.232889e+01
2518	-7.259022e+01
2519	-7.420902e+01
2520	-7.283396e+01
2521	-7.226323e+01
2522	-7.517641e+01
2523	-7.209715e+01
2524	-7.370257e+01
2525	-7.228791e+01
2526	-7.437866e+01
2527	-7.845425e+01
2528	-7.454392e+01
2529	-7.634589e+01
2530	-7.562905e+01
2531	-7.362422e+01
2532	-6.905852e+01
2533	-6.923612e+01
2534	-7.184600e+01
2535	-7.021161e+01
2536	-7.292955e+01
2537	-7.315324e+01
2538	-7.281476e+01
2539	-6.946749e+01
2540	-7.518337e+01
2541	-7.421849e+01
2542	-7.151776e+01
2543	-7.397370e+01
2544	-7.086140e+01
2545	-7.581868e+01
2546	-7.033498e+01
2547	-7.100677e+01
2548	-7.552644e+01
2549	-7.924998e+01
2550	-7.137614e+01
2551	-7.356905e+01
2552	-7.268372e+01
2553	-7.665274e+01
2554	-7.441402e+01
2555	-7.279527e+01
2556	-7.329936e+01
2557	-7.593694e+01
2558	-7.182197e+01
2559	-7.300932e+01
2560	-7.382296e+01
2561	-7.646805e+01
2562	-7.228663e+01
2563	-7.168985e+01
2564	-7.476047e+01
2565	-7.288685e+01
2566	-7.594383e+01
2567	-7.252868e+01
2568	-7.234321e+01
2569	-7.130055e+01
2570	-7.490056e+01
2571	-7.124809e+01
2572	-7.290290e+01
2573	-7.165680e+01
2574	-7.116127e+01
2575	-6.974961e+01
2576	-7.361367e+01
2577	-7.241348e+01
2578	-7.230749e+01
2579	-7.292764e+01
2580	-7.016605e+01
2581	-7.564948e+01
2582	-7.467129e+01
2583	-7.126497e+01
2584	-7.149913e+01
2585	-7.189070e+01
2586	-7.170399e+01
2587	-7.374683e+01
2588	-7.130354e+01
2589	-7.281195e+01
2590	-7.054666e+01
2591	-7.423416e+01
2592	-7.398789e+01
2593	-7.155939e+01
2594	-7.266493e+01
2595	-7.402506e+01
2596	-7.401118e+01
2597	-7.123518e+01
2598	-7.394544e+01
2599	-7.336975e+01
2600	-7.153502e+01
2601	-7.151823e+01
2602	-7.532870e+01
2603	-7.016167e+01
2604	-7.406604e+01
2605	-7.145128e+01
2606	-7.136154e+01
2607	-7.412018e+01
2608	-7.267898e+01
2609	-7.128700e+01
2610	-7.323263e+01
2611	-7.487608e+01
2612	-7.203878e+01
2613	-7.322729e+01
2614	-7.223256e+01
2615	-7.671235e+01
2616	-7.664684e+01
2617	-7.135051e+01
2618	-7.332346e+01
2619	-7.650332e+01
2620	-7.655851e+01
2621	-7.177388e+01
2622	-7.135610e+01
2623	-7.218526e+01
2624	-7.318793e+01
2625	-7.274316e+01
2626	-7.338209e+01
2627	-7.418701e+01
2628	-7.111249e+01
2629	-7.230264e+01
2630	-7.374609e+01
2631	-7.270750e+01
2632	-7.700789e+01
2633	-7.178741e+01
2634	-7.252313e+01
2635	-7.603110e+01
2636	-7.027365e+01
2637	-7.226106e+01
2638	-7.540855e+01
2639	-7.139504e+01
2640	-7.125805e+01
2641	-7.588656e+01
2642	-7.051105e+01
2643	-7.231522e+01
2644	-7.800134e+01
2645	-7.059890e+01
2646	-7.103856e+01
2647	-7.223936e+01
2648	-7.412437e+01
2649	-7.516176e+01
2650	-7.440434e+01
2651	-7.141364e+01
2652	-7.505413e+01
2653	-7.350769e+01
2654	-7.325729e+01
2655	-7.392933e+01
2656	-7.421828e+01
2657	-7.440734e+01
2658	-7.583462e+01
2659	-7.322375e+01
2660	-7.415068e+01
2661	-7.509108e+01
2662	-7.375023e+01
2663	-7.027410e+01
2664	-7.354284e+01
2665	-7.350461e+01
2666	-7.484438e+01
2667	-7.516289e+01
2668	-7.397314e+01
2669	-7.336717e+01
2670	-6.982349e+01
2671	-7.309119e+01
2672	-7.073239e+01
2673	-7.314373e+01
2674	-7.683767e+01
2675	-7.042184e+01
2676	-7.400746e+01
2677	-7.248871e+01
2678	-6.866015e+01
2679	-7.209832e+01
2680	-7.348486e+01
2681	-7.854656e+01
2682	-7.682770e+01
2683	-7.340591e+01
2684	-7.751587e+01
2685	-7.667654e+01
2686	-7.280309e+01
2687	-7.494203e+01
2688	-7.128975e+01
2689	-7.310030e+01
2690	-7.319030e+01
2691	-7.465000e+01
2692	-7.220385e+01
2693	-7.299671e+01
2694	-7.630828e+01
2695	-6.852213e+01
2696	-7.400418e+01
2697	-7.339743e+01
2698	-7.227339e+01
2699	-6.976663e+01
2700	-7.425690e+01
2701	-7.226985e+01
2702	-7.246424e+01
2703	-7.396309e+01
2704	-7.702478e+01
2705	-7.012729e+01
2706	-7.328316e+01
2707	-7.156897e+01
2708	-7.265841e+01
2709	-7.355727e+01
2710	-7.703538e+01
2711	-7.311194e+01
2712	-7.161839e+01
2713	-7.246215e+01
2714	-7.442053e+01
2715	-7.592569e+01
2716	-7.498415e+01
2717	-7.074263e+01
2718	-7.135881e+01
2719	-7.152271e+01
2720	-7.332170e+01
2721	-7.376745e+01
2722	-7.341122e+01
2723	-7.649503e+01
2724	-7.398038e+01
2725	-7.394436e+01
2726	-7.614824e+01
2727	-7.422654e+01
2728	-7.712863e+01
2729	-7.281121e+01
2730	-7.635736e+01
2731	-7.122210e+01
2732	-7.588790e+01
2733	-7.268638e+01
2734	-7.378158e+01
2735	-7.468975e+01
2736	-7.440050e+01
2737	-7.181728e+01
2738	-7.305651e+01
2739	-7.417922e+01
2740	-7.523689e+01
2741	-7.268750e+01
2742	-6.989880e+01
2743	-7.591300e+01
2744	-7.596899e+01
2745	-7.175133e+01
2746	-7.376682e+01
2747	-7.396159e+01
2748	-7.251642e+01
2749	-7.323847e+01
2750	-7.438453e+01
2751	-7.447509e+01
2752	-7.201800e+01
2753	-7.259862e+01
2754	-7.302688e+01
2755	-7.355149e+01
2756	-7.495927e+01
2757	-7.034551e+01
2758	-7.152909e+01
2759	-7.366621e+01
2760	-7.228438e+01
2761	-7.430913e+01
2762	-7.345789e+01
2763	-7.583299e+01
2764	-6.927328e+01
2765	-6.782975e+01
2766	-7.517566e+01
2767	-7.160324e+01
2768	-7.003240e+01
2769	-7.489357e+01
2770	-7.206707e+01
2771	-7.385442e+01
2772	-7.205871e+01
2773	-7.040585e+01
2774	-7.708866e+01
2775	-7.623848e+01
2776	-7.265469e+01
2777	-7.618054e+01
2778	-7.565442e+01
2779	-7.388223e+01
2780	-7.376738e+01
2781	-7.303921e+01
2782	-7.424537e+01
2783	-7.114752e+01
2784	-7.214213e+01
2785	-6.971710e+01
2786	-7.444436e+01
2787	-7.510740e+01
2788	-7.677202e+01
2789	-7.408686e+01
2790	-7.535950e+01
2791	-7.231158e+01
2792	-7.488677e+01
2793	-7.351143e+01
2794	-7.504383e+01
2795	-7.129861e+01
2796	-7.480743e+01
2797	-7.593105e+01
2798	-7.614659e+01
2799	-7.372404e+01
2800	-7.554624e+01
2801	-7.139392e+01
2802	-7.126344e+01
2803	-7.441957e+01
2804	-7.439604e+01
2805	-7.267735e+01
2806	-7.418256e+01
2807	-7.286863e+01
2808	-7.638796e+01
2809	-7.405864e+01
2810	-7.262992e+01
2811	-7.509804e+01
2812	-7.127116e+01
2813	-7.026964e+01
2814	-7.313649e+01
2815	-7.779885e+01
2816	-7.329476e+01
2817	-7.446693e+01
2818	-7.453524e+01
2819	-7.399700e+01
2820	-7.692820e+01
2821	-7.111352e+01
2822	-7.616622e+01
2823	-7.466072e+01
2824	-7.084370e+01
2825	-7.198047e+01
2826	-7.273312e+01
2827	-7.303787e+01
2828	-7.229773e+01
2829	-7.394886e+01
2830	-7.398957e+01
2831	-7.328394e+01
2832	-7.042598e+01
2833	-7.170256e+01
2834	-7.704908e+01
2835	-7.506058e+01
2836	-7.466029e+01
2837	-7.342045e+01
2838	-7.035687e+01
2839	-7.440615e+01
2840	-6.862844e+01
2841	-7.222159e+01
2842	-7.069229e+01
2843	-7.340439e+01
2844	-7.300959e+01
2845	-7.307193e+01
2846	-7.076665e+01
2847	-7.706516e+01
2848	-7.296042e+01
2849	-6.926426e+01
2850	-7.187001e+01
2851	-7.340196e+01
2852	-7.265354e+01
2853	-7.330137e+01
2854	-7.639994e+01
2855	-7.446039e+01
2856	-7.368211e+01
2857	-7.317480e+01
2858	-7.379298e+01
2859	-7.360306e+01
2860	-7.365387e+01
2861	-6.841261e+01
2862	-7.484297e+01
2863	-7.288122e+01
2864	-6.968925e+01
2865	-7.444997e+01
2866	-7.378434e+01
2867	-7.153422e+01
2868	-7.469635e+01
2869	-7.614229e+01
2870	-7.546691e+01
2871	-7.461624e+01
2872	-7.332921e+01
2873	-7.160569e+01
2874	-7.482681e+01
2875	-7.300448e+01
2876	-7.142585e+01
2877	-7.386777e+01
2878	-7.717235e+01
2879	-7.482224e+01
2880	-7.321028e+01
2881	-7.721026e+01
2882	-7.265270e+01
2883	-7.344039e+01
2884	-7.518294e+01
2885	-7.081454e+01
2886	-7.087402e+01
2887	-7.197072e+01
2888	-7.195506e+01
2889	-7.159269e+01
2890	-7.176694e+01
2891	-7.258463e+01
2892	-7.332679e+01
2893	-7.564725e+01
2894	-7.714791e+01
2895	-7.389742e+01
2896	-7.485752e+01
2897	-7.465180e+01
2898	-7.710013e+01
2899	-7.650805e+01
2900	-7.139082e+01
2901	-7.128544e+01
2902	-7.053759e+01
2903	-7.632675e+01
2904	-7.675428e+01
2905	-7.330133e+01
2906	-7.233704e+01
2907	-7.192658e+01
2908	-7.417129e+01
2909	-7.177941e+01
2910	-7.557402e+01
2911	-7.070755e+01
2912	-7.593035e+01
2913	-7.310837e+01
2914	-7.278401e+01
2915	-7.444379e+01
2916	-6.824254e+01
2917	-7.316288e+01
2918	-7.368796e+01
2919	-7.587341e+01
2920	-7.173593e+01
2921	-7.155751e+01
2922	-7.033746e+01
2923	-6.993554e+01
2924	-7.272713e+01
2925	-7.323981e+01
2926	-7.776987e+01
2927	-7.776830e+01
2928	-7.242026e+01
2929	-7.671782e+01
2930	-7.292964e+01
2931	-7.243874e+01
2932	-7.827738e+01
2933	-7.546305e+01
2934	-7.166714e+01
2935	-7.510686e+01
2936	-7.483793e+01
2937	-7.055247e+01
2938	-7.330632e+01
2939	-7.157031e+01
2940	-7.178174e+01
2941	-7.143472e+01
2942	-6.890436e+01
2943	-7.505204e+01
2944	-7.321231e+01
2945	-7.553922e+01
2946	-7.519972e+01
2947	-7.107016e+01
2948	-7.406248e+01
2949	-7.064028e+01
2950	-7.958121e+01
2951	-7.242481e+01
2952	-7.570374e+01
2953	-7.560922e+01
2954	-7.554720e+01
2955	-7.268234e+01
2956	-7.247316e+01
2957	-7.102069e+01
2958	-7.517864e+01
2959	-7.432303e+01
2960	-7.545874e+01
2961	-7.085355e+01
2962	-7.164874e+01
2963	-7.188116e+01
2964	-7.581359e+01
2965	-7.736521e+01
2966	-7.655459e+01
2967	-7.416699e+01
2968	-7.209517e+01
2969	-7.592047e+01
2970	-7.368180e+01
2971	-7.258210e+01
2972	-7.358253e+01
2973	-7.534839e+01
2974	-7.208910e+01
2975	-7.380716e+01
2976	-7.007783e+01
2977	-7.056811e+01
2978	-7.330104e+01
2979	-7.183357e+01
2980	-7.661266e+01
2981	-7.614845e+01
2982	-7.359447e+01
2983	-7.635382e+01
2984	-7.059183e+01
2985	-7.298915e+01
2986	-7.736429e+01
2987	-7.246119e+01
2988	-7.673210e+01
2989	-7.029286e+01
2990	-7.172903e+01
2991	-7.460709e+01
2992	-7.256416e+01
2993	-7.604768e+01
2994	-7.328306e+01
2995	-7.186318e+01
2996	-7.937934e+01
2997	-7.422890e+01
2998	-7.354136e+01
2999	-7.441841e+01
3000	-7.392649e+01
3001	-7.522139e+01
3002	-7.616969e+01
3003	-7.632189e+01
3004	-7.091238e+01
3005	-7.069158e+01
3006	-7.615985e+01
3007	-7.339157e+01
3008	-7.399575e+01
3009	-7.355060e+01
3010	-7.182763e+01
3011	-7.340183e+01
3012	-6.981483e+01
3013	-7.237312e+01
3014	-7.550321e+01
3015	-7.066358e+01
3016	-7.422428e+01
3017	-7.231155e+01
3018	-7.470254e+01
3019	-7.531495e+01
3020	-7.277838e+01
3021	-7.113919e+01
3022	-7.631342e+01
3023	-7.329777e+01
3024	-7.145761e+01
3025	-7.408928e+01
3026	-7.203792e+01
3027	-6.826370e+01
3028	-7.360830e+01
3029	-7.177312e+01
3030	-7.457763e+01
3031	-7.346534e+01
3032	-7.213359e+01
3033	-7.228276e+01
3034	-7.413350e+01
3035	-7.024680e+01
3036	-6.804388e+01
3037	-7.107304e+01
3038	-7.216571e+01
3039	-7.704311e+01
3040	-7.505849e+01
3041	-7.101421e+01
3042	-7.761111e+01
3043	-7.521277e+01
3044	-7.021843e+01
3045	-7.314758e+01
3046	-7.251850e+01
3047	-7.219377e+01
3048	-7.864765e+01
3049	-7.122844e+01
3050	-7.566791e+01
3051	-7.187614e+01
3052	-7.398762e+01
3053	-7.457756e+01
3054	-7.302411e+01
3055	-7.316082e+01
3056	-7.595458e+01
3057	-7.470478e+01
3058	-7.156378e+01
3059	-7.501575e+01
3060	-7.219916e+01
3061	-7.372549e+01
3062	-7.356074e+01
3063	-7.561010e+01
3064	-7.243865e+01
3065	-7.217403e+01
3066	-7.765871e+01
3067	-7.072802e+01
3068	-7.307970e+01
3069	-7.646994e+01
3070	-7.210433e+01
3071	-7.385749e+01
3072	-7.337231e+01
3073	-7.473916e+01
3074	-7.232385e+01
3075	-7.417598e+01
3076	-7.126633e+01
3077	-7.136089e+01
3078	-7.352948e+01
3079	-7.160074e+01
3080	-7.246646e+01
3081	-7.377907e+01
3082	-7.538288e+01
3083	-7.295098e+01
3084	-7.193381e+01
3085	-7.497430e+01
3086	-7.407929e+01
3087	-7.576710e+01
3088	-7.504436e+01
3089	-7.192463e+01
3090	-7.373931e+01
3091	-7.402953e+01
3092	-7.163244e+01
3093	-7.390506e+01
3094	-7.517617e+01
3095	-6.913617e+01
3096	-7.198196e+01
3097	-7.555033e+01
3098	-6.947405e+01
3099	-7.457974e+01
3100	-7.327016e+01
3101	-7.437230e+01
3102	-7.276363e+01
3103	-7.350331e+01
3104	-7.215165e+01
3105	-6.827139e+01
3106	-7.175847e+01
3107	-7.573195e+01
3108	-7.733053e+01
3109	-7.278950e+01
3110	-7.383903e+01
3111	-7.667651e+01
3112	-7.056095e+01
3113	-7.189759e+01
3114	-7.451112e+01
3115	-7.039248e+01
3116	-7.358500e+01
3117	-7.088972e+01
3118	-6.969364e+01
3119	-7.245547e+01
3120	-7.077225e+01
3121	-7.428274e+01
3122	-7.106461e+01
3123	-7.612559e+01
3124	-7.090554e+01
3125	-7.482162e+01
3126	-7.901882e+01
3127	-7.455344e+01
3128	-7.262089e+01
3129	-7.538871e+01
3130	-7.490009e+01
3131	-7.760492e+01
3132	-6.901776e+01
3133	-7.284661e+01
3134	-7.158186e+01
3135	-7.086187e+01
3136	-7.190184e+01
3137	-7.123376e+01
3138	-7.165904e+01
3139	-7.236729e+01
3140	-7.761884e+01
3141	-7.441486e+01
3142	-7.415816e+01
3143	-7.501170e+01
3144	-7.252965e+01
3145	-7.536771e+01
3146	-7.077648e+01
3147	-7.175718e+01
3148	-7.349520e+01
3149	-7.250017e+01
3150	-7.265019e+01
3151	-7.377352e+01
3152	-7.098035e+01
3153	-7.063287e+01
3154	-7.541837e+01
3155	-7.334525e+01
3156	-7.358107e+01
3157	-7.458975e+01
3158	-6.933802e+01
3159	-7.510656e+01
3160	-6.980058e+01
3161	-7.112266e+01
3162	-7.534486e+01
3163	-7.196700e+01
3164	-6.832967e+01
3165	-7.596855e+01
3166	-7.281790e+01
3167	-7.699334e+01
3168	-7.319672e+01
3169	-7.192348e+01
3170	-7.316534e+01
3171	-7.232101e+01
3172	-7.178409e+01
3173	-7.299859e+01
3174	-7.149639e+01
3175	-7.577643e+01
3176	-7.154340e+01
3177	-7.237906e+01
3178	-7.498367e+01
3179	-7.531283e+01
3180	-7.387691e+01
3181	-7.591192e+01
3182	-7.360793e+01
3183	-7.329802e+01
3184	-7.075363e+01
3185	-7.058954e+01
3186	-7.331924e+01
3187	-7.381773e+01
3188	-7.479206e+01
3189	-7.221500e+01
3190	-7.511051e+01
3191	-7.706020e+01
3192	-7.456177e+01
3193	-6.904046e+01
3194	-7.389621e+01
3195	-7.388417e+01
3196	-7.592157e+01
3197	-7.103859e+01
3198	-7.236756e+01
3199	-7.550972e+01
3200	-7.242637e+01
3201	-7.242123e+01
3202	-7.604918e+01
3203	-7.605204e+01
3204	-7.530758e+01
3205	-7.134934e+01
3206	-7.523301e+01
3207	-7.116858e+01
3208	-7.105954e+01
3209	-7.342981e+01
3210	-7.429315e+01
3211	-7.176465e+01
3212	-7.161446e+01
3213	-7.362344e+01
3214	-7.466903e+01
3215	-7.116709e+01
3216	-7.188957e+01
3217	-7.284778e+01
3218	-7.362840e+01
3219	-7.573766e+01
3220	-7.409690e+01
3221	-7.333732e+01
3222	-7.312656e+01
3223	-7.570263e+01
3224	-7.210318e+01
3225	-7.227588e+01
3226	-7.543215e+01
3227	-6.990154e+01
3228	-7.460546e+01
3229	-7.070449e+01
3230	-7.074068e+01
3231	-7.501736e+01
3232	-7.820443e+01
3233	-7.641644e+01
3234	-7.350566e+01
3235	-7.402013e+01
3236	-7.401385e+01
3237	-7.375025e+01
3238	-7.171447e+01
3239	-7.263148e+01
3240	-7.265664e+01
3241	-6.905953e+01
3242	-7.173386e+01
3243	-6.997194e+01
3244	-7.278300e+01
3245	-7.469987e+01
3246	-7.192908e+01
3247	-7.278819e+01
3248	-7.318376e+01
3249	-7.541511e+01
3250	-7.471529e+01
3251	-7.212237e+01
3252	-7.217554e+01
3253	-6.951644e+01
3254	-6.988215e+01
3255	-7.333377e+01
3256	-7.392590e+01
3257	-7.220784e+01
3258	-7.297927e+01
3259	-7.425596e+01
3260	-7.360528e+01
3261	-7.321921e+01
3262	-7.123819e+01
3263	-7.179256e+01
3264	-7.127854e+01
3265	-7.233339e+01
3266	-7.315207e+01
3267	-6.983314e+01
3268	-7.295113e+01
3269	-7.282882e+01
3270	-7.222492e+01
3271	-7.312358e+01
3272	-7.642042e+01
3273	-7.353362e+01
3274	-7.425567e+01
3275	-7.445222e+01
3276	-7.221812e+01
3277	-7.599551e+01
3278	-7.304708e+01
3279	-6.990756e+01
3280	-7.336656e+01
3281	-7.005051e+01
3282	-7.352229e+01
3283	-7.381937e+01
3284	-7.220231e+01
3285	-7.179190e+01
3286	-7.192221e+01
3287	-7.067276e+01
3288	-7.108941e+01
3289	-7.240804e+01
3290	-7.638651e+01
3291	-7.384681e+01
3292	-7.638477e+01
3293	-7.314477e+01
3294	-7.178212e+01
3295	-7.329016e+01
3296	-7.078469e+01
3297	-7.463315e+01
3298	-7.208841e+01
3299	-7.136188e+01
3300	-7.478511e+01
3301	-7.635380e+01
3302	-7.534711e+01
3303	-7.291956e+01
3304	-7.585254e+01
3305	-7.041121e+01
3306	-7.474548e+01
3307	-7.525032e+01
3308	-7.129122e+01
3309	-7.464557e+01
3310	-7.349042e+01
3311	-7.051460e+01
3312	-7.480751e+01
3313	-6.879950e+01
3314	-7.433858e+01
3315	-7.301100e+01
3316	-7.000204e+01
3317	-7.543007e+01
3318	-7.924532e+01
3319	-7.352030e+01
3320	-8.094647e+01
3321	-7.423826e+01
3322	-7.257981e+01
3323	-7.247225e+01
3324	-7.151075e+01
3325	-7.237007e+01
3326	-7.396785e+01
3327	-7.034672e+01
3328	-7.299620e+01
3329	-7.022204e+01
3330	-7.287532e+01
3331	-7.503237e+01
3332	-7.203096e+01
3333	-7.236632e+01
3334	-7.403397e+01
3335	-7.230766e+01
3336	-7.028092e+01
3337	-7.563172e+01
3338	-7.220211e+01
3339	-7.306477e+01
3340	-7.365205e+01
3341	-6.974652e+01
3342	-7.000550e+01
3343	-7.528732e+01
3344	-7.191367e+01
3345	-7.746075e+01
3346	-7.230507e+01
3347	-7.332833e+01
3348	-7.423831e+01
3349	-7.547174e+01
3350	-7.193044e+01
3351	-7.129031e+01
3352	-7.362638e+01
3353	-7.477232e+01
3354	-7.603902e+01
3355	-7.468427e+01
3356	-7.462709e+01
3357	-7.153252e+01
3358	-7.507344e+01
3359	-7.508075e+01
3360	-7.189370e+01
3361	-7.352346e+01
3362	-7.363321e+01
3363	-7.301248e+01
3364	-7.554542e+01
3365	-7.151681e+01
3366	-7.392300e+01
3367	-7.342571e+01
3368	-7.702804e+01
3369	-7.267910e+01
3370	-7.623644e+01
3371	-7.137465e+01
3372	-7.603870e+01
3373	-7.680002e+01
3374	-7.564456e+01
3375	-7.381456e+01
3376	-7.518016e+01
3377	-7.108760e+01
3378	-7.377658e+01
3379	-7.440495e+01
3380	-7.830427e+01
3381	-7.516519e+01
3382	-7.372236e+01
3383	-7.544130e+01
3384	-7.275312e+01
3385	-7.217765e+01
3386	-7.383024e+01
3387	-7.612603e+01
3388	-7.114803e+01
3389	-6.962042e+01
3390	-7.368514e+01
3391	-7.146253e+01
3392	-7.497309e+01
3393	-7.543454e+01
3394	-7.536237e+01
3395	-7.366608e+01
3396	-7.231402e+01
3397	-7.523684e+01
3398	-7.381845e+01
3399	-7.258430e+01
3400	-6.860540e+01
3401	-7.496443e+01
3402	-7.701001e+01
3403	-7.380571e+01
3404	-7.040678e+01
3405	-7.439317e+01
3406	-7.478214e+01
3407	-7.261559e+01
3408	-7.523494e+01
3409	-6.759422e+01
3410	-7.250611e+01
3411	-7.400772e+01
3412	-7.381950e+01
3413	-7.440956e+01
3414	-7.202087e+01
3415	-7.475300e+01
3416	-7.362000e+01
3417	-7.200260e+01
3418	-7.391529e+01
3419	-7.363289e+01
3420	-7.491972e+01
3421	-7.188605e+01
3422	-6.927902e+01
3423	-7.349008e+01
3424	-7.490541e+01
3425	-7.609400e+01
3426	-7.285284e+01
3427	-7.270211e+01
3428	-7.220585e+01
3429	-7.771976e+01
3430	-7.358302e+01
3431	-7.471384e+01
3432	-7.182489e+01
3433	-7.390285e+01
3434	-7.531216e+01
3435	-7.607571e+01
3436	-7.377792e+01
3437	-7.289964e+01
3438	-7.474543e+01
3439	-7.289049e+01
3440	-7.467255e+01
3441	-7.504478e+01
3442	-7.303754e+01
3443	-7.227767e+01
3444	-7.272532e+01
3445	-7.311574e+01
3446	-7.294449e+01
3447	-7.123760e+01
3448	-7.626937e+01
3449	-7.439595e+01
3450	-7.481382e+01
3451	-7.107505e+01
3452	-7.424558e+01
3453	-7.249776e+01
3454	-7.352442e+01
3455	-7.229763e+01
3456	-7.328659e+01
3457	-7.096497e+01
3458	-7.209754e+01
3459	-7.301508e+01
3460	-7.546697e+01
3461	-7.306561e+01
3462	-7.043792e+01
3463	-7.681579e+01
3464	-7.355687e+01
3465	-7.240352e+01
3466	-7.569513e+01
3467	-7.313815e+01
3468	-7.327563e+01
3469	-7.163194e+01
3470	-7.389445e+01
3471	-7.524204e+01
3472	-7.366584e+01
3473	-7.342669e+01
3474	-7.383304e+01
3475	-7.482203e+01
3476	-7.448367e+01
3477	-7.322339e+01
3478	-7.226387e+01
3479	-7.231983e+01
3480	-7.366036e+01
3481	-7.527351e+01
3482	-7.216406e+01
3483	-7.515411e+01
3484	-7.211471e+01
3485	-7.423639e+01
3486	-7.586586e+01
3487	-7.421637e+01
3488	-7.105971e+01
3489	-7.121831e+01
3490	-7.172546e+01
3491	-7.154682e+01
3492	-7.201648e+01
3493	-7.155653e+01
3494	-7.272845e+01
3495	-7.166070e+01
3496	-7.373843e+01
3497	-6.812697e+01
3498	-7.167810e+01
3499	-7.318762e+01
3500	-7.114619e+01
3501	-7.266626e+01
3502	-7.254325e+01
3503	-7.118559e+01
3504	-7.423434e+01
3505	-7.112892e+01
3506	-7.741798e+01
3507	-7.371552e+01
3508	-7.252533e+01
3509	-7.442508e+01
3510	-7.362775e+01
3511	-7.464715e+01
3512	-7.351422e+01
3513	-7.288120e+01
3514	-7.476814e+01
3515	-7.155204e+01
3516	-7.143953e+01
3517	-7.504101e+01
3518	-7.162503e+01
3519	-7.425243e+01
3520	-7.236436e+01
3521	-7.523569e+01
3522	-7.097596e+01
3523	-7.395943e+01
3524	-7.410584e+01
3525	-7.378379e+01
3526	-7.612881e+01
3527	-7.077131e+01
3528	-7.588120e+01
3529	-7.476480e+01
3530	-7.410530e+01
3531	-7.124089e+01
3532	-7.472244e+01
3533	-7.192028e+01
3534	-7.283739e+01
3535	-7.400902e+01
3536	-7.192981e+01
3537	-7.794565e+01
3538	-7.461358e+01
3539	-7.358438e+01
3540	-7.080848e+01
3541	-7.025068e+01
3542	-7.202029e+01
3543	-7.312596e+01
3544	-7.598687e+01
3545	-7.350131e+01
3546	-7.250365e+01
3547	-7.519152e+01
3548	-7.606627e+01
3549	-7.484043e+01
3550	-7.265160e+01
3551	-7.156665e+01
3552	-7.513126e+01
3553	-7.221714e+01
3554	-7.349051e+01
3555	-7.255718e+01
3556	-7.409635e+01
3557	-7.085511e+01
3558	-7.405527e+01
3559	-7.137553e+01
3560	-7.347855e+01
3561	-7.296365e+01
3562	-7.447200e+01
3563	-7.959496e+01
3564	-7.498206e+01
3565	-7.582162e+01
3566	-6.947686e+01
3567	-7.216136e+01
3568	-6.889162e+01
3569	-7.184368e+01
3570	-7.295881e+01
3571	-7.340013e+01
3572	-7.425187e+01
3573	-7.100314e+01
3574	-7.116437e+01
3575	-7.515600e+01
3576	-7.553130e+01
3577	-7.349045e+01
3578	-7.284034e+01
3579	-7.086625e+01
3580	-7.362308e+01
3581	-7.493820e+01
3582	-7.325203e+01
3583	-7.059828e+01
3584	-7.246388e+01
3585	-7.069758e+01
3586	-7.187045e+01
3587	-6.820147e+01
3588	-7.741801e+01
3589	-7.628207e+01
3590	-7.210888e+01
3591	-7.290746e+01
3592	-7.271585e+01
3593	-7.235042e+01
3594	-7.658057e+01
3595	-7.232676e+01
3596	-7.009489e+01
3597	-7.020008e+01
3598	-7.335487e+01
3599	-7.466317e+01
3600	-7.218360e+01
3601	-6.992212e+01
3602	-7.255991e+01
3603	-7.163024e+01
3604	-7.158317e+01
3605	-7.548453e+01
3606	-7.641739e+01
3607	-7.510274e+01
3608	-7.187609e+01
3609	-7.317687e+01
3610	-7.328605e+01
3611	-7.078522e+01
3612	-7.278878e+01
3613	-7.387834e+01
3614	-7.466744e+01
3615	-7.130955e+01
3616	-7.231749e+01
3617	-6.986097e+01
3618	-7.145227e+01
3619	-7.158708e+01
3620	-7.203632e+01
3621	-7.305321e+01
3622	-7.213136e+01
3623	-7.335395e+01
3624	-7.272274e+01
3625	-7.440861e+01
3626	-7.153148e+01
3627	-7.646479e+01
3628	-6.970957e+01
3629	-7.465299e+01
3630	-7.152285e+01
3631	-7.623313e+01
3632	-7.471386e+01
3633	-7.143798e+01
3634	-7.525498e+01
3635	-7.281907e+01
3636	-7.366732e+01
3637	-7.219268e+01
3638	-7.597930e+01
3639	-7.426453e+01
3640	-7.374706e+01
3641	-7.517284e+01
3642	-7.190433e+01
3643	-7.282491e+01
3644	-6.976617e+01
3645	-7.575830e+01
3646	-7.188052e+01
3647	-7.175254e+01
3648	-7.142623e+01
3649	-7.047921e+01
3650	-7.243876e+01
3651	-7.515015e+01
3652	-7.582382e+01
3653	-7.367246e+01
3654	-7.114361e+01
3655	-7.308200e+01
3656	-7.747567e+01
3657	-7.450575e+01
3658	-7.251373e+01
3659	-7.091149e+01
3660	-7.562554e+01
3661	-7.372703e+01
3662	-7.262379e+01
3663	-7.393693e+01
3664	-7.345779e+01
3665	-7.316115e+01
3666	-7.322707e+01
3667	-7.148130e+01
3668	-7.003780e+01
3669	-7.695593e+01
3670	-7.320858e+01
3671	-7.264194e+01
3672	-7.153768e+01
3673	-7.108039e+01
3674	-7.130624e+01
3675	-7.169528e+01
3676	-7.262985e+01
3677	-7.597577e+01
3678	-7.296865e+01
3679	-7.412876e+01
3680	-7.483856e+01
3681	-7.198642e+01
3682	-7.489350e+01
3683	-7.379032e+01
3684	-7.065789e+01
3685	-7.266459e+01
3686	-7.329470e+01
3687	-7.316852e+01
3688	-7.161790e+01
3689	-7.342575e+01
3690	-7.442521e+01
3691	-7.323261e+01
3692	-7.663269e+01
3693	-7.417812e+01
3694	-7.194299e+01
3695	-7.570964e+01
3696	-7.002722e+01
3697	-7.212316e+01
3698	-7.170401e+01
3699	-7.427194e+01
3700	-7.707995e+01
3701	-7.302138e+01
3702	-7.525914e+01
3703	-7.388521e+01
3704	-7.211586e+01
3705	-7.687185e+01
3706	-7.277954e+01
3707	-7.392941e+01
3708	-7.133276e+01
3709	-6.885417e+01
3710	-7.136086e+01
3711	-7.785496e+01
3712	-7.441549e+01
3713	-6.929239e+01
3714	-7.635659e+01
3715	-7.173667e+01
3716	-7.551095e+01
3717	-7.447152e+01
3718	-7.095312e+01
3719	-7.102346e+01
3720	-7.345331e+01
3721	-7.434334e+01
3722	-7.235979e+01
3723	-7.267744e+01
3724	-7.127012e+01
3725	-7.588093e+01
3726	-7.422430e+01
3727	-7.384446e+01
3728	-7.383812e+01
3729	-7.604745e+01
3730	-7.186912e+01
3731	-7.112774e+01
3732	-7.108017e+01
3733	-7.427713e+01
3734	-7.130625e+01
3735	-7.216505e+01
3736	-7.335886e+01
3737	-7.444076e+01
3738	-7.234830e+01
3739	-7.239672e+01
3740	-7.279509e+01
3741	-7.320321e+01
3742	-7.731909e+01
3743	-6.972259e+01
3744	-7.042262e+01
3745	-7.196588e+01
3746	-7.417586e+01
3747	-7.540471e+01
3748	-7.561115e+01
3749	-7.263096e+01
3750	-7.126456e+01
3751	-7.544448e+01
3752	-7.318476e+01
3753	-7.636034e+01
3754	-6.946842e+01
3755	-7.388426e+01
3756	-7.308418e+01
3757	-7.204280e+01
3758	-7.081076e+01
3759	-7.156692e+01
3760	-7.570900e+01
3761	-7.310883e+01
3762	-7.475892e+01
3763	-7.330228e+01
3764	-7.933423e+01
3765	-7.490643e+01
3766	-7.385353e+01
3767	-7.344279e+01
3768	-7.384272e+01
3769	-7.235860e+01
3770	-7.543239e+01
3771	-7.082726e+01
3772	-6.999918e+01
3773	-7.339917e+01
3774	-7.055030e+01
3775	-7.489337e+01
3776	-7.461413e+01
3777	-7.264752e+01
3778	-7.349502e+01
3779	-7.331553e+01
3780	-7.203450e+01
3781	-7.615546e+01
3782	-7.185827e+01
3783	-7.581965e+01
3784	-7.164971e+01
3785	-6.870415e+01
3786	-7.400792e+01
3787	-7.542449e+01
3788	-7.614352e+01
3789	-7.563297e+01
3790	-7.119857e+01
3791	-7.516393e+01
3792	-7.105536e+01
3793	-7.388903e+01
3794	-7.211130e+01
3795	-7.115212e+01
3796	-7.377630e+01
3797	-7.536052e+01
3798	-7.266801e+01
3799	-6.946503e+01
3800	-7.575546e+01
3801	-7.068938e+01
3802	-7.517087e+01
3803	-7.138511e+01
3804	-7.562814e+01
3805	-7.596798e+01
3806	-7.524292e+01
3807	-7.053669e+01
3808	-7.410357e+01
3809	-7.099993e+01
3810	-7.207292e+01
3811	-7.278209e+01
3812	-7.319557e+01
3813	-7.012401e+01
3814	-7.266897e+01
3815	-7.316861e+01
3816	-7.283400e+01
3817	-7.241834e+01
3818	-7.292552e+01
3819	-6.872979e+01
3820	-7.658384e+01
3821	-7.020575e+01
3822	-7.524611e+01
3823	-7.420729e+01
3824	-7.354717e+01
3825	-6.983056e+01
3826	-7.529337e+01
3827	-7.423031e+01
3828	-7.558190e+01
3829	-7.571744e+01
3830	-7.064846e+01
3831	-7.541042e+01
3832	-7.173212e+01
3833	-7.315983e+01
3834	-7.422140e+01
3835	-7.297735e+01
3836	-7.139548e+01
3837	-7.386147e+01
3838	-7.103768e+01
3839	-6.831507e+01
3840	-7.364523e+01
3841	-7.293364e+01
3842	-7.255734e+01
3843	-7.244444e+01
3844	-7.411849e+01
3845	-7.443853e+01
3846	-7.474476e+01
3847	-7.376757e+01
3848	-7.623777e+01
3849	-7.348616e+01
3850	-7.119038e+01
3851	-7.304422e+01
3852	-7.371834e+01
3853	-7.555042e+01
3854	-7.155995e+01
3855	-6.992944e+01
3856	-6.994332e+01
3857	-7.340167e+01
3858	-7.253817e+01
3859	-7.450184e+01
3860	-7.437676e+01
3861	-7.192551e+01
3862	-7.405163e+01
3863	-7.141060e+01
3864	-7.671354e+01
3865	-7.151753e+01
3866	-7.139586e+01
3867	-7.234172e+01
3868	-7.617184e+01
3869	-7.366629e+01
3870	-7.616280e+01
3871	-7.039780e+01
3872	-7.270469e+01
3873	-7.014786e+01
3874	-6.988521e+01
3875	-7.279913e+01
3876	-7.374591e+01
3877	-7.393959e+01
3878	-6.988294e+01
3879	-7.302535e+01
3880	-7.407673e+01
3881	-7.662698e+01
3882	-7.116844e+01
3883	-7.359916e+01
3884	-7.445422e+01
3885	-7.382663e+01
3886	-7.367643e+01
3887	-6.944656e+01
3888	-7.018072e+01
3889	-7.201876e+01
3890	-7.396832e+01
3891	-7.520879e+01
3892	-7.475944e+01
3893	-7.171541e+01
3894	-7.355852e+01
3895	-7.509225e+01
3896	-7.392652e+01
3897	-7.908146e+01
3898	-7.281237e+01
3899	-7.317750e+01
3900	-7.330078e+01
3901	-7.185660e+01
3902	-6.960100e+01
3903	-7.267675e+01
3904	-6.992784e+01
3905	-7.382054e+01
3906	-7.419556e+01
3907	-7.373241e+01
3908	-7.358511e+01
3909	-7.436266e+01
3910	-6.971781e+01
3911	-7.108826e+01
3912	-7.211965e+01
3913	-7.072300e+01
3914	-7.265589e+01
3915	-7.426569e+01
3916	-7.335573e+01
3917	-7.244181e+01
3918	-7.184394e+01
3919	-7.366353e+01
3920	-7.146404e+01
3921	-7.392981e+01
3922	-7.192812e+01
3923	-7.382119e+01
3924	-7.315077e+01
3925	-7.569999e+01
3926	-7.150237e+01
3927	-7.316832e+01
3928	-7.065624e+01
3929	-7.150398e+01
3930	-7.319144e+01
3931	-7.357364e+01
3932	-7.406754e+01
3933	-7.447742e+01
3934	-7.197141e+01
3935	-7.297098e+01
3936	-7.911437e+01
3937	-7.512503e+01
3938	-7.249398e+01
3939	-7.289753e+01
3940	-7.588991e+01
3941	-7.642327e+01
3942	-6.958431e+01
3943	-7.352563e+01
3944	-7.358049e+01
3945	-7.524031e+01
3946	-7.607777e+01
3947	-7.433282e+01
3948	-7.243811e+01
3949	-7.107566e+01
3950	-7.279157e+01
3951	-7.330638e+01
3952	-7.256973e+01
3953	-7.228780e+01
3954	-7.246597e+01
3955	-7.748360e+01
3956	-7.340038e+01
3957	-7.441828e+01
3958	-7.462023e+01
3959	-7.362408e+01
3960	-7.241377e+01
3961	-7.237201e+01
3962	-7.250934e+01
3963	-7.292266e+01
3964	-7.217826e+01
3965	-7.057025e+01
3966	-7.370846e+01
3967	-7.484295e+01
3968	-7.274954e+01
3969	-7.195370e+01
3970	-7.776502e+01
3971	-7.281238e+01
3972	-7.549886e+01
3973	-7.433295e+01
3974	-6.884140e+01
3975	-7.537504e+01
3976	-7.437522e+01
3977	-7.478013e+01
3978	-7.227699e+01
3979	-6.994149e+01
3980	-7.365476e+01
3981	-7.175238e+01
3982	-7.450494e+01
3983	-7.421983e+01
3984	-7.233936e+01
3985	-7.483443e+01
3986	-7.144404e+01
3987	-7.694340e+01
3988	-7.560787e+01
3989	-7.216468e+01
3990	-7.020103e+01
3991	-7.495301e+01
3992	-7.379292e+01
3993	-7.485642e+01
3994	-7.137969e+01
3995	-7.201968e+01
3996	-7.064772e+01
3997	-7.146891e+01
3998	-7.362473e+01
3999	-7.394437e+01
4000	-7.037110e+01
4001	-7.408263e+01
4002	-7.253809e+01
4003	-7.634711e+01
4004	-7.393008e+01
4005	-7.403369e+01
4006	-7.194133e+01
4007	-7.099380e+01
4008	-7.322829e+01
4009	-7.312580e+01
4010	-7.483257e+01
4011	-7.308011e+01
4012	-7.347233e+01
4013	-7.526987e+01
4014	-7.337292e+01
4015	-7.519800e+01
4016	-7.478603e+01
4017	-7.380372e+01
4018	-7.434140e+01
4019	-7.363582e+01
4020	-7.105352e+01
4021	-7.462363e+01
4022	-7.123536e+01
4023	-7.188700e+01
4024	-7.514743e+01
4025	-7.563368e+01
4026	-7.615206e+01
4027	-7.317285e+01
4028	-7.379069e+01
4029	-7.269046e+01
4030	-7.067304e+01
4031	-7.558205e+01
4032	-7.261912e+01
4033	-7.177298e+01
4034	-7.306710e+01
4035	-7.095261e+01
4036	-6.991894e+01
4037	-7.513482e+01
4038	-7.225379e+01
4039	-7.332941e+01
4040	-7.198162e+01
4041	-7.269472e+01
4042	-7.484494e+01
4043	-7.250613e+01
4044	-7.297714e+01
4045	-7.268865e+01
4046	-7.412905e+01
4047	-7.553081e+01
4048	-7.284502e+01
4049	-7.712267e+01
4050	-7.344348e+01
4051	-7.597298e+01
4052	-7.163705e+01
4053	-6.920274e+01
4054	-7.264202e+01
4055	-7.585395e+01
4056	-7.376838e+01
4057	-7.640680e+01
4058	-7.214800e+01
4059	-7.376729e+01
4060	-7.137566e+01
4061	-7.548578e+01
4062	-7.456235e+01
4063	-7.192343e+01
4064	-7.538984e+01
4065	-7.382495e+01
4066	-7.190595e+01
4067	-7.547074e+01
4068	-7.530846e+01
4069	-7.299923e+01
4070	-6.853505e+01
4071	-7.237345e+01
4072	-7.393790e+01
4073	-7.552931e+01
4074	-7.120567e+01
4075	-7.398602e+01
4076	-7.610913e+01
4077	-7.155739e+01
4078	-7.571436e+01
4079	-7.066310e+01
4080	-7.842007e+01
4081	-7.280070e+01
4082	-7.289876e+01
4083	-7.024528e+01
4084	-6.906499e+01
4085	-7.372634e+01
4086	-7.198344e+01
4087	-7.380305e+01
4088	-7.381168e+01
4089	-7.045551e+01
4090	-7.421673e+01
4091	-7.245817e+01
4092	-7.160288e+01
4093	-7.292138e+01
4094	-7.668359e+01
4095	-7.422354e+01
4096	-7.538814e+01
4097	-7.492419e+01
4098	-7.149848e+01
4099	-7.346300e+01
4100	-7.322518e+01
4101	-7.085494e+01
4102	-6.899159e+01
4103	-7.253663e+01
4104	-7.306537e+01
4105	-7.488768e+01
4106	-7.237489e+01
4107	-7.439032e+01
4108	-7.430425e+01
4109	-7.421954e+01
4110	-7.880200e+01
4111	-7.335902e+01
4112	-7.160017e+01
4113	-7.491143e+01
4114	-7.301909e+01
4115	-7.227401e+01
4116	-7.392782e+01
4117	-7.261092e+01
4118	-7.162230e+01
4119	-7.432923e+01
4120	-7.386512e+01
4121	-7.340574e+01
4122	-7.440939e+01
4123	-7.210883e+01
4124	-7.354236e+01
4125	-7.083471e+01
4126	-7.666423e+01
4127	-7.277390e+01
4128	-7.295992e+01
4129	-7.387291e+01
4130	-7.469002e+01
4131	-7.334714e+01
4132	-7.349514e+01
4133	-7.374707e+01
4134	-7.359745e+01
4135	-7.350391e+01
4136	-7.348431e+01
4137	-7.419941e+01
4138	-7.461968e+01
4139	-7.609202e+01
4140	-7.242951e+01
4141	-7.379498e+01
4142	-7.675250e+01
4143	-7.522758e+01
4144	-7.248175e+01
4145	-7.497441e+01
4146	-7.490243e+01
4147	-7.067368e+01
4148	-7.392134e+01
4149	-7.617453e+01
4150	-7.286260e+01
4151	-7.375204e+01
4152	-7.462741e+01
4153	-7.370119e+01
4154	-7.527171e+01
4155	-7.528720e+01
4156	-7.267723e+01
4157	-7.622775e+01
4158	-7.420622e+01
4159	-7.363001e+01
4160	-7.203642e+01
4161	-7.145350e+01
4162	-7.045514e+01
4163	-7.505310e+01
4164	-7.497463e+01
4165	-7.273657e+01
4166	-7.201437e+01
4167	-7.394518e+01
4168	-7.204312e+01
4169	-7.251487e+01
4170	-7.539216e+01
4171	-7.219479e+01
4172	-7.549417e+01
4173	-7.422883e+01
4174	-7.350494e+01
4175	-7.337252e+01
4176	-6.958735e+01
4177	-7.633512e+01
4178	-7.184367e+01
4179	-7.443624e+01
4180	-7.364880e+01
4181	-7.651838e+01
4182	-7.449105e+01
4183	-7.429462e+01
4184	-7.525778e+01
4185	-7.276547e+01
4186	-7.250823e+01
4187	-7.037179e+01
4188	-7.473720e+01
4189	-7.347145e+01
4190	-7.565818e+01
4191	-7.602539e+01
4192	-7.261769e+01
4193	-7.357469e+01
4194	-7.351789e+01
4195	-7.551511e+01
4196	-7.116547e+01
4197	-7.119682e+01
4198	-7.473002e+01
4199	-7.178570e+01
4200	-7.424594e+01
4201	-7.043609e+01
4202	-7.598424e+01
4203	-7.369794e+01
4204	-7.122204e+01
4205	-7.190591e+01
4206	-7.474586e+01
4207	-7.409087e+01
4208	-7.117900e+01
4209	-7.453802e+01
4210	-7.554015e+01
4211	-7.465625e+01
4212	-7.309110e+01
4213	-7.141501e+01
4214	-7.212264e+01
4215	-7.229313e+01
4216	-7.093882e+01
4217	-7.364098e+01
4218	-7.306308e+01
4219	-7.674075e+01
4220	-7.158663e+01
4221	-7.274529e+01
4222	-7.441482e+01
4223	-6.935577e+01
4224	-7.061023e+01
4225	-7.414241e+01
4226	-7.335047e+01
4227	-7.539211e+01
4228	-7.155437e+01
4229	-7.178252e+01
4230	-7.775910e+01
4231	-7.134373e+01
4232	-7.712034e+01
4233	-7.389466e+01
4234	-7.272241e+01
4235	-7.786935e+01
4236	-7.099578e+01
4237	-7.808661e+01
4238	-7.104445e+01
4239	-7.297643e+01
4240	-7.360583e+01
4241	-7.103861e+01
4242	-7.535430e+01
4243	-7.300517e+01
4244	-7.249375e+01
4245	-7.235659e+01
4246	-7.421621e+01
4247	-7.031375e+01
4248	-7.330092e+01
4249	-7.154813e+01
4250	-7.010382e+01
4251	-7.294003e+01
4252	-7.257302e+01
4253	-7.138603e+01
4254	-7.295793e+01
4255	-7.298841e+01
4256	-7.039994e+01
4257	-7.372602e+01
4258	-7.115109e+01
4259	-7.284000e+01
4260	-7.250786e+01
4261	-7.348429e+01
4262	-7.156687e+01
4263	-7.419173e+01
4264	-7.164200e+01
4265	-7.338409e+01
4266	-7.298134e+01
4267	-7.414642e+01
4268	-6.993433e+01
4269	-7.141425e+01
4270	-7.112811e+01
4271	-7.201370e+01
4272	-7.352746e+01
4273	-7.461971e+01
4274	-7.341134e+01
4275	-7.018006e+01
4276	-7.100104e+01
4277	-7.211757e+01
4278	-7.250942e+01
4279	-7.550686e+01
4280	-7.376370e+01
4281	-7.172477e+01
4282	-7.264107e+01
4283	-7.110561e+01
4284	-7.411289e+01
4285	-6.909486e+01
4286	-7.478329e+01
4287	-7.237532e+01
4288	-7.364377e+01
4289	-7.343283e+01
4290	-7.422044e+01
4291	-7.456752e+01
4292	-6.822242e+01
4293	-7.721601e+01
4294	-7.444658e+01
4295	-7.136702e+01
4296	-7.120397e+01
4297	-7.192160e+01
4298	-7.261227e+01
4299	-7.267565e+01
4300	-7.291286e+01
4301	-7.657912e+01
4302	-7.646701e+01
4303	-7.353906e+01
4304	-7.195127e+01
4305	-7.420133e+01
4306	-7.392647e+01
4307	-7.450651e+01
4308	-7.576924e+01
4309	-7.393937e+01
4310	-7.285869e+01
4311	-7.663324e+01
4312	-7.058432e+01
4313	-7.708450e+01
4314	-7.235602e+01
4315	-7.264438e+01
4316	-7.169673e+01
4317	-7.521157e+01
4318	-7.254529e+01
4319	-7.504749e+01
4320	-7.593601e+01
4321	-7.143377e+01
4322	-7.209216e+01
4323	-7.102239e+01
4324	-7.208211e+01
4325	-7.252430e+01
4326	-7.350748e+01
4327	-7.143570e+01
4328	-7.303633e+01
4329	-7.195842e+01
4330	-7.226034e+01
4331	-7.220586e+01
4332	-7.589714e+01
4333	-7.510953e+01
4334	-7.207082e+01
4335	-7.236948e+01
4336	-6.800493e+01
4337	-7.492748e+01
4338	-7.194360e+01
4339	-7.638973e+01
4340	-7.039421e+01
4341	-7.076631e+01
4342	-7.196207e+01
4343	-7.590915e+01
4344	-7.821018e+01
4345	-7.022952e+01
4346	-7.174072e+01
4347	-7.146350e+01
4348	-7.639995e+01
4349	-7.248164e+01
4350	-7.501577e+01
4351	-7.170145e+01
4352	-6.921441e+01
4353	-7.224374e+01
4354	-7.453116e+01
4355	-7.402020e+01
4356	-7.497869e+01
4357	-7.412087e+01
4358	-7.461837e+01
4359	-7.554537e+01
4360	-7.399438e+01
4361	-7.141016e+01
4362	-7.388022e+01
4363	-7.115846e+01
4364	-7.395341e+01
4365	-7.097984e+01
4366	-7.027998e+01
4367	-7.453139e+01
4368	-7.260031e+01
4369	-7.221054e+01
4370	-7.269693e+01
4371	-7.360879e+01
4372	-7.381773e+01
4373	-7.422714e+01
4374	-7.168641e+01
4375	-7.278654e+01
4376	-7.641794e+01
4377	-7.145590e+01
4378	-7.239087e+01
4379	-7.327314e+01
4380	-7.284658e+01
4381	-7.034710e+01
4382	-7.550643e+01
4383	-7.377980e+01
4384	-7.454281e+01
4385	-7.706690e+01
4386	-7.308242e+01
4387	-7.438755e+01
4388	-7.290133e+01
4389	-7.310854e+01
4390	-7.357285e+01
4391	-7.334078e+01
4392	-7.179520e+01
4393	-7.474161e+01
4394	-7.356879e+01
4395	-7.489894e+01
4396	-7.174451e+01
4397	-7.215307e+01
4398	-7.063117e+01
4399	-6.871419e+01
4400	-7.264505e+01
4401	-7.235749e+01
4402	-7.233398e+01
4403	-7.408294e+01
4404	-7.204384e+01
4405	-7.198373e+01
4406	-6.982824e+01
4407	-7.216267e+01
4408	-7.506305e+01
4409	-7.049253e+01
4410	-7.413405e+01
4411	-7.599782e+01
4412	-7.057404e+01
4413	-7.526327e+01
4414	-7.395055e+01
4415	-7.493039e+01
4416	-7.123048e+01
4417	-7.739423e+01
4418	-7.127605e+01
4419	-7.107201e+01
4420	-7.272317e+01
4421	-7.703260e+01
4422	-7.357507e+01
4423	-7.230095e+01
4424	-7.853662e+01
4425	-7.356159e+01
4426	-7.066288e+01
4427	-7.140906e+01
4428	-7.310261e+01
4429	-6.797662e+01
4430	-7.573553e+01
4431	-7.044765e+01
4432	-7.260195e+01
4433	-7.137598e+01
4434	-7.350138e+01
4435	-7.473519e+01
4436	-7.257110e+01
4437	-7.109550e+01
4438	-7.564221e+01
4439	-7.454735e+01
4440	-6.960258e+01
4441	-7.589531e+01
4442	-7.041127e+01
4443	-7.440420e+01
4444	-7.265653e+01
4445	-7.565321e+01
4446	-7.435399e+01
4447	-7.339010e+01
4448	-7.450316e+01
4449	-7.301355e+01
4450	-7.174907e+01
4451	-7.410872e+01
4452	-7.319401e+01
4453	-7.333283e+01
4454	-7.550480e+01
4455	-7.335710e+01
4456	-7.463884e+01
4457	-7.474575e+01
4458	-7.189006e+01
4459	-7.176438e+01
4460	-7.288071e+01
4461	-7.409621e+01
4462	-7.578092e+01
4463	-7.195436e+01
4464	-7.411963e+01
4465	-7.400931e+01
4466	-7.109871e+01
4467	-7.380213e+01
4468	-7.258852e+01
4469	-7.241936e+01
4470	-7.294339e+01
4471	-6.820315e+01
4472	-7.108732e+01
4473	-7.129930e+01
4474	-7.323256e+01
4475	-7.127214e+01
4476	-7.196367e+01
4477	-7.145290e+01
4478	-7.143249e+01
4479	-7.405161e+01
4480	-7.358473e+01
4481	-7.389501e+01
4482	-7.236021e+01
4483	-7.581107e+01
4484	-7.387886e+01
4485	-7.053373e+01
4486	-7.191384e+01
4487	-7.514093e+01
4488	-7.542140e+01
4489	-6.975568e+01
4490	-7.532140e+01
4491	-7.233922e+01
4492	-7.446082e+01
4493	-7.263471e+01
4494	-7.140777e+01
4495	-7.374694e+01
4496	-7.264100e+01
4497	-7.640061e+01
4498	-7.502393e+01
4499	-7.563860e+01
4500	-6.963723e+01
4501	-7.682702e+01
4502	-7.653902e+01
4503	-7.327187e+01
4504	-6.954335e+01
4505	-7.172905e+01
4506	-7.223948e+01
4507	-7.395373e+01
4508	-7.271642e+01
4509	-7.487768e+01
4510	-7.693031e+01
4511	-7.213805e+01
4512	-7.577021e+01
4513	-7.108602e+01
4514	-7.429682e+01
4515	-7.323980e+01
4516	-7.227610e+01
4517	-7.503856e+01
4518	-7.465926e+01
4519	-7.618634e+01
4520	-7.533728e+01
4521	-7.515488e+01
4522	-7.577261e+01
4523	-6.845394e+01
4524	-7.460238e+01
4525	-7.490926e+01
4526	-7.117485e+01
4527	-7.574098e+01
4528	-7.443693e+01
4529	-7.123698e+01
4530	-7.247464e+01
4531	-7.438648e+01
4532	-7.270060e+01
4533	-7.448440e+01
4534	-6.807311e+01
4535	-7.545214e+01
4536	-7.029849e+01
4537	-6.922890e+01
4538	-7.465656e+01
4539	-7.321706e+01
4540	-7.475741e+01
4541	-7.390023e+01
4542	-7.203062e+01
4543	-7.524283e+01
4544	-7.238316e+01
4545	-7.108322e+01
4546	-7.298527e+01
4547	-7.343056e+01
4548	-7.355056e+01
4549	-7.372809e+01
4550	-7.409949e+01
4551	-7.363220e+01
4552	-7.442559e+01
4553	-7.258563e+01
4554	-7.385856e+01
4555	-7.269739e+01
4556	-7.071723e+01
4557	-7.104938e+01
4558	-7.109449e+01
4559	-7.190673e+01
4560	-7.499186e+01
4561	-7.435304e+01
4562	-7.040825e+01
4563	-7.444370e+01
4564	-7.220503e+01
4565	-7.463158e+01
4566	-7.392799e+01
4567	-7.405672e+01
4568	-7.568916e+01
4569	-6.943841e+01
4570	-7.232826e+01
4571	-7.006385e+01
4572	-7.630266e+01
4573	-7.437496e+01
4574	-7.602788e+01
4575	-7.078796e+01
4576	-7.115291e+01
4577	-7.413131e+01
4578	-7.245674e+01
4579	-7.506571e+01
4580	-7.184703e+01
4581	-7.159557e+01
4582	-7.418989e+01
4583	-7.341943e+01
4584	-7.118244e+01
4585	-7.020466e+01
4586	-7.050423e+01
4587	-7.563756e+01
4588	-7.468175e+01
4589	-7.643025e+01
4590	-7.545790e+01
4591	-7.541826e+01
4592	-7.400238e+01
4593	-7.073021e+01
4594	-7.309996e+01
4595	-7.235557e+01
4596	-6.979588e+01
4597	-7.108030e+01
4598	-7.249585e+01
4599	-7.103618e+01
4600	-7.279859e+01
4601	-7.202326e+01
4602	-7.390379e+01
4603	-7.287985e+01
4604	-7.469257e+01
4605	-7.955868e+01
4606	-7.065299e+01
4607	-7.119617e+01
4608	-7.758913e+01
4609	-6.954931e+01
4610	-7.251086e+01
4611	-7.319771e+01
4612	-7.378008e+01
4613	-7.161155e+01
4614	-7.457204e+01
4615	-7.097319e+01
4616	-6.998397e+01
4617	-7.215267e+01
4618	-7.193183e+01
4619	-7.307663e+01
4620	-7.208366e+01
4621	-7.248561e+01
4622	-7.342760e+01
4623	-7.386013e+01
4624	-7.463622e+01
4625	-7.442830e+01
4626	-6.807147e+01
4627	-7.452206e+01
4628	-7.404423e+01
4629	-7.589072e+01
4630	-7.296193e+01
4631	-7.293081e+01
4632	-7.216102e+01
4633	-7.302231e+01
4634	-7.621196e+01
4635	-7.085362e+01
4636	-7.015069e+01
4637	-7.147756e+01
4638	-7.152866e+01
4639	-7.435098e+01
4640	-7.684975e+01
4641	-7.143552e+01
4642	-7.387455e+01
4643	-7.638620e+01
4644	-7.443271e+01
4645	-7.418070e+01
4646	-7.269447e+01
4647	-7.319143e+01
4648	-7.183173e+01
4649	-7.534008e+01
4650	-7.458398e+01
4651	-7.772971e+01
4652	-7.659564e+01
4653	-7.358674e+01
4654	-7.491079e+01
4655	-7.009520e+01
4656	-7.045370e+01
4657	-7.097192e+01
4658	-7.223463e+01
4659	-7.141589e+01
4660	-7.538561e+01
4661	-7.623056e+01
4662	-7.305777e+01
4663	-7.285785e+01
4664	-7.112128e+01
4665	-7.287894e+01
4666	-7.326600e+01
4667	-7.507478e+01
4668	-7.232481e+01
4669	-7.032394e+01
4670	-7.577334e+01
4671	-7.278664e+01
4672	-7.205512e+01
4673	-7.488496e+01
4674	-6.674324e+01
4675	-7.594187e+01
4676	-7.245815e+01
4677	-7.280528e+01
4678	-7.418522e+01
4679	-7.243141e+01
4680	-7.177892e+01
4681	-6.882981e+01
4682	-7.467786e+01
4683	-7.080997e+01
4684	-7.058967e+01
4685	-6.745318e+01
4686	-7.174448e+01
4687	-7.528191e+01
4688	-7.259143e+01
4689	-7.152865e+01
4690	-7.628400e+01
4691	-7.162989e+01
4692	-7.100138e+01
4693	-7.421821e+01
4694	-7.085682e+01
4695	-7.521435e+01
4696	-7.124269e+01
4697	-7.440129e+01
4698	-7.232567e+01
4699	-7.272452e+01
4700	-7.232099e+01
4701	-7.451009e+01
4702	-7.038764e+01
4703	-7.161654e+01
4704	-7.173305e+01
4705	-7.162512e+01
4706	-7.435099e+01
4707	-7.390453e+01
4708	-7.133282e+01
4709	-7.614490e+01
4710	-7.315212e+01
4711	-7.522724e+01
4712	-6.884856e+01
4713	-7.460122e+01
4714	-7.603915e+01
4715	-7.464840e+01
4716	-7.456179e+01
4717	-7.216910e+01
4718	-7.236846e+01
4719	-7.914479e+01
4720	-7.490036e+01
4721	-7.434961e+01
4722	-7.106232e+01
4723	-7.336178e+01
4724	-7.159897e+01
4725	-7.535443e+01
4726	-7.149532e+01
4727	-7.228295e+01
4728	-7.165058e+01
4729	-7.340673e+01
4730	-7.470010e+01
4731	-7.031122e+01
4732	-7.426557e+01
4733	-7.027412e+01
4734	-7.504229e+01
4735	-7.177735e+01
4736	-7.071645e+01
4737	-7.377082e+01
4738	-7.916149e+01
4739	-7.608689e+01
4740	-7.328674e+01
4741	-7.435073e+01
4742	-7.620543e+01
4743	-7.626181e+01
4744	-7.442684e+01
4745	-6.977087e+01
4746	-7.434055e+01
4747	-7.349232e+01
4748	-7.223618e+01
4749	-7.599955e+01
4750	-7.204619e+01
4751	-6.898294e+01
4752	-7.218455e+01
4753	-7.191930e+01
4754	-7.334160e+01
4755	-7.449950e+01
4756	-7.529969e+01
4757	-7.519631e+01
4758	-7.218672e+01
4759	-7.603669e+01
4760	-6.917259e+01
4761	-7.578251e+01
4762	-7.056711e+01
4763	-7.275876e+01
4764	-6.985900e+01
4765	-7.332610e+01
4766	-7.597127e+01
4767	-7.159272e+01
4768	-7.026095e+01
4769	-7.227187e+01
4770	-7.052658e+01
4771	-7.354351e+01
4772	-7.446729e+01
4773	-7.300066e+01
4774	-7.167842e+01
4775	-7.268503e+01
4776	-7.392184e+01
4777	-7.291564e+01
4778	-7.124779e+01
4779	-7.507433e+01
4780	-7.076521e+01
4781	-7.328171e+01
4782	-7.511375e+01
4783	-7.432695e+01
4784	-7.205702e+01
4785	-7.547215e+01
4786	-7.177917e+01
4787	-7.291275e+01
4788	-7.648600e+01
4789	-7.415957e+01
4790	-7.089728e+01
4791	-7.381061e+01
4792	-7.624051e+01
4793	-7.484630e+01
4794	-7.122163e+01
4795	-7.964639e+01
4796	-6.961859e+01
4797	-7.329628e+01
4798	-7.542418e+01
4799	-7.386527e+01
4800	-7.005940e+01
4801	-7.132175e+01
4802	-7.010233e+01
4803	-7.214430e+01
4804	-7.453242e+01
4805	-7.387977e+01
4806	-7.900994e+01
4807	-7.295115e+01
4808	-7.126836e+01
4809	-7.264915e+01
4810	-7.555108e+01
4811	-7.464441e+01
4812	-7.000218e+01
4813	-6.932827e+01
4814	-7.248271e+01
4815	-7.411080e+01
4816	-7.589984e+01
4817	-7.393977e+01
4818	-7.245718e+01
4819	-7.494513e+01
4820	-7.082405e+01
4821	-7.489731e+01
4822	-7.231659e+01
4823	-7.276085e+01
4824	-7.027141e+01
4825	-6.952836e+01
4826	-7.308370e+01
4827	-7.672762e+01
4828	-7.346985e+01
4829	-7.366136e+01
4830	-7.455446e+01
4831	-7.411478e+01
4832	-7.320169e+01
4833	-7.969327e+01
4834	-7.571904e+01
4835	-7.254456e+01
4836	-7.445622e+01
4837	-7.341107e+01
4838	-7.219040e+01
4839	-7.069357e+01
4840	-7.161376e+01
4841	-7.103986e+01
4842	-7.047438e+01
4843	-7.192044e+01
4844	-7.558748e+01
4845	-7.310249e+01
4846	-7.469165e+01
4847	-7.162660e+01
4848	-7.320089e+01
4849	-6.948006e+01
4850	-7.550717e+01
4851	-7.239735e+01
4852	-6.932898e+01
4853	-7.547588e+01
4854	-7.718676e+01
4855	-6.996961e+01
4856	-7.473140e+01
4857	-7.439446e+01
4858	-7.217161e+01
4859	-7.493623e+01
4860	-7.238909e+01
4861	-7.479511e+01
4862	-7.053013e+01
4863	-7.379440e+01
4864	-6.787276e+01
4865	-7.013220e+01
4866	-7.123804e+01
4867	-7.238925e+01
4868	-7.199527e+01
4869	-7.252389e+01
4870	-7.252220e+01
4871	-7.349946e+01
4872	-7.406127e+01
4873	-7.265313e+01
4874	-7.419226e+01
4875	-7.382391e+01
4876	-7.196473e+01
4877	-7.303580e+01
4878	-7.262368e+01
4879	-7.210897e+01
4880	-7.251683e+01
4881	-7.250585e+01
4882	-7.622324e+01
4883	-7.085287e+01
4884	-7.494714e+01
4885	-7.086919e+01
4886	-7.334407e+01
4887	-7.532624e+01
4888	-7.211254e+01
4889	-7.439287e+01
4890	-7.374473e+01
4891	-7.212236e+01
4892	-7.373337e+01
4893	-7.396272e+01
4894	-7.268572e+01
4895	-7.536105e+01
4896	-7.390744e+01
4897	-7.593602e+01
4898	-7.419422e+01
4899	-7.253651e+01
4900	-7.103070e+01
4901	-7.325424e+01
4902	-7.083375e+01
4903	-7.338550e+01
4904	-7.366908e+01
4905	-7.117920e+01
4906	-7.359475e+01
4907	-7.288400e+01
4908	-7.345726e+01
4909	-7.446400e+01
4910	-7.378170e+01
4911	-7.518735e+01
4912	-7.429142e+01
4913	-7.425991e+01
4914	-7.399041e+01
4915	-7.543784e+01
4916	-7.518056e+01
4917	-7.295413e+01
4918	-7.661660e+01
4919	-7.695921e+01
4920	-7.453526e+01
4921	-7.499973e+01
4922	-7.050362e+01
4923	-7.203911e+01
4924	-7.399307e+01
4925	-7.669534e+01
4926	-7.305043e+01
4927	-7.234037e+01
4928	-7.152199e+01
4929	-7.222710e+01
4930	-6.870579e+01
4931	-7.395667e+01
4932	-7.490306e+01
4933	-7.056001e+01
4934	-7.424357e+01
4935	-6.825149e+01
4936	-7.618045e+01
4937	-7.223889e+01
4938	-7.387870e+01
4939	-7.185302e+01
4940	-7.314419e+01
4941	-7.264370e+01
4942	-7.410126e+01
4943	-7.366066e+01
4944	-7.347688e+01
4945	-7.737727e+01
4946	-7.317450e+01
4947	-7.499399e+01
4948	-7.265842e+01
4949	-7.320876e+01
4950	-7.215472e+01
4951	-7.450371e+01
4952	-7.224025e+01
4953	-7.179365e+01
4954	-7.642017e+01
4955	-7.065475e+01
4956	-7.335407e+01
4957	-7.509565e+01
4958	-7.370982e+01
4959	-7.375942e+01
4960	-7.004054e+01
4961	-7.215130e+01
4962	-7.051380e+01
4963	-7.463521e+01
4964	-7.531103e+01
4965	-7.722947e+01
4966	-6.900899e+01
4967	-7.533859e+01
4968	-7.200833e+01
4969	-7.475588e+01
4970	-7.264783e+01
4971	-7.766399e+01
4972	-7.355446e+01
4973	-7.158848e+01
4974	-6.829240e+01
4975	-7.417186e+01
4976	-7.371929e+01
4977	-7.401276e+01
4978	-7.971856e+01
4979	-7.490300e+01
4980	-7.019983e+01
4981	-7.419294e+01
4982	-7.320805e+01
4983	-7.378739e+01
4984	-7.235223e+01
4985	-7.229043e+01
4986	-7.231527e+01
4987	-7.095555e+01
4988	-7.312911e+01
4989	-7.606026e+01
4990	-7.315207e+01
4991	-7.244714e+01
4992	-7.227599e+01
4993	-7.391570e+01
4994	-7.543874e+01
4995	-7.441876e+01
4996	-7.354922e+01
4997	-7.086307e+01
4998	-7.447006e+01
4999	-7.154226e+01
5000	-7.302284e+01
5001	-7.700170e+01
5002	-7.466189e+01
5003	-7.120859e+01
5004	-7.058729e+01
5005	-7.558860e+01
5006	-7.316880e+01
5007	-7.548752e+01
5008	-7.480276e+01
5009	-7.025135e+01
5010	-7.275883e+01
5011	-7.235565e+01
5012	-7.093957e+01
5013	-7.244887e+01
5014	-7.551946e+01
5015	-7.782551e+01
5016	-7.090264e+01
5017	-7.318404e+01
5018	-7.462831e+01
5019	-7.300920e+01
5020	-7.523208e+01
5021	-7.812115e+01
5022	-7.290072e+01
5023	-7.591918e+01
5024	-7.445087e+01
5025	-7.540966e+01
5026	-7.655731e+01
5027	-7.431892e+01
5028	-7.384122e+01
5029	-7.320917e+01
5030	-6.890780e+01
5031	-7.454561e+01
5032	-7.124845e+01
5033	-7.228955e+01
5034	-7.364314e+01
5035	-7.524149e+01
5036	-7.376662e+01
5037	-7.030802e+01
5038	-6.675731e+01
5039	-7.243232e+01
5040	-7.246950e+01
5041	-7.392331e+01
5042	-7.354615e+01
5043	-7.527057e+01
5044	-7.181071e+01
5045	-7.302023e+01
5046	-7.199555e+01
5047	-7.128192e+01
5048	-7.397541e+01
5049	-7.309870e+01
5050	-7.535152e+01
5051	-7.124242e+01
5052	-7.421175e+01
5053	-7.205569e+01
5054	-7.298735e+01
5055	-7.180282e+01
5056	-7.304328e+01
5057	-7.410414e+01
5058	-7.520719e+01
5059	-7.408412e+01
5060	-7.016450e+01
5061	-7.178085e+01
5062	-7.653520e+01
5063	-7.147600e+01
5064	-7.315342e+01
5065	-7.234794e+01
5066	-7.255401e+01
5067	-7.406221e+01
5068	-7.418771e+01
5069	-7.359314e+01
5070	-7.091543e+01
5071	-7.230904e+01
5072	-7.325712e+01
5073	-7.202333e+01
5074	-7.422394e+01
5075	-7.274483e+01
5076	-7.504449e+01
5077	-7.352967e+01
5078	-7.818055e+01
5079	-7.237973e+01
5080	-7.242055e+01
5081	-6.739178e+01
5082	-7.241535e+01
5083	-7.069726e+01
5084	-7.306129e+01
5085	-7.623798e+01
5086	-7.449535e+01
5087	-7.373680e+01
5088	-7.361583e+01
5089	-7.416396e+01
5090	-7.252897e+01
5091	-7.061334e+01
5092	-7.094206e+01
5093	-7.369225e+01
5094	-7.377998e+01
5095	-7.330869e+01
5096	-7.524228e+01
5097	-7.555283e+01
5098	-6.888837e+01
5099	-7.469888e+01
5100	-7.483566e+01
5101	-7.066125e+01
5102	-7.386222e+01
5103	-7.548628e+01
5104	-7.618209e+01
5105	-7.448623e+01
5106	-7.377618e+01
5107	-7.308659e+01
5108	-7.284075e+01
5109	-7.505233e+01
5110	-7.541837e+01
5111	-7.293627e+01
5112	-7.247945e+01
5113	-7.084388e+01
5114	-7.284030e+01
5115	-7.398438e+01
5116	-7.222107e+01
5117	-7.123449e+01
5118	-7.329042e+01
5119	-7.401401e+01
5120	-7.442026e+01
5121	-7.015099e+01
5122	-7.356541e+01
5123	-7.120366e+01
5124	-7.394801e+01
5125	-6.847281e+01
5126	-6.969263e+01
5127	-6.979975e+01
5128	-7.170779e+01
5129	-7.119654e+01
5130	-7.258058e+01
5131	-7.849670e+01
5132	-7.102047e+01
5133	-7.552794e+01
5134	-7.348569e+01
5135	-7.387449e+01
5136	-7.368265e+01
5137	-7.073250e+01
5138	-7.062064e+01
5139	-7.196207e+01
5140	-7.539176e+01
5141	-7.437703e+01
5142	-7.228880e+01
5143	-7.340927e+01
5144	-7.101907e+01
5145	-7.449164e+01
5146	-7.293947e+01
5147	-7.709129e+01
5148	-7.334798e+01
5149	-7.318978e+01
5150	-7.301385e+01
5151	-7.419897e+01
5152	-7.041651e+01
5153	-7.115184e+01
5154	-7.211285e+01
5155	-7.221387e+01
5156	-6.883125e+01
5157	-7.448491e+01
5158	-7.082674e+01
5159	-7.750855e+01
5160	-7.679975e+01
5161	-7.418429e+01
5162	-7.338247e+01
5163	-7.625935e+01
5164	-7.203583e+01
5165	-7.347740e+01
5166	-7.091307e+01
5167	-7.264216e+01
5168	-7.424628e+01
5169	-7.058916e+01
5170	-7.172063e+01
5171	-7.247146e+01
5172	-7.438693e+01
5173	-7.393832e+01
5174	-7.037218e+01
5175	-7.625258e+01
5176	-7.134767e+01
5177	-7.433376e+01
5178	-7.601707e+01
5179	-7.454585e+01
5180	-7.078073e+01
5181	-7.432206e+01
5182	-7.767043e+01
5183	-7.216914e+01
5184	-7.372773e+01
5185	-7.272375e+01
5186	-7.096566e+01
5187	-7.523077e+01
5188	-7.316965e+01
5189	-7.159230e+01
5190	-7.397914e+01
5191	-7.580567e+01
5192	-7.034006e+01
5193	-7.624248e+01
5194	-7.462366e+01
5195	-7.118671e+01
5196	-7.101046e+01
5197	-7.219527e+01
5198	-7.369650e+01
5199	-7.283251e+01
5200	-7.177345e+01
5201	-7.401211e+01
5202	-7.111909e+01
5203	-7.537860e+01
5204	-7.151459e+01
5205	-7.309235e+01
5206	-7.366206e+01
5207	-7.426416e+01
5208	-7.574367e+01
5209	-7.568314e+01
5210	-7.020627e+01
5211	-7.257030e+01
5212	-7.277971e+01
5213	-7.623150e+01
5214	-7.329395e+01
5215	-7.597186e+01
5216	-7.365258e+01
5217	-7.186708e+01
5218	-7.491642e+01
5219	-7.461417e+01
5220	-7.260169e+01
5221	-7.373526e+01
5222	-7.092947e+01
5223	-6.851209e+01
5224	-7.321272e+01
5225	-7.263183e+01
5226	-7.271376e+01
5227	-7.222307e+01
5228	-7.582016e+01
5229	-7.196865e+01
5230	-7.803519e+01
5231	-7.465634e+01
5232	-7.286457e+01
5233	-7.330124e+01
5234	-7.343955e+01
5235	-7.422264e+01
5236	-7.291614e+01
5237	-7.402612e+01
5238	-6.921979e+01
5239	-7.621548e+01
5240	-7.011253e+01
5241	-7.453299e+01
5242	-7.494971e+01
5243	-7.473336e+01
5244	-7.337271e+01
5245	-7.442947e+01
5246	-7.353944e+01
5247	-7.224947e+01
5248	-7.241064e+01
5249	-7.307314e+01
5250	-7.333610e+01
5251	-7.534920e+01
5252	-7.470879e+01
5253	-7.354872e+01
5254	-7.003403e+01
5255	-7.298852e+01
5256	-7.185507e+01
5257	-7.559775e+01
5258	-7.407185e+01
5259	-7.372475e+01
5260	-7.801719e+01
5261	-7.440647e+01
5262	-7.370017e+01
5263	-6.965998e+01
5264	-7.231361e+01
5265	-7.330611e+01
5266	-7.594404e+01
5267	-7.346515e+01
5268	-7.400061e+01
5269	-7.231656e+01
5270	-7.451581e+01
5271	-7.308105e+01
5272	-6.917066e+01
5273	-6.838614e+01
5274	-7.246903e+01
5275	-7.025428e+01
5276	-7.553080e+01
5277	-7.291623e+01
5278	-7.269621e+01
5279	-6.909071e+01
5280	-6.942035e+01
5281	-7.541835e+01
5282	-7.238624e+01
5283	-7.308250e+01
5284	-7.276616e+01
5285	-7.262840e+01
5286	-7.285206e+01
5287	-7.370036e+01
5288	-7.369574e+01
5289	-7.295879e+01
5290	-7.607791e+01
5291	-7.112501e+01
5292	-7.441165e+01
5293	-7.607862e+01
5294	-7.035094e+01
5295	-7.120063e+01
5296	-7.625372e+01
5297	-6.974614e+01
5298	-7.475050e+01
5299	-7.062186e+01
5300	-7.002548e+01
5301	-7.300502e+01
5302	-7.537103e+01
5303	-7.312921e+01
5304	-7.436405e+01
5305	-7.697243e+01
5306	-7.162565e+01
5307	-7.425775e+01
5308	-7.292227e+01
5309	-7.219273e+01
5310	-7.114541e+01
5311	-7.287803e+01
5312	-7.509370e+01
5313	-7.141545e+01
5314	-7.323442e+01
5315	-7.326578e+01
5316	-7.427253e+01
5317	-7.201341e+01
5318	-7.343249e+01
5319	-7.262983e+01
5320	-7.478977e+01
5321	-7.360203e+01
5322	-7.196093e+01
5323	-7.121906e+01
5324	-7.253254e+01
5325	-7.371223e+01
5326	-7.096986e+01
5327	-7.409565e+01
5328	-7.232418e+01
5329	-6.932875e+01
5330	-7.090972e+01
5331	-7.151024e+01
5332	-7.297467e+01
5333	-7.315523e+01
5334	-7.076785e+01
5335	-7.153580e+01
5336	-7.087176e+01
5337	-7.363652e+01
5338	-7.439814e+01
5339	-7.131284e+01
5340	-7.251669e+01
5341	-7.686302e+01
5342	-7.774722e+01
5343	-7.249367e+01
5344	-7.188770e+01
5345	-7.354117e+01
5346	-7.294485e+01
5347	-7.513920e+01
5348	-7.241916e+01
5349	-7.275322e+01
5350	-7.351030e+01
5351	-7.119496e+01
5352	-7.399983e+01
5353	-7.203422e+01
5354	-7.602550e+01
5355	-7.244033e+01
5356	-7.010522e+01
5357	-7.249788e+01
5358	-7.778774e+01
5359	-7.140937e+01
5360	-7.077675e+01
5361	-7.144332e+01
5362	-7.336532e+01
5363	-7.064422e+01
5364	-7.456166e+01
5365	-7.254220e+01
5366	-7.529095e+01
5367	-7.171070e+01
5368	-7.465310e+01
5369	-7.346625e+01
5370	-7.423284e+01
5371	-7.442431e+01
5372	-7.133261e+01
5373	-7.235667e+01
5374	-7.403395e+01
5375	-7.289136e+01
5376	-7.348043e+01
5377	-7.325631e+01
5378	-7.145880e+01
5379	-7.461324e+01
5380	-7.317088e+01
5381	-7.576689e+01
5382	-7.316637e+01
5383	-7.600172e+01
5384	-7.407303e+01
5385	-7.289067e+01
5386	-7.412664e+01
5387	-7.625578e+01
5388	-7.661243e+01
5389	-7.451734e+01
5390	-7.346187e+01
5391	-7.484249e+01
5392	-7.274121e+01
5393	-7.041566e+01
5394	-7.525815e+01
5395	-7.401532e+01
5396	-7.420587e+01
5397	-7.455933e+01
5398	-7.223977e+01
5399	-7.243907e+01
5400	-7.455422e+01
5401	-7.423844e+01
5402	-7.513152e+01
5403	-7.391600e+01
5404	-7.326520e+01
5405	-7.754305e+01
5406	-7.071897e+01
5407	-7.334968e+01
5408	-7.447697e+01
5409	-7.148800e+01
5410	-7.086038e+01
5411	-7.495510e+01
5412	-7.577935e+01
5413	-7.114155e+01
5414	-7.099625e+01
5415	-7.478948e+01
5416	-7.218798e+01
5417	-7.268602e+01
5418	-7.198801e+01
5419	-7.193375e+01
5420	-7.232487e+01
5421	-7.147871e+01
5422	-7.367826e+01
5423	-7.363238e+01
5424	-7.017503e+01
5425	-6.997068e+01
5426	-7.466223e+01
5427	-7.375205e+01
5428	-7.405916e+01
5429	-6.998529e+01
5430	-7.269775e+01
5431	-7.008767e+01
5432	-7.300175e+01
5433	-7.624134e+01
5434	-7.603650e+01
5435	-7.271730e+01
5436	-7.212113e+01
5437	-6.995442e+01
5438	-7.439638e+01
5439	-7.655732e+01
5440	-7.606392e+01
5441	-7.397955e+01
5442	-7.235027e+01
5443	-7.389851e+01
5444	-7.306426e+01
5445	-7.251870e+01
5446	-7.110557e+01
5447	-7.412694e+01
5448	-7.268361e+01
5449	-7.190292e+01
5450	-7.363437e+01
5451	-7.111981e+01
5452	-6.939536e+01
5453	-7.329825e+01
5454	-7.306058e+01
5455	-7.305842e+01
5456	-7.343543e+01
5457	-7.481625e+01
5458	-7.312636e+01
5459	-7.580067e+01
5460	-7.536586e+01
5461	-7.202230e+01
5462	-7.225029e+01
5463	-7.207484e+01
5464	-7.241431e+01
5465	-7.389639e+01
5466	-7.397798e+01
5467	-7.165913e+01
5468	-7.216587e+01
5469	-7.272326e+01
5470	-7.379276e+01
5471	-7.447693e+01
5472	-7.494736e+01
5473	-7.041852e+01
5474	-7.352563e+01
5475	-7.212429e+01
5476	-7.220014e+01
5477	-7.362330e+01
5478	-7.507401e+01
5479	-7.189010e+01
5480	-7.281583e+01
5481	-7.208058e+01
5482	-7.561957e+01
5483	-7.198715e+01
5484	-7.281663e+01
5485	-7.385008e+01
5486	-7.409189e+01
5487	-7.217844e+01
5488	-7.340698e+01
5489	-7.844124e+01
5490	-7.417519e+01
5491	-7.192390e+01
5492	-7.061477e+01
5493	-7.140547e+01
5494	-7.312910e+01
5495	-7.219585e+01
5496	-7.062505e+01
5497	-7.448317e+01
5498	-7.584030e+01
5499	-7.188246e+01
5500	-7.540235e+01
5501	-7.264311e+01
5502	-7.221858e+01
5503	-7.424490e+01
5504	-7.201732e+01
5505	-7.308567e+01
5506	-7.634524e+01
5507	-7.450863e+01
5508	-6.809277e+01
5509	-7.650911e+01
5510	-7.288363e+01
5511	-7.157469e+01
5512	-7.419750e+01
5513	-7.220908e+01
5514	-7.326905e+01
5515	-7.263444e+01
5516	-7.333415e+01
5517	-7.527331e+01
5518	-7.101981e+01
5519	-7.197951e+01
5520	-7.425272e+01
5521	-7.186807e+01
5522	-7.387200e+01
5523	-7.356641e+01
5524	-7.263805e+01
5525	-7.236173e+01
5526	-7.299028e+01
5527	-7.387403e+01
5528	-7.337498e+01
5529	-7.289958e+01
5530	-7.403745e+01
5531	-7.427636e+01
5532	-6.997471e+01
5533	-7.433485e+01
5534	-7.243344e+01
5535	-7.202937e+01
5536	-7.099621e+01
5537	-7.475651e+01
5538	-7.128425e+01
5539	-7.515498e+01
5540	-7.122308e+01
5541	-7.029539e+01
5542	-7.485118e+01
5543	-7.676867e+01
5544	-6.928325e+01
5545	-7.252735e+01
5546	-7.413742e+01
5547	-7.264106e+01
5548	-7.184100e+01
5549	-7.635593e+01
5550	-7.469301e+01
5551	-7.357461e+01
5552	-7.412442e+01
5553	-7.719288e+01
5554	-7.237025e+01
5555	-7.278437e+01
5556	-7.701613e+01
5557	-7.382046e+01
5558	-7.409069e+01
5559	-7.250228e+01
5560	-6.977001e+01
5561	-7.391504e+01
5562	-7.189528e+01
5563	-7.558484e+01
5564	-7.312622e+01
5565	-7.149620e+01
5566	-7.258550e+01
5567	-7.489794e+01
5568	-7.360337e+01
5569	-7.295608e+01
5570	-7.217953e+01
5571	-7.055091e+01
5572	-7.271458e+01
5573	-7.512046e+01
5574	-7.131574e+01
5575	-7.289796e+01
5576	-7.313100e+01
5577	-7.520234e+01
5578	-7.244618e+01
5579	-7.542355e+01
5580	-7.108304e+01
5581	-7.646606e+01
5582	-7.026921e+01
5583	-7.913984e+01
5584	-7.350967e+01
5585	-7.478798e+01
5586	-7.197236e+01
5587	-7.339747e+01
5588	-7.275245e+01
5589	-7.520617e+01
5590	-7.137247e+01
5591	-7.391435e+01
5592	-7.344991e+01
5593	-6.914718e+01
5594	-6.916707e+01
5595	-7.105121e+01
5596	-7.192023e+01
5597	-7.365059e+01
5598	-7.395061e+01
5599	-7.062468e+01
5600	-7.491378e+01
5601	-7.412025e+01
5602	-7.125186e+01
5603	-6.982824e+01
5604	-7.044230e+01
5605	-6.993841e+01
5606	-7.565577e+01
5607	-7.393198e+01
5608	-7.383372e+01
5609	-7.262533e+01
5610	-7.462358e+01
5611	-7.843326e+01
5612	-7.380178e+01
5613	-7.163037e+01
5614	-7.487793e+01
5615	-6.991208e+01
5616	-7.452175e+01
5617	-7.293155e+01
5618	-7.028207e+01
5619	-7.304785e+01
5620	-7.279473e+01
5621	-7.715743e+01
5622	-7.424910e+01
5623	-7.447811e+01
5624	-7.105924e+01
5625	-7.254997e+01
5626	-7.209318e+01
5627	-7.120648e+01
5628	-7.406737e+01
5629	-7.274434e+01
5630	-7.550053e+01
5631	-7.342196e+01
5632	-7.374991e+01
5633	-7.151969e+01
5634	-7.121254e+01
5635	-7.342722e+01
5636	-7.289735e+01
5637	-7.711230e+01
5638	-7.357289e+01
5639	-7.500354e+01
5640	-7.035866e+01
5641	-7.342615e+01
5642	-7.040739e+01
5643	-7.416402e+01
5644	-7.171312e+01
5645	-7.155189e+01
5646	-7.319932e+01
5647	-6.851577e+01
5648	-7.091472e+01
5649	-7.203920e+01
5650	-7.389269e+01
5651	-7.376446e+01
5652	-7.108961e+01
5653	-7.505957e+01
5654	-7.071167e+01
5655	-7.112745e+01
5656	-7.316613e+01
5657	-7.299429e+01
5658	-7.251942e+01
5659	-7.698695e+01
5660	-7.408948e+01
5661	-7.263609e+01
5662	-6.994721e+01
5663	-7.037283e+01
5664	-7.339906e+01
5665	-7.327252e+01
5666	-7.486758e+01
5667	-6.968383e+01
5668	-7.481993e+01
5669	-7.687968e+01
5670	-7.699464e+01
5671	-7.312861e+01
5672	-7.314045e+01
5673	-7.508160e+01
5674	-7.121824e+01
5675	-7.693624e+01
5676	-7.269619e+01
5677	-7.416934e+01
5678	-7.419244e+01
5679	-7.494608e+01
5680	-7.117626e+01
5681	-7.468052e+01
5682	-7.481533e+01
5683	-7.283950e+01
5684	-7.238322e+01
5685	-7.443127e+01
5686	-7.372446e+01
5687	-7.206427e+01
5688	-7.094172e+01
5689	-7.273811e+01
5690	-7.903904e+01
5691	-6.917090e+01
5692	-6.722925e+01
5693	-7.237163e+01
5694	-7.196767e+01
5695	-7.477044e+01
5696	-7.352167e+01
5697	-7.233866e+01
5698	-7.251135e+01
5699	-7.464977e+01
5700	-7.284911e+01
5701	-7.395336e+01
5702	-7.774495e+01
5703	-7.060364e+01
5704	-7.644771e+01
5705	-7.320330e+01
5706	-7.043402e+01
5707	-7.363725e+01
5708	-7.224553e+01
5709	-7.507826e+01
5710	-7.124099e+01
5711	-7.415649e+01
5712	-7.182657e+01
5713	-7.397052e+01
5714	-7.405361e+01
5715	-7.570354e+01
5716	-7.331389e+01
5717	-7.568983e+01
5718	-7.631597e+01
5719	-7.356208e+01
5720	-7.241977e+01
5721	-7.341512e+01
5722	-7.427513e+01
5723	-7.156318e+01
5724	-7.115546e+01
5725	-7.518868e+01
5726	-7.264091e+01
5727	-7.541591e+01
5728	-7.094853e+01
5729	-7.449926e+01
5730	-7.364336e+01
5731	-7.304249e+01
5732	-7.249310e+01
5733	-7.277980e+01
5734	-7.096624e+01
5735	-7.297122e+01
5736	-7.367522e+01
5737	-7.024901e+01
5738	-7.324379e+01
5739	-7.386067e+01
5740	-7.235375e+01
5741	-7.022961e+01
5742	-7.363023e+01
5743	-7.321199e+01
5744	-6.984421e+01
5745	-7.333369e+01
5746	-7.488423e+01
5747	-7.132117e+01
5748	-6.991778e+01
5749	-7.298787e+01
5750	-7.506759e+01
5751	-7.180464e+01
5752	-7.039026e+01
5753	-7.430940e+01
5754	-7.522730e+01
5755	-7.172655e+01
5756	-7.008112e+01
5757	-7.308127e+01
5758	-7.307826e+01
5759	-7.333441e+01
5760	-7.450656e+01
5761	-7.271731e+01
5762	-7.298741e+01
5763	-7.139733e+01
5764	-7.109333e+01
5765	-7.461525e+01
5766	-7.158696e+01
5767	-7.591329e+01
5768	-7.237954e+01
5769	-7.572726e+01
5770	-7.222172e+01
5771	-7.233052e+01
5772	-7.374375e+01
5773	-7.606950e+01
5774	-7.595073e+01
5775	-7.161820e+01
5776	-7.484675e+01
5777	-7.193361e+01
5778	-7.296135e+01
5779	-7.421940e+01
5780	-7.412593e+01
5781	-7.325058e+01
5782	-7.588920e+01
5783	-7.137263e+01
5784	-7.469478e+01
5785	-7.389116e+01
5786	-7.506837e+01
5787	-7.201432e+01
5788	-7.654659e+01
5789	-7.142287e+01
5790	-7.357254e+01
5791	-7.363522e+01
5792	-7.264074e+01
5793	-7.466377e+01
5794	-7.200886e+01
5795	-7.514075e+01
5796	-7.223225e+01
5797	-7.994021e+01
5798	-7.493927e+01
5799	-7.318832e+01
5800	-7.291636e+01
5801	-7.051379e+01
5802	-7.333108e+01
5803	-7.555657e+01
5804	-7.951408e+01
5805	-7.724143e+01
5806	-7.313008e+01
5807	-7.532793e+01
5808	-7.622321e+01
5809	-7.421659e+01
5810	-7.489160e+01
5811	-7.547363e+01
5812	-7.405723e+01
5813	-7.474058e+01
5814	-6.993635e+01
5815	-7.435000e+01
5816	-7.239796e+01
5817	-7.048782e+01
5818	-7.313301e+01
5819	-7.469441e+01
5820	-7.594906e+01
5821	-7.711506e+01
5822	-7.322421e+01
5823	-7.516384e+01
5824	-7.544309e+01
5825	-7.656548e+01
5826	-7.079754e+01
5827	-7.142940e+01
5828	-7.457681e+01
5829	-7.553992e+01
5830	-7.252122e+01
5831	-7.515835e+01
5832	-7.447614e+01
5833	-7.391358e+01
5834	-7.073444e+01
5835	-7.209152e+01
5836	-7.507675e+01
5837	-7.413792e+01
5838	-7.374811e+01
5839	-7.246721e+01
5840	-7.317872e+01
5841	-7.192583e+01
5842	-7.048803e+01
5843	-7.476446e+01
5844	-7.197171e+01
5845	-7.235054e+01
5846	-6.977396e+01
5847	-7.157201e+01
5848	-7.767649e+01
5849	-7.234670e+01
5850	-7.396290e+01
5851	-7.128566e+01
5852	-7.396597e+01
5853	-7.088402e+01
5854	-7.730093e+01
5855	-7.320776e+01
5856	-7.308892e+01
5857	-7.365812e+01
5858	-7.347862e+01
5859	-7.108627e+01
5860	-7.445911e+01
5861	-7.463410e+01
5862	-7.233779e+01
5863	-7.487376e+01
5864	-7.457111e+01
5865	-7.475004e+01
5866	-7.207688e+01
5867	-7.109015e+01
5868	-7.423831e+01
5869	-7.365741e+01
5870	-6.996454e+01
5871	-7.215597e+01
5872	-7.408505e+01
5873	-7.429150e+01
5874	-7.164729e+01
5875	-7.266870e+01
5876	-7.805922e+01
5877	-7.073527e+01
5878	-7.011187e+01
5879	-7.388199e+01
5880	-7.119999e+01
5881	-7.051728e+01
5882	-7.439507e+01
5883	-7.525986e+01
5884	-7.215099e+01
5885	-7.168862e+01
5886	-7.656598e+01
5887	-7.461900e+01
5888	-7.337073e+01
5889	-7.062111e+01
5890	-7.459174e+01
5891	-7.343662e+01
5892	-7.300713e+01
5893	-7.586985e+01
5894	-6.958706e+01
5895	-7.202672e+01
5896	-7.423654e+01
5897	-7.671144e+01
5898	-7.093461e+01
5899	-7.096889e+01
5900	-7.135382e+01
5901	-7.300818e+01
5902	-7.338084e+01
5903	-7.371511e+01
5904	-7.467252e+01
5905	-7.488792e+01
5906	-7.357508e+01
5907	-7.280459e+01
5908	-7.383244e+01
5909	-7.276757e+01
5910	-7.045294e+01
5911	-7.393040e+01
5912	-7.563339e+01
5913	-7.346229e+01
5914	-7.428322e+01
5915	-7.466741e+01
5916	-7.084249e+01
5917	-7.310819e+01
5918	-7.202333e+01
5919	-7.225312e+01
5920	-7.476114e+01
5921	-7.415174e+01
5922	-7.029267e+01
5923	-7.377700e+01
5924	-7.243487e+01
5925	-7.367293e+01
5926	-7.400767e+01
5927	-7.508820e+01
5928	-7.519974e+01
5929	-7.063817e+01
5930	-7.519600e+01
5931	-7.373340e+01
5932	-7.150709e+01
5933	-7.406286e+01
5934	-7.103888e+01
5935	-7.172791e+01
5936	-7.419834e+01
5937	-7.337426e+01
5938	-7.303799e+01
5939	-7.566239e+01
5940	-7.693565e+01
5941	-7.366700e+01
5942	-7.050085e+01
5943	-7.342796e+01
5944	-7.169876e+01
5945	-7.651252e+01
5946	-7.561177e+01
5947	-7.295566e+01
5948	-7.784439e+01
5949	-7.220199e+01
5950	-7.103761e+01
5951	-7.513715e+01
5952	-7.383812e+01
5953	-7.377821e+01
5954	-7.531254e+01
5955	-7.269198e+01
5956	-7.356772e+01
5957	-7.372768e+01
5958	-7.520451e+01
5959	-7.016266e+01
5960	-7.362494e+01
5961	-7.116865e+01
5962	-7.199282e+01
5963	-7.471528e+01
5964	-7.401666e+01
5965	-7.766035e+01
5966	-7.217007e+01
5967	-7.310238e+01
5968	-7.549607e+01
5969	-7.399991e+01
5970	-7.500478e+01
5971	-7.279071e+01
5972	-7.210880e+01
5973	-7.453780e+01
5974	-7.249627e+01
5975	-7.105366e+01
5976	-7.247517e+01
5977	-7.136337e+01
5978	-7.342737e+01
5979	-7.380401e+01
5980	-7.192641e+01
5981	-7.313037e+01
5982	-7.144909e+01
5983	-7.305554e+01
5984	-7.383420e+01
5985	-7.560991e+01
5986	-7.139881e+01
5987	-7.503604e+01
5988	-7.103176e+01
5989	-7.355917e+01
5990	-7.341678e+01
5991	-7.434141e+01
5992	-7.461942e+01
5993	-7.473525e+01
5994	-7.286665e+01
5995	-7.325856e+01
5996	-7.454782e+01
5997	-7.372079e+01
5998	-7.334213e+01
5999	-7.237173e+01
6000	-7.206256e+01
6001	-7.225438e+01
6002	-7.477196e+01
6003	-7.579383e+01
6004	-7.200555e+01
6005	-6.950399e+01
6006	-7.228792e+01
6007	-7.244680e+01
6008	-7.105382e+01
6009	-7.342918e+01
6010	-7.198441e+01
6011	-7.556406e+01
6012	-7.626259e+01
6013	-7.424696e+01
6014	-7.122065e+01
6015	-7.338337e+01
6016	-7.545057e+01
6017	-7.261322e+01
6018	-7.177089e+01
6019	-7.375357e+01
6020	-7.666711e+01
6021	-6.984524e+01
6022	-7.152445e+01
6023	-7.582482e+01
6024	-6.953523e+01
6025	-7.303440e+01
6026	-7.434509e+01
6027	-7.494323e+01
6028	-7.154586e+01
6029	-7.634730e+01
6030	-7.711140e+01
6031	-7.360092e+01
6032	-7.615098e+01
6033	-7.105404e+01
6034	-7.045338e+01
6035	-7.324705e+01
6036	-6.907465e+01
6037	-7.527525e+01
6038	-7.597179e+01
6039	-7.398818e+01
6040	-7.091081e+01
6041	-7.228738e+01
6042	-7.367544e+01
6043	-7.694758e+01
6044	-7.398006e+01
6045	-7.219950e+01
6046	-7.271103e+01
6047	-7.357398e+01
6048	-7.669508e+01
6049	-7.117550e+01
6050	-7.315479e+01
6051	-7.412223e+01
6052	-7.162027e+01
6053	-7.430906e+01
6054	-7.053046e+01
6055	-7.213847e+01
6056	-7.574753e+01
6057	-7.196554e+01
6058	-7.380733e+01
6059	-6.965910e+01
6060	-7.476925e+01
6061	-7.626926e+01
6062	-7.274505e+01
6063	-7.371270e+01
6064	-7.414911e+01
6065	-7.519905e+01
6066	-7.402871e+01
6067	-7.082077e+01
6068	-7.267401e+01
6069	-6.871837e+01
6070	-7.228614e+01
6071	-7.493173e+01
6072	-7.613566e+01
6073	-7.388993e+01
6074	-7.387159e+01
6075	-7.567406e+01
6076	-6.997250e+01
6077	-7.373454e+01
6078	-7.399216e+01
6079	-7.408561e+01
6080	-7.629125e+01
6081	-7.348364e+01
6082	-7.581379e+01
6083	-7.224697e+01
6084	-7.243786e+01
6085	-7.319146e+01
6086	-7.405359e+01
6087	-7.460417e+01
6088	-6.996133e+01
6089	-7.418418e+01
6090	-7.171378e+01
6091	-7.685461e+01
6092	-7.595520e+01
6093	-7.500554e+01
6094	-7.391290e+01
6095	-7.518105e+01
6096	-7.445823e+01
6097	-7.553693e+01
6098	-7.597716e+01
6099	-7.045516e+01
6100	-7.571549e+01
6101	-7.416046e+01
6102	-7.492166e+01
6103	-7.427842e+01
6104	-7.221380e+01
6105	-7.546330e+01
6106	-7.381655e+01
6107	-7.133360e+01
6108	-7.377807e+01
6109	-7.264403e+01
6110	-7.436439e+01
6111	-7.419437e+01
6112	-7.197453e+01
6113	-7.147978e+01
6114	-7.363531e+01
6115	-7.108115e+01
6116	-7.313008e+01
6117	-7.611339e+01
6118	-7.207135e+01
6119	-6.915509e+01
6120	-7.290734e+01
6121	-7.086057e+01
6122	-7.005131e+01
6123	-7.207127e+01
6124	-7.253151e+01
6125	-7.177250e+01
6126	-7.348536e+01
6127	-7.101972e+01
6128	-7.007340e+01
6129	-7.611821e+01
6130	-7.442729e+01
6131	-7.569419e+01
6132	-7.533178e+01
6133	-7.564968e+01
6134	-7.542317e+01
6135	-7.233404e+01
6136	-6.866415e+01
6137	-6.853627e+01
6138	-7.566466e+01
6139	-7.080657e+01
6140	-7.007964e+01
6141	-7.556547e+01
6142	-6.978013e+01
6143	-7.435506e+01
6144	-7.404396e+01
6145	-7.031042e+01
6146	-7.363341e+01
6147	-7.673259e+01
6148	-6.964730e+01
6149	-7.362344e+01
6150	-6.925188e+01
6151	-7.656692e+01
6152	-7.780729e+01
6153	-6.942943e+01
6154	-7.338796e+01
6155	-7.491470e+01
6156	-6.900148e+01
6157	-7.258855e+01
6158	-7.328601e+01
6159	-7.604800e+01
6160	-7.709938e+01
6161	-7.147549e+01
6162	-7.242627e+01
6163	-7.521121e+01
6164	-7.233758e+01
6165	-7.411228e+01
6166	-7.032520e+01
6167	-6.980099e+01
6168	-7.211436e+01
6169	-7.235639e+01
6170	-7.482699e+01
6171	-7.368707e+01
6172	-7.479900e+01
6173	-7.288099e+01
6174	-7.000700e+01
6175	-7.267175e+01
6176	-7.535082e+01
6177	-7.018653e+01
6178	-7.937575e+01
6179	-7.523503e+01
6180	-7.180085e+01
6181	-7.478314e+01
6182	-7.278912e+01
6183	-7.150720e+01
6184	-7.060076e+01
6185	-7.664985e+01
6186	-7.485731e+01
6187	-7.428999e+01
6188	-7.170725e+01
6189	-7.558508e+01
6190	-7.395041e+01
6191	-7.172141e+01
6192	-7.390276e+01
6193	-7.320736e+01
6194	-7.519295e+01
6195	-7.224648e+01
6196	-7.383436e+01
6197	-7.382562e+01
6198	-7.114377e+01
6199	-7.243751e+01
6200	-7.263839e+01
6201	-7.446982e+01
6202	-7.338053e+01
6203	-7.291650e+01
6204	-7.365790e+01
6205	-7.342877e+01
6206	-7.158463e+01
6207	-6.880641e+01
6208	-7.229317e+01
6209	-7.183772e+01
6210	-7.169064e+01
6211	-7.510411e+01
6212	-7.144352e+01
6213	-7.373872e+01
6214	-7.257054e+01
6215	-7.612904e+01
6216	-7.408330e+01
6217	-7.251393e+01
6218	-7.439624e+01
6219	-7.103074e+01
6220	-7.187551e+01
6221	-7.351133e+01
6222	-7.609116e+01
6223	-7.591150e+01
6224	-7.555051e+01
6225	-7.254717e+01
6226	-7.125367e+01
6227	-7.111471e+01
6228	-7.568073e+01
6229	-7.272610e+01
6230	-7.318272e+01
6231	-7.491026e+01
6232	-7.454949e+01
6233	-7.452924e+01
6234	-6.896267e+01
6235	-7.150903e+01
6236	-7.431369e+01
6237	-7.303166e+01
6238	-7.130571e+01
6239	-7.197998e+01
6240	-7.314919e+01
6241	-7.041451e+01
6242	-7.278311e+01
6243	-7.652080e+01
6244	-7.485039e+01
6245	-7.207352e+01
6246	-7.173674e+01
6247	-7.355732e+01
6248	-7.238593e+01
6249	-7.256503e+01
6250	-7.390697e+01
6251	-7.426812e+01
6252	-7.295637e+01
6253	-7.441030e+01
6254	-7.080377e+01
6255	-7.295624e+01
6256	-7.289570e+01
6257	-6.875658e+01
6258	-6.862093e+01
6259	-7.266038e+01
6260	-7.173601e+01
6261	-7.354940e+01
6262	-7.346927e+01
6263	-6.821201e+01
6264	-7.403397e+01
6265	-7.491284e+01
6266	-7.332949e+01
6267	-7.462835e+01
6268	-7.281529e+01
6269	-7.236612e+01
6270	-7.492887e+01
6271	-7.332823e+01
6272	-7.435925e+01
6273	-7.329483e+01
6274	-7.460079e+01
6275	-7.136823e+01
6276	-7.238505e+01
6277	-7.362100e+01
6278	-7.581898e+01
6279	-7.095225e+01
6280	-7.504534e+01
6281	-7.269660e+01
6282	-7.044725e+01
6283	-7.594619e+01
6284	-7.594357e+01
6285	-7.356814e+01
6286	-7.462103e+01
6287	-7.440631e+01
6288	-7.375712e+01
6289	-7.071765e+01
6290	-7.350060e+01
6291	-7.414524e+01
6292	-7.186969e+01
6293	-7.371807e+01
6294	-7.462715e+01
6295	-7.222821e+01
6296	-7.237857e+01
6297	-7.341007e+01
6298	-7.672441e+01
6299	-7.389568e+01
6300	-7.773037e+01
6301	-7.594708e+01
6302	-7.324484e+01
6303	-7.235998e+01
6304	-7.064159e+01
6305	-7.858529e+01
6306	-7.128081e+01
6307	-7.256150e+01
6308	-7.570691e+01
6309	-6.936853e+01
6310	-7.414970e+01
6311	-7.098799e+01
6312	-7.148913e+01
6313	-7.149182e+01
6314	-7.352902e+01
6315	-6.969623e+01
6316	-7.462668e+01
6317	-7.149018e+01
6318	-7.336615e+01
6319	-7.495121e+01
6320	-7.523758e+01
6321	-7.130339e+01
6322	-7.485863e+01
6323	-7.734093e+01
6324	-7.515664e+01
6325	-7.440059e+01
6326	-7.375466e+01
6327	-7.655354e+01
6328	-7.589374e+01
6329	-7.157294e+01
6330	-7.121594e+01
6331	-7.432899e+01
6332	-7.302757e+01
6333	-7.387051e+01
6334	-7.608279e+01
6335	-7.511316e+01
6336	-7.277789e+01
6337	-7.360214e+01
6338	-7.017110e+01
6339	-7.329185e+01
6340	-7.382415e+01
6341	-6.975195e+01
6342	-7.334386e+01
6343	-7.262472e+01
6344	-7.290610e+01
6345	-7.334057e+01
6346	-7.435949e+01
6347	-7.253640e+01
6348	-7.110312e+01
6349	-7.242456e+01
6350	-7.308747e+01
6351	-7.258810e+01
6352	-7.224950e+01
6353	-7.539467e+01
6354	-7.206188e+01
6355	-7.106504e+01
6356	-7.400939e+01
6357	-7.567576e+01
6358	-7.308259e+01
6359	-7.274330e+01
6360	-7.839315e+01
6361	-7.409386e+01
6362	-7.241020e+01
6363	-7.428692e+01
6364	-6.830212e+01
6365	-7.082385e+01
6366	-7.431121e+01
6367	-7.443482e+01
6368	-6.967657e+01
6369	-7.671801e+01
6370	-7.325337e+01
6371	-7.472448e+01
6372	-7.393151e+01
6373	-7.446047e+01
6374	-6.955310e+01
6375	-7.849016e+01
6376	-7.327697e+01
6377	-7.546031e+01
6378	-7.024640e+01
6379	-7.576179e+01
6380	-7.351933e+01
6381	-7.062876e+01
6382	-7.092976e+01
6383	-7.120410e+01
6384	-7.594547e+01
6385	-7.631142e+01
6386	-7.071988e+01
6387	-7.452951e+01
6388	-7.409641e+01
6389	-7.681704e+01
6390	-7.164666e+01
6391	-7.339870e+01
6392	-7.178501e+01
6393	-7.501965e+01
6394	-7.344301e+01
6395	-7.624603e+01
6396	-7.427422e+01
6397	-7.239578e+01
6398	-7.073167e+01
6399	-7.347338e+01
6400	-7.402288e+01
6401	-7.248694e+01
6402	-7.537482e+01
6403	-7.446535e+01
6404	-6.815993e+01
6405	-7.363410e+01
6406	-7.446794e+01
6407	-7.557182e+01
6408	-7.467083e+01
6409	-6.964379e+01
6410	-7.346473e+01
6411	-7.301290e+01
6412	-7.798473e+01
6413	-7.324852e+01
6414	-7.120686e+01
6415	-7.566727e+01
6416	-7.609911e+01
6417	-7.545071e+01
6418	-7.329342e+01
6419	-7.275007e+01
6420	-7.239857e+01
6421	-6.969174e+01
6422	-7.054136e+01
6423	-7.411449e+01
6424	-6.942716e+01
6425	-7.129725e+01
6426	-7.620598e+01
6427	-7.263249e+01
6428	-7.111906e+01
6429	-7.359036e+01
6430	-7.189285e+01
6431	-7.197120e+01
6432	-7.200892e+01
6433	-7.495177e+01
6434	-6.990969e+01
6435	-7.340122e+01
6436	-6.970663e+01
6437	-7.361621e+01
6438	-7.534691e+01
6439	-6.987924e+01
6440	-7.069981e+01
6441	-7.151203e+01
6442	-7.462068e+01
6443	-7.194608e+01
6444	-7.460511e+01
6445	-7.428335e+01
6446	-7.299515e+01
6447	-7.414112e+01
6448	-7.306825e+01
6449	-7.502594e+01
6450	-7.119626e+01
6451	-7.419410e+01
6452	-7.288021e+01
6453	-7.158060e+01
6454	-7.332157e+01
6455	-7.261036e+01
6456	-7.388365e+01
6457	-7.084803e+01
6458	-7.192997e+01
6459	-7.119735e+01
6460	-7.419354e+01
6461	-7.338138e+01
6462	-7.189365e+01
6463	-7.343030e+01
6464	-7.805142e+01
6465	-7.397785e+01
6466	-7.439688e+01
6467	-7.537785e+01
6468	-7.409449e+01
6469	-7.347967e+01
6470	-7.247063e+01
6471	-7.010554e+01
6472	-7.418027e+01
6473	-7.403045e+01
6474	-7.325615e+01
6475	-7.314961e+01
6476	-7.343716e+01
6477	-7.444428e+01
6478	-7.313000e+01
6479	-7.606674e+01
6480	-7.662175e+01
6481	-7.753951e+01
6482	-7.543839e+01
6483	-6.948909e+01
6484	-7.167002e+01
6485	-7.346189e+01
6486	-7.178665e+01
6487	-7.226363e+01
6488	-7.478096e+01
6489	-7.369263e+01
6490	-7.253899e+01
6491	-7.315098e+01
6492	-7.377287e+01
6493	-7.487909e+01
6494	-7.121641e+01
6495	-7.266600e+01
6496	-7.365269e+01
6497	-7.392603e+01
6498	-7.488324e+01
6499	-7.172588e+01
6500	-7.314648e+01
6501	-7.258305e+01
6502	-7.084464e+01
6503	-7.405050e+01
6504	-7.381173e+01
6505	-7.277279e+01
6506	-7.163960e+01
6507	-7.017611e+01
6508	-7.448372e+01
6509	-7.284734e+01
6510	-7.342633e+01
6511	-7.346267e+01
6512	-7.438308e+01
6513	-7.358360e+01
6514	-7.261498e+01
6515	-7.607522e+01
6516	-7.382774e+01
6517	-7.160238e+01
6518	-6.970207e+01
6519	-7.724844e+01
6520	-7.179806e+01
6521	-7.320149e+01
6522	-7.215713e+01
6523	-7.253370e+01
6524	-7.205566e+01
6525	-7.400235e+01
6526	-7.743713e+01
6527	-7.312701e+01
6528	-7.400614e+01
6529	-7.130258e+01
6530	-7.746931e+01
6531	-7.421530e+01
6532	-7.077504e+01
6533	-7.250425e+01
6534	-7.536005e+01
6535	-7.647923e+01
6536	-7.376031e+01
6537	-7.305712e+01
6538	-7.371849e+01
6539	-7.237646e+01
6540	-7.414718e+01
6541	-7.138743e+01
6542	-7.160055e+01
6543	-7.288492e+01
6544	-7.006557e+01
6545	-7.676603e+01
6546	-7.466918e+01
6547	-7.150026e+01
6548	-6.959843e+01
6549	-7.276153e+01
6550	-7.235510e+01
6551	-7.479818e+01
6552	-7.661075e+01
6553	-7.237105e+01
6554	-7.249793e+01
6555	-7.168957e+01
6556	-7.427606e+01
6557	-7.779831e+01
6558	-7.535583e+01
6559	-7.279284e+01
6560	-7.318711e+01
6561	-7.215049e+01
6562	-7.165078e+01
6563	-7.594573e+01
6564	-7.321583e+01
6565	-7.657788e+01
6566	-7.146924e+01
6567	-7.143265e+01
6568	-7.137450e+01
6569	-6.793694e+01
6570	-7.340323e+01
6571	-7.042921e+01
6572	-7.313068e+01
6573	-7.328893e+01
6574	-7.217739e+01
6575	-7.397727e+01
6576	-7.348871e+01
6577	-7.430801e+01
6578	-7.166585e+01
6579	-7.999364e+01
6580	-7.204320e+01
6581	-7.014266e+01
6582	-7.666886e+01
6583	-7.271599e+01
6584	-7.472582e+01
6585	-7.542312e+01
6586	-7.535277e+01
6587	-7.336236e+01
6588	-7.640228e+01
6589	-6.895950e+01
6590	-7.261604e+01
6591	-7.464488e+01
6592	-6.979700e+01
6593	-7.330415e+01
6594	-7.305824e+01
6595	-7.421821e+01
6596	-7.343563e+01
6597	-7.253864e+01
6598	-7.506974e+01
6599	-7.484419e+01
6600	-7.448823e+01
6601	-7.258701e+01
6602	-7.033931e+01
6603	-7.310113e+01
6604	-7.054517e+01
6605	-7.061034e+01
6606	-7.045398e+01
6607	-7.174756e+01
6608	-7.177344e+01
6609	-7.451852e+01
6610	-7.152287e+01
6611	-7.203006e+01
6612	-7.365777e+01
6613	-7.284263e+01
6614	-7.344063e+01
6615	-7.209555e+01
6616	-7.548931e+01
6617	-7.087880e+01
6618	-7.230824e+01
6619	-6.765255e+01
6620	-7.309570e+01
6621	-7.167354e+01
6622	-7.524437e+01
6623	-7.312281e+01
6624	-7.115315e+01
6625	-7.124248e+01
6626	-7.242173e+01
6627	-7.485815e+01
6628	-7.440300e+01
6629	-7.118889e+01
6630	-7.173466e+01
6631	-7.566542e+01
6632	-7.325602e+01
6633	-7.243077e+01
6634	-7.556470e+01
6635	-7.651373e+01
6636	-7.278595e+01
6637	-7.445400e+01
6638	-7.079386e+01
6639	-7.607614e+01
6640	-7.156467e+01
6641	-7.561061e+01
6642	-7.495829e+01
6643	-7.070999e+01
6644	-7.271226e+01
6645	-6.786961e+01
6646	-7.745740e+01
6647	-7.135138e+01
6648	-7.028301e+01
6649	-7.220623e+01
6650	-7.371577e+01
6651	-7.753123e+01
6652	-7.217244e+01
6653	-7.449762e+01
6654	-7.595968e+01
6655	-7.340081e+01
6656	-7.462652e+01
6657	-6.925010e+01
6658	-7.425449e+01
6659	-7.383075e+01
6660	-7.457375e+01
6661	-7.285169e+01
6662	-7.577973e+01
6663	-7.432643e+01
6664	-7.018031e+01
6665	-7.385768e+01
6666	-7.417934e+01
6667	-7.473069e+01
6668	-7.354546e+01
6669	-6.910272e+01
6670	-7.365257e+01
6671	-7.499255e+01
6672	-7.411994e+01
6673	-7.099270e+01
6674	-7.396325e+01
6675	-7.316211e+01
6676	-6.996331e+01
6677	-7.269534e+01
6678	-7.024691e+01
6679	-7.582639e+01
6680	-7.310823e+01
6681	-6.937920e+01
6682	-7.306275e+01
6683	-7.658490e+01
6684	-7.331688e+01
6685	-7.180968e+01
6686	-7.580049e+01
6687	-7.498758e+01
6688	-7.306407e+01
6689	-7.536595e+01
6690	-7.204131e+01
6691	-7.311745e+01
6692	-7.403260e+01
6693	-7.322521e+01
6694	-7.459189e+01
6695	-7.498071e+01
6696	-7.128467e+01
6697	-7.235600e+01
6698	-7.256330e+01
6699	-7.248284e+01
6700	-7.292946e+01
6701	-7.561395e+01
6702	-7.538671e+01
6703	-7.293355e+01
6704	-7.570177e+01
6705	-7.120470e+01
6706	-7.460909e+01
6707	-7.564072e+01
6708	-7.579051e+01
6709	-7.290483e+01
6710	-7.233369e+01
6711	-7.317612e+01
6712	-7.399801e+01
6713	-7.437611e+01
6714	-7.453705e+01
6715	-7.498801e+01
6716	-7.169818e+01
6717	-7.050715e+01
6718	-7.141142e+01
6719	-7.235563e+01
6720	-7.423207e+01
6721	-7.133656e+01
6722	-7.235071e+01
6723	-7.014350e+01
6724	-7.611730e+01
6725	-7.348320e+01
6726	-7.488911e+01
6727	-7.474899e+01
6728	-7.330849e+01
6729	-7.241846e+01
6730	-7.805685e+01
6731	-7.395696e+01
6732	-7.131615e+01
6733	-7.167531e+01
6734	-7.253136e+01
6735	-7.345056e+01
6736	-7.860966e+01
6737	-7.567309e+01
6738	-7.476255e+01
6739	-7.484067e+01
6740	-7.307966e+01
6741	-7.530286e+01
6742	-7.474464e+01
6743	-7.192579e+01
6744	-7.156955e+01
6745	-7.107900e+01
6746	-7.289002e+01
6747	-7.092172e+01
6748	-7.024125e+01
6749	-7.110419e+01
6750	-7.263496e+01
6751	-7.232579e+01
6752	-7.473591e+01
6753	-7.150236e+01
6754	-7.288648e+01
6755	-7.193800e+01
6756	-7.484202e+01
6757	-6.852393e+01
6758	-7.097201e+01
6759	-7.177269e+01
6760	-7.379612e+01
6761	-7.261080e+01
6762	-7.275410e+01
6763	-7.734834e+01
6764	-7.446131e+01
6765	-7.490619e+01
6766	-7.064731e+01
6767	-7.497593e+01
6768	-7.179553e+01
6769	-7.433693e+01
6770	-7.541301e+01
6771	-7.420785e+01
6772	-7.267918e+01
6773	-7.307493e+01
6774	-7.231454e+01
6775	-7.428232e+01
6776	-7.217272e+01
6777	-7.607941e+01
6778	-7.253188e+01
6779	-7.053302e+01
6780	-7.420794e+01
6781	-7.269482e+01
6782	-7.366337e+01
6783	-7.220146e+01
6784	-7.491779e+01
6785	-7.642532e+01
6786	-7.091824e+01
6787	-7.163846e+01
6788	-7.491427e+01
6789	-7.146580e+01
6790	-7.048136e+01
6791	-7.168724e+01
6792	-7.132108e+01
6793	-7.593318e+01
6794	-7.341366e+01
6795	-6.986389e+01
6796	-7.265297e+01
6797	-7.385305e+01
6798	-7.077374e+01
6799	-7.278715e+01
6800	-7.508689e+01
6801	-7.530378e+01
6802	-7.508067e+01
6803	-7.291753e+01
6804	-7.339910e+01
6805	-7.253536e+01
6806	-7.269005e+01
6807	-7.586788e+01
6808	-7.146801e+01
6809	-7.138379e+01
6810	-7.353688e+01
6811	-7.258021e+01
6812	-7.586984e+01
6813	-7.301378e+01
6814	-7.098531e+01
6815	-7.722792e+01
6816	-7.065831e+01
6817	-7.865694e+01
6818	-7.384999e+01
6819	-7.333540e+01
6820	-7.283186e+01
6821	-7.274343e+01
6822	-7.460238e+01
6823	-7.139224e+01
6824	-7.434264e+01
6825	-7.511987e+01
6826	-7.379847e+01
6827	-7.088789e+01
6828	-7.042624e+01
6829	-7.404064e+01
6830	-7.508585e+01
6831	-7.406394e+01
6832	-7.295421e+01
6833	-7.535477e+01
6834	-7.464161e+01
6835	-7.354384e+01
6836	-7.109474e+01
6837	-7.321880e+01
6838	-7.150267e+01
6839	-7.054454e+01
6840	-7.116821e+01
6841	-7.676183e+01
6842	-7.193041e+01
6843	-7.189744e+01
6844	-7.412808e+01
6845	-7.011198e+01
6846	-7.309277e+01
6847	-7.385182e+01
6848	-7.276443e+01
6849	-7.238868e+01
6850	-7.521994e+01
6851	-7.740763e+01
6852	-7.495277e+01
6853	-7.563662e+01
6854	-7.502044e+01
6855	-7.187604e+01
6856	-7.316747e+01
6857	-6.901546e+01
6858	-7.485576e+01
6859	-7.363674e+01
6860	-7.239892e+01
6861	-7.180632e+01
6862	-7.409524e+01
6863	-7.225127e+01
6864	-7.273051e+01
6865	-7.409001e+01
6866	-7.174291e+01
6867	-7.191598e+01
6868	-7.125670e+01
6869	-7.427972e+01
6870	-7.450912e+01
6871	-7.501790e+01
6872	-7.351192e+01
6873	-7.346676e+01
6874	-7.385149e+01
6875	-7.440824e+01
6876	-7.410180e+01
6877	-6.977587e+01
6878	-7.307583e+01
6879	-7.466367e+01
6880	-7.424200e+01
6881	-7.374454e+01
6882	-6.806311e+01
6883	-7.506565e+01
6884	-7.657166e+01
6885	-7.355585e+01
6886	-7.010107e+01
6887	-7.126038e+01
6888	-7.179617e+01
6889	-7.435531e+01
6890	-7.318943e+01
6891	-7.059513e+01
6892	-7.064806e+01
6893	-7.450375e+01
6894	-7.267431e+01
6895	-7.954669e+01
6896	-7.218738e+01
6897	-7.790910e+01
6898	-7.380565e+01
6899	-7.490555e+01
6900	-7.361024e+01
6901	-7.274687e+01
6902	-7.759814e+01
6903	-7.260243e+01
6904	-7.221076e+01
6905	-7.480770e+01
6906	-6.975233e+01
6907	-7.492299e+01
6908	-7.333251e+01
6909	-7.591949e+01
6910	-7.356847e+01
6911	-7.105954e+01
6912	-7.261216e+01
6913	-7.387055e+01
6914	-6.958543e+01
6915	-7.119615e+01
6916	-7.256250e+01
6917	-6.756820e+01
6918	-7.300782e+01
6919	-7.409994e+01
6920	-7.218169e+01
6921	-7.157169e+01
6922	-7.178159e+01
6923	-7.285954e+01
6924	-7.096564e+01
6925	-7.311063e+01
6926	-7.146345e+01
6927	-7.352766e+01
6928	-7.416882e+01
6929	-7.242216e+01
6930	-6.883511e+01
6931	-7.555808e+01
6932	-7.113442e+01
6933	-7.470048e+01
6934	-7.332242e+01
6935	-7.449877e+01
6936	-7.341177e+01
6937	-7.495340e+01
6938	-7.295463e+01
6939	-7.297816e+01
6940	-7.453024e+01
6941	-7.431822e+01
6942	-7.710298e+01
6943	-7.244895e+01
6944	-7.117168e+01
6945	-7.062148e+01
6946	-7.073108e+01
6947	-7.229922e+01
6948	-7.568434e+01
6949	-7.128451e+01
6950	-7.500095e+01
6951	-7.031241e+01
6952	-7.311459e+01
6953	-7.182964e+01
6954	-7.093286e+01
6955	-7.237511e+01
6956	-7.311457e+01
6957	-7.469196e+01
6958	-7.441063e+01
6959	-7.373714e+01
6960	-7.493632e+01
6961	-7.323858e+01
6962	-7.132028e+01
6963	-7.186165e+01
6964	-7.766505e+01
6965	-7.290626e+01
6966	-7.493853e+01
6967	-7.324364e+01
6968	-7.775272e+01
6969	-7.074646e+01
6970	-7.343790e+01
6971	-7.364493e+01
6972	-7.518911e+01
6973	-7.499358e+01
6974	-7.250368e+01
6975	-7.325754e+01
6976	-7.082056e+01
6977	-7.041820e+01
6978	-7.367358e+01
6979	-7.265820e+01
6980	-7.254698e+01
6981	-7.340428e+01
6982	-7.292777e+01
6983	-7.392671e+01
6984	-7.566156e+01
6985	-7.354133e+01
6986	-7.510516e+01
6987	-7.522846e+01
6988	-7.152813e+01
6989	-7.402893e+01
6990	-7.143277e+01
6991	-7.059544e+01
6992	-7.273537e+01
6993	-7.411311e+01
6994	-7.260833e+01
6995	-7.441397e+01
6996	-7.114677e+01
6997	-7.182022e+01
6998	-7.975406e+01
6999	-7.294476e+01
7000	-6.986330e+01
7001	-7.527464e+01
7002	-7.437214e+01
7003	-7.350331e+01
7004	-6.895555e+01
7005	-7.078481e+01
7006	-7.732657e+01
7007	-7.242907e+01
7008	-7.509237e+01
7009	-7.357177e+01
7010	-7.257968e+01
7011	-6.956604e+01
7012	-7.515628e+01
7013	-7.229366e+01
7014	-7.205184e+01
7015	-7.324776e+01
7016	-7.373752e+01
7017	-7.306588e+01
7018	-7.263366e+01
7019	-7.397283e+01
7020	-7.528387e+01
7021	-7.079727e+01
7022	-7.314968e+01
7023	-7.775991e+01
7024	-7.138000e+01
7025	-7.086418e+01
7026	-7.209407e+01
7027	-7.017046e+01
7028	-7.434516e+01
7029	-7.872756e+01
7030	-7.457007e+01
7031	-7.472544e+01
7032	-7.359360e+01
7033	-7.549151e+01
7034	-6.895476e+01
7035	-7.142201e+01
7036	-6.880065e+01
7037	-7.202276e+01
7038	-7.453657e+01
7039	-7.506078e+01
7040	-6.950317e+01
7041	-7.156274e+01
7042	-7.566626e+01
7043	-7.292281e+01
7044	-7.324900e+01
7045	-7.470665e+01
7046	-7.318109e+01
7047	-7.087835e+01
7048	-7.177508e+01
7049	-7.288626e+01
7050	-7.801033e+01
7051	-7.326881e+01
7052	-7.415793e+01
7053	-7.472416e+01
7054	-7.447522e+01
7055	-7.547956e+01
7056	-7.185913e+01
7057	-7.727242e+01
7058	-7.151472e+01
7059	-7.346369e+01
7060	-7.562188e+01
7061	-7.689057e+01
7062	-7.589478e+01
7063	-7.222227e+01
7064	-7.115936e+01
7065	-7.299617e+01
7066	-7.489387e+01
7067	-7.495170e+01
7068	-7.135855e+01
7069	-7.206814e+01
7070	-7.134666e+01
7071	-7.553309e+01
7072	-7.292645e+01
7073	-7.581450e+01
7074	-7.272289e+01
7075	-7.298275e+01
7076	-7.195113e+01
7077	-7.159383e+01
7078	-7.224912e+01
7079	-7.346367e+01
7080	-7.159433e+01
7081	-7.198720e+01
7082	-7.322301e+01
7083	-7.631731e+01
7084	-7.329064e+01
7085	-7.104818e+01
7086	-7.463609e+01
7087	-7.300203e+01
7088	-6.901719e+01
7089	-7.449164e+01
7090	-7.157726e+01
7091	-7.225248e+01
7092	-7.114857e+01
7093	-7.167755e+01
7094	-7.596244e+01
7095	-7.284299e+01
7096	-7.442763e+01
7097	-7.311862e+01
7098	-7.584912e+01
7099	-7.037416e+01
7100	-7.054842e+01
7101	-7.630894e+01
7102	-7.562134e+01
7103	-7.100612e+01
7104	-7.192533e+01
7105	-7.142987e+01
7106	-7.542460e+01
7107	-7.690670e+01
7108	-6.999024e+01
7109	-7.239026e+01
7110	-7.250581e+01
7111	-7.428395e+01
7112	-7.407042e+01
7113	-7.328604e+01
7114	-7.376400e+01
7115	-7.218151e+01
7116	-7.039267e+01
7117	-7.284598e+01
7118	-7.320255e+01
7119	-7.214320e+01
7120	-7.162262e+01
7121	-7.262836e+01
7122	-7.213561e+01
7123	-7.187409e+01
7124	-7.055379e+01
7125	-7.047861e+01
7126	-7.557188e+01
7127	-7.635817e+01
7128	-7.249944e+01
7129	-7.390584e+01
7130	-7.220513e+01
7131	-7.235713e+01
7132	-7.341161e+01
7133	-7.219552e+01
7134	-7.338554e+01
7135	-7.303832e+01
7136	-7.558469e+01
7137	-7.146585e+01
7138	-7.571520e+01
7139	-6.968941e+01
7140	-7.763253e+01
7141	-7.436329e+01
7142	-7.622011e+01
7143	-7.632644e+01
7144	-7.405268e+01
7145	-7.164665e+01
7146	-7.463966e+01
7147	-7.265801e+01
7148	-7.300090e+01
7149	-7.401194e+01
7150	-7.082922e+01
7151	-7.250221e+01
7152	-7.531615e+01
7153	-7.308046e+01
7154	-7.128467e+01
7155	-7.453586e+01
7156	-7.397548e+01
7157	-7.423631e+01
7158	-7.438282e+01
7159	-7.340225e+01
7160	-7.512284e+01
7161	-6.936449e+01
7162	-7.664855e+01
7163	-7.486787e+01
7164	-7.356028e+01
7165	-7.045377e+01
7166	-7.316390e+01
7167	-7.258463e+01
7168	-7.323161e+01
7169	-7.600879e+01
7170	-7.464134e+01
7171	-7.654613e+01
7172	-7.312294e+01
7173	-7.172124e+01
7174	-7.577111e+01
7175	-7.493993e+01
7176	-7.128656e+01
7177	-7.428183e+01
7178	-7.317888e+01
7179	-6.912538e+01
7180	-7.508254e+01
7181	-7.496405e+01
7182	-7.522908e+01
7183	-7.053746e+01
7184	-7.729660e+01
7185	-7.699469e+01
7186	-7.037710e+01
7187	-7.298413e+01
7188	-7.025743e+01
7189	-7.011523e+01
7190	-7.494702e+01
7191	-7.597887e+01
7192	-6.989416e+01
7193	-7.471845e+01
7194	-7.503615e+01
7195	-7.237606e+01
7196	-7.235466e+01
7197	-7.045090e+01
7198	-7.335739e+01
7199	-7.676022e+01
7200	-7.420228e+01
7201	-7.299754e+01
7202	-7.382970e+01
7203	-7.038160e+01
7204	-7.318809e+01
7205	-7.203238e+01
7206	-7.316807e+01
7207	-7.060287e+01
7208	-7.608853e+01
7209	-7.506034e+01
7210	-7.449675e+01
7211	-7.698358e+01
7212	-7.720691e+01
7213	-7.410150e+01
7214	-7.209534e+01
7215	-7.281998e+01
7216	-7.423769e+01
7217	-7.276461e+01
7218	-7.421646e+01
7219	-7.479115e+01
7220	-7.299125e+01
7221	-7.201897e+01
7222	-7.360140e+01
7223	-7.272299e+01
7224	-7.514117e+01
7225	-7.343316e+01
7226	-7.268029e+01
7227	-7.358923e+01
7228	-7.336036e+01
7229	-7.525016e+01
7230	-7.439329e+01
7231	-7.128021e+01
7232	-7.229943e+01
7233	-7.184563e+01
7234	-7.446382e+01
7235	-7.384842e+01
7236	-7.455594e+01
7237	-7.639306e+01
7238	-7.133715e+01
7239	-7.212216e+01
7240	-7.350605e+01
7241	-7.504818e+01
7242	-7.824811e+01
7243	-7.413121e+01
7244	-7.130542e+01
7245	-6.950472e+01
7246	-7.205212e+01
7247	-7.518305e+01
7248	-6.921092e+01
7249	-7.581180e+01
7250	-7.439270e+01
7251	-7.320789e+01
7252	-7.525771e+01
7253	-7.369582e+01
7254	-7.226685e+01
7255	-6.988694e+01
7256	-6.883984e+01
7257	-7.297497e+01
7258	-7.313629e+01
7259	-7.432540e+01
7260	-7.327988e+01
7261	-7.282328e+01
7262	-7.413848e+01
7263	-7.742807e+01
7264	-6.850360e+01
7265	-7.083422e+01
7266	-7.446023e+01
7267	-7.519109e+01
7268	-7.335277e+01
7269	-7.563477e+01
7270	-7.129663e+01
7271	-7.331714e+01
7272	-7.199986e+01
7273	-7.256390e+01
7274	-7.601998e+01
7275	-7.267048e+01
7276	-6.977995e+01
7277	-7.454961e+01
7278	-7.355869e+01
7279	-7.244870e+01
7280	-7.350660e+01
7281	-7.170293e+01
7282	-7.305440e+01
7283	-6.911562e+01
7284	-7.318450e+01
7285	-7.161100e+01
7286	-7.313653e+01
7287	-7.292127e+01
7288	-6.993361e+01
7289	-7.122650e+01
7290	-7.413457e+01
7291	-7.033022e+01
7292	-7.257489e+01
7293	-7.229616e+01
7294	-7.714243e+01
7295	-7.309487e+01
7296	-7.219376e+01
7297	-7.196123e+01
7298	-7.185650e+01
7299	-7.349518e+01
7300	-7.355419e+01
7301	-7.531987e+01
7302	-7.184243e+01
7303	-7.477547e+01
7304	-7.600999e+01
7305	-7.448379e+01
7306	-7.213358e+01
7307	-7.542847e+01
7308	-7.531302e+01
7309	-7.174975e+01
7310	-7.636430e+01
7311	-7.365049e+01
7312	-7.467045e+01
7313	-7.445269e+01
7314	-7.475346e+01
7315	-7.404017e+01
7316	-7.216823e+01
7317	-7.292758e+01
7318	-7.179100e+01
7319	-7.598432e+01
7320	-7.243780e+01
7321	-7.205817e+01
7322	-7.351195e+01
7323	-7.553915e+01
7324	-7.459802e+01
7325	-7.709804e+01
7326	-7.159815e+01
7327	-7.610614e+01
7328	-7.478410e+01
7329	-7.500589e+01
7330	-7.420328e+01
7331	-7.424375e+01
7332	-7.600678e+01
7333	-7.427041e+01
7334	-7.231604e+01
7335	-7.472457e+01
7336	-7.416799e+01
7337	-7.279528e+01
7338	-7.245247e+01
7339	-7.213851e+01
7340	-7.305583e+01
7341	-7.297437e+01
7342	-7.299134e+01
7343	-7.599300e+01
7344	-7.459992e+01
7345	-7.427471e+01
7346	-7.123433e+01
7347	-7.682125e+01
7348	-7.387934e+01
7349	-7.500544e+01
7350	-7.223939e+01
7351	-7.291235e+01
7352	-7.366861e+01
7353	-7.243003e+01
7354	-7.097619e+01
7355	-7.202546e+01
7356	-6.939285e+01
7357	-7.512343e+01
7358	-7.275482e+01
7359	-7.285120e+01
7360	-7.256233e+01
7361	-7.232335e+01
7362	-7.208776e+01
7363	-7.362192e+01
7364	-7.411548e+01
7365	-7.282906e+01
7366	-7.072097e+01
7367	-7.914886e+01
7368	-7.122180e+01
7369	-7.749457e+01
7370	-7.746607e+01
7371	-7.056594e+01
7372	-7.640278e+01
7373	-7.257101e+01
7374	-7.316179e+01
7375	-7.175029e+01
7376	-7.164721e+01
7377	-7.266777e+01
7378	-7.290898e+01
7379	-7.548577e+01
7380	-7.326415e+01
7381	-7.348085e+01
7382	-7.226620e+01
7383	-7.455515e+01
7384	-7.400098e+01
7385	-7.356923e+01
7386	-7.327108e+01
7387	-7.389041e+01
7388	-7.553829e+01
7389	-7.064107e+01
7390	-7.726716e+01
7391	-7.557277e+01
7392	-7.742548e+01
7393	-7.255410e+01
7394	-7.065079e+01
7395	-7.310931e+01
7396	-7.455587e+01
7397	-7.262935e+01
7398	-7.293529e+01
7399	-7.260209e+01
7400	-7.202927e+01
7401	-7.385158e+01
7402	-7.243780e+01
7403	-7.381651e+01
7404	-7.369138e+01
7405	-7.286370e+01
7406	-7.253348e+01
7407	-7.222868e+01
7408	-7.128735e+01
7409	-7.609288e+01
7410	-7.336951e+01
7411	-7.442034e+01
7412	-7.275190e+01
7413	-7.513461e+01
7414	-7.442812e+01
7415	-7.242990e+01
7416	-7.224358e+01
7417	-7.122041e+01
7418	-7.424612e+01
7419	-6.983656e+01
7420	-7.055579e+01
7421	-7.343417e+01
7422	-7.210903e+01
7423	-7.607199e+01
7424	-7.338252e+01
7425	-7.440228e+01
7426	-7.490125e+01
7427	-7.510183e+01
7428	-7.353888e+01
7429	-7.364108e+01
7430	-7.450670e+01
7431	-7.233054e+01
7432	-7.354063e+01
7433	-7.346521e+01
7434	-7.348252e+01
7435	-7.471375e+01
7436	-7.199562e+01
7437	-7.380621e+01
7438	-7.260580e+01
7439	-7.522763e+01
7440	-7.371749e+01
7441	-7.532904e+01
7442	-7.576468e+01
7443	-7.556032e+01
7444	-7.431464e+01
7445	-6.922823e+01
7446	-7.188943e+01
7447	-7.345511e+01
7448	-7.608731e+01
7449	-6.990742e+01
7450	-7.060831e+01
7451	-7.121737e+01
7452	-7.140859e+01
7453	-7.357531e+01
7454	-7.290192e+01
7455	-7.298456e+01
7456	-7.343795e+01
7457	-7.310547e+01
7458	-7.426034e+01
7459	-7.419095e+01
7460	-7.422824e+01
7461	-7.141322e+01
7462	-7.216848e+01
7463	-7.200024e+01
7464	-7.714315e+01
7465	-7.123027e+01
7466	-7.325195e+01
7467	-7.515513e+01
7468	-7.763260e+01
7469	-7.076624e+01
7470	-7.492935e+01
7471	-7.601954e+01
7472	-7.216076e+01
7473	-7.274797e+01
7474	-7.213764e+01
7475	-7.522399e+01
7476	-7.484099e+01
7477	-7.202073e+01
7478	-7.452637e+01
7479	-7.227689e+01
7480	-7.135592e+01
7481	-7.472537e+01
7482	-6.969068e+01
7483	-7.299265e+01
7484	-7.310338e+01
7485	-7.262316e+01
7486	-7.668586e+01
7487	-7.250896e+01
7488	-7.444945e+01
7489	-7.233420e+01
7490	-7.267113e+01
7491	-7.846613e+01
7492	-7.349410e+01
7493	-7.482577e+01
7494	-7.072696e+01
7495	-7.376179e+01
7496	-7.188546e+01
7497	-7.502464e+01
7498	-7.459459e+01
7499	-7.257348e+01
7500	-6.960619e+01
7501	-7.243561e+01
7502	-7.587372e+01
7503	-6.905222e+01
7504	-7.298797e+01
7505	-7.372103e+01
7506	-7.570584e+01
7507	-7.379816e+01
7508	-7.616143e+01
7509	-7.534892e+01
7510	-7.388430e+01
7511	-7.118558e+01
7512	-7.236895e+01
7513	-7.493954e+01
7514	-7.205567e+01
7515	-7.184169e+01
7516	-7.465263e+01
7517	-7.288514e+01
7518	-7.383155e+01
7519	-7.202026e+01
7520	-7.742883e+01
7521	-7.364840e+01
7522	-7.544477e+01
7523	-7.363481e+01
7524	-7.508548e+01
7525	-7.161269e+01
7526	-7.208679e+01
7527	-7.422338e+01
7528	-6.901934e+01
7529	-7.350728e+01
7530	-7.483620e+01
7531	-7.443880e+01
7532	-6.971705e+01
7533	-7.016802e+01
7534	-7.588425e+01
7535	-7.323845e+01
7536	-7.438973e+01
7537	-7.515736e+01
7538	-7.831526e+01
7539	-7.012086e+01
7540	-7.503630e+01
7541	-7.288763e+01
7542	-7.731750e+01
7543	-7.137484e+01
7544	-7.534417e+01
7545	-7.214548e+01
7546	-7.341173e+01
7547	-7.005203e+01
7548	-7.248507e+01
7549	-7.454785e+01
7550	-7.552460e+01
7551	-7.741978e+01
7552	-7.545059e+01
7553	-7.335228e+01
7554	-7.506210e+01
7555	-7.461947e+01
7556	-7.039004e+01
7557	-7.127714e+01
7558	-7.292328e+01
7559	-7.220746e+01
7560	-7.293338e+01
7561	-7.124326e+01
7562	-7.160149e+01
7563	-7.318501e+01
7564	-7.151461e+01
7565	-7.649585e+01
7566	-7.133935e+01
7567	-7.253355e+01
7568	-7.363163e+01
7569	-7.245913e+01
7570	-7.609111e+01
7571	-7.159429e+01
7572	-7.098252e+01
7573	-7.493834e+01
7574	-6.806626e+01
7575	-7.591171e+01
7576	-7.286214e+01
7577	-7.509084e+01
7578	-7.170295e+01
7579	-7.498036e+01
7580	-7.102052e+01
7581	-7.106340e+01
7582	-7.632889e+01
7583	-7.406361e+01
7584	-7.241892e+01
7585	-7.411626e+01
7586	-7.341745e+01
7587	-7.070044e+01
7588	-7.281179e+01
7589	-7.333932e+01
7590	-7.039377e+01
7591	-7.604022e+01
7592	-7.598157e+01
7593	-7.408783e+01
7594	-7.637425e+01
7595	-7.526900e+01
7596	-7.155387e+01
7597	-7.128014e+01
7598	-7.269849e+01
7599	-7.149490e+01
7600	-7.012256e+01
7601	-7.430290e+01
7602	-7.106419e+01
7603	-7.441641e+01
7604	-7.208912e+01
7605	-7.311652e+01
7606	-7.285576e+01
7607	-7.418535e+01
7608	-7.193016e+01
7609	-7.228125e+01
7610	-7.140143e+01
7611	-7.269954e+01
7612	-7.442824e+01
7613	-7.680191e+01
7614	-7.483915e+01
7615	-7.549969e+01
7616	-7.786317e+01
7617	-7.368002e+01
7618	-7.316948e+01
7619	-7.596240e+01
7620	-7.042978e+01
7621	-7.525822e+01
7622	-7.303576e+01
7623	-7.750973e+01
7624	-7.002151e+01
7625	-7.114344e+01
7626	-7.768383e+01
7627	-7.559096e+01
7628	-7.380418e+01
7629	-7.207384e+01
7630	-7.438685e+01
7631	-7.316225e+01
7632	-7.277539e+01
7633	-7.435912e+01
7634	-7.544697e+01
7635	-7.463905e+01
7636	-7.049608e+01
7637	-7.505398e+01
7638	-7.262315e+01
7639	-7.330540e+01
7640	-7.224425e+01
7641	-7.593762e+01
7642	-7.397623e+01
7643	-7.260021e+01
7644	-7.180043e+01
7645	-7.366144e+01
7646	-7.242508e+01
7647	-7.411557e+01
7648	-7.409455e+01
7649	-7.287883e+01
7650	-7.151961e+01
7651	-7.344777e+01
7652	-7.211233e+01
7653	-7.460573e+01
7654	-7.603914e+01
7655	-7.331982e+01
7656	-7.345871e+01
7657	-7.323524e+01
7658	-7.237766e+01
7659	-7.162462e+01
7660	-7.306434e+01
7661	-7.205903e+01
7662	-7.429440e+01
7663	-7.443513e+01
7664	-7.406003e+01
7665	-7.316256e+01
7666	-7.529648e+01
7667	-7.315286e+01
7668	-7.107349e+01
7669	-7.678215e+01
7670	-7.332606e+01
7671	-7.610449e+01
7672	-7.266909e+01
7673	-7.369172e+01
7674	-7.345168e+01
7675	-7.486427e+01
7676	-7.255998e+01
7677	-7.269871e+01
7678	-7.362319e+01
7679	-7.462760e+01
7680	-7.283492e+01
7681	-7.216818e+01
7682	-7.082620e+01
7683	-7.481568e+01
7684	-7.114947e+01
7685	-7.151905e+01
7686	-7.160287e+01
7687	-7.424694e+01
7688	-7.726105e+01
7689	-7.360464e+01
7690	-7.030342e+01
7691	-7.335064e+01
7692	-7.699670e+01
7693	-7.328743e+01
7694	-7.416575e+01
7695	-7.586570e+01
7696	-7.980632e+01
7697	-7.504809e+01
7698	-7.127526e+01
7699	-7.286176e+01
7700	-7.370375e+01
7701	-7.290861e+01
7702	-7.305185e+01
7703	-7.322628e+01
7704	-7.399824e+01
7705	-7.281992e+01
7706	-7.501288e+01
7707	-7.418474e+01
7708	-7.396901e+01
7709	-7.463755e+01
7710	-7.663157e+01
7711	-7.270218e+01
7712	-7.456230e+01
7713	-7.301789e+01
7714	-7.336330e+01
7715	-7.412414e+01
7716	-7.283769e+01
7717	-7.385685e+01
7718	-7.590693e+01
7719	-7.536744e+01
7720	-7.567105e+01
7721	-6.925992e+01
7722	-7.551569e+01
7723	-7.555289e+01
7724	-7.221863e+01
7725	-7.357041e+01
7726	-7.074091e+01
7727	-6.638902e+01
7728	-7.490865e+01
7729	-7.328448e+01
7730	-7.143526e+01
7731	-7.121897e+01
7732	-7.397782e+01
7733	-7.321037e+01
7734	-7.366339e+01
7735	-7.729136e+01
7736	-7.052801e+01
7737	-7.171173e+01
7738	-7.148255e+01
7739	-7.314004e+01
7740	-7.226862e+01
7741	-7.027656e+01
7742	-7.017667e+01
7743	-7.497678e+01
7744	-7.733867e+01
7745	-7.118609e+01
7746	-7.385689e+01
7747	-7.291690e+01
7748	-7.487120e+01
7749	-7.259471e+01
7750	-7.222034e+01
7751	-7.431990e+01
7752	-7.267025e+01
7753	-7.562483e+01
7754	-7.687891e+01
7755	-7.365425e+01
7756	-7.464655e+01
7757	-7.387079e+01
7758	-7.413934e+01
7759	-7.362276e+01
7760	-7.330083e+01
7761	-7.417498e+01
7762	-7.432907e+01
7763	-7.444493e+01
7764	-7.217107e+01
7765	-7.106885e+01
7766	-7.416136e+01
7767	-7.415611e+01
7768	-7.605849e+01
7769	-7.496944e+01
7770	-7.565574e+01
7771	-7.050234e+01
7772	-6.771717e+01
7773	-7.437657e+01
7774	-7.601462e+01
7775	-7.505921e+01
7776	-6.885030e+01
7777	-7.302785e+01
7778	-7.364408e+01
7779	-7.387723e+01
7780	-7.519688e+01
7781	-7.276013e+01
7782	-7.262679e+01
7783	-7.200769e+01
7784	-7.222501e+01
7785	-7.652630e+01
7786	-7.523474e+01
7787	-7.244180e+01
7788	-6.956388e+01
7789	-7.406940e+01
7790	-7.420833e+01
7791	-7.040284e+01
7792	-7.235445e+01
7793	-7.395847e+01
7794	-7.317425e+01
7795	-7.676525e+01
7796	-7.405565e+01
7797	-7.331929e+01
7798	-7.507394e+01
7799	-7.258705e+01
7800	-7.590758e+01
7801	-7.065498e+01
7802	-7.383701e+01
7803	-7.372451e+01
7804	-7.457735e+01
7805	-7.217848e+01
7806	-7.248589e+01
7807	-7.685114e+01
7808	-7.275038e+01
7809	-7.478069e+01
7810	-7.381086e+01
7811	-6.966266e+01
7812	-7.249749e+01
7813	-7.698715e+01
7814	-7.509233e+01
7815	-6.888921e+01
7816	-7.406114e+01
7817	-7.385801e+01
7818	-7.345141e+01
7819	-7.302497e+01
7820	-7.350431e+01
7821	-7.312225e+01
7822	-7.730724e+01
7823	-7.422527e+01
7824	-7.142936e+01
7825	-7.102693e+01
7826	-7.313218e+01
7827	-7.293778e+01
7828	-7.333071e+01
7829	-7.309980e+01
7830	-7.573854e+01
7831	-7.557453e+01
7832	-7.337125e+01
7833	-7.326857e+01
7834	-7.547083e+01
7835	-7.495146e+01
7836	-7.194626e+01
7837	-7.797099e+01
7838	-7.166950e+01
7839	-7.151380e+01
7840	-7.238298e+01
7841	-7.350113e+01
7842	-7.413701e+01
7843	-7.579186e+01
7844	-7.293792e+01
7845	-7.420882e+01
7846	-7.448778e+01
7847	-7.092880e+01
7848	-7.399942e+01
7849	-7.365831e+01
7850	-7.213543e+01
7851	-7.568726e+01
7852	-7.252733e+01
7853	-7.146303e+01
7854	-7.318141e+01
7855	-7.793191e+01
7856	-7.546347e+01
7857	-7.621464e+01
7858	-7.033160e+01
7859	-7.123938e+01
7860	-7.769050e+01
7861	-7.428816e+01
7862	-7.276928e+01
7863	-7.508439e+01
7864	-7.102463e+01
7865	-6.980676e+01
7866	-7.208893e+01
7867	-7.369687e+01
7868	-7.129412e+01
7869	-6.934230e+01
7870	-7.668575e+01
7871	-7.491320e+01
7872	-7.398811e+01
7873	-7.624810e+01
7874	-7.512714e+01
7875	-7.159918e+01
7876	-7.166918e+01
7877	-7.219187e+01
7878	-7.118424e+01
7879	-7.416615e+01
7880	-7.183726e+01
7881	-7.210703e+01
7882	-7.116449e+01
7883	-7.586321e+01
7884	-7.305603e+01
7885	-7.225482e+01
7886	-7.581310e+01
7887	-6.878269e+01
7888	-7.405640e+01
7889	-7.482408e+01
7890	-7.472209e+01
7891	-7.289884e+01
7892	-6.960205e+01
7893	-7.169805e+01
7894	-7.247366e+01
7895	-7.258490e+01
7896	-7.435528e+01
7897	-7.123431e+01
7898	-6.914273e+01
7899	-7.440861e+01
7900	-7.397571e+01
7901	-7.546805e+01
7902	-7.155338e+01
7903	-7.483409e+01
7904	-7.346547e+01
7905	-7.475158e+01
7906	-7.611123e+01
7907	-7.316164e+01
7908	-7.263173e+01
7909	-7.206358e+01
7910	-7.205115e+01
7911	-7.321056e+01
7912	-7.134794e+01
7913	-7.505216e+01
7914	-7.204197e+01
7915	-7.562107e+01
7916	-6.934632e+01
7917	-7.284092e+01
7918	-7.615941e+01
7919	-7.181374e+01
7920	-7.342490e+01
7921	-7.019787e+01
7922	-7.515562e+01
7923	-7.267885e+01
7924	-7.186520e+01
7925	-7.316052e+01
7926	-7.403945e+01
7927	-7.417894e+01
7928	-7.490660e+01
7929	-7.230959e+01
7930	-7.273879e+01
7931	-7.209986e+01
7932	-7.105909e+01
7933	-7.400334e+01
7934	-7.163220e+01
7935	-7.225855e+01
7936	-7.222982e+01
7937	-7.265035e+01
7938	-7.457524e+01
7939	-7.057053e+01
7940	-7.559074e+01
7941	-7.455404e+01
7942	-7.259208e+01
7943	-7.238218e+01
7944	-7.410360e+01
7945	-7.709965e+01
7946	-7.503133e+01
7947	-7.384988e+01
7948	-7.107477e+01
7949	-7.207752e+01
7950	-7.467866e+01
7951	-7.543953e+01
7952	-7.393187e+01
7953	-7.496318e+01
7954	-7.451886e+01
7955	-7.173798e+01
7956	-7.067965e+01
7957	-7.281600e+01
7958	-7.531337e+01
7959	-7.554748e+01
7960	-7.122180e+01
7961	-7.101881e+01
7962	-7.260136e+01
7963	-7.233251e+01
7964	-7.463014e+01
7965	-7.352808e+01
7966	-7.288460e+01
7967	-7.390952e+01
7968	-6.978822e+01
7969	-7.304658e+01
7970	-7.194426e+01
7971	-7.563955e+01
7972	-7.548718e+01
7973	-7.212926e+01
7974	-7.190498e+01
7975	-7.481505e+01
7976	-7.042970e+01
7977	-7.157678e+01
7978	-7.198389e+01
7979	-7.509397e+01
7980	-7.091867e+01
7981	-7.245872e+01
7982	-7.674609e+01
7983	-7.696231e+01
7984	-7.175242e+01
7985	-7.189169e+01
7986	-7.178096e+01
7987	-7.676917e+01
7988	-7.410337e+01
7989	-7.490319e+01
7990	-7.410303e+01
7991	-7.396772e+01
7992	-7.275632e+01
7993	-7.191054e+01
7994	-7.195346e+01
7995	-7.467698e+01
7996	-7.378003e+01
7997	-7.423490e+01
7998	-7.239140e+01
7999	-7.626335e+01
8000	-7.410674e+01
8001	-7.261472e+01
8002	-7.377061e+01
8003	-7.366847e+01
8004	-7.241818e+01
8005	-7.350744e+01
8006	-7.844379e+01
8007	-7.569912e+01
8008	-6.863088e+01
8009	-7.360853e+01
8010	-7.520467e+01
8011	-7.525230e+01
8012	-7.423154e+01
8013	-7.284499e+01
8014	-7.366507e+01
8015	-7.348140e+01
8016	-7.334293e+01
8017	-6.986243e+01
8018	-7.351921e+01
8019	-7.036997e+01
8020	-7.284479e+01
8021	-7.321876e+01
8022	-7.253679e+01
8023	-7.427200e+01
8024	-7.624859e+01
8025	-7.095885e+01
8026	-7.168600e+01
8027	-7.181050e+01
8028	-7.497506e+01
8029	-7.386866e+01
8030	-7.352592e+01
8031	-7.627999e+01
8032	-7.621709e+01
8033	-7.096245e+01
8034	-7.359080e+01
8035	-7.901477e+01
8036	-7.427153e+01
8037	-7.222880e+01
8038	-7.535644e+01
8039	-7.419636e+01
8040	-7.265459e+01
8041	-7.589436e+01
8042	-7.271539e+01
8043	-7.341522e+01
8044	-7.405813e+01
8045	-7.245048e+01
8046	-7.212292e+01
8047	-7.587574e+01
8048	-7.458744e+01
8049	-7.303776e+01
8050	-7.185316e+01
8051	-7.280179e+01
8052	-7.242443e+01
8053	-7.244914e+01
8054	-7.369137e+01
8055	-7.350169e+01
8056	-7.423531e+01
8057	-7.066408e+01
8058	-7.267660e+01
8059	-7.629354e+01
8060	-7.099588e+01
8061	-7.386618e+01
8062	-7.374897e+01
8063	-7.195631e+01
8064	-7.474504e+01
8065	-7.446235e+01
8066	-7.144320e+01
8067	-7.496340e+01
8068	-7.285636e+01
8069	-7.544103e+01
8070	-7.379444e+01
8071	-7.414699e+01
8072	-7.429291e+01
8073	-7.469298e+01
8074	-7.181578e+01
8075	-7.262250e+01
8076	-7.613842e+01
8077	-7.285042e+01
8078	-7.123786e+01
8079	-7.423188e+01
8080	-7.410468e+01
8081	-7.134619e+01
8082	-7.252865e+01
8083	-7.224464e+01
8084	-7.076663e+01
8085	-7.160544e+01
8086	-7.261731e+01
8087	-7.188712e+01
8088	-7.320798e+01
8089	-7.275145e+01
8090	-7.173749e+01
8091	-7.308780e+01
8092	-6.971436e+01
8093	-7.434987e+01
8094	-7.007928e+01
8095	-7.392673e+01
8096	-7.068745e+01
8097	-7.108612e+01
8098	-7.362771e+01
8099	-7.207272e+01
8100	-7.659355e+01
8101	-7.044443e+01
8102	-7.299316e+01
8103	-7.477007e+01
8104	-6.971123e+01
8105	-7.274526e+01
8106	-7.225018e+01
8107	-7.335860e+01
8108	-7.234826e+01
8109	-6.923972e+01
8110	-7.197285e+01
8111	-7.291360e+01
8112	-7.192911e+01
8113	-7.280646e+01
8114	-7.139467e+01
8115	-7.512754e+01
8116	-7.315766e+01
8117	-7.824326e+01
8118	-7.295830e+01
8119	-7.161072e+01
8120	-7.613439e+01
8121	-7.411995e+01
8122	-7.371748e+01
8123	-7.554107e+01
8124	-7.638893e+01
8125	-7.203050e+01
8126	-7.416371e+01
8127	-7.453371e+01
8128	-7.193300e+01
8129	-7.296108e+01
8130	-7.391599e+01
8131	-7.624025e+01
8132	-6.960754e+01
8133	-7.138386e+01
8134	-7.393185e+01
8135	-7.012094e+01
8136	-7.407257e+01
8137	-7.068602e+01
8138	-7.575834e+01
8139	-7.396720e+01
8140	-7.057640e+01
8141	-7.452352e+01
8142	-7.190323e+01
8143	-7.358040e+01
8144	-7.155338e+01
8145	-7.449136e+01
8146	-7.242679e+01
8147	-7.338492e+01
8148	-7.312155e+01
8149	-7.305469e+01
8150	-7.189337e+01
8151	-7.733048e+01
8152	-7.636561e+01
8153	-7.438044e+01
8154	-7.321568e+01
8155	-7.343278e+01
8156	-7.055464e+01
8157	-7.056831e+01
8158	-7.376569e+01
8159	-7.339789e+01
8160	-7.419269e+01
8161	-7.167012e+01
8162	-7.478682e+01
8163	-6.904685e+01
8164	-7.215406e+01
8165	-7.248723e+01
8166	-7.399401e+01
8167	-7.427471e+01
8168	-7.626916e+01
8169	-7.212887e+01
8170	-6.966499e+01
8171	-7.352769e+01
8172	-7.296786e+01
8173	-7.404323e+01
8174	-7.294601e+01
8175	-7.357203e+01
8176	-7.271477e+01
8177	-7.201302e+01
8178	-7.254864e+01
8179	-7.399529e+01
8180	-6.862891e+01
8181	-7.161064e+01
8182	-7.463663e+01
8183	-7.409676e+01
8184	-6.534320e+01
8185	-7.372624e+01
8186	-7.293541e+01
8187	-7.212110e+01
8188	-7.415933e+01
8189	-7.234670e+01
8190	-7.427122e+01
8191	-7.514053e+01
8192	-7.275740e+01
8193	-7.274437e+01
8194	-7.251794e+01
8195	-7.495345e+01
8196	-7.494843e+01
8197	-7.001752e+01
8198	-7.089441e+01
8199	-7.319973e+01
8200	-7.279490e+01
8201	-7.514782e+01
8202	-7.113771e+01
8203	-7.132029e+01
8204	-7.395864e+01
8205	-7.251520e+01
8206	-7.066517e+01
8207	-7.459751e+01
8208	-7.130650e+01
8209	-7.218465e+01
8210	-6.974698e+01
8211	-7.585104e+01
8212	-7.579306e+01
8213	-7.255592e+01
8214	-7.424580e+01
8215	-7.195528e+01
8216	-7.275342e+01
8217	-7.313339e+01
8218	-7.257520e+01
8219	-7.612152e+01
8220	-7.396292e+01
8221	-7.500921e+01
8222	-7.525992e+01
8223	-7.068794e+01
8224	-7.193177e+01
8225	-7.406798e+01
8226	-7.524526e+01
8227	-7.737656e+01
8228	-7.410903e+01
8229	-7.605276e+01
8230	-7.492936e+01
8231	-7.790109e+01
8232	-7.311262e+01
8233	-7.325056e+01
8234	-7.542412e+01
8235	-7.168552e+01
8236	-7.611103e+01
8237	-7.663714e+01
8238	-7.300088e+01
8239	-7.320160e+01
8240	-7.825537e+01
8241	-7.294472e+01
8242	-7.249903e+01
8243	-7.129998e+01
8244	-7.183429e+01
8245	-7.675708e+01
8246	-7.289282e+01
8247	-7.516234e+01
8248	-7.123883e+01
8249	-7.256692e+01
8250	-7.210823e+01
8251	-7.404243e+01
8252	-7.418433e+01
8253	-7.353592e+01
8254	-7.173484e+01
8255	-7.459075e+01
8256	-7.275749e+01
8257	-7.814099e+01
8258	-7.172972e+01
8259	-7.448007e+01
8260	-7.459269e+01
8261	-7.283001e+01
8262	-7.217821e+01
8263	-7.433292e+01
8264	-7.130583e+01
8265	-7.360898e+01
8266	-7.443666e+01
8267	-7.300506e+01
8268	-7.335910e+01
8269	-7.183101e+01
8270	-7.531762e+01
8271	-7.243201e+01
8272	-7.406288e+01
8273	-7.271245e+01
8274	-7.520554e+01
8275	-7.442637e+01
8276	-7.426981e+01
8277	-7.163862e+01
8278	-7.142835e+01
8279	-7.304688e+01
8280	-7.460335e+01
8281	-7.362299e+01
8282	-7.385331e+01
8283	-7.256462e+01
8284	-7.455311e+01
8285	-7.373800e+01
8286	-7.220996e+01
8287	-7.577931e+01
8288	-7.569310e+01
8289	-7.802991e+01
8290	-7.561801e+01
8291	-7.162001e+01
8292	-7.106560e+01
8293	-7.294838e+01
8294	-7.106320e+01
8295	-7.499470e+01
8296	-7.150787e+01
8297	-6.947140e+01
8298	-7.389223e+01
8299	-7.323541e+01
8300	-7.269664e+01
8301	-7.383432e+01
8302	-7.483332e+01
8303	-7.097202e+01
8304	-7.274605e+01
8305	-7.340792e+01
8306	-7.382145e+01
8307	-7.667371e+01
8308	-7.258465e+01
8309	-7.138486e+01
8310	-7.668252e+01
8311	-7.076592e+01
8312	-7.540168e+01
8313	-7.470559e+01
8314	-7.180734e+01
8315	-7.313568e+01
8316	-7.345332e+01
8317	-7.319286e+01
8318	-7.423423e+01
8319	-7.416389e+01
8320	-7.204453e+01
8321	-7.252284e+01
8322	-7.265921e+01
8323	-7.157733e+01
8324	-7.432976e+01
8325	-7.668754e+01
8326	-7.162062e+01
8327	-7.773098e+01
8328	-7.313445e+01
8329	-7.393653e+01
8330	-7.320708e+01
8331	-7.365561e+01
8332	-7.288944e+01
8333	-7.423946e+01
8334	-7.132817e+01
8335	-7.128915e+01
8336	-7.679938e+01
8337	-7.333092e+01
8338	-7.381545e+01
8339	-7.484615e+01
8340	-7.101868e+01
8341	-7.033001e+01
8342	-7.838911e+01
8343	-7.198257e+01
8344	-7.099291e+01
8345	-7.582895e+01
8346	-7.454625e+01
8347	-7.495312e+01
8348	-7.541676e+01
8349	-7.331498e+01
8350	-6.930570e+01
8351	-6.999901e+01
8352	-7.038259e+01
8353	-7.286653e+01
8354	-7.567179e+01
8355	-7.549074e+01
8356	-6.863074e+01
8357	-7.604470e+01
8358	-7.241132e+01
8359	-7.871978e+01
8360	-7.260716e+01
8361	-7.327973e+01
8362	-7.170017e+01
8363	-7.123587e+01
8364	-7.170347e+01
8365	-7.267113e+01
8366	-7.323305e+01
8367	-7.460042e+01
8368	-7.428580e+01
8369	-7.275319e+01
8370	-7.287407e+01
8371	-7.097913e+01
8372	-7.194238e+01
8373	-7.482926e+01
8374	-7.257379e+01
8375	-7.449997e+01
8376	-7.770970e+01
8377	-6.927221e+01
8378	-7.132143e+01
8379	-7.551014e+01
8380	-7.342258e+01
8381	-7.445242e+01
8382	-7.039653e+01
8383	-6.798254e+01
8384	-7.191494e+01
8385	-7.362116e+01
8386	-7.719104e+01
8387	-7.167805e+01
8388	-7.107693e+01
8389	-7.124351e+01
8390	-7.129532e+01
8391	-7.252785e+01
8392	-7.370695e+01
8393	-7.288294e+01
8394	-7.549786e+01
8395	-7.033469e+01
8396	-7.756884e+01
8397	-7.349359e+01
8398	-7.600660e+01
8399	-7.266811e+01
8400	-7.591086e+01
8401	-7.684407e+01
8402	-7.272866e+01
8403	-7.455724e+01
8404	-7.291758e+01
8405	-7.227874e+01
8406	-7.211633e+01
8407	-7.148078e+01
8408	-7.197152e+01
8409	-7.383208e+01
8410	-7.029841e+01
8411	-7.022089e+01
8412	-7.280622e+01
8413	-7.527969e+01
8414	-7.314634e+01
8415	-7.265890e+01
8416	-6.902671e+01
8417	-7.211777e+01
8418	-7.125096e+01
8419	-7.017250e+01
8420	-7.530012e+01
8421	-7.215015e+01
8422	-7.527417e+01
8423	-7.584907e+01
8424	-7.368915e+01
8425	-7.601564e+01
8426	-7.119493e+01
8427	-7.115943e+01
8428	-7.591774e+01
8429	-7.035637e+01
8430	-7.920617e+01
8431	-7.295147e+01
8432	-7.524369e+01
8433	-7.572918e+01
8434	-7.301291e+01
8435	-7.161777e+01
8436	-7.633489e+01
8437	-7.332099e+01
8438	-7.431984e+01
8439	-7.262543e+01
8440	-7.273228e+01
8441	-6.782375e+01
8442	-7.440425e+01
8443	-7.356796e+01
8444	-7.445751e+01
8445	-7.275485e+01
8446	-7.434109e+01
8447	-7.086150e+01
8448	-7.549616e+01
8449	-7.142476e+01
8450	-7.569689e+01
8451	-7.573913e+01
8452	-7.268375e+01
8453	-7.080020e+01
8454	-7.392027e+01
8455	-7.192709e+01
8456	-6.993180e+01
8457	-7.208388e+01
8458	-7.244741e+01
8459	-7.524054e+01
8460	-7.171061e+01
8461	-6.993509e+01
8462	-7.379747e+01
8463	-7.730635e+01
8464	-7.649465e+01
8465	-7.010803e+01
8466	-7.611470e+01
8467	-7.283188e+01
8468	-7.195456e+01
8469	-7.146098e+01
8470	-6.966931e+01
8471	-7.249745e+01
8472	-7.416172e+01
8473	-7.254509e+01
8474	-7.639371e+01
8475	-7.361480e+01
8476	-7.170219e+01
8477	-7.368496e+01
8478	-7.075957e+01
8479	-7.131217e+01
8480	-7.114471e+01
8481	-7.498897e+01
8482	-7.377878e+01
8483	-7.347652e+01
8484	-7.288278e+01
8485	-7.186860e+01
8486	-7.371427e+01
8487	-7.664193e+01
8488	-7.296153e+01
8489	-7.255185e+01
8490	-7.412393e+01
8491	-7.414749e+01
8492	-7.076093e+01
8493	-7.059421e+01
8494	-7.383630e+01
8495	-7.246151e+01
8496	-7.291940e+01
8497	-7.305039e+01
8498	-7.156896e+01
8499	-7.557169e+01
8500	-7.289691e+01
8501	-7.424034e+01
8502	-6.948343e+01
8503	-7.226466e+01
8504	-7.315568e+01
8505	-7.153516e+01
8506	-7.369157e+01
8507	-7.282306e+01
8508	-6.932855e+01
8509	-7.378223e+01
8510	-7.465858e+01
8511	-7.328233e+01
8512	-7.228680e+01
8513	-7.413779e+01
8514	-7.332084e+01
8515	-7.615795e+01
8516	-7.201415e+01
8517	-7.344586e+01
8518	-7.137484e+01
8519	-7.580637e+01
8520	-7.567122e+01
8521	-7.292655e+01
8522	-7.466392e+01
8523	-7.385886e+01
8524	-7.460323e+01
8525	-7.495047e+01
8526	-7.339053e+01
8527	-7.243212e+01
8528	-7.603573e+01
8529	-7.303160e+01
8530	-7.352775e+01
8531	-7.288435e+01
8532	-7.610134e+01
8533	-6.919574e+01
8534	-7.724767e+01
8535	-7.352178e+01
8536	-7.181848e+01
8537	-7.348333e+01
8538	-7.832042e+01
8539	-7.478075e+01
8540	-7.627762e+01
8541	-7.045601e+01
8542	-7.399987e+01
8543	-7.232431e+01
8544	-7.287759e+01
8545	-7.271850e+01
8546	-7.104452e+01
8547	-7.309048e+01
8548	-7.438058e+01
8549	-7.683892e+01
8550	-7.333230e+01
8551	-7.486139e+01
8552	-7.508951e+01
8553	-7.385693e+01
8554	-7.213274e+01
8555	-7.455412e+01
8556	-7.031360e+01
8557	-7.400211e+01
8558	-7.056343e+01
8559	-7.145360e+01
8560	-7.525124e+01
8561	-7.288494e+01
8562	-7.710551e+01
8563	-6.988040e+01
8564	-7.288344e+01
8565	-7.503153e+01
8566	-7.129951e+01
8567	-7.303311e+01
8568	-7.292072e+01
8569	-7.313874e+01
8570	-7.352792e+01
8571	-7.758476e+01
8572	-7.201542e+01
8573	-6.946560e+01
8574	-7.359452e+01
8575	-7.608104e+01
8576	-7.245674e+01
8577	-7.120699e+01
8578	-6.879179e+01
8579	-7.098019e+01
8580	-7.220409e+01
8581	-7.796357e+01
8582	-7.503674e+01
8583	-7.120550e+01
8584	-7.753485e+01
8585	-7.401241e+01
8586	-7.273638e+01
8587	-7.507588e+01
8588	-7.311030e+01
8589	-7.435248e+01
8590	-7.380236e+01
8591	-7.308505e+01
8592	-7.340106e+01
8593	-7.625999e+01
8594	-7.227022e+01
8595	-7.486858e+01
8596	-7.111888e+01
8597	-7.127926e+01
8598	-7.341584e+01
8599	-6.936469e+01
8600	-7.323114e+01
8601	-7.318144e+01
8602	-7.018204e+01
8603	-7.256899e+01
8604	-7.483059e+01
8605	-7.459601e+01
8606	-7.353103e+01
8607	-7.440273e+01
8608	-7.362533e+01
8609	-6.849782e+01
8610	-7.226234e+01
8611	-7.178108e+01
8612	-7.338155e+01
8613	-7.277519e+01
8614	-7.118310e+01
8615	-7.317330e+01
8616	-7.005384e+01
8617	-7.250552e+01
8618	-7.597746e+01
8619	-7.498819e+01
8620	-7.168234e+01
8621	-7.354778e+01
8622	-7.029385e+01
8623	-6.890498e+01
8624	-7.343854e+01
8625	-7.185458e+01
8626	-7.465279e+01
8627	-7.093917e+01
8628	-7.268325e+01
8629	-7.394001e+01
8630	-7.650195e+01
8631	-7.011299e+01
8632	-7.399002e+01
8633	-7.629204e+01
8634	-7.466156e+01
8635	-7.277414e+01
8636	-7.088045e+01
8637	-6.991759e+01
8638	-7.764800e+01
8639	-7.524892e+01
8640	-6.830243e+01
8641	-7.345743e+01
8642	-7.769034e+01
8643	-7.663362e+01
8644	-7.003403e+01
8645	-7.228337e+01
8646	-7.062265e+01
8647	-7.143499e+01
8648	-7.440928e+01
8649	-6.960851e+01
8650	-7.433520e+01
8651	-7.393381e+01
8652	-7.500432e+01
8653	-7.399111e+01
8654	-7.260290e+01
8655	-7.399278e+01
8656	-7.320229e+01
8657	-7.130022e+01
8658	-7.128430e+01
8659	-7.383116e+01
8660	-7.600343e+01
8661	-7.523490e+01
8662	-7.563689e+01
8663	-7.290181e+01
8664	-7.384925e+01
8665	-7.394332e+01
8666	-7.223451e+01
8667	-7.026567e+01
8668	-7.404939e+01
8669	-7.408031e+01
8670	-7.321594e+01
8671	-6.927715e+01
8672	-7.335782e+01
8673	-7.149907e+01
8674	-7.516926e+01
8675	-7.173062e+01
8676	-7.545417e+01
8677	-7.359556e+01
8678	-7.456050e+01
8679	-7.362492e+01
8680	-7.173014e+01
8681	-7.594188e+01
8682	-7.316615e+01
8683	-7.715325e+01
8684	-7.358927e+01
8685	-7.361567e+01
8686	-7.380498e+01
8687	-7.481802e+01
8688	-7.230218e+01
8689	-7.414200e+01
8690	-7.342511e+01
8691	-7.254862e+01
8692	-6.965814e+01
8693	-7.466436e+01
8694	-7.332410e+01
8695	-7.295781e+01
8696	-7.214972e+01
8697	-7.212595e+01
8698	-7.193222e+01
8699	-7.366050e+01
8700	-7.242601e+01
8701	-7.193377e+01
8702	-7.563231e+01
8703	-7.217494e+01
8704	-7.455729e+01
8705	-7.272598e+01
8706	-7.312630e+01
8707	-7.602883e+01
8708	-7.180295e+01
8709	-7.350207e+01
8710	-7.416260e+01
8711	-7.651598e+01
8712	-7.279145e+01
8713	-7.495958e+01
8714	-7.386664e+01
8715	-7.528111e+01
8716	-7.274453e+01
8717	-7.703436e+01
8718	-7.088683e+01
8719	-7.561196e+01
8720	-7.548706e+01
8721	-7.466340e+01
8722	-7.354759e+01
8723	-7.098299e+01
8724	-7.332848e+01
8725	-7.137124e+01
8726	-7.113677e+01
8727	-7.457156e+01
8728	-6.987791e+01
8729	-7.458255e+01
8730	-6.903756e+01
8731	-7.400177e+01
8732	-7.505341e+01
8733	-7.258102e+01
8734	-7.158520e+01
8735	-7.197693e+01
8736	-7.251684e+01
8737	-7.548271e+01
8738	-7.433536e+01
8739	-7.475148e+01
8740	-6.977006e+01
8741	-7.068653e+01
8742	-7.361725e+01
8743	-7.065624e+01
8744	-7.495588e+01
8745	-7.188710e+01
8746	-7.567204e+01
8747	-7.185914e+01
8748	-7.120891e+01
8749	-7.397548e+01
8750	-7.685977e+01
8751	-7.624505e+01
8752	-7.239951e+01
8753	-7.464489e+01
8754	-7.327360e+01
8755	-7.353887e+01
8756	-7.809439e+01
8757	-7.528656e+01
8758	-7.487585e+01
8759	-7.541676e+01
8760	-7.267705e+01
8761	-7.072405e+01
8762	-6.993796e+01
8763	-7.151527e+01
8764	-7.201600e+01
8765	-7.174852e+01
8766	-7.277830e+01
8767	-7.358951e+01
8768	-6.911387e+01
8769	-7.500797e+01
8770	-7.701175e+01
8771	-7.218484e+01
8772	-7.728934e+01
8773	-7.425154e+01
8774	-7.946579e+01
8775	-7.169575e+01
8776	-7.633727e+01
8777	-6.920350e+01
8778	-7.341606e+01
8779	-7.172988e+01
8780	-7.503441e+01
8781	-7.131217e+01
8782	-7.216590e+01
8783	-7.197736e+01
8784	-7.299858e+01
8785	-7.274111e+01
8786	-7.413964e+01
8787	-7.965070e+01
8788	-7.335745e+01
8789	-6.989800e+01
8790	-7.876981e+01
8791	-6.758963e+01
8792	-7.194705e+01
8793	-7.401461e+01
8794	-7.221853e+01
8795	-7.195001e+01
8796	-7.269700e+01
8797	-7.371308e+01
8798	-7.277762e+01
8799	-7.620728e+01
8800	-7.722126e+01
8801	-7.312609e+01
8802	-7.525540e+01
8803	-7.310521e+01
8804	-7.681428e+01
8805	-7.670421e+01
8806	-7.368061e+01
8807	-7.198649e+01
8808	-7.256589e+01
8809	-7.057377e+01
8810	-7.267821e+01
8811	-7.577736e+01
8812	-7.219699e+01
8813	-7.567942e+01
8814	-7.402493e+01
8815	-7.215486e+01
8816	-7.458199e+01
8817	-7.289625e+01
8818	-7.676419e+01
8819	-7.407334e+01
8820	-7.496412e+01
8821	-7.455608e+01
8822	-7.314147e+01
8823	-7.259418e+01
8824	-7.431514e+01
8825	-7.248822e+01
8826	-7.580664e+01
8827	-7.150459e+01
8828	-7.254635e+01
8829	-6.960321e+01
8830	-7.144770e+01
8831	-7.234290e+01
8832	-7.062144e+01
8833	-7.604522e+01
8834	-7.399562e+01
8835	-7.444506e+01
8836	-7.127319e+01
8837	-7.328066e+01
8838	-7.558856e+01
8839	-7.197512e+01
8840	-7.721333e+01
8841	-7.427563e+01
8842	-7.447246e+01
8843	-7.310297e+01
8844	-7.417928e+01
8845	-7.728246e+01
8846	-7.324176e+01
8847	-7.415536e+01
8848	-7.353069e+01
8849	-7.174377e+01
8850	-7.072304e+01
8851	-7.438271e+01
8852	-7.181491e+01
8853	-7.370400e+01
8854	-7.454510e+01
8855	-7.327228e+01
8856	-7.414027e+01
8857	-7.262483e+01
8858	-7.438549e+01
8859	-7.696770e+01
8860	-7.368682e+01
8861	-6.845227e+01
8862	-7.332019e+01
8863	-7.147160e+01
8864	-7.441507e+01
8865	-7.583764e+01
8866	-6.807158e+01
8867	-7.187605e+01
8868	-7.248212e+01
8869	-7.244496e+01
8870	-7.278412e+01
8871	-7.173325e+01
8872	-7.051982e+01
8873	-7.215383e+01
8874	-7.121588e+01
8875	-7.323102e+01
8876	-7.196973e+01
8877	-7.391445e+01
8878	-7.377640e+01
8879	-7.435730e+01
8880	-7.543096e+01
8881	-6.973808e+01
8882	-6.771834e+01
8883	-7.542733e+01
8884	-7.254730e+01
8885	-7.314436e+01
8886	-7.281385e+01
8887	-7.293288e+01
8888	-7.343473e+01
8889	-7.617626e+01
8890	-7.623621e+01
8891	-7.331378e+01
8892	-7.394983e+01
8893	-7.468468e+01
8894	-7.186557e+01
8895	-6.904227e+01
8896	-7.629146e+01
8897	-7.360435e+01
8898	-7.729712e+01
8899	-7.183931e+01
8900	-7.248004e+01
8901	-7.716280e+01
8902	-7.424923e+01
8903	-7.299655e+01
8904	-7.210353e+01
8905	-7.465138e+01
8906	-7.764862e+01
8907	-7.670016e+01
8908	-7.103895e+01
8909	-7.098758e+01
8910	-7.562771e+01
8911	-7.445796e+01
8912	-7.274353e+01
8913	-7.527741e+01
8914	-7.156898e+01
8915	-7.793645e+01
8916	-7.230665e+01
8917	-7.458634e+01
8918	-7.330243e+01
8919	-7.539175e+01
8920	-7.306467e+01
8921	-7.583645e+01
8922	-7.187756e+01
8923	-6.868863e+01
8924	-7.125451e+01
8925	-7.302546e+01
8926	-7.189175e+01
8927	-7.276935e+01
8928	-7.592719e+01
8929	-7.219764e+01
8930	-7.205848e+01
8931	-6.877897e+01
8932	-7.108217e+01
8933	-7.351030e+01
8934	-7.386491e+01
8935	-7.574049e+01
8936	-7.160092e+01
8937	-7.350138e+01
8938	-7.063605e+01
8939	-6.928922e+01
8940	-7.438696e+01
8941	-7.342431e+01
8942	-7.125468e+01
8943	-7.073276e+01
8944	-7.291436e+01
8945	-7.184206e+01
8946	-7.470841e+01
8947	-7.638692e+01
8948	-7.423747e+01
8949	-7.656181e+01
8950	-7.110759e+01
8951	-7.328936e+01
8952	-7.223703e+01
8953	-7.550015e+01
8954	-7.176962e+01
8955	-7.193522e+01
8956	-7.337636e+01
8957	-7.144972e+01
8958	-7.452047e+01
8959	-7.282819e+01
8960	-7.433382e+01
8961	-7.237150e+01
8962	-7.575097e+01
8963	-7.342925e+01
8964	-7.505727e+01
8965	-7.558252e+01
8966	-7.104900e+01
8967	-7.257923e+01
8968	-7.203309e+01
8969	-7.208342e+01
8970	-7.511818e+01
8971	-7.458269e+01
8972	-7.284420e+01
8973	-7.145340e+01
8974	-7.414659e+01
8975	-7.405755e+01
8976	-7.173002e+01
8977	-6.986115e+01
8978	-7.360484e+01
8979	-7.263797e+01
8980	-7.556022e+01
8981	-7.378022e+01
8982	-6.991486e+01
8983	-7.835934e+01
8984	-7.164234e+01
8985	-7.482858e+01
8986	-7.419359e+01
8987	-7.348283e+01
8988	-7.440758e+01
8989	-7.244552e+01
8990	-7.360713e+01
8991	-7.136600e+01
8992	-7.010243e+01
8993	-6.949369e+01
8994	-7.586844e+01
8995	-7.296049e+01
8996	-7.404353e+01
8997	-7.270542e+01
8998	-7.495908e+01
8999	-7.049185e+01
9000	-7.247777e+01
9001	-7.312663e+01
9002	-7.160637e+01
9003	-7.158099e+01
9004	-7.317474e+01
9005	-7.643981e+01
9006	-7.281738e+01
9007	-7.856208e+01
9008	-7.084307e+01
9009	-7.174620e+01
9010	-7.402153e+01
9011	-7.257903e+01
9012	-7.490804e+01
9013	-7.493537e+01
9014	-7.298160e+01
9015	-6.832544e+01
9016	-7.552920e+01
9017	-7.493773e+01
9018	-7.495981e+01
9019	-7.277861e+01
9020	-7.314004e+01
9021	-7.535242e+01
9022	-7.242624e+01
9023	-7.432536e+01
9024	-7.224431e+01
9025	-7.346194e+01
9026	-7.527916e+01
9027	-7.556663e+01
9028	-7.476191e+01
9029	-7.643074e+01
9030	-7.215304e+01
9031	-7.360519e+01
9032	-7.096486e+01
9033	-7.235636e+01
9034	-7.167205e+01
9035	-6.853911e+01
9036	-7.009496e+01
9037	-7.375971e+01
9038	-7.065151e+01
9039	-7.312211e+01
9040	-6.728143e+01
9041	-6.997046e+01
9042	-7.132361e+01
9043	-7.381381e+01
9044	-6.933459e+01
9045	-7.074033e+01
9046	-7.285793e+01
9047	-7.266142e+01
9048	-7.287085e+01
9049	-6.902412e+01
9050	-7.526036e+01
9051	-7.544717e+01
9052	-7.361382e+01
9053	-7.651014e+01
9054	-7.168796e+01
9055	-7.213540e+01
9056	-7.232505e+01
9057	-7.617231e+01
9058	-7.498219e+01
9059	-7.299285e+01
9060	-7.197673e+01
9061	-7.206796e+01
9062	-7.249097e+01
9063	-7.133115e+01
9064	-7.554946e+01
9065	-7.413642e+01
9066	-7.453490e+01
9067	-7.449478e+01
9068	-7.431018e+01
9069	-7.517467e+01
9070	-7.278308e+01
9071	-7.349155e+01
9072	-7.402287e+01
9073	-7.705616e+01
9074	-7.516104e+01
9075	-7.408146e+01
9076	-7.279993e+01
9077	-7.407140e+01
9078	-7.194322e+01
9079	-7.571402e+01
9080	-7.367003e+01
9081	-7.205852e+01
9082	-7.095108e+01
9083	-7.144395e+01
9084	-7.672708e+01
9085	-7.339598e+01
9086	-7.498734e+01
9087	-7.053840e+01
9088	-7.320908e+01
9089	-7.554511e+01
9090	-7.370826e+01
9091	-7.407825e+01
9092	-7.464519e+01
9093	-7.241232e+01
9094	-7.335324e+01
9095	-7.450452e+01
9096	-7.301708e+01
9097	-7.260920e+01
9098	-7.490459e+01
9099	-7.621939e+01
9100	-7.500577e+01
9101	-7.039507e+01
9102	-7.628484e+01
9103	-7.227822e+01
9104	-7.396987e+01
9105	-7.299729e+01
9106	-7.260591e+01
9107	-7.225774e+01
9108	-7.614880e+01
9109	-7.330588e+01
9110	-7.131868e+01
9111	-7.138593e+01
9112	-7.407697e+01
9113	-7.575169e+01
9114	-7.231727e+01
9115	-7.351151e+01
9116	-7.505497e+01
9117	-7.280928e+01
9118	-7.262319e+01
9119	-7.959952e+01
9120	-7.436699e+01
9121	-7.100479e+01
9122	-7.180999e+01
9123	-7.150607e+01
9124	-7.399811e+01
9125	-7.354444e+01
9126	-7.181648e+01
9127	-7.071633e+01
9128	-7.165743e+01
9129	-7.580130e+01
9130	-6.972488e+01
9131	-7.611848e+01
9132	-7.230630e+01
9133	-7.451109e+01
9134	-7.118540e+01
9135	-7.633677e+01
9136	-7.412990e+01
9137	-7.465949e+01
9138	-7.367790e+01
9139	-7.324378e+01
9140	-6.879594e+01
9141	-7.384778e+01
9142	-7.168036e+01
9143	-7.189640e+01
9144	-7.073764e+01
9145	-7.379823e+01
9146	-7.329821e+01
9147	-7.058437e+01
9148	-7.435863e+01
9149	-7.170338e+01
9150	-7.328180e+01
9151	-7.473836e+01
9152	-7.386989e+01
9153	-7.078218e+01
9154	-7.389915e+01
9155	-7.626691e+01
9156	-7.065977e+01
9157	-7.390710e+01
9158	-7.442616e+01
9159	-7.349752e+01
9160	-7.318157e+01
9161	-7.478116e+01
9162	-7.442161e+01
9163	-7.465446e+01
9164	-7.135017e+01
9165	-7.350530e+01
9166	-7.114806e+01
9167	-7.559212e+01
9168	-6.942181e+01
9169	-7.215117e+01
9170	-7.587829e+01
9171	-7.606479e+01
9172	-7.496536e+01
9173	-7.346470e+01
9174	-7.086374e+01
9175	-7.274547e+01
9176	-7.299085e+01
9177	-7.434498e+01
9178	-7.277161e+01
9179	-7.015925e+01
9180	-7.049405e+01
9181	-7.022100e+01
9182	-7.275608e+01
9183	-7.477424e+01
9184	-7.355266e+01
9185	-7.133363e+01
9186	-7.448517e+01
9187	-7.491993e+01
9188	-7.401912e+01
9189	-7.687061e+01
9190	-7.133043e+01
9191	-7.269281e+01
9192	-7.196743e+01
9193	-7.484495e+01
9194	-7.384417e+01
9195	-6.992423e+01
9196	-7.110107e+01
9197	-7.414045e+01
9198	-7.463569e+01
9199	-7.324492e+01
9200	-7.394179e+01
9201	-7.444713e+01
9202	-7.479639e+01
9203	-7.415198e+01
9204	-7.257109e+01
9205	-7.359958e+01
9206	-7.639220e+01
9207	-7.158616e+01
9208	-7.256492e+01
9209	-7.104395e+01
9210	-6.779118e+01
9211	-7.196090e+01
9212	-7.045750e+01
9213	-7.201340e+01
9214	-7.170820e+01
9215	-7.658422e+01
9216	-7.325858e+01
9217	-7.220978e+01
9218	-7.673565e+01
9219	-7.119650e+01
9220	-7.462816e+01
9221	-6.886318e+01
9222	-7.166586e+01
9223	-7.218574e+01
9224	-7.531638e+01
9225	-7.687687e+01
9226	-7.389485e+01
9227	-7.089168e+01
9228	-7.668345e+01
9229	-7.281533e+01
9230	-7.455418e+01
9231	-7.371227e+01
9232	-7.034710e+01
9233	-7.466500e+01
9234	-7.146947e+01
9235	-7.214141e+01
9236	-7.130571e+01
9237	-7.664214e+01
9238	-7.336752e+01
9239	-7.335119e+01
9240	-7.585180e+01
9241	-7.590037e+01
9242	-7.222660e+01
9243	-7.107268e+01
9244	-7.372408e+01
9245	-7.343225e+01
9246	-7.191371e+01
9247	-7.275580e+01
9248	-7.593615e+01
9249	-7.001727e+01
9250	-7.896169e+01
9251	-7.337735e+01
9252	-7.176502e+01
9253	-7.420059e+01
9254	-7.309050e+01
9255	-7.208686e+01
9256	-7.249553e+01
9257	-7.138352e+01
9258	-7.438907e+01
9259	-7.459007e+01
9260	-7.164273e+01
9261	-7.331808e+01
9262	-7.174941e+01
9263	-6.917922e+01
9264	-7.489398e+01
9265	-7.548057e+01
9266	-7.588790e+01
9267	-7.446218e+01
9268	-7.389132e+01
9269	-7.423090e+01
9270	-7.604658e+01
9271	-7.289141e+01
9272	-7.207261e+01
9273	-6.900398e+01
9274	-7.130488e+01
9275	-7.515493e+01
9276	-7.319409e+01
9277	-7.384497e+01
9278	-7.436782e+01
9279	-7.172747e+01
9280	-6.969580e+01
9281	-7.192924e+01
9282	-7.540762e+01
9283	-7.616146e+01
9284	-7.053294e+01
9285	-7.408708e+01
9286	-7.165771e+01
9287	-7.073443e+01
9288	-7.172321e+01
9289	-7.438557e+01
9290	-7.672251e+01
9291	-7.255276e+01
9292	-7.399298e+01
9293	-7.404821e+01
9294	-7.265380e+01
9295	-7.293747e+01
9296	-7.293986e+01
9297	-7.460213e+01
9298	-7.093260e+01
9299	-7.343195e+01
9300	-7.426568e+01
9301	-7.226389e+01
9302	-7.433318e+01
9303	-7.052938e+01
9304	-7.174717e+01
9305	-7.064327e+01
9306	-7.478843e+01
9307	-6.876678e+01
9308	-7.098894e+01
9309	-7.452043e+01
9310	-7.511415e+01
9311	-7.160974e+01
9312	-7.147196e+01
9313	-7.175186e+01
9314	-7.194195e+01
9315	-7.150111e+01
9316	-7.451218e+01
9317	-7.509705e+01
9318	-7.488879e+01
9319	-7.429722e+01
9320	-7.422044e+01
9321	-7.179275e+01
9322	-7.432714e+01
9323	-7.410164e+01
9324	-7.616955e+01
9325	-7.407152e+01
9326	-7.361258e+01
9327	-7.421823e+01
9328	-7.558806e+01
9329	-7.448888e+01
9330	-7.189250e+01
9331	-7.335749e+01
9332	-7.215161e+01
9333	-7.560919e+01
9334	-7.306413e+01
9335	-7.261551e+01
9336	-7.475085e+01
9337	-6.905094e+01
9338	-6.991549e+01
9339	-7.276799e+01
9340	-7.586216e+01
9341	-7.217493e+01
9342	-7.228683e+01
9343	-7.227020e+01
9344	-7.090095e+01
9345	-7.802269e+01
9346	-7.125407e+01
9347	-7.168553e+01
9348	-7.322481e+01
9349	-7.252496e+01
9350	-7.351654e+01
9351	-7.007091e+01
9352	-7.417603e+01
9353	-6.984017e+01
9354	-7.242618e+01
9355	-7.395729e+01
9356	-7.492087e+01
9357	-7.405126e+01
9358	-7.104208e+01
9359	-7.511228e+01
9360	-7.336228e+01
9361	-7.284180e+01
9362	-7.595179e+01
9363	-7.737121e+01
9364	-7.296465e+01
9365	-7.279505e+01
9366	-7.265741e+01
9367	-6.711914e+01
9368	-7.598510e+01
9369	-7.014801e+01
9370	-7.420801e+01
9371	-7.224856e+01
9372	-7.273624e+01
9373	-6.994995e+01
9374	-7.138910e+01
9375	-7.534744e+01
9376	-7.514986e+01
9377	-7.110734e+01
9378	-7.588932e+01
9379	-7.261562e+01
9380	-7.338007e+01
9381	-7.273958e+01
9382	-7.575297e+01
9383	-7.257370e+01
9384	-7.278038e+01
9385	-7.322840e+01
9386	-7.244474e+01
9387	-7.084458e+01
9388	-7.438032e+01
9389	-7.395670e+01
9390	-7.531970e+01
9391	-7.037509e+01
9392	-7.561769e+01
9393	-7.596258e+01
9394	-7.497744e+01
9395	-6.903896e+01
9396	-7.208603e+01
9397	-7.387245e+01
9398	-7.524781e+01
9399	-7.416889e+01
9400	-7.483877e+01
9401	-7.395326e+01
9402	-7.281676e+01
9403	-7.396026e+01
9404	-7.307482e+01
9405	-6.846451e+01
9406	-7.322488e+01
9407	-7.225732e+01
9408	-7.696364e+01
9409	-7.531358e+01
9410	-7.095442e+01
9411	-7.192736e+01
9412	-7.308550e+01
9413	-7.168939e+01
9414	-7.470775e+01
9415	-7.380855e+01
9416	-7.226902e+01
9417	-7.258721e+01
9418	-7.441190e+01
9419	-7.390805e+01
9420	-7.433261e+01
9421	-7.101063e+01
9422	-7.472335e+01
9423	-7.183988e+01
9424	-7.309105e+01
9425	-7.305837e+01
9426	-7.272936e+01
9427	-7.130225e+01
9428	-7.425635e+01
9429	-7.569910e+01
9430	-7.359726e+01
9431	-7.554002e+01
9432	-7.233999e+01
9433	-7.366410e+01
9434	-7.097616e+01
9435	-7.317676e+01
9436	-7.219214e+01
9437	-7.548045e+01
9438	-7.663756e+01
9439	-7.449233e+01
9440	-7.546977e+01
9441	-7.272988e+01
9442	-7.220963e+01
9443	-7.354555e+01
9444	-7.109665e+01
9445	-7.439204e+01
9446	-7.464896e+01
9447	-7.134434e+01
9448	-7.207027e+01
9449	-7.194931e+01
9450	-7.584972e+01
9451	-7.408935e+01
9452	-7.851052e+01
9453	-7.184197e+01
9454	-7.206105e+01
9455	-7.174315e+01
9456	-7.437404e+01
9457	-7.285906e+01
9458	-7.273229e+01
9459	-7.126838e+01
9460	-7.079769e+01
9461	-6.959677e+01
9462	-7.412385e+01
9463	-7.553998e+01
9464	-6.788982e+01
9465	-7.207080e+01
9466	-7.166328e+01
9467	-7.277191e+01
9468	-7.211517e+01
9469	-7.297699e+01
9470	-7.159012e+01
9471	-7.449666e+01
9472	-7.401150e+01
9473	-7.592941e+01
9474	-7.171632e+01
9475	-6.874846e+01
9476	-7.449476e+01
9477	-7.291143e+01
9478	-7.255854e+01
9479	-7.476276e+01
9480	-7.076845e+01
9481	-7.458871e+01
9482	-7.091238e+01
9483	-7.547334e+01
9484	-7.331661e+01
9485	-6.946390e+01
9486	-7.719085e+01
9487	-7.483603e+01
9488	-7.118549e+01
9489	-7.612583e+01
9490	-7.406897e+01
9491	-7.682890e+01
9492	-6.957723e+01
9493	-7.545205e+01
9494	-7.531400e+01
9495	-7.553920e+01
9496	-7.168177e+01
9497	-7.232651e+01
9498	-7.282851e+01
9499	-7.096737e+01
9500	-7.414888e+01
9501	-7.240756e+01
9502	-7.095331e+01
9503	-7.436852e+01
9504	-7.343735e+01
9505	-7.231321e+01
9506	-7.610452e+01
9507	-7.301440e+01
9508	-7.266207e+01
9509	-7.401302e+01
9510	-7.245763e+01
9511	-7.510082e+01
9512	-7.205528e+01
9513	-7.156559e+01
9514	-7.299065e+01
9515	-7.196303e+01
9516	-7.787034e+01
9517	-7.260683e+01
9518	-7.134183e+01
9519	-7.253996e+01
9520	-7.403431e+01
9521	-7.461816e+01
9522	-7.717195e+01
9523	-7.056768e+01
9524	-7.226139e+01
9525	-7.572183e+01
9526	-7.305729e+01
9527	-7.215642e+01
9528	-7.179040e+01
9529	-7.471091e+01
9530	-7.647376e+01
9531	-6.991020e+01
9532	-7.357117e+01
9533	-7.515995e+01
9534	-6.850149e+01
9535	-7.379543e+01
9536	-7.529597e+01
9537	-7.455056e+01
9538	-7.209659e+01
9539	-7.381108e+01
9540	-7.421280e+01
9541	-7.675129e+01
9542	-7.411890e+01
9543	-7.596064e+01
9544	-7.598801e+01
9545	-7.450659e+01
9546	-7.389500e+01
9547	-7.028096e+01
9548	-7.241734e+01
9549	-7.744126e+01
9550	-7.527927e+01
9551	-7.162030e+01
9552	-7.255151e+01
9553	-7.607227e+01
9554	-7.170258e+01
9555	-7.306764e+01
9556	-6.854269e+01
9557	-7.354153e+01
9558	-7.443234e+01
9559	-7.314997e+01
9560	-7.912463e+01
9561	-7.328005e+01
9562	-7.375389e+01
9563	-7.373417e+01
9564	-7.484458e+01
9565	-7.242929e+01
9566	-7.719335e+01
9567	-7.467959e+01
9568	-6.995024e+01
9569	-7.205715e+01
9570	-7.102118e+01
9571	-7.238349e+01
9572	-7.252554e+01
9573	-7.170360e+01
9574	-7.296682e+01
9575	-7.676383e+01
9576	-7.224131e+01
9577	-7.453185e+01
9578	-7.417582e+01
9579	-7.229566e+01
9580	-7.284216e+01
9581	-7.480281e+01
9582	-7.461243e+01
9583	-7.580641e+01
9584	-7.177221e+01
9585	-7.584053e+01
9586	-7.104720e+01
9587	-7.458763e+01
9588	-7.060946e+01
9589	-7.349903e+01
9590	-7.130556e+01
9591	-7.078116e+01
9592	-7.379046e+01
9593	-7.169082e+01
9594	-7.467710e+01
9595	-7.211696e+01
9596	-7.511120e+01
9597	-7.070191e+01
9598	-7.129842e+01
9599	-7.250957e+01
9600	-7.305970e+01
9601	-7.009608e+01
9602	-7.265361e+01
9603	-7.194066e+01
9604	-7.240407e+01
9605	-7.293107e+01
9606	-7.509003e+01
9607	-7.178099e+01
9608	-7.219761e+01
9609	-7.416152e+01
9610	-7.755061e+01
9611	-7.334731e+01
9612	-7.238754e+01
9613	-7.175766e+01
9614	-7.711032e+01
9615	-7.479205e+01
9616	-7.469232e+01
9617	-7.494205e+01
9618	-7.374640e+01
9619	-7.292480e+01
9620	-7.156134e+01
9621	-7.121281e+01
9622	-7.277022e+01
9623	-7.180043e+01
9624	-7.122685e+01
9625	-7.124060e+01
9626	-7.493466e+01
9627	-7.253218e+01
9628	-7.324518e+01
9629	-7.790552e+01
9630	-7.679307e+01
9631	-7.321622e+01
9632	-7.774631e+01
9633	-7.548555e+01
9634	-7.660071e+01
9635	-7.380789e+01
9636	-7.163028e+01
9637	-7.385363e+01
9638	-7.274017e+01
9639	-7.496396e+01
9640	-7.136819e+01
9641	-6.811676e+01
9642	-7.299368e+01
9643	-7.346888e+01
9644	-7.412362e+01
9645	-7.609865e+01
9646	-6.941680e+01
9647	-7.345240e+01
9648	-7.217798e+01
9649	-7.393005e+01
9650	-7.318192e+01
9651	-7.233024e+01
9652	-7.332159e+01
9653	-7.419409e+01
9654	-7.511753e+01
9655	-7.635046e+01
9656	-7.580296e+01
9657	-7.700512e+01
9658	-7.109861e+01
9659	-6.971628e+01
9660	-7.450633e+01
9661	-7.206436e+01
9662	-7.034508e+01
9663	-7.115804e+01
9664	-7.532191e+01
9665	-7.470564e+01
9666	-7.154984e+01
9667	-7.257908e+01
9668	-7.412432e+01
9669	-7.615596e+01
9670	-7.110199e+01
9671	-7.255196e+01
9672	-7.248399e+01
9673	-7.349894e+01
9674	-7.474858e+01
9675	-7.603209e+01
9676	-7.240198e+01
9677	-7.499535e+01
9678	-7.238934e+01
9679	-7.390300e+01
9680	-7.686066e+01
9681	-7.307251e+01
9682	-7.281521e+01
9683	-7.400707e+01
9684	-7.581545e+01
9685	-7.391136e+01
9686	-7.999974e+01
9687	-7.457421e+01
9688	-7.313662e+01
9689	-7.502579e+01
9690	-7.342647e+01
9691	-7.358826e+01
9692	-7.311923e+01
9693	-7.328070e+01
9694	-7.187298e+01
9695	-7.152526e+01
9696	-7.703516e+01
9697	-6.893040e+01
9698	-7.545133e+01
9699	-7.604150e+01
9700	-7.397453e+01
9701	-7.259038e+01
9702	-7.350814e+01
9703	-7.294410e+01
9704	-7.575388e+01
9705	-7.507045e+01
9706	-7.658181e+01
9707	-7.216189e+01
9708	-7.320418e+01
9709	-7.312726e+01
9710	-7.461552e+01
9711	-7.266854e+01
9712	-7.576965e+01
9713	-7.425012e+01
9714	-7.427445e+01
9715	-7.222672e+01
9716	-7.258481e+01
9717	-7.024696e+01
9718	-7.525133e+01
9719	-7.309891e+01
9720	-7.205771e+01
9721	-7.046834e+01
9722	-7.588202e+01
9723	-7.092361e+01
9724	-7.103726e+01
9725	-7.052233e+01
9726	-7.523966e+01
9727	-7.361456e+01
9728	-7.261285e+01
9729	-7.475085e+01
9730	-7.233333e+01
9731	-7.600773e+01
9732	-7.249107e+01
9733	-7.276545e+01
9734	-7.496340e+01
9735	-7.295809e+01
9736	-7.395956e+01
9737	-7.409189e+01
9738	-7.264698e+01
9739	-7.492752e+01
9740	-7.266900e+01
9741	-7.139189e+01
9742	-6.944547e+01
9743	-7.389430e+01
9744	-7.324917e+01
9745	-7.578808e+01
9746	-7.307018e+01
9747	-7.066686e+01
9748	-7.373853e+01
9749	-7.700083e+01
9750	-7.099254e+01
9751	-7.381657e+01
9752	-7.109363e+01
9753	-6.991556e+01
9754	-7.550261e+01
9755	-7.125484e+01
9756	-7.493196e+01
9757	-7.228994e+01
9758	-7.269405e+01
9759	-7.473610e+01
9760	-7.670475e+01
9761	-7.233547e+01
9762	-7.518303e+01
9763	-7.562040e+01
9764	-7.571910e+01
9765	-7.341490e+01
9766	-7.316170e+01
9767	-7.205921e+01
9768	-7.432022e+01
9769	-7.266741e+01
9770	-7.647861e+01
9771	-7.172034e+01
9772	-7.549148e+01
9773	-7.160546e+01
9774	-7.620276e+01
9775	-7.011080e+01
9776	-7.484628e+01
9777	-7.054857e+01
9778	-7.384235e+01
9779	-7.255540e+01
9780	-7.393199e+01
9781	-7.130500e+01
9782	-7.282582e+01
9783	-7.450099e+01
9784	-7.436794e+01
9785	-7.437707e+01
9786	-7.422743e+01
9787	-7.347045e+01
9788	-7.351153e+01
9789	-7.136797e+01
9790	-6.946706e+01
9791	-7.180111e+01
9792	-7.542874e+01
9793	-7.291077e+01
9794	-7.437957e+01
9795	-7.105896e+01
9796	-7.171432e+01
9797	-7.505177e+01
9798	-7.479214e+01
9799	-7.141850e+01
9800	-7.228807e+01
9801	-7.164315e+01
9802	-7.088580e+01
9803	-7.300252e+01
9804	-7.158430e+01
9805	-7.271771e+01
9806	-7.724420e+01
9807	-7.350569e+01
9808	-7.388287e+01
9809	-7.180100e+01
9810	-7.455979e+01
9811	-7.427414e+01
9812	-7.115700e+01
9813	-7.576447e+01
9814	-7.135866e+01
9815	-7.585526e+01
9816	-7.425114e+01
9817	-7.387304e+01
9818	-7.274639e+01
9819	-7.430047e+01
9820	-7.231525e+01
9821	-7.350742e+01
9822	-7.215873e+01
9823	-7.557770e+01
9824	-7.489068e+01
9825	-7.105617e+01
9826	-7.404054e+01
9827	-7.496210e+01
9828	-7.707619e+01
9829	-7.317485e+01
9830	-7.447818e+01
9831	-7.280971e+01
9832	-7.403787e+01
9833	-7.329627e+01
9834	-7.017839e+01
9835	-7.557245e+01
9836	-7.182202e+01
9837	-7.214249e+01
9838	-7.370357e+01
9839	-7.210312e+01
9840	-7.426839e+01
9841	-7.461675e+01
9842	-7.929127e+01
9843	-7.330912e+01
9844	-6.939838e+01
9845	-7.299387e+01
9846	-7.449638e+01
9847	-7.068028e+01
9848	-7.291083e+01
9849	-7.281062e+01
9850	-6.886125e+01
9851	-7.241719e+01
9852	-7.461100e+01
9853	-7.252042e+01
9854	-6.905249e+01
9855	-7.118294e+01
9856	-7.315756e+01
9857	-7.366506e+01
9858	-7.455713e+01
9859	-7.307785e+01
9860	-7.509152e+01
9861	-7.446946e+01
9862	-7.386259e+01
9863	-7.350952e+01
9864	-7.186723e+01
9865	-7.306650e+01
9866	-7.223439e+01
9867	-7.024920e+01
9868	-7.477556e+01
9869	-8.017181e+01
9870	-7.307796e+01
9871	-6.979834e+01
9872	-7.574460e+01
9873	-7.513586e+01
9874	-7.160123e+01
9875	-7.498274e+01
9876	-7.004716e+01
9877	-7.156821e+01
9878	-7.167096e+01
9879	-7.237942e+01
9880	-7.340597e+01
9881	-7.179930e+01
9882	-7.595078e+01
9883	-7.016556e+01
9884	-7.687118e+01
9885	-7.475141e+01
9886	-7.623665e+01
9887	-7.152471e+01
9888	-7.149313e+01
9889	-7.579299e+01
9890	-7.262273e+01
9891	-7.625749e+01
9892	-7.406636e+01
9893	-7.423628e+01
9894	-6.993197e+01
9895	-6.720807e+01
9896	-7.036421e+01
9897	-7.265958e+01
9898	-7.526617e+01
9899	-7.702692e+01
9900	-7.448972e+01
9901	-7.028246e+01
9902	-7.209776e+01
9903	-7.367256e+01
9904	-7.137189e+01
9905	-7.234200e+01
9906	-7.274956e+01
9907	-7.510938e+01
9908	-7.362388e+01
9909	-7.413414e+01
9910	-7.476817e+01
9911	-7.631238e+01
9912	-7.399212e+01
9913	-7.450885e+01
9914	-7.501121e+01
9915	-7.387091e+01
9916	-7.511191e+01
9917	-7.648197e+01
9918	-7.456712e+01
9919	-7.339728e+01
9920	-7.309193e+01
9921	-7.582736e+01
9922	-6.741705e+01
9923	-7.157600e+01
9924	-7.584741e+01
9925	-7.388761e+01
9926	-7.333510e+01
9927	-7.335671e+01
9928	-7.220778e+01
9929	-7.413927e+01
9930	-7.094514e+01
9931	-7.133696e+01
9932	-7.337402e+01
9933	-7.330383e+01
9934	-7.446241e+01
9935	-7.231284e+01
9936	-7.173306e+01
9937	-7.463171e+01
9938	-7.529719e+01
9939	-7.186477e+01
9940	-7.233329e+01
9941	-7.190082e+01
9942	-7.254276e+01
9943	-7.411224e+01
9944	-7.428443e+01
9945	-7.415122e+01
9946	-7.413043e+01
9947	-7.270534e+01
9948	-7.278353e+01
9949	-7.520551e+01
9950	-7.269838e+01
9951	-7.281931e+01
9952	-7.503423e+01
9953	-7.504368e+01
9954	-7.450691e+01
9955	-7.456177e+01
9956	-7.399912e+01
9957	-7.444124e+01
9958	-7.503901e+01
9959	-7.522288e+01
9960	-7.367373e+01
9961	-7.095047e+01
9962	-7.182249e+01
9963	-7.466587e+01
9964	-7.522429e+01
9965	-7.228414e+01
9966	-7.548563e+01
9967	-7.044516e+01
9968	-7.244528e+01
9969	-7.427330e+01
9970	-7.202956e+01
9971	-7.249386e+01
9972	-6.953459e+01
9973	-7.248707e+01
9974	-6.875071e+01
9975	-7.769908e+01
9976	-7.437069e+01
9977	-7.558996e+01
9978	-7.181068e+01
9979	-7.209034e+01
9980	-7.226770e+01
9981	-7.659172e+01
9982	-7.192247e+01
9983	-6.980377e+01
9984	-7.307106e+01
9985	-7.587847e+01
9986	-7.424122e+01
9987	-7.482360e+01
9988	-7.427525e+01
9989	-7.384010e+01
9990	-7.657336e+01
9991	-7.684666e+01
9992	-7.575040e+01
9993	-6.830062e+01
9994	-7.097209e+01
9995	-7.576751e+01
9996	-7.149762e+01
9997	-7.576912e+01
9998	-7.397242e+01
9999	-7.383140e+01
10000	-7.481694e+01
