iteration	loss
0	0.000000e+00
1	-9.468579e+00
2	-1.863654e+01
3	-2.664448e+01
4	-3.255118e+01
5	-3.840540e+01
6	-4.597126e+01
7	-4.803573e+01
8	-5.179234e+01
9	-5.620840e+01
10	-5.924308e+01
11	-6.082969e+01
12	-6.439341e+01
13	-6.742717e+01
14	-6.547296e+01
15	-7.106384e+01
16	-7.013034e+01
17	-6.971360e+01
18	-7.720895e+01
19	-7.274513e+01
20	-7.285159e+01
21	-7.386770e+01
22	-7.597133e+01
23	-7.285695e+01
24	-6.858688e+01
25	-7.497169e+01
26	-7.276847e+01
27	-7.682127e+01
28	-7.249239e+01
29	-7.085732e+01
30	-7.138697e+01
31	-7.149708e+01
32	-7.095035e+01
33	-7.365772e+01
34	-7.066127e+01
35	-7.214073e+01
36	-7.352064e+01
37	-7.481888e+01
38	-7.455176e+01
39	-7.215758e+01
40	-6.830505e+01
41	-7.376790e+01
42	-7.491751e+01
43	-6.990943e+01
44	-7.427602e+01
45	-7.340647e+01
46	-7.064049e+01
47	-6.879357e+01
48	-7.511966e+01
49	-7.507931e+01
50	-7.296436e+01
51	-7.109919e+01
52	-7.308655e+01
53	-7.122882e+01
54	-7.244119e+01
55	-7.444889e+01
56	-7.333674e+01
57	-7.205537e+01
58	-7.383484e+01
59	-7.651725e+01
60	-7.529857e+01
61	-6.964136e+01
62	-7.173047e+01
63	-7.274171e+01
64	-7.200364e+01
65	-6.809954e+01
66	-7.169776e+01
67	-7.206987e+01
68	-7.170616e+01
69	-7.447774e+01
70	-7.430012e+01
71	-7.441577e+01
72	-7.592578e+01
73	-7.374201e+01
74	-7.259126e+01
75	-7.134000e+01
76	-7.143580e+01
77	-7.762077e+01
78	-6.981873e+01
79	-7.422248e+01
80	-7.007027e+01
81	-7.275621e+01
82	-7.034482e+01
83	-7.421228e+01
84	-7.506468e+01
85	-7.108124e+01
86	-7.191918e+01
87	-7.659172e+01
88	-7.399698e+01
89	-7.502267e+01
90	-7.454964e+01
91	-7.321895e+01
92	-6.998283e+01
93	-7.666058e+01
94	-7.223084e+01
95	-7.335829e+01
96	-7.264764e+01
97	-7.561557e+01
98	-7.184463e+01
99	-7.155809e+01
100	-7.401558e+01
101	-7.179263e+01
102	-7.548068e+01
103	-7.081671e+01
104	-7.061848e+01
105	-7.421409e+01
106	-7.686997e+01
107	-7.474763e+01
108	-7.387370e+01
109	-7.208749e+01
110	-7.448561e+01
111	-7.456356e+01
112	-7.489919e+01
113	-7.316842e+01
114	-7.377761e+01
115	-7.304501e+01
116	-7.233830e+01
117	-6.924103e+01
118	-7.430485e+01
119	-7.589840e+01
120	-7.485140e+01
121	-7.476193e+01
122	-7.555687e+01
123	-7.090353e+01
124	-7.605184e+01
125	-7.431686e+01
126	-7.490430e+01
127	-7.748817e+01
128	-7.418510e+01
129	-7.086366e+01
130	-7.569729e+01
131	-7.308054e+01
132	-7.686864e+01
133	-7.340110e+01
134	-7.302161e+01
135	-7.714034e+01
136	-7.223549e+01
137	-7.931151e+01
138	-7.556984e+01
139	-7.118962e+01
140	-7.486021e+01
141	-7.260140e+01
142	-7.361024e+01
143	-7.224666e+01
144	-7.020094e+01
145	-7.330066e+01
146	-7.171410e+01
147	-7.426254e+01
148	-7.503022e+01
149	-7.388915e+01
150	-7.415768e+01
151	-7.289375e+01
152	-7.293781e+01
153	-7.278212e+01
154	-7.383787e+01
155	-7.224795e+01
156	-7.253225e+01
157	-7.921323e+01
158	-7.733144e+01
159	-7.161184e+01
160	-7.754522e+01
161	-7.427160e+01
162	-7.439505e+01
163	-6.980084e+01
164	-7.259620e+01
165	-7.367053e+01
166	-7.730094e+01
167	-7.306329e+01
168	-6.920993e+01
169	-7.084609e+01
170	-6.815058e+01
171	-7.049024e+01
172	-7.068430e+01
173	-7.412697e+01
174	-7.105734e+01
175	-7.337071e+01
176	-7.447112e+01
177	-7.154555e+01
178	-7.410400e+01
179	-7.510169e+01
180	-7.784449e+01
181	-7.071094e+01
182	-7.441684e+01
183	-7.455285e+01
184	-7.359209e+01
185	-7.484473e+01
186	-7.652072e+01
187	-7.312101e+01
188	-7.162524e+01
189	-7.369868e+01
190	-7.611374e+01
191	-7.118476e+01
192	-7.423840e+01
193	-7.256313e+01
194	-7.085861e+01
195	-7.374650e+01
196	-6.966764e+01
197	-7.239009e+01
198	-7.039538e+01
199	-7.348912e+01
200	-7.107850e+01
201	-7.067292e+01
202	-7.376370e+01
203	-7.658075e+01
204	-7.210755e+01
205	-7.531367e+01
206	-7.581529e+01
207	-7.030541e+01
208	-7.289998e+01
209	-7.279941e+01
210	-7.199897e+01
211	-7.348807e+01
212	-7.481588e+01
213	-7.383378e+01
214	-7.306360e+01
215	-7.453465e+01
216	-7.157068e+01
217	-7.252766e+01
218	-7.300690e+01
219	-7.485642e+01
220	-7.378814e+01
221	-7.467784e+01
222	-7.548774e+01
223	-7.542745e+01
224	-7.649056e+01
225	-7.309359e+01
226	-7.031314e+01
227	-7.326973e+01
228	-7.369808e+01
229	-7.200294e+01
230	-7.192563e+01
231	-7.327269e+01
232	-7.506087e+01
233	-7.419409e+01
234	-7.586753e+01
235	-7.494410e+01
236	-7.426420e+01
237	-7.127748e+01
238	-7.712731e+01
239	-7.091270e+01
240	-7.176332e+01
241	-6.924472e+01
242	-7.665541e+01
243	-7.215985e+01
244	-7.601667e+01
245	-7.510631e+01
246	-7.306364e+01
247	-7.565984e+01
248	-7.180959e+01
249	-7.077717e+01
250	-7.150401e+01
251	-7.347235e+01
252	-7.188942e+01
253	-7.453506e+01
254	-7.353438e+01
255	-7.195688e+01
256	-7.133339e+01
257	-7.108010e+01
258	-7.264834e+01
259	-7.511313e+01
260	-7.339694e+01
261	-6.951992e+01
262	-7.231300e+01
263	-7.390106e+01
264	-7.312838e+01
265	-7.152067e+01
266	-7.322216e+01
267	-7.102002e+01
268	-7.373454e+01
269	-7.279562e+01
270	-7.304096e+01
271	-7.568171e+01
272	-7.552691e+01
273	-7.160999e+01
274	-6.888022e+01
275	-7.714202e+01
276	-7.404828e+01
277	-7.229429e+01
278	-7.350929e+01
279	-7.397463e+01
280	-7.264619e+01
281	-7.069079e+01
282	-7.542523e+01
283	-7.040830e+01
284	-7.505326e+01
285	-7.277298e+01
286	-7.224037e+01
287	-7.393132e+01
288	-7.205600e+01
289	-7.386718e+01
290	-7.518437e+01
291	-7.455174e+01
292	-7.547360e+01
293	-7.297875e+01
294	-7.025160e+01
295	-7.381615e+01
296	-7.237881e+01
297	-7.192654e+01
298	-7.541753e+01
299	-7.283341e+01
300	-7.707477e+01
301	-7.468410e+01
302	-7.391153e+01
303	-7.260078e+01
304	-7.355794e+01
305	-7.748356e+01
306	-7.289601e+01
307	-6.930221e+01
308	-7.247585e+01
309	-7.384611e+01
310	-7.301435e+01
311	-7.413391e+01
312	-7.417936e+01
313	-7.486896e+01
314	-7.471690e+01
315	-7.090088e+01
316	-7.254716e+01
317	-7.525106e+01
318	-7.636233e+01
319	-7.392277e+01
320	-7.104310e+01
321	-7.319390e+01
322	-7.233421e+01
323	-7.302728e+01
324	-7.510188e+01
325	-7.323872e+01
326	-7.442468e+01
327	-7.312038e+01
328	-6.795948e+01
329	-7.462974e+01
330	-7.413223e+01
331	-7.039353e+01
332	-7.261164e+01
333	-6.940391e+01
334	-7.304407e+01
335	-7.435662e+01
336	-7.494660e+01
337	-7.215965e+01
338	-7.514320e+01
339	-7.345566e+01
340	-7.353061e+01
341	-7.312011e+01
342	-7.604117e+01
343	-7.307820e+01
344	-7.348051e+01
345	-7.074234e+01
346	-7.290153e+01
347	-7.444009e+01
348	-7.081839e+01
349	-7.373279e+01
350	-7.241846e+01
351	-7.401970e+01
352	-7.723819e+01
353	-7.688596e+01
354	-7.364120e+01
355	-7.121141e+01
356	-7.340479e+01
357	-7.625182e+01
358	-7.405703e+01
359	-7.167124e+01
360	-7.074602e+01
361	-7.621033e+01
362	-7.526498e+01
363	-7.288964e+01
364	-7.509316e+01
365	-7.138285e+01
366	-7.183839e+01
367	-7.247340e+01
368	-7.394608e+01
369	-7.583003e+01
370	-7.349015e+01
371	-7.665016e+01
372	-7.249222e+01
373	-7.237246e+01
374	-7.292288e+01
375	-7.310082e+01
376	-7.279143e+01
377	-7.158197e+01
378	-7.118686e+01
379	-7.324181e+01
380	-7.297816e+01
381	-7.286875e+01
382	-7.511212e+01
383	-7.434539e+01
384	-7.533434e+01
385	-7.117440e+01
386	-7.236558e+01
387	-7.504254e+01
388	-7.636884e+01
389	-7.517775e+01
390	-7.180212e+01
391	-7.587016e+01
392	-7.387752e+01
393	-6.728598e+01
394	-7.659660e+01
395	-7.286605e+01
396	-7.196560e+01
397	-7.417679e+01
398	-7.326033e+01
399	-7.859818e+01
400	-7.357352e+01
401	-7.604929e+01
402	-7.002259e+01
403	-7.277120e+01
404	-7.327273e+01
405	-7.207674e+01
406	-7.016285e+01
407	-7.771174e+01
408	-7.545452e+01
409	-7.163598e+01
410	-7.192756e+01
411	-6.914187e+01
412	-7.738946e+01
413	-7.550508e+01
414	-7.233339e+01
415	-7.059240e+01
416	-7.065534e+01
417	-7.273951e+01
418	-7.238956e+01
419	-7.757461e+01
420	-7.181805e+01
421	-7.200582e+01
422	-7.325845e+01
423	-7.223087e+01
424	-7.403761e+01
425	-7.142478e+01
426	-7.460470e+01
427	-7.428551e+01
428	-7.427306e+01
429	-7.527710e+01
430	-7.537936e+01
431	-7.554327e+01
432	-7.563749e+01
433	-7.591312e+01
434	-7.272516e+01
435	-7.449609e+01
436	-7.342643e+01
437	-7.443193e+01
438	-7.063136e+01
439	-7.784276e+01
440	-7.127014e+01
441	-7.728094e+01
442	-7.149440e+01
443	-7.351584e+01
444	-6.970478e+01
445	-7.314414e+01
446	-6.857681e+01
447	-7.788163e+01
448	-7.256514e+01
449	-7.305047e+01
450	-7.441063e+01
451	-7.360959e+01
452	-7.598809e+01
453	-7.160036e+01
454	-7.699338e+01
455	-7.009317e+01
456	-7.125134e+01
457	-7.254189e+01
458	-7.276443e+01
459	-7.456808e+01
460	-7.242990e+01
461	-7.282726e+01
462	-7.430293e+01
463	-7.643763e+01
464	-7.165165e+01
465	-7.461971e+01
466	-7.386334e+01
467	-7.279915e+01
468	-7.257539e+01
469	-7.279940e+01
470	-6.989502e+01
471	-6.949001e+01
472	-7.404038e+01
473	-7.837236e+01
474	-7.276471e+01
475	-7.544082e+01
476	-7.321766e+01
477	-7.528553e+01
478	-7.369254e+01
479	-7.279209e+01
480	-7.111366e+01
481	-7.273527e+01
482	-7.256993e+01
483	-7.510901e+01
484	-7.197988e+01
485	-7.623938e+01
486	-6.997444e+01
487	-7.435212e+01
488	-7.637001e+01
489	-7.386661e+01
490	-7.305084e+01
491	-7.326965e+01
492	-7.515400e+01
493	-6.970766e+01
494	-7.294552e+01
495	-7.105704e+01
496	-7.547995e+01
497	-7.370655e+01
498	-7.444875e+01
499	-7.023482e+01
500	-7.425205e+01
501	-7.460013e+01
502	-7.409283e+01
503	-7.288355e+01
504	-7.449208e+01
505	-7.392571e+01
506	-7.647121e+01
507	-7.318070e+01
508	-7.210151e+01
509	-7.593839e+01
510	-7.322990e+01
511	-7.413993e+01
512	-7.255502e+01
513	-7.184440e+01
514	-7.274668e+01
515	-7.165162e+01
516	-7.448835e+01
517	-7.641984e+01
518	-7.198372e+01
519	-6.970006e+01
520	-7.352613e+01
521	-7.236867e+01
522	-7.167175e+01
523	-7.584189e+01
524	-7.390811e+01
525	-7.516958e+01
526	-7.346389e+01
527	-7.153382e+01
528	-7.297928e+01
529	-7.020836e+01
530	-7.587751e+01
531	-7.538507e+01
532	-7.354925e+01
533	-6.938107e+01
534	-7.549299e+01
535	-7.400137e+01
536	-7.243873e+01
537	-7.137219e+01
538	-7.211302e+01
539	-7.319368e+01
540	-7.200189e+01
541	-7.404090e+01
542	-6.844424e+01
543	-7.530453e+01
544	-7.483992e+01
545	-7.648634e+01
546	-6.906411e+01
547	-7.250043e+01
548	-7.552061e+01
549	-7.372794e+01
550	-7.248969e+01
551	-7.377541e+01
552	-7.179835e+01
553	-7.326128e+01
554	-7.700291e+01
555	-7.206566e+01
556	-7.348367e+01
557	-7.318334e+01
558	-6.963459e+01
559	-6.966475e+01
560	-7.099949e+01
561	-7.741004e+01
562	-7.432684e+01
563	-7.081752e+01
564	-7.446203e+01
565	-7.319313e+01
566	-7.283667e+01
567	-7.235119e+01
568	-7.273701e+01
569	-7.408658e+01
570	-7.462173e+01
571	-7.119130e+01
572	-7.218918e+01
573	-7.458269e+01
574	-7.818997e+01
575	-7.261805e+01
576	-7.310633e+01
577	-7.664557e+01
578	-7.217532e+01
579	-7.635377e+01
580	-7.291344e+01
581	-7.377398e+01
582	-7.200975e+01
583	-7.493689e+01
584	-7.271910e+01
585	-7.500258e+01
586	-7.423486e+01
587	-7.577013e+01
588	-7.356245e+01
589	-7.420714e+01
590	-7.161385e+01
591	-7.386679e+01
592	-7.551690e+01
593	-7.111130e+01
594	-7.355987e+01
595	-7.449584e+01
596	-7.175704e+01
597	-7.582290e+01
598	-7.299942e+01
599	-7.403069e+01
600	-7.500982e+01
601	-7.150164e+01
602	-7.440227e+01
603	-7.231147e+01
604	-7.393869e+01
605	-7.277335e+01
606	-7.466139e+01
607	-7.281727e+01
608	-7.397738e+01
609	-7.431227e+01
610	-7.244130e+01
611	-7.370563e+01
612	-7.554880e+01
613	-6.971180e+01
614	-7.555192e+01
615	-7.314608e+01
616	-7.122305e+01
617	-7.084364e+01
618	-7.044205e+01
619	-7.433578e+01
620	-7.243851e+01
621	-7.424737e+01
622	-7.694699e+01
623	-7.159755e+01
624	-7.373824e+01
625	-7.529693e+01
626	-7.223318e+01
627	-7.046838e+01
628	-7.358936e+01
629	-7.659270e+01
630	-7.330570e+01
631	-7.350465e+01
632	-7.777130e+01
633	-7.062076e+01
634	-7.158771e+01
635	-7.358004e+01
636	-7.591278e+01
637	-7.194059e+01
638	-7.406108e+01
639	-7.494426e+01
640	-6.787569e+01
641	-7.324759e+01
642	-7.889002e+01
643	-6.910509e+01
644	-7.575242e+01
645	-7.136673e+01
646	-7.247100e+01
647	-7.153348e+01
648	-7.305078e+01
649	-7.238192e+01
650	-7.251069e+01
651	-7.236009e+01
652	-7.116959e+01
653	-7.653012e+01
654	-7.185897e+01
655	-7.032772e+01
656	-7.633381e+01
657	-7.291431e+01
658	-7.444407e+01
659	-7.258561e+01
660	-7.266618e+01
661	-6.837950e+01
662	-7.157212e+01
663	-7.076105e+01
664	-7.529951e+01
665	-7.072616e+01
666	-7.251246e+01
667	-7.283654e+01
668	-7.405692e+01
669	-7.426709e+01
670	-7.109840e+01
671	-7.137505e+01
672	-7.361261e+01
673	-7.358131e+01
674	-7.425576e+01
675	-6.947423e+01
676	-7.076548e+01
677	-7.347232e+01
678	-7.381788e+01
679	-7.515693e+01
680	-7.215923e+01
681	-7.252454e+01
682	-7.273169e+01
683	-7.137909e+01
684	-7.363695e+01
685	-7.186783e+01
686	-7.248180e+01
687	-7.171012e+01
688	-7.423417e+01
689	-7.207565e+01
690	-7.431223e+01
691	-7.208165e+01
692	-7.098876e+01
693	-7.095851e+01
694	-7.361273e+01
695	-7.323293e+01
696	-7.508722e+01
697	-7.685457e+01
698	-7.577644e+01
699	-7.365401e+01
700	-7.040850e+01
701	-7.162103e+01
702	-7.097268e+01
703	-7.206624e+01
704	-7.433408e+01
705	-7.353219e+01
706	-7.096756e+01
707	-7.433838e+01
708	-7.314795e+01
709	-7.580168e+01
710	-7.385790e+01
711	-7.235120e+01
712	-7.300773e+01
713	-7.698852e+01
714	-7.305323e+01
715	-7.596586e+01
716	-7.076749e+01
717	-7.425803e+01
718	-7.289296e+01
719	-7.542328e+01
720	-7.594100e+01
721	-7.722166e+01
722	-7.626433e+01
723	-7.542204e+01
724	-7.363078e+01
725	-7.254052e+01
726	-7.316876e+01
727	-7.105352e+01
728	-7.362661e+01
729	-7.140105e+01
730	-7.340858e+01
731	-7.374209e+01
732	-7.637889e+01
733	-7.318405e+01
734	-7.118270e+01
735	-7.487771e+01
736	-7.734355e+01
737	-7.277483e+01
738	-7.491664e+01
739	-7.063845e+01
740	-7.019578e+01
741	-7.089955e+01
742	-7.279607e+01
743	-7.392266e+01
744	-7.311062e+01
745	-7.511829e+01
746	-7.486226e+01
747	-7.401332e+01
748	-7.567846e+01
749	-7.176656e+01
750	-7.496372e+01
751	-7.486389e+01
752	-7.646897e+01
753	-7.383127e+01
754	-7.386829e+01
755	-7.274767e+01
756	-7.435091e+01
757	-7.605150e+01
758	-7.366355e+01
759	-7.151189e+01
760	-7.384257e+01
761	-7.356731e+01
762	-7.409762e+01
763	-7.672550e+01
764	-7.452755e+01
765	-7.168951e+01
766	-7.494357e+01
767	-7.411952e+01
768	-7.098669e+01
769	-7.529648e+01
770	-7.459317e+01
771	-7.256816e+01
772	-7.476001e+01
773	-7.213381e+01
774	-7.356346e+01
775	-6.902068e+01
776	-6.980934e+01
777	-7.575633e+01
778	-7.515236e+01
779	-7.360081e+01
780	-7.637566e+01
781	-7.155576e+01
782	-7.086203e+01
783	-7.543208e+01
784	-7.294676e+01
785	-7.377320e+01
786	-7.204436e+01
787	-7.592810e+01
788	-7.255390e+01
789	-7.332517e+01
790	-7.351292e+01
791	-7.699489e+01
792	-7.726517e+01
793	-7.370232e+01
794	-7.455676e+01
795	-7.638172e+01
796	-7.293396e+01
797	-7.126643e+01
798	-7.269774e+01
799	-7.257454e+01
800	-7.366613e+01
801	-7.391493e+01
802	-7.131056e+01
803	-7.183345e+01
804	-7.220020e+01
805	-7.403250e+01
806	-7.258527e+01
807	-7.189013e+01
808	-7.390131e+01
809	-7.284436e+01
810	-7.483183e+01
811	-7.290533e+01
812	-7.460279e+01
813	-7.298375e+01
814	-7.386486e+01
815	-7.246265e+01
816	-7.533685e+01
817	-7.453644e+01
818	-7.466615e+01
819	-7.376654e+01
820	-7.660680e+01
821	-7.243757e+01
822	-7.426509e+01
823	-7.274928e+01
824	-7.549645e+01
825	-7.381741e+01
826	-6.897375e+01
827	-7.256922e+01
828	-7.464535e+01
829	-7.271840e+01
830	-7.305552e+01
831	-7.150682e+01
832	-7.014444e+01
833	-7.416764e+01
834	-7.219546e+01
835	-7.135729e+01
836	-7.384425e+01
837	-6.778051e+01
838	-7.159479e+01
839	-7.183323e+01
840	-7.382811e+01
841	-7.242975e+01
842	-7.269350e+01
843	-7.515951e+01
844	-7.373906e+01
845	-7.140469e+01
846	-7.416779e+01
847	-7.542766e+01
848	-7.329370e+01
849	-7.593964e+01
850	-7.382077e+01
851	-7.533338e+01
852	-7.558517e+01
853	-7.438425e+01
854	-7.118972e+01
855	-7.094539e+01
856	-7.718924e+01
857	-7.192069e+01
858	-7.400230e+01
859	-7.015262e+01
860	-7.247283e+01
861	-7.447632e+01
862	-7.238893e+01
863	-7.759220e+01
864	-7.303424e+01
865	-7.322251e+01
866	-7.206745e+01
867	-7.571106e+01
868	-7.155613e+01
869	-7.652256e+01
870	-7.179654e+01
871	-7.314233e+01
872	-7.111572e+01
873	-7.413496e+01
874	-7.299268e+01
875	-7.232212e+01
876	-7.594222e+01
877	-7.337166e+01
878	-7.335050e+01
879	-7.262285e+01
880	-7.324784e+01
881	-7.394793e+01
882	-7.154834e+01
883	-7.506046e+01
884	-8.021278e+01
885	-7.264130e+01
886	-7.487788e+01
887	-7.541757e+01
888	-7.271017e+01
889	-7.463419e+01
890	-7.583739e+01
891	-7.497062e+01
892	-7.207029e+01
893	-7.190343e+01
894	-7.078616e+01
895	-7.010622e+01
896	-7.426747e+01
897	-7.680441e+01
898	-7.117384e+01
899	-7.436333e+01
900	-7.559715e+01
901	-7.381561e+01
902	-7.386850e+01
903	-6.946516e+01
904	-7.312115e+01
905	-7.528527e+01
906	-7.242589e+01
907	-7.486819e+01
908	-7.324476e+01
909	-7.218115e+01
910	-7.326293e+01
911	-7.378055e+01
912	-7.156235e+01
913	-7.234631e+01
914	-7.450630e+01
915	-7.317974e+01
916	-7.585959e+01
917	-7.250616e+01
918	-7.349567e+01
919	-7.155720e+01
920	-7.431714e+01
921	-7.423753e+01
922	-7.417979e+01
923	-6.968623e+01
924	-7.200885e+01
925	-7.394612e+01
926	-7.381801e+01
927	-7.339022e+01
928	-7.254630e+01
929	-7.381498e+01
930	-7.019318e+01
931	-7.348972e+01
932	-6.965988e+01
933	-7.403136e+01
934	-7.270742e+01
935	-7.100789e+01
936	-7.422158e+01
937	-7.149132e+01
938	-7.448430e+01
939	-7.046629e+01
940	-7.156053e+01
941	-7.432677e+01
942	-7.372896e+01
943	-7.087265e+01
944	-7.325930e+01
945	-7.763058e+01
946	-7.455891e+01
947	-7.405829e+01
948	-7.344797e+01
949	-7.154143e+01
950	-6.869741e+01
951	-7.427270e+01
952	-7.200934e+01
953	-7.261833e+01
954	-7.633727e+01
955	-7.353636e+01
956	-6.996312e+01
957	-7.247910e+01
958	-7.234093e+01
959	-7.459531e+01
960	-7.524952e+01
961	-7.120475e+01
962	-7.277330e+01
963	-7.073167e+01
964	-7.429116e+01
965	-7.365623e+01
966	-7.146570e+01
967	-7.356966e+01
968	-6.893661e+01
969	-7.241913e+01
970	-7.559558e+01
971	-8.027887e+01
972	-7.466637e+01
973	-7.625229e+01
974	-7.203695e+01
975	-6.969441e+01
976	-7.105314e+01
977	-7.645249e+01
978	-7.490399e+01
979	-7.477850e+01
980	-7.252423e+01
981	-7.290467e+01
982	-7.236407e+01
983	-7.322408e+01
984	-7.202612e+01
985	-7.294226e+01
986	-7.278195e+01
987	-7.452454e+01
988	-7.566613e+01
989	-7.413899e+01
990	-7.421160e+01
991	-7.296062e+01
992	-7.561166e+01
993	-7.060570e+01
994	-7.279335e+01
995	-7.307141e+01
996	-7.398872e+01
997	-7.335873e+01
998	-7.232812e+01
999	-7.303904e+01
1000	-7.509625e+01
1001	-7.158384e+01
1002	-7.038769e+01
1003	-7.094890e+01
1004	-7.285840e+01
1005	-7.645676e+01
1006	-7.096280e+01
1007	-7.564164e+01
1008	-7.380470e+01
1009	-7.339683e+01
1010	-7.660832e+01
1011	-7.035736e+01
1012	-7.159995e+01
1013	-7.138661e+01
1014	-7.708797e+01
1015	-7.216057e+01
1016	-7.150806e+01
1017	-7.190412e+01
1018	-7.410791e+01
1019	-7.333658e+01
1020	-7.473326e+01
1021	-7.242997e+01
1022	-7.248203e+01
1023	-7.796175e+01
1024	-7.322740e+01
1025	-7.293460e+01
1026	-7.384885e+01
1027	-7.065746e+01
1028	-7.257146e+01
1029	-7.137680e+01
1030	-7.490124e+01
1031	-7.411123e+01
1032	-7.744717e+01
1033	-7.254190e+01
1034	-7.078927e+01
1035	-7.204219e+01
1036	-7.414519e+01
1037	-7.324325e+01
1038	-7.703891e+01
1039	-7.393110e+01
1040	-7.228117e+01
1041	-7.232315e+01
1042	-7.266288e+01
1043	-7.230564e+01
1044	-7.223315e+01
1045	-7.343144e+01
1046	-7.368157e+01
1047	-7.297650e+01
1048	-7.499335e+01
1049	-7.334020e+01
1050	-7.294186e+01
1051	-7.412882e+01
1052	-7.355498e+01
1053	-7.337291e+01
1054	-7.144320e+01
1055	-7.571092e+01
1056	-7.275179e+01
1057	-7.222905e+01
1058	-7.304532e+01
1059	-7.101154e+01
1060	-7.704699e+01
1061	-7.342109e+01
1062	-7.459569e+01
1063	-7.569872e+01
1064	-7.298366e+01
1065	-7.388894e+01
1066	-7.316972e+01
1067	-7.373640e+01
1068	-7.291708e+01
1069	-7.393469e+01
1070	-7.240090e+01
1071	-6.880052e+01
1072	-7.685085e+01
1073	-7.357433e+01
1074	-7.100687e+01
1075	-7.377782e+01
1076	-7.310323e+01
1077	-7.434686e+01
1078	-7.267745e+01
1079	-7.268544e+01
1080	-7.501993e+01
1081	-7.676275e+01
1082	-7.096775e+01
1083	-6.872887e+01
1084	-7.341181e+01
1085	-7.120450e+01
1086	-7.241045e+01
1087	-6.841591e+01
1088	-7.129019e+01
1089	-7.470984e+01
1090	-7.696952e+01
1091	-7.107665e+01
1092	-7.300324e+01
1093	-7.389650e+01
1094	-7.158245e+01
1095	-7.247090e+01
1096	-7.341537e+01
1097	-7.253418e+01
1098	-7.423019e+01
1099	-7.028721e+01
1100	-7.074538e+01
1101	-7.270169e+01
1102	-7.464217e+01
1103	-7.306899e+01
1104	-7.242318e+01
1105	-7.221338e+01
1106	-7.288709e+01
1107	-7.341532e+01
1108	-7.025073e+01
1109	-7.116020e+01
1110	-7.306500e+01
1111	-7.275257e+01
1112	-7.290859e+01
1113	-6.812440e+01
1114	-7.112502e+01
1115	-7.302059e+01
1116	-7.382209e+01
1117	-7.198517e+01
1118	-7.362310e+01
1119	-7.140765e+01
1120	-7.430582e+01
1121	-7.411725e+01
1122	-7.380199e+01
1123	-7.488117e+01
1124	-6.984554e+01
1125	-6.755912e+01
1126	-7.301666e+01
1127	-7.253975e+01
1128	-7.403643e+01
1129	-7.261457e+01
1130	-7.312903e+01
1131	-7.478973e+01
1132	-7.434533e+01
1133	-7.430237e+01
1134	-7.302256e+01
1135	-7.924887e+01
1136	-7.643020e+01
1137	-7.304401e+01
1138	-7.266444e+01
1139	-7.224290e+01
1140	-7.049964e+01
1141	-7.532261e+01
1142	-7.373746e+01
1143	-7.310366e+01
1144	-7.447763e+01
1145	-7.430809e+01
1146	-7.511222e+01
1147	-7.751029e+01
1148	-7.402330e+01
1149	-7.492114e+01
1150	-7.273639e+01
1151	-7.204505e+01
1152	-7.302808e+01
1153	-7.375596e+01
1154	-7.498679e+01
1155	-7.306700e+01
1156	-7.573971e+01
1157	-7.275383e+01
1158	-7.366350e+01
1159	-6.809419e+01
1160	-7.303259e+01
1161	-7.205254e+01
1162	-7.424127e+01
1163	-7.159734e+01
1164	-7.389109e+01
1165	-7.057323e+01
1166	-7.202564e+01
1167	-7.279692e+01
1168	-7.019066e+01
1169	-7.025767e+01
1170	-7.029438e+01
1171	-7.447248e+01
1172	-7.307684e+01
1173	-7.231368e+01
1174	-7.495028e+01
1175	-7.063323e+01
1176	-7.275890e+01
1177	-7.312628e+01
1178	-7.146029e+01
1179	-7.170729e+01
1180	-7.392237e+01
1181	-7.338856e+01
1182	-7.275175e+01
1183	-7.429693e+01
1184	-7.290223e+01
1185	-7.399062e+01
1186	-7.348799e+01
1187	-7.394404e+01
1188	-6.944298e+01
1189	-7.513481e+01
1190	-7.432658e+01
1191	-7.570679e+01
1192	-7.437565e+01
1193	-7.203512e+01
1194	-7.086721e+01
1195	-7.385071e+01
1196	-7.502281e+01
1197	-7.075606e+01
1198	-7.430104e+01
1199	-7.767602e+01
1200	-7.331456e+01
1201	-7.207744e+01
1202	-7.042445e+01
1203	-7.350966e+01
1204	-7.378867e+01
1205	-7.397864e+01
1206	-7.321508e+01
1207	-7.210362e+01
1208	-7.110711e+01
1209	-6.957370e+01
1210	-7.068420e+01
1211	-7.802623e+01
1212	-7.383048e+01
1213	-7.285924e+01
1214	-7.298727e+01
1215	-7.015193e+01
1216	-7.041545e+01
1217	-7.372260e+01
1218	-7.111004e+01
1219	-7.088432e+01
1220	-7.557006e+01
1221	-6.950251e+01
1222	-6.894987e+01
1223	-7.367527e+01
1224	-7.504713e+01
1225	-7.615875e+01
1226	-7.259946e+01
1227	-7.641828e+01
1228	-7.400199e+01
1229	-7.588495e+01
1230	-7.091306e+01
1231	-7.230270e+01
1232	-7.254168e+01
1233	-7.508976e+01
1234	-7.328219e+01
1235	-7.360740e+01
1236	-6.821912e+01
1237	-7.387450e+01
1238	-7.282482e+01
1239	-7.319466e+01
1240	-7.304702e+01
1241	-7.767849e+01
1242	-7.581777e+01
1243	-7.179561e+01
1244	-7.269463e+01
1245	-7.168244e+01
1246	-7.536633e+01
1247	-7.111635e+01
1248	-7.524845e+01
1249	-7.425651e+01
1250	-7.513995e+01
1251	-7.081043e+01
1252	-7.012153e+01
1253	-7.463299e+01
1254	-7.499007e+01
1255	-7.114659e+01
1256	-7.282127e+01
1257	-7.332847e+01
1258	-7.526311e+01
1259	-7.400592e+01
1260	-7.515136e+01
1261	-7.032710e+01
1262	-7.350034e+01
1263	-7.234867e+01
1264	-7.335855e+01
1265	-7.172408e+01
1266	-7.492025e+01
1267	-7.153640e+01
1268	-7.111106e+01
1269	-7.462382e+01
1270	-7.553277e+01
1271	-7.380951e+01
1272	-7.199597e+01
1273	-7.389519e+01
1274	-7.158613e+01
1275	-7.427486e+01
1276	-7.419785e+01
1277	-7.516643e+01
1278	-7.648265e+01
1279	-7.227039e+01
1280	-7.349846e+01
1281	-7.558865e+01
1282	-7.735342e+01
1283	-7.605643e+01
1284	-7.236056e+01
1285	-7.092566e+01
1286	-7.261428e+01
1287	-7.016524e+01
1288	-7.389103e+01
1289	-7.763501e+01
1290	-7.198452e+01
1291	-7.211442e+01
1292	-7.571131e+01
1293	-7.060264e+01
1294	-7.457267e+01
1295	-7.038244e+01
1296	-7.093578e+01
1297	-6.980167e+01
1298	-7.106959e+01
1299	-7.403943e+01
1300	-7.211247e+01
1301	-7.342481e+01
1302	-7.178448e+01
1303	-7.150105e+01
1304	-7.309604e+01
1305	-6.755031e+01
1306	-7.125779e+01
1307	-7.206344e+01
1308	-7.457010e+01
1309	-7.461148e+01
1310	-7.401439e+01
1311	-7.340831e+01
1312	-7.781569e+01
1313	-7.507924e+01
1314	-7.351577e+01
1315	-7.536903e+01
1316	-7.551745e+01
1317	-7.106735e+01
1318	-7.728030e+01
1319	-7.530939e+01
1320	-7.197925e+01
1321	-7.317164e+01
1322	-6.986538e+01
1323	-7.461535e+01
1324	-7.358414e+01
1325	-7.215471e+01
1326	-7.102179e+01
1327	-7.216532e+01
1328	-7.391845e+01
1329	-7.180240e+01
1330	-7.063983e+01
1331	-7.369477e+01
1332	-7.268251e+01
1333	-7.276044e+01
1334	-7.278426e+01
1335	-7.515987e+01
1336	-7.613343e+01
1337	-7.009008e+01
1338	-7.191521e+01
1339	-7.344603e+01
1340	-7.133617e+01
1341	-7.449129e+01
1342	-7.083145e+01
1343	-7.286434e+01
1344	-7.575976e+01
1345	-7.399072e+01
1346	-7.383756e+01
1347	-7.469366e+01
1348	-7.573416e+01
1349	-7.862799e+01
1350	-7.434246e+01
1351	-7.488726e+01
1352	-7.382244e+01
1353	-7.441363e+01
1354	-7.753872e+01
1355	-7.502488e+01
1356	-7.243970e+01
1357	-7.450843e+01
1358	-7.368559e+01
1359	-7.608921e+01
1360	-7.298251e+01
1361	-7.038183e+01
1362	-7.396923e+01
1363	-7.627520e+01
1364	-7.330336e+01
1365	-7.580482e+01
1366	-7.496523e+01
1367	-7.399195e+01
1368	-7.225994e+01
1369	-7.411277e+01
1370	-7.300959e+01
1371	-7.483317e+01
1372	-7.356732e+01
1373	-7.405957e+01
1374	-7.193819e+01
1375	-7.533029e+01
1376	-7.201874e+01
1377	-7.551005e+01
1378	-7.436743e+01
1379	-7.669399e+01
1380	-7.538295e+01
1381	-7.453791e+01
1382	-7.291571e+01
1383	-7.270839e+01
1384	-7.135537e+01
1385	-7.282737e+01
1386	-7.017257e+01
1387	-7.463480e+01
1388	-7.572200e+01
1389	-7.418012e+01
1390	-7.296492e+01
1391	-7.640599e+01
1392	-7.521105e+01
1393	-7.438206e+01
1394	-7.389938e+01
1395	-7.433345e+01
1396	-7.197333e+01
1397	-7.717384e+01
1398	-7.128710e+01
1399	-7.182047e+01
1400	-7.140269e+01
1401	-7.681189e+01
1402	-7.043423e+01
1403	-7.318521e+01
1404	-7.478019e+01
1405	-7.666514e+01
1406	-7.622717e+01
1407	-7.247654e+01
1408	-7.442346e+01
1409	-7.522785e+01
1410	-7.367119e+01
1411	-7.498130e+01
1412	-7.520065e+01
1413	-7.030764e+01
1414	-7.324817e+01
1415	-7.360974e+01
1416	-7.506621e+01
1417	-7.481611e+01
1418	-7.295222e+01
1419	-7.538251e+01
1420	-7.274049e+01
1421	-7.311658e+01
1422	-7.367399e+01
1423	-7.177276e+01
1424	-7.500352e+01
1425	-7.271683e+01
1426	-7.458095e+01
1427	-7.405132e+01
1428	-7.327773e+01
1429	-7.323097e+01
1430	-7.290037e+01
1431	-7.340142e+01
1432	-7.151873e+01
1433	-7.573395e+01
1434	-7.367012e+01
1435	-7.230882e+01
1436	-7.696052e+01
1437	-6.985708e+01
1438	-7.407992e+01
1439	-7.321860e+01
1440	-7.532386e+01
1441	-7.011655e+01
1442	-7.136189e+01
1443	-7.048502e+01
1444	-7.572847e+01
1445	-7.170920e+01
1446	-7.566937e+01
1447	-7.220169e+01
1448	-7.049621e+01
1449	-7.390332e+01
1450	-7.175623e+01
1451	-7.125807e+01
1452	-7.184979e+01
1453	-7.442012e+01
1454	-7.490152e+01
1455	-7.250371e+01
1456	-7.484359e+01
1457	-7.524967e+01
1458	-7.148921e+01
1459	-7.548505e+01
1460	-7.627478e+01
1461	-7.505966e+01
1462	-7.492723e+01
1463	-7.403097e+01
1464	-7.029642e+01
1465	-7.297111e+01
1466	-7.355275e+01
1467	-7.251767e+01
1468	-7.050518e+01
1469	-7.468044e+01
1470	-7.804529e+01
1471	-7.125939e+01
1472	-7.266615e+01
1473	-7.194344e+01
1474	-7.018115e+01
1475	-7.009134e+01
1476	-7.019405e+01
1477	-7.329600e+01
1478	-7.173542e+01
1479	-7.614033e+01
1480	-7.421150e+01
1481	-7.425582e+01
1482	-7.461560e+01
1483	-6.753994e+01
1484	-7.346992e+01
1485	-7.349483e+01
1486	-7.346297e+01
1487	-7.587754e+01
1488	-7.455355e+01
1489	-7.236813e+01
1490	-7.406107e+01
1491	-7.014341e+01
1492	-7.402926e+01
1493	-7.324932e+01
1494	-7.072528e+01
1495	-7.280201e+01
1496	-7.288242e+01
1497	-7.520160e+01
1498	-7.227156e+01
1499	-7.270837e+01
1500	-7.444783e+01
1501	-7.000505e+01
1502	-7.656293e+01
1503	-7.129457e+01
1504	-7.587833e+01
1505	-7.096956e+01
1506	-6.923818e+01
1507	-7.005757e+01
1508	-7.225573e+01
1509	-7.215242e+01
1510	-7.337923e+01
1511	-7.117427e+01
1512	-7.298408e+01
1513	-7.274966e+01
1514	-7.067186e+01
1515	-7.079919e+01
1516	-7.128598e+01
1517	-7.444867e+01
1518	-6.913213e+01
1519	-7.307021e+01
1520	-7.155032e+01
1521	-7.320896e+01
1522	-7.418859e+01
1523	-7.256123e+01
1524	-7.444794e+01
1525	-7.515142e+01
1526	-6.860951e+01
1527	-7.478401e+01
1528	-7.438327e+01
1529	-7.378131e+01
1530	-7.219755e+01
1531	-7.480405e+01
1532	-7.322289e+01
1533	-7.053468e+01
1534	-7.142184e+01
1535	-7.248476e+01
1536	-7.019926e+01
1537	-6.890980e+01
1538	-7.547914e+01
1539	-7.609270e+01
1540	-7.509324e+01
1541	-7.512049e+01
1542	-7.548538e+01
1543	-7.847080e+01
1544	-7.412650e+01
1545	-6.997852e+01
1546	-7.407699e+01
1547	-7.310473e+01
1548	-7.143189e+01
1549	-7.424097e+01
1550	-7.360436e+01
1551	-7.649188e+01
1552	-7.145404e+01
1553	-7.573564e+01
1554	-7.469789e+01
1555	-7.034778e+01
1556	-7.393286e+01
1557	-6.985454e+01
1558	-7.007465e+01
1559	-7.040250e+01
1560	-7.604028e+01
1561	-6.992454e+01
1562	-7.318226e+01
1563	-7.312094e+01
1564	-7.459484e+01
1565	-7.126717e+01
1566	-7.446763e+01
1567	-7.087277e+01
1568	-7.262093e+01
1569	-7.300460e+01
1570	-6.983180e+01
1571	-7.299271e+01
1572	-7.104177e+01
1573	-7.244562e+01
1574	-7.489598e+01
1575	-7.349571e+01
1576	-7.208243e+01
1577	-7.728093e+01
1578	-7.431743e+01
1579	-7.169602e+01
1580	-7.780413e+01
1581	-7.542623e+01
1582	-7.194838e+01
1583	-7.268130e+01
1584	-7.365440e+01
1585	-7.263051e+01
1586	-7.130372e+01
1587	-7.586696e+01
1588	-7.289026e+01
1589	-7.602488e+01
1590	-7.450204e+01
1591	-7.515465e+01
1592	-7.185991e+01
1593	-7.423610e+01
1594	-7.437008e+01
1595	-7.367466e+01
1596	-7.425515e+01
1597	-7.269669e+01
1598	-7.325910e+01
1599	-7.292793e+01
1600	-6.904580e+01
1601	-8.021416e+01
1602	-7.598719e+01
1603	-7.374741e+01
1604	-7.605206e+01
1605	-7.549297e+01
1606	-7.488806e+01
1607	-7.347169e+01
1608	-6.759564e+01
1609	-7.411527e+01
1610	-7.402367e+01
1611	-7.158765e+01
1612	-7.239243e+01
1613	-7.139511e+01
1614	-7.156888e+01
1615	-7.306974e+01
1616	-7.437099e+01
1617	-7.059775e+01
1618	-6.876415e+01
1619	-7.870022e+01
1620	-7.345765e+01
1621	-7.517428e+01
1622	-7.643733e+01
1623	-7.279319e+01
1624	-7.190790e+01
1625	-7.665471e+01
1626	-7.552378e+01
1627	-7.141269e+01
1628	-7.433434e+01
1629	-7.496079e+01
1630	-7.037103e+01
1631	-7.560821e+01
1632	-6.980501e+01
1633	-7.123093e+01
1634	-6.991200e+01
1635	-7.627381e+01
1636	-7.302970e+01
1637	-7.571174e+01
1638	-7.050676e+01
1639	-6.895202e+01
1640	-7.271307e+01
1641	-7.545450e+01
1642	-7.184744e+01
1643	-6.891194e+01
1644	-7.075033e+01
1645	-7.128940e+01
1646	-6.993583e+01
1647	-7.305503e+01
1648	-7.569610e+01
1649	-7.153977e+01
1650	-7.186648e+01
1651	-7.293325e+01
1652	-7.402131e+01
1653	-7.508671e+01
1654	-7.268269e+01
1655	-7.490758e+01
1656	-7.544958e+01
1657	-7.486476e+01
1658	-7.364649e+01
1659	-7.381550e+01
1660	-7.182901e+01
1661	-7.199982e+01
1662	-7.405915e+01
1663	-7.137826e+01
1664	-7.196081e+01
1665	-7.420622e+01
1666	-7.376896e+01
1667	-7.076468e+01
1668	-7.119345e+01
1669	-7.340004e+01
1670	-7.189615e+01
1671	-7.323827e+01
1672	-7.707028e+01
1673	-7.308032e+01
1674	-7.636031e+01
1675	-7.553409e+01
1676	-7.175408e+01
1677	-7.257148e+01
1678	-7.087441e+01
1679	-7.331148e+01
1680	-7.624994e+01
1681	-7.326643e+01
1682	-7.429647e+01
1683	-7.079699e+01
1684	-7.306674e+01
1685	-7.320557e+01
1686	-7.418052e+01
1687	-7.368515e+01
1688	-7.504784e+01
1689	-7.465283e+01
1690	-7.361999e+01
1691	-7.285067e+01
1692	-7.536940e+01
1693	-6.899581e+01
1694	-7.531343e+01
1695	-6.954511e+01
1696	-7.107380e+01
1697	-7.304399e+01
1698	-7.404210e+01
1699	-7.276514e+01
1700	-7.172998e+01
1701	-7.506852e+01
1702	-7.450204e+01
1703	-7.476405e+01
1704	-7.217205e+01
1705	-7.577740e+01
1706	-7.272453e+01
1707	-7.381448e+01
1708	-7.599950e+01
1709	-6.948096e+01
1710	-7.022279e+01
1711	-7.546832e+01
1712	-7.480074e+01
1713	-7.103716e+01
1714	-7.414572e+01
1715	-7.142603e+01
1716	-7.254870e+01
1717	-7.315627e+01
1718	-7.551428e+01
1719	-7.290629e+01
1720	-7.112677e+01
1721	-7.028690e+01
1722	-7.209672e+01
1723	-7.359288e+01
1724	-7.068175e+01
1725	-7.443330e+01
1726	-7.759217e+01
1727	-7.465369e+01
1728	-7.301932e+01
1729	-7.193592e+01
1730	-7.499182e+01
1731	-7.388722e+01
1732	-7.568258e+01
1733	-7.792821e+01
1734	-7.446836e+01
1735	-7.219743e+01
1736	-6.888374e+01
1737	-7.655525e+01
1738	-7.515615e+01
1739	-7.384374e+01
1740	-7.700280e+01
1741	-7.356723e+01
1742	-7.583201e+01
1743	-7.804850e+01
1744	-7.674139e+01
1745	-7.184054e+01
1746	-7.149249e+01
1747	-7.678509e+01
1748	-7.843923e+01
1749	-7.042271e+01
1750	-7.290174e+01
1751	-7.302522e+01
1752	-7.288587e+01
1753	-7.545019e+01
1754	-7.193907e+01
1755	-7.374266e+01
1756	-7.340450e+01
1757	-7.461037e+01
1758	-7.087186e+01
1759	-7.326067e+01
1760	-7.208572e+01
1761	-7.616248e+01
1762	-7.511653e+01
1763	-7.069538e+01
1764	-7.168864e+01
1765	-7.398650e+01
1766	-7.513533e+01
1767	-6.996700e+01
1768	-7.410310e+01
1769	-7.276553e+01
1770	-7.379650e+01
1771	-7.550860e+01
1772	-7.429811e+01
1773	-7.230297e+01
1774	-7.561203e+01
1775	-7.106271e+01
1776	-7.492775e+01
1777	-7.337415e+01
1778	-7.182013e+01
1779	-7.214457e+01
1780	-7.461696e+01
1781	-7.501362e+01
1782	-7.437306e+01
1783	-6.944445e+01
1784	-7.334245e+01
1785	-7.084285e+01
1786	-7.294075e+01
1787	-6.936186e+01
1788	-7.590456e+01
1789	-7.309210e+01
1790	-7.280532e+01
1791	-7.461369e+01
1792	-7.236124e+01
1793	-7.645821e+01
1794	-7.564138e+01
1795	-7.049789e+01
1796	-7.385884e+01
1797	-7.291300e+01
1798	-7.300648e+01
1799	-7.518415e+01
1800	-7.322394e+01
1801	-7.293400e+01
1802	-7.382561e+01
1803	-7.517700e+01
1804	-7.258089e+01
1805	-7.041726e+01
1806	-7.518660e+01
1807	-7.565636e+01
1808	-7.354683e+01
1809	-7.451238e+01
1810	-7.276546e+01
1811	-7.526079e+01
1812	-7.566340e+01
1813	-7.455865e+01
1814	-7.497582e+01
1815	-7.268270e+01
1816	-7.571369e+01
1817	-7.373562e+01
1818	-7.542366e+01
1819	-7.149367e+01
1820	-7.331558e+01
1821	-7.411816e+01
1822	-7.092956e+01
1823	-7.587324e+01
1824	-7.476233e+01
1825	-7.342343e+01
1826	-7.264813e+01
1827	-7.412633e+01
1828	-7.324777e+01
1829	-7.391754e+01
1830	-7.582851e+01
1831	-7.537386e+01
1832	-7.851415e+01
1833	-6.979224e+01
1834	-7.264551e+01
1835	-7.787757e+01
1836	-7.258308e+01
1837	-7.249987e+01
1838	-7.473480e+01
1839	-7.327152e+01
1840	-7.262539e+01
1841	-7.209289e+01
1842	-7.030126e+01
1843	-7.476580e+01
1844	-7.462359e+01
1845	-7.058454e+01
1846	-7.534872e+01
1847	-7.260229e+01
1848	-7.267502e+01
1849	-7.565323e+01
1850	-7.418954e+01
1851	-7.400466e+01
1852	-7.124885e+01
1853	-7.248679e+01
1854	-6.871016e+01
1855	-7.098094e+01
1856	-7.043281e+01
1857	-7.603029e+01
1858	-7.389369e+01
1859	-7.221497e+01
1860	-7.477873e+01
1861	-7.348250e+01
1862	-7.214228e+01
1863	-7.197057e+01
1864	-7.094737e+01
1865	-7.265228e+01
1866	-7.280756e+01
1867	-7.561591e+01
1868	-7.341235e+01
1869	-7.459644e+01
1870	-7.344511e+01
1871	-7.353067e+01
1872	-7.386673e+01
1873	-7.435999e+01
1874	-7.088159e+01
1875	-7.561664e+01
1876	-7.645072e+01
1877	-6.932605e+01
1878	-7.224955e+01
1879	-7.650129e+01
1880	-7.071523e+01
1881	-7.225510e+01
1882	-7.508308e+01
1883	-7.469603e+01
1884	-7.661719e+01
1885	-7.033663e+01
1886	-7.176339e+01
1887	-7.341708e+01
1888	-7.221792e+01
1889	-7.563719e+01
1890	-7.417178e+01
1891	-7.123686e+01
1892	-7.278687e+01
1893	-6.926428e+01
1894	-7.392532e+01
1895	-7.165057e+01
1896	-7.539828e+01
1897	-7.451901e+01
1898	-7.806845e+01
1899	-7.090009e+01
1900	-6.924071e+01
1901	-7.736061e+01
1902	-7.503671e+01
1903	-7.400954e+01
1904	-7.324364e+01
1905	-6.720860e+01
1906	-7.262667e+01
1907	-7.247627e+01
1908	-7.475309e+01
1909	-7.391793e+01
1910	-7.391347e+01
1911	-7.061537e+01
1912	-6.924499e+01
1913	-7.343315e+01
1914	-7.303839e+01
1915	-7.197619e+01
1916	-7.437682e+01
1917	-7.215515e+01
1918	-7.222038e+01
1919	-7.369700e+01
1920	-7.025938e+01
1921	-7.676461e+01
1922	-7.194707e+01
1923	-7.324849e+01
1924	-7.159115e+01
1925	-7.463146e+01
1926	-7.315382e+01
1927	-7.424154e+01
1928	-7.140077e+01
1929	-7.461202e+01
1930	-7.655413e+01
1931	-7.610428e+01
1932	-7.479357e+01
1933	-7.323937e+01
1934	-7.402328e+01
1935	-7.434416e+01
1936	-7.103565e+01
1937	-7.499813e+01
1938	-7.362222e+01
1939	-7.140458e+01
1940	-7.266692e+01
1941	-7.222304e+01
1942	-7.852520e+01
1943	-7.119642e+01
1944	-7.266051e+01
1945	-7.531681e+01
1946	-7.309276e+01
1947	-7.577259e+01
1948	-7.284906e+01
1949	-7.641919e+01
1950	-7.518337e+01
1951	-6.976162e+01
1952	-7.153279e+01
1953	-7.069508e+01
1954	-7.309569e+01
1955	-7.136863e+01
1956	-7.343658e+01
1957	-7.095533e+01
1958	-7.623705e+01
1959	-7.600188e+01
1960	-7.079794e+01
1961	-7.333042e+01
1962	-7.323580e+01
1963	-7.640608e+01
1964	-7.197159e+01
1965	-7.509979e+01
1966	-7.428561e+01
1967	-7.483127e+01
1968	-7.398779e+01
1969	-7.364686e+01
1970	-7.809506e+01
1971	-7.231311e+01
1972	-7.418378e+01
1973	-7.498798e+01
1974	-7.026141e+01
1975	-7.181887e+01
1976	-7.067683e+01
1977	-7.365371e+01
1978	-7.522398e+01
1979	-7.224326e+01
1980	-7.349826e+01
1981	-7.366189e+01
1982	-7.431283e+01
1983	-7.179996e+01
1984	-7.506893e+01
1985	-7.563893e+01
1986	-7.219754e+01
1987	-7.281904e+01
1988	-7.497621e+01
1989	-7.413679e+01
1990	-7.297702e+01
1991	-6.931656e+01
1992	-7.309399e+01
1993	-7.159414e+01
1994	-7.367319e+01
1995	-7.407025e+01
1996	-7.087743e+01
1997	-7.187077e+01
1998	-7.229209e+01
1999	-7.437638e+01
2000	-7.427649e+01
2001	-7.340410e+01
2002	-7.266446e+01
2003	-7.287238e+01
2004	-7.280608e+01
2005	-7.168316e+01
2006	-7.208401e+01
2007	-7.133019e+01
2008	-7.418172e+01
2009	-7.459961e+01
2010	-7.072855e+01
2011	-7.326696e+01
2012	-7.256762e+01
2013	-7.581224e+01
2014	-7.635631e+01
2015	-7.330877e+01
2016	-7.031507e+01
2017	-7.904231e+01
2018	-7.433205e+01
2019	-7.308472e+01
2020	-7.024732e+01
2021	-7.258525e+01
2022	-7.410773e+01
2023	-7.322955e+01
2024	-7.238910e+01
2025	-7.343277e+01
2026	-7.291736e+01
2027	-6.975641e+01
2028	-7.412190e+01
2029	-7.677252e+01
2030	-7.818171e+01
2031	-7.513640e+01
2032	-7.083656e+01
2033	-7.266092e+01
2034	-7.266310e+01
2035	-7.456985e+01
2036	-7.361133e+01
2037	-6.977077e+01
2038	-6.984474e+01
2039	-7.489640e+01
2040	-7.084340e+01
2041	-7.124991e+01
2042	-7.162557e+01
2043	-7.072192e+01
2044	-7.481421e+01
2045	-7.316739e+01
2046	-7.394743e+01
2047	-7.330373e+01
2048	-6.942708e+01
2049	-7.529552e+01
2050	-7.422333e+01
2051	-7.474695e+01
2052	-7.025913e+01
2053	-7.182051e+01
2054	-7.318559e+01
2055	-7.510345e+01
2056	-7.229641e+01
2057	-7.234474e+01
2058	-7.176209e+01
2059	-6.976043e+01
2060	-7.138293e+01
2061	-7.417093e+01
2062	-7.256100e+01
2063	-7.430078e+01
2064	-7.181206e+01
2065	-7.449320e+01
2066	-7.318274e+01
2067	-7.415669e+01
2068	-7.050938e+01
2069	-7.522583e+01
2070	-7.140821e+01
2071	-7.278881e+01
2072	-7.490931e+01
2073	-7.297112e+01
2074	-7.496601e+01
2075	-7.015440e+01
2076	-7.125387e+01
2077	-7.470569e+01
2078	-7.414400e+01
2079	-6.925135e+01
2080	-7.270323e+01
2081	-6.914385e+01
2082	-7.550768e+01
2083	-7.144803e+01
2084	-7.322229e+01
2085	-6.847948e+01
2086	-7.289321e+01
2087	-7.297428e+01
2088	-7.738607e+01
2089	-7.651964e+01
2090	-7.714193e+01
2091	-7.530080e+01
2092	-7.125496e+01
2093	-7.312036e+01
2094	-7.476937e+01
2095	-7.419485e+01
2096	-7.410868e+01
2097	-7.432182e+01
2098	-7.493463e+01
2099	-7.378191e+01
2100	-7.330725e+01
2101	-7.551807e+01
2102	-7.632670e+01
2103	-7.376640e+01
2104	-7.329341e+01
2105	-7.318640e+01
2106	-7.685120e+01
2107	-7.474234e+01
2108	-7.204672e+01
2109	-7.154691e+01
2110	-7.311474e+01
2111	-7.375218e+01
2112	-7.605082e+01
2113	-7.591986e+01
2114	-6.990213e+01
2115	-7.652592e+01
2116	-7.023955e+01
2117	-7.316348e+01
2118	-7.186174e+01
2119	-7.294131e+01
2120	-7.608606e+01
2121	-7.141801e+01
2122	-6.880497e+01
2123	-7.084728e+01
2124	-7.703112e+01
2125	-7.178216e+01
2126	-7.373067e+01
2127	-7.262764e+01
2128	-7.600471e+01
2129	-7.291651e+01
2130	-7.513674e+01
2131	-7.159694e+01
2132	-7.302161e+01
2133	-7.500094e+01
2134	-6.961716e+01
2135	-7.017305e+01
2136	-7.533470e+01
2137	-7.205797e+01
2138	-7.273787e+01
2139	-7.240941e+01
2140	-7.427820e+01
2141	-7.721324e+01
2142	-7.527693e+01
2143	-7.270446e+01
2144	-7.200143e+01
2145	-7.368765e+01
2146	-7.561098e+01
2147	-7.417002e+01
2148	-6.697749e+01
2149	-7.360365e+01
2150	-7.494995e+01
2151	-7.524359e+01
2152	-7.131567e+01
2153	-7.608514e+01
2154	-7.693642e+01
2155	-7.423457e+01
2156	-7.048407e+01
2157	-7.521118e+01
2158	-7.348843e+01
2159	-6.985608e+01
2160	-7.441582e+01
2161	-7.470069e+01
2162	-7.321322e+01
2163	-7.096981e+01
2164	-7.594929e+01
2165	-7.097338e+01
2166	-7.464054e+01
2167	-7.511891e+01
2168	-6.808087e+01
2169	-6.897779e+01
2170	-6.996957e+01
2171	-7.480541e+01
2172	-7.104763e+01
2173	-7.659666e+01
2174	-7.761196e+01
2175	-6.952802e+01
2176	-7.645874e+01
2177	-7.467025e+01
2178	-7.131681e+01
2179	-7.335450e+01
2180	-6.850063e+01
2181	-7.723206e+01
2182	-7.159038e+01
2183	-7.191131e+01
2184	-7.197808e+01
2185	-7.320114e+01
2186	-6.902381e+01
2187	-7.234647e+01
2188	-7.232720e+01
2189	-7.341326e+01
2190	-7.192988e+01
2191	-7.352004e+01
2192	-7.486415e+01
2193	-7.293469e+01
2194	-7.249130e+01
2195	-7.168703e+01
2196	-7.092022e+01
2197	-7.496606e+01
2198	-6.821325e+01
2199	-6.980769e+01
2200	-7.409535e+01
2201	-6.944000e+01
2202	-7.442883e+01
2203	-7.527209e+01
2204	-6.995641e+01
2205	-7.098280e+01
2206	-7.377277e+01
2207	-7.548414e+01
2208	-7.081210e+01
2209	-7.111654e+01
2210	-7.824155e+01
2211	-7.840727e+01
2212	-7.377053e+01
2213	-7.549242e+01
2214	-7.247723e+01
2215	-7.508146e+01
2216	-7.279219e+01
2217	-7.396736e+01
2218	-7.293959e+01
2219	-7.416788e+01
2220	-7.357053e+01
2221	-7.077302e+01
2222	-7.162444e+01
2223	-7.488959e+01
2224	-7.178008e+01
2225	-7.363122e+01
2226	-7.000542e+01
2227	-7.600255e+01
2228	-7.334520e+01
2229	-7.376221e+01
2230	-7.470143e+01
2231	-7.215657e+01
2232	-7.384491e+01
2233	-7.716440e+01
2234	-7.332263e+01
2235	-7.297850e+01
2236	-7.615132e+01
2237	-6.877185e+01
2238	-6.945566e+01
2239	-7.338657e+01
2240	-7.012280e+01
2241	-7.265948e+01
2242	-7.186426e+01
2243	-7.357401e+01
2244	-7.218555e+01
2245	-7.394219e+01
2246	-7.502793e+01
2247	-7.443704e+01
2248	-7.412079e+01
2249	-7.445174e+01
2250	-7.362557e+01
2251	-7.550661e+01
2252	-7.298972e+01
2253	-7.248373e+01
2254	-7.252342e+01
2255	-7.340274e+01
2256	-7.569348e+01
2257	-7.434885e+01
2258	-7.459733e+01
2259	-7.424578e+01
2260	-7.572304e+01
2261	-7.554780e+01
2262	-7.105401e+01
2263	-7.670899e+01
2264	-7.298186e+01
2265	-7.589542e+01
2266	-7.066253e+01
2267	-7.313987e+01
2268	-7.095323e+01
2269	-7.321802e+01
2270	-7.330179e+01
2271	-7.235363e+01
2272	-7.441894e+01
2273	-7.325052e+01
2274	-7.111964e+01
2275	-7.053319e+01
2276	-7.424373e+01
2277	-7.188829e+01
2278	-7.363906e+01
2279	-7.072831e+01
2280	-7.003617e+01
2281	-7.328803e+01
2282	-7.483399e+01
2283	-7.402519e+01
2284	-6.773576e+01
2285	-7.000145e+01
2286	-7.415763e+01
2287	-7.483073e+01
2288	-7.375465e+01
2289	-7.198079e+01
2290	-7.509923e+01
2291	-7.159839e+01
2292	-7.237014e+01
2293	-7.149808e+01
2294	-7.176212e+01
2295	-7.600557e+01
2296	-7.157564e+01
2297	-7.483181e+01
2298	-7.309029e+01
2299	-7.522898e+01
2300	-7.413655e+01
2301	-7.268606e+01
2302	-7.253614e+01
2303	-7.282245e+01
2304	-7.253950e+01
2305	-7.871212e+01
2306	-7.250905e+01
2307	-7.325667e+01
2308	-7.279200e+01
2309	-7.073481e+01
2310	-7.218695e+01
2311	-7.079442e+01
2312	-7.434466e+01
2313	-7.554324e+01
2314	-7.057642e+01
2315	-7.228953e+01
2316	-7.395005e+01
2317	-6.988523e+01
2318	-7.417653e+01
2319	-7.218489e+01
2320	-7.289740e+01
2321	-7.278006e+01
2322	-7.120368e+01
2323	-7.278580e+01
2324	-6.932255e+01
2325	-7.205531e+01
2326	-7.207128e+01
2327	-7.331787e+01
2328	-7.299861e+01
2329	-7.589138e+01
2330	-7.021720e+01
2331	-7.313242e+01
2332	-7.242917e+01
2333	-7.157663e+01
2334	-7.317715e+01
2335	-7.588580e+01
2336	-7.701185e+01
2337	-7.902239e+01
2338	-7.391761e+01
2339	-6.905794e+01
2340	-7.084554e+01
2341	-7.497748e+01
2342	-7.286336e+01
2343	-6.952708e+01
2344	-7.219801e+01
2345	-7.419621e+01
2346	-7.312784e+01
2347	-7.264621e+01
2348	-7.294168e+01
2349	-7.647808e+01
2350	-7.457370e+01
2351	-7.432826e+01
2352	-6.935858e+01
2353	-7.395881e+01
2354	-7.302990e+01
2355	-7.116124e+01
2356	-7.364127e+01
2357	-7.226462e+01
2358	-7.770478e+01
2359	-7.237327e+01
2360	-7.200948e+01
2361	-7.068243e+01
2362	-7.536296e+01
2363	-7.195203e+01
2364	-7.264631e+01
2365	-7.391394e+01
2366	-7.427575e+01
2367	-7.586731e+01
2368	-7.311754e+01
2369	-7.738150e+01
2370	-7.207154e+01
2371	-7.396178e+01
2372	-7.342057e+01
2373	-7.513146e+01
2374	-7.506971e+01
2375	-7.314943e+01
2376	-7.150701e+01
2377	-7.139904e+01
2378	-7.135861e+01
2379	-7.159491e+01
2380	-7.363259e+01
2381	-7.231726e+01
2382	-7.720272e+01
2383	-7.278727e+01
2384	-7.447939e+01
2385	-7.253722e+01
2386	-7.577463e+01
2387	-7.156512e+01
2388	-7.342502e+01
2389	-7.611320e+01
2390	-7.294123e+01
2391	-7.642458e+01
2392	-7.478037e+01
2393	-7.293354e+01
2394	-7.102003e+01
2395	-7.242252e+01
2396	-7.531538e+01
2397	-7.270791e+01
2398	-7.176430e+01
2399	-7.524133e+01
2400	-7.017507e+01
2401	-7.413910e+01
2402	-7.305417e+01
2403	-7.161462e+01
2404	-7.385696e+01
2405	-7.099841e+01
2406	-7.265577e+01
2407	-7.228172e+01
2408	-7.129908e+01
2409	-7.093649e+01
2410	-7.257500e+01
2411	-7.523686e+01
2412	-6.947128e+01
2413	-7.482526e+01
2414	-7.822653e+01
2415	-7.144381e+01
2416	-7.641484e+01
2417	-7.416768e+01
2418	-7.264432e+01
2419	-7.162341e+01
2420	-7.913515e+01
2421	-7.115795e+01
2422	-7.299546e+01
2423	-6.986458e+01
2424	-7.551119e+01
2425	-7.416508e+01
2426	-7.350866e+01
2427	-7.850555e+01
2428	-7.740219e+01
2429	-7.607383e+01
2430	-7.218292e+01
2431	-7.085083e+01
2432	-7.448257e+01
2433	-7.398794e+01
2434	-7.208965e+01
2435	-7.052865e+01
2436	-7.250951e+01
2437	-7.107813e+01
2438	-7.662498e+01
2439	-7.184977e+01
2440	-7.926558e+01
2441	-7.252224e+01
2442	-7.440803e+01
2443	-7.243616e+01
2444	-7.338819e+01
2445	-7.206931e+01
2446	-7.530807e+01
2447	-7.157173e+01
2448	-7.413517e+01
2449	-7.379863e+01
2450	-7.300723e+01
2451	-7.264239e+01
2452	-7.124084e+01
2453	-7.548639e+01
2454	-6.717341e+01
2455	-7.557188e+01
2456	-7.132202e+01
2457	-7.446412e+01
2458	-7.248437e+01
2459	-7.337455e+01
2460	-7.375745e+01
2461	-7.128920e+01
2462	-7.459755e+01
2463	-7.470866e+01
2464	-7.473992e+01
2465	-7.226224e+01
2466	-7.627067e+01
2467	-7.133378e+01
2468	-7.317659e+01
2469	-7.549665e+01
2470	-7.370047e+01
2471	-7.301464e+01
2472	-7.404547e+01
2473	-7.611502e+01
2474	-7.513845e+01
2475	-7.308269e+01
2476	-7.580674e+01
2477	-7.373208e+01
2478	-7.082625e+01
2479	-7.259976e+01
2480	-7.294823e+01
2481	-7.427894e+01
2482	-7.326537e+01
2483	-7.752701e+01
2484	-7.316627e+01
2485	-7.546843e+01
2486	-7.172661e+01
2487	-7.180871e+01
2488	-7.200465e+01
2489	-7.642366e+01
2490	-7.220279e+01
2491	-7.248497e+01
2492	-7.343248e+01
2493	-7.355519e+01
2494	-7.171097e+01
2495	-7.365683e+01
2496	-7.353332e+01
2497	-7.537890e+01
2498	-7.569069e+01
2499	-7.003186e+01
2500	-7.593039e+01
2501	-7.342744e+01
2502	-7.319148e+01
2503	-6.812200e+01
2504	-7.405264e+01
2505	-7.536860e+01
2506	-7.454317e+01
2507	-7.248538e+01
2508	-7.339637e+01
2509	-7.523103e+01
2510	-6.966725e+01
2511	-7.217730e+01
2512	-7.050409e+01
2513	-7.369720e+01
2514	-7.391354e+01
2515	-7.254953e+01
2516	-7.259053e+01
2517	-7.695676e+01
2518	-7.436596e+01
2519	-7.807131e+01
2520	-7.119792e+01
2521	-7.337539e+01
2522	-7.358564e+01
2523	-7.566710e+01
2524	-7.280584e+01
2525	-7.131624e+01
2526	-7.168770e+01
2527	-7.475049e+01
2528	-7.543530e+01
2529	-7.510651e+01
2530	-7.325058e+01
2531	-7.105917e+01
2532	-7.504900e+01
2533	-7.474503e+01
2534	-7.143992e+01
2535	-7.529324e+01
2536	-7.215047e+01
2537	-7.434127e+01
2538	-7.000804e+01
2539	-7.421532e+01
2540	-7.683498e+01
2541	-7.620563e+01
2542	-7.161846e+01
2543	-6.962833e+01
2544	-7.273890e+01
2545	-7.475486e+01
2546	-7.426731e+01
2547	-7.242466e+01
2548	-7.576588e+01
2549	-7.384327e+01
2550	-7.216167e+01
2551	-7.640908e+01
2552	-7.278451e+01
2553	-7.564428e+01
2554	-7.493997e+01
2555	-7.304411e+01
2556	-7.099498e+01
2557	-7.563566e+01
2558	-7.268448e+01
2559	-7.080571e+01
2560	-7.600739e+01
2561	-7.460947e+01
2562	-7.265086e+01
2563	-7.542588e+01
2564	-6.885993e+01
2565	-7.231783e+01
2566	-7.357781e+01
2567	-7.575623e+01
2568	-7.254313e+01
2569	-7.199100e+01
2570	-7.373955e+01
2571	-7.404137e+01
2572	-7.368834e+01
2573	-7.490362e+01
2574	-7.155159e+01
2575	-7.357360e+01
2576	-6.921957e+01
2577	-7.143165e+01
2578	-6.971274e+01
2579	-7.767818e+01
2580	-7.602246e+01
2581	-7.263760e+01
2582	-7.299788e+01
2583	-7.287878e+01
2584	-7.229069e+01
2585	-7.383493e+01
2586	-7.784540e+01
2587	-7.509982e+01
2588	-7.369159e+01
2589	-7.562736e+01
2590	-7.204485e+01
2591	-7.705399e+01
2592	-7.047437e+01
2593	-7.105592e+01
2594	-7.047091e+01
2595	-6.980750e+01
2596	-7.338489e+01
2597	-7.240370e+01
2598	-7.502223e+01
2599	-7.643149e+01
2600	-7.362919e+01
2601	-7.137087e+01
2602	-7.306097e+01
2603	-7.403580e+01
2604	-7.451538e+01
2605	-7.284468e+01
2606	-7.219320e+01
2607	-7.254098e+01
2608	-7.027589e+01
2609	-7.012693e+01
2610	-7.473119e+01
2611	-7.822365e+01
2612	-7.329900e+01
2613	-6.860962e+01
2614	-7.374555e+01
2615	-7.407875e+01
2616	-7.265412e+01
2617	-7.252601e+01
2618	-7.256540e+01
2619	-7.092905e+01
2620	-7.493446e+01
2621	-7.632391e+01
2622	-7.246033e+01
2623	-7.416134e+01
2624	-7.172969e+01
2625	-7.117316e+01
2626	-7.273334e+01
2627	-6.872940e+01
2628	-7.367571e+01
2629	-7.135667e+01
2630	-7.622187e+01
2631	-7.711480e+01
2632	-7.557627e+01
2633	-7.424357e+01
2634	-7.284075e+01
2635	-7.235856e+01
2636	-7.296139e+01
2637	-7.556395e+01
2638	-7.326449e+01
2639	-7.556862e+01
2640	-7.541975e+01
2641	-7.119138e+01
2642	-7.308397e+01
2643	-7.443516e+01
2644	-7.779221e+01
2645	-7.634137e+01
2646	-7.322385e+01
2647	-7.503707e+01
2648	-7.674204e+01
2649	-7.243150e+01
2650	-7.520640e+01
2651	-7.767747e+01
2652	-7.303564e+01
2653	-7.171748e+01
2654	-7.177802e+01
2655	-6.973248e+01
2656	-7.050197e+01
2657	-7.520311e+01
2658	-6.876143e+01
2659	-7.419408e+01
2660	-7.209143e+01
2661	-7.550742e+01
2662	-7.374637e+01
2663	-7.188903e+01
2664	-7.368877e+01
2665	-7.396859e+01
2666	-7.097959e+01
2667	-7.399552e+01
2668	-7.260908e+01
2669	-7.263024e+01
2670	-7.156015e+01
2671	-7.281527e+01
2672	-7.499385e+01
2673	-7.265760e+01
2674	-7.172196e+01
2675	-7.035406e+01
2676	-7.270079e+01
2677	-7.267286e+01
2678	-7.207518e+01
2679	-7.751666e+01
2680	-7.363808e+01
2681	-7.369535e+01
2682	-7.282492e+01
2683	-7.599223e+01
2684	-7.566546e+01
2685	-7.151062e+01
2686	-7.412964e+01
2687	-7.330425e+01
2688	-7.342857e+01
2689	-7.114823e+01
2690	-7.057701e+01
2691	-7.451527e+01
2692	-7.281341e+01
2693	-7.291023e+01
2694	-7.216326e+01
2695	-7.242633e+01
2696	-6.910348e+01
2697	-7.425434e+01
2698	-7.320516e+01
2699	-7.120322e+01
2700	-7.848118e+01
2701	-7.242459e+01
2702	-7.124667e+01
2703	-7.333726e+01
2704	-7.250996e+01
2705	-7.430676e+01
2706	-7.415404e+01
2707	-7.526453e+01
2708	-7.294077e+01
2709	-7.191373e+01
2710	-7.542527e+01
2711	-7.312424e+01
2712	-7.397756e+01
2713	-7.442977e+01
2714	-7.641432e+01
2715	-7.322080e+01
2716	-7.724786e+01
2717	-7.632508e+01
2718	-7.760125e+01
2719	-7.297871e+01
2720	-7.412876e+01
2721	-7.018002e+01
2722	-7.352731e+01
2723	-7.604716e+01
2724	-7.354775e+01
2725	-7.200856e+01
2726	-7.123110e+01
2727	-7.037517e+01
2728	-7.380017e+01
2729	-7.099536e+01
2730	-7.448278e+01
2731	-7.449891e+01
2732	-7.357559e+01
2733	-7.667543e+01
2734	-7.163158e+01
2735	-7.202270e+01
2736	-7.501822e+01
2737	-7.466315e+01
2738	-7.323213e+01
2739	-7.336087e+01
2740	-7.577336e+01
2741	-7.392695e+01
2742	-7.241124e+01
2743	-7.002784e+01
2744	-7.310228e+01
2745	-7.358107e+01
2746	-7.571516e+01
2747	-7.559868e+01
2748	-7.499412e+01
2749	-7.595185e+01
2750	-7.131481e+01
2751	-7.174719e+01
2752	-7.558425e+01
2753	-6.950936e+01
2754	-7.312292e+01
2755	-7.068783e+01
2756	-7.217217e+01
2757	-7.144590e+01
2758	-7.544965e+01
2759	-7.184669e+01
2760	-7.359243e+01
2761	-7.273621e+01
2762	-7.330683e+01
2763	-7.109004e+01
2764	-7.469637e+01
2765	-7.164040e+01
2766	-7.250634e+01
2767	-7.558254e+01
2768	-7.156513e+01
2769	-7.509374e+01
2770	-7.108187e+01
2771	-7.226101e+01
2772	-7.208392e+01
2773	-7.623229e+01
2774	-7.387351e+01
2775	-7.363782e+01
2776	-7.197514e+01
2777	-7.196463e+01
2778	-7.468259e+01
2779	-7.468612e+01
2780	-7.641840e+01
2781	-7.150400e+01
2782	-7.518125e+01
2783	-7.408607e+01
2784	-7.436457e+01
2785	-7.340947e+01
2786	-7.239962e+01
2787	-7.479214e+01
2788	-7.496055e+01
2789	-7.182664e+01
2790	-7.324498e+01
2791	-7.427579e+01
2792	-7.177096e+01
2793	-7.150920e+01
2794	-7.231526e+01
2795	-7.493501e+01
2796	-7.463565e+01
2797	-7.344404e+01
2798	-7.484637e+01
2799	-7.522128e+01
2800	-7.783467e+01
2801	-7.015191e+01
2802	-7.403654e+01
2803	-7.187598e+01
2804	-7.236275e+01
2805	-7.266059e+01
2806	-7.458922e+01
2807	-7.332972e+01
2808	-7.433372e+01
2809	-7.411575e+01
2810	-7.347207e+01
2811	-7.373640e+01
2812	-7.227904e+01
2813	-7.343383e+01
2814	-7.374084e+01
2815	-7.598400e+01
2816	-7.489402e+01
2817	-7.285193e+01
2818	-7.172187e+01
2819	-7.381984e+01
2820	-7.401581e+01
2821	-7.151269e+01
2822	-7.341833e+01
2823	-7.159620e+01
2824	-7.293427e+01
2825	-7.298020e+01
2826	-6.955225e+01
2827	-7.607635e+01
2828	-7.393875e+01
2829	-7.249672e+01
2830	-7.361223e+01
2831	-7.413338e+01
2832	-7.591748e+01
2833	-7.804106e+01
2834	-7.699647e+01
2835	-7.180779e+01
2836	-7.747416e+01
2837	-7.316875e+01
2838	-7.166398e+01
2839	-7.640859e+01
2840	-7.528621e+01
2841	-7.281574e+01
2842	-7.092655e+01
2843	-7.668823e+01
2844	-7.345016e+01
2845	-7.210805e+01
2846	-7.315465e+01
2847	-7.458364e+01
2848	-7.214395e+01
2849	-7.467621e+01
2850	-7.477349e+01
2851	-7.577444e+01
2852	-7.407947e+01
2853	-7.659556e+01
2854	-7.467606e+01
2855	-7.015332e+01
2856	-7.317582e+01
2857	-7.324690e+01
2858	-7.430929e+01
2859	-7.347280e+01
2860	-7.290713e+01
2861	-7.283621e+01
2862	-7.411419e+01
2863	-7.358687e+01
2864	-7.371247e+01
2865	-7.502373e+01
2866	-7.566336e+01
2867	-7.205832e+01
2868	-7.297040e+01
2869	-7.272782e+01
2870	-7.245241e+01
2871	-7.491200e+01
2872	-7.309190e+01
2873	-7.402089e+01
2874	-7.427330e+01
2875	-7.375566e+01
2876	-7.152914e+01
2877	-7.212024e+01
2878	-7.280197e+01
2879	-7.412660e+01
2880	-7.322035e+01
2881	-7.484038e+01
2882	-7.456540e+01
2883	-7.395921e+01
2884	-7.264093e+01
2885	-7.243166e+01
2886	-6.919173e+01
2887	-7.080983e+01
2888	-7.371048e+01
2889	-6.737108e+01
2890	-7.307799e+01
2891	-7.269764e+01
2892	-7.279839e+01
2893	-7.712440e+01
2894	-7.227407e+01
2895	-7.458567e+01
2896	-7.931208e+01
2897	-7.266903e+01
2898	-7.167105e+01
2899	-7.378975e+01
2900	-7.903169e+01
2901	-7.569121e+01
2902	-7.516958e+01
2903	-7.169744e+01
2904	-6.972771e+01
2905	-7.238200e+01
2906	-7.346986e+01
2907	-7.296987e+01
2908	-7.522242e+01
2909	-7.116430e+01
2910	-6.783491e+01
2911	-7.145456e+01
2912	-7.236226e+01
2913	-7.343870e+01
2914	-7.346226e+01
2915	-7.285339e+01
2916	-7.417478e+01
2917	-7.601085e+01
2918	-7.236543e+01
2919	-7.407853e+01
2920	-7.519532e+01
2921	-7.283349e+01
2922	-7.300948e+01
2923	-7.846328e+01
2924	-7.138167e+01
2925	-7.374231e+01
2926	-7.293774e+01
2927	-7.281472e+01
2928	-7.636906e+01
2929	-7.154708e+01
2930	-7.559465e+01
2931	-7.550952e+01
2932	-7.305864e+01
2933	-7.546821e+01
2934	-7.587948e+01
2935	-7.126301e+01
2936	-7.705559e+01
2937	-7.155474e+01
2938	-7.269442e+01
2939	-6.939517e+01
2940	-7.205711e+01
2941	-7.286996e+01
2942	-7.278959e+01
2943	-7.383768e+01
2944	-7.434347e+01
2945	-7.487982e+01
2946	-7.214417e+01
2947	-7.046254e+01
2948	-7.019263e+01
2949	-7.043066e+01
2950	-7.467838e+01
2951	-7.290348e+01
2952	-7.569947e+01
2953	-7.232593e+01
2954	-7.407761e+01
2955	-7.545557e+01
2956	-7.080328e+01
2957	-7.138928e+01
2958	-7.519110e+01
2959	-7.289041e+01
2960	-7.100110e+01
2961	-7.204627e+01
2962	-7.407904e+01
2963	-7.382256e+01
2964	-6.962076e+01
2965	-7.488757e+01
2966	-7.107117e+01
2967	-7.387481e+01
2968	-7.183196e+01
2969	-7.296741e+01
2970	-7.428276e+01
2971	-7.296040e+01
2972	-7.207562e+01
2973	-7.361558e+01
2974	-7.180936e+01
2975	-7.198296e+01
2976	-7.408167e+01
2977	-7.074658e+01
2978	-6.931810e+01
2979	-6.990357e+01
2980	-7.218740e+01
2981	-7.174093e+01
2982	-7.258947e+01
2983	-7.714424e+01
2984	-7.047397e+01
2985	-7.340499e+01
2986	-7.553353e+01
2987	-7.371230e+01
2988	-7.187949e+01
2989	-7.747960e+01
2990	-7.166537e+01
2991	-7.400702e+01
2992	-7.241431e+01
2993	-7.152549e+01
2994	-7.510596e+01
2995	-7.236800e+01
2996	-7.120380e+01
2997	-6.964839e+01
2998	-7.646753e+01
2999	-7.079779e+01
3000	-6.923290e+01
3001	-6.999749e+01
3002	-7.422231e+01
3003	-7.502263e+01
3004	-7.480605e+01
3005	-7.388555e+01
3006	-7.008654e+01
3007	-7.383461e+01
3008	-7.370474e+01
3009	-7.447511e+01
3010	-6.863292e+01
3011	-7.465180e+01
3012	-7.445544e+01
3013	-7.269327e+01
3014	-7.415277e+01
3015	-7.414095e+01
3016	-7.305728e+01
3017	-7.354203e+01
3018	-7.041338e+01
3019	-7.248446e+01
3020	-7.432779e+01
3021	-7.780114e+01
3022	-7.550910e+01
3023	-7.351976e+01
3024	-7.247883e+01
3025	-7.491377e+01
3026	-7.326864e+01
3027	-7.315555e+01
3028	-7.737006e+01
3029	-7.428579e+01
3030	-6.979461e+01
3031	-7.483234e+01
3032	-7.379793e+01
3033	-7.232829e+01
3034	-7.312521e+01
3035	-7.150595e+01
3036	-7.146728e+01
3037	-7.274771e+01
3038	-7.520611e+01
3039	-7.394749e+01
3040	-7.299489e+01
3041	-7.292510e+01
3042	-7.379537e+01
3043	-7.734187e+01
3044	-7.306254e+01
3045	-7.248541e+01
3046	-7.082183e+01
3047	-7.411882e+01
3048	-7.631786e+01
3049	-7.477476e+01
3050	-6.926942e+01
3051	-7.243968e+01
3052	-7.378971e+01
3053	-7.082745e+01
3054	-7.128075e+01
3055	-7.585718e+01
3056	-7.457151e+01
3057	-7.145438e+01
3058	-7.633240e+01
3059	-7.451423e+01
3060	-7.813922e+01
3061	-7.346819e+01
3062	-7.407736e+01
3063	-7.258586e+01
3064	-6.947971e+01
3065	-7.319055e+01
3066	-7.095504e+01
3067	-7.178262e+01
3068	-7.118214e+01
3069	-7.364951e+01
3070	-7.289872e+01
3071	-7.368439e+01
3072	-6.933121e+01
3073	-7.548161e+01
3074	-7.431839e+01
3075	-7.407744e+01
3076	-7.201873e+01
3077	-7.235255e+01
3078	-7.712317e+01
3079	-7.581319e+01
3080	-7.378543e+01
3081	-7.409923e+01
3082	-7.410427e+01
3083	-7.184077e+01
3084	-7.162350e+01
3085	-7.301170e+01
3086	-7.151366e+01
3087	-7.489379e+01
3088	-7.062665e+01
3089	-7.249197e+01
3090	-7.601507e+01
3091	-7.161149e+01
3092	-7.608130e+01
3093	-7.440150e+01
3094	-7.396510e+01
3095	-7.288003e+01
3096	-7.140102e+01
3097	-7.204062e+01
3098	-7.117506e+01
3099	-7.131612e+01
3100	-7.408578e+01
3101	-7.063009e+01
3102	-7.460314e+01
3103	-6.909338e+01
3104	-7.189816e+01
3105	-7.299326e+01
3106	-7.150320e+01
3107	-7.230052e+01
3108	-7.356333e+01
3109	-7.314967e+01
3110	-7.693018e+01
3111	-6.948849e+01
3112	-7.271402e+01
3113	-7.549619e+01
3114	-7.584645e+01
3115	-7.228353e+01
3116	-7.224211e+01
3117	-6.978479e+01
3118	-7.150309e+01
3119	-7.537056e+01
3120	-7.220530e+01
3121	-7.451688e+01
3122	-7.625749e+01
3123	-7.797065e+01
3124	-7.674058e+01
3125	-7.157660e+01
3126	-7.208622e+01
3127	-6.957153e+01
3128	-7.674154e+01
3129	-7.482367e+01
3130	-7.693319e+01
3131	-6.795688e+01
3132	-7.482166e+01
3133	-7.293876e+01
3134	-7.373255e+01
3135	-7.088451e+01
3136	-7.405707e+01
3137	-7.461632e+01
3138	-7.436419e+01
3139	-7.575080e+01
3140	-7.514072e+01
3141	-7.189200e+01
3142	-7.276137e+01
3143	-7.304000e+01
3144	-7.419366e+01
3145	-7.422337e+01
3146	-7.115715e+01
3147	-7.323697e+01
3148	-7.396105e+01
3149	-7.158641e+01
3150	-7.267513e+01
3151	-7.209541e+01
3152	-7.167380e+01
3153	-7.568946e+01
3154	-6.906934e+01
3155	-7.241204e+01
3156	-7.617274e+01
3157	-7.676268e+01
3158	-7.535531e+01
3159	-7.435327e+01
3160	-7.350023e+01
3161	-7.147524e+01
3162	-7.651899e+01
3163	-7.159582e+01
3164	-7.314595e+01
3165	-6.801293e+01
3166	-7.218868e+01
3167	-7.398397e+01
3168	-7.384664e+01
3169	-7.552741e+01
3170	-7.295755e+01
3171	-7.589179e+01
3172	-7.253133e+01
3173	-7.072137e+01
3174	-7.426745e+01
3175	-7.237981e+01
3176	-7.387784e+01
3177	-7.236703e+01
3178	-7.507576e+01
3179	-7.147357e+01
3180	-7.428498e+01
3181	-7.530294e+01
3182	-7.232426e+01
3183	-7.376156e+01
3184	-7.271533e+01
3185	-7.679165e+01
3186	-7.521820e+01
3187	-7.511946e+01
3188	-7.135746e+01
3189	-7.430159e+01
3190	-7.461592e+01
3191	-7.106456e+01
3192	-7.173624e+01
3193	-7.346049e+01
3194	-7.115166e+01
3195	-7.185021e+01
3196	-7.247732e+01
3197	-7.438062e+01
3198	-7.362693e+01
3199	-7.362343e+01
3200	-7.516753e+01
3201	-7.643252e+01
3202	-7.224584e+01
3203	-7.722715e+01
3204	-7.233627e+01
3205	-7.187702e+01
3206	-7.062013e+01
3207	-7.393008e+01
3208	-7.302942e+01
3209	-7.237519e+01
3210	-7.368593e+01
3211	-7.373691e+01
3212	-7.275036e+01
3213	-6.879604e+01
3214	-7.481104e+01
3215	-7.148937e+01
3216	-7.354483e+01
3217	-7.522057e+01
3218	-7.275599e+01
3219	-7.112250e+01
3220	-7.427709e+01
3221	-7.533743e+01
3222	-7.236239e+01
3223	-7.274141e+01
3224	-7.225235e+01
3225	-7.474598e+01
3226	-7.213798e+01
3227	-7.333027e+01
3228	-7.124498e+01
3229	-7.190204e+01
3230	-7.303964e+01
3231	-7.466406e+01
3232	-6.939215e+01
3233	-7.515007e+01
3234	-6.851768e+01
3235	-7.468079e+01
3236	-7.467721e+01
3237	-7.289843e+01
3238	-7.232866e+01
3239	-7.400455e+01
3240	-7.160544e+01
3241	-7.217568e+01
3242	-7.090287e+01
3243	-7.371369e+01
3244	-7.422196e+01
3245	-7.052423e+01
3246	-7.202193e+01
3247	-7.549966e+01
3248	-7.645627e+01
3249	-7.319155e+01
3250	-7.223936e+01
3251	-7.190914e+01
3252	-7.432725e+01
3253	-7.655333e+01
3254	-7.227659e+01
3255	-7.159362e+01
3256	-7.341240e+01
3257	-7.181646e+01
3258	-7.098344e+01
3259	-7.492932e+01
3260	-7.455944e+01
3261	-7.054545e+01
3262	-7.128363e+01
3263	-7.282814e+01
3264	-7.533177e+01
3265	-7.353982e+01
3266	-7.448526e+01
3267	-7.509353e+01
3268	-7.236500e+01
3269	-7.739238e+01
3270	-7.580766e+01
3271	-7.470345e+01
3272	-7.663081e+01
3273	-7.345067e+01
3274	-7.276497e+01
3275	-7.272296e+01
3276	-7.195762e+01
3277	-7.584439e+01
3278	-7.454284e+01
3279	-7.246499e+01
3280	-7.579927e+01
3281	-7.145100e+01
3282	-7.222523e+01
3283	-7.321293e+01
3284	-7.442063e+01
3285	-7.066290e+01
3286	-7.226499e+01
3287	-7.377891e+01
3288	-7.163158e+01
3289	-7.426201e+01
3290	-7.535204e+01
3291	-7.103498e+01
3292	-7.601815e+01
3293	-6.837158e+01
3294	-7.208688e+01
3295	-7.209217e+01
3296	-7.494660e+01
3297	-6.974255e+01
3298	-7.173521e+01
3299	-7.599112e+01
3300	-7.140333e+01
3301	-7.500100e+01
3302	-7.164122e+01
3303	-7.463663e+01
3304	-7.089830e+01
3305	-7.322632e+01
3306	-6.969274e+01
3307	-7.500939e+01
3308	-6.995294e+01
3309	-7.704512e+01
3310	-7.389694e+01
3311	-7.354759e+01
3312	-7.604741e+01
3313	-7.485310e+01
3314	-7.663170e+01
3315	-7.125384e+01
3316	-6.834143e+01
3317	-7.384432e+01
3318	-7.385485e+01
3319	-7.493469e+01
3320	-7.348696e+01
3321	-7.196712e+01
3322	-7.238451e+01
3323	-7.452345e+01
3324	-7.661671e+01
3325	-7.361197e+01
3326	-7.456661e+01
3327	-6.920722e+01
3328	-7.311990e+01
3329	-6.938131e+01
3330	-7.369983e+01
3331	-7.113247e+01
3332	-7.434257e+01
3333	-7.706232e+01
3334	-7.178921e+01
3335	-6.776027e+01
3336	-7.518003e+01
3337	-7.095847e+01
3338	-7.471994e+01
3339	-7.320562e+01
3340	-7.484996e+01
3341	-7.337091e+01
3342	-7.171963e+01
3343	-7.583694e+01
3344	-7.256659e+01
3345	-7.491037e+01
3346	-7.462577e+01
3347	-7.104757e+01
3348	-7.228665e+01
3349	-7.269820e+01
3350	-7.260600e+01
3351	-7.330565e+01
3352	-7.520672e+01
3353	-7.401064e+01
3354	-7.060171e+01
3355	-7.649292e+01
3356	-7.458709e+01
3357	-7.284406e+01
3358	-7.381723e+01
3359	-6.926331e+01
3360	-7.572504e+01
3361	-7.167265e+01
3362	-7.327620e+01
3363	-7.329424e+01
3364	-7.484909e+01
3365	-7.315136e+01
3366	-7.565003e+01
3367	-7.618654e+01
3368	-7.324618e+01
3369	-7.520159e+01
3370	-7.592082e+01
3371	-7.505038e+01
3372	-7.190490e+01
3373	-7.373990e+01
3374	-7.832225e+01
3375	-7.110360e+01
3376	-7.314721e+01
3377	-7.465028e+01
3378	-7.230312e+01
3379	-7.169295e+01
3380	-7.323845e+01
3381	-7.510209e+01
3382	-7.308016e+01
3383	-7.206438e+01
3384	-7.492230e+01
3385	-7.196576e+01
3386	-7.222308e+01
3387	-7.533543e+01
3388	-7.779357e+01
3389	-7.372533e+01
3390	-7.522314e+01
3391	-7.273883e+01
3392	-7.551855e+01
3393	-7.307480e+01
3394	-7.422286e+01
3395	-7.867635e+01
3396	-7.138183e+01
3397	-7.475046e+01
3398	-7.154907e+01
3399	-7.388817e+01
3400	-7.030242e+01
3401	-7.406375e+01
3402	-7.253664e+01
3403	-7.283870e+01
3404	-7.481324e+01
3405	-7.339014e+01
3406	-7.650642e+01
3407	-7.089025e+01
3408	-7.272359e+01
3409	-7.174894e+01
3410	-7.193105e+01
3411	-7.257609e+01
3412	-7.471664e+01
3413	-7.030908e+01
3414	-7.169625e+01
3415	-7.431164e+01
3416	-7.224180e+01
3417	-7.073361e+01
3418	-7.281464e+01
3419	-7.687506e+01
3420	-7.582964e+01
3421	-7.266116e+01
3422	-7.503745e+01
3423	-7.253248e+01
3424	-7.203298e+01
3425	-7.412914e+01
3426	-7.133052e+01
3427	-7.301596e+01
3428	-7.483772e+01
3429	-7.315099e+01
3430	-7.101518e+01
3431	-7.413759e+01
3432	-7.686988e+01
3433	-7.889143e+01
3434	-7.100906e+01
3435	-7.159868e+01
3436	-7.303687e+01
3437	-6.940556e+01
3438	-7.259978e+01
3439	-7.438123e+01
3440	-7.476772e+01
3441	-7.402367e+01
3442	-7.293447e+01
3443	-7.526441e+01
3444	-7.224551e+01
3445	-6.904456e+01
3446	-7.574957e+01
3447	-7.416343e+01
3448	-7.253077e+01
3449	-7.095463e+01
3450	-7.121205e+01
3451	-7.401696e+01
3452	-7.301798e+01
3453	-7.223854e+01
3454	-6.817881e+01
3455	-7.367411e+01
3456	-7.360060e+01
3457	-7.414779e+01
3458	-7.724922e+01
3459	-7.341249e+01
3460	-7.219787e+01
3461	-7.341475e+01
3462	-7.347051e+01
3463	-6.902012e+01
3464	-7.150505e+01
3465	-7.240767e+01
3466	-7.460526e+01
3467	-7.353934e+01
3468	-7.229114e+01
3469	-7.253327e+01
3470	-6.927228e+01
3471	-7.418613e+01
3472	-7.696081e+01
3473	-7.504560e+01
3474	-7.242003e+01
3475	-7.190775e+01
3476	-6.958008e+01
3477	-7.421558e+01
3478	-7.765173e+01
3479	-7.164759e+01
3480	-7.247268e+01
3481	-7.532444e+01
3482	-7.451381e+01
3483	-7.436107e+01
3484	-7.246030e+01
3485	-7.264498e+01
3486	-7.370534e+01
3487	-7.428678e+01
3488	-7.345546e+01
3489	-7.229533e+01
3490	-7.309641e+01
3491	-7.269499e+01
3492	-7.329365e+01
3493	-7.653029e+01
3494	-7.551745e+01
3495	-7.373297e+01
3496	-6.880629e+01
3497	-7.709102e+01
3498	-7.386235e+01
3499	-7.520588e+01
3500	-7.430508e+01
3501	-7.660114e+01
3502	-7.352193e+01
3503	-7.389933e+01
3504	-7.225288e+01
3505	-7.269936e+01
3506	-7.777092e+01
3507	-7.138334e+01
3508	-7.416242e+01
3509	-7.407639e+01
3510	-7.710286e+01
3511	-6.837568e+01
3512	-7.470801e+01
3513	-7.010542e+01
3514	-7.328537e+01
3515	-7.665090e+01
3516	-6.945649e+01
3517	-7.751862e+01
3518	-7.377700e+01
3519	-7.545609e+01
3520	-7.375206e+01
3521	-7.467761e+01
3522	-7.791938e+01
3523	-7.291858e+01
3524	-7.111310e+01
3525	-7.284582e+01
3526	-7.278240e+01
3527	-7.537352e+01
3528	-7.655838e+01
3529	-7.658896e+01
3530	-7.475487e+01
3531	-7.486595e+01
3532	-7.304075e+01
3533	-7.566674e+01
3534	-7.459819e+01
3535	-7.625560e+01
3536	-7.196966e+01
3537	-7.418290e+01
3538	-7.694305e+01
3539	-7.254605e+01
3540	-7.367806e+01
3541	-7.590169e+01
3542	-7.693282e+01
3543	-7.563356e+01
3544	-7.391350e+01
3545	-7.284314e+01
3546	-7.297879e+01
3547	-7.487933e+01
3548	-7.603274e+01
3549	-7.369869e+01
3550	-7.170377e+01
3551	-7.497355e+01
3552	-7.394553e+01
3553	-7.583451e+01
3554	-7.352489e+01
3555	-7.401464e+01
3556	-7.167405e+01
3557	-7.427351e+01
3558	-7.084694e+01
3559	-7.311953e+01
3560	-7.425431e+01
3561	-7.455814e+01
3562	-7.748899e+01
3563	-7.467176e+01
3564	-7.393551e+01
3565	-7.230779e+01
3566	-7.312917e+01
3567	-7.329224e+01
3568	-7.335397e+01
3569	-6.958072e+01
3570	-7.565417e+01
3571	-7.429198e+01
3572	-7.481164e+01
3573	-7.582121e+01
3574	-7.758847e+01
3575	-7.132124e+01
3576	-7.933318e+01
3577	-7.296084e+01
3578	-7.878760e+01
3579	-7.146937e+01
3580	-7.322997e+01
3581	-7.256897e+01
3582	-7.064641e+01
3583	-7.627818e+01
3584	-7.345361e+01
3585	-7.625824e+01
3586	-6.993241e+01
3587	-7.515148e+01
3588	-7.223594e+01
3589	-7.497421e+01
3590	-7.395088e+01
3591	-7.414283e+01
3592	-7.303392e+01
3593	-7.602054e+01
3594	-7.121585e+01
3595	-7.156987e+01
3596	-7.186272e+01
3597	-6.970840e+01
3598	-7.271717e+01
3599	-7.494041e+01
3600	-7.369708e+01
3601	-7.435611e+01
3602	-7.681483e+01
3603	-7.452745e+01
3604	-7.609509e+01
3605	-7.246151e+01
3606	-7.468484e+01
3607	-7.420880e+01
3608	-7.392701e+01
3609	-7.274194e+01
3610	-7.736975e+01
3611	-7.549980e+01
3612	-7.266933e+01
3613	-7.206167e+01
3614	-7.289183e+01
3615	-7.364503e+01
3616	-6.862383e+01
3617	-7.481343e+01
3618	-7.473158e+01
3619	-7.348148e+01
3620	-7.404480e+01
3621	-7.112301e+01
3622	-7.369941e+01
3623	-7.441151e+01
3624	-7.559728e+01
3625	-7.459356e+01
3626	-7.386848e+01
3627	-7.636433e+01
3628	-7.404509e+01
3629	-7.455220e+01
3630	-7.527548e+01
3631	-7.431647e+01
3632	-7.582907e+01
3633	-7.409715e+01
3634	-7.602233e+01
3635	-7.172698e+01
3636	-7.257802e+01
3637	-7.386456e+01
3638	-7.181118e+01
3639	-6.844546e+01
3640	-7.067769e+01
3641	-7.482707e+01
3642	-7.103663e+01
3643	-7.400503e+01
3644	-7.445005e+01
3645	-7.411167e+01
3646	-7.355037e+01
3647	-7.144435e+01
3648	-7.302541e+01
3649	-7.390903e+01
3650	-7.591058e+01
3651	-7.300576e+01
3652	-7.159761e+01
3653	-7.311612e+01
3654	-7.123945e+01
3655	-7.209836e+01
3656	-7.577589e+01
3657	-7.407881e+01
3658	-7.127971e+01
3659	-7.402752e+01
3660	-7.484254e+01
3661	-7.146304e+01
3662	-7.281521e+01
3663	-7.499377e+01
3664	-7.050085e+01
3665	-7.025820e+01
3666	-7.014475e+01
3667	-7.591772e+01
3668	-7.325981e+01
3669	-7.755659e+01
3670	-6.913824e+01
3671	-7.310600e+01
3672	-7.124596e+01
3673	-6.797895e+01
3674	-7.381877e+01
3675	-7.445489e+01
3676	-7.295155e+01
3677	-7.548351e+01
3678	-7.009375e+01
3679	-7.241985e+01
3680	-7.290160e+01
3681	-6.873053e+01
3682	-7.234891e+01
3683	-7.144585e+01
3684	-7.019199e+01
3685	-7.684284e+01
3686	-7.273729e+01
3687	-7.162984e+01
3688	-7.691027e+01
3689	-7.152758e+01
3690	-7.706709e+01
3691	-7.136649e+01
3692	-6.992156e+01
3693	-7.235202e+01
3694	-7.469712e+01
3695	-6.849243e+01
3696	-7.231436e+01
3697	-7.537796e+01
3698	-7.139135e+01
3699	-7.178409e+01
3700	-7.769052e+01
3701	-7.186544e+01
3702	-7.156400e+01
3703	-7.362327e+01
3704	-7.479470e+01
3705	-7.308226e+01
3706	-7.245390e+01
3707	-7.412425e+01
3708	-7.092055e+01
3709	-7.567120e+01
3710	-7.361992e+01
3711	-7.471245e+01
3712	-7.275802e+01
3713	-7.548454e+01
3714	-7.699265e+01
3715	-7.227477e+01
3716	-7.425444e+01
3717	-7.353028e+01
3718	-7.303818e+01
3719	-7.285262e+01
3720	-6.980781e+01
3721	-7.537283e+01
3722	-7.442312e+01
3723	-7.138653e+01
3724	-7.337205e+01
3725	-7.432107e+01
3726	-7.001150e+01
3727	-7.668408e+01
3728	-7.019659e+01
3729	-7.312689e+01
3730	-7.317385e+01
3731	-7.341875e+01
3732	-6.945088e+01
3733	-7.162316e+01
3734	-7.617789e+01
3735	-7.251831e+01
3736	-7.152385e+01
3737	-7.091465e+01
3738	-7.529388e+01
3739	-7.342874e+01
3740	-7.775852e+01
3741	-7.302884e+01
3742	-7.453614e+01
3743	-7.324613e+01
3744	-7.291341e+01
3745	-7.751245e+01
3746	-7.574138e+01
3747	-7.488469e+01
3748	-7.173224e+01
3749	-7.151055e+01
3750	-7.384898e+01
3751	-7.141771e+01
3752	-6.981899e+01
3753	-7.180711e+01
3754	-7.381878e+01
3755	-7.299932e+01
3756	-7.592890e+01
3757	-7.574954e+01
3758	-7.621057e+01
3759	-7.276481e+01
3760	-7.229111e+01
3761	-7.140766e+01
3762	-7.177909e+01
3763	-7.631036e+01
3764	-7.694644e+01
3765	-7.322785e+01
3766	-7.179166e+01
3767	-7.415576e+01
3768	-7.217865e+01
3769	-6.959626e+01
3770	-7.651893e+01
3771	-6.976247e+01
3772	-7.478354e+01
3773	-7.404112e+01
3774	-7.088160e+01
3775	-7.465184e+01
3776	-7.222969e+01
3777	-7.401268e+01
3778	-7.480563e+01
3779	-7.496728e+01
3780	-7.151129e+01
3781	-7.079199e+01
3782	-7.313329e+01
3783	-7.238713e+01
3784	-7.331276e+01
3785	-7.430347e+01
3786	-6.838182e+01
3787	-7.054427e+01
3788	-7.100889e+01
3789	-7.443418e+01
3790	-7.554543e+01
3791	-7.232403e+01
3792	-7.357888e+01
3793	-7.251645e+01
3794	-7.232957e+01
3795	-7.176654e+01
3796	-7.401611e+01
3797	-7.480838e+01
3798	-7.313709e+01
3799	-7.286773e+01
3800	-7.620452e+01
3801	-7.250639e+01
3802	-7.063807e+01
3803	-7.656786e+01
3804	-7.512686e+01
3805	-7.434892e+01
3806	-7.668632e+01
3807	-7.457882e+01
3808	-7.453385e+01
3809	-7.255674e+01
3810	-6.917254e+01
3811	-7.319957e+01
3812	-7.641109e+01
3813	-7.172588e+01
3814	-7.134454e+01
3815	-7.121575e+01
3816	-7.042919e+01
3817	-7.486521e+01
3818	-7.090570e+01
3819	-7.158527e+01
3820	-7.290623e+01
3821	-7.410048e+01
3822	-7.289261e+01
3823	-7.436787e+01
3824	-7.497862e+01
3825	-7.169875e+01
3826	-7.507573e+01
3827	-7.450117e+01
3828	-7.153517e+01
3829	-7.357492e+01
3830	-7.588725e+01
3831	-7.242784e+01
3832	-7.457538e+01
3833	-7.201663e+01
3834	-7.419433e+01
3835	-7.343972e+01
3836	-7.487752e+01
3837	-7.308158e+01
3838	-6.987478e+01
3839	-7.486166e+01
3840	-7.446259e+01
3841	-7.283985e+01
3842	-7.591767e+01
3843	-7.432188e+01
3844	-7.618066e+01
3845	-7.354230e+01
3846	-7.296134e+01
3847	-6.862144e+01
3848	-7.471222e+01
3849	-7.471047e+01
3850	-7.218970e+01
3851	-7.299859e+01
3852	-7.287028e+01
3853	-7.428336e+01
3854	-7.691351e+01
3855	-7.308873e+01
3856	-7.064900e+01
3857	-7.290836e+01
3858	-7.070161e+01
3859	-7.084137e+01
3860	-6.913353e+01
3861	-7.715804e+01
3862	-7.256509e+01
3863	-6.775508e+01
3864	-7.206954e+01
3865	-7.286326e+01
3866	-7.473419e+01
3867	-7.146926e+01
3868	-7.605950e+01
3869	-7.201053e+01
3870	-7.081593e+01
3871	-7.028431e+01
3872	-7.445932e+01
3873	-7.172285e+01
3874	-7.379846e+01
3875	-7.114231e+01
3876	-7.270625e+01
3877	-7.706198e+01
3878	-7.613217e+01
3879	-7.150229e+01
3880	-7.445171e+01
3881	-7.352871e+01
3882	-7.780526e+01
3883	-6.917074e+01
3884	-7.231168e+01
3885	-7.077978e+01
3886	-6.974345e+01
3887	-7.058352e+01
3888	-7.435161e+01
3889	-7.370996e+01
3890	-7.137003e+01
3891	-7.188862e+01
3892	-7.430834e+01
3893	-7.386003e+01
3894	-7.204503e+01
3895	-7.565847e+01
3896	-7.364348e+01
3897	-7.342000e+01
3898	-7.354540e+01
3899	-7.214282e+01
3900	-7.426261e+01
3901	-7.296739e+01
3902	-7.101072e+01
3903	-7.286644e+01
3904	-7.510580e+01
3905	-7.409268e+01
3906	-7.315065e+01
3907	-7.683038e+01
3908	-7.748270e+01
3909	-7.213546e+01
3910	-7.035830e+01
3911	-7.473907e+01
3912	-7.617432e+01
3913	-7.126096e+01
3914	-7.280128e+01
3915	-7.300575e+01
3916	-7.364507e+01
3917	-7.382278e+01
3918	-7.402647e+01
3919	-7.523017e+01
3920	-7.498551e+01
3921	-7.353594e+01
3922	-7.260393e+01
3923	-7.266816e+01
3924	-7.416803e+01
3925	-7.304173e+01
3926	-7.336870e+01
3927	-7.043407e+01
3928	-7.330584e+01
3929	-7.714154e+01
3930	-7.110899e+01
3931	-7.348988e+01
3932	-7.284922e+01
3933	-7.267267e+01
3934	-7.556493e+01
3935	-7.928858e+01
3936	-7.684854e+01
3937	-7.000407e+01
3938	-7.422119e+01
3939	-7.465686e+01
3940	-7.686831e+01
3941	-7.159219e+01
3942	-6.762900e+01
3943	-7.792242e+01
3944	-7.788214e+01
3945	-7.040591e+01
3946	-7.377924e+01
3947	-7.235307e+01
3948	-7.471088e+01
3949	-7.373530e+01
3950	-7.059152e+01
3951	-7.057169e+01
3952	-7.509364e+01
3953	-7.444512e+01
3954	-7.642756e+01
3955	-7.253298e+01
3956	-7.391363e+01
3957	-7.146966e+01
3958	-7.201342e+01
3959	-7.446629e+01
3960	-7.217966e+01
3961	-7.574613e+01
3962	-7.434935e+01
3963	-7.534613e+01
3964	-7.392725e+01
3965	-7.017065e+01
3966	-7.559141e+01
3967	-7.687889e+01
3968	-7.053143e+01
3969	-7.653894e+01
3970	-7.320795e+01
3971	-7.332521e+01
3972	-7.635196e+01
3973	-7.051053e+01
3974	-7.590045e+01
3975	-7.862566e+01
3976	-7.239755e+01
3977	-7.433454e+01
3978	-7.114800e+01
3979	-7.605814e+01
3980	-7.326016e+01
3981	-7.143396e+01
3982	-7.039640e+01
3983	-7.512453e+01
3984	-6.845385e+01
3985	-7.973032e+01
3986	-7.566138e+01
3987	-7.020965e+01
3988	-7.152653e+01
3989	-7.278278e+01
3990	-7.249609e+01
3991	-7.744250e+01
3992	-7.033200e+01
3993	-7.317770e+01
3994	-6.976088e+01
3995	-7.637419e+01
3996	-7.495578e+01
3997	-7.588424e+01
3998	-6.914333e+01
3999	-7.135101e+01
4000	-7.360997e+01
4001	-7.216935e+01
4002	-7.436736e+01
4003	-7.378638e+01
4004	-7.570428e+01
4005	-7.369297e+01
4006	-7.280151e+01
4007	-7.015080e+01
4008	-7.013942e+01
4009	-7.246034e+01
4010	-7.189206e+01
4011	-7.221501e+01
4012	-7.555498e+01
4013	-6.987729e+01
4014	-6.963592e+01
4015	-7.044708e+01
4016	-7.391374e+01
4017	-7.175843e+01
4018	-7.648885e+01
4019	-7.416077e+01
4020	-7.399101e+01
4021	-6.775031e+01
4022	-7.321827e+01
4023	-7.163581e+01
4024	-7.366586e+01
4025	-7.360175e+01
4026	-7.270448e+01
4027	-7.584324e+01
4028	-7.711813e+01
4029	-7.376965e+01
4030	-7.661945e+01
4031	-7.471149e+01
4032	-7.177176e+01
4033	-7.350346e+01
4034	-7.412637e+01
4035	-7.302940e+01
4036	-7.110499e+01
4037	-7.356093e+01
4038	-7.169280e+01
4039	-7.221351e+01
4040	-7.017542e+01
4041	-7.175514e+01
4042	-7.424389e+01
4043	-7.551006e+01
4044	-7.709086e+01
4045	-7.347836e+01
4046	-7.392887e+01
4047	-7.508683e+01
4048	-7.272197e+01
4049	-7.265108e+01
4050	-7.333500e+01
4051	-7.037529e+01
4052	-7.359461e+01
4053	-7.406685e+01
4054	-7.411165e+01
4055	-7.612960e+01
4056	-7.076098e+01
4057	-7.136733e+01
4058	-7.134347e+01
4059	-7.098721e+01
4060	-7.164720e+01
4061	-7.487481e+01
4062	-7.317840e+01
4063	-7.630268e+01
4064	-7.683169e+01
4065	-7.706903e+01
4066	-7.285454e+01
4067	-7.334295e+01
4068	-6.756969e+01
4069	-7.183656e+01
4070	-7.409406e+01
4071	-7.468973e+01
4072	-7.158779e+01
4073	-7.372244e+01
4074	-7.452692e+01
4075	-7.234444e+01
4076	-7.360505e+01
4077	-7.546977e+01
4078	-7.277967e+01
4079	-7.459132e+01
4080	-7.474213e+01
4081	-7.075717e+01
4082	-7.252362e+01
4083	-7.454239e+01
4084	-7.497288e+01
4085	-7.504875e+01
4086	-7.103656e+01
4087	-7.272128e+01
4088	-7.362708e+01
4089	-7.354952e+01
4090	-7.389708e+01
4091	-7.192477e+01
4092	-7.075988e+01
4093	-7.543814e+01
4094	-7.218980e+01
4095	-7.432280e+01
4096	-7.380891e+01
4097	-7.150514e+01
4098	-7.347022e+01
4099	-7.432193e+01
4100	-7.262295e+01
4101	-7.247554e+01
4102	-7.595949e+01
4103	-7.289619e+01
4104	-7.038478e+01
4105	-7.000679e+01
4106	-7.403706e+01
4107	-7.319140e+01
4108	-7.133990e+01
4109	-7.346110e+01
4110	-7.152058e+01
4111	-7.355264e+01
4112	-7.233749e+01
4113	-7.182604e+01
4114	-7.384286e+01
4115	-7.451475e+01
4116	-7.411851e+01
4117	-7.414652e+01
4118	-7.031253e+01
4119	-7.118535e+01
4120	-7.419505e+01
4121	-7.337011e+01
4122	-7.182381e+01
4123	-7.469368e+01
4124	-7.772434e+01
4125	-7.674682e+01
4126	-7.190379e+01
4127	-7.569355e+01
4128	-7.099897e+01
4129	-7.254180e+01
4130	-7.403440e+01
4131	-7.415504e+01
4132	-7.519310e+01
4133	-7.316616e+01
4134	-7.625954e+01
4135	-7.246321e+01
4136	-7.488067e+01
4137	-7.381316e+01
4138	-7.579595e+01
4139	-7.554817e+01
4140	-7.390231e+01
4141	-7.199728e+01
4142	-7.339757e+01
4143	-7.246412e+01
4144	-7.612086e+01
4145	-7.174561e+01
4146	-7.461214e+01
4147	-7.577559e+01
4148	-7.504121e+01
4149	-7.323484e+01
4150	-7.331819e+01
4151	-7.429080e+01
4152	-7.217224e+01
4153	-6.862961e+01
4154	-7.353624e+01
4155	-7.591455e+01
4156	-7.315956e+01
4157	-7.254516e+01
4158	-6.988913e+01
4159	-7.310547e+01
4160	-7.345041e+01
4161	-7.644542e+01
4162	-7.587203e+01
4163	-7.659356e+01
4164	-7.193899e+01
4165	-7.142648e+01
4166	-7.358783e+01
4167	-7.493871e+01
4168	-7.369573e+01
4169	-7.166849e+01
4170	-7.040213e+01
4171	-7.157213e+01
4172	-7.157052e+01
4173	-7.560464e+01
4174	-7.504964e+01
4175	-7.274967e+01
4176	-7.188754e+01
4177	-7.390607e+01
4178	-7.242888e+01
4179	-7.455676e+01
4180	-7.695159e+01
4181	-7.798846e+01
4182	-7.497926e+01
4183	-7.388485e+01
4184	-7.507061e+01
4185	-7.394921e+01
4186	-7.690143e+01
4187	-6.742773e+01
4188	-7.218279e+01
4189	-7.363190e+01
4190	-7.486722e+01
4191	-6.881394e+01
4192	-7.477157e+01
4193	-7.392218e+01
4194	-7.427935e+01
4195	-7.476495e+01
4196	-7.024045e+01
4197	-7.586070e+01
4198	-7.282849e+01
4199	-7.637450e+01
4200	-7.122117e+01
4201	-7.435085e+01
4202	-7.277169e+01
4203	-7.323679e+01
4204	-7.589718e+01
4205	-7.260878e+01
4206	-7.090004e+01
4207	-7.388517e+01
4208	-7.293100e+01
4209	-7.720313e+01
4210	-7.297769e+01
4211	-7.412608e+01
4212	-7.623825e+01
4213	-7.103612e+01
4214	-7.578249e+01
4215	-7.513342e+01
4216	-7.101889e+01
4217	-7.169769e+01
4218	-7.434934e+01
4219	-7.152163e+01
4220	-7.776039e+01
4221	-7.357470e+01
4222	-7.244434e+01
4223	-7.279526e+01
4224	-7.263953e+01
4225	-7.460241e+01
4226	-7.337436e+01
4227	-7.302950e+01
4228	-7.264271e+01
4229	-7.329511e+01
4230	-7.489241e+01
4231	-7.139252e+01
4232	-7.158076e+01
4233	-7.576626e+01
4234	-7.188008e+01
4235	-7.443856e+01
4236	-7.087018e+01
4237	-7.043466e+01
4238	-7.437260e+01
4239	-7.119516e+01
4240	-7.346315e+01
4241	-7.609350e+01
4242	-7.236426e+01
4243	-7.249979e+01
4244	-7.558972e+01
4245	-7.497199e+01
4246	-7.364385e+01
4247	-7.309105e+01
4248	-7.351155e+01
4249	-7.470171e+01
4250	-7.091546e+01
4251	-6.948473e+01
4252	-7.598838e+01
4253	-7.129808e+01
4254	-7.031993e+01
4255	-7.551256e+01
4256	-7.159448e+01
4257	-7.307395e+01
4258	-7.101741e+01
4259	-7.365910e+01
4260	-7.577614e+01
4261	-7.365987e+01
4262	-7.252845e+01
4263	-7.033162e+01
4264	-7.251729e+01
4265	-7.874177e+01
4266	-7.110076e+01
4267	-7.579278e+01
4268	-7.118105e+01
4269	-7.521101e+01
4270	-7.194397e+01
4271	-7.283209e+01
4272	-7.406040e+01
4273	-7.483178e+01
4274	-7.533930e+01
4275	-7.269156e+01
4276	-7.454121e+01
4277	-7.271970e+01
4278	-7.051198e+01
4279	-7.265862e+01
4280	-7.006180e+01
4281	-7.449248e+01
4282	-7.266289e+01
4283	-7.309690e+01
4284	-7.627593e+01
4285	-7.577682e+01
4286	-7.105955e+01
4287	-7.262035e+01
4288	-7.349306e+01
4289	-7.441818e+01
4290	-7.458433e+01
4291	-7.246480e+01
4292	-7.098491e+01
4293	-7.139221e+01
4294	-7.388789e+01
4295	-7.121661e+01
4296	-7.692703e+01
4297	-7.646327e+01
4298	-7.536671e+01
4299	-7.595672e+01
4300	-7.429566e+01
4301	-7.505417e+01
4302	-7.196425e+01
4303	-7.038684e+01
4304	-7.433081e+01
4305	-7.592967e+01
4306	-7.230714e+01
4307	-7.461070e+01
4308	-7.645018e+01
4309	-6.903748e+01
4310	-7.150767e+01
4311	-7.357677e+01
4312	-6.840353e+01
4313	-7.288109e+01
4314	-7.138021e+01
4315	-6.988059e+01
4316	-7.434121e+01
4317	-7.573235e+01
4318	-7.269895e+01
4319	-7.652469e+01
4320	-6.762860e+01
4321	-7.412168e+01
4322	-7.194849e+01
4323	-7.629180e+01
4324	-7.508901e+01
4325	-7.688122e+01
4326	-7.387649e+01
4327	-7.240737e+01
4328	-7.209009e+01
4329	-7.388393e+01
4330	-7.152092e+01
4331	-7.374598e+01
4332	-7.377941e+01
4333	-7.429721e+01
4334	-7.368980e+01
4335	-7.205625e+01
4336	-7.465783e+01
4337	-7.319182e+01
4338	-7.385099e+01
4339	-7.397925e+01
4340	-7.122325e+01
4341	-7.385079e+01
4342	-7.451473e+01
4343	-7.604119e+01
4344	-7.401667e+01
4345	-7.140915e+01
4346	-7.264498e+01
4347	-7.442417e+01
4348	-7.164111e+01
4349	-7.399254e+01
4350	-7.285400e+01
4351	-7.454615e+01
4352	-7.198150e+01
4353	-7.398654e+01
4354	-7.346599e+01
4355	-7.464985e+01
4356	-7.418183e+01
4357	-7.324776e+01
4358	-7.093755e+01
4359	-6.969703e+01
4360	-7.106754e+01
4361	-7.582631e+01
4362	-7.097360e+01
4363	-7.051440e+01
4364	-7.066050e+01
4365	-7.190443e+01
4366	-7.100976e+01
4367	-7.522300e+01
4368	-7.183549e+01
4369	-7.446583e+01
4370	-7.620720e+01
4371	-7.348935e+01
4372	-6.966198e+01
4373	-7.557414e+01
4374	-7.576242e+01
4375	-7.196053e+01
4376	-7.341150e+01
4377	-6.857144e+01
4378	-7.172377e+01
4379	-7.312239e+01
4380	-7.114605e+01
4381	-7.369546e+01
4382	-7.335668e+01
4383	-7.487763e+01
4384	-7.052532e+01
4385	-7.370767e+01
4386	-7.008715e+01
4387	-6.938977e+01
4388	-7.157770e+01
4389	-7.526611e+01
4390	-6.895546e+01
4391	-7.479462e+01
4392	-7.408301e+01
4393	-7.155087e+01
4394	-7.524472e+01
4395	-7.321721e+01
4396	-7.264016e+01
4397	-7.429683e+01
4398	-7.272359e+01
4399	-7.478238e+01
4400	-7.043268e+01
4401	-7.547252e+01
4402	-7.205538e+01
4403	-7.092490e+01
4404	-7.345669e+01
4405	-7.443720e+01
4406	-7.138575e+01
4407	-7.254585e+01
4408	-7.285384e+01
4409	-7.446881e+01
4410	-7.321940e+01
4411	-7.245675e+01
4412	-7.390013e+01
4413	-7.478472e+01
4414	-7.338588e+01
4415	-7.436383e+01
4416	-7.529567e+01
4417	-7.539406e+01
4418	-7.570974e+01
4419	-7.262375e+01
4420	-7.426501e+01
4421	-7.296028e+01
4422	-7.395081e+01
4423	-7.375623e+01
4424	-7.289732e+01
4425	-7.269165e+01
4426	-7.337685e+01
4427	-7.506665e+01
4428	-7.140900e+01
4429	-7.303047e+01
4430	-7.068253e+01
4431	-7.441095e+01
4432	-7.351318e+01
4433	-7.209742e+01
4434	-7.651934e+01
4435	-6.995043e+01
4436	-7.121398e+01
4437	-7.130089e+01
4438	-7.217902e+01
4439	-7.427284e+01
4440	-7.059736e+01
4441	-7.693784e+01
4442	-7.669694e+01
4443	-7.513822e+01
4444	-7.373502e+01
4445	-7.445318e+01
4446	-7.287453e+01
4447	-7.575851e+01
4448	-7.233270e+01
4449	-7.271744e+01
4450	-7.305617e+01
4451	-7.353940e+01
4452	-7.195930e+01
4453	-7.271038e+01
4454	-7.148029e+01
4455	-7.489486e+01
4456	-7.329365e+01
4457	-7.458153e+01
4458	-7.375698e+01
4459	-7.253030e+01
4460	-7.222738e+01
4461	-7.281532e+01
4462	-7.338300e+01
4463	-7.671977e+01
4464	-7.465303e+01
4465	-7.384355e+01
4466	-7.167203e+01
4467	-7.322075e+01
4468	-7.277338e+01
4469	-7.848331e+01
4470	-7.026525e+01
4471	-6.975706e+01
4472	-7.511165e+01
4473	-7.134450e+01
4474	-7.067170e+01
4475	-7.545244e+01
4476	-7.381045e+01
4477	-7.318927e+01
4478	-7.551986e+01
4479	-7.501134e+01
4480	-7.398905e+01
4481	-7.033341e+01
4482	-7.156998e+01
4483	-7.548688e+01
4484	-7.171088e+01
4485	-6.903370e+01
4486	-7.097344e+01
4487	-7.503276e+01
4488	-7.502693e+01
4489	-7.480839e+01
4490	-7.075741e+01
4491	-7.202521e+01
4492	-7.110700e+01
4493	-7.258144e+01
4494	-7.678475e+01
4495	-7.329735e+01
4496	-7.491719e+01
4497	-7.490780e+01
4498	-7.580336e+01
4499	-6.873971e+01
4500	-7.070721e+01
4501	-6.847523e+01
4502	-7.110888e+01
4503	-7.441398e+01
4504	-7.319315e+01
4505	-7.130179e+01
4506	-7.261617e+01
4507	-7.592576e+01
4508	-7.076924e+01
4509	-7.393535e+01
4510	-7.577994e+01
4511	-7.819545e+01
4512	-7.174671e+01
4513	-7.968567e+01
4514	-7.484798e+01
4515	-7.400933e+01
4516	-7.099069e+01
4517	-7.473818e+01
4518	-7.055811e+01
4519	-7.176983e+01
4520	-7.275392e+01
4521	-7.131859e+01
4522	-7.015996e+01
4523	-7.388953e+01
4524	-7.225982e+01
4525	-6.918661e+01
4526	-7.197660e+01
4527	-7.260063e+01
4528	-7.539323e+01
4529	-7.316556e+01
4530	-7.445436e+01
4531	-7.165063e+01
4532	-6.932465e+01
4533	-7.321353e+01
4534	-7.336511e+01
4535	-7.717282e+01
4536	-7.615568e+01
4537	-7.497507e+01
4538	-7.720517e+01
4539	-6.906938e+01
4540	-7.448979e+01
4541	-7.217305e+01
4542	-7.199258e+01
4543	-7.102962e+01
4544	-7.598505e+01
4545	-7.444119e+01
4546	-7.631394e+01
4547	-7.282730e+01
4548	-7.370476e+01
4549	-7.405810e+01
4550	-7.176381e+01
4551	-7.291809e+01
4552	-7.514866e+01
4553	-7.769407e+01
4554	-7.303039e+01
4555	-7.220116e+01
4556	-7.187819e+01
4557	-7.638907e+01
4558	-7.132019e+01
4559	-7.212716e+01
4560	-7.351657e+01
4561	-7.415333e+01
4562	-7.422892e+01
4563	-7.144384e+01
4564	-7.370086e+01
4565	-7.409446e+01
4566	-7.531940e+01
4567	-7.256512e+01
4568	-7.538881e+01
4569	-7.593290e+01
4570	-7.055730e+01
4571	-7.407262e+01
4572	-7.050019e+01
4573	-7.221963e+01
4574	-7.279756e+01
4575	-7.269822e+01
4576	-7.268988e+01
4577	-7.369216e+01
4578	-7.320716e+01
4579	-7.289627e+01
4580	-7.393301e+01
4581	-7.106585e+01
4582	-7.048958e+01
4583	-7.165133e+01
4584	-7.237658e+01
4585	-7.347214e+01
4586	-7.334735e+01
4587	-6.875869e+01
4588	-7.731505e+01
4589	-7.090046e+01
4590	-7.222272e+01
4591	-7.455177e+01
4592	-7.065437e+01
4593	-7.163685e+01
4594	-7.237237e+01
4595	-7.570556e+01
4596	-7.309090e+01
4597	-7.364473e+01
4598	-7.101520e+01
4599	-7.328753e+01
4600	-7.369586e+01
4601	-7.575760e+01
4602	-7.101278e+01
4603	-7.241640e+01
4604	-7.042546e+01
4605	-7.259166e+01
4606	-7.374344e+01
4607	-7.123769e+01
4608	-7.228710e+01
4609	-7.093792e+01
4610	-7.378575e+01
4611	-7.057113e+01
4612	-7.523077e+01
4613	-7.449587e+01
4614	-7.037366e+01
4615	-7.135340e+01
4616	-7.191877e+01
4617	-7.487947e+01
4618	-7.145561e+01
4619	-7.101585e+01
4620	-7.212297e+01
4621	-7.417349e+01
4622	-7.484411e+01
4623	-7.654804e+01
4624	-7.130942e+01
4625	-7.078245e+01
4626	-7.390639e+01
4627	-7.479815e+01
4628	-7.149144e+01
4629	-7.690358e+01
4630	-7.208722e+01
4631	-7.139162e+01
4632	-7.458985e+01
4633	-7.469736e+01
4634	-7.423256e+01
4635	-7.163973e+01
4636	-7.313404e+01
4637	-7.231168e+01
4638	-7.421748e+01
4639	-7.435035e+01
4640	-7.263002e+01
4641	-7.455714e+01
4642	-7.242930e+01
4643	-7.281979e+01
4644	-7.068027e+01
4645	-7.269367e+01
4646	-7.042737e+01
4647	-7.537364e+01
4648	-7.429960e+01
4649	-7.204766e+01
4650	-7.449415e+01
4651	-7.719279e+01
4652	-7.459364e+01
4653	-7.547096e+01
4654	-7.122916e+01
4655	-7.290374e+01
4656	-7.180268e+01
4657	-7.352601e+01
4658	-7.077680e+01
4659	-7.095968e+01
4660	-7.289753e+01
4661	-7.011238e+01
4662	-7.337201e+01
4663	-7.788663e+01
4664	-7.115514e+01
4665	-7.148386e+01
4666	-7.294948e+01
4667	-7.431551e+01
4668	-7.741572e+01
4669	-7.342381e+01
4670	-7.255666e+01
4671	-7.284713e+01
4672	-7.576321e+01
4673	-7.419006e+01
4674	-7.383325e+01
4675	-7.345293e+01
4676	-7.080348e+01
4677	-7.077324e+01
4678	-7.352888e+01
4679	-7.043182e+01
4680	-7.428883e+01
4681	-7.313627e+01
4682	-7.577971e+01
4683	-7.381787e+01
4684	-7.186573e+01
4685	-7.436206e+01
4686	-7.243028e+01
4687	-7.295685e+01
4688	-7.016472e+01
4689	-7.549181e+01
4690	-7.276671e+01
4691	-7.384956e+01
4692	-6.999679e+01
4693	-7.349205e+01
4694	-7.738589e+01
4695	-7.243998e+01
4696	-7.203476e+01
4697	-7.021208e+01
4698	-7.300001e+01
4699	-7.388877e+01
4700	-7.272488e+01
4701	-7.273889e+01
4702	-7.389912e+01
4703	-7.380529e+01
4704	-7.200199e+01
4705	-7.399085e+01
4706	-7.525350e+01
4707	-7.040836e+01
4708	-7.528517e+01
4709	-7.566982e+01
4710	-7.248034e+01
4711	-7.380670e+01
4712	-7.531263e+01
4713	-7.294412e+01
4714	-7.614114e+01
4715	-7.571152e+01
4716	-7.451664e+01
4717	-7.164029e+01
4718	-7.191384e+01
4719	-7.729108e+01
4720	-7.340996e+01
4721	-7.525282e+01
4722	-7.415677e+01
4723	-7.337754e+01
4724	-7.245720e+01
4725	-7.585017e+01
4726	-7.245765e+01
4727	-7.244904e+01
4728	-7.706795e+01
4729	-7.183462e+01
4730	-7.362523e+01
4731	-7.225557e+01
4732	-7.342427e+01
4733	-7.399827e+01
4734	-7.338998e+01
4735	-7.382908e+01
4736	-7.414594e+01
4737	-7.248809e+01
4738	-7.078742e+01
4739	-7.552279e+01
4740	-7.470755e+01
4741	-7.243173e+01
4742	-6.991222e+01
4743	-7.250564e+01
4744	-7.448770e+01
4745	-6.873083e+01
4746	-7.123841e+01
4747	-7.398348e+01
4748	-7.139282e+01
4749	-7.458824e+01
4750	-7.569525e+01
4751	-7.695735e+01
4752	-7.286890e+01
4753	-7.241931e+01
4754	-7.440622e+01
4755	-7.340660e+01
4756	-7.197401e+01
4757	-7.319929e+01
4758	-7.375622e+01
4759	-7.173165e+01
4760	-7.313576e+01
4761	-7.296694e+01
4762	-7.500595e+01
4763	-7.410620e+01
4764	-7.399892e+01
4765	-7.779475e+01
4766	-7.161302e+01
4767	-6.944346e+01
4768	-7.952190e+01
4769	-7.186174e+01
4770	-7.512946e+01
4771	-7.189448e+01
4772	-7.185873e+01
4773	-7.660521e+01
4774	-7.261358e+01
4775	-7.334785e+01
4776	-7.006413e+01
4777	-7.689826e+01
4778	-7.167721e+01
4779	-7.362002e+01
4780	-7.316742e+01
4781	-7.136593e+01
4782	-7.415310e+01
4783	-7.071836e+01
4784	-7.348954e+01
4785	-7.282664e+01
4786	-7.316759e+01
4787	-7.608350e+01
4788	-7.278121e+01
4789	-7.315386e+01
4790	-7.219824e+01
4791	-6.890293e+01
4792	-7.311119e+01
4793	-7.095637e+01
4794	-7.139460e+01
4795	-7.573445e+01
4796	-7.415219e+01
4797	-7.197051e+01
4798	-7.666303e+01
4799	-7.464508e+01
4800	-7.571276e+01
4801	-7.648004e+01
4802	-7.496679e+01
4803	-7.192437e+01
4804	-7.606485e+01
4805	-7.487603e+01
4806	-7.142686e+01
4807	-6.945052e+01
4808	-7.493464e+01
4809	-7.282587e+01
4810	-7.278760e+01
4811	-7.505012e+01
4812	-7.491976e+01
4813	-7.613728e+01
4814	-7.532170e+01
4815	-7.272189e+01
4816	-7.149466e+01
4817	-7.031080e+01
4818	-7.026853e+01
4819	-7.106805e+01
4820	-7.224284e+01
4821	-7.223326e+01
4822	-7.427969e+01
4823	-7.610785e+01
4824	-7.452593e+01
4825	-7.180053e+01
4826	-7.227732e+01
4827	-7.649617e+01
4828	-7.153379e+01
4829	-7.355218e+01
4830	-7.185644e+01
4831	-7.104524e+01
4832	-7.592734e+01
4833	-7.272391e+01
4834	-7.166002e+01
4835	-7.352595e+01
4836	-7.360467e+01
4837	-7.533539e+01
4838	-7.745309e+01
4839	-7.729170e+01
4840	-7.171141e+01
4841	-7.354841e+01
4842	-7.219603e+01
4843	-7.244351e+01
4844	-7.007593e+01
4845	-7.343681e+01
4846	-7.088937e+01
4847	-7.634225e+01
4848	-7.313126e+01
4849	-7.281658e+01
4850	-7.468656e+01
4851	-7.123305e+01
4852	-7.485370e+01
4853	-7.176235e+01
4854	-7.175247e+01
4855	-7.343214e+01
4856	-7.372838e+01
4857	-7.290427e+01
4858	-7.094083e+01
4859	-7.378492e+01
4860	-7.128746e+01
4861	-7.314917e+01
4862	-7.210652e+01
4863	-7.525738e+01
4864	-7.508189e+01
4865	-7.343962e+01
4866	-7.758080e+01
4867	-7.650749e+01
4868	-7.633080e+01
4869	-7.512598e+01
4870	-7.345216e+01
4871	-7.595138e+01
4872	-6.971883e+01
4873	-7.360831e+01
4874	-7.571793e+01
4875	-7.278356e+01
4876	-7.580195e+01
4877	-7.402315e+01
4878	-7.579035e+01
4879	-7.545557e+01
4880	-7.424885e+01
4881	-7.497994e+01
4882	-7.652582e+01
4883	-6.863849e+01
4884	-7.512049e+01
4885	-7.524427e+01
4886	-7.134782e+01
4887	-7.144312e+01
4888	-7.541636e+01
4889	-7.116545e+01
4890	-7.107917e+01
4891	-7.333931e+01
4892	-7.016328e+01
4893	-7.316677e+01
4894	-7.210624e+01
4895	-7.365408e+01
4896	-7.467158e+01
4897	-7.378787e+01
4898	-7.635063e+01
4899	-7.115698e+01
4900	-7.548910e+01
4901	-7.313129e+01
4902	-7.572746e+01
4903	-6.984419e+01
4904	-7.054856e+01
4905	-7.131704e+01
4906	-7.260813e+01
4907	-7.241013e+01
4908	-7.294562e+01
4909	-7.604540e+01
4910	-7.411010e+01
4911	-7.486480e+01
4912	-7.047368e+01
4913	-7.255273e+01
4914	-7.682603e+01
4915	-7.168538e+01
4916	-7.345527e+01
4917	-7.157407e+01
4918	-7.530468e+01
4919	-7.799549e+01
4920	-7.361243e+01
4921	-7.352690e+01
4922	-7.298109e+01
4923	-7.424966e+01
4924	-7.363663e+01
4925	-7.764280e+01
4926	-7.199839e+01
4927	-7.019880e+01
4928	-7.695815e+01
4929	-7.324717e+01
4930	-7.327220e+01
4931	-7.053541e+01
4932	-7.423710e+01
4933	-7.415856e+01
4934	-7.316052e+01
4935	-7.442083e+01
4936	-7.210173e+01
4937	-7.305274e+01
4938	-7.421433e+01
4939	-7.614074e+01
4940	-7.355584e+01
4941	-7.154846e+01
4942	-7.458675e+01
4943	-7.412505e+01
4944	-7.232362e+01
4945	-7.216575e+01
4946	-7.547263e+01
4947	-7.446390e+01
4948	-7.331875e+01
4949	-7.401931e+01
4950	-7.418565e+01
4951	-7.168189e+01
4952	-7.168657e+01
4953	-7.491264e+01
4954	-7.261086e+01
4955	-7.185297e+01
4956	-6.849499e+01
4957	-7.467345e+01
4958	-7.294115e+01
4959	-7.548599e+01
4960	-7.219631e+01
4961	-7.385444e+01
4962	-7.646339e+01
4963	-7.358734e+01
4964	-7.666307e+01
4965	-7.319404e+01
4966	-7.338099e+01
4967	-7.253717e+01
4968	-6.945629e+01
4969	-7.300067e+01
4970	-7.315985e+01
4971	-7.086972e+01
4972	-7.493331e+01
4973	-7.359941e+01
4974	-7.188586e+01
4975	-7.312464e+01
4976	-7.576016e+01
4977	-7.358710e+01
4978	-7.273110e+01
4979	-7.236539e+01
4980	-7.400937e+01
4981	-7.054413e+01
4982	-7.247755e+01
4983	-7.325957e+01
4984	-7.200841e+01
4985	-7.516253e+01
4986	-7.093828e+01
4987	-7.379619e+01
4988	-7.131189e+01
4989	-7.406972e+01
4990	-7.554456e+01
4991	-7.321814e+01
4992	-7.079469e+01
4993	-7.116562e+01
4994	-7.101615e+01
4995	-7.288462e+01
4996	-7.766010e+01
4997	-7.324203e+01
4998	-6.949926e+01
4999	-7.266527e+01
5000	-6.961316e+01
5001	-7.559134e+01
5002	-7.400234e+01
5003	-7.036511e+01
5004	-7.533542e+01
5005	-7.167703e+01
5006	-7.239432e+01
5007	-7.357969e+01
5008	-7.321075e+01
5009	-7.357228e+01
5010	-7.494218e+01
5011	-7.096255e+01
5012	-7.486093e+01
5013	-7.429326e+01
5014	-7.105101e+01
5015	-7.370596e+01
5016	-7.691119e+01
5017	-7.207647e+01
5018	-7.202381e+01
5019	-7.384908e+01
5020	-7.289831e+01
5021	-7.174672e+01
5022	-7.283926e+01
5023	-6.870068e+01
5024	-7.311465e+01
5025	-7.594820e+01
5026	-7.491937e+01
5027	-7.243172e+01
5028	-7.803478e+01
5029	-7.129107e+01
5030	-7.175801e+01
5031	-7.433568e+01
5032	-7.148075e+01
5033	-7.315459e+01
5034	-7.494577e+01
5035	-7.281430e+01
5036	-7.651346e+01
5037	-7.149083e+01
5038	-6.887061e+01
5039	-7.387777e+01
5040	-7.449043e+01
5041	-7.129059e+01
5042	-7.124305e+01
5043	-7.470083e+01
5044	-7.350408e+01
5045	-7.379445e+01
5046	-7.065376e+01
5047	-7.331476e+01
5048	-7.178252e+01
5049	-7.342157e+01
5050	-7.475737e+01
5051	-6.830504e+01
5052	-7.471526e+01
5053	-7.418190e+01
5054	-7.460569e+01
5055	-7.508147e+01
5056	-6.961773e+01
5057	-7.210604e+01
5058	-7.225693e+01
5059	-7.110272e+01
5060	-7.481950e+01
5061	-7.222140e+01
5062	-6.875157e+01
5063	-7.324600e+01
5064	-7.285288e+01
5065	-7.620809e+01
5066	-7.387549e+01
5067	-7.177825e+01
5068	-7.269956e+01
5069	-7.651840e+01
5070	-7.174046e+01
5071	-7.631778e+01
5072	-7.197949e+01
5073	-7.454127e+01
5074	-7.494509e+01
5075	-7.402387e+01
5076	-7.233902e+01
5077	-7.580959e+01
5078	-7.255865e+01
5079	-7.655308e+01
5080	-7.491215e+01
5081	-7.469831e+01
5082	-7.234400e+01
5083	-6.887103e+01
5084	-6.980473e+01
5085	-7.206071e+01
5086	-7.744297e+01
5087	-7.229158e+01
5088	-7.230148e+01
5089	-7.277729e+01
5090	-7.528276e+01
5091	-7.397444e+01
5092	-7.057109e+01
5093	-7.632519e+01
5094	-7.307043e+01
5095	-7.261299e+01
5096	-7.108045e+01
5097	-7.511867e+01
5098	-7.338544e+01
5099	-7.513828e+01
5100	-7.349533e+01
5101	-7.033426e+01
5102	-7.314608e+01
5103	-7.272936e+01
5104	-7.345486e+01
5105	-7.474239e+01
5106	-7.019837e+01
5107	-7.153865e+01
5108	-7.190570e+01
5109	-7.526890e+01
5110	-7.584908e+01
5111	-7.609225e+01
5112	-7.314056e+01
5113	-7.424144e+01
5114	-7.067068e+01
5115	-7.272861e+01
5116	-7.402879e+01
5117	-7.389128e+01
5118	-7.439717e+01
5119	-7.121473e+01
5120	-7.307765e+01
5121	-7.487355e+01
5122	-7.168353e+01
5123	-7.303623e+01
5124	-7.379594e+01
5125	-7.452575e+01
5126	-7.124074e+01
5127	-7.473431e+01
5128	-7.264018e+01
5129	-7.697120e+01
5130	-7.347356e+01
5131	-7.308201e+01
5132	-7.313482e+01
5133	-7.190654e+01
5134	-7.692280e+01
5135	-7.145459e+01
5136	-7.291005e+01
5137	-7.509166e+01
5138	-7.369668e+01
5139	-7.316359e+01
5140	-7.107787e+01
5141	-7.737047e+01
5142	-7.334857e+01
5143	-7.157559e+01
5144	-7.292164e+01
5145	-7.453087e+01
5146	-7.602982e+01
5147	-7.102313e+01
5148	-7.235531e+01
5149	-7.488481e+01
5150	-7.195047e+01
5151	-7.334812e+01
5152	-7.486267e+01
5153	-7.125270e+01
5154	-7.343525e+01
5155	-7.456650e+01
5156	-7.298893e+01
5157	-7.712933e+01
5158	-7.320863e+01
5159	-7.041254e+01
5160	-7.224394e+01
5161	-7.531361e+01
5162	-7.515416e+01
5163	-7.451250e+01
5164	-7.508493e+01
5165	-7.338237e+01
5166	-7.430692e+01
5167	-7.497838e+01
5168	-7.361835e+01
5169	-7.092354e+01
5170	-7.427681e+01
5171	-7.510167e+01
5172	-7.388672e+01
5173	-7.415361e+01
5174	-7.250426e+01
5175	-7.537117e+01
5176	-7.134594e+01
5177	-7.222478e+01
5178	-7.433227e+01
5179	-7.753230e+01
5180	-7.361308e+01
5181	-7.384153e+01
5182	-7.245554e+01
5183	-7.478456e+01
5184	-7.352567e+01
5185	-7.302783e+01
5186	-7.241039e+01
5187	-7.412715e+01
5188	-7.448511e+01
5189	-7.144538e+01
5190	-7.561793e+01
5191	-7.421221e+01
5192	-6.904583e+01
5193	-7.505381e+01
5194	-7.469619e+01
5195	-7.581011e+01
5196	-7.333202e+01
5197	-7.314570e+01
5198	-7.423275e+01
5199	-7.421322e+01
5200	-7.492402e+01
5201	-7.338779e+01
5202	-7.659380e+01
5203	-7.231042e+01
5204	-7.516073e+01
5205	-7.267653e+01
5206	-7.472880e+01
5207	-7.055753e+01
5208	-7.328682e+01
5209	-7.190200e+01
5210	-7.346139e+01
5211	-7.380750e+01
5212	-7.041624e+01
5213	-7.436973e+01
5214	-7.215734e+01
5215	-7.413477e+01
5216	-7.064972e+01
5217	-7.360201e+01
5218	-7.438080e+01
5219	-7.194823e+01
5220	-7.181595e+01
5221	-6.820703e+01
5222	-6.933405e+01
5223	-7.559409e+01
5224	-7.539782e+01
5225	-7.138851e+01
5226	-7.585726e+01
5227	-7.321902e+01
5228	-7.632289e+01
5229	-6.975168e+01
5230	-7.167031e+01
5231	-7.405136e+01
5232	-7.307974e+01
5233	-7.097685e+01
5234	-7.529396e+01
5235	-7.200764e+01
5236	-7.522654e+01
5237	-7.462528e+01
5238	-7.227422e+01
5239	-7.588600e+01
5240	-7.282144e+01
5241	-7.614504e+01
5242	-7.263889e+01
5243	-7.205002e+01
5244	-7.232074e+01
5245	-7.402653e+01
5246	-7.159239e+01
5247	-7.340534e+01
5248	-7.526688e+01
5249	-7.020558e+01
5250	-7.791882e+01
5251	-7.925721e+01
5252	-6.942153e+01
5253	-7.165652e+01
5254	-7.158806e+01
5255	-7.273352e+01
5256	-7.325214e+01
5257	-7.210708e+01
5258	-6.976402e+01
5259	-7.227942e+01
5260	-7.344038e+01
5261	-7.256054e+01
5262	-7.372571e+01
5263	-7.228896e+01
5264	-7.349697e+01
5265	-7.236507e+01
5266	-7.442227e+01
5267	-6.979145e+01
5268	-7.280080e+01
5269	-7.205813e+01
5270	-7.302204e+01
5271	-6.797497e+01
5272	-7.069779e+01
5273	-7.346548e+01
5274	-7.273982e+01
5275	-6.931110e+01
5276	-7.283932e+01
5277	-7.082397e+01
5278	-7.302337e+01
5279	-7.362299e+01
5280	-7.047340e+01
5281	-7.432561e+01
5282	-7.374381e+01
5283	-7.331502e+01
5284	-7.253417e+01
5285	-7.616832e+01
5286	-7.510217e+01
5287	-7.714301e+01
5288	-7.415190e+01
5289	-7.270835e+01
5290	-7.270771e+01
5291	-7.195433e+01
5292	-7.337030e+01
5293	-7.533807e+01
5294	-7.711605e+01
5295	-7.255192e+01
5296	-7.033073e+01
5297	-7.466276e+01
5298	-7.491305e+01
5299	-7.110783e+01
5300	-7.317737e+01
5301	-7.256599e+01
5302	-7.413719e+01
5303	-7.261835e+01
5304	-7.379271e+01
5305	-7.316080e+01
5306	-7.164693e+01
5307	-7.330893e+01
5308	-7.311919e+01
5309	-7.586956e+01
5310	-7.568487e+01
5311	-7.554864e+01
5312	-7.161407e+01
5313	-7.186194e+01
5314	-7.332205e+01
5315	-7.359746e+01
5316	-7.301538e+01
5317	-7.233577e+01
5318	-7.158919e+01
5319	-7.088672e+01
5320	-7.389280e+01
5321	-7.078040e+01
5322	-7.343823e+01
5323	-7.358122e+01
5324	-7.460983e+01
5325	-7.660390e+01
5326	-7.003878e+01
5327	-7.278816e+01
5328	-7.149310e+01
5329	-7.454717e+01
5330	-7.469045e+01
5331	-7.396223e+01
5332	-7.263994e+01
5333	-7.343293e+01
5334	-7.293886e+01
5335	-7.343217e+01
5336	-7.285183e+01
5337	-7.499782e+01
5338	-7.315909e+01
5339	-7.408008e+01
5340	-7.348376e+01
5341	-7.088918e+01
5342	-7.489694e+01
5343	-7.406967e+01
5344	-7.065871e+01
5345	-7.423941e+01
5346	-7.249078e+01
5347	-7.431571e+01
5348	-7.571209e+01
5349	-7.418987e+01
5350	-7.368591e+01
5351	-7.054556e+01
5352	-7.784989e+01
5353	-7.426138e+01
5354	-7.400890e+01
5355	-7.104118e+01
5356	-7.015852e+01
5357	-6.984239e+01
5358	-7.348087e+01
5359	-7.149443e+01
5360	-7.568348e+01
5361	-7.503002e+01
5362	-7.198447e+01
5363	-7.380960e+01
5364	-7.229408e+01
5365	-7.348863e+01
5366	-7.553680e+01
5367	-7.354310e+01
5368	-7.148886e+01
5369	-7.254297e+01
5370	-7.226691e+01
5371	-7.386413e+01
5372	-7.388678e+01
5373	-7.244304e+01
5374	-7.293218e+01
5375	-7.440237e+01
5376	-7.722635e+01
5377	-7.575332e+01
5378	-7.769944e+01
5379	-7.453935e+01
5380	-7.485605e+01
5381	-7.605597e+01
5382	-7.494534e+01
5383	-7.286754e+01
5384	-7.256430e+01
5385	-7.431494e+01
5386	-7.536882e+01
5387	-7.188136e+01
5388	-7.302419e+01
5389	-7.535974e+01
5390	-7.351390e+01
5391	-7.057461e+01
5392	-7.666043e+01
5393	-7.240413e+01
5394	-7.049424e+01
5395	-7.592452e+01
5396	-7.304217e+01
5397	-7.318025e+01
5398	-7.051899e+01
5399	-7.602958e+01
5400	-7.241212e+01
5401	-7.485022e+01
5402	-7.260468e+01
5403	-7.507889e+01
5404	-7.393770e+01
5405	-7.548949e+01
5406	-7.035610e+01
5407	-6.861163e+01
5408	-7.065678e+01
5409	-7.351690e+01
5410	-7.459644e+01
5411	-7.244678e+01
5412	-7.147472e+01
5413	-7.544991e+01
5414	-7.150071e+01
5415	-7.486248e+01
5416	-7.456788e+01
5417	-7.431359e+01
5418	-7.402747e+01
5419	-7.389469e+01
5420	-7.531651e+01
5421	-7.484173e+01
5422	-7.581359e+01
5423	-7.250082e+01
5424	-7.676342e+01
5425	-7.277939e+01
5426	-6.811135e+01
5427	-7.520799e+01
5428	-7.547079e+01
5429	-7.250427e+01
5430	-7.507338e+01
5431	-7.207431e+01
5432	-7.286433e+01
5433	-6.987867e+01
5434	-7.436712e+01
5435	-7.746033e+01
5436	-7.218207e+01
5437	-7.591896e+01
5438	-7.360802e+01
5439	-7.274024e+01
5440	-7.449756e+01
5441	-7.237252e+01
5442	-7.108405e+01
5443	-7.382220e+01
5444	-7.540022e+01
5445	-7.686046e+01
5446	-7.538198e+01
5447	-7.087233e+01
5448	-7.335106e+01
5449	-7.100416e+01
5450	-7.716824e+01
5451	-7.226663e+01
5452	-7.475546e+01
5453	-7.378804e+01
5454	-7.625052e+01
5455	-7.596332e+01
5456	-7.513937e+01
5457	-7.571432e+01
5458	-7.263994e+01
5459	-7.643991e+01
5460	-7.349921e+01
5461	-7.364768e+01
5462	-7.554281e+01
5463	-7.426288e+01
5464	-7.542293e+01
5465	-7.146352e+01
5466	-7.273700e+01
5467	-7.577584e+01
5468	-7.459009e+01
5469	-7.383602e+01
5470	-7.561872e+01
5471	-7.471239e+01
5472	-7.282714e+01
5473	-7.234335e+01
5474	-7.237915e+01
5475	-7.171410e+01
5476	-7.797445e+01
5477	-6.916741e+01
5478	-7.497275e+01
5479	-7.203820e+01
5480	-7.185061e+01
5481	-7.270188e+01
5482	-7.684498e+01
5483	-7.590261e+01
5484	-7.225789e+01
5485	-7.616346e+01
5486	-7.204937e+01
5487	-7.378596e+01
5488	-7.200708e+01
5489	-7.633162e+01
5490	-7.039516e+01
5491	-7.358913e+01
5492	-7.155620e+01
5493	-7.093554e+01
5494	-7.274979e+01
5495	-7.792932e+01
5496	-7.426888e+01
5497	-7.211772e+01
5498	-7.319679e+01
5499	-7.167681e+01
5500	-7.183262e+01
5501	-7.452893e+01
5502	-7.453100e+01
5503	-7.078895e+01
5504	-7.166559e+01
5505	-7.479795e+01
5506	-7.300675e+01
5507	-7.567430e+01
5508	-7.221957e+01
5509	-7.112400e+01
5510	-7.391902e+01
5511	-7.546223e+01
5512	-7.167538e+01
5513	-7.172982e+01
5514	-7.161285e+01
5515	-7.364145e+01
5516	-7.270479e+01
5517	-7.687453e+01
5518	-7.374968e+01
5519	-7.252481e+01
5520	-7.644756e+01
5521	-7.759029e+01
5522	-7.176489e+01
5523	-7.883623e+01
5524	-7.461070e+01
5525	-7.149269e+01
5526	-7.141681e+01
5527	-7.144960e+01
5528	-7.280321e+01
5529	-7.631636e+01
5530	-7.229161e+01
5531	-7.277758e+01
5532	-7.248745e+01
5533	-7.168023e+01
5534	-7.479286e+01
5535	-7.262005e+01
5536	-7.227639e+01
5537	-7.396164e+01
5538	-7.427396e+01
5539	-7.111228e+01
5540	-7.297476e+01
5541	-7.114694e+01
5542	-7.459264e+01
5543	-7.380616e+01
5544	-7.255326e+01
5545	-7.411934e+01
5546	-7.204493e+01
5547	-7.360699e+01
5548	-6.955078e+01
5549	-7.131784e+01
5550	-7.369165e+01
5551	-7.329728e+01
5552	-7.121220e+01
5553	-7.134580e+01
5554	-7.434828e+01
5555	-7.595404e+01
5556	-7.210530e+01
5557	-7.186587e+01
5558	-7.255936e+01
5559	-7.457908e+01
5560	-7.246503e+01
5561	-7.380443e+01
5562	-7.388413e+01
5563	-7.119650e+01
5564	-7.469281e+01
5565	-7.435509e+01
5566	-7.493831e+01
5567	-7.424477e+01
5568	-7.578037e+01
5569	-7.541064e+01
5570	-7.158750e+01
5571	-7.411625e+01
5572	-7.486828e+01
5573	-7.470028e+01
5574	-7.272280e+01
5575	-7.151429e+01
5576	-7.843004e+01
5577	-7.288672e+01
5578	-7.455726e+01
5579	-7.338456e+01
5580	-7.204308e+01
5581	-7.570667e+01
5582	-7.155434e+01
5583	-7.611357e+01
5584	-7.436333e+01
5585	-7.686076e+01
5586	-7.267457e+01
5587	-7.795073e+01
5588	-7.196986e+01
5589	-6.895581e+01
5590	-7.259697e+01
5591	-7.282793e+01
5592	-7.464310e+01
5593	-7.480319e+01
5594	-7.156564e+01
5595	-7.491114e+01
5596	-7.390424e+01
5597	-6.895839e+01
5598	-7.189588e+01
5599	-7.433873e+01
5600	-7.561713e+01
5601	-7.573321e+01
5602	-7.534860e+01
5603	-7.460460e+01
5604	-7.208613e+01
5605	-7.162643e+01
5606	-7.097032e+01
5607	-7.799979e+01
5608	-7.491987e+01
5609	-7.302545e+01
5610	-7.389763e+01
5611	-7.287014e+01
5612	-7.507654e+01
5613	-7.204705e+01
5614	-7.076114e+01
5615	-7.254753e+01
5616	-7.063779e+01
5617	-7.190566e+01
5618	-7.511805e+01
5619	-7.131010e+01
5620	-7.309411e+01
5621	-7.159459e+01
5622	-7.409772e+01
5623	-7.354318e+01
5624	-7.266808e+01
5625	-7.409931e+01
5626	-7.322317e+01
5627	-7.404178e+01
5628	-7.154058e+01
5629	-7.244747e+01
5630	-7.557104e+01
5631	-7.329090e+01
5632	-7.421691e+01
5633	-7.406657e+01
5634	-7.415056e+01
5635	-7.134575e+01
5636	-7.376378e+01
5637	-7.133781e+01
5638	-7.593362e+01
5639	-7.074962e+01
5640	-7.384421e+01
5641	-7.528592e+01
5642	-7.188309e+01
5643	-7.109928e+01
5644	-7.341969e+01
5645	-7.240465e+01
5646	-6.730190e+01
5647	-7.219874e+01
5648	-7.247647e+01
5649	-7.144781e+01
5650	-7.120896e+01
5651	-7.034994e+01
5652	-7.354281e+01
5653	-7.285571e+01
5654	-7.004003e+01
5655	-7.182482e+01
5656	-7.287547e+01
5657	-7.456552e+01
5658	-7.598692e+01
5659	-7.272158e+01
5660	-7.310205e+01
5661	-6.724072e+01
5662	-7.077477e+01
5663	-7.481727e+01
5664	-7.354487e+01
5665	-7.225618e+01
5666	-7.391791e+01
5667	-7.526661e+01
5668	-7.408527e+01
5669	-7.476844e+01
5670	-7.406308e+01
5671	-7.642740e+01
5672	-7.432122e+01
5673	-7.417419e+01
5674	-7.415189e+01
5675	-7.347128e+01
5676	-7.162680e+01
5677	-7.688032e+01
5678	-7.153235e+01
5679	-7.488328e+01
5680	-7.666329e+01
5681	-7.432882e+01
5682	-7.102930e+01
5683	-7.358095e+01
5684	-7.151503e+01
5685	-7.205440e+01
5686	-7.303178e+01
5687	-7.238619e+01
5688	-7.064671e+01
5689	-7.086616e+01
5690	-7.566966e+01
5691	-7.510755e+01
5692	-7.138904e+01
5693	-7.629954e+01
5694	-7.270628e+01
5695	-7.834405e+01
5696	-7.670647e+01
5697	-7.483430e+01
5698	-7.439384e+01
5699	-7.099723e+01
5700	-7.284806e+01
5701	-7.487561e+01
5702	-7.080204e+01
5703	-7.328473e+01
5704	-7.547121e+01
5705	-6.902106e+01
5706	-7.453984e+01
5707	-6.665692e+01
5708	-7.210351e+01
5709	-7.577567e+01
5710	-7.218423e+01
5711	-7.528854e+01
5712	-7.263988e+01
5713	-7.427233e+01
5714	-7.315996e+01
5715	-7.126673e+01
5716	-7.209960e+01
5717	-7.327999e+01
5718	-7.569585e+01
5719	-7.475610e+01
5720	-7.443874e+01
5721	-7.349020e+01
5722	-7.127790e+01
5723	-7.365853e+01
5724	-7.502971e+01
5725	-7.160817e+01
5726	-6.915523e+01
5727	-7.153791e+01
5728	-7.249651e+01
5729	-7.433561e+01
5730	-7.012063e+01
5731	-7.620801e+01
5732	-7.534308e+01
5733	-7.386190e+01
5734	-7.479440e+01
5735	-7.492691e+01
5736	-7.449135e+01
5737	-7.458505e+01
5738	-7.135255e+01
5739	-7.026240e+01
5740	-7.740000e+01
5741	-7.456168e+01
5742	-7.294318e+01
5743	-7.602134e+01
5744	-7.079807e+01
5745	-7.288508e+01
5746	-7.045195e+01
5747	-7.477668e+01
5748	-7.213711e+01
5749	-7.362229e+01
5750	-7.377621e+01
5751	-7.281596e+01
5752	-7.531018e+01
5753	-7.465696e+01
5754	-7.335975e+01
5755	-7.382799e+01
5756	-7.232899e+01
5757	-7.365834e+01
5758	-7.196718e+01
5759	-7.245425e+01
5760	-7.455293e+01
5761	-7.334595e+01
5762	-7.350802e+01
5763	-7.352289e+01
5764	-7.338174e+01
5765	-7.464472e+01
5766	-7.598051e+01
5767	-6.972529e+01
5768	-7.427195e+01
5769	-7.506980e+01
5770	-7.006796e+01
5771	-7.171537e+01
5772	-7.047656e+01
5773	-7.395379e+01
5774	-7.179594e+01
5775	-7.327480e+01
5776	-7.079769e+01
5777	-7.502788e+01
5778	-7.518944e+01
5779	-7.497095e+01
5780	-7.349203e+01
5781	-7.021171e+01
5782	-7.337300e+01
5783	-7.431134e+01
5784	-6.881328e+01
5785	-7.586369e+01
5786	-7.387524e+01
5787	-7.418375e+01
5788	-7.322176e+01
5789	-7.454589e+01
5790	-7.448507e+01
5791	-7.648164e+01
5792	-7.087573e+01
5793	-7.188298e+01
5794	-7.340073e+01
5795	-7.751711e+01
5796	-7.213946e+01
5797	-7.193820e+01
5798	-7.214313e+01
5799	-7.579148e+01
5800	-7.277342e+01
5801	-7.183863e+01
5802	-7.335456e+01
5803	-7.431508e+01
5804	-7.331443e+01
5805	-7.440539e+01
5806	-7.292720e+01
5807	-7.119210e+01
5808	-7.240390e+01
5809	-7.334755e+01
5810	-7.419192e+01
5811	-7.464574e+01
5812	-7.206319e+01
5813	-7.285919e+01
5814	-7.324657e+01
5815	-7.140790e+01
5816	-7.396453e+01
5817	-7.440658e+01
5818	-7.291573e+01
5819	-7.319636e+01
5820	-7.408173e+01
5821	-7.506515e+01
5822	-7.157424e+01
5823	-7.453374e+01
5824	-7.402128e+01
5825	-7.211312e+01
5826	-7.027144e+01
5827	-7.392324e+01
5828	-7.643790e+01
5829	-7.736956e+01
5830	-7.549684e+01
5831	-7.548346e+01
5832	-7.355626e+01
5833	-7.791814e+01
5834	-7.158652e+01
5835	-7.389848e+01
5836	-7.679328e+01
5837	-7.184886e+01
5838	-7.224983e+01
5839	-7.580253e+01
5840	-7.437503e+01
5841	-7.510580e+01
5842	-7.512882e+01
5843	-7.165674e+01
5844	-7.334041e+01
5845	-7.350394e+01
5846	-7.507492e+01
5847	-7.328687e+01
5848	-7.355808e+01
5849	-7.577445e+01
5850	-7.423742e+01
5851	-7.323087e+01
5852	-7.061321e+01
5853	-7.179971e+01
5854	-7.329518e+01
5855	-7.817114e+01
5856	-7.188035e+01
5857	-7.535332e+01
5858	-7.403138e+01
5859	-7.721041e+01
5860	-7.474688e+01
5861	-7.463965e+01
5862	-7.087673e+01
5863	-7.323192e+01
5864	-7.297994e+01
5865	-7.353743e+01
5866	-7.369304e+01
5867	-7.356323e+01
5868	-7.405278e+01
5869	-7.282009e+01
5870	-7.453259e+01
5871	-7.150985e+01
5872	-7.190682e+01
5873	-7.413497e+01
5874	-7.364599e+01
5875	-7.585109e+01
5876	-7.412207e+01
5877	-7.334437e+01
5878	-7.712639e+01
5879	-7.401107e+01
5880	-7.164594e+01
5881	-7.460414e+01
5882	-7.586137e+01
5883	-7.313685e+01
5884	-7.393829e+01
5885	-7.382638e+01
5886	-7.298079e+01
5887	-7.032612e+01
5888	-7.319934e+01
5889	-7.764110e+01
5890	-7.584971e+01
5891	-7.186749e+01
5892	-7.188310e+01
5893	-7.636418e+01
5894	-7.120590e+01
5895	-7.553745e+01
5896	-7.095345e+01
5897	-7.499283e+01
5898	-7.261710e+01
5899	-7.178868e+01
5900	-7.011016e+01
5901	-7.462522e+01
5902	-7.258819e+01
5903	-6.959729e+01
5904	-7.581971e+01
5905	-7.083956e+01
5906	-7.017155e+01
5907	-7.548553e+01
5908	-7.626800e+01
5909	-7.646064e+01
5910	-7.382749e+01
5911	-7.133147e+01
5912	-7.272970e+01
5913	-7.164927e+01
5914	-7.199480e+01
5915	-7.207070e+01
5916	-7.403559e+01
5917	-7.324661e+01
5918	-7.193331e+01
5919	-7.444197e+01
5920	-7.327244e+01
5921	-7.495931e+01
5922	-7.457802e+01
5923	-7.344622e+01
5924	-7.244868e+01
5925	-7.270722e+01
5926	-7.107397e+01
5927	-7.435326e+01
5928	-7.562239e+01
5929	-7.364740e+01
5930	-7.280977e+01
5931	-7.495703e+01
5932	-7.474842e+01
5933	-7.221208e+01
5934	-7.132365e+01
5935	-7.045758e+01
5936	-7.285836e+01
5937	-7.517367e+01
5938	-7.218945e+01
5939	-7.590292e+01
5940	-7.489310e+01
5941	-7.222173e+01
5942	-7.581521e+01
5943	-7.171173e+01
5944	-7.206953e+01
5945	-7.337321e+01
5946	-7.242377e+01
5947	-7.677068e+01
5948	-7.513094e+01
5949	-7.131059e+01
5950	-7.643814e+01
5951	-7.449170e+01
5952	-7.586650e+01
5953	-7.435813e+01
5954	-7.626573e+01
5955	-7.163234e+01
5956	-7.176679e+01
5957	-7.276525e+01
5958	-7.571166e+01
5959	-7.401784e+01
5960	-7.189742e+01
5961	-7.146729e+01
5962	-7.158715e+01
5963	-7.192774e+01
5964	-7.410715e+01
5965	-7.688398e+01
5966	-7.807875e+01
5967	-7.443230e+01
5968	-7.179066e+01
5969	-7.351131e+01
5970	-7.348482e+01
5971	-7.425135e+01
5972	-6.700292e+01
5973	-7.217015e+01
5974	-7.475321e+01
5975	-7.314886e+01
5976	-7.252533e+01
5977	-7.216303e+01
5978	-7.465575e+01
5979	-7.323083e+01
5980	-7.161052e+01
5981	-7.565607e+01
5982	-7.373990e+01
5983	-7.426518e+01
5984	-7.535141e+01
5985	-7.099850e+01
5986	-7.595740e+01
5987	-7.345575e+01
5988	-7.008335e+01
5989	-7.352995e+01
5990	-7.292797e+01
5991	-7.212256e+01
5992	-7.459919e+01
5993	-7.001246e+01
5994	-7.208170e+01
5995	-7.633378e+01
5996	-7.146152e+01
5997	-7.397242e+01
5998	-7.304629e+01
5999	-7.394134e+01
6000	-7.424985e+01
6001	-7.265531e+01
6002	-7.463142e+01
6003	-7.265682e+01
6004	-7.106132e+01
6005	-7.351699e+01
6006	-7.498086e+01
6007	-7.603682e+01
6008	-7.621440e+01
6009	-7.055844e+01
6010	-7.464645e+01
6011	-7.625499e+01
6012	-7.549456e+01
6013	-7.836196e+01
6014	-7.608573e+01
6015	-7.205998e+01
6016	-7.646617e+01
6017	-7.331027e+01
6018	-7.111133e+01
6019	-7.454582e+01
6020	-7.158885e+01
6021	-7.399935e+01
6022	-7.338395e+01
6023	-7.424806e+01
6024	-7.187157e+01
6025	-7.226978e+01
6026	-7.077388e+01
6027	-7.311298e+01
6028	-7.214437e+01
6029	-7.562816e+01
6030	-7.368213e+01
6031	-7.379113e+01
6032	-7.434208e+01
6033	-7.583131e+01
6034	-7.309227e+01
6035	-7.551183e+01
6036	-7.318174e+01
6037	-7.527842e+01
6038	-7.433543e+01
6039	-7.588724e+01
6040	-7.447685e+01
6041	-7.503477e+01
6042	-7.437792e+01
6043	-7.466570e+01
6044	-7.613068e+01
6045	-7.433789e+01
6046	-7.398761e+01
6047	-7.411935e+01
6048	-7.364250e+01
6049	-7.357860e+01
6050	-7.193713e+01
6051	-7.214928e+01
6052	-7.310294e+01
6053	-7.737233e+01
6054	-7.283973e+01
6055	-7.300104e+01
6056	-7.337070e+01
6057	-6.906311e+01
6058	-7.235632e+01
6059	-7.357967e+01
6060	-7.048717e+01
6061	-7.633813e+01
6062	-7.233715e+01
6063	-7.088913e+01
6064	-7.413727e+01
6065	-7.378633e+01
6066	-7.785034e+01
6067	-7.325256e+01
6068	-7.486656e+01
6069	-7.416825e+01
6070	-7.362056e+01
6071	-7.137522e+01
6072	-7.235553e+01
6073	-7.374496e+01
6074	-7.638921e+01
6075	-7.451213e+01
6076	-7.355084e+01
6077	-7.273253e+01
6078	-7.007460e+01
6079	-7.345198e+01
6080	-6.930277e+01
6081	-7.226471e+01
6082	-7.239259e+01
6083	-7.264735e+01
6084	-7.164112e+01
6085	-7.348996e+01
6086	-7.389118e+01
6087	-7.079391e+01
6088	-7.220279e+01
6089	-7.329531e+01
6090	-7.007924e+01
6091	-7.232099e+01
6092	-7.257001e+01
6093	-7.308790e+01
6094	-7.133972e+01
6095	-7.377310e+01
6096	-7.243946e+01
6097	-7.501546e+01
6098	-7.411424e+01
6099	-7.359508e+01
6100	-7.412719e+01
6101	-7.166720e+01
6102	-7.373808e+01
6103	-7.373468e+01
6104	-7.258293e+01
6105	-6.964352e+01
6106	-7.388761e+01
6107	-7.507283e+01
6108	-7.215190e+01
6109	-7.076657e+01
6110	-7.218148e+01
6111	-7.333588e+01
6112	-7.734730e+01
6113	-7.521597e+01
6114	-7.516329e+01
6115	-7.212738e+01
6116	-7.289560e+01
6117	-7.573974e+01
6118	-7.314658e+01
6119	-7.428196e+01
6120	-7.100887e+01
6121	-7.386986e+01
6122	-7.319417e+01
6123	-7.373622e+01
6124	-7.743111e+01
6125	-7.388854e+01
6126	-7.270691e+01
6127	-7.445428e+01
6128	-7.196431e+01
6129	-7.153366e+01
6130	-7.270464e+01
6131	-7.278390e+01
6132	-7.599722e+01
6133	-7.236456e+01
6134	-7.754876e+01
6135	-7.194080e+01
6136	-7.464809e+01
6137	-7.161910e+01
6138	-7.411299e+01
6139	-7.719515e+01
6140	-7.291699e+01
6141	-7.594107e+01
6142	-7.323138e+01
6143	-7.437382e+01
6144	-7.199351e+01
6145	-7.192768e+01
6146	-7.468489e+01
6147	-7.247892e+01
6148	-7.240559e+01
6149	-7.683307e+01
6150	-7.279114e+01
6151	-7.229793e+01
6152	-7.613031e+01
6153	-7.396977e+01
6154	-7.695907e+01
6155	-7.585668e+01
6156	-7.311304e+01
6157	-7.294487e+01
6158	-7.126011e+01
6159	-7.522473e+01
6160	-7.235635e+01
6161	-7.257030e+01
6162	-7.017029e+01
6163	-7.382237e+01
6164	-7.001619e+01
6165	-7.465303e+01
6166	-7.001407e+01
6167	-7.548698e+01
6168	-7.399174e+01
6169	-7.276702e+01
6170	-7.254317e+01
6171	-7.071493e+01
6172	-7.509048e+01
6173	-7.404800e+01
6174	-7.263326e+01
6175	-7.493842e+01
6176	-7.220561e+01
6177	-7.441705e+01
6178	-7.016966e+01
6179	-7.413182e+01
6180	-7.364679e+01
6181	-6.870994e+01
6182	-7.285506e+01
6183	-7.341955e+01
6184	-7.113294e+01
6185	-7.284604e+01
6186	-7.350107e+01
6187	-7.274838e+01
6188	-7.554072e+01
6189	-7.167443e+01
6190	-7.433670e+01
6191	-7.189520e+01
6192	-6.914976e+01
6193	-7.133744e+01
6194	-7.375642e+01
6195	-7.028777e+01
6196	-7.204422e+01
6197	-7.451891e+01
6198	-7.022683e+01
6199	-7.595101e+01
6200	-7.288152e+01
6201	-7.121880e+01
6202	-7.345772e+01
6203	-7.389917e+01
6204	-7.168790e+01
6205	-7.028271e+01
6206	-6.897814e+01
6207	-7.172497e+01
6208	-7.379633e+01
6209	-7.128093e+01
6210	-7.187652e+01
6211	-7.540918e+01
6212	-7.391596e+01
6213	-7.179776e+01
6214	-7.447481e+01
6215	-7.286548e+01
6216	-7.513407e+01
6217	-7.471030e+01
6218	-7.281143e+01
6219	-6.850167e+01
6220	-7.245835e+01
6221	-7.724975e+01
6222	-7.680119e+01
6223	-6.989474e+01
6224	-7.514655e+01
6225	-7.587474e+01
6226	-7.590222e+01
6227	-7.201014e+01
6228	-7.121594e+01
6229	-7.442403e+01
6230	-7.436826e+01
6231	-7.300995e+01
6232	-7.383903e+01
6233	-7.535898e+01
6234	-7.810117e+01
6235	-7.236906e+01
6236	-7.325622e+01
6237	-7.028993e+01
6238	-7.265715e+01
6239	-7.612372e+01
6240	-7.659107e+01
6241	-7.224502e+01
6242	-7.134547e+01
6243	-7.549416e+01
6244	-7.336559e+01
6245	-7.500344e+01
6246	-7.238630e+01
6247	-7.690328e+01
6248	-7.480191e+01
6249	-7.538607e+01
6250	-7.211313e+01
6251	-7.688576e+01
6252	-7.718275e+01
6253	-7.604248e+01
6254	-7.240297e+01
6255	-7.445352e+01
6256	-7.555003e+01
6257	-7.497428e+01
6258	-7.414469e+01
6259	-7.311850e+01
6260	-7.706773e+01
6261	-7.769276e+01
6262	-7.708370e+01
6263	-7.533140e+01
6264	-7.726484e+01
6265	-7.165112e+01
6266	-7.295218e+01
6267	-7.310763e+01
6268	-7.329382e+01
6269	-7.204969e+01
6270	-6.995644e+01
6271	-7.352695e+01
6272	-7.626851e+01
6273	-7.197119e+01
6274	-7.351040e+01
6275	-7.069135e+01
6276	-7.499558e+01
6277	-7.229287e+01
6278	-7.093063e+01
6279	-7.295812e+01
6280	-7.272588e+01
6281	-7.282067e+01
6282	-7.043366e+01
6283	-7.368540e+01
6284	-7.284937e+01
6285	-7.252588e+01
6286	-7.581324e+01
6287	-7.018777e+01
6288	-7.607672e+01
6289	-7.391934e+01
6290	-7.330504e+01
6291	-7.314908e+01
6292	-7.366145e+01
6293	-7.454405e+01
6294	-7.028704e+01
6295	-7.148173e+01
6296	-7.307278e+01
6297	-7.497978e+01
6298	-7.539832e+01
6299	-7.194748e+01
6300	-7.570785e+01
6301	-7.894674e+01
6302	-7.717260e+01
6303	-7.804186e+01
6304	-7.363522e+01
6305	-7.566920e+01
6306	-7.409438e+01
6307	-7.215042e+01
6308	-7.487095e+01
6309	-7.109081e+01
6310	-7.360205e+01
6311	-7.276465e+01
6312	-7.187311e+01
6313	-7.311056e+01
6314	-7.735355e+01
6315	-7.067542e+01
6316	-7.222339e+01
6317	-7.323544e+01
6318	-7.067550e+01
6319	-7.349345e+01
6320	-7.351588e+01
6321	-7.482213e+01
6322	-7.366869e+01
6323	-7.109138e+01
6324	-7.387536e+01
6325	-7.596055e+01
6326	-7.273861e+01
6327	-7.194129e+01
6328	-7.393872e+01
6329	-7.416899e+01
6330	-7.469361e+01
6331	-7.360412e+01
6332	-7.476561e+01
6333	-7.601410e+01
6334	-7.106439e+01
6335	-7.335990e+01
6336	-7.079862e+01
6337	-7.157516e+01
6338	-7.302876e+01
6339	-7.505090e+01
6340	-6.960076e+01
6341	-6.923368e+01
6342	-7.315511e+01
6343	-7.217884e+01
6344	-7.323693e+01
6345	-7.364862e+01
6346	-7.540604e+01
6347	-7.196388e+01
6348	-7.603231e+01
6349	-7.238465e+01
6350	-7.433044e+01
6351	-7.411706e+01
6352	-7.164895e+01
6353	-7.348481e+01
6354	-6.885332e+01
6355	-7.288159e+01
6356	-7.439209e+01
6357	-7.199107e+01
6358	-7.356233e+01
6359	-7.487166e+01
6360	-7.171759e+01
6361	-6.977008e+01
6362	-7.536634e+01
6363	-7.354691e+01
6364	-7.201126e+01
6365	-7.411612e+01
6366	-7.206356e+01
6367	-7.336730e+01
6368	-7.288594e+01
6369	-7.517754e+01
6370	-7.306470e+01
6371	-7.459882e+01
6372	-7.072932e+01
6373	-7.408060e+01
6374	-7.404311e+01
6375	-7.502935e+01
6376	-7.717282e+01
6377	-7.751773e+01
6378	-7.886499e+01
6379	-7.479554e+01
6380	-7.395430e+01
6381	-7.178905e+01
6382	-7.100866e+01
6383	-7.453488e+01
6384	-7.492119e+01
6385	-7.396064e+01
6386	-7.693891e+01
6387	-6.875724e+01
6388	-7.319406e+01
6389	-7.088856e+01
6390	-7.161420e+01
6391	-7.155408e+01
6392	-7.165490e+01
6393	-7.372054e+01
6394	-7.263531e+01
6395	-7.029723e+01
6396	-7.368601e+01
6397	-7.351401e+01
6398	-7.057818e+01
6399	-7.256617e+01
6400	-7.225933e+01
6401	-6.915281e+01
6402	-7.347930e+01
6403	-7.427421e+01
6404	-6.990159e+01
6405	-7.667528e+01
6406	-7.720613e+01
6407	-7.266708e+01
6408	-7.104033e+01
6409	-7.267843e+01
6410	-7.414644e+01
6411	-7.041039e+01
6412	-7.719045e+01
6413	-6.779940e+01
6414	-7.571753e+01
6415	-7.151206e+01
6416	-7.335039e+01
6417	-7.306937e+01
6418	-7.172114e+01
6419	-7.139750e+01
6420	-7.296229e+01
6421	-7.131368e+01
6422	-7.460628e+01
6423	-7.372773e+01
6424	-7.393465e+01
6425	-7.248028e+01
6426	-7.407397e+01
6427	-7.379832e+01
6428	-7.265280e+01
6429	-7.488225e+01
6430	-7.343441e+01
6431	-7.463560e+01
6432	-7.270506e+01
6433	-7.585600e+01
6434	-7.067440e+01
6435	-7.095017e+01
6436	-7.404100e+01
6437	-7.401831e+01
6438	-7.160041e+01
6439	-6.961492e+01
6440	-7.780144e+01
6441	-7.036936e+01
6442	-7.184259e+01
6443	-7.361986e+01
6444	-7.271344e+01
6445	-7.234148e+01
6446	-7.184658e+01
6447	-7.328921e+01
6448	-7.375787e+01
6449	-7.535652e+01
6450	-7.440397e+01
6451	-7.382106e+01
6452	-7.344318e+01
6453	-7.202048e+01
6454	-7.244526e+01
6455	-7.333185e+01
6456	-7.489904e+01
6457	-7.132118e+01
6458	-6.954956e+01
6459	-7.736898e+01
6460	-7.367328e+01
6461	-7.407763e+01
6462	-7.068627e+01
6463	-7.176777e+01
6464	-7.507689e+01
6465	-7.331801e+01
6466	-7.156371e+01
6467	-7.971960e+01
6468	-7.063553e+01
6469	-7.147057e+01
6470	-7.469697e+01
6471	-7.123984e+01
6472	-7.615090e+01
6473	-7.378959e+01
6474	-7.505468e+01
6475	-6.872900e+01
6476	-7.232729e+01
6477	-7.437500e+01
6478	-7.350260e+01
6479	-7.161198e+01
6480	-7.230076e+01
6481	-7.107770e+01
6482	-7.195473e+01
6483	-7.117128e+01
6484	-7.591069e+01
6485	-7.183011e+01
6486	-7.469643e+01
6487	-7.491858e+01
6488	-7.447691e+01
6489	-7.147034e+01
6490	-7.891810e+01
6491	-7.144918e+01
6492	-7.235086e+01
6493	-7.610257e+01
6494	-7.455217e+01
6495	-7.302268e+01
6496	-7.399994e+01
6497	-7.273845e+01
6498	-7.437935e+01
6499	-6.998903e+01
6500	-7.403406e+01
6501	-7.193396e+01
6502	-7.022600e+01
6503	-7.261605e+01
6504	-7.436884e+01
6505	-7.440478e+01
6506	-6.913100e+01
6507	-7.577688e+01
6508	-7.539081e+01
6509	-7.157801e+01
6510	-7.030720e+01
6511	-7.275783e+01
6512	-7.617025e+01
6513	-7.037997e+01
6514	-7.513392e+01
6515	-7.004329e+01
6516	-7.393228e+01
6517	-7.390456e+01
6518	-7.190303e+01
6519	-7.319741e+01
6520	-7.445174e+01
6521	-7.417718e+01
6522	-7.482161e+01
6523	-7.492341e+01
6524	-7.235055e+01
6525	-7.238931e+01
6526	-7.040517e+01
6527	-7.322761e+01
6528	-7.286041e+01
6529	-7.291404e+01
6530	-7.403130e+01
6531	-7.304496e+01
6532	-7.206002e+01
6533	-7.267385e+01
6534	-7.303744e+01
6535	-7.484845e+01
6536	-7.271606e+01
6537	-7.324282e+01
6538	-7.192773e+01
6539	-7.115355e+01
6540	-7.260632e+01
6541	-7.003836e+01
6542	-7.438696e+01
6543	-7.161162e+01
6544	-7.401517e+01
6545	-6.852995e+01
6546	-6.977470e+01
6547	-7.032812e+01
6548	-7.249494e+01
6549	-7.106845e+01
6550	-7.320674e+01
6551	-7.167648e+01
6552	-7.329119e+01
6553	-7.611277e+01
6554	-7.381354e+01
6555	-7.011597e+01
6556	-7.409360e+01
6557	-7.486433e+01
6558	-7.243918e+01
6559	-7.300839e+01
6560	-7.522087e+01
6561	-7.328409e+01
6562	-7.497908e+01
6563	-7.464775e+01
6564	-7.277293e+01
6565	-7.246041e+01
6566	-7.078344e+01
6567	-7.294688e+01
6568	-7.707391e+01
6569	-7.520342e+01
6570	-7.010144e+01
6571	-7.356299e+01
6572	-7.522374e+01
6573	-6.869751e+01
6574	-7.505821e+01
6575	-6.879376e+01
6576	-7.413345e+01
6577	-7.001483e+01
6578	-7.322447e+01
6579	-7.013934e+01
6580	-7.552646e+01
6581	-7.455462e+01
6582	-7.247863e+01
6583	-6.846355e+01
6584	-7.345308e+01
6585	-7.417502e+01
6586	-7.269298e+01
6587	-7.129282e+01
6588	-7.477059e+01
6589	-7.319815e+01
6590	-7.315446e+01
6591	-7.390726e+01
6592	-7.206597e+01
6593	-7.275570e+01
6594	-7.197192e+01
6595	-7.508644e+01
6596	-7.363382e+01
6597	-6.777524e+01
6598	-7.574869e+01
6599	-7.210136e+01
6600	-7.174867e+01
6601	-7.677090e+01
6602	-7.316688e+01
6603	-7.142008e+01
6604	-7.317787e+01
6605	-7.497072e+01
6606	-7.142360e+01
6607	-7.452131e+01
6608	-7.648025e+01
6609	-7.216212e+01
6610	-7.570330e+01
6611	-7.071607e+01
6612	-7.265509e+01
6613	-7.521280e+01
6614	-7.187322e+01
6615	-7.224172e+01
6616	-7.276509e+01
6617	-7.478538e+01
6618	-7.070184e+01
6619	-7.413484e+01
6620	-7.428207e+01
6621	-7.275879e+01
6622	-7.211565e+01
6623	-7.193816e+01
6624	-7.303427e+01
6625	-7.171925e+01
6626	-7.376363e+01
6627	-7.227125e+01
6628	-7.343029e+01
6629	-7.143531e+01
6630	-7.305263e+01
6631	-7.359177e+01
6632	-7.700591e+01
6633	-7.494265e+01
6634	-7.131812e+01
6635	-7.547960e+01
6636	-7.018202e+01
6637	-7.070852e+01
6638	-7.214782e+01
6639	-7.653582e+01
6640	-7.211548e+01
6641	-7.282907e+01
6642	-7.640387e+01
6643	-7.676457e+01
6644	-7.417684e+01
6645	-7.232833e+01
6646	-7.195100e+01
6647	-7.309493e+01
6648	-7.255385e+01
6649	-7.372897e+01
6650	-7.260211e+01
6651	-7.352373e+01
6652	-7.188019e+01
6653	-7.222330e+01
6654	-7.353747e+01
6655	-7.409018e+01
6656	-7.054558e+01
6657	-7.632706e+01
6658	-7.226586e+01
6659	-7.283489e+01
6660	-7.219752e+01
6661	-7.493012e+01
6662	-7.226034e+01
6663	-7.745261e+01
6664	-6.963751e+01
6665	-7.436679e+01
6666	-7.611108e+01
6667	-7.574504e+01
6668	-7.526582e+01
6669	-7.171637e+01
6670	-7.235317e+01
6671	-6.889680e+01
6672	-7.325834e+01
6673	-7.131941e+01
6674	-7.321182e+01
6675	-7.047688e+01
6676	-7.197491e+01
6677	-7.390317e+01
6678	-7.187234e+01
6679	-7.400885e+01
6680	-7.490920e+01
6681	-7.693107e+01
6682	-7.081605e+01
6683	-7.407196e+01
6684	-7.338787e+01
6685	-7.065468e+01
6686	-7.979220e+01
6687	-7.414184e+01
6688	-7.199331e+01
6689	-6.912994e+01
6690	-7.413922e+01
6691	-7.351007e+01
6692	-7.083128e+01
6693	-7.253614e+01
6694	-7.137056e+01
6695	-7.478776e+01
6696	-7.546327e+01
6697	-7.272485e+01
6698	-7.589149e+01
6699	-7.430861e+01
6700	-7.338585e+01
6701	-7.118100e+01
6702	-7.551663e+01
6703	-7.074572e+01
6704	-7.296366e+01
6705	-7.362710e+01
6706	-7.187319e+01
6707	-7.087984e+01
6708	-7.099308e+01
6709	-7.242626e+01
6710	-7.118683e+01
6711	-7.266330e+01
6712	-7.454541e+01
6713	-7.609092e+01
6714	-7.451914e+01
6715	-7.551752e+01
6716	-7.427785e+01
6717	-7.192474e+01
6718	-7.192138e+01
6719	-7.244455e+01
6720	-7.324111e+01
6721	-7.658333e+01
6722	-7.799854e+01
6723	-7.312944e+01
6724	-7.683002e+01
6725	-7.380874e+01
6726	-7.121115e+01
6727	-7.894720e+01
6728	-7.072359e+01
6729	-7.355011e+01
6730	-7.261925e+01
6731	-7.470967e+01
6732	-7.125888e+01
6733	-7.424998e+01
6734	-7.257691e+01
6735	-7.537838e+01
6736	-7.379654e+01
6737	-7.429885e+01
6738	-7.435751e+01
6739	-7.388145e+01
6740	-7.323876e+01
6741	-7.271972e+01
6742	-7.147901e+01
6743	-7.605926e+01
6744	-7.284059e+01
6745	-7.467855e+01
6746	-7.437261e+01
6747	-7.362025e+01
6748	-7.205252e+01
6749	-7.516701e+01
6750	-7.165895e+01
6751	-7.069568e+01
6752	-7.011790e+01
6753	-7.042588e+01
6754	-7.043175e+01
6755	-7.648630e+01
6756	-7.252497e+01
6757	-7.160049e+01
6758	-7.168025e+01
6759	-7.585557e+01
6760	-7.511920e+01
6761	-7.216927e+01
6762	-7.036455e+01
6763	-7.436047e+01
6764	-7.387914e+01
6765	-7.207123e+01
6766	-7.594320e+01
6767	-7.178981e+01
6768	-7.149185e+01
6769	-7.640673e+01
6770	-6.987300e+01
6771	-7.617789e+01
6772	-7.434265e+01
6773	-7.355759e+01
6774	-7.284648e+01
6775	-7.649288e+01
6776	-7.162173e+01
6777	-7.525018e+01
6778	-7.241392e+01
6779	-6.982828e+01
6780	-7.432517e+01
6781	-7.410008e+01
6782	-7.185256e+01
6783	-7.384528e+01
6784	-7.159204e+01
6785	-7.156863e+01
6786	-7.260702e+01
6787	-7.405654e+01
6788	-7.192767e+01
6789	-7.348929e+01
6790	-7.198853e+01
6791	-7.255635e+01
6792	-7.307183e+01
6793	-7.348343e+01
6794	-7.094421e+01
6795	-7.521118e+01
6796	-7.412462e+01
6797	-7.159235e+01
6798	-6.904521e+01
6799	-7.215465e+01
6800	-7.180620e+01
6801	-7.133746e+01
6802	-7.150382e+01
6803	-7.496550e+01
6804	-6.955552e+01
6805	-7.579729e+01
6806	-6.825597e+01
6807	-7.607437e+01
6808	-7.741703e+01
6809	-7.317658e+01
6810	-7.503011e+01
6811	-7.069504e+01
6812	-7.500913e+01
6813	-7.510941e+01
6814	-7.731814e+01
6815	-7.132631e+01
6816	-7.335331e+01
6817	-7.461548e+01
6818	-7.576518e+01
6819	-7.340565e+01
6820	-7.145092e+01
6821	-6.880686e+01
6822	-7.626776e+01
6823	-7.057471e+01
6824	-7.132365e+01
6825	-6.893618e+01
6826	-7.272325e+01
6827	-7.561975e+01
6828	-7.010934e+01
6829	-7.385585e+01
6830	-7.566999e+01
6831	-7.475955e+01
6832	-7.641845e+01
6833	-7.331462e+01
6834	-7.651642e+01
6835	-6.943336e+01
6836	-7.271338e+01
6837	-7.486807e+01
6838	-7.473890e+01
6839	-7.428056e+01
6840	-7.342189e+01
6841	-7.247519e+01
6842	-7.634171e+01
6843	-7.255487e+01
6844	-7.298721e+01
6845	-7.550412e+01
6846	-7.512524e+01
6847	-7.204472e+01
6848	-7.425633e+01
6849	-7.747902e+01
6850	-7.105975e+01
6851	-7.176280e+01
6852	-7.186534e+01
6853	-7.172729e+01
6854	-7.626295e+01
6855	-7.345719e+01
6856	-7.120893e+01
6857	-7.438432e+01
6858	-7.278384e+01
6859	-7.416554e+01
6860	-7.232932e+01
6861	-7.332137e+01
6862	-7.154397e+01
6863	-7.241594e+01
6864	-7.214569e+01
6865	-7.472668e+01
6866	-7.127145e+01
6867	-7.017632e+01
6868	-7.671050e+01
6869	-7.571433e+01
6870	-7.237181e+01
6871	-7.034541e+01
6872	-7.294000e+01
6873	-7.201526e+01
6874	-7.397371e+01
6875	-7.582336e+01
6876	-7.137397e+01
6877	-7.149590e+01
6878	-7.363900e+01
6879	-7.231621e+01
6880	-7.348433e+01
6881	-7.267795e+01
6882	-7.463333e+01
6883	-7.483941e+01
6884	-7.639510e+01
6885	-7.549391e+01
6886	-7.523071e+01
6887	-7.337970e+01
6888	-7.324062e+01
6889	-7.234600e+01
6890	-7.377985e+01
6891	-7.225473e+01
6892	-7.308434e+01
6893	-7.123938e+01
6894	-7.047454e+01
6895	-7.463227e+01
6896	-7.393357e+01
6897	-7.570628e+01
6898	-7.272062e+01
6899	-6.951363e+01
6900	-7.304660e+01
6901	-7.301592e+01
6902	-7.412108e+01
6903	-7.401452e+01
6904	-6.977570e+01
6905	-7.181319e+01
6906	-7.595638e+01
6907	-7.025475e+01
6908	-7.057619e+01
6909	-7.507957e+01
6910	-7.501936e+01
6911	-6.940300e+01
6912	-7.812506e+01
6913	-7.197017e+01
6914	-7.330160e+01
6915	-7.451743e+01
6916	-7.546932e+01
6917	-7.390114e+01
6918	-7.228023e+01
6919	-7.446492e+01
6920	-7.267487e+01
6921	-7.424324e+01
6922	-7.203822e+01
6923	-7.320887e+01
6924	-7.408148e+01
6925	-7.396168e+01
6926	-7.572947e+01
6927	-7.169171e+01
6928	-7.269218e+01
6929	-7.251329e+01
6930	-7.095957e+01
6931	-7.332710e+01
6932	-7.417435e+01
6933	-7.514551e+01
6934	-7.826440e+01
6935	-7.285404e+01
6936	-7.303692e+01
6937	-7.233452e+01
6938	-7.250012e+01
6939	-7.202682e+01
6940	-7.396787e+01
6941	-7.236855e+01
6942	-7.418924e+01
6943	-7.565373e+01
6944	-7.174222e+01
6945	-7.688906e+01
6946	-7.402042e+01
6947	-7.129309e+01
6948	-6.898578e+01
6949	-6.855979e+01
6950	-7.421499e+01
6951	-6.726082e+01
6952	-7.323938e+01
6953	-6.883077e+01
6954	-7.489219e+01
6955	-7.307988e+01
6956	-7.246300e+01
6957	-7.345668e+01
6958	-6.959212e+01
6959	-7.440457e+01
6960	-7.388747e+01
6961	-7.018586e+01
6962	-7.428644e+01
6963	-7.408328e+01
6964	-7.232299e+01
6965	-7.241012e+01
6966	-7.410241e+01
6967	-7.001481e+01
6968	-7.478100e+01
6969	-7.358418e+01
6970	-7.244752e+01
6971	-7.424932e+01
6972	-7.304647e+01
6973	-7.763014e+01
6974	-7.555299e+01
6975	-7.369564e+01
6976	-7.443576e+01
6977	-7.400566e+01
6978	-7.394323e+01
6979	-7.657349e+01
6980	-7.280785e+01
6981	-7.903660e+01
6982	-7.545015e+01
6983	-7.514250e+01
6984	-7.412175e+01
6985	-7.289256e+01
6986	-7.190048e+01
6987	-7.688596e+01
6988	-7.495118e+01
6989	-7.332092e+01
6990	-7.134205e+01
6991	-7.069546e+01
6992	-7.382379e+01
6993	-7.357357e+01
6994	-7.669571e+01
6995	-7.078116e+01
6996	-7.293547e+01
6997	-7.310496e+01
6998	-6.981987e+01
6999	-7.374493e+01
7000	-7.105376e+01
7001	-7.500329e+01
7002	-7.500150e+01
7003	-7.156627e+01
7004	-7.530558e+01
7005	-7.511890e+01
7006	-7.325273e+01
7007	-7.269362e+01
7008	-6.930774e+01
7009	-7.215760e+01
7010	-7.596098e+01
7011	-7.085163e+01
7012	-7.608203e+01
7013	-7.336503e+01
7014	-7.216996e+01
7015	-7.502178e+01
7016	-7.233989e+01
7017	-7.465751e+01
7018	-7.228297e+01
7019	-7.217341e+01
7020	-7.331858e+01
7021	-7.391742e+01
7022	-7.210834e+01
7023	-7.219010e+01
7024	-7.839934e+01
7025	-7.415468e+01
7026	-7.469214e+01
7027	-7.120251e+01
7028	-7.079522e+01
7029	-7.690578e+01
7030	-7.333215e+01
7031	-7.002895e+01
7032	-7.428949e+01
7033	-7.644594e+01
7034	-7.004364e+01
7035	-7.526071e+01
7036	-7.153590e+01
7037	-7.552519e+01
7038	-7.443452e+01
7039	-7.174600e+01
7040	-7.154377e+01
7041	-7.371218e+01
7042	-7.346269e+01
7043	-7.266188e+01
7044	-7.450668e+01
7045	-7.470336e+01
7046	-7.149996e+01
7047	-7.441173e+01
7048	-7.566661e+01
7049	-7.569644e+01
7050	-7.267289e+01
7051	-7.316285e+01
7052	-7.440461e+01
7053	-7.242773e+01
7054	-7.570958e+01
7055	-7.078497e+01
7056	-7.366596e+01
7057	-6.975003e+01
7058	-7.071437e+01
7059	-7.211002e+01
7060	-7.302809e+01
7061	-6.969121e+01
7062	-6.821241e+01
7063	-7.144288e+01
7064	-7.278347e+01
7065	-7.256502e+01
7066	-7.077821e+01
7067	-7.490009e+01
7068	-7.380648e+01
7069	-7.578640e+01
7070	-7.544043e+01
7071	-6.946785e+01
7072	-7.329392e+01
7073	-7.191533e+01
7074	-7.522209e+01
7075	-7.241214e+01
7076	-7.105596e+01
7077	-7.283056e+01
7078	-7.153457e+01
7079	-7.168142e+01
7080	-7.546121e+01
7081	-7.289786e+01
7082	-7.217545e+01
7083	-7.637755e+01
7084	-7.173286e+01
7085	-7.075598e+01
7086	-7.390514e+01
7087	-7.233392e+01
7088	-7.432050e+01
7089	-7.202256e+01
7090	-7.202124e+01
7091	-7.458626e+01
7092	-7.256107e+01
7093	-7.480142e+01
7094	-7.381412e+01
7095	-7.541686e+01
7096	-7.566630e+01
7097	-7.430762e+01
7098	-7.460317e+01
7099	-7.843913e+01
7100	-7.446482e+01
7101	-7.075542e+01
7102	-7.560740e+01
7103	-7.053879e+01
7104	-7.063987e+01
7105	-7.257850e+01
7106	-7.134948e+01
7107	-7.213905e+01
7108	-7.112791e+01
7109	-7.217671e+01
7110	-7.102371e+01
7111	-7.012165e+01
7112	-7.435201e+01
7113	-7.021777e+01
7114	-7.393974e+01
7115	-7.149310e+01
7116	-7.563987e+01
7117	-7.364510e+01
7118	-7.212842e+01
7119	-7.418920e+01
7120	-7.525568e+01
7121	-7.520173e+01
7122	-7.154943e+01
7123	-7.331810e+01
7124	-7.028873e+01
7125	-7.182261e+01
7126	-7.205259e+01
7127	-7.300505e+01
7128	-7.405414e+01
7129	-7.524884e+01
7130	-7.202718e+01
7131	-7.240661e+01
7132	-7.419065e+01
7133	-7.222376e+01
7134	-7.410204e+01
7135	-7.784414e+01
7136	-7.870180e+01
7137	-7.244287e+01
7138	-7.445898e+01
7139	-7.203519e+01
7140	-7.309088e+01
7141	-7.275682e+01
7142	-7.390410e+01
7143	-7.540556e+01
7144	-7.227689e+01
7145	-7.875919e+01
7146	-7.223100e+01
7147	-7.382703e+01
7148	-7.229727e+01
7149	-7.278974e+01
7150	-7.326421e+01
7151	-7.053223e+01
7152	-7.106170e+01
7153	-7.537779e+01
7154	-7.257663e+01
7155	-7.295599e+01
7156	-7.252491e+01
7157	-7.422021e+01
7158	-7.147128e+01
7159	-7.353763e+01
7160	-7.319873e+01
7161	-7.401973e+01
7162	-7.329756e+01
7163	-7.392291e+01
7164	-7.148134e+01
7165	-7.116232e+01
7166	-7.236868e+01
7167	-7.623996e+01
7168	-7.178010e+01
7169	-7.090815e+01
7170	-7.263378e+01
7171	-7.393798e+01
7172	-7.241042e+01
7173	-7.736236e+01
7174	-7.171601e+01
7175	-7.361856e+01
7176	-7.094687e+01
7177	-7.568129e+01
7178	-7.379208e+01
7179	-7.257743e+01
7180	-7.180454e+01
7181	-7.329758e+01
7182	-7.403332e+01
7183	-7.623502e+01
7184	-7.415352e+01
7185	-7.264733e+01
7186	-7.437417e+01
7187	-7.354784e+01
7188	-7.088071e+01
7189	-7.768746e+01
7190	-7.144542e+01
7191	-7.213121e+01
7192	-7.136408e+01
7193	-7.386516e+01
7194	-7.561310e+01
7195	-7.126679e+01
7196	-7.437983e+01
7197	-7.001967e+01
7198	-7.749334e+01
7199	-7.364624e+01
7200	-6.958602e+01
7201	-7.622694e+01
7202	-7.447878e+01
7203	-7.528518e+01
7204	-7.574153e+01
7205	-7.156593e+01
7206	-7.445910e+01
7207	-7.439334e+01
7208	-7.332161e+01
7209	-7.484737e+01
7210	-7.464775e+01
7211	-7.026132e+01
7212	-7.232999e+01
7213	-7.385675e+01
7214	-7.161985e+01
7215	-7.228394e+01
7216	-6.926104e+01
7217	-7.552624e+01
7218	-7.282918e+01
7219	-7.407884e+01
7220	-7.130744e+01
7221	-7.249462e+01
7222	-7.472224e+01
7223	-7.177908e+01
7224	-7.364176e+01
7225	-7.526529e+01
7226	-7.422296e+01
7227	-7.231282e+01
7228	-7.383601e+01
7229	-7.349625e+01
7230	-7.000971e+01
7231	-7.821937e+01
7232	-7.604415e+01
7233	-7.048775e+01
7234	-7.452153e+01
7235	-7.307141e+01
7236	-6.962510e+01
7237	-7.383267e+01
7238	-7.418744e+01
7239	-6.875547e+01
7240	-7.309083e+01
7241	-7.474846e+01
7242	-7.021808e+01
7243	-7.705444e+01
7244	-7.582512e+01
7245	-6.950178e+01
7246	-7.161503e+01
7247	-7.140009e+01
7248	-6.950160e+01
7249	-7.164583e+01
7250	-7.541175e+01
7251	-7.533194e+01
7252	-7.610237e+01
7253	-7.636260e+01
7254	-7.323884e+01
7255	-7.578701e+01
7256	-7.317124e+01
7257	-7.513178e+01
7258	-7.469385e+01
7259	-7.522369e+01
7260	-7.605430e+01
7261	-7.281821e+01
7262	-7.235171e+01
7263	-7.320259e+01
7264	-7.188250e+01
7265	-7.349484e+01
7266	-7.308848e+01
7267	-7.365535e+01
7268	-7.389397e+01
7269	-6.927978e+01
7270	-7.602657e+01
7271	-7.247116e+01
7272	-7.551791e+01
7273	-7.217189e+01
7274	-7.266710e+01
7275	-7.125872e+01
7276	-7.248485e+01
7277	-7.406070e+01
7278	-7.423405e+01
7279	-7.252921e+01
7280	-7.249764e+01
7281	-7.299730e+01
7282	-7.156332e+01
7283	-7.340206e+01
7284	-7.758506e+01
7285	-7.130651e+01
7286	-7.005052e+01
7287	-7.375292e+01
7288	-7.209640e+01
7289	-7.310088e+01
7290	-7.308263e+01
7291	-7.300311e+01
7292	-7.275233e+01
7293	-7.522035e+01
7294	-7.291364e+01
7295	-7.326057e+01
7296	-7.506868e+01
7297	-7.386759e+01
7298	-7.538832e+01
7299	-7.459010e+01
7300	-7.090832e+01
7301	-7.049028e+01
7302	-7.141502e+01
7303	-7.156028e+01
7304	-7.321921e+01
7305	-7.072241e+01
7306	-7.668311e+01
7307	-7.502876e+01
7308	-7.184713e+01
7309	-7.081141e+01
7310	-7.406232e+01
7311	-7.195187e+01
7312	-7.591271e+01
7313	-7.258058e+01
7314	-7.223540e+01
7315	-7.147176e+01
7316	-7.064022e+01
7317	-7.316515e+01
7318	-7.118081e+01
7319	-7.067040e+01
7320	-7.293509e+01
7321	-7.340739e+01
7322	-7.204817e+01
7323	-7.102584e+01
7324	-7.427616e+01
7325	-7.167115e+01
7326	-7.485789e+01
7327	-7.293583e+01
7328	-7.523211e+01
7329	-7.457330e+01
7330	-7.494380e+01
7331	-7.309406e+01
7332	-6.894309e+01
7333	-7.171693e+01
7334	-7.301528e+01
7335	-7.806380e+01
7336	-7.415961e+01
7337	-7.402161e+01
7338	-7.387555e+01
7339	-7.473544e+01
7340	-7.668026e+01
7341	-7.244770e+01
7342	-7.114437e+01
7343	-7.289749e+01
7344	-7.548155e+01
7345	-7.593733e+01
7346	-7.587205e+01
7347	-7.548042e+01
7348	-7.304099e+01
7349	-7.321411e+01
7350	-7.159258e+01
7351	-7.130062e+01
7352	-7.359314e+01
7353	-7.263427e+01
7354	-7.491320e+01
7355	-7.406195e+01
7356	-7.137419e+01
7357	-7.247436e+01
7358	-6.853936e+01
7359	-7.633758e+01
7360	-7.262775e+01
7361	-7.364584e+01
7362	-7.402712e+01
7363	-7.659546e+01
7364	-7.317198e+01
7365	-7.100525e+01
7366	-7.134076e+01
7367	-7.718765e+01
7368	-7.741977e+01
7369	-7.176754e+01
7370	-7.292345e+01
7371	-7.273744e+01
7372	-7.096117e+01
7373	-7.106342e+01
7374	-6.956783e+01
7375	-7.667277e+01
7376	-7.828256e+01
7377	-7.349504e+01
7378	-7.560739e+01
7379	-7.605004e+01
7380	-7.696771e+01
7381	-7.430257e+01
7382	-7.524324e+01
7383	-7.584542e+01
7384	-7.239424e+01
7385	-7.209904e+01
7386	-7.336463e+01
7387	-7.272148e+01
7388	-7.469754e+01
7389	-7.410983e+01
7390	-6.982985e+01
7391	-7.268050e+01
7392	-7.376917e+01
7393	-7.451780e+01
7394	-7.243956e+01
7395	-6.918230e+01
7396	-7.302452e+01
7397	-7.295847e+01
7398	-7.523543e+01
7399	-7.242991e+01
7400	-7.507289e+01
7401	-7.545520e+01
7402	-7.246090e+01
7403	-7.762557e+01
7404	-7.729643e+01
7405	-7.128201e+01
7406	-7.423017e+01
7407	-7.533011e+01
7408	-7.444945e+01
7409	-7.469302e+01
7410	-7.169390e+01
7411	-7.291705e+01
7412	-7.270327e+01
7413	-7.555495e+01
7414	-7.298794e+01
7415	-7.524881e+01
7416	-7.287142e+01
7417	-7.598897e+01
7418	-7.159392e+01
7419	-7.417789e+01
7420	-7.232855e+01
7421	-6.906713e+01
7422	-7.125804e+01
7423	-7.409742e+01
7424	-7.302612e+01
7425	-7.025215e+01
7426	-7.436591e+01
7427	-7.416597e+01
7428	-7.234051e+01
7429	-7.459841e+01
7430	-7.493513e+01
7431	-7.419362e+01
7432	-7.359135e+01
7433	-7.675410e+01
7434	-7.039429e+01
7435	-7.237982e+01
7436	-7.070517e+01
7437	-7.075229e+01
7438	-7.142610e+01
7439	-7.193591e+01
7440	-7.363829e+01
7441	-7.419627e+01
7442	-7.178685e+01
7443	-6.964387e+01
7444	-7.133746e+01
7445	-7.307320e+01
7446	-7.284017e+01
7447	-7.069340e+01
7448	-7.687442e+01
7449	-6.987156e+01
7450	-7.415951e+01
7451	-7.209025e+01
7452	-7.552002e+01
7453	-7.350295e+01
7454	-7.314891e+01
7455	-7.255477e+01
7456	-7.217632e+01
7457	-7.447603e+01
7458	-7.312647e+01
7459	-7.331964e+01
7460	-6.990207e+01
7461	-7.275933e+01
7462	-6.938154e+01
7463	-7.476269e+01
7464	-7.343979e+01
7465	-7.201539e+01
7466	-7.362991e+01
7467	-7.157858e+01
7468	-7.441395e+01
7469	-7.293042e+01
7470	-6.912128e+01
7471	-7.562408e+01
7472	-7.182906e+01
7473	-7.264759e+01
7474	-7.526598e+01
7475	-7.161313e+01
7476	-7.621691e+01
7477	-7.099054e+01
7478	-7.908170e+01
7479	-7.417064e+01
7480	-7.631626e+01
7481	-7.357119e+01
7482	-7.020003e+01
7483	-7.365043e+01
7484	-7.343114e+01
7485	-7.449312e+01
7486	-7.638727e+01
7487	-7.727677e+01
7488	-7.444144e+01
7489	-7.440245e+01
7490	-7.457181e+01
7491	-7.373793e+01
7492	-7.507419e+01
7493	-7.049963e+01
7494	-7.219526e+01
7495	-7.001366e+01
7496	-7.309351e+01
7497	-7.555558e+01
7498	-7.946454e+01
7499	-7.100662e+01
7500	-7.635425e+01
7501	-7.612555e+01
7502	-7.084461e+01
7503	-7.232300e+01
7504	-7.386766e+01
7505	-7.211544e+01
7506	-7.231463e+01
7507	-7.006776e+01
7508	-7.464366e+01
7509	-7.437240e+01
7510	-6.978681e+01
7511	-7.378910e+01
7512	-7.535961e+01
7513	-7.825667e+01
7514	-7.375034e+01
7515	-7.476802e+01
7516	-7.343166e+01
7517	-7.358793e+01
7518	-7.142125e+01
7519	-7.345387e+01
7520	-7.168144e+01
7521	-7.474522e+01
7522	-7.331213e+01
7523	-7.347735e+01
7524	-7.273360e+01
7525	-7.407056e+01
7526	-7.324727e+01
7527	-7.586334e+01
7528	-6.731485e+01
7529	-7.021883e+01
7530	-7.432008e+01
7531	-7.297230e+01
7532	-7.321866e+01
7533	-7.617435e+01
7534	-7.605202e+01
7535	-7.290376e+01
7536	-7.503877e+01
7537	-7.498598e+01
7538	-7.228459e+01
7539	-7.225815e+01
7540	-7.413848e+01
7541	-7.355847e+01
7542	-7.135246e+01
7543	-7.157458e+01
7544	-7.393964e+01
7545	-7.472270e+01
7546	-7.799867e+01
7547	-7.196745e+01
7548	-7.393007e+01
7549	-7.545050e+01
7550	-7.424990e+01
7551	-7.129919e+01
7552	-7.057461e+01
7553	-7.744176e+01
7554	-7.476286e+01
7555	-7.452399e+01
7556	-7.241771e+01
7557	-7.596426e+01
7558	-7.078490e+01
7559	-7.516409e+01
7560	-7.351421e+01
7561	-7.293544e+01
7562	-7.368462e+01
7563	-7.581970e+01
7564	-7.321176e+01
7565	-7.235313e+01
7566	-7.232021e+01
7567	-7.500444e+01
7568	-7.689163e+01
7569	-7.438956e+01
7570	-7.328480e+01
7571	-7.665201e+01
7572	-7.451745e+01
7573	-7.462076e+01
7574	-6.999123e+01
7575	-7.261904e+01
7576	-7.434050e+01
7577	-7.270992e+01
7578	-7.739312e+01
7579	-7.374184e+01
7580	-7.174368e+01
7581	-7.425616e+01
7582	-7.294451e+01
7583	-7.439933e+01
7584	-7.554417e+01
7585	-7.238754e+01
7586	-7.190977e+01
7587	-7.448078e+01
7588	-7.544566e+01
7589	-7.318354e+01
7590	-7.337323e+01
7591	-7.466272e+01
7592	-7.417870e+01
7593	-7.387789e+01
7594	-7.526669e+01
7595	-7.458219e+01
7596	-7.352739e+01
7597	-7.582199e+01
7598	-7.266027e+01
7599	-7.288223e+01
7600	-7.065868e+01
7601	-7.326163e+01
7602	-7.226231e+01
7603	-7.600604e+01
7604	-7.443777e+01
7605	-7.456293e+01
7606	-7.050895e+01
7607	-7.224721e+01
7608	-7.262707e+01
7609	-7.184271e+01
7610	-7.650560e+01
7611	-7.418619e+01
7612	-7.372774e+01
7613	-6.747472e+01
7614	-7.418153e+01
7615	-7.390638e+01
7616	-7.332850e+01
7617	-7.331776e+01
7618	-7.452550e+01
7619	-7.468355e+01
7620	-7.429079e+01
7621	-7.126999e+01
7622	-7.102219e+01
7623	-7.182831e+01
7624	-7.308587e+01
7625	-7.438246e+01
7626	-7.664927e+01
7627	-6.860116e+01
7628	-7.233183e+01
7629	-7.347971e+01
7630	-7.141259e+01
7631	-6.951585e+01
7632	-7.237981e+01
7633	-7.443477e+01
7634	-6.999133e+01
7635	-7.348143e+01
7636	-7.489628e+01
7637	-7.339181e+01
7638	-7.234232e+01
7639	-7.206028e+01
7640	-7.398140e+01
7641	-7.261114e+01
7642	-7.528329e+01
7643	-7.894464e+01
7644	-7.160779e+01
7645	-7.375006e+01
7646	-7.086917e+01
7647	-7.596609e+01
7648	-7.136947e+01
7649	-7.378940e+01
7650	-6.859907e+01
7651	-7.167363e+01
7652	-7.503491e+01
7653	-7.124906e+01
7654	-7.387659e+01
7655	-7.471757e+01
7656	-7.334109e+01
7657	-7.290659e+01
7658	-7.313508e+01
7659	-7.414565e+01
7660	-7.146640e+01
7661	-7.513476e+01
7662	-7.597489e+01
7663	-7.431439e+01
7664	-7.556768e+01
7665	-7.384249e+01
7666	-7.301780e+01
7667	-7.210696e+01
7668	-7.406541e+01
7669	-7.024031e+01
7670	-7.184824e+01
7671	-6.985276e+01
7672	-7.634765e+01
7673	-7.328134e+01
7674	-7.417843e+01
7675	-7.401492e+01
7676	-7.169245e+01
7677	-7.310424e+01
7678	-7.241227e+01
7679	-7.119900e+01
7680	-7.456570e+01
7681	-7.251059e+01
7682	-7.536961e+01
7683	-7.463351e+01
7684	-7.626808e+01
7685	-7.319436e+01
7686	-7.438240e+01
7687	-6.956832e+01
7688	-7.306727e+01
7689	-7.187766e+01
7690	-6.934185e+01
7691	-7.263568e+01
7692	-7.371607e+01
7693	-7.379694e+01
7694	-7.018355e+01
7695	-7.435230e+01
7696	-7.231975e+01
7697	-7.285227e+01
7698	-7.450261e+01
7699	-7.562172e+01
7700	-7.475773e+01
7701	-7.374715e+01
7702	-6.953733e+01
7703	-7.519184e+01
7704	-7.613981e+01
7705	-7.489435e+01
7706	-7.270386e+01
7707	-7.555891e+01
7708	-7.384053e+01
7709	-7.653217e+01
7710	-7.386403e+01
7711	-7.192619e+01
7712	-6.962534e+01
7713	-7.034927e+01
7714	-7.237795e+01
7715	-7.336719e+01
7716	-7.310196e+01
7717	-7.267623e+01
7718	-7.217877e+01
7719	-7.412671e+01
7720	-7.126380e+01
7721	-7.377966e+01
7722	-7.346878e+01
7723	-7.065828e+01
7724	-7.228110e+01
7725	-7.375253e+01
7726	-7.412486e+01
7727	-7.326914e+01
7728	-7.605913e+01
7729	-7.394067e+01
7730	-6.922719e+01
7731	-7.529295e+01
7732	-7.473486e+01
7733	-7.175191e+01
7734	-7.302788e+01
7735	-7.459773e+01
7736	-7.292821e+01
7737	-7.128786e+01
7738	-7.587492e+01
7739	-7.511963e+01
7740	-6.900823e+01
7741	-7.059346e+01
7742	-7.351084e+01
7743	-7.473093e+01
7744	-7.365776e+01
7745	-7.326782e+01
7746	-7.364105e+01
7747	-6.964314e+01
7748	-7.448933e+01
7749	-7.816204e+01
7750	-7.525143e+01
7751	-7.455831e+01
7752	-7.413083e+01
7753	-7.330540e+01
7754	-6.953820e+01
7755	-7.587712e+01
7756	-7.405774e+01
7757	-7.449257e+01
7758	-7.271060e+01
7759	-7.314223e+01
7760	-7.205329e+01
7761	-7.224529e+01
7762	-7.332470e+01
7763	-7.653818e+01
7764	-7.471621e+01
7765	-7.442533e+01
7766	-7.264806e+01
7767	-7.431884e+01
7768	-7.444887e+01
7769	-7.029201e+01
7770	-7.394051e+01
7771	-7.424047e+01
7772	-7.858157e+01
7773	-7.179531e+01
7774	-7.373760e+01
7775	-7.195830e+01
7776	-7.258294e+01
7777	-7.379261e+01
7778	-7.306339e+01
7779	-7.546098e+01
7780	-6.899503e+01
7781	-7.078320e+01
7782	-7.256213e+01
7783	-7.625119e+01
7784	-7.029255e+01
7785	-7.267524e+01
7786	-7.342196e+01
7787	-7.400043e+01
7788	-7.121385e+01
7789	-7.844567e+01
7790	-7.197111e+01
7791	-7.235819e+01
7792	-7.108600e+01
7793	-7.296234e+01
7794	-6.893112e+01
7795	-7.011320e+01
7796	-7.707711e+01
7797	-7.828354e+01
7798	-7.421369e+01
7799	-7.589009e+01
7800	-7.219710e+01
7801	-7.519156e+01
7802	-7.302826e+01
7803	-7.562628e+01
7804	-7.281558e+01
7805	-7.120174e+01
7806	-7.375614e+01
7807	-7.634458e+01
7808	-7.188200e+01
7809	-7.359505e+01
7810	-7.161955e+01
7811	-7.645624e+01
7812	-7.104432e+01
7813	-7.103303e+01
7814	-7.462927e+01
7815	-7.559673e+01
7816	-7.089043e+01
7817	-7.227827e+01
7818	-7.351665e+01
7819	-7.386240e+01
7820	-7.238156e+01
7821	-7.521583e+01
7822	-7.012134e+01
7823	-7.596518e+01
7824	-7.510389e+01
7825	-7.149993e+01
7826	-7.419444e+01
7827	-7.610235e+01
7828	-7.538841e+01
7829	-7.615354e+01
7830	-7.270922e+01
7831	-7.200338e+01
7832	-7.115116e+01
7833	-6.986649e+01
7834	-7.569768e+01
7835	-7.112997e+01
7836	-7.313748e+01
7837	-7.812533e+01
7838	-7.527219e+01
7839	-7.274990e+01
7840	-7.376580e+01
7841	-7.384529e+01
7842	-7.611574e+01
7843	-7.225847e+01
7844	-7.251469e+01
7845	-7.409926e+01
7846	-7.364639e+01
7847	-7.307441e+01
7848	-7.423095e+01
7849	-7.192764e+01
7850	-7.416724e+01
7851	-7.594971e+01
7852	-7.346468e+01
7853	-7.220480e+01
7854	-7.283968e+01
7855	-7.072520e+01
7856	-7.462300e+01
7857	-7.624499e+01
7858	-7.443334e+01
7859	-7.131679e+01
7860	-7.108325e+01
7861	-7.433549e+01
7862	-7.072864e+01
7863	-7.266127e+01
7864	-7.435007e+01
7865	-7.681326e+01
7866	-7.257660e+01
7867	-7.302857e+01
7868	-7.281917e+01
7869	-7.312245e+01
7870	-7.298900e+01
7871	-6.889988e+01
7872	-7.043126e+01
7873	-7.319886e+01
7874	-7.070182e+01
7875	-7.150212e+01
7876	-7.150961e+01
7877	-7.471199e+01
7878	-7.211305e+01
7879	-7.511476e+01
7880	-7.556807e+01
7881	-7.459102e+01
7882	-7.582691e+01
7883	-7.574998e+01
7884	-7.196662e+01
7885	-6.968129e+01
7886	-7.080628e+01
7887	-7.089727e+01
7888	-7.551443e+01
7889	-7.345952e+01
7890	-7.301335e+01
7891	-7.353471e+01
7892	-7.507495e+01
7893	-7.253877e+01
7894	-6.957017e+01
7895	-7.353925e+01
7896	-7.462567e+01
7897	-7.107827e+01
7898	-7.372823e+01
7899	-7.247389e+01
7900	-7.034255e+01
7901	-7.351841e+01
7902	-7.610736e+01
7903	-7.724607e+01
7904	-7.536106e+01
7905	-7.470088e+01
7906	-7.165941e+01
7907	-7.415444e+01
7908	-6.971393e+01
7909	-7.246622e+01
7910	-7.226114e+01
7911	-7.474962e+01
7912	-7.500516e+01
7913	-6.990125e+01
7914	-7.243720e+01
7915	-7.408583e+01
7916	-7.616668e+01
7917	-7.246439e+01
7918	-7.183474e+01
7919	-7.642548e+01
7920	-7.675517e+01
7921	-7.005004e+01
7922	-7.071976e+01
7923	-7.798556e+01
7924	-7.359016e+01
7925	-7.051377e+01
7926	-7.397883e+01
7927	-7.362145e+01
7928	-7.196444e+01
7929	-7.587107e+01
7930	-7.236614e+01
7931	-7.516238e+01
7932	-7.391559e+01
7933	-6.943302e+01
7934	-7.038315e+01
7935	-7.533422e+01
7936	-7.421857e+01
7937	-7.014375e+01
7938	-7.142347e+01
7939	-7.508075e+01
7940	-7.204789e+01
7941	-7.415545e+01
7942	-7.309185e+01
7943	-7.443559e+01
7944	-7.401745e+01
7945	-7.089713e+01
7946	-7.263460e+01
7947	-6.968855e+01
7948	-7.385792e+01
7949	-7.521926e+01
7950	-7.428156e+01
7951	-7.323261e+01
7952	-7.179128e+01
7953	-7.189426e+01
7954	-7.236992e+01
7955	-7.269801e+01
7956	-7.185758e+01
7957	-7.761202e+01
7958	-7.512982e+01
7959	-7.179100e+01
7960	-7.334947e+01
7961	-7.461094e+01
7962	-7.666571e+01
7963	-7.442903e+01
7964	-7.376835e+01
7965	-7.296885e+01
7966	-6.962853e+01
7967	-6.975560e+01
7968	-7.031971e+01
7969	-7.359066e+01
7970	-7.396887e+01
7971	-7.508331e+01
7972	-7.138506e+01
7973	-7.484604e+01
7974	-7.643468e+01
7975	-7.309958e+01
7976	-7.149979e+01
7977	-7.270160e+01
7978	-7.333887e+01
7979	-7.528382e+01
7980	-7.675741e+01
7981	-7.522731e+01
7982	-7.286065e+01
7983	-7.115472e+01
7984	-7.620881e+01
7985	-7.513052e+01
7986	-7.045552e+01
7987	-7.154577e+01
7988	-7.225491e+01
7989	-7.023377e+01
7990	-7.606378e+01
7991	-7.305424e+01
7992	-7.400998e+01
7993	-7.364014e+01
7994	-7.180236e+01
7995	-7.205125e+01
7996	-7.353633e+01
7997	-6.937457e+01
7998	-7.409965e+01
7999	-7.175002e+01
8000	-7.125483e+01
8001	-7.397784e+01
8002	-7.492691e+01
8003	-7.068186e+01
8004	-7.323814e+01
8005	-7.372843e+01
8006	-6.990803e+01
8007	-7.333143e+01
8008	-7.399906e+01
8009	-7.336013e+01
8010	-7.844728e+01
8011	-7.405815e+01
8012	-7.363924e+01
8013	-7.271720e+01
8014	-7.416909e+01
8015	-7.047923e+01
8016	-7.260948e+01
8017	-7.381442e+01
8018	-7.284727e+01
8019	-7.280295e+01
8020	-7.227145e+01
8021	-7.291731e+01
8022	-7.282588e+01
8023	-7.288391e+01
8024	-7.390093e+01
8025	-7.551571e+01
8026	-7.586913e+01
8027	-7.781815e+01
8028	-7.335474e+01
8029	-7.299927e+01
8030	-7.383760e+01
8031	-7.578951e+01
8032	-7.326440e+01
8033	-7.439538e+01
8034	-7.239555e+01
8035	-7.269903e+01
8036	-7.362775e+01
8037	-7.308747e+01
8038	-7.109583e+01
8039	-7.250260e+01
8040	-7.619248e+01
8041	-7.285607e+01
8042	-7.519914e+01
8043	-7.368708e+01
8044	-7.442545e+01
8045	-6.964082e+01
8046	-7.530705e+01
8047	-7.136639e+01
8048	-7.123339e+01
8049	-7.250499e+01
8050	-7.240068e+01
8051	-7.309096e+01
8052	-7.551360e+01
8053	-7.260096e+01
8054	-7.263910e+01
8055	-7.791249e+01
8056	-7.056007e+01
8057	-7.227293e+01
8058	-7.218636e+01
8059	-7.159587e+01
8060	-7.617662e+01
8061	-7.111040e+01
8062	-7.324120e+01
8063	-7.225726e+01
8064	-7.640061e+01
8065	-7.306999e+01
8066	-7.449475e+01
8067	-7.095373e+01
8068	-7.345406e+01
8069	-7.490689e+01
8070	-7.277722e+01
8071	-7.529159e+01
8072	-7.644111e+01
8073	-7.336119e+01
8074	-7.221082e+01
8075	-7.248570e+01
8076	-7.382834e+01
8077	-7.128061e+01
8078	-7.491061e+01
8079	-6.864438e+01
8080	-7.027300e+01
8081	-7.381602e+01
8082	-7.155977e+01
8083	-7.412955e+01
8084	-7.211941e+01
8085	-6.986381e+01
8086	-7.393827e+01
8087	-7.369963e+01
8088	-7.396588e+01
8089	-7.091803e+01
8090	-7.423404e+01
8091	-7.273087e+01
8092	-7.149819e+01
8093	-7.453537e+01
8094	-7.377503e+01
8095	-7.426952e+01
8096	-7.324263e+01
8097	-7.139245e+01
8098	-7.558233e+01
8099	-7.011322e+01
8100	-7.298505e+01
8101	-7.090978e+01
8102	-7.036239e+01
8103	-7.523037e+01
8104	-7.147149e+01
8105	-7.423525e+01
8106	-7.487285e+01
8107	-7.197875e+01
8108	-7.027537e+01
8109	-7.570330e+01
8110	-7.156731e+01
8111	-7.201973e+01
8112	-7.466109e+01
8113	-7.270586e+01
8114	-7.468502e+01
8115	-7.382840e+01
8116	-7.362131e+01
8117	-7.574484e+01
8118	-7.447172e+01
8119	-6.947998e+01
8120	-7.238995e+01
8121	-7.537793e+01
8122	-7.342442e+01
8123	-7.207481e+01
8124	-7.702863e+01
8125	-7.120107e+01
8126	-7.237581e+01
8127	-7.406034e+01
8128	-7.368955e+01
8129	-7.037302e+01
8130	-7.100995e+01
8131	-7.277057e+01
8132	-7.549175e+01
8133	-7.370101e+01
8134	-7.419408e+01
8135	-7.172466e+01
8136	-7.401656e+01
8137	-7.136106e+01
8138	-7.066492e+01
8139	-7.145386e+01
8140	-7.402998e+01
8141	-7.432330e+01
8142	-7.247313e+01
8143	-7.220766e+01
8144	-7.200004e+01
8145	-7.482546e+01
8146	-7.671588e+01
8147	-6.946994e+01
8148	-7.328731e+01
8149	-7.518145e+01
8150	-7.471724e+01
8151	-7.427125e+01
8152	-7.223445e+01
8153	-6.945853e+01
8154	-7.361533e+01
8155	-7.563879e+01
8156	-7.220766e+01
8157	-7.403793e+01
8158	-7.470624e+01
8159	-7.528152e+01
8160	-7.074992e+01
8161	-7.682137e+01
8162	-7.075238e+01
8163	-7.247500e+01
8164	-6.962735e+01
8165	-7.402635e+01
8166	-7.658385e+01
8167	-7.795372e+01
8168	-7.258513e+01
8169	-7.320049e+01
8170	-7.404972e+01
8171	-7.343555e+01
8172	-7.151102e+01
8173	-7.760454e+01
8174	-7.260980e+01
8175	-7.270576e+01
8176	-7.586988e+01
8177	-7.549582e+01
8178	-7.234088e+01
8179	-7.636145e+01
8180	-7.441480e+01
8181	-7.349363e+01
8182	-7.306220e+01
8183	-7.406408e+01
8184	-7.664706e+01
8185	-7.517394e+01
8186	-7.507711e+01
8187	-7.300475e+01
8188	-7.527889e+01
8189	-7.307131e+01
8190	-7.024996e+01
8191	-7.520622e+01
8192	-7.172708e+01
8193	-7.160696e+01
8194	-7.381221e+01
8195	-7.396706e+01
8196	-7.081598e+01
8197	-7.401104e+01
8198	-7.374923e+01
8199	-7.312593e+01
8200	-7.088229e+01
8201	-7.074694e+01
8202	-7.378600e+01
8203	-7.433679e+01
8204	-7.482983e+01
8205	-7.194237e+01
8206	-7.688871e+01
8207	-6.963044e+01
8208	-7.116112e+01
8209	-7.452574e+01
8210	-7.484279e+01
8211	-7.421888e+01
8212	-7.157343e+01
8213	-7.199969e+01
8214	-7.482320e+01
8215	-7.240064e+01
8216	-7.389307e+01
8217	-7.553274e+01
8218	-6.932317e+01
8219	-7.572680e+01
8220	-7.499764e+01
8221	-7.283829e+01
8222	-7.216289e+01
8223	-7.530712e+01
8224	-7.668549e+01
8225	-7.556524e+01
8226	-7.182858e+01
8227	-7.418400e+01
8228	-7.321926e+01
8229	-7.031354e+01
8230	-7.698042e+01
8231	-7.158451e+01
8232	-7.425560e+01
8233	-7.236223e+01
8234	-7.331685e+01
8235	-7.422847e+01
8236	-7.114955e+01
8237	-7.394359e+01
8238	-7.670522e+01
8239	-7.212669e+01
8240	-7.494251e+01
8241	-7.624350e+01
8242	-7.386316e+01
8243	-7.369056e+01
8244	-7.523229e+01
8245	-7.273644e+01
8246	-7.099465e+01
8247	-7.348543e+01
8248	-7.674764e+01
8249	-7.750817e+01
8250	-7.196264e+01
8251	-7.148935e+01
8252	-7.351941e+01
8253	-7.446177e+01
8254	-7.597196e+01
8255	-7.242820e+01
8256	-7.265222e+01
8257	-7.259593e+01
8258	-7.643263e+01
8259	-7.531134e+01
8260	-7.299434e+01
8261	-7.396757e+01
8262	-7.293804e+01
8263	-7.812598e+01
8264	-6.983836e+01
8265	-7.388509e+01
8266	-7.335661e+01
8267	-7.179336e+01
8268	-7.442006e+01
8269	-7.074078e+01
8270	-7.454739e+01
8271	-7.680799e+01
8272	-7.409402e+01
8273	-7.327999e+01
8274	-8.046446e+01
8275	-7.165230e+01
8276	-7.293442e+01
8277	-7.746972e+01
8278	-7.157937e+01
8279	-7.060222e+01
8280	-7.162888e+01
8281	-7.395937e+01
8282	-7.765319e+01
8283	-7.307434e+01
8284	-7.586084e+01
8285	-7.590392e+01
8286	-7.311076e+01
8287	-7.257832e+01
8288	-7.151692e+01
8289	-7.450352e+01
8290	-7.140647e+01
8291	-7.274016e+01
8292	-7.105933e+01
8293	-7.399648e+01
8294	-7.186434e+01
8295	-7.561572e+01
8296	-7.457468e+01
8297	-7.514614e+01
8298	-7.359634e+01
8299	-7.582532e+01
8300	-6.898333e+01
8301	-7.028104e+01
8302	-7.449477e+01
8303	-7.516196e+01
8304	-7.248264e+01
8305	-7.337920e+01
8306	-7.181076e+01
8307	-7.536954e+01
8308	-7.726411e+01
8309	-7.386870e+01
8310	-7.337440e+01
8311	-7.142073e+01
8312	-7.291439e+01
8313	-7.651986e+01
8314	-7.301903e+01
8315	-7.222850e+01
8316	-7.468578e+01
8317	-7.649923e+01
8318	-7.061136e+01
8319	-7.487767e+01
8320	-7.550556e+01
8321	-7.080505e+01
8322	-7.200862e+01
8323	-7.221447e+01
8324	-7.353693e+01
8325	-7.213904e+01
8326	-7.495716e+01
8327	-7.218803e+01
8328	-7.100004e+01
8329	-7.503149e+01
8330	-7.477638e+01
8331	-7.277566e+01
8332	-7.197325e+01
8333	-7.215075e+01
8334	-7.491489e+01
8335	-7.392505e+01
8336	-6.830177e+01
8337	-7.000330e+01
8338	-7.130430e+01
8339	-7.294738e+01
8340	-7.906938e+01
8341	-7.341775e+01
8342	-7.105984e+01
8343	-7.415206e+01
8344	-7.386200e+01
8345	-7.490620e+01
8346	-7.309571e+01
8347	-7.630107e+01
8348	-7.176883e+01
8349	-7.221921e+01
8350	-7.400458e+01
8351	-7.400036e+01
8352	-6.913467e+01
8353	-7.535031e+01
8354	-6.953407e+01
8355	-7.432524e+01
8356	-7.407134e+01
8357	-7.210919e+01
8358	-7.296102e+01
8359	-7.092382e+01
8360	-7.259941e+01
8361	-7.593713e+01
8362	-7.435639e+01
8363	-7.756081e+01
8364	-7.344002e+01
8365	-7.449006e+01
8366	-7.533290e+01
8367	-7.017674e+01
8368	-7.206118e+01
8369	-7.308278e+01
8370	-7.255234e+01
8371	-7.345099e+01
8372	-7.238193e+01
8373	-7.462586e+01
8374	-7.310276e+01
8375	-7.244588e+01
8376	-7.448891e+01
8377	-7.108260e+01
8378	-7.408152e+01
8379	-7.272428e+01
8380	-7.242974e+01
8381	-7.191580e+01
8382	-7.392425e+01
8383	-7.218415e+01
8384	-7.471038e+01
8385	-7.311254e+01
8386	-7.479221e+01
8387	-7.146789e+01
8388	-7.373835e+01
8389	-7.446217e+01
8390	-7.218953e+01
8391	-7.398264e+01
8392	-7.169295e+01
8393	-7.148944e+01
8394	-7.467165e+01
8395	-7.640285e+01
8396	-6.763535e+01
8397	-7.459220e+01
8398	-7.452728e+01
8399	-7.387824e+01
8400	-7.087037e+01
8401	-7.774162e+01
8402	-7.330495e+01
8403	-7.472995e+01
8404	-7.610064e+01
8405	-7.345217e+01
8406	-7.341109e+01
8407	-7.373171e+01
8408	-7.430261e+01
8409	-7.391070e+01
8410	-7.420960e+01
8411	-7.264420e+01
8412	-6.878698e+01
8413	-7.274648e+01
8414	-7.556161e+01
8415	-7.085957e+01
8416	-7.404344e+01
8417	-7.321854e+01
8418	-7.442684e+01
8419	-7.426551e+01
8420	-7.496246e+01
8421	-7.112453e+01
8422	-7.356564e+01
8423	-7.536881e+01
8424	-7.199505e+01
8425	-7.301753e+01
8426	-7.782903e+01
8427	-7.324476e+01
8428	-7.242552e+01
8429	-7.144103e+01
8430	-7.264540e+01
8431	-7.124096e+01
8432	-7.522587e+01
8433	-7.298493e+01
8434	-7.562239e+01
8435	-7.565486e+01
8436	-7.168868e+01
8437	-7.224906e+01
8438	-7.069096e+01
8439	-7.410654e+01
8440	-7.011955e+01
8441	-7.451308e+01
8442	-7.623828e+01
8443	-7.389458e+01
8444	-6.945663e+01
8445	-7.141612e+01
8446	-7.602163e+01
8447	-7.596780e+01
8448	-7.301944e+01
8449	-7.419340e+01
8450	-7.576869e+01
8451	-7.301017e+01
8452	-7.366694e+01
8453	-7.305510e+01
8454	-7.322633e+01
8455	-7.621996e+01
8456	-7.604867e+01
8457	-7.322477e+01
8458	-7.437191e+01
8459	-6.815399e+01
8460	-7.663278e+01
8461	-7.194871e+01
8462	-7.616142e+01
8463	-7.227701e+01
8464	-7.223571e+01
8465	-7.387912e+01
8466	-7.389729e+01
8467	-7.557027e+01
8468	-7.378428e+01
8469	-7.197336e+01
8470	-7.104423e+01
8471	-7.141714e+01
8472	-7.393328e+01
8473	-7.322954e+01
8474	-7.253352e+01
8475	-7.089594e+01
8476	-7.164484e+01
8477	-7.390797e+01
8478	-7.361157e+01
8479	-7.246119e+01
8480	-7.214431e+01
8481	-7.443398e+01
8482	-7.254449e+01
8483	-7.409146e+01
8484	-7.468693e+01
8485	-7.199663e+01
8486	-7.328296e+01
8487	-7.562563e+01
8488	-7.413648e+01
8489	-7.087703e+01
8490	-7.368849e+01
8491	-7.286171e+01
8492	-7.436064e+01
8493	-7.201732e+01
8494	-7.323547e+01
8495	-7.332575e+01
8496	-7.387636e+01
8497	-7.262260e+01
8498	-7.638701e+01
8499	-7.348103e+01
8500	-7.116116e+01
8501	-7.131691e+01
8502	-7.219401e+01
8503	-6.940136e+01
8504	-7.409283e+01
8505	-7.731115e+01
8506	-7.137548e+01
8507	-7.169371e+01
8508	-7.491852e+01
8509	-7.550486e+01
8510	-7.211681e+01
8511	-7.463703e+01
8512	-7.332624e+01
8513	-7.187923e+01
8514	-7.561106e+01
8515	-7.376360e+01
8516	-7.021217e+01
8517	-7.101301e+01
8518	-7.359216e+01
8519	-7.321908e+01
8520	-7.238184e+01
8521	-7.208587e+01
8522	-7.414553e+01
8523	-6.955563e+01
8524	-7.522721e+01
8525	-7.103385e+01
8526	-7.444442e+01
8527	-7.334364e+01
8528	-7.368742e+01
8529	-7.426255e+01
8530	-7.403242e+01
8531	-7.393837e+01
8532	-7.293871e+01
8533	-7.090669e+01
8534	-7.474239e+01
8535	-7.262768e+01
8536	-7.432967e+01
8537	-7.072675e+01
8538	-7.311515e+01
8539	-7.514480e+01
8540	-7.085468e+01
8541	-7.363211e+01
8542	-7.567996e+01
8543	-7.509597e+01
8544	-7.502728e+01
8545	-7.174311e+01
8546	-7.385263e+01
8547	-7.199139e+01
8548	-7.244233e+01
8549	-7.561215e+01
8550	-7.149387e+01
8551	-7.321803e+01
8552	-7.338227e+01
8553	-7.101861e+01
8554	-7.574203e+01
8555	-7.213934e+01
8556	-7.284335e+01
8557	-7.294462e+01
8558	-7.260173e+01
8559	-6.898612e+01
8560	-7.338148e+01
8561	-7.142340e+01
8562	-7.461591e+01
8563	-7.407873e+01
8564	-7.715507e+01
8565	-7.128250e+01
8566	-7.170809e+01
8567	-7.385472e+01
8568	-7.165554e+01
8569	-7.246799e+01
8570	-7.257476e+01
8571	-7.358252e+01
8572	-7.430063e+01
8573	-7.332502e+01
8574	-6.722937e+01
8575	-7.285548e+01
8576	-7.160817e+01
8577	-6.936775e+01
8578	-7.492152e+01
8579	-7.202554e+01
8580	-7.374504e+01
8581	-7.566289e+01
8582	-7.186284e+01
8583	-7.336051e+01
8584	-7.297058e+01
8585	-7.478408e+01
8586	-7.635901e+01
8587	-7.661354e+01
8588	-7.399129e+01
8589	-7.511304e+01
8590	-7.553638e+01
8591	-7.584031e+01
8592	-7.071359e+01
8593	-7.201523e+01
8594	-7.143244e+01
8595	-7.406030e+01
8596	-7.642468e+01
8597	-7.194773e+01
8598	-7.395076e+01
8599	-7.012661e+01
8600	-7.185248e+01
8601	-7.123046e+01
8602	-7.110014e+01
8603	-6.901698e+01
8604	-7.424395e+01
8605	-7.506761e+01
8606	-7.470684e+01
8607	-7.574579e+01
8608	-7.388018e+01
8609	-7.480611e+01
8610	-7.201896e+01
8611	-7.139218e+01
8612	-7.066497e+01
8613	-7.056188e+01
8614	-7.358679e+01
8615	-7.399459e+01
8616	-7.351506e+01
8617	-7.174375e+01
8618	-7.557624e+01
8619	-7.670959e+01
8620	-7.301016e+01
8621	-7.202224e+01
8622	-7.482738e+01
8623	-7.524563e+01
8624	-7.700401e+01
8625	-7.266149e+01
8626	-7.321710e+01
8627	-7.518488e+01
8628	-7.559777e+01
8629	-7.140620e+01
8630	-7.259473e+01
8631	-7.315314e+01
8632	-7.473046e+01
8633	-7.603871e+01
8634	-7.470884e+01
8635	-7.330190e+01
8636	-7.252525e+01
8637	-7.473535e+01
8638	-7.351255e+01
8639	-7.204375e+01
8640	-7.463394e+01
8641	-7.515722e+01
8642	-7.820303e+01
8643	-7.307826e+01
8644	-7.039331e+01
8645	-6.972817e+01
8646	-7.304659e+01
8647	-7.350713e+01
8648	-7.577131e+01
8649	-7.220551e+01
8650	-7.546787e+01
8651	-7.345515e+01
8652	-6.998634e+01
8653	-7.442810e+01
8654	-7.145787e+01
8655	-7.463586e+01
8656	-7.322499e+01
8657	-7.265812e+01
8658	-7.377465e+01
8659	-7.177663e+01
8660	-7.559264e+01
8661	-7.470251e+01
8662	-7.077242e+01
8663	-6.977877e+01
8664	-7.294145e+01
8665	-7.265131e+01
8666	-7.433913e+01
8667	-7.226619e+01
8668	-7.507018e+01
8669	-7.287035e+01
8670	-7.542211e+01
8671	-7.027819e+01
8672	-7.059748e+01
8673	-7.303385e+01
8674	-7.381963e+01
8675	-7.410794e+01
8676	-7.285941e+01
8677	-7.264073e+01
8678	-7.367829e+01
8679	-7.224779e+01
8680	-7.418009e+01
8681	-7.302340e+01
8682	-7.168755e+01
8683	-7.119796e+01
8684	-7.177566e+01
8685	-6.978588e+01
8686	-7.291935e+01
8687	-7.268253e+01
8688	-7.228869e+01
8689	-7.300515e+01
8690	-7.540928e+01
8691	-7.446171e+01
8692	-7.427195e+01
8693	-7.284417e+01
8694	-7.245392e+01
8695	-7.685891e+01
8696	-7.544079e+01
8697	-6.984261e+01
8698	-7.487741e+01
8699	-7.153585e+01
8700	-6.992248e+01
8701	-7.259539e+01
8702	-7.355465e+01
8703	-7.588132e+01
8704	-7.494900e+01
8705	-7.327005e+01
8706	-7.637379e+01
8707	-7.256552e+01
8708	-7.182819e+01
8709	-7.139822e+01
8710	-7.273646e+01
8711	-7.490802e+01
8712	-7.499240e+01
8713	-7.034103e+01
8714	-7.033233e+01
8715	-7.940955e+01
8716	-7.153911e+01
8717	-7.140998e+01
8718	-7.644928e+01
8719	-7.305920e+01
8720	-7.475845e+01
8721	-7.567934e+01
8722	-7.221566e+01
8723	-7.287423e+01
8724	-7.472985e+01
8725	-7.594233e+01
8726	-7.262922e+01
8727	-7.597994e+01
8728	-7.276353e+01
8729	-7.563118e+01
8730	-7.168006e+01
8731	-7.454647e+01
8732	-7.197556e+01
8733	-7.303747e+01
8734	-7.387581e+01
8735	-7.600314e+01
8736	-7.236412e+01
8737	-7.337143e+01
8738	-7.637347e+01
8739	-7.205347e+01
8740	-7.207913e+01
8741	-7.387222e+01
8742	-7.277062e+01
8743	-7.196954e+01
8744	-7.475161e+01
8745	-7.274273e+01
8746	-7.071379e+01
8747	-7.533513e+01
8748	-7.587148e+01
8749	-7.529661e+01
8750	-7.384165e+01
8751	-7.438053e+01
8752	-7.388517e+01
8753	-7.092090e+01
8754	-7.405003e+01
8755	-7.296743e+01
8756	-7.273376e+01
8757	-7.322974e+01
8758	-7.071693e+01
8759	-7.569677e+01
8760	-6.855863e+01
8761	-7.577615e+01
8762	-7.395509e+01
8763	-7.465227e+01
8764	-7.522381e+01
8765	-7.645802e+01
8766	-7.096588e+01
8767	-7.329893e+01
8768	-7.423842e+01
8769	-7.661487e+01
8770	-7.483873e+01
8771	-7.018594e+01
8772	-7.037425e+01
8773	-7.461124e+01
8774	-7.556354e+01
8775	-7.274937e+01
8776	-7.475862e+01
8777	-7.520572e+01
8778	-7.095173e+01
8779	-6.917018e+01
8780	-7.229379e+01
8781	-7.909114e+01
8782	-7.150353e+01
8783	-7.411961e+01
8784	-7.445769e+01
8785	-7.434353e+01
8786	-7.374190e+01
8787	-7.579248e+01
8788	-7.369749e+01
8789	-7.216793e+01
8790	-7.643573e+01
8791	-7.395035e+01
8792	-7.510974e+01
8793	-7.395324e+01
8794	-7.683639e+01
8795	-7.201359e+01
8796	-7.267541e+01
8797	-7.455764e+01
8798	-7.248025e+01
8799	-7.471081e+01
8800	-7.238531e+01
8801	-7.176816e+01
8802	-7.273008e+01
8803	-7.465926e+01
8804	-7.242065e+01
8805	-7.177540e+01
8806	-7.235920e+01
8807	-7.822967e+01
8808	-7.152697e+01
8809	-7.289396e+01
8810	-7.211449e+01
8811	-7.015985e+01
8812	-7.264649e+01
8813	-7.543806e+01
8814	-7.355558e+01
8815	-7.278064e+01
8816	-7.111735e+01
8817	-7.324610e+01
8818	-7.334626e+01
8819	-7.537892e+01
8820	-7.443030e+01
8821	-7.199984e+01
8822	-7.414655e+01
8823	-7.283148e+01
8824	-7.292875e+01
8825	-7.218625e+01
8826	-7.082860e+01
8827	-7.365375e+01
8828	-7.578374e+01
8829	-7.592994e+01
8830	-7.580927e+01
8831	-7.678423e+01
8832	-7.460378e+01
8833	-7.513983e+01
8834	-7.377534e+01
8835	-7.148338e+01
8836	-7.531184e+01
8837	-7.265451e+01
8838	-7.019603e+01
8839	-7.049906e+01
8840	-7.510647e+01
8841	-7.151982e+01
8842	-7.125472e+01
8843	-7.195904e+01
8844	-7.438664e+01
8845	-7.306015e+01
8846	-7.353076e+01
8847	-7.192891e+01
8848	-7.221514e+01
8849	-7.615454e+01
8850	-6.853224e+01
8851	-7.173740e+01
8852	-7.112106e+01
8853	-7.614051e+01
8854	-7.286749e+01
8855	-7.478794e+01
8856	-7.800714e+01
8857	-7.212756e+01
8858	-7.089179e+01
8859	-7.141943e+01
8860	-7.411860e+01
8861	-7.467797e+01
8862	-7.323756e+01
8863	-7.141873e+01
8864	-7.569003e+01
8865	-7.312474e+01
8866	-7.828842e+01
8867	-7.383610e+01
8868	-7.354269e+01
8869	-7.410741e+01
8870	-7.033788e+01
8871	-7.450160e+01
8872	-6.859496e+01
8873	-7.447523e+01
8874	-7.472370e+01
8875	-7.203336e+01
8876	-7.401448e+01
8877	-7.666361e+01
8878	-6.983990e+01
8879	-7.028172e+01
8880	-7.219914e+01
8881	-7.258493e+01
8882	-7.034758e+01
8883	-7.530737e+01
8884	-7.413274e+01
8885	-7.484334e+01
8886	-7.715389e+01
8887	-7.358076e+01
8888	-7.186697e+01
8889	-7.023457e+01
8890	-6.981632e+01
8891	-7.372965e+01
8892	-7.499466e+01
8893	-7.007012e+01
8894	-7.113408e+01
8895	-7.573397e+01
8896	-7.202149e+01
8897	-7.156351e+01
8898	-7.320833e+01
8899	-7.404972e+01
8900	-7.443705e+01
8901	-7.334497e+01
8902	-7.248563e+01
8903	-7.524519e+01
8904	-7.493479e+01
8905	-7.447593e+01
8906	-7.511804e+01
8907	-7.337181e+01
8908	-7.326210e+01
8909	-7.332435e+01
8910	-7.290810e+01
8911	-7.272613e+01
8912	-7.449820e+01
8913	-7.204566e+01
8914	-7.507224e+01
8915	-7.363194e+01
8916	-7.535178e+01
8917	-7.326576e+01
8918	-7.596412e+01
8919	-7.337347e+01
8920	-7.263659e+01
8921	-7.199617e+01
8922	-7.457162e+01
8923	-7.212886e+01
8924	-7.450198e+01
8925	-7.298185e+01
8926	-7.332314e+01
8927	-7.287234e+01
8928	-7.819382e+01
8929	-7.248340e+01
8930	-7.255974e+01
8931	-7.698072e+01
8932	-7.314808e+01
8933	-7.208881e+01
8934	-7.112076e+01
8935	-7.245282e+01
8936	-7.415007e+01
8937	-7.510127e+01
8938	-7.485308e+01
8939	-7.367685e+01
8940	-7.435409e+01
8941	-7.429718e+01
8942	-7.411707e+01
8943	-7.258977e+01
8944	-7.345598e+01
8945	-7.314824e+01
8946	-7.172254e+01
8947	-7.392849e+01
8948	-6.920523e+01
8949	-7.225221e+01
8950	-7.148686e+01
8951	-7.162979e+01
8952	-7.025645e+01
8953	-7.192545e+01
8954	-7.110493e+01
8955	-7.148033e+01
8956	-7.607068e+01
8957	-7.299090e+01
8958	-7.793459e+01
8959	-7.444685e+01
8960	-7.526199e+01
8961	-7.092546e+01
8962	-7.503383e+01
8963	-7.140871e+01
8964	-7.422907e+01
8965	-7.336307e+01
8966	-7.351710e+01
8967	-7.369565e+01
8968	-7.452539e+01
8969	-7.079172e+01
8970	-7.124723e+01
8971	-7.389360e+01
8972	-6.979427e+01
8973	-7.565024e+01
8974	-7.198417e+01
8975	-7.214127e+01
8976	-7.353167e+01
8977	-6.955800e+01
8978	-7.120246e+01
8979	-7.235290e+01
8980	-7.425385e+01
8981	-7.601107e+01
8982	-7.011868e+01
8983	-7.695819e+01
8984	-7.092465e+01
8985	-7.409467e+01
8986	-7.175048e+01
8987	-7.317271e+01
8988	-6.982689e+01
8989	-7.052426e+01
8990	-7.562707e+01
8991	-7.511559e+01
8992	-7.628342e+01
8993	-7.226403e+01
8994	-7.452924e+01
8995	-7.211610e+01
8996	-7.317601e+01
8997	-6.994966e+01
8998	-7.631010e+01
8999	-7.286670e+01
9000	-7.258261e+01
9001	-7.228273e+01
9002	-7.244924e+01
9003	-7.435375e+01
9004	-7.096051e+01
9005	-7.341563e+01
9006	-7.361066e+01
9007	-7.429632e+01
9008	-7.382552e+01
9009	-7.622242e+01
9010	-7.232061e+01
9011	-7.299287e+01
9012	-6.858953e+01
9013	-7.572919e+01
9014	-7.090239e+01
9015	-7.528493e+01
9016	-7.324044e+01
9017	-7.483127e+01
9018	-7.278953e+01
9019	-7.057286e+01
9020	-7.372087e+01
9021	-7.502314e+01
9022	-7.449316e+01
9023	-7.286608e+01
9024	-7.615310e+01
9025	-7.204016e+01
9026	-7.531851e+01
9027	-7.205988e+01
9028	-7.283908e+01
9029	-7.129068e+01
9030	-7.551386e+01
9031	-7.346685e+01
9032	-7.355761e+01
9033	-7.488378e+01
9034	-7.447702e+01
9035	-7.213106e+01
9036	-7.217073e+01
9037	-6.999526e+01
9038	-7.235459e+01
9039	-7.469580e+01
9040	-7.191181e+01
9041	-7.522314e+01
9042	-7.439795e+01
9043	-7.201327e+01
9044	-7.194531e+01
9045	-7.191515e+01
9046	-7.492061e+01
9047	-7.133647e+01
9048	-7.327741e+01
9049	-7.293295e+01
9050	-7.433559e+01
9051	-7.210236e+01
9052	-7.396302e+01
9053	-7.371613e+01
9054	-7.176758e+01
9055	-6.973136e+01
9056	-7.008398e+01
9057	-7.387160e+01
9058	-7.102415e+01
9059	-7.240845e+01
9060	-7.177377e+01
9061	-7.086062e+01
9062	-7.137557e+01
9063	-7.370232e+01
9064	-7.208402e+01
9065	-7.497459e+01
9066	-7.248292e+01
9067	-7.403704e+01
9068	-7.334119e+01
9069	-7.499439e+01
9070	-7.171379e+01
9071	-7.423470e+01
9072	-7.231078e+01
9073	-7.287409e+01
9074	-7.196970e+01
9075	-7.233163e+01
9076	-7.014840e+01
9077	-7.187855e+01
9078	-7.432964e+01
9079	-7.482974e+01
9080	-7.177708e+01
9081	-7.506805e+01
9082	-7.363350e+01
9083	-6.976402e+01
9084	-7.516540e+01
9085	-7.149489e+01
9086	-7.664762e+01
9087	-7.202524e+01
9088	-7.562678e+01
9089	-7.491789e+01
9090	-7.460191e+01
9091	-7.396370e+01
9092	-7.615176e+01
9093	-7.332806e+01
9094	-7.295119e+01
9095	-7.201464e+01
9096	-7.366925e+01
9097	-7.173517e+01
9098	-7.451604e+01
9099	-7.570687e+01
9100	-7.176866e+01
9101	-7.371867e+01
9102	-7.204828e+01
9103	-7.009149e+01
9104	-7.497093e+01
9105	-7.626407e+01
9106	-7.273950e+01
9107	-7.435549e+01
9108	-7.169813e+01
9109	-6.947519e+01
9110	-7.227400e+01
9111	-7.338570e+01
9112	-7.006410e+01
9113	-7.528970e+01
9114	-7.163694e+01
9115	-7.841575e+01
9116	-7.470432e+01
9117	-7.497325e+01
9118	-7.354388e+01
9119	-7.147363e+01
9120	-7.169040e+01
9121	-7.409748e+01
9122	-7.523105e+01
9123	-7.223798e+01
9124	-7.410831e+01
9125	-7.266172e+01
9126	-7.328841e+01
9127	-7.333668e+01
9128	-7.176117e+01
9129	-7.034767e+01
9130	-7.083809e+01
9131	-7.287748e+01
9132	-7.458302e+01
9133	-7.262631e+01
9134	-7.709648e+01
9135	-7.110698e+01
9136	-7.433888e+01
9137	-7.092424e+01
9138	-7.709179e+01
9139	-7.249604e+01
9140	-7.175326e+01
9141	-7.283836e+01
9142	-7.468022e+01
9143	-7.350620e+01
9144	-7.590662e+01
9145	-7.559907e+01
9146	-6.880864e+01
9147	-6.919696e+01
9148	-7.412372e+01
9149	-7.211716e+01
9150	-7.496984e+01
9151	-7.319652e+01
9152	-7.206976e+01
9153	-7.038362e+01
9154	-7.209516e+01
9155	-7.403700e+01
9156	-7.255650e+01
9157	-7.186883e+01
9158	-7.473931e+01
9159	-7.365890e+01
9160	-7.095657e+01
9161	-7.917504e+01
9162	-7.192933e+01
9163	-6.896716e+01
9164	-7.115933e+01
9165	-7.194398e+01
9166	-7.396943e+01
9167	-7.255023e+01
9168	-7.453182e+01
9169	-7.349810e+01
9170	-7.288335e+01
9171	-7.311248e+01
9172	-7.336065e+01
9173	-7.489874e+01
9174	-7.446427e+01
9175	-7.351247e+01
9176	-7.746102e+01
9177	-7.398715e+01
9178	-7.309467e+01
9179	-7.220828e+01
9180	-6.934609e+01
9181	-7.322842e+01
9182	-7.294341e+01
9183	-7.206230e+01
9184	-7.588218e+01
9185	-7.316625e+01
9186	-7.350853e+01
9187	-7.358632e+01
9188	-7.710291e+01
9189	-7.406433e+01
9190	-7.245725e+01
9191	-7.337679e+01
9192	-7.484146e+01
9193	-7.284160e+01
9194	-7.062039e+01
9195	-7.400562e+01
9196	-7.473303e+01
9197	-7.068189e+01
9198	-7.313064e+01
9199	-7.033348e+01
9200	-7.161600e+01
9201	-7.155130e+01
9202	-7.380478e+01
9203	-7.573136e+01
9204	-7.305236e+01
9205	-7.165116e+01
9206	-7.072682e+01
9207	-7.361290e+01
9208	-7.055738e+01
9209	-7.172255e+01
9210	-7.328503e+01
9211	-7.003824e+01
9212	-7.470553e+01
9213	-7.281650e+01
9214	-7.274770e+01
9215	-7.511418e+01
9216	-7.199815e+01
9217	-7.692616e+01
9218	-7.416290e+01
9219	-7.431568e+01
9220	-7.240142e+01
9221	-6.889823e+01
9222	-7.371220e+01
9223	-7.455120e+01
9224	-7.463039e+01
9225	-7.476312e+01
9226	-7.577137e+01
9227	-6.975751e+01
9228	-7.465754e+01
9229	-7.092416e+01
9230	-7.565242e+01
9231	-7.060188e+01
9232	-6.997293e+01
9233	-6.799704e+01
9234	-7.489179e+01
9235	-7.428723e+01
9236	-7.282087e+01
9237	-7.288897e+01
9238	-7.227668e+01
9239	-7.391735e+01
9240	-7.295399e+01
9241	-7.152157e+01
9242	-7.551213e+01
9243	-7.324504e+01
9244	-7.355999e+01
9245	-7.237546e+01
9246	-7.604405e+01
9247	-7.463320e+01
9248	-6.982525e+01
9249	-7.396768e+01
9250	-7.926274e+01
9251	-6.907517e+01
9252	-7.285089e+01
9253	-7.592818e+01
9254	-7.136718e+01
9255	-7.805283e+01
9256	-7.367863e+01
9257	-7.369902e+01
9258	-7.612594e+01
9259	-7.318952e+01
9260	-7.004545e+01
9261	-7.154971e+01
9262	-7.531263e+01
9263	-7.505551e+01
9264	-7.242126e+01
9265	-7.234130e+01
9266	-7.752224e+01
9267	-7.432512e+01
9268	-7.538728e+01
9269	-7.086284e+01
9270	-7.346487e+01
9271	-7.508476e+01
9272	-7.269285e+01
9273	-7.279101e+01
9274	-7.551822e+01
9275	-7.497944e+01
9276	-7.329929e+01
9277	-7.516917e+01
9278	-7.447863e+01
9279	-6.977601e+01
9280	-7.347753e+01
9281	-7.621270e+01
9282	-7.111906e+01
9283	-7.433516e+01
9284	-7.188301e+01
9285	-7.280015e+01
9286	-7.648572e+01
9287	-7.251260e+01
9288	-7.350515e+01
9289	-7.422316e+01
9290	-7.293538e+01
9291	-7.534227e+01
9292	-7.246618e+01
9293	-7.589977e+01
9294	-7.181884e+01
9295	-7.342365e+01
9296	-7.165778e+01
9297	-7.294827e+01
9298	-7.213925e+01
9299	-7.305887e+01
9300	-6.977535e+01
9301	-7.557172e+01
9302	-7.292637e+01
9303	-7.306290e+01
9304	-7.362613e+01
9305	-7.022895e+01
9306	-7.395068e+01
9307	-7.097768e+01
9308	-7.657875e+01
9309	-7.686960e+01
9310	-7.649722e+01
9311	-7.661823e+01
9312	-7.221933e+01
9313	-7.230806e+01
9314	-7.364970e+01
9315	-7.103269e+01
9316	-7.166904e+01
9317	-7.405249e+01
9318	-7.585362e+01
9319	-7.421331e+01
9320	-7.233520e+01
9321	-7.700860e+01
9322	-7.452981e+01
9323	-7.174420e+01
9324	-7.287195e+01
9325	-7.145342e+01
9326	-7.433616e+01
9327	-7.585832e+01
9328	-7.186396e+01
9329	-7.370677e+01
9330	-7.033053e+01
9331	-7.378415e+01
9332	-7.036650e+01
9333	-6.963884e+01
9334	-7.377191e+01
9335	-7.613804e+01
9336	-6.938360e+01
9337	-7.856253e+01
9338	-7.501305e+01
9339	-7.483742e+01
9340	-7.429187e+01
9341	-7.853072e+01
9342	-6.998739e+01
9343	-7.148317e+01
9344	-7.403318e+01
9345	-7.395171e+01
9346	-7.339060e+01
9347	-7.456517e+01
9348	-7.501266e+01
9349	-7.180028e+01
9350	-7.471324e+01
9351	-7.215561e+01
9352	-7.121015e+01
9353	-7.286555e+01
9354	-7.313563e+01
9355	-7.352088e+01
9356	-7.074009e+01
9357	-7.231758e+01
9358	-7.351852e+01
9359	-7.562557e+01
9360	-7.228177e+01
9361	-7.154046e+01
9362	-7.169095e+01
9363	-7.457147e+01
9364	-7.369428e+01
9365	-7.292609e+01
9366	-7.110648e+01
9367	-6.952843e+01
9368	-7.176978e+01
9369	-7.325769e+01
9370	-7.281374e+01
9371	-7.759725e+01
9372	-7.316276e+01
9373	-7.224598e+01
9374	-7.416941e+01
9375	-7.160738e+01
9376	-6.997243e+01
9377	-6.952989e+01
9378	-7.180476e+01
9379	-7.130157e+01
9380	-7.646060e+01
9381	-7.640668e+01
9382	-7.709866e+01
9383	-7.151917e+01
9384	-7.413681e+01
9385	-7.118823e+01
9386	-7.196579e+01
9387	-7.183011e+01
9388	-7.424036e+01
9389	-7.242254e+01
9390	-7.243615e+01
9391	-7.101606e+01
9392	-7.337558e+01
9393	-7.492242e+01
9394	-7.507597e+01
9395	-7.399673e+01
9396	-7.210385e+01
9397	-7.234271e+01
9398	-7.373820e+01
9399	-6.983409e+01
9400	-7.206148e+01
9401	-7.381895e+01
9402	-7.762228e+01
9403	-7.307089e+01
9404	-7.753340e+01
9405	-7.805667e+01
9406	-7.422146e+01
9407	-7.577339e+01
9408	-7.605000e+01
9409	-7.431949e+01
9410	-7.588507e+01
9411	-7.295336e+01
9412	-7.400016e+01
9413	-7.394326e+01
9414	-7.297616e+01
9415	-6.955144e+01
9416	-6.960681e+01
9417	-7.362960e+01
9418	-7.486936e+01
9419	-7.409826e+01
9420	-7.435200e+01
9421	-6.932704e+01
9422	-7.100632e+01
9423	-7.620011e+01
9424	-7.133038e+01
9425	-7.340606e+01
9426	-7.613889e+01
9427	-7.334055e+01
9428	-7.283568e+01
9429	-7.293868e+01
9430	-7.181786e+01
9431	-7.707981e+01
9432	-7.291184e+01
9433	-7.363854e+01
9434	-7.170350e+01
9435	-6.944099e+01
9436	-7.532005e+01
9437	-7.273346e+01
9438	-7.237343e+01
9439	-7.498425e+01
9440	-7.514958e+01
9441	-7.264757e+01
9442	-7.325272e+01
9443	-7.615182e+01
9444	-7.075578e+01
9445	-7.449372e+01
9446	-7.332596e+01
9447	-7.729390e+01
9448	-7.240532e+01
9449	-7.137096e+01
9450	-7.497331e+01
9451	-7.283375e+01
9452	-7.409551e+01
9453	-7.368843e+01
9454	-7.213235e+01
9455	-7.295334e+01
9456	-7.351320e+01
9457	-7.230158e+01
9458	-7.386695e+01
9459	-7.391855e+01
9460	-7.234099e+01
9461	-7.223985e+01
9462	-7.104268e+01
9463	-7.567044e+01
9464	-7.473130e+01
9465	-7.198942e+01
9466	-7.027803e+01
9467	-7.334141e+01
9468	-7.030440e+01
9469	-7.196216e+01
9470	-7.047922e+01
9471	-7.274588e+01
9472	-7.234221e+01
9473	-7.430641e+01
9474	-7.217004e+01
9475	-7.490095e+01
9476	-7.267624e+01
9477	-7.077206e+01
9478	-6.951118e+01
9479	-7.485440e+01
9480	-7.178977e+01
9481	-7.628238e+01
9482	-7.599504e+01
9483	-7.504475e+01
9484	-7.432668e+01
9485	-7.555313e+01
9486	-7.241454e+01
9487	-7.319514e+01
9488	-7.183815e+01
9489	-7.155432e+01
9490	-7.308871e+01
9491	-7.299377e+01
9492	-7.377487e+01
9493	-7.429930e+01
9494	-7.217327e+01
9495	-7.649294e+01
9496	-7.347093e+01
9497	-7.516100e+01
9498	-7.188974e+01
9499	-7.184960e+01
9500	-7.549325e+01
9501	-7.332950e+01
9502	-6.898827e+01
9503	-7.814365e+01
9504	-7.350535e+01
9505	-7.537270e+01
9506	-7.192216e+01
9507	-7.424243e+01
9508	-7.182758e+01
9509	-6.986516e+01
9510	-7.033227e+01
9511	-7.234094e+01
9512	-7.394873e+01
9513	-7.268116e+01
9514	-7.359653e+01
9515	-7.389281e+01
9516	-7.278019e+01
9517	-7.582021e+01
9518	-7.459031e+01
9519	-7.091624e+01
9520	-7.453604e+01
9521	-7.320533e+01
9522	-7.354700e+01
9523	-7.363552e+01
9524	-7.248809e+01
9525	-7.443090e+01
9526	-7.622468e+01
9527	-7.388648e+01
9528	-7.279917e+01
9529	-7.018286e+01
9530	-7.818099e+01
9531	-7.194899e+01
9532	-7.336677e+01
9533	-7.331423e+01
9534	-7.525773e+01
9535	-7.561316e+01
9536	-7.235616e+01
9537	-7.341087e+01
9538	-7.525688e+01
9539	-7.274494e+01
9540	-7.339971e+01
9541	-7.181886e+01
9542	-7.359483e+01
9543	-7.195343e+01
9544	-7.835382e+01
9545	-7.072930e+01
9546	-7.450125e+01
9547	-7.133231e+01
9548	-6.949271e+01
9549	-6.901328e+01
9550	-7.151793e+01
9551	-7.619548e+01
9552	-7.484306e+01
9553	-7.130982e+01
9554	-7.178930e+01
9555	-7.575226e+01
9556	-7.067764e+01
9557	-7.328898e+01
9558	-7.271089e+01
9559	-7.261368e+01
9560	-7.725731e+01
9561	-7.308311e+01
9562	-7.207839e+01
9563	-7.424734e+01
9564	-7.090977e+01
9565	-7.227900e+01
9566	-7.552611e+01
9567	-7.031144e+01
9568	-7.422556e+01
9569	-7.273602e+01
9570	-7.178266e+01
9571	-7.336216e+01
9572	-7.341833e+01
9573	-7.126161e+01
9574	-7.334217e+01
9575	-7.213509e+01
9576	-7.520160e+01
9577	-7.661333e+01
9578	-7.474392e+01
9579	-7.432290e+01
9580	-7.739184e+01
9581	-7.260457e+01
9582	-7.225796e+01
9583	-7.615713e+01
9584	-7.182612e+01
9585	-6.948896e+01
9586	-7.271627e+01
9587	-7.571422e+01
9588	-7.070765e+01
9589	-7.390102e+01
9590	-7.233965e+01
9591	-7.170017e+01
9592	-7.321906e+01
9593	-7.160344e+01
9594	-7.217488e+01
9595	-7.333084e+01
9596	-7.439980e+01
9597	-7.468706e+01
9598	-7.365436e+01
9599	-7.498435e+01
9600	-7.159065e+01
9601	-6.941829e+01
9602	-7.298530e+01
9603	-7.537095e+01
9604	-7.554716e+01
9605	-7.624071e+01
9606	-7.147546e+01
9607	-7.137509e+01
9608	-7.048442e+01
9609	-7.182537e+01
9610	-7.356351e+01
9611	-7.405103e+01
9612	-7.473628e+01
9613	-7.374369e+01
9614	-7.452649e+01
9615	-7.372862e+01
9616	-7.092638e+01
9617	-7.391004e+01
9618	-7.367460e+01
9619	-7.302929e+01
9620	-7.286114e+01
9621	-7.265430e+01
9622	-7.415926e+01
9623	-7.410622e+01
9624	-7.265718e+01
9625	-7.161396e+01
9626	-7.492498e+01
9627	-7.253877e+01
9628	-7.255892e+01
9629	-7.524394e+01
9630	-7.291386e+01
9631	-7.472873e+01
9632	-7.122282e+01
9633	-7.385758e+01
9634	-7.423684e+01
9635	-7.772592e+01
9636	-7.543290e+01
9637	-7.347918e+01
9638	-7.440953e+01
9639	-7.424242e+01
9640	-7.558513e+01
9641	-7.454432e+01
9642	-7.475875e+01
9643	-7.348093e+01
9644	-7.246216e+01
9645	-7.300871e+01
9646	-7.230605e+01
9647	-7.559581e+01
9648	-7.178090e+01
9649	-7.275073e+01
9650	-7.502191e+01
9651	-7.631902e+01
9652	-7.590864e+01
9653	-7.490990e+01
9654	-7.384570e+01
9655	-7.167686e+01
9656	-7.396756e+01
9657	-7.556443e+01
9658	-7.405069e+01
9659	-7.442575e+01
9660	-7.158670e+01
9661	-7.396285e+01
9662	-7.556586e+01
9663	-7.265120e+01
9664	-7.368607e+01
9665	-7.502138e+01
9666	-7.153132e+01
9667	-7.473307e+01
9668	-7.328604e+01
9669	-7.308069e+01
9670	-7.150712e+01
9671	-7.541077e+01
9672	-7.189520e+01
9673	-7.206815e+01
9674	-7.564946e+01
9675	-7.425809e+01
9676	-7.262513e+01
9677	-7.612632e+01
9678	-7.503470e+01
9679	-7.607475e+01
9680	-7.282536e+01
9681	-7.175588e+01
9682	-7.464408e+01
9683	-7.302902e+01
9684	-7.558449e+01
9685	-7.599188e+01
9686	-7.604563e+01
9687	-7.325217e+01
9688	-7.335811e+01
9689	-7.685713e+01
9690	-7.538843e+01
9691	-7.281362e+01
9692	-7.076783e+01
9693	-7.173061e+01
9694	-7.330887e+01
9695	-7.396532e+01
9696	-7.506228e+01
9697	-7.115236e+01
9698	-7.109222e+01
9699	-7.009634e+01
9700	-7.649813e+01
9701	-7.404258e+01
9702	-7.347638e+01
9703	-7.217030e+01
9704	-7.229600e+01
9705	-7.126346e+01
9706	-7.594770e+01
9707	-7.205617e+01
9708	-7.332705e+01
9709	-7.306276e+01
9710	-7.336445e+01
9711	-7.769243e+01
9712	-7.535113e+01
9713	-7.519145e+01
9714	-7.534828e+01
9715	-7.216504e+01
9716	-7.577531e+01
9717	-7.589719e+01
9718	-6.992091e+01
9719	-7.497913e+01
9720	-7.285634e+01
9721	-7.274877e+01
9722	-7.738440e+01
9723	-7.435093e+01
9724	-7.272229e+01
9725	-7.176025e+01
9726	-7.271001e+01
9727	-7.615750e+01
9728	-6.963937e+01
9729	-7.518575e+01
9730	-7.316111e+01
9731	-7.287928e+01
9732	-7.766997e+01
9733	-7.566878e+01
9734	-7.317624e+01
9735	-7.321924e+01
9736	-7.626279e+01
9737	-7.532194e+01
9738	-7.238043e+01
9739	-7.241739e+01
9740	-7.355635e+01
9741	-7.422187e+01
9742	-7.272179e+01
9743	-7.271505e+01
9744	-7.485538e+01
9745	-7.295551e+01
9746	-7.239094e+01
9747	-7.147576e+01
9748	-7.659000e+01
9749	-7.095497e+01
9750	-7.311518e+01
9751	-7.607018e+01
9752	-7.169990e+01
9753	-7.590086e+01
9754	-7.547809e+01
9755	-7.318328e+01
9756	-7.393732e+01
9757	-7.491868e+01
9758	-7.436049e+01
9759	-7.251309e+01
9760	-7.095764e+01
9761	-7.492881e+01
9762	-7.057555e+01
9763	-6.837634e+01
9764	-7.737313e+01
9765	-7.427366e+01
9766	-7.521516e+01
9767	-7.264044e+01
9768	-7.693798e+01
9769	-7.257266e+01
9770	-7.085722e+01
9771	-7.590812e+01
9772	-7.561156e+01
9773	-7.000551e+01
9774	-7.128387e+01
9775	-7.340690e+01
9776	-7.230422e+01
9777	-7.600845e+01
9778	-6.906067e+01
9779	-7.435420e+01
9780	-7.217966e+01
9781	-7.149835e+01
9782	-7.307440e+01
9783	-7.589249e+01
9784	-7.180246e+01
9785	-7.347256e+01
9786	-7.260826e+01
9787	-7.648011e+01
9788	-7.338576e+01
9789	-7.306898e+01
9790	-7.618191e+01
9791	-7.591364e+01
9792	-7.160664e+01
9793	-7.495032e+01
9794	-7.627131e+01
9795	-7.296802e+01
9796	-7.357536e+01
9797	-7.343771e+01
9798	-7.643344e+01
9799	-7.310765e+01
9800	-7.354744e+01
9801	-7.314824e+01
9802	-7.217964e+01
9803	-7.497944e+01
9804	-7.229364e+01
9805	-7.522590e+01
9806	-7.462276e+01
9807	-7.444370e+01
9808	-7.539134e+01
9809	-7.418909e+01
9810	-7.524216e+01
9811	-7.132960e+01
9812	-7.486367e+01
9813	-7.612961e+01
9814	-7.319311e+01
9815	-7.326573e+01
9816	-7.502502e+01
9817	-7.569647e+01
9818	-7.286534e+01
9819	-7.249190e+01
9820	-7.034895e+01
9821	-7.264696e+01
9822	-7.357238e+01
9823	-7.239868e+01
9824	-7.450097e+01
9825	-7.095989e+01
9826	-7.318106e+01
9827	-6.923281e+01
9828	-7.346039e+01
9829	-7.203108e+01
9830	-7.132485e+01
9831	-7.603070e+01
9832	-7.108265e+01
9833	-7.275116e+01
9834	-7.435173e+01
9835	-7.612668e+01
9836	-6.887009e+01
9837	-7.547452e+01
9838	-7.739760e+01
9839	-7.463087e+01
9840	-7.368392e+01
9841	-7.652107e+01
9842	-7.725096e+01
9843	-7.110081e+01
9844	-7.222920e+01
9845	-6.910716e+01
9846	-7.588255e+01
9847	-7.480789e+01
9848	-7.269317e+01
9849	-7.100570e+01
9850	-7.440892e+01
9851	-7.425556e+01
9852	-7.324973e+01
9853	-7.488721e+01
9854	-7.460501e+01
9855	-7.171950e+01
9856	-7.397654e+01
9857	-7.581742e+01
9858	-7.303628e+01
9859	-7.615510e+01
9860	-7.595607e+01
9861	-7.348099e+01
9862	-7.277342e+01
9863	-7.589563e+01
9864	-7.221981e+01
9865	-7.256710e+01
9866	-7.503499e+01
9867	-7.266910e+01
9868	-7.364887e+01
9869	-7.304428e+01
9870	-7.542469e+01
9871	-7.271667e+01
9872	-7.284626e+01
9873	-7.523572e+01
9874	-7.433876e+01
9875	-7.538845e+01
9876	-7.064943e+01
9877	-7.331464e+01
9878	-7.648887e+01
9879	-7.217643e+01
9880	-7.495837e+01
9881	-7.706568e+01
9882	-7.331883e+01
9883	-7.111272e+01
9884	-7.630532e+01
9885	-7.573938e+01
9886	-7.513895e+01
9887	-7.331339e+01
9888	-7.316368e+01
9889	-7.500855e+01
9890	-7.270493e+01
9891	-7.225553e+01
9892	-7.358810e+01
9893	-7.096960e+01
9894	-7.192148e+01
9895	-7.218861e+01
9896	-7.464852e+01
9897	-7.272341e+01
9898	-7.137909e+01
9899	-7.135989e+01
9900	-7.590060e+01
9901	-7.193778e+01
9902	-7.361328e+01
9903	-7.273323e+01
9904	-7.634693e+01
9905	-7.370848e+01
9906	-7.442506e+01
9907	-7.321834e+01
9908	-7.383920e+01
9909	-7.246509e+01
9910	-7.230149e+01
9911	-7.200716e+01
9912	-7.309277e+01
9913	-7.075483e+01
9914	-7.437023e+01
9915	-7.356377e+01
9916	-7.099922e+01
9917	-7.052371e+01
9918	-7.589359e+01
9919	-6.978305e+01
9920	-7.347883e+01
9921	-7.274222e+01
9922	-7.472949e+01
9923	-7.251832e+01
9924	-7.087407e+01
9925	-7.413362e+01
9926	-7.533995e+01
9927	-7.340619e+01
9928	-7.502980e+01
9929	-7.029848e+01
9930	-7.562410e+01
9931	-7.105535e+01
9932	-7.315365e+01
9933	-7.513357e+01
9934	-7.397882e+01
9935	-6.959060e+01
9936	-7.276861e+01
9937	-7.577546e+01
9938	-7.401299e+01
9939	-7.165490e+01
9940	-7.235490e+01
9941	-7.244810e+01
9942	-6.895688e+01
9943	-7.623818e+01
9944	-7.419587e+01
9945	-7.278366e+01
9946	-7.332290e+01
9947	-7.335507e+01
9948	-7.028698e+01
9949	-7.661667e+01
9950	-7.313290e+01
9951	-7.483294e+01
9952	-7.175232e+01
9953	-7.220101e+01
9954	-7.241779e+01
9955	-7.363606e+01
9956	-7.147055e+01
9957	-7.685251e+01
9958	-7.433228e+01
9959	-7.150456e+01
9960	-7.143385e+01
9961	-7.289906e+01
9962	-7.750532e+01
9963	-7.238163e+01
9964	-7.501829e+01
9965	-7.147219e+01
9966	-7.092797e+01
9967	-7.103130e+01
9968	-7.210200e+01
9969	-7.340892e+01
9970	-7.131399e+01
9971	-7.268800e+01
9972	-7.041414e+01
9973	-7.196266e+01
9974	-7.500821e+01
9975	-7.373247e+01
9976	-7.381503e+01
9977	-7.477420e+01
9978	-7.205692e+01
9979	-6.874943e+01
9980	-7.361052e+01
9981	-7.126744e+01
9982	-7.124051e+01
9983	-7.307516e+01
9984	-7.104690e+01
9985	-7.552077e+01
9986	-7.855712e+01
9987	-7.105038e+01
9988	-7.213122e+01
9989	-7.278416e+01
9990	-7.498516e+01
9991	-6.782757e+01
9992	-6.924122e+01
9993	-7.403480e+01
9994	-7.297759e+01
9995	-7.287876e+01
9996	-7.371431e+01
9997	-7.464878e+01
9998	-7.429005e+01
9999	-7.436223e+01
10000	-6.977294e+01
