iteration	loss
0	0.000000e+00
1	-7.488766e+01
2	-1.450758e+02
3	-2.116797e+02
4	-2.750741e+02
5	-3.352261e+02
6	-3.914340e+02
7	-4.501285e+02
8	-5.033912e+02
9	-5.497726e+02
10	-5.920828e+02
11	-6.341824e+02
12	-6.846823e+02
13	-7.119703e+02
14	-7.482966e+02
15	-7.799011e+02
16	-8.129449e+02
17	-8.520031e+02
18	-8.756322e+02
19	-8.972829e+02
20	-9.200204e+02
21	-9.615104e+02
22	-9.709223e+02
23	-9.792848e+02
24	-9.902171e+02
25	-1.015543e+03
26	-1.028170e+03
27	-1.038951e+03
28	-1.044577e+03
29	-1.063873e+03
30	-1.070112e+03
31	-1.075761e+03
32	-1.080294e+03
33	-1.076031e+03
34	-1.098837e+03
35	-1.099223e+03
36	-1.094741e+03
37	-1.116879e+03
38	-1.111699e+03
39	-1.087705e+03
40	-1.091755e+03
41	-1.105726e+03
42	-1.123702e+03
43	-1.119403e+03
44	-1.123726e+03
45	-1.123837e+03
46	-1.120028e+03
47	-1.122694e+03
48	-1.138335e+03
49	-1.131226e+03
50	-1.147682e+03
51	-1.117271e+03
52	-1.135120e+03
53	-1.106785e+03
54	-1.108221e+03
55	-1.128974e+03
56	-1.105816e+03
57	-1.115682e+03
58	-1.135463e+03
59	-1.136661e+03
60	-1.124516e+03
61	-1.116989e+03
62	-1.128585e+03
63	-1.129205e+03
64	-1.128380e+03
65	-1.143908e+03
66	-1.156532e+03
67	-1.140740e+03
68	-1.128006e+03
69	-1.135736e+03
70	-1.128479e+03
71	-1.130101e+03
72	-1.136311e+03
73	-1.132416e+03
74	-1.128197e+03
75	-1.129199e+03
76	-1.144782e+03
77	-1.145014e+03
78	-1.125672e+03
79	-1.147433e+03
80	-1.134753e+03
81	-1.127066e+03
82	-1.123568e+03
83	-1.143166e+03
84	-1.124880e+03
85	-1.137297e+03
86	-1.118143e+03
87	-1.125217e+03
88	-1.137278e+03
89	-1.126311e+03
90	-1.134598e+03
91	-1.133266e+03
92	-1.120735e+03
93	-1.160958e+03
94	-1.128506e+03
95	-1.144498e+03
96	-1.161000e+03
97	-1.122169e+03
98	-1.105377e+03
99	-1.117627e+03
100	-1.122724e+03
101	-1.129321e+03
102	-1.138343e+03
103	-1.116771e+03
104	-1.124558e+03
105	-1.114679e+03
106	-1.118524e+03
107	-1.143185e+03
108	-1.120189e+03
109	-1.138806e+03
110	-1.131273e+03
111	-1.144155e+03
112	-1.130514e+03
113	-1.110761e+03
114	-1.140810e+03
115	-1.129352e+03
116	-1.129439e+03
117	-1.125466e+03
118	-1.147216e+03
119	-1.122857e+03
120	-1.114943e+03
121	-1.105860e+03
122	-1.131115e+03
123	-1.142140e+03
124	-1.140902e+03
125	-1.126262e+03
126	-1.136230e+03
127	-1.124685e+03
128	-1.116501e+03
129	-1.096365e+03
130	-1.132869e+03
131	-1.120194e+03
132	-1.137965e+03
133	-1.154995e+03
134	-1.143212e+03
135	-1.144866e+03
136	-1.127738e+03
137	-1.137333e+03
138	-1.138147e+03
139	-1.131347e+03
140	-1.114049e+03
141	-1.141106e+03
142	-1.138883e+03
143	-1.139262e+03
144	-1.114017e+03
145	-1.148522e+03
146	-1.131158e+03
147	-1.127319e+03
148	-1.109517e+03
149	-1.148240e+03
150	-1.130197e+03
151	-1.124043e+03
152	-1.117937e+03
153	-1.137743e+03
154	-1.147314e+03
155	-1.118236e+03
156	-1.137462e+03
157	-1.119213e+03
158	-1.142540e+03
159	-1.125168e+03
160	-1.145497e+03
161	-1.132323e+03
162	-1.124567e+03
163	-1.116564e+03
164	-1.110266e+03
165	-1.130766e+03
166	-1.152004e+03
167	-1.120005e+03
168	-1.138568e+03
169	-1.111988e+03
170	-1.133083e+03
171	-1.129256e+03
172	-1.125782e+03
173	-1.141093e+03
174	-1.130044e+03
175	-1.119344e+03
176	-1.123436e+03
177	-1.126190e+03
178	-1.135623e+03
179	-1.126614e+03
180	-1.121006e+03
181	-1.128519e+03
182	-1.144940e+03
183	-1.114334e+03
184	-1.117859e+03
185	-1.128031e+03
186	-1.144348e+03
187	-1.133160e+03
188	-1.118669e+03
189	-1.126930e+03
190	-1.151199e+03
191	-1.128997e+03
192	-1.113026e+03
193	-1.134718e+03
194	-1.118202e+03
195	-1.119553e+03
196	-1.108152e+03
197	-1.117924e+03
198	-1.129918e+03
199	-1.120118e+03
200	-1.125801e+03
201	-1.103084e+03
202	-1.131777e+03
203	-1.137095e+03
204	-1.115049e+03
205	-1.131375e+03
206	-1.127309e+03
207	-1.141014e+03
208	-1.144753e+03
209	-1.113202e+03
210	-1.141440e+03
211	-1.098695e+03
212	-1.130091e+03
213	-1.122624e+03
214	-1.123648e+03
215	-1.122255e+03
216	-1.117632e+03
217	-1.131287e+03
218	-1.128909e+03
219	-1.138660e+03
220	-1.127602e+03
221	-1.123416e+03
222	-1.119773e+03
223	-1.123878e+03
224	-1.129750e+03
225	-1.112581e+03
226	-1.126975e+03
227	-1.135944e+03
228	-1.126396e+03
229	-1.109368e+03
230	-1.141000e+03
231	-1.136256e+03
232	-1.149131e+03
233	-1.131832e+03
234	-1.132967e+03
235	-1.151345e+03
236	-1.132911e+03
237	-1.121558e+03
238	-1.137784e+03
239	-1.124509e+03
240	-1.104734e+03
241	-1.116296e+03
242	-1.147988e+03
243	-1.139459e+03
244	-1.146990e+03
245	-1.123738e+03
246	-1.135007e+03
247	-1.131694e+03
248	-1.104465e+03
249	-1.134149e+03
250	-1.133422e+03
251	-1.126735e+03
252	-1.131799e+03
253	-1.143236e+03
254	-1.124902e+03
255	-1.115740e+03
256	-1.115709e+03
257	-1.126096e+03
258	-1.129498e+03
259	-1.127241e+03
260	-1.127512e+03
261	-1.127352e+03
262	-1.114601e+03
263	-1.136039e+03
264	-1.127268e+03
265	-1.120393e+03
266	-1.111871e+03
267	-1.126009e+03
268	-1.127367e+03
269	-1.128003e+03
270	-1.152947e+03
271	-1.127254e+03
272	-1.123762e+03
273	-1.137761e+03
274	-1.118506e+03
275	-1.116751e+03
276	-1.121648e+03
277	-1.145981e+03
278	-1.102235e+03
279	-1.129627e+03
280	-1.121798e+03
281	-1.119598e+03
282	-1.136818e+03
283	-1.109369e+03
284	-1.139871e+03
285	-1.137139e+03
286	-1.124323e+03
287	-1.132505e+03
288	-1.116192e+03
289	-1.131415e+03
290	-1.112299e+03
291	-1.143343e+03
292	-1.125390e+03
293	-1.117080e+03
294	-1.129715e+03
295	-1.129280e+03
296	-1.114876e+03
297	-1.110442e+03
298	-1.125610e+03
299	-1.143756e+03
300	-1.107272e+03
301	-1.154531e+03
302	-1.126569e+03
303	-1.118805e+03
304	-1.125157e+03
305	-1.138979e+03
306	-1.125184e+03
307	-1.120975e+03
308	-1.133080e+03
309	-1.123246e+03
310	-1.139861e+03
311	-1.128100e+03
312	-1.130283e+03
313	-1.128534e+03
314	-1.138337e+03
315	-1.126892e+03
316	-1.117898e+03
317	-1.140475e+03
318	-1.143850e+03
319	-1.141602e+03
320	-1.126026e+03
321	-1.135487e+03
322	-1.128957e+03
323	-1.146737e+03
324	-1.142648e+03
325	-1.115956e+03
326	-1.132842e+03
327	-1.115775e+03
328	-1.129167e+03
329	-1.132286e+03
330	-1.133569e+03
331	-1.144161e+03
332	-1.116693e+03
333	-1.113586e+03
334	-1.127422e+03
335	-1.139972e+03
336	-1.147615e+03
337	-1.126676e+03
338	-1.123741e+03
339	-1.138400e+03
340	-1.130362e+03
341	-1.123619e+03
342	-1.137522e+03
343	-1.126681e+03
344	-1.125845e+03
345	-1.111420e+03
346	-1.131470e+03
347	-1.118389e+03
348	-1.105756e+03
349	-1.130927e+03
350	-1.108197e+03
351	-1.130979e+03
352	-1.143060e+03
353	-1.151590e+03
354	-1.137385e+03
355	-1.128357e+03
356	-1.119326e+03
357	-1.125325e+03
358	-1.129131e+03
359	-1.133555e+03
360	-1.141694e+03
361	-1.126316e+03
362	-1.128028e+03
363	-1.152830e+03
364	-1.161602e+03
365	-1.126866e+03
366	-1.120940e+03
367	-1.115299e+03
368	-1.133291e+03
369	-1.125835e+03
370	-1.125447e+03
371	-1.141347e+03
372	-1.143201e+03
373	-1.140145e+03
374	-1.119546e+03
375	-1.132803e+03
376	-1.111845e+03
377	-1.122711e+03
378	-1.143519e+03
379	-1.107945e+03
380	-1.118394e+03
381	-1.135745e+03
382	-1.131713e+03
383	-1.121493e+03
384	-1.131181e+03
385	-1.121281e+03
386	-1.119878e+03
387	-1.136735e+03
388	-1.148224e+03
389	-1.148822e+03
390	-1.128535e+03
391	-1.116071e+03
392	-1.134870e+03
393	-1.122989e+03
394	-1.138762e+03
395	-1.136595e+03
396	-1.112828e+03
397	-1.124475e+03
398	-1.138491e+03
399	-1.149429e+03
400	-1.138562e+03
401	-1.128605e+03
402	-1.132951e+03
403	-1.120102e+03
404	-1.138160e+03
405	-1.124600e+03
406	-1.125588e+03
407	-1.144869e+03
408	-1.132076e+03
409	-1.126566e+03
410	-1.118089e+03
411	-1.123977e+03
412	-1.138944e+03
413	-1.145224e+03
414	-1.139137e+03
415	-1.123654e+03
416	-1.110922e+03
417	-1.123287e+03
418	-1.125732e+03
419	-1.133549e+03
420	-1.133470e+03
421	-1.139882e+03
422	-1.126077e+03
423	-1.119438e+03
424	-1.123353e+03
425	-1.120514e+03
426	-1.141762e+03
427	-1.133621e+03
428	-1.131917e+03
429	-1.133186e+03
430	-1.135349e+03
431	-1.125352e+03
432	-1.140273e+03
433	-1.143626e+03
434	-1.117406e+03
435	-1.120359e+03
436	-1.115371e+03
437	-1.114812e+03
438	-1.132565e+03
439	-1.139678e+03
440	-1.125187e+03
441	-1.143709e+03
442	-1.132645e+03
443	-1.140822e+03
444	-1.102219e+03
445	-1.102745e+03
446	-1.110548e+03
447	-1.135092e+03
448	-1.114294e+03
449	-1.120442e+03
450	-1.132629e+03
451	-1.123447e+03
452	-1.128145e+03
453	-1.131462e+03
454	-1.124324e+03
455	-1.131422e+03
456	-1.129672e+03
457	-1.120771e+03
458	-1.108209e+03
459	-1.146058e+03
460	-1.139143e+03
461	-1.128173e+03
462	-1.119385e+03
463	-1.124167e+03
464	-1.110950e+03
465	-1.117200e+03
466	-1.123757e+03
467	-1.122890e+03
468	-1.140979e+03
469	-1.119669e+03
470	-1.143290e+03
471	-1.139605e+03
472	-1.117210e+03
473	-1.135015e+03
474	-1.124963e+03
475	-1.146363e+03
476	-1.124237e+03
477	-1.146187e+03
478	-1.148522e+03
479	-1.125041e+03
480	-1.143905e+03
481	-1.122192e+03
482	-1.141950e+03
483	-1.120594e+03
484	-1.131765e+03
485	-1.131464e+03
486	-1.124809e+03
487	-1.117859e+03
488	-1.136739e+03
489	-1.125662e+03
490	-1.121945e+03
491	-1.129882e+03
492	-1.125171e+03
493	-1.121124e+03
494	-1.124426e+03
495	-1.126762e+03
496	-1.107819e+03
497	-1.133764e+03
498	-1.114946e+03
499	-1.117312e+03
500	-1.135639e+03
501	-1.117590e+03
502	-1.129249e+03
503	-1.136876e+03
504	-1.131767e+03
505	-1.159159e+03
506	-1.147508e+03
507	-1.114310e+03
508	-1.117708e+03
509	-1.131987e+03
510	-1.138011e+03
511	-1.132635e+03
512	-1.122466e+03
513	-1.139871e+03
514	-1.125918e+03
515	-1.107420e+03
516	-1.134118e+03
517	-1.150637e+03
518	-1.141860e+03
519	-1.119769e+03
520	-1.132375e+03
521	-1.135944e+03
522	-1.148133e+03
523	-1.136534e+03
524	-1.117877e+03
525	-1.124979e+03
526	-1.128699e+03
527	-1.139660e+03
528	-1.125085e+03
529	-1.129214e+03
530	-1.125878e+03
531	-1.125585e+03
532	-1.138859e+03
533	-1.128622e+03
534	-1.130699e+03
535	-1.139759e+03
536	-1.124788e+03
537	-1.129971e+03
538	-1.130927e+03
539	-1.125764e+03
540	-1.121579e+03
541	-1.126947e+03
542	-1.122838e+03
543	-1.128963e+03
544	-1.108461e+03
545	-1.138046e+03
546	-1.099949e+03
547	-1.149364e+03
548	-1.140352e+03
549	-1.120989e+03
550	-1.107457e+03
551	-1.116786e+03
552	-1.111970e+03
553	-1.134286e+03
554	-1.133358e+03
555	-1.105516e+03
556	-1.125078e+03
557	-1.129144e+03
558	-1.116405e+03
559	-1.111976e+03
560	-1.116230e+03
561	-1.128051e+03
562	-1.120765e+03
563	-1.125225e+03
564	-1.115350e+03
565	-1.133125e+03
566	-1.112387e+03
567	-1.137059e+03
568	-1.115660e+03
569	-1.135964e+03
570	-1.139568e+03
571	-1.124627e+03
572	-1.133095e+03
573	-1.122883e+03
574	-1.131892e+03
575	-1.128329e+03
576	-1.132873e+03
577	-1.133123e+03
578	-1.129747e+03
579	-1.109416e+03
580	-1.134238e+03
581	-1.128003e+03
582	-1.141218e+03
583	-1.136946e+03
584	-1.136305e+03
585	-1.139126e+03
586	-1.139487e+03
587	-1.120125e+03
588	-1.121165e+03
589	-1.127217e+03
590	-1.120012e+03
591	-1.120197e+03
592	-1.134802e+03
593	-1.141556e+03
594	-1.130379e+03
595	-1.137077e+03
596	-1.119723e+03
597	-1.118171e+03
598	-1.131262e+03
599	-1.114966e+03
600	-1.136035e+03
601	-1.131808e+03
602	-1.122283e+03
603	-1.135818e+03
604	-1.148460e+03
605	-1.120870e+03
606	-1.136490e+03
607	-1.128931e+03
608	-1.136507e+03
609	-1.120696e+03
610	-1.143311e+03
611	-1.136211e+03
612	-1.138611e+03
613	-1.130950e+03
614	-1.137889e+03
615	-1.128957e+03
616	-1.102472e+03
617	-1.121565e+03
618	-1.126152e+03
619	-1.130215e+03
620	-1.120349e+03
621	-1.130302e+03
622	-1.138998e+03
623	-1.134298e+03
624	-1.121342e+03
625	-1.129893e+03
626	-1.117799e+03
627	-1.105803e+03
628	-1.129434e+03
629	-1.123422e+03
630	-1.118487e+03
631	-1.100847e+03
632	-1.145411e+03
633	-1.135924e+03
634	-1.124401e+03
635	-1.136302e+03
636	-1.127274e+03
637	-1.125640e+03
638	-1.132879e+03
639	-1.132253e+03
640	-1.139545e+03
641	-1.112887e+03
642	-1.113727e+03
643	-1.129527e+03
644	-1.119246e+03
645	-1.121796e+03
646	-1.119343e+03
647	-1.124293e+03
648	-1.113871e+03
649	-1.122927e+03
650	-1.136652e+03
651	-1.123040e+03
652	-1.120340e+03
653	-1.136243e+03
654	-1.116284e+03
655	-1.123593e+03
656	-1.124101e+03
657	-1.139595e+03
658	-1.140579e+03
659	-1.119204e+03
660	-1.119488e+03
661	-1.113950e+03
662	-1.099194e+03
663	-1.123833e+03
664	-1.149502e+03
665	-1.116894e+03
666	-1.128158e+03
667	-1.119279e+03
668	-1.138986e+03
669	-1.115387e+03
670	-1.145457e+03
671	-1.115717e+03
672	-1.129851e+03
673	-1.136016e+03
674	-1.149793e+03
675	-1.126972e+03
676	-1.136569e+03
677	-1.126115e+03
678	-1.147215e+03
679	-1.141729e+03
680	-1.129688e+03
681	-1.127622e+03
682	-1.140003e+03
683	-1.118699e+03
684	-1.140334e+03
685	-1.134854e+03
686	-1.138486e+03
687	-1.133814e+03
688	-1.138819e+03
689	-1.140987e+03
690	-1.130423e+03
691	-1.136381e+03
692	-1.124450e+03
693	-1.137536e+03
694	-1.122065e+03
695	-1.127632e+03
696	-1.147712e+03
697	-1.139618e+03
698	-1.144306e+03
699	-1.129668e+03
700	-1.109112e+03
701	-1.130813e+03
702	-1.123068e+03
703	-1.117792e+03
704	-1.109089e+03
705	-1.110177e+03
706	-1.142020e+03
707	-1.126748e+03
708	-1.139736e+03
709	-1.142672e+03
710	-1.123889e+03
711	-1.126081e+03
712	-1.144505e+03
713	-1.151407e+03
714	-1.120738e+03
715	-1.114326e+03
716	-1.108308e+03
717	-1.142154e+03
718	-1.118000e+03
719	-1.114895e+03
720	-1.140625e+03
721	-1.145493e+03
722	-1.154321e+03
723	-1.128804e+03
724	-1.129066e+03
725	-1.134934e+03
726	-1.127562e+03
727	-1.118477e+03
728	-1.135516e+03
729	-1.119084e+03
730	-1.130056e+03
731	-1.136315e+03
732	-1.146701e+03
733	-1.134625e+03
734	-1.114851e+03
735	-1.138435e+03
736	-1.147011e+03
737	-1.143132e+03
738	-1.117088e+03
739	-1.135652e+03
740	-1.094114e+03
741	-1.124965e+03
742	-1.129971e+03
743	-1.143667e+03
744	-1.126184e+03
745	-1.113111e+03
746	-1.120140e+03
747	-1.114887e+03
748	-1.118322e+03
749	-1.132184e+03
750	-1.133283e+03
751	-1.112338e+03
752	-1.136332e+03
753	-1.133575e+03
754	-1.133839e+03
755	-1.143022e+03
756	-1.128760e+03
757	-1.127470e+03
758	-1.126617e+03
759	-1.126159e+03
760	-1.141925e+03
761	-1.136628e+03
762	-1.133146e+03
763	-1.134717e+03
764	-1.117243e+03
765	-1.133018e+03
766	-1.121277e+03
767	-1.132334e+03
768	-1.123745e+03
769	-1.123205e+03
770	-1.134293e+03
771	-1.134586e+03
772	-1.130857e+03
773	-1.137228e+03
774	-1.118185e+03
775	-1.128610e+03
776	-1.117674e+03
777	-1.126162e+03
778	-1.144989e+03
779	-1.124168e+03
780	-1.130887e+03
781	-1.125704e+03
782	-1.107627e+03
783	-1.128495e+03
784	-1.136522e+03
785	-1.150880e+03
786	-1.115707e+03
787	-1.147593e+03
788	-1.127507e+03
789	-1.126119e+03
790	-1.131181e+03
791	-1.136057e+03
792	-1.114256e+03
793	-1.120689e+03
794	-1.140795e+03
795	-1.132456e+03
796	-1.140065e+03
797	-1.122916e+03
798	-1.136016e+03
799	-1.123784e+03
800	-1.122372e+03
801	-1.135229e+03
802	-1.136280e+03
803	-1.125073e+03
804	-1.134571e+03
805	-1.123648e+03
806	-1.137675e+03
807	-1.127560e+03
808	-1.138299e+03
809	-1.116000e+03
810	-1.104231e+03
811	-1.123996e+03
812	-1.135246e+03
813	-1.136754e+03
814	-1.119615e+03
815	-1.130244e+03
816	-1.144463e+03
817	-1.127663e+03
818	-1.092110e+03
819	-1.120796e+03
820	-1.132024e+03
821	-1.132676e+03
822	-1.123226e+03
823	-1.139414e+03
824	-1.154392e+03
825	-1.141762e+03
826	-1.125834e+03
827	-1.111059e+03
828	-1.120298e+03
829	-1.115619e+03
830	-1.127496e+03
831	-1.119219e+03
832	-1.129358e+03
833	-1.125198e+03
834	-1.131326e+03
835	-1.108508e+03
836	-1.154668e+03
837	-1.121763e+03
838	-1.131066e+03
839	-1.102039e+03
840	-1.128568e+03
841	-1.132613e+03
842	-1.122948e+03
843	-1.119868e+03
844	-1.137884e+03
845	-1.123113e+03
846	-1.127827e+03
847	-1.132536e+03
848	-1.130732e+03
849	-1.141794e+03
850	-1.127614e+03
851	-1.125438e+03
852	-1.131313e+03
853	-1.129384e+03
854	-1.136071e+03
855	-1.119443e+03
856	-1.135995e+03
857	-1.154139e+03
858	-1.124236e+03
859	-1.120348e+03
860	-1.120109e+03
861	-1.144584e+03
862	-1.125103e+03
863	-1.129984e+03
864	-1.129284e+03
865	-1.127633e+03
866	-1.121485e+03
867	-1.120853e+03
868	-1.153296e+03
869	-1.139330e+03
870	-1.116942e+03
871	-1.132344e+03
872	-1.128473e+03
873	-1.119067e+03
874	-1.132984e+03
875	-1.118255e+03
876	-1.130254e+03
877	-1.107993e+03
878	-1.145839e+03
879	-1.132963e+03
880	-1.122283e+03
881	-1.138141e+03
882	-1.133540e+03
883	-1.134838e+03
884	-1.140944e+03
885	-1.127246e+03
886	-1.120315e+03
887	-1.119279e+03
888	-1.139430e+03
889	-1.131447e+03
890	-1.123314e+03
891	-1.138926e+03
892	-1.136860e+03
893	-1.125662e+03
894	-1.131137e+03
895	-1.116902e+03
896	-1.147440e+03
897	-1.137386e+03
898	-1.108427e+03
899	-1.143323e+03
900	-1.112940e+03
901	-1.130485e+03
902	-1.123677e+03
903	-1.134234e+03
904	-1.146175e+03
905	-1.099129e+03
906	-1.114418e+03
907	-1.150431e+03
908	-1.130555e+03
909	-1.109541e+03
910	-1.128487e+03
911	-1.136153e+03
912	-1.119755e+03
913	-1.139885e+03
914	-1.124239e+03
915	-1.130702e+03
916	-1.126849e+03
917	-1.132706e+03
918	-1.120219e+03
919	-1.126731e+03
920	-1.133761e+03
921	-1.121737e+03
922	-1.152143e+03
923	-1.124355e+03
924	-1.127742e+03
925	-1.147051e+03
926	-1.144812e+03
927	-1.128169e+03
928	-1.122537e+03
929	-1.156633e+03
930	-1.127581e+03
931	-1.104677e+03
932	-1.120968e+03
933	-1.127273e+03
934	-1.138464e+03
935	-1.134794e+03
936	-1.128124e+03
937	-1.136191e+03
938	-1.132091e+03
939	-1.120512e+03
940	-1.115292e+03
941	-1.146977e+03
942	-1.121797e+03
943	-1.110973e+03
944	-1.122639e+03
945	-1.129701e+03
946	-1.093387e+03
947	-1.124343e+03
948	-1.119347e+03
949	-1.143315e+03
950	-1.111134e+03
951	-1.111360e+03
952	-1.106152e+03
953	-1.132281e+03
954	-1.127066e+03
955	-1.126155e+03
956	-1.131937e+03
957	-1.149228e+03
958	-1.127188e+03
959	-1.134125e+03
960	-1.130679e+03
961	-1.124480e+03
962	-1.149472e+03
963	-1.107812e+03
964	-1.121716e+03
965	-1.134862e+03
966	-1.132778e+03
967	-1.135544e+03
968	-1.113858e+03
969	-1.145385e+03
970	-1.143382e+03
971	-1.145318e+03
972	-1.131088e+03
973	-1.112850e+03
974	-1.112336e+03
975	-1.141213e+03
976	-1.120568e+03
977	-1.149975e+03
978	-1.139119e+03
979	-1.143793e+03
980	-1.125010e+03
981	-1.137607e+03
982	-1.134652e+03
983	-1.133812e+03
984	-1.116509e+03
985	-1.126423e+03
986	-1.135890e+03
987	-1.142011e+03
988	-1.142648e+03
989	-1.142635e+03
990	-1.128687e+03
991	-1.128454e+03
992	-1.144974e+03
993	-1.111613e+03
994	-1.147706e+03
995	-1.151356e+03
996	-1.153457e+03
997	-1.125535e+03
998	-1.127115e+03
999	-1.125850e+03
1000	-1.142842e+03
1001	-1.121029e+03
1002	-1.117027e+03
1003	-1.120229e+03
1004	-1.128522e+03
1005	-1.139743e+03
1006	-1.128517e+03
1007	-1.148352e+03
1008	-1.131551e+03
1009	-1.113369e+03
1010	-1.127229e+03
1011	-1.134377e+03
1012	-1.137070e+03
1013	-1.121038e+03
1014	-1.141106e+03
1015	-1.128957e+03
1016	-1.130970e+03
1017	-1.123760e+03
1018	-1.146374e+03
1019	-1.138008e+03
1020	-1.123281e+03
1021	-1.144777e+03
1022	-1.114506e+03
1023	-1.119672e+03
1024	-1.136156e+03
1025	-1.109578e+03
1026	-1.111498e+03
1027	-1.121435e+03
1028	-1.128035e+03
1029	-1.127999e+03
1030	-1.117106e+03
1031	-1.136049e+03
1032	-1.138848e+03
1033	-1.113050e+03
1034	-1.140891e+03
1035	-1.129944e+03
1036	-1.134891e+03
1037	-1.132941e+03
1038	-1.151119e+03
1039	-1.135923e+03
1040	-1.129427e+03
1041	-1.125952e+03
1042	-1.113680e+03
1043	-1.135085e+03
1044	-1.114757e+03
1045	-1.131558e+03
1046	-1.139198e+03
1047	-1.120876e+03
1048	-1.145468e+03
1049	-1.124502e+03
1050	-1.133464e+03
1051	-1.116042e+03
1052	-1.144619e+03
1053	-1.109758e+03
1054	-1.124457e+03
1055	-1.133482e+03
1056	-1.124667e+03
1057	-1.131925e+03
1058	-1.138117e+03
1059	-1.113613e+03
1060	-1.129605e+03
1061	-1.119765e+03
1062	-1.145210e+03
1063	-1.134828e+03
1064	-1.127006e+03
1065	-1.136021e+03
1066	-1.114253e+03
1067	-1.143147e+03
1068	-1.113967e+03
1069	-1.115711e+03
1070	-1.137661e+03
1071	-1.127342e+03
1072	-1.120856e+03
1073	-1.137819e+03
1074	-1.130456e+03
1075	-1.142667e+03
1076	-1.132147e+03
1077	-1.128915e+03
1078	-1.123810e+03
1079	-1.139236e+03
1080	-1.108519e+03
1081	-1.135706e+03
1082	-1.135586e+03
1083	-1.110947e+03
1084	-1.114642e+03
1085	-1.104147e+03
1086	-1.134767e+03
1087	-1.122128e+03
1088	-1.123258e+03
1089	-1.134222e+03
1090	-1.130700e+03
1091	-1.105814e+03
1092	-1.140831e+03
1093	-1.131322e+03
1094	-1.121108e+03
1095	-1.134807e+03
1096	-1.133447e+03
1097	-1.120502e+03
1098	-1.136100e+03
1099	-1.117942e+03
1100	-1.123684e+03
1101	-1.134847e+03
1102	-1.106911e+03
1103	-1.136951e+03
1104	-1.134738e+03
1105	-1.141577e+03
1106	-1.125458e+03
1107	-1.156762e+03
1108	-1.123912e+03
1109	-1.130777e+03
1110	-1.129337e+03
1111	-1.124047e+03
1112	-1.119166e+03
1113	-1.122294e+03
1114	-1.116527e+03
1115	-1.129800e+03
1116	-1.139769e+03
1117	-1.125720e+03
1118	-1.127888e+03
1119	-1.133238e+03
1120	-1.126762e+03
1121	-1.125739e+03
1122	-1.129116e+03
1123	-1.130230e+03
1124	-1.130445e+03
1125	-1.119375e+03
1126	-1.133227e+03
1127	-1.151778e+03
1128	-1.119343e+03
1129	-1.105903e+03
1130	-1.129415e+03
1131	-1.113511e+03
1132	-1.121715e+03
1133	-1.122614e+03
1134	-1.123714e+03
1135	-1.146019e+03
1136	-1.129453e+03
1137	-1.130992e+03
1138	-1.135022e+03
1139	-1.118576e+03
1140	-1.126119e+03
1141	-1.126945e+03
1142	-1.139642e+03
1143	-1.126225e+03
1144	-1.131206e+03
1145	-1.129658e+03
1146	-1.134457e+03
1147	-1.123638e+03
1148	-1.168457e+03
1149	-1.130580e+03
1150	-1.123974e+03
1151	-1.107756e+03
1152	-1.131520e+03
1153	-1.121980e+03
1154	-1.124349e+03
1155	-1.136972e+03
1156	-1.121808e+03
1157	-1.113624e+03
1158	-1.127672e+03
1159	-1.121342e+03
1160	-1.134805e+03
1161	-1.138122e+03
1162	-1.130718e+03
1163	-1.123530e+03
1164	-1.143349e+03
1165	-1.124014e+03
1166	-1.122094e+03
1167	-1.143948e+03
1168	-1.130221e+03
1169	-1.128309e+03
1170	-1.153316e+03
1171	-1.135690e+03
1172	-1.117395e+03
1173	-1.132828e+03
1174	-1.138729e+03
1175	-1.128297e+03
1176	-1.127401e+03
1177	-1.127666e+03
1178	-1.134695e+03
1179	-1.143830e+03
1180	-1.150876e+03
1181	-1.138428e+03
1182	-1.142055e+03
1183	-1.137224e+03
1184	-1.125376e+03
1185	-1.153225e+03
1186	-1.105806e+03
1187	-1.126800e+03
1188	-1.133174e+03
1189	-1.137100e+03
1190	-1.133142e+03
1191	-1.126836e+03
1192	-1.130845e+03
1193	-1.108153e+03
1194	-1.113407e+03
1195	-1.143299e+03
1196	-1.125774e+03
1197	-1.131921e+03
1198	-1.113706e+03
1199	-1.139143e+03
1200	-1.131589e+03
1201	-1.144878e+03
1202	-1.133784e+03
1203	-1.129666e+03
1204	-1.141856e+03
1205	-1.108720e+03
1206	-1.138432e+03
1207	-1.129069e+03
1208	-1.104776e+03
1209	-1.124964e+03
1210	-1.113553e+03
1211	-1.148161e+03
1212	-1.139729e+03
1213	-1.127790e+03
1214	-1.126065e+03
1215	-1.118647e+03
1216	-1.120073e+03
1217	-1.128571e+03
1218	-1.118270e+03
1219	-1.116708e+03
1220	-1.114305e+03
1221	-1.127576e+03
1222	-1.106906e+03
1223	-1.139244e+03
1224	-1.126282e+03
1225	-1.124147e+03
1226	-1.128648e+03
1227	-1.138498e+03
1228	-1.134097e+03
1229	-1.134339e+03
1230	-1.124983e+03
1231	-1.133361e+03
1232	-1.115118e+03
1233	-1.126944e+03
1234	-1.132368e+03
1235	-1.132198e+03
1236	-1.134414e+03
1237	-1.119404e+03
1238	-1.138290e+03
1239	-1.130677e+03
1240	-1.144730e+03
1241	-1.140908e+03
1242	-1.121537e+03
1243	-1.122400e+03
1244	-1.126884e+03
1245	-1.138265e+03
1246	-1.124628e+03
1247	-1.127846e+03
1248	-1.126022e+03
1249	-1.110239e+03
1250	-1.127324e+03
1251	-1.118219e+03
1252	-1.123436e+03
1253	-1.128813e+03
1254	-1.137077e+03
1255	-1.114667e+03
1256	-1.129870e+03
1257	-1.134921e+03
1258	-1.147000e+03
1259	-1.144147e+03
1260	-1.124071e+03
1261	-1.131551e+03
1262	-1.125333e+03
1263	-1.125893e+03
1264	-1.130002e+03
1265	-1.121660e+03
1266	-1.127400e+03
1267	-1.115357e+03
1268	-1.103154e+03
1269	-1.110312e+03
1270	-1.148206e+03
1271	-1.126634e+03
1272	-1.140044e+03
1273	-1.135807e+03
1274	-1.148110e+03
1275	-1.132219e+03
1276	-1.155559e+03
1277	-1.123064e+03
1278	-1.126705e+03
1279	-1.121089e+03
1280	-1.149106e+03
1281	-1.131275e+03
1282	-1.119293e+03
1283	-1.144295e+03
1284	-1.117895e+03
1285	-1.117293e+03
1286	-1.137850e+03
1287	-1.101672e+03
1288	-1.133111e+03
1289	-1.139265e+03
1290	-1.125425e+03
1291	-1.124203e+03
1292	-1.117212e+03
1293	-1.122441e+03
1294	-1.145165e+03
1295	-1.121266e+03
1296	-1.135512e+03
1297	-1.144612e+03
1298	-1.114544e+03
1299	-1.126508e+03
1300	-1.125373e+03
1301	-1.133838e+03
1302	-1.127909e+03
1303	-1.127811e+03
1304	-1.138942e+03
1305	-1.108920e+03
1306	-1.113806e+03
1307	-1.114661e+03
1308	-1.119563e+03
1309	-1.143269e+03
1310	-1.138124e+03
1311	-1.113226e+03
1312	-1.136756e+03
1313	-1.123277e+03
1314	-1.122617e+03
1315	-1.144961e+03
1316	-1.123990e+03
1317	-1.119160e+03
1318	-1.145605e+03
1319	-1.138782e+03
1320	-1.130489e+03
1321	-1.127044e+03
1322	-1.120141e+03
1323	-1.129523e+03
1324	-1.118767e+03
1325	-1.134448e+03
1326	-1.122727e+03
1327	-1.132195e+03
1328	-1.132335e+03
1329	-1.133197e+03
1330	-1.137846e+03
1331	-1.124336e+03
1332	-1.142461e+03
1333	-1.124990e+03
1334	-1.138672e+03
1335	-1.138419e+03
1336	-1.121015e+03
1337	-1.120046e+03
1338	-1.145487e+03
1339	-1.113540e+03
1340	-1.138835e+03
1341	-1.135888e+03
1342	-1.128629e+03
1343	-1.128795e+03
1344	-1.143941e+03
1345	-1.131486e+03
1346	-1.143416e+03
1347	-1.135600e+03
1348	-1.137679e+03
1349	-1.162667e+03
1350	-1.144650e+03
1351	-1.125430e+03
1352	-1.127107e+03
1353	-1.139173e+03
1354	-1.134855e+03
1355	-1.129757e+03
1356	-1.101199e+03
1357	-1.127400e+03
1358	-1.125040e+03
1359	-1.123798e+03
1360	-1.129962e+03
1361	-1.116418e+03
1362	-1.130907e+03
1363	-1.132993e+03
1364	-1.126680e+03
1365	-1.118590e+03
1366	-1.122980e+03
1367	-1.123282e+03
1368	-1.134610e+03
1369	-1.132110e+03
1370	-1.135734e+03
1371	-1.125284e+03
1372	-1.110173e+03
1373	-1.122002e+03
1374	-1.133058e+03
1375	-1.138067e+03
1376	-1.151100e+03
1377	-1.133320e+03
1378	-1.138571e+03
1379	-1.130030e+03
1380	-1.133760e+03
1381	-1.144960e+03
1382	-1.144908e+03
1383	-1.122592e+03
1384	-1.127238e+03
1385	-1.106695e+03
1386	-1.121837e+03
1387	-1.116396e+03
1388	-1.139710e+03
1389	-1.107923e+03
1390	-1.127066e+03
1391	-1.149454e+03
1392	-1.121757e+03
1393	-1.134445e+03
1394	-1.137187e+03
1395	-1.135852e+03
1396	-1.123797e+03
1397	-1.125343e+03
1398	-1.124897e+03
1399	-1.107539e+03
1400	-1.108244e+03
1401	-1.126987e+03
1402	-1.115586e+03
1403	-1.141138e+03
1404	-1.138246e+03
1405	-1.134141e+03
1406	-1.132741e+03
1407	-1.135908e+03
1408	-1.128589e+03
1409	-1.132558e+03
1410	-1.128720e+03
1411	-1.115378e+03
1412	-1.145933e+03
1413	-1.130278e+03
1414	-1.137761e+03
1415	-1.105803e+03
1416	-1.128275e+03
1417	-1.108806e+03
1418	-1.117861e+03
1419	-1.134415e+03
1420	-1.151328e+03
1421	-1.121231e+03
1422	-1.125630e+03
1423	-1.138993e+03
1424	-1.137431e+03
1425	-1.126955e+03
1426	-1.123149e+03
1427	-1.131646e+03
1428	-1.137526e+03
1429	-1.143533e+03
1430	-1.118491e+03
1431	-1.124659e+03
1432	-1.133219e+03
1433	-1.128269e+03
1434	-1.132852e+03
1435	-1.125350e+03
1436	-1.126054e+03
1437	-1.121947e+03
1438	-1.127314e+03
1439	-1.135684e+03
1440	-1.121106e+03
1441	-1.113218e+03
1442	-1.118007e+03
1443	-1.119824e+03
1444	-1.135429e+03
1445	-1.122786e+03
1446	-1.126855e+03
1447	-1.123725e+03
1448	-1.116662e+03
1449	-1.123445e+03
1450	-1.113908e+03
1451	-1.122148e+03
1452	-1.142816e+03
1453	-1.135945e+03
1454	-1.129323e+03
1455	-1.136963e+03
1456	-1.123467e+03
1457	-1.123056e+03
1458	-1.127334e+03
1459	-1.145332e+03
1460	-1.124117e+03
1461	-1.134148e+03
1462	-1.122837e+03
1463	-1.129458e+03
1464	-1.124315e+03
1465	-1.130347e+03
1466	-1.125654e+03
1467	-1.139790e+03
1468	-1.135435e+03
1469	-1.113012e+03
1470	-1.140166e+03
1471	-1.122338e+03
1472	-1.126926e+03
1473	-1.143169e+03
1474	-1.120452e+03
1475	-1.123692e+03
1476	-1.126319e+03
1477	-1.135553e+03
1478	-1.122296e+03
1479	-1.123309e+03
1480	-1.127530e+03
1481	-1.135413e+03
1482	-1.109763e+03
1483	-1.136124e+03
1484	-1.132982e+03
1485	-1.132700e+03
1486	-1.130679e+03
1487	-1.131601e+03
1488	-1.115098e+03
1489	-1.107775e+03
1490	-1.131720e+03
1491	-1.125093e+03
1492	-1.116427e+03
1493	-1.142904e+03
1494	-1.125062e+03
1495	-1.136180e+03
1496	-1.138822e+03
1497	-1.129922e+03
1498	-1.127553e+03
1499	-1.135785e+03
1500	-1.131707e+03
1501	-1.113262e+03
1502	-1.121264e+03
1503	-1.128810e+03
1504	-1.119064e+03
1505	-1.119636e+03
1506	-1.120526e+03
1507	-1.108299e+03
1508	-1.117118e+03
1509	-1.114274e+03
1510	-1.132288e+03
1511	-1.121816e+03
1512	-1.121644e+03
1513	-1.134891e+03
1514	-1.121930e+03
1515	-1.130282e+03
1516	-1.123622e+03
1517	-1.112424e+03
1518	-1.132042e+03
1519	-1.125498e+03
1520	-1.118631e+03
1521	-1.126637e+03
1522	-1.142803e+03
1523	-1.108832e+03
1524	-1.135237e+03
1525	-1.123298e+03
1526	-1.114280e+03
1527	-1.113406e+03
1528	-1.121573e+03
1529	-1.149761e+03
1530	-1.132998e+03
1531	-1.124620e+03
1532	-1.127469e+03
1533	-1.129912e+03
1534	-1.135694e+03
1535	-1.122426e+03
1536	-1.128310e+03
1537	-1.123728e+03
1538	-1.127415e+03
1539	-1.130818e+03
1540	-1.116932e+03
1541	-1.135702e+03
1542	-1.134181e+03
1543	-1.115615e+03
1544	-1.111795e+03
1545	-1.131886e+03
1546	-1.125235e+03
1547	-1.131657e+03
1548	-1.134862e+03
1549	-1.133266e+03
1550	-1.117626e+03
1551	-1.144605e+03
1552	-1.143354e+03
1553	-1.125045e+03
1554	-1.106976e+03
1555	-1.129309e+03
1556	-1.123331e+03
1557	-1.135685e+03
1558	-1.118905e+03
1559	-1.124391e+03
1560	-1.100504e+03
1561	-1.112883e+03
1562	-1.136155e+03
1563	-1.139311e+03
1564	-1.141738e+03
1565	-1.111855e+03
1566	-1.144703e+03
1567	-1.137929e+03
1568	-1.130703e+03
1569	-1.133258e+03
1570	-1.113918e+03
1571	-1.114066e+03
1572	-1.127800e+03
1573	-1.128438e+03
1574	-1.136651e+03
1575	-1.133223e+03
1576	-1.133104e+03
1577	-1.132601e+03
1578	-1.154782e+03
1579	-1.148232e+03
1580	-1.145291e+03
1581	-1.135651e+03
1582	-1.114353e+03
1583	-1.117093e+03
1584	-1.137250e+03
1585	-1.135783e+03
1586	-1.122865e+03
1587	-1.122748e+03
1588	-1.121895e+03
1589	-1.123142e+03
1590	-1.146947e+03
1591	-1.127472e+03
1592	-1.119477e+03
1593	-1.133687e+03
1594	-1.113555e+03
1595	-1.119071e+03
1596	-1.135492e+03
1597	-1.123876e+03
1598	-1.120201e+03
1599	-1.122351e+03
1600	-1.103644e+03
1601	-1.135313e+03
1602	-1.131402e+03
1603	-1.124212e+03
1604	-1.114417e+03
1605	-1.131010e+03
1606	-1.123957e+03
1607	-1.133648e+03
1608	-1.127565e+03
1609	-1.130557e+03
1610	-1.128537e+03
1611	-1.124014e+03
1612	-1.136996e+03
1613	-1.122370e+03
1614	-1.114708e+03
1615	-1.129489e+03
1616	-1.115404e+03
1617	-1.116615e+03
1618	-1.104286e+03
1619	-1.133157e+03
1620	-1.134803e+03
1621	-1.139994e+03
1622	-1.150887e+03
1623	-1.131908e+03
1624	-1.130313e+03
1625	-1.134827e+03
1626	-1.152219e+03
1627	-1.134241e+03
1628	-1.127662e+03
1629	-1.142461e+03
1630	-1.117428e+03
1631	-1.143111e+03
1632	-1.104059e+03
1633	-1.105942e+03
1634	-1.113031e+03
1635	-1.125673e+03
1636	-1.134433e+03
1637	-1.152603e+03
1638	-1.123030e+03
1639	-1.123763e+03
1640	-1.106242e+03
1641	-1.124841e+03
1642	-1.145300e+03
1643	-1.121710e+03
1644	-1.124885e+03
1645	-1.123982e+03
1646	-1.121927e+03
1647	-1.129319e+03
1648	-1.118654e+03
1649	-1.134422e+03
1650	-1.124541e+03
1651	-1.129056e+03
1652	-1.147621e+03
1653	-1.109820e+03
1654	-1.128210e+03
1655	-1.135988e+03
1656	-1.124341e+03
1657	-1.142648e+03
1658	-1.134097e+03
1659	-1.107683e+03
1660	-1.119565e+03
1661	-1.139603e+03
1662	-1.124924e+03
1663	-1.118489e+03
1664	-1.137425e+03
1665	-1.105673e+03
1666	-1.137948e+03
1667	-1.120931e+03
1668	-1.129688e+03
1669	-1.135764e+03
1670	-1.126140e+03
1671	-1.126570e+03
1672	-1.149014e+03
1673	-1.130126e+03
1674	-1.146026e+03
1675	-1.135846e+03
1676	-1.125600e+03
1677	-1.133038e+03
1678	-1.136066e+03
1679	-1.133073e+03
1680	-1.140442e+03
1681	-1.129610e+03
1682	-1.139501e+03
1683	-1.115646e+03
1684	-1.128797e+03
1685	-1.126223e+03
1686	-1.136325e+03
1687	-1.131977e+03
1688	-1.136730e+03
1689	-1.123172e+03
1690	-1.131611e+03
1691	-1.104623e+03
1692	-1.135693e+03
1693	-1.135524e+03
1694	-1.132720e+03
1695	-1.124958e+03
1696	-1.116962e+03
1697	-1.100409e+03
1698	-1.126931e+03
1699	-1.134710e+03
1700	-1.127787e+03
1701	-1.146349e+03
1702	-1.136402e+03
1703	-1.133523e+03
1704	-1.132868e+03
1705	-1.119927e+03
1706	-1.148961e+03
1707	-1.124720e+03
1708	-1.147041e+03
1709	-1.117465e+03
1710	-1.117333e+03
1711	-1.132443e+03
1712	-1.117883e+03
1713	-1.127922e+03
1714	-1.139621e+03
1715	-1.128798e+03
1716	-1.148126e+03
1717	-1.162874e+03
1718	-1.130808e+03
1719	-1.138883e+03
1720	-1.127619e+03
1721	-1.129841e+03
1722	-1.133317e+03
1723	-1.126861e+03
1724	-1.109620e+03
1725	-1.124491e+03
1726	-1.120757e+03
1727	-1.132360e+03
1728	-1.131551e+03
1729	-1.135841e+03
1730	-1.133676e+03
1731	-1.134095e+03
1732	-1.131379e+03
1733	-1.131120e+03
1734	-1.134583e+03
1735	-1.137418e+03
1736	-1.136007e+03
1737	-1.141385e+03
1738	-1.118504e+03
1739	-1.125849e+03
1740	-1.122272e+03
1741	-1.126306e+03
1742	-1.158742e+03
1743	-1.115095e+03
1744	-1.131165e+03
1745	-1.126721e+03
1746	-1.135927e+03
1747	-1.123991e+03
1748	-1.134661e+03
1749	-1.140570e+03
1750	-1.149243e+03
1751	-1.130369e+03
1752	-1.134355e+03
1753	-1.140937e+03
1754	-1.117740e+03
1755	-1.110417e+03
1756	-1.123626e+03
1757	-1.142701e+03
1758	-1.119373e+03
1759	-1.146863e+03
1760	-1.134163e+03
1761	-1.137200e+03
1762	-1.136936e+03
1763	-1.095810e+03
1764	-1.136936e+03
1765	-1.138515e+03
1766	-1.117926e+03
1767	-1.120018e+03
1768	-1.119706e+03
1769	-1.137550e+03
1770	-1.144361e+03
1771	-1.142485e+03
1772	-1.143086e+03
1773	-1.114590e+03
1774	-1.149055e+03
1775	-1.131607e+03
1776	-1.137186e+03
1777	-1.122685e+03
1778	-1.127967e+03
1779	-1.131833e+03
1780	-1.140883e+03
1781	-1.124959e+03
1782	-1.115813e+03
1783	-1.129141e+03
1784	-1.107072e+03
1785	-1.144152e+03
1786	-1.120112e+03
1787	-1.118380e+03
1788	-1.132814e+03
1789	-1.111429e+03
1790	-1.134336e+03
1791	-1.128581e+03
1792	-1.139424e+03
1793	-1.120307e+03
1794	-1.116902e+03
1795	-1.130062e+03
1796	-1.150651e+03
1797	-1.127459e+03
1798	-1.134550e+03
1799	-1.115747e+03
1800	-1.138574e+03
1801	-1.128407e+03
1802	-1.137350e+03
1803	-1.133928e+03
1804	-1.128849e+03
1805	-1.120698e+03
1806	-1.124666e+03
1807	-1.138628e+03
1808	-1.133863e+03
1809	-1.120204e+03
1810	-1.124608e+03
1811	-1.143703e+03
1812	-1.144457e+03
1813	-1.139066e+03
1814	-1.147775e+03
1815	-1.140811e+03
1816	-1.124927e+03
1817	-1.110277e+03
1818	-1.123812e+03
1819	-1.118464e+03
1820	-1.140646e+03
1821	-1.112353e+03
1822	-1.116247e+03
1823	-1.133442e+03
1824	-1.130920e+03
1825	-1.116153e+03
1826	-1.116433e+03
1827	-1.147846e+03
1828	-1.158573e+03
1829	-1.115453e+03
1830	-1.115247e+03
1831	-1.121144e+03
1832	-1.150738e+03
1833	-1.123683e+03
1834	-1.150262e+03
1835	-1.137685e+03
1836	-1.136526e+03
1837	-1.133088e+03
1838	-1.114400e+03
1839	-1.138801e+03
1840	-1.117565e+03
1841	-1.128817e+03
1842	-1.118171e+03
1843	-1.120924e+03
1844	-1.139368e+03
1845	-1.139671e+03
1846	-1.140846e+03
1847	-1.120212e+03
1848	-1.132230e+03
1849	-1.141122e+03
1850	-1.127298e+03
1851	-1.114442e+03
1852	-1.127630e+03
1853	-1.118972e+03
1854	-1.131990e+03
1855	-1.113430e+03
1856	-1.114910e+03
1857	-1.131598e+03
1858	-1.120576e+03
1859	-1.138320e+03
1860	-1.117534e+03
1861	-1.126210e+03
1862	-1.118219e+03
1863	-1.132942e+03
1864	-1.096768e+03
1865	-1.133422e+03
1866	-1.133600e+03
1867	-1.132946e+03
1868	-1.153099e+03
1869	-1.136745e+03
1870	-1.133805e+03
1871	-1.124773e+03
1872	-1.135325e+03
1873	-1.135826e+03
1874	-1.107835e+03
1875	-1.145020e+03
1876	-1.128781e+03
1877	-1.125478e+03
1878	-1.123972e+03
1879	-1.145089e+03
1880	-1.115997e+03
1881	-1.137419e+03
1882	-1.124887e+03
1883	-1.125091e+03
1884	-1.134004e+03
1885	-1.115832e+03
1886	-1.126527e+03
1887	-1.126365e+03
1888	-1.124330e+03
1889	-1.133245e+03
1890	-1.110835e+03
1891	-1.131584e+03
1892	-1.127436e+03
1893	-1.125473e+03
1894	-1.114428e+03
1895	-1.113989e+03
1896	-1.116217e+03
1897	-1.125112e+03
1898	-1.142460e+03
1899	-1.135466e+03
1900	-1.125065e+03
1901	-1.148260e+03
1902	-1.119107e+03
1903	-1.111334e+03
1904	-1.130045e+03
1905	-1.113188e+03
1906	-1.127578e+03
1907	-1.124658e+03
1908	-1.122918e+03
1909	-1.122771e+03
1910	-1.134624e+03
1911	-1.134244e+03
1912	-1.131754e+03
1913	-1.106915e+03
1914	-1.132303e+03
1915	-1.126150e+03
1916	-1.126373e+03
1917	-1.130767e+03
1918	-1.114514e+03
1919	-1.127606e+03
1920	-1.118143e+03
1921	-1.134935e+03
1922	-1.140438e+03
1923	-1.126996e+03
1924	-1.128182e+03
1925	-1.134552e+03
1926	-1.148221e+03
1927	-1.121721e+03
1928	-1.112839e+03
1929	-1.126950e+03
1930	-1.153984e+03
1931	-1.141590e+03
1932	-1.131071e+03
1933	-1.127522e+03
1934	-1.131570e+03
1935	-1.125488e+03
1936	-1.108541e+03
1937	-1.121230e+03
1938	-1.114953e+03
1939	-1.121142e+03
1940	-1.115915e+03
1941	-1.130934e+03
1942	-1.148529e+03
1943	-1.125118e+03
1944	-1.128826e+03
1945	-1.137558e+03
1946	-1.146271e+03
1947	-1.129425e+03
1948	-1.126803e+03
1949	-1.129911e+03
1950	-1.120216e+03
1951	-1.122055e+03
1952	-1.115359e+03
1953	-1.139939e+03
1954	-1.133093e+03
1955	-1.129914e+03
1956	-1.121663e+03
1957	-1.127046e+03
1958	-1.131141e+03
1959	-1.132730e+03
1960	-1.134260e+03
1961	-1.137790e+03
1962	-1.145868e+03
1963	-1.140908e+03
1964	-1.140887e+03
1965	-1.144397e+03
1966	-1.117076e+03
1967	-1.121311e+03
1968	-1.131790e+03
1969	-1.129564e+03
1970	-1.117685e+03
1971	-1.114853e+03
1972	-1.115973e+03
1973	-1.130511e+03
1974	-1.117130e+03
1975	-1.114082e+03
1976	-1.129062e+03
1977	-1.115770e+03
1978	-1.152067e+03
1979	-1.117109e+03
1980	-1.116376e+03
1981	-1.141210e+03
1982	-1.128090e+03
1983	-1.128400e+03
1984	-1.149760e+03
1985	-1.131909e+03
1986	-1.117343e+03
1987	-1.139046e+03
1988	-1.134327e+03
1989	-1.129641e+03
1990	-1.131024e+03
1991	-1.126266e+03
1992	-1.114610e+03
1993	-1.141312e+03
1994	-1.134223e+03
1995	-1.140549e+03
1996	-1.132613e+03
1997	-1.107730e+03
1998	-1.124957e+03
1999	-1.134278e+03
2000	-1.141254e+03
2001	-1.143146e+03
2002	-1.138004e+03
2003	-1.131177e+03
2004	-1.121239e+03
2005	-1.124665e+03
2006	-1.142080e+03
2007	-1.132977e+03
2008	-1.128338e+03
2009	-1.128291e+03
2010	-1.096075e+03
2011	-1.143082e+03
2012	-1.127043e+03
2013	-1.141332e+03
2014	-1.145837e+03
2015	-1.143251e+03
2016	-1.129248e+03
2017	-1.131438e+03
2018	-1.130371e+03
2019	-1.134956e+03
2020	-1.138882e+03
2021	-1.140705e+03
2022	-1.132221e+03
2023	-1.125398e+03
2024	-1.137235e+03
2025	-1.108677e+03
2026	-1.122124e+03
2027	-1.121371e+03
2028	-1.139369e+03
2029	-1.132686e+03
2030	-1.130997e+03
2031	-1.152118e+03
2032	-1.121513e+03
2033	-1.126341e+03
2034	-1.120573e+03
2035	-1.141794e+03
2036	-1.128240e+03
2037	-1.112770e+03
2038	-1.130602e+03
2039	-1.128986e+03
2040	-1.126617e+03
2041	-1.121439e+03
2042	-1.128579e+03
2043	-1.108015e+03
2044	-1.121018e+03
2045	-1.116517e+03
2046	-1.125411e+03
2047	-1.127411e+03
2048	-1.120401e+03
2049	-1.137496e+03
2050	-1.133986e+03
2051	-1.123479e+03
2052	-1.123741e+03
2053	-1.102232e+03
2054	-1.128739e+03
2055	-1.129550e+03
2056	-1.130022e+03
2057	-1.141928e+03
2058	-1.124801e+03
2059	-1.128056e+03
2060	-1.116741e+03
2061	-1.117934e+03
2062	-1.138391e+03
2063	-1.121557e+03
2064	-1.137473e+03
2065	-1.154975e+03
2066	-1.126819e+03
2067	-1.126911e+03
2068	-1.129666e+03
2069	-1.149266e+03
2070	-1.127152e+03
2071	-1.125947e+03
2072	-1.132786e+03
2073	-1.139274e+03
2074	-1.128102e+03
2075	-1.114876e+03
2076	-1.117342e+03
2077	-1.153454e+03
2078	-1.134094e+03
2079	-1.121215e+03
2080	-1.124833e+03
2081	-1.126433e+03
2082	-1.140921e+03
2083	-1.140714e+03
2084	-1.145395e+03
2085	-1.109652e+03
2086	-1.125455e+03
2087	-1.131138e+03
2088	-1.140424e+03
2089	-1.144121e+03
2090	-1.133683e+03
2091	-1.125001e+03
2092	-1.134145e+03
2093	-1.139181e+03
2094	-1.129432e+03
2095	-1.136551e+03
2096	-1.109227e+03
2097	-1.155098e+03
2098	-1.139947e+03
2099	-1.103773e+03
2100	-1.139729e+03
2101	-1.119031e+03
2102	-1.151604e+03
2103	-1.145288e+03
2104	-1.117139e+03
2105	-1.121325e+03
2106	-1.129773e+03
2107	-1.136716e+03
2108	-1.131180e+03
2109	-1.130211e+03
2110	-1.146402e+03
2111	-1.109036e+03
2112	-1.129168e+03
2113	-1.141497e+03
2114	-1.136573e+03
2115	-1.132934e+03
2116	-1.106396e+03
2117	-1.116459e+03
2118	-1.133237e+03
2119	-1.111869e+03
2120	-1.126452e+03
2121	-1.119219e+03
2122	-1.118628e+03
2123	-1.136249e+03
2124	-1.133115e+03
2125	-1.140954e+03
2126	-1.121020e+03
2127	-1.106927e+03
2128	-1.132553e+03
2129	-1.124543e+03
2130	-1.145508e+03
2131	-1.119516e+03
2132	-1.110399e+03
2133	-1.140616e+03
2134	-1.131316e+03
2135	-1.117908e+03
2136	-1.130609e+03
2137	-1.122400e+03
2138	-1.140669e+03
2139	-1.145330e+03
2140	-1.136697e+03
2141	-1.135578e+03
2142	-1.130733e+03
2143	-1.115372e+03
2144	-1.134418e+03
2145	-1.141641e+03
2146	-1.125044e+03
2147	-1.134924e+03
2148	-1.115030e+03
2149	-1.157110e+03
2150	-1.146560e+03
2151	-1.138676e+03
2152	-1.154307e+03
2153	-1.113356e+03
2154	-1.132409e+03
2155	-1.149970e+03
2156	-1.123977e+03
2157	-1.115877e+03
2158	-1.122091e+03
2159	-1.135488e+03
2160	-1.119377e+03
2161	-1.126719e+03
2162	-1.126026e+03
2163	-1.133146e+03
2164	-1.129629e+03
2165	-1.144596e+03
2166	-1.123367e+03
2167	-1.121411e+03
2168	-1.123993e+03
2169	-1.120814e+03
2170	-1.120373e+03
2171	-1.136753e+03
2172	-1.109706e+03
2173	-1.122937e+03
2174	-1.148570e+03
2175	-1.118983e+03
2176	-1.150650e+03
2177	-1.128382e+03
2178	-1.130905e+03
2179	-1.134175e+03
2180	-1.132298e+03
2181	-1.142471e+03
2182	-1.121212e+03
2183	-1.127196e+03
2184	-1.105699e+03
2185	-1.130512e+03
2186	-1.115413e+03
2187	-1.132573e+03
2188	-1.131641e+03
2189	-1.136641e+03
2190	-1.131996e+03
2191	-1.120539e+03
2192	-1.142263e+03
2193	-1.114904e+03
2194	-1.130821e+03
2195	-1.125644e+03
2196	-1.115519e+03
2197	-1.098149e+03
2198	-1.123836e+03
2199	-1.114848e+03
2200	-1.121541e+03
2201	-1.126193e+03
2202	-1.146704e+03
2203	-1.132294e+03
2204	-1.132601e+03
2205	-1.131275e+03
2206	-1.132825e+03
2207	-1.121556e+03
2208	-1.110264e+03
2209	-1.146290e+03
2210	-1.136845e+03
2211	-1.133112e+03
2212	-1.121425e+03
2213	-1.139594e+03
2214	-1.135956e+03
2215	-1.135206e+03
2216	-1.110737e+03
2217	-1.141915e+03
2218	-1.122789e+03
2219	-1.121133e+03
2220	-1.119233e+03
2221	-1.123193e+03
2222	-1.113804e+03
2223	-1.141302e+03
2224	-1.130841e+03
2225	-1.121044e+03
2226	-1.094224e+03
2227	-1.133130e+03
2228	-1.120485e+03
2229	-1.120980e+03
2230	-1.141648e+03
2231	-1.128169e+03
2232	-1.124847e+03
2233	-1.160386e+03
2234	-1.131126e+03
2235	-1.142086e+03
2236	-1.140559e+03
2237	-1.124724e+03
2238	-1.124670e+03
2239	-1.125444e+03
2240	-1.120896e+03
2241	-1.123486e+03
2242	-1.133871e+03
2243	-1.132123e+03
2244	-1.135518e+03
2245	-1.132133e+03
2246	-1.121692e+03
2247	-1.151479e+03
2248	-1.132888e+03
2249	-1.119412e+03
2250	-1.127940e+03
2251	-1.134006e+03
2252	-1.121629e+03
2253	-1.118143e+03
2254	-1.130805e+03
2255	-1.135242e+03
2256	-1.124642e+03
2257	-1.120630e+03
2258	-1.131483e+03
2259	-1.105519e+03
2260	-1.117294e+03
2261	-1.149823e+03
2262	-1.125315e+03
2263	-1.123502e+03
2264	-1.118746e+03
2265	-1.158234e+03
2266	-1.129845e+03
2267	-1.135661e+03
2268	-1.135797e+03
2269	-1.125367e+03
2270	-1.138962e+03
2271	-1.120460e+03
2272	-1.133679e+03
2273	-1.108131e+03
2274	-1.128472e+03
2275	-1.103590e+03
2276	-1.125409e+03
2277	-1.137684e+03
2278	-1.134975e+03
2279	-1.122245e+03
2280	-1.121468e+03
2281	-1.136700e+03
2282	-1.130576e+03
2283	-1.111113e+03
2284	-1.130743e+03
2285	-1.125003e+03
2286	-1.134796e+03
2287	-1.127150e+03
2288	-1.124206e+03
2289	-1.110695e+03
2290	-1.137944e+03
2291	-1.108444e+03
2292	-1.130596e+03
2293	-1.126208e+03
2294	-1.139492e+03
2295	-1.152703e+03
2296	-1.142013e+03
2297	-1.124873e+03
2298	-1.132983e+03
2299	-1.141109e+03
2300	-1.129719e+03
2301	-1.121071e+03
2302	-1.119010e+03
2303	-1.135751e+03
2304	-1.131755e+03
2305	-1.156481e+03
2306	-1.139265e+03
2307	-1.108654e+03
2308	-1.137693e+03
2309	-1.137946e+03
2310	-1.121228e+03
2311	-1.110472e+03
2312	-1.126948e+03
2313	-1.125757e+03
2314	-1.125310e+03
2315	-1.118310e+03
2316	-1.125960e+03
2317	-1.134853e+03
2318	-1.143517e+03
2319	-1.114209e+03
2320	-1.122699e+03
2321	-1.124752e+03
2322	-1.121083e+03
2323	-1.111312e+03
2324	-1.129528e+03
2325	-1.125581e+03
2326	-1.135443e+03
2327	-1.108780e+03
2328	-1.109178e+03
2329	-1.132656e+03
2330	-1.121095e+03
2331	-1.128758e+03
2332	-1.122785e+03
2333	-1.127560e+03
2334	-1.120833e+03
2335	-1.140343e+03
2336	-1.127985e+03
2337	-1.132993e+03
2338	-1.121974e+03
2339	-1.134276e+03
2340	-1.127604e+03
2341	-1.129236e+03
2342	-1.132370e+03
2343	-1.126381e+03
2344	-1.130632e+03
2345	-1.153226e+03
2346	-1.121507e+03
2347	-1.117459e+03
2348	-1.125269e+03
2349	-1.134689e+03
2350	-1.135559e+03
2351	-1.124496e+03
2352	-1.128052e+03
2353	-1.121651e+03
2354	-1.103746e+03
2355	-1.126062e+03
2356	-1.123843e+03
2357	-1.132287e+03
2358	-1.130381e+03
2359	-1.127121e+03
2360	-1.126058e+03
2361	-1.122736e+03
2362	-1.131671e+03
2363	-1.127306e+03
2364	-1.133182e+03
2365	-1.125879e+03
2366	-1.124091e+03
2367	-1.143622e+03
2368	-1.118637e+03
2369	-1.137758e+03
2370	-1.121403e+03
2371	-1.145669e+03
2372	-1.108896e+03
2373	-1.152399e+03
2374	-1.141983e+03
2375	-1.130988e+03
2376	-1.132865e+03
2377	-1.125361e+03
2378	-1.142674e+03
2379	-1.131790e+03
2380	-1.124212e+03
2381	-1.137974e+03
2382	-1.144739e+03
2383	-1.147658e+03
2384	-1.132315e+03
2385	-1.152770e+03
2386	-1.118622e+03
2387	-1.136512e+03
2388	-1.110779e+03
2389	-1.125962e+03
2390	-1.113688e+03
2391	-1.138159e+03
2392	-1.118329e+03
2393	-1.116076e+03
2394	-1.131145e+03
2395	-1.127138e+03
2396	-1.142617e+03
2397	-1.146781e+03
2398	-1.107353e+03
2399	-1.161772e+03
2400	-1.118807e+03
2401	-1.115069e+03
2402	-1.119181e+03
2403	-1.147725e+03
2404	-1.133095e+03
2405	-1.124154e+03
2406	-1.134299e+03
2407	-1.135730e+03
2408	-1.112081e+03
2409	-1.141461e+03
2410	-1.115118e+03
2411	-1.147172e+03
2412	-1.125471e+03
2413	-1.125258e+03
2414	-1.141082e+03
2415	-1.129179e+03
2416	-1.146373e+03
2417	-1.121580e+03
2418	-1.126530e+03
2419	-1.125626e+03
2420	-1.134897e+03
2421	-1.114428e+03
2422	-1.131969e+03
2423	-1.131190e+03
2424	-1.115341e+03
2425	-1.139157e+03
2426	-1.135475e+03
2427	-1.116164e+03
2428	-1.142111e+03
2429	-1.125349e+03
2430	-1.151278e+03
2431	-1.116992e+03
2432	-1.133832e+03
2433	-1.129152e+03
2434	-1.137744e+03
2435	-1.118431e+03
2436	-1.120825e+03
2437	-1.129109e+03
2438	-1.144516e+03
2439	-1.126206e+03
2440	-1.148174e+03
2441	-1.126248e+03
2442	-1.141830e+03
2443	-1.116397e+03
2444	-1.110342e+03
2445	-1.108823e+03
2446	-1.128551e+03
2447	-1.129592e+03
2448	-1.135275e+03
2449	-1.122524e+03
2450	-1.135302e+03
2451	-1.124415e+03
2452	-1.121297e+03
2453	-1.132461e+03
2454	-1.108118e+03
2455	-1.129057e+03
2456	-1.148042e+03
2457	-1.122739e+03
2458	-1.134832e+03
2459	-1.133516e+03
2460	-1.119135e+03
2461	-1.134716e+03
2462	-1.146380e+03
2463	-1.125158e+03
2464	-1.127352e+03
2465	-1.154135e+03
2466	-1.132760e+03
2467	-1.122634e+03
2468	-1.136737e+03
2469	-1.146214e+03
2470	-1.139377e+03
2471	-1.137668e+03
2472	-1.143319e+03
2473	-1.123641e+03
2474	-1.122351e+03
2475	-1.140874e+03
2476	-1.144524e+03
2477	-1.122404e+03
2478	-1.122549e+03
2479	-1.101144e+03
2480	-1.138664e+03
2481	-1.136255e+03
2482	-1.129358e+03
2483	-1.130652e+03
2484	-1.134708e+03
2485	-1.133432e+03
2486	-1.126392e+03
2487	-1.121668e+03
2488	-1.112063e+03
2489	-1.124383e+03
2490	-1.149000e+03
2491	-1.134994e+03
2492	-1.137510e+03
2493	-1.144185e+03
2494	-1.123146e+03
2495	-1.140914e+03
2496	-1.143201e+03
2497	-1.130808e+03
2498	-1.134294e+03
2499	-1.131862e+03
2500	-1.122499e+03
2501	-1.117702e+03
2502	-1.141890e+03
2503	-1.126423e+03
2504	-1.113839e+03
2505	-1.160078e+03
2506	-1.138341e+03
2507	-1.128757e+03
2508	-1.139702e+03
2509	-1.100420e+03
2510	-1.109792e+03
2511	-1.135333e+03
2512	-1.126972e+03
2513	-1.129602e+03
2514	-1.155493e+03
2515	-1.112671e+03
2516	-1.128429e+03
2517	-1.131291e+03
2518	-1.132234e+03
2519	-1.147664e+03
2520	-1.136630e+03
2521	-1.133784e+03
2522	-1.127587e+03
2523	-1.146840e+03
2524	-1.123407e+03
2525	-1.120146e+03
2526	-1.109779e+03
2527	-1.131034e+03
2528	-1.137007e+03
2529	-1.109639e+03
2530	-1.118901e+03
2531	-1.122253e+03
2532	-1.135278e+03
2533	-1.138356e+03
2534	-1.128716e+03
2535	-1.127515e+03
2536	-1.143229e+03
2537	-1.144837e+03
2538	-1.119432e+03
2539	-1.118396e+03
2540	-1.116624e+03
2541	-1.147583e+03
2542	-1.128890e+03
2543	-1.132140e+03
2544	-1.133980e+03
2545	-1.119719e+03
2546	-1.115899e+03
2547	-1.121737e+03
2548	-1.150614e+03
2549	-1.130997e+03
2550	-1.137580e+03
2551	-1.131698e+03
2552	-1.148430e+03
2553	-1.136238e+03
2554	-1.121548e+03
2555	-1.138105e+03
2556	-1.134829e+03
2557	-1.162265e+03
2558	-1.129218e+03
2559	-1.131232e+03
2560	-1.136025e+03
2561	-1.140102e+03
2562	-1.129567e+03
2563	-1.135061e+03
2564	-1.130918e+03
2565	-1.133776e+03
2566	-1.125768e+03
2567	-1.130539e+03
2568	-1.134838e+03
2569	-1.137093e+03
2570	-1.119801e+03
2571	-1.129722e+03
2572	-1.121647e+03
2573	-1.139518e+03
2574	-1.106984e+03
2575	-1.119241e+03
2576	-1.120715e+03
2577	-1.128873e+03
2578	-1.109514e+03
2579	-1.124655e+03
2580	-1.132399e+03
2581	-1.128447e+03
2582	-1.120925e+03
2583	-1.132461e+03
2584	-1.132591e+03
2585	-1.133189e+03
2586	-1.133754e+03
2587	-1.126048e+03
2588	-1.127258e+03
2589	-1.129339e+03
2590	-1.131432e+03
2591	-1.140554e+03
2592	-1.109309e+03
2593	-1.114224e+03
2594	-1.121080e+03
2595	-1.134845e+03
2596	-1.120063e+03
2597	-1.123196e+03
2598	-1.134164e+03
2599	-1.132903e+03
2600	-1.149433e+03
2601	-1.104271e+03
2602	-1.128886e+03
2603	-1.128802e+03
2604	-1.119180e+03
2605	-1.121101e+03
2606	-1.133679e+03
2607	-1.123948e+03
2608	-1.128030e+03
2609	-1.141839e+03
2610	-1.126739e+03
2611	-1.126108e+03
2612	-1.128040e+03
2613	-1.131684e+03
2614	-1.123919e+03
2615	-1.127371e+03
2616	-1.129783e+03
2617	-1.115201e+03
2618	-1.143046e+03
2619	-1.128461e+03
2620	-1.130701e+03
2621	-1.127348e+03
2622	-1.126967e+03
2623	-1.135320e+03
2624	-1.118609e+03
2625	-1.113441e+03
2626	-1.129193e+03
2627	-1.112328e+03
2628	-1.119533e+03
2629	-1.111927e+03
2630	-1.130578e+03
2631	-1.138849e+03
2632	-1.136200e+03
2633	-1.130346e+03
2634	-1.143368e+03
2635	-1.124822e+03
2636	-1.125685e+03
2637	-1.150959e+03
2638	-1.094562e+03
2639	-1.136504e+03
2640	-1.123861e+03
2641	-1.144374e+03
2642	-1.128265e+03
2643	-1.139698e+03
2644	-1.133220e+03
2645	-1.118541e+03
2646	-1.128514e+03
2647	-1.117347e+03
2648	-1.143653e+03
2649	-1.115002e+03
2650	-1.130505e+03
2651	-1.145509e+03
2652	-1.143356e+03
2653	-1.126943e+03
2654	-1.137187e+03
2655	-1.101053e+03
2656	-1.110081e+03
2657	-1.119480e+03
2658	-1.121231e+03
2659	-1.128070e+03
2660	-1.138065e+03
2661	-1.120913e+03
2662	-1.143094e+03
2663	-1.115783e+03
2664	-1.123775e+03
2665	-1.116747e+03
2666	-1.133334e+03
2667	-1.128099e+03
2668	-1.132774e+03
2669	-1.135327e+03
2670	-1.097081e+03
2671	-1.122322e+03
2672	-1.119250e+03
2673	-1.123531e+03
2674	-1.134483e+03
2675	-1.119546e+03
2676	-1.109916e+03
2677	-1.140042e+03
2678	-1.122474e+03
2679	-1.129777e+03
2680	-1.110094e+03
2681	-1.147947e+03
2682	-1.119951e+03
2683	-1.140317e+03
2684	-1.121906e+03
2685	-1.121801e+03
2686	-1.127370e+03
2687	-1.124818e+03
2688	-1.139622e+03
2689	-1.140036e+03
2690	-1.109401e+03
2691	-1.126138e+03
2692	-1.138893e+03
2693	-1.131852e+03
2694	-1.101535e+03
2695	-1.117271e+03
2696	-1.139865e+03
2697	-1.138755e+03
2698	-1.131531e+03
2699	-1.121150e+03
2700	-1.139584e+03
2701	-1.129017e+03
2702	-1.121491e+03
2703	-1.133735e+03
2704	-1.102103e+03
2705	-1.135125e+03
2706	-1.134707e+03
2707	-1.136054e+03
2708	-1.119841e+03
2709	-1.165947e+03
2710	-1.120713e+03
2711	-1.129693e+03
2712	-1.143366e+03
2713	-1.115908e+03
2714	-1.134795e+03
2715	-1.138900e+03
2716	-1.126499e+03
2717	-1.145392e+03
2718	-1.123715e+03
2719	-1.119536e+03
2720	-1.140372e+03
2721	-1.120143e+03
2722	-1.139743e+03
2723	-1.126225e+03
2724	-1.127467e+03
2725	-1.121543e+03
2726	-1.112305e+03
2727	-1.128850e+03
2728	-1.114884e+03
2729	-1.133867e+03
2730	-1.161832e+03
2731	-1.131877e+03
2732	-1.165351e+03
2733	-1.114245e+03
2734	-1.124761e+03
2735	-1.114257e+03
2736	-1.136833e+03
2737	-1.137486e+03
2738	-1.103363e+03
2739	-1.128179e+03
2740	-1.138738e+03
2741	-1.111622e+03
2742	-1.125766e+03
2743	-1.132313e+03
2744	-1.139070e+03
2745	-1.123915e+03
2746	-1.120577e+03
2747	-1.128023e+03
2748	-1.159685e+03
2749	-1.137891e+03
2750	-1.132023e+03
2751	-1.126576e+03
2752	-1.119789e+03
2753	-1.135306e+03
2754	-1.134771e+03
2755	-1.130415e+03
2756	-1.130037e+03
2757	-1.120577e+03
2758	-1.150831e+03
2759	-1.129711e+03
2760	-1.131162e+03
2761	-1.114828e+03
2762	-1.131903e+03
2763	-1.137223e+03
2764	-1.123244e+03
2765	-1.122327e+03
2766	-1.115428e+03
2767	-1.123264e+03
2768	-1.131968e+03
2769	-1.131813e+03
2770	-1.121354e+03
2771	-1.121690e+03
2772	-1.124614e+03
2773	-1.122345e+03
2774	-1.123825e+03
2775	-1.125971e+03
2776	-1.147357e+03
2777	-1.131797e+03
2778	-1.140010e+03
2779	-1.140357e+03
2780	-1.131315e+03
2781	-1.133042e+03
2782	-1.141513e+03
2783	-1.137965e+03
2784	-1.125869e+03
2785	-1.123909e+03
2786	-1.124783e+03
2787	-1.146967e+03
2788	-1.111385e+03
2789	-1.150932e+03
2790	-1.155018e+03
2791	-1.132330e+03
2792	-1.137956e+03
2793	-1.122977e+03
2794	-1.131069e+03
2795	-1.135586e+03
2796	-1.129224e+03
2797	-1.122651e+03
2798	-1.138967e+03
2799	-1.133766e+03
2800	-1.134930e+03
2801	-1.109684e+03
2802	-1.128497e+03
2803	-1.150959e+03
2804	-1.132764e+03
2805	-1.152530e+03
2806	-1.142784e+03
2807	-1.137558e+03
2808	-1.144989e+03
2809	-1.118825e+03
2810	-1.143453e+03
2811	-1.132459e+03
2812	-1.143860e+03
2813	-1.130120e+03
2814	-1.125534e+03
2815	-1.134689e+03
2816	-1.134926e+03
2817	-1.130526e+03
2818	-1.120492e+03
2819	-1.142718e+03
2820	-1.130491e+03
2821	-1.123684e+03
2822	-1.130349e+03
2823	-1.145124e+03
2824	-1.149371e+03
2825	-1.109567e+03
2826	-1.125478e+03
2827	-1.130629e+03
2828	-1.129542e+03
2829	-1.118487e+03
2830	-1.128447e+03
2831	-1.147600e+03
2832	-1.133472e+03
2833	-1.159612e+03
2834	-1.148611e+03
2835	-1.122394e+03
2836	-1.150100e+03
2837	-1.141962e+03
2838	-1.148693e+03
2839	-1.143038e+03
2840	-1.133690e+03
2841	-1.120580e+03
2842	-1.108053e+03
2843	-1.130566e+03
2844	-1.140100e+03
2845	-1.124875e+03
2846	-1.136161e+03
2847	-1.128776e+03
2848	-1.127210e+03
2849	-1.132118e+03
2850	-1.134413e+03
2851	-1.124661e+03
2852	-1.126930e+03
2853	-1.139954e+03
2854	-1.134540e+03
2855	-1.122518e+03
2856	-1.128613e+03
2857	-1.133793e+03
2858	-1.124767e+03
2859	-1.132892e+03
2860	-1.139065e+03
2861	-1.128572e+03
2862	-1.110105e+03
2863	-1.116469e+03
2864	-1.121485e+03
2865	-1.131642e+03
2866	-1.143073e+03
2867	-1.132141e+03
2868	-1.142937e+03
2869	-1.143632e+03
2870	-1.121256e+03
2871	-1.136762e+03
2872	-1.125256e+03
2873	-1.122425e+03
2874	-1.128643e+03
2875	-1.124671e+03
2876	-1.128622e+03
2877	-1.141941e+03
2878	-1.124758e+03
2879	-1.136908e+03
2880	-1.146397e+03
2881	-1.111297e+03
2882	-1.115127e+03
2883	-1.112244e+03
2884	-1.132002e+03
2885	-1.108485e+03
2886	-1.132401e+03
2887	-1.127262e+03
2888	-1.121743e+03
2889	-1.117480e+03
2890	-1.129951e+03
2891	-1.156056e+03
2892	-1.127982e+03
2893	-1.143531e+03
2894	-1.151613e+03
2895	-1.106768e+03
2896	-1.131184e+03
2897	-1.105306e+03
2898	-1.132746e+03
2899	-1.145754e+03
2900	-1.140759e+03
2901	-1.152472e+03
2902	-1.127962e+03
2903	-1.114333e+03
2904	-1.128464e+03
2905	-1.128052e+03
2906	-1.139907e+03
2907	-1.128338e+03
2908	-1.132126e+03
2909	-1.128915e+03
2910	-1.113695e+03
2911	-1.118514e+03
2912	-1.118405e+03
2913	-1.123816e+03
2914	-1.142783e+03
2915	-1.129563e+03
2916	-1.145826e+03
2917	-1.129464e+03
2918	-1.121759e+03
2919	-1.124661e+03
2920	-1.150534e+03
2921	-1.124523e+03
2922	-1.128314e+03
2923	-1.141704e+03
2924	-1.132094e+03
2925	-1.127911e+03
2926	-1.115724e+03
2927	-1.146934e+03
2928	-1.130693e+03
2929	-1.129099e+03
2930	-1.120765e+03
2931	-1.139534e+03
2932	-1.131860e+03
2933	-1.145514e+03
2934	-1.128506e+03
2935	-1.123589e+03
2936	-1.138535e+03
2937	-1.120287e+03
2938	-1.128060e+03
2939	-1.112413e+03
2940	-1.122341e+03
2941	-1.125711e+03
2942	-1.124533e+03
2943	-1.145700e+03
2944	-1.144865e+03
2945	-1.126489e+03
2946	-1.130614e+03
2947	-1.131678e+03
2948	-1.138745e+03
2949	-1.131312e+03
2950	-1.136654e+03
2951	-1.137373e+03
2952	-1.135715e+03
2953	-1.096996e+03
2954	-1.139991e+03
2955	-1.140238e+03
2956	-1.124246e+03
2957	-1.126949e+03
2958	-1.117282e+03
2959	-1.122872e+03
2960	-1.121472e+03
2961	-1.129919e+03
2962	-1.144826e+03
2963	-1.117138e+03
2964	-1.104953e+03
2965	-1.125025e+03
2966	-1.113295e+03
2967	-1.137390e+03
2968	-1.120113e+03
2969	-1.143107e+03
2970	-1.110028e+03
2971	-1.130608e+03
2972	-1.121555e+03
2973	-1.128240e+03
2974	-1.133223e+03
2975	-1.139539e+03
2976	-1.109596e+03
2977	-1.137578e+03
2978	-1.104571e+03
2979	-1.116880e+03
2980	-1.127500e+03
2981	-1.118632e+03
2982	-1.115491e+03
2983	-1.137779e+03
2984	-1.140179e+03
2985	-1.113755e+03
2986	-1.128237e+03
2987	-1.118587e+03
2988	-1.141014e+03
2989	-1.128551e+03
2990	-1.137300e+03
2991	-1.133854e+03
2992	-1.120869e+03
2993	-1.128037e+03
2994	-1.131449e+03
2995	-1.122377e+03
2996	-1.129259e+03
2997	-1.123045e+03
2998	-1.133794e+03
2999	-1.135291e+03
3000	-1.136700e+03
3001	-1.141823e+03
3002	-1.149315e+03
3003	-1.128784e+03
3004	-1.123426e+03
3005	-1.113323e+03
3006	-1.145526e+03
3007	-1.133156e+03
3008	-1.117596e+03
3009	-1.140909e+03
3010	-1.119853e+03
3011	-1.119018e+03
3012	-1.122566e+03
3013	-1.119416e+03
3014	-1.141429e+03
3015	-1.146532e+03
3016	-1.111986e+03
3017	-1.123441e+03
3018	-1.111427e+03
3019	-1.136107e+03
3020	-1.130983e+03
3021	-1.140033e+03
3022	-1.121364e+03
3023	-1.122735e+03
3024	-1.133728e+03
3025	-1.127084e+03
3026	-1.134204e+03
3027	-1.116074e+03
3028	-1.133899e+03
3029	-1.138390e+03
3030	-1.142525e+03
3031	-1.130031e+03
3032	-1.127514e+03
3033	-1.127482e+03
3034	-1.132055e+03
3035	-1.131692e+03
3036	-1.130936e+03
3037	-1.132252e+03
3038	-1.143773e+03
3039	-1.140932e+03
3040	-1.124760e+03
3041	-1.133030e+03
3042	-1.133062e+03
3043	-1.123723e+03
3044	-1.139171e+03
3045	-1.129063e+03
3046	-1.123379e+03
3047	-1.106498e+03
3048	-1.107817e+03
3049	-1.130056e+03
3050	-1.104034e+03
3051	-1.114403e+03
3052	-1.140086e+03
3053	-1.121634e+03
3054	-1.125167e+03
3055	-1.129521e+03
3056	-1.127318e+03
3057	-1.115686e+03
3058	-1.128898e+03
3059	-1.115705e+03
3060	-1.143070e+03
3061	-1.145047e+03
3062	-1.123077e+03
3063	-1.122171e+03
3064	-1.113502e+03
3065	-1.124274e+03
3066	-1.109646e+03
3067	-1.136165e+03
3068	-1.117261e+03
3069	-1.140370e+03
3070	-1.137166e+03
3071	-1.137577e+03
3072	-1.124758e+03
3073	-1.137359e+03
3074	-1.119489e+03
3075	-1.125484e+03
3076	-1.136317e+03
3077	-1.133648e+03
3078	-1.153632e+03
3079	-1.131287e+03
3080	-1.120285e+03
3081	-1.143828e+03
3082	-1.148025e+03
3083	-1.144111e+03
3084	-1.125900e+03
3085	-1.145227e+03
3086	-1.115311e+03
3087	-1.144498e+03
3088	-1.133708e+03
3089	-1.135121e+03
3090	-1.127611e+03
3091	-1.128647e+03
3092	-1.150467e+03
3093	-1.144637e+03
3094	-1.114275e+03
3095	-1.116585e+03
3096	-1.121470e+03
3097	-1.127907e+03
3098	-1.123624e+03
3099	-1.119813e+03
3100	-1.137375e+03
3101	-1.104152e+03
3102	-1.140495e+03
3103	-1.124494e+03
3104	-1.141610e+03
3105	-1.107313e+03
3106	-1.126755e+03
3107	-1.139712e+03
3108	-1.126446e+03
3109	-1.122418e+03
3110	-1.131031e+03
3111	-1.121600e+03
3112	-1.130582e+03
3113	-1.138825e+03
3114	-1.150334e+03
3115	-1.125507e+03
3116	-1.139083e+03
3117	-1.123240e+03
3118	-1.125647e+03
3119	-1.140431e+03
3120	-1.122893e+03
3121	-1.134587e+03
3122	-1.130654e+03
3123	-1.134491e+03
3124	-1.132683e+03
3125	-1.123268e+03
3126	-1.118759e+03
3127	-1.107324e+03
3128	-1.135153e+03
3129	-1.139635e+03
3130	-1.142746e+03
3131	-1.133033e+03
3132	-1.143267e+03
3133	-1.109015e+03
3134	-1.121896e+03
3135	-1.133124e+03
3136	-1.142306e+03
3137	-1.122957e+03
3138	-1.134227e+03
3139	-1.142341e+03
3140	-1.152526e+03
3141	-1.132733e+03
3142	-1.123879e+03
3143	-1.120008e+03
3144	-1.133905e+03
3145	-1.121057e+03
3146	-1.121963e+03
3147	-1.136974e+03
3148	-1.121101e+03
3149	-1.123571e+03
3150	-1.145555e+03
3151	-1.120514e+03
3152	-1.129875e+03
3153	-1.119946e+03
3154	-1.121170e+03
3155	-1.126465e+03
3156	-1.117657e+03
3157	-1.148369e+03
3158	-1.125694e+03
3159	-1.149016e+03
3160	-1.119294e+03
3161	-1.139620e+03
3162	-1.135943e+03
3163	-1.129624e+03
3164	-1.131406e+03
3165	-1.112907e+03
3166	-1.110434e+03
3167	-1.126839e+03
3168	-1.139089e+03
3169	-1.129939e+03
3170	-1.132466e+03
3171	-1.142367e+03
3172	-1.146981e+03
3173	-1.138292e+03
3174	-1.141126e+03
3175	-1.145054e+03
3176	-1.105504e+03
3177	-1.132359e+03
3178	-1.127734e+03
3179	-1.122851e+03
3180	-1.148312e+03
3181	-1.120883e+03
3182	-1.135342e+03
3183	-1.144828e+03
3184	-1.151302e+03
3185	-1.117456e+03
3186	-1.126998e+03
3187	-1.124333e+03
3188	-1.138657e+03
3189	-1.133817e+03
3190	-1.133373e+03
3191	-1.124391e+03
3192	-1.141548e+03
3193	-1.146841e+03
3194	-1.112782e+03
3195	-1.124283e+03
3196	-1.119041e+03
3197	-1.113727e+03
3198	-1.107273e+03
3199	-1.120509e+03
3200	-1.125170e+03
3201	-1.117176e+03
3202	-1.126208e+03
3203	-1.123410e+03
3204	-1.125553e+03
3205	-1.135040e+03
3206	-1.129357e+03
3207	-1.128030e+03
3208	-1.129041e+03
3209	-1.126284e+03
3210	-1.108910e+03
3211	-1.139955e+03
3212	-1.134030e+03
3213	-1.118775e+03
3214	-1.143691e+03
3215	-1.124019e+03
3216	-1.123499e+03
3217	-1.145229e+03
3218	-1.134544e+03
3219	-1.122286e+03
3220	-1.122523e+03
3221	-1.126327e+03
3222	-1.119895e+03
3223	-1.140227e+03
3224	-1.115660e+03
3225	-1.124455e+03
3226	-1.131299e+03
3227	-1.120177e+03
3228	-1.125206e+03
3229	-1.114157e+03
3230	-1.131506e+03
3231	-1.142744e+03
3232	-1.125036e+03
3233	-1.130341e+03
3234	-1.138707e+03
3235	-1.142908e+03
3236	-1.140066e+03
3237	-1.119584e+03
3238	-1.128252e+03
3239	-1.142349e+03
3240	-1.125062e+03
3241	-1.116492e+03
3242	-1.144084e+03
3243	-1.127023e+03
3244	-1.147784e+03
3245	-1.124249e+03
3246	-1.117485e+03
3247	-1.119123e+03
3248	-1.128622e+03
3249	-1.124144e+03
3250	-1.122136e+03
3251	-1.121926e+03
3252	-1.140451e+03
3253	-1.142050e+03
3254	-1.138014e+03
3255	-1.107787e+03
3256	-1.124377e+03
3257	-1.148179e+03
3258	-1.115530e+03
3259	-1.134650e+03
3260	-1.140495e+03
3261	-1.140675e+03
3262	-1.123396e+03
3263	-1.126368e+03
3264	-1.114771e+03
3265	-1.133609e+03
3266	-1.130967e+03
3267	-1.134079e+03
3268	-1.146798e+03
3269	-1.117381e+03
3270	-1.121179e+03
3271	-1.145562e+03
3272	-1.147972e+03
3273	-1.158941e+03
3274	-1.116275e+03
3275	-1.131046e+03
3276	-1.122931e+03
3277	-1.144654e+03
3278	-1.120295e+03
3279	-1.128569e+03
3280	-1.141445e+03
3281	-1.136464e+03
3282	-1.130442e+03
3283	-1.138478e+03
3284	-1.122161e+03
3285	-1.103050e+03
3286	-1.135065e+03
3287	-1.125864e+03
3288	-1.121274e+03
3289	-1.135538e+03
3290	-1.137371e+03
3291	-1.141896e+03
3292	-1.127533e+03
3293	-1.136962e+03
3294	-1.133175e+03
3295	-1.120165e+03
3296	-1.125434e+03
3297	-1.138750e+03
3298	-1.120054e+03
3299	-1.123363e+03
3300	-1.130189e+03
3301	-1.138579e+03
3302	-1.128479e+03
3303	-1.136065e+03
3304	-1.125768e+03
3305	-1.118678e+03
3306	-1.122651e+03
3307	-1.128510e+03
3308	-1.140605e+03
3309	-1.137470e+03
3310	-1.142175e+03
3311	-1.131626e+03
3312	-1.134746e+03
3313	-1.118679e+03
3314	-1.147595e+03
3315	-1.132889e+03
3316	-1.118465e+03
3317	-1.142178e+03
3318	-1.126590e+03
3319	-1.138393e+03
3320	-1.137661e+03
3321	-1.130354e+03
3322	-1.114372e+03
3323	-1.140471e+03
3324	-1.140594e+03
3325	-1.125471e+03
3326	-1.127889e+03
3327	-1.129613e+03
3328	-1.149170e+03
3329	-1.138038e+03
3330	-1.144478e+03
3331	-1.137021e+03
3332	-1.104912e+03
3333	-1.142590e+03
3334	-1.129260e+03
3335	-1.124082e+03
3336	-1.105288e+03
3337	-1.115724e+03
3338	-1.120852e+03
3339	-1.128376e+03
3340	-1.134632e+03
3341	-1.146130e+03
3342	-1.120823e+03
3343	-1.126107e+03
3344	-1.136546e+03
3345	-1.129371e+03
3346	-1.145676e+03
3347	-1.150742e+03
3348	-1.137727e+03
3349	-1.110974e+03
3350	-1.135559e+03
3351	-1.118774e+03
3352	-1.128840e+03
3353	-1.122688e+03
3354	-1.111128e+03
3355	-1.138761e+03
3356	-1.129343e+03
3357	-1.122284e+03
3358	-1.132381e+03
3359	-1.117591e+03
3360	-1.143538e+03
3361	-1.124985e+03
3362	-1.137702e+03
3363	-1.132592e+03
3364	-1.129252e+03
3365	-1.128426e+03
3366	-1.124516e+03
3367	-1.124148e+03
3368	-1.142231e+03
3369	-1.140169e+03
3370	-1.141185e+03
3371	-1.136333e+03
3372	-1.145472e+03
3373	-1.130389e+03
3374	-1.130435e+03
3375	-1.135473e+03
3376	-1.132044e+03
3377	-1.133594e+03
3378	-1.131551e+03
3379	-1.132664e+03
3380	-1.126403e+03
3381	-1.142369e+03
3382	-1.125830e+03
3383	-1.119242e+03
3384	-1.134570e+03
3385	-1.131946e+03
3386	-1.122085e+03
3387	-1.124195e+03
3388	-1.117546e+03
3389	-1.123757e+03
3390	-1.132719e+03
3391	-1.147503e+03
3392	-1.134785e+03
3393	-1.118811e+03
3394	-1.128463e+03
3395	-1.160709e+03
3396	-1.120925e+03
3397	-1.136167e+03
3398	-1.122779e+03
3399	-1.136450e+03
3400	-1.137679e+03
3401	-1.122808e+03
3402	-1.135919e+03
3403	-1.128718e+03
3404	-1.131177e+03
3405	-1.130237e+03
3406	-1.118076e+03
3407	-1.111770e+03
3408	-1.129667e+03
3409	-1.125523e+03
3410	-1.135410e+03
3411	-1.149689e+03
3412	-1.138416e+03
3413	-1.123381e+03
3414	-1.112417e+03
3415	-1.133920e+03
3416	-1.126733e+03
3417	-1.130941e+03
3418	-1.137988e+03
3419	-1.127050e+03
3420	-1.115547e+03
3421	-1.122490e+03
3422	-1.134004e+03
3423	-1.129104e+03
3424	-1.112253e+03
3425	-1.138242e+03
3426	-1.117895e+03
3427	-1.137283e+03
3428	-1.142520e+03
3429	-1.136705e+03
3430	-1.127292e+03
3431	-1.122308e+03
3432	-1.144789e+03
3433	-1.136688e+03
3434	-1.120184e+03
3435	-1.134074e+03
3436	-1.129904e+03
3437	-1.138916e+03
3438	-1.131797e+03
3439	-1.124970e+03
3440	-1.141682e+03
3441	-1.138066e+03
3442	-1.123750e+03
3443	-1.112093e+03
3444	-1.126914e+03
3445	-1.119624e+03
3446	-1.133881e+03
3447	-1.130588e+03
3448	-1.140490e+03
3449	-1.145369e+03
3450	-1.125761e+03
3451	-1.113010e+03
3452	-1.100551e+03
3453	-1.128287e+03
3454	-1.118487e+03
3455	-1.135601e+03
3456	-1.132409e+03
3457	-1.129453e+03
3458	-1.147402e+03
3459	-1.117289e+03
3460	-1.128605e+03
3461	-1.140244e+03
3462	-1.124094e+03
3463	-1.118685e+03
3464	-1.120049e+03
3465	-1.118609e+03
3466	-1.128219e+03
3467	-1.123670e+03
3468	-1.130075e+03
3469	-1.142792e+03
3470	-1.145685e+03
3471	-1.132583e+03
3472	-1.133567e+03
3473	-1.127319e+03
3474	-1.149302e+03
3475	-1.124874e+03
3476	-1.142841e+03
3477	-1.143832e+03
3478	-1.132801e+03
3479	-1.129732e+03
3480	-1.138950e+03
3481	-1.127555e+03
3482	-1.135039e+03
3483	-1.145952e+03
3484	-1.139298e+03
3485	-1.091374e+03
3486	-1.131478e+03
3487	-1.121978e+03
3488	-1.132782e+03
3489	-1.136023e+03
3490	-1.131186e+03
3491	-1.126068e+03
3492	-1.144182e+03
3493	-1.118273e+03
3494	-1.139844e+03
3495	-1.139886e+03
3496	-1.119383e+03
3497	-1.126856e+03
3498	-1.137673e+03
3499	-1.138262e+03
3500	-1.141877e+03
3501	-1.148713e+03
3502	-1.138445e+03
3503	-1.141277e+03
3504	-1.120939e+03
3505	-1.147713e+03
3506	-1.137414e+03
3507	-1.127346e+03
3508	-1.163274e+03
3509	-1.124177e+03
3510	-1.124570e+03
3511	-1.112103e+03
3512	-1.139623e+03
3513	-1.123601e+03
3514	-1.129858e+03
3515	-1.131513e+03
3516	-1.132197e+03
3517	-1.133448e+03
3518	-1.130925e+03
3519	-1.111307e+03
3520	-1.116507e+03
3521	-1.122848e+03
3522	-1.141399e+03
3523	-1.124916e+03
3524	-1.116276e+03
3525	-1.123303e+03
3526	-1.108943e+03
3527	-1.114822e+03
3528	-1.132254e+03
3529	-1.142408e+03
3530	-1.121064e+03
3531	-1.131603e+03
3532	-1.126811e+03
3533	-1.140868e+03
3534	-1.135460e+03
3535	-1.123360e+03
3536	-1.150979e+03
3537	-1.135874e+03
3538	-1.128692e+03
3539	-1.126258e+03
3540	-1.126388e+03
3541	-1.142202e+03
3542	-1.146792e+03
3543	-1.114064e+03
3544	-1.138211e+03
3545	-1.142440e+03
3546	-1.124281e+03
3547	-1.128715e+03
3548	-1.134571e+03
3549	-1.135009e+03
3550	-1.130178e+03
3551	-1.129318e+03
3552	-1.124707e+03
3553	-1.126497e+03
3554	-1.133246e+03
3555	-1.122203e+03
3556	-1.121390e+03
3557	-1.125888e+03
3558	-1.116067e+03
3559	-1.131696e+03
3560	-1.132315e+03
3561	-1.137193e+03
3562	-1.151719e+03
3563	-1.137063e+03
3564	-1.132312e+03
3565	-1.133052e+03
3566	-1.140674e+03
3567	-1.152273e+03
3568	-1.145016e+03
3569	-1.135002e+03
3570	-1.132648e+03
3571	-1.124803e+03
3572	-1.128512e+03
3573	-1.134446e+03
3574	-1.138728e+03
3575	-1.130436e+03
3576	-1.137741e+03
3577	-1.110336e+03
3578	-1.127814e+03
3579	-1.123536e+03
3580	-1.138888e+03
3581	-1.130078e+03
3582	-1.135889e+03
3583	-1.137602e+03
3584	-1.147289e+03
3585	-1.149111e+03
3586	-1.113666e+03
3587	-1.141693e+03
3588	-1.131548e+03
3589	-1.151636e+03
3590	-1.134334e+03
3591	-1.126894e+03
3592	-1.120093e+03
3593	-1.120253e+03
3594	-1.111984e+03
3595	-1.151779e+03
3596	-1.116172e+03
3597	-1.127075e+03
3598	-1.135594e+03
3599	-1.106811e+03
3600	-1.129781e+03
3601	-1.125945e+03
3602	-1.123415e+03
3603	-1.137269e+03
3604	-1.142555e+03
3605	-1.126534e+03
3606	-1.138306e+03
3607	-1.132716e+03
3608	-1.133615e+03
3609	-1.130261e+03
3610	-1.126903e+03
3611	-1.120037e+03
3612	-1.110645e+03
3613	-1.136761e+03
3614	-1.128893e+03
3615	-1.123311e+03
3616	-1.113288e+03
3617	-1.112259e+03
3618	-1.123040e+03
3619	-1.124012e+03
3620	-1.131841e+03
3621	-1.134120e+03
3622	-1.137310e+03
3623	-1.140183e+03
3624	-1.120475e+03
3625	-1.129920e+03
3626	-1.122892e+03
3627	-1.123153e+03
3628	-1.129489e+03
3629	-1.122954e+03
3630	-1.128561e+03
3631	-1.131064e+03
3632	-1.140003e+03
3633	-1.125355e+03
3634	-1.130539e+03
3635	-1.135239e+03
3636	-1.128103e+03
3637	-1.130156e+03
3638	-1.136995e+03
3639	-1.137090e+03
3640	-1.122749e+03
3641	-1.118289e+03
3642	-1.109694e+03
3643	-1.121665e+03
3644	-1.127313e+03
3645	-1.149156e+03
3646	-1.119003e+03
3647	-1.130261e+03
3648	-1.135502e+03
3649	-1.126112e+03
3650	-1.134107e+03
3651	-1.131525e+03
3652	-1.122073e+03
3653	-1.148733e+03
3654	-1.140500e+03
3655	-1.130636e+03
3656	-1.143435e+03
3657	-1.135364e+03
3658	-1.118578e+03
3659	-1.130624e+03
3660	-1.116034e+03
3661	-1.108739e+03
3662	-1.123304e+03
3663	-1.143598e+03
3664	-1.122129e+03
3665	-1.131066e+03
3666	-1.117378e+03
3667	-1.133849e+03
3668	-1.137803e+03
3669	-1.145670e+03
3670	-1.108747e+03
3671	-1.136403e+03
3672	-1.110398e+03
3673	-1.114199e+03
3674	-1.116613e+03
3675	-1.140927e+03
3676	-1.131829e+03
3677	-1.120608e+03
3678	-1.110003e+03
3679	-1.106125e+03
3680	-1.120319e+03
3681	-1.130588e+03
3682	-1.127160e+03
3683	-1.119007e+03
3684	-1.133229e+03
3685	-1.130516e+03
3686	-1.114288e+03
3687	-1.120336e+03
3688	-1.130986e+03
3689	-1.134964e+03
3690	-1.138617e+03
3691	-1.135476e+03
3692	-1.127122e+03
3693	-1.128823e+03
3694	-1.133332e+03
3695	-1.125600e+03
3696	-1.129005e+03
3697	-1.138750e+03
3698	-1.136266e+03
3699	-1.132603e+03
3700	-1.134061e+03
3701	-1.120393e+03
3702	-1.116713e+03
3703	-1.128238e+03
3704	-1.144154e+03
3705	-1.121594e+03
3706	-1.125255e+03
3707	-1.138112e+03
3708	-1.127652e+03
3709	-1.123492e+03
3710	-1.127147e+03
3711	-1.142924e+03
3712	-1.128913e+03
3713	-1.136045e+03
3714	-1.144268e+03
3715	-1.132984e+03
3716	-1.144208e+03
3717	-1.127379e+03
3718	-1.128454e+03
3719	-1.133910e+03
3720	-1.122098e+03
3721	-1.113483e+03
3722	-1.142701e+03
3723	-1.131752e+03
3724	-1.138141e+03
3725	-1.122119e+03
3726	-1.126491e+03
3727	-1.137599e+03
3728	-1.122722e+03
3729	-1.132362e+03
3730	-1.127183e+03
3731	-1.135483e+03
3732	-1.137173e+03
3733	-1.131252e+03
3734	-1.139003e+03
3735	-1.120118e+03
3736	-1.129276e+03
3737	-1.115725e+03
3738	-1.141435e+03
3739	-1.135627e+03
3740	-1.134020e+03
3741	-1.129367e+03
3742	-1.127440e+03
3743	-1.124861e+03
3744	-1.128521e+03
3745	-1.126908e+03
3746	-1.127921e+03
3747	-1.143916e+03
3748	-1.128691e+03
3749	-1.116132e+03
3750	-1.118548e+03
3751	-1.132948e+03
3752	-1.128537e+03
3753	-1.120734e+03
3754	-1.145670e+03
3755	-1.143141e+03
3756	-1.130495e+03
3757	-1.139215e+03
3758	-1.128544e+03
3759	-1.143147e+03
3760	-1.114700e+03
3761	-1.143140e+03
3762	-1.118373e+03
3763	-1.130957e+03
3764	-1.136738e+03
3765	-1.123271e+03
3766	-1.126776e+03
3767	-1.139324e+03
3768	-1.131056e+03
3769	-1.141536e+03
3770	-1.138367e+03
3771	-1.136837e+03
3772	-1.121066e+03
3773	-1.111198e+03
3774	-1.131409e+03
3775	-1.142566e+03
3776	-1.130480e+03
3777	-1.141280e+03
3778	-1.132432e+03
3779	-1.142498e+03
3780	-1.146531e+03
3781	-1.108284e+03
3782	-1.131005e+03
3783	-1.109151e+03
3784	-1.135768e+03
3785	-1.145176e+03
3786	-1.120072e+03
3787	-1.129696e+03
3788	-1.127095e+03
3789	-1.144449e+03
3790	-1.140069e+03
3791	-1.120133e+03
3792	-1.099099e+03
3793	-1.122883e+03
3794	-1.123920e+03
3795	-1.124012e+03
3796	-1.137491e+03
3797	-1.123943e+03
3798	-1.145196e+03
3799	-1.132300e+03
3800	-1.138561e+03
3801	-1.121850e+03
3802	-1.141944e+03
3803	-1.140550e+03
3804	-1.129053e+03
3805	-1.130840e+03
3806	-1.133575e+03
3807	-1.126446e+03
3808	-1.125959e+03
3809	-1.135846e+03
3810	-1.126433e+03
3811	-1.128740e+03
3812	-1.152475e+03
3813	-1.118186e+03
3814	-1.143092e+03
3815	-1.128206e+03
3816	-1.118169e+03
3817	-1.143623e+03
3818	-1.126428e+03
3819	-1.145548e+03
3820	-1.122497e+03
3821	-1.126518e+03
3822	-1.126779e+03
3823	-1.133200e+03
3824	-1.117620e+03
3825	-1.116707e+03
3826	-1.117886e+03
3827	-1.120621e+03
3828	-1.147633e+03
3829	-1.126726e+03
3830	-1.145676e+03
3831	-1.114666e+03
3832	-1.132180e+03
3833	-1.131755e+03
3834	-1.135289e+03
3835	-1.122414e+03
3836	-1.115518e+03
3837	-1.128891e+03
3838	-1.121339e+03
3839	-1.145095e+03
3840	-1.132550e+03
3841	-1.128917e+03
3842	-1.140164e+03
3843	-1.110605e+03
3844	-1.139308e+03
3845	-1.141428e+03
3846	-1.145649e+03
3847	-1.126155e+03
3848	-1.138218e+03
3849	-1.138924e+03
3850	-1.132092e+03
3851	-1.113637e+03
3852	-1.123006e+03
3853	-1.127793e+03
3854	-1.113223e+03
3855	-1.134234e+03
3856	-1.137750e+03
3857	-1.148471e+03
3858	-1.136651e+03
3859	-1.109184e+03
3860	-1.131139e+03
3861	-1.119196e+03
3862	-1.123811e+03
3863	-1.139863e+03
3864	-1.125659e+03
3865	-1.122072e+03
3866	-1.131243e+03
3867	-1.137093e+03
3868	-1.145644e+03
3869	-1.126639e+03
3870	-1.125661e+03
3871	-1.108772e+03
3872	-1.127844e+03
3873	-1.122476e+03
3874	-1.133224e+03
3875	-1.131991e+03
3876	-1.124677e+03
3877	-1.133010e+03
3878	-1.120498e+03
3879	-1.115279e+03
3880	-1.137751e+03
3881	-1.126205e+03
3882	-1.124656e+03
3883	-1.124112e+03
3884	-1.123407e+03
3885	-1.129031e+03
3886	-1.097645e+03
3887	-1.114595e+03
3888	-1.150282e+03
3889	-1.120472e+03
3890	-1.114496e+03
3891	-1.115365e+03
3892	-1.131582e+03
3893	-1.121963e+03
3894	-1.127407e+03
3895	-1.146246e+03
3896	-1.131907e+03
3897	-1.135383e+03
3898	-1.137214e+03
3899	-1.109350e+03
3900	-1.146822e+03
3901	-1.135392e+03
3902	-1.120042e+03
3903	-1.136551e+03
3904	-1.136800e+03
3905	-1.148645e+03
3906	-1.127563e+03
3907	-1.140031e+03
3908	-1.111199e+03
3909	-1.104505e+03
3910	-1.126337e+03
3911	-1.135691e+03
3912	-1.135769e+03
3913	-1.135078e+03
3914	-1.133711e+03
3915	-1.124677e+03
3916	-1.117227e+03
3917	-1.130935e+03
3918	-1.114937e+03
3919	-1.132193e+03
3920	-1.134501e+03
3921	-1.121105e+03
3922	-1.121920e+03
3923	-1.121390e+03
3924	-1.142628e+03
3925	-1.108041e+03
3926	-1.097282e+03
3927	-1.124202e+03
3928	-1.140872e+03
3929	-1.131276e+03
3930	-1.115783e+03
3931	-1.139138e+03
3932	-1.123108e+03
3933	-1.122193e+03
3934	-1.125583e+03
3935	-1.157342e+03
3936	-1.139053e+03
3937	-1.117618e+03
3938	-1.151922e+03
3939	-1.131812e+03
3940	-1.149191e+03
3941	-1.121393e+03
3942	-1.103716e+03
3943	-1.147107e+03
3944	-1.140194e+03
3945	-1.115563e+03
3946	-1.130107e+03
3947	-1.136785e+03
3948	-1.126497e+03
3949	-1.114220e+03
3950	-1.116652e+03
3951	-1.122982e+03
3952	-1.140639e+03
3953	-1.119100e+03
3954	-1.114169e+03
3955	-1.139488e+03
3956	-1.128288e+03
3957	-1.129918e+03
3958	-1.125466e+03
3959	-1.125379e+03
3960	-1.120159e+03
3961	-1.158661e+03
3962	-1.127328e+03
3963	-1.146423e+03
3964	-1.124694e+03
3965	-1.127365e+03
3966	-1.133638e+03
3967	-1.122088e+03
3968	-1.119057e+03
3969	-1.151437e+03
3970	-1.124257e+03
3971	-1.120235e+03
3972	-1.137390e+03
3973	-1.129628e+03
3974	-1.143849e+03
3975	-1.127573e+03
3976	-1.117538e+03
3977	-1.128365e+03
3978	-1.136022e+03
3979	-1.122112e+03
3980	-1.137594e+03
3981	-1.135929e+03
3982	-1.128471e+03
3983	-1.120450e+03
3984	-1.111587e+03
3985	-1.119582e+03
3986	-1.131992e+03
3987	-1.118819e+03
3988	-1.126167e+03
3989	-1.142410e+03
3990	-1.114755e+03
3991	-1.145558e+03
3992	-1.120375e+03
3993	-1.131288e+03
3994	-1.109222e+03
3995	-1.130519e+03
3996	-1.111416e+03
3997	-1.149425e+03
3998	-1.121071e+03
3999	-1.117680e+03
4000	-1.124897e+03
4001	-1.113361e+03
4002	-1.133288e+03
4003	-1.138350e+03
4004	-1.111469e+03
4005	-1.121381e+03
4006	-1.148244e+03
4007	-1.139522e+03
4008	-1.140835e+03
4009	-1.127076e+03
4010	-1.120402e+03
4011	-1.130332e+03
4012	-1.138719e+03
4013	-1.122338e+03
4014	-1.114402e+03
4015	-1.125363e+03
4016	-1.127423e+03
4017	-1.106211e+03
4018	-1.110370e+03
4019	-1.126072e+03
4020	-1.118609e+03
4021	-1.107685e+03
4022	-1.127109e+03
4023	-1.126758e+03
4024	-1.143739e+03
4025	-1.120227e+03
4026	-1.142103e+03
4027	-1.133920e+03
4028	-1.142983e+03
4029	-1.126132e+03
4030	-1.132026e+03
4031	-1.128396e+03
4032	-1.125053e+03
4033	-1.117454e+03
4034	-1.130309e+03
4035	-1.149669e+03
4036	-1.129220e+03
4037	-1.107996e+03
4038	-1.119328e+03
4039	-1.113864e+03
4040	-1.120937e+03
4041	-1.120167e+03
4042	-1.134298e+03
4043	-1.140562e+03
4044	-1.128959e+03
4045	-1.128489e+03
4046	-1.131978e+03
4047	-1.112982e+03
4048	-1.126354e+03
4049	-1.109506e+03
4050	-1.131077e+03
4051	-1.103778e+03
4052	-1.131041e+03
4053	-1.111475e+03
4054	-1.122800e+03
4055	-1.116322e+03
4056	-1.123449e+03
4057	-1.137121e+03
4058	-1.133314e+03
4059	-1.142885e+03
4060	-1.140520e+03
4061	-1.129618e+03
4062	-1.119077e+03
4063	-1.155418e+03
4064	-1.136151e+03
4065	-1.119529e+03
4066	-1.128241e+03
4067	-1.128323e+03
4068	-1.128582e+03
4069	-1.107118e+03
4070	-1.132082e+03
4071	-1.121269e+03
4072	-1.124304e+03
4073	-1.120881e+03
4074	-1.130203e+03
4075	-1.130032e+03
4076	-1.121897e+03
4077	-1.123953e+03
4078	-1.139076e+03
4079	-1.136111e+03
4080	-1.123350e+03
4081	-1.123300e+03
4082	-1.131410e+03
4083	-1.127261e+03
4084	-1.130350e+03
4085	-1.117641e+03
4086	-1.112826e+03
4087	-1.118858e+03
4088	-1.132370e+03
4089	-1.144069e+03
4090	-1.122434e+03
4091	-1.136046e+03
4092	-1.121334e+03
4093	-1.131281e+03
4094	-1.134085e+03
4095	-1.141687e+03
4096	-1.131985e+03
4097	-1.125808e+03
4098	-1.152925e+03
4099	-1.122421e+03
4100	-1.123078e+03
4101	-1.143936e+03
4102	-1.133841e+03
4103	-1.114388e+03
4104	-1.132161e+03
4105	-1.136513e+03
4106	-1.114240e+03
4107	-1.124752e+03
4108	-1.120091e+03
4109	-1.121338e+03
4110	-1.151233e+03
4111	-1.124050e+03
4112	-1.138907e+03
4113	-1.114928e+03
4114	-1.148730e+03
4115	-1.132004e+03
4116	-1.127391e+03
4117	-1.130581e+03
4118	-1.120398e+03
4119	-1.142824e+03
4120	-1.134010e+03
4121	-1.135927e+03
4122	-1.136074e+03
4123	-1.138788e+03
4124	-1.134172e+03
4125	-1.136335e+03
4126	-1.115569e+03
4127	-1.128303e+03
4128	-1.137149e+03
4129	-1.122684e+03
4130	-1.139577e+03
4131	-1.145365e+03
4132	-1.116554e+03
4133	-1.136618e+03
4134	-1.140184e+03
4135	-1.129804e+03
4136	-1.133969e+03
4137	-1.134341e+03
4138	-1.137703e+03
4139	-1.136458e+03
4140	-1.129385e+03
4141	-1.119068e+03
4142	-1.111689e+03
4143	-1.135075e+03
4144	-1.139191e+03
4145	-1.135774e+03
4146	-1.124029e+03
4147	-1.122975e+03
4148	-1.135480e+03
4149	-1.139885e+03
4150	-1.121746e+03
4151	-1.112301e+03
4152	-1.130058e+03
4153	-1.130789e+03
4154	-1.135234e+03
4155	-1.140607e+03
4156	-1.123867e+03
4157	-1.141970e+03
4158	-1.133464e+03
4159	-1.113407e+03
4160	-1.106844e+03
4161	-1.143029e+03
4162	-1.127777e+03
4163	-1.132610e+03
4164	-1.123998e+03
4165	-1.131015e+03
4166	-1.141981e+03
4167	-1.139352e+03
4168	-1.137805e+03
4169	-1.127601e+03
4170	-1.146056e+03
4171	-1.109229e+03
4172	-1.153053e+03
4173	-1.138532e+03
4174	-1.148811e+03
4175	-1.131048e+03
4176	-1.125565e+03
4177	-1.139285e+03
4178	-1.124499e+03
4179	-1.142831e+03
4180	-1.136200e+03
4181	-1.144644e+03
4182	-1.152941e+03
4183	-1.128659e+03
4184	-1.110674e+03
4185	-1.133545e+03
4186	-1.132768e+03
4187	-1.134416e+03
4188	-1.120697e+03
4189	-1.130120e+03
4190	-1.141132e+03
4191	-1.121341e+03
4192	-1.089927e+03
4193	-1.137825e+03
4194	-1.126361e+03
4195	-1.137929e+03
4196	-1.140016e+03
4197	-1.138114e+03
4198	-1.138188e+03
4199	-1.128441e+03
4200	-1.127806e+03
4201	-1.121563e+03
4202	-1.138475e+03
4203	-1.139616e+03
4204	-1.116047e+03
4205	-1.130842e+03
4206	-1.112533e+03
4207	-1.122828e+03
4208	-1.127660e+03
4209	-1.134096e+03
4210	-1.135186e+03
4211	-1.134471e+03
4212	-1.119667e+03
4213	-1.122153e+03
4214	-1.151323e+03
4215	-1.149436e+03
4216	-1.115054e+03
4217	-1.141013e+03
4218	-1.130064e+03
4219	-1.118830e+03
4220	-1.147107e+03
4221	-1.104604e+03
4222	-1.131715e+03
4223	-1.118181e+03
4224	-1.118894e+03
4225	-1.127868e+03
4226	-1.144826e+03
4227	-1.138392e+03
4228	-1.138840e+03
4229	-1.135649e+03
4230	-1.123057e+03
4231	-1.117337e+03
4232	-1.127603e+03
4233	-1.132262e+03
4234	-1.128563e+03
4235	-1.142007e+03
4236	-1.114961e+03
4237	-1.127097e+03
4238	-1.130158e+03
4239	-1.136332e+03
4240	-1.133330e+03
4241	-1.138022e+03
4242	-1.147710e+03
4243	-1.126441e+03
4244	-1.124604e+03
4245	-1.145676e+03
4246	-1.110023e+03
4247	-1.126082e+03
4248	-1.132155e+03
4249	-1.132071e+03
4250	-1.131269e+03
4251	-1.121214e+03
4252	-1.124671e+03
4253	-1.122251e+03
4254	-1.128070e+03
4255	-1.144149e+03
4256	-1.135824e+03
4257	-1.143558e+03
4258	-1.118540e+03
4259	-1.133373e+03
4260	-1.143226e+03
4261	-1.147957e+03
4262	-1.107003e+03
4263	-1.111761e+03
4264	-1.109481e+03
4265	-1.145009e+03
4266	-1.124624e+03
4267	-1.137067e+03
4268	-1.133644e+03
4269	-1.130392e+03
4270	-1.128232e+03
4271	-1.117634e+03
4272	-1.121094e+03
4273	-1.113814e+03
4274	-1.129791e+03
4275	-1.133273e+03
4276	-1.123933e+03
4277	-1.118660e+03
4278	-1.151951e+03
4279	-1.117178e+03
4280	-1.116212e+03
4281	-1.143291e+03
4282	-1.134758e+03
4283	-1.118204e+03
4284	-1.136060e+03
4285	-1.147346e+03
4286	-1.134707e+03
4287	-1.144614e+03
4288	-1.125738e+03
4289	-1.142644e+03
4290	-1.126112e+03
4291	-1.122062e+03
4292	-1.123755e+03
4293	-1.119280e+03
4294	-1.130081e+03
4295	-1.132191e+03
4296	-1.139265e+03
4297	-1.134308e+03
4298	-1.129732e+03
4299	-1.125603e+03
4300	-1.133753e+03
4301	-1.128998e+03
4302	-1.126426e+03
4303	-1.124489e+03
4304	-1.145956e+03
4305	-1.136583e+03
4306	-1.108954e+03
4307	-1.132408e+03
4308	-1.117747e+03
4309	-1.096333e+03
4310	-1.139765e+03
4311	-1.123024e+03
4312	-1.122796e+03
4313	-1.123229e+03
4314	-1.120421e+03
4315	-1.128809e+03
4316	-1.120449e+03
4317	-1.129279e+03
4318	-1.125185e+03
4319	-1.145823e+03
4320	-1.122516e+03
4321	-1.129423e+03
4322	-1.116630e+03
4323	-1.132987e+03
4324	-1.138475e+03
4325	-1.123688e+03
4326	-1.130843e+03
4327	-1.123186e+03
4328	-1.122439e+03
4329	-1.124880e+03
4330	-1.118444e+03
4331	-1.131101e+03
4332	-1.141399e+03
4333	-1.133103e+03
4334	-1.136472e+03
4335	-1.122157e+03
4336	-1.130242e+03
4337	-1.120440e+03
4338	-1.122526e+03
4339	-1.153420e+03
4340	-1.134087e+03
4341	-1.112565e+03
4342	-1.134430e+03
4343	-1.135662e+03
4344	-1.130874e+03
4345	-1.129155e+03
4346	-1.128014e+03
4347	-1.150710e+03
4348	-1.138864e+03
4349	-1.141998e+03
4350	-1.129781e+03
4351	-1.114748e+03
4352	-1.124086e+03
4353	-1.147556e+03
4354	-1.163641e+03
4355	-1.133607e+03
4356	-1.131369e+03
4357	-1.131512e+03
4358	-1.133308e+03
4359	-1.112321e+03
4360	-1.133945e+03
4361	-1.124597e+03
4362	-1.123512e+03
4363	-1.111000e+03
4364	-1.121951e+03
4365	-1.119017e+03
4366	-1.130848e+03
4367	-1.118322e+03
4368	-1.131887e+03
4369	-1.142160e+03
4370	-1.139487e+03
4371	-1.123967e+03
4372	-1.114692e+03
4373	-1.157251e+03
4374	-1.139303e+03
4375	-1.119693e+03
4376	-1.139119e+03
4377	-1.110234e+03
4378	-1.116035e+03
4379	-1.132897e+03
4380	-1.121134e+03
4381	-1.133124e+03
4382	-1.116718e+03
4383	-1.133921e+03
4384	-1.110095e+03
4385	-1.112482e+03
4386	-1.134829e+03
4387	-1.107089e+03
4388	-1.127817e+03
4389	-1.128386e+03
4390	-1.130597e+03
4391	-1.119794e+03
4392	-1.120842e+03
4393	-1.138054e+03
4394	-1.126413e+03
4395	-1.127221e+03
4396	-1.128055e+03
4397	-1.129561e+03
4398	-1.127624e+03
4399	-1.135447e+03
4400	-1.140128e+03
4401	-1.137591e+03
4402	-1.118437e+03
4403	-1.109602e+03
4404	-1.121075e+03
4405	-1.133871e+03
4406	-1.130544e+03
4407	-1.112895e+03
4408	-1.143398e+03
4409	-1.142563e+03
4410	-1.127001e+03
4411	-1.122207e+03
4412	-1.111893e+03
4413	-1.134197e+03
4414	-1.146972e+03
4415	-1.149232e+03
4416	-1.125075e+03
4417	-1.136210e+03
4418	-1.123050e+03
4419	-1.151617e+03
4420	-1.140629e+03
4421	-1.129009e+03
4422	-1.125894e+03
4423	-1.137360e+03
4424	-1.128215e+03
4425	-1.143289e+03
4426	-1.109495e+03
4427	-1.120221e+03
4428	-1.135191e+03
4429	-1.138037e+03
4430	-1.128960e+03
4431	-1.136780e+03
4432	-1.144321e+03
4433	-1.121126e+03
4434	-1.138662e+03
4435	-1.135334e+03
4436	-1.115833e+03
4437	-1.132477e+03
4438	-1.135113e+03
4439	-1.141878e+03
4440	-1.107825e+03
4441	-1.135790e+03
4442	-1.151333e+03
4443	-1.107989e+03
4444	-1.130619e+03
4445	-1.141839e+03
4446	-1.120431e+03
4447	-1.124206e+03
4448	-1.142871e+03
4449	-1.129358e+03
4450	-1.128034e+03
4451	-1.133266e+03
4452	-1.115759e+03
4453	-1.131157e+03
4454	-1.125420e+03
4455	-1.133904e+03
4456	-1.152606e+03
4457	-1.149117e+03
4458	-1.125634e+03
4459	-1.143827e+03
4460	-1.114074e+03
4461	-1.115364e+03
4462	-1.115422e+03
4463	-1.147042e+03
4464	-1.133784e+03
4465	-1.136536e+03
4466	-1.114608e+03
4467	-1.128597e+03
4468	-1.134183e+03
4469	-1.143772e+03
4470	-1.110389e+03
4471	-1.121011e+03
4472	-1.126644e+03
4473	-1.132024e+03
4474	-1.117298e+03
4475	-1.134746e+03
4476	-1.141240e+03
4477	-1.132675e+03
4478	-1.131777e+03
4479	-1.130687e+03
4480	-1.119318e+03
4481	-1.128131e+03
4482	-1.118597e+03
4483	-1.116355e+03
4484	-1.119025e+03
4485	-1.139694e+03
4486	-1.129895e+03
4487	-1.120835e+03
4488	-1.130520e+03
4489	-1.154923e+03
4490	-1.137910e+03
4491	-1.137676e+03
4492	-1.099801e+03
4493	-1.141640e+03
4494	-1.123763e+03
4495	-1.130408e+03
4496	-1.126670e+03
4497	-1.130883e+03
4498	-1.132169e+03
4499	-1.117273e+03
4500	-1.131446e+03
4501	-1.124566e+03
4502	-1.117129e+03
4503	-1.127037e+03
4504	-1.116152e+03
4505	-1.115119e+03
4506	-1.140372e+03
4507	-1.134393e+03
4508	-1.121411e+03
4509	-1.126391e+03
4510	-1.144695e+03
4511	-1.137555e+03
4512	-1.123562e+03
4513	-1.140567e+03
4514	-1.122093e+03
4515	-1.141138e+03
4516	-1.121949e+03
4517	-1.129840e+03
4518	-1.119194e+03
4519	-1.123743e+03
4520	-1.136690e+03
4521	-1.152227e+03
4522	-1.111312e+03
4523	-1.134337e+03
4524	-1.129907e+03
4525	-1.126738e+03
4526	-1.128580e+03
4527	-1.135390e+03
4528	-1.103369e+03
4529	-1.111510e+03
4530	-1.141190e+03
4531	-1.121378e+03
4532	-1.123675e+03
4533	-1.142843e+03
4534	-1.141457e+03
4535	-1.135667e+03
4536	-1.138773e+03
4537	-1.140241e+03
4538	-1.127519e+03
4539	-1.125730e+03
4540	-1.123813e+03
4541	-1.130905e+03
4542	-1.137847e+03
4543	-1.138796e+03
4544	-1.145217e+03
4545	-1.133593e+03
4546	-1.130588e+03
4547	-1.115769e+03
4548	-1.122115e+03
4549	-1.141085e+03
4550	-1.126926e+03
4551	-1.128402e+03
4552	-1.129289e+03
4553	-1.135326e+03
4554	-1.118483e+03
4555	-1.125991e+03
4556	-1.143826e+03
4557	-1.112159e+03
4558	-1.120244e+03
4559	-1.114804e+03
4560	-1.127231e+03
4561	-1.119553e+03
4562	-1.127123e+03
4563	-1.111120e+03
4564	-1.114684e+03
4565	-1.133345e+03
4566	-1.140006e+03
4567	-1.126612e+03
4568	-1.128142e+03
4569	-1.127311e+03
4570	-1.119270e+03
4571	-1.125166e+03
4572	-1.129359e+03
4573	-1.115213e+03
4574	-1.138373e+03
4575	-1.132420e+03
4576	-1.133285e+03
4577	-1.121967e+03
4578	-1.145912e+03
4579	-1.141229e+03
4580	-1.123747e+03
4581	-1.131025e+03
4582	-1.131244e+03
4583	-1.115699e+03
4584	-1.151158e+03
4585	-1.136308e+03
4586	-1.136824e+03
4587	-1.120162e+03
4588	-1.123711e+03
4589	-1.123363e+03
4590	-1.122342e+03
4591	-1.129472e+03
4592	-1.125535e+03
4593	-1.114043e+03
4594	-1.123084e+03
4595	-1.165102e+03
4596	-1.127771e+03
4597	-1.129884e+03
4598	-1.115971e+03
4599	-1.141027e+03
4600	-1.115346e+03
4601	-1.115669e+03
4602	-1.125264e+03
4603	-1.125119e+03
4604	-1.120035e+03
4605	-1.138240e+03
4606	-1.127430e+03
4607	-1.102350e+03
4608	-1.124502e+03
4609	-1.143112e+03
4610	-1.119895e+03
4611	-1.104585e+03
4612	-1.145964e+03
4613	-1.115557e+03
4614	-1.123676e+03
4615	-1.129059e+03
4616	-1.103688e+03
4617	-1.127736e+03
4618	-1.131411e+03
4619	-1.109439e+03
4620	-1.147946e+03
4621	-1.113587e+03
4622	-1.117399e+03
4623	-1.148667e+03
4624	-1.114962e+03
4625	-1.125951e+03
4626	-1.138161e+03
4627	-1.137828e+03
4628	-1.112880e+03
4629	-1.132449e+03
4630	-1.118292e+03
4631	-1.112878e+03
4632	-1.122483e+03
4633	-1.121862e+03
4634	-1.133151e+03
4635	-1.133193e+03
4636	-1.139028e+03
4637	-1.128537e+03
4638	-1.139346e+03
4639	-1.124060e+03
4640	-1.133641e+03
4641	-1.137009e+03
4642	-1.127296e+03
4643	-1.135926e+03
4644	-1.126843e+03
4645	-1.107233e+03
4646	-1.112472e+03
4647	-1.129098e+03
4648	-1.161085e+03
4649	-1.113617e+03
4650	-1.139675e+03
4651	-1.154166e+03
4652	-1.127990e+03
4653	-1.118856e+03
4654	-1.112858e+03
4655	-1.105979e+03
4656	-1.130634e+03
4657	-1.099287e+03
4658	-1.143027e+03
4659	-1.131554e+03
4660	-1.128488e+03
4661	-1.131916e+03
4662	-1.138888e+03
4663	-1.130404e+03
4664	-1.120941e+03
4665	-1.114652e+03
4666	-1.113385e+03
4667	-1.129553e+03
4668	-1.125025e+03
4669	-1.125409e+03
4670	-1.120731e+03
4671	-1.152785e+03
4672	-1.121323e+03
4673	-1.127230e+03
4674	-1.116869e+03
4675	-1.134897e+03
4676	-1.146009e+03
4677	-1.128003e+03
4678	-1.133715e+03
4679	-1.124386e+03
4680	-1.139367e+03
4681	-1.132961e+03
4682	-1.125837e+03
4683	-1.144323e+03
4684	-1.108172e+03
4685	-1.132491e+03
4686	-1.130233e+03
4687	-1.124147e+03
4688	-1.126018e+03
4689	-1.126597e+03
4690	-1.130191e+03
4691	-1.112660e+03
4692	-1.104280e+03
4693	-1.109257e+03
4694	-1.111808e+03
4695	-1.139582e+03
4696	-1.114255e+03
4697	-1.108443e+03
4698	-1.113341e+03
4699	-1.113442e+03
4700	-1.129255e+03
4701	-1.149922e+03
4702	-1.124027e+03
4703	-1.127723e+03
4704	-1.128297e+03
4705	-1.129938e+03
4706	-1.129471e+03
4707	-1.130663e+03
4708	-1.108269e+03
4709	-1.127350e+03
4710	-1.124631e+03
4711	-1.133754e+03
4712	-1.116000e+03
4713	-1.137195e+03
4714	-1.129856e+03
4715	-1.140906e+03
4716	-1.127792e+03
4717	-1.119641e+03
4718	-1.135511e+03
4719	-1.140881e+03
4720	-1.122332e+03
4721	-1.133721e+03
4722	-1.119251e+03
4723	-1.118748e+03
4724	-1.122894e+03
4725	-1.136469e+03
4726	-1.123828e+03
4727	-1.113653e+03
4728	-1.142791e+03
4729	-1.133097e+03
4730	-1.132188e+03
4731	-1.118519e+03
4732	-1.130897e+03
4733	-1.116622e+03
4734	-1.119073e+03
4735	-1.124668e+03
4736	-1.133286e+03
4737	-1.125503e+03
4738	-1.121050e+03
4739	-1.129332e+03
4740	-1.129383e+03
4741	-1.143937e+03
4742	-1.110683e+03
4743	-1.119177e+03
4744	-1.135763e+03
4745	-1.124125e+03
4746	-1.141599e+03
4747	-1.155232e+03
4748	-1.119536e+03
4749	-1.156381e+03
4750	-1.125196e+03
4751	-1.137600e+03
4752	-1.139682e+03
4753	-1.124505e+03
4754	-1.116200e+03
4755	-1.142989e+03
4756	-1.112566e+03
4757	-1.118386e+03
4758	-1.115076e+03
4759	-1.124682e+03
4760	-1.127607e+03
4761	-1.123433e+03
4762	-1.135177e+03
4763	-1.132413e+03
4764	-1.146425e+03
4765	-1.130548e+03
4766	-1.134618e+03
4767	-1.123416e+03
4768	-1.141073e+03
4769	-1.103156e+03
4770	-1.135483e+03
4771	-1.115241e+03
4772	-1.127958e+03
4773	-1.133740e+03
4774	-1.121005e+03
4775	-1.116280e+03
4776	-1.111494e+03
4777	-1.135526e+03
4778	-1.123040e+03
4779	-1.139229e+03
4780	-1.138729e+03
4781	-1.109895e+03
4782	-1.151572e+03
4783	-1.130950e+03
4784	-1.136198e+03
4785	-1.153139e+03
4786	-1.127696e+03
4787	-1.134481e+03
4788	-1.136846e+03
4789	-1.121791e+03
4790	-1.123816e+03
4791	-1.116087e+03
4792	-1.119465e+03
4793	-1.123033e+03
4794	-1.125577e+03
4795	-1.122499e+03
4796	-1.142597e+03
4797	-1.116133e+03
4798	-1.142795e+03
4799	-1.145704e+03
4800	-1.131912e+03
4801	-1.136684e+03
4802	-1.129936e+03
4803	-1.124885e+03
4804	-1.132131e+03
4805	-1.130522e+03
4806	-1.117599e+03
4807	-1.100229e+03
4808	-1.154433e+03
4809	-1.132526e+03
4810	-1.132324e+03
4811	-1.157625e+03
4812	-1.128410e+03
4813	-1.127582e+03
4814	-1.139893e+03
4815	-1.134547e+03
4816	-1.106509e+03
4817	-1.115038e+03
4818	-1.118079e+03
4819	-1.129889e+03
4820	-1.120046e+03
4821	-1.132937e+03
4822	-1.127996e+03
4823	-1.132430e+03
4824	-1.127063e+03
4825	-1.127649e+03
4826	-1.127205e+03
4827	-1.153372e+03
4828	-1.111335e+03
4829	-1.115468e+03
4830	-1.121743e+03
4831	-1.124112e+03
4832	-1.132751e+03
4833	-1.133824e+03
4834	-1.128477e+03
4835	-1.123306e+03
4836	-1.139419e+03
4837	-1.128487e+03
4838	-1.117781e+03
4839	-1.137776e+03
4840	-1.144055e+03
4841	-1.134919e+03
4842	-1.125971e+03
4843	-1.132439e+03
4844	-1.117814e+03
4845	-1.120659e+03
4846	-1.129272e+03
4847	-1.134641e+03
4848	-1.137637e+03
4849	-1.135308e+03
4850	-1.132506e+03
4851	-1.120491e+03
4852	-1.133241e+03
4853	-1.127488e+03
4854	-1.149238e+03
4855	-1.114106e+03
4856	-1.105887e+03
4857	-1.132578e+03
4858	-1.120496e+03
4859	-1.136194e+03
4860	-1.128604e+03
4861	-1.143496e+03
4862	-1.114925e+03
4863	-1.132958e+03
4864	-1.136487e+03
4865	-1.120803e+03
4866	-1.136597e+03
4867	-1.130178e+03
4868	-1.127267e+03
4869	-1.142916e+03
4870	-1.124759e+03
4871	-1.146412e+03
4872	-1.139585e+03
4873	-1.133593e+03
4874	-1.126529e+03
4875	-1.125013e+03
4876	-1.138407e+03
4877	-1.131727e+03
4878	-1.136499e+03
4879	-1.147582e+03
4880	-1.144070e+03
4881	-1.128222e+03
4882	-1.139057e+03
4883	-1.133067e+03
4884	-1.119821e+03
4885	-1.131973e+03
4886	-1.133812e+03
4887	-1.133950e+03
4888	-1.121430e+03
4889	-1.121571e+03
4890	-1.132152e+03
4891	-1.121947e+03
4892	-1.145860e+03
4893	-1.118573e+03
4894	-1.125520e+03
4895	-1.148556e+03
4896	-1.136778e+03
4897	-1.135718e+03
4898	-1.136157e+03
4899	-1.131574e+03
4900	-1.127143e+03
4901	-1.122692e+03
4902	-1.131545e+03
4903	-1.103951e+03
4904	-1.125219e+03
4905	-1.113697e+03
4906	-1.119501e+03
4907	-1.140882e+03
4908	-1.126455e+03
4909	-1.133414e+03
4910	-1.140184e+03
4911	-1.115659e+03
4912	-1.114767e+03
4913	-1.113920e+03
4914	-1.125319e+03
4915	-1.134984e+03
4916	-1.108310e+03
4917	-1.123182e+03
4918	-1.124816e+03
4919	-1.136421e+03
4920	-1.137176e+03
4921	-1.123374e+03
4922	-1.115862e+03
4923	-1.127927e+03
4924	-1.128929e+03
4925	-1.129667e+03
4926	-1.134757e+03
4927	-1.137034e+03
4928	-1.134253e+03
4929	-1.117620e+03
4930	-1.130726e+03
4931	-1.116204e+03
4932	-1.132081e+03
4933	-1.130872e+03
4934	-1.146231e+03
4935	-1.148570e+03
4936	-1.119983e+03
4937	-1.113935e+03
4938	-1.110319e+03
4939	-1.117893e+03
4940	-1.128765e+03
4941	-1.129141e+03
4942	-1.132248e+03
4943	-1.126610e+03
4944	-1.123009e+03
4945	-1.110109e+03
4946	-1.154159e+03
4947	-1.109760e+03
4948	-1.128690e+03
4949	-1.131047e+03
4950	-1.149576e+03
4951	-1.136857e+03
4952	-1.148038e+03
4953	-1.133958e+03
4954	-1.129804e+03
4955	-1.139577e+03
4956	-1.115654e+03
4957	-1.123104e+03
4958	-1.116596e+03
4959	-1.152970e+03
4960	-1.132747e+03
4961	-1.142039e+03
4962	-1.142918e+03
4963	-1.128795e+03
4964	-1.122486e+03
4965	-1.142585e+03
4966	-1.124118e+03
4967	-1.136396e+03
4968	-1.115041e+03
4969	-1.132256e+03
4970	-1.127080e+03
4971	-1.142465e+03
4972	-1.153671e+03
4973	-1.153953e+03
4974	-1.101959e+03
4975	-1.132712e+03
4976	-1.141869e+03
4977	-1.134065e+03
4978	-1.124238e+03
4979	-1.127486e+03
4980	-1.133651e+03
4981	-1.116815e+03
4982	-1.150584e+03
4983	-1.142010e+03
4984	-1.135422e+03
4985	-1.117859e+03
4986	-1.133170e+03
4987	-1.139317e+03
4988	-1.123599e+03
4989	-1.134758e+03
4990	-1.125659e+03
4991	-1.132075e+03
4992	-1.133776e+03
4993	-1.136380e+03
4994	-1.129337e+03
4995	-1.150030e+03
4996	-1.126183e+03
4997	-1.127787e+03
4998	-1.114499e+03
4999	-1.130033e+03
5000	-1.122624e+03
5001	-1.103963e+03
5002	-1.097213e+03
5003	-1.117180e+03
5004	-1.125446e+03
5005	-1.145750e+03
5006	-1.128598e+03
5007	-1.124946e+03
5008	-1.150407e+03
5009	-1.136045e+03
5010	-1.116290e+03
5011	-1.130098e+03
5012	-1.137741e+03
5013	-1.127640e+03
5014	-1.130787e+03
5015	-1.123299e+03
5016	-1.145974e+03
5017	-1.111296e+03
5018	-1.124065e+03
5019	-1.135906e+03
5020	-1.131444e+03
5021	-1.137151e+03
5022	-1.143313e+03
5023	-1.104295e+03
5024	-1.130080e+03
5025	-1.131903e+03
5026	-1.128070e+03
5027	-1.137079e+03
5028	-1.119516e+03
5029	-1.099244e+03
5030	-1.129797e+03
5031	-1.119309e+03
5032	-1.127300e+03
5033	-1.152191e+03
5034	-1.119689e+03
5035	-1.125424e+03
5036	-1.113715e+03
5037	-1.126501e+03
5038	-1.123069e+03
5039	-1.139317e+03
5040	-1.144193e+03
5041	-1.127792e+03
5042	-1.146837e+03
5043	-1.127370e+03
5044	-1.125875e+03
5045	-1.133129e+03
5046	-1.122147e+03
5047	-1.136896e+03
5048	-1.130011e+03
5049	-1.109333e+03
5050	-1.143113e+03
5051	-1.121672e+03
5052	-1.120586e+03
5053	-1.136091e+03
5054	-1.143119e+03
5055	-1.118508e+03
5056	-1.119385e+03
5057	-1.136045e+03
5058	-1.120429e+03
5059	-1.113427e+03
5060	-1.132033e+03
5061	-1.121006e+03
5062	-1.114716e+03
5063	-1.120918e+03
5064	-1.125194e+03
5065	-1.126233e+03
5066	-1.126340e+03
5067	-1.129366e+03
5068	-1.126785e+03
5069	-1.139414e+03
5070	-1.116131e+03
5071	-1.143193e+03
5072	-1.112568e+03
5073	-1.125676e+03
5074	-1.123749e+03
5075	-1.128437e+03
5076	-1.124301e+03
5077	-1.125730e+03
5078	-1.139356e+03
5079	-1.126183e+03
5080	-1.122778e+03
5081	-1.146372e+03
5082	-1.113361e+03
5083	-1.122562e+03
5084	-1.122974e+03
5085	-1.137731e+03
5086	-1.120496e+03
5087	-1.139974e+03
5088	-1.112833e+03
5089	-1.120004e+03
5090	-1.136271e+03
5091	-1.124240e+03
5092	-1.139494e+03
5093	-1.151922e+03
5094	-1.126815e+03
5095	-1.119515e+03
5096	-1.128061e+03
5097	-1.127377e+03
5098	-1.119079e+03
5099	-1.137365e+03
5100	-1.127089e+03
5101	-1.136049e+03
5102	-1.109220e+03
5103	-1.127408e+03
5104	-1.110160e+03
5105	-1.141104e+03
5106	-1.144387e+03
5107	-1.137235e+03
5108	-1.149121e+03
5109	-1.131389e+03
5110	-1.119348e+03
5111	-1.126317e+03
5112	-1.131486e+03
5113	-1.125267e+03
5114	-1.133113e+03
5115	-1.123117e+03
5116	-1.139620e+03
5117	-1.117236e+03
5118	-1.131971e+03
5119	-1.123913e+03
5120	-1.134073e+03
5121	-1.131996e+03
5122	-1.122531e+03
5123	-1.136764e+03
5124	-1.134579e+03
5125	-1.126503e+03
5126	-1.120345e+03
5127	-1.142084e+03
5128	-1.131850e+03
5129	-1.126746e+03
5130	-1.124903e+03
5131	-1.121931e+03
5132	-1.133043e+03
5133	-1.118630e+03
5134	-1.122307e+03
5135	-1.126883e+03
5136	-1.121612e+03
5137	-1.120157e+03
5138	-1.139174e+03
5139	-1.125087e+03
5140	-1.113193e+03
5141	-1.123796e+03
5142	-1.131753e+03
5143	-1.126661e+03
5144	-1.131894e+03
5145	-1.124002e+03
5146	-1.145271e+03
5147	-1.121476e+03
5148	-1.119277e+03
5149	-1.128455e+03
5150	-1.131976e+03
5151	-1.114961e+03
5152	-1.146153e+03
5153	-1.135581e+03
5154	-1.143190e+03
5155	-1.135022e+03
5156	-1.139025e+03
5157	-1.131873e+03
5158	-1.122415e+03
5159	-1.130389e+03
5160	-1.147707e+03
5161	-1.137537e+03
5162	-1.140859e+03
5163	-1.124210e+03
5164	-1.136196e+03
5165	-1.104919e+03
5166	-1.152250e+03
5167	-1.153762e+03
5168	-1.113654e+03
5169	-1.110475e+03
5170	-1.137766e+03
5171	-1.151662e+03
5172	-1.124735e+03
5173	-1.121807e+03
5174	-1.139403e+03
5175	-1.137555e+03
5176	-1.124084e+03
5177	-1.128743e+03
5178	-1.121564e+03
5179	-1.151797e+03
5180	-1.130377e+03
5181	-1.154490e+03
5182	-1.121621e+03
5183	-1.111817e+03
5184	-1.126495e+03
5185	-1.123692e+03
5186	-1.135572e+03
5187	-1.127128e+03
5188	-1.130735e+03
5189	-1.115760e+03
5190	-1.119955e+03
5191	-1.146161e+03
5192	-1.110054e+03
5193	-1.113649e+03
5194	-1.136298e+03
5195	-1.115683e+03
5196	-1.126132e+03
5197	-1.139662e+03
5198	-1.152371e+03
5199	-1.130202e+03
5200	-1.139885e+03
5201	-1.119582e+03
5202	-1.123443e+03
5203	-1.116805e+03
5204	-1.125418e+03
5205	-1.128576e+03
5206	-1.124984e+03
5207	-1.144056e+03
5208	-1.120444e+03
5209	-1.141135e+03
5210	-1.113947e+03
5211	-1.137810e+03
5212	-1.112643e+03
5213	-1.135677e+03
5214	-1.127144e+03
5215	-1.108697e+03
5216	-1.118792e+03
5217	-1.121920e+03
5218	-1.128837e+03
5219	-1.145382e+03
5220	-1.132020e+03
5221	-1.112686e+03
5222	-1.132848e+03
5223	-1.149682e+03
5224	-1.113888e+03
5225	-1.112351e+03
5226	-1.124684e+03
5227	-1.136453e+03
5228	-1.125545e+03
5229	-1.123226e+03
5230	-1.137281e+03
5231	-1.136850e+03
5232	-1.128813e+03
5233	-1.114806e+03
5234	-1.130975e+03
5235	-1.123977e+03
5236	-1.134807e+03
5237	-1.125852e+03
5238	-1.157960e+03
5239	-1.144445e+03
5240	-1.114365e+03
5241	-1.123558e+03
5242	-1.129257e+03
5243	-1.132949e+03
5244	-1.132109e+03
5245	-1.140913e+03
5246	-1.142517e+03
5247	-1.119311e+03
5248	-1.147654e+03
5249	-1.142152e+03
5250	-1.147460e+03
5251	-1.137677e+03
5252	-1.119249e+03
5253	-1.134515e+03
5254	-1.135124e+03
5255	-1.122644e+03
5256	-1.122575e+03
5257	-1.130221e+03
5258	-1.126700e+03
5259	-1.139115e+03
5260	-1.124466e+03
5261	-1.148693e+03
5262	-1.129313e+03
5263	-1.143447e+03
5264	-1.130491e+03
5265	-1.125797e+03
5266	-1.141895e+03
5267	-1.114555e+03
5268	-1.137966e+03
5269	-1.125948e+03
5270	-1.124042e+03
5271	-1.123706e+03
5272	-1.149215e+03
5273	-1.119613e+03
5274	-1.127403e+03
5275	-1.137038e+03
5276	-1.135576e+03
5277	-1.110021e+03
5278	-1.125341e+03
5279	-1.129544e+03
5280	-1.133271e+03
5281	-1.129377e+03
5282	-1.134120e+03
5283	-1.132158e+03
5284	-1.137760e+03
5285	-1.145607e+03
5286	-1.132937e+03
5287	-1.132959e+03
5288	-1.126899e+03
5289	-1.109295e+03
5290	-1.125758e+03
5291	-1.120462e+03
5292	-1.134213e+03
5293	-1.130092e+03
5294	-1.126329e+03
5295	-1.125243e+03
5296	-1.131096e+03
5297	-1.107676e+03
5298	-1.134937e+03
5299	-1.113919e+03
5300	-1.121849e+03
5301	-1.126327e+03
5302	-1.129129e+03
5303	-1.149844e+03
5304	-1.132216e+03
5305	-1.114449e+03
5306	-1.135598e+03
5307	-1.125092e+03
5308	-1.129017e+03
5309	-1.147113e+03
5310	-1.131216e+03
5311	-1.149732e+03
5312	-1.114963e+03
5313	-1.127421e+03
5314	-1.114040e+03
5315	-1.127312e+03
5316	-1.134860e+03
5317	-1.123821e+03
5318	-1.132049e+03
5319	-1.137244e+03
5320	-1.120658e+03
5321	-1.119553e+03
5322	-1.134040e+03
5323	-1.129165e+03
5324	-1.146228e+03
5325	-1.123772e+03
5326	-1.125063e+03
5327	-1.149945e+03
5328	-1.107578e+03
5329	-1.132187e+03
5330	-1.136126e+03
5331	-1.121703e+03
5332	-1.135654e+03
5333	-1.129325e+03
5334	-1.118097e+03
5335	-1.134512e+03
5336	-1.132864e+03
5337	-1.142549e+03
5338	-1.139711e+03
5339	-1.133835e+03
5340	-1.114281e+03
5341	-1.116367e+03
5342	-1.136966e+03
5343	-1.122117e+03
5344	-1.118844e+03
5345	-1.150272e+03
5346	-1.126400e+03
5347	-1.133509e+03
5348	-1.115407e+03
5349	-1.144354e+03
5350	-1.132094e+03
5351	-1.135904e+03
5352	-1.114891e+03
5353	-1.119215e+03
5354	-1.134641e+03
5355	-1.122326e+03
5356	-1.123213e+03
5357	-1.119508e+03
5358	-1.122249e+03
5359	-1.125422e+03
5360	-1.130791e+03
5361	-1.129205e+03
5362	-1.128268e+03
5363	-1.132075e+03
5364	-1.133315e+03
5365	-1.133859e+03
5366	-1.145805e+03
5367	-1.118897e+03
5368	-1.104592e+03
5369	-1.130112e+03
5370	-1.127423e+03
5371	-1.150377e+03
5372	-1.130675e+03
5373	-1.118841e+03
5374	-1.119401e+03
5375	-1.143621e+03
5376	-1.118042e+03
5377	-1.116866e+03
5378	-1.138854e+03
5379	-1.135106e+03
5380	-1.130174e+03
5381	-1.141951e+03
5382	-1.145419e+03
5383	-1.109914e+03
5384	-1.124892e+03
5385	-1.132208e+03
5386	-1.141148e+03
5387	-1.118258e+03
5388	-1.125260e+03
5389	-1.143468e+03
5390	-1.118450e+03
5391	-1.140163e+03
5392	-1.144075e+03
5393	-1.134156e+03
5394	-1.129141e+03
5395	-1.125512e+03
5396	-1.104794e+03
5397	-1.127422e+03
5398	-1.129751e+03
5399	-1.136899e+03
5400	-1.117585e+03
5401	-1.140929e+03
5402	-1.149071e+03
5403	-1.119935e+03
5404	-1.131750e+03
5405	-1.126521e+03
5406	-1.119087e+03
5407	-1.122852e+03
5408	-1.129605e+03
5409	-1.130237e+03
5410	-1.138708e+03
5411	-1.115859e+03
5412	-1.122923e+03
5413	-1.126494e+03
5414	-1.136597e+03
5415	-1.130456e+03
5416	-1.135842e+03
5417	-1.130685e+03
5418	-1.135291e+03
5419	-1.120749e+03
5420	-1.143156e+03
5421	-1.136703e+03
5422	-1.139659e+03
5423	-1.151248e+03
5424	-1.119799e+03
5425	-1.133493e+03
5426	-1.125670e+03
5427	-1.127007e+03
5428	-1.130332e+03
5429	-1.117819e+03
5430	-1.121140e+03
5431	-1.125407e+03
5432	-1.118758e+03
5433	-1.123825e+03
5434	-1.138764e+03
5435	-1.118944e+03
5436	-1.124436e+03
5437	-1.128713e+03
5438	-1.130708e+03
5439	-1.139479e+03
5440	-1.126422e+03
5441	-1.128890e+03
5442	-1.127996e+03
5443	-1.133194e+03
5444	-1.119837e+03
5445	-1.142894e+03
5446	-1.127225e+03
5447	-1.121990e+03
5448	-1.127979e+03
5449	-1.126346e+03
5450	-1.139230e+03
5451	-1.136544e+03
5452	-1.133179e+03
5453	-1.134623e+03
5454	-1.115083e+03
5455	-1.126740e+03
5456	-1.129775e+03
5457	-1.127921e+03
5458	-1.144381e+03
5459	-1.119842e+03
5460	-1.145157e+03
5461	-1.135457e+03
5462	-1.133350e+03
5463	-1.150996e+03
5464	-1.133779e+03
5465	-1.119284e+03
5466	-1.123114e+03
5467	-1.137358e+03
5468	-1.130588e+03
5469	-1.130242e+03
5470	-1.139178e+03
5471	-1.125480e+03
5472	-1.112501e+03
5473	-1.114221e+03
5474	-1.131322e+03
5475	-1.122809e+03
5476	-1.122655e+03
5477	-1.147214e+03
5478	-1.145904e+03
5479	-1.136596e+03
5480	-1.113242e+03
5481	-1.131578e+03
5482	-1.133654e+03
5483	-1.140024e+03
5484	-1.137086e+03
5485	-1.130186e+03
5486	-1.120371e+03
5487	-1.121805e+03
5488	-1.141205e+03
5489	-1.133372e+03
5490	-1.132833e+03
5491	-1.128972e+03
5492	-1.137482e+03
5493	-1.129163e+03
5494	-1.111483e+03
5495	-1.126568e+03
5496	-1.138676e+03
5497	-1.138434e+03
5498	-1.135622e+03
5499	-1.118009e+03
5500	-1.124663e+03
5501	-1.133586e+03
5502	-1.122295e+03
5503	-1.125589e+03
5504	-1.124899e+03
5505	-1.144856e+03
5506	-1.130464e+03
5507	-1.149276e+03
5508	-1.132650e+03
5509	-1.135365e+03
5510	-1.105507e+03
5511	-1.127644e+03
5512	-1.137385e+03
5513	-1.137217e+03
5514	-1.129897e+03
5515	-1.128517e+03
5516	-1.117268e+03
5517	-1.143625e+03
5518	-1.141625e+03
5519	-1.126844e+03
5520	-1.143101e+03
5521	-1.146119e+03
5522	-1.130787e+03
5523	-1.163779e+03
5524	-1.137567e+03
5525	-1.122862e+03
5526	-1.127564e+03
5527	-1.105038e+03
5528	-1.115660e+03
5529	-1.131842e+03
5530	-1.119920e+03
5531	-1.115499e+03
5532	-1.129219e+03
5533	-1.115739e+03
5534	-1.121444e+03
5535	-1.146170e+03
5536	-1.137280e+03
5537	-1.140707e+03
5538	-1.128181e+03
5539	-1.129375e+03
5540	-1.138224e+03
5541	-1.109961e+03
5542	-1.150303e+03
5543	-1.135655e+03
5544	-1.133244e+03
5545	-1.135735e+03
5546	-1.135911e+03
5547	-1.124783e+03
5548	-1.111607e+03
5549	-1.141609e+03
5550	-1.120265e+03
5551	-1.141177e+03
5552	-1.119549e+03
5553	-1.124317e+03
5554	-1.136280e+03
5555	-1.126138e+03
5556	-1.109903e+03
5557	-1.132932e+03
5558	-1.121331e+03
5559	-1.143128e+03
5560	-1.118690e+03
5561	-1.137294e+03
5562	-1.130018e+03
5563	-1.123033e+03
5564	-1.136661e+03
5565	-1.126271e+03
5566	-1.131492e+03
5567	-1.161653e+03
5568	-1.112676e+03
5569	-1.136545e+03
5570	-1.133601e+03
5571	-1.133944e+03
5572	-1.136867e+03
5573	-1.129551e+03
5574	-1.133795e+03
5575	-1.133077e+03
5576	-1.144033e+03
5577	-1.132229e+03
5578	-1.120694e+03
5579	-1.099631e+03
5580	-1.127501e+03
5581	-1.129633e+03
5582	-1.116088e+03
5583	-1.140917e+03
5584	-1.149655e+03
5585	-1.137387e+03
5586	-1.127842e+03
5587	-1.147377e+03
5588	-1.121305e+03
5589	-1.140919e+03
5590	-1.113054e+03
5591	-1.124148e+03
5592	-1.137747e+03
5593	-1.120306e+03
5594	-1.130366e+03
5595	-1.124174e+03
5596	-1.129093e+03
5597	-1.111604e+03
5598	-1.122616e+03
5599	-1.133526e+03
5600	-1.125042e+03
5601	-1.117840e+03
5602	-1.131840e+03
5603	-1.142283e+03
5604	-1.127720e+03
5605	-1.102610e+03
5606	-1.106625e+03
5607	-1.133108e+03
5608	-1.129577e+03
5609	-1.121269e+03
5610	-1.135643e+03
5611	-1.114339e+03
5612	-1.138366e+03
5613	-1.116424e+03
5614	-1.128497e+03
5615	-1.132896e+03
5616	-1.108915e+03
5617	-1.145934e+03
5618	-1.139227e+03
5619	-1.136869e+03
5620	-1.122105e+03
5621	-1.124718e+03
5622	-1.143567e+03
5623	-1.135237e+03
5624	-1.142533e+03
5625	-1.111868e+03
5626	-1.110818e+03
5627	-1.123591e+03
5628	-1.121629e+03
5629	-1.129198e+03
5630	-1.140434e+03
5631	-1.124764e+03
5632	-1.139284e+03
5633	-1.124579e+03
5634	-1.138212e+03
5635	-1.123738e+03
5636	-1.116859e+03
5637	-1.119215e+03
5638	-1.132794e+03
5639	-1.125463e+03
5640	-1.131053e+03
5641	-1.123816e+03
5642	-1.102274e+03
5643	-1.109760e+03
5644	-1.133627e+03
5645	-1.133064e+03
5646	-1.114028e+03
5647	-1.140449e+03
5648	-1.128627e+03
5649	-1.128970e+03
5650	-1.140077e+03
5651	-1.126871e+03
5652	-1.135497e+03
5653	-1.130320e+03
5654	-1.120372e+03
5655	-1.112796e+03
5656	-1.124151e+03
5657	-1.134650e+03
5658	-1.131574e+03
5659	-1.125308e+03
5660	-1.112506e+03
5661	-1.110670e+03
5662	-1.121293e+03
5663	-1.126891e+03
5664	-1.113900e+03
5665	-1.119335e+03
5666	-1.123567e+03
5667	-1.147839e+03
5668	-1.111275e+03
5669	-1.134575e+03
5670	-1.108645e+03
5671	-1.134207e+03
5672	-1.139386e+03
5673	-1.144724e+03
5674	-1.128684e+03
5675	-1.119847e+03
5676	-1.143184e+03
5677	-1.153790e+03
5678	-1.139483e+03
5679	-1.136987e+03
5680	-1.142607e+03
5681	-1.131916e+03
5682	-1.127297e+03
5683	-1.138439e+03
5684	-1.118647e+03
5685	-1.116309e+03
5686	-1.135321e+03
5687	-1.110982e+03
5688	-1.126938e+03
5689	-1.119618e+03
5690	-1.127477e+03
5691	-1.138002e+03
5692	-1.129724e+03
5693	-1.140960e+03
5694	-1.148954e+03
5695	-1.127478e+03
5696	-1.138142e+03
5697	-1.127820e+03
5698	-1.132110e+03
5699	-1.129374e+03
5700	-1.138933e+03
5701	-1.123565e+03
5702	-1.128465e+03
5703	-1.112598e+03
5704	-1.150687e+03
5705	-1.102519e+03
5706	-1.121964e+03
5707	-1.106803e+03
5708	-1.131348e+03
5709	-1.127913e+03
5710	-1.122687e+03
5711	-1.118013e+03
5712	-1.131797e+03
5713	-1.128451e+03
5714	-1.140766e+03
5715	-1.127677e+03
5716	-1.125709e+03
5717	-1.154955e+03
5718	-1.136757e+03
5719	-1.110332e+03
5720	-1.113444e+03
5721	-1.135600e+03
5722	-1.113234e+03
5723	-1.121331e+03
5724	-1.149864e+03
5725	-1.146710e+03
5726	-1.118650e+03
5727	-1.136785e+03
5728	-1.117357e+03
5729	-1.125584e+03
5730	-1.129758e+03
5731	-1.125807e+03
5732	-1.130266e+03
5733	-1.143388e+03
5734	-1.123674e+03
5735	-1.137472e+03
5736	-1.134268e+03
5737	-1.124386e+03
5738	-1.131560e+03
5739	-1.127724e+03
5740	-1.130023e+03
5741	-1.122388e+03
5742	-1.118662e+03
5743	-1.126862e+03
5744	-1.118830e+03
5745	-1.131548e+03
5746	-1.101247e+03
5747	-1.141061e+03
5748	-1.126142e+03
5749	-1.109588e+03
5750	-1.124495e+03
5751	-1.135267e+03
5752	-1.152696e+03
5753	-1.138340e+03
5754	-1.121502e+03
5755	-1.137754e+03
5756	-1.126358e+03
5757	-1.131823e+03
5758	-1.102248e+03
5759	-1.115928e+03
5760	-1.143724e+03
5761	-1.131428e+03
5762	-1.121135e+03
5763	-1.114257e+03
5764	-1.118637e+03
5765	-1.111486e+03
5766	-1.109784e+03
5767	-1.123389e+03
5768	-1.134264e+03
5769	-1.140885e+03
5770	-1.141221e+03
5771	-1.141676e+03
5772	-1.126534e+03
5773	-1.130444e+03
5774	-1.111950e+03
5775	-1.125750e+03
5776	-1.135993e+03
5777	-1.126815e+03
5778	-1.131318e+03
5779	-1.122316e+03
5780	-1.109621e+03
5781	-1.111982e+03
5782	-1.126877e+03
5783	-1.128986e+03
5784	-1.134949e+03
5785	-1.144424e+03
5786	-1.135913e+03
5787	-1.139496e+03
5788	-1.128095e+03
5789	-1.131454e+03
5790	-1.124833e+03
5791	-1.133760e+03
5792	-1.128299e+03
5793	-1.150482e+03
5794	-1.118269e+03
5795	-1.144624e+03
5796	-1.128412e+03
5797	-1.100486e+03
5798	-1.135514e+03
5799	-1.143248e+03
5800	-1.130387e+03
5801	-1.112557e+03
5802	-1.120117e+03
5803	-1.133267e+03
5804	-1.138924e+03
5805	-1.125681e+03
5806	-1.121375e+03
5807	-1.128330e+03
5808	-1.104074e+03
5809	-1.120531e+03
5810	-1.131673e+03
5811	-1.124069e+03
5812	-1.126654e+03
5813	-1.132423e+03
5814	-1.132488e+03
5815	-1.123170e+03
5816	-1.120811e+03
5817	-1.145546e+03
5818	-1.140566e+03
5819	-1.155374e+03
5820	-1.128153e+03
5821	-1.139454e+03
5822	-1.136321e+03
5823	-1.121323e+03
5824	-1.136401e+03
5825	-1.141016e+03
5826	-1.137168e+03
5827	-1.151022e+03
5828	-1.142634e+03
5829	-1.126075e+03
5830	-1.115828e+03
5831	-1.133444e+03
5832	-1.145112e+03
5833	-1.147147e+03
5834	-1.139780e+03
5835	-1.143803e+03
5836	-1.123453e+03
5837	-1.121516e+03
5838	-1.116052e+03
5839	-1.151561e+03
5840	-1.124823e+03
5841	-1.127902e+03
5842	-1.138186e+03
5843	-1.126717e+03
5844	-1.140837e+03
5845	-1.131213e+03
5846	-1.122018e+03
5847	-1.125997e+03
5848	-1.145628e+03
5849	-1.144382e+03
5850	-1.145990e+03
5851	-1.126207e+03
5852	-1.117373e+03
5853	-1.131439e+03
5854	-1.118004e+03
5855	-1.140646e+03
5856	-1.122323e+03
5857	-1.142436e+03
5858	-1.130168e+03
5859	-1.142892e+03
5860	-1.127191e+03
5861	-1.150810e+03
5862	-1.123264e+03
5863	-1.142700e+03
5864	-1.146657e+03
5865	-1.135615e+03
5866	-1.138192e+03
5867	-1.132272e+03
5868	-1.127174e+03
5869	-1.125392e+03
5870	-1.115981e+03
5871	-1.125709e+03
5872	-1.124135e+03
5873	-1.126776e+03
5874	-1.130452e+03
5875	-1.134003e+03
5876	-1.137853e+03
5877	-1.116918e+03
5878	-1.133766e+03
5879	-1.121179e+03
5880	-1.127973e+03
5881	-1.138073e+03
5882	-1.109224e+03
5883	-1.128810e+03
5884	-1.118219e+03
5885	-1.128644e+03
5886	-1.120557e+03
5887	-1.125189e+03
5888	-1.133445e+03
5889	-1.117047e+03
5890	-1.146814e+03
5891	-1.112553e+03
5892	-1.111944e+03
5893	-1.147511e+03
5894	-1.126204e+03
5895	-1.128702e+03
5896	-1.121469e+03
5897	-1.129326e+03
5898	-1.143410e+03
5899	-1.133418e+03
5900	-1.120504e+03
5901	-1.126256e+03
5902	-1.131711e+03
5903	-1.130268e+03
5904	-1.122316e+03
5905	-1.142832e+03
5906	-1.124277e+03
5907	-1.138808e+03
5908	-1.136157e+03
5909	-1.119675e+03
5910	-1.135603e+03
5911	-1.127322e+03
5912	-1.133786e+03
5913	-1.139796e+03
5914	-1.113684e+03
5915	-1.135674e+03
5916	-1.111833e+03
5917	-1.129227e+03
5918	-1.138154e+03
5919	-1.144031e+03
5920	-1.121318e+03
5921	-1.144345e+03
5922	-1.126460e+03
5923	-1.132215e+03
5924	-1.122565e+03
5925	-1.129681e+03
5926	-1.130873e+03
5927	-1.141187e+03
5928	-1.127278e+03
5929	-1.136493e+03
5930	-1.127622e+03
5931	-1.150297e+03
5932	-1.135881e+03
5933	-1.135044e+03
5934	-1.153421e+03
5935	-1.118293e+03
5936	-1.119412e+03
5937	-1.128902e+03
5938	-1.125856e+03
5939	-1.132862e+03
5940	-1.132926e+03
5941	-1.106399e+03
5942	-1.128244e+03
5943	-1.132530e+03
5944	-1.143056e+03
5945	-1.126547e+03
5946	-1.118689e+03
5947	-1.112891e+03
5948	-1.119370e+03
5949	-1.118590e+03
5950	-1.134122e+03
5951	-1.140799e+03
5952	-1.148020e+03
5953	-1.120944e+03
5954	-1.118308e+03
5955	-1.121202e+03
5956	-1.138508e+03
5957	-1.120611e+03
5958	-1.131456e+03
5959	-1.123468e+03
5960	-1.121409e+03
5961	-1.104417e+03
5962	-1.122188e+03
5963	-1.110751e+03
5964	-1.131886e+03
5965	-1.120084e+03
5966	-1.137642e+03
5967	-1.123268e+03
5968	-1.121426e+03
5969	-1.127737e+03
5970	-1.154120e+03
5971	-1.130003e+03
5972	-1.109546e+03
5973	-1.132384e+03
5974	-1.121287e+03
5975	-1.135454e+03
5976	-1.126112e+03
5977	-1.120259e+03
5978	-1.135440e+03
5979	-1.134086e+03
5980	-1.127898e+03
5981	-1.126696e+03
5982	-1.137718e+03
5983	-1.140608e+03
5984	-1.132059e+03
5985	-1.100352e+03
5986	-1.133735e+03
5987	-1.140038e+03
5988	-1.132426e+03
5989	-1.140799e+03
5990	-1.133704e+03
5991	-1.121869e+03
5992	-1.108400e+03
5993	-1.129150e+03
5994	-1.126761e+03
5995	-1.132531e+03
5996	-1.106614e+03
5997	-1.147822e+03
5998	-1.125012e+03
5999	-1.136339e+03
6000	-1.134511e+03
6001	-1.132399e+03
6002	-1.116839e+03
6003	-1.131236e+03
6004	-1.136281e+03
6005	-1.130969e+03
6006	-1.125169e+03
6007	-1.113113e+03
6008	-1.127136e+03
6009	-1.139667e+03
6010	-1.117456e+03
6011	-1.128304e+03
6012	-1.120895e+03
6013	-1.133561e+03
6014	-1.131434e+03
6015	-1.106467e+03
6016	-1.114096e+03
6017	-1.135766e+03
6018	-1.118542e+03
6019	-1.118018e+03
6020	-1.133902e+03
6021	-1.130609e+03
6022	-1.107505e+03
6023	-1.123702e+03
6024	-1.129859e+03
6025	-1.146071e+03
6026	-1.133160e+03
6027	-1.134730e+03
6028	-1.114083e+03
6029	-1.135244e+03
6030	-1.132102e+03
6031	-1.143586e+03
6032	-1.136609e+03
6033	-1.135555e+03
6034	-1.138445e+03
6035	-1.130741e+03
6036	-1.114562e+03
6037	-1.122326e+03
6038	-1.145242e+03
6039	-1.131206e+03
6040	-1.130357e+03
6041	-1.126444e+03
6042	-1.144542e+03
6043	-1.121527e+03
6044	-1.117726e+03
6045	-1.134247e+03
6046	-1.119537e+03
6047	-1.138891e+03
6048	-1.132376e+03
6049	-1.119908e+03
6050	-1.138997e+03
6051	-1.142838e+03
6052	-1.124792e+03
6053	-1.136083e+03
6054	-1.141033e+03
6055	-1.139770e+03
6056	-1.139813e+03
6057	-1.119122e+03
6058	-1.119850e+03
6059	-1.135931e+03
6060	-1.142059e+03
6061	-1.154704e+03
6062	-1.156827e+03
6063	-1.131704e+03
6064	-1.140407e+03
6065	-1.126800e+03
6066	-1.128102e+03
6067	-1.141108e+03
6068	-1.132616e+03
6069	-1.132641e+03
6070	-1.145183e+03
6071	-1.120938e+03
6072	-1.127649e+03
6073	-1.132245e+03
6074	-1.136870e+03
6075	-1.150075e+03
6076	-1.122938e+03
6077	-1.123123e+03
6078	-1.124649e+03
6079	-1.139242e+03
6080	-1.122166e+03
6081	-1.139058e+03
6082	-1.133618e+03
6083	-1.118475e+03
6084	-1.133738e+03
6085	-1.128811e+03
6086	-1.151646e+03
6087	-1.132444e+03
6088	-1.137989e+03
6089	-1.122861e+03
6090	-1.105422e+03
6091	-1.130542e+03
6092	-1.128409e+03
6093	-1.128693e+03
6094	-1.118068e+03
6095	-1.112657e+03
6096	-1.138424e+03
6097	-1.128127e+03
6098	-1.131297e+03
6099	-1.118614e+03
6100	-1.120939e+03
6101	-1.132581e+03
6102	-1.109054e+03
6103	-1.129152e+03
6104	-1.124114e+03
6105	-1.138478e+03
6106	-1.130623e+03
6107	-1.127058e+03
6108	-1.131205e+03
6109	-1.133097e+03
6110	-1.127007e+03
6111	-1.129403e+03
6112	-1.127188e+03
6113	-1.153094e+03
6114	-1.129309e+03
6115	-1.141425e+03
6116	-1.139824e+03
6117	-1.121815e+03
6118	-1.131827e+03
6119	-1.142517e+03
6120	-1.136058e+03
6121	-1.099457e+03
6122	-1.116482e+03
6123	-1.133805e+03
6124	-1.152883e+03
6125	-1.119716e+03
6126	-1.144350e+03
6127	-1.141735e+03
6128	-1.122423e+03
6129	-1.113427e+03
6130	-1.119940e+03
6131	-1.135965e+03
6132	-1.116020e+03
6133	-1.141209e+03
6134	-1.140522e+03
6135	-1.114025e+03
6136	-1.145208e+03
6137	-1.137070e+03
6138	-1.105260e+03
6139	-1.141283e+03
6140	-1.139152e+03
6141	-1.127701e+03
6142	-1.144100e+03
6143	-1.132120e+03
6144	-1.131883e+03
6145	-1.097483e+03
6146	-1.145035e+03
6147	-1.134280e+03
6148	-1.125030e+03
6149	-1.141117e+03
6150	-1.141465e+03
6151	-1.109438e+03
6152	-1.123129e+03
6153	-1.119578e+03
6154	-1.146043e+03
6155	-1.128935e+03
6156	-1.124612e+03
6157	-1.136303e+03
6158	-1.128125e+03
6159	-1.116400e+03
6160	-1.145469e+03
6161	-1.120519e+03
6162	-1.118574e+03
6163	-1.123870e+03
6164	-1.110480e+03
6165	-1.131391e+03
6166	-1.113718e+03
6167	-1.136675e+03
6168	-1.132734e+03
6169	-1.120342e+03
6170	-1.115000e+03
6171	-1.133187e+03
6172	-1.135131e+03
6173	-1.126376e+03
6174	-1.148591e+03
6175	-1.140562e+03
6176	-1.131478e+03
6177	-1.129276e+03
6178	-1.122148e+03
6179	-1.122714e+03
6180	-1.119717e+03
6181	-1.105082e+03
6182	-1.160590e+03
6183	-1.133513e+03
6184	-1.103381e+03
6185	-1.144291e+03
6186	-1.133475e+03
6187	-1.119129e+03
6188	-1.153623e+03
6189	-1.146934e+03
6190	-1.130764e+03
6191	-1.128193e+03
6192	-1.123882e+03
6193	-1.134958e+03
6194	-1.121758e+03
6195	-1.138512e+03
6196	-1.104623e+03
6197	-1.123309e+03
6198	-1.092415e+03
6199	-1.109777e+03
6200	-1.125116e+03
6201	-1.117903e+03
6202	-1.139358e+03
6203	-1.144008e+03
6204	-1.115685e+03
6205	-1.114090e+03
6206	-1.115383e+03
6207	-1.122017e+03
6208	-1.127866e+03
6209	-1.118661e+03
6210	-1.125960e+03
6211	-1.127531e+03
6212	-1.114839e+03
6213	-1.135219e+03
6214	-1.134524e+03
6215	-1.119022e+03
6216	-1.139014e+03
6217	-1.133482e+03
6218	-1.134424e+03
6219	-1.133389e+03
6220	-1.106045e+03
6221	-1.137134e+03
6222	-1.148272e+03
6223	-1.119445e+03
6224	-1.131270e+03
6225	-1.120139e+03
6226	-1.133404e+03
6227	-1.153738e+03
6228	-1.130255e+03
6229	-1.130877e+03
6230	-1.134915e+03
6231	-1.141830e+03
6232	-1.136018e+03
6233	-1.126173e+03
6234	-1.141718e+03
6235	-1.117380e+03
6236	-1.146711e+03
6237	-1.131729e+03
6238	-1.122206e+03
6239	-1.128965e+03
6240	-1.133165e+03
6241	-1.119563e+03
6242	-1.121252e+03
6243	-1.136928e+03
6244	-1.133522e+03
6245	-1.129503e+03
6246	-1.140056e+03
6247	-1.129172e+03
6248	-1.132432e+03
6249	-1.139916e+03
6250	-1.125209e+03
6251	-1.119033e+03
6252	-1.137511e+03
6253	-1.139686e+03
6254	-1.119341e+03
6255	-1.132060e+03
6256	-1.136891e+03
6257	-1.143651e+03
6258	-1.126267e+03
6259	-1.124392e+03
6260	-1.139731e+03
6261	-1.133388e+03
6262	-1.148673e+03
6263	-1.118177e+03
6264	-1.127992e+03
6265	-1.137471e+03
6266	-1.098556e+03
6267	-1.135490e+03
6268	-1.140010e+03
6269	-1.126243e+03
6270	-1.111976e+03
6271	-1.130473e+03
6272	-1.142937e+03
6273	-1.159216e+03
6274	-1.102820e+03
6275	-1.132701e+03
6276	-1.155131e+03
6277	-1.142810e+03
6278	-1.124032e+03
6279	-1.109410e+03
6280	-1.144834e+03
6281	-1.124344e+03
6282	-1.128733e+03
6283	-1.116624e+03
6284	-1.142928e+03
6285	-1.133531e+03
6286	-1.130413e+03
6287	-1.118453e+03
6288	-1.128146e+03
6289	-1.144707e+03
6290	-1.133982e+03
6291	-1.119172e+03
6292	-1.125171e+03
6293	-1.123941e+03
6294	-1.105394e+03
6295	-1.115004e+03
6296	-1.117258e+03
6297	-1.127914e+03
6298	-1.130333e+03
6299	-1.122306e+03
6300	-1.134329e+03
6301	-1.133730e+03
6302	-1.125100e+03
6303	-1.133877e+03
6304	-1.143693e+03
6305	-1.126768e+03
6306	-1.146394e+03
6307	-1.118744e+03
6308	-1.125359e+03
6309	-1.119529e+03
6310	-1.121814e+03
6311	-1.123307e+03
6312	-1.123010e+03
6313	-1.124891e+03
6314	-1.147812e+03
6315	-1.099950e+03
6316	-1.111366e+03
6317	-1.109490e+03
6318	-1.135316e+03
6319	-1.129292e+03
6320	-1.115585e+03
6321	-1.125465e+03
6322	-1.121124e+03
6323	-1.139498e+03
6324	-1.135820e+03
6325	-1.146569e+03
6326	-1.133639e+03
6327	-1.113769e+03
6328	-1.138843e+03
6329	-1.136450e+03
6330	-1.118123e+03
6331	-1.102968e+03
6332	-1.123319e+03
6333	-1.144294e+03
6334	-1.120229e+03
6335	-1.116407e+03
6336	-1.107163e+03
6337	-1.139732e+03
6338	-1.125372e+03
6339	-1.139748e+03
6340	-1.123623e+03
6341	-1.133549e+03
6342	-1.134169e+03
6343	-1.128364e+03
6344	-1.120285e+03
6345	-1.156635e+03
6346	-1.134088e+03
6347	-1.126538e+03
6348	-1.128595e+03
6349	-1.135699e+03
6350	-1.129042e+03
6351	-1.142827e+03
6352	-1.137434e+03
6353	-1.125977e+03
6354	-1.108461e+03
6355	-1.124058e+03
6356	-1.133540e+03
6357	-1.110565e+03
6358	-1.119607e+03
6359	-1.118805e+03
6360	-1.132516e+03
6361	-1.129674e+03
6362	-1.118203e+03
6363	-1.129199e+03
6364	-1.117206e+03
6365	-1.130583e+03
6366	-1.152225e+03
6367	-1.136154e+03
6368	-1.121689e+03
6369	-1.148120e+03
6370	-1.127841e+03
6371	-1.121045e+03
6372	-1.114978e+03
6373	-1.125916e+03
6374	-1.130541e+03
6375	-1.135462e+03
6376	-1.130171e+03
6377	-1.139102e+03
6378	-1.125277e+03
6379	-1.114355e+03
6380	-1.129992e+03
6381	-1.131139e+03
6382	-1.109488e+03
6383	-1.121496e+03
6384	-1.147554e+03
6385	-1.129850e+03
6386	-1.122748e+03
6387	-1.140684e+03
6388	-1.138895e+03
6389	-1.143582e+03
6390	-1.116998e+03
6391	-1.138237e+03
6392	-1.133621e+03
6393	-1.118866e+03
6394	-1.122750e+03
6395	-1.121391e+03
6396	-1.131674e+03
6397	-1.138898e+03
6398	-1.125327e+03
6399	-1.141715e+03
6400	-1.136739e+03
6401	-1.135311e+03
6402	-1.131406e+03
6403	-1.134721e+03
6404	-1.101360e+03
6405	-1.134781e+03
6406	-1.135210e+03
6407	-1.126297e+03
6408	-1.123355e+03
6409	-1.149238e+03
6410	-1.127785e+03
6411	-1.159457e+03
6412	-1.108299e+03
6413	-1.121730e+03
6414	-1.130472e+03
6415	-1.118921e+03
6416	-1.138997e+03
6417	-1.129469e+03
6418	-1.144617e+03
6419	-1.122858e+03
6420	-1.135042e+03
6421	-1.119317e+03
6422	-1.125530e+03
6423	-1.137150e+03
6424	-1.137064e+03
6425	-1.145506e+03
6426	-1.107713e+03
6427	-1.125678e+03
6428	-1.119464e+03
6429	-1.139343e+03
6430	-1.121835e+03
6431	-1.134823e+03
6432	-1.121822e+03
6433	-1.134277e+03
6434	-1.144960e+03
6435	-1.113880e+03
6436	-1.122516e+03
6437	-1.123650e+03
6438	-1.138367e+03
6439	-1.124454e+03
6440	-1.129979e+03
6441	-1.137201e+03
6442	-1.105438e+03
6443	-1.121048e+03
6444	-1.136656e+03
6445	-1.131840e+03
6446	-1.122517e+03
6447	-1.112880e+03
6448	-1.130594e+03
6449	-1.128877e+03
6450	-1.137159e+03
6451	-1.121743e+03
6452	-1.146038e+03
6453	-1.140320e+03
6454	-1.129091e+03
6455	-1.138716e+03
6456	-1.126506e+03
6457	-1.128741e+03
6458	-1.121765e+03
6459	-1.115293e+03
6460	-1.114625e+03
6461	-1.127884e+03
6462	-1.133582e+03
6463	-1.138934e+03
6464	-1.125431e+03
6465	-1.123057e+03
6466	-1.116758e+03
6467	-1.141831e+03
6468	-1.134732e+03
6469	-1.141261e+03
6470	-1.142762e+03
6471	-1.141183e+03
6472	-1.120612e+03
6473	-1.135090e+03
6474	-1.135317e+03
6475	-1.112250e+03
6476	-1.114451e+03
6477	-1.124252e+03
6478	-1.148192e+03
6479	-1.122739e+03
6480	-1.137998e+03
6481	-1.110816e+03
6482	-1.136179e+03
6483	-1.123420e+03
6484	-1.133946e+03
6485	-1.114137e+03
6486	-1.125390e+03
6487	-1.122646e+03
6488	-1.121129e+03
6489	-1.112409e+03
6490	-1.150882e+03
6491	-1.129343e+03
6492	-1.120113e+03
6493	-1.147664e+03
6494	-1.126956e+03
6495	-1.104338e+03
6496	-1.132853e+03
6497	-1.136479e+03
6498	-1.130688e+03
6499	-1.112205e+03
6500	-1.128270e+03
6501	-1.123520e+03
6502	-1.131919e+03
6503	-1.117772e+03
6504	-1.139716e+03
6505	-1.127753e+03
6506	-1.119090e+03
6507	-1.150665e+03
6508	-1.125672e+03
6509	-1.130206e+03
6510	-1.140920e+03
6511	-1.125463e+03
6512	-1.146797e+03
6513	-1.132247e+03
6514	-1.147571e+03
6515	-1.119512e+03
6516	-1.122086e+03
6517	-1.112504e+03
6518	-1.138086e+03
6519	-1.127748e+03
6520	-1.137296e+03
6521	-1.107549e+03
6522	-1.151762e+03
6523	-1.131904e+03
6524	-1.145311e+03
6525	-1.106556e+03
6526	-1.114686e+03
6527	-1.117221e+03
6528	-1.132103e+03
6529	-1.124326e+03
6530	-1.141366e+03
6531	-1.128004e+03
6532	-1.134113e+03
6533	-1.131064e+03
6534	-1.131983e+03
6535	-1.133872e+03
6536	-1.121412e+03
6537	-1.122589e+03
6538	-1.111521e+03
6539	-1.133700e+03
6540	-1.159341e+03
6541	-1.112675e+03
6542	-1.135463e+03
6543	-1.148762e+03
6544	-1.116602e+03
6545	-1.126500e+03
6546	-1.121757e+03
6547	-1.128369e+03
6548	-1.126850e+03
6549	-1.133383e+03
6550	-1.109996e+03
6551	-1.149125e+03
6552	-1.131392e+03
6553	-1.151880e+03
6554	-1.132788e+03
6555	-1.123981e+03
6556	-1.111062e+03
6557	-1.136407e+03
6558	-1.126977e+03
6559	-1.119876e+03
6560	-1.137540e+03
6561	-1.141451e+03
6562	-1.115398e+03
6563	-1.117360e+03
6564	-1.132029e+03
6565	-1.114941e+03
6566	-1.131970e+03
6567	-1.125899e+03
6568	-1.125690e+03
6569	-1.141434e+03
6570	-1.156822e+03
6571	-1.108785e+03
6572	-1.142233e+03
6573	-1.145093e+03
6574	-1.125971e+03
6575	-1.114741e+03
6576	-1.096791e+03
6577	-1.140514e+03
6578	-1.158028e+03
6579	-1.134428e+03
6580	-1.127728e+03
6581	-1.127657e+03
6582	-1.115935e+03
6583	-1.106812e+03
6584	-1.136037e+03
6585	-1.130947e+03
6586	-1.117691e+03
6587	-1.128531e+03
6588	-1.139584e+03
6589	-1.127024e+03
6590	-1.110194e+03
6591	-1.122919e+03
6592	-1.127153e+03
6593	-1.127366e+03
6594	-1.108564e+03
6595	-1.111866e+03
6596	-1.126319e+03
6597	-1.140428e+03
6598	-1.137459e+03
6599	-1.107832e+03
6600	-1.103808e+03
6601	-1.137468e+03
6602	-1.152049e+03
6603	-1.122021e+03
6604	-1.118723e+03
6605	-1.133817e+03
6606	-1.151518e+03
6607	-1.148681e+03
6608	-1.147760e+03
6609	-1.116062e+03
6610	-1.134351e+03
6611	-1.129848e+03
6612	-1.133032e+03
6613	-1.141533e+03
6614	-1.126153e+03
6615	-1.124248e+03
6616	-1.132278e+03
6617	-1.131627e+03
6618	-1.126566e+03
6619	-1.142832e+03
6620	-1.118100e+03
6621	-1.126880e+03
6622	-1.122663e+03
6623	-1.142332e+03
6624	-1.131010e+03
6625	-1.131775e+03
6626	-1.128974e+03
6627	-1.124703e+03
6628	-1.155034e+03
6629	-1.153032e+03
6630	-1.136908e+03
6631	-1.127764e+03
6632	-1.123349e+03
6633	-1.138332e+03
6634	-1.105229e+03
6635	-1.143232e+03
6636	-1.122899e+03
6637	-1.140934e+03
6638	-1.121717e+03
6639	-1.132150e+03
6640	-1.114351e+03
6641	-1.137709e+03
6642	-1.120088e+03
6643	-1.122503e+03
6644	-1.153188e+03
6645	-1.120157e+03
6646	-1.122929e+03
6647	-1.118090e+03
6648	-1.130075e+03
6649	-1.139193e+03
6650	-1.135424e+03
6651	-1.108625e+03
6652	-1.107263e+03
6653	-1.115237e+03
6654	-1.126647e+03
6655	-1.138153e+03
6656	-1.103863e+03
6657	-1.135754e+03
6658	-1.128475e+03
6659	-1.129759e+03
6660	-1.114076e+03
6661	-1.131792e+03
6662	-1.129227e+03
6663	-1.131315e+03
6664	-1.109826e+03
6665	-1.121738e+03
6666	-1.145891e+03
6667	-1.135509e+03
6668	-1.119150e+03
6669	-1.133948e+03
6670	-1.137241e+03
6671	-1.124126e+03
6672	-1.135092e+03
6673	-1.112192e+03
6674	-1.138567e+03
6675	-1.101241e+03
6676	-1.121108e+03
6677	-1.141194e+03
6678	-1.148691e+03
6679	-1.129273e+03
6680	-1.152704e+03
6681	-1.135969e+03
6682	-1.138372e+03
6683	-1.144067e+03
6684	-1.132593e+03
6685	-1.112781e+03
6686	-1.137568e+03
6687	-1.135232e+03
6688	-1.128782e+03
6689	-1.118973e+03
6690	-1.124008e+03
6691	-1.126764e+03
6692	-1.109697e+03
6693	-1.127899e+03
6694	-1.114611e+03
6695	-1.153025e+03
6696	-1.121166e+03
6697	-1.146427e+03
6698	-1.115387e+03
6699	-1.135924e+03
6700	-1.116134e+03
6701	-1.132260e+03
6702	-1.121172e+03
6703	-1.126768e+03
6704	-1.134856e+03
6705	-1.125107e+03
6706	-1.130596e+03
6707	-1.111373e+03
6708	-1.122894e+03
6709	-1.119274e+03
6710	-1.125791e+03
6711	-1.129248e+03
6712	-1.120947e+03
6713	-1.133838e+03
6714	-1.127251e+03
6715	-1.144135e+03
6716	-1.130524e+03
6717	-1.124667e+03
6718	-1.117823e+03
6719	-1.111869e+03
6720	-1.131719e+03
6721	-1.135462e+03
6722	-1.138325e+03
6723	-1.130118e+03
6724	-1.131908e+03
6725	-1.115528e+03
6726	-1.103222e+03
6727	-1.132783e+03
6728	-1.130361e+03
6729	-1.124100e+03
6730	-1.139964e+03
6731	-1.124804e+03
6732	-1.126799e+03
6733	-1.119479e+03
6734	-1.132706e+03
6735	-1.137619e+03
6736	-1.125344e+03
6737	-1.144392e+03
6738	-1.135332e+03
6739	-1.134122e+03
6740	-1.132279e+03
6741	-1.115068e+03
6742	-1.148804e+03
6743	-1.135761e+03
6744	-1.115428e+03
6745	-1.128399e+03
6746	-1.119662e+03
6747	-1.137615e+03
6748	-1.113365e+03
6749	-1.126192e+03
6750	-1.114940e+03
6751	-1.124432e+03
6752	-1.130128e+03
6753	-1.120101e+03
6754	-1.107312e+03
6755	-1.130600e+03
6756	-1.105287e+03
6757	-1.132393e+03
6758	-1.116224e+03
6759	-1.125581e+03
6760	-1.136098e+03
6761	-1.126247e+03
6762	-1.139337e+03
6763	-1.116845e+03
6764	-1.122329e+03
6765	-1.123471e+03
6766	-1.119875e+03
6767	-1.115955e+03
6768	-1.123383e+03
6769	-1.135464e+03
6770	-1.117732e+03
6771	-1.126229e+03
6772	-1.110715e+03
6773	-1.119908e+03
6774	-1.126674e+03
6775	-1.139806e+03
6776	-1.137166e+03
6777	-1.106356e+03
6778	-1.141388e+03
6779	-1.129270e+03
6780	-1.123772e+03
6781	-1.126847e+03
6782	-1.131027e+03
6783	-1.132427e+03
6784	-1.131876e+03
6785	-1.119049e+03
6786	-1.133907e+03
6787	-1.122942e+03
6788	-1.122551e+03
6789	-1.132964e+03
6790	-1.128093e+03
6791	-1.129497e+03
6792	-1.121851e+03
6793	-1.124889e+03
6794	-1.134094e+03
6795	-1.124079e+03
6796	-1.140321e+03
6797	-1.135925e+03
6798	-1.118633e+03
6799	-1.115134e+03
6800	-1.122572e+03
6801	-1.121482e+03
6802	-1.107907e+03
6803	-1.133473e+03
6804	-1.119174e+03
6805	-1.157412e+03
6806	-1.127169e+03
6807	-1.140130e+03
6808	-1.136208e+03
6809	-1.133845e+03
6810	-1.126322e+03
6811	-1.114705e+03
6812	-1.130431e+03
6813	-1.156501e+03
6814	-1.151315e+03
6815	-1.130427e+03
6816	-1.119255e+03
6817	-1.144178e+03
6818	-1.120525e+03
6819	-1.117421e+03
6820	-1.115386e+03
6821	-1.123367e+03
6822	-1.139507e+03
6823	-1.133016e+03
6824	-1.131903e+03
6825	-1.142131e+03
6826	-1.117853e+03
6827	-1.142008e+03
6828	-1.126313e+03
6829	-1.122662e+03
6830	-1.126111e+03
6831	-1.114505e+03
6832	-1.139938e+03
6833	-1.141889e+03
6834	-1.125600e+03
6835	-1.130251e+03
6836	-1.109707e+03
6837	-1.136208e+03
6838	-1.127636e+03
6839	-1.145247e+03
6840	-1.158480e+03
6841	-1.139215e+03
6842	-1.121352e+03
6843	-1.129456e+03
6844	-1.136695e+03
6845	-1.138264e+03
6846	-1.120843e+03
6847	-1.127609e+03
6848	-1.131978e+03
6849	-1.142140e+03
6850	-1.125925e+03
6851	-1.128269e+03
6852	-1.143016e+03
6853	-1.136490e+03
6854	-1.131700e+03
6855	-1.149695e+03
6856	-1.130548e+03
6857	-1.136698e+03
6858	-1.136478e+03
6859	-1.110921e+03
6860	-1.122002e+03
6861	-1.138876e+03
6862	-1.114056e+03
6863	-1.128644e+03
6864	-1.135753e+03
6865	-1.131298e+03
6866	-1.125680e+03
6867	-1.136696e+03
6868	-1.138643e+03
6869	-1.131956e+03
6870	-1.142961e+03
6871	-1.134065e+03
6872	-1.133371e+03
6873	-1.106972e+03
6874	-1.118110e+03
6875	-1.124644e+03
6876	-1.132507e+03
6877	-1.129847e+03
6878	-1.127386e+03
6879	-1.128067e+03
6880	-1.137716e+03
6881	-1.126533e+03
6882	-1.154657e+03
6883	-1.143497e+03
6884	-1.152055e+03
6885	-1.136059e+03
6886	-1.118233e+03
6887	-1.120774e+03
6888	-1.125888e+03
6889	-1.123888e+03
6890	-1.116643e+03
6891	-1.122783e+03
6892	-1.142030e+03
6893	-1.127168e+03
6894	-1.126693e+03
6895	-1.123924e+03
6896	-1.121771e+03
6897	-1.117169e+03
6898	-1.121366e+03
6899	-1.120857e+03
6900	-1.151774e+03
6901	-1.117407e+03
6902	-1.141340e+03
6903	-1.133692e+03
6904	-1.106096e+03
6905	-1.117895e+03
6906	-1.142914e+03
6907	-1.126071e+03
6908	-1.129333e+03
6909	-1.129129e+03
6910	-1.120405e+03
6911	-1.115123e+03
6912	-1.143485e+03
6913	-1.117367e+03
6914	-1.117930e+03
6915	-1.123407e+03
6916	-1.121630e+03
6917	-1.118405e+03
6918	-1.126476e+03
6919	-1.130316e+03
6920	-1.137517e+03
6921	-1.143521e+03
6922	-1.124349e+03
6923	-1.131177e+03
6924	-1.130775e+03
6925	-1.130733e+03
6926	-1.129476e+03
6927	-1.143761e+03
6928	-1.144838e+03
6929	-1.113406e+03
6930	-1.133911e+03
6931	-1.136733e+03
6932	-1.112178e+03
6933	-1.142423e+03
6934	-1.115871e+03
6935	-1.122780e+03
6936	-1.134419e+03
6937	-1.133671e+03
6938	-1.123757e+03
6939	-1.133070e+03
6940	-1.144683e+03
6941	-1.164355e+03
6942	-1.131512e+03
6943	-1.143770e+03
6944	-1.139695e+03
6945	-1.142165e+03
6946	-1.130261e+03
6947	-1.103529e+03
6948	-1.134591e+03
6949	-1.132810e+03
6950	-1.116562e+03
6951	-1.121860e+03
6952	-1.117061e+03
6953	-1.125113e+03
6954	-1.110884e+03
6955	-1.119438e+03
6956	-1.138356e+03
6957	-1.125857e+03
6958	-1.121171e+03
6959	-1.141409e+03
6960	-1.134324e+03
6961	-1.092848e+03
6962	-1.149337e+03
6963	-1.123552e+03
6964	-1.139190e+03
6965	-1.147873e+03
6966	-1.119881e+03
6967	-1.107121e+03
6968	-1.139383e+03
6969	-1.150873e+03
6970	-1.123908e+03
6971	-1.149715e+03
6972	-1.106625e+03
6973	-1.135529e+03
6974	-1.139674e+03
6975	-1.136766e+03
6976	-1.124089e+03
6977	-1.152948e+03
6978	-1.122696e+03
6979	-1.126569e+03
6980	-1.128060e+03
6981	-1.143607e+03
6982	-1.129654e+03
6983	-1.128552e+03
6984	-1.120887e+03
6985	-1.121080e+03
6986	-1.146718e+03
6987	-1.142091e+03
6988	-1.125242e+03
6989	-1.116954e+03
6990	-1.132770e+03
6991	-1.129548e+03
6992	-1.129631e+03
6993	-1.118344e+03
6994	-1.137020e+03
6995	-1.133754e+03
6996	-1.127012e+03
6997	-1.133902e+03
6998	-1.125888e+03
6999	-1.133050e+03
7000	-1.133613e+03
7001	-1.131378e+03
7002	-1.140458e+03
7003	-1.118909e+03
7004	-1.129570e+03
7005	-1.134394e+03
7006	-1.131285e+03
7007	-1.140918e+03
7008	-1.113121e+03
7009	-1.136319e+03
7010	-1.139392e+03
7011	-1.123039e+03
7012	-1.143056e+03
7013	-1.126747e+03
7014	-1.133755e+03
7015	-1.138738e+03
7016	-1.144110e+03
7017	-1.136803e+03
7018	-1.139501e+03
7019	-1.149091e+03
7020	-1.135482e+03
7021	-1.130941e+03
7022	-1.124685e+03
7023	-1.136808e+03
7024	-1.141801e+03
7025	-1.146892e+03
7026	-1.142993e+03
7027	-1.118205e+03
7028	-1.129508e+03
7029	-1.158542e+03
7030	-1.136901e+03
7031	-1.111650e+03
7032	-1.134506e+03
7033	-1.115721e+03
7034	-1.126199e+03
7035	-1.111189e+03
7036	-1.155518e+03
7037	-1.124726e+03
7038	-1.122441e+03
7039	-1.123054e+03
7040	-1.117402e+03
7041	-1.132996e+03
7042	-1.131942e+03
7043	-1.130435e+03
7044	-1.134610e+03
7045	-1.131452e+03
7046	-1.129829e+03
7047	-1.131224e+03
7048	-1.124343e+03
7049	-1.134565e+03
7050	-1.131882e+03
7051	-1.113479e+03
7052	-1.144759e+03
7053	-1.129555e+03
7054	-1.136016e+03
7055	-1.127181e+03
7056	-1.158280e+03
7057	-1.128116e+03
7058	-1.129617e+03
7059	-1.125314e+03
7060	-1.126194e+03
7061	-1.116241e+03
7062	-1.122094e+03
7063	-1.117944e+03
7064	-1.130749e+03
7065	-1.119132e+03
7066	-1.133358e+03
7067	-1.113947e+03
7068	-1.127780e+03
7069	-1.156867e+03
7070	-1.125978e+03
7071	-1.124869e+03
7072	-1.129145e+03
7073	-1.121990e+03
7074	-1.139371e+03
7075	-1.126318e+03
7076	-1.122632e+03
7077	-1.135390e+03
7078	-1.129382e+03
7079	-1.134025e+03
7080	-1.148812e+03
7081	-1.136134e+03
7082	-1.142094e+03
7083	-1.135500e+03
7084	-1.119814e+03
7085	-1.123900e+03
7086	-1.135395e+03
7087	-1.130036e+03
7088	-1.137039e+03
7089	-1.144995e+03
7090	-1.128672e+03
7091	-1.127043e+03
7092	-1.121074e+03
7093	-1.128548e+03
7094	-1.113224e+03
7095	-1.143318e+03
7096	-1.141375e+03
7097	-1.135244e+03
7098	-1.119970e+03
7099	-1.134512e+03
7100	-1.137395e+03
7101	-1.128505e+03
7102	-1.143470e+03
7103	-1.122572e+03
7104	-1.125168e+03
7105	-1.122868e+03
7106	-1.137816e+03
7107	-1.128218e+03
7108	-1.139721e+03
7109	-1.130083e+03
7110	-1.136360e+03
7111	-1.112546e+03
7112	-1.130617e+03
7113	-1.116160e+03
7114	-1.115270e+03
7115	-1.129016e+03
7116	-1.146414e+03
7117	-1.131138e+03
7118	-1.153386e+03
7119	-1.112883e+03
7120	-1.137577e+03
7121	-1.138472e+03
7122	-1.125276e+03
7123	-1.119141e+03
7124	-1.142476e+03
7125	-1.118704e+03
7126	-1.136291e+03
7127	-1.150377e+03
7128	-1.127206e+03
7129	-1.132335e+03
7130	-1.129498e+03
7131	-1.113107e+03
7132	-1.129937e+03
7133	-1.113278e+03
7134	-1.130261e+03
7135	-1.136591e+03
7136	-1.134106e+03
7137	-1.135902e+03
7138	-1.123420e+03
7139	-1.151231e+03
7140	-1.125354e+03
7141	-1.133261e+03
7142	-1.123277e+03
7143	-1.131626e+03
7144	-1.123226e+03
7145	-1.134060e+03
7146	-1.123926e+03
7147	-1.148626e+03
7148	-1.133076e+03
7149	-1.142002e+03
7150	-1.124793e+03
7151	-1.098339e+03
7152	-1.120460e+03
7153	-1.130329e+03
7154	-1.133494e+03
7155	-1.133230e+03
7156	-1.112426e+03
7157	-1.119377e+03
7158	-1.121401e+03
7159	-1.121882e+03
7160	-1.127217e+03
7161	-1.133180e+03
7162	-1.131778e+03
7163	-1.122083e+03
7164	-1.134077e+03
7165	-1.132695e+03
7166	-1.127872e+03
7167	-1.133070e+03
7168	-1.144072e+03
7169	-1.136822e+03
7170	-1.133533e+03
7171	-1.128770e+03
7172	-1.113249e+03
7173	-1.134779e+03
7174	-1.111398e+03
7175	-1.140693e+03
7176	-1.103729e+03
7177	-1.128516e+03
7178	-1.133176e+03
7179	-1.120283e+03
7180	-1.117479e+03
7181	-1.128609e+03
7182	-1.117319e+03
7183	-1.127204e+03
7184	-1.132656e+03
7185	-1.124477e+03
7186	-1.132524e+03
7187	-1.149733e+03
7188	-1.135333e+03
7189	-1.139893e+03
7190	-1.115945e+03
7191	-1.123948e+03
7192	-1.113668e+03
7193	-1.112573e+03
7194	-1.130229e+03
7195	-1.131649e+03
7196	-1.130484e+03
7197	-1.110247e+03
7198	-1.141238e+03
7199	-1.112469e+03
7200	-1.123760e+03
7201	-1.119046e+03
7202	-1.143882e+03
7203	-1.130123e+03
7204	-1.152016e+03
7205	-1.134861e+03
7206	-1.128961e+03
7207	-1.121329e+03
7208	-1.118835e+03
7209	-1.137343e+03
7210	-1.144191e+03
7211	-1.129050e+03
7212	-1.128709e+03
7213	-1.116079e+03
7214	-1.125980e+03
7215	-1.118378e+03
7216	-1.121406e+03
7217	-1.152428e+03
7218	-1.119977e+03
7219	-1.135851e+03
7220	-1.113863e+03
7221	-1.097634e+03
7222	-1.127201e+03
7223	-1.110190e+03
7224	-1.138337e+03
7225	-1.103526e+03
7226	-1.130737e+03
7227	-1.130521e+03
7228	-1.122053e+03
7229	-1.115348e+03
7230	-1.119907e+03
7231	-1.149044e+03
7232	-1.147744e+03
7233	-1.118856e+03
7234	-1.134139e+03
7235	-1.118424e+03
7236	-1.131874e+03
7237	-1.131292e+03
7238	-1.150859e+03
7239	-1.120318e+03
7240	-1.142285e+03
7241	-1.145831e+03
7242	-1.124776e+03
7243	-1.148389e+03
7244	-1.130688e+03
7245	-1.122240e+03
7246	-1.133440e+03
7247	-1.147742e+03
7248	-1.144647e+03
7249	-1.130317e+03
7250	-1.129848e+03
7251	-1.131345e+03
7252	-1.138204e+03
7253	-1.135778e+03
7254	-1.127209e+03
7255	-1.135803e+03
7256	-1.123960e+03
7257	-1.133047e+03
7258	-1.142758e+03
7259	-1.149131e+03
7260	-1.126506e+03
7261	-1.132787e+03
7262	-1.129908e+03
7263	-1.133824e+03
7264	-1.129852e+03
7265	-1.138115e+03
7266	-1.141451e+03
7267	-1.131293e+03
7268	-1.128456e+03
7269	-1.138406e+03
7270	-1.127962e+03
7271	-1.132215e+03
7272	-1.160575e+03
7273	-1.129480e+03
7274	-1.143910e+03
7275	-1.132116e+03
7276	-1.141563e+03
7277	-1.114230e+03
7278	-1.126738e+03
7279	-1.124128e+03
7280	-1.138954e+03
7281	-1.122959e+03
7282	-1.109481e+03
7283	-1.123181e+03
7284	-1.138055e+03
7285	-1.092696e+03
7286	-1.119410e+03
7287	-1.127757e+03
7288	-1.125546e+03
7289	-1.149710e+03
7290	-1.129304e+03
7291	-1.139476e+03
7292	-1.138141e+03
7293	-1.144919e+03
7294	-1.119191e+03
7295	-1.134658e+03
7296	-1.120359e+03
7297	-1.116421e+03
7298	-1.125607e+03
7299	-1.137815e+03
7300	-1.124662e+03
7301	-1.138217e+03
7302	-1.130613e+03
7303	-1.144047e+03
7304	-1.132591e+03
7305	-1.133974e+03
7306	-1.141166e+03
7307	-1.135974e+03
7308	-1.124780e+03
7309	-1.123907e+03
7310	-1.144593e+03
7311	-1.130056e+03
7312	-1.128886e+03
7313	-1.138991e+03
7314	-1.136660e+03
7315	-1.133013e+03
7316	-1.118494e+03
7317	-1.119455e+03
7318	-1.129471e+03
7319	-1.131485e+03
7320	-1.117988e+03
7321	-1.127407e+03
7322	-1.116659e+03
7323	-1.126888e+03
7324	-1.127006e+03
7325	-1.135886e+03
7326	-1.138692e+03
7327	-1.133212e+03
7328	-1.114856e+03
7329	-1.128024e+03
7330	-1.158769e+03
7331	-1.129446e+03
7332	-1.128873e+03
7333	-1.118055e+03
7334	-1.127586e+03
7335	-1.135668e+03
7336	-1.131066e+03
7337	-1.128520e+03
7338	-1.132743e+03
7339	-1.142956e+03
7340	-1.113788e+03
7341	-1.113497e+03
7342	-1.122892e+03
7343	-1.117638e+03
7344	-1.146168e+03
7345	-1.153496e+03
7346	-1.139478e+03
7347	-1.144552e+03
7348	-1.125727e+03
7349	-1.142107e+03
7350	-1.142351e+03
7351	-1.135904e+03
7352	-1.138002e+03
7353	-1.125635e+03
7354	-1.146242e+03
7355	-1.137473e+03
7356	-1.123177e+03
7357	-1.112342e+03
7358	-1.121353e+03
7359	-1.119639e+03
7360	-1.132383e+03
7361	-1.140347e+03
7362	-1.114975e+03
7363	-1.130718e+03
7364	-1.136654e+03
7365	-1.133427e+03
7366	-1.143488e+03
7367	-1.128088e+03
7368	-1.149191e+03
7369	-1.147646e+03
7370	-1.138073e+03
7371	-1.131680e+03
7372	-1.127395e+03
7373	-1.127855e+03
7374	-1.110817e+03
7375	-1.121277e+03
7376	-1.134945e+03
7377	-1.116093e+03
7378	-1.136976e+03
7379	-1.147746e+03
7380	-1.141217e+03
7381	-1.111256e+03
7382	-1.160874e+03
7383	-1.142344e+03
7384	-1.110627e+03
7385	-1.123194e+03
7386	-1.116334e+03
7387	-1.127064e+03
7388	-1.140294e+03
7389	-1.134551e+03
7390	-1.114510e+03
7391	-1.127696e+03
7392	-1.103368e+03
7393	-1.145666e+03
7394	-1.135070e+03
7395	-1.120522e+03
7396	-1.113593e+03
7397	-1.118995e+03
7398	-1.139253e+03
7399	-1.128482e+03
7400	-1.129668e+03
7401	-1.134027e+03
7402	-1.136232e+03
7403	-1.106881e+03
7404	-1.153279e+03
7405	-1.108582e+03
7406	-1.139501e+03
7407	-1.136154e+03
7408	-1.141190e+03
7409	-1.110058e+03
7410	-1.135215e+03
7411	-1.114918e+03
7412	-1.137162e+03
7413	-1.154234e+03
7414	-1.143692e+03
7415	-1.139478e+03
7416	-1.127266e+03
7417	-1.139730e+03
7418	-1.126429e+03
7419	-1.137507e+03
7420	-1.130510e+03
7421	-1.124633e+03
7422	-1.122023e+03
7423	-1.146603e+03
7424	-1.123660e+03
7425	-1.134398e+03
7426	-1.104136e+03
7427	-1.140048e+03
7428	-1.119050e+03
7429	-1.115208e+03
7430	-1.110397e+03
7431	-1.121580e+03
7432	-1.138846e+03
7433	-1.135977e+03
7434	-1.125231e+03
7435	-1.125216e+03
7436	-1.133231e+03
7437	-1.121066e+03
7438	-1.137080e+03
7439	-1.145109e+03
7440	-1.131627e+03
7441	-1.136307e+03
7442	-1.116099e+03
7443	-1.148549e+03
7444	-1.110227e+03
7445	-1.139187e+03
7446	-1.142531e+03
7447	-1.106484e+03
7448	-1.136346e+03
7449	-1.124280e+03
7450	-1.107207e+03
7451	-1.130019e+03
7452	-1.134120e+03
7453	-1.144657e+03
7454	-1.126416e+03
7455	-1.126896e+03
7456	-1.132075e+03
7457	-1.127911e+03
7458	-1.142790e+03
7459	-1.129972e+03
7460	-1.145511e+03
7461	-1.118238e+03
7462	-1.125592e+03
7463	-1.127978e+03
7464	-1.126502e+03
7465	-1.118831e+03
7466	-1.131701e+03
7467	-1.121724e+03
7468	-1.138607e+03
7469	-1.132863e+03
7470	-1.128988e+03
7471	-1.117435e+03
7472	-1.133778e+03
7473	-1.139735e+03
7474	-1.129670e+03
7475	-1.114056e+03
7476	-1.150751e+03
7477	-1.123104e+03
7478	-1.126650e+03
7479	-1.140858e+03
7480	-1.109470e+03
7481	-1.146553e+03
7482	-1.117194e+03
7483	-1.117221e+03
7484	-1.136917e+03
7485	-1.137480e+03
7486	-1.139814e+03
7487	-1.146687e+03
7488	-1.124911e+03
7489	-1.130033e+03
7490	-1.144352e+03
7491	-1.123466e+03
7492	-1.134745e+03
7493	-1.132677e+03
7494	-1.137479e+03
7495	-1.116889e+03
7496	-1.146949e+03
7497	-1.141979e+03
7498	-1.136410e+03
7499	-1.122557e+03
7500	-1.121328e+03
7501	-1.145789e+03
7502	-1.134971e+03
7503	-1.133691e+03
7504	-1.125588e+03
7505	-1.125356e+03
7506	-1.127883e+03
7507	-1.127150e+03
7508	-1.133622e+03
7509	-1.129995e+03
7510	-1.121684e+03
7511	-1.110634e+03
7512	-1.127978e+03
7513	-1.130507e+03
7514	-1.131431e+03
7515	-1.131744e+03
7516	-1.130214e+03
7517	-1.123479e+03
7518	-1.112783e+03
7519	-1.117970e+03
7520	-1.139324e+03
7521	-1.132722e+03
7522	-1.134721e+03
7523	-1.138725e+03
7524	-1.135721e+03
7525	-1.125089e+03
7526	-1.120459e+03
7527	-1.130966e+03
7528	-1.144291e+03
7529	-1.123455e+03
7530	-1.124109e+03
7531	-1.133501e+03
7532	-1.125218e+03
7533	-1.132439e+03
7534	-1.128349e+03
7535	-1.129370e+03
7536	-1.137345e+03
7537	-1.139364e+03
7538	-1.134537e+03
7539	-1.109893e+03
7540	-1.148870e+03
7541	-1.144049e+03
7542	-1.117963e+03
7543	-1.133340e+03
7544	-1.151694e+03
7545	-1.129183e+03
7546	-1.141804e+03
7547	-1.115441e+03
7548	-1.115183e+03
7549	-1.137933e+03
7550	-1.113688e+03
7551	-1.121996e+03
7552	-1.135288e+03
7553	-1.130582e+03
7554	-1.123534e+03
7555	-1.136048e+03
7556	-1.103910e+03
7557	-1.126971e+03
7558	-1.112896e+03
7559	-1.131587e+03
7560	-1.142613e+03
7561	-1.125837e+03
7562	-1.126474e+03
7563	-1.138795e+03
7564	-1.133712e+03
7565	-1.125795e+03
7566	-1.137258e+03
7567	-1.126143e+03
7568	-1.131475e+03
7569	-1.111916e+03
7570	-1.142156e+03
7571	-1.146922e+03
7572	-1.129434e+03
7573	-1.127112e+03
7574	-1.122433e+03
7575	-1.135310e+03
7576	-1.114878e+03
7577	-1.131471e+03
7578	-1.133867e+03
7579	-1.116430e+03
7580	-1.118486e+03
7581	-1.135331e+03
7582	-1.119357e+03
7583	-1.134672e+03
7584	-1.119226e+03
7585	-1.129840e+03
7586	-1.136335e+03
7587	-1.132243e+03
7588	-1.145267e+03
7589	-1.117968e+03
7590	-1.135917e+03
7591	-1.106969e+03
7592	-1.129615e+03
7593	-1.107119e+03
7594	-1.125750e+03
7595	-1.131339e+03
7596	-1.122178e+03
7597	-1.143569e+03
7598	-1.128411e+03
7599	-1.128889e+03
7600	-1.117420e+03
7601	-1.144699e+03
7602	-1.102615e+03
7603	-1.130054e+03
7604	-1.135848e+03
7605	-1.125572e+03
7606	-1.124237e+03
7607	-1.139319e+03
7608	-1.129597e+03
7609	-1.131363e+03
7610	-1.136404e+03
7611	-1.127355e+03
7612	-1.129825e+03
7613	-1.124799e+03
7614	-1.127622e+03
7615	-1.139483e+03
7616	-1.113734e+03
7617	-1.119660e+03
7618	-1.128896e+03
7619	-1.145863e+03
7620	-1.135443e+03
7621	-1.134373e+03
7622	-1.104556e+03
7623	-1.132453e+03
7624	-1.135078e+03
7625	-1.148657e+03
7626	-1.151725e+03
7627	-1.127337e+03
7628	-1.132832e+03
7629	-1.125309e+03
7630	-1.122536e+03
7631	-1.122106e+03
7632	-1.141053e+03
7633	-1.133205e+03
7634	-1.106103e+03
7635	-1.121959e+03
7636	-1.128961e+03
7637	-1.114621e+03
7638	-1.127902e+03
7639	-1.126257e+03
7640	-1.115999e+03
7641	-1.118457e+03
7642	-1.131103e+03
7643	-1.146358e+03
7644	-1.130901e+03
7645	-1.140196e+03
7646	-1.140656e+03
7647	-1.147150e+03
7648	-1.134265e+03
7649	-1.118678e+03
7650	-1.099320e+03
7651	-1.146088e+03
7652	-1.121362e+03
7653	-1.124476e+03
7654	-1.133767e+03
7655	-1.121386e+03
7656	-1.131299e+03
7657	-1.126334e+03
7658	-1.128364e+03
7659	-1.118836e+03
7660	-1.108599e+03
7661	-1.144334e+03
7662	-1.150311e+03
7663	-1.134436e+03
7664	-1.123032e+03
7665	-1.141794e+03
7666	-1.126554e+03
7667	-1.134114e+03
7668	-1.124894e+03
7669	-1.137576e+03
7670	-1.112746e+03
7671	-1.127610e+03
7672	-1.137857e+03
7673	-1.129249e+03
7674	-1.139731e+03
7675	-1.125837e+03
7676	-1.125976e+03
7677	-1.112907e+03
7678	-1.123541e+03
7679	-1.132888e+03
7680	-1.125321e+03
7681	-1.154669e+03
7682	-1.140696e+03
7683	-1.140094e+03
7684	-1.136827e+03
7685	-1.106922e+03
7686	-1.119010e+03
7687	-1.116729e+03
7688	-1.138392e+03
7689	-1.133363e+03
7690	-1.121979e+03
7691	-1.124654e+03
7692	-1.126515e+03
7693	-1.111934e+03
7694	-1.120577e+03
7695	-1.130569e+03
7696	-1.118826e+03
7697	-1.127513e+03
7698	-1.121196e+03
7699	-1.129555e+03
7700	-1.130251e+03
7701	-1.127113e+03
7702	-1.122176e+03
7703	-1.107289e+03
7704	-1.144910e+03
7705	-1.132608e+03
7706	-1.120220e+03
7707	-1.141397e+03
7708	-1.151048e+03
7709	-1.138222e+03
7710	-1.120444e+03
7711	-1.123435e+03
7712	-1.108566e+03
7713	-1.110539e+03
7714	-1.128038e+03
7715	-1.124260e+03
7716	-1.119999e+03
7717	-1.129067e+03
7718	-1.117922e+03
7719	-1.125849e+03
7720	-1.137581e+03
7721	-1.129243e+03
7722	-1.137375e+03
7723	-1.127401e+03
7724	-1.111576e+03
7725	-1.123107e+03
7726	-1.138679e+03
7727	-1.136127e+03
7728	-1.140353e+03
7729	-1.119686e+03
7730	-1.114874e+03
7731	-1.133859e+03
7732	-1.133190e+03
7733	-1.118799e+03
7734	-1.129402e+03
7735	-1.114941e+03
7736	-1.109712e+03
7737	-1.108088e+03
7738	-1.148496e+03
7739	-1.135208e+03
7740	-1.117484e+03
7741	-1.136294e+03
7742	-1.120531e+03
7743	-1.117063e+03
7744	-1.128242e+03
7745	-1.130233e+03
7746	-1.133621e+03
7747	-1.127361e+03
7748	-1.129987e+03
7749	-1.144813e+03
7750	-1.126995e+03
7751	-1.133998e+03
7752	-1.130522e+03
7753	-1.130759e+03
7754	-1.118745e+03
7755	-1.142294e+03
7756	-1.154309e+03
7757	-1.127129e+03
7758	-1.125160e+03
7759	-1.129830e+03
7760	-1.117471e+03
7761	-1.108446e+03
7762	-1.122640e+03
7763	-1.123618e+03
7764	-1.131333e+03
7765	-1.137604e+03
7766	-1.128068e+03
7767	-1.127001e+03
7768	-1.118312e+03
7769	-1.129506e+03
7770	-1.125600e+03
7771	-1.125179e+03
7772	-1.119506e+03
7773	-1.119418e+03
7774	-1.140908e+03
7775	-1.137951e+03
7776	-1.123616e+03
7777	-1.125063e+03
7778	-1.138131e+03
7779	-1.117464e+03
7780	-1.125798e+03
7781	-1.127147e+03
7782	-1.142611e+03
7783	-1.127498e+03
7784	-1.128518e+03
7785	-1.110310e+03
7786	-1.139064e+03
7787	-1.145159e+03
7788	-1.151622e+03
7789	-1.138812e+03
7790	-1.121819e+03
7791	-1.128149e+03
7792	-1.131500e+03
7793	-1.140413e+03
7794	-1.133125e+03
7795	-1.115255e+03
7796	-1.135126e+03
7797	-1.153735e+03
7798	-1.126932e+03
7799	-1.132953e+03
7800	-1.120411e+03
7801	-1.129904e+03
7802	-1.157788e+03
7803	-1.131183e+03
7804	-1.114961e+03
7805	-1.113369e+03
7806	-1.128920e+03
7807	-1.138277e+03
7808	-1.135768e+03
7809	-1.135873e+03
7810	-1.119316e+03
7811	-1.132728e+03
7812	-1.121701e+03
7813	-1.139366e+03
7814	-1.119534e+03
7815	-1.124996e+03
7816	-1.109171e+03
7817	-1.132687e+03
7818	-1.141571e+03
7819	-1.125996e+03
7820	-1.130683e+03
7821	-1.140436e+03
7822	-1.134328e+03
7823	-1.141141e+03
7824	-1.135551e+03
7825	-1.130397e+03
7826	-1.140003e+03
7827	-1.137657e+03
7828	-1.153076e+03
7829	-1.123259e+03
7830	-1.122728e+03
7831	-1.148644e+03
7832	-1.126943e+03
7833	-1.111203e+03
7834	-1.116792e+03
7835	-1.130162e+03
7836	-1.146290e+03
7837	-1.126615e+03
7838	-1.140942e+03
7839	-1.134141e+03
7840	-1.138320e+03
7841	-1.132917e+03
7842	-1.141267e+03
7843	-1.137552e+03
7844	-1.130297e+03
7845	-1.127425e+03
7846	-1.129215e+03
7847	-1.135458e+03
7848	-1.120486e+03
7849	-1.140320e+03
7850	-1.137177e+03
7851	-1.138760e+03
7852	-1.133806e+03
7853	-1.139302e+03
7854	-1.126635e+03
7855	-1.114464e+03
7856	-1.135821e+03
7857	-1.135901e+03
7858	-1.137410e+03
7859	-1.109342e+03
7860	-1.138225e+03
7861	-1.129419e+03
7862	-1.146333e+03
7863	-1.131277e+03
7864	-1.133161e+03
7865	-1.135826e+03
7866	-1.139480e+03
7867	-1.122460e+03
7868	-1.123780e+03
7869	-1.121816e+03
7870	-1.130174e+03
7871	-1.133128e+03
7872	-1.142288e+03
7873	-1.108007e+03
7874	-1.130969e+03
7875	-1.122550e+03
7876	-1.135477e+03
7877	-1.124681e+03
7878	-1.137292e+03
7879	-1.146318e+03
7880	-1.134214e+03
7881	-1.128978e+03
7882	-1.139055e+03
7883	-1.139142e+03
7884	-1.127912e+03
7885	-1.123048e+03
7886	-1.131077e+03
7887	-1.100303e+03
7888	-1.135454e+03
7889	-1.132236e+03
7890	-1.117826e+03
7891	-1.135164e+03
7892	-1.140905e+03
7893	-1.148503e+03
7894	-1.118588e+03
7895	-1.121123e+03
7896	-1.127923e+03
7897	-1.128748e+03
7898	-1.121755e+03
7899	-1.123664e+03
7900	-1.128672e+03
7901	-1.136630e+03
7902	-1.141422e+03
7903	-1.107137e+03
7904	-1.141012e+03
7905	-1.142651e+03
7906	-1.114032e+03
7907	-1.122379e+03
7908	-1.112480e+03
7909	-1.123610e+03
7910	-1.112181e+03
7911	-1.136600e+03
7912	-1.140961e+03
7913	-1.133299e+03
7914	-1.129050e+03
7915	-1.136832e+03
7916	-1.133192e+03
7917	-1.122097e+03
7918	-1.135563e+03
7919	-1.124723e+03
7920	-1.148007e+03
7921	-1.115507e+03
7922	-1.137887e+03
7923	-1.154089e+03
7924	-1.145146e+03
7925	-1.134977e+03
7926	-1.142414e+03
7927	-1.139180e+03
7928	-1.137434e+03
7929	-1.121283e+03
7930	-1.128667e+03
7931	-1.152724e+03
7932	-1.122203e+03
7933	-1.128285e+03
7934	-1.138118e+03
7935	-1.117783e+03
7936	-1.152697e+03
7937	-1.120904e+03
7938	-1.131698e+03
7939	-1.111503e+03
7940	-1.124489e+03
7941	-1.129419e+03
7942	-1.121300e+03
7943	-1.138194e+03
7944	-1.138809e+03
7945	-1.131552e+03
7946	-1.119063e+03
7947	-1.141592e+03
7948	-1.113474e+03
7949	-1.135835e+03
7950	-1.137096e+03
7951	-1.123289e+03
7952	-1.126027e+03
7953	-1.126886e+03
7954	-1.125457e+03
7955	-1.134569e+03
7956	-1.134736e+03
7957	-1.143655e+03
7958	-1.116938e+03
7959	-1.115067e+03
7960	-1.126883e+03
7961	-1.122622e+03
7962	-1.124956e+03
7963	-1.128769e+03
7964	-1.124835e+03
7965	-1.133410e+03
7966	-1.118473e+03
7967	-1.111014e+03
7968	-1.119428e+03
7969	-1.134194e+03
7970	-1.125901e+03
7971	-1.137758e+03
7972	-1.116120e+03
7973	-1.123326e+03
7974	-1.117609e+03
7975	-1.127570e+03
7976	-1.131987e+03
7977	-1.143999e+03
7978	-1.138923e+03
7979	-1.121976e+03
7980	-1.133500e+03
7981	-1.129019e+03
7982	-1.122937e+03
7983	-1.110134e+03
7984	-1.139233e+03
7985	-1.103473e+03
7986	-1.130877e+03
7987	-1.119303e+03
7988	-1.133184e+03
7989	-1.116835e+03
7990	-1.135452e+03
7991	-1.121891e+03
7992	-1.141333e+03
7993	-1.119341e+03
7994	-1.124537e+03
7995	-1.127841e+03
7996	-1.125736e+03
7997	-1.103198e+03
7998	-1.132762e+03
7999	-1.115090e+03
8000	-1.141215e+03
8001	-1.121976e+03
8002	-1.144989e+03
8003	-1.131739e+03
8004	-1.125892e+03
8005	-1.119794e+03
8006	-1.117447e+03
8007	-1.109052e+03
8008	-1.127538e+03
8009	-1.110193e+03
8010	-1.149059e+03
8011	-1.122529e+03
8012	-1.131691e+03
8013	-1.130839e+03
8014	-1.112722e+03
8015	-1.117685e+03
8016	-1.126680e+03
8017	-1.127186e+03
8018	-1.146995e+03
8019	-1.139736e+03
8020	-1.120583e+03
8021	-1.148952e+03
8022	-1.133248e+03
8023	-1.121998e+03
8024	-1.111594e+03
8025	-1.134577e+03
8026	-1.120381e+03
8027	-1.159626e+03
8028	-1.117965e+03
8029	-1.142487e+03
8030	-1.121511e+03
8031	-1.135572e+03
8032	-1.125824e+03
8033	-1.157434e+03
8034	-1.135239e+03
8035	-1.111672e+03
8036	-1.145780e+03
8037	-1.133867e+03
8038	-1.122119e+03
8039	-1.123814e+03
8040	-1.140363e+03
8041	-1.127274e+03
8042	-1.125646e+03
8043	-1.122267e+03
8044	-1.124784e+03
8045	-1.115516e+03
8046	-1.133683e+03
8047	-1.125721e+03
8048	-1.121335e+03
8049	-1.130450e+03
8050	-1.102079e+03
8051	-1.109851e+03
8052	-1.127513e+03
8053	-1.142147e+03
8054	-1.142799e+03
8055	-1.150055e+03
8056	-1.127865e+03
8057	-1.131218e+03
8058	-1.119982e+03
8059	-1.135062e+03
8060	-1.137930e+03
8061	-1.131420e+03
8062	-1.121175e+03
8063	-1.128565e+03
8064	-1.135678e+03
8065	-1.118690e+03
8066	-1.131655e+03
8067	-1.121039e+03
8068	-1.134060e+03
8069	-1.144069e+03
8070	-1.135327e+03
8071	-1.129976e+03
8072	-1.135423e+03
8073	-1.141477e+03
8074	-1.131230e+03
8075	-1.114846e+03
8076	-1.107274e+03
8077	-1.116323e+03
8078	-1.140208e+03
8079	-1.118914e+03
8080	-1.141156e+03
8081	-1.140291e+03
8082	-1.145919e+03
8083	-1.118405e+03
8084	-1.107947e+03
8085	-1.110544e+03
8086	-1.121793e+03
8087	-1.136798e+03
8088	-1.132683e+03
8089	-1.121985e+03
8090	-1.145094e+03
8091	-1.139433e+03
8092	-1.128103e+03
8093	-1.126502e+03
8094	-1.138782e+03
8095	-1.126539e+03
8096	-1.113293e+03
8097	-1.125004e+03
8098	-1.137652e+03
8099	-1.112230e+03
8100	-1.121988e+03
8101	-1.115100e+03
8102	-1.144109e+03
8103	-1.143065e+03
8104	-1.096825e+03
8105	-1.119348e+03
8106	-1.120016e+03
8107	-1.121703e+03
8108	-1.142975e+03
8109	-1.149439e+03
8110	-1.125734e+03
8111	-1.144132e+03
8112	-1.143110e+03
8113	-1.149911e+03
8114	-1.138330e+03
8115	-1.140693e+03
8116	-1.120739e+03
8117	-1.131954e+03
8118	-1.130175e+03
8119	-1.130788e+03
8120	-1.124213e+03
8121	-1.116251e+03
8122	-1.141909e+03
8123	-1.126735e+03
8124	-1.141018e+03
8125	-1.132114e+03
8126	-1.112789e+03
8127	-1.118800e+03
8128	-1.140108e+03
8129	-1.126946e+03
8130	-1.125732e+03
8131	-1.119846e+03
8132	-1.145517e+03
8133	-1.133681e+03
8134	-1.126871e+03
8135	-1.109049e+03
8136	-1.122709e+03
8137	-1.111158e+03
8138	-1.118718e+03
8139	-1.123098e+03
8140	-1.130905e+03
8141	-1.139293e+03
8142	-1.120481e+03
8143	-1.120079e+03
8144	-1.124082e+03
8145	-1.116969e+03
8146	-1.131817e+03
8147	-1.128364e+03
8148	-1.130937e+03
8149	-1.129150e+03
8150	-1.135525e+03
8151	-1.141239e+03
8152	-1.115956e+03
8153	-1.125160e+03
8154	-1.132378e+03
8155	-1.103497e+03
8156	-1.129696e+03
8157	-1.137185e+03
8158	-1.107432e+03
8159	-1.140783e+03
8160	-1.131848e+03
8161	-1.132976e+03
8162	-1.114195e+03
8163	-1.133823e+03
8164	-1.128023e+03
8165	-1.119629e+03
8166	-1.138243e+03
8167	-1.147221e+03
8168	-1.150821e+03
8169	-1.118451e+03
8170	-1.137075e+03
8171	-1.144046e+03
8172	-1.130995e+03
8173	-1.121686e+03
8174	-1.138083e+03
8175	-1.119829e+03
8176	-1.130377e+03
8177	-1.128684e+03
8178	-1.101935e+03
8179	-1.145328e+03
8180	-1.145070e+03
8181	-1.103257e+03
8182	-1.119507e+03
8183	-1.136329e+03
8184	-1.129564e+03
8185	-1.130399e+03
8186	-1.132408e+03
8187	-1.138683e+03
8188	-1.137237e+03
8189	-1.135881e+03
8190	-1.116126e+03
8191	-1.121245e+03
8192	-1.110339e+03
8193	-1.137227e+03
8194	-1.123258e+03
8195	-1.135651e+03
8196	-1.129244e+03
8197	-1.128966e+03
8198	-1.127216e+03
8199	-1.140865e+03
8200	-1.144424e+03
8201	-1.125727e+03
8202	-1.111893e+03
8203	-1.128490e+03
8204	-1.138758e+03
8205	-1.115583e+03
8206	-1.146471e+03
8207	-1.127693e+03
8208	-1.121116e+03
8209	-1.131988e+03
8210	-1.141711e+03
8211	-1.144028e+03
8212	-1.125519e+03
8213	-1.115643e+03
8214	-1.111226e+03
8215	-1.118540e+03
8216	-1.128828e+03
8217	-1.124742e+03
8218	-1.130287e+03
8219	-1.115591e+03
8220	-1.126168e+03
8221	-1.125866e+03
8222	-1.115609e+03
8223	-1.117538e+03
8224	-1.124188e+03
8225	-1.120109e+03
8226	-1.133096e+03
8227	-1.132903e+03
8228	-1.130422e+03
8229	-1.123124e+03
8230	-1.119014e+03
8231	-1.120868e+03
8232	-1.112728e+03
8233	-1.128297e+03
8234	-1.121267e+03
8235	-1.137518e+03
8236	-1.130757e+03
8237	-1.116003e+03
8238	-1.124871e+03
8239	-1.146584e+03
8240	-1.113122e+03
8241	-1.117688e+03
8242	-1.141133e+03
8243	-1.139621e+03
8244	-1.126165e+03
8245	-1.126926e+03
8246	-1.102227e+03
8247	-1.132551e+03
8248	-1.139224e+03
8249	-1.130024e+03
8250	-1.133823e+03
8251	-1.137998e+03
8252	-1.127226e+03
8253	-1.126658e+03
8254	-1.119285e+03
8255	-1.136799e+03
8256	-1.112663e+03
8257	-1.121569e+03
8258	-1.134761e+03
8259	-1.127029e+03
8260	-1.128573e+03
8261	-1.129643e+03
8262	-1.135118e+03
8263	-1.131324e+03
8264	-1.126571e+03
8265	-1.118173e+03
8266	-1.126980e+03
8267	-1.130008e+03
8268	-1.130828e+03
8269	-1.136919e+03
8270	-1.130459e+03
8271	-1.148023e+03
8272	-1.143420e+03
8273	-1.127286e+03
8274	-1.142794e+03
8275	-1.124103e+03
8276	-1.138226e+03
8277	-1.136699e+03
8278	-1.109473e+03
8279	-1.107882e+03
8280	-1.113542e+03
8281	-1.123897e+03
8282	-1.140761e+03
8283	-1.132315e+03
8284	-1.116503e+03
8285	-1.152626e+03
8286	-1.131099e+03
8287	-1.107986e+03
8288	-1.110355e+03
8289	-1.122775e+03
8290	-1.127422e+03
8291	-1.137750e+03
8292	-1.122697e+03
8293	-1.148277e+03
8294	-1.124024e+03
8295	-1.133258e+03
8296	-1.132321e+03
8297	-1.152625e+03
8298	-1.140868e+03
8299	-1.139785e+03
8300	-1.142379e+03
8301	-1.128019e+03
8302	-1.131489e+03
8303	-1.153112e+03
8304	-1.122226e+03
8305	-1.122804e+03
8306	-1.136962e+03
8307	-1.140732e+03
8308	-1.141030e+03
8309	-1.118757e+03
8310	-1.133751e+03
8311	-1.118617e+03
8312	-1.125229e+03
8313	-1.138128e+03
8314	-1.135904e+03
8315	-1.123470e+03
8316	-1.132852e+03
8317	-1.143430e+03
8318	-1.111607e+03
8319	-1.131695e+03
8320	-1.124440e+03
8321	-1.116820e+03
8322	-1.108516e+03
8323	-1.111893e+03
8324	-1.133832e+03
8325	-1.128385e+03
8326	-1.133819e+03
8327	-1.115608e+03
8328	-1.121908e+03
8329	-1.106224e+03
8330	-1.128189e+03
8331	-1.109409e+03
8332	-1.119741e+03
8333	-1.133459e+03
8334	-1.142273e+03
8335	-1.127482e+03
8336	-1.108376e+03
8337	-1.120181e+03
8338	-1.123887e+03
8339	-1.137315e+03
8340	-1.110439e+03
8341	-1.136170e+03
8342	-1.139592e+03
8343	-1.132093e+03
8344	-1.119756e+03
8345	-1.136579e+03
8346	-1.131069e+03
8347	-1.144642e+03
8348	-1.111479e+03
8349	-1.108279e+03
8350	-1.130668e+03
8351	-1.150653e+03
8352	-1.107184e+03
8353	-1.123168e+03
8354	-1.133839e+03
8355	-1.137834e+03
8356	-1.122844e+03
8357	-1.149898e+03
8358	-1.132145e+03
8359	-1.124549e+03
8360	-1.128493e+03
8361	-1.135503e+03
8362	-1.133904e+03
8363	-1.132595e+03
8364	-1.138548e+03
8365	-1.137818e+03
8366	-1.144590e+03
8367	-1.149006e+03
8368	-1.132089e+03
8369	-1.116638e+03
8370	-1.109285e+03
8371	-1.131127e+03
8372	-1.148381e+03
8373	-1.128254e+03
8374	-1.131254e+03
8375	-1.124964e+03
8376	-1.106021e+03
8377	-1.130096e+03
8378	-1.113214e+03
8379	-1.130372e+03
8380	-1.148030e+03
8381	-1.145094e+03
8382	-1.126451e+03
8383	-1.132682e+03
8384	-1.129952e+03
8385	-1.127712e+03
8386	-1.137754e+03
8387	-1.114233e+03
8388	-1.124603e+03
8389	-1.126247e+03
8390	-1.135677e+03
8391	-1.127119e+03
8392	-1.153709e+03
8393	-1.134025e+03
8394	-1.145082e+03
8395	-1.152295e+03
8396	-1.114169e+03
8397	-1.143697e+03
8398	-1.139210e+03
8399	-1.123569e+03
8400	-1.137422e+03
8401	-1.138838e+03
8402	-1.143219e+03
8403	-1.123737e+03
8404	-1.135965e+03
8405	-1.137680e+03
8406	-1.139711e+03
8407	-1.125280e+03
8408	-1.131448e+03
8409	-1.131502e+03
8410	-1.129335e+03
8411	-1.115888e+03
8412	-1.127349e+03
8413	-1.119338e+03
8414	-1.130911e+03
8415	-1.118747e+03
8416	-1.122095e+03
8417	-1.134168e+03
8418	-1.123366e+03
8419	-1.136877e+03
8420	-1.123075e+03
8421	-1.108494e+03
8422	-1.121667e+03
8423	-1.125545e+03
8424	-1.128882e+03
8425	-1.126937e+03
8426	-1.153424e+03
8427	-1.120493e+03
8428	-1.120917e+03
8429	-1.124636e+03
8430	-1.127896e+03
8431	-1.139422e+03
8432	-1.121118e+03
8433	-1.127203e+03
8434	-1.135376e+03
8435	-1.147470e+03
8436	-1.149310e+03
8437	-1.146411e+03
8438	-1.117144e+03
8439	-1.120584e+03
8440	-1.111276e+03
8441	-1.154341e+03
8442	-1.126945e+03
8443	-1.121927e+03
8444	-1.143009e+03
8445	-1.123195e+03
8446	-1.135486e+03
8447	-1.123981e+03
8448	-1.129180e+03
8449	-1.125294e+03
8450	-1.136852e+03
8451	-1.136448e+03
8452	-1.134398e+03
8453	-1.128164e+03
8454	-1.144159e+03
8455	-1.133535e+03
8456	-1.115838e+03
8457	-1.135545e+03
8458	-1.140833e+03
8459	-1.108812e+03
8460	-1.125189e+03
8461	-1.147721e+03
8462	-1.128328e+03
8463	-1.132314e+03
8464	-1.121417e+03
8465	-1.143434e+03
8466	-1.125985e+03
8467	-1.133412e+03
8468	-1.125135e+03
8469	-1.117217e+03
8470	-1.122202e+03
8471	-1.131643e+03
8472	-1.137963e+03
8473	-1.133866e+03
8474	-1.137414e+03
8475	-1.134864e+03
8476	-1.114460e+03
8477	-1.139772e+03
8478	-1.126621e+03
8479	-1.128222e+03
8480	-1.105810e+03
8481	-1.137340e+03
8482	-1.121452e+03
8483	-1.150650e+03
8484	-1.126259e+03
8485	-1.132460e+03
8486	-1.127877e+03
8487	-1.107587e+03
8488	-1.124514e+03
8489	-1.125790e+03
8490	-1.139860e+03
8491	-1.126768e+03
8492	-1.139715e+03
8493	-1.138913e+03
8494	-1.125404e+03
8495	-1.141901e+03
8496	-1.149014e+03
8497	-1.136209e+03
8498	-1.148102e+03
8499	-1.129759e+03
8500	-1.098705e+03
8501	-1.132982e+03
8502	-1.145752e+03
8503	-1.110853e+03
8504	-1.137554e+03
8505	-1.121032e+03
8506	-1.121079e+03
8507	-1.109987e+03
8508	-1.130205e+03
8509	-1.128424e+03
8510	-1.135990e+03
8511	-1.132317e+03
8512	-1.151962e+03
8513	-1.137294e+03
8514	-1.132174e+03
8515	-1.119989e+03
8516	-1.147833e+03
8517	-1.137171e+03
8518	-1.122102e+03
8519	-1.130421e+03
8520	-1.124333e+03
8521	-1.111063e+03
8522	-1.136059e+03
8523	-1.128524e+03
8524	-1.138237e+03
8525	-1.118521e+03
8526	-1.136389e+03
8527	-1.141090e+03
8528	-1.147164e+03
8529	-1.128621e+03
8530	-1.120364e+03
8531	-1.119365e+03
8532	-1.125928e+03
8533	-1.103903e+03
8534	-1.115543e+03
8535	-1.142338e+03
8536	-1.138100e+03
8537	-1.127191e+03
8538	-1.144693e+03
8539	-1.142450e+03
8540	-1.135885e+03
8541	-1.123730e+03
8542	-1.144415e+03
8543	-1.139291e+03
8544	-1.117353e+03
8545	-1.143758e+03
8546	-1.114529e+03
8547	-1.126441e+03
8548	-1.122620e+03
8549	-1.124655e+03
8550	-1.123368e+03
8551	-1.130257e+03
8552	-1.136527e+03
8553	-1.127161e+03
8554	-1.130954e+03
8555	-1.140152e+03
8556	-1.121510e+03
8557	-1.109808e+03
8558	-1.125601e+03
8559	-1.123651e+03
8560	-1.122042e+03
8561	-1.126180e+03
8562	-1.128987e+03
8563	-1.148423e+03
8564	-1.119598e+03
8565	-1.124541e+03
8566	-1.138780e+03
8567	-1.140462e+03
8568	-1.119109e+03
8569	-1.150249e+03
8570	-1.135078e+03
8571	-1.128168e+03
8572	-1.131074e+03
8573	-1.150623e+03
8574	-1.115533e+03
8575	-1.154978e+03
8576	-1.104473e+03
8577	-1.112312e+03
8578	-1.128688e+03
8579	-1.121179e+03
8580	-1.141334e+03
8581	-1.135417e+03
8582	-1.128217e+03
8583	-1.134506e+03
8584	-1.128313e+03
8585	-1.130334e+03
8586	-1.139422e+03
8587	-1.149463e+03
8588	-1.125579e+03
8589	-1.129624e+03
8590	-1.134799e+03
8591	-1.135328e+03
8592	-1.126653e+03
8593	-1.124495e+03
8594	-1.136328e+03
8595	-1.149837e+03
8596	-1.115614e+03
8597	-1.132823e+03
8598	-1.124598e+03
8599	-1.147911e+03
8600	-1.116466e+03
8601	-1.114213e+03
8602	-1.126792e+03
8603	-1.117514e+03
8604	-1.144223e+03
8605	-1.126909e+03
8606	-1.135913e+03
8607	-1.133591e+03
8608	-1.131857e+03
8609	-1.113721e+03
8610	-1.122819e+03
8611	-1.120424e+03
8612	-1.113263e+03
8613	-1.122310e+03
8614	-1.119597e+03
8615	-1.129979e+03
8616	-1.122782e+03
8617	-1.130950e+03
8618	-1.130887e+03
8619	-1.140323e+03
8620	-1.115708e+03
8621	-1.130419e+03
8622	-1.140512e+03
8623	-1.136028e+03
8624	-1.107991e+03
8625	-1.133701e+03
8626	-1.142388e+03
8627	-1.130087e+03
8628	-1.148460e+03
8629	-1.126264e+03
8630	-1.128680e+03
8631	-1.121271e+03
8632	-1.120742e+03
8633	-1.136768e+03
8634	-1.154743e+03
8635	-1.128625e+03
8636	-1.127289e+03
8637	-1.129153e+03
8638	-1.103039e+03
8639	-1.113052e+03
8640	-1.131292e+03
8641	-1.149486e+03
8642	-1.130335e+03
8643	-1.126122e+03
8644	-1.146169e+03
8645	-1.117240e+03
8646	-1.130031e+03
8647	-1.137658e+03
8648	-1.134567e+03
8649	-1.124244e+03
8650	-1.120946e+03
8651	-1.104984e+03
8652	-1.119684e+03
8653	-1.146455e+03
8654	-1.141951e+03
8655	-1.140810e+03
8656	-1.115001e+03
8657	-1.131705e+03
8658	-1.122970e+03
8659	-1.135011e+03
8660	-1.159800e+03
8661	-1.128923e+03
8662	-1.117175e+03
8663	-1.125259e+03
8664	-1.134580e+03
8665	-1.130484e+03
8666	-1.148465e+03
8667	-1.128927e+03
8668	-1.134720e+03
8669	-1.127688e+03
8670	-1.134337e+03
8671	-1.113525e+03
8672	-1.118603e+03
8673	-1.150752e+03
8674	-1.131780e+03
8675	-1.130287e+03
8676	-1.130499e+03
8677	-1.132267e+03
8678	-1.119627e+03
8679	-1.121334e+03
8680	-1.134068e+03
8681	-1.127356e+03
8682	-1.131519e+03
8683	-1.105232e+03
8684	-1.114203e+03
8685	-1.122514e+03
8686	-1.128975e+03
8687	-1.129911e+03
8688	-1.125534e+03
8689	-1.152073e+03
8690	-1.123093e+03
8691	-1.143715e+03
8692	-1.121703e+03
8693	-1.139019e+03
8694	-1.115803e+03
8695	-1.132508e+03
8696	-1.130942e+03
8697	-1.120063e+03
8698	-1.138385e+03
8699	-1.122840e+03
8700	-1.118392e+03
8701	-1.131478e+03
8702	-1.137390e+03
8703	-1.136098e+03
8704	-1.127772e+03
8705	-1.136613e+03
8706	-1.142790e+03
8707	-1.118313e+03
8708	-1.120458e+03
8709	-1.144481e+03
8710	-1.111394e+03
8711	-1.133627e+03
8712	-1.138486e+03
8713	-1.122016e+03
8714	-1.121911e+03
8715	-1.145635e+03
8716	-1.134139e+03
8717	-1.122311e+03
8718	-1.126862e+03
8719	-1.134978e+03
8720	-1.125883e+03
8721	-1.120648e+03
8722	-1.151280e+03
8723	-1.132171e+03
8724	-1.131440e+03
8725	-1.141962e+03
8726	-1.130849e+03
8727	-1.123094e+03
8728	-1.149632e+03
8729	-1.146955e+03
8730	-1.123002e+03
8731	-1.129948e+03
8732	-1.137597e+03
8733	-1.114443e+03
8734	-1.142901e+03
8735	-1.135967e+03
8736	-1.118135e+03
8737	-1.128430e+03
8738	-1.121771e+03
8739	-1.125594e+03
8740	-1.111127e+03
8741	-1.152782e+03
8742	-1.123813e+03
8743	-1.117997e+03
8744	-1.146264e+03
8745	-1.137596e+03
8746	-1.129940e+03
8747	-1.135759e+03
8748	-1.136086e+03
8749	-1.144379e+03
8750	-1.137320e+03
8751	-1.138656e+03
8752	-1.121256e+03
8753	-1.133901e+03
8754	-1.124637e+03
8755	-1.133104e+03
8756	-1.145530e+03
8757	-1.124136e+03
8758	-1.128784e+03
8759	-1.151466e+03
8760	-1.124412e+03
8761	-1.112470e+03
8762	-1.107622e+03
8763	-1.147923e+03
8764	-1.120118e+03
8765	-1.139200e+03
8766	-1.136448e+03
8767	-1.137372e+03
8768	-1.126951e+03
8769	-1.122905e+03
8770	-1.141288e+03
8771	-1.120959e+03
8772	-1.124099e+03
8773	-1.137836e+03
8774	-1.133573e+03
8775	-1.106137e+03
8776	-1.139377e+03
8777	-1.121652e+03
8778	-1.130717e+03
8779	-1.135225e+03
8780	-1.102693e+03
8781	-1.145479e+03
8782	-1.125781e+03
8783	-1.144939e+03
8784	-1.126805e+03
8785	-1.136173e+03
8786	-1.119139e+03
8787	-1.150774e+03
8788	-1.112462e+03
8789	-1.114686e+03
8790	-1.142895e+03
8791	-1.127528e+03
8792	-1.128696e+03
8793	-1.132008e+03
8794	-1.123974e+03
8795	-1.129561e+03
8796	-1.136572e+03
8797	-1.142824e+03
8798	-1.118045e+03
8799	-1.119960e+03
8800	-1.133680e+03
8801	-1.131747e+03
8802	-1.117817e+03
8803	-1.130379e+03
8804	-1.119591e+03
8805	-1.129058e+03
8806	-1.124683e+03
8807	-1.137580e+03
8808	-1.124906e+03
8809	-1.117807e+03
8810	-1.119040e+03
8811	-1.122458e+03
8812	-1.124785e+03
8813	-1.119716e+03
8814	-1.119731e+03
8815	-1.135282e+03
8816	-1.124073e+03
8817	-1.120019e+03
8818	-1.105590e+03
8819	-1.104262e+03
8820	-1.145555e+03
8821	-1.128424e+03
8822	-1.143477e+03
8823	-1.129734e+03
8824	-1.140548e+03
8825	-1.121472e+03
8826	-1.124697e+03
8827	-1.133306e+03
8828	-1.132209e+03
8829	-1.132953e+03
8830	-1.131492e+03
8831	-1.129041e+03
8832	-1.131160e+03
8833	-1.119667e+03
8834	-1.125843e+03
8835	-1.138958e+03
8836	-1.139394e+03
8837	-1.104600e+03
8838	-1.118654e+03
8839	-1.113092e+03
8840	-1.119843e+03
8841	-1.115558e+03
8842	-1.127678e+03
8843	-1.129791e+03
8844	-1.146701e+03
8845	-1.119600e+03
8846	-1.139384e+03
8847	-1.116060e+03
8848	-1.132844e+03
8849	-1.136255e+03
8850	-1.127853e+03
8851	-1.125710e+03
8852	-1.111847e+03
8853	-1.136122e+03
8854	-1.130123e+03
8855	-1.131811e+03
8856	-1.122772e+03
8857	-1.117333e+03
8858	-1.134960e+03
8859	-1.133190e+03
8860	-1.129338e+03
8861	-1.126702e+03
8862	-1.132299e+03
8863	-1.124187e+03
8864	-1.141228e+03
8865	-1.136564e+03
8866	-1.147966e+03
8867	-1.130337e+03
8868	-1.114001e+03
8869	-1.146739e+03
8870	-1.125827e+03
8871	-1.111541e+03
8872	-1.114729e+03
8873	-1.128968e+03
8874	-1.114078e+03
8875	-1.134253e+03
8876	-1.127227e+03
8877	-1.132065e+03
8878	-1.129798e+03
8879	-1.112661e+03
8880	-1.139451e+03
8881	-1.110283e+03
8882	-1.126231e+03
8883	-1.125119e+03
8884	-1.134857e+03
8885	-1.140923e+03
8886	-1.138330e+03
8887	-1.123753e+03
8888	-1.114366e+03
8889	-1.140812e+03
8890	-1.122322e+03
8891	-1.119537e+03
8892	-1.134296e+03
8893	-1.130953e+03
8894	-1.128200e+03
8895	-1.137547e+03
8896	-1.130547e+03
8897	-1.143241e+03
8898	-1.132172e+03
8899	-1.128922e+03
8900	-1.138883e+03
8901	-1.112327e+03
8902	-1.118637e+03
8903	-1.119602e+03
8904	-1.129404e+03
8905	-1.126271e+03
8906	-1.126582e+03
8907	-1.108904e+03
8908	-1.134609e+03
8909	-1.124133e+03
8910	-1.111461e+03
8911	-1.132940e+03
8912	-1.132381e+03
8913	-1.149028e+03
8914	-1.126728e+03
8915	-1.135171e+03
8916	-1.121811e+03
8917	-1.138491e+03
8918	-1.130426e+03
8919	-1.132440e+03
8920	-1.139521e+03
8921	-1.138768e+03
8922	-1.136870e+03
8923	-1.122731e+03
8924	-1.122629e+03
8925	-1.114838e+03
8926	-1.138397e+03
8927	-1.121530e+03
8928	-1.118054e+03
8929	-1.129389e+03
8930	-1.135072e+03
8931	-1.125051e+03
8932	-1.130023e+03
8933	-1.133375e+03
8934	-1.109636e+03
8935	-1.118986e+03
8936	-1.139271e+03
8937	-1.141001e+03
8938	-1.132681e+03
8939	-1.131661e+03
8940	-1.148384e+03
8941	-1.139925e+03
8942	-1.120757e+03
8943	-1.133580e+03
8944	-1.120439e+03
8945	-1.136490e+03
8946	-1.130580e+03
8947	-1.126507e+03
8948	-1.128709e+03
8949	-1.122888e+03
8950	-1.131501e+03
8951	-1.114930e+03
8952	-1.122634e+03
8953	-1.127109e+03
8954	-1.128367e+03
8955	-1.123259e+03
8956	-1.139190e+03
8957	-1.143683e+03
8958	-1.129790e+03
8959	-1.125853e+03
8960	-1.110718e+03
8961	-1.133143e+03
8962	-1.147678e+03
8963	-1.132785e+03
8964	-1.111552e+03
8965	-1.125450e+03
8966	-1.122440e+03
8967	-1.140946e+03
8968	-1.139938e+03
8969	-1.137690e+03
8970	-1.128443e+03
8971	-1.124799e+03
8972	-1.117236e+03
8973	-1.144620e+03
8974	-1.125219e+03
8975	-1.141540e+03
8976	-1.127964e+03
8977	-1.127449e+03
8978	-1.135548e+03
8979	-1.122672e+03
8980	-1.134172e+03
8981	-1.137865e+03
8982	-1.128095e+03
8983	-1.121007e+03
8984	-1.141684e+03
8985	-1.129119e+03
8986	-1.150402e+03
8987	-1.146756e+03
8988	-1.147043e+03
8989	-1.124262e+03
8990	-1.141156e+03
8991	-1.116469e+03
8992	-1.139042e+03
8993	-1.136221e+03
8994	-1.132861e+03
8995	-1.114197e+03
8996	-1.146214e+03
8997	-1.118291e+03
8998	-1.137056e+03
8999	-1.125656e+03
9000	-1.135381e+03
9001	-1.130272e+03
9002	-1.131480e+03
9003	-1.134238e+03
9004	-1.143201e+03
9005	-1.126612e+03
9006	-1.125323e+03
9007	-1.132542e+03
9008	-1.127596e+03
9009	-1.139273e+03
9010	-1.126890e+03
9011	-1.120778e+03
9012	-1.113931e+03
9013	-1.149908e+03
9014	-1.120196e+03
9015	-1.133614e+03
9016	-1.138536e+03
9017	-1.126895e+03
9018	-1.126241e+03
9019	-1.121617e+03
9020	-1.145468e+03
9021	-1.136094e+03
9022	-1.138955e+03
9023	-1.141397e+03
9024	-1.142092e+03
9025	-1.122600e+03
9026	-1.126571e+03
9027	-1.116894e+03
9028	-1.116887e+03
9029	-1.131846e+03
9030	-1.139851e+03
9031	-1.117840e+03
9032	-1.132934e+03
9033	-1.136264e+03
9034	-1.133251e+03
9035	-1.121873e+03
9036	-1.112945e+03
9037	-1.135178e+03
9038	-1.133717e+03
9039	-1.117057e+03
9040	-1.119667e+03
9041	-1.123345e+03
9042	-1.104736e+03
9043	-1.127615e+03
9044	-1.117220e+03
9045	-1.134116e+03
9046	-1.129396e+03
9047	-1.119867e+03
9048	-1.128824e+03
9049	-1.120563e+03
9050	-1.135852e+03
9051	-1.121326e+03
9052	-1.106410e+03
9053	-1.132860e+03
9054	-1.101758e+03
9055	-1.114504e+03
9056	-1.132459e+03
9057	-1.126160e+03
9058	-1.123089e+03
9059	-1.121835e+03
9060	-1.091796e+03
9061	-1.141581e+03
9062	-1.126531e+03
9063	-1.133185e+03
9064	-1.126482e+03
9065	-1.138665e+03
9066	-1.126342e+03
9067	-1.137500e+03
9068	-1.134071e+03
9069	-1.129094e+03
9070	-1.127003e+03
9071	-1.144608e+03
9072	-1.122692e+03
9073	-1.108390e+03
9074	-1.116029e+03
9075	-1.108108e+03
9076	-1.131451e+03
9077	-1.120987e+03
9078	-1.124591e+03
9079	-1.121083e+03
9080	-1.138046e+03
9081	-1.139354e+03
9082	-1.125826e+03
9083	-1.126058e+03
9084	-1.140674e+03
9085	-1.130759e+03
9086	-1.130081e+03
9087	-1.117518e+03
9088	-1.132149e+03
9089	-1.129562e+03
9090	-1.123915e+03
9091	-1.121663e+03
9092	-1.126840e+03
9093	-1.136895e+03
9094	-1.131677e+03
9095	-1.138397e+03
9096	-1.123501e+03
9097	-1.126581e+03
9098	-1.138412e+03
9099	-1.129937e+03
9100	-1.133921e+03
9101	-1.125091e+03
9102	-1.137606e+03
9103	-1.117226e+03
9104	-1.131745e+03
9105	-1.122599e+03
9106	-1.146736e+03
9107	-1.134902e+03
9108	-1.125922e+03
9109	-1.115009e+03
9110	-1.129116e+03
9111	-1.109888e+03
9112	-1.112817e+03
9113	-1.133568e+03
9114	-1.135162e+03
9115	-1.133400e+03
9116	-1.128897e+03
9117	-1.122018e+03
9118	-1.128872e+03
9119	-1.128998e+03
9120	-1.111549e+03
9121	-1.132574e+03
9122	-1.145709e+03
9123	-1.124747e+03
9124	-1.137737e+03
9125	-1.124017e+03
9126	-1.132034e+03
9127	-1.125028e+03
9128	-1.127496e+03
9129	-1.118593e+03
9130	-1.129709e+03
9131	-1.126840e+03
9132	-1.120892e+03
9133	-1.122716e+03
9134	-1.119303e+03
9135	-1.111753e+03
9136	-1.130776e+03
9137	-1.155519e+03
9138	-1.146735e+03
9139	-1.156443e+03
9140	-1.126948e+03
9141	-1.118658e+03
9142	-1.111022e+03
9143	-1.120580e+03
9144	-1.149641e+03
9145	-1.134939e+03
9146	-1.124128e+03
9147	-1.118637e+03
9148	-1.140581e+03
9149	-1.105177e+03
9150	-1.130935e+03
9151	-1.152404e+03
9152	-1.110301e+03
9153	-1.153234e+03
9154	-1.146504e+03
9155	-1.131039e+03
9156	-1.137273e+03
9157	-1.139602e+03
9158	-1.120833e+03
9159	-1.130042e+03
9160	-1.126898e+03
9161	-1.145855e+03
9162	-1.136740e+03
9163	-1.126871e+03
9164	-1.110961e+03
9165	-1.124797e+03
9166	-1.143425e+03
9167	-1.123156e+03
9168	-1.127850e+03
9169	-1.136734e+03
9170	-1.127648e+03
9171	-1.125846e+03
9172	-1.127259e+03
9173	-1.127392e+03
9174	-1.124898e+03
9175	-1.140953e+03
9176	-1.131666e+03
9177	-1.133486e+03
9178	-1.148594e+03
9179	-1.132301e+03
9180	-1.128213e+03
9181	-1.135759e+03
9182	-1.125347e+03
9183	-1.108934e+03
9184	-1.133432e+03
9185	-1.119880e+03
9186	-1.112620e+03
9187	-1.122803e+03
9188	-1.137672e+03
9189	-1.131921e+03
9190	-1.108896e+03
9191	-1.132896e+03
9192	-1.146381e+03
9193	-1.113974e+03
9194	-1.135112e+03
9195	-1.123144e+03
9196	-1.143624e+03
9197	-1.120709e+03
9198	-1.117579e+03
9199	-1.125770e+03
9200	-1.130453e+03
9201	-1.107428e+03
9202	-1.123709e+03
9203	-1.118166e+03
9204	-1.121377e+03
9205	-1.143075e+03
9206	-1.112603e+03
9207	-1.113400e+03
9208	-1.126871e+03
9209	-1.101196e+03
9210	-1.125170e+03
9211	-1.119988e+03
9212	-1.137472e+03
9213	-1.123150e+03
9214	-1.108858e+03
9215	-1.131398e+03
9216	-1.113421e+03
9217	-1.134952e+03
9218	-1.141544e+03
9219	-1.135841e+03
9220	-1.133570e+03
9221	-1.092182e+03
9222	-1.134442e+03
9223	-1.124104e+03
9224	-1.126564e+03
9225	-1.128213e+03
9226	-1.145761e+03
9227	-1.137108e+03
9228	-1.119859e+03
9229	-1.120379e+03
9230	-1.119448e+03
9231	-1.131871e+03
9232	-1.137620e+03
9233	-1.123637e+03
9234	-1.128816e+03
9235	-1.132951e+03
9236	-1.113461e+03
9237	-1.146504e+03
9238	-1.125703e+03
9239	-1.143108e+03
9240	-1.136703e+03
9241	-1.146328e+03
9242	-1.140007e+03
9243	-1.141496e+03
9244	-1.141925e+03
9245	-1.151121e+03
9246	-1.129189e+03
9247	-1.145503e+03
9248	-1.123814e+03
9249	-1.147344e+03
9250	-1.144394e+03
9251	-1.112233e+03
9252	-1.121277e+03
9253	-1.150059e+03
9254	-1.123702e+03
9255	-1.137305e+03
9256	-1.130078e+03
9257	-1.124111e+03
9258	-1.121509e+03
9259	-1.152015e+03
9260	-1.120892e+03
9261	-1.130600e+03
9262	-1.129253e+03
9263	-1.121752e+03
9264	-1.104356e+03
9265	-1.117380e+03
9266	-1.127117e+03
9267	-1.126823e+03
9268	-1.132653e+03
9269	-1.131225e+03
9270	-1.122894e+03
9271	-1.132731e+03
9272	-1.131369e+03
9273	-1.133056e+03
9274	-1.104711e+03
9275	-1.121014e+03
9276	-1.111310e+03
9277	-1.112217e+03
9278	-1.126039e+03
9279	-1.116577e+03
9280	-1.129434e+03
9281	-1.125473e+03
9282	-1.124778e+03
9283	-1.121994e+03
9284	-1.117922e+03
9285	-1.126551e+03
9286	-1.135982e+03
9287	-1.132248e+03
9288	-1.142460e+03
9289	-1.123623e+03
9290	-1.142967e+03
9291	-1.140428e+03
9292	-1.112167e+03
9293	-1.132630e+03
9294	-1.114671e+03
9295	-1.128508e+03
9296	-1.144258e+03
9297	-1.130695e+03
9298	-1.133618e+03
9299	-1.118647e+03
9300	-1.121810e+03
9301	-1.135109e+03
9302	-1.134028e+03
9303	-1.155202e+03
9304	-1.125707e+03
9305	-1.108297e+03
9306	-1.136204e+03
9307	-1.132299e+03
9308	-1.125690e+03
9309	-1.131934e+03
9310	-1.137006e+03
9311	-1.136588e+03
9312	-1.114601e+03
9313	-1.133122e+03
9314	-1.130314e+03
9315	-1.099850e+03
9316	-1.101127e+03
9317	-1.119577e+03
9318	-1.137149e+03
9319	-1.152363e+03
9320	-1.122256e+03
9321	-1.147881e+03
9322	-1.139068e+03
9323	-1.122265e+03
9324	-1.126455e+03
9325	-1.127587e+03
9326	-1.127974e+03
9327	-1.109187e+03
9328	-1.115629e+03
9329	-1.135457e+03
9330	-1.136909e+03
9331	-1.137553e+03
9332	-1.132660e+03
9333	-1.120551e+03
9334	-1.112958e+03
9335	-1.133867e+03
9336	-1.124660e+03
9337	-1.141808e+03
9338	-1.125690e+03
9339	-1.130832e+03
9340	-1.136592e+03
9341	-1.125273e+03
9342	-1.133074e+03
9343	-1.117003e+03
9344	-1.128641e+03
9345	-1.121359e+03
9346	-1.118012e+03
9347	-1.110743e+03
9348	-1.115923e+03
9349	-1.142385e+03
9350	-1.138523e+03
9351	-1.129603e+03
9352	-1.117865e+03
9353	-1.126715e+03
9354	-1.127164e+03
9355	-1.132896e+03
9356	-1.112197e+03
9357	-1.123437e+03
9358	-1.111817e+03
9359	-1.131487e+03
9360	-1.137642e+03
9361	-1.139475e+03
9362	-1.124491e+03
9363	-1.134862e+03
9364	-1.138553e+03
9365	-1.131053e+03
9366	-1.128271e+03
9367	-1.122434e+03
9368	-1.144944e+03
9369	-1.125006e+03
9370	-1.132761e+03
9371	-1.126898e+03
9372	-1.145194e+03
9373	-1.123878e+03
9374	-1.141859e+03
9375	-1.150183e+03
9376	-1.112399e+03
9377	-1.110994e+03
9378	-1.143102e+03
9379	-1.128209e+03
9380	-1.107898e+03
9381	-1.122879e+03
9382	-1.143612e+03
9383	-1.138295e+03
9384	-1.125772e+03
9385	-1.121823e+03
9386	-1.137820e+03
9387	-1.141946e+03
9388	-1.130965e+03
9389	-1.130717e+03
9390	-1.118088e+03
9391	-1.122749e+03
9392	-1.125971e+03
9393	-1.128258e+03
9394	-1.134868e+03
9395	-1.129586e+03
9396	-1.130792e+03
9397	-1.123303e+03
9398	-1.118644e+03
9399	-1.135599e+03
9400	-1.123389e+03
9401	-1.117432e+03
9402	-1.132273e+03
9403	-1.116309e+03
9404	-1.145249e+03
9405	-1.127238e+03
9406	-1.138801e+03
9407	-1.118862e+03
9408	-1.139667e+03
9409	-1.123242e+03
9410	-1.127929e+03
9411	-1.140808e+03
9412	-1.117537e+03
9413	-1.128651e+03
9414	-1.128291e+03
9415	-1.113841e+03
9416	-1.122567e+03
9417	-1.154845e+03
9418	-1.128749e+03
9419	-1.142592e+03
9420	-1.140025e+03
9421	-1.123539e+03
9422	-1.128995e+03
9423	-1.114867e+03
9424	-1.129039e+03
9425	-1.131793e+03
9426	-1.144240e+03
9427	-1.136155e+03
9428	-1.136754e+03
9429	-1.121599e+03
9430	-1.131881e+03
9431	-1.137623e+03
9432	-1.126903e+03
9433	-1.139476e+03
9434	-1.122530e+03
9435	-1.120523e+03
9436	-1.133169e+03
9437	-1.115168e+03
9438	-1.142579e+03
9439	-1.109988e+03
9440	-1.138406e+03
9441	-1.136015e+03
9442	-1.124350e+03
9443	-1.136118e+03
9444	-1.131727e+03
9445	-1.135935e+03
9446	-1.141433e+03
9447	-1.124647e+03
9448	-1.125169e+03
9449	-1.131145e+03
9450	-1.135192e+03
9451	-1.128203e+03
9452	-1.121214e+03
9453	-1.134943e+03
9454	-1.107102e+03
9455	-1.110061e+03
9456	-1.138225e+03
9457	-1.139474e+03
9458	-1.142050e+03
9459	-1.115098e+03
9460	-1.124896e+03
9461	-1.106504e+03
9462	-1.127082e+03
9463	-1.139963e+03
9464	-1.139153e+03
9465	-1.120388e+03
9466	-1.119378e+03
9467	-1.123741e+03
9468	-1.130308e+03
9469	-1.125926e+03
9470	-1.125435e+03
9471	-1.150319e+03
9472	-1.122767e+03
9473	-1.133819e+03
9474	-1.153498e+03
9475	-1.123848e+03
9476	-1.125942e+03
9477	-1.137677e+03
9478	-1.127757e+03
9479	-1.133062e+03
9480	-1.111683e+03
9481	-1.130531e+03
9482	-1.139335e+03
9483	-1.117065e+03
9484	-1.120319e+03
9485	-1.118303e+03
9486	-1.137223e+03
9487	-1.127539e+03
9488	-1.110785e+03
9489	-1.131688e+03
9490	-1.117757e+03
9491	-1.134289e+03
9492	-1.138913e+03
9493	-1.122107e+03
9494	-1.105557e+03
9495	-1.133213e+03
9496	-1.113675e+03
9497	-1.145471e+03
9498	-1.129182e+03
9499	-1.116228e+03
9500	-1.134829e+03
9501	-1.146105e+03
9502	-1.114453e+03
9503	-1.132277e+03
9504	-1.150880e+03
9505	-1.115361e+03
9506	-1.119741e+03
9507	-1.117025e+03
9508	-1.128684e+03
9509	-1.134658e+03
9510	-1.122185e+03
9511	-1.122148e+03
9512	-1.144008e+03
9513	-1.141773e+03
9514	-1.141904e+03
9515	-1.118390e+03
9516	-1.112842e+03
9517	-1.151534e+03
9518	-1.123812e+03
9519	-1.116439e+03
9520	-1.116159e+03
9521	-1.130883e+03
9522	-1.125129e+03
9523	-1.105425e+03
9524	-1.147703e+03
9525	-1.145628e+03
9526	-1.131437e+03
9527	-1.159255e+03
9528	-1.137421e+03
9529	-1.122135e+03
9530	-1.149076e+03
9531	-1.147081e+03
9532	-1.126297e+03
9533	-1.136690e+03
9534	-1.126331e+03
9535	-1.130728e+03
9536	-1.143391e+03
9537	-1.110805e+03
9538	-1.123936e+03
9539	-1.104826e+03
9540	-1.109104e+03
9541	-1.108919e+03
9542	-1.130192e+03
9543	-1.127752e+03
9544	-1.119929e+03
9545	-1.136072e+03
9546	-1.120123e+03
9547	-1.098343e+03
9548	-1.126805e+03
9549	-1.134002e+03
9550	-1.103422e+03
9551	-1.116190e+03
9552	-1.135251e+03
9553	-1.139170e+03
9554	-1.131456e+03
9555	-1.139025e+03
9556	-1.107820e+03
9557	-1.123723e+03
9558	-1.128729e+03
9559	-1.128102e+03
9560	-1.140109e+03
9561	-1.123027e+03
9562	-1.122397e+03
9563	-1.127880e+03
9564	-1.122578e+03
9565	-1.130628e+03
9566	-1.121036e+03
9567	-1.116554e+03
9568	-1.122660e+03
9569	-1.139493e+03
9570	-1.118885e+03
9571	-1.138018e+03
9572	-1.106969e+03
9573	-1.120132e+03
9574	-1.145126e+03
9575	-1.131352e+03
9576	-1.134153e+03
9577	-1.133030e+03
9578	-1.125816e+03
9579	-1.139988e+03
9580	-1.145666e+03
9581	-1.131661e+03
9582	-1.132017e+03
9583	-1.133038e+03
9584	-1.152360e+03
9585	-1.138155e+03
9586	-1.122372e+03
9587	-1.136624e+03
9588	-1.128353e+03
9589	-1.135669e+03
9590	-1.120122e+03
9591	-1.115817e+03
9592	-1.123103e+03
9593	-1.123647e+03
9594	-1.122866e+03
9595	-1.140193e+03
9596	-1.148312e+03
9597	-1.140885e+03
9598	-1.118115e+03
9599	-1.151028e+03
9600	-1.130086e+03
9601	-1.122250e+03
9602	-1.136949e+03
9603	-1.114315e+03
9604	-1.135010e+03
9605	-1.143747e+03
9606	-1.135768e+03
9607	-1.125129e+03
9608	-1.148303e+03
9609	-1.126361e+03
9610	-1.112137e+03
9611	-1.124729e+03
9612	-1.145956e+03
9613	-1.136553e+03
9614	-1.124644e+03
9615	-1.109341e+03
9616	-1.133867e+03
9617	-1.132616e+03
9618	-1.130424e+03
9619	-1.118678e+03
9620	-1.123491e+03
9621	-1.123983e+03
9622	-1.128249e+03
9623	-1.130946e+03
9624	-1.125203e+03
9625	-1.114979e+03
9626	-1.154366e+03
9627	-1.132617e+03
9628	-1.109339e+03
9629	-1.134952e+03
9630	-1.102424e+03
9631	-1.141887e+03
9632	-1.128101e+03
9633	-1.133716e+03
9634	-1.115927e+03
9635	-1.128681e+03
9636	-1.125183e+03
9637	-1.141035e+03
9638	-1.126677e+03
9639	-1.149822e+03
9640	-1.135361e+03
9641	-1.129671e+03
9642	-1.129206e+03
9643	-1.151880e+03
9644	-1.129216e+03
9645	-1.116339e+03
9646	-1.135247e+03
9647	-1.137757e+03
9648	-1.123661e+03
9649	-1.126139e+03
9650	-1.125250e+03
9651	-1.134343e+03
9652	-1.122913e+03
9653	-1.145934e+03
9654	-1.120139e+03
9655	-1.114490e+03
9656	-1.138034e+03
9657	-1.133925e+03
9658	-1.147331e+03
9659	-1.110331e+03
9660	-1.128272e+03
9661	-1.113368e+03
9662	-1.129039e+03
9663	-1.148974e+03
9664	-1.136507e+03
9665	-1.117183e+03
9666	-1.117911e+03
9667	-1.158900e+03
9668	-1.114763e+03
9669	-1.110979e+03
9670	-1.125805e+03
9671	-1.138038e+03
9672	-1.113645e+03
9673	-1.139682e+03
9674	-1.133689e+03
9675	-1.132844e+03
9676	-1.138006e+03
9677	-1.133726e+03
9678	-1.135126e+03
9679	-1.132528e+03
9680	-1.126636e+03
9681	-1.139223e+03
9682	-1.117547e+03
9683	-1.127459e+03
9684	-1.127280e+03
9685	-1.124546e+03
9686	-1.137841e+03
9687	-1.113286e+03
9688	-1.120217e+03
9689	-1.134557e+03
9690	-1.129047e+03
9691	-1.146412e+03
9692	-1.110931e+03
9693	-1.101741e+03
9694	-1.144727e+03
9695	-1.147656e+03
9696	-1.118655e+03
9697	-1.121713e+03
9698	-1.116165e+03
9699	-1.121715e+03
9700	-1.127528e+03
9701	-1.128356e+03
9702	-1.124953e+03
9703	-1.128019e+03
9704	-1.117504e+03
9705	-1.120417e+03
9706	-1.131003e+03
9707	-1.115388e+03
9708	-1.139331e+03
9709	-1.121732e+03
9710	-1.116191e+03
9711	-1.151877e+03
9712	-1.126565e+03
9713	-1.140489e+03
9714	-1.138841e+03
9715	-1.117675e+03
9716	-1.123004e+03
9717	-1.124616e+03
9718	-1.135142e+03
9719	-1.145502e+03
9720	-1.121354e+03
9721	-1.140998e+03
9722	-1.121865e+03
9723	-1.132669e+03
9724	-1.138563e+03
9725	-1.125387e+03
9726	-1.133553e+03
9727	-1.131621e+03
9728	-1.143115e+03
9729	-1.103592e+03
9730	-1.148369e+03
9731	-1.144715e+03
9732	-1.129782e+03
9733	-1.119803e+03
9734	-1.129371e+03
9735	-1.130071e+03
9736	-1.165107e+03
9737	-1.126922e+03
9738	-1.117935e+03
9739	-1.132774e+03
9740	-1.134514e+03
9741	-1.119598e+03
9742	-1.137248e+03
9743	-1.144950e+03
9744	-1.141509e+03
9745	-1.132610e+03
9746	-1.117800e+03
9747	-1.116150e+03
9748	-1.149400e+03
9749	-1.126930e+03
9750	-1.128589e+03
9751	-1.137925e+03
9752	-1.131440e+03
9753	-1.124329e+03
9754	-1.131908e+03
9755	-1.130753e+03
9756	-1.130184e+03
9757	-1.123226e+03
9758	-1.132897e+03
9759	-1.122383e+03
9760	-1.136239e+03
9761	-1.125587e+03
9762	-1.137149e+03
9763	-1.126564e+03
9764	-1.131941e+03
9765	-1.154332e+03
9766	-1.138169e+03
9767	-1.134711e+03
9768	-1.130836e+03
9769	-1.141497e+03
9770	-1.145786e+03
9771	-1.122634e+03
9772	-1.118343e+03
9773	-1.124861e+03
9774	-1.132650e+03
9775	-1.123708e+03
9776	-1.140210e+03
9777	-1.121099e+03
9778	-1.091411e+03
9779	-1.127626e+03
9780	-1.125320e+03
9781	-1.148629e+03
9782	-1.112616e+03
9783	-1.124798e+03
9784	-1.124513e+03
9785	-1.144483e+03
9786	-1.111517e+03
9787	-1.155826e+03
9788	-1.128315e+03
9789	-1.132606e+03
9790	-1.135790e+03
9791	-1.140511e+03
9792	-1.139748e+03
9793	-1.141289e+03
9794	-1.119284e+03
9795	-1.115835e+03
9796	-1.134738e+03
9797	-1.131840e+03
9798	-1.146444e+03
9799	-1.101414e+03
9800	-1.133044e+03
9801	-1.135579e+03
9802	-1.137551e+03
9803	-1.148436e+03
9804	-1.133442e+03
9805	-1.145870e+03
9806	-1.130299e+03
9807	-1.137108e+03
9808	-1.127862e+03
9809	-1.107486e+03
9810	-1.119585e+03
9811	-1.121278e+03
9812	-1.149579e+03
9813	-1.117175e+03
9814	-1.123781e+03
9815	-1.134294e+03
9816	-1.136525e+03
9817	-1.143501e+03
9818	-1.133075e+03
9819	-1.136162e+03
9820	-1.120635e+03
9821	-1.122030e+03
9822	-1.135188e+03
9823	-1.126465e+03
9824	-1.106553e+03
9825	-1.128921e+03
9826	-1.128529e+03
9827	-1.134710e+03
9828	-1.140854e+03
9829	-1.120310e+03
9830	-1.115909e+03
9831	-1.120624e+03
9832	-1.125681e+03
9833	-1.133386e+03
9834	-1.139177e+03
9835	-1.146533e+03
9836	-1.120704e+03
9837	-1.109011e+03
9838	-1.133731e+03
9839	-1.106630e+03
9840	-1.128471e+03
9841	-1.137362e+03
9842	-1.117424e+03
9843	-1.124457e+03
9844	-1.131517e+03
9845	-1.139063e+03
9846	-1.118503e+03
9847	-1.119452e+03
9848	-1.115395e+03
9849	-1.124659e+03
9850	-1.117075e+03
9851	-1.115909e+03
9852	-1.124073e+03
9853	-1.138184e+03
9854	-1.119647e+03
9855	-1.138233e+03
9856	-1.137021e+03
9857	-1.140368e+03
9858	-1.154673e+03
9859	-1.134303e+03
9860	-1.141487e+03
9861	-1.128167e+03
9862	-1.124985e+03
9863	-1.135472e+03
9864	-1.130625e+03
9865	-1.118238e+03
9866	-1.134484e+03
9867	-1.132181e+03
9868	-1.128663e+03
9869	-1.134449e+03
9870	-1.118610e+03
9871	-1.124510e+03
9872	-1.137542e+03
9873	-1.124855e+03
9874	-1.131023e+03
9875	-1.141116e+03
9876	-1.129426e+03
9877	-1.129801e+03
9878	-1.132974e+03
9879	-1.143501e+03
9880	-1.129222e+03
9881	-1.119326e+03
9882	-1.142221e+03
9883	-1.129161e+03
9884	-1.162563e+03
9885	-1.141289e+03
9886	-1.125232e+03
9887	-1.122748e+03
9888	-1.149551e+03
9889	-1.141785e+03
9890	-1.120490e+03
9891	-1.143679e+03
9892	-1.125574e+03
9893	-1.116295e+03
9894	-1.124284e+03
9895	-1.122396e+03
9896	-1.110202e+03
9897	-1.123663e+03
9898	-1.110792e+03
9899	-1.110716e+03
9900	-1.125036e+03
9901	-1.121517e+03
9902	-1.125466e+03
9903	-1.138424e+03
9904	-1.147763e+03
9905	-1.119788e+03
9906	-1.137566e+03
9907	-1.110054e+03
9908	-1.115561e+03
9909	-1.132174e+03
9910	-1.117157e+03
9911	-1.123300e+03
9912	-1.148895e+03
9913	-1.123718e+03
9914	-1.121606e+03
9915	-1.115048e+03
9916	-1.140333e+03
9917	-1.145838e+03
9918	-1.158451e+03
9919	-1.157863e+03
9920	-1.127440e+03
9921	-1.145031e+03
9922	-1.128131e+03
9923	-1.117334e+03
9924	-1.129616e+03
9925	-1.124389e+03
9926	-1.135200e+03
9927	-1.130417e+03
9928	-1.142505e+03
9929	-1.124007e+03
9930	-1.130004e+03
9931	-1.112965e+03
9932	-1.102533e+03
9933	-1.140725e+03
9934	-1.140481e+03
9935	-1.116662e+03
9936	-1.132685e+03
9937	-1.129574e+03
9938	-1.137672e+03
9939	-1.113513e+03
9940	-1.128387e+03
9941	-1.103125e+03
9942	-1.119951e+03
9943	-1.156518e+03
9944	-1.150840e+03
9945	-1.115467e+03
9946	-1.126199e+03
9947	-1.115474e+03
9948	-1.120248e+03
9949	-1.128184e+03
9950	-1.122316e+03
9951	-1.136452e+03
9952	-1.131549e+03
9953	-1.136705e+03
9954	-1.146947e+03
9955	-1.109328e+03
9956	-1.103638e+03
9957	-1.128607e+03
9958	-1.129311e+03
9959	-1.114162e+03
9960	-1.113972e+03
9961	-1.116790e+03
9962	-1.123840e+03
9963	-1.119728e+03
9964	-1.121646e+03
9965	-1.128869e+03
9966	-1.122458e+03
9967	-1.126428e+03
9968	-1.131451e+03
9969	-1.138312e+03
9970	-1.127159e+03
9971	-1.113783e+03
9972	-1.128739e+03
9973	-1.131615e+03
9974	-1.144371e+03
9975	-1.124349e+03
9976	-1.106997e+03
9977	-1.126717e+03
9978	-1.130827e+03
9979	-1.103438e+03
9980	-1.130398e+03
9981	-1.123849e+03
9982	-1.143483e+03
9983	-1.107380e+03
9984	-1.111522e+03
9985	-1.109694e+03
9986	-1.151306e+03
9987	-1.124308e+03
9988	-1.131246e+03
9989	-1.128549e+03
9990	-1.150629e+03
9991	-1.123673e+03
9992	-1.106526e+03
9993	-1.125644e+03
9994	-1.128068e+03
9995	-1.109948e+03
9996	-1.116881e+03
9997	-1.129276e+03
9998	-1.135996e+03
9999	-1.136060e+03
10000	-1.118234e+03
