iteration	loss
0	0.000000e+00
1	-7.366810e+01
2	-1.457360e+02
3	-2.113624e+02
4	-2.761859e+02
5	-3.338280e+02
6	-3.966693e+02
7	-4.480341e+02
8	-5.086671e+02
9	-5.524562e+02
10	-6.019593e+02
11	-6.460049e+02
12	-6.923412e+02
13	-7.414906e+02
14	-7.631386e+02
15	-7.980998e+02
16	-8.313473e+02
17	-8.690329e+02
18	-9.059542e+02
19	-9.184118e+02
20	-9.446171e+02
21	-9.597787e+02
22	-9.689889e+02
23	-1.001826e+03
24	-1.011169e+03
25	-1.013825e+03
26	-1.050567e+03
27	-1.037623e+03
28	-1.067678e+03
29	-1.054907e+03
30	-1.075350e+03
31	-1.073284e+03
32	-1.088818e+03
33	-1.093166e+03
34	-1.091462e+03
35	-1.094670e+03
36	-1.116397e+03
37	-1.113298e+03
38	-1.127043e+03
39	-1.113244e+03
40	-1.105385e+03
41	-1.137732e+03
42	-1.107277e+03
43	-1.117751e+03
44	-1.124053e+03
45	-1.120834e+03
46	-1.107387e+03
47	-1.128302e+03
48	-1.106696e+03
49	-1.147391e+03
50	-1.126610e+03
51	-1.115322e+03
52	-1.122678e+03
53	-1.112807e+03
54	-1.136799e+03
55	-1.129714e+03
56	-1.132210e+03
57	-1.133923e+03
58	-1.135568e+03
59	-1.134891e+03
60	-1.116486e+03
61	-1.125457e+03
62	-1.132113e+03
63	-1.121966e+03
64	-1.113292e+03
65	-1.142553e+03
66	-1.111834e+03
67	-1.134644e+03
68	-1.117702e+03
69	-1.139445e+03
70	-1.118747e+03
71	-1.138984e+03
72	-1.132657e+03
73	-1.136816e+03
74	-1.141338e+03
75	-1.127028e+03
76	-1.129364e+03
77	-1.129486e+03
78	-1.124805e+03
79	-1.126736e+03
80	-1.129430e+03
81	-1.119491e+03
82	-1.123934e+03
83	-1.150219e+03
84	-1.138266e+03
85	-1.128104e+03
86	-1.138236e+03
87	-1.118875e+03
88	-1.111489e+03
89	-1.145729e+03
90	-1.143103e+03
91	-1.135971e+03
92	-1.137632e+03
93	-1.148230e+03
94	-1.140561e+03
95	-1.129075e+03
96	-1.130418e+03
97	-1.122663e+03
98	-1.146866e+03
99	-1.135396e+03
100	-1.127830e+03
101	-1.124746e+03
102	-1.138590e+03
103	-1.115995e+03
104	-1.131401e+03
105	-1.148262e+03
106	-1.133777e+03
107	-1.137379e+03
108	-1.131770e+03
109	-1.129236e+03
110	-1.132758e+03
111	-1.136101e+03
112	-1.131161e+03
113	-1.133793e+03
114	-1.140462e+03
115	-1.117111e+03
116	-1.116498e+03
117	-1.102346e+03
118	-1.140714e+03
119	-1.132104e+03
120	-1.131044e+03
121	-1.112384e+03
122	-1.120613e+03
123	-1.137466e+03
124	-1.143588e+03
125	-1.122063e+03
126	-1.121726e+03
127	-1.119854e+03
128	-1.108108e+03
129	-1.148939e+03
130	-1.125121e+03
131	-1.128179e+03
132	-1.100102e+03
133	-1.125636e+03
134	-1.119441e+03
135	-1.139196e+03
136	-1.129379e+03
137	-1.125926e+03
138	-1.127837e+03
139	-1.134408e+03
140	-1.147647e+03
141	-1.123819e+03
142	-1.122216e+03
143	-1.111010e+03
144	-1.128864e+03
145	-1.126716e+03
146	-1.104110e+03
147	-1.134692e+03
148	-1.129643e+03
149	-1.129902e+03
150	-1.118669e+03
151	-1.134104e+03
152	-1.130606e+03
153	-1.128015e+03
154	-1.127151e+03
155	-1.133166e+03
156	-1.130680e+03
157	-1.131165e+03
158	-1.128098e+03
159	-1.121453e+03
160	-1.115137e+03
161	-1.124156e+03
162	-1.131086e+03
163	-1.135147e+03
164	-1.129087e+03
165	-1.156104e+03
166	-1.120544e+03
167	-1.102149e+03
168	-1.139019e+03
169	-1.122072e+03
170	-1.146800e+03
171	-1.122662e+03
172	-1.135306e+03
173	-1.133328e+03
174	-1.136944e+03
175	-1.150540e+03
176	-1.103111e+03
177	-1.112282e+03
178	-1.135294e+03
179	-1.130432e+03
180	-1.147739e+03
181	-1.139481e+03
182	-1.138478e+03
183	-1.122845e+03
184	-1.109166e+03
185	-1.126009e+03
186	-1.143830e+03
187	-1.135852e+03
188	-1.131802e+03
189	-1.113001e+03
190	-1.136848e+03
191	-1.128816e+03
192	-1.143116e+03
193	-1.117384e+03
194	-1.146146e+03
195	-1.135819e+03
196	-1.135327e+03
197	-1.136288e+03
198	-1.140954e+03
199	-1.127477e+03
200	-1.135453e+03
201	-1.142356e+03
202	-1.132545e+03
203	-1.133559e+03
204	-1.135730e+03
205	-1.113927e+03
206	-1.144960e+03
207	-1.150066e+03
208	-1.134670e+03
209	-1.131965e+03
210	-1.138830e+03
211	-1.115686e+03
212	-1.139555e+03
213	-1.135396e+03
214	-1.141201e+03
215	-1.139363e+03
216	-1.151998e+03
217	-1.126084e+03
218	-1.109261e+03
219	-1.131586e+03
220	-1.140648e+03
221	-1.132938e+03
222	-1.120560e+03
223	-1.118368e+03
224	-1.135641e+03
225	-1.125810e+03
226	-1.139891e+03
227	-1.127931e+03
228	-1.126804e+03
229	-1.152337e+03
230	-1.122819e+03
231	-1.116386e+03
232	-1.133891e+03
233	-1.128880e+03
234	-1.130185e+03
235	-1.143666e+03
236	-1.134868e+03
237	-1.134025e+03
238	-1.135269e+03
239	-1.144162e+03
240	-1.121579e+03
241	-1.132458e+03
242	-1.126001e+03
243	-1.124344e+03
244	-1.113951e+03
245	-1.121597e+03
246	-1.128775e+03
247	-1.126839e+03
248	-1.129237e+03
249	-1.153660e+03
250	-1.134377e+03
251	-1.131114e+03
252	-1.133919e+03
253	-1.140525e+03
254	-1.124476e+03
255	-1.145811e+03
256	-1.131949e+03
257	-1.130589e+03
258	-1.127912e+03
259	-1.135718e+03
260	-1.144216e+03
261	-1.136844e+03
262	-1.145534e+03
263	-1.119372e+03
264	-1.117334e+03
265	-1.136717e+03
266	-1.120245e+03
267	-1.118713e+03
268	-1.101631e+03
269	-1.131582e+03
270	-1.140353e+03
271	-1.125050e+03
272	-1.135376e+03
273	-1.122168e+03
274	-1.120276e+03
275	-1.101766e+03
276	-1.130966e+03
277	-1.120929e+03
278	-1.135704e+03
279	-1.133267e+03
280	-1.116134e+03
281	-1.144078e+03
282	-1.137828e+03
283	-1.112829e+03
284	-1.097626e+03
285	-1.133712e+03
286	-1.120775e+03
287	-1.138689e+03
288	-1.145458e+03
289	-1.127045e+03
290	-1.129079e+03
291	-1.138093e+03
292	-1.133185e+03
293	-1.115868e+03
294	-1.107901e+03
295	-1.116758e+03
296	-1.120009e+03
297	-1.136394e+03
298	-1.132787e+03
299	-1.115304e+03
300	-1.146262e+03
301	-1.129510e+03
302	-1.118065e+03
303	-1.145921e+03
304	-1.114634e+03
305	-1.115799e+03
306	-1.123781e+03
307	-1.122130e+03
308	-1.130441e+03
309	-1.146958e+03
310	-1.128453e+03
311	-1.145960e+03
312	-1.131112e+03
313	-1.135394e+03
314	-1.112596e+03
315	-1.122880e+03
316	-1.132951e+03
317	-1.102397e+03
318	-1.128854e+03
319	-1.132036e+03
320	-1.124319e+03
321	-1.115901e+03
322	-1.119790e+03
323	-1.109643e+03
324	-1.128708e+03
325	-1.139094e+03
326	-1.119440e+03
327	-1.135884e+03
328	-1.127750e+03
329	-1.124432e+03
330	-1.107180e+03
331	-1.134582e+03
332	-1.128979e+03
333	-1.140372e+03
334	-1.109970e+03
335	-1.135404e+03
336	-1.116451e+03
337	-1.117427e+03
338	-1.124750e+03
339	-1.122980e+03
340	-1.120651e+03
341	-1.135428e+03
342	-1.131595e+03
343	-1.119785e+03
344	-1.124125e+03
345	-1.133161e+03
346	-1.135663e+03
347	-1.124154e+03
348	-1.135084e+03
349	-1.131378e+03
350	-1.136174e+03
351	-1.153889e+03
352	-1.116878e+03
353	-1.118587e+03
354	-1.140898e+03
355	-1.132409e+03
356	-1.130170e+03
357	-1.127243e+03
358	-1.143029e+03
359	-1.124986e+03
360	-1.151796e+03
361	-1.139346e+03
362	-1.124375e+03
363	-1.147269e+03
364	-1.137109e+03
365	-1.119760e+03
366	-1.115321e+03
367	-1.117919e+03
368	-1.129369e+03
369	-1.130940e+03
370	-1.142356e+03
371	-1.123971e+03
372	-1.117253e+03
373	-1.145333e+03
374	-1.124830e+03
375	-1.139684e+03
376	-1.136898e+03
377	-1.136827e+03
378	-1.137352e+03
379	-1.136900e+03
380	-1.148937e+03
381	-1.114644e+03
382	-1.145729e+03
383	-1.124898e+03
384	-1.114691e+03
385	-1.113610e+03
386	-1.127096e+03
387	-1.139105e+03
388	-1.128493e+03
389	-1.125512e+03
390	-1.145646e+03
391	-1.121609e+03
392	-1.136088e+03
393	-1.123615e+03
394	-1.137767e+03
395	-1.119006e+03
396	-1.126278e+03
397	-1.100766e+03
398	-1.144292e+03
399	-1.147273e+03
400	-1.110462e+03
401	-1.136707e+03
402	-1.116246e+03
403	-1.134090e+03
404	-1.129720e+03
405	-1.144229e+03
406	-1.136447e+03
407	-1.129587e+03
408	-1.130977e+03
409	-1.131093e+03
410	-1.140839e+03
411	-1.130810e+03
412	-1.121509e+03
413	-1.116400e+03
414	-1.123941e+03
415	-1.142350e+03
416	-1.105126e+03
417	-1.117550e+03
418	-1.129441e+03
419	-1.126908e+03
420	-1.125838e+03
421	-1.125570e+03
422	-1.139829e+03
423	-1.125246e+03
424	-1.118257e+03
425	-1.119011e+03
426	-1.116759e+03
427	-1.129748e+03
428	-1.125329e+03
429	-1.146230e+03
430	-1.139155e+03
431	-1.118544e+03
432	-1.131414e+03
433	-1.129781e+03
434	-1.124016e+03
435	-1.136474e+03
436	-1.142403e+03
437	-1.143475e+03
438	-1.120918e+03
439	-1.127572e+03
440	-1.134411e+03
441	-1.130859e+03
442	-1.121299e+03
443	-1.128908e+03
444	-1.121831e+03
445	-1.125432e+03
446	-1.132416e+03
447	-1.110067e+03
448	-1.153233e+03
449	-1.147268e+03
450	-1.128586e+03
451	-1.130350e+03
452	-1.118947e+03
453	-1.151418e+03
454	-1.121036e+03
455	-1.139408e+03
456	-1.123955e+03
457	-1.140264e+03
458	-1.144044e+03
459	-1.132739e+03
460	-1.146911e+03
461	-1.141091e+03
462	-1.135583e+03
463	-1.147608e+03
464	-1.141977e+03
465	-1.131779e+03
466	-1.130946e+03
467	-1.126450e+03
468	-1.107570e+03
469	-1.114098e+03
470	-1.124192e+03
471	-1.130521e+03
472	-1.127757e+03
473	-1.125972e+03
474	-1.127719e+03
475	-1.127207e+03
476	-1.127194e+03
477	-1.118541e+03
478	-1.137206e+03
479	-1.122946e+03
480	-1.133681e+03
481	-1.136202e+03
482	-1.146984e+03
483	-1.144819e+03
484	-1.122801e+03
485	-1.107354e+03
486	-1.129391e+03
487	-1.114764e+03
488	-1.114516e+03
489	-1.124675e+03
490	-1.136300e+03
491	-1.120024e+03
492	-1.137737e+03
493	-1.125993e+03
494	-1.132136e+03
495	-1.151782e+03
496	-1.136438e+03
497	-1.126421e+03
498	-1.107352e+03
499	-1.134419e+03
500	-1.112270e+03
501	-1.129561e+03
502	-1.122168e+03
503	-1.131749e+03
504	-1.102791e+03
505	-1.114940e+03
506	-1.126818e+03
507	-1.163866e+03
508	-1.098278e+03
509	-1.126849e+03
510	-1.130806e+03
511	-1.136528e+03
512	-1.137092e+03
513	-1.138066e+03
514	-1.135901e+03
515	-1.124304e+03
516	-1.128323e+03
517	-1.126256e+03
518	-1.102093e+03
519	-1.139775e+03
520	-1.117091e+03
521	-1.145315e+03
522	-1.137991e+03
523	-1.134602e+03
524	-1.108730e+03
525	-1.120345e+03
526	-1.126813e+03
527	-1.125698e+03
528	-1.137019e+03
529	-1.127630e+03
530	-1.131094e+03
531	-1.127800e+03
532	-1.129790e+03
533	-1.126501e+03
534	-1.143419e+03
535	-1.117947e+03
536	-1.134405e+03
537	-1.125235e+03
538	-1.142454e+03
539	-1.125608e+03
540	-1.152695e+03
541	-1.119181e+03
542	-1.138878e+03
543	-1.116775e+03
544	-1.129856e+03
545	-1.112565e+03
546	-1.130027e+03
547	-1.134622e+03
548	-1.142616e+03
549	-1.121154e+03
550	-1.119052e+03
551	-1.122604e+03
552	-1.128171e+03
553	-1.120179e+03
554	-1.112309e+03
555	-1.122707e+03
556	-1.143262e+03
557	-1.117405e+03
558	-1.127449e+03
559	-1.132831e+03
560	-1.140782e+03
561	-1.121879e+03
562	-1.143386e+03
563	-1.109414e+03
564	-1.131640e+03
565	-1.142595e+03
566	-1.114630e+03
567	-1.137527e+03
568	-1.119921e+03
569	-1.151109e+03
570	-1.136391e+03
571	-1.121175e+03
572	-1.119085e+03
573	-1.131224e+03
574	-1.133164e+03
575	-1.142196e+03
576	-1.131137e+03
577	-1.108748e+03
578	-1.133288e+03
579	-1.147078e+03
580	-1.119796e+03
581	-1.124699e+03
582	-1.136352e+03
583	-1.127147e+03
584	-1.126326e+03
585	-1.113619e+03
586	-1.121085e+03
587	-1.118349e+03
588	-1.122979e+03
589	-1.123781e+03
590	-1.129025e+03
591	-1.154546e+03
592	-1.140311e+03
593	-1.116215e+03
594	-1.146665e+03
595	-1.128096e+03
596	-1.116051e+03
597	-1.112081e+03
598	-1.128274e+03
599	-1.127294e+03
600	-1.122319e+03
601	-1.134490e+03
602	-1.136157e+03
603	-1.119097e+03
604	-1.130390e+03
605	-1.122179e+03
606	-1.123487e+03
607	-1.135438e+03
608	-1.140100e+03
609	-1.112712e+03
610	-1.110663e+03
611	-1.132510e+03
612	-1.146750e+03
613	-1.133559e+03
614	-1.125287e+03
615	-1.123665e+03
616	-1.121127e+03
617	-1.127768e+03
618	-1.149837e+03
619	-1.125196e+03
620	-1.137170e+03
621	-1.125575e+03
622	-1.140136e+03
623	-1.110997e+03
624	-1.129952e+03
625	-1.111640e+03
626	-1.136568e+03
627	-1.103108e+03
628	-1.132548e+03
629	-1.154345e+03
630	-1.136396e+03
631	-1.123498e+03
632	-1.118792e+03
633	-1.125867e+03
634	-1.127061e+03
635	-1.141327e+03
636	-1.131062e+03
637	-1.129158e+03
638	-1.134411e+03
639	-1.118357e+03
640	-1.137321e+03
641	-1.112662e+03
642	-1.111910e+03
643	-1.135104e+03
644	-1.136910e+03
645	-1.127029e+03
646	-1.117286e+03
647	-1.135785e+03
648	-1.134075e+03
649	-1.139662e+03
650	-1.116853e+03
651	-1.143550e+03
652	-1.123570e+03
653	-1.143418e+03
654	-1.118274e+03
655	-1.116141e+03
656	-1.135469e+03
657	-1.111380e+03
658	-1.148855e+03
659	-1.115314e+03
660	-1.112302e+03
661	-1.118801e+03
662	-1.134504e+03
663	-1.130636e+03
664	-1.127758e+03
665	-1.122996e+03
666	-1.126828e+03
667	-1.105770e+03
668	-1.120354e+03
669	-1.122600e+03
670	-1.129435e+03
671	-1.130774e+03
672	-1.139500e+03
673	-1.128240e+03
674	-1.144046e+03
675	-1.130415e+03
676	-1.121457e+03
677	-1.128274e+03
678	-1.128907e+03
679	-1.133983e+03
680	-1.111178e+03
681	-1.122495e+03
682	-1.140505e+03
683	-1.130462e+03
684	-1.140001e+03
685	-1.126454e+03
686	-1.142614e+03
687	-1.114415e+03
688	-1.132268e+03
689	-1.120791e+03
690	-1.123452e+03
691	-1.129785e+03
692	-1.139377e+03
693	-1.132824e+03
694	-1.124410e+03
695	-1.118419e+03
696	-1.130937e+03
697	-1.127930e+03
698	-1.121285e+03
699	-1.133645e+03
700	-1.118193e+03
701	-1.125779e+03
702	-1.121624e+03
703	-1.104307e+03
704	-1.107607e+03
705	-1.134894e+03
706	-1.133454e+03
707	-1.118683e+03
708	-1.139652e+03
709	-1.128090e+03
710	-1.142429e+03
711	-1.116706e+03
712	-1.126514e+03
713	-1.140327e+03
714	-1.150601e+03
715	-1.139152e+03
716	-1.132758e+03
717	-1.122033e+03
718	-1.114382e+03
719	-1.137546e+03
720	-1.121165e+03
721	-1.119712e+03
722	-1.124606e+03
723	-1.115516e+03
724	-1.134710e+03
725	-1.112229e+03
726	-1.110187e+03
727	-1.124680e+03
728	-1.133436e+03
729	-1.123687e+03
730	-1.123869e+03
731	-1.130790e+03
732	-1.117325e+03
733	-1.124766e+03
734	-1.112028e+03
735	-1.148539e+03
736	-1.121481e+03
737	-1.138208e+03
738	-1.131438e+03
739	-1.111364e+03
740	-1.138076e+03
741	-1.124309e+03
742	-1.112194e+03
743	-1.110138e+03
744	-1.122961e+03
745	-1.121531e+03
746	-1.137438e+03
747	-1.116509e+03
748	-1.143753e+03
749	-1.129742e+03
750	-1.149563e+03
751	-1.106380e+03
752	-1.133804e+03
753	-1.141531e+03
754	-1.132687e+03
755	-1.120552e+03
756	-1.135587e+03
757	-1.116893e+03
758	-1.122781e+03
759	-1.122514e+03
760	-1.134188e+03
761	-1.113494e+03
762	-1.161735e+03
763	-1.134265e+03
764	-1.135504e+03
765	-1.129188e+03
766	-1.122563e+03
767	-1.126546e+03
768	-1.132875e+03
769	-1.133803e+03
770	-1.116653e+03
771	-1.124889e+03
772	-1.119891e+03
773	-1.139439e+03
774	-1.122800e+03
775	-1.135277e+03
776	-1.127578e+03
777	-1.125482e+03
778	-1.136733e+03
779	-1.148160e+03
780	-1.124452e+03
781	-1.119387e+03
782	-1.128422e+03
783	-1.118785e+03
784	-1.130453e+03
785	-1.129492e+03
786	-1.137377e+03
787	-1.142126e+03
788	-1.136440e+03
789	-1.142081e+03
790	-1.130371e+03
791	-1.132863e+03
792	-1.137620e+03
793	-1.131111e+03
794	-1.133254e+03
795	-1.130929e+03
796	-1.149361e+03
797	-1.147359e+03
798	-1.128714e+03
799	-1.123837e+03
800	-1.127817e+03
801	-1.106297e+03
802	-1.123729e+03
803	-1.120345e+03
804	-1.143096e+03
805	-1.114558e+03
806	-1.145287e+03
807	-1.153093e+03
808	-1.128101e+03
809	-1.139482e+03
810	-1.107183e+03
811	-1.133893e+03
812	-1.132143e+03
813	-1.139342e+03
814	-1.128068e+03
815	-1.128710e+03
816	-1.120873e+03
817	-1.140730e+03
818	-1.121885e+03
819	-1.118982e+03
820	-1.106744e+03
821	-1.118797e+03
822	-1.133808e+03
823	-1.134692e+03
824	-1.145531e+03
825	-1.140237e+03
826	-1.138586e+03
827	-1.111453e+03
828	-1.114763e+03
829	-1.129103e+03
830	-1.117282e+03
831	-1.106512e+03
832	-1.122277e+03
833	-1.131051e+03
834	-1.144037e+03
835	-1.126226e+03
836	-1.139073e+03
837	-1.129951e+03
838	-1.126645e+03
839	-1.130301e+03
840	-1.131014e+03
841	-1.117234e+03
842	-1.133599e+03
843	-1.122773e+03
844	-1.135529e+03
845	-1.129406e+03
846	-1.115047e+03
847	-1.144715e+03
848	-1.126986e+03
849	-1.120543e+03
850	-1.120678e+03
851	-1.116498e+03
852	-1.101723e+03
853	-1.124851e+03
854	-1.131139e+03
855	-1.137635e+03
856	-1.127175e+03
857	-1.136511e+03
858	-1.127387e+03
859	-1.131863e+03
860	-1.135929e+03
861	-1.123807e+03
862	-1.116058e+03
863	-1.120086e+03
864	-1.139746e+03
865	-1.124464e+03
866	-1.139750e+03
867	-1.139752e+03
868	-1.133476e+03
869	-1.113310e+03
870	-1.149593e+03
871	-1.126411e+03
872	-1.142461e+03
873	-1.124532e+03
874	-1.124918e+03
875	-1.130829e+03
876	-1.124603e+03
877	-1.138928e+03
878	-1.116812e+03
879	-1.118510e+03
880	-1.122580e+03
881	-1.123660e+03
882	-1.136227e+03
883	-1.137933e+03
884	-1.134776e+03
885	-1.136397e+03
886	-1.119588e+03
887	-1.116897e+03
888	-1.141204e+03
889	-1.130618e+03
890	-1.140199e+03
891	-1.119278e+03
892	-1.120749e+03
893	-1.144510e+03
894	-1.139176e+03
895	-1.100854e+03
896	-1.133392e+03
897	-1.127761e+03
898	-1.130792e+03
899	-1.137468e+03
900	-1.135736e+03
901	-1.125283e+03
902	-1.148569e+03
903	-1.124573e+03
904	-1.147804e+03
905	-1.125388e+03
906	-1.135798e+03
907	-1.126608e+03
908	-1.113956e+03
909	-1.142090e+03
910	-1.131200e+03
911	-1.135841e+03
912	-1.117598e+03
913	-1.124199e+03
914	-1.132395e+03
915	-1.115479e+03
916	-1.135826e+03
917	-1.105423e+03
918	-1.143408e+03
919	-1.126525e+03
920	-1.137487e+03
921	-1.121014e+03
922	-1.157071e+03
923	-1.140989e+03
924	-1.132346e+03
925	-1.118882e+03
926	-1.120469e+03
927	-1.127173e+03
928	-1.124232e+03
929	-1.132311e+03
930	-1.123323e+03
931	-1.153755e+03
932	-1.116911e+03
933	-1.124330e+03
934	-1.115689e+03
935	-1.145293e+03
936	-1.114369e+03
937	-1.140699e+03
938	-1.128637e+03
939	-1.107601e+03
940	-1.137343e+03
941	-1.141121e+03
942	-1.120431e+03
943	-1.124103e+03
944	-1.137027e+03
945	-1.100217e+03
946	-1.124808e+03
947	-1.116985e+03
948	-1.127990e+03
949	-1.129277e+03
950	-1.143138e+03
951	-1.127061e+03
952	-1.140618e+03
953	-1.135781e+03
954	-1.129905e+03
955	-1.127806e+03
956	-1.159519e+03
957	-1.131181e+03
958	-1.123365e+03
959	-1.135949e+03
960	-1.141854e+03
961	-1.122998e+03
962	-1.133536e+03
963	-1.141537e+03
964	-1.139390e+03
965	-1.146673e+03
966	-1.131347e+03
967	-1.138282e+03
968	-1.123454e+03
969	-1.120879e+03
970	-1.140625e+03
971	-1.110954e+03
972	-1.122753e+03
973	-1.112642e+03
974	-1.134923e+03
975	-1.143420e+03
976	-1.128750e+03
977	-1.128685e+03
978	-1.148207e+03
979	-1.122640e+03
980	-1.121588e+03
981	-1.119901e+03
982	-1.137000e+03
983	-1.131128e+03
984	-1.115328e+03
985	-1.131634e+03
986	-1.125620e+03
987	-1.125692e+03
988	-1.149235e+03
989	-1.117115e+03
990	-1.128054e+03
991	-1.125213e+03
992	-1.116382e+03
993	-1.133639e+03
994	-1.117098e+03
995	-1.108570e+03
996	-1.130889e+03
997	-1.126703e+03
998	-1.131338e+03
999	-1.146933e+03
1000	-1.109446e+03
1001	-1.136079e+03
1002	-1.131323e+03
1003	-1.148196e+03
1004	-1.128906e+03
1005	-1.134953e+03
1006	-1.135281e+03
1007	-1.136464e+03
1008	-1.119253e+03
1009	-1.111614e+03
1010	-1.128016e+03
1011	-1.138925e+03
1012	-1.135189e+03
1013	-1.132099e+03
1014	-1.134704e+03
1015	-1.146639e+03
1016	-1.143251e+03
1017	-1.136108e+03
1018	-1.127365e+03
1019	-1.148454e+03
1020	-1.133585e+03
1021	-1.136679e+03
1022	-1.115653e+03
1023	-1.114524e+03
1024	-1.146411e+03
1025	-1.117646e+03
1026	-1.123648e+03
1027	-1.138470e+03
1028	-1.136604e+03
1029	-1.141813e+03
1030	-1.124057e+03
1031	-1.113463e+03
1032	-1.115862e+03
1033	-1.141272e+03
1034	-1.142052e+03
1035	-1.123309e+03
1036	-1.111854e+03
1037	-1.137004e+03
1038	-1.132420e+03
1039	-1.139350e+03
1040	-1.153428e+03
1041	-1.117490e+03
1042	-1.133136e+03
1043	-1.143194e+03
1044	-1.144335e+03
1045	-1.143452e+03
1046	-1.124588e+03
1047	-1.132768e+03
1048	-1.116491e+03
1049	-1.139513e+03
1050	-1.136493e+03
1051	-1.146290e+03
1052	-1.111968e+03
1053	-1.126598e+03
1054	-1.126212e+03
1055	-1.143945e+03
1056	-1.114581e+03
1057	-1.110663e+03
1058	-1.122365e+03
1059	-1.121008e+03
1060	-1.125874e+03
1061	-1.123252e+03
1062	-1.120196e+03
1063	-1.111360e+03
1064	-1.141196e+03
1065	-1.115835e+03
1066	-1.127554e+03
1067	-1.142073e+03
1068	-1.119759e+03
1069	-1.141300e+03
1070	-1.146926e+03
1071	-1.121774e+03
1072	-1.137246e+03
1073	-1.130705e+03
1074	-1.120718e+03
1075	-1.130745e+03
1076	-1.118218e+03
1077	-1.132022e+03
1078	-1.112821e+03
1079	-1.120093e+03
1080	-1.127660e+03
1081	-1.128153e+03
1082	-1.129641e+03
1083	-1.116748e+03
1084	-1.123114e+03
1085	-1.126714e+03
1086	-1.132086e+03
1087	-1.109505e+03
1088	-1.120669e+03
1089	-1.137636e+03
1090	-1.132521e+03
1091	-1.128686e+03
1092	-1.118655e+03
1093	-1.102435e+03
1094	-1.106501e+03
1095	-1.115617e+03
1096	-1.124948e+03
1097	-1.130679e+03
1098	-1.126227e+03
1099	-1.138446e+03
1100	-1.141151e+03
1101	-1.133081e+03
1102	-1.128537e+03
1103	-1.105836e+03
1104	-1.127021e+03
1105	-1.139277e+03
1106	-1.121002e+03
1107	-1.105595e+03
1108	-1.123436e+03
1109	-1.129910e+03
1110	-1.125338e+03
1111	-1.132041e+03
1112	-1.130145e+03
1113	-1.131634e+03
1114	-1.124957e+03
1115	-1.122606e+03
1116	-1.123283e+03
1117	-1.130577e+03
1118	-1.120111e+03
1119	-1.139471e+03
1120	-1.140905e+03
1121	-1.137434e+03
1122	-1.124417e+03
1123	-1.143588e+03
1124	-1.127976e+03
1125	-1.132181e+03
1126	-1.131499e+03
1127	-1.139285e+03
1128	-1.128758e+03
1129	-1.133572e+03
1130	-1.125349e+03
1131	-1.113992e+03
1132	-1.119121e+03
1133	-1.107917e+03
1134	-1.135684e+03
1135	-1.130017e+03
1136	-1.143214e+03
1137	-1.142297e+03
1138	-1.121441e+03
1139	-1.137030e+03
1140	-1.132563e+03
1141	-1.144127e+03
1142	-1.135942e+03
1143	-1.148423e+03
1144	-1.132396e+03
1145	-1.142703e+03
1146	-1.126025e+03
1147	-1.128659e+03
1148	-1.136946e+03
1149	-1.132887e+03
1150	-1.143008e+03
1151	-1.123814e+03
1152	-1.144427e+03
1153	-1.111853e+03
1154	-1.112902e+03
1155	-1.140435e+03
1156	-1.127796e+03
1157	-1.112896e+03
1158	-1.141025e+03
1159	-1.133181e+03
1160	-1.128930e+03
1161	-1.139309e+03
1162	-1.123382e+03
1163	-1.131194e+03
1164	-1.119761e+03
1165	-1.147409e+03
1166	-1.104971e+03
1167	-1.125113e+03
1168	-1.141055e+03
1169	-1.138983e+03
1170	-1.126273e+03
1171	-1.130829e+03
1172	-1.143828e+03
1173	-1.128523e+03
1174	-1.118401e+03
1175	-1.126400e+03
1176	-1.140506e+03
1177	-1.117273e+03
1178	-1.136348e+03
1179	-1.103387e+03
1180	-1.129037e+03
1181	-1.136631e+03
1182	-1.120789e+03
1183	-1.120567e+03
1184	-1.141245e+03
1185	-1.166374e+03
1186	-1.121629e+03
1187	-1.117847e+03
1188	-1.123246e+03
1189	-1.129028e+03
1190	-1.137125e+03
1191	-1.139534e+03
1192	-1.107348e+03
1193	-1.116194e+03
1194	-1.137788e+03
1195	-1.152214e+03
1196	-1.117964e+03
1197	-1.104604e+03
1198	-1.141046e+03
1199	-1.127313e+03
1200	-1.116423e+03
1201	-1.132530e+03
1202	-1.144485e+03
1203	-1.135264e+03
1204	-1.140244e+03
1205	-1.125503e+03
1206	-1.132958e+03
1207	-1.120286e+03
1208	-1.145882e+03
1209	-1.111304e+03
1210	-1.115856e+03
1211	-1.146564e+03
1212	-1.121588e+03
1213	-1.141936e+03
1214	-1.131346e+03
1215	-1.132318e+03
1216	-1.146532e+03
1217	-1.108933e+03
1218	-1.124404e+03
1219	-1.139252e+03
1220	-1.136322e+03
1221	-1.140956e+03
1222	-1.126526e+03
1223	-1.120916e+03
1224	-1.120050e+03
1225	-1.130375e+03
1226	-1.112142e+03
1227	-1.120817e+03
1228	-1.122134e+03
1229	-1.132316e+03
1230	-1.108947e+03
1231	-1.127791e+03
1232	-1.142557e+03
1233	-1.120905e+03
1234	-1.114537e+03
1235	-1.115702e+03
1236	-1.116330e+03
1237	-1.127895e+03
1238	-1.137470e+03
1239	-1.134758e+03
1240	-1.149311e+03
1241	-1.122099e+03
1242	-1.122236e+03
1243	-1.126650e+03
1244	-1.124707e+03
1245	-1.119614e+03
1246	-1.128554e+03
1247	-1.139773e+03
1248	-1.122843e+03
1249	-1.133697e+03
1250	-1.126272e+03
1251	-1.144159e+03
1252	-1.147548e+03
1253	-1.148518e+03
1254	-1.110326e+03
1255	-1.122723e+03
1256	-1.124688e+03
1257	-1.159936e+03
1258	-1.134042e+03
1259	-1.139359e+03
1260	-1.143761e+03
1261	-1.123882e+03
1262	-1.120288e+03
1263	-1.107751e+03
1264	-1.117141e+03
1265	-1.142872e+03
1266	-1.135016e+03
1267	-1.133277e+03
1268	-1.110384e+03
1269	-1.124180e+03
1270	-1.140942e+03
1271	-1.139500e+03
1272	-1.112810e+03
1273	-1.132521e+03
1274	-1.119454e+03
1275	-1.127129e+03
1276	-1.138114e+03
1277	-1.118425e+03
1278	-1.152522e+03
1279	-1.125926e+03
1280	-1.101272e+03
1281	-1.115119e+03
1282	-1.128142e+03
1283	-1.119728e+03
1284	-1.129167e+03
1285	-1.137282e+03
1286	-1.143319e+03
1287	-1.119293e+03
1288	-1.133635e+03
1289	-1.124046e+03
1290	-1.122442e+03
1291	-1.131910e+03
1292	-1.127247e+03
1293	-1.138545e+03
1294	-1.127149e+03
1295	-1.140209e+03
1296	-1.133139e+03
1297	-1.105095e+03
1298	-1.144971e+03
1299	-1.115874e+03
1300	-1.128349e+03
1301	-1.124395e+03
1302	-1.113230e+03
1303	-1.109243e+03
1304	-1.128395e+03
1305	-1.133855e+03
1306	-1.107676e+03
1307	-1.126435e+03
1308	-1.136980e+03
1309	-1.125920e+03
1310	-1.119282e+03
1311	-1.140912e+03
1312	-1.110015e+03
1313	-1.123799e+03
1314	-1.132116e+03
1315	-1.136565e+03
1316	-1.120542e+03
1317	-1.136845e+03
1318	-1.132249e+03
1319	-1.136104e+03
1320	-1.111649e+03
1321	-1.105559e+03
1322	-1.116849e+03
1323	-1.130456e+03
1324	-1.131438e+03
1325	-1.137025e+03
1326	-1.133481e+03
1327	-1.139708e+03
1328	-1.144293e+03
1329	-1.137284e+03
1330	-1.128671e+03
1331	-1.116197e+03
1332	-1.127350e+03
1333	-1.137210e+03
1334	-1.137700e+03
1335	-1.141677e+03
1336	-1.124445e+03
1337	-1.120680e+03
1338	-1.117398e+03
1339	-1.146378e+03
1340	-1.128444e+03
1341	-1.137195e+03
1342	-1.133812e+03
1343	-1.125164e+03
1344	-1.133300e+03
1345	-1.136201e+03
1346	-1.116326e+03
1347	-1.122412e+03
1348	-1.116820e+03
1349	-1.147408e+03
1350	-1.139393e+03
1351	-1.128456e+03
1352	-1.135845e+03
1353	-1.123353e+03
1354	-1.099211e+03
1355	-1.130013e+03
1356	-1.139959e+03
1357	-1.139034e+03
1358	-1.133764e+03
1359	-1.128444e+03
1360	-1.137768e+03
1361	-1.136946e+03
1362	-1.115871e+03
1363	-1.127896e+03
1364	-1.125699e+03
1365	-1.132794e+03
1366	-1.140117e+03
1367	-1.136412e+03
1368	-1.124503e+03
1369	-1.128201e+03
1370	-1.135632e+03
1371	-1.112837e+03
1372	-1.147798e+03
1373	-1.084799e+03
1374	-1.122937e+03
1375	-1.139571e+03
1376	-1.128747e+03
1377	-1.127729e+03
1378	-1.102419e+03
1379	-1.142230e+03
1380	-1.119482e+03
1381	-1.133097e+03
1382	-1.135748e+03
1383	-1.112573e+03
1384	-1.133941e+03
1385	-1.122206e+03
1386	-1.123257e+03
1387	-1.121083e+03
1388	-1.119834e+03
1389	-1.135824e+03
1390	-1.132204e+03
1391	-1.112127e+03
1392	-1.118577e+03
1393	-1.129378e+03
1394	-1.144272e+03
1395	-1.124127e+03
1396	-1.147635e+03
1397	-1.139355e+03
1398	-1.122609e+03
1399	-1.150111e+03
1400	-1.152375e+03
1401	-1.128371e+03
1402	-1.134577e+03
1403	-1.133093e+03
1404	-1.129480e+03
1405	-1.136734e+03
1406	-1.124145e+03
1407	-1.139744e+03
1408	-1.128369e+03
1409	-1.137032e+03
1410	-1.125911e+03
1411	-1.117967e+03
1412	-1.146640e+03
1413	-1.124444e+03
1414	-1.121099e+03
1415	-1.127579e+03
1416	-1.140779e+03
1417	-1.122133e+03
1418	-1.122432e+03
1419	-1.152398e+03
1420	-1.125017e+03
1421	-1.132251e+03
1422	-1.143524e+03
1423	-1.133929e+03
1424	-1.133056e+03
1425	-1.129431e+03
1426	-1.115607e+03
1427	-1.143106e+03
1428	-1.143826e+03
1429	-1.106973e+03
1430	-1.129014e+03
1431	-1.125682e+03
1432	-1.132713e+03
1433	-1.124386e+03
1434	-1.145255e+03
1435	-1.118814e+03
1436	-1.137183e+03
1437	-1.142470e+03
1438	-1.116762e+03
1439	-1.133202e+03
1440	-1.126964e+03
1441	-1.125405e+03
1442	-1.138708e+03
1443	-1.099862e+03
1444	-1.129316e+03
1445	-1.143590e+03
1446	-1.132257e+03
1447	-1.122298e+03
1448	-1.122049e+03
1449	-1.117767e+03
1450	-1.144840e+03
1451	-1.119052e+03
1452	-1.142016e+03
1453	-1.135485e+03
1454	-1.115387e+03
1455	-1.131247e+03
1456	-1.116730e+03
1457	-1.146879e+03
1458	-1.130672e+03
1459	-1.142498e+03
1460	-1.125602e+03
1461	-1.121590e+03
1462	-1.153897e+03
1463	-1.128181e+03
1464	-1.131487e+03
1465	-1.151693e+03
1466	-1.136314e+03
1467	-1.130712e+03
1468	-1.117033e+03
1469	-1.130528e+03
1470	-1.146704e+03
1471	-1.143651e+03
1472	-1.117694e+03
1473	-1.145278e+03
1474	-1.117451e+03
1475	-1.148092e+03
1476	-1.136140e+03
1477	-1.127379e+03
1478	-1.110210e+03
1479	-1.123983e+03
1480	-1.144841e+03
1481	-1.109875e+03
1482	-1.113317e+03
1483	-1.121738e+03
1484	-1.106882e+03
1485	-1.153611e+03
1486	-1.124869e+03
1487	-1.134215e+03
1488	-1.135379e+03
1489	-1.148664e+03
1490	-1.138758e+03
1491	-1.128401e+03
1492	-1.124694e+03
1493	-1.130077e+03
1494	-1.118629e+03
1495	-1.150023e+03
1496	-1.141259e+03
1497	-1.138988e+03
1498	-1.145524e+03
1499	-1.115337e+03
1500	-1.135969e+03
1501	-1.121309e+03
1502	-1.136608e+03
1503	-1.132878e+03
1504	-1.126243e+03
1505	-1.137258e+03
1506	-1.122158e+03
1507	-1.142914e+03
1508	-1.135535e+03
1509	-1.129630e+03
1510	-1.126177e+03
1511	-1.128716e+03
1512	-1.109405e+03
1513	-1.144158e+03
1514	-1.116227e+03
1515	-1.111007e+03
1516	-1.138587e+03
1517	-1.137062e+03
1518	-1.118179e+03
1519	-1.128709e+03
1520	-1.122310e+03
1521	-1.109100e+03
1522	-1.126462e+03
1523	-1.127348e+03
1524	-1.125295e+03
1525	-1.118751e+03
1526	-1.123521e+03
1527	-1.129555e+03
1528	-1.117331e+03
1529	-1.129852e+03
1530	-1.130519e+03
1531	-1.114152e+03
1532	-1.124920e+03
1533	-1.126754e+03
1534	-1.125503e+03
1535	-1.132564e+03
1536	-1.119813e+03
1537	-1.139414e+03
1538	-1.136125e+03
1539	-1.126149e+03
1540	-1.148882e+03
1541	-1.103602e+03
1542	-1.122644e+03
1543	-1.153017e+03
1544	-1.137238e+03
1545	-1.152704e+03
1546	-1.143744e+03
1547	-1.136054e+03
1548	-1.134966e+03
1549	-1.113591e+03
1550	-1.129954e+03
1551	-1.116381e+03
1552	-1.133081e+03
1553	-1.121521e+03
1554	-1.138424e+03
1555	-1.123785e+03
1556	-1.145133e+03
1557	-1.126721e+03
1558	-1.133925e+03
1559	-1.115093e+03
1560	-1.127350e+03
1561	-1.131506e+03
1562	-1.121237e+03
1563	-1.128448e+03
1564	-1.126105e+03
1565	-1.114170e+03
1566	-1.147173e+03
1567	-1.128885e+03
1568	-1.128829e+03
1569	-1.115116e+03
1570	-1.146452e+03
1571	-1.134581e+03
1572	-1.109094e+03
1573	-1.107513e+03
1574	-1.105454e+03
1575	-1.150037e+03
1576	-1.123360e+03
1577	-1.116552e+03
1578	-1.120969e+03
1579	-1.128939e+03
1580	-1.124819e+03
1581	-1.124303e+03
1582	-1.115375e+03
1583	-1.129636e+03
1584	-1.117864e+03
1585	-1.120411e+03
1586	-1.137751e+03
1587	-1.117538e+03
1588	-1.103962e+03
1589	-1.132736e+03
1590	-1.119824e+03
1591	-1.119929e+03
1592	-1.123797e+03
1593	-1.129211e+03
1594	-1.148191e+03
1595	-1.130091e+03
1596	-1.111585e+03
1597	-1.123174e+03
1598	-1.131044e+03
1599	-1.125814e+03
1600	-1.118671e+03
1601	-1.130285e+03
1602	-1.132116e+03
1603	-1.122109e+03
1604	-1.132247e+03
1605	-1.127307e+03
1606	-1.142660e+03
1607	-1.146369e+03
1608	-1.107060e+03
1609	-1.132386e+03
1610	-1.114403e+03
1611	-1.157577e+03
1612	-1.112013e+03
1613	-1.121960e+03
1614	-1.138118e+03
1615	-1.126810e+03
1616	-1.120802e+03
1617	-1.136609e+03
1618	-1.133000e+03
1619	-1.125301e+03
1620	-1.107011e+03
1621	-1.126281e+03
1622	-1.152443e+03
1623	-1.131065e+03
1624	-1.138268e+03
1625	-1.121090e+03
1626	-1.147826e+03
1627	-1.112338e+03
1628	-1.100032e+03
1629	-1.135440e+03
1630	-1.107299e+03
1631	-1.128029e+03
1632	-1.121494e+03
1633	-1.130690e+03
1634	-1.136256e+03
1635	-1.125906e+03
1636	-1.144358e+03
1637	-1.117552e+03
1638	-1.114179e+03
1639	-1.124637e+03
1640	-1.113750e+03
1641	-1.134783e+03
1642	-1.118240e+03
1643	-1.137164e+03
1644	-1.113288e+03
1645	-1.120803e+03
1646	-1.123871e+03
1647	-1.134306e+03
1648	-1.136234e+03
1649	-1.098486e+03
1650	-1.156013e+03
1651	-1.117647e+03
1652	-1.120730e+03
1653	-1.135480e+03
1654	-1.136769e+03
1655	-1.130678e+03
1656	-1.129316e+03
1657	-1.150935e+03
1658	-1.129940e+03
1659	-1.117546e+03
1660	-1.127908e+03
1661	-1.123750e+03
1662	-1.130587e+03
1663	-1.136830e+03
1664	-1.128899e+03
1665	-1.133240e+03
1666	-1.131051e+03
1667	-1.121224e+03
1668	-1.127149e+03
1669	-1.116786e+03
1670	-1.134850e+03
1671	-1.116732e+03
1672	-1.125438e+03
1673	-1.118425e+03
1674	-1.125765e+03
1675	-1.115498e+03
1676	-1.138830e+03
1677	-1.138059e+03
1678	-1.116143e+03
1679	-1.124193e+03
1680	-1.123930e+03
1681	-1.120513e+03
1682	-1.138886e+03
1683	-1.129995e+03
1684	-1.107053e+03
1685	-1.140930e+03
1686	-1.121965e+03
1687	-1.114414e+03
1688	-1.142576e+03
1689	-1.123983e+03
1690	-1.130540e+03
1691	-1.120595e+03
1692	-1.129263e+03
1693	-1.116663e+03
1694	-1.147693e+03
1695	-1.126810e+03
1696	-1.109332e+03
1697	-1.124139e+03
1698	-1.138851e+03
1699	-1.125260e+03
1700	-1.153230e+03
1701	-1.127846e+03
1702	-1.121128e+03
1703	-1.112964e+03
1704	-1.117040e+03
1705	-1.129225e+03
1706	-1.134425e+03
1707	-1.126993e+03
1708	-1.117352e+03
1709	-1.126654e+03
1710	-1.136329e+03
1711	-1.142062e+03
1712	-1.120542e+03
1713	-1.114453e+03
1714	-1.115189e+03
1715	-1.146134e+03
1716	-1.129014e+03
1717	-1.108916e+03
1718	-1.131060e+03
1719	-1.138123e+03
1720	-1.121111e+03
1721	-1.114443e+03
1722	-1.139337e+03
1723	-1.139197e+03
1724	-1.141784e+03
1725	-1.135679e+03
1726	-1.128235e+03
1727	-1.130796e+03
1728	-1.112452e+03
1729	-1.123278e+03
1730	-1.107145e+03
1731	-1.129452e+03
1732	-1.136684e+03
1733	-1.142787e+03
1734	-1.127930e+03
1735	-1.102987e+03
1736	-1.124766e+03
1737	-1.140576e+03
1738	-1.125580e+03
1739	-1.105075e+03
1740	-1.122443e+03
1741	-1.129976e+03
1742	-1.133546e+03
1743	-1.133729e+03
1744	-1.147021e+03
1745	-1.145645e+03
1746	-1.123224e+03
1747	-1.133212e+03
1748	-1.132662e+03
1749	-1.120232e+03
1750	-1.132266e+03
1751	-1.118831e+03
1752	-1.101803e+03
1753	-1.138034e+03
1754	-1.132853e+03
1755	-1.135096e+03
1756	-1.123907e+03
1757	-1.123396e+03
1758	-1.133690e+03
1759	-1.131404e+03
1760	-1.123790e+03
1761	-1.134011e+03
1762	-1.134416e+03
1763	-1.128356e+03
1764	-1.143726e+03
1765	-1.118116e+03
1766	-1.120804e+03
1767	-1.118884e+03
1768	-1.120975e+03
1769	-1.135103e+03
1770	-1.134353e+03
1771	-1.147224e+03
1772	-1.127654e+03
1773	-1.142063e+03
1774	-1.130655e+03
1775	-1.112506e+03
1776	-1.127356e+03
1777	-1.137359e+03
1778	-1.135699e+03
1779	-1.120850e+03
1780	-1.121327e+03
1781	-1.109696e+03
1782	-1.111870e+03
1783	-1.134723e+03
1784	-1.129743e+03
1785	-1.134188e+03
1786	-1.109282e+03
1787	-1.140408e+03
1788	-1.133736e+03
1789	-1.109805e+03
1790	-1.137630e+03
1791	-1.122052e+03
1792	-1.117742e+03
1793	-1.111461e+03
1794	-1.120365e+03
1795	-1.120845e+03
1796	-1.130188e+03
1797	-1.131579e+03
1798	-1.133644e+03
1799	-1.123866e+03
1800	-1.111587e+03
1801	-1.115760e+03
1802	-1.119612e+03
1803	-1.120857e+03
1804	-1.130418e+03
1805	-1.117924e+03
1806	-1.108991e+03
1807	-1.143701e+03
1808	-1.139544e+03
1809	-1.130968e+03
1810	-1.136614e+03
1811	-1.133698e+03
1812	-1.128897e+03
1813	-1.115258e+03
1814	-1.125621e+03
1815	-1.139579e+03
1816	-1.120334e+03
1817	-1.135580e+03
1818	-1.112399e+03
1819	-1.108353e+03
1820	-1.117639e+03
1821	-1.132921e+03
1822	-1.130127e+03
1823	-1.120747e+03
1824	-1.133585e+03
1825	-1.128238e+03
1826	-1.134895e+03
1827	-1.123034e+03
1828	-1.127558e+03
1829	-1.120009e+03
1830	-1.111413e+03
1831	-1.141533e+03
1832	-1.119180e+03
1833	-1.120064e+03
1834	-1.119645e+03
1835	-1.125195e+03
1836	-1.108372e+03
1837	-1.127959e+03
1838	-1.143610e+03
1839	-1.121067e+03
1840	-1.145466e+03
1841	-1.114533e+03
1842	-1.130665e+03
1843	-1.142732e+03
1844	-1.140622e+03
1845	-1.164298e+03
1846	-1.121032e+03
1847	-1.142365e+03
1848	-1.124239e+03
1849	-1.125902e+03
1850	-1.126593e+03
1851	-1.139582e+03
1852	-1.131346e+03
1853	-1.122317e+03
1854	-1.125654e+03
1855	-1.137243e+03
1856	-1.123993e+03
1857	-1.125478e+03
1858	-1.124309e+03
1859	-1.138971e+03
1860	-1.124849e+03
1861	-1.124600e+03
1862	-1.138539e+03
1863	-1.107391e+03
1864	-1.123499e+03
1865	-1.138940e+03
1866	-1.141752e+03
1867	-1.138277e+03
1868	-1.125194e+03
1869	-1.131052e+03
1870	-1.146909e+03
1871	-1.137091e+03
1872	-1.136040e+03
1873	-1.125819e+03
1874	-1.128220e+03
1875	-1.124790e+03
1876	-1.127951e+03
1877	-1.120505e+03
1878	-1.125040e+03
1879	-1.132016e+03
1880	-1.141177e+03
1881	-1.110550e+03
1882	-1.134684e+03
1883	-1.134848e+03
1884	-1.112747e+03
1885	-1.124634e+03
1886	-1.129154e+03
1887	-1.122677e+03
1888	-1.119347e+03
1889	-1.129801e+03
1890	-1.104944e+03
1891	-1.135803e+03
1892	-1.120436e+03
1893	-1.139502e+03
1894	-1.118069e+03
1895	-1.131562e+03
1896	-1.124376e+03
1897	-1.124093e+03
1898	-1.140559e+03
1899	-1.123101e+03
1900	-1.125152e+03
1901	-1.121946e+03
1902	-1.125259e+03
1903	-1.120601e+03
1904	-1.122905e+03
1905	-1.111761e+03
1906	-1.135995e+03
1907	-1.153761e+03
1908	-1.124629e+03
1909	-1.143201e+03
1910	-1.127050e+03
1911	-1.137010e+03
1912	-1.135487e+03
1913	-1.116655e+03
1914	-1.118466e+03
1915	-1.121313e+03
1916	-1.129503e+03
1917	-1.131327e+03
1918	-1.119323e+03
1919	-1.127131e+03
1920	-1.117698e+03
1921	-1.115287e+03
1922	-1.133552e+03
1923	-1.122232e+03
1924	-1.131952e+03
1925	-1.126980e+03
1926	-1.134214e+03
1927	-1.138344e+03
1928	-1.127698e+03
1929	-1.146412e+03
1930	-1.134019e+03
1931	-1.124821e+03
1932	-1.111688e+03
1933	-1.116539e+03
1934	-1.128487e+03
1935	-1.130287e+03
1936	-1.114877e+03
1937	-1.107839e+03
1938	-1.128826e+03
1939	-1.135584e+03
1940	-1.118742e+03
1941	-1.121343e+03
1942	-1.135834e+03
1943	-1.126650e+03
1944	-1.116708e+03
1945	-1.143437e+03
1946	-1.097626e+03
1947	-1.126450e+03
1948	-1.128875e+03
1949	-1.120409e+03
1950	-1.125557e+03
1951	-1.135077e+03
1952	-1.133830e+03
1953	-1.122492e+03
1954	-1.113671e+03
1955	-1.111604e+03
1956	-1.128590e+03
1957	-1.128846e+03
1958	-1.136456e+03
1959	-1.141550e+03
1960	-1.136091e+03
1961	-1.130025e+03
1962	-1.128159e+03
1963	-1.127124e+03
1964	-1.119107e+03
1965	-1.123404e+03
1966	-1.110759e+03
1967	-1.126578e+03
1968	-1.121415e+03
1969	-1.133510e+03
1970	-1.125836e+03
1971	-1.122203e+03
1972	-1.106178e+03
1973	-1.117402e+03
1974	-1.128924e+03
1975	-1.118419e+03
1976	-1.148520e+03
1977	-1.116388e+03
1978	-1.107880e+03
1979	-1.142761e+03
1980	-1.120727e+03
1981	-1.145709e+03
1982	-1.122520e+03
1983	-1.120610e+03
1984	-1.122963e+03
1985	-1.135913e+03
1986	-1.132697e+03
1987	-1.134021e+03
1988	-1.121485e+03
1989	-1.118101e+03
1990	-1.120902e+03
1991	-1.129082e+03
1992	-1.128424e+03
1993	-1.127248e+03
1994	-1.132134e+03
1995	-1.126293e+03
1996	-1.115498e+03
1997	-1.139335e+03
1998	-1.116836e+03
1999	-1.120504e+03
2000	-1.132208e+03
2001	-1.136055e+03
2002	-1.111173e+03
2003	-1.118244e+03
2004	-1.134401e+03
2005	-1.133160e+03
2006	-1.132523e+03
2007	-1.126783e+03
2008	-1.132924e+03
2009	-1.111370e+03
2010	-1.135792e+03
2011	-1.142248e+03
2012	-1.123809e+03
2013	-1.137007e+03
2014	-1.108624e+03
2015	-1.126632e+03
2016	-1.139149e+03
2017	-1.122825e+03
2018	-1.135352e+03
2019	-1.116781e+03
2020	-1.130692e+03
2021	-1.127413e+03
2022	-1.112319e+03
2023	-1.126073e+03
2024	-1.121309e+03
2025	-1.109839e+03
2026	-1.135568e+03
2027	-1.128681e+03
2028	-1.139888e+03
2029	-1.133204e+03
2030	-1.133627e+03
2031	-1.134134e+03
2032	-1.132015e+03
2033	-1.116652e+03
2034	-1.145518e+03
2035	-1.118057e+03
2036	-1.134843e+03
2037	-1.127727e+03
2038	-1.115788e+03
2039	-1.138692e+03
2040	-1.128014e+03
2041	-1.129503e+03
2042	-1.110981e+03
2043	-1.120218e+03
2044	-1.126869e+03
2045	-1.127397e+03
2046	-1.112452e+03
2047	-1.118980e+03
2048	-1.121369e+03
2049	-1.139267e+03
2050	-1.137822e+03
2051	-1.118370e+03
2052	-1.111803e+03
2053	-1.123718e+03
2054	-1.119941e+03
2055	-1.145865e+03
2056	-1.116344e+03
2057	-1.118984e+03
2058	-1.122493e+03
2059	-1.119981e+03
2060	-1.130240e+03
2061	-1.135123e+03
2062	-1.118198e+03
2063	-1.131055e+03
2064	-1.141476e+03
2065	-1.128598e+03
2066	-1.143719e+03
2067	-1.127248e+03
2068	-1.127900e+03
2069	-1.142570e+03
2070	-1.127625e+03
2071	-1.127181e+03
2072	-1.149135e+03
2073	-1.136629e+03
2074	-1.122041e+03
2075	-1.118792e+03
2076	-1.102769e+03
2077	-1.127845e+03
2078	-1.121960e+03
2079	-1.141726e+03
2080	-1.133514e+03
2081	-1.128139e+03
2082	-1.107303e+03
2083	-1.128114e+03
2084	-1.123938e+03
2085	-1.141636e+03
2086	-1.140423e+03
2087	-1.125178e+03
2088	-1.107281e+03
2089	-1.130200e+03
2090	-1.118305e+03
2091	-1.122905e+03
2092	-1.130974e+03
2093	-1.123991e+03
2094	-1.126783e+03
2095	-1.131116e+03
2096	-1.114371e+03
2097	-1.140333e+03
2098	-1.133244e+03
2099	-1.127179e+03
2100	-1.129525e+03
2101	-1.137490e+03
2102	-1.104696e+03
2103	-1.119364e+03
2104	-1.108874e+03
2105	-1.115494e+03
2106	-1.118522e+03
2107	-1.132362e+03
2108	-1.147041e+03
2109	-1.124563e+03
2110	-1.126922e+03
2111	-1.113434e+03
2112	-1.124769e+03
2113	-1.135429e+03
2114	-1.130869e+03
2115	-1.124150e+03
2116	-1.135072e+03
2117	-1.111390e+03
2118	-1.135646e+03
2119	-1.139484e+03
2120	-1.126339e+03
2121	-1.147209e+03
2122	-1.131007e+03
2123	-1.123479e+03
2124	-1.133599e+03
2125	-1.131089e+03
2126	-1.106667e+03
2127	-1.133938e+03
2128	-1.132993e+03
2129	-1.139632e+03
2130	-1.127406e+03
2131	-1.123390e+03
2132	-1.120716e+03
2133	-1.137139e+03
2134	-1.131424e+03
2135	-1.128453e+03
2136	-1.119468e+03
2137	-1.109416e+03
2138	-1.114671e+03
2139	-1.118438e+03
2140	-1.121954e+03
2141	-1.146321e+03
2142	-1.120313e+03
2143	-1.104447e+03
2144	-1.131952e+03
2145	-1.114405e+03
2146	-1.125660e+03
2147	-1.131296e+03
2148	-1.116644e+03
2149	-1.139978e+03
2150	-1.138608e+03
2151	-1.138209e+03
2152	-1.124429e+03
2153	-1.142524e+03
2154	-1.120753e+03
2155	-1.149446e+03
2156	-1.142161e+03
2157	-1.153185e+03
2158	-1.123798e+03
2159	-1.134715e+03
2160	-1.128498e+03
2161	-1.131555e+03
2162	-1.141364e+03
2163	-1.108068e+03
2164	-1.141142e+03
2165	-1.140462e+03
2166	-1.122763e+03
2167	-1.120018e+03
2168	-1.133939e+03
2169	-1.136146e+03
2170	-1.108178e+03
2171	-1.118852e+03
2172	-1.117141e+03
2173	-1.138378e+03
2174	-1.132862e+03
2175	-1.115485e+03
2176	-1.148548e+03
2177	-1.135313e+03
2178	-1.118853e+03
2179	-1.124750e+03
2180	-1.139444e+03
2181	-1.127778e+03
2182	-1.111056e+03
2183	-1.125087e+03
2184	-1.117495e+03
2185	-1.138751e+03
2186	-1.133943e+03
2187	-1.125455e+03
2188	-1.114235e+03
2189	-1.143813e+03
2190	-1.134748e+03
2191	-1.128767e+03
2192	-1.141852e+03
2193	-1.119219e+03
2194	-1.114424e+03
2195	-1.111632e+03
2196	-1.139690e+03
2197	-1.131998e+03
2198	-1.115412e+03
2199	-1.129322e+03
2200	-1.117975e+03
2201	-1.118961e+03
2202	-1.134966e+03
2203	-1.137716e+03
2204	-1.120549e+03
2205	-1.106349e+03
2206	-1.132015e+03
2207	-1.123056e+03
2208	-1.141612e+03
2209	-1.114238e+03
2210	-1.140096e+03
2211	-1.130462e+03
2212	-1.133260e+03
2213	-1.127123e+03
2214	-1.116836e+03
2215	-1.116815e+03
2216	-1.132884e+03
2217	-1.125806e+03
2218	-1.135020e+03
2219	-1.124822e+03
2220	-1.133908e+03
2221	-1.132301e+03
2222	-1.105943e+03
2223	-1.138987e+03
2224	-1.115318e+03
2225	-1.129348e+03
2226	-1.138565e+03
2227	-1.140363e+03
2228	-1.130534e+03
2229	-1.140947e+03
2230	-1.130369e+03
2231	-1.123387e+03
2232	-1.125585e+03
2233	-1.121210e+03
2234	-1.133228e+03
2235	-1.130563e+03
2236	-1.118637e+03
2237	-1.141874e+03
2238	-1.125104e+03
2239	-1.138666e+03
2240	-1.155040e+03
2241	-1.118712e+03
2242	-1.126860e+03
2243	-1.142261e+03
2244	-1.130129e+03
2245	-1.126181e+03
2246	-1.126836e+03
2247	-1.126241e+03
2248	-1.133149e+03
2249	-1.130972e+03
2250	-1.144926e+03
2251	-1.129739e+03
2252	-1.134171e+03
2253	-1.134707e+03
2254	-1.114745e+03
2255	-1.124822e+03
2256	-1.116554e+03
2257	-1.132302e+03
2258	-1.106279e+03
2259	-1.137523e+03
2260	-1.125839e+03
2261	-1.127386e+03
2262	-1.128761e+03
2263	-1.114586e+03
2264	-1.145408e+03
2265	-1.113956e+03
2266	-1.120956e+03
2267	-1.132207e+03
2268	-1.120341e+03
2269	-1.115065e+03
2270	-1.126922e+03
2271	-1.116889e+03
2272	-1.101223e+03
2273	-1.124281e+03
2274	-1.121709e+03
2275	-1.126510e+03
2276	-1.112717e+03
2277	-1.132040e+03
2278	-1.148040e+03
2279	-1.120191e+03
2280	-1.119014e+03
2281	-1.124734e+03
2282	-1.151529e+03
2283	-1.133036e+03
2284	-1.142098e+03
2285	-1.135383e+03
2286	-1.121795e+03
2287	-1.115680e+03
2288	-1.129605e+03
2289	-1.126166e+03
2290	-1.109442e+03
2291	-1.116735e+03
2292	-1.142365e+03
2293	-1.128399e+03
2294	-1.118810e+03
2295	-1.119213e+03
2296	-1.144781e+03
2297	-1.127229e+03
2298	-1.135921e+03
2299	-1.143724e+03
2300	-1.129841e+03
2301	-1.114070e+03
2302	-1.114860e+03
2303	-1.123327e+03
2304	-1.126680e+03
2305	-1.126510e+03
2306	-1.141552e+03
2307	-1.134910e+03
2308	-1.117010e+03
2309	-1.114061e+03
2310	-1.140487e+03
2311	-1.125479e+03
2312	-1.156532e+03
2313	-1.150427e+03
2314	-1.132864e+03
2315	-1.138129e+03
2316	-1.144339e+03
2317	-1.136302e+03
2318	-1.122212e+03
2319	-1.152680e+03
2320	-1.124637e+03
2321	-1.117822e+03
2322	-1.107511e+03
2323	-1.141050e+03
2324	-1.125583e+03
2325	-1.119429e+03
2326	-1.121878e+03
2327	-1.128846e+03
2328	-1.126067e+03
2329	-1.141901e+03
2330	-1.137006e+03
2331	-1.135995e+03
2332	-1.139273e+03
2333	-1.112739e+03
2334	-1.131438e+03
2335	-1.127512e+03
2336	-1.117131e+03
2337	-1.129379e+03
2338	-1.118750e+03
2339	-1.125029e+03
2340	-1.128409e+03
2341	-1.100812e+03
2342	-1.122994e+03
2343	-1.133523e+03
2344	-1.123654e+03
2345	-1.113962e+03
2346	-1.134506e+03
2347	-1.119239e+03
2348	-1.125061e+03
2349	-1.124512e+03
2350	-1.154795e+03
2351	-1.126822e+03
2352	-1.140849e+03
2353	-1.131058e+03
2354	-1.128753e+03
2355	-1.127678e+03
2356	-1.117996e+03
2357	-1.132459e+03
2358	-1.137440e+03
2359	-1.137304e+03
2360	-1.129812e+03
2361	-1.127277e+03
2362	-1.148417e+03
2363	-1.132601e+03
2364	-1.136425e+03
2365	-1.138495e+03
2366	-1.128356e+03
2367	-1.117373e+03
2368	-1.132191e+03
2369	-1.126585e+03
2370	-1.128835e+03
2371	-1.111644e+03
2372	-1.127636e+03
2373	-1.127931e+03
2374	-1.121030e+03
2375	-1.127325e+03
2376	-1.125039e+03
2377	-1.132859e+03
2378	-1.137863e+03
2379	-1.132405e+03
2380	-1.139471e+03
2381	-1.126891e+03
2382	-1.144984e+03
2383	-1.131072e+03
2384	-1.116626e+03
2385	-1.123561e+03
2386	-1.119847e+03
2387	-1.140384e+03
2388	-1.126501e+03
2389	-1.124664e+03
2390	-1.137841e+03
2391	-1.130996e+03
2392	-1.129178e+03
2393	-1.140304e+03
2394	-1.128868e+03
2395	-1.123056e+03
2396	-1.137611e+03
2397	-1.145609e+03
2398	-1.122390e+03
2399	-1.136134e+03
2400	-1.125477e+03
2401	-1.130973e+03
2402	-1.115825e+03
2403	-1.117574e+03
2404	-1.134409e+03
2405	-1.143471e+03
2406	-1.119896e+03
2407	-1.109246e+03
2408	-1.130244e+03
2409	-1.149994e+03
2410	-1.120537e+03
2411	-1.117576e+03
2412	-1.135132e+03
2413	-1.121553e+03
2414	-1.129184e+03
2415	-1.118804e+03
2416	-1.155385e+03
2417	-1.118199e+03
2418	-1.108034e+03
2419	-1.129168e+03
2420	-1.128230e+03
2421	-1.141138e+03
2422	-1.142113e+03
2423	-1.129391e+03
2424	-1.138847e+03
2425	-1.133604e+03
2426	-1.132399e+03
2427	-1.122072e+03
2428	-1.110304e+03
2429	-1.126966e+03
2430	-1.118980e+03
2431	-1.131321e+03
2432	-1.124571e+03
2433	-1.145304e+03
2434	-1.134896e+03
2435	-1.134311e+03
2436	-1.137541e+03
2437	-1.116919e+03
2438	-1.141672e+03
2439	-1.122134e+03
2440	-1.122955e+03
2441	-1.117575e+03
2442	-1.142341e+03
2443	-1.126374e+03
2444	-1.133888e+03
2445	-1.134569e+03
2446	-1.151073e+03
2447	-1.125441e+03
2448	-1.135957e+03
2449	-1.131476e+03
2450	-1.118525e+03
2451	-1.108832e+03
2452	-1.120213e+03
2453	-1.134319e+03
2454	-1.137279e+03
2455	-1.147260e+03
2456	-1.149347e+03
2457	-1.132788e+03
2458	-1.133780e+03
2459	-1.122727e+03
2460	-1.140730e+03
2461	-1.128059e+03
2462	-1.126573e+03
2463	-1.127286e+03
2464	-1.133998e+03
2465	-1.143337e+03
2466	-1.126298e+03
2467	-1.134478e+03
2468	-1.105466e+03
2469	-1.143895e+03
2470	-1.131433e+03
2471	-1.117237e+03
2472	-1.119333e+03
2473	-1.117953e+03
2474	-1.128997e+03
2475	-1.129592e+03
2476	-1.107845e+03
2477	-1.109610e+03
2478	-1.128518e+03
2479	-1.120984e+03
2480	-1.123797e+03
2481	-1.129825e+03
2482	-1.126563e+03
2483	-1.124445e+03
2484	-1.115390e+03
2485	-1.118511e+03
2486	-1.136993e+03
2487	-1.115286e+03
2488	-1.142420e+03
2489	-1.139983e+03
2490	-1.111061e+03
2491	-1.113283e+03
2492	-1.109339e+03
2493	-1.130299e+03
2494	-1.122261e+03
2495	-1.132190e+03
2496	-1.123004e+03
2497	-1.121942e+03
2498	-1.118706e+03
2499	-1.128871e+03
2500	-1.107228e+03
2501	-1.126138e+03
2502	-1.132379e+03
2503	-1.137510e+03
2504	-1.139300e+03
2505	-1.135346e+03
2506	-1.155278e+03
2507	-1.120932e+03
2508	-1.102644e+03
2509	-1.108801e+03
2510	-1.138367e+03
2511	-1.116521e+03
2512	-1.124970e+03
2513	-1.127451e+03
2514	-1.142045e+03
2515	-1.122011e+03
2516	-1.129414e+03
2517	-1.137084e+03
2518	-1.127668e+03
2519	-1.142726e+03
2520	-1.138222e+03
2521	-1.140859e+03
2522	-1.132870e+03
2523	-1.115857e+03
2524	-1.122657e+03
2525	-1.127384e+03
2526	-1.114078e+03
2527	-1.110239e+03
2528	-1.158144e+03
2529	-1.141677e+03
2530	-1.134325e+03
2531	-1.127697e+03
2532	-1.133756e+03
2533	-1.157660e+03
2534	-1.112327e+03
2535	-1.133402e+03
2536	-1.141472e+03
2537	-1.121416e+03
2538	-1.129733e+03
2539	-1.121278e+03
2540	-1.121166e+03
2541	-1.127370e+03
2542	-1.126240e+03
2543	-1.142616e+03
2544	-1.123622e+03
2545	-1.121975e+03
2546	-1.130181e+03
2547	-1.117239e+03
2548	-1.138684e+03
2549	-1.141761e+03
2550	-1.125160e+03
2551	-1.126952e+03
2552	-1.122824e+03
2553	-1.125178e+03
2554	-1.133156e+03
2555	-1.136442e+03
2556	-1.124696e+03
2557	-1.143148e+03
2558	-1.111760e+03
2559	-1.146357e+03
2560	-1.143326e+03
2561	-1.113469e+03
2562	-1.100300e+03
2563	-1.137738e+03
2564	-1.124192e+03
2565	-1.128405e+03
2566	-1.129230e+03
2567	-1.126279e+03
2568	-1.131500e+03
2569	-1.107755e+03
2570	-1.113524e+03
2571	-1.142945e+03
2572	-1.121490e+03
2573	-1.100105e+03
2574	-1.110882e+03
2575	-1.154721e+03
2576	-1.128183e+03
2577	-1.120555e+03
2578	-1.128444e+03
2579	-1.136825e+03
2580	-1.120592e+03
2581	-1.127814e+03
2582	-1.134664e+03
2583	-1.112277e+03
2584	-1.130286e+03
2585	-1.133205e+03
2586	-1.115336e+03
2587	-1.140166e+03
2588	-1.128398e+03
2589	-1.122205e+03
2590	-1.132614e+03
2591	-1.112679e+03
2592	-1.136099e+03
2593	-1.130693e+03
2594	-1.120221e+03
2595	-1.112395e+03
2596	-1.120970e+03
2597	-1.148444e+03
2598	-1.125145e+03
2599	-1.132393e+03
2600	-1.131530e+03
2601	-1.133201e+03
2602	-1.148106e+03
2603	-1.111966e+03
2604	-1.112342e+03
2605	-1.117404e+03
2606	-1.148122e+03
2607	-1.138344e+03
2608	-1.131947e+03
2609	-1.129650e+03
2610	-1.109779e+03
2611	-1.127991e+03
2612	-1.144282e+03
2613	-1.120665e+03
2614	-1.138612e+03
2615	-1.128672e+03
2616	-1.141329e+03
2617	-1.135275e+03
2618	-1.144498e+03
2619	-1.120287e+03
2620	-1.126161e+03
2621	-1.138684e+03
2622	-1.118061e+03
2623	-1.142948e+03
2624	-1.124093e+03
2625	-1.130285e+03
2626	-1.127558e+03
2627	-1.127133e+03
2628	-1.117628e+03
2629	-1.144383e+03
2630	-1.128465e+03
2631	-1.161590e+03
2632	-1.136766e+03
2633	-1.140897e+03
2634	-1.121431e+03
2635	-1.141080e+03
2636	-1.108772e+03
2637	-1.141922e+03
2638	-1.133963e+03
2639	-1.121135e+03
2640	-1.124089e+03
2641	-1.118383e+03
2642	-1.139660e+03
2643	-1.091742e+03
2644	-1.123213e+03
2645	-1.128936e+03
2646	-1.101689e+03
2647	-1.127186e+03
2648	-1.132822e+03
2649	-1.128606e+03
2650	-1.111320e+03
2651	-1.118299e+03
2652	-1.136970e+03
2653	-1.137723e+03
2654	-1.137750e+03
2655	-1.126907e+03
2656	-1.114506e+03
2657	-1.123283e+03
2658	-1.146620e+03
2659	-1.131886e+03
2660	-1.127250e+03
2661	-1.128143e+03
2662	-1.124474e+03
2663	-1.129695e+03
2664	-1.128463e+03
2665	-1.125940e+03
2666	-1.145586e+03
2667	-1.155699e+03
2668	-1.134317e+03
2669	-1.129938e+03
2670	-1.131999e+03
2671	-1.118030e+03
2672	-1.121500e+03
2673	-1.118117e+03
2674	-1.124792e+03
2675	-1.124699e+03
2676	-1.123818e+03
2677	-1.136231e+03
2678	-1.132055e+03
2679	-1.137912e+03
2680	-1.127894e+03
2681	-1.135664e+03
2682	-1.141149e+03
2683	-1.114046e+03
2684	-1.141350e+03
2685	-1.135949e+03
2686	-1.123296e+03
2687	-1.130671e+03
2688	-1.136185e+03
2689	-1.142605e+03
2690	-1.137905e+03
2691	-1.130084e+03
2692	-1.124533e+03
2693	-1.129074e+03
2694	-1.137680e+03
2695	-1.120862e+03
2696	-1.123615e+03
2697	-1.127455e+03
2698	-1.134747e+03
2699	-1.111993e+03
2700	-1.130317e+03
2701	-1.118000e+03
2702	-1.135359e+03
2703	-1.136545e+03
2704	-1.127347e+03
2705	-1.125494e+03
2706	-1.132762e+03
2707	-1.112339e+03
2708	-1.121672e+03
2709	-1.137699e+03
2710	-1.120060e+03
2711	-1.126119e+03
2712	-1.141804e+03
2713	-1.129834e+03
2714	-1.126118e+03
2715	-1.110375e+03
2716	-1.130521e+03
2717	-1.139068e+03
2718	-1.130544e+03
2719	-1.124245e+03
2720	-1.127499e+03
2721	-1.125997e+03
2722	-1.124291e+03
2723	-1.137512e+03
2724	-1.115601e+03
2725	-1.102695e+03
2726	-1.134375e+03
2727	-1.135823e+03
2728	-1.105685e+03
2729	-1.137874e+03
2730	-1.137327e+03
2731	-1.133093e+03
2732	-1.103489e+03
2733	-1.129543e+03
2734	-1.127876e+03
2735	-1.129148e+03
2736	-1.129919e+03
2737	-1.122173e+03
2738	-1.110772e+03
2739	-1.135266e+03
2740	-1.147677e+03
2741	-1.123114e+03
2742	-1.117780e+03
2743	-1.151977e+03
2744	-1.120157e+03
2745	-1.125074e+03
2746	-1.152854e+03
2747	-1.128292e+03
2748	-1.123646e+03
2749	-1.132503e+03
2750	-1.137945e+03
2751	-1.126023e+03
2752	-1.128335e+03
2753	-1.126600e+03
2754	-1.131113e+03
2755	-1.109093e+03
2756	-1.132299e+03
2757	-1.115418e+03
2758	-1.119088e+03
2759	-1.135438e+03
2760	-1.128900e+03
2761	-1.130486e+03
2762	-1.139644e+03
2763	-1.139206e+03
2764	-1.133265e+03
2765	-1.150037e+03
2766	-1.131622e+03
2767	-1.128441e+03
2768	-1.139163e+03
2769	-1.129294e+03
2770	-1.126003e+03
2771	-1.142436e+03
2772	-1.119566e+03
2773	-1.144625e+03
2774	-1.134624e+03
2775	-1.120100e+03
2776	-1.133485e+03
2777	-1.138719e+03
2778	-1.121404e+03
2779	-1.137246e+03
2780	-1.129343e+03
2781	-1.119389e+03
2782	-1.134424e+03
2783	-1.122580e+03
2784	-1.141691e+03
2785	-1.126254e+03
2786	-1.124934e+03
2787	-1.117373e+03
2788	-1.114268e+03
2789	-1.153345e+03
2790	-1.140910e+03
2791	-1.141201e+03
2792	-1.119615e+03
2793	-1.125621e+03
2794	-1.126872e+03
2795	-1.138383e+03
2796	-1.114927e+03
2797	-1.125196e+03
2798	-1.101208e+03
2799	-1.123484e+03
2800	-1.106807e+03
2801	-1.127889e+03
2802	-1.125530e+03
2803	-1.106676e+03
2804	-1.121709e+03
2805	-1.128603e+03
2806	-1.138203e+03
2807	-1.148902e+03
2808	-1.135268e+03
2809	-1.113878e+03
2810	-1.129654e+03
2811	-1.117348e+03
2812	-1.109940e+03
2813	-1.134727e+03
2814	-1.136943e+03
2815	-1.120577e+03
2816	-1.113953e+03
2817	-1.126447e+03
2818	-1.140954e+03
2819	-1.131741e+03
2820	-1.129045e+03
2821	-1.128302e+03
2822	-1.130888e+03
2823	-1.131340e+03
2824	-1.108322e+03
2825	-1.142721e+03
2826	-1.131675e+03
2827	-1.109894e+03
2828	-1.127548e+03
2829	-1.140070e+03
2830	-1.125317e+03
2831	-1.119423e+03
2832	-1.132320e+03
2833	-1.139325e+03
2834	-1.119212e+03
2835	-1.145506e+03
2836	-1.134666e+03
2837	-1.140985e+03
2838	-1.134433e+03
2839	-1.141523e+03
2840	-1.118254e+03
2841	-1.117212e+03
2842	-1.120566e+03
2843	-1.125995e+03
2844	-1.132020e+03
2845	-1.118908e+03
2846	-1.136648e+03
2847	-1.127911e+03
2848	-1.140694e+03
2849	-1.146199e+03
2850	-1.135800e+03
2851	-1.119417e+03
2852	-1.126283e+03
2853	-1.132942e+03
2854	-1.127938e+03
2855	-1.127847e+03
2856	-1.132127e+03
2857	-1.115750e+03
2858	-1.143444e+03
2859	-1.157340e+03
2860	-1.106462e+03
2861	-1.122204e+03
2862	-1.112020e+03
2863	-1.126198e+03
2864	-1.110865e+03
2865	-1.129166e+03
2866	-1.147447e+03
2867	-1.119238e+03
2868	-1.116296e+03
2869	-1.117510e+03
2870	-1.116426e+03
2871	-1.135557e+03
2872	-1.146217e+03
2873	-1.142444e+03
2874	-1.129638e+03
2875	-1.124437e+03
2876	-1.137786e+03
2877	-1.135522e+03
2878	-1.134581e+03
2879	-1.135567e+03
2880	-1.134312e+03
2881	-1.116259e+03
2882	-1.141641e+03
2883	-1.123152e+03
2884	-1.141191e+03
2885	-1.137270e+03
2886	-1.132018e+03
2887	-1.133451e+03
2888	-1.144274e+03
2889	-1.117694e+03
2890	-1.130820e+03
2891	-1.135391e+03
2892	-1.134236e+03
2893	-1.119462e+03
2894	-1.135371e+03
2895	-1.132054e+03
2896	-1.127441e+03
2897	-1.123888e+03
2898	-1.137368e+03
2899	-1.165336e+03
2900	-1.107306e+03
2901	-1.145441e+03
2902	-1.112725e+03
2903	-1.135047e+03
2904	-1.137301e+03
2905	-1.129177e+03
2906	-1.138247e+03
2907	-1.121139e+03
2908	-1.107210e+03
2909	-1.125827e+03
2910	-1.126630e+03
2911	-1.105350e+03
2912	-1.126100e+03
2913	-1.128254e+03
2914	-1.137627e+03
2915	-1.130056e+03
2916	-1.148183e+03
2917	-1.131913e+03
2918	-1.119862e+03
2919	-1.125166e+03
2920	-1.116945e+03
2921	-1.136919e+03
2922	-1.120406e+03
2923	-1.127747e+03
2924	-1.113360e+03
2925	-1.137642e+03
2926	-1.118387e+03
2927	-1.133663e+03
2928	-1.117907e+03
2929	-1.116258e+03
2930	-1.111838e+03
2931	-1.135968e+03
2932	-1.130149e+03
2933	-1.122617e+03
2934	-1.121846e+03
2935	-1.136740e+03
2936	-1.117593e+03
2937	-1.128577e+03
2938	-1.121321e+03
2939	-1.123866e+03
2940	-1.125094e+03
2941	-1.109927e+03
2942	-1.134282e+03
2943	-1.124236e+03
2944	-1.149892e+03
2945	-1.135102e+03
2946	-1.129546e+03
2947	-1.127524e+03
2948	-1.116358e+03
2949	-1.117122e+03
2950	-1.141542e+03
2951	-1.129900e+03
2952	-1.138221e+03
2953	-1.125257e+03
2954	-1.130169e+03
2955	-1.135106e+03
2956	-1.133542e+03
2957	-1.133492e+03
2958	-1.127587e+03
2959	-1.134314e+03
2960	-1.122467e+03
2961	-1.148249e+03
2962	-1.123945e+03
2963	-1.153772e+03
2964	-1.119231e+03
2965	-1.112388e+03
2966	-1.136082e+03
2967	-1.141883e+03
2968	-1.126505e+03
2969	-1.128861e+03
2970	-1.130144e+03
2971	-1.135453e+03
2972	-1.127446e+03
2973	-1.123652e+03
2974	-1.148814e+03
2975	-1.113051e+03
2976	-1.130560e+03
2977	-1.120001e+03
2978	-1.132049e+03
2979	-1.105301e+03
2980	-1.123690e+03
2981	-1.140013e+03
2982	-1.115281e+03
2983	-1.113499e+03
2984	-1.125694e+03
2985	-1.117320e+03
2986	-1.113669e+03
2987	-1.126905e+03
2988	-1.144276e+03
2989	-1.124473e+03
2990	-1.146086e+03
2991	-1.115088e+03
2992	-1.129337e+03
2993	-1.116619e+03
2994	-1.128990e+03
2995	-1.130497e+03
2996	-1.122404e+03
2997	-1.143933e+03
2998	-1.135234e+03
2999	-1.116621e+03
3000	-1.122874e+03
3001	-1.136630e+03
3002	-1.130311e+03
3003	-1.128817e+03
3004	-1.148718e+03
3005	-1.143296e+03
3006	-1.122170e+03
3007	-1.124186e+03
3008	-1.128045e+03
3009	-1.114368e+03
3010	-1.120413e+03
3011	-1.131635e+03
3012	-1.139776e+03
3013	-1.105810e+03
3014	-1.127159e+03
3015	-1.089917e+03
3016	-1.136983e+03
3017	-1.135072e+03
3018	-1.123161e+03
3019	-1.125392e+03
3020	-1.146030e+03
3021	-1.109598e+03
3022	-1.121022e+03
3023	-1.143244e+03
3024	-1.130628e+03
3025	-1.144685e+03
3026	-1.135608e+03
3027	-1.131145e+03
3028	-1.117460e+03
3029	-1.124502e+03
3030	-1.123008e+03
3031	-1.138275e+03
3032	-1.121406e+03
3033	-1.112243e+03
3034	-1.132071e+03
3035	-1.144883e+03
3036	-1.106924e+03
3037	-1.132370e+03
3038	-1.123349e+03
3039	-1.113032e+03
3040	-1.128535e+03
3041	-1.123969e+03
3042	-1.120222e+03
3043	-1.113919e+03
3044	-1.139775e+03
3045	-1.130193e+03
3046	-1.128410e+03
3047	-1.138920e+03
3048	-1.144446e+03
3049	-1.118689e+03
3050	-1.119516e+03
3051	-1.109564e+03
3052	-1.115617e+03
3053	-1.150012e+03
3054	-1.120233e+03
3055	-1.119219e+03
3056	-1.114575e+03
3057	-1.131553e+03
3058	-1.119784e+03
3059	-1.129153e+03
3060	-1.133118e+03
3061	-1.116568e+03
3062	-1.135154e+03
3063	-1.126167e+03
3064	-1.123741e+03
3065	-1.136485e+03
3066	-1.108639e+03
3067	-1.143300e+03
3068	-1.125162e+03
3069	-1.141842e+03
3070	-1.114162e+03
3071	-1.115589e+03
3072	-1.118612e+03
3073	-1.122522e+03
3074	-1.133953e+03
3075	-1.125242e+03
3076	-1.134633e+03
3077	-1.120199e+03
3078	-1.128310e+03
3079	-1.113818e+03
3080	-1.127924e+03
3081	-1.132560e+03
3082	-1.118409e+03
3083	-1.127841e+03
3084	-1.137625e+03
3085	-1.120392e+03
3086	-1.128716e+03
3087	-1.122346e+03
3088	-1.130383e+03
3089	-1.137522e+03
3090	-1.130782e+03
3091	-1.138129e+03
3092	-1.126911e+03
3093	-1.142478e+03
3094	-1.142666e+03
3095	-1.135953e+03
3096	-1.144424e+03
3097	-1.106109e+03
3098	-1.131352e+03
3099	-1.119407e+03
3100	-1.143893e+03
3101	-1.152524e+03
3102	-1.131692e+03
3103	-1.130242e+03
3104	-1.120545e+03
3105	-1.132593e+03
3106	-1.142962e+03
3107	-1.123839e+03
3108	-1.128820e+03
3109	-1.117017e+03
3110	-1.139163e+03
3111	-1.129897e+03
3112	-1.127112e+03
3113	-1.138059e+03
3114	-1.133585e+03
3115	-1.138507e+03
3116	-1.126411e+03
3117	-1.130524e+03
3118	-1.126300e+03
3119	-1.123244e+03
3120	-1.127293e+03
3121	-1.134669e+03
3122	-1.108432e+03
3123	-1.132317e+03
3124	-1.135697e+03
3125	-1.141802e+03
3126	-1.136122e+03
3127	-1.124550e+03
3128	-1.125069e+03
3129	-1.105500e+03
3130	-1.120219e+03
3131	-1.122200e+03
3132	-1.136208e+03
3133	-1.132574e+03
3134	-1.142642e+03
3135	-1.129590e+03
3136	-1.114949e+03
3137	-1.132303e+03
3138	-1.111725e+03
3139	-1.126821e+03
3140	-1.123927e+03
3141	-1.126493e+03
3142	-1.122850e+03
3143	-1.119688e+03
3144	-1.124360e+03
3145	-1.126573e+03
3146	-1.136174e+03
3147	-1.131089e+03
3148	-1.144119e+03
3149	-1.129372e+03
3150	-1.141073e+03
3151	-1.118725e+03
3152	-1.131860e+03
3153	-1.138924e+03
3154	-1.123078e+03
3155	-1.145548e+03
3156	-1.111435e+03
3157	-1.136550e+03
3158	-1.121997e+03
3159	-1.133885e+03
3160	-1.129485e+03
3161	-1.153873e+03
3162	-1.136947e+03
3163	-1.130477e+03
3164	-1.107923e+03
3165	-1.121252e+03
3166	-1.128916e+03
3167	-1.133230e+03
3168	-1.147528e+03
3169	-1.123603e+03
3170	-1.140741e+03
3171	-1.114748e+03
3172	-1.127277e+03
3173	-1.126758e+03
3174	-1.155676e+03
3175	-1.100680e+03
3176	-1.141681e+03
3177	-1.146134e+03
3178	-1.130432e+03
3179	-1.127227e+03
3180	-1.125902e+03
3181	-1.134454e+03
3182	-1.119759e+03
3183	-1.126545e+03
3184	-1.111600e+03
3185	-1.129526e+03
3186	-1.128146e+03
3187	-1.129209e+03
3188	-1.148384e+03
3189	-1.138273e+03
3190	-1.099493e+03
3191	-1.123556e+03
3192	-1.144033e+03
3193	-1.124976e+03
3194	-1.143676e+03
3195	-1.135196e+03
3196	-1.132692e+03
3197	-1.131046e+03
3198	-1.134997e+03
3199	-1.130274e+03
3200	-1.125987e+03
3201	-1.110498e+03
3202	-1.138875e+03
3203	-1.124781e+03
3204	-1.125095e+03
3205	-1.116808e+03
3206	-1.124426e+03
3207	-1.155225e+03
3208	-1.132422e+03
3209	-1.136952e+03
3210	-1.133535e+03
3211	-1.147400e+03
3212	-1.117848e+03
3213	-1.118588e+03
3214	-1.140056e+03
3215	-1.142043e+03
3216	-1.110051e+03
3217	-1.111854e+03
3218	-1.123994e+03
3219	-1.126090e+03
3220	-1.136216e+03
3221	-1.123901e+03
3222	-1.130326e+03
3223	-1.133767e+03
3224	-1.135266e+03
3225	-1.143226e+03
3226	-1.122822e+03
3227	-1.104899e+03
3228	-1.119839e+03
3229	-1.122592e+03
3230	-1.113002e+03
3231	-1.138218e+03
3232	-1.126528e+03
3233	-1.093396e+03
3234	-1.134202e+03
3235	-1.142891e+03
3236	-1.142175e+03
3237	-1.118578e+03
3238	-1.138788e+03
3239	-1.127472e+03
3240	-1.119454e+03
3241	-1.134180e+03
3242	-1.133543e+03
3243	-1.143806e+03
3244	-1.117028e+03
3245	-1.127157e+03
3246	-1.105537e+03
3247	-1.131629e+03
3248	-1.141663e+03
3249	-1.134823e+03
3250	-1.116501e+03
3251	-1.151923e+03
3252	-1.135770e+03
3253	-1.117851e+03
3254	-1.124598e+03
3255	-1.120541e+03
3256	-1.124661e+03
3257	-1.135529e+03
3258	-1.136869e+03
3259	-1.145536e+03
3260	-1.151369e+03
3261	-1.122366e+03
3262	-1.118334e+03
3263	-1.151125e+03
3264	-1.121586e+03
3265	-1.121555e+03
3266	-1.130762e+03
3267	-1.113890e+03
3268	-1.105678e+03
3269	-1.129322e+03
3270	-1.142397e+03
3271	-1.130201e+03
3272	-1.119971e+03
3273	-1.109413e+03
3274	-1.125102e+03
3275	-1.127894e+03
3276	-1.128065e+03
3277	-1.132980e+03
3278	-1.135760e+03
3279	-1.118123e+03
3280	-1.132046e+03
3281	-1.133129e+03
3282	-1.154516e+03
3283	-1.144801e+03
3284	-1.143608e+03
3285	-1.117174e+03
3286	-1.133852e+03
3287	-1.116069e+03
3288	-1.123612e+03
3289	-1.125946e+03
3290	-1.128545e+03
3291	-1.109532e+03
3292	-1.132161e+03
3293	-1.118075e+03
3294	-1.141224e+03
3295	-1.143370e+03
3296	-1.125532e+03
3297	-1.123233e+03
3298	-1.129191e+03
3299	-1.112952e+03
3300	-1.114236e+03
3301	-1.124778e+03
3302	-1.135616e+03
3303	-1.105090e+03
3304	-1.131147e+03
3305	-1.142447e+03
3306	-1.122833e+03
3307	-1.122372e+03
3308	-1.132435e+03
3309	-1.142018e+03
3310	-1.095946e+03
3311	-1.118330e+03
3312	-1.132550e+03
3313	-1.108188e+03
3314	-1.130005e+03
3315	-1.147779e+03
3316	-1.123905e+03
3317	-1.123490e+03
3318	-1.143472e+03
3319	-1.132355e+03
3320	-1.124496e+03
3321	-1.117016e+03
3322	-1.126048e+03
3323	-1.154434e+03
3324	-1.133866e+03
3325	-1.121492e+03
3326	-1.133549e+03
3327	-1.130591e+03
3328	-1.114558e+03
3329	-1.123001e+03
3330	-1.134860e+03
3331	-1.142242e+03
3332	-1.113824e+03
3333	-1.136973e+03
3334	-1.140048e+03
3335	-1.148781e+03
3336	-1.129067e+03
3337	-1.131723e+03
3338	-1.127007e+03
3339	-1.122717e+03
3340	-1.125329e+03
3341	-1.132391e+03
3342	-1.125449e+03
3343	-1.128472e+03
3344	-1.138581e+03
3345	-1.109986e+03
3346	-1.101950e+03
3347	-1.134981e+03
3348	-1.129474e+03
3349	-1.116176e+03
3350	-1.113090e+03
3351	-1.135357e+03
3352	-1.127395e+03
3353	-1.143065e+03
3354	-1.122849e+03
3355	-1.132469e+03
3356	-1.109141e+03
3357	-1.122257e+03
3358	-1.122215e+03
3359	-1.132655e+03
3360	-1.125011e+03
3361	-1.128602e+03
3362	-1.125974e+03
3363	-1.123494e+03
3364	-1.132208e+03
3365	-1.129452e+03
3366	-1.132536e+03
3367	-1.098174e+03
3368	-1.110251e+03
3369	-1.135327e+03
3370	-1.111808e+03
3371	-1.129750e+03
3372	-1.119617e+03
3373	-1.127745e+03
3374	-1.117962e+03
3375	-1.143131e+03
3376	-1.130994e+03
3377	-1.132962e+03
3378	-1.124897e+03
3379	-1.134076e+03
3380	-1.145125e+03
3381	-1.132964e+03
3382	-1.112078e+03
3383	-1.135790e+03
3384	-1.124851e+03
3385	-1.113891e+03
3386	-1.118331e+03
3387	-1.132465e+03
3388	-1.134038e+03
3389	-1.126929e+03
3390	-1.123807e+03
3391	-1.116894e+03
3392	-1.112818e+03
3393	-1.123221e+03
3394	-1.140608e+03
3395	-1.133579e+03
3396	-1.119836e+03
3397	-1.121644e+03
3398	-1.133015e+03
3399	-1.115686e+03
3400	-1.147939e+03
3401	-1.115562e+03
3402	-1.125970e+03
3403	-1.133158e+03
3404	-1.128024e+03
3405	-1.114497e+03
3406	-1.143647e+03
3407	-1.147989e+03
3408	-1.148085e+03
3409	-1.111153e+03
3410	-1.116772e+03
3411	-1.132138e+03
3412	-1.110846e+03
3413	-1.124995e+03
3414	-1.138767e+03
3415	-1.128790e+03
3416	-1.129047e+03
3417	-1.125147e+03
3418	-1.123636e+03
3419	-1.121997e+03
3420	-1.132819e+03
3421	-1.118999e+03
3422	-1.128749e+03
3423	-1.127842e+03
3424	-1.117616e+03
3425	-1.129570e+03
3426	-1.123252e+03
3427	-1.132783e+03
3428	-1.129005e+03
3429	-1.126994e+03
3430	-1.112586e+03
3431	-1.133414e+03
3432	-1.134520e+03
3433	-1.160269e+03
3434	-1.139459e+03
3435	-1.146956e+03
3436	-1.138176e+03
3437	-1.113017e+03
3438	-1.117152e+03
3439	-1.130586e+03
3440	-1.137515e+03
3441	-1.137869e+03
3442	-1.130838e+03
3443	-1.119002e+03
3444	-1.139815e+03
3445	-1.116016e+03
3446	-1.146114e+03
3447	-1.127689e+03
3448	-1.159842e+03
3449	-1.114292e+03
3450	-1.125016e+03
3451	-1.122459e+03
3452	-1.130053e+03
3453	-1.132989e+03
3454	-1.146723e+03
3455	-1.132212e+03
3456	-1.129409e+03
3457	-1.121740e+03
3458	-1.132926e+03
3459	-1.117109e+03
3460	-1.123406e+03
3461	-1.116969e+03
3462	-1.121690e+03
3463	-1.132863e+03
3464	-1.120411e+03
3465	-1.103964e+03
3466	-1.115660e+03
3467	-1.134556e+03
3468	-1.127458e+03
3469	-1.148288e+03
3470	-1.105048e+03
3471	-1.122349e+03
3472	-1.107997e+03
3473	-1.125564e+03
3474	-1.127824e+03
3475	-1.124457e+03
3476	-1.136631e+03
3477	-1.128840e+03
3478	-1.111905e+03
3479	-1.132763e+03
3480	-1.121815e+03
3481	-1.133828e+03
3482	-1.124159e+03
3483	-1.140117e+03
3484	-1.137124e+03
3485	-1.127169e+03
3486	-1.121604e+03
3487	-1.150748e+03
3488	-1.126474e+03
3489	-1.136664e+03
3490	-1.137940e+03
3491	-1.119336e+03
3492	-1.148522e+03
3493	-1.108602e+03
3494	-1.126371e+03
3495	-1.130062e+03
3496	-1.124002e+03
3497	-1.112552e+03
3498	-1.108157e+03
3499	-1.127685e+03
3500	-1.133456e+03
3501	-1.130577e+03
3502	-1.101566e+03
3503	-1.127146e+03
3504	-1.124733e+03
3505	-1.117047e+03
3506	-1.125054e+03
3507	-1.105336e+03
3508	-1.140358e+03
3509	-1.126041e+03
3510	-1.128619e+03
3511	-1.117102e+03
3512	-1.145537e+03
3513	-1.134975e+03
3514	-1.126969e+03
3515	-1.141084e+03
3516	-1.130149e+03
3517	-1.127548e+03
3518	-1.144287e+03
3519	-1.129631e+03
3520	-1.142121e+03
3521	-1.131169e+03
3522	-1.136323e+03
3523	-1.117031e+03
3524	-1.145087e+03
3525	-1.128982e+03
3526	-1.104797e+03
3527	-1.108868e+03
3528	-1.136958e+03
3529	-1.106320e+03
3530	-1.146984e+03
3531	-1.132103e+03
3532	-1.141401e+03
3533	-1.142444e+03
3534	-1.125942e+03
3535	-1.118352e+03
3536	-1.129736e+03
3537	-1.108529e+03
3538	-1.123750e+03
3539	-1.127165e+03
3540	-1.111367e+03
3541	-1.135827e+03
3542	-1.136503e+03
3543	-1.123076e+03
3544	-1.129718e+03
3545	-1.128634e+03
3546	-1.117547e+03
3547	-1.122540e+03
3548	-1.108054e+03
3549	-1.137935e+03
3550	-1.122819e+03
3551	-1.122568e+03
3552	-1.138323e+03
3553	-1.130571e+03
3554	-1.110033e+03
3555	-1.115589e+03
3556	-1.124208e+03
3557	-1.122611e+03
3558	-1.122233e+03
3559	-1.134267e+03
3560	-1.126598e+03
3561	-1.143720e+03
3562	-1.118924e+03
3563	-1.113552e+03
3564	-1.138365e+03
3565	-1.120779e+03
3566	-1.119467e+03
3567	-1.146034e+03
3568	-1.115497e+03
3569	-1.134780e+03
3570	-1.120247e+03
3571	-1.113574e+03
3572	-1.125695e+03
3573	-1.148415e+03
3574	-1.137638e+03
3575	-1.124918e+03
3576	-1.121540e+03
3577	-1.142408e+03
3578	-1.149656e+03
3579	-1.136606e+03
3580	-1.129301e+03
3581	-1.125337e+03
3582	-1.116608e+03
3583	-1.102541e+03
3584	-1.129348e+03
3585	-1.126529e+03
3586	-1.120208e+03
3587	-1.128505e+03
3588	-1.102581e+03
3589	-1.131901e+03
3590	-1.123305e+03
3591	-1.134552e+03
3592	-1.143050e+03
3593	-1.114548e+03
3594	-1.139672e+03
3595	-1.122893e+03
3596	-1.118061e+03
3597	-1.121903e+03
3598	-1.147997e+03
3599	-1.138923e+03
3600	-1.112772e+03
3601	-1.128631e+03
3602	-1.125890e+03
3603	-1.137280e+03
3604	-1.130113e+03
3605	-1.131027e+03
3606	-1.143891e+03
3607	-1.122726e+03
3608	-1.128445e+03
3609	-1.137842e+03
3610	-1.155497e+03
3611	-1.134899e+03
3612	-1.123868e+03
3613	-1.113518e+03
3614	-1.131070e+03
3615	-1.118906e+03
3616	-1.136303e+03
3617	-1.129910e+03
3618	-1.133795e+03
3619	-1.153132e+03
3620	-1.122739e+03
3621	-1.132106e+03
3622	-1.131322e+03
3623	-1.126847e+03
3624	-1.113309e+03
3625	-1.118852e+03
3626	-1.137386e+03
3627	-1.121441e+03
3628	-1.109634e+03
3629	-1.116377e+03
3630	-1.119432e+03
3631	-1.120352e+03
3632	-1.144343e+03
3633	-1.140106e+03
3634	-1.134928e+03
3635	-1.140276e+03
3636	-1.138443e+03
3637	-1.137634e+03
3638	-1.126345e+03
3639	-1.121783e+03
3640	-1.115687e+03
3641	-1.142782e+03
3642	-1.131293e+03
3643	-1.115063e+03
3644	-1.125717e+03
3645	-1.131577e+03
3646	-1.133304e+03
3647	-1.119787e+03
3648	-1.136883e+03
3649	-1.151990e+03
3650	-1.135847e+03
3651	-1.131106e+03
3652	-1.142617e+03
3653	-1.146965e+03
3654	-1.136943e+03
3655	-1.134284e+03
3656	-1.149228e+03
3657	-1.117023e+03
3658	-1.133537e+03
3659	-1.113417e+03
3660	-1.112607e+03
3661	-1.130234e+03
3662	-1.111517e+03
3663	-1.154669e+03
3664	-1.137564e+03
3665	-1.150055e+03
3666	-1.133967e+03
3667	-1.120034e+03
3668	-1.139190e+03
3669	-1.124291e+03
3670	-1.121409e+03
3671	-1.113805e+03
3672	-1.127943e+03
3673	-1.132208e+03
3674	-1.121525e+03
3675	-1.118618e+03
3676	-1.117277e+03
3677	-1.127659e+03
3678	-1.127403e+03
3679	-1.112206e+03
3680	-1.138556e+03
3681	-1.125246e+03
3682	-1.125395e+03
3683	-1.127425e+03
3684	-1.125452e+03
3685	-1.130743e+03
3686	-1.130839e+03
3687	-1.145835e+03
3688	-1.115120e+03
3689	-1.117648e+03
3690	-1.124656e+03
3691	-1.127973e+03
3692	-1.131207e+03
3693	-1.130964e+03
3694	-1.150472e+03
3695	-1.117337e+03
3696	-1.140357e+03
3697	-1.134404e+03
3698	-1.140577e+03
3699	-1.126885e+03
3700	-1.135556e+03
3701	-1.126577e+03
3702	-1.138462e+03
3703	-1.118710e+03
3704	-1.121151e+03
3705	-1.129728e+03
3706	-1.120498e+03
3707	-1.120145e+03
3708	-1.135851e+03
3709	-1.129988e+03
3710	-1.138899e+03
3711	-1.138288e+03
3712	-1.126316e+03
3713	-1.113692e+03
3714	-1.127975e+03
3715	-1.137073e+03
3716	-1.137357e+03
3717	-1.125600e+03
3718	-1.136592e+03
3719	-1.125019e+03
3720	-1.121878e+03
3721	-1.150394e+03
3722	-1.127758e+03
3723	-1.118519e+03
3724	-1.131688e+03
3725	-1.134895e+03
3726	-1.126222e+03
3727	-1.144034e+03
3728	-1.118785e+03
3729	-1.122517e+03
3730	-1.144307e+03
3731	-1.142653e+03
3732	-1.133388e+03
3733	-1.145602e+03
3734	-1.120257e+03
3735	-1.153210e+03
3736	-1.144487e+03
3737	-1.139931e+03
3738	-1.113850e+03
3739	-1.134036e+03
3740	-1.119602e+03
3741	-1.131781e+03
3742	-1.137426e+03
3743	-1.124165e+03
3744	-1.138029e+03
3745	-1.115534e+03
3746	-1.139079e+03
3747	-1.132875e+03
3748	-1.129148e+03
3749	-1.125716e+03
3750	-1.140487e+03
3751	-1.131325e+03
3752	-1.144435e+03
3753	-1.123641e+03
3754	-1.133121e+03
3755	-1.109586e+03
3756	-1.134438e+03
3757	-1.117973e+03
3758	-1.127704e+03
3759	-1.141244e+03
3760	-1.133320e+03
3761	-1.144406e+03
3762	-1.114934e+03
3763	-1.133545e+03
3764	-1.129254e+03
3765	-1.118166e+03
3766	-1.131309e+03
3767	-1.121790e+03
3768	-1.117438e+03
3769	-1.135538e+03
3770	-1.131457e+03
3771	-1.121925e+03
3772	-1.123720e+03
3773	-1.128676e+03
3774	-1.128494e+03
3775	-1.137559e+03
3776	-1.128561e+03
3777	-1.121259e+03
3778	-1.139455e+03
3779	-1.134006e+03
3780	-1.124445e+03
3781	-1.129009e+03
3782	-1.118267e+03
3783	-1.124787e+03
3784	-1.110368e+03
3785	-1.123411e+03
3786	-1.135943e+03
3787	-1.121866e+03
3788	-1.143299e+03
3789	-1.118822e+03
3790	-1.120082e+03
3791	-1.145899e+03
3792	-1.111979e+03
3793	-1.138830e+03
3794	-1.100074e+03
3795	-1.121207e+03
3796	-1.117720e+03
3797	-1.122908e+03
3798	-1.121609e+03
3799	-1.137614e+03
3800	-1.120465e+03
3801	-1.125452e+03
3802	-1.124104e+03
3803	-1.114884e+03
3804	-1.122326e+03
3805	-1.130924e+03
3806	-1.116390e+03
3807	-1.113959e+03
3808	-1.129439e+03
3809	-1.121129e+03
3810	-1.155138e+03
3811	-1.127783e+03
3812	-1.127183e+03
3813	-1.134223e+03
3814	-1.121244e+03
3815	-1.123272e+03
3816	-1.143901e+03
3817	-1.129648e+03
3818	-1.118961e+03
3819	-1.140591e+03
3820	-1.115309e+03
3821	-1.117852e+03
3822	-1.134871e+03
3823	-1.118108e+03
3824	-1.119246e+03
3825	-1.108676e+03
3826	-1.130716e+03
3827	-1.138357e+03
3828	-1.118010e+03
3829	-1.125018e+03
3830	-1.145108e+03
3831	-1.110721e+03
3832	-1.145682e+03
3833	-1.123164e+03
3834	-1.097715e+03
3835	-1.120670e+03
3836	-1.119289e+03
3837	-1.135456e+03
3838	-1.123378e+03
3839	-1.149613e+03
3840	-1.118075e+03
3841	-1.130469e+03
3842	-1.121318e+03
3843	-1.115456e+03
3844	-1.133620e+03
3845	-1.129200e+03
3846	-1.108560e+03
3847	-1.130924e+03
3848	-1.102998e+03
3849	-1.134106e+03
3850	-1.136512e+03
3851	-1.113006e+03
3852	-1.116753e+03
3853	-1.144614e+03
3854	-1.123746e+03
3855	-1.109958e+03
3856	-1.127027e+03
3857	-1.125442e+03
3858	-1.119424e+03
3859	-1.119950e+03
3860	-1.122095e+03
3861	-1.138032e+03
3862	-1.126107e+03
3863	-1.136231e+03
3864	-1.153807e+03
3865	-1.135603e+03
3866	-1.154443e+03
3867	-1.146180e+03
3868	-1.160089e+03
3869	-1.108813e+03
3870	-1.128108e+03
3871	-1.123922e+03
3872	-1.131791e+03
3873	-1.116672e+03
3874	-1.134914e+03
3875	-1.131014e+03
3876	-1.128947e+03
3877	-1.123585e+03
3878	-1.110691e+03
3879	-1.131926e+03
3880	-1.140711e+03
3881	-1.132422e+03
3882	-1.113182e+03
3883	-1.143148e+03
3884	-1.113790e+03
3885	-1.121424e+03
3886	-1.116734e+03
3887	-1.112482e+03
3888	-1.142659e+03
3889	-1.117063e+03
3890	-1.134624e+03
3891	-1.140488e+03
3892	-1.112639e+03
3893	-1.112258e+03
3894	-1.131922e+03
3895	-1.118884e+03
3896	-1.127275e+03
3897	-1.128912e+03
3898	-1.123953e+03
3899	-1.107290e+03
3900	-1.124652e+03
3901	-1.127095e+03
3902	-1.132476e+03
3903	-1.120022e+03
3904	-1.142700e+03
3905	-1.135036e+03
3906	-1.141563e+03
3907	-1.143475e+03
3908	-1.144624e+03
3909	-1.112952e+03
3910	-1.122488e+03
3911	-1.116751e+03
3912	-1.141469e+03
3913	-1.150642e+03
3914	-1.120029e+03
3915	-1.120812e+03
3916	-1.122921e+03
3917	-1.116716e+03
3918	-1.129292e+03
3919	-1.115625e+03
3920	-1.135437e+03
3921	-1.145774e+03
3922	-1.117703e+03
3923	-1.115287e+03
3924	-1.148091e+03
3925	-1.112527e+03
3926	-1.120845e+03
3927	-1.127777e+03
3928	-1.111949e+03
3929	-1.113881e+03
3930	-1.131884e+03
3931	-1.119164e+03
3932	-1.119398e+03
3933	-1.139012e+03
3934	-1.146969e+03
3935	-1.117382e+03
3936	-1.122494e+03
3937	-1.127500e+03
3938	-1.128588e+03
3939	-1.143365e+03
3940	-1.132422e+03
3941	-1.127943e+03
3942	-1.142530e+03
3943	-1.133657e+03
3944	-1.131736e+03
3945	-1.114065e+03
3946	-1.126210e+03
3947	-1.134846e+03
3948	-1.140927e+03
3949	-1.135932e+03
3950	-1.125933e+03
3951	-1.136175e+03
3952	-1.128887e+03
3953	-1.100006e+03
3954	-1.134296e+03
3955	-1.138617e+03
3956	-1.139555e+03
3957	-1.146667e+03
3958	-1.136939e+03
3959	-1.155055e+03
3960	-1.122872e+03
3961	-1.137172e+03
3962	-1.126702e+03
3963	-1.148472e+03
3964	-1.124761e+03
3965	-1.133698e+03
3966	-1.112564e+03
3967	-1.124438e+03
3968	-1.150400e+03
3969	-1.117255e+03
3970	-1.122785e+03
3971	-1.130877e+03
3972	-1.111987e+03
3973	-1.131717e+03
3974	-1.134809e+03
3975	-1.139437e+03
3976	-1.126209e+03
3977	-1.131369e+03
3978	-1.119501e+03
3979	-1.143997e+03
3980	-1.140310e+03
3981	-1.130251e+03
3982	-1.128277e+03
3983	-1.150673e+03
3984	-1.130611e+03
3985	-1.129799e+03
3986	-1.129042e+03
3987	-1.113186e+03
3988	-1.131075e+03
3989	-1.132983e+03
3990	-1.127706e+03
3991	-1.143112e+03
3992	-1.132194e+03
3993	-1.141065e+03
3994	-1.109618e+03
3995	-1.114073e+03
3996	-1.122579e+03
3997	-1.132712e+03
3998	-1.139875e+03
3999	-1.142091e+03
4000	-1.137238e+03
4001	-1.131228e+03
4002	-1.116736e+03
4003	-1.126871e+03
4004	-1.139246e+03
4005	-1.119438e+03
4006	-1.129715e+03
4007	-1.146142e+03
4008	-1.122664e+03
4009	-1.129651e+03
4010	-1.123106e+03
4011	-1.133116e+03
4012	-1.138158e+03
4013	-1.130981e+03
4014	-1.144912e+03
4015	-1.126934e+03
4016	-1.112248e+03
4017	-1.136031e+03
4018	-1.139784e+03
4019	-1.119396e+03
4020	-1.123872e+03
4021	-1.112082e+03
4022	-1.137522e+03
4023	-1.124099e+03
4024	-1.146671e+03
4025	-1.133600e+03
4026	-1.140463e+03
4027	-1.154839e+03
4028	-1.138821e+03
4029	-1.129826e+03
4030	-1.117748e+03
4031	-1.121956e+03
4032	-1.120292e+03
4033	-1.135934e+03
4034	-1.119945e+03
4035	-1.121594e+03
4036	-1.130712e+03
4037	-1.134531e+03
4038	-1.128178e+03
4039	-1.125429e+03
4040	-1.143516e+03
4041	-1.125781e+03
4042	-1.137904e+03
4043	-1.131502e+03
4044	-1.097464e+03
4045	-1.125522e+03
4046	-1.129451e+03
4047	-1.118353e+03
4048	-1.144298e+03
4049	-1.119351e+03
4050	-1.129557e+03
4051	-1.144023e+03
4052	-1.122819e+03
4053	-1.135700e+03
4054	-1.114062e+03
4055	-1.132424e+03
4056	-1.121686e+03
4057	-1.134843e+03
4058	-1.149009e+03
4059	-1.140247e+03
4060	-1.154689e+03
4061	-1.124994e+03
4062	-1.129371e+03
4063	-1.133074e+03
4064	-1.136507e+03
4065	-1.133852e+03
4066	-1.141958e+03
4067	-1.120322e+03
4068	-1.119970e+03
4069	-1.138684e+03
4070	-1.128881e+03
4071	-1.105537e+03
4072	-1.115521e+03
4073	-1.136059e+03
4074	-1.137662e+03
4075	-1.116339e+03
4076	-1.129739e+03
4077	-1.143516e+03
4078	-1.129141e+03
4079	-1.134335e+03
4080	-1.146355e+03
4081	-1.123809e+03
4082	-1.115523e+03
4083	-1.127963e+03
4084	-1.125520e+03
4085	-1.113503e+03
4086	-1.119564e+03
4087	-1.126586e+03
4088	-1.150303e+03
4089	-1.134236e+03
4090	-1.143653e+03
4091	-1.108280e+03
4092	-1.144627e+03
4093	-1.126821e+03
4094	-1.108524e+03
4095	-1.124389e+03
4096	-1.131551e+03
4097	-1.141086e+03
4098	-1.110598e+03
4099	-1.134775e+03
4100	-1.129267e+03
4101	-1.121911e+03
4102	-1.133542e+03
4103	-1.123942e+03
4104	-1.142721e+03
4105	-1.128668e+03
4106	-1.118097e+03
4107	-1.113685e+03
4108	-1.139965e+03
4109	-1.103095e+03
4110	-1.120149e+03
4111	-1.145156e+03
4112	-1.129050e+03
4113	-1.115648e+03
4114	-1.139112e+03
4115	-1.124470e+03
4116	-1.097344e+03
4117	-1.129951e+03
4118	-1.134893e+03
4119	-1.124741e+03
4120	-1.125150e+03
4121	-1.125095e+03
4122	-1.108262e+03
4123	-1.115527e+03
4124	-1.116995e+03
4125	-1.111741e+03
4126	-1.120629e+03
4127	-1.126443e+03
4128	-1.129267e+03
4129	-1.128987e+03
4130	-1.128103e+03
4131	-1.127043e+03
4132	-1.116196e+03
4133	-1.115318e+03
4134	-1.126661e+03
4135	-1.121233e+03
4136	-1.125659e+03
4137	-1.123440e+03
4138	-1.127458e+03
4139	-1.135037e+03
4140	-1.110609e+03
4141	-1.145773e+03
4142	-1.138664e+03
4143	-1.123510e+03
4144	-1.142083e+03
4145	-1.124301e+03
4146	-1.139001e+03
4147	-1.122656e+03
4148	-1.120260e+03
4149	-1.134497e+03
4150	-1.106844e+03
4151	-1.136234e+03
4152	-1.138195e+03
4153	-1.100743e+03
4154	-1.140508e+03
4155	-1.132840e+03
4156	-1.105664e+03
4157	-1.129795e+03
4158	-1.114162e+03
4159	-1.127606e+03
4160	-1.148145e+03
4161	-1.126246e+03
4162	-1.127783e+03
4163	-1.135845e+03
4164	-1.112393e+03
4165	-1.143408e+03
4166	-1.112264e+03
4167	-1.140198e+03
4168	-1.127731e+03
4169	-1.118771e+03
4170	-1.143668e+03
4171	-1.124944e+03
4172	-1.119100e+03
4173	-1.134610e+03
4174	-1.151543e+03
4175	-1.120958e+03
4176	-1.119134e+03
4177	-1.124922e+03
4178	-1.131331e+03
4179	-1.112217e+03
4180	-1.124621e+03
4181	-1.109531e+03
4182	-1.138903e+03
4183	-1.136342e+03
4184	-1.123647e+03
4185	-1.145752e+03
4186	-1.099918e+03
4187	-1.119360e+03
4188	-1.145607e+03
4189	-1.138411e+03
4190	-1.142867e+03
4191	-1.125975e+03
4192	-1.123528e+03
4193	-1.094651e+03
4194	-1.123104e+03
4195	-1.128501e+03
4196	-1.134386e+03
4197	-1.128794e+03
4198	-1.154165e+03
4199	-1.117816e+03
4200	-1.128273e+03
4201	-1.123664e+03
4202	-1.129475e+03
4203	-1.136708e+03
4204	-1.129521e+03
4205	-1.145878e+03
4206	-1.133088e+03
4207	-1.143147e+03
4208	-1.141652e+03
4209	-1.139939e+03
4210	-1.119370e+03
4211	-1.122936e+03
4212	-1.138203e+03
4213	-1.102242e+03
4214	-1.127156e+03
4215	-1.105173e+03
4216	-1.125993e+03
4217	-1.125760e+03
4218	-1.143489e+03
4219	-1.112876e+03
4220	-1.119623e+03
4221	-1.152504e+03
4222	-1.136068e+03
4223	-1.123899e+03
4224	-1.133489e+03
4225	-1.125546e+03
4226	-1.140961e+03
4227	-1.135231e+03
4228	-1.124796e+03
4229	-1.119043e+03
4230	-1.147461e+03
4231	-1.135252e+03
4232	-1.141274e+03
4233	-1.116513e+03
4234	-1.125879e+03
4235	-1.122865e+03
4236	-1.138563e+03
4237	-1.159663e+03
4238	-1.109041e+03
4239	-1.138943e+03
4240	-1.132054e+03
4241	-1.111321e+03
4242	-1.119247e+03
4243	-1.114269e+03
4244	-1.147508e+03
4245	-1.123720e+03
4246	-1.143931e+03
4247	-1.135370e+03
4248	-1.140186e+03
4249	-1.136553e+03
4250	-1.144270e+03
4251	-1.156678e+03
4252	-1.122980e+03
4253	-1.124162e+03
4254	-1.132830e+03
4255	-1.135314e+03
4256	-1.117131e+03
4257	-1.126067e+03
4258	-1.133338e+03
4259	-1.149454e+03
4260	-1.136446e+03
4261	-1.127869e+03
4262	-1.114332e+03
4263	-1.119603e+03
4264	-1.111159e+03
4265	-1.128014e+03
4266	-1.114578e+03
4267	-1.125469e+03
4268	-1.118035e+03
4269	-1.132374e+03
4270	-1.129522e+03
4271	-1.122500e+03
4272	-1.115226e+03
4273	-1.139944e+03
4274	-1.124377e+03
4275	-1.129506e+03
4276	-1.137034e+03
4277	-1.116623e+03
4278	-1.134621e+03
4279	-1.117119e+03
4280	-1.132586e+03
4281	-1.112371e+03
4282	-1.122790e+03
4283	-1.138577e+03
4284	-1.139353e+03
4285	-1.121139e+03
4286	-1.141644e+03
4287	-1.126483e+03
4288	-1.131964e+03
4289	-1.137091e+03
4290	-1.106139e+03
4291	-1.132660e+03
4292	-1.150135e+03
4293	-1.134045e+03
4294	-1.143409e+03
4295	-1.130060e+03
4296	-1.141641e+03
4297	-1.114069e+03
4298	-1.134276e+03
4299	-1.139966e+03
4300	-1.112776e+03
4301	-1.129057e+03
4302	-1.130407e+03
4303	-1.098692e+03
4304	-1.115984e+03
4305	-1.132336e+03
4306	-1.137476e+03
4307	-1.132702e+03
4308	-1.132436e+03
4309	-1.123645e+03
4310	-1.131678e+03
4311	-1.120675e+03
4312	-1.137816e+03
4313	-1.144574e+03
4314	-1.157859e+03
4315	-1.139413e+03
4316	-1.122284e+03
4317	-1.132806e+03
4318	-1.135483e+03
4319	-1.116976e+03
4320	-1.119185e+03
4321	-1.128268e+03
4322	-1.130892e+03
4323	-1.133414e+03
4324	-1.133816e+03
4325	-1.129069e+03
4326	-1.110979e+03
4327	-1.117185e+03
4328	-1.112070e+03
4329	-1.137429e+03
4330	-1.127373e+03
4331	-1.116700e+03
4332	-1.134670e+03
4333	-1.133385e+03
4334	-1.110199e+03
4335	-1.128565e+03
4336	-1.123218e+03
4337	-1.133264e+03
4338	-1.105453e+03
4339	-1.142541e+03
4340	-1.121156e+03
4341	-1.123742e+03
4342	-1.116530e+03
4343	-1.130102e+03
4344	-1.140238e+03
4345	-1.122987e+03
4346	-1.146185e+03
4347	-1.122667e+03
4348	-1.128602e+03
4349	-1.117378e+03
4350	-1.128854e+03
4351	-1.134579e+03
4352	-1.142738e+03
4353	-1.125408e+03
4354	-1.101165e+03
4355	-1.138403e+03
4356	-1.127124e+03
4357	-1.106318e+03
4358	-1.129681e+03
4359	-1.137771e+03
4360	-1.105968e+03
4361	-1.141343e+03
4362	-1.133482e+03
4363	-1.119691e+03
4364	-1.124539e+03
4365	-1.151468e+03
4366	-1.111972e+03
4367	-1.122374e+03
4368	-1.122321e+03
4369	-1.123695e+03
4370	-1.128431e+03
4371	-1.136916e+03
4372	-1.122807e+03
4373	-1.133256e+03
4374	-1.122749e+03
4375	-1.126628e+03
4376	-1.135958e+03
4377	-1.110943e+03
4378	-1.129198e+03
4379	-1.122878e+03
4380	-1.128132e+03
4381	-1.144673e+03
4382	-1.128461e+03
4383	-1.122633e+03
4384	-1.117603e+03
4385	-1.156042e+03
4386	-1.112157e+03
4387	-1.129891e+03
4388	-1.152015e+03
4389	-1.136099e+03
4390	-1.126908e+03
4391	-1.134564e+03
4392	-1.118096e+03
4393	-1.121190e+03
4394	-1.099934e+03
4395	-1.121809e+03
4396	-1.139034e+03
4397	-1.119730e+03
4398	-1.138434e+03
4399	-1.130336e+03
4400	-1.124373e+03
4401	-1.119998e+03
4402	-1.118664e+03
4403	-1.134637e+03
4404	-1.121884e+03
4405	-1.127858e+03
4406	-1.124598e+03
4407	-1.123216e+03
4408	-1.113224e+03
4409	-1.140988e+03
4410	-1.117345e+03
4411	-1.125443e+03
4412	-1.126512e+03
4413	-1.131820e+03
4414	-1.122023e+03
4415	-1.127606e+03
4416	-1.120065e+03
4417	-1.115367e+03
4418	-1.130191e+03
4419	-1.118702e+03
4420	-1.133230e+03
4421	-1.119423e+03
4422	-1.141813e+03
4423	-1.140322e+03
4424	-1.128202e+03
4425	-1.113210e+03
4426	-1.131377e+03
4427	-1.109175e+03
4428	-1.129061e+03
4429	-1.130963e+03
4430	-1.123392e+03
4431	-1.145121e+03
4432	-1.123007e+03
4433	-1.121802e+03
4434	-1.121970e+03
4435	-1.132246e+03
4436	-1.130397e+03
4437	-1.127631e+03
4438	-1.115692e+03
4439	-1.115736e+03
4440	-1.128314e+03
4441	-1.088643e+03
4442	-1.121581e+03
4443	-1.136031e+03
4444	-1.123151e+03
4445	-1.120002e+03
4446	-1.124552e+03
4447	-1.143463e+03
4448	-1.115063e+03
4449	-1.147598e+03
4450	-1.131406e+03
4451	-1.130124e+03
4452	-1.119704e+03
4453	-1.117373e+03
4454	-1.126212e+03
4455	-1.119276e+03
4456	-1.145575e+03
4457	-1.115252e+03
4458	-1.140669e+03
4459	-1.124581e+03
4460	-1.137229e+03
4461	-1.136048e+03
4462	-1.118362e+03
4463	-1.127516e+03
4464	-1.120988e+03
4465	-1.115613e+03
4466	-1.131614e+03
4467	-1.119720e+03
4468	-1.111431e+03
4469	-1.124507e+03
4470	-1.114461e+03
4471	-1.121013e+03
4472	-1.132612e+03
4473	-1.132315e+03
4474	-1.138910e+03
4475	-1.140984e+03
4476	-1.122532e+03
4477	-1.138632e+03
4478	-1.127348e+03
4479	-1.116971e+03
4480	-1.126241e+03
4481	-1.120650e+03
4482	-1.139630e+03
4483	-1.119557e+03
4484	-1.124476e+03
4485	-1.120613e+03
4486	-1.123707e+03
4487	-1.133213e+03
4488	-1.128678e+03
4489	-1.138140e+03
4490	-1.139431e+03
4491	-1.160104e+03
4492	-1.115639e+03
4493	-1.132349e+03
4494	-1.138676e+03
4495	-1.121700e+03
4496	-1.138111e+03
4497	-1.114851e+03
4498	-1.125201e+03
4499	-1.162547e+03
4500	-1.119244e+03
4501	-1.117569e+03
4502	-1.135353e+03
4503	-1.131374e+03
4504	-1.117949e+03
4505	-1.100902e+03
4506	-1.143133e+03
4507	-1.127776e+03
4508	-1.113083e+03
4509	-1.129342e+03
4510	-1.112640e+03
4511	-1.129530e+03
4512	-1.119439e+03
4513	-1.117330e+03
4514	-1.144070e+03
4515	-1.116989e+03
4516	-1.131988e+03
4517	-1.144937e+03
4518	-1.136314e+03
4519	-1.128137e+03
4520	-1.132634e+03
4521	-1.109647e+03
4522	-1.136515e+03
4523	-1.125135e+03
4524	-1.139533e+03
4525	-1.144433e+03
4526	-1.121435e+03
4527	-1.140366e+03
4528	-1.110556e+03
4529	-1.116718e+03
4530	-1.141889e+03
4531	-1.126634e+03
4532	-1.123729e+03
4533	-1.136729e+03
4534	-1.134057e+03
4535	-1.106816e+03
4536	-1.137055e+03
4537	-1.128862e+03
4538	-1.132700e+03
4539	-1.137939e+03
4540	-1.148886e+03
4541	-1.119977e+03
4542	-1.124440e+03
4543	-1.113311e+03
4544	-1.132438e+03
4545	-1.125278e+03
4546	-1.124511e+03
4547	-1.138446e+03
4548	-1.133306e+03
4549	-1.111763e+03
4550	-1.140664e+03
4551	-1.121456e+03
4552	-1.129269e+03
4553	-1.128737e+03
4554	-1.124887e+03
4555	-1.119398e+03
4556	-1.141316e+03
4557	-1.134621e+03
4558	-1.142720e+03
4559	-1.131540e+03
4560	-1.118934e+03
4561	-1.133918e+03
4562	-1.116951e+03
4563	-1.109830e+03
4564	-1.133554e+03
4565	-1.115565e+03
4566	-1.123792e+03
4567	-1.135286e+03
4568	-1.143663e+03
4569	-1.139545e+03
4570	-1.152842e+03
4571	-1.130335e+03
4572	-1.125135e+03
4573	-1.118429e+03
4574	-1.136459e+03
4575	-1.110546e+03
4576	-1.114677e+03
4577	-1.140705e+03
4578	-1.144935e+03
4579	-1.141864e+03
4580	-1.105760e+03
4581	-1.123442e+03
4582	-1.130031e+03
4583	-1.115341e+03
4584	-1.122706e+03
4585	-1.125191e+03
4586	-1.110698e+03
4587	-1.125501e+03
4588	-1.122894e+03
4589	-1.132043e+03
4590	-1.128491e+03
4591	-1.117815e+03
4592	-1.121909e+03
4593	-1.151549e+03
4594	-1.122805e+03
4595	-1.140606e+03
4596	-1.134143e+03
4597	-1.133437e+03
4598	-1.132967e+03
4599	-1.131317e+03
4600	-1.114391e+03
4601	-1.140940e+03
4602	-1.127657e+03
4603	-1.137181e+03
4604	-1.135182e+03
4605	-1.139018e+03
4606	-1.141975e+03
4607	-1.120569e+03
4608	-1.130038e+03
4609	-1.120479e+03
4610	-1.140570e+03
4611	-1.126073e+03
4612	-1.125245e+03
4613	-1.129057e+03
4614	-1.127080e+03
4615	-1.155286e+03
4616	-1.141532e+03
4617	-1.140103e+03
4618	-1.114811e+03
4619	-1.137560e+03
4620	-1.127071e+03
4621	-1.118503e+03
4622	-1.138794e+03
4623	-1.120259e+03
4624	-1.140877e+03
4625	-1.142341e+03
4626	-1.135488e+03
4627	-1.124622e+03
4628	-1.108001e+03
4629	-1.137135e+03
4630	-1.125138e+03
4631	-1.132996e+03
4632	-1.116224e+03
4633	-1.129743e+03
4634	-1.136942e+03
4635	-1.115978e+03
4636	-1.133883e+03
4637	-1.114983e+03
4638	-1.120492e+03
4639	-1.118467e+03
4640	-1.127362e+03
4641	-1.123769e+03
4642	-1.124685e+03
4643	-1.132627e+03
4644	-1.129591e+03
4645	-1.127755e+03
4646	-1.112603e+03
4647	-1.143345e+03
4648	-1.138856e+03
4649	-1.125578e+03
4650	-1.142285e+03
4651	-1.121569e+03
4652	-1.129674e+03
4653	-1.123971e+03
4654	-1.120846e+03
4655	-1.138992e+03
4656	-1.133722e+03
4657	-1.110803e+03
4658	-1.138393e+03
4659	-1.116247e+03
4660	-1.126274e+03
4661	-1.124855e+03
4662	-1.129133e+03
4663	-1.126627e+03
4664	-1.115304e+03
4665	-1.135337e+03
4666	-1.107150e+03
4667	-1.128768e+03
4668	-1.137863e+03
4669	-1.140273e+03
4670	-1.130641e+03
4671	-1.115623e+03
4672	-1.156257e+03
4673	-1.129482e+03
4674	-1.153734e+03
4675	-1.128321e+03
4676	-1.113129e+03
4677	-1.117854e+03
4678	-1.129833e+03
4679	-1.129230e+03
4680	-1.131051e+03
4681	-1.128312e+03
4682	-1.120141e+03
4683	-1.123841e+03
4684	-1.112775e+03
4685	-1.129774e+03
4686	-1.120676e+03
4687	-1.120549e+03
4688	-1.133268e+03
4689	-1.108743e+03
4690	-1.154424e+03
4691	-1.133194e+03
4692	-1.121374e+03
4693	-1.125541e+03
4694	-1.135886e+03
4695	-1.117146e+03
4696	-1.116465e+03
4697	-1.132879e+03
4698	-1.128731e+03
4699	-1.124424e+03
4700	-1.114245e+03
4701	-1.121602e+03
4702	-1.129226e+03
4703	-1.122820e+03
4704	-1.134103e+03
4705	-1.125656e+03
4706	-1.127874e+03
4707	-1.138462e+03
4708	-1.114779e+03
4709	-1.133743e+03
4710	-1.139813e+03
4711	-1.123826e+03
4712	-1.116616e+03
4713	-1.124652e+03
4714	-1.118201e+03
4715	-1.126145e+03
4716	-1.127975e+03
4717	-1.123008e+03
4718	-1.107736e+03
4719	-1.135065e+03
4720	-1.148839e+03
4721	-1.119387e+03
4722	-1.119853e+03
4723	-1.121283e+03
4724	-1.131279e+03
4725	-1.109375e+03
4726	-1.135093e+03
4727	-1.135362e+03
4728	-1.123097e+03
4729	-1.124561e+03
4730	-1.116019e+03
4731	-1.122184e+03
4732	-1.111626e+03
4733	-1.107966e+03
4734	-1.143169e+03
4735	-1.138353e+03
4736	-1.125116e+03
4737	-1.126681e+03
4738	-1.118911e+03
4739	-1.118875e+03
4740	-1.123644e+03
4741	-1.149310e+03
4742	-1.119414e+03
4743	-1.137812e+03
4744	-1.126324e+03
4745	-1.131871e+03
4746	-1.126328e+03
4747	-1.127035e+03
4748	-1.142474e+03
4749	-1.140039e+03
4750	-1.140497e+03
4751	-1.110024e+03
4752	-1.140673e+03
4753	-1.127108e+03
4754	-1.125145e+03
4755	-1.133132e+03
4756	-1.130800e+03
4757	-1.128149e+03
4758	-1.126627e+03
4759	-1.107005e+03
4760	-1.118163e+03
4761	-1.127017e+03
4762	-1.124447e+03
4763	-1.110498e+03
4764	-1.128545e+03
4765	-1.126371e+03
4766	-1.110425e+03
4767	-1.142974e+03
4768	-1.123699e+03
4769	-1.107934e+03
4770	-1.139529e+03
4771	-1.137275e+03
4772	-1.142652e+03
4773	-1.142545e+03
4774	-1.122396e+03
4775	-1.128823e+03
4776	-1.144972e+03
4777	-1.124858e+03
4778	-1.150142e+03
4779	-1.128446e+03
4780	-1.142895e+03
4781	-1.123693e+03
4782	-1.122655e+03
4783	-1.147613e+03
4784	-1.124609e+03
4785	-1.123692e+03
4786	-1.149193e+03
4787	-1.142460e+03
4788	-1.138882e+03
4789	-1.147317e+03
4790	-1.102017e+03
4791	-1.130898e+03
4792	-1.138199e+03
4793	-1.144042e+03
4794	-1.118601e+03
4795	-1.107519e+03
4796	-1.121793e+03
4797	-1.125055e+03
4798	-1.141550e+03
4799	-1.118828e+03
4800	-1.133273e+03
4801	-1.120401e+03
4802	-1.127654e+03
4803	-1.154305e+03
4804	-1.124700e+03
4805	-1.132537e+03
4806	-1.133301e+03
4807	-1.135919e+03
4808	-1.110230e+03
4809	-1.117553e+03
4810	-1.140549e+03
4811	-1.132015e+03
4812	-1.096402e+03
4813	-1.126311e+03
4814	-1.108123e+03
4815	-1.137488e+03
4816	-1.148908e+03
4817	-1.110330e+03
4818	-1.137487e+03
4819	-1.121499e+03
4820	-1.124502e+03
4821	-1.131710e+03
4822	-1.130282e+03
4823	-1.136193e+03
4824	-1.123025e+03
4825	-1.133878e+03
4826	-1.112809e+03
4827	-1.116907e+03
4828	-1.111509e+03
4829	-1.142427e+03
4830	-1.126001e+03
4831	-1.125615e+03
4832	-1.122165e+03
4833	-1.130103e+03
4834	-1.141075e+03
4835	-1.128866e+03
4836	-1.140977e+03
4837	-1.128416e+03
4838	-1.128438e+03
4839	-1.121221e+03
4840	-1.127411e+03
4841	-1.122690e+03
4842	-1.123402e+03
4843	-1.129233e+03
4844	-1.138608e+03
4845	-1.108976e+03
4846	-1.122980e+03
4847	-1.110816e+03
4848	-1.132233e+03
4849	-1.133033e+03
4850	-1.133522e+03
4851	-1.130257e+03
4852	-1.107996e+03
4853	-1.128317e+03
4854	-1.116887e+03
4855	-1.121714e+03
4856	-1.141929e+03
4857	-1.112189e+03
4858	-1.117589e+03
4859	-1.131255e+03
4860	-1.111619e+03
4861	-1.114465e+03
4862	-1.128431e+03
4863	-1.112209e+03
4864	-1.136066e+03
4865	-1.116468e+03
4866	-1.123331e+03
4867	-1.111438e+03
4868	-1.117606e+03
4869	-1.134188e+03
4870	-1.119631e+03
4871	-1.123082e+03
4872	-1.138062e+03
4873	-1.117029e+03
4874	-1.128249e+03
4875	-1.114110e+03
4876	-1.139107e+03
4877	-1.124086e+03
4878	-1.130504e+03
4879	-1.118140e+03
4880	-1.126474e+03
4881	-1.125844e+03
4882	-1.125704e+03
4883	-1.135632e+03
4884	-1.130646e+03
4885	-1.146135e+03
4886	-1.143222e+03
4887	-1.136404e+03
4888	-1.100159e+03
4889	-1.132397e+03
4890	-1.136081e+03
4891	-1.123979e+03
4892	-1.123104e+03
4893	-1.128732e+03
4894	-1.125805e+03
4895	-1.132616e+03
4896	-1.137121e+03
4897	-1.111899e+03
4898	-1.139476e+03
4899	-1.152887e+03
4900	-1.121949e+03
4901	-1.145412e+03
4902	-1.135433e+03
4903	-1.106095e+03
4904	-1.128050e+03
4905	-1.125981e+03
4906	-1.128668e+03
4907	-1.136329e+03
4908	-1.134079e+03
4909	-1.125118e+03
4910	-1.108636e+03
4911	-1.116691e+03
4912	-1.143315e+03
4913	-1.109154e+03
4914	-1.126486e+03
4915	-1.129084e+03
4916	-1.120187e+03
4917	-1.147529e+03
4918	-1.112028e+03
4919	-1.126018e+03
4920	-1.122806e+03
4921	-1.139921e+03
4922	-1.131148e+03
4923	-1.121732e+03
4924	-1.116305e+03
4925	-1.125296e+03
4926	-1.131669e+03
4927	-1.129977e+03
4928	-1.121844e+03
4929	-1.138597e+03
4930	-1.144964e+03
4931	-1.142424e+03
4932	-1.099403e+03
4933	-1.137782e+03
4934	-1.131623e+03
4935	-1.123852e+03
4936	-1.119414e+03
4937	-1.129637e+03
4938	-1.139646e+03
4939	-1.111837e+03
4940	-1.136134e+03
4941	-1.126595e+03
4942	-1.120804e+03
4943	-1.134232e+03
4944	-1.117003e+03
4945	-1.142023e+03
4946	-1.121144e+03
4947	-1.130927e+03
4948	-1.128852e+03
4949	-1.118065e+03
4950	-1.125077e+03
4951	-1.129703e+03
4952	-1.109701e+03
4953	-1.128441e+03
4954	-1.128648e+03
4955	-1.129848e+03
4956	-1.110268e+03
4957	-1.119768e+03
4958	-1.116834e+03
4959	-1.120319e+03
4960	-1.126043e+03
4961	-1.133425e+03
4962	-1.139198e+03
4963	-1.109246e+03
4964	-1.103242e+03
4965	-1.138949e+03
4966	-1.117084e+03
4967	-1.098368e+03
4968	-1.122100e+03
4969	-1.114377e+03
4970	-1.138154e+03
4971	-1.116824e+03
4972	-1.121767e+03
4973	-1.125088e+03
4974	-1.133552e+03
4975	-1.118816e+03
4976	-1.133562e+03
4977	-1.140881e+03
4978	-1.111357e+03
4979	-1.103106e+03
4980	-1.139061e+03
4981	-1.105711e+03
4982	-1.126206e+03
4983	-1.105305e+03
4984	-1.136888e+03
4985	-1.104716e+03
4986	-1.142864e+03
4987	-1.123221e+03
4988	-1.131959e+03
4989	-1.120687e+03
4990	-1.137086e+03
4991	-1.127286e+03
4992	-1.135281e+03
4993	-1.140183e+03
4994	-1.132345e+03
4995	-1.127191e+03
4996	-1.115658e+03
4997	-1.117830e+03
4998	-1.100350e+03
4999	-1.122923e+03
5000	-1.122815e+03
5001	-1.121771e+03
5002	-1.128257e+03
5003	-1.143850e+03
5004	-1.133373e+03
5005	-1.112131e+03
5006	-1.122625e+03
5007	-1.136408e+03
5008	-1.137189e+03
5009	-1.129941e+03
5010	-1.116564e+03
5011	-1.135477e+03
5012	-1.125727e+03
5013	-1.141786e+03
5014	-1.139609e+03
5015	-1.130239e+03
5016	-1.144509e+03
5017	-1.142951e+03
5018	-1.116349e+03
5019	-1.126309e+03
5020	-1.141652e+03
5021	-1.134485e+03
5022	-1.123807e+03
5023	-1.124578e+03
5024	-1.125151e+03
5025	-1.134897e+03
5026	-1.122778e+03
5027	-1.114039e+03
5028	-1.132729e+03
5029	-1.131972e+03
5030	-1.120904e+03
5031	-1.134834e+03
5032	-1.131027e+03
5033	-1.139277e+03
5034	-1.145389e+03
5035	-1.122355e+03
5036	-1.135332e+03
5037	-1.138428e+03
5038	-1.110487e+03
5039	-1.117091e+03
5040	-1.123841e+03
5041	-1.130618e+03
5042	-1.113793e+03
5043	-1.117622e+03
5044	-1.135646e+03
5045	-1.136820e+03
5046	-1.121457e+03
5047	-1.128200e+03
5048	-1.126207e+03
5049	-1.128520e+03
5050	-1.126550e+03
5051	-1.143386e+03
5052	-1.094873e+03
5053	-1.135194e+03
5054	-1.123816e+03
5055	-1.122040e+03
5056	-1.130904e+03
5057	-1.141823e+03
5058	-1.143269e+03
5059	-1.112997e+03
5060	-1.151773e+03
5061	-1.139927e+03
5062	-1.116264e+03
5063	-1.135338e+03
5064	-1.121515e+03
5065	-1.114323e+03
5066	-1.132357e+03
5067	-1.134837e+03
5068	-1.122806e+03
5069	-1.132728e+03
5070	-1.110299e+03
5071	-1.127049e+03
5072	-1.144001e+03
5073	-1.119762e+03
5074	-1.137980e+03
5075	-1.130897e+03
5076	-1.115132e+03
5077	-1.124644e+03
5078	-1.133005e+03
5079	-1.123367e+03
5080	-1.130316e+03
5081	-1.152284e+03
5082	-1.140588e+03
5083	-1.124083e+03
5084	-1.111704e+03
5085	-1.151396e+03
5086	-1.128048e+03
5087	-1.123885e+03
5088	-1.116069e+03
5089	-1.119957e+03
5090	-1.129019e+03
5091	-1.135272e+03
5092	-1.122869e+03
5093	-1.135217e+03
5094	-1.123996e+03
5095	-1.134461e+03
5096	-1.117818e+03
5097	-1.120719e+03
5098	-1.118320e+03
5099	-1.120396e+03
5100	-1.115714e+03
5101	-1.122798e+03
5102	-1.122598e+03
5103	-1.119998e+03
5104	-1.117209e+03
5105	-1.133165e+03
5106	-1.109357e+03
5107	-1.132128e+03
5108	-1.119955e+03
5109	-1.112898e+03
5110	-1.133517e+03
5111	-1.143763e+03
5112	-1.119800e+03
5113	-1.122444e+03
5114	-1.120762e+03
5115	-1.127425e+03
5116	-1.130764e+03
5117	-1.103870e+03
5118	-1.114295e+03
5119	-1.126975e+03
5120	-1.112123e+03
5121	-1.102239e+03
5122	-1.115176e+03
5123	-1.146481e+03
5124	-1.121751e+03
5125	-1.130114e+03
5126	-1.140830e+03
5127	-1.118784e+03
5128	-1.123468e+03
5129	-1.124573e+03
5130	-1.117439e+03
5131	-1.129696e+03
5132	-1.123213e+03
5133	-1.128549e+03
5134	-1.124363e+03
5135	-1.121056e+03
5136	-1.127543e+03
5137	-1.127343e+03
5138	-1.121817e+03
5139	-1.130531e+03
5140	-1.127336e+03
5141	-1.140204e+03
5142	-1.120025e+03
5143	-1.132720e+03
5144	-1.122847e+03
5145	-1.152166e+03
5146	-1.118332e+03
5147	-1.122587e+03
5148	-1.112293e+03
5149	-1.126696e+03
5150	-1.139422e+03
5151	-1.109806e+03
5152	-1.127353e+03
5153	-1.124692e+03
5154	-1.143399e+03
5155	-1.128301e+03
5156	-1.098636e+03
5157	-1.129151e+03
5158	-1.119022e+03
5159	-1.136500e+03
5160	-1.107903e+03
5161	-1.110112e+03
5162	-1.131790e+03
5163	-1.133227e+03
5164	-1.133431e+03
5165	-1.115101e+03
5166	-1.146213e+03
5167	-1.112916e+03
5168	-1.127385e+03
5169	-1.133568e+03
5170	-1.144648e+03
5171	-1.150724e+03
5172	-1.142986e+03
5173	-1.124443e+03
5174	-1.124084e+03
5175	-1.123845e+03
5176	-1.138441e+03
5177	-1.117459e+03
5178	-1.140890e+03
5179	-1.113172e+03
5180	-1.109445e+03
5181	-1.134872e+03
5182	-1.126633e+03
5183	-1.131920e+03
5184	-1.118656e+03
5185	-1.133361e+03
5186	-1.135824e+03
5187	-1.153300e+03
5188	-1.114442e+03
5189	-1.137271e+03
5190	-1.136562e+03
5191	-1.113254e+03
5192	-1.126005e+03
5193	-1.133373e+03
5194	-1.128514e+03
5195	-1.139962e+03
5196	-1.124934e+03
5197	-1.131290e+03
5198	-1.118501e+03
5199	-1.107241e+03
5200	-1.127271e+03
5201	-1.125730e+03
5202	-1.148278e+03
5203	-1.120120e+03
5204	-1.137416e+03
5205	-1.131388e+03
5206	-1.120322e+03
5207	-1.130856e+03
5208	-1.137177e+03
5209	-1.124886e+03
5210	-1.112073e+03
5211	-1.127477e+03
5212	-1.132003e+03
5213	-1.120138e+03
5214	-1.118341e+03
5215	-1.153515e+03
5216	-1.139122e+03
5217	-1.142293e+03
5218	-1.128369e+03
5219	-1.127263e+03
5220	-1.121265e+03
5221	-1.129634e+03
5222	-1.112575e+03
5223	-1.138370e+03
5224	-1.125527e+03
5225	-1.107148e+03
5226	-1.118206e+03
5227	-1.140932e+03
5228	-1.128367e+03
5229	-1.132881e+03
5230	-1.135196e+03
5231	-1.130554e+03
5232	-1.133068e+03
5233	-1.130471e+03
5234	-1.117824e+03
5235	-1.140952e+03
5236	-1.122303e+03
5237	-1.110476e+03
5238	-1.142855e+03
5239	-1.135079e+03
5240	-1.139549e+03
5241	-1.115838e+03
5242	-1.147304e+03
5243	-1.150812e+03
5244	-1.125770e+03
5245	-1.117611e+03
5246	-1.130074e+03
5247	-1.142779e+03
5248	-1.151066e+03
5249	-1.116833e+03
5250	-1.114339e+03
5251	-1.144859e+03
5252	-1.129979e+03
5253	-1.125883e+03
5254	-1.154384e+03
5255	-1.137773e+03
5256	-1.123964e+03
5257	-1.120043e+03
5258	-1.122414e+03
5259	-1.129214e+03
5260	-1.120853e+03
5261	-1.118497e+03
5262	-1.119383e+03
5263	-1.123007e+03
5264	-1.117148e+03
5265	-1.121120e+03
5266	-1.092221e+03
5267	-1.131949e+03
5268	-1.124285e+03
5269	-1.133285e+03
5270	-1.138720e+03
5271	-1.144345e+03
5272	-1.126934e+03
5273	-1.129286e+03
5274	-1.121985e+03
5275	-1.126499e+03
5276	-1.131203e+03
5277	-1.132274e+03
5278	-1.111033e+03
5279	-1.151239e+03
5280	-1.119158e+03
5281	-1.108535e+03
5282	-1.145117e+03
5283	-1.123998e+03
5284	-1.130852e+03
5285	-1.114407e+03
5286	-1.145476e+03
5287	-1.119848e+03
5288	-1.118753e+03
5289	-1.130831e+03
5290	-1.145267e+03
5291	-1.130732e+03
5292	-1.136220e+03
5293	-1.123222e+03
5294	-1.131469e+03
5295	-1.113628e+03
5296	-1.126069e+03
5297	-1.135140e+03
5298	-1.140538e+03
5299	-1.131837e+03
5300	-1.140657e+03
5301	-1.102694e+03
5302	-1.130929e+03
5303	-1.121636e+03
5304	-1.123220e+03
5305	-1.124307e+03
5306	-1.138705e+03
5307	-1.136719e+03
5308	-1.139683e+03
5309	-1.113702e+03
5310	-1.130582e+03
5311	-1.128663e+03
5312	-1.134805e+03
5313	-1.120925e+03
5314	-1.123450e+03
5315	-1.102881e+03
5316	-1.126994e+03
5317	-1.127051e+03
5318	-1.123474e+03
5319	-1.134806e+03
5320	-1.122792e+03
5321	-1.125373e+03
5322	-1.149670e+03
5323	-1.125905e+03
5324	-1.126481e+03
5325	-1.131826e+03
5326	-1.136358e+03
5327	-1.132056e+03
5328	-1.140517e+03
5329	-1.106165e+03
5330	-1.146470e+03
5331	-1.117414e+03
5332	-1.145844e+03
5333	-1.106407e+03
5334	-1.132673e+03
5335	-1.126030e+03
5336	-1.116917e+03
5337	-1.113547e+03
5338	-1.133272e+03
5339	-1.129425e+03
5340	-1.135734e+03
5341	-1.155104e+03
5342	-1.122531e+03
5343	-1.121739e+03
5344	-1.131644e+03
5345	-1.125230e+03
5346	-1.136868e+03
5347	-1.132077e+03
5348	-1.114146e+03
5349	-1.129886e+03
5350	-1.107592e+03
5351	-1.130286e+03
5352	-1.128439e+03
5353	-1.146750e+03
5354	-1.137687e+03
5355	-1.116922e+03
5356	-1.137239e+03
5357	-1.123990e+03
5358	-1.133206e+03
5359	-1.152416e+03
5360	-1.122864e+03
5361	-1.121242e+03
5362	-1.133649e+03
5363	-1.135566e+03
5364	-1.140647e+03
5365	-1.117902e+03
5366	-1.140448e+03
5367	-1.134795e+03
5368	-1.112398e+03
5369	-1.141847e+03
5370	-1.133377e+03
5371	-1.110348e+03
5372	-1.117847e+03
5373	-1.127331e+03
5374	-1.134101e+03
5375	-1.123387e+03
5376	-1.135517e+03
5377	-1.130429e+03
5378	-1.130228e+03
5379	-1.120998e+03
5380	-1.127566e+03
5381	-1.153641e+03
5382	-1.115167e+03
5383	-1.114453e+03
5384	-1.146505e+03
5385	-1.148028e+03
5386	-1.134363e+03
5387	-1.137774e+03
5388	-1.119867e+03
5389	-1.139682e+03
5390	-1.126652e+03
5391	-1.137091e+03
5392	-1.109396e+03
5393	-1.116466e+03
5394	-1.151161e+03
5395	-1.122794e+03
5396	-1.128460e+03
5397	-1.128208e+03
5398	-1.121479e+03
5399	-1.131140e+03
5400	-1.103182e+03
5401	-1.131614e+03
5402	-1.116978e+03
5403	-1.140481e+03
5404	-1.133833e+03
5405	-1.130760e+03
5406	-1.122292e+03
5407	-1.124359e+03
5408	-1.120542e+03
5409	-1.120355e+03
5410	-1.141705e+03
5411	-1.120370e+03
5412	-1.122859e+03
5413	-1.102083e+03
5414	-1.143735e+03
5415	-1.137028e+03
5416	-1.121527e+03
5417	-1.129370e+03
5418	-1.132150e+03
5419	-1.129319e+03
5420	-1.132440e+03
5421	-1.125566e+03
5422	-1.130415e+03
5423	-1.120299e+03
5424	-1.135238e+03
5425	-1.113561e+03
5426	-1.138543e+03
5427	-1.119837e+03
5428	-1.133270e+03
5429	-1.113679e+03
5430	-1.112893e+03
5431	-1.104653e+03
5432	-1.122055e+03
5433	-1.118429e+03
5434	-1.134690e+03
5435	-1.116465e+03
5436	-1.120396e+03
5437	-1.128124e+03
5438	-1.127313e+03
5439	-1.129305e+03
5440	-1.121767e+03
5441	-1.127503e+03
5442	-1.141825e+03
5443	-1.119799e+03
5444	-1.127470e+03
5445	-1.120371e+03
5446	-1.137096e+03
5447	-1.135458e+03
5448	-1.121575e+03
5449	-1.127416e+03
5450	-1.129507e+03
5451	-1.126290e+03
5452	-1.126001e+03
5453	-1.119023e+03
5454	-1.110070e+03
5455	-1.122895e+03
5456	-1.137439e+03
5457	-1.126597e+03
5458	-1.121458e+03
5459	-1.127011e+03
5460	-1.121073e+03
5461	-1.140615e+03
5462	-1.112378e+03
5463	-1.123927e+03
5464	-1.118967e+03
5465	-1.114674e+03
5466	-1.133857e+03
5467	-1.123405e+03
5468	-1.140776e+03
5469	-1.136729e+03
5470	-1.132230e+03
5471	-1.116135e+03
5472	-1.121797e+03
5473	-1.123155e+03
5474	-1.113964e+03
5475	-1.118815e+03
5476	-1.134430e+03
5477	-1.128287e+03
5478	-1.132612e+03
5479	-1.134493e+03
5480	-1.127621e+03
5481	-1.122427e+03
5482	-1.149721e+03
5483	-1.120444e+03
5484	-1.130238e+03
5485	-1.134419e+03
5486	-1.133320e+03
5487	-1.130622e+03
5488	-1.113575e+03
5489	-1.101167e+03
5490	-1.111984e+03
5491	-1.128257e+03
5492	-1.133731e+03
5493	-1.127043e+03
5494	-1.124966e+03
5495	-1.146731e+03
5496	-1.128253e+03
5497	-1.151564e+03
5498	-1.135278e+03
5499	-1.132928e+03
5500	-1.101007e+03
5501	-1.114579e+03
5502	-1.124233e+03
5503	-1.108777e+03
5504	-1.126585e+03
5505	-1.130765e+03
5506	-1.142303e+03
5507	-1.122286e+03
5508	-1.129803e+03
5509	-1.143645e+03
5510	-1.121131e+03
5511	-1.132642e+03
5512	-1.133079e+03
5513	-1.132406e+03
5514	-1.112612e+03
5515	-1.150756e+03
5516	-1.122293e+03
5517	-1.115421e+03
5518	-1.106091e+03
5519	-1.152873e+03
5520	-1.112735e+03
5521	-1.140023e+03
5522	-1.133924e+03
5523	-1.137642e+03
5524	-1.128054e+03
5525	-1.122876e+03
5526	-1.137562e+03
5527	-1.140143e+03
5528	-1.125079e+03
5529	-1.119274e+03
5530	-1.125853e+03
5531	-1.122928e+03
5532	-1.126601e+03
5533	-1.106928e+03
5534	-1.122623e+03
5535	-1.124887e+03
5536	-1.131340e+03
5537	-1.126173e+03
5538	-1.127276e+03
5539	-1.133928e+03
5540	-1.116511e+03
5541	-1.116494e+03
5542	-1.125657e+03
5543	-1.119001e+03
5544	-1.137907e+03
5545	-1.132574e+03
5546	-1.139330e+03
5547	-1.133744e+03
5548	-1.166068e+03
5549	-1.141684e+03
5550	-1.125663e+03
5551	-1.143947e+03
5552	-1.125447e+03
5553	-1.119898e+03
5554	-1.151790e+03
5555	-1.124944e+03
5556	-1.144005e+03
5557	-1.123564e+03
5558	-1.123197e+03
5559	-1.136855e+03
5560	-1.124414e+03
5561	-1.135924e+03
5562	-1.112561e+03
5563	-1.119366e+03
5564	-1.123803e+03
5565	-1.126372e+03
5566	-1.122010e+03
5567	-1.126245e+03
5568	-1.140582e+03
5569	-1.128981e+03
5570	-1.128247e+03
5571	-1.153722e+03
5572	-1.133619e+03
5573	-1.133467e+03
5574	-1.127751e+03
5575	-1.114856e+03
5576	-1.126948e+03
5577	-1.121169e+03
5578	-1.117341e+03
5579	-1.135766e+03
5580	-1.121812e+03
5581	-1.114716e+03
5582	-1.124740e+03
5583	-1.121713e+03
5584	-1.122106e+03
5585	-1.113987e+03
5586	-1.119845e+03
5587	-1.131572e+03
5588	-1.147916e+03
5589	-1.123389e+03
5590	-1.129313e+03
5591	-1.127320e+03
5592	-1.144169e+03
5593	-1.134056e+03
5594	-1.109297e+03
5595	-1.118724e+03
5596	-1.127209e+03
5597	-1.124700e+03
5598	-1.123616e+03
5599	-1.125410e+03
5600	-1.129721e+03
5601	-1.132863e+03
5602	-1.130869e+03
5603	-1.136607e+03
5604	-1.128262e+03
5605	-1.125603e+03
5606	-1.150218e+03
5607	-1.125850e+03
5608	-1.131022e+03
5609	-1.135140e+03
5610	-1.152698e+03
5611	-1.126497e+03
5612	-1.146985e+03
5613	-1.132173e+03
5614	-1.145728e+03
5615	-1.154309e+03
5616	-1.119724e+03
5617	-1.149384e+03
5618	-1.109071e+03
5619	-1.124654e+03
5620	-1.133014e+03
5621	-1.123700e+03
5622	-1.142818e+03
5623	-1.119158e+03
5624	-1.107675e+03
5625	-1.120281e+03
5626	-1.124257e+03
5627	-1.147038e+03
5628	-1.124108e+03
5629	-1.120789e+03
5630	-1.129561e+03
5631	-1.127428e+03
5632	-1.141679e+03
5633	-1.118236e+03
5634	-1.127680e+03
5635	-1.116319e+03
5636	-1.137661e+03
5637	-1.136211e+03
5638	-1.120444e+03
5639	-1.120653e+03
5640	-1.116303e+03
5641	-1.143981e+03
5642	-1.155229e+03
5643	-1.143751e+03
5644	-1.125788e+03
5645	-1.134654e+03
5646	-1.132051e+03
5647	-1.114452e+03
5648	-1.129608e+03
5649	-1.136987e+03
5650	-1.127279e+03
5651	-1.122446e+03
5652	-1.116873e+03
5653	-1.132375e+03
5654	-1.129286e+03
5655	-1.146691e+03
5656	-1.122702e+03
5657	-1.129375e+03
5658	-1.125999e+03
5659	-1.083381e+03
5660	-1.117884e+03
5661	-1.148168e+03
5662	-1.128798e+03
5663	-1.123674e+03
5664	-1.101334e+03
5665	-1.139992e+03
5666	-1.122463e+03
5667	-1.122078e+03
5668	-1.137659e+03
5669	-1.123584e+03
5670	-1.131817e+03
5671	-1.115688e+03
5672	-1.149557e+03
5673	-1.133646e+03
5674	-1.133049e+03
5675	-1.110738e+03
5676	-1.105922e+03
5677	-1.132914e+03
5678	-1.107400e+03
5679	-1.137683e+03
5680	-1.121453e+03
5681	-1.137739e+03
5682	-1.134895e+03
5683	-1.124206e+03
5684	-1.135502e+03
5685	-1.130568e+03
5686	-1.127512e+03
5687	-1.128455e+03
5688	-1.124539e+03
5689	-1.135383e+03
5690	-1.124100e+03
5691	-1.147896e+03
5692	-1.139494e+03
5693	-1.128863e+03
5694	-1.135155e+03
5695	-1.147199e+03
5696	-1.139112e+03
5697	-1.134934e+03
5698	-1.140308e+03
5699	-1.126634e+03
5700	-1.113533e+03
5701	-1.122278e+03
5702	-1.156793e+03
5703	-1.127272e+03
5704	-1.111302e+03
5705	-1.125426e+03
5706	-1.142351e+03
5707	-1.159423e+03
5708	-1.111930e+03
5709	-1.117093e+03
5710	-1.118473e+03
5711	-1.125319e+03
5712	-1.112510e+03
5713	-1.120381e+03
5714	-1.125354e+03
5715	-1.128460e+03
5716	-1.125199e+03
5717	-1.140269e+03
5718	-1.125206e+03
5719	-1.151317e+03
5720	-1.113309e+03
5721	-1.108440e+03
5722	-1.126767e+03
5723	-1.121188e+03
5724	-1.136433e+03
5725	-1.122219e+03
5726	-1.136763e+03
5727	-1.131534e+03
5728	-1.127993e+03
5729	-1.130955e+03
5730	-1.123833e+03
5731	-1.131728e+03
5732	-1.114822e+03
5733	-1.135936e+03
5734	-1.132371e+03
5735	-1.146471e+03
5736	-1.137441e+03
5737	-1.139790e+03
5738	-1.130657e+03
5739	-1.124470e+03
5740	-1.118118e+03
5741	-1.140090e+03
5742	-1.126446e+03
5743	-1.137718e+03
5744	-1.148448e+03
5745	-1.120847e+03
5746	-1.140156e+03
5747	-1.123226e+03
5748	-1.116053e+03
5749	-1.121228e+03
5750	-1.141538e+03
5751	-1.129701e+03
5752	-1.128712e+03
5753	-1.132992e+03
5754	-1.137490e+03
5755	-1.124009e+03
5756	-1.143287e+03
5757	-1.115474e+03
5758	-1.126376e+03
5759	-1.137504e+03
5760	-1.137593e+03
5761	-1.107730e+03
5762	-1.119272e+03
5763	-1.126481e+03
5764	-1.124668e+03
5765	-1.143398e+03
5766	-1.109466e+03
5767	-1.139073e+03
5768	-1.125465e+03
5769	-1.114561e+03
5770	-1.130912e+03
5771	-1.145356e+03
5772	-1.122307e+03
5773	-1.121041e+03
5774	-1.117310e+03
5775	-1.126832e+03
5776	-1.135600e+03
5777	-1.103742e+03
5778	-1.118936e+03
5779	-1.136732e+03
5780	-1.134389e+03
5781	-1.137120e+03
5782	-1.126859e+03
5783	-1.137663e+03
5784	-1.150795e+03
5785	-1.115899e+03
5786	-1.144382e+03
5787	-1.136384e+03
5788	-1.118784e+03
5789	-1.123160e+03
5790	-1.118519e+03
5791	-1.145313e+03
5792	-1.117520e+03
5793	-1.115576e+03
5794	-1.127711e+03
5795	-1.130587e+03
5796	-1.138490e+03
5797	-1.124626e+03
5798	-1.123285e+03
5799	-1.115909e+03
5800	-1.132535e+03
5801	-1.130219e+03
5802	-1.124598e+03
5803	-1.127677e+03
5804	-1.131738e+03
5805	-1.131308e+03
5806	-1.131241e+03
5807	-1.131927e+03
5808	-1.137402e+03
5809	-1.135841e+03
5810	-1.120032e+03
5811	-1.137684e+03
5812	-1.119016e+03
5813	-1.119319e+03
5814	-1.148367e+03
5815	-1.112532e+03
5816	-1.125920e+03
5817	-1.125600e+03
5818	-1.130531e+03
5819	-1.108956e+03
5820	-1.122299e+03
5821	-1.139714e+03
5822	-1.137462e+03
5823	-1.130424e+03
5824	-1.131983e+03
5825	-1.106685e+03
5826	-1.150806e+03
5827	-1.147521e+03
5828	-1.123618e+03
5829	-1.104482e+03
5830	-1.151114e+03
5831	-1.114317e+03
5832	-1.124078e+03
5833	-1.137787e+03
5834	-1.139047e+03
5835	-1.132290e+03
5836	-1.141677e+03
5837	-1.133285e+03
5838	-1.118870e+03
5839	-1.119855e+03
5840	-1.123921e+03
5841	-1.119807e+03
5842	-1.122132e+03
5843	-1.126441e+03
5844	-1.133225e+03
5845	-1.125115e+03
5846	-1.121471e+03
5847	-1.118465e+03
5848	-1.126703e+03
5849	-1.133100e+03
5850	-1.122426e+03
5851	-1.145671e+03
5852	-1.132957e+03
5853	-1.127418e+03
5854	-1.155387e+03
5855	-1.127789e+03
5856	-1.144372e+03
5857	-1.126080e+03
5858	-1.134239e+03
5859	-1.141779e+03
5860	-1.126047e+03
5861	-1.113445e+03
5862	-1.113537e+03
5863	-1.127381e+03
5864	-1.134982e+03
5865	-1.124552e+03
5866	-1.122892e+03
5867	-1.119657e+03
5868	-1.114794e+03
5869	-1.123932e+03
5870	-1.148604e+03
5871	-1.144113e+03
5872	-1.116859e+03
5873	-1.149440e+03
5874	-1.119007e+03
5875	-1.116841e+03
5876	-1.115469e+03
5877	-1.130926e+03
5878	-1.122748e+03
5879	-1.138478e+03
5880	-1.130631e+03
5881	-1.125228e+03
5882	-1.120317e+03
5883	-1.129195e+03
5884	-1.131620e+03
5885	-1.139027e+03
5886	-1.128385e+03
5887	-1.149295e+03
5888	-1.130228e+03
5889	-1.124572e+03
5890	-1.118728e+03
5891	-1.141170e+03
5892	-1.122116e+03
5893	-1.130467e+03
5894	-1.131112e+03
5895	-1.125659e+03
5896	-1.140299e+03
5897	-1.111186e+03
5898	-1.122281e+03
5899	-1.132591e+03
5900	-1.146550e+03
5901	-1.142486e+03
5902	-1.145634e+03
5903	-1.117554e+03
5904	-1.113597e+03
5905	-1.127694e+03
5906	-1.137817e+03
5907	-1.125231e+03
5908	-1.119603e+03
5909	-1.118624e+03
5910	-1.130215e+03
5911	-1.148590e+03
5912	-1.148738e+03
5913	-1.113108e+03
5914	-1.136899e+03
5915	-1.130176e+03
5916	-1.139739e+03
5917	-1.123445e+03
5918	-1.125765e+03
5919	-1.129465e+03
5920	-1.106188e+03
5921	-1.115464e+03
5922	-1.125206e+03
5923	-1.140834e+03
5924	-1.115830e+03
5925	-1.129092e+03
5926	-1.125891e+03
5927	-1.134231e+03
5928	-1.108542e+03
5929	-1.139387e+03
5930	-1.129114e+03
5931	-1.122411e+03
5932	-1.112847e+03
5933	-1.122793e+03
5934	-1.130348e+03
5935	-1.127780e+03
5936	-1.128119e+03
5937	-1.132332e+03
5938	-1.142810e+03
5939	-1.117492e+03
5940	-1.128668e+03
5941	-1.124091e+03
5942	-1.143614e+03
5943	-1.122015e+03
5944	-1.123352e+03
5945	-1.131108e+03
5946	-1.142681e+03
5947	-1.131270e+03
5948	-1.134859e+03
5949	-1.124517e+03
5950	-1.125752e+03
5951	-1.143544e+03
5952	-1.118896e+03
5953	-1.130193e+03
5954	-1.116587e+03
5955	-1.136470e+03
5956	-1.142938e+03
5957	-1.135564e+03
5958	-1.129819e+03
5959	-1.124508e+03
5960	-1.128205e+03
5961	-1.123084e+03
5962	-1.144229e+03
5963	-1.116808e+03
5964	-1.096197e+03
5965	-1.155418e+03
5966	-1.131244e+03
5967	-1.137800e+03
5968	-1.137316e+03
5969	-1.121642e+03
5970	-1.123438e+03
5971	-1.105461e+03
5972	-1.145685e+03
5973	-1.113772e+03
5974	-1.096523e+03
5975	-1.126560e+03
5976	-1.129848e+03
5977	-1.115806e+03
5978	-1.132801e+03
5979	-1.121724e+03
5980	-1.126515e+03
5981	-1.120198e+03
5982	-1.119729e+03
5983	-1.125266e+03
5984	-1.127319e+03
5985	-1.133410e+03
5986	-1.127352e+03
5987	-1.146327e+03
5988	-1.100845e+03
5989	-1.114036e+03
5990	-1.105311e+03
5991	-1.130776e+03
5992	-1.121591e+03
5993	-1.126882e+03
5994	-1.108554e+03
5995	-1.111729e+03
5996	-1.148457e+03
5997	-1.134606e+03
5998	-1.150501e+03
5999	-1.114898e+03
6000	-1.137554e+03
6001	-1.114448e+03
6002	-1.118640e+03
6003	-1.117108e+03
6004	-1.111655e+03
6005	-1.117477e+03
6006	-1.128275e+03
6007	-1.124079e+03
6008	-1.133295e+03
6009	-1.135643e+03
6010	-1.113719e+03
6011	-1.148125e+03
6012	-1.128174e+03
6013	-1.134538e+03
6014	-1.124486e+03
6015	-1.119600e+03
6016	-1.127899e+03
6017	-1.130374e+03
6018	-1.116995e+03
6019	-1.125288e+03
6020	-1.113781e+03
6021	-1.128246e+03
6022	-1.125747e+03
6023	-1.117280e+03
6024	-1.141432e+03
6025	-1.114102e+03
6026	-1.110946e+03
6027	-1.126776e+03
6028	-1.133587e+03
6029	-1.128163e+03
6030	-1.127708e+03
6031	-1.130664e+03
6032	-1.142430e+03
6033	-1.121948e+03
6034	-1.120120e+03
6035	-1.136911e+03
6036	-1.140318e+03
6037	-1.123083e+03
6038	-1.146259e+03
6039	-1.105545e+03
6040	-1.108318e+03
6041	-1.132336e+03
6042	-1.121305e+03
6043	-1.123168e+03
6044	-1.124495e+03
6045	-1.112179e+03
6046	-1.137751e+03
6047	-1.122731e+03
6048	-1.133166e+03
6049	-1.112401e+03
6050	-1.124195e+03
6051	-1.118759e+03
6052	-1.137338e+03
6053	-1.122007e+03
6054	-1.126387e+03
6055	-1.103109e+03
6056	-1.129345e+03
6057	-1.134273e+03
6058	-1.122324e+03
6059	-1.111842e+03
6060	-1.116548e+03
6061	-1.140240e+03
6062	-1.137627e+03
6063	-1.119341e+03
6064	-1.133307e+03
6065	-1.116453e+03
6066	-1.131654e+03
6067	-1.108196e+03
6068	-1.101556e+03
6069	-1.138824e+03
6070	-1.141621e+03
6071	-1.124076e+03
6072	-1.145841e+03
6073	-1.136070e+03
6074	-1.130532e+03
6075	-1.137189e+03
6076	-1.122224e+03
6077	-1.149713e+03
6078	-1.119315e+03
6079	-1.128206e+03
6080	-1.123379e+03
6081	-1.130573e+03
6082	-1.144024e+03
6083	-1.116676e+03
6084	-1.147798e+03
6085	-1.108117e+03
6086	-1.132603e+03
6087	-1.123917e+03
6088	-1.105857e+03
6089	-1.135862e+03
6090	-1.113615e+03
6091	-1.136439e+03
6092	-1.129958e+03
6093	-1.119866e+03
6094	-1.123774e+03
6095	-1.114002e+03
6096	-1.136206e+03
6097	-1.115363e+03
6098	-1.115022e+03
6099	-1.117290e+03
6100	-1.126861e+03
6101	-1.122212e+03
6102	-1.142192e+03
6103	-1.130148e+03
6104	-1.147459e+03
6105	-1.129964e+03
6106	-1.136812e+03
6107	-1.111810e+03
6108	-1.142034e+03
6109	-1.145244e+03
6110	-1.112976e+03
6111	-1.148468e+03
6112	-1.126944e+03
6113	-1.150757e+03
6114	-1.108104e+03
6115	-1.136508e+03
6116	-1.134405e+03
6117	-1.142635e+03
6118	-1.116296e+03
6119	-1.114501e+03
6120	-1.111360e+03
6121	-1.123733e+03
6122	-1.141118e+03
6123	-1.136434e+03
6124	-1.129826e+03
6125	-1.129479e+03
6126	-1.109765e+03
6127	-1.137103e+03
6128	-1.129053e+03
6129	-1.149176e+03
6130	-1.119284e+03
6131	-1.123967e+03
6132	-1.128170e+03
6133	-1.120363e+03
6134	-1.127841e+03
6135	-1.114880e+03
6136	-1.134958e+03
6137	-1.133205e+03
6138	-1.114627e+03
6139	-1.122143e+03
6140	-1.107063e+03
6141	-1.102888e+03
6142	-1.126872e+03
6143	-1.131868e+03
6144	-1.142736e+03
6145	-1.128143e+03
6146	-1.125492e+03
6147	-1.127846e+03
6148	-1.147831e+03
6149	-1.117113e+03
6150	-1.117615e+03
6151	-1.134030e+03
6152	-1.130581e+03
6153	-1.116542e+03
6154	-1.138581e+03
6155	-1.137454e+03
6156	-1.124059e+03
6157	-1.126976e+03
6158	-1.130681e+03
6159	-1.129485e+03
6160	-1.146689e+03
6161	-1.138322e+03
6162	-1.132395e+03
6163	-1.124346e+03
6164	-1.117354e+03
6165	-1.140571e+03
6166	-1.124392e+03
6167	-1.131188e+03
6168	-1.113728e+03
6169	-1.138101e+03
6170	-1.123840e+03
6171	-1.142983e+03
6172	-1.143381e+03
6173	-1.135151e+03
6174	-1.138714e+03
6175	-1.121407e+03
6176	-1.124968e+03
6177	-1.116500e+03
6178	-1.143139e+03
6179	-1.127016e+03
6180	-1.116172e+03
6181	-1.124937e+03
6182	-1.118425e+03
6183	-1.129529e+03
6184	-1.148453e+03
6185	-1.147876e+03
6186	-1.136549e+03
6187	-1.155607e+03
6188	-1.119037e+03
6189	-1.111598e+03
6190	-1.112939e+03
6191	-1.119080e+03
6192	-1.133773e+03
6193	-1.096457e+03
6194	-1.134092e+03
6195	-1.122708e+03
6196	-1.130082e+03
6197	-1.131851e+03
6198	-1.126126e+03
6199	-1.134928e+03
6200	-1.133287e+03
6201	-1.131002e+03
6202	-1.133100e+03
6203	-1.125498e+03
6204	-1.115682e+03
6205	-1.135698e+03
6206	-1.111749e+03
6207	-1.132746e+03
6208	-1.131056e+03
6209	-1.115122e+03
6210	-1.126964e+03
6211	-1.113824e+03
6212	-1.140424e+03
6213	-1.144589e+03
6214	-1.131447e+03
6215	-1.123700e+03
6216	-1.114544e+03
6217	-1.128707e+03
6218	-1.107216e+03
6219	-1.140094e+03
6220	-1.154281e+03
6221	-1.109223e+03
6222	-1.124941e+03
6223	-1.123941e+03
6224	-1.145029e+03
6225	-1.116816e+03
6226	-1.094864e+03
6227	-1.111700e+03
6228	-1.115407e+03
6229	-1.126950e+03
6230	-1.137973e+03
6231	-1.118261e+03
6232	-1.129985e+03
6233	-1.144231e+03
6234	-1.110873e+03
6235	-1.143887e+03
6236	-1.133286e+03
6237	-1.123751e+03
6238	-1.131464e+03
6239	-1.135709e+03
6240	-1.127404e+03
6241	-1.120342e+03
6242	-1.110850e+03
6243	-1.121928e+03
6244	-1.135337e+03
6245	-1.137543e+03
6246	-1.134100e+03
6247	-1.121437e+03
6248	-1.127201e+03
6249	-1.111078e+03
6250	-1.136561e+03
6251	-1.143571e+03
6252	-1.113501e+03
6253	-1.130322e+03
6254	-1.112630e+03
6255	-1.138350e+03
6256	-1.112403e+03
6257	-1.129442e+03
6258	-1.110029e+03
6259	-1.112221e+03
6260	-1.131897e+03
6261	-1.127076e+03
6262	-1.125227e+03
6263	-1.117889e+03
6264	-1.148540e+03
6265	-1.113759e+03
6266	-1.156315e+03
6267	-1.135450e+03
6268	-1.134549e+03
6269	-1.125179e+03
6270	-1.136196e+03
6271	-1.127100e+03
6272	-1.126334e+03
6273	-1.123192e+03
6274	-1.131209e+03
6275	-1.126025e+03
6276	-1.117242e+03
6277	-1.122030e+03
6278	-1.115436e+03
6279	-1.100776e+03
6280	-1.134147e+03
6281	-1.105629e+03
6282	-1.125570e+03
6283	-1.136166e+03
6284	-1.127897e+03
6285	-1.108672e+03
6286	-1.122390e+03
6287	-1.126081e+03
6288	-1.141971e+03
6289	-1.126374e+03
6290	-1.121026e+03
6291	-1.125647e+03
6292	-1.127458e+03
6293	-1.120986e+03
6294	-1.137175e+03
6295	-1.138697e+03
6296	-1.153937e+03
6297	-1.116989e+03
6298	-1.106713e+03
6299	-1.120088e+03
6300	-1.113416e+03
6301	-1.136084e+03
6302	-1.123629e+03
6303	-1.113779e+03
6304	-1.127829e+03
6305	-1.109748e+03
6306	-1.131400e+03
6307	-1.111815e+03
6308	-1.129772e+03
6309	-1.101168e+03
6310	-1.132369e+03
6311	-1.095537e+03
6312	-1.126505e+03
6313	-1.118403e+03
6314	-1.141350e+03
6315	-1.149305e+03
6316	-1.132567e+03
6317	-1.135062e+03
6318	-1.125841e+03
6319	-1.135748e+03
6320	-1.121139e+03
6321	-1.132378e+03
6322	-1.122258e+03
6323	-1.149804e+03
6324	-1.138071e+03
6325	-1.114626e+03
6326	-1.137164e+03
6327	-1.142282e+03
6328	-1.125173e+03
6329	-1.141963e+03
6330	-1.127034e+03
6331	-1.147013e+03
6332	-1.133620e+03
6333	-1.125755e+03
6334	-1.136221e+03
6335	-1.104062e+03
6336	-1.123632e+03
6337	-1.127007e+03
6338	-1.139792e+03
6339	-1.133206e+03
6340	-1.129601e+03
6341	-1.115334e+03
6342	-1.095142e+03
6343	-1.121634e+03
6344	-1.121074e+03
6345	-1.117797e+03
6346	-1.119102e+03
6347	-1.144407e+03
6348	-1.126558e+03
6349	-1.119693e+03
6350	-1.119900e+03
6351	-1.107376e+03
6352	-1.135045e+03
6353	-1.141799e+03
6354	-1.133016e+03
6355	-1.109662e+03
6356	-1.132138e+03
6357	-1.135113e+03
6358	-1.141511e+03
6359	-1.155151e+03
6360	-1.109377e+03
6361	-1.150791e+03
6362	-1.137056e+03
6363	-1.129230e+03
6364	-1.137769e+03
6365	-1.127383e+03
6366	-1.137570e+03
6367	-1.117874e+03
6368	-1.130490e+03
6369	-1.114253e+03
6370	-1.139598e+03
6371	-1.142730e+03
6372	-1.120361e+03
6373	-1.112254e+03
6374	-1.139835e+03
6375	-1.142056e+03
6376	-1.127490e+03
6377	-1.120032e+03
6378	-1.129925e+03
6379	-1.116785e+03
6380	-1.118161e+03
6381	-1.115781e+03
6382	-1.133762e+03
6383	-1.122647e+03
6384	-1.146716e+03
6385	-1.111874e+03
6386	-1.112498e+03
6387	-1.130836e+03
6388	-1.141043e+03
6389	-1.140611e+03
6390	-1.133412e+03
6391	-1.129643e+03
6392	-1.127826e+03
6393	-1.121775e+03
6394	-1.138724e+03
6395	-1.117318e+03
6396	-1.125353e+03
6397	-1.148238e+03
6398	-1.131992e+03
6399	-1.118231e+03
6400	-1.133189e+03
6401	-1.136687e+03
6402	-1.118968e+03
6403	-1.122951e+03
6404	-1.135427e+03
6405	-1.115860e+03
6406	-1.141113e+03
6407	-1.136078e+03
6408	-1.098070e+03
6409	-1.133446e+03
6410	-1.133454e+03
6411	-1.122124e+03
6412	-1.152958e+03
6413	-1.145504e+03
6414	-1.144359e+03
6415	-1.122709e+03
6416	-1.117624e+03
6417	-1.111500e+03
6418	-1.127963e+03
6419	-1.128895e+03
6420	-1.116168e+03
6421	-1.144290e+03
6422	-1.115150e+03
6423	-1.122363e+03
6424	-1.131424e+03
6425	-1.134906e+03
6426	-1.135724e+03
6427	-1.121472e+03
6428	-1.128762e+03
6429	-1.120783e+03
6430	-1.120969e+03
6431	-1.137488e+03
6432	-1.143482e+03
6433	-1.121079e+03
6434	-1.125289e+03
6435	-1.119448e+03
6436	-1.129971e+03
6437	-1.144602e+03
6438	-1.153413e+03
6439	-1.137563e+03
6440	-1.144917e+03
6441	-1.137888e+03
6442	-1.151480e+03
6443	-1.115300e+03
6444	-1.127448e+03
6445	-1.123516e+03
6446	-1.151176e+03
6447	-1.135814e+03
6448	-1.133733e+03
6449	-1.132068e+03
6450	-1.153797e+03
6451	-1.126920e+03
6452	-1.105864e+03
6453	-1.130687e+03
6454	-1.114969e+03
6455	-1.135355e+03
6456	-1.125510e+03
6457	-1.134738e+03
6458	-1.114848e+03
6459	-1.133177e+03
6460	-1.106885e+03
6461	-1.121608e+03
6462	-1.156105e+03
6463	-1.134860e+03
6464	-1.112793e+03
6465	-1.120916e+03
6466	-1.129941e+03
6467	-1.124216e+03
6468	-1.139596e+03
6469	-1.113082e+03
6470	-1.092191e+03
6471	-1.132274e+03
6472	-1.131097e+03
6473	-1.131520e+03
6474	-1.117942e+03
6475	-1.128494e+03
6476	-1.137535e+03
6477	-1.118056e+03
6478	-1.101812e+03
6479	-1.124487e+03
6480	-1.114455e+03
6481	-1.113868e+03
6482	-1.130422e+03
6483	-1.134636e+03
6484	-1.114912e+03
6485	-1.107267e+03
6486	-1.106207e+03
6487	-1.145112e+03
6488	-1.124953e+03
6489	-1.128144e+03
6490	-1.164214e+03
6491	-1.137303e+03
6492	-1.121994e+03
6493	-1.120686e+03
6494	-1.147674e+03
6495	-1.117205e+03
6496	-1.124986e+03
6497	-1.137256e+03
6498	-1.128033e+03
6499	-1.117559e+03
6500	-1.105147e+03
6501	-1.130968e+03
6502	-1.131441e+03
6503	-1.135773e+03
6504	-1.131560e+03
6505	-1.143146e+03
6506	-1.131586e+03
6507	-1.113182e+03
6508	-1.130009e+03
6509	-1.121686e+03
6510	-1.119377e+03
6511	-1.108183e+03
6512	-1.120413e+03
6513	-1.136292e+03
6514	-1.126209e+03
6515	-1.135615e+03
6516	-1.122286e+03
6517	-1.140575e+03
6518	-1.127315e+03
6519	-1.137654e+03
6520	-1.122560e+03
6521	-1.094425e+03
6522	-1.120763e+03
6523	-1.117607e+03
6524	-1.116765e+03
6525	-1.135663e+03
6526	-1.140620e+03
6527	-1.148268e+03
6528	-1.129162e+03
6529	-1.140054e+03
6530	-1.129998e+03
6531	-1.121732e+03
6532	-1.115630e+03
6533	-1.124496e+03
6534	-1.131574e+03
6535	-1.129900e+03
6536	-1.131142e+03
6537	-1.138825e+03
6538	-1.100904e+03
6539	-1.129075e+03
6540	-1.133176e+03
6541	-1.114009e+03
6542	-1.133067e+03
6543	-1.139141e+03
6544	-1.130213e+03
6545	-1.132276e+03
6546	-1.113796e+03
6547	-1.124404e+03
6548	-1.135151e+03
6549	-1.110162e+03
6550	-1.129975e+03
6551	-1.125473e+03
6552	-1.144882e+03
6553	-1.108740e+03
6554	-1.125682e+03
6555	-1.146480e+03
6556	-1.145411e+03
6557	-1.130229e+03
6558	-1.128621e+03
6559	-1.128882e+03
6560	-1.129169e+03
6561	-1.138032e+03
6562	-1.125574e+03
6563	-1.136234e+03
6564	-1.107813e+03
6565	-1.127702e+03
6566	-1.116628e+03
6567	-1.122780e+03
6568	-1.124277e+03
6569	-1.133029e+03
6570	-1.127439e+03
6571	-1.115269e+03
6572	-1.122054e+03
6573	-1.126210e+03
6574	-1.131213e+03
6575	-1.134078e+03
6576	-1.141222e+03
6577	-1.134908e+03
6578	-1.126194e+03
6579	-1.127462e+03
6580	-1.140963e+03
6581	-1.125947e+03
6582	-1.125087e+03
6583	-1.137645e+03
6584	-1.132149e+03
6585	-1.124559e+03
6586	-1.125478e+03
6587	-1.112555e+03
6588	-1.130431e+03
6589	-1.151214e+03
6590	-1.122097e+03
6591	-1.115476e+03
6592	-1.130240e+03
6593	-1.118300e+03
6594	-1.125204e+03
6595	-1.115565e+03
6596	-1.114716e+03
6597	-1.117806e+03
6598	-1.111122e+03
6599	-1.125259e+03
6600	-1.136131e+03
6601	-1.132568e+03
6602	-1.126676e+03
6603	-1.135406e+03
6604	-1.140218e+03
6605	-1.128761e+03
6606	-1.118430e+03
6607	-1.116413e+03
6608	-1.131813e+03
6609	-1.132308e+03
6610	-1.133421e+03
6611	-1.125335e+03
6612	-1.125203e+03
6613	-1.122220e+03
6614	-1.124823e+03
6615	-1.139548e+03
6616	-1.140432e+03
6617	-1.110499e+03
6618	-1.108145e+03
6619	-1.137202e+03
6620	-1.121033e+03
6621	-1.131786e+03
6622	-1.126713e+03
6623	-1.115684e+03
6624	-1.132483e+03
6625	-1.116912e+03
6626	-1.134709e+03
6627	-1.136623e+03
6628	-1.122881e+03
6629	-1.112026e+03
6630	-1.140180e+03
6631	-1.128741e+03
6632	-1.135977e+03
6633	-1.116224e+03
6634	-1.126152e+03
6635	-1.128637e+03
6636	-1.135370e+03
6637	-1.125898e+03
6638	-1.131822e+03
6639	-1.094217e+03
6640	-1.124565e+03
6641	-1.123777e+03
6642	-1.135579e+03
6643	-1.139209e+03
6644	-1.147485e+03
6645	-1.140052e+03
6646	-1.128800e+03
6647	-1.132002e+03
6648	-1.128612e+03
6649	-1.135755e+03
6650	-1.118645e+03
6651	-1.119849e+03
6652	-1.131207e+03
6653	-1.123014e+03
6654	-1.121323e+03
6655	-1.133394e+03
6656	-1.121241e+03
6657	-1.142681e+03
6658	-1.124927e+03
6659	-1.126365e+03
6660	-1.128033e+03
6661	-1.121978e+03
6662	-1.132113e+03
6663	-1.143295e+03
6664	-1.120679e+03
6665	-1.116203e+03
6666	-1.119611e+03
6667	-1.123837e+03
6668	-1.102732e+03
6669	-1.095960e+03
6670	-1.121688e+03
6671	-1.137459e+03
6672	-1.124284e+03
6673	-1.131422e+03
6674	-1.139453e+03
6675	-1.128211e+03
6676	-1.127606e+03
6677	-1.120228e+03
6678	-1.140161e+03
6679	-1.138077e+03
6680	-1.131657e+03
6681	-1.130681e+03
6682	-1.127609e+03
6683	-1.131366e+03
6684	-1.129967e+03
6685	-1.121546e+03
6686	-1.128120e+03
6687	-1.118275e+03
6688	-1.123559e+03
6689	-1.115662e+03
6690	-1.117175e+03
6691	-1.132873e+03
6692	-1.134526e+03
6693	-1.118995e+03
6694	-1.134609e+03
6695	-1.122958e+03
6696	-1.138464e+03
6697	-1.135027e+03
6698	-1.101624e+03
6699	-1.128290e+03
6700	-1.131017e+03
6701	-1.107058e+03
6702	-1.138365e+03
6703	-1.128673e+03
6704	-1.135778e+03
6705	-1.141388e+03
6706	-1.138212e+03
6707	-1.119798e+03
6708	-1.106410e+03
6709	-1.124430e+03
6710	-1.133681e+03
6711	-1.123089e+03
6712	-1.125424e+03
6713	-1.131699e+03
6714	-1.128286e+03
6715	-1.117381e+03
6716	-1.150263e+03
6717	-1.123544e+03
6718	-1.116286e+03
6719	-1.137513e+03
6720	-1.132060e+03
6721	-1.108114e+03
6722	-1.126745e+03
6723	-1.129235e+03
6724	-1.130722e+03
6725	-1.149445e+03
6726	-1.125576e+03
6727	-1.139326e+03
6728	-1.137968e+03
6729	-1.123611e+03
6730	-1.115672e+03
6731	-1.125553e+03
6732	-1.116446e+03
6733	-1.114885e+03
6734	-1.118256e+03
6735	-1.111653e+03
6736	-1.121125e+03
6737	-1.118298e+03
6738	-1.146806e+03
6739	-1.113621e+03
6740	-1.143552e+03
6741	-1.120327e+03
6742	-1.124734e+03
6743	-1.125869e+03
6744	-1.146071e+03
6745	-1.129358e+03
6746	-1.139198e+03
6747	-1.134954e+03
6748	-1.120880e+03
6749	-1.119530e+03
6750	-1.133626e+03
6751	-1.123283e+03
6752	-1.145883e+03
6753	-1.144786e+03
6754	-1.129458e+03
6755	-1.132815e+03
6756	-1.131919e+03
6757	-1.143984e+03
6758	-1.125983e+03
6759	-1.122405e+03
6760	-1.119947e+03
6761	-1.113631e+03
6762	-1.139685e+03
6763	-1.116966e+03
6764	-1.117003e+03
6765	-1.125670e+03
6766	-1.101990e+03
6767	-1.132015e+03
6768	-1.151662e+03
6769	-1.125911e+03
6770	-1.123569e+03
6771	-1.128181e+03
6772	-1.112971e+03
6773	-1.108063e+03
6774	-1.142928e+03
6775	-1.120768e+03
6776	-1.131601e+03
6777	-1.126863e+03
6778	-1.121944e+03
6779	-1.120883e+03
6780	-1.108471e+03
6781	-1.120513e+03
6782	-1.127072e+03
6783	-1.123801e+03
6784	-1.114589e+03
6785	-1.137384e+03
6786	-1.134609e+03
6787	-1.116459e+03
6788	-1.130820e+03
6789	-1.127628e+03
6790	-1.134859e+03
6791	-1.142470e+03
6792	-1.138685e+03
6793	-1.132885e+03
6794	-1.125686e+03
6795	-1.141729e+03
6796	-1.136057e+03
6797	-1.123563e+03
6798	-1.137187e+03
6799	-1.125143e+03
6800	-1.132507e+03
6801	-1.131513e+03
6802	-1.134688e+03
6803	-1.129545e+03
6804	-1.137596e+03
6805	-1.117399e+03
6806	-1.113579e+03
6807	-1.137330e+03
6808	-1.130928e+03
6809	-1.125893e+03
6810	-1.125558e+03
6811	-1.118374e+03
6812	-1.118064e+03
6813	-1.135933e+03
6814	-1.102693e+03
6815	-1.133377e+03
6816	-1.132784e+03
6817	-1.117315e+03
6818	-1.097339e+03
6819	-1.142129e+03
6820	-1.128884e+03
6821	-1.128531e+03
6822	-1.144820e+03
6823	-1.163290e+03
6824	-1.130269e+03
6825	-1.140628e+03
6826	-1.120328e+03
6827	-1.144916e+03
6828	-1.125556e+03
6829	-1.127328e+03
6830	-1.110316e+03
6831	-1.141106e+03
6832	-1.133744e+03
6833	-1.130210e+03
6834	-1.125780e+03
6835	-1.125767e+03
6836	-1.129640e+03
6837	-1.127003e+03
6838	-1.123316e+03
6839	-1.152163e+03
6840	-1.127057e+03
6841	-1.132269e+03
6842	-1.124770e+03
6843	-1.119528e+03
6844	-1.128090e+03
6845	-1.119610e+03
6846	-1.128240e+03
6847	-1.139108e+03
6848	-1.130610e+03
6849	-1.114459e+03
6850	-1.133067e+03
6851	-1.132189e+03
6852	-1.125383e+03
6853	-1.113179e+03
6854	-1.143084e+03
6855	-1.125371e+03
6856	-1.124637e+03
6857	-1.126929e+03
6858	-1.134464e+03
6859	-1.137501e+03
6860	-1.130477e+03
6861	-1.119942e+03
6862	-1.132263e+03
6863	-1.127669e+03
6864	-1.118329e+03
6865	-1.133664e+03
6866	-1.129253e+03
6867	-1.122291e+03
6868	-1.142955e+03
6869	-1.135959e+03
6870	-1.137718e+03
6871	-1.117111e+03
6872	-1.157087e+03
6873	-1.147971e+03
6874	-1.138192e+03
6875	-1.131655e+03
6876	-1.134908e+03
6877	-1.128803e+03
6878	-1.103366e+03
6879	-1.159531e+03
6880	-1.122016e+03
6881	-1.129694e+03
6882	-1.116261e+03
6883	-1.134186e+03
6884	-1.123487e+03
6885	-1.102091e+03
6886	-1.124424e+03
6887	-1.101743e+03
6888	-1.130017e+03
6889	-1.148047e+03
6890	-1.125380e+03
6891	-1.105683e+03
6892	-1.122463e+03
6893	-1.123322e+03
6894	-1.128810e+03
6895	-1.146586e+03
6896	-1.115456e+03
6897	-1.143934e+03
6898	-1.125297e+03
6899	-1.125476e+03
6900	-1.126951e+03
6901	-1.127447e+03
6902	-1.144108e+03
6903	-1.124829e+03
6904	-1.149538e+03
6905	-1.145453e+03
6906	-1.121003e+03
6907	-1.132780e+03
6908	-1.131343e+03
6909	-1.133218e+03
6910	-1.134693e+03
6911	-1.129403e+03
6912	-1.121455e+03
6913	-1.127814e+03
6914	-1.138527e+03
6915	-1.147595e+03
6916	-1.121426e+03
6917	-1.118053e+03
6918	-1.127477e+03
6919	-1.128852e+03
6920	-1.117309e+03
6921	-1.136390e+03
6922	-1.135303e+03
6923	-1.130539e+03
6924	-1.131352e+03
6925	-1.127764e+03
6926	-1.102050e+03
6927	-1.124966e+03
6928	-1.115633e+03
6929	-1.146470e+03
6930	-1.123052e+03
6931	-1.118357e+03
6932	-1.148014e+03
6933	-1.123445e+03
6934	-1.122330e+03
6935	-1.117474e+03
6936	-1.118347e+03
6937	-1.129268e+03
6938	-1.133378e+03
6939	-1.137212e+03
6940	-1.113904e+03
6941	-1.135355e+03
6942	-1.137377e+03
6943	-1.147579e+03
6944	-1.125211e+03
6945	-1.135848e+03
6946	-1.127767e+03
6947	-1.130411e+03
6948	-1.131731e+03
6949	-1.143288e+03
6950	-1.123386e+03
6951	-1.136123e+03
6952	-1.128869e+03
6953	-1.123082e+03
6954	-1.146322e+03
6955	-1.132516e+03
6956	-1.116287e+03
6957	-1.140023e+03
6958	-1.135440e+03
6959	-1.119343e+03
6960	-1.146537e+03
6961	-1.139784e+03
6962	-1.130260e+03
6963	-1.125852e+03
6964	-1.126361e+03
6965	-1.126895e+03
6966	-1.118692e+03
6967	-1.126609e+03
6968	-1.132725e+03
6969	-1.124192e+03
6970	-1.110370e+03
6971	-1.134642e+03
6972	-1.131651e+03
6973	-1.147162e+03
6974	-1.135816e+03
6975	-1.109130e+03
6976	-1.101812e+03
6977	-1.136435e+03
6978	-1.117014e+03
6979	-1.138447e+03
6980	-1.126560e+03
6981	-1.119582e+03
6982	-1.134916e+03
6983	-1.112655e+03
6984	-1.120160e+03
6985	-1.143946e+03
6986	-1.125532e+03
6987	-1.127338e+03
6988	-1.143730e+03
6989	-1.117680e+03
6990	-1.130175e+03
6991	-1.126832e+03
6992	-1.130430e+03
6993	-1.119257e+03
6994	-1.143616e+03
6995	-1.127899e+03
6996	-1.133980e+03
6997	-1.137777e+03
6998	-1.130603e+03
6999	-1.127847e+03
7000	-1.129940e+03
7001	-1.108472e+03
7002	-1.125039e+03
7003	-1.136188e+03
7004	-1.119774e+03
7005	-1.116601e+03
7006	-1.117947e+03
7007	-1.120605e+03
7008	-1.142815e+03
7009	-1.124540e+03
7010	-1.118077e+03
7011	-1.143791e+03
7012	-1.114116e+03
7013	-1.113831e+03
7014	-1.103177e+03
7015	-1.113164e+03
7016	-1.123865e+03
7017	-1.124960e+03
7018	-1.142937e+03
7019	-1.119897e+03
7020	-1.142762e+03
7021	-1.129681e+03
7022	-1.135040e+03
7023	-1.123200e+03
7024	-1.122454e+03
7025	-1.121517e+03
7026	-1.116143e+03
7027	-1.115482e+03
7028	-1.118450e+03
7029	-1.118227e+03
7030	-1.141821e+03
7031	-1.114213e+03
7032	-1.132565e+03
7033	-1.149740e+03
7034	-1.104899e+03
7035	-1.134166e+03
7036	-1.131832e+03
7037	-1.103817e+03
7038	-1.119446e+03
7039	-1.131603e+03
7040	-1.129027e+03
7041	-1.144284e+03
7042	-1.136669e+03
7043	-1.125768e+03
7044	-1.111378e+03
7045	-1.121980e+03
7046	-1.119034e+03
7047	-1.108377e+03
7048	-1.152372e+03
7049	-1.137015e+03
7050	-1.127058e+03
7051	-1.137159e+03
7052	-1.136067e+03
7053	-1.141556e+03
7054	-1.129948e+03
7055	-1.129900e+03
7056	-1.130951e+03
7057	-1.130562e+03
7058	-1.119777e+03
7059	-1.121466e+03
7060	-1.130403e+03
7061	-1.124868e+03
7062	-1.117188e+03
7063	-1.123539e+03
7064	-1.130630e+03
7065	-1.129947e+03
7066	-1.111853e+03
7067	-1.140733e+03
7068	-1.120502e+03
7069	-1.123389e+03
7070	-1.123487e+03
7071	-1.130968e+03
7072	-1.122285e+03
7073	-1.147424e+03
7074	-1.139843e+03
7075	-1.104975e+03
7076	-1.152939e+03
7077	-1.129725e+03
7078	-1.138740e+03
7079	-1.118456e+03
7080	-1.145356e+03
7081	-1.118600e+03
7082	-1.138006e+03
7083	-1.140588e+03
7084	-1.120223e+03
7085	-1.138604e+03
7086	-1.122267e+03
7087	-1.141096e+03
7088	-1.126262e+03
7089	-1.126999e+03
7090	-1.119940e+03
7091	-1.138757e+03
7092	-1.117883e+03
7093	-1.140395e+03
7094	-1.116173e+03
7095	-1.131439e+03
7096	-1.112414e+03
7097	-1.120467e+03
7098	-1.121182e+03
7099	-1.122489e+03
7100	-1.129592e+03
7101	-1.131481e+03
7102	-1.123539e+03
7103	-1.148017e+03
7104	-1.126656e+03
7105	-1.126076e+03
7106	-1.115759e+03
7107	-1.126137e+03
7108	-1.130904e+03
7109	-1.121848e+03
7110	-1.120405e+03
7111	-1.129614e+03
7112	-1.106601e+03
7113	-1.131678e+03
7114	-1.128673e+03
7115	-1.134496e+03
7116	-1.116762e+03
7117	-1.124887e+03
7118	-1.114690e+03
7119	-1.112552e+03
7120	-1.126240e+03
7121	-1.117865e+03
7122	-1.116704e+03
7123	-1.113876e+03
7124	-1.137835e+03
7125	-1.129134e+03
7126	-1.123098e+03
7127	-1.120476e+03
7128	-1.130156e+03
7129	-1.137914e+03
7130	-1.121640e+03
7131	-1.122162e+03
7132	-1.123591e+03
7133	-1.140284e+03
7134	-1.143856e+03
7135	-1.136337e+03
7136	-1.119012e+03
7137	-1.112273e+03
7138	-1.151102e+03
7139	-1.113076e+03
7140	-1.120342e+03
7141	-1.126313e+03
7142	-1.148811e+03
7143	-1.124143e+03
7144	-1.125941e+03
7145	-1.144984e+03
7146	-1.121221e+03
7147	-1.128439e+03
7148	-1.115645e+03
7149	-1.127831e+03
7150	-1.118586e+03
7151	-1.109727e+03
7152	-1.131879e+03
7153	-1.135212e+03
7154	-1.113601e+03
7155	-1.130541e+03
7156	-1.134200e+03
7157	-1.128577e+03
7158	-1.117242e+03
7159	-1.141088e+03
7160	-1.140272e+03
7161	-1.131296e+03
7162	-1.138352e+03
7163	-1.116847e+03
7164	-1.123951e+03
7165	-1.128312e+03
7166	-1.100840e+03
7167	-1.150864e+03
7168	-1.128974e+03
7169	-1.133473e+03
7170	-1.143352e+03
7171	-1.142190e+03
7172	-1.127520e+03
7173	-1.131689e+03
7174	-1.128901e+03
7175	-1.132749e+03
7176	-1.118661e+03
7177	-1.135095e+03
7178	-1.122459e+03
7179	-1.142351e+03
7180	-1.126071e+03
7181	-1.130610e+03
7182	-1.118964e+03
7183	-1.127104e+03
7184	-1.134520e+03
7185	-1.119991e+03
7186	-1.133728e+03
7187	-1.119240e+03
7188	-1.142883e+03
7189	-1.147584e+03
7190	-1.110351e+03
7191	-1.102226e+03
7192	-1.129450e+03
7193	-1.130940e+03
7194	-1.131948e+03
7195	-1.134845e+03
7196	-1.136786e+03
7197	-1.125156e+03
7198	-1.149706e+03
7199	-1.141601e+03
7200	-1.140074e+03
7201	-1.129975e+03
7202	-1.105686e+03
7203	-1.138355e+03
7204	-1.129022e+03
7205	-1.118261e+03
7206	-1.120706e+03
7207	-1.126035e+03
7208	-1.137001e+03
7209	-1.127610e+03
7210	-1.113506e+03
7211	-1.150414e+03
7212	-1.136876e+03
7213	-1.136928e+03
7214	-1.141469e+03
7215	-1.136902e+03
7216	-1.122005e+03
7217	-1.120399e+03
7218	-1.112387e+03
7219	-1.120448e+03
7220	-1.140405e+03
7221	-1.126200e+03
7222	-1.120598e+03
7223	-1.119333e+03
7224	-1.124095e+03
7225	-1.121680e+03
7226	-1.134358e+03
7227	-1.136273e+03
7228	-1.110798e+03
7229	-1.133197e+03
7230	-1.126403e+03
7231	-1.121731e+03
7232	-1.110440e+03
7233	-1.130378e+03
7234	-1.124296e+03
7235	-1.124153e+03
7236	-1.116198e+03
7237	-1.106283e+03
7238	-1.126647e+03
7239	-1.141216e+03
7240	-1.116146e+03
7241	-1.129206e+03
7242	-1.125954e+03
7243	-1.126061e+03
7244	-1.127840e+03
7245	-1.125510e+03
7246	-1.121953e+03
7247	-1.129221e+03
7248	-1.148184e+03
7249	-1.109009e+03
7250	-1.142036e+03
7251	-1.118124e+03
7252	-1.144437e+03
7253	-1.121506e+03
7254	-1.123384e+03
7255	-1.137417e+03
7256	-1.145541e+03
7257	-1.117995e+03
7258	-1.119147e+03
7259	-1.145790e+03
7260	-1.157666e+03
7261	-1.124822e+03
7262	-1.134270e+03
7263	-1.104369e+03
7264	-1.111812e+03
7265	-1.124338e+03
7266	-1.143334e+03
7267	-1.127446e+03
7268	-1.110643e+03
7269	-1.119692e+03
7270	-1.134519e+03
7271	-1.123000e+03
7272	-1.134421e+03
7273	-1.119336e+03
7274	-1.128572e+03
7275	-1.103918e+03
7276	-1.120512e+03
7277	-1.132647e+03
7278	-1.106656e+03
7279	-1.121724e+03
7280	-1.140455e+03
7281	-1.137810e+03
7282	-1.146960e+03
7283	-1.160958e+03
7284	-1.122008e+03
7285	-1.132192e+03
7286	-1.114264e+03
7287	-1.125664e+03
7288	-1.129908e+03
7289	-1.132568e+03
7290	-1.136448e+03
7291	-1.143915e+03
7292	-1.132396e+03
7293	-1.121228e+03
7294	-1.125288e+03
7295	-1.140254e+03
7296	-1.125109e+03
7297	-1.132255e+03
7298	-1.124137e+03
7299	-1.138100e+03
7300	-1.117258e+03
7301	-1.117898e+03
7302	-1.141950e+03
7303	-1.125274e+03
7304	-1.122236e+03
7305	-1.136878e+03
7306	-1.131429e+03
7307	-1.119109e+03
7308	-1.133170e+03
7309	-1.147212e+03
7310	-1.117690e+03
7311	-1.138392e+03
7312	-1.134578e+03
7313	-1.123620e+03
7314	-1.133979e+03
7315	-1.122628e+03
7316	-1.126537e+03
7317	-1.137814e+03
7318	-1.121982e+03
7319	-1.128632e+03
7320	-1.122177e+03
7321	-1.131977e+03
7322	-1.116464e+03
7323	-1.130647e+03
7324	-1.116939e+03
7325	-1.121964e+03
7326	-1.128236e+03
7327	-1.137406e+03
7328	-1.119005e+03
7329	-1.114348e+03
7330	-1.127772e+03
7331	-1.112937e+03
7332	-1.117335e+03
7333	-1.115513e+03
7334	-1.131400e+03
7335	-1.152835e+03
7336	-1.115874e+03
7337	-1.143232e+03
7338	-1.139760e+03
7339	-1.121712e+03
7340	-1.157582e+03
7341	-1.149371e+03
7342	-1.130065e+03
7343	-1.125568e+03
7344	-1.124600e+03
7345	-1.109887e+03
7346	-1.119548e+03
7347	-1.145416e+03
7348	-1.118481e+03
7349	-1.152345e+03
7350	-1.133576e+03
7351	-1.137351e+03
7352	-1.113007e+03
7353	-1.125440e+03
7354	-1.140105e+03
7355	-1.117743e+03
7356	-1.133572e+03
7357	-1.128021e+03
7358	-1.124672e+03
7359	-1.128087e+03
7360	-1.137332e+03
7361	-1.113946e+03
7362	-1.130226e+03
7363	-1.141756e+03
7364	-1.124413e+03
7365	-1.114201e+03
7366	-1.137766e+03
7367	-1.111559e+03
7368	-1.133292e+03
7369	-1.104893e+03
7370	-1.138034e+03
7371	-1.126330e+03
7372	-1.138518e+03
7373	-1.134052e+03
7374	-1.148713e+03
7375	-1.138687e+03
7376	-1.110352e+03
7377	-1.141831e+03
7378	-1.125604e+03
7379	-1.129400e+03
7380	-1.120211e+03
7381	-1.128191e+03
7382	-1.104629e+03
7383	-1.121711e+03
7384	-1.119857e+03
7385	-1.127883e+03
7386	-1.152761e+03
7387	-1.149891e+03
7388	-1.128138e+03
7389	-1.133451e+03
7390	-1.127269e+03
7391	-1.137237e+03
7392	-1.132493e+03
7393	-1.121350e+03
7394	-1.154108e+03
7395	-1.121295e+03
7396	-1.145333e+03
7397	-1.135875e+03
7398	-1.130551e+03
7399	-1.136424e+03
7400	-1.132581e+03
7401	-1.141539e+03
7402	-1.137754e+03
7403	-1.119938e+03
7404	-1.124810e+03
7405	-1.146239e+03
7406	-1.141720e+03
7407	-1.132723e+03
7408	-1.147341e+03
7409	-1.123822e+03
7410	-1.127675e+03
7411	-1.129640e+03
7412	-1.132990e+03
7413	-1.125690e+03
7414	-1.139047e+03
7415	-1.125667e+03
7416	-1.129826e+03
7417	-1.118993e+03
7418	-1.137289e+03
7419	-1.131958e+03
7420	-1.130538e+03
7421	-1.113880e+03
7422	-1.125185e+03
7423	-1.137712e+03
7424	-1.130729e+03
7425	-1.119093e+03
7426	-1.132188e+03
7427	-1.121056e+03
7428	-1.128163e+03
7429	-1.130289e+03
7430	-1.129555e+03
7431	-1.135532e+03
7432	-1.135197e+03
7433	-1.135994e+03
7434	-1.131043e+03
7435	-1.143902e+03
7436	-1.145700e+03
7437	-1.134831e+03
7438	-1.127073e+03
7439	-1.123191e+03
7440	-1.120136e+03
7441	-1.142495e+03
7442	-1.142238e+03
7443	-1.135656e+03
7444	-1.106757e+03
7445	-1.129454e+03
7446	-1.129813e+03
7447	-1.114954e+03
7448	-1.145526e+03
7449	-1.130931e+03
7450	-1.127579e+03
7451	-1.124632e+03
7452	-1.124866e+03
7453	-1.110414e+03
7454	-1.109529e+03
7455	-1.129833e+03
7456	-1.136943e+03
7457	-1.128213e+03
7458	-1.134498e+03
7459	-1.139982e+03
7460	-1.138172e+03
7461	-1.122806e+03
7462	-1.131823e+03
7463	-1.132834e+03
7464	-1.140177e+03
7465	-1.116553e+03
7466	-1.150467e+03
7467	-1.147247e+03
7468	-1.121898e+03
7469	-1.132398e+03
7470	-1.101486e+03
7471	-1.115897e+03
7472	-1.139306e+03
7473	-1.131268e+03
7474	-1.122249e+03
7475	-1.106152e+03
7476	-1.129925e+03
7477	-1.131020e+03
7478	-1.127153e+03
7479	-1.134767e+03
7480	-1.124054e+03
7481	-1.136902e+03
7482	-1.124480e+03
7483	-1.132077e+03
7484	-1.124098e+03
7485	-1.127190e+03
7486	-1.127397e+03
7487	-1.129424e+03
7488	-1.136490e+03
7489	-1.137509e+03
7490	-1.124966e+03
7491	-1.127203e+03
7492	-1.140507e+03
7493	-1.136377e+03
7494	-1.105134e+03
7495	-1.125531e+03
7496	-1.120317e+03
7497	-1.121599e+03
7498	-1.135070e+03
7499	-1.122572e+03
7500	-1.132830e+03
7501	-1.126517e+03
7502	-1.105928e+03
7503	-1.124588e+03
7504	-1.123353e+03
7505	-1.124522e+03
7506	-1.122658e+03
7507	-1.133859e+03
7508	-1.132498e+03
7509	-1.133086e+03
7510	-1.120696e+03
7511	-1.124956e+03
7512	-1.136819e+03
7513	-1.137154e+03
7514	-1.136347e+03
7515	-1.127678e+03
7516	-1.113273e+03
7517	-1.121977e+03
7518	-1.112986e+03
7519	-1.126032e+03
7520	-1.135149e+03
7521	-1.138743e+03
7522	-1.129691e+03
7523	-1.106383e+03
7524	-1.146059e+03
7525	-1.133378e+03
7526	-1.126395e+03
7527	-1.130433e+03
7528	-1.112481e+03
7529	-1.109460e+03
7530	-1.143970e+03
7531	-1.128372e+03
7532	-1.125229e+03
7533	-1.114148e+03
7534	-1.126967e+03
7535	-1.129401e+03
7536	-1.142144e+03
7537	-1.128437e+03
7538	-1.107829e+03
7539	-1.142384e+03
7540	-1.120575e+03
7541	-1.116919e+03
7542	-1.128653e+03
7543	-1.136145e+03
7544	-1.118177e+03
7545	-1.108104e+03
7546	-1.123540e+03
7547	-1.128340e+03
7548	-1.137367e+03
7549	-1.113638e+03
7550	-1.116880e+03
7551	-1.116873e+03
7552	-1.125565e+03
7553	-1.130427e+03
7554	-1.131082e+03
7555	-1.132203e+03
7556	-1.111712e+03
7557	-1.121201e+03
7558	-1.122157e+03
7559	-1.124590e+03
7560	-1.113513e+03
7561	-1.109390e+03
7562	-1.137628e+03
7563	-1.135034e+03
7564	-1.110445e+03
7565	-1.129909e+03
7566	-1.138985e+03
7567	-1.139557e+03
7568	-1.120571e+03
7569	-1.116257e+03
7570	-1.147233e+03
7571	-1.114369e+03
7572	-1.117894e+03
7573	-1.134054e+03
7574	-1.125441e+03
7575	-1.142381e+03
7576	-1.120611e+03
7577	-1.129050e+03
7578	-1.126281e+03
7579	-1.130720e+03
7580	-1.128253e+03
7581	-1.145831e+03
7582	-1.117958e+03
7583	-1.126755e+03
7584	-1.133309e+03
7585	-1.132454e+03
7586	-1.121668e+03
7587	-1.125690e+03
7588	-1.137194e+03
7589	-1.131072e+03
7590	-1.131653e+03
7591	-1.137112e+03
7592	-1.103767e+03
7593	-1.112678e+03
7594	-1.141229e+03
7595	-1.140315e+03
7596	-1.136253e+03
7597	-1.150495e+03
7598	-1.150811e+03
7599	-1.118324e+03
7600	-1.135014e+03
7601	-1.138717e+03
7602	-1.140648e+03
7603	-1.133045e+03
7604	-1.147294e+03
7605	-1.124355e+03
7606	-1.124783e+03
7607	-1.125134e+03
7608	-1.121391e+03
7609	-1.125212e+03
7610	-1.122134e+03
7611	-1.115577e+03
7612	-1.121873e+03
7613	-1.144709e+03
7614	-1.115010e+03
7615	-1.131553e+03
7616	-1.130831e+03
7617	-1.140581e+03
7618	-1.116177e+03
7619	-1.114121e+03
7620	-1.112738e+03
7621	-1.115185e+03
7622	-1.148203e+03
7623	-1.125830e+03
7624	-1.114759e+03
7625	-1.122832e+03
7626	-1.131936e+03
7627	-1.103517e+03
7628	-1.122537e+03
7629	-1.142427e+03
7630	-1.125040e+03
7631	-1.136065e+03
7632	-1.132851e+03
7633	-1.121582e+03
7634	-1.131463e+03
7635	-1.122410e+03
7636	-1.133666e+03
7637	-1.138443e+03
7638	-1.120108e+03
7639	-1.130270e+03
7640	-1.128714e+03
7641	-1.118059e+03
7642	-1.146508e+03
7643	-1.138251e+03
7644	-1.125133e+03
7645	-1.116702e+03
7646	-1.151202e+03
7647	-1.138673e+03
7648	-1.146429e+03
7649	-1.111698e+03
7650	-1.123776e+03
7651	-1.123253e+03
7652	-1.150436e+03
7653	-1.119729e+03
7654	-1.139929e+03
7655	-1.127826e+03
7656	-1.108844e+03
7657	-1.126428e+03
7658	-1.130035e+03
7659	-1.140418e+03
7660	-1.131586e+03
7661	-1.124038e+03
7662	-1.118484e+03
7663	-1.127604e+03
7664	-1.131362e+03
7665	-1.116132e+03
7666	-1.124114e+03
7667	-1.150556e+03
7668	-1.135269e+03
7669	-1.125471e+03
7670	-1.132180e+03
7671	-1.133134e+03
7672	-1.148409e+03
7673	-1.128662e+03
7674	-1.115229e+03
7675	-1.137127e+03
7676	-1.139586e+03
7677	-1.118313e+03
7678	-1.129691e+03
7679	-1.123872e+03
7680	-1.124812e+03
7681	-1.139087e+03
7682	-1.122990e+03
7683	-1.115055e+03
7684	-1.129411e+03
7685	-1.125669e+03
7686	-1.140721e+03
7687	-1.129576e+03
7688	-1.126108e+03
7689	-1.122263e+03
7690	-1.134002e+03
7691	-1.126436e+03
7692	-1.118829e+03
7693	-1.118027e+03
7694	-1.134566e+03
7695	-1.129363e+03
7696	-1.112524e+03
7697	-1.133154e+03
7698	-1.118953e+03
7699	-1.117681e+03
7700	-1.126598e+03
7701	-1.139779e+03
7702	-1.143709e+03
7703	-1.116709e+03
7704	-1.131333e+03
7705	-1.127606e+03
7706	-1.133597e+03
7707	-1.112220e+03
7708	-1.127397e+03
7709	-1.111025e+03
7710	-1.131885e+03
7711	-1.132729e+03
7712	-1.120904e+03
7713	-1.127646e+03
7714	-1.120714e+03
7715	-1.125681e+03
7716	-1.134220e+03
7717	-1.136792e+03
7718	-1.144426e+03
7719	-1.132162e+03
7720	-1.142175e+03
7721	-1.136431e+03
7722	-1.144753e+03
7723	-1.119450e+03
7724	-1.125869e+03
7725	-1.120329e+03
7726	-1.125111e+03
7727	-1.101268e+03
7728	-1.118941e+03
7729	-1.130718e+03
7730	-1.129569e+03
7731	-1.114665e+03
7732	-1.126950e+03
7733	-1.126171e+03
7734	-1.134219e+03
7735	-1.125310e+03
7736	-1.121358e+03
7737	-1.130057e+03
7738	-1.133239e+03
7739	-1.118522e+03
7740	-1.122958e+03
7741	-1.116472e+03
7742	-1.134341e+03
7743	-1.127146e+03
7744	-1.137121e+03
7745	-1.140048e+03
7746	-1.126855e+03
7747	-1.127541e+03
7748	-1.114601e+03
7749	-1.137871e+03
7750	-1.128955e+03
7751	-1.153508e+03
7752	-1.122991e+03
7753	-1.146513e+03
7754	-1.131957e+03
7755	-1.148144e+03
7756	-1.147305e+03
7757	-1.121170e+03
7758	-1.110417e+03
7759	-1.132131e+03
7760	-1.113028e+03
7761	-1.137114e+03
7762	-1.126678e+03
7763	-1.145329e+03
7764	-1.150581e+03
7765	-1.138773e+03
7766	-1.116063e+03
7767	-1.123514e+03
7768	-1.125732e+03
7769	-1.142155e+03
7770	-1.137707e+03
7771	-1.137795e+03
7772	-1.133371e+03
7773	-1.127916e+03
7774	-1.121967e+03
7775	-1.126432e+03
7776	-1.105972e+03
7777	-1.130610e+03
7778	-1.147443e+03
7779	-1.143808e+03
7780	-1.114590e+03
7781	-1.133003e+03
7782	-1.132968e+03
7783	-1.123926e+03
7784	-1.120943e+03
7785	-1.122201e+03
7786	-1.114345e+03
7787	-1.122951e+03
7788	-1.114628e+03
7789	-1.120254e+03
7790	-1.149013e+03
7791	-1.129567e+03
7792	-1.127574e+03
7793	-1.145617e+03
7794	-1.118518e+03
7795	-1.118510e+03
7796	-1.123691e+03
7797	-1.116199e+03
7798	-1.133490e+03
7799	-1.144359e+03
7800	-1.134432e+03
7801	-1.119434e+03
7802	-1.136352e+03
7803	-1.122616e+03
7804	-1.146086e+03
7805	-1.131836e+03
7806	-1.156642e+03
7807	-1.139073e+03
7808	-1.129903e+03
7809	-1.139074e+03
7810	-1.136450e+03
7811	-1.121925e+03
7812	-1.128788e+03
7813	-1.129553e+03
7814	-1.117854e+03
7815	-1.120922e+03
7816	-1.124448e+03
7817	-1.136842e+03
7818	-1.107025e+03
7819	-1.133766e+03
7820	-1.116885e+03
7821	-1.154344e+03
7822	-1.123079e+03
7823	-1.125804e+03
7824	-1.127288e+03
7825	-1.116028e+03
7826	-1.136114e+03
7827	-1.131924e+03
7828	-1.123216e+03
7829	-1.139027e+03
7830	-1.121243e+03
7831	-1.127955e+03
7832	-1.130484e+03
7833	-1.133138e+03
7834	-1.097398e+03
7835	-1.110650e+03
7836	-1.129206e+03
7837	-1.125591e+03
7838	-1.114060e+03
7839	-1.125418e+03
7840	-1.127547e+03
7841	-1.142538e+03
7842	-1.137666e+03
7843	-1.115681e+03
7844	-1.131888e+03
7845	-1.110150e+03
7846	-1.139989e+03
7847	-1.126245e+03
7848	-1.126294e+03
7849	-1.123421e+03
7850	-1.129205e+03
7851	-1.134853e+03
7852	-1.138794e+03
7853	-1.133953e+03
7854	-1.121236e+03
7855	-1.112811e+03
7856	-1.121247e+03
7857	-1.124731e+03
7858	-1.121321e+03
7859	-1.120802e+03
7860	-1.130029e+03
7861	-1.115784e+03
7862	-1.131510e+03
7863	-1.120521e+03
7864	-1.125959e+03
7865	-1.135923e+03
7866	-1.108220e+03
7867	-1.140797e+03
7868	-1.129524e+03
7869	-1.108975e+03
7870	-1.130746e+03
7871	-1.137389e+03
7872	-1.131396e+03
7873	-1.124153e+03
7874	-1.126544e+03
7875	-1.124477e+03
7876	-1.119349e+03
7877	-1.119406e+03
7878	-1.120922e+03
7879	-1.137649e+03
7880	-1.150754e+03
7881	-1.137439e+03
7882	-1.129170e+03
7883	-1.149650e+03
7884	-1.115383e+03
7885	-1.127825e+03
7886	-1.147521e+03
7887	-1.106579e+03
7888	-1.135734e+03
7889	-1.114599e+03
7890	-1.132515e+03
7891	-1.121552e+03
7892	-1.112184e+03
7893	-1.122818e+03
7894	-1.137414e+03
7895	-1.140617e+03
7896	-1.112003e+03
7897	-1.133750e+03
7898	-1.122771e+03
7899	-1.115572e+03
7900	-1.139740e+03
7901	-1.123967e+03
7902	-1.147224e+03
7903	-1.139858e+03
7904	-1.128127e+03
7905	-1.141552e+03
7906	-1.116777e+03
7907	-1.143592e+03
7908	-1.139779e+03
7909	-1.125743e+03
7910	-1.120364e+03
7911	-1.130781e+03
7912	-1.139505e+03
7913	-1.120879e+03
7914	-1.133405e+03
7915	-1.111498e+03
7916	-1.133258e+03
7917	-1.129963e+03
7918	-1.135869e+03
7919	-1.136469e+03
7920	-1.143764e+03
7921	-1.120017e+03
7922	-1.119493e+03
7923	-1.130351e+03
7924	-1.134968e+03
7925	-1.129874e+03
7926	-1.121822e+03
7927	-1.100217e+03
7928	-1.123784e+03
7929	-1.122741e+03
7930	-1.111342e+03
7931	-1.118353e+03
7932	-1.127910e+03
7933	-1.149104e+03
7934	-1.134270e+03
7935	-1.118504e+03
7936	-1.117795e+03
7937	-1.146612e+03
7938	-1.122365e+03
7939	-1.138635e+03
7940	-1.156166e+03
7941	-1.139783e+03
7942	-1.120668e+03
7943	-1.119100e+03
7944	-1.138252e+03
7945	-1.122244e+03
7946	-1.136350e+03
7947	-1.125770e+03
7948	-1.137851e+03
7949	-1.136800e+03
7950	-1.112496e+03
7951	-1.128722e+03
7952	-1.124978e+03
7953	-1.125523e+03
7954	-1.115205e+03
7955	-1.139512e+03
7956	-1.124087e+03
7957	-1.131437e+03
7958	-1.124646e+03
7959	-1.130103e+03
7960	-1.111101e+03
7961	-1.127491e+03
7962	-1.131076e+03
7963	-1.121646e+03
7964	-1.113957e+03
7965	-1.129187e+03
7966	-1.127478e+03
7967	-1.142821e+03
7968	-1.129584e+03
7969	-1.144569e+03
7970	-1.123196e+03
7971	-1.123129e+03
7972	-1.125605e+03
7973	-1.135400e+03
7974	-1.135937e+03
7975	-1.138548e+03
7976	-1.123731e+03
7977	-1.114102e+03
7978	-1.141066e+03
7979	-1.104258e+03
7980	-1.143507e+03
7981	-1.128440e+03
7982	-1.105647e+03
7983	-1.140451e+03
7984	-1.103953e+03
7985	-1.129569e+03
7986	-1.146590e+03
7987	-1.137534e+03
7988	-1.134333e+03
7989	-1.121521e+03
7990	-1.153535e+03
7991	-1.120733e+03
7992	-1.122842e+03
7993	-1.123902e+03
7994	-1.139398e+03
7995	-1.118067e+03
7996	-1.129540e+03
7997	-1.137031e+03
7998	-1.130450e+03
7999	-1.124046e+03
8000	-1.138843e+03
8001	-1.131205e+03
8002	-1.141989e+03
8003	-1.146849e+03
8004	-1.144341e+03
8005	-1.121903e+03
8006	-1.125068e+03
8007	-1.136854e+03
8008	-1.151836e+03
8009	-1.135670e+03
8010	-1.115467e+03
8011	-1.128335e+03
8012	-1.145719e+03
8013	-1.147610e+03
8014	-1.142839e+03
8015	-1.109403e+03
8016	-1.107378e+03
8017	-1.131474e+03
8018	-1.140398e+03
8019	-1.145844e+03
8020	-1.119707e+03
8021	-1.146157e+03
8022	-1.159007e+03
8023	-1.124276e+03
8024	-1.121041e+03
8025	-1.137262e+03
8026	-1.123912e+03
8027	-1.121895e+03
8028	-1.131242e+03
8029	-1.117703e+03
8030	-1.116373e+03
8031	-1.133437e+03
8032	-1.130631e+03
8033	-1.135448e+03
8034	-1.128037e+03
8035	-1.121440e+03
8036	-1.134581e+03
8037	-1.109028e+03
8038	-1.147445e+03
8039	-1.133361e+03
8040	-1.120476e+03
8041	-1.118127e+03
8042	-1.124800e+03
8043	-1.131345e+03
8044	-1.144791e+03
8045	-1.121317e+03
8046	-1.131703e+03
8047	-1.120023e+03
8048	-1.128323e+03
8049	-1.134218e+03
8050	-1.119753e+03
8051	-1.120694e+03
8052	-1.122527e+03
8053	-1.124378e+03
8054	-1.134647e+03
8055	-1.132363e+03
8056	-1.123605e+03
8057	-1.125085e+03
8058	-1.124918e+03
8059	-1.126452e+03
8060	-1.127658e+03
8061	-1.129718e+03
8062	-1.107086e+03
8063	-1.130249e+03
8064	-1.138873e+03
8065	-1.140296e+03
8066	-1.134654e+03
8067	-1.130391e+03
8068	-1.127774e+03
8069	-1.158705e+03
8070	-1.155045e+03
8071	-1.120975e+03
8072	-1.127041e+03
8073	-1.122779e+03
8074	-1.125698e+03
8075	-1.137345e+03
8076	-1.100530e+03
8077	-1.121981e+03
8078	-1.136968e+03
8079	-1.111568e+03
8080	-1.127015e+03
8081	-1.138124e+03
8082	-1.144842e+03
8083	-1.134430e+03
8084	-1.141373e+03
8085	-1.126249e+03
8086	-1.123121e+03
8087	-1.137631e+03
8088	-1.132589e+03
8089	-1.152943e+03
8090	-1.116923e+03
8091	-1.130228e+03
8092	-1.133965e+03
8093	-1.117241e+03
8094	-1.143745e+03
8095	-1.123841e+03
8096	-1.127345e+03
8097	-1.150138e+03
8098	-1.135241e+03
8099	-1.156947e+03
8100	-1.108246e+03
8101	-1.111477e+03
8102	-1.130366e+03
8103	-1.134600e+03
8104	-1.106670e+03
8105	-1.125853e+03
8106	-1.158109e+03
8107	-1.125832e+03
8108	-1.135766e+03
8109	-1.116671e+03
8110	-1.113501e+03
8111	-1.138423e+03
8112	-1.128263e+03
8113	-1.117479e+03
8114	-1.115243e+03
8115	-1.142004e+03
8116	-1.122673e+03
8117	-1.111205e+03
8118	-1.138143e+03
8119	-1.130539e+03
8120	-1.124623e+03
8121	-1.139400e+03
8122	-1.124312e+03
8123	-1.133991e+03
8124	-1.116816e+03
8125	-1.122467e+03
8126	-1.150623e+03
8127	-1.123404e+03
8128	-1.134521e+03
8129	-1.123270e+03
8130	-1.120692e+03
8131	-1.141828e+03
8132	-1.111281e+03
8133	-1.126950e+03
8134	-1.128288e+03
8135	-1.143005e+03
8136	-1.129473e+03
8137	-1.128972e+03
8138	-1.108505e+03
8139	-1.124880e+03
8140	-1.121863e+03
8141	-1.097326e+03
8142	-1.129776e+03
8143	-1.145267e+03
8144	-1.102549e+03
8145	-1.132446e+03
8146	-1.109933e+03
8147	-1.126470e+03
8148	-1.131444e+03
8149	-1.128714e+03
8150	-1.147001e+03
8151	-1.134579e+03
8152	-1.132907e+03
8153	-1.139883e+03
8154	-1.129725e+03
8155	-1.128775e+03
8156	-1.124173e+03
8157	-1.111730e+03
8158	-1.123062e+03
8159	-1.145368e+03
8160	-1.124778e+03
8161	-1.127945e+03
8162	-1.134933e+03
8163	-1.135067e+03
8164	-1.136609e+03
8165	-1.122250e+03
8166	-1.126402e+03
8167	-1.132384e+03
8168	-1.122975e+03
8169	-1.125460e+03
8170	-1.131862e+03
8171	-1.129671e+03
8172	-1.111091e+03
8173	-1.097171e+03
8174	-1.140155e+03
8175	-1.134841e+03
8176	-1.150008e+03
8177	-1.130448e+03
8178	-1.131463e+03
8179	-1.122524e+03
8180	-1.124499e+03
8181	-1.128291e+03
8182	-1.120935e+03
8183	-1.130353e+03
8184	-1.129614e+03
8185	-1.126415e+03
8186	-1.129637e+03
8187	-1.140236e+03
8188	-1.146552e+03
8189	-1.126475e+03
8190	-1.132252e+03
8191	-1.136860e+03
8192	-1.126778e+03
8193	-1.129966e+03
8194	-1.116157e+03
8195	-1.143773e+03
8196	-1.133450e+03
8197	-1.134424e+03
8198	-1.110129e+03
8199	-1.144198e+03
8200	-1.138719e+03
8201	-1.123842e+03
8202	-1.140264e+03
8203	-1.130940e+03
8204	-1.128538e+03
8205	-1.144419e+03
8206	-1.130094e+03
8207	-1.118954e+03
8208	-1.111525e+03
8209	-1.132086e+03
8210	-1.146267e+03
8211	-1.138070e+03
8212	-1.125337e+03
8213	-1.126931e+03
8214	-1.119657e+03
8215	-1.118891e+03
8216	-1.129295e+03
8217	-1.146064e+03
8218	-1.135811e+03
8219	-1.134290e+03
8220	-1.132960e+03
8221	-1.121194e+03
8222	-1.135620e+03
8223	-1.128248e+03
8224	-1.128837e+03
8225	-1.147643e+03
8226	-1.120428e+03
8227	-1.157881e+03
8228	-1.152766e+03
8229	-1.141793e+03
8230	-1.118099e+03
8231	-1.120713e+03
8232	-1.130794e+03
8233	-1.124049e+03
8234	-1.134716e+03
8235	-1.138078e+03
8236	-1.118041e+03
8237	-1.142931e+03
8238	-1.130939e+03
8239	-1.122466e+03
8240	-1.127327e+03
8241	-1.134672e+03
8242	-1.128171e+03
8243	-1.125630e+03
8244	-1.134759e+03
8245	-1.122172e+03
8246	-1.135029e+03
8247	-1.138409e+03
8248	-1.134766e+03
8249	-1.136702e+03
8250	-1.122263e+03
8251	-1.137275e+03
8252	-1.127158e+03
8253	-1.132073e+03
8254	-1.132689e+03
8255	-1.122490e+03
8256	-1.119897e+03
8257	-1.110962e+03
8258	-1.118090e+03
8259	-1.154026e+03
8260	-1.128042e+03
8261	-1.140821e+03
8262	-1.125364e+03
8263	-1.122952e+03
8264	-1.120878e+03
8265	-1.137088e+03
8266	-1.129999e+03
8267	-1.125849e+03
8268	-1.128416e+03
8269	-1.105074e+03
8270	-1.130182e+03
8271	-1.131336e+03
8272	-1.121168e+03
8273	-1.128725e+03
8274	-1.135116e+03
8275	-1.118150e+03
8276	-1.123096e+03
8277	-1.123154e+03
8278	-1.125160e+03
8279	-1.118409e+03
8280	-1.161246e+03
8281	-1.130137e+03
8282	-1.127554e+03
8283	-1.133389e+03
8284	-1.144756e+03
8285	-1.129840e+03
8286	-1.140921e+03
8287	-1.128840e+03
8288	-1.152196e+03
8289	-1.117513e+03
8290	-1.128549e+03
8291	-1.127828e+03
8292	-1.116772e+03
8293	-1.130493e+03
8294	-1.119103e+03
8295	-1.142007e+03
8296	-1.142911e+03
8297	-1.126114e+03
8298	-1.125889e+03
8299	-1.118571e+03
8300	-1.103233e+03
8301	-1.132123e+03
8302	-1.132599e+03
8303	-1.136396e+03
8304	-1.152960e+03
8305	-1.138750e+03
8306	-1.142185e+03
8307	-1.117745e+03
8308	-1.118609e+03
8309	-1.106344e+03
8310	-1.119668e+03
8311	-1.124472e+03
8312	-1.143802e+03
8313	-1.127047e+03
8314	-1.134641e+03
8315	-1.139496e+03
8316	-1.132424e+03
8317	-1.130042e+03
8318	-1.140556e+03
8319	-1.105590e+03
8320	-1.120698e+03
8321	-1.118726e+03
8322	-1.132257e+03
8323	-1.135598e+03
8324	-1.123268e+03
8325	-1.129544e+03
8326	-1.127080e+03
8327	-1.124068e+03
8328	-1.135032e+03
8329	-1.139596e+03
8330	-1.136912e+03
8331	-1.135306e+03
8332	-1.150470e+03
8333	-1.123750e+03
8334	-1.125442e+03
8335	-1.117894e+03
8336	-1.113737e+03
8337	-1.142219e+03
8338	-1.129686e+03
8339	-1.126959e+03
8340	-1.121236e+03
8341	-1.143825e+03
8342	-1.132534e+03
8343	-1.138870e+03
8344	-1.116807e+03
8345	-1.133972e+03
8346	-1.143151e+03
8347	-1.126486e+03
8348	-1.126532e+03
8349	-1.141903e+03
8350	-1.138890e+03
8351	-1.107215e+03
8352	-1.132897e+03
8353	-1.122670e+03
8354	-1.125041e+03
8355	-1.117738e+03
8356	-1.127451e+03
8357	-1.134131e+03
8358	-1.116359e+03
8359	-1.119332e+03
8360	-1.123714e+03
8361	-1.130632e+03
8362	-1.108970e+03
8363	-1.109127e+03
8364	-1.150566e+03
8365	-1.145978e+03
8366	-1.128765e+03
8367	-1.134800e+03
8368	-1.128894e+03
8369	-1.132884e+03
8370	-1.118844e+03
8371	-1.141596e+03
8372	-1.133430e+03
8373	-1.137404e+03
8374	-1.142449e+03
8375	-1.121250e+03
8376	-1.115635e+03
8377	-1.122466e+03
8378	-1.116387e+03
8379	-1.137662e+03
8380	-1.131447e+03
8381	-1.143672e+03
8382	-1.126499e+03
8383	-1.125040e+03
8384	-1.129582e+03
8385	-1.147386e+03
8386	-1.125802e+03
8387	-1.122376e+03
8388	-1.133982e+03
8389	-1.108323e+03
8390	-1.135792e+03
8391	-1.122810e+03
8392	-1.114088e+03
8393	-1.132179e+03
8394	-1.112726e+03
8395	-1.109990e+03
8396	-1.133785e+03
8397	-1.128818e+03
8398	-1.135316e+03
8399	-1.123365e+03
8400	-1.133373e+03
8401	-1.125334e+03
8402	-1.113248e+03
8403	-1.133466e+03
8404	-1.112274e+03
8405	-1.134697e+03
8406	-1.125498e+03
8407	-1.124182e+03
8408	-1.126889e+03
8409	-1.117698e+03
8410	-1.122308e+03
8411	-1.128225e+03
8412	-1.130762e+03
8413	-1.114626e+03
8414	-1.115075e+03
8415	-1.125972e+03
8416	-1.147998e+03
8417	-1.113469e+03
8418	-1.129508e+03
8419	-1.139358e+03
8420	-1.131036e+03
8421	-1.127789e+03
8422	-1.110831e+03
8423	-1.129270e+03
8424	-1.112578e+03
8425	-1.147841e+03
8426	-1.118840e+03
8427	-1.125616e+03
8428	-1.127296e+03
8429	-1.130188e+03
8430	-1.139028e+03
8431	-1.117207e+03
8432	-1.138572e+03
8433	-1.119663e+03
8434	-1.123824e+03
8435	-1.127359e+03
8436	-1.139995e+03
8437	-1.155933e+03
8438	-1.115464e+03
8439	-1.123695e+03
8440	-1.136154e+03
8441	-1.116363e+03
8442	-1.136660e+03
8443	-1.135121e+03
8444	-1.133413e+03
8445	-1.134657e+03
8446	-1.119545e+03
8447	-1.126117e+03
8448	-1.126949e+03
8449	-1.121298e+03
8450	-1.133334e+03
8451	-1.128408e+03
8452	-1.129621e+03
8453	-1.135634e+03
8454	-1.121332e+03
8455	-1.131785e+03
8456	-1.137650e+03
8457	-1.141757e+03
8458	-1.130491e+03
8459	-1.147551e+03
8460	-1.154748e+03
8461	-1.128430e+03
8462	-1.128224e+03
8463	-1.136403e+03
8464	-1.121680e+03
8465	-1.128814e+03
8466	-1.118108e+03
8467	-1.110537e+03
8468	-1.102991e+03
8469	-1.113373e+03
8470	-1.130081e+03
8471	-1.115895e+03
8472	-1.134642e+03
8473	-1.143465e+03
8474	-1.129164e+03
8475	-1.107052e+03
8476	-1.121921e+03
8477	-1.132672e+03
8478	-1.129341e+03
8479	-1.138671e+03
8480	-1.130415e+03
8481	-1.129075e+03
8482	-1.110354e+03
8483	-1.122666e+03
8484	-1.123553e+03
8485	-1.171364e+03
8486	-1.138141e+03
8487	-1.115282e+03
8488	-1.120650e+03
8489	-1.123073e+03
8490	-1.121284e+03
8491	-1.135697e+03
8492	-1.153854e+03
8493	-1.127213e+03
8494	-1.119497e+03
8495	-1.141370e+03
8496	-1.123176e+03
8497	-1.137612e+03
8498	-1.143515e+03
8499	-1.109661e+03
8500	-1.138457e+03
8501	-1.130404e+03
8502	-1.113423e+03
8503	-1.120341e+03
8504	-1.133987e+03
8505	-1.141462e+03
8506	-1.126858e+03
8507	-1.133487e+03
8508	-1.138951e+03
8509	-1.120631e+03
8510	-1.145787e+03
8511	-1.120672e+03
8512	-1.130191e+03
8513	-1.129099e+03
8514	-1.120810e+03
8515	-1.123980e+03
8516	-1.116386e+03
8517	-1.141318e+03
8518	-1.130580e+03
8519	-1.130456e+03
8520	-1.116913e+03
8521	-1.115539e+03
8522	-1.119745e+03
8523	-1.133840e+03
8524	-1.126571e+03
8525	-1.154540e+03
8526	-1.118064e+03
8527	-1.145600e+03
8528	-1.136143e+03
8529	-1.136111e+03
8530	-1.137901e+03
8531	-1.125061e+03
8532	-1.146655e+03
8533	-1.127164e+03
8534	-1.125921e+03
8535	-1.149020e+03
8536	-1.136213e+03
8537	-1.125559e+03
8538	-1.114365e+03
8539	-1.131395e+03
8540	-1.123560e+03
8541	-1.106558e+03
8542	-1.128481e+03
8543	-1.133360e+03
8544	-1.111393e+03
8545	-1.140198e+03
8546	-1.127408e+03
8547	-1.116926e+03
8548	-1.129332e+03
8549	-1.136119e+03
8550	-1.089751e+03
8551	-1.122926e+03
8552	-1.127205e+03
8553	-1.129729e+03
8554	-1.126303e+03
8555	-1.136827e+03
8556	-1.125949e+03
8557	-1.127112e+03
8558	-1.136635e+03
8559	-1.137403e+03
8560	-1.130433e+03
8561	-1.142600e+03
8562	-1.129906e+03
8563	-1.138029e+03
8564	-1.123327e+03
8565	-1.130104e+03
8566	-1.134990e+03
8567	-1.130105e+03
8568	-1.120441e+03
8569	-1.104914e+03
8570	-1.127034e+03
8571	-1.108503e+03
8572	-1.130450e+03
8573	-1.141333e+03
8574	-1.128505e+03
8575	-1.128252e+03
8576	-1.132824e+03
8577	-1.143304e+03
8578	-1.123755e+03
8579	-1.126346e+03
8580	-1.125776e+03
8581	-1.140638e+03
8582	-1.127773e+03
8583	-1.127410e+03
8584	-1.132474e+03
8585	-1.112166e+03
8586	-1.122637e+03
8587	-1.146094e+03
8588	-1.144273e+03
8589	-1.145451e+03
8590	-1.144019e+03
8591	-1.125176e+03
8592	-1.110051e+03
8593	-1.115677e+03
8594	-1.127696e+03
8595	-1.132096e+03
8596	-1.138196e+03
8597	-1.142153e+03
8598	-1.125497e+03
8599	-1.136393e+03
8600	-1.145886e+03
8601	-1.111955e+03
8602	-1.115141e+03
8603	-1.138007e+03
8604	-1.139502e+03
8605	-1.133571e+03
8606	-1.121601e+03
8607	-1.133886e+03
8608	-1.122565e+03
8609	-1.131792e+03
8610	-1.119584e+03
8611	-1.116146e+03
8612	-1.105948e+03
8613	-1.131865e+03
8614	-1.116975e+03
8615	-1.131138e+03
8616	-1.150592e+03
8617	-1.118845e+03
8618	-1.143798e+03
8619	-1.133430e+03
8620	-1.136246e+03
8621	-1.134116e+03
8622	-1.133807e+03
8623	-1.124378e+03
8624	-1.123836e+03
8625	-1.099525e+03
8626	-1.107864e+03
8627	-1.130500e+03
8628	-1.145258e+03
8629	-1.126681e+03
8630	-1.127001e+03
8631	-1.132535e+03
8632	-1.140804e+03
8633	-1.148963e+03
8634	-1.130776e+03
8635	-1.138857e+03
8636	-1.119364e+03
8637	-1.127303e+03
8638	-1.127652e+03
8639	-1.136833e+03
8640	-1.142658e+03
8641	-1.110295e+03
8642	-1.134625e+03
8643	-1.119641e+03
8644	-1.125964e+03
8645	-1.132090e+03
8646	-1.158065e+03
8647	-1.135268e+03
8648	-1.125118e+03
8649	-1.132027e+03
8650	-1.118483e+03
8651	-1.135380e+03
8652	-1.123367e+03
8653	-1.139651e+03
8654	-1.128263e+03
8655	-1.120346e+03
8656	-1.152538e+03
8657	-1.130471e+03
8658	-1.150557e+03
8659	-1.118689e+03
8660	-1.117041e+03
8661	-1.109521e+03
8662	-1.143989e+03
8663	-1.125984e+03
8664	-1.136160e+03
8665	-1.131417e+03
8666	-1.113352e+03
8667	-1.124112e+03
8668	-1.112857e+03
8669	-1.142219e+03
8670	-1.147217e+03
8671	-1.134823e+03
8672	-1.118668e+03
8673	-1.134148e+03
8674	-1.129557e+03
8675	-1.129048e+03
8676	-1.147044e+03
8677	-1.123226e+03
8678	-1.143453e+03
8679	-1.128494e+03
8680	-1.127584e+03
8681	-1.143061e+03
8682	-1.139490e+03
8683	-1.116474e+03
8684	-1.116006e+03
8685	-1.140595e+03
8686	-1.125622e+03
8687	-1.122340e+03
8688	-1.124636e+03
8689	-1.138903e+03
8690	-1.127508e+03
8691	-1.136191e+03
8692	-1.143223e+03
8693	-1.145356e+03
8694	-1.121243e+03
8695	-1.108465e+03
8696	-1.133741e+03
8697	-1.126281e+03
8698	-1.126855e+03
8699	-1.122089e+03
8700	-1.126683e+03
8701	-1.133176e+03
8702	-1.121726e+03
8703	-1.129693e+03
8704	-1.135579e+03
8705	-1.133791e+03
8706	-1.126450e+03
8707	-1.109056e+03
8708	-1.107161e+03
8709	-1.126828e+03
8710	-1.123667e+03
8711	-1.114753e+03
8712	-1.123289e+03
8713	-1.117734e+03
8714	-1.118792e+03
8715	-1.123140e+03
8716	-1.144182e+03
8717	-1.134802e+03
8718	-1.132711e+03
8719	-1.107949e+03
8720	-1.120304e+03
8721	-1.124971e+03
8722	-1.135067e+03
8723	-1.134143e+03
8724	-1.130645e+03
8725	-1.122356e+03
8726	-1.125411e+03
8727	-1.126554e+03
8728	-1.123961e+03
8729	-1.133892e+03
8730	-1.136126e+03
8731	-1.144467e+03
8732	-1.138066e+03
8733	-1.128015e+03
8734	-1.116180e+03
8735	-1.149036e+03
8736	-1.130826e+03
8737	-1.129284e+03
8738	-1.139969e+03
8739	-1.129662e+03
8740	-1.120342e+03
8741	-1.125457e+03
8742	-1.142783e+03
8743	-1.131040e+03
8744	-1.118881e+03
8745	-1.127991e+03
8746	-1.141489e+03
8747	-1.125865e+03
8748	-1.135914e+03
8749	-1.123437e+03
8750	-1.131677e+03
8751	-1.133168e+03
8752	-1.114591e+03
8753	-1.151153e+03
8754	-1.134971e+03
8755	-1.143125e+03
8756	-1.129361e+03
8757	-1.129376e+03
8758	-1.113563e+03
8759	-1.117605e+03
8760	-1.152946e+03
8761	-1.135807e+03
8762	-1.123490e+03
8763	-1.139195e+03
8764	-1.124409e+03
8765	-1.121994e+03
8766	-1.135849e+03
8767	-1.136661e+03
8768	-1.160821e+03
8769	-1.121059e+03
8770	-1.134423e+03
8771	-1.106348e+03
8772	-1.130774e+03
8773	-1.122852e+03
8774	-1.126067e+03
8775	-1.120569e+03
8776	-1.136367e+03
8777	-1.136209e+03
8778	-1.145466e+03
8779	-1.119822e+03
8780	-1.137147e+03
8781	-1.134064e+03
8782	-1.139235e+03
8783	-1.143817e+03
8784	-1.131514e+03
8785	-1.137076e+03
8786	-1.138382e+03
8787	-1.118710e+03
8788	-1.130308e+03
8789	-1.110047e+03
8790	-1.105629e+03
8791	-1.105948e+03
8792	-1.115502e+03
8793	-1.134166e+03
8794	-1.128715e+03
8795	-1.126993e+03
8796	-1.117426e+03
8797	-1.117661e+03
8798	-1.128746e+03
8799	-1.137430e+03
8800	-1.131992e+03
8801	-1.130977e+03
8802	-1.109495e+03
8803	-1.143494e+03
8804	-1.141761e+03
8805	-1.129047e+03
8806	-1.119114e+03
8807	-1.124673e+03
8808	-1.121351e+03
8809	-1.124954e+03
8810	-1.127728e+03
8811	-1.121565e+03
8812	-1.138443e+03
8813	-1.126893e+03
8814	-1.139021e+03
8815	-1.123876e+03
8816	-1.122747e+03
8817	-1.116134e+03
8818	-1.127320e+03
8819	-1.154161e+03
8820	-1.123337e+03
8821	-1.117980e+03
8822	-1.131454e+03
8823	-1.127699e+03
8824	-1.115438e+03
8825	-1.135119e+03
8826	-1.139428e+03
8827	-1.129094e+03
8828	-1.117361e+03
8829	-1.137116e+03
8830	-1.137721e+03
8831	-1.127297e+03
8832	-1.139645e+03
8833	-1.134962e+03
8834	-1.135422e+03
8835	-1.118435e+03
8836	-1.112385e+03
8837	-1.111651e+03
8838	-1.128453e+03
8839	-1.133720e+03
8840	-1.127771e+03
8841	-1.129372e+03
8842	-1.151023e+03
8843	-1.122391e+03
8844	-1.125492e+03
8845	-1.141787e+03
8846	-1.133241e+03
8847	-1.146357e+03
8848	-1.124748e+03
8849	-1.133140e+03
8850	-1.129071e+03
8851	-1.149114e+03
8852	-1.134772e+03
8853	-1.123278e+03
8854	-1.117703e+03
8855	-1.113925e+03
8856	-1.125876e+03
8857	-1.128073e+03
8858	-1.134725e+03
8859	-1.126740e+03
8860	-1.106137e+03
8861	-1.117996e+03
8862	-1.128975e+03
8863	-1.135387e+03
8864	-1.150654e+03
8865	-1.132036e+03
8866	-1.114032e+03
8867	-1.118359e+03
8868	-1.129626e+03
8869	-1.113605e+03
8870	-1.122686e+03
8871	-1.133540e+03
8872	-1.117990e+03
8873	-1.143557e+03
8874	-1.120731e+03
8875	-1.131928e+03
8876	-1.108751e+03
8877	-1.137109e+03
8878	-1.120999e+03
8879	-1.132821e+03
8880	-1.127972e+03
8881	-1.118432e+03
8882	-1.130205e+03
8883	-1.115845e+03
8884	-1.126775e+03
8885	-1.106333e+03
8886	-1.125695e+03
8887	-1.127994e+03
8888	-1.130466e+03
8889	-1.131029e+03
8890	-1.127628e+03
8891	-1.126849e+03
8892	-1.126771e+03
8893	-1.137759e+03
8894	-1.148524e+03
8895	-1.120438e+03
8896	-1.129513e+03
8897	-1.115093e+03
8898	-1.115364e+03
8899	-1.134909e+03
8900	-1.131495e+03
8901	-1.132207e+03
8902	-1.129647e+03
8903	-1.137353e+03
8904	-1.119470e+03
8905	-1.133825e+03
8906	-1.123699e+03
8907	-1.124328e+03
8908	-1.120650e+03
8909	-1.131856e+03
8910	-1.125167e+03
8911	-1.138076e+03
8912	-1.146144e+03
8913	-1.148202e+03
8914	-1.102382e+03
8915	-1.124405e+03
8916	-1.134632e+03
8917	-1.128830e+03
8918	-1.124714e+03
8919	-1.118890e+03
8920	-1.139651e+03
8921	-1.136901e+03
8922	-1.124487e+03
8923	-1.124214e+03
8924	-1.126922e+03
8925	-1.109779e+03
8926	-1.143084e+03
8927	-1.140008e+03
8928	-1.144298e+03
8929	-1.127259e+03
8930	-1.140399e+03
8931	-1.121497e+03
8932	-1.134864e+03
8933	-1.143514e+03
8934	-1.116679e+03
8935	-1.115409e+03
8936	-1.138248e+03
8937	-1.121542e+03
8938	-1.124360e+03
8939	-1.126035e+03
8940	-1.113145e+03
8941	-1.136352e+03
8942	-1.127897e+03
8943	-1.120693e+03
8944	-1.112934e+03
8945	-1.133880e+03
8946	-1.144401e+03
8947	-1.134190e+03
8948	-1.122911e+03
8949	-1.112258e+03
8950	-1.131869e+03
8951	-1.102955e+03
8952	-1.146568e+03
8953	-1.135707e+03
8954	-1.147105e+03
8955	-1.137324e+03
8956	-1.116803e+03
8957	-1.113038e+03
8958	-1.131373e+03
8959	-1.122981e+03
8960	-1.134787e+03
8961	-1.124832e+03
8962	-1.116871e+03
8963	-1.136836e+03
8964	-1.122138e+03
8965	-1.125730e+03
8966	-1.126384e+03
8967	-1.132669e+03
8968	-1.129821e+03
8969	-1.138916e+03
8970	-1.145206e+03
8971	-1.129742e+03
8972	-1.127922e+03
8973	-1.117724e+03
8974	-1.121504e+03
8975	-1.127378e+03
8976	-1.131580e+03
8977	-1.137457e+03
8978	-1.138648e+03
8979	-1.134661e+03
8980	-1.139984e+03
8981	-1.132557e+03
8982	-1.125114e+03
8983	-1.118022e+03
8984	-1.111847e+03
8985	-1.118022e+03
8986	-1.130086e+03
8987	-1.110418e+03
8988	-1.128414e+03
8989	-1.125065e+03
8990	-1.129148e+03
8991	-1.132126e+03
8992	-1.133655e+03
8993	-1.117762e+03
8994	-1.125284e+03
8995	-1.130455e+03
8996	-1.132157e+03
8997	-1.126841e+03
8998	-1.134140e+03
8999	-1.120573e+03
9000	-1.131467e+03
9001	-1.164826e+03
9002	-1.108026e+03
9003	-1.129279e+03
9004	-1.129926e+03
9005	-1.132384e+03
9006	-1.133168e+03
9007	-1.115941e+03
9008	-1.106939e+03
9009	-1.130856e+03
9010	-1.128183e+03
9011	-1.138623e+03
9012	-1.116990e+03
9013	-1.135109e+03
9014	-1.123081e+03
9015	-1.133789e+03
9016	-1.120536e+03
9017	-1.125967e+03
9018	-1.121723e+03
9019	-1.103676e+03
9020	-1.135516e+03
9021	-1.123515e+03
9022	-1.123604e+03
9023	-1.130911e+03
9024	-1.131146e+03
9025	-1.133027e+03
9026	-1.141390e+03
9027	-1.119849e+03
9028	-1.122937e+03
9029	-1.113471e+03
9030	-1.122851e+03
9031	-1.137941e+03
9032	-1.110558e+03
9033	-1.127991e+03
9034	-1.127838e+03
9035	-1.109879e+03
9036	-1.122096e+03
9037	-1.129782e+03
9038	-1.135813e+03
9039	-1.132043e+03
9040	-1.128805e+03
9041	-1.134222e+03
9042	-1.155258e+03
9043	-1.119063e+03
9044	-1.121029e+03
9045	-1.128320e+03
9046	-1.128286e+03
9047	-1.139069e+03
9048	-1.137876e+03
9049	-1.121561e+03
9050	-1.132909e+03
9051	-1.143296e+03
9052	-1.115672e+03
9053	-1.150427e+03
9054	-1.125124e+03
9055	-1.125270e+03
9056	-1.129166e+03
9057	-1.131000e+03
9058	-1.113511e+03
9059	-1.111696e+03
9060	-1.126756e+03
9061	-1.117296e+03
9062	-1.120256e+03
9063	-1.136785e+03
9064	-1.129786e+03
9065	-1.126873e+03
9066	-1.130221e+03
9067	-1.129300e+03
9068	-1.122593e+03
9069	-1.122907e+03
9070	-1.128481e+03
9071	-1.139113e+03
9072	-1.131241e+03
9073	-1.141981e+03
9074	-1.117359e+03
9075	-1.137540e+03
9076	-1.117733e+03
9077	-1.124642e+03
9078	-1.128811e+03
9079	-1.134438e+03
9080	-1.126744e+03
9081	-1.140276e+03
9082	-1.128814e+03
9083	-1.134857e+03
9084	-1.113435e+03
9085	-1.135839e+03
9086	-1.122794e+03
9087	-1.124759e+03
9088	-1.125796e+03
9089	-1.149544e+03
9090	-1.127468e+03
9091	-1.143979e+03
9092	-1.122155e+03
9093	-1.126511e+03
9094	-1.119532e+03
9095	-1.136392e+03
9096	-1.121039e+03
9097	-1.125060e+03
9098	-1.106336e+03
9099	-1.113447e+03
9100	-1.115963e+03
9101	-1.109267e+03
9102	-1.156350e+03
9103	-1.127675e+03
9104	-1.146126e+03
9105	-1.120998e+03
9106	-1.144679e+03
9107	-1.129640e+03
9108	-1.135054e+03
9109	-1.137170e+03
9110	-1.127626e+03
9111	-1.106583e+03
9112	-1.121897e+03
9113	-1.138397e+03
9114	-1.139131e+03
9115	-1.118760e+03
9116	-1.139067e+03
9117	-1.138579e+03
9118	-1.140596e+03
9119	-1.125710e+03
9120	-1.118757e+03
9121	-1.128382e+03
9122	-1.117463e+03
9123	-1.134785e+03
9124	-1.130571e+03
9125	-1.122724e+03
9126	-1.125558e+03
9127	-1.135581e+03
9128	-1.128540e+03
9129	-1.126926e+03
9130	-1.122780e+03
9131	-1.111179e+03
9132	-1.123978e+03
9133	-1.124356e+03
9134	-1.129333e+03
9135	-1.128593e+03
9136	-1.156973e+03
9137	-1.124878e+03
9138	-1.134050e+03
9139	-1.124900e+03
9140	-1.130533e+03
9141	-1.148026e+03
9142	-1.137778e+03
9143	-1.123388e+03
9144	-1.133857e+03
9145	-1.130460e+03
9146	-1.137252e+03
9147	-1.129672e+03
9148	-1.118944e+03
9149	-1.124822e+03
9150	-1.121698e+03
9151	-1.129197e+03
9152	-1.141701e+03
9153	-1.122168e+03
9154	-1.128169e+03
9155	-1.117223e+03
9156	-1.129418e+03
9157	-1.118519e+03
9158	-1.141512e+03
9159	-1.124235e+03
9160	-1.130916e+03
9161	-1.135456e+03
9162	-1.126562e+03
9163	-1.131366e+03
9164	-1.139098e+03
9165	-1.129575e+03
9166	-1.104444e+03
9167	-1.133765e+03
9168	-1.136607e+03
9169	-1.129385e+03
9170	-1.106037e+03
9171	-1.135170e+03
9172	-1.122211e+03
9173	-1.150781e+03
9174	-1.125135e+03
9175	-1.130131e+03
9176	-1.112665e+03
9177	-1.124522e+03
9178	-1.111974e+03
9179	-1.108041e+03
9180	-1.124067e+03
9181	-1.121209e+03
9182	-1.104586e+03
9183	-1.132063e+03
9184	-1.136979e+03
9185	-1.135255e+03
9186	-1.125427e+03
9187	-1.106084e+03
9188	-1.124625e+03
9189	-1.127105e+03
9190	-1.132191e+03
9191	-1.124339e+03
9192	-1.113950e+03
9193	-1.131921e+03
9194	-1.128469e+03
9195	-1.112480e+03
9196	-1.133331e+03
9197	-1.129369e+03
9198	-1.121242e+03
9199	-1.136662e+03
9200	-1.156303e+03
9201	-1.139931e+03
9202	-1.128664e+03
9203	-1.127534e+03
9204	-1.144927e+03
9205	-1.114533e+03
9206	-1.121931e+03
9207	-1.139523e+03
9208	-1.135324e+03
9209	-1.140186e+03
9210	-1.122746e+03
9211	-1.149351e+03
9212	-1.122209e+03
9213	-1.125942e+03
9214	-1.125096e+03
9215	-1.126929e+03
9216	-1.129646e+03
9217	-1.130443e+03
9218	-1.132875e+03
9219	-1.137518e+03
9220	-1.156067e+03
9221	-1.117284e+03
9222	-1.130243e+03
9223	-1.132931e+03
9224	-1.128798e+03
9225	-1.133315e+03
9226	-1.122582e+03
9227	-1.125710e+03
9228	-1.123212e+03
9229	-1.133818e+03
9230	-1.117721e+03
9231	-1.109963e+03
9232	-1.109114e+03
9233	-1.132763e+03
9234	-1.121854e+03
9235	-1.109192e+03
9236	-1.124886e+03
9237	-1.127949e+03
9238	-1.145238e+03
9239	-1.119503e+03
9240	-1.107550e+03
9241	-1.134652e+03
9242	-1.126653e+03
9243	-1.129061e+03
9244	-1.130377e+03
9245	-1.123231e+03
9246	-1.109617e+03
9247	-1.110506e+03
9248	-1.130487e+03
9249	-1.123441e+03
9250	-1.100249e+03
9251	-1.129018e+03
9252	-1.111737e+03
9253	-1.114130e+03
9254	-1.125943e+03
9255	-1.133110e+03
9256	-1.117003e+03
9257	-1.101435e+03
9258	-1.130180e+03
9259	-1.145828e+03
9260	-1.139838e+03
9261	-1.133396e+03
9262	-1.126517e+03
9263	-1.139611e+03
9264	-1.124722e+03
9265	-1.125194e+03
9266	-1.097534e+03
9267	-1.122179e+03
9268	-1.120731e+03
9269	-1.117159e+03
9270	-1.102026e+03
9271	-1.126034e+03
9272	-1.115107e+03
9273	-1.117694e+03
9274	-1.128765e+03
9275	-1.134848e+03
9276	-1.128749e+03
9277	-1.127819e+03
9278	-1.115101e+03
9279	-1.137922e+03
9280	-1.116852e+03
9281	-1.120900e+03
9282	-1.120134e+03
9283	-1.119772e+03
9284	-1.129581e+03
9285	-1.135733e+03
9286	-1.136379e+03
9287	-1.137290e+03
9288	-1.156901e+03
9289	-1.134402e+03
9290	-1.108348e+03
9291	-1.137874e+03
9292	-1.119937e+03
9293	-1.126459e+03
9294	-1.134001e+03
9295	-1.133813e+03
9296	-1.126915e+03
9297	-1.130959e+03
9298	-1.142522e+03
9299	-1.124440e+03
9300	-1.118110e+03
9301	-1.111748e+03
9302	-1.141226e+03
9303	-1.099686e+03
9304	-1.129649e+03
9305	-1.113496e+03
9306	-1.133629e+03
9307	-1.142568e+03
9308	-1.128071e+03
9309	-1.135900e+03
9310	-1.129217e+03
9311	-1.133750e+03
9312	-1.115001e+03
9313	-1.116660e+03
9314	-1.119299e+03
9315	-1.140058e+03
9316	-1.120543e+03
9317	-1.134625e+03
9318	-1.128786e+03
9319	-1.123509e+03
9320	-1.141518e+03
9321	-1.104894e+03
9322	-1.129969e+03
9323	-1.144733e+03
9324	-1.120214e+03
9325	-1.127953e+03
9326	-1.134628e+03
9327	-1.116541e+03
9328	-1.127232e+03
9329	-1.114025e+03
9330	-1.106180e+03
9331	-1.138167e+03
9332	-1.130455e+03
9333	-1.131071e+03
9334	-1.127387e+03
9335	-1.135931e+03
9336	-1.131414e+03
9337	-1.122403e+03
9338	-1.128312e+03
9339	-1.129988e+03
9340	-1.156292e+03
9341	-1.144012e+03
9342	-1.128124e+03
9343	-1.096398e+03
9344	-1.133984e+03
9345	-1.134517e+03
9346	-1.145982e+03
9347	-1.116005e+03
9348	-1.104507e+03
9349	-1.138129e+03
9350	-1.128241e+03
9351	-1.124773e+03
9352	-1.111907e+03
9353	-1.141586e+03
9354	-1.130542e+03
9355	-1.114796e+03
9356	-1.144987e+03
9357	-1.114986e+03
9358	-1.113804e+03
9359	-1.110754e+03
9360	-1.122006e+03
9361	-1.137001e+03
9362	-1.127816e+03
9363	-1.114316e+03
9364	-1.121368e+03
9365	-1.115401e+03
9366	-1.142507e+03
9367	-1.128706e+03
9368	-1.119327e+03
9369	-1.122669e+03
9370	-1.131353e+03
9371	-1.111205e+03
9372	-1.122802e+03
9373	-1.126758e+03
9374	-1.134189e+03
9375	-1.115755e+03
9376	-1.143690e+03
9377	-1.159460e+03
9378	-1.124822e+03
9379	-1.130498e+03
9380	-1.132197e+03
9381	-1.124896e+03
9382	-1.122802e+03
9383	-1.129989e+03
9384	-1.135299e+03
9385	-1.150825e+03
9386	-1.128721e+03
9387	-1.121316e+03
9388	-1.133420e+03
9389	-1.132188e+03
9390	-1.131296e+03
9391	-1.134024e+03
9392	-1.142664e+03
9393	-1.131305e+03
9394	-1.116451e+03
9395	-1.114057e+03
9396	-1.127614e+03
9397	-1.113553e+03
9398	-1.122602e+03
9399	-1.120901e+03
9400	-1.137427e+03
9401	-1.123293e+03
9402	-1.112773e+03
9403	-1.136775e+03
9404	-1.127526e+03
9405	-1.128342e+03
9406	-1.129259e+03
9407	-1.124827e+03
9408	-1.128426e+03
9409	-1.148870e+03
9410	-1.127666e+03
9411	-1.120475e+03
9412	-1.131635e+03
9413	-1.120713e+03
9414	-1.124913e+03
9415	-1.128602e+03
9416	-1.122171e+03
9417	-1.132681e+03
9418	-1.140877e+03
9419	-1.113382e+03
9420	-1.128284e+03
9421	-1.127915e+03
9422	-1.130292e+03
9423	-1.129641e+03
9424	-1.130247e+03
9425	-1.143670e+03
9426	-1.139418e+03
9427	-1.117023e+03
9428	-1.121000e+03
9429	-1.119699e+03
9430	-1.126759e+03
9431	-1.132322e+03
9432	-1.133358e+03
9433	-1.138864e+03
9434	-1.113523e+03
9435	-1.120866e+03
9436	-1.143872e+03
9437	-1.111934e+03
9438	-1.132099e+03
9439	-1.132786e+03
9440	-1.107778e+03
9441	-1.130670e+03
9442	-1.121632e+03
9443	-1.128845e+03
9444	-1.138067e+03
9445	-1.121255e+03
9446	-1.097081e+03
9447	-1.157084e+03
9448	-1.127417e+03
9449	-1.157724e+03
9450	-1.123660e+03
9451	-1.120691e+03
9452	-1.123663e+03
9453	-1.116277e+03
9454	-1.135009e+03
9455	-1.115723e+03
9456	-1.141198e+03
9457	-1.121073e+03
9458	-1.124029e+03
9459	-1.120889e+03
9460	-1.125298e+03
9461	-1.111256e+03
9462	-1.130217e+03
9463	-1.118812e+03
9464	-1.127506e+03
9465	-1.109978e+03
9466	-1.134770e+03
9467	-1.129769e+03
9468	-1.148758e+03
9469	-1.122304e+03
9470	-1.123743e+03
9471	-1.109178e+03
9472	-1.137724e+03
9473	-1.119703e+03
9474	-1.136233e+03
9475	-1.110571e+03
9476	-1.156977e+03
9477	-1.113031e+03
9478	-1.130524e+03
9479	-1.124409e+03
9480	-1.131543e+03
9481	-1.113398e+03
9482	-1.147623e+03
9483	-1.122687e+03
9484	-1.137032e+03
9485	-1.139950e+03
9486	-1.147958e+03
9487	-1.103463e+03
9488	-1.129155e+03
9489	-1.149843e+03
9490	-1.113983e+03
9491	-1.138725e+03
9492	-1.127142e+03
9493	-1.141040e+03
9494	-1.131236e+03
9495	-1.106291e+03
9496	-1.126259e+03
9497	-1.116921e+03
9498	-1.121895e+03
9499	-1.127974e+03
9500	-1.125487e+03
9501	-1.120427e+03
9502	-1.135417e+03
9503	-1.118100e+03
9504	-1.124288e+03
9505	-1.130472e+03
9506	-1.121038e+03
9507	-1.117146e+03
9508	-1.113528e+03
9509	-1.138249e+03
9510	-1.132912e+03
9511	-1.128318e+03
9512	-1.107660e+03
9513	-1.142349e+03
9514	-1.134951e+03
9515	-1.110415e+03
9516	-1.145128e+03
9517	-1.143052e+03
9518	-1.130309e+03
9519	-1.108319e+03
9520	-1.127723e+03
9521	-1.145416e+03
9522	-1.135541e+03
9523	-1.140127e+03
9524	-1.136909e+03
9525	-1.112056e+03
9526	-1.153173e+03
9527	-1.131924e+03
9528	-1.134334e+03
9529	-1.146336e+03
9530	-1.129325e+03
9531	-1.122442e+03
9532	-1.138019e+03
9533	-1.118502e+03
9534	-1.115438e+03
9535	-1.137080e+03
9536	-1.143637e+03
9537	-1.111837e+03
9538	-1.122593e+03
9539	-1.132151e+03
9540	-1.135418e+03
9541	-1.142598e+03
9542	-1.127101e+03
9543	-1.128435e+03
9544	-1.113664e+03
9545	-1.121228e+03
9546	-1.114712e+03
9547	-1.127055e+03
9548	-1.114483e+03
9549	-1.135731e+03
9550	-1.132813e+03
9551	-1.136339e+03
9552	-1.125152e+03
9553	-1.118898e+03
9554	-1.142336e+03
9555	-1.102229e+03
9556	-1.108271e+03
9557	-1.126846e+03
9558	-1.135604e+03
9559	-1.135876e+03
9560	-1.128778e+03
9561	-1.142468e+03
9562	-1.125661e+03
9563	-1.098706e+03
9564	-1.128782e+03
9565	-1.144100e+03
9566	-1.126469e+03
9567	-1.130293e+03
9568	-1.120750e+03
9569	-1.140492e+03
9570	-1.128633e+03
9571	-1.139005e+03
9572	-1.112986e+03
9573	-1.137591e+03
9574	-1.144277e+03
9575	-1.135691e+03
9576	-1.124711e+03
9577	-1.117758e+03
9578	-1.120930e+03
9579	-1.116869e+03
9580	-1.140840e+03
9581	-1.112379e+03
9582	-1.143987e+03
9583	-1.117154e+03
9584	-1.140120e+03
9585	-1.150083e+03
9586	-1.120121e+03
9587	-1.137942e+03
9588	-1.147746e+03
9589	-1.115083e+03
9590	-1.126045e+03
9591	-1.134825e+03
9592	-1.131836e+03
9593	-1.119739e+03
9594	-1.137821e+03
9595	-1.120227e+03
9596	-1.123140e+03
9597	-1.147028e+03
9598	-1.135176e+03
9599	-1.152282e+03
9600	-1.128002e+03
9601	-1.121396e+03
9602	-1.134399e+03
9603	-1.137897e+03
9604	-1.118019e+03
9605	-1.126486e+03
9606	-1.123416e+03
9607	-1.129472e+03
9608	-1.128973e+03
9609	-1.126010e+03
9610	-1.120022e+03
9611	-1.130657e+03
9612	-1.147448e+03
9613	-1.110506e+03
9614	-1.128034e+03
9615	-1.129527e+03
9616	-1.128735e+03
9617	-1.124882e+03
9618	-1.124397e+03
9619	-1.120299e+03
9620	-1.125739e+03
9621	-1.135306e+03
9622	-1.137250e+03
9623	-1.147510e+03
9624	-1.117378e+03
9625	-1.132085e+03
9626	-1.132619e+03
9627	-1.133806e+03
9628	-1.130362e+03
9629	-1.124862e+03
9630	-1.111536e+03
9631	-1.110672e+03
9632	-1.113571e+03
9633	-1.127362e+03
9634	-1.114933e+03
9635	-1.107608e+03
9636	-1.141652e+03
9637	-1.118386e+03
9638	-1.116903e+03
9639	-1.129269e+03
9640	-1.130316e+03
9641	-1.110254e+03
9642	-1.139654e+03
9643	-1.117660e+03
9644	-1.125877e+03
9645	-1.120379e+03
9646	-1.128750e+03
9647	-1.116620e+03
9648	-1.124637e+03
9649	-1.134464e+03
9650	-1.121609e+03
9651	-1.124831e+03
9652	-1.133526e+03
9653	-1.139431e+03
9654	-1.116719e+03
9655	-1.136618e+03
9656	-1.121038e+03
9657	-1.125691e+03
9658	-1.133050e+03
9659	-1.146332e+03
9660	-1.107556e+03
9661	-1.132940e+03
9662	-1.129663e+03
9663	-1.137022e+03
9664	-1.146902e+03
9665	-1.134037e+03
9666	-1.134115e+03
9667	-1.135152e+03
9668	-1.140800e+03
9669	-1.126339e+03
9670	-1.103795e+03
9671	-1.134176e+03
9672	-1.121918e+03
9673	-1.132057e+03
9674	-1.124429e+03
9675	-1.117690e+03
9676	-1.140554e+03
9677	-1.128786e+03
9678	-1.127442e+03
9679	-1.125866e+03
9680	-1.123728e+03
9681	-1.128333e+03
9682	-1.149440e+03
9683	-1.148913e+03
9684	-1.114346e+03
9685	-1.135113e+03
9686	-1.132834e+03
9687	-1.125852e+03
9688	-1.140384e+03
9689	-1.115053e+03
9690	-1.135163e+03
9691	-1.129475e+03
9692	-1.109406e+03
9693	-1.114108e+03
9694	-1.138175e+03
9695	-1.137863e+03
9696	-1.137119e+03
9697	-1.134077e+03
9698	-1.120087e+03
9699	-1.126882e+03
9700	-1.133444e+03
9701	-1.118255e+03
9702	-1.124171e+03
9703	-1.137075e+03
9704	-1.110746e+03
9705	-1.125128e+03
9706	-1.134710e+03
9707	-1.128385e+03
9708	-1.139865e+03
9709	-1.127118e+03
9710	-1.127219e+03
9711	-1.114232e+03
9712	-1.135454e+03
9713	-1.123153e+03
9714	-1.123150e+03
9715	-1.125669e+03
9716	-1.142308e+03
9717	-1.129584e+03
9718	-1.139216e+03
9719	-1.115283e+03
9720	-1.100373e+03
9721	-1.145726e+03
9722	-1.118490e+03
9723	-1.125311e+03
9724	-1.140142e+03
9725	-1.132418e+03
9726	-1.122105e+03
9727	-1.146033e+03
9728	-1.133912e+03
9729	-1.120166e+03
9730	-1.145598e+03
9731	-1.140337e+03
9732	-1.110065e+03
9733	-1.134137e+03
9734	-1.129453e+03
9735	-1.121432e+03
9736	-1.129012e+03
9737	-1.149185e+03
9738	-1.121155e+03
9739	-1.124804e+03
9740	-1.133126e+03
9741	-1.142935e+03
9742	-1.117981e+03
9743	-1.131443e+03
9744	-1.137743e+03
9745	-1.143924e+03
9746	-1.135185e+03
9747	-1.120867e+03
9748	-1.139178e+03
9749	-1.140341e+03
9750	-1.125748e+03
9751	-1.135945e+03
9752	-1.139754e+03
9753	-1.121905e+03
9754	-1.122360e+03
9755	-1.117887e+03
9756	-1.126037e+03
9757	-1.138200e+03
9758	-1.135359e+03
9759	-1.120940e+03
9760	-1.130961e+03
9761	-1.131269e+03
9762	-1.137901e+03
9763	-1.117463e+03
9764	-1.118832e+03
9765	-1.131687e+03
9766	-1.113243e+03
9767	-1.113913e+03
9768	-1.115306e+03
9769	-1.129731e+03
9770	-1.141802e+03
9771	-1.111305e+03
9772	-1.123019e+03
9773	-1.124809e+03
9774	-1.135750e+03
9775	-1.149412e+03
9776	-1.143575e+03
9777	-1.115975e+03
9778	-1.125067e+03
9779	-1.117996e+03
9780	-1.127185e+03
9781	-1.125557e+03
9782	-1.132769e+03
9783	-1.119966e+03
9784	-1.150162e+03
9785	-1.125246e+03
9786	-1.110198e+03
9787	-1.122499e+03
9788	-1.111841e+03
9789	-1.116715e+03
9790	-1.107661e+03
9791	-1.123781e+03
9792	-1.124784e+03
9793	-1.117556e+03
9794	-1.126498e+03
9795	-1.120431e+03
9796	-1.110638e+03
9797	-1.121473e+03
9798	-1.125521e+03
9799	-1.118689e+03
9800	-1.126307e+03
9801	-1.135296e+03
9802	-1.133329e+03
9803	-1.131066e+03
9804	-1.125196e+03
9805	-1.142495e+03
9806	-1.112900e+03
9807	-1.122940e+03
9808	-1.140587e+03
9809	-1.126049e+03
9810	-1.133142e+03
9811	-1.133356e+03
9812	-1.136258e+03
9813	-1.130623e+03
9814	-1.149987e+03
9815	-1.129277e+03
9816	-1.122490e+03
9817	-1.137385e+03
9818	-1.120899e+03
9819	-1.121985e+03
9820	-1.130405e+03
9821	-1.148197e+03
9822	-1.142711e+03
9823	-1.131703e+03
9824	-1.123512e+03
9825	-1.128079e+03
9826	-1.141856e+03
9827	-1.144272e+03
9828	-1.120721e+03
9829	-1.134622e+03
9830	-1.143294e+03
9831	-1.142733e+03
9832	-1.137348e+03
9833	-1.108613e+03
9834	-1.130788e+03
9835	-1.115756e+03
9836	-1.138064e+03
9837	-1.140760e+03
9838	-1.146113e+03
9839	-1.119615e+03
9840	-1.144656e+03
9841	-1.131884e+03
9842	-1.113613e+03
9843	-1.118522e+03
9844	-1.120553e+03
9845	-1.122960e+03
9846	-1.145777e+03
9847	-1.127839e+03
9848	-1.130347e+03
9849	-1.133734e+03
9850	-1.143288e+03
9851	-1.132831e+03
9852	-1.117506e+03
9853	-1.092599e+03
9854	-1.145138e+03
9855	-1.130337e+03
9856	-1.127939e+03
9857	-1.117644e+03
9858	-1.120936e+03
9859	-1.144971e+03
9860	-1.140023e+03
9861	-1.147209e+03
9862	-1.119182e+03
9863	-1.107259e+03
9864	-1.143018e+03
9865	-1.144721e+03
9866	-1.127482e+03
9867	-1.119947e+03
9868	-1.139326e+03
9869	-1.149608e+03
9870	-1.123395e+03
9871	-1.133660e+03
9872	-1.140754e+03
9873	-1.118914e+03
9874	-1.125297e+03
9875	-1.121003e+03
9876	-1.127597e+03
9877	-1.144041e+03
9878	-1.119425e+03
9879	-1.129872e+03
9880	-1.147376e+03
9881	-1.117734e+03
9882	-1.110212e+03
9883	-1.131439e+03
9884	-1.142604e+03
9885	-1.140655e+03
9886	-1.124082e+03
9887	-1.138643e+03
9888	-1.113094e+03
9889	-1.115587e+03
9890	-1.140042e+03
9891	-1.136488e+03
9892	-1.130443e+03
9893	-1.125495e+03
9894	-1.141095e+03
9895	-1.123046e+03
9896	-1.127725e+03
9897	-1.153659e+03
9898	-1.130270e+03
9899	-1.130216e+03
9900	-1.127861e+03
9901	-1.150601e+03
9902	-1.144270e+03
9903	-1.118535e+03
9904	-1.125130e+03
9905	-1.129565e+03
9906	-1.153788e+03
9907	-1.133629e+03
9908	-1.119928e+03
9909	-1.140939e+03
9910	-1.122320e+03
9911	-1.109358e+03
9912	-1.129053e+03
9913	-1.133368e+03
9914	-1.125736e+03
9915	-1.131859e+03
9916	-1.112659e+03
9917	-1.125768e+03
9918	-1.124546e+03
9919	-1.145332e+03
9920	-1.119834e+03
9921	-1.131541e+03
9922	-1.148125e+03
9923	-1.126076e+03
9924	-1.129573e+03
9925	-1.120694e+03
9926	-1.127378e+03
9927	-1.146705e+03
9928	-1.120127e+03
9929	-1.108143e+03
9930	-1.132508e+03
9931	-1.134801e+03
9932	-1.125963e+03
9933	-1.126590e+03
9934	-1.124355e+03
9935	-1.120694e+03
9936	-1.130406e+03
9937	-1.114005e+03
9938	-1.125748e+03
9939	-1.123594e+03
9940	-1.127154e+03
9941	-1.109182e+03
9942	-1.134783e+03
9943	-1.122193e+03
9944	-1.147183e+03
9945	-1.128107e+03
9946	-1.126166e+03
9947	-1.131708e+03
9948	-1.121196e+03
9949	-1.150360e+03
9950	-1.134506e+03
9951	-1.135359e+03
9952	-1.124829e+03
9953	-1.143209e+03
9954	-1.118084e+03
9955	-1.124733e+03
9956	-1.137306e+03
9957	-1.150712e+03
9958	-1.115485e+03
9959	-1.121890e+03
9960	-1.131247e+03
9961	-1.142054e+03
9962	-1.134103e+03
9963	-1.126978e+03
9964	-1.142843e+03
9965	-1.120354e+03
9966	-1.134075e+03
9967	-1.127356e+03
9968	-1.111435e+03
9969	-1.123395e+03
9970	-1.128440e+03
9971	-1.132601e+03
9972	-1.147743e+03
9973	-1.127874e+03
9974	-1.129182e+03
9975	-1.127590e+03
9976	-1.120169e+03
9977	-1.118965e+03
9978	-1.140791e+03
9979	-1.133124e+03
9980	-1.115685e+03
9981	-1.138746e+03
9982	-1.132927e+03
9983	-1.132538e+03
9984	-1.122318e+03
9985	-1.122762e+03
9986	-1.140184e+03
9987	-1.119376e+03
9988	-1.119265e+03
9989	-1.107983e+03
9990	-1.121193e+03
9991	-1.146121e+03
9992	-1.140324e+03
9993	-1.127756e+03
9994	-1.128883e+03
9995	-1.128468e+03
9996	-1.096169e+03
9997	-1.132126e+03
9998	-1.141882e+03
9999	-1.142712e+03
10000	-1.138029e+03
