iteration	loss
0	0.000000e+00
1	-7.499510e+01
2	-1.467338e+02
3	-2.139604e+02
4	-2.765409e+02
5	-3.351755e+02
6	-3.907874e+02
7	-4.457567e+02
8	-4.918542e+02
9	-5.432339e+02
10	-5.973854e+02
11	-6.268576e+02
12	-6.727551e+02
13	-7.128075e+02
14	-7.508383e+02
15	-7.781034e+02
16	-8.113470e+02
17	-8.393157e+02
18	-8.666995e+02
19	-8.867388e+02
20	-9.183939e+02
21	-9.290352e+02
22	-9.548025e+02
23	-9.874639e+02
24	-9.722491e+02
25	-1.016722e+03
26	-1.019870e+03
27	-1.014348e+03
28	-1.050838e+03
29	-1.063262e+03
30	-1.053568e+03
31	-1.059884e+03
32	-1.072170e+03
33	-1.082404e+03
34	-1.070284e+03
35	-1.085114e+03
36	-1.091780e+03
37	-1.105006e+03
38	-1.097936e+03
39	-1.087522e+03
40	-1.100211e+03
41	-1.117400e+03
42	-1.094090e+03
43	-1.102562e+03
44	-1.118620e+03
45	-1.095970e+03
46	-1.116979e+03
47	-1.144044e+03
48	-1.108989e+03
49	-1.135395e+03
50	-1.105982e+03
51	-1.106475e+03
52	-1.113361e+03
53	-1.130151e+03
54	-1.137031e+03
55	-1.123256e+03
56	-1.111111e+03
57	-1.121888e+03
58	-1.120003e+03
59	-1.109435e+03
60	-1.129588e+03
61	-1.140315e+03
62	-1.116418e+03
63	-1.125504e+03
64	-1.133663e+03
65	-1.131337e+03
66	-1.116960e+03
67	-1.110956e+03
68	-1.129919e+03
69	-1.129274e+03
70	-1.113407e+03
71	-1.131675e+03
72	-1.127227e+03
73	-1.131232e+03
74	-1.142328e+03
75	-1.132124e+03
76	-1.123000e+03
77	-1.130066e+03
78	-1.131261e+03
79	-1.151672e+03
80	-1.124616e+03
81	-1.125000e+03
82	-1.136254e+03
83	-1.123054e+03
84	-1.135311e+03
85	-1.116721e+03
86	-1.118122e+03
87	-1.154269e+03
88	-1.129287e+03
89	-1.131616e+03
90	-1.121680e+03
91	-1.120290e+03
92	-1.112034e+03
93	-1.111937e+03
94	-1.133690e+03
95	-1.157415e+03
96	-1.142261e+03
97	-1.122512e+03
98	-1.128913e+03
99	-1.129622e+03
100	-1.131993e+03
101	-1.137310e+03
102	-1.107765e+03
103	-1.135641e+03
104	-1.107250e+03
105	-1.125180e+03
106	-1.114970e+03
107	-1.137610e+03
108	-1.126275e+03
109	-1.131152e+03
110	-1.128297e+03
111	-1.125724e+03
112	-1.136567e+03
113	-1.123931e+03
114	-1.137740e+03
115	-1.133433e+03
116	-1.105492e+03
117	-1.142110e+03
118	-1.110662e+03
119	-1.133962e+03
120	-1.121425e+03
121	-1.131632e+03
122	-1.125375e+03
123	-1.128105e+03
124	-1.130293e+03
125	-1.157680e+03
126	-1.141722e+03
127	-1.131128e+03
128	-1.145527e+03
129	-1.133768e+03
130	-1.118091e+03
131	-1.133772e+03
132	-1.131332e+03
133	-1.107086e+03
134	-1.148233e+03
135	-1.127684e+03
136	-1.147933e+03
137	-1.138717e+03
138	-1.132309e+03
139	-1.131615e+03
140	-1.143871e+03
141	-1.121409e+03
142	-1.124291e+03
143	-1.132991e+03
144	-1.134136e+03
145	-1.148843e+03
146	-1.109856e+03
147	-1.128745e+03
148	-1.127933e+03
149	-1.133259e+03
150	-1.123450e+03
151	-1.127322e+03
152	-1.131611e+03
153	-1.134589e+03
154	-1.144599e+03
155	-1.124285e+03
156	-1.110788e+03
157	-1.131160e+03
158	-1.130363e+03
159	-1.127262e+03
160	-1.126674e+03
161	-1.136965e+03
162	-1.106282e+03
163	-1.133850e+03
164	-1.126447e+03
165	-1.148853e+03
166	-1.121471e+03
167	-1.131233e+03
168	-1.126356e+03
169	-1.141036e+03
170	-1.145072e+03
171	-1.131908e+03
172	-1.123189e+03
173	-1.120331e+03
174	-1.133574e+03
175	-1.136618e+03
176	-1.121071e+03
177	-1.103845e+03
178	-1.125844e+03
179	-1.124436e+03
180	-1.119902e+03
181	-1.135422e+03
182	-1.126636e+03
183	-1.131201e+03
184	-1.136728e+03
185	-1.154181e+03
186	-1.122314e+03
187	-1.126148e+03
188	-1.150331e+03
189	-1.125608e+03
190	-1.138045e+03
191	-1.130437e+03
192	-1.125484e+03
193	-1.130671e+03
194	-1.148773e+03
195	-1.131087e+03
196	-1.123712e+03
197	-1.128983e+03
198	-1.147916e+03
199	-1.128595e+03
200	-1.130918e+03
201	-1.125916e+03
202	-1.126482e+03
203	-1.137484e+03
204	-1.123986e+03
205	-1.111694e+03
206	-1.111402e+03
207	-1.124699e+03
208	-1.135331e+03
209	-1.136299e+03
210	-1.125256e+03
211	-1.116605e+03
212	-1.138373e+03
213	-1.132856e+03
214	-1.133531e+03
215	-1.141074e+03
216	-1.134182e+03
217	-1.122826e+03
218	-1.130982e+03
219	-1.119860e+03
220	-1.133427e+03
221	-1.125262e+03
222	-1.128912e+03
223	-1.110210e+03
224	-1.129833e+03
225	-1.118533e+03
226	-1.116915e+03
227	-1.108787e+03
228	-1.130760e+03
229	-1.118953e+03
230	-1.122688e+03
231	-1.130645e+03
232	-1.141950e+03
233	-1.124891e+03
234	-1.132400e+03
235	-1.127472e+03
236	-1.151384e+03
237	-1.127769e+03
238	-1.122140e+03
239	-1.118674e+03
240	-1.133516e+03
241	-1.115628e+03
242	-1.142279e+03
243	-1.103555e+03
244	-1.129324e+03
245	-1.126922e+03
246	-1.146791e+03
247	-1.135064e+03
248	-1.125484e+03
249	-1.128082e+03
250	-1.131179e+03
251	-1.150943e+03
252	-1.104617e+03
253	-1.139291e+03
254	-1.132956e+03
255	-1.126273e+03
256	-1.149158e+03
257	-1.151370e+03
258	-1.121724e+03
259	-1.158808e+03
260	-1.124738e+03
261	-1.132510e+03
262	-1.132592e+03
263	-1.122899e+03
264	-1.123007e+03
265	-1.120940e+03
266	-1.133957e+03
267	-1.135927e+03
268	-1.116190e+03
269	-1.143084e+03
270	-1.143475e+03
271	-1.141458e+03
272	-1.111330e+03
273	-1.112164e+03
274	-1.099234e+03
275	-1.143261e+03
276	-1.138418e+03
277	-1.139218e+03
278	-1.121807e+03
279	-1.146612e+03
280	-1.144428e+03
281	-1.129995e+03
282	-1.139525e+03
283	-1.124138e+03
284	-1.130181e+03
285	-1.116959e+03
286	-1.134321e+03
287	-1.109476e+03
288	-1.125674e+03
289	-1.119952e+03
290	-1.140356e+03
291	-1.136061e+03
292	-1.151285e+03
293	-1.126316e+03
294	-1.126639e+03
295	-1.111046e+03
296	-1.143620e+03
297	-1.141718e+03
298	-1.132650e+03
299	-1.146115e+03
300	-1.135531e+03
301	-1.119447e+03
302	-1.144131e+03
303	-1.137532e+03
304	-1.088172e+03
305	-1.158546e+03
306	-1.132310e+03
307	-1.123834e+03
308	-1.142953e+03
309	-1.149724e+03
310	-1.131602e+03
311	-1.112244e+03
312	-1.129437e+03
313	-1.110612e+03
314	-1.104920e+03
315	-1.118222e+03
316	-1.121413e+03
317	-1.144989e+03
318	-1.137060e+03
319	-1.123537e+03
320	-1.122200e+03
321	-1.124607e+03
322	-1.118662e+03
323	-1.114939e+03
324	-1.142076e+03
325	-1.127233e+03
326	-1.116516e+03
327	-1.155136e+03
328	-1.121988e+03
329	-1.125427e+03
330	-1.138420e+03
331	-1.125486e+03
332	-1.130473e+03
333	-1.129691e+03
334	-1.124353e+03
335	-1.114840e+03
336	-1.138642e+03
337	-1.131338e+03
338	-1.123003e+03
339	-1.107377e+03
340	-1.124540e+03
341	-1.124826e+03
342	-1.128156e+03
343	-1.142067e+03
344	-1.120268e+03
345	-1.132435e+03
346	-1.130631e+03
347	-1.110415e+03
348	-1.135616e+03
349	-1.147205e+03
350	-1.133102e+03
351	-1.142331e+03
352	-1.111285e+03
353	-1.133936e+03
354	-1.142351e+03
355	-1.126518e+03
356	-1.099726e+03
357	-1.128997e+03
358	-1.137925e+03
359	-1.123182e+03
360	-1.127738e+03
361	-1.133427e+03
362	-1.134750e+03
363	-1.124946e+03
364	-1.119715e+03
365	-1.131794e+03
366	-1.114877e+03
367	-1.123415e+03
368	-1.126771e+03
369	-1.137128e+03
370	-1.100731e+03
371	-1.131442e+03
372	-1.116689e+03
373	-1.147835e+03
374	-1.115392e+03
375	-1.138701e+03
376	-1.127381e+03
377	-1.142844e+03
378	-1.152058e+03
379	-1.108846e+03
380	-1.117128e+03
381	-1.125998e+03
382	-1.142961e+03
383	-1.125524e+03
384	-1.122290e+03
385	-1.113791e+03
386	-1.134708e+03
387	-1.114265e+03
388	-1.122175e+03
389	-1.122391e+03
390	-1.106238e+03
391	-1.120574e+03
392	-1.115850e+03
393	-1.137124e+03
394	-1.113894e+03
395	-1.122426e+03
396	-1.130631e+03
397	-1.126011e+03
398	-1.122790e+03
399	-1.134096e+03
400	-1.129770e+03
401	-1.130993e+03
402	-1.132322e+03
403	-1.145403e+03
404	-1.124984e+03
405	-1.114203e+03
406	-1.140650e+03
407	-1.130689e+03
408	-1.153932e+03
409	-1.136942e+03
410	-1.125489e+03
411	-1.133368e+03
412	-1.149407e+03
413	-1.124988e+03
414	-1.135678e+03
415	-1.131694e+03
416	-1.118325e+03
417	-1.144293e+03
418	-1.156323e+03
419	-1.150371e+03
420	-1.147385e+03
421	-1.136571e+03
422	-1.127282e+03
423	-1.134614e+03
424	-1.134924e+03
425	-1.128013e+03
426	-1.136057e+03
427	-1.143023e+03
428	-1.122666e+03
429	-1.134299e+03
430	-1.124452e+03
431	-1.138817e+03
432	-1.135021e+03
433	-1.131242e+03
434	-1.147367e+03
435	-1.128008e+03
436	-1.122634e+03
437	-1.116656e+03
438	-1.129040e+03
439	-1.129998e+03
440	-1.126917e+03
441	-1.116658e+03
442	-1.115751e+03
443	-1.119946e+03
444	-1.114310e+03
445	-1.132591e+03
446	-1.133357e+03
447	-1.135433e+03
448	-1.124930e+03
449	-1.117356e+03
450	-1.118976e+03
451	-1.153167e+03
452	-1.130048e+03
453	-1.128790e+03
454	-1.119876e+03
455	-1.141237e+03
456	-1.132081e+03
457	-1.130897e+03
458	-1.117622e+03
459	-1.147178e+03
460	-1.119709e+03
461	-1.126202e+03
462	-1.128874e+03
463	-1.112036e+03
464	-1.125822e+03
465	-1.130023e+03
466	-1.122378e+03
467	-1.130130e+03
468	-1.116314e+03
469	-1.117236e+03
470	-1.127640e+03
471	-1.141971e+03
472	-1.115309e+03
473	-1.123221e+03
474	-1.135874e+03
475	-1.113787e+03
476	-1.122405e+03
477	-1.140872e+03
478	-1.150928e+03
479	-1.137480e+03
480	-1.141804e+03
481	-1.142521e+03
482	-1.114729e+03
483	-1.150422e+03
484	-1.134566e+03
485	-1.136626e+03
486	-1.117075e+03
487	-1.130177e+03
488	-1.116817e+03
489	-1.150853e+03
490	-1.122022e+03
491	-1.133226e+03
492	-1.146257e+03
493	-1.132349e+03
494	-1.142652e+03
495	-1.126119e+03
496	-1.137311e+03
497	-1.124453e+03
498	-1.126010e+03
499	-1.140350e+03
500	-1.128752e+03
501	-1.141264e+03
502	-1.145953e+03
503	-1.105044e+03
504	-1.112542e+03
505	-1.126168e+03
506	-1.126982e+03
507	-1.135697e+03
508	-1.136549e+03
509	-1.116686e+03
510	-1.121764e+03
511	-1.130023e+03
512	-1.148523e+03
513	-1.116192e+03
514	-1.140950e+03
515	-1.156213e+03
516	-1.122747e+03
517	-1.128705e+03
518	-1.144044e+03
519	-1.128565e+03
520	-1.144933e+03
521	-1.140546e+03
522	-1.129887e+03
523	-1.115581e+03
524	-1.142262e+03
525	-1.114011e+03
526	-1.125022e+03
527	-1.122609e+03
528	-1.130694e+03
529	-1.109640e+03
530	-1.135660e+03
531	-1.107640e+03
532	-1.138965e+03
533	-1.115103e+03
534	-1.142441e+03
535	-1.121649e+03
536	-1.141869e+03
537	-1.131261e+03
538	-1.139334e+03
539	-1.121257e+03
540	-1.120130e+03
541	-1.132505e+03
542	-1.127067e+03
543	-1.137289e+03
544	-1.118491e+03
545	-1.145074e+03
546	-1.134287e+03
547	-1.135504e+03
548	-1.129780e+03
549	-1.147542e+03
550	-1.125237e+03
551	-1.114645e+03
552	-1.117633e+03
553	-1.140977e+03
554	-1.116753e+03
555	-1.124895e+03
556	-1.134852e+03
557	-1.133645e+03
558	-1.111455e+03
559	-1.119593e+03
560	-1.123983e+03
561	-1.103995e+03
562	-1.128785e+03
563	-1.135332e+03
564	-1.123944e+03
565	-1.113060e+03
566	-1.136077e+03
567	-1.134910e+03
568	-1.126037e+03
569	-1.140822e+03
570	-1.110830e+03
571	-1.138855e+03
572	-1.131121e+03
573	-1.129221e+03
574	-1.135996e+03
575	-1.124966e+03
576	-1.119589e+03
577	-1.137646e+03
578	-1.130031e+03
579	-1.130165e+03
580	-1.132852e+03
581	-1.139501e+03
582	-1.137988e+03
583	-1.132925e+03
584	-1.120744e+03
585	-1.126666e+03
586	-1.109841e+03
587	-1.122979e+03
588	-1.132686e+03
589	-1.127376e+03
590	-1.133151e+03
591	-1.134552e+03
592	-1.117149e+03
593	-1.141820e+03
594	-1.117570e+03
595	-1.144066e+03
596	-1.133357e+03
597	-1.135177e+03
598	-1.154262e+03
599	-1.126561e+03
600	-1.124967e+03
601	-1.120593e+03
602	-1.119429e+03
603	-1.129846e+03
604	-1.112708e+03
605	-1.133628e+03
606	-1.143360e+03
607	-1.150823e+03
608	-1.135536e+03
609	-1.107916e+03
610	-1.113810e+03
611	-1.120808e+03
612	-1.151402e+03
613	-1.118065e+03
614	-1.121969e+03
615	-1.124555e+03
616	-1.140099e+03
617	-1.135466e+03
618	-1.154636e+03
619	-1.127697e+03
620	-1.129035e+03
621	-1.120271e+03
622	-1.123660e+03
623	-1.118265e+03
624	-1.138294e+03
625	-1.143915e+03
626	-1.139328e+03
627	-1.140539e+03
628	-1.160151e+03
629	-1.129420e+03
630	-1.150614e+03
631	-1.133870e+03
632	-1.122586e+03
633	-1.136199e+03
634	-1.141378e+03
635	-1.136335e+03
636	-1.122335e+03
637	-1.117972e+03
638	-1.110176e+03
639	-1.138540e+03
640	-1.117149e+03
641	-1.118628e+03
642	-1.128792e+03
643	-1.134317e+03
644	-1.130448e+03
645	-1.130472e+03
646	-1.139109e+03
647	-1.138054e+03
648	-1.129062e+03
649	-1.119818e+03
650	-1.130407e+03
651	-1.125650e+03
652	-1.118314e+03
653	-1.126001e+03
654	-1.112956e+03
655	-1.119992e+03
656	-1.156149e+03
657	-1.135691e+03
658	-1.117384e+03
659	-1.137945e+03
660	-1.115160e+03
661	-1.124798e+03
662	-1.133006e+03
663	-1.120727e+03
664	-1.124182e+03
665	-1.133435e+03
666	-1.129776e+03
667	-1.116146e+03
668	-1.130169e+03
669	-1.133314e+03
670	-1.134363e+03
671	-1.123263e+03
672	-1.126285e+03
673	-1.124551e+03
674	-1.118460e+03
675	-1.136580e+03
676	-1.130418e+03
677	-1.129403e+03
678	-1.125187e+03
679	-1.127438e+03
680	-1.131951e+03
681	-1.130269e+03
682	-1.127604e+03
683	-1.116590e+03
684	-1.135073e+03
685	-1.121686e+03
686	-1.123188e+03
687	-1.144052e+03
688	-1.129692e+03
689	-1.127572e+03
690	-1.141143e+03
691	-1.140046e+03
692	-1.121216e+03
693	-1.115468e+03
694	-1.107710e+03
695	-1.133360e+03
696	-1.124201e+03
697	-1.118388e+03
698	-1.131275e+03
699	-1.136071e+03
700	-1.133131e+03
701	-1.127103e+03
702	-1.121815e+03
703	-1.110970e+03
704	-1.117473e+03
705	-1.135804e+03
706	-1.125307e+03
707	-1.115427e+03
708	-1.135824e+03
709	-1.136436e+03
710	-1.110489e+03
711	-1.109202e+03
712	-1.154962e+03
713	-1.140093e+03
714	-1.121119e+03
715	-1.120458e+03
716	-1.126631e+03
717	-1.115882e+03
718	-1.129311e+03
719	-1.111531e+03
720	-1.135882e+03
721	-1.131122e+03
722	-1.140068e+03
723	-1.133800e+03
724	-1.126219e+03
725	-1.133319e+03
726	-1.136901e+03
727	-1.119055e+03
728	-1.116838e+03
729	-1.148711e+03
730	-1.125568e+03
731	-1.139009e+03
732	-1.147220e+03
733	-1.123359e+03
734	-1.123799e+03
735	-1.131516e+03
736	-1.127363e+03
737	-1.129178e+03
738	-1.122959e+03
739	-1.139622e+03
740	-1.129778e+03
741	-1.125363e+03
742	-1.133029e+03
743	-1.127328e+03
744	-1.135396e+03
745	-1.127995e+03
746	-1.127498e+03
747	-1.126211e+03
748	-1.126317e+03
749	-1.128762e+03
750	-1.133496e+03
751	-1.109438e+03
752	-1.106216e+03
753	-1.131771e+03
754	-1.114239e+03
755	-1.127430e+03
756	-1.136621e+03
757	-1.113758e+03
758	-1.126841e+03
759	-1.123083e+03
760	-1.114783e+03
761	-1.150945e+03
762	-1.139482e+03
763	-1.128206e+03
764	-1.129781e+03
765	-1.138115e+03
766	-1.126689e+03
767	-1.119701e+03
768	-1.129344e+03
769	-1.138365e+03
770	-1.118947e+03
771	-1.131530e+03
772	-1.134586e+03
773	-1.118088e+03
774	-1.126382e+03
775	-1.128077e+03
776	-1.118122e+03
777	-1.128984e+03
778	-1.102252e+03
779	-1.125180e+03
780	-1.135808e+03
781	-1.141337e+03
782	-1.134131e+03
783	-1.138826e+03
784	-1.112522e+03
785	-1.127305e+03
786	-1.136677e+03
787	-1.115116e+03
788	-1.107720e+03
789	-1.121381e+03
790	-1.143982e+03
791	-1.122897e+03
792	-1.113201e+03
793	-1.126047e+03
794	-1.144374e+03
795	-1.138257e+03
796	-1.123130e+03
797	-1.124462e+03
798	-1.103921e+03
799	-1.129506e+03
800	-1.124188e+03
801	-1.140923e+03
802	-1.133083e+03
803	-1.127269e+03
804	-1.122173e+03
805	-1.131934e+03
806	-1.122328e+03
807	-1.110956e+03
808	-1.129044e+03
809	-1.122190e+03
810	-1.152383e+03
811	-1.141977e+03
812	-1.135506e+03
813	-1.127852e+03
814	-1.114766e+03
815	-1.117555e+03
816	-1.129603e+03
817	-1.130104e+03
818	-1.146983e+03
819	-1.132992e+03
820	-1.138363e+03
821	-1.135122e+03
822	-1.149720e+03
823	-1.124914e+03
824	-1.123385e+03
825	-1.144634e+03
826	-1.126170e+03
827	-1.138217e+03
828	-1.129651e+03
829	-1.130511e+03
830	-1.133430e+03
831	-1.120641e+03
832	-1.108649e+03
833	-1.108250e+03
834	-1.126176e+03
835	-1.132811e+03
836	-1.128400e+03
837	-1.139331e+03
838	-1.141737e+03
839	-1.118548e+03
840	-1.129289e+03
841	-1.137500e+03
842	-1.143760e+03
843	-1.123906e+03
844	-1.131486e+03
845	-1.111650e+03
846	-1.134027e+03
847	-1.119161e+03
848	-1.139612e+03
849	-1.133837e+03
850	-1.129221e+03
851	-1.123027e+03
852	-1.124696e+03
853	-1.126498e+03
854	-1.125777e+03
855	-1.103566e+03
856	-1.133623e+03
857	-1.148539e+03
858	-1.115065e+03
859	-1.121850e+03
860	-1.112021e+03
861	-1.135198e+03
862	-1.150305e+03
863	-1.150499e+03
864	-1.121933e+03
865	-1.138117e+03
866	-1.112712e+03
867	-1.116689e+03
868	-1.142279e+03
869	-1.120106e+03
870	-1.121953e+03
871	-1.117885e+03
872	-1.139111e+03
873	-1.126372e+03
874	-1.132686e+03
875	-1.152665e+03
876	-1.119882e+03
877	-1.113280e+03
878	-1.116166e+03
879	-1.133030e+03
880	-1.107101e+03
881	-1.130478e+03
882	-1.121837e+03
883	-1.120494e+03
884	-1.128466e+03
885	-1.116680e+03
886	-1.162261e+03
887	-1.127937e+03
888	-1.130104e+03
889	-1.117423e+03
890	-1.125479e+03
891	-1.118072e+03
892	-1.128489e+03
893	-1.144992e+03
894	-1.131009e+03
895	-1.124483e+03
896	-1.130610e+03
897	-1.133462e+03
898	-1.117599e+03
899	-1.132553e+03
900	-1.141951e+03
901	-1.127631e+03
902	-1.141286e+03
903	-1.128534e+03
904	-1.121606e+03
905	-1.110805e+03
906	-1.126807e+03
907	-1.112572e+03
908	-1.147712e+03
909	-1.107078e+03
910	-1.146043e+03
911	-1.125325e+03
912	-1.141468e+03
913	-1.110510e+03
914	-1.141158e+03
915	-1.125011e+03
916	-1.135413e+03
917	-1.134034e+03
918	-1.135612e+03
919	-1.139161e+03
920	-1.121629e+03
921	-1.136903e+03
922	-1.129929e+03
923	-1.142547e+03
924	-1.120610e+03
925	-1.123772e+03
926	-1.118363e+03
927	-1.144308e+03
928	-1.115029e+03
929	-1.122433e+03
930	-1.122959e+03
931	-1.132266e+03
932	-1.143364e+03
933	-1.139461e+03
934	-1.117679e+03
935	-1.107399e+03
936	-1.113039e+03
937	-1.132258e+03
938	-1.129711e+03
939	-1.144059e+03
940	-1.107901e+03
941	-1.110246e+03
942	-1.131483e+03
943	-1.118728e+03
944	-1.135011e+03
945	-1.142990e+03
946	-1.141131e+03
947	-1.124267e+03
948	-1.115603e+03
949	-1.120259e+03
950	-1.133343e+03
951	-1.142248e+03
952	-1.126788e+03
953	-1.129617e+03
954	-1.135141e+03
955	-1.117647e+03
956	-1.137197e+03
957	-1.120262e+03
958	-1.132761e+03
959	-1.144107e+03
960	-1.129200e+03
961	-1.119595e+03
962	-1.122852e+03
963	-1.131027e+03
964	-1.127240e+03
965	-1.139847e+03
966	-1.114161e+03
967	-1.142000e+03
968	-1.135669e+03
969	-1.130233e+03
970	-1.136318e+03
971	-1.135979e+03
972	-1.132610e+03
973	-1.114470e+03
974	-1.118095e+03
975	-1.142226e+03
976	-1.114678e+03
977	-1.133672e+03
978	-1.132602e+03
979	-1.141857e+03
980	-1.129276e+03
981	-1.132049e+03
982	-1.131826e+03
983	-1.119005e+03
984	-1.128250e+03
985	-1.116108e+03
986	-1.131166e+03
987	-1.124789e+03
988	-1.151298e+03
989	-1.147955e+03
990	-1.121375e+03
991	-1.118816e+03
992	-1.126693e+03
993	-1.123406e+03
994	-1.133316e+03
995	-1.140112e+03
996	-1.142024e+03
997	-1.135372e+03
998	-1.116922e+03
999	-1.130907e+03
1000	-1.129967e+03
1001	-1.129766e+03
1002	-1.147493e+03
1003	-1.139859e+03
1004	-1.125534e+03
1005	-1.126407e+03
1006	-1.135718e+03
1007	-1.129965e+03
1008	-1.120429e+03
1009	-1.136587e+03
1010	-1.127975e+03
1011	-1.136025e+03
1012	-1.119033e+03
1013	-1.125892e+03
1014	-1.129367e+03
1015	-1.118630e+03
1016	-1.123188e+03
1017	-1.118832e+03
1018	-1.140982e+03
1019	-1.138014e+03
1020	-1.131574e+03
1021	-1.117704e+03
1022	-1.123654e+03
1023	-1.143275e+03
1024	-1.132831e+03
1025	-1.111034e+03
1026	-1.137205e+03
1027	-1.116298e+03
1028	-1.125637e+03
1029	-1.135061e+03
1030	-1.145413e+03
1031	-1.130807e+03
1032	-1.110536e+03
1033	-1.136413e+03
1034	-1.116430e+03
1035	-1.122899e+03
1036	-1.128225e+03
1037	-1.125801e+03
1038	-1.127307e+03
1039	-1.143358e+03
1040	-1.118077e+03
1041	-1.117333e+03
1042	-1.120203e+03
1043	-1.127115e+03
1044	-1.119438e+03
1045	-1.137814e+03
1046	-1.137306e+03
1047	-1.130239e+03
1048	-1.118034e+03
1049	-1.130224e+03
1050	-1.127541e+03
1051	-1.121867e+03
1052	-1.138564e+03
1053	-1.141275e+03
1054	-1.142731e+03
1055	-1.133427e+03
1056	-1.126817e+03
1057	-1.129789e+03
1058	-1.108434e+03
1059	-1.112202e+03
1060	-1.129812e+03
1061	-1.116193e+03
1062	-1.116302e+03
1063	-1.118927e+03
1064	-1.148995e+03
1065	-1.104927e+03
1066	-1.127116e+03
1067	-1.124208e+03
1068	-1.135822e+03
1069	-1.114201e+03
1070	-1.136041e+03
1071	-1.132122e+03
1072	-1.141852e+03
1073	-1.132999e+03
1074	-1.127936e+03
1075	-1.120423e+03
1076	-1.129160e+03
1077	-1.129661e+03
1078	-1.110249e+03
1079	-1.137798e+03
1080	-1.111787e+03
1081	-1.110389e+03
1082	-1.123393e+03
1083	-1.147888e+03
1084	-1.128427e+03
1085	-1.140307e+03
1086	-1.105425e+03
1087	-1.137191e+03
1088	-1.127086e+03
1089	-1.144675e+03
1090	-1.132629e+03
1091	-1.135932e+03
1092	-1.133432e+03
1093	-1.131358e+03
1094	-1.113715e+03
1095	-1.132549e+03
1096	-1.109767e+03
1097	-1.120011e+03
1098	-1.147898e+03
1099	-1.126005e+03
1100	-1.110830e+03
1101	-1.135689e+03
1102	-1.145193e+03
1103	-1.113564e+03
1104	-1.137117e+03
1105	-1.131790e+03
1106	-1.142588e+03
1107	-1.124656e+03
1108	-1.120189e+03
1109	-1.128424e+03
1110	-1.129413e+03
1111	-1.116879e+03
1112	-1.137707e+03
1113	-1.122611e+03
1114	-1.128870e+03
1115	-1.118932e+03
1116	-1.126972e+03
1117	-1.111671e+03
1118	-1.129984e+03
1119	-1.136555e+03
1120	-1.118619e+03
1121	-1.134407e+03
1122	-1.147614e+03
1123	-1.113809e+03
1124	-1.119787e+03
1125	-1.132520e+03
1126	-1.111582e+03
1127	-1.101321e+03
1128	-1.147296e+03
1129	-1.124879e+03
1130	-1.132255e+03
1131	-1.097984e+03
1132	-1.128030e+03
1133	-1.141355e+03
1134	-1.118212e+03
1135	-1.131630e+03
1136	-1.131951e+03
1137	-1.122721e+03
1138	-1.129926e+03
1139	-1.129920e+03
1140	-1.135641e+03
1141	-1.123854e+03
1142	-1.134910e+03
1143	-1.113611e+03
1144	-1.151929e+03
1145	-1.114439e+03
1146	-1.114928e+03
1147	-1.140471e+03
1148	-1.118585e+03
1149	-1.118109e+03
1150	-1.130934e+03
1151	-1.118889e+03
1152	-1.129474e+03
1153	-1.127461e+03
1154	-1.137398e+03
1155	-1.166729e+03
1156	-1.115590e+03
1157	-1.139650e+03
1158	-1.129239e+03
1159	-1.106396e+03
1160	-1.121576e+03
1161	-1.126762e+03
1162	-1.120284e+03
1163	-1.129910e+03
1164	-1.127412e+03
1165	-1.114837e+03
1166	-1.152278e+03
1167	-1.119621e+03
1168	-1.141922e+03
1169	-1.132415e+03
1170	-1.116729e+03
1171	-1.112686e+03
1172	-1.135192e+03
1173	-1.132824e+03
1174	-1.150311e+03
1175	-1.124168e+03
1176	-1.145187e+03
1177	-1.145682e+03
1178	-1.130250e+03
1179	-1.139225e+03
1180	-1.133555e+03
1181	-1.144399e+03
1182	-1.121422e+03
1183	-1.146349e+03
1184	-1.127833e+03
1185	-1.128283e+03
1186	-1.120860e+03
1187	-1.137581e+03
1188	-1.126779e+03
1189	-1.140875e+03
1190	-1.123253e+03
1191	-1.123914e+03
1192	-1.145022e+03
1193	-1.145764e+03
1194	-1.123687e+03
1195	-1.124720e+03
1196	-1.130684e+03
1197	-1.133912e+03
1198	-1.141313e+03
1199	-1.137661e+03
1200	-1.118659e+03
1201	-1.127947e+03
1202	-1.119350e+03
1203	-1.113691e+03
1204	-1.144774e+03
1205	-1.122962e+03
1206	-1.129412e+03
1207	-1.135496e+03
1208	-1.136782e+03
1209	-1.142131e+03
1210	-1.135939e+03
1211	-1.128937e+03
1212	-1.116070e+03
1213	-1.122009e+03
1214	-1.110673e+03
1215	-1.142961e+03
1216	-1.122906e+03
1217	-1.120970e+03
1218	-1.136212e+03
1219	-1.133242e+03
1220	-1.138788e+03
1221	-1.119213e+03
1222	-1.129196e+03
1223	-1.113630e+03
1224	-1.134353e+03
1225	-1.126612e+03
1226	-1.143858e+03
1227	-1.117943e+03
1228	-1.123701e+03
1229	-1.126769e+03
1230	-1.108845e+03
1231	-1.138591e+03
1232	-1.128295e+03
1233	-1.108927e+03
1234	-1.139355e+03
1235	-1.108271e+03
1236	-1.134864e+03
1237	-1.115668e+03
1238	-1.130954e+03
1239	-1.125112e+03
1240	-1.139377e+03
1241	-1.125197e+03
1242	-1.123792e+03
1243	-1.137916e+03
1244	-1.138665e+03
1245	-1.134174e+03
1246	-1.148925e+03
1247	-1.147945e+03
1248	-1.133062e+03
1249	-1.134947e+03
1250	-1.118522e+03
1251	-1.111676e+03
1252	-1.121081e+03
1253	-1.131066e+03
1254	-1.144469e+03
1255	-1.117953e+03
1256	-1.137010e+03
1257	-1.124818e+03
1258	-1.140367e+03
1259	-1.115287e+03
1260	-1.132712e+03
1261	-1.155283e+03
1262	-1.113968e+03
1263	-1.112386e+03
1264	-1.148554e+03
1265	-1.119189e+03
1266	-1.115050e+03
1267	-1.136662e+03
1268	-1.105541e+03
1269	-1.121835e+03
1270	-1.129464e+03
1271	-1.127871e+03
1272	-1.144112e+03
1273	-1.125624e+03
1274	-1.121327e+03
1275	-1.123669e+03
1276	-1.131543e+03
1277	-1.134171e+03
1278	-1.132537e+03
1279	-1.151669e+03
1280	-1.123482e+03
1281	-1.135210e+03
1282	-1.114804e+03
1283	-1.126431e+03
1284	-1.132904e+03
1285	-1.131931e+03
1286	-1.133329e+03
1287	-1.131755e+03
1288	-1.128576e+03
1289	-1.113672e+03
1290	-1.125963e+03
1291	-1.135888e+03
1292	-1.144977e+03
1293	-1.123494e+03
1294	-1.131714e+03
1295	-1.123020e+03
1296	-1.135393e+03
1297	-1.138659e+03
1298	-1.139944e+03
1299	-1.128082e+03
1300	-1.136240e+03
1301	-1.134432e+03
1302	-1.140816e+03
1303	-1.117792e+03
1304	-1.128752e+03
1305	-1.116166e+03
1306	-1.132457e+03
1307	-1.130518e+03
1308	-1.116490e+03
1309	-1.129299e+03
1310	-1.130733e+03
1311	-1.131177e+03
1312	-1.135511e+03
1313	-1.119937e+03
1314	-1.141058e+03
1315	-1.111947e+03
1316	-1.132988e+03
1317	-1.143314e+03
1318	-1.143319e+03
1319	-1.141535e+03
1320	-1.137884e+03
1321	-1.118346e+03
1322	-1.123569e+03
1323	-1.109365e+03
1324	-1.135922e+03
1325	-1.135774e+03
1326	-1.123230e+03
1327	-1.129700e+03
1328	-1.136188e+03
1329	-1.144659e+03
1330	-1.127531e+03
1331	-1.141505e+03
1332	-1.140501e+03
1333	-1.137105e+03
1334	-1.125883e+03
1335	-1.140407e+03
1336	-1.131045e+03
1337	-1.125407e+03
1338	-1.128331e+03
1339	-1.129962e+03
1340	-1.126666e+03
1341	-1.144795e+03
1342	-1.161894e+03
1343	-1.128534e+03
1344	-1.151782e+03
1345	-1.117313e+03
1346	-1.145252e+03
1347	-1.142039e+03
1348	-1.135277e+03
1349	-1.120497e+03
1350	-1.118973e+03
1351	-1.127637e+03
1352	-1.139255e+03
1353	-1.147477e+03
1354	-1.128464e+03
1355	-1.139340e+03
1356	-1.129763e+03
1357	-1.124171e+03
1358	-1.118993e+03
1359	-1.124370e+03
1360	-1.132749e+03
1361	-1.117851e+03
1362	-1.126049e+03
1363	-1.123679e+03
1364	-1.113857e+03
1365	-1.141450e+03
1366	-1.119666e+03
1367	-1.137456e+03
1368	-1.134209e+03
1369	-1.151809e+03
1370	-1.142282e+03
1371	-1.128000e+03
1372	-1.123302e+03
1373	-1.129229e+03
1374	-1.166337e+03
1375	-1.133063e+03
1376	-1.125888e+03
1377	-1.120915e+03
1378	-1.121771e+03
1379	-1.115839e+03
1380	-1.127082e+03
1381	-1.112773e+03
1382	-1.133687e+03
1383	-1.150995e+03
1384	-1.139837e+03
1385	-1.133307e+03
1386	-1.131682e+03
1387	-1.141379e+03
1388	-1.117577e+03
1389	-1.129127e+03
1390	-1.130124e+03
1391	-1.145086e+03
1392	-1.130265e+03
1393	-1.141787e+03
1394	-1.120113e+03
1395	-1.123013e+03
1396	-1.120134e+03
1397	-1.118183e+03
1398	-1.126784e+03
1399	-1.144449e+03
1400	-1.146482e+03
1401	-1.132704e+03
1402	-1.126638e+03
1403	-1.126295e+03
1404	-1.148390e+03
1405	-1.128578e+03
1406	-1.121404e+03
1407	-1.131930e+03
1408	-1.119539e+03
1409	-1.114428e+03
1410	-1.147942e+03
1411	-1.121184e+03
1412	-1.142118e+03
1413	-1.127171e+03
1414	-1.122786e+03
1415	-1.148195e+03
1416	-1.144047e+03
1417	-1.120982e+03
1418	-1.116666e+03
1419	-1.149104e+03
1420	-1.114149e+03
1421	-1.144500e+03
1422	-1.147595e+03
1423	-1.128022e+03
1424	-1.134770e+03
1425	-1.138648e+03
1426	-1.142620e+03
1427	-1.126355e+03
1428	-1.138187e+03
1429	-1.118991e+03
1430	-1.119136e+03
1431	-1.133796e+03
1432	-1.115372e+03
1433	-1.132212e+03
1434	-1.140020e+03
1435	-1.128138e+03
1436	-1.134015e+03
1437	-1.125820e+03
1438	-1.135309e+03
1439	-1.128829e+03
1440	-1.113357e+03
1441	-1.120016e+03
1442	-1.151293e+03
1443	-1.134552e+03
1444	-1.128651e+03
1445	-1.116838e+03
1446	-1.136837e+03
1447	-1.137350e+03
1448	-1.134375e+03
1449	-1.131613e+03
1450	-1.124108e+03
1451	-1.120084e+03
1452	-1.136698e+03
1453	-1.108988e+03
1454	-1.112986e+03
1455	-1.126169e+03
1456	-1.121651e+03
1457	-1.136470e+03
1458	-1.141677e+03
1459	-1.139044e+03
1460	-1.112933e+03
1461	-1.133163e+03
1462	-1.116952e+03
1463	-1.138433e+03
1464	-1.136900e+03
1465	-1.140210e+03
1466	-1.115577e+03
1467	-1.117302e+03
1468	-1.128653e+03
1469	-1.117377e+03
1470	-1.137855e+03
1471	-1.132065e+03
1472	-1.125174e+03
1473	-1.145759e+03
1474	-1.135509e+03
1475	-1.142165e+03
1476	-1.125935e+03
1477	-1.132366e+03
1478	-1.119196e+03
1479	-1.123235e+03
1480	-1.132321e+03
1481	-1.122285e+03
1482	-1.141689e+03
1483	-1.131117e+03
1484	-1.129846e+03
1485	-1.132515e+03
1486	-1.141282e+03
1487	-1.140695e+03
1488	-1.140385e+03
1489	-1.134162e+03
1490	-1.120670e+03
1491	-1.118210e+03
1492	-1.129389e+03
1493	-1.112986e+03
1494	-1.137843e+03
1495	-1.144755e+03
1496	-1.124463e+03
1497	-1.121959e+03
1498	-1.140137e+03
1499	-1.134461e+03
1500	-1.135841e+03
1501	-1.119408e+03
1502	-1.129671e+03
1503	-1.105864e+03
1504	-1.125950e+03
1505	-1.124999e+03
1506	-1.106750e+03
1507	-1.144680e+03
1508	-1.126001e+03
1509	-1.112424e+03
1510	-1.122953e+03
1511	-1.126510e+03
1512	-1.145236e+03
1513	-1.129954e+03
1514	-1.117742e+03
1515	-1.139882e+03
1516	-1.134511e+03
1517	-1.136527e+03
1518	-1.126290e+03
1519	-1.130561e+03
1520	-1.136255e+03
1521	-1.150010e+03
1522	-1.127399e+03
1523	-1.118865e+03
1524	-1.120379e+03
1525	-1.111957e+03
1526	-1.130154e+03
1527	-1.129548e+03
1528	-1.123659e+03
1529	-1.141985e+03
1530	-1.128106e+03
1531	-1.128661e+03
1532	-1.119215e+03
1533	-1.135082e+03
1534	-1.127933e+03
1535	-1.111915e+03
1536	-1.122963e+03
1537	-1.122873e+03
1538	-1.127545e+03
1539	-1.140145e+03
1540	-1.128573e+03
1541	-1.149720e+03
1542	-1.142941e+03
1543	-1.127193e+03
1544	-1.138517e+03
1545	-1.128511e+03
1546	-1.122107e+03
1547	-1.122549e+03
1548	-1.122509e+03
1549	-1.119247e+03
1550	-1.123007e+03
1551	-1.126505e+03
1552	-1.132308e+03
1553	-1.128500e+03
1554	-1.121059e+03
1555	-1.128109e+03
1556	-1.134470e+03
1557	-1.133774e+03
1558	-1.130185e+03
1559	-1.130388e+03
1560	-1.126386e+03
1561	-1.125974e+03
1562	-1.118236e+03
1563	-1.125414e+03
1564	-1.128800e+03
1565	-1.154583e+03
1566	-1.173132e+03
1567	-1.118190e+03
1568	-1.148836e+03
1569	-1.114864e+03
1570	-1.132314e+03
1571	-1.131173e+03
1572	-1.130569e+03
1573	-1.134171e+03
1574	-1.126415e+03
1575	-1.139108e+03
1576	-1.118906e+03
1577	-1.134056e+03
1578	-1.138706e+03
1579	-1.137177e+03
1580	-1.133044e+03
1581	-1.139043e+03
1582	-1.144533e+03
1583	-1.142545e+03
1584	-1.127566e+03
1585	-1.120322e+03
1586	-1.132789e+03
1587	-1.122609e+03
1588	-1.135810e+03
1589	-1.135569e+03
1590	-1.122939e+03
1591	-1.127524e+03
1592	-1.103254e+03
1593	-1.128754e+03
1594	-1.133982e+03
1595	-1.113664e+03
1596	-1.118725e+03
1597	-1.144744e+03
1598	-1.133438e+03
1599	-1.120075e+03
1600	-1.130458e+03
1601	-1.135017e+03
1602	-1.122584e+03
1603	-1.107840e+03
1604	-1.119796e+03
1605	-1.125019e+03
1606	-1.133694e+03
1607	-1.119721e+03
1608	-1.120117e+03
1609	-1.134162e+03
1610	-1.130313e+03
1611	-1.131721e+03
1612	-1.128879e+03
1613	-1.103091e+03
1614	-1.098283e+03
1615	-1.125261e+03
1616	-1.123912e+03
1617	-1.139592e+03
1618	-1.137189e+03
1619	-1.123638e+03
1620	-1.142260e+03
1621	-1.124667e+03
1622	-1.150929e+03
1623	-1.140944e+03
1624	-1.128954e+03
1625	-1.132367e+03
1626	-1.123004e+03
1627	-1.133004e+03
1628	-1.110086e+03
1629	-1.129657e+03
1630	-1.129780e+03
1631	-1.129856e+03
1632	-1.128497e+03
1633	-1.126495e+03
1634	-1.140722e+03
1635	-1.146960e+03
1636	-1.116641e+03
1637	-1.145102e+03
1638	-1.126696e+03
1639	-1.121118e+03
1640	-1.117411e+03
1641	-1.127601e+03
1642	-1.143504e+03
1643	-1.128129e+03
1644	-1.115181e+03
1645	-1.132430e+03
1646	-1.129552e+03
1647	-1.145165e+03
1648	-1.115681e+03
1649	-1.121574e+03
1650	-1.142901e+03
1651	-1.129524e+03
1652	-1.138497e+03
1653	-1.130669e+03
1654	-1.138243e+03
1655	-1.136040e+03
1656	-1.121877e+03
1657	-1.132029e+03
1658	-1.124455e+03
1659	-1.129694e+03
1660	-1.125637e+03
1661	-1.126539e+03
1662	-1.121184e+03
1663	-1.132115e+03
1664	-1.121531e+03
1665	-1.115645e+03
1666	-1.123881e+03
1667	-1.139073e+03
1668	-1.136638e+03
1669	-1.130985e+03
1670	-1.126320e+03
1671	-1.119849e+03
1672	-1.135225e+03
1673	-1.116681e+03
1674	-1.126398e+03
1675	-1.139634e+03
1676	-1.113487e+03
1677	-1.151513e+03
1678	-1.126843e+03
1679	-1.123411e+03
1680	-1.132387e+03
1681	-1.105539e+03
1682	-1.129487e+03
1683	-1.138285e+03
1684	-1.129699e+03
1685	-1.124982e+03
1686	-1.124317e+03
1687	-1.129593e+03
1688	-1.135393e+03
1689	-1.118698e+03
1690	-1.134597e+03
1691	-1.123445e+03
1692	-1.123635e+03
1693	-1.116708e+03
1694	-1.132391e+03
1695	-1.122756e+03
1696	-1.130488e+03
1697	-1.111451e+03
1698	-1.105101e+03
1699	-1.128079e+03
1700	-1.126342e+03
1701	-1.116135e+03
1702	-1.110583e+03
1703	-1.138014e+03
1704	-1.129923e+03
1705	-1.132005e+03
1706	-1.127409e+03
1707	-1.132918e+03
1708	-1.138355e+03
1709	-1.121248e+03
1710	-1.141885e+03
1711	-1.122996e+03
1712	-1.124819e+03
1713	-1.131930e+03
1714	-1.110346e+03
1715	-1.128876e+03
1716	-1.105283e+03
1717	-1.124027e+03
1718	-1.136945e+03
1719	-1.132187e+03
1720	-1.135431e+03
1721	-1.134592e+03
1722	-1.114392e+03
1723	-1.126458e+03
1724	-1.132664e+03
1725	-1.136712e+03
1726	-1.151538e+03
1727	-1.133013e+03
1728	-1.145857e+03
1729	-1.138049e+03
1730	-1.120068e+03
1731	-1.127268e+03
1732	-1.119783e+03
1733	-1.143512e+03
1734	-1.137259e+03
1735	-1.130578e+03
1736	-1.131833e+03
1737	-1.164971e+03
1738	-1.120388e+03
1739	-1.143292e+03
1740	-1.128208e+03
1741	-1.117527e+03
1742	-1.122530e+03
1743	-1.134739e+03
1744	-1.120247e+03
1745	-1.146446e+03
1746	-1.117206e+03
1747	-1.118236e+03
1748	-1.129443e+03
1749	-1.134826e+03
1750	-1.142227e+03
1751	-1.124682e+03
1752	-1.124620e+03
1753	-1.127253e+03
1754	-1.144603e+03
1755	-1.117243e+03
1756	-1.133703e+03
1757	-1.143372e+03
1758	-1.123696e+03
1759	-1.134060e+03
1760	-1.134867e+03
1761	-1.115165e+03
1762	-1.130188e+03
1763	-1.130191e+03
1764	-1.126334e+03
1765	-1.126974e+03
1766	-1.124666e+03
1767	-1.132357e+03
1768	-1.115137e+03
1769	-1.127815e+03
1770	-1.143753e+03
1771	-1.135665e+03
1772	-1.117665e+03
1773	-1.137458e+03
1774	-1.127133e+03
1775	-1.131750e+03
1776	-1.152436e+03
1777	-1.131852e+03
1778	-1.150335e+03
1779	-1.124102e+03
1780	-1.097585e+03
1781	-1.127769e+03
1782	-1.142052e+03
1783	-1.135641e+03
1784	-1.132135e+03
1785	-1.141412e+03
1786	-1.136237e+03
1787	-1.142330e+03
1788	-1.115027e+03
1789	-1.145870e+03
1790	-1.124221e+03
1791	-1.121094e+03
1792	-1.153070e+03
1793	-1.140227e+03
1794	-1.151181e+03
1795	-1.150866e+03
1796	-1.129705e+03
1797	-1.141839e+03
1798	-1.123882e+03
1799	-1.122001e+03
1800	-1.119670e+03
1801	-1.139547e+03
1802	-1.140983e+03
1803	-1.126611e+03
1804	-1.127779e+03
1805	-1.115468e+03
1806	-1.112879e+03
1807	-1.132866e+03
1808	-1.140824e+03
1809	-1.129584e+03
1810	-1.121881e+03
1811	-1.127366e+03
1812	-1.113375e+03
1813	-1.120072e+03
1814	-1.142392e+03
1815	-1.145855e+03
1816	-1.146155e+03
1817	-1.123938e+03
1818	-1.128233e+03
1819	-1.115435e+03
1820	-1.135376e+03
1821	-1.134622e+03
1822	-1.144114e+03
1823	-1.132777e+03
1824	-1.132055e+03
1825	-1.127446e+03
1826	-1.141423e+03
1827	-1.122334e+03
1828	-1.125541e+03
1829	-1.123795e+03
1830	-1.135293e+03
1831	-1.116655e+03
1832	-1.126651e+03
1833	-1.123985e+03
1834	-1.134655e+03
1835	-1.135314e+03
1836	-1.119330e+03
1837	-1.122846e+03
1838	-1.135667e+03
1839	-1.117308e+03
1840	-1.142815e+03
1841	-1.121785e+03
1842	-1.126415e+03
1843	-1.128130e+03
1844	-1.123465e+03
1845	-1.126121e+03
1846	-1.120052e+03
1847	-1.134765e+03
1848	-1.139206e+03
1849	-1.120461e+03
1850	-1.112543e+03
1851	-1.119453e+03
1852	-1.127363e+03
1853	-1.124093e+03
1854	-1.123134e+03
1855	-1.122851e+03
1856	-1.123267e+03
1857	-1.100857e+03
1858	-1.128796e+03
1859	-1.140986e+03
1860	-1.145363e+03
1861	-1.134259e+03
1862	-1.112812e+03
1863	-1.111498e+03
1864	-1.145436e+03
1865	-1.123144e+03
1866	-1.136584e+03
1867	-1.144006e+03
1868	-1.134684e+03
1869	-1.142522e+03
1870	-1.128167e+03
1871	-1.122801e+03
1872	-1.121029e+03
1873	-1.118658e+03
1874	-1.141584e+03
1875	-1.105928e+03
1876	-1.139654e+03
1877	-1.119025e+03
1878	-1.130999e+03
1879	-1.141980e+03
1880	-1.120824e+03
1881	-1.144089e+03
1882	-1.139993e+03
1883	-1.119961e+03
1884	-1.138912e+03
1885	-1.132026e+03
1886	-1.133255e+03
1887	-1.140101e+03
1888	-1.134743e+03
1889	-1.122216e+03
1890	-1.122374e+03
1891	-1.138015e+03
1892	-1.121025e+03
1893	-1.142250e+03
1894	-1.124061e+03
1895	-1.130741e+03
1896	-1.127766e+03
1897	-1.140409e+03
1898	-1.154246e+03
1899	-1.138150e+03
1900	-1.135928e+03
1901	-1.136465e+03
1902	-1.138303e+03
1903	-1.139847e+03
1904	-1.125517e+03
1905	-1.141595e+03
1906	-1.145826e+03
1907	-1.138526e+03
1908	-1.133992e+03
1909	-1.125988e+03
1910	-1.145393e+03
1911	-1.128037e+03
1912	-1.136983e+03
1913	-1.127346e+03
1914	-1.132809e+03
1915	-1.135199e+03
1916	-1.134514e+03
1917	-1.136514e+03
1918	-1.136800e+03
1919	-1.153688e+03
1920	-1.112646e+03
1921	-1.112607e+03
1922	-1.122653e+03
1923	-1.121060e+03
1924	-1.140236e+03
1925	-1.136867e+03
1926	-1.111851e+03
1927	-1.171447e+03
1928	-1.135171e+03
1929	-1.104633e+03
1930	-1.135907e+03
1931	-1.129733e+03
1932	-1.126443e+03
1933	-1.129934e+03
1934	-1.137865e+03
1935	-1.126965e+03
1936	-1.116938e+03
1937	-1.127865e+03
1938	-1.130909e+03
1939	-1.129331e+03
1940	-1.144636e+03
1941	-1.107249e+03
1942	-1.117056e+03
1943	-1.127730e+03
1944	-1.129645e+03
1945	-1.146914e+03
1946	-1.137172e+03
1947	-1.115049e+03
1948	-1.138307e+03
1949	-1.125564e+03
1950	-1.130059e+03
1951	-1.128175e+03
1952	-1.132962e+03
1953	-1.122339e+03
1954	-1.137230e+03
1955	-1.108120e+03
1956	-1.152809e+03
1957	-1.126171e+03
1958	-1.110544e+03
1959	-1.119296e+03
1960	-1.114265e+03
1961	-1.148337e+03
1962	-1.113668e+03
1963	-1.136468e+03
1964	-1.107397e+03
1965	-1.120777e+03
1966	-1.138421e+03
1967	-1.151395e+03
1968	-1.123221e+03
1969	-1.138501e+03
1970	-1.134528e+03
1971	-1.154377e+03
1972	-1.119425e+03
1973	-1.123244e+03
1974	-1.130759e+03
1975	-1.124191e+03
1976	-1.126910e+03
1977	-1.104588e+03
1978	-1.140840e+03
1979	-1.117235e+03
1980	-1.115615e+03
1981	-1.144787e+03
1982	-1.138994e+03
1983	-1.140624e+03
1984	-1.122324e+03
1985	-1.119635e+03
1986	-1.143577e+03
1987	-1.121006e+03
1988	-1.134716e+03
1989	-1.125347e+03
1990	-1.122315e+03
1991	-1.127614e+03
1992	-1.132370e+03
1993	-1.127499e+03
1994	-1.133193e+03
1995	-1.129178e+03
1996	-1.145550e+03
1997	-1.123776e+03
1998	-1.148028e+03
1999	-1.129124e+03
2000	-1.145834e+03
2001	-1.138755e+03
2002	-1.134764e+03
2003	-1.115607e+03
2004	-1.110862e+03
2005	-1.139202e+03
2006	-1.129306e+03
2007	-1.139163e+03
2008	-1.139556e+03
2009	-1.137594e+03
2010	-1.124540e+03
2011	-1.110025e+03
2012	-1.129760e+03
2013	-1.137252e+03
2014	-1.130999e+03
2015	-1.139959e+03
2016	-1.126698e+03
2017	-1.118321e+03
2018	-1.125436e+03
2019	-1.127498e+03
2020	-1.139728e+03
2021	-1.126608e+03
2022	-1.133628e+03
2023	-1.135939e+03
2024	-1.157622e+03
2025	-1.142986e+03
2026	-1.124840e+03
2027	-1.118726e+03
2028	-1.117510e+03
2029	-1.140037e+03
2030	-1.135978e+03
2031	-1.133725e+03
2032	-1.123899e+03
2033	-1.123266e+03
2034	-1.130838e+03
2035	-1.147366e+03
2036	-1.141525e+03
2037	-1.094961e+03
2038	-1.129555e+03
2039	-1.143814e+03
2040	-1.121503e+03
2041	-1.135254e+03
2042	-1.135178e+03
2043	-1.126315e+03
2044	-1.123637e+03
2045	-1.154272e+03
2046	-1.137354e+03
2047	-1.120384e+03
2048	-1.128223e+03
2049	-1.111500e+03
2050	-1.114831e+03
2051	-1.132011e+03
2052	-1.141650e+03
2053	-1.135519e+03
2054	-1.118318e+03
2055	-1.147973e+03
2056	-1.147104e+03
2057	-1.134794e+03
2058	-1.113784e+03
2059	-1.151827e+03
2060	-1.124238e+03
2061	-1.124323e+03
2062	-1.118907e+03
2063	-1.134097e+03
2064	-1.129743e+03
2065	-1.125929e+03
2066	-1.157838e+03
2067	-1.123448e+03
2068	-1.110164e+03
2069	-1.142955e+03
2070	-1.141377e+03
2071	-1.124119e+03
2072	-1.134666e+03
2073	-1.136603e+03
2074	-1.128675e+03
2075	-1.124716e+03
2076	-1.129709e+03
2077	-1.116760e+03
2078	-1.134738e+03
2079	-1.125881e+03
2080	-1.146727e+03
2081	-1.108882e+03
2082	-1.104174e+03
2083	-1.141561e+03
2084	-1.150561e+03
2085	-1.118510e+03
2086	-1.144199e+03
2087	-1.150443e+03
2088	-1.137562e+03
2089	-1.159797e+03
2090	-1.149860e+03
2091	-1.121526e+03
2092	-1.115741e+03
2093	-1.143165e+03
2094	-1.142259e+03
2095	-1.145100e+03
2096	-1.151673e+03
2097	-1.117279e+03
2098	-1.123094e+03
2099	-1.127365e+03
2100	-1.137079e+03
2101	-1.140442e+03
2102	-1.115029e+03
2103	-1.107208e+03
2104	-1.132269e+03
2105	-1.142823e+03
2106	-1.116098e+03
2107	-1.125491e+03
2108	-1.134645e+03
2109	-1.114281e+03
2110	-1.126868e+03
2111	-1.114865e+03
2112	-1.155612e+03
2113	-1.129437e+03
2114	-1.124266e+03
2115	-1.129014e+03
2116	-1.138123e+03
2117	-1.113022e+03
2118	-1.122691e+03
2119	-1.119236e+03
2120	-1.116558e+03
2121	-1.135293e+03
2122	-1.101049e+03
2123	-1.124103e+03
2124	-1.119768e+03
2125	-1.129201e+03
2126	-1.141775e+03
2127	-1.153335e+03
2128	-1.133457e+03
2129	-1.114738e+03
2130	-1.126243e+03
2131	-1.143576e+03
2132	-1.128847e+03
2133	-1.141680e+03
2134	-1.139790e+03
2135	-1.124060e+03
2136	-1.131903e+03
2137	-1.118766e+03
2138	-1.131733e+03
2139	-1.139853e+03
2140	-1.124226e+03
2141	-1.103749e+03
2142	-1.137625e+03
2143	-1.131268e+03
2144	-1.111790e+03
2145	-1.127166e+03
2146	-1.120425e+03
2147	-1.111123e+03
2148	-1.133605e+03
2149	-1.115657e+03
2150	-1.108969e+03
2151	-1.150287e+03
2152	-1.112709e+03
2153	-1.117535e+03
2154	-1.126047e+03
2155	-1.133864e+03
2156	-1.122883e+03
2157	-1.111531e+03
2158	-1.118375e+03
2159	-1.141096e+03
2160	-1.138406e+03
2161	-1.125610e+03
2162	-1.126303e+03
2163	-1.142344e+03
2164	-1.132408e+03
2165	-1.114960e+03
2166	-1.141843e+03
2167	-1.126772e+03
2168	-1.108882e+03
2169	-1.120462e+03
2170	-1.127546e+03
2171	-1.135431e+03
2172	-1.122863e+03
2173	-1.119904e+03
2174	-1.123675e+03
2175	-1.141160e+03
2176	-1.111092e+03
2177	-1.132887e+03
2178	-1.110199e+03
2179	-1.118587e+03
2180	-1.136752e+03
2181	-1.144729e+03
2182	-1.129166e+03
2183	-1.109653e+03
2184	-1.117929e+03
2185	-1.124670e+03
2186	-1.137300e+03
2187	-1.116083e+03
2188	-1.128219e+03
2189	-1.127209e+03
2190	-1.113087e+03
2191	-1.139253e+03
2192	-1.138300e+03
2193	-1.135950e+03
2194	-1.141039e+03
2195	-1.126505e+03
2196	-1.102928e+03
2197	-1.127322e+03
2198	-1.133201e+03
2199	-1.129821e+03
2200	-1.137693e+03
2201	-1.128101e+03
2202	-1.114473e+03
2203	-1.124711e+03
2204	-1.111191e+03
2205	-1.116510e+03
2206	-1.121849e+03
2207	-1.138741e+03
2208	-1.114850e+03
2209	-1.134789e+03
2210	-1.121445e+03
2211	-1.131912e+03
2212	-1.130244e+03
2213	-1.145536e+03
2214	-1.124782e+03
2215	-1.120083e+03
2216	-1.115966e+03
2217	-1.133049e+03
2218	-1.142148e+03
2219	-1.130578e+03
2220	-1.127790e+03
2221	-1.125230e+03
2222	-1.123531e+03
2223	-1.133740e+03
2224	-1.149469e+03
2225	-1.115950e+03
2226	-1.127168e+03
2227	-1.118062e+03
2228	-1.127576e+03
2229	-1.123637e+03
2230	-1.146709e+03
2231	-1.135844e+03
2232	-1.119308e+03
2233	-1.143836e+03
2234	-1.126146e+03
2235	-1.120263e+03
2236	-1.122473e+03
2237	-1.116375e+03
2238	-1.145646e+03
2239	-1.135109e+03
2240	-1.119938e+03
2241	-1.138108e+03
2242	-1.142915e+03
2243	-1.150591e+03
2244	-1.135851e+03
2245	-1.128214e+03
2246	-1.133172e+03
2247	-1.140444e+03
2248	-1.125077e+03
2249	-1.143564e+03
2250	-1.115667e+03
2251	-1.141070e+03
2252	-1.130377e+03
2253	-1.123047e+03
2254	-1.126242e+03
2255	-1.125516e+03
2256	-1.145864e+03
2257	-1.118616e+03
2258	-1.139499e+03
2259	-1.131455e+03
2260	-1.149862e+03
2261	-1.139578e+03
2262	-1.132840e+03
2263	-1.135991e+03
2264	-1.135694e+03
2265	-1.126734e+03
2266	-1.137399e+03
2267	-1.136207e+03
2268	-1.117608e+03
2269	-1.122766e+03
2270	-1.108700e+03
2271	-1.134139e+03
2272	-1.119846e+03
2273	-1.127663e+03
2274	-1.142678e+03
2275	-1.130035e+03
2276	-1.151806e+03
2277	-1.141433e+03
2278	-1.123571e+03
2279	-1.116253e+03
2280	-1.135448e+03
2281	-1.133075e+03
2282	-1.119367e+03
2283	-1.145025e+03
2284	-1.117257e+03
2285	-1.147187e+03
2286	-1.136468e+03
2287	-1.138848e+03
2288	-1.129076e+03
2289	-1.118051e+03
2290	-1.111004e+03
2291	-1.117306e+03
2292	-1.118921e+03
2293	-1.096100e+03
2294	-1.134020e+03
2295	-1.138113e+03
2296	-1.119602e+03
2297	-1.123332e+03
2298	-1.131042e+03
2299	-1.130637e+03
2300	-1.128720e+03
2301	-1.106388e+03
2302	-1.134135e+03
2303	-1.129951e+03
2304	-1.115285e+03
2305	-1.126919e+03
2306	-1.153170e+03
2307	-1.123799e+03
2308	-1.126116e+03
2309	-1.146529e+03
2310	-1.120417e+03
2311	-1.121146e+03
2312	-1.116580e+03
2313	-1.120719e+03
2314	-1.135409e+03
2315	-1.158263e+03
2316	-1.130420e+03
2317	-1.129950e+03
2318	-1.130116e+03
2319	-1.134579e+03
2320	-1.127358e+03
2321	-1.136107e+03
2322	-1.129202e+03
2323	-1.134623e+03
2324	-1.143859e+03
2325	-1.132729e+03
2326	-1.158632e+03
2327	-1.121378e+03
2328	-1.140962e+03
2329	-1.134346e+03
2330	-1.123357e+03
2331	-1.099157e+03
2332	-1.122237e+03
2333	-1.115459e+03
2334	-1.119816e+03
2335	-1.147379e+03
2336	-1.121635e+03
2337	-1.130338e+03
2338	-1.113373e+03
2339	-1.137096e+03
2340	-1.135073e+03
2341	-1.122889e+03
2342	-1.115470e+03
2343	-1.132339e+03
2344	-1.122553e+03
2345	-1.115003e+03
2346	-1.135488e+03
2347	-1.127447e+03
2348	-1.126952e+03
2349	-1.128121e+03
2350	-1.116997e+03
2351	-1.113533e+03
2352	-1.129050e+03
2353	-1.127311e+03
2354	-1.128728e+03
2355	-1.118616e+03
2356	-1.130525e+03
2357	-1.140834e+03
2358	-1.127665e+03
2359	-1.128144e+03
2360	-1.115453e+03
2361	-1.152406e+03
2362	-1.109614e+03
2363	-1.140548e+03
2364	-1.125720e+03
2365	-1.128250e+03
2366	-1.124994e+03
2367	-1.120995e+03
2368	-1.118110e+03
2369	-1.124949e+03
2370	-1.132255e+03
2371	-1.134947e+03
2372	-1.130044e+03
2373	-1.129547e+03
2374	-1.120403e+03
2375	-1.125531e+03
2376	-1.114916e+03
2377	-1.150393e+03
2378	-1.131541e+03
2379	-1.149579e+03
2380	-1.135060e+03
2381	-1.124552e+03
2382	-1.138142e+03
2383	-1.138926e+03
2384	-1.128003e+03
2385	-1.129804e+03
2386	-1.112928e+03
2387	-1.130973e+03
2388	-1.129340e+03
2389	-1.126508e+03
2390	-1.124403e+03
2391	-1.129413e+03
2392	-1.129892e+03
2393	-1.115944e+03
2394	-1.124369e+03
2395	-1.150916e+03
2396	-1.128978e+03
2397	-1.126369e+03
2398	-1.124864e+03
2399	-1.114328e+03
2400	-1.138589e+03
2401	-1.130340e+03
2402	-1.114232e+03
2403	-1.130838e+03
2404	-1.140595e+03
2405	-1.125341e+03
2406	-1.124348e+03
2407	-1.143678e+03
2408	-1.108080e+03
2409	-1.112909e+03
2410	-1.142723e+03
2411	-1.137356e+03
2412	-1.130777e+03
2413	-1.112882e+03
2414	-1.129099e+03
2415	-1.124186e+03
2416	-1.118603e+03
2417	-1.115908e+03
2418	-1.133844e+03
2419	-1.127509e+03
2420	-1.129400e+03
2421	-1.112727e+03
2422	-1.141290e+03
2423	-1.138418e+03
2424	-1.104665e+03
2425	-1.126545e+03
2426	-1.134655e+03
2427	-1.116024e+03
2428	-1.139305e+03
2429	-1.129845e+03
2430	-1.107461e+03
2431	-1.141920e+03
2432	-1.134388e+03
2433	-1.131853e+03
2434	-1.152067e+03
2435	-1.137661e+03
2436	-1.132099e+03
2437	-1.150947e+03
2438	-1.128785e+03
2439	-1.126571e+03
2440	-1.125786e+03
2441	-1.113317e+03
2442	-1.129771e+03
2443	-1.127374e+03
2444	-1.129409e+03
2445	-1.139267e+03
2446	-1.129407e+03
2447	-1.134055e+03
2448	-1.117002e+03
2449	-1.124903e+03
2450	-1.116617e+03
2451	-1.108708e+03
2452	-1.102098e+03
2453	-1.116364e+03
2454	-1.137431e+03
2455	-1.113503e+03
2456	-1.124675e+03
2457	-1.132177e+03
2458	-1.136545e+03
2459	-1.130534e+03
2460	-1.113316e+03
2461	-1.124669e+03
2462	-1.133247e+03
2463	-1.117289e+03
2464	-1.132198e+03
2465	-1.114163e+03
2466	-1.133916e+03
2467	-1.147066e+03
2468	-1.148316e+03
2469	-1.145295e+03
2470	-1.121205e+03
2471	-1.132429e+03
2472	-1.127106e+03
2473	-1.116574e+03
2474	-1.136397e+03
2475	-1.150740e+03
2476	-1.134154e+03
2477	-1.134694e+03
2478	-1.120311e+03
2479	-1.137202e+03
2480	-1.134430e+03
2481	-1.124057e+03
2482	-1.119216e+03
2483	-1.113685e+03
2484	-1.134272e+03
2485	-1.135517e+03
2486	-1.133200e+03
2487	-1.131855e+03
2488	-1.133868e+03
2489	-1.114486e+03
2490	-1.136540e+03
2491	-1.116157e+03
2492	-1.136194e+03
2493	-1.130071e+03
2494	-1.132441e+03
2495	-1.129034e+03
2496	-1.109835e+03
2497	-1.131370e+03
2498	-1.145740e+03
2499	-1.112735e+03
2500	-1.112536e+03
2501	-1.138535e+03
2502	-1.111339e+03
2503	-1.124553e+03
2504	-1.117337e+03
2505	-1.123334e+03
2506	-1.118359e+03
2507	-1.133731e+03
2508	-1.122267e+03
2509	-1.127463e+03
2510	-1.131088e+03
2511	-1.113623e+03
2512	-1.110271e+03
2513	-1.111440e+03
2514	-1.137761e+03
2515	-1.125781e+03
2516	-1.140135e+03
2517	-1.124595e+03
2518	-1.125415e+03
2519	-1.127936e+03
2520	-1.125463e+03
2521	-1.126100e+03
2522	-1.126142e+03
2523	-1.137638e+03
2524	-1.116862e+03
2525	-1.138258e+03
2526	-1.128883e+03
2527	-1.133963e+03
2528	-1.138643e+03
2529	-1.121504e+03
2530	-1.144479e+03
2531	-1.116284e+03
2532	-1.145846e+03
2533	-1.140192e+03
2534	-1.112793e+03
2535	-1.140042e+03
2536	-1.134360e+03
2537	-1.123110e+03
2538	-1.130569e+03
2539	-1.118770e+03
2540	-1.131162e+03
2541	-1.134308e+03
2542	-1.144067e+03
2543	-1.118181e+03
2544	-1.131081e+03
2545	-1.122488e+03
2546	-1.133232e+03
2547	-1.129720e+03
2548	-1.120136e+03
2549	-1.120622e+03
2550	-1.134300e+03
2551	-1.118972e+03
2552	-1.132721e+03
2553	-1.146158e+03
2554	-1.131007e+03
2555	-1.140117e+03
2556	-1.139417e+03
2557	-1.135122e+03
2558	-1.125435e+03
2559	-1.131245e+03
2560	-1.129303e+03
2561	-1.117254e+03
2562	-1.113814e+03
2563	-1.141844e+03
2564	-1.129974e+03
2565	-1.130095e+03
2566	-1.124821e+03
2567	-1.127621e+03
2568	-1.143980e+03
2569	-1.107534e+03
2570	-1.121197e+03
2571	-1.115622e+03
2572	-1.117130e+03
2573	-1.128021e+03
2574	-1.129443e+03
2575	-1.141285e+03
2576	-1.117315e+03
2577	-1.126274e+03
2578	-1.128230e+03
2579	-1.139977e+03
2580	-1.140801e+03
2581	-1.120768e+03
2582	-1.122381e+03
2583	-1.125502e+03
2584	-1.124555e+03
2585	-1.126262e+03
2586	-1.152979e+03
2587	-1.122800e+03
2588	-1.150275e+03
2589	-1.139415e+03
2590	-1.149667e+03
2591	-1.137871e+03
2592	-1.112354e+03
2593	-1.133756e+03
2594	-1.124963e+03
2595	-1.137225e+03
2596	-1.143221e+03
2597	-1.154724e+03
2598	-1.100746e+03
2599	-1.115412e+03
2600	-1.125068e+03
2601	-1.131417e+03
2602	-1.127648e+03
2603	-1.129829e+03
2604	-1.132347e+03
2605	-1.113926e+03
2606	-1.133691e+03
2607	-1.138466e+03
2608	-1.110930e+03
2609	-1.131943e+03
2610	-1.142695e+03
2611	-1.129386e+03
2612	-1.131622e+03
2613	-1.116677e+03
2614	-1.123799e+03
2615	-1.136441e+03
2616	-1.133331e+03
2617	-1.134303e+03
2618	-1.138339e+03
2619	-1.131731e+03
2620	-1.116941e+03
2621	-1.118803e+03
2622	-1.139632e+03
2623	-1.119022e+03
2624	-1.138143e+03
2625	-1.127098e+03
2626	-1.140986e+03
2627	-1.124154e+03
2628	-1.123088e+03
2629	-1.127311e+03
2630	-1.147443e+03
2631	-1.141980e+03
2632	-1.115416e+03
2633	-1.128986e+03
2634	-1.146494e+03
2635	-1.127547e+03
2636	-1.134587e+03
2637	-1.106544e+03
2638	-1.117773e+03
2639	-1.144927e+03
2640	-1.140723e+03
2641	-1.115237e+03
2642	-1.133854e+03
2643	-1.149159e+03
2644	-1.118521e+03
2645	-1.132452e+03
2646	-1.125633e+03
2647	-1.133641e+03
2648	-1.112911e+03
2649	-1.134616e+03
2650	-1.144140e+03
2651	-1.106418e+03
2652	-1.124848e+03
2653	-1.137969e+03
2654	-1.134611e+03
2655	-1.130195e+03
2656	-1.122496e+03
2657	-1.125853e+03
2658	-1.144576e+03
2659	-1.139525e+03
2660	-1.127848e+03
2661	-1.116875e+03
2662	-1.136219e+03
2663	-1.139326e+03
2664	-1.140456e+03
2665	-1.159636e+03
2666	-1.134139e+03
2667	-1.121824e+03
2668	-1.126422e+03
2669	-1.114186e+03
2670	-1.121136e+03
2671	-1.123179e+03
2672	-1.141783e+03
2673	-1.129109e+03
2674	-1.114344e+03
2675	-1.135377e+03
2676	-1.148053e+03
2677	-1.130920e+03
2678	-1.117686e+03
2679	-1.145195e+03
2680	-1.121782e+03
2681	-1.147880e+03
2682	-1.132941e+03
2683	-1.112843e+03
2684	-1.126690e+03
2685	-1.143100e+03
2686	-1.127027e+03
2687	-1.131060e+03
2688	-1.124207e+03
2689	-1.137931e+03
2690	-1.116604e+03
2691	-1.120991e+03
2692	-1.119583e+03
2693	-1.128278e+03
2694	-1.128419e+03
2695	-1.118898e+03
2696	-1.131418e+03
2697	-1.128145e+03
2698	-1.118455e+03
2699	-1.139167e+03
2700	-1.126755e+03
2701	-1.135711e+03
2702	-1.140940e+03
2703	-1.118144e+03
2704	-1.130224e+03
2705	-1.130269e+03
2706	-1.130665e+03
2707	-1.142027e+03
2708	-1.113469e+03
2709	-1.128131e+03
2710	-1.118358e+03
2711	-1.124270e+03
2712	-1.148080e+03
2713	-1.135575e+03
2714	-1.127197e+03
2715	-1.141050e+03
2716	-1.123653e+03
2717	-1.120196e+03
2718	-1.116551e+03
2719	-1.127822e+03
2720	-1.119101e+03
2721	-1.119633e+03
2722	-1.131582e+03
2723	-1.116592e+03
2724	-1.137880e+03
2725	-1.116390e+03
2726	-1.127803e+03
2727	-1.119307e+03
2728	-1.140981e+03
2729	-1.136215e+03
2730	-1.132313e+03
2731	-1.128396e+03
2732	-1.112733e+03
2733	-1.144333e+03
2734	-1.130285e+03
2735	-1.104241e+03
2736	-1.140783e+03
2737	-1.115567e+03
2738	-1.132395e+03
2739	-1.109218e+03
2740	-1.137469e+03
2741	-1.139233e+03
2742	-1.141808e+03
2743	-1.135030e+03
2744	-1.130986e+03
2745	-1.137448e+03
2746	-1.149281e+03
2747	-1.140763e+03
2748	-1.130604e+03
2749	-1.124223e+03
2750	-1.123280e+03
2751	-1.131280e+03
2752	-1.139119e+03
2753	-1.144105e+03
2754	-1.144555e+03
2755	-1.112187e+03
2756	-1.118677e+03
2757	-1.135283e+03
2758	-1.118582e+03
2759	-1.129111e+03
2760	-1.136693e+03
2761	-1.125533e+03
2762	-1.140392e+03
2763	-1.134211e+03
2764	-1.138749e+03
2765	-1.110802e+03
2766	-1.138651e+03
2767	-1.122684e+03
2768	-1.119406e+03
2769	-1.133152e+03
2770	-1.141026e+03
2771	-1.154107e+03
2772	-1.143028e+03
2773	-1.102540e+03
2774	-1.115434e+03
2775	-1.136337e+03
2776	-1.133783e+03
2777	-1.145877e+03
2778	-1.125573e+03
2779	-1.138244e+03
2780	-1.132309e+03
2781	-1.123232e+03
2782	-1.130431e+03
2783	-1.128668e+03
2784	-1.131178e+03
2785	-1.143768e+03
2786	-1.138539e+03
2787	-1.121484e+03
2788	-1.130892e+03
2789	-1.123315e+03
2790	-1.124146e+03
2791	-1.143305e+03
2792	-1.146128e+03
2793	-1.119423e+03
2794	-1.138090e+03
2795	-1.103295e+03
2796	-1.132326e+03
2797	-1.145520e+03
2798	-1.132544e+03
2799	-1.125244e+03
2800	-1.124688e+03
2801	-1.106615e+03
2802	-1.124565e+03
2803	-1.137800e+03
2804	-1.125576e+03
2805	-1.119154e+03
2806	-1.116492e+03
2807	-1.131666e+03
2808	-1.120380e+03
2809	-1.128915e+03
2810	-1.146728e+03
2811	-1.137122e+03
2812	-1.132712e+03
2813	-1.129896e+03
2814	-1.115408e+03
2815	-1.119021e+03
2816	-1.115015e+03
2817	-1.141128e+03
2818	-1.142622e+03
2819	-1.120370e+03
2820	-1.139568e+03
2821	-1.136601e+03
2822	-1.129231e+03
2823	-1.127007e+03
2824	-1.123661e+03
2825	-1.151920e+03
2826	-1.144967e+03
2827	-1.131695e+03
2828	-1.129365e+03
2829	-1.114266e+03
2830	-1.124218e+03
2831	-1.131463e+03
2832	-1.152329e+03
2833	-1.139562e+03
2834	-1.117586e+03
2835	-1.123374e+03
2836	-1.134040e+03
2837	-1.125764e+03
2838	-1.125628e+03
2839	-1.124883e+03
2840	-1.122137e+03
2841	-1.118821e+03
2842	-1.120660e+03
2843	-1.134288e+03
2844	-1.147255e+03
2845	-1.122495e+03
2846	-1.119906e+03
2847	-1.121309e+03
2848	-1.134878e+03
2849	-1.138615e+03
2850	-1.132169e+03
2851	-1.116773e+03
2852	-1.132530e+03
2853	-1.131288e+03
2854	-1.134475e+03
2855	-1.140405e+03
2856	-1.155011e+03
2857	-1.157638e+03
2858	-1.135774e+03
2859	-1.119443e+03
2860	-1.116306e+03
2861	-1.125449e+03
2862	-1.126401e+03
2863	-1.134647e+03
2864	-1.115176e+03
2865	-1.135744e+03
2866	-1.128175e+03
2867	-1.118027e+03
2868	-1.124540e+03
2869	-1.146332e+03
2870	-1.102729e+03
2871	-1.129492e+03
2872	-1.142677e+03
2873	-1.111740e+03
2874	-1.140244e+03
2875	-1.113254e+03
2876	-1.123327e+03
2877	-1.108913e+03
2878	-1.117780e+03
2879	-1.127915e+03
2880	-1.143644e+03
2881	-1.116991e+03
2882	-1.130665e+03
2883	-1.125483e+03
2884	-1.124460e+03
2885	-1.139599e+03
2886	-1.132781e+03
2887	-1.136360e+03
2888	-1.131885e+03
2889	-1.136618e+03
2890	-1.124665e+03
2891	-1.126075e+03
2892	-1.139156e+03
2893	-1.130403e+03
2894	-1.134284e+03
2895	-1.121780e+03
2896	-1.116682e+03
2897	-1.131135e+03
2898	-1.113164e+03
2899	-1.134432e+03
2900	-1.136480e+03
2901	-1.140738e+03
2902	-1.128781e+03
2903	-1.116430e+03
2904	-1.126872e+03
2905	-1.147998e+03
2906	-1.135825e+03
2907	-1.122872e+03
2908	-1.128627e+03
2909	-1.136194e+03
2910	-1.122281e+03
2911	-1.118502e+03
2912	-1.121898e+03
2913	-1.125803e+03
2914	-1.141529e+03
2915	-1.125825e+03
2916	-1.138534e+03
2917	-1.127278e+03
2918	-1.120770e+03
2919	-1.135282e+03
2920	-1.142529e+03
2921	-1.126036e+03
2922	-1.122962e+03
2923	-1.135744e+03
2924	-1.128342e+03
2925	-1.131406e+03
2926	-1.138096e+03
2927	-1.146082e+03
2928	-1.132158e+03
2929	-1.117724e+03
2930	-1.130440e+03
2931	-1.137241e+03
2932	-1.128080e+03
2933	-1.140244e+03
2934	-1.113950e+03
2935	-1.139354e+03
2936	-1.127682e+03
2937	-1.138541e+03
2938	-1.121304e+03
2939	-1.130783e+03
2940	-1.132268e+03
2941	-1.104763e+03
2942	-1.132694e+03
2943	-1.114202e+03
2944	-1.121529e+03
2945	-1.133744e+03
2946	-1.139620e+03
2947	-1.129074e+03
2948	-1.114998e+03
2949	-1.141131e+03
2950	-1.144842e+03
2951	-1.124339e+03
2952	-1.130823e+03
2953	-1.113921e+03
2954	-1.126737e+03
2955	-1.150831e+03
2956	-1.133348e+03
2957	-1.145487e+03
2958	-1.121656e+03
2959	-1.143352e+03
2960	-1.136183e+03
2961	-1.126836e+03
2962	-1.135331e+03
2963	-1.153869e+03
2964	-1.130516e+03
2965	-1.119724e+03
2966	-1.131452e+03
2967	-1.125942e+03
2968	-1.129754e+03
2969	-1.121569e+03
2970	-1.121627e+03
2971	-1.135240e+03
2972	-1.124576e+03
2973	-1.142319e+03
2974	-1.136347e+03
2975	-1.116335e+03
2976	-1.135376e+03
2977	-1.123591e+03
2978	-1.140104e+03
2979	-1.110035e+03
2980	-1.131238e+03
2981	-1.136331e+03
2982	-1.114682e+03
2983	-1.138367e+03
2984	-1.121355e+03
2985	-1.133135e+03
2986	-1.127222e+03
2987	-1.132939e+03
2988	-1.114354e+03
2989	-1.133896e+03
2990	-1.160476e+03
2991	-1.140643e+03
2992	-1.140324e+03
2993	-1.125929e+03
2994	-1.110692e+03
2995	-1.095663e+03
2996	-1.135393e+03
2997	-1.114312e+03
2998	-1.111033e+03
2999	-1.120984e+03
3000	-1.131330e+03
3001	-1.105846e+03
3002	-1.142402e+03
3003	-1.136316e+03
3004	-1.139561e+03
3005	-1.143980e+03
3006	-1.110806e+03
3007	-1.119800e+03
3008	-1.126747e+03
3009	-1.135633e+03
3010	-1.128031e+03
3011	-1.142482e+03
3012	-1.122820e+03
3013	-1.134645e+03
3014	-1.120668e+03
3015	-1.123538e+03
3016	-1.135920e+03
3017	-1.119809e+03
3018	-1.135110e+03
3019	-1.133451e+03
3020	-1.141239e+03
3021	-1.134747e+03
3022	-1.135528e+03
3023	-1.118769e+03
3024	-1.123637e+03
3025	-1.095731e+03
3026	-1.119717e+03
3027	-1.120913e+03
3028	-1.138058e+03
3029	-1.127064e+03
3030	-1.151366e+03
3031	-1.129902e+03
3032	-1.129708e+03
3033	-1.129708e+03
3034	-1.154322e+03
3035	-1.135703e+03
3036	-1.122121e+03
3037	-1.116944e+03
3038	-1.127912e+03
3039	-1.119620e+03
3040	-1.111214e+03
3041	-1.145739e+03
3042	-1.144310e+03
3043	-1.124914e+03
3044	-1.126332e+03
3045	-1.155435e+03
3046	-1.124257e+03
3047	-1.116268e+03
3048	-1.115096e+03
3049	-1.127330e+03
3050	-1.128307e+03
3051	-1.133773e+03
3052	-1.140058e+03
3053	-1.131308e+03
3054	-1.116853e+03
3055	-1.130440e+03
3056	-1.124681e+03
3057	-1.131736e+03
3058	-1.123389e+03
3059	-1.132246e+03
3060	-1.121618e+03
3061	-1.156012e+03
3062	-1.122573e+03
3063	-1.117589e+03
3064	-1.126866e+03
3065	-1.123662e+03
3066	-1.131638e+03
3067	-1.120214e+03
3068	-1.129101e+03
3069	-1.151472e+03
3070	-1.123522e+03
3071	-1.123459e+03
3072	-1.132722e+03
3073	-1.129902e+03
3074	-1.133904e+03
3075	-1.133583e+03
3076	-1.113232e+03
3077	-1.115766e+03
3078	-1.121583e+03
3079	-1.116123e+03
3080	-1.136329e+03
3081	-1.116206e+03
3082	-1.146299e+03
3083	-1.146430e+03
3084	-1.138246e+03
3085	-1.135994e+03
3086	-1.114792e+03
3087	-1.140021e+03
3088	-1.123069e+03
3089	-1.125882e+03
3090	-1.087326e+03
3091	-1.120780e+03
3092	-1.115215e+03
3093	-1.143935e+03
3094	-1.130630e+03
3095	-1.128709e+03
3096	-1.120170e+03
3097	-1.125976e+03
3098	-1.115937e+03
3099	-1.138247e+03
3100	-1.114241e+03
3101	-1.123529e+03
3102	-1.136470e+03
3103	-1.109891e+03
3104	-1.141230e+03
3105	-1.137419e+03
3106	-1.120776e+03
3107	-1.125981e+03
3108	-1.135173e+03
3109	-1.132638e+03
3110	-1.126454e+03
3111	-1.111362e+03
3112	-1.145580e+03
3113	-1.119396e+03
3114	-1.121745e+03
3115	-1.133163e+03
3116	-1.126289e+03
3117	-1.122141e+03
3118	-1.119574e+03
3119	-1.127970e+03
3120	-1.126629e+03
3121	-1.125993e+03
3122	-1.135974e+03
3123	-1.134139e+03
3124	-1.118876e+03
3125	-1.149673e+03
3126	-1.135432e+03
3127	-1.128283e+03
3128	-1.136843e+03
3129	-1.131692e+03
3130	-1.139018e+03
3131	-1.130511e+03
3132	-1.121505e+03
3133	-1.148679e+03
3134	-1.111344e+03
3135	-1.138784e+03
3136	-1.124053e+03
3137	-1.133479e+03
3138	-1.131495e+03
3139	-1.135587e+03
3140	-1.134649e+03
3141	-1.139225e+03
3142	-1.143386e+03
3143	-1.137876e+03
3144	-1.141795e+03
3145	-1.115083e+03
3146	-1.139748e+03
3147	-1.147321e+03
3148	-1.126002e+03
3149	-1.136275e+03
3150	-1.125363e+03
3151	-1.118842e+03
3152	-1.118910e+03
3153	-1.137829e+03
3154	-1.118648e+03
3155	-1.127080e+03
3156	-1.124702e+03
3157	-1.111777e+03
3158	-1.120083e+03
3159	-1.112604e+03
3160	-1.123855e+03
3161	-1.131949e+03
3162	-1.120895e+03
3163	-1.107665e+03
3164	-1.125058e+03
3165	-1.127238e+03
3166	-1.136520e+03
3167	-1.137310e+03
3168	-1.106303e+03
3169	-1.093437e+03
3170	-1.131421e+03
3171	-1.120918e+03
3172	-1.129332e+03
3173	-1.120316e+03
3174	-1.130081e+03
3175	-1.143547e+03
3176	-1.135527e+03
3177	-1.147671e+03
3178	-1.124173e+03
3179	-1.137543e+03
3180	-1.141049e+03
3181	-1.134449e+03
3182	-1.112069e+03
3183	-1.137135e+03
3184	-1.128509e+03
3185	-1.126436e+03
3186	-1.119319e+03
3187	-1.159200e+03
3188	-1.133646e+03
3189	-1.140885e+03
3190	-1.121991e+03
3191	-1.130447e+03
3192	-1.134612e+03
3193	-1.134131e+03
3194	-1.140829e+03
3195	-1.134940e+03
3196	-1.117347e+03
3197	-1.116012e+03
3198	-1.126059e+03
3199	-1.128726e+03
3200	-1.126029e+03
3201	-1.120392e+03
3202	-1.126550e+03
3203	-1.132749e+03
3204	-1.139073e+03
3205	-1.125077e+03
3206	-1.149376e+03
3207	-1.149894e+03
3208	-1.148209e+03
3209	-1.135548e+03
3210	-1.115395e+03
3211	-1.129522e+03
3212	-1.127549e+03
3213	-1.114158e+03
3214	-1.151601e+03
3215	-1.139772e+03
3216	-1.127092e+03
3217	-1.110414e+03
3218	-1.144506e+03
3219	-1.121578e+03
3220	-1.124624e+03
3221	-1.127407e+03
3222	-1.123706e+03
3223	-1.131066e+03
3224	-1.134500e+03
3225	-1.129446e+03
3226	-1.121269e+03
3227	-1.138139e+03
3228	-1.121253e+03
3229	-1.105787e+03
3230	-1.130133e+03
3231	-1.124206e+03
3232	-1.118349e+03
3233	-1.135394e+03
3234	-1.147853e+03
3235	-1.132909e+03
3236	-1.123370e+03
3237	-1.119985e+03
3238	-1.129867e+03
3239	-1.122573e+03
3240	-1.117452e+03
3241	-1.148819e+03
3242	-1.126829e+03
3243	-1.119232e+03
3244	-1.120577e+03
3245	-1.126244e+03
3246	-1.124181e+03
3247	-1.131256e+03
3248	-1.125551e+03
3249	-1.146421e+03
3250	-1.111010e+03
3251	-1.138397e+03
3252	-1.121140e+03
3253	-1.140711e+03
3254	-1.143417e+03
3255	-1.123939e+03
3256	-1.130200e+03
3257	-1.127915e+03
3258	-1.129082e+03
3259	-1.130121e+03
3260	-1.138258e+03
3261	-1.124653e+03
3262	-1.135388e+03
3263	-1.131395e+03
3264	-1.121488e+03
3265	-1.135918e+03
3266	-1.124623e+03
3267	-1.123021e+03
3268	-1.125156e+03
3269	-1.142304e+03
3270	-1.126887e+03
3271	-1.123654e+03
3272	-1.136099e+03
3273	-1.111369e+03
3274	-1.114191e+03
3275	-1.138419e+03
3276	-1.129944e+03
3277	-1.138449e+03
3278	-1.121709e+03
3279	-1.130379e+03
3280	-1.155872e+03
3281	-1.110260e+03
3282	-1.127476e+03
3283	-1.157241e+03
3284	-1.105705e+03
3285	-1.131466e+03
3286	-1.121470e+03
3287	-1.152930e+03
3288	-1.125985e+03
3289	-1.139756e+03
3290	-1.130011e+03
3291	-1.136820e+03
3292	-1.137389e+03
3293	-1.139839e+03
3294	-1.114478e+03
3295	-1.157019e+03
3296	-1.130790e+03
3297	-1.142018e+03
3298	-1.120728e+03
3299	-1.123729e+03
3300	-1.145352e+03
3301	-1.141318e+03
3302	-1.133200e+03
3303	-1.135430e+03
3304	-1.125284e+03
3305	-1.118832e+03
3306	-1.135398e+03
3307	-1.129382e+03
3308	-1.125562e+03
3309	-1.124266e+03
3310	-1.124860e+03
3311	-1.117193e+03
3312	-1.128234e+03
3313	-1.130701e+03
3314	-1.109074e+03
3315	-1.127326e+03
3316	-1.132145e+03
3317	-1.136826e+03
3318	-1.120105e+03
3319	-1.139415e+03
3320	-1.135274e+03
3321	-1.111555e+03
3322	-1.142640e+03
3323	-1.132703e+03
3324	-1.129469e+03
3325	-1.133091e+03
3326	-1.129640e+03
3327	-1.125621e+03
3328	-1.152139e+03
3329	-1.121328e+03
3330	-1.131907e+03
3331	-1.155396e+03
3332	-1.114421e+03
3333	-1.138139e+03
3334	-1.138785e+03
3335	-1.120799e+03
3336	-1.127279e+03
3337	-1.133736e+03
3338	-1.115311e+03
3339	-1.114180e+03
3340	-1.146741e+03
3341	-1.129094e+03
3342	-1.134175e+03
3343	-1.132187e+03
3344	-1.139205e+03
3345	-1.126496e+03
3346	-1.155730e+03
3347	-1.132854e+03
3348	-1.126196e+03
3349	-1.129698e+03
3350	-1.128771e+03
3351	-1.131622e+03
3352	-1.150864e+03
3353	-1.125378e+03
3354	-1.132515e+03
3355	-1.120254e+03
3356	-1.120623e+03
3357	-1.126732e+03
3358	-1.135551e+03
3359	-1.128967e+03
3360	-1.115766e+03
3361	-1.113130e+03
3362	-1.119975e+03
3363	-1.118502e+03
3364	-1.125452e+03
3365	-1.135217e+03
3366	-1.127561e+03
3367	-1.144995e+03
3368	-1.120655e+03
3369	-1.150056e+03
3370	-1.133216e+03
3371	-1.128106e+03
3372	-1.131245e+03
3373	-1.135035e+03
3374	-1.115774e+03
3375	-1.132256e+03
3376	-1.127861e+03
3377	-1.128786e+03
3378	-1.123741e+03
3379	-1.118985e+03
3380	-1.139552e+03
3381	-1.123723e+03
3382	-1.119810e+03
3383	-1.126596e+03
3384	-1.141890e+03
3385	-1.109269e+03
3386	-1.126046e+03
3387	-1.118218e+03
3388	-1.140666e+03
3389	-1.141693e+03
3390	-1.133708e+03
3391	-1.120479e+03
3392	-1.133848e+03
3393	-1.132356e+03
3394	-1.130979e+03
3395	-1.127516e+03
3396	-1.119720e+03
3397	-1.128836e+03
3398	-1.132780e+03
3399	-1.134106e+03
3400	-1.136402e+03
3401	-1.153065e+03
3402	-1.134263e+03
3403	-1.119181e+03
3404	-1.118550e+03
3405	-1.142391e+03
3406	-1.123486e+03
3407	-1.142512e+03
3408	-1.139632e+03
3409	-1.139322e+03
3410	-1.107570e+03
3411	-1.127052e+03
3412	-1.137885e+03
3413	-1.113492e+03
3414	-1.112242e+03
3415	-1.120950e+03
3416	-1.114897e+03
3417	-1.131357e+03
3418	-1.113645e+03
3419	-1.134299e+03
3420	-1.123728e+03
3421	-1.110324e+03
3422	-1.131445e+03
3423	-1.132557e+03
3424	-1.139596e+03
3425	-1.126519e+03
3426	-1.111799e+03
3427	-1.124609e+03
3428	-1.126258e+03
3429	-1.137557e+03
3430	-1.128315e+03
3431	-1.120418e+03
3432	-1.137862e+03
3433	-1.124179e+03
3434	-1.130096e+03
3435	-1.120197e+03
3436	-1.106329e+03
3437	-1.138998e+03
3438	-1.126940e+03
3439	-1.131613e+03
3440	-1.124804e+03
3441	-1.145131e+03
3442	-1.137126e+03
3443	-1.129420e+03
3444	-1.101300e+03
3445	-1.126096e+03
3446	-1.108331e+03
3447	-1.148988e+03
3448	-1.118419e+03
3449	-1.136233e+03
3450	-1.109447e+03
3451	-1.130475e+03
3452	-1.143882e+03
3453	-1.132161e+03
3454	-1.114461e+03
3455	-1.127237e+03
3456	-1.130009e+03
3457	-1.130190e+03
3458	-1.121280e+03
3459	-1.147591e+03
3460	-1.134191e+03
3461	-1.119776e+03
3462	-1.130480e+03
3463	-1.126165e+03
3464	-1.128182e+03
3465	-1.130436e+03
3466	-1.117400e+03
3467	-1.133837e+03
3468	-1.110235e+03
3469	-1.123141e+03
3470	-1.113956e+03
3471	-1.126789e+03
3472	-1.123902e+03
3473	-1.137345e+03
3474	-1.113861e+03
3475	-1.138095e+03
3476	-1.117291e+03
3477	-1.130102e+03
3478	-1.143534e+03
3479	-1.138976e+03
3480	-1.130129e+03
3481	-1.129873e+03
3482	-1.137438e+03
3483	-1.122745e+03
3484	-1.129678e+03
3485	-1.119595e+03
3486	-1.121319e+03
3487	-1.124672e+03
3488	-1.110836e+03
3489	-1.133297e+03
3490	-1.137912e+03
3491	-1.128810e+03
3492	-1.107261e+03
3493	-1.136371e+03
3494	-1.115300e+03
3495	-1.126817e+03
3496	-1.143567e+03
3497	-1.136197e+03
3498	-1.119023e+03
3499	-1.110106e+03
3500	-1.126374e+03
3501	-1.125672e+03
3502	-1.144070e+03
3503	-1.124582e+03
3504	-1.141854e+03
3505	-1.131273e+03
3506	-1.126007e+03
3507	-1.128436e+03
3508	-1.108485e+03
3509	-1.126042e+03
3510	-1.108011e+03
3511	-1.137262e+03
3512	-1.130592e+03
3513	-1.133048e+03
3514	-1.139888e+03
3515	-1.131137e+03
3516	-1.142337e+03
3517	-1.144112e+03
3518	-1.128292e+03
3519	-1.139078e+03
3520	-1.126027e+03
3521	-1.139170e+03
3522	-1.136962e+03
3523	-1.128178e+03
3524	-1.134486e+03
3525	-1.109492e+03
3526	-1.128584e+03
3527	-1.128505e+03
3528	-1.132487e+03
3529	-1.131701e+03
3530	-1.146826e+03
3531	-1.104481e+03
3532	-1.138823e+03
3533	-1.132376e+03
3534	-1.117489e+03
3535	-1.126435e+03
3536	-1.129168e+03
3537	-1.099991e+03
3538	-1.129702e+03
3539	-1.123298e+03
3540	-1.125032e+03
3541	-1.120491e+03
3542	-1.126346e+03
3543	-1.136284e+03
3544	-1.125074e+03
3545	-1.126817e+03
3546	-1.125034e+03
3547	-1.148477e+03
3548	-1.137368e+03
3549	-1.134604e+03
3550	-1.148590e+03
3551	-1.133812e+03
3552	-1.122897e+03
3553	-1.120966e+03
3554	-1.126414e+03
3555	-1.122672e+03
3556	-1.131148e+03
3557	-1.120555e+03
3558	-1.107048e+03
3559	-1.107984e+03
3560	-1.131507e+03
3561	-1.135020e+03
3562	-1.128920e+03
3563	-1.128800e+03
3564	-1.129760e+03
3565	-1.114102e+03
3566	-1.124385e+03
3567	-1.139298e+03
3568	-1.134161e+03
3569	-1.118997e+03
3570	-1.120409e+03
3571	-1.120198e+03
3572	-1.133706e+03
3573	-1.140858e+03
3574	-1.127766e+03
3575	-1.120049e+03
3576	-1.145747e+03
3577	-1.129838e+03
3578	-1.110045e+03
3579	-1.129460e+03
3580	-1.135019e+03
3581	-1.148664e+03
3582	-1.136570e+03
3583	-1.136955e+03
3584	-1.145322e+03
3585	-1.106343e+03
3586	-1.122006e+03
3587	-1.121330e+03
3588	-1.128787e+03
3589	-1.109793e+03
3590	-1.140793e+03
3591	-1.142361e+03
3592	-1.132339e+03
3593	-1.137034e+03
3594	-1.118986e+03
3595	-1.135911e+03
3596	-1.130928e+03
3597	-1.125382e+03
3598	-1.127264e+03
3599	-1.115422e+03
3600	-1.131797e+03
3601	-1.135943e+03
3602	-1.113249e+03
3603	-1.135838e+03
3604	-1.131426e+03
3605	-1.146769e+03
3606	-1.128463e+03
3607	-1.146056e+03
3608	-1.144293e+03
3609	-1.135343e+03
3610	-1.143935e+03
3611	-1.140227e+03
3612	-1.120590e+03
3613	-1.143953e+03
3614	-1.110264e+03
3615	-1.102345e+03
3616	-1.134186e+03
3617	-1.122425e+03
3618	-1.139094e+03
3619	-1.129860e+03
3620	-1.129351e+03
3621	-1.147708e+03
3622	-1.144425e+03
3623	-1.134037e+03
3624	-1.124587e+03
3625	-1.148392e+03
3626	-1.123912e+03
3627	-1.111945e+03
3628	-1.124480e+03
3629	-1.131826e+03
3630	-1.144989e+03
3631	-1.113694e+03
3632	-1.137711e+03
3633	-1.128332e+03
3634	-1.125056e+03
3635	-1.130242e+03
3636	-1.131091e+03
3637	-1.129249e+03
3638	-1.143911e+03
3639	-1.149904e+03
3640	-1.121986e+03
3641	-1.126884e+03
3642	-1.120931e+03
3643	-1.130117e+03
3644	-1.147665e+03
3645	-1.119516e+03
3646	-1.131404e+03
3647	-1.125499e+03
3648	-1.128032e+03
3649	-1.122651e+03
3650	-1.127158e+03
3651	-1.140134e+03
3652	-1.137871e+03
3653	-1.123789e+03
3654	-1.127678e+03
3655	-1.100113e+03
3656	-1.126588e+03
3657	-1.151973e+03
3658	-1.140508e+03
3659	-1.126937e+03
3660	-1.136366e+03
3661	-1.122322e+03
3662	-1.134498e+03
3663	-1.129193e+03
3664	-1.126210e+03
3665	-1.113645e+03
3666	-1.112040e+03
3667	-1.114022e+03
3668	-1.139407e+03
3669	-1.134112e+03
3670	-1.154157e+03
3671	-1.117978e+03
3672	-1.155213e+03
3673	-1.116423e+03
3674	-1.129858e+03
3675	-1.145921e+03
3676	-1.136955e+03
3677	-1.139942e+03
3678	-1.139017e+03
3679	-1.127946e+03
3680	-1.118859e+03
3681	-1.123711e+03
3682	-1.135286e+03
3683	-1.119079e+03
3684	-1.117552e+03
3685	-1.132671e+03
3686	-1.129689e+03
3687	-1.145714e+03
3688	-1.136177e+03
3689	-1.128159e+03
3690	-1.132233e+03
3691	-1.138230e+03
3692	-1.106514e+03
3693	-1.130053e+03
3694	-1.107039e+03
3695	-1.124230e+03
3696	-1.124433e+03
3697	-1.112740e+03
3698	-1.131326e+03
3699	-1.122637e+03
3700	-1.165604e+03
3701	-1.149515e+03
3702	-1.142769e+03
3703	-1.138860e+03
3704	-1.127672e+03
3705	-1.132588e+03
3706	-1.114645e+03
3707	-1.132008e+03
3708	-1.123803e+03
3709	-1.110892e+03
3710	-1.129233e+03
3711	-1.131442e+03
3712	-1.135270e+03
3713	-1.136947e+03
3714	-1.130775e+03
3715	-1.137724e+03
3716	-1.110309e+03
3717	-1.139172e+03
3718	-1.121348e+03
3719	-1.104089e+03
3720	-1.140596e+03
3721	-1.116093e+03
3722	-1.131560e+03
3723	-1.136045e+03
3724	-1.112765e+03
3725	-1.147072e+03
3726	-1.131415e+03
3727	-1.130743e+03
3728	-1.133026e+03
3729	-1.141202e+03
3730	-1.129560e+03
3731	-1.112554e+03
3732	-1.139093e+03
3733	-1.120048e+03
3734	-1.112823e+03
3735	-1.126895e+03
3736	-1.119278e+03
3737	-1.117564e+03
3738	-1.138843e+03
3739	-1.125587e+03
3740	-1.138480e+03
3741	-1.146513e+03
3742	-1.114460e+03
3743	-1.117455e+03
3744	-1.134655e+03
3745	-1.142927e+03
3746	-1.128921e+03
3747	-1.152980e+03
3748	-1.132865e+03
3749	-1.112325e+03
3750	-1.133800e+03
3751	-1.118260e+03
3752	-1.146210e+03
3753	-1.132539e+03
3754	-1.116032e+03
3755	-1.131070e+03
3756	-1.123193e+03
3757	-1.108298e+03
3758	-1.157048e+03
3759	-1.122348e+03
3760	-1.115257e+03
3761	-1.114609e+03
3762	-1.145748e+03
3763	-1.128705e+03
3764	-1.131758e+03
3765	-1.124451e+03
3766	-1.118287e+03
3767	-1.124134e+03
3768	-1.146004e+03
3769	-1.128517e+03
3770	-1.135240e+03
3771	-1.127455e+03
3772	-1.139381e+03
3773	-1.125950e+03
3774	-1.129134e+03
3775	-1.138576e+03
3776	-1.119981e+03
3777	-1.132890e+03
3778	-1.124824e+03
3779	-1.104668e+03
3780	-1.122195e+03
3781	-1.132848e+03
3782	-1.120788e+03
3783	-1.126649e+03
3784	-1.133381e+03
3785	-1.145767e+03
3786	-1.128508e+03
3787	-1.125313e+03
3788	-1.130054e+03
3789	-1.137876e+03
3790	-1.113680e+03
3791	-1.120610e+03
3792	-1.141111e+03
3793	-1.132108e+03
3794	-1.143054e+03
3795	-1.129092e+03
3796	-1.141342e+03
3797	-1.131375e+03
3798	-1.134740e+03
3799	-1.127553e+03
3800	-1.113466e+03
3801	-1.133011e+03
3802	-1.114011e+03
3803	-1.136121e+03
3804	-1.130457e+03
3805	-1.123285e+03
3806	-1.120672e+03
3807	-1.131311e+03
3808	-1.138796e+03
3809	-1.124552e+03
3810	-1.121213e+03
3811	-1.127077e+03
3812	-1.124999e+03
3813	-1.116387e+03
3814	-1.130793e+03
3815	-1.151544e+03
3816	-1.146552e+03
3817	-1.127623e+03
3818	-1.124410e+03
3819	-1.132085e+03
3820	-1.146357e+03
3821	-1.132424e+03
3822	-1.140835e+03
3823	-1.127932e+03
3824	-1.141332e+03
3825	-1.136827e+03
3826	-1.125973e+03
3827	-1.144184e+03
3828	-1.093176e+03
3829	-1.136611e+03
3830	-1.139076e+03
3831	-1.131356e+03
3832	-1.111669e+03
3833	-1.130311e+03
3834	-1.120837e+03
3835	-1.126121e+03
3836	-1.123523e+03
3837	-1.135464e+03
3838	-1.139281e+03
3839	-1.127861e+03
3840	-1.132623e+03
3841	-1.135405e+03
3842	-1.130369e+03
3843	-1.125553e+03
3844	-1.112848e+03
3845	-1.135558e+03
3846	-1.120896e+03
3847	-1.148477e+03
3848	-1.126479e+03
3849	-1.140578e+03
3850	-1.128993e+03
3851	-1.142715e+03
3852	-1.134896e+03
3853	-1.119360e+03
3854	-1.128198e+03
3855	-1.130283e+03
3856	-1.115324e+03
3857	-1.113445e+03
3858	-1.099602e+03
3859	-1.115915e+03
3860	-1.138705e+03
3861	-1.131686e+03
3862	-1.128778e+03
3863	-1.125226e+03
3864	-1.126283e+03
3865	-1.139284e+03
3866	-1.134058e+03
3867	-1.129660e+03
3868	-1.140880e+03
3869	-1.124364e+03
3870	-1.114744e+03
3871	-1.125768e+03
3872	-1.121890e+03
3873	-1.134732e+03
3874	-1.121889e+03
3875	-1.126075e+03
3876	-1.153131e+03
3877	-1.135267e+03
3878	-1.129798e+03
3879	-1.150657e+03
3880	-1.136357e+03
3881	-1.120073e+03
3882	-1.140198e+03
3883	-1.135502e+03
3884	-1.143849e+03
3885	-1.112745e+03
3886	-1.128883e+03
3887	-1.160176e+03
3888	-1.129311e+03
3889	-1.130208e+03
3890	-1.123934e+03
3891	-1.113071e+03
3892	-1.125081e+03
3893	-1.108736e+03
3894	-1.113611e+03
3895	-1.126292e+03
3896	-1.141660e+03
3897	-1.141691e+03
3898	-1.117730e+03
3899	-1.106202e+03
3900	-1.132359e+03
3901	-1.143521e+03
3902	-1.118629e+03
3903	-1.131995e+03
3904	-1.127340e+03
3905	-1.111916e+03
3906	-1.139784e+03
3907	-1.140747e+03
3908	-1.143829e+03
3909	-1.111621e+03
3910	-1.124182e+03
3911	-1.131391e+03
3912	-1.113410e+03
3913	-1.122057e+03
3914	-1.114837e+03
3915	-1.131785e+03
3916	-1.147671e+03
3917	-1.119477e+03
3918	-1.128607e+03
3919	-1.119323e+03
3920	-1.121730e+03
3921	-1.116715e+03
3922	-1.113326e+03
3923	-1.141787e+03
3924	-1.114848e+03
3925	-1.137822e+03
3926	-1.102550e+03
3927	-1.149214e+03
3928	-1.103527e+03
3929	-1.125642e+03
3930	-1.136567e+03
3931	-1.142302e+03
3932	-1.139117e+03
3933	-1.126468e+03
3934	-1.133775e+03
3935	-1.126352e+03
3936	-1.129008e+03
3937	-1.135550e+03
3938	-1.117159e+03
3939	-1.130166e+03
3940	-1.124588e+03
3941	-1.156565e+03
3942	-1.121852e+03
3943	-1.128969e+03
3944	-1.122163e+03
3945	-1.135322e+03
3946	-1.122587e+03
3947	-1.140151e+03
3948	-1.132708e+03
3949	-1.143121e+03
3950	-1.129813e+03
3951	-1.134554e+03
3952	-1.129695e+03
3953	-1.139383e+03
3954	-1.116052e+03
3955	-1.107857e+03
3956	-1.128419e+03
3957	-1.110838e+03
3958	-1.133972e+03
3959	-1.114895e+03
3960	-1.114049e+03
3961	-1.121222e+03
3962	-1.131173e+03
3963	-1.144095e+03
3964	-1.116929e+03
3965	-1.135588e+03
3966	-1.126665e+03
3967	-1.124215e+03
3968	-1.133780e+03
3969	-1.139960e+03
3970	-1.128735e+03
3971	-1.139741e+03
3972	-1.129472e+03
3973	-1.157371e+03
3974	-1.137054e+03
3975	-1.106322e+03
3976	-1.135020e+03
3977	-1.133484e+03
3978	-1.119807e+03
3979	-1.122032e+03
3980	-1.137500e+03
3981	-1.132387e+03
3982	-1.135121e+03
3983	-1.122976e+03
3984	-1.129757e+03
3985	-1.137586e+03
3986	-1.129247e+03
3987	-1.144949e+03
3988	-1.118851e+03
3989	-1.131477e+03
3990	-1.127820e+03
3991	-1.130811e+03
3992	-1.154349e+03
3993	-1.123674e+03
3994	-1.125514e+03
3995	-1.137271e+03
3996	-1.143350e+03
3997	-1.122149e+03
3998	-1.123242e+03
3999	-1.116797e+03
4000	-1.124149e+03
4001	-1.134517e+03
4002	-1.126672e+03
4003	-1.122808e+03
4004	-1.128576e+03
4005	-1.131688e+03
4006	-1.119054e+03
4007	-1.146366e+03
4008	-1.120645e+03
4009	-1.139075e+03
4010	-1.143641e+03
4011	-1.132958e+03
4012	-1.119575e+03
4013	-1.139166e+03
4014	-1.125183e+03
4015	-1.138515e+03
4016	-1.117359e+03
4017	-1.132553e+03
4018	-1.126508e+03
4019	-1.123728e+03
4020	-1.136343e+03
4021	-1.142347e+03
4022	-1.131321e+03
4023	-1.144945e+03
4024	-1.140890e+03
4025	-1.116772e+03
4026	-1.142768e+03
4027	-1.115792e+03
4028	-1.144882e+03
4029	-1.128949e+03
4030	-1.128177e+03
4031	-1.132849e+03
4032	-1.152016e+03
4033	-1.106719e+03
4034	-1.124103e+03
4035	-1.144274e+03
4036	-1.130353e+03
4037	-1.099508e+03
4038	-1.117157e+03
4039	-1.142666e+03
4040	-1.143307e+03
4041	-1.128790e+03
4042	-1.130985e+03
4043	-1.115941e+03
4044	-1.116676e+03
4045	-1.111500e+03
4046	-1.135531e+03
4047	-1.117908e+03
4048	-1.132430e+03
4049	-1.135013e+03
4050	-1.133128e+03
4051	-1.123627e+03
4052	-1.116432e+03
4053	-1.119099e+03
4054	-1.135402e+03
4055	-1.135939e+03
4056	-1.114518e+03
4057	-1.128199e+03
4058	-1.120248e+03
4059	-1.115957e+03
4060	-1.141006e+03
4061	-1.136624e+03
4062	-1.117009e+03
4063	-1.119218e+03
4064	-1.122367e+03
4065	-1.157657e+03
4066	-1.130488e+03
4067	-1.114623e+03
4068	-1.124744e+03
4069	-1.116071e+03
4070	-1.114976e+03
4071	-1.128265e+03
4072	-1.137820e+03
4073	-1.133229e+03
4074	-1.124882e+03
4075	-1.125893e+03
4076	-1.126662e+03
4077	-1.139225e+03
4078	-1.139627e+03
4079	-1.126843e+03
4080	-1.122268e+03
4081	-1.127212e+03
4082	-1.130245e+03
4083	-1.118166e+03
4084	-1.116677e+03
4085	-1.122309e+03
4086	-1.133781e+03
4087	-1.120047e+03
4088	-1.131710e+03
4089	-1.137637e+03
4090	-1.135191e+03
4091	-1.140712e+03
4092	-1.135684e+03
4093	-1.119820e+03
4094	-1.135139e+03
4095	-1.121752e+03
4096	-1.146288e+03
4097	-1.135186e+03
4098	-1.128070e+03
4099	-1.139898e+03
4100	-1.150868e+03
4101	-1.133393e+03
4102	-1.132902e+03
4103	-1.121070e+03
4104	-1.110164e+03
4105	-1.125146e+03
4106	-1.118051e+03
4107	-1.133912e+03
4108	-1.136854e+03
4109	-1.128733e+03
4110	-1.117877e+03
4111	-1.152064e+03
4112	-1.128792e+03
4113	-1.130260e+03
4114	-1.127467e+03
4115	-1.159538e+03
4116	-1.143357e+03
4117	-1.144419e+03
4118	-1.145440e+03
4119	-1.114211e+03
4120	-1.127694e+03
4121	-1.123871e+03
4122	-1.129048e+03
4123	-1.140300e+03
4124	-1.144671e+03
4125	-1.099735e+03
4126	-1.105381e+03
4127	-1.123331e+03
4128	-1.144084e+03
4129	-1.124464e+03
4130	-1.137714e+03
4131	-1.143622e+03
4132	-1.125338e+03
4133	-1.127635e+03
4134	-1.120415e+03
4135	-1.125513e+03
4136	-1.115831e+03
4137	-1.145269e+03
4138	-1.134839e+03
4139	-1.122360e+03
4140	-1.148995e+03
4141	-1.144967e+03
4142	-1.129808e+03
4143	-1.115223e+03
4144	-1.138178e+03
4145	-1.116413e+03
4146	-1.141943e+03
4147	-1.143358e+03
4148	-1.121084e+03
4149	-1.136864e+03
4150	-1.105436e+03
4151	-1.136897e+03
4152	-1.157995e+03
4153	-1.136119e+03
4154	-1.138195e+03
4155	-1.120980e+03
4156	-1.123615e+03
4157	-1.108474e+03
4158	-1.125634e+03
4159	-1.134569e+03
4160	-1.133524e+03
4161	-1.130776e+03
4162	-1.126284e+03
4163	-1.111006e+03
4164	-1.112215e+03
4165	-1.131784e+03
4166	-1.125922e+03
4167	-1.146140e+03
4168	-1.116993e+03
4169	-1.139808e+03
4170	-1.115163e+03
4171	-1.127791e+03
4172	-1.116791e+03
4173	-1.109074e+03
4174	-1.135582e+03
4175	-1.129509e+03
4176	-1.134838e+03
4177	-1.117658e+03
4178	-1.139571e+03
4179	-1.140446e+03
4180	-1.144585e+03
4181	-1.137513e+03
4182	-1.108915e+03
4183	-1.132708e+03
4184	-1.121312e+03
4185	-1.125993e+03
4186	-1.130374e+03
4187	-1.126329e+03
4188	-1.109726e+03
4189	-1.129162e+03
4190	-1.112733e+03
4191	-1.145031e+03
4192	-1.139261e+03
4193	-1.137785e+03
4194	-1.130786e+03
4195	-1.123125e+03
4196	-1.132112e+03
4197	-1.135352e+03
4198	-1.156209e+03
4199	-1.124709e+03
4200	-1.132557e+03
4201	-1.117422e+03
4202	-1.110194e+03
4203	-1.115831e+03
4204	-1.141621e+03
4205	-1.123063e+03
4206	-1.116075e+03
4207	-1.146110e+03
4208	-1.132631e+03
4209	-1.118468e+03
4210	-1.144883e+03
4211	-1.100956e+03
4212	-1.125216e+03
4213	-1.130748e+03
4214	-1.110926e+03
4215	-1.137471e+03
4216	-1.128355e+03
4217	-1.153309e+03
4218	-1.124471e+03
4219	-1.118967e+03
4220	-1.138695e+03
4221	-1.110587e+03
4222	-1.140942e+03
4223	-1.134686e+03
4224	-1.127742e+03
4225	-1.133877e+03
4226	-1.133498e+03
4227	-1.128060e+03
4228	-1.138852e+03
4229	-1.111086e+03
4230	-1.114359e+03
4231	-1.137502e+03
4232	-1.146649e+03
4233	-1.122150e+03
4234	-1.131287e+03
4235	-1.125784e+03
4236	-1.122743e+03
4237	-1.127843e+03
4238	-1.160455e+03
4239	-1.133007e+03
4240	-1.143879e+03
4241	-1.123194e+03
4242	-1.127488e+03
4243	-1.127997e+03
4244	-1.141522e+03
4245	-1.137259e+03
4246	-1.117750e+03
4247	-1.144156e+03
4248	-1.126379e+03
4249	-1.123355e+03
4250	-1.138535e+03
4251	-1.114770e+03
4252	-1.155115e+03
4253	-1.101592e+03
4254	-1.113358e+03
4255	-1.157307e+03
4256	-1.124295e+03
4257	-1.112046e+03
4258	-1.125197e+03
4259	-1.142906e+03
4260	-1.107337e+03
4261	-1.146956e+03
4262	-1.115906e+03
4263	-1.113221e+03
4264	-1.146494e+03
4265	-1.148578e+03
4266	-1.159209e+03
4267	-1.136264e+03
4268	-1.156118e+03
4269	-1.122578e+03
4270	-1.127392e+03
4271	-1.129814e+03
4272	-1.107804e+03
4273	-1.113954e+03
4274	-1.126015e+03
4275	-1.115215e+03
4276	-1.119329e+03
4277	-1.124438e+03
4278	-1.124773e+03
4279	-1.145481e+03
4280	-1.104755e+03
4281	-1.122289e+03
4282	-1.126625e+03
4283	-1.126151e+03
4284	-1.143895e+03
4285	-1.145145e+03
4286	-1.113309e+03
4287	-1.123247e+03
4288	-1.142100e+03
4289	-1.142347e+03
4290	-1.121542e+03
4291	-1.142140e+03
4292	-1.112366e+03
4293	-1.114592e+03
4294	-1.129315e+03
4295	-1.133526e+03
4296	-1.133635e+03
4297	-1.119936e+03
4298	-1.122064e+03
4299	-1.129163e+03
4300	-1.126514e+03
4301	-1.102716e+03
4302	-1.127544e+03
4303	-1.112139e+03
4304	-1.119247e+03
4305	-1.116308e+03
4306	-1.122407e+03
4307	-1.143468e+03
4308	-1.122626e+03
4309	-1.127818e+03
4310	-1.143997e+03
4311	-1.134168e+03
4312	-1.140987e+03
4313	-1.114204e+03
4314	-1.106468e+03
4315	-1.117707e+03
4316	-1.120776e+03
4317	-1.113091e+03
4318	-1.135993e+03
4319	-1.116741e+03
4320	-1.126399e+03
4321	-1.135111e+03
4322	-1.131544e+03
4323	-1.121672e+03
4324	-1.126553e+03
4325	-1.129268e+03
4326	-1.123999e+03
4327	-1.130630e+03
4328	-1.134380e+03
4329	-1.122941e+03
4330	-1.124477e+03
4331	-1.129205e+03
4332	-1.117128e+03
4333	-1.127133e+03
4334	-1.160984e+03
4335	-1.136042e+03
4336	-1.125018e+03
4337	-1.103886e+03
4338	-1.100873e+03
4339	-1.140883e+03
4340	-1.126137e+03
4341	-1.128604e+03
4342	-1.115029e+03
4343	-1.152296e+03
4344	-1.105439e+03
4345	-1.143342e+03
4346	-1.129809e+03
4347	-1.118431e+03
4348	-1.114960e+03
4349	-1.115251e+03
4350	-1.138041e+03
4351	-1.131610e+03
4352	-1.111543e+03
4353	-1.118352e+03
4354	-1.142935e+03
4355	-1.113302e+03
4356	-1.129260e+03
4357	-1.136653e+03
4358	-1.117981e+03
4359	-1.091147e+03
4360	-1.120107e+03
4361	-1.117662e+03
4362	-1.122834e+03
4363	-1.129067e+03
4364	-1.131285e+03
4365	-1.141383e+03
4366	-1.133238e+03
4367	-1.124037e+03
4368	-1.153948e+03
4369	-1.123706e+03
4370	-1.128332e+03
4371	-1.148975e+03
4372	-1.146291e+03
4373	-1.124125e+03
4374	-1.131442e+03
4375	-1.135169e+03
4376	-1.126753e+03
4377	-1.125598e+03
4378	-1.144358e+03
4379	-1.118649e+03
4380	-1.126126e+03
4381	-1.144780e+03
4382	-1.128080e+03
4383	-1.115345e+03
4384	-1.127999e+03
4385	-1.140142e+03
4386	-1.120538e+03
4387	-1.108167e+03
4388	-1.139968e+03
4389	-1.122317e+03
4390	-1.137667e+03
4391	-1.110407e+03
4392	-1.140435e+03
4393	-1.139682e+03
4394	-1.158921e+03
4395	-1.132241e+03
4396	-1.131313e+03
4397	-1.116463e+03
4398	-1.126704e+03
4399	-1.120498e+03
4400	-1.121053e+03
4401	-1.122098e+03
4402	-1.128327e+03
4403	-1.120699e+03
4404	-1.120881e+03
4405	-1.122075e+03
4406	-1.145934e+03
4407	-1.110364e+03
4408	-1.144529e+03
4409	-1.153226e+03
4410	-1.129927e+03
4411	-1.121108e+03
4412	-1.125302e+03
4413	-1.120037e+03
4414	-1.136809e+03
4415	-1.131969e+03
4416	-1.135308e+03
4417	-1.122107e+03
4418	-1.144268e+03
4419	-1.112370e+03
4420	-1.134417e+03
4421	-1.136360e+03
4422	-1.122284e+03
4423	-1.126818e+03
4424	-1.121356e+03
4425	-1.142516e+03
4426	-1.124254e+03
4427	-1.135506e+03
4428	-1.114066e+03
4429	-1.122726e+03
4430	-1.138491e+03
4431	-1.120544e+03
4432	-1.135771e+03
4433	-1.135441e+03
4434	-1.110349e+03
4435	-1.129464e+03
4436	-1.140742e+03
4437	-1.146217e+03
4438	-1.125700e+03
4439	-1.138404e+03
4440	-1.135289e+03
4441	-1.122239e+03
4442	-1.107660e+03
4443	-1.137418e+03
4444	-1.138531e+03
4445	-1.128899e+03
4446	-1.138146e+03
4447	-1.121562e+03
4448	-1.128674e+03
4449	-1.127468e+03
4450	-1.127103e+03
4451	-1.141303e+03
4452	-1.146975e+03
4453	-1.121998e+03
4454	-1.140508e+03
4455	-1.110216e+03
4456	-1.136400e+03
4457	-1.135567e+03
4458	-1.141850e+03
4459	-1.117608e+03
4460	-1.110031e+03
4461	-1.123270e+03
4462	-1.146264e+03
4463	-1.130312e+03
4464	-1.132454e+03
4465	-1.133057e+03
4466	-1.139661e+03
4467	-1.129880e+03
4468	-1.101119e+03
4469	-1.116440e+03
4470	-1.127502e+03
4471	-1.136575e+03
4472	-1.135806e+03
4473	-1.117210e+03
4474	-1.105797e+03
4475	-1.125892e+03
4476	-1.127537e+03
4477	-1.134324e+03
4478	-1.111940e+03
4479	-1.123753e+03
4480	-1.146422e+03
4481	-1.127700e+03
4482	-1.131315e+03
4483	-1.115180e+03
4484	-1.119693e+03
4485	-1.129776e+03
4486	-1.126834e+03
4487	-1.140825e+03
4488	-1.131886e+03
4489	-1.121749e+03
4490	-1.125887e+03
4491	-1.124783e+03
4492	-1.123029e+03
4493	-1.144396e+03
4494	-1.111282e+03
4495	-1.133002e+03
4496	-1.123977e+03
4497	-1.127018e+03
4498	-1.124211e+03
4499	-1.128205e+03
4500	-1.147348e+03
4501	-1.115555e+03
4502	-1.116714e+03
4503	-1.123212e+03
4504	-1.101982e+03
4505	-1.132295e+03
4506	-1.131310e+03
4507	-1.120423e+03
4508	-1.119290e+03
4509	-1.137868e+03
4510	-1.142917e+03
4511	-1.124935e+03
4512	-1.128971e+03
4513	-1.140265e+03
4514	-1.125191e+03
4515	-1.118105e+03
4516	-1.115414e+03
4517	-1.126494e+03
4518	-1.122581e+03
4519	-1.124135e+03
4520	-1.117157e+03
4521	-1.122763e+03
4522	-1.122376e+03
4523	-1.126440e+03
4524	-1.136237e+03
4525	-1.136192e+03
4526	-1.130959e+03
4527	-1.137302e+03
4528	-1.117385e+03
4529	-1.141218e+03
4530	-1.133487e+03
4531	-1.126456e+03
4532	-1.109374e+03
4533	-1.125080e+03
4534	-1.125010e+03
4535	-1.134249e+03
4536	-1.126641e+03
4537	-1.149741e+03
4538	-1.145717e+03
4539	-1.125673e+03
4540	-1.129580e+03
4541	-1.147006e+03
4542	-1.127215e+03
4543	-1.138944e+03
4544	-1.109064e+03
4545	-1.136761e+03
4546	-1.138742e+03
4547	-1.130412e+03
4548	-1.123745e+03
4549	-1.124171e+03
4550	-1.146668e+03
4551	-1.139890e+03
4552	-1.131084e+03
4553	-1.130583e+03
4554	-1.116760e+03
4555	-1.136012e+03
4556	-1.120163e+03
4557	-1.129634e+03
4558	-1.134043e+03
4559	-1.137320e+03
4560	-1.129034e+03
4561	-1.119894e+03
4562	-1.127719e+03
4563	-1.144566e+03
4564	-1.108964e+03
4565	-1.119802e+03
4566	-1.120049e+03
4567	-1.114397e+03
4568	-1.122304e+03
4569	-1.124921e+03
4570	-1.123958e+03
4571	-1.142809e+03
4572	-1.149022e+03
4573	-1.116749e+03
4574	-1.147655e+03
4575	-1.134156e+03
4576	-1.139766e+03
4577	-1.140974e+03
4578	-1.110311e+03
4579	-1.130153e+03
4580	-1.146282e+03
4581	-1.133433e+03
4582	-1.117025e+03
4583	-1.135016e+03
4584	-1.112557e+03
4585	-1.127484e+03
4586	-1.118043e+03
4587	-1.129462e+03
4588	-1.145416e+03
4589	-1.150801e+03
4590	-1.116783e+03
4591	-1.156102e+03
4592	-1.141873e+03
4593	-1.138651e+03
4594	-1.138552e+03
4595	-1.105647e+03
4596	-1.129936e+03
4597	-1.143306e+03
4598	-1.141594e+03
4599	-1.137987e+03
4600	-1.138963e+03
4601	-1.134315e+03
4602	-1.116132e+03
4603	-1.140657e+03
4604	-1.119699e+03
4605	-1.119321e+03
4606	-1.114737e+03
4607	-1.148472e+03
4608	-1.146990e+03
4609	-1.133995e+03
4610	-1.124695e+03
4611	-1.136559e+03
4612	-1.135098e+03
4613	-1.147831e+03
4614	-1.130155e+03
4615	-1.142475e+03
4616	-1.122278e+03
4617	-1.133518e+03
4618	-1.146506e+03
4619	-1.150423e+03
4620	-1.132289e+03
4621	-1.113624e+03
4622	-1.134179e+03
4623	-1.123790e+03
4624	-1.123135e+03
4625	-1.125697e+03
4626	-1.128707e+03
4627	-1.141602e+03
4628	-1.114637e+03
4629	-1.125771e+03
4630	-1.147292e+03
4631	-1.136487e+03
4632	-1.134677e+03
4633	-1.125323e+03
4634	-1.117998e+03
4635	-1.118561e+03
4636	-1.135430e+03
4637	-1.146531e+03
4638	-1.119431e+03
4639	-1.140129e+03
4640	-1.124859e+03
4641	-1.130836e+03
4642	-1.126305e+03
4643	-1.133696e+03
4644	-1.127995e+03
4645	-1.135566e+03
4646	-1.122785e+03
4647	-1.130309e+03
4648	-1.122927e+03
4649	-1.116663e+03
4650	-1.134319e+03
4651	-1.141607e+03
4652	-1.138814e+03
4653	-1.117215e+03
4654	-1.128226e+03
4655	-1.120329e+03
4656	-1.126541e+03
4657	-1.129508e+03
4658	-1.144848e+03
4659	-1.122069e+03
4660	-1.133832e+03
4661	-1.127985e+03
4662	-1.135425e+03
4663	-1.130962e+03
4664	-1.125183e+03
4665	-1.142588e+03
4666	-1.127032e+03
4667	-1.127300e+03
4668	-1.154340e+03
4669	-1.133368e+03
4670	-1.163008e+03
4671	-1.130015e+03
4672	-1.115973e+03
4673	-1.136637e+03
4674	-1.142381e+03
4675	-1.120379e+03
4676	-1.137364e+03
4677	-1.143692e+03
4678	-1.123588e+03
4679	-1.125507e+03
4680	-1.136698e+03
4681	-1.131175e+03
4682	-1.132200e+03
4683	-1.129153e+03
4684	-1.142845e+03
4685	-1.138141e+03
4686	-1.130053e+03
4687	-1.120060e+03
4688	-1.120690e+03
4689	-1.126236e+03
4690	-1.139786e+03
4691	-1.132119e+03
4692	-1.112158e+03
4693	-1.137880e+03
4694	-1.145017e+03
4695	-1.140579e+03
4696	-1.130935e+03
4697	-1.126978e+03
4698	-1.121259e+03
4699	-1.130618e+03
4700	-1.126961e+03
4701	-1.133516e+03
4702	-1.121954e+03
4703	-1.123251e+03
4704	-1.125190e+03
4705	-1.114497e+03
4706	-1.129413e+03
4707	-1.134253e+03
4708	-1.128888e+03
4709	-1.138505e+03
4710	-1.146086e+03
4711	-1.130400e+03
4712	-1.132734e+03
4713	-1.146417e+03
4714	-1.127304e+03
4715	-1.112706e+03
4716	-1.121362e+03
4717	-1.132944e+03
4718	-1.157449e+03
4719	-1.113215e+03
4720	-1.126956e+03
4721	-1.107840e+03
4722	-1.113904e+03
4723	-1.129578e+03
4724	-1.154932e+03
4725	-1.134786e+03
4726	-1.112921e+03
4727	-1.129339e+03
4728	-1.118236e+03
4729	-1.141813e+03
4730	-1.138906e+03
4731	-1.133209e+03
4732	-1.123565e+03
4733	-1.117831e+03
4734	-1.128992e+03
4735	-1.123704e+03
4736	-1.131067e+03
4737	-1.111433e+03
4738	-1.114241e+03
4739	-1.125181e+03
4740	-1.125040e+03
4741	-1.139759e+03
4742	-1.151162e+03
4743	-1.134792e+03
4744	-1.101137e+03
4745	-1.116266e+03
4746	-1.128968e+03
4747	-1.114427e+03
4748	-1.124532e+03
4749	-1.113597e+03
4750	-1.139862e+03
4751	-1.131659e+03
4752	-1.128298e+03
4753	-1.123245e+03
4754	-1.112168e+03
4755	-1.113474e+03
4756	-1.144334e+03
4757	-1.130916e+03
4758	-1.125701e+03
4759	-1.113826e+03
4760	-1.130513e+03
4761	-1.132484e+03
4762	-1.128126e+03
4763	-1.118896e+03
4764	-1.137279e+03
4765	-1.124844e+03
4766	-1.141711e+03
4767	-1.128808e+03
4768	-1.135139e+03
4769	-1.127420e+03
4770	-1.154651e+03
4771	-1.144658e+03
4772	-1.116462e+03
4773	-1.126418e+03
4774	-1.140073e+03
4775	-1.101785e+03
4776	-1.126321e+03
4777	-1.126288e+03
4778	-1.115585e+03
4779	-1.123339e+03
4780	-1.131891e+03
4781	-1.124604e+03
4782	-1.148069e+03
4783	-1.143660e+03
4784	-1.134820e+03
4785	-1.100695e+03
4786	-1.140343e+03
4787	-1.107210e+03
4788	-1.147712e+03
4789	-1.128947e+03
4790	-1.117772e+03
4791	-1.141235e+03
4792	-1.131481e+03
4793	-1.131826e+03
4794	-1.141862e+03
4795	-1.127604e+03
4796	-1.099600e+03
4797	-1.131512e+03
4798	-1.129983e+03
4799	-1.128172e+03
4800	-1.114254e+03
4801	-1.123159e+03
4802	-1.121725e+03
4803	-1.125563e+03
4804	-1.118715e+03
4805	-1.134590e+03
4806	-1.114106e+03
4807	-1.117165e+03
4808	-1.116513e+03
4809	-1.130384e+03
4810	-1.128178e+03
4811	-1.127070e+03
4812	-1.126616e+03
4813	-1.127981e+03
4814	-1.122541e+03
4815	-1.139128e+03
4816	-1.147976e+03
4817	-1.147607e+03
4818	-1.140006e+03
4819	-1.115384e+03
4820	-1.116834e+03
4821	-1.102147e+03
4822	-1.121697e+03
4823	-1.126573e+03
4824	-1.144008e+03
4825	-1.122768e+03
4826	-1.150883e+03
4827	-1.134956e+03
4828	-1.135583e+03
4829	-1.114326e+03
4830	-1.124479e+03
4831	-1.134116e+03
4832	-1.111568e+03
4833	-1.140696e+03
4834	-1.146243e+03
4835	-1.143052e+03
4836	-1.133698e+03
4837	-1.116538e+03
4838	-1.127286e+03
4839	-1.140823e+03
4840	-1.144682e+03
4841	-1.119015e+03
4842	-1.130046e+03
4843	-1.145315e+03
4844	-1.106339e+03
4845	-1.115573e+03
4846	-1.136292e+03
4847	-1.120602e+03
4848	-1.122465e+03
4849	-1.124939e+03
4850	-1.138721e+03
4851	-1.124912e+03
4852	-1.122783e+03
4853	-1.153528e+03
4854	-1.132863e+03
4855	-1.141849e+03
4856	-1.123234e+03
4857	-1.119051e+03
4858	-1.109745e+03
4859	-1.105337e+03
4860	-1.129273e+03
4861	-1.120480e+03
4862	-1.134734e+03
4863	-1.136890e+03
4864	-1.133776e+03
4865	-1.154583e+03
4866	-1.109063e+03
4867	-1.122965e+03
4868	-1.112427e+03
4869	-1.122046e+03
4870	-1.132795e+03
4871	-1.109478e+03
4872	-1.119884e+03
4873	-1.138055e+03
4874	-1.118356e+03
4875	-1.120089e+03
4876	-1.134746e+03
4877	-1.132329e+03
4878	-1.124295e+03
4879	-1.133920e+03
4880	-1.140345e+03
4881	-1.130981e+03
4882	-1.128683e+03
4883	-1.125682e+03
4884	-1.124559e+03
4885	-1.112331e+03
4886	-1.127132e+03
4887	-1.127250e+03
4888	-1.140886e+03
4889	-1.118227e+03
4890	-1.131034e+03
4891	-1.141698e+03
4892	-1.129819e+03
4893	-1.130952e+03
4894	-1.118848e+03
4895	-1.133578e+03
4896	-1.149506e+03
4897	-1.143448e+03
4898	-1.151748e+03
4899	-1.138217e+03
4900	-1.109944e+03
4901	-1.121417e+03
4902	-1.121975e+03
4903	-1.136687e+03
4904	-1.119157e+03
4905	-1.140297e+03
4906	-1.136515e+03
4907	-1.133484e+03
4908	-1.111487e+03
4909	-1.116699e+03
4910	-1.119884e+03
4911	-1.135822e+03
4912	-1.116551e+03
4913	-1.121861e+03
4914	-1.135651e+03
4915	-1.115489e+03
4916	-1.125627e+03
4917	-1.103713e+03
4918	-1.125038e+03
4919	-1.114741e+03
4920	-1.123257e+03
4921	-1.125227e+03
4922	-1.143434e+03
4923	-1.120155e+03
4924	-1.135845e+03
4925	-1.112477e+03
4926	-1.110455e+03
4927	-1.136584e+03
4928	-1.123829e+03
4929	-1.144999e+03
4930	-1.123620e+03
4931	-1.130662e+03
4932	-1.123245e+03
4933	-1.140435e+03
4934	-1.119672e+03
4935	-1.136573e+03
4936	-1.121106e+03
4937	-1.130763e+03
4938	-1.123460e+03
4939	-1.132633e+03
4940	-1.137001e+03
4941	-1.122818e+03
4942	-1.106623e+03
4943	-1.145928e+03
4944	-1.128508e+03
4945	-1.131133e+03
4946	-1.119573e+03
4947	-1.126641e+03
4948	-1.117199e+03
4949	-1.132297e+03
4950	-1.125359e+03
4951	-1.149351e+03
4952	-1.135104e+03
4953	-1.143096e+03
4954	-1.127186e+03
4955	-1.112272e+03
4956	-1.127625e+03
4957	-1.130605e+03
4958	-1.145042e+03
4959	-1.117350e+03
4960	-1.098520e+03
4961	-1.127157e+03
4962	-1.128772e+03
4963	-1.129061e+03
4964	-1.119489e+03
4965	-1.124978e+03
4966	-1.132650e+03
4967	-1.130644e+03
4968	-1.129988e+03
4969	-1.138002e+03
4970	-1.126817e+03
4971	-1.135866e+03
4972	-1.139987e+03
4973	-1.145996e+03
4974	-1.115508e+03
4975	-1.141082e+03
4976	-1.127739e+03
4977	-1.133861e+03
4978	-1.125436e+03
4979	-1.118704e+03
4980	-1.122271e+03
4981	-1.119918e+03
4982	-1.156429e+03
4983	-1.104768e+03
4984	-1.126401e+03
4985	-1.120090e+03
4986	-1.136636e+03
4987	-1.132392e+03
4988	-1.128676e+03
4989	-1.140599e+03
4990	-1.135237e+03
4991	-1.109966e+03
4992	-1.112244e+03
4993	-1.137488e+03
4994	-1.150668e+03
4995	-1.142096e+03
4996	-1.130982e+03
4997	-1.116188e+03
4998	-1.137295e+03
4999	-1.139411e+03
5000	-1.135959e+03
5001	-1.124801e+03
5002	-1.143381e+03
5003	-1.150561e+03
5004	-1.125304e+03
5005	-1.119089e+03
5006	-1.140110e+03
5007	-1.134733e+03
5008	-1.150840e+03
5009	-1.126250e+03
5010	-1.128464e+03
5011	-1.143217e+03
5012	-1.139134e+03
5013	-1.105056e+03
5014	-1.130260e+03
5015	-1.144288e+03
5016	-1.121512e+03
5017	-1.145021e+03
5018	-1.135022e+03
5019	-1.123245e+03
5020	-1.137076e+03
5021	-1.141643e+03
5022	-1.126357e+03
5023	-1.148253e+03
5024	-1.151647e+03
5025	-1.124103e+03
5026	-1.134114e+03
5027	-1.164006e+03
5028	-1.138496e+03
5029	-1.148953e+03
5030	-1.138744e+03
5031	-1.111003e+03
5032	-1.136519e+03
5033	-1.103354e+03
5034	-1.128632e+03
5035	-1.141042e+03
5036	-1.135685e+03
5037	-1.129338e+03
5038	-1.118008e+03
5039	-1.157511e+03
5040	-1.139530e+03
5041	-1.116374e+03
5042	-1.139249e+03
5043	-1.113527e+03
5044	-1.125576e+03
5045	-1.122620e+03
5046	-1.125808e+03
5047	-1.144893e+03
5048	-1.128387e+03
5049	-1.109508e+03
5050	-1.134381e+03
5051	-1.127860e+03
5052	-1.109006e+03
5053	-1.113769e+03
5054	-1.132812e+03
5055	-1.135844e+03
5056	-1.115414e+03
5057	-1.131732e+03
5058	-1.131049e+03
5059	-1.117012e+03
5060	-1.141791e+03
5061	-1.131749e+03
5062	-1.139581e+03
5063	-1.123289e+03
5064	-1.146345e+03
5065	-1.158476e+03
5066	-1.156602e+03
5067	-1.128048e+03
5068	-1.123525e+03
5069	-1.131366e+03
5070	-1.129549e+03
5071	-1.128261e+03
5072	-1.136652e+03
5073	-1.131166e+03
5074	-1.113869e+03
5075	-1.134096e+03
5076	-1.127782e+03
5077	-1.139007e+03
5078	-1.139714e+03
5079	-1.140736e+03
5080	-1.132086e+03
5081	-1.134361e+03
5082	-1.135948e+03
5083	-1.113720e+03
5084	-1.132423e+03
5085	-1.123253e+03
5086	-1.127903e+03
5087	-1.148803e+03
5088	-1.135022e+03
5089	-1.114514e+03
5090	-1.140401e+03
5091	-1.124139e+03
5092	-1.125627e+03
5093	-1.128626e+03
5094	-1.123091e+03
5095	-1.139552e+03
5096	-1.143621e+03
5097	-1.136025e+03
5098	-1.113035e+03
5099	-1.134072e+03
5100	-1.130989e+03
5101	-1.120686e+03
5102	-1.134303e+03
5103	-1.118953e+03
5104	-1.129006e+03
5105	-1.155351e+03
5106	-1.116546e+03
5107	-1.124648e+03
5108	-1.128793e+03
5109	-1.140775e+03
5110	-1.129114e+03
5111	-1.140449e+03
5112	-1.148237e+03
5113	-1.135667e+03
5114	-1.132253e+03
5115	-1.118742e+03
5116	-1.134519e+03
5117	-1.114978e+03
5118	-1.137799e+03
5119	-1.134463e+03
5120	-1.119451e+03
5121	-1.113797e+03
5122	-1.130743e+03
5123	-1.125181e+03
5124	-1.105774e+03
5125	-1.153096e+03
5126	-1.129931e+03
5127	-1.140101e+03
5128	-1.126086e+03
5129	-1.129483e+03
5130	-1.117188e+03
5131	-1.120702e+03
5132	-1.123588e+03
5133	-1.144633e+03
5134	-1.127970e+03
5135	-1.123540e+03
5136	-1.115880e+03
5137	-1.136838e+03
5138	-1.132374e+03
5139	-1.137511e+03
5140	-1.131750e+03
5141	-1.156483e+03
5142	-1.120756e+03
5143	-1.122644e+03
5144	-1.131679e+03
5145	-1.128808e+03
5146	-1.120132e+03
5147	-1.133451e+03
5148	-1.113900e+03
5149	-1.143854e+03
5150	-1.121650e+03
5151	-1.154608e+03
5152	-1.132248e+03
5153	-1.126749e+03
5154	-1.133620e+03
5155	-1.105991e+03
5156	-1.139236e+03
5157	-1.133558e+03
5158	-1.126160e+03
5159	-1.107701e+03
5160	-1.114316e+03
5161	-1.120544e+03
5162	-1.145114e+03
5163	-1.105192e+03
5164	-1.139792e+03
5165	-1.134907e+03
5166	-1.131762e+03
5167	-1.135906e+03
5168	-1.132102e+03
5169	-1.121259e+03
5170	-1.139803e+03
5171	-1.122855e+03
5172	-1.128547e+03
5173	-1.122426e+03
5174	-1.138738e+03
5175	-1.135780e+03
5176	-1.120444e+03
5177	-1.139788e+03
5178	-1.118270e+03
5179	-1.133741e+03
5180	-1.144930e+03
5181	-1.107854e+03
5182	-1.137730e+03
5183	-1.140713e+03
5184	-1.126646e+03
5185	-1.130378e+03
5186	-1.153424e+03
5187	-1.139922e+03
5188	-1.121103e+03
5189	-1.127821e+03
5190	-1.122003e+03
5191	-1.132866e+03
5192	-1.131977e+03
5193	-1.137859e+03
5194	-1.129696e+03
5195	-1.123129e+03
5196	-1.128085e+03
5197	-1.124570e+03
5198	-1.156354e+03
5199	-1.133798e+03
5200	-1.120999e+03
5201	-1.121168e+03
5202	-1.130204e+03
5203	-1.129355e+03
5204	-1.135225e+03
5205	-1.120197e+03
5206	-1.117381e+03
5207	-1.114888e+03
5208	-1.134237e+03
5209	-1.106815e+03
5210	-1.130929e+03
5211	-1.115132e+03
5212	-1.131480e+03
5213	-1.123581e+03
5214	-1.126443e+03
5215	-1.117367e+03
5216	-1.135313e+03
5217	-1.147062e+03
5218	-1.137524e+03
5219	-1.126938e+03
5220	-1.136581e+03
5221	-1.115654e+03
5222	-1.141795e+03
5223	-1.127923e+03
5224	-1.138747e+03
5225	-1.120254e+03
5226	-1.146510e+03
5227	-1.134514e+03
5228	-1.133900e+03
5229	-1.116006e+03
5230	-1.138293e+03
5231	-1.125095e+03
5232	-1.130574e+03
5233	-1.119627e+03
5234	-1.132328e+03
5235	-1.118820e+03
5236	-1.143603e+03
5237	-1.121702e+03
5238	-1.133542e+03
5239	-1.126351e+03
5240	-1.168934e+03
5241	-1.105535e+03
5242	-1.124399e+03
5243	-1.128755e+03
5244	-1.120934e+03
5245	-1.131227e+03
5246	-1.115925e+03
5247	-1.139491e+03
5248	-1.121019e+03
5249	-1.139476e+03
5250	-1.129201e+03
5251	-1.121398e+03
5252	-1.125041e+03
5253	-1.146029e+03
5254	-1.124338e+03
5255	-1.142261e+03
5256	-1.130232e+03
5257	-1.123966e+03
5258	-1.131885e+03
5259	-1.151669e+03
5260	-1.127019e+03
5261	-1.121688e+03
5262	-1.116863e+03
5263	-1.112944e+03
5264	-1.146597e+03
5265	-1.123437e+03
5266	-1.134899e+03
5267	-1.132411e+03
5268	-1.120550e+03
5269	-1.121350e+03
5270	-1.133789e+03
5271	-1.150825e+03
5272	-1.120961e+03
5273	-1.147189e+03
5274	-1.127887e+03
5275	-1.130264e+03
5276	-1.143678e+03
5277	-1.134954e+03
5278	-1.123450e+03
5279	-1.142711e+03
5280	-1.119335e+03
5281	-1.126511e+03
5282	-1.135567e+03
5283	-1.127698e+03
5284	-1.128444e+03
5285	-1.108635e+03
5286	-1.131982e+03
5287	-1.125605e+03
5288	-1.125556e+03
5289	-1.115833e+03
5290	-1.117627e+03
5291	-1.145531e+03
5292	-1.122851e+03
5293	-1.123855e+03
5294	-1.141389e+03
5295	-1.132598e+03
5296	-1.121322e+03
5297	-1.135840e+03
5298	-1.141163e+03
5299	-1.130545e+03
5300	-1.130421e+03
5301	-1.131115e+03
5302	-1.118526e+03
5303	-1.134547e+03
5304	-1.107631e+03
5305	-1.103565e+03
5306	-1.108365e+03
5307	-1.115236e+03
5308	-1.131140e+03
5309	-1.125496e+03
5310	-1.128337e+03
5311	-1.125122e+03
5312	-1.107747e+03
5313	-1.113952e+03
5314	-1.120253e+03
5315	-1.137961e+03
5316	-1.108531e+03
5317	-1.127408e+03
5318	-1.136331e+03
5319	-1.144580e+03
5320	-1.136930e+03
5321	-1.133394e+03
5322	-1.121085e+03
5323	-1.106980e+03
5324	-1.117756e+03
5325	-1.142172e+03
5326	-1.121350e+03
5327	-1.122005e+03
5328	-1.109250e+03
5329	-1.113109e+03
5330	-1.130234e+03
5331	-1.125578e+03
5332	-1.129551e+03
5333	-1.145489e+03
5334	-1.113858e+03
5335	-1.122571e+03
5336	-1.114567e+03
5337	-1.137492e+03
5338	-1.140343e+03
5339	-1.140548e+03
5340	-1.127619e+03
5341	-1.133712e+03
5342	-1.149030e+03
5343	-1.111903e+03
5344	-1.106597e+03
5345	-1.099174e+03
5346	-1.132509e+03
5347	-1.133675e+03
5348	-1.112146e+03
5349	-1.127852e+03
5350	-1.113448e+03
5351	-1.138098e+03
5352	-1.139735e+03
5353	-1.130991e+03
5354	-1.134229e+03
5355	-1.111913e+03
5356	-1.118963e+03
5357	-1.105367e+03
5358	-1.134044e+03
5359	-1.108897e+03
5360	-1.138528e+03
5361	-1.118926e+03
5362	-1.120007e+03
5363	-1.129854e+03
5364	-1.130632e+03
5365	-1.136369e+03
5366	-1.128001e+03
5367	-1.122204e+03
5368	-1.113171e+03
5369	-1.126700e+03
5370	-1.123826e+03
5371	-1.139767e+03
5372	-1.122564e+03
5373	-1.110298e+03
5374	-1.122857e+03
5375	-1.121844e+03
5376	-1.124313e+03
5377	-1.124877e+03
5378	-1.142722e+03
5379	-1.131985e+03
5380	-1.136438e+03
5381	-1.128098e+03
5382	-1.111931e+03
5383	-1.133079e+03
5384	-1.129246e+03
5385	-1.130108e+03
5386	-1.135984e+03
5387	-1.136137e+03
5388	-1.141738e+03
5389	-1.119474e+03
5390	-1.137443e+03
5391	-1.127080e+03
5392	-1.143432e+03
5393	-1.112430e+03
5394	-1.100538e+03
5395	-1.145880e+03
5396	-1.150636e+03
5397	-1.119634e+03
5398	-1.152039e+03
5399	-1.126475e+03
5400	-1.136926e+03
5401	-1.130407e+03
5402	-1.122392e+03
5403	-1.116094e+03
5404	-1.128081e+03
5405	-1.119738e+03
5406	-1.153806e+03
5407	-1.125987e+03
5408	-1.137513e+03
5409	-1.126184e+03
5410	-1.136375e+03
5411	-1.110028e+03
5412	-1.129344e+03
5413	-1.125822e+03
5414	-1.114756e+03
5415	-1.137347e+03
5416	-1.130493e+03
5417	-1.118926e+03
5418	-1.125259e+03
5419	-1.148750e+03
5420	-1.113339e+03
5421	-1.127304e+03
5422	-1.142572e+03
5423	-1.115977e+03
5424	-1.119572e+03
5425	-1.109773e+03
5426	-1.129155e+03
5427	-1.139191e+03
5428	-1.131855e+03
5429	-1.122002e+03
5430	-1.121864e+03
5431	-1.126886e+03
5432	-1.150807e+03
5433	-1.122030e+03
5434	-1.125182e+03
5435	-1.126376e+03
5436	-1.128308e+03
5437	-1.134304e+03
5438	-1.107588e+03
5439	-1.129990e+03
5440	-1.134496e+03
5441	-1.102632e+03
5442	-1.148954e+03
5443	-1.124950e+03
5444	-1.134006e+03
5445	-1.126684e+03
5446	-1.129066e+03
5447	-1.151447e+03
5448	-1.131643e+03
5449	-1.139588e+03
5450	-1.124740e+03
5451	-1.138388e+03
5452	-1.141939e+03
5453	-1.131866e+03
5454	-1.143751e+03
5455	-1.120727e+03
5456	-1.136335e+03
5457	-1.122312e+03
5458	-1.125770e+03
5459	-1.124939e+03
5460	-1.137628e+03
5461	-1.139194e+03
5462	-1.140675e+03
5463	-1.127199e+03
5464	-1.121149e+03
5465	-1.126704e+03
5466	-1.145079e+03
5467	-1.122324e+03
5468	-1.118771e+03
5469	-1.153794e+03
5470	-1.118642e+03
5471	-1.123836e+03
5472	-1.111792e+03
5473	-1.137683e+03
5474	-1.131030e+03
5475	-1.113661e+03
5476	-1.135282e+03
5477	-1.122741e+03
5478	-1.123396e+03
5479	-1.125545e+03
5480	-1.124751e+03
5481	-1.132275e+03
5482	-1.138099e+03
5483	-1.125297e+03
5484	-1.126454e+03
5485	-1.152169e+03
5486	-1.130153e+03
5487	-1.125576e+03
5488	-1.124959e+03
5489	-1.125185e+03
5490	-1.118440e+03
5491	-1.131717e+03
5492	-1.116154e+03
5493	-1.121437e+03
5494	-1.128046e+03
5495	-1.129583e+03
5496	-1.122341e+03
5497	-1.129976e+03
5498	-1.147455e+03
5499	-1.157534e+03
5500	-1.115613e+03
5501	-1.119122e+03
5502	-1.115053e+03
5503	-1.109322e+03
5504	-1.121861e+03
5505	-1.132046e+03
5506	-1.129966e+03
5507	-1.132763e+03
5508	-1.106913e+03
5509	-1.129658e+03
5510	-1.120102e+03
5511	-1.136105e+03
5512	-1.125544e+03
5513	-1.119017e+03
5514	-1.126672e+03
5515	-1.133618e+03
5516	-1.136101e+03
5517	-1.128036e+03
5518	-1.144092e+03
5519	-1.137633e+03
5520	-1.115359e+03
5521	-1.142454e+03
5522	-1.132482e+03
5523	-1.113278e+03
5524	-1.121972e+03
5525	-1.124822e+03
5526	-1.136463e+03
5527	-1.125404e+03
5528	-1.115815e+03
5529	-1.132834e+03
5530	-1.130289e+03
5531	-1.142623e+03
5532	-1.113999e+03
5533	-1.128043e+03
5534	-1.142789e+03
5535	-1.118751e+03
5536	-1.128419e+03
5537	-1.119152e+03
5538	-1.129187e+03
5539	-1.141006e+03
5540	-1.132429e+03
5541	-1.108245e+03
5542	-1.129630e+03
5543	-1.130338e+03
5544	-1.129595e+03
5545	-1.114441e+03
5546	-1.154077e+03
5547	-1.137177e+03
5548	-1.136152e+03
5549	-1.129891e+03
5550	-1.151680e+03
5551	-1.144564e+03
5552	-1.136053e+03
5553	-1.120426e+03
5554	-1.135352e+03
5555	-1.140583e+03
5556	-1.115163e+03
5557	-1.112786e+03
5558	-1.146451e+03
5559	-1.123559e+03
5560	-1.136609e+03
5561	-1.131837e+03
5562	-1.119536e+03
5563	-1.136902e+03
5564	-1.140870e+03
5565	-1.117699e+03
5566	-1.105846e+03
5567	-1.128589e+03
5568	-1.112283e+03
5569	-1.129943e+03
5570	-1.147103e+03
5571	-1.120037e+03
5572	-1.145457e+03
5573	-1.132396e+03
5574	-1.129066e+03
5575	-1.140781e+03
5576	-1.136604e+03
5577	-1.130875e+03
5578	-1.123849e+03
5579	-1.143286e+03
5580	-1.130580e+03
5581	-1.145938e+03
5582	-1.121308e+03
5583	-1.139127e+03
5584	-1.137525e+03
5585	-1.135606e+03
5586	-1.136742e+03
5587	-1.120795e+03
5588	-1.134747e+03
5589	-1.130252e+03
5590	-1.137725e+03
5591	-1.123763e+03
5592	-1.150404e+03
5593	-1.133365e+03
5594	-1.119606e+03
5595	-1.136028e+03
5596	-1.137509e+03
5597	-1.143772e+03
5598	-1.139028e+03
5599	-1.149346e+03
5600	-1.129698e+03
5601	-1.143932e+03
5602	-1.126424e+03
5603	-1.159225e+03
5604	-1.138244e+03
5605	-1.120696e+03
5606	-1.123437e+03
5607	-1.134017e+03
5608	-1.131020e+03
5609	-1.126391e+03
5610	-1.130030e+03
5611	-1.144952e+03
5612	-1.133097e+03
5613	-1.137799e+03
5614	-1.115754e+03
5615	-1.134216e+03
5616	-1.134331e+03
5617	-1.131679e+03
5618	-1.133470e+03
5619	-1.113015e+03
5620	-1.120392e+03
5621	-1.115741e+03
5622	-1.126641e+03
5623	-1.125859e+03
5624	-1.131012e+03
5625	-1.141364e+03
5626	-1.146717e+03
5627	-1.105068e+03
5628	-1.135534e+03
5629	-1.134815e+03
5630	-1.131688e+03
5631	-1.120758e+03
5632	-1.118796e+03
5633	-1.119492e+03
5634	-1.138013e+03
5635	-1.115265e+03
5636	-1.112444e+03
5637	-1.124204e+03
5638	-1.121087e+03
5639	-1.115640e+03
5640	-1.141708e+03
5641	-1.111915e+03
5642	-1.116681e+03
5643	-1.118658e+03
5644	-1.149774e+03
5645	-1.113819e+03
5646	-1.119560e+03
5647	-1.133569e+03
5648	-1.133390e+03
5649	-1.118959e+03
5650	-1.116326e+03
5651	-1.141100e+03
5652	-1.122914e+03
5653	-1.115890e+03
5654	-1.137522e+03
5655	-1.127895e+03
5656	-1.144551e+03
5657	-1.118604e+03
5658	-1.142995e+03
5659	-1.115235e+03
5660	-1.136564e+03
5661	-1.113482e+03
5662	-1.137640e+03
5663	-1.139327e+03
5664	-1.118977e+03
5665	-1.125102e+03
5666	-1.131589e+03
5667	-1.116825e+03
5668	-1.138497e+03
5669	-1.125869e+03
5670	-1.134602e+03
5671	-1.126393e+03
5672	-1.125546e+03
5673	-1.133232e+03
5674	-1.136268e+03
5675	-1.124771e+03
5676	-1.119538e+03
5677	-1.126349e+03
5678	-1.116759e+03
5679	-1.150996e+03
5680	-1.150765e+03
5681	-1.105564e+03
5682	-1.120242e+03
5683	-1.113120e+03
5684	-1.108872e+03
5685	-1.147123e+03
5686	-1.137495e+03
5687	-1.136271e+03
5688	-1.137693e+03
5689	-1.140260e+03
5690	-1.119069e+03
5691	-1.148514e+03
5692	-1.143058e+03
5693	-1.135503e+03
5694	-1.112084e+03
5695	-1.146309e+03
5696	-1.115907e+03
5697	-1.139260e+03
5698	-1.138413e+03
5699	-1.139567e+03
5700	-1.126219e+03
5701	-1.125817e+03
5702	-1.115677e+03
5703	-1.130855e+03
5704	-1.118362e+03
5705	-1.121329e+03
5706	-1.126028e+03
5707	-1.115241e+03
5708	-1.105387e+03
5709	-1.116099e+03
5710	-1.127534e+03
5711	-1.143530e+03
5712	-1.135290e+03
5713	-1.117971e+03
5714	-1.135733e+03
5715	-1.140051e+03
5716	-1.131386e+03
5717	-1.114774e+03
5718	-1.103140e+03
5719	-1.153922e+03
5720	-1.115767e+03
5721	-1.138994e+03
5722	-1.131059e+03
5723	-1.152699e+03
5724	-1.147082e+03
5725	-1.133667e+03
5726	-1.141071e+03
5727	-1.143482e+03
5728	-1.131236e+03
5729	-1.139772e+03
5730	-1.101315e+03
5731	-1.125439e+03
5732	-1.101720e+03
5733	-1.135896e+03
5734	-1.119124e+03
5735	-1.137681e+03
5736	-1.125162e+03
5737	-1.135499e+03
5738	-1.119722e+03
5739	-1.116982e+03
5740	-1.114134e+03
5741	-1.143734e+03
5742	-1.124785e+03
5743	-1.116421e+03
5744	-1.108971e+03
5745	-1.129083e+03
5746	-1.132027e+03
5747	-1.127721e+03
5748	-1.138036e+03
5749	-1.120988e+03
5750	-1.133909e+03
5751	-1.114894e+03
5752	-1.132511e+03
5753	-1.129513e+03
5754	-1.150804e+03
5755	-1.117421e+03
5756	-1.111073e+03
5757	-1.122029e+03
5758	-1.135119e+03
5759	-1.138261e+03
5760	-1.123313e+03
5761	-1.132940e+03
5762	-1.139785e+03
5763	-1.135421e+03
5764	-1.125490e+03
5765	-1.135366e+03
5766	-1.141282e+03
5767	-1.133432e+03
5768	-1.118780e+03
5769	-1.128450e+03
5770	-1.129947e+03
5771	-1.141553e+03
5772	-1.146096e+03
5773	-1.143146e+03
5774	-1.130814e+03
5775	-1.139013e+03
5776	-1.138594e+03
5777	-1.134733e+03
5778	-1.134918e+03
5779	-1.131655e+03
5780	-1.127936e+03
5781	-1.135371e+03
5782	-1.140214e+03
5783	-1.124464e+03
5784	-1.116184e+03
5785	-1.127882e+03
5786	-1.125608e+03
5787	-1.143902e+03
5788	-1.124429e+03
5789	-1.119320e+03
5790	-1.132941e+03
5791	-1.138402e+03
5792	-1.127214e+03
5793	-1.115683e+03
5794	-1.122962e+03
5795	-1.141956e+03
5796	-1.139272e+03
5797	-1.141696e+03
5798	-1.132358e+03
5799	-1.125084e+03
5800	-1.137042e+03
5801	-1.149127e+03
5802	-1.123576e+03
5803	-1.137392e+03
5804	-1.125297e+03
5805	-1.130087e+03
5806	-1.149357e+03
5807	-1.133570e+03
5808	-1.138244e+03
5809	-1.122028e+03
5810	-1.122142e+03
5811	-1.131620e+03
5812	-1.116536e+03
5813	-1.144549e+03
5814	-1.130054e+03
5815	-1.124971e+03
5816	-1.104543e+03
5817	-1.100000e+03
5818	-1.121112e+03
5819	-1.118159e+03
5820	-1.147059e+03
5821	-1.145456e+03
5822	-1.127822e+03
5823	-1.138422e+03
5824	-1.103938e+03
5825	-1.128219e+03
5826	-1.148174e+03
5827	-1.129400e+03
5828	-1.122410e+03
5829	-1.122050e+03
5830	-1.115992e+03
5831	-1.110869e+03
5832	-1.121386e+03
5833	-1.155208e+03
5834	-1.139064e+03
5835	-1.148835e+03
5836	-1.118889e+03
5837	-1.122063e+03
5838	-1.122924e+03
5839	-1.131017e+03
5840	-1.115501e+03
5841	-1.113471e+03
5842	-1.131771e+03
5843	-1.134812e+03
5844	-1.111739e+03
5845	-1.135715e+03
5846	-1.135193e+03
5847	-1.144682e+03
5848	-1.137533e+03
5849	-1.127045e+03
5850	-1.141094e+03
5851	-1.130623e+03
5852	-1.125242e+03
5853	-1.146288e+03
5854	-1.128711e+03
5855	-1.122045e+03
5856	-1.121006e+03
5857	-1.124470e+03
5858	-1.132573e+03
5859	-1.137245e+03
5860	-1.113883e+03
5861	-1.127342e+03
5862	-1.125695e+03
5863	-1.125955e+03
5864	-1.117622e+03
5865	-1.139976e+03
5866	-1.126881e+03
5867	-1.142442e+03
5868	-1.143734e+03
5869	-1.135294e+03
5870	-1.137326e+03
5871	-1.145033e+03
5872	-1.129323e+03
5873	-1.121480e+03
5874	-1.108376e+03
5875	-1.119746e+03
5876	-1.131576e+03
5877	-1.138728e+03
5878	-1.120928e+03
5879	-1.118847e+03
5880	-1.123543e+03
5881	-1.124886e+03
5882	-1.143405e+03
5883	-1.136594e+03
5884	-1.119610e+03
5885	-1.154666e+03
5886	-1.130205e+03
5887	-1.138132e+03
5888	-1.129292e+03
5889	-1.137727e+03
5890	-1.127357e+03
5891	-1.136292e+03
5892	-1.123897e+03
5893	-1.106895e+03
5894	-1.130739e+03
5895	-1.139712e+03
5896	-1.131841e+03
5897	-1.139014e+03
5898	-1.113316e+03
5899	-1.117358e+03
5900	-1.114998e+03
5901	-1.130203e+03
5902	-1.115065e+03
5903	-1.119305e+03
5904	-1.128056e+03
5905	-1.109838e+03
5906	-1.133480e+03
5907	-1.117565e+03
5908	-1.134961e+03
5909	-1.116743e+03
5910	-1.120666e+03
5911	-1.131035e+03
5912	-1.130600e+03
5913	-1.119900e+03
5914	-1.137282e+03
5915	-1.126774e+03
5916	-1.128724e+03
5917	-1.116350e+03
5918	-1.134460e+03
5919	-1.136484e+03
5920	-1.131461e+03
5921	-1.119377e+03
5922	-1.129724e+03
5923	-1.125284e+03
5924	-1.126351e+03
5925	-1.135435e+03
5926	-1.151828e+03
5927	-1.125903e+03
5928	-1.140732e+03
5929	-1.130384e+03
5930	-1.143307e+03
5931	-1.139304e+03
5932	-1.123185e+03
5933	-1.134566e+03
5934	-1.150498e+03
5935	-1.120230e+03
5936	-1.145537e+03
5937	-1.140570e+03
5938	-1.128031e+03
5939	-1.155845e+03
5940	-1.148071e+03
5941	-1.113207e+03
5942	-1.122597e+03
5943	-1.136983e+03
5944	-1.112506e+03
5945	-1.126654e+03
5946	-1.122378e+03
5947	-1.122053e+03
5948	-1.125912e+03
5949	-1.111856e+03
5950	-1.134305e+03
5951	-1.118876e+03
5952	-1.129096e+03
5953	-1.133686e+03
5954	-1.128331e+03
5955	-1.144902e+03
5956	-1.113970e+03
5957	-1.138511e+03
5958	-1.122001e+03
5959	-1.111718e+03
5960	-1.124482e+03
5961	-1.117617e+03
5962	-1.132744e+03
5963	-1.134358e+03
5964	-1.151935e+03
5965	-1.131173e+03
5966	-1.131094e+03
5967	-1.123237e+03
5968	-1.140245e+03
5969	-1.135811e+03
5970	-1.105820e+03
5971	-1.143010e+03
5972	-1.130629e+03
5973	-1.122466e+03
5974	-1.120729e+03
5975	-1.113717e+03
5976	-1.106499e+03
5977	-1.120390e+03
5978	-1.121768e+03
5979	-1.123685e+03
5980	-1.131650e+03
5981	-1.130918e+03
5982	-1.122742e+03
5983	-1.118840e+03
5984	-1.127219e+03
5985	-1.122207e+03
5986	-1.143673e+03
5987	-1.143777e+03
5988	-1.133879e+03
5989	-1.120828e+03
5990	-1.144841e+03
5991	-1.137556e+03
5992	-1.122025e+03
5993	-1.116631e+03
5994	-1.114295e+03
5995	-1.128099e+03
5996	-1.110082e+03
5997	-1.132115e+03
5998	-1.132632e+03
5999	-1.125856e+03
6000	-1.128597e+03
6001	-1.102981e+03
6002	-1.135701e+03
6003	-1.125055e+03
6004	-1.130407e+03
6005	-1.136592e+03
6006	-1.137081e+03
6007	-1.120776e+03
6008	-1.120054e+03
6009	-1.134486e+03
6010	-1.137251e+03
6011	-1.127478e+03
6012	-1.114164e+03
6013	-1.125619e+03
6014	-1.138372e+03
6015	-1.121784e+03
6016	-1.139776e+03
6017	-1.130188e+03
6018	-1.129939e+03
6019	-1.131617e+03
6020	-1.141984e+03
6021	-1.123898e+03
6022	-1.127637e+03
6023	-1.127418e+03
6024	-1.130967e+03
6025	-1.126595e+03
6026	-1.146281e+03
6027	-1.127169e+03
6028	-1.139682e+03
6029	-1.134110e+03
6030	-1.112283e+03
6031	-1.137037e+03
6032	-1.124160e+03
6033	-1.135335e+03
6034	-1.133512e+03
6035	-1.125421e+03
6036	-1.127947e+03
6037	-1.116800e+03
6038	-1.127978e+03
6039	-1.132108e+03
6040	-1.123744e+03
6041	-1.127871e+03
6042	-1.148144e+03
6043	-1.127151e+03
6044	-1.141177e+03
6045	-1.142735e+03
6046	-1.119168e+03
6047	-1.126408e+03
6048	-1.131840e+03
6049	-1.122897e+03
6050	-1.123355e+03
6051	-1.124556e+03
6052	-1.140528e+03
6053	-1.119981e+03
6054	-1.130426e+03
6055	-1.116476e+03
6056	-1.137918e+03
6057	-1.132305e+03
6058	-1.118859e+03
6059	-1.124683e+03
6060	-1.129027e+03
6061	-1.117738e+03
6062	-1.136605e+03
6063	-1.140228e+03
6064	-1.101759e+03
6065	-1.120556e+03
6066	-1.141961e+03
6067	-1.132682e+03
6068	-1.134658e+03
6069	-1.128055e+03
6070	-1.126439e+03
6071	-1.133252e+03
6072	-1.135544e+03
6073	-1.117466e+03
6074	-1.132886e+03
6075	-1.121329e+03
6076	-1.127120e+03
6077	-1.136749e+03
6078	-1.123763e+03
6079	-1.107252e+03
6080	-1.150561e+03
6081	-1.142598e+03
6082	-1.140170e+03
6083	-1.125300e+03
6084	-1.119265e+03
6085	-1.135443e+03
6086	-1.135373e+03
6087	-1.118942e+03
6088	-1.128593e+03
6089	-1.127061e+03
6090	-1.119330e+03
6091	-1.133277e+03
6092	-1.130524e+03
6093	-1.113068e+03
6094	-1.124508e+03
6095	-1.137362e+03
6096	-1.138059e+03
6097	-1.115607e+03
6098	-1.154105e+03
6099	-1.114538e+03
6100	-1.138910e+03
6101	-1.133920e+03
6102	-1.119983e+03
6103	-1.139818e+03
6104	-1.126166e+03
6105	-1.118191e+03
6106	-1.146662e+03
6107	-1.149296e+03
6108	-1.124070e+03
6109	-1.142299e+03
6110	-1.124183e+03
6111	-1.143956e+03
6112	-1.122414e+03
6113	-1.145182e+03
6114	-1.135521e+03
6115	-1.113768e+03
6116	-1.122972e+03
6117	-1.113886e+03
6118	-1.127052e+03
6119	-1.132398e+03
6120	-1.123535e+03
6121	-1.127266e+03
6122	-1.133833e+03
6123	-1.128627e+03
6124	-1.128802e+03
6125	-1.133927e+03
6126	-1.135089e+03
6127	-1.138602e+03
6128	-1.119002e+03
6129	-1.117568e+03
6130	-1.135940e+03
6131	-1.139420e+03
6132	-1.146535e+03
6133	-1.109437e+03
6134	-1.126765e+03
6135	-1.109235e+03
6136	-1.119038e+03
6137	-1.120845e+03
6138	-1.122077e+03
6139	-1.129903e+03
6140	-1.130436e+03
6141	-1.113650e+03
6142	-1.133324e+03
6143	-1.115783e+03
6144	-1.130280e+03
6145	-1.123786e+03
6146	-1.115099e+03
6147	-1.120431e+03
6148	-1.122334e+03
6149	-1.135305e+03
6150	-1.116408e+03
6151	-1.116345e+03
6152	-1.129612e+03
6153	-1.124914e+03
6154	-1.139126e+03
6155	-1.118907e+03
6156	-1.127014e+03
6157	-1.115895e+03
6158	-1.126820e+03
6159	-1.124943e+03
6160	-1.135276e+03
6161	-1.120163e+03
6162	-1.136983e+03
6163	-1.135986e+03
6164	-1.130679e+03
6165	-1.123309e+03
6166	-1.130277e+03
6167	-1.140571e+03
6168	-1.120352e+03
6169	-1.114327e+03
6170	-1.145418e+03
6171	-1.122241e+03
6172	-1.126686e+03
6173	-1.121094e+03
6174	-1.113864e+03
6175	-1.134217e+03
6176	-1.102457e+03
6177	-1.142318e+03
6178	-1.125176e+03
6179	-1.133746e+03
6180	-1.133825e+03
6181	-1.115340e+03
6182	-1.117886e+03
6183	-1.127046e+03
6184	-1.144520e+03
6185	-1.126935e+03
6186	-1.117885e+03
6187	-1.123226e+03
6188	-1.122686e+03
6189	-1.119062e+03
6190	-1.131517e+03
6191	-1.117555e+03
6192	-1.137564e+03
6193	-1.147486e+03
6194	-1.141713e+03
6195	-1.134426e+03
6196	-1.132267e+03
6197	-1.114865e+03
6198	-1.148947e+03
6199	-1.119159e+03
6200	-1.132340e+03
6201	-1.117663e+03
6202	-1.116850e+03
6203	-1.120452e+03
6204	-1.124379e+03
6205	-1.134918e+03
6206	-1.133655e+03
6207	-1.123646e+03
6208	-1.122843e+03
6209	-1.124846e+03
6210	-1.118550e+03
6211	-1.138729e+03
6212	-1.143526e+03
6213	-1.112600e+03
6214	-1.121374e+03
6215	-1.127033e+03
6216	-1.126078e+03
6217	-1.128579e+03
6218	-1.130026e+03
6219	-1.129392e+03
6220	-1.133283e+03
6221	-1.125075e+03
6222	-1.117370e+03
6223	-1.131685e+03
6224	-1.137971e+03
6225	-1.120266e+03
6226	-1.125003e+03
6227	-1.125971e+03
6228	-1.156034e+03
6229	-1.130908e+03
6230	-1.117135e+03
6231	-1.120106e+03
6232	-1.124636e+03
6233	-1.115052e+03
6234	-1.115514e+03
6235	-1.148116e+03
6236	-1.139935e+03
6237	-1.123308e+03
6238	-1.108293e+03
6239	-1.141006e+03
6240	-1.140467e+03
6241	-1.141787e+03
6242	-1.131897e+03
6243	-1.137671e+03
6244	-1.134986e+03
6245	-1.121863e+03
6246	-1.136284e+03
6247	-1.137123e+03
6248	-1.132445e+03
6249	-1.101586e+03
6250	-1.119227e+03
6251	-1.134321e+03
6252	-1.125008e+03
6253	-1.133468e+03
6254	-1.124309e+03
6255	-1.129776e+03
6256	-1.138505e+03
6257	-1.115529e+03
6258	-1.129131e+03
6259	-1.132038e+03
6260	-1.138688e+03
6261	-1.138183e+03
6262	-1.125699e+03
6263	-1.124169e+03
6264	-1.141893e+03
6265	-1.116371e+03
6266	-1.126445e+03
6267	-1.127315e+03
6268	-1.131687e+03
6269	-1.131443e+03
6270	-1.127148e+03
6271	-1.120228e+03
6272	-1.107072e+03
6273	-1.125507e+03
6274	-1.114626e+03
6275	-1.133192e+03
6276	-1.126254e+03
6277	-1.136570e+03
6278	-1.124892e+03
6279	-1.127543e+03
6280	-1.110378e+03
6281	-1.145615e+03
6282	-1.147192e+03
6283	-1.132877e+03
6284	-1.136816e+03
6285	-1.151401e+03
6286	-1.118975e+03
6287	-1.132691e+03
6288	-1.127434e+03
6289	-1.127310e+03
6290	-1.099501e+03
6291	-1.123274e+03
6292	-1.151209e+03
6293	-1.112336e+03
6294	-1.137408e+03
6295	-1.119013e+03
6296	-1.133683e+03
6297	-1.140086e+03
6298	-1.126210e+03
6299	-1.146709e+03
6300	-1.113608e+03
6301	-1.120258e+03
6302	-1.133424e+03
6303	-1.128445e+03
6304	-1.127292e+03
6305	-1.133328e+03
6306	-1.134508e+03
6307	-1.129468e+03
6308	-1.146289e+03
6309	-1.135193e+03
6310	-1.121381e+03
6311	-1.146231e+03
6312	-1.109804e+03
6313	-1.135082e+03
6314	-1.095143e+03
6315	-1.122847e+03
6316	-1.152570e+03
6317	-1.125026e+03
6318	-1.114551e+03
6319	-1.118813e+03
6320	-1.143761e+03
6321	-1.129488e+03
6322	-1.146757e+03
6323	-1.117562e+03
6324	-1.137956e+03
6325	-1.128622e+03
6326	-1.120664e+03
6327	-1.116017e+03
6328	-1.118888e+03
6329	-1.138472e+03
6330	-1.127423e+03
6331	-1.138238e+03
6332	-1.142460e+03
6333	-1.140641e+03
6334	-1.130428e+03
6335	-1.126715e+03
6336	-1.126714e+03
6337	-1.125068e+03
6338	-1.117747e+03
6339	-1.110433e+03
6340	-1.115926e+03
6341	-1.117912e+03
6342	-1.133587e+03
6343	-1.125513e+03
6344	-1.135733e+03
6345	-1.135934e+03
6346	-1.132722e+03
6347	-1.122904e+03
6348	-1.148659e+03
6349	-1.118166e+03
6350	-1.130468e+03
6351	-1.133097e+03
6352	-1.128010e+03
6353	-1.127705e+03
6354	-1.120798e+03
6355	-1.127488e+03
6356	-1.149671e+03
6357	-1.151968e+03
6358	-1.141035e+03
6359	-1.132764e+03
6360	-1.140963e+03
6361	-1.124521e+03
6362	-1.134893e+03
6363	-1.115068e+03
6364	-1.123650e+03
6365	-1.131235e+03
6366	-1.112771e+03
6367	-1.141569e+03
6368	-1.137814e+03
6369	-1.126201e+03
6370	-1.140401e+03
6371	-1.144930e+03
6372	-1.138124e+03
6373	-1.114643e+03
6374	-1.137908e+03
6375	-1.126162e+03
6376	-1.136280e+03
6377	-1.133387e+03
6378	-1.129721e+03
6379	-1.129135e+03
6380	-1.128660e+03
6381	-1.137126e+03
6382	-1.105927e+03
6383	-1.135733e+03
6384	-1.117050e+03
6385	-1.119385e+03
6386	-1.128029e+03
6387	-1.125880e+03
6388	-1.131816e+03
6389	-1.135346e+03
6390	-1.127503e+03
6391	-1.131454e+03
6392	-1.136423e+03
6393	-1.141824e+03
6394	-1.120562e+03
6395	-1.111487e+03
6396	-1.115077e+03
6397	-1.127419e+03
6398	-1.121080e+03
6399	-1.136819e+03
6400	-1.132049e+03
6401	-1.117395e+03
6402	-1.139240e+03
6403	-1.119629e+03
6404	-1.132456e+03
6405	-1.137299e+03
6406	-1.137574e+03
6407	-1.155303e+03
6408	-1.126076e+03
6409	-1.132108e+03
6410	-1.132165e+03
6411	-1.127251e+03
6412	-1.142847e+03
6413	-1.156308e+03
6414	-1.131846e+03
6415	-1.118768e+03
6416	-1.140705e+03
6417	-1.153673e+03
6418	-1.118266e+03
6419	-1.129619e+03
6420	-1.130315e+03
6421	-1.113664e+03
6422	-1.117310e+03
6423	-1.130681e+03
6424	-1.124400e+03
6425	-1.121787e+03
6426	-1.107004e+03
6427	-1.135591e+03
6428	-1.129919e+03
6429	-1.138135e+03
6430	-1.154112e+03
6431	-1.119772e+03
6432	-1.145039e+03
6433	-1.116890e+03
6434	-1.121998e+03
6435	-1.126812e+03
6436	-1.133923e+03
6437	-1.130054e+03
6438	-1.122665e+03
6439	-1.134637e+03
6440	-1.121487e+03
6441	-1.116684e+03
6442	-1.133212e+03
6443	-1.120928e+03
6444	-1.133943e+03
6445	-1.145289e+03
6446	-1.132650e+03
6447	-1.143846e+03
6448	-1.127287e+03
6449	-1.127830e+03
6450	-1.122558e+03
6451	-1.121037e+03
6452	-1.126367e+03
6453	-1.130213e+03
6454	-1.128796e+03
6455	-1.133598e+03
6456	-1.144316e+03
6457	-1.129963e+03
6458	-1.140507e+03
6459	-1.142927e+03
6460	-1.120686e+03
6461	-1.127874e+03
6462	-1.120233e+03
6463	-1.141986e+03
6464	-1.129521e+03
6465	-1.122411e+03
6466	-1.132443e+03
6467	-1.129971e+03
6468	-1.144241e+03
6469	-1.131069e+03
6470	-1.136841e+03
6471	-1.143432e+03
6472	-1.127635e+03
6473	-1.136126e+03
6474	-1.127260e+03
6475	-1.142748e+03
6476	-1.130204e+03
6477	-1.131655e+03
6478	-1.112563e+03
6479	-1.122713e+03
6480	-1.120528e+03
6481	-1.140897e+03
6482	-1.135294e+03
6483	-1.126638e+03
6484	-1.119934e+03
6485	-1.133840e+03
6486	-1.119243e+03
6487	-1.118485e+03
6488	-1.120309e+03
6489	-1.133575e+03
6490	-1.138772e+03
6491	-1.132584e+03
6492	-1.127997e+03
6493	-1.131910e+03
6494	-1.130801e+03
6495	-1.142674e+03
6496	-1.126714e+03
6497	-1.137481e+03
6498	-1.129464e+03
6499	-1.130086e+03
6500	-1.116158e+03
6501	-1.118405e+03
6502	-1.114709e+03
6503	-1.134077e+03
6504	-1.131163e+03
6505	-1.118004e+03
6506	-1.120779e+03
6507	-1.134825e+03
6508	-1.126528e+03
6509	-1.125831e+03
6510	-1.110452e+03
6511	-1.140116e+03
6512	-1.117814e+03
6513	-1.127167e+03
6514	-1.129298e+03
6515	-1.147738e+03
6516	-1.132491e+03
6517	-1.106984e+03
6518	-1.129411e+03
6519	-1.116874e+03
6520	-1.127560e+03
6521	-1.139985e+03
6522	-1.138420e+03
6523	-1.124982e+03
6524	-1.117659e+03
6525	-1.122709e+03
6526	-1.134141e+03
6527	-1.125046e+03
6528	-1.137176e+03
6529	-1.118122e+03
6530	-1.147214e+03
6531	-1.133934e+03
6532	-1.131751e+03
6533	-1.128742e+03
6534	-1.112451e+03
6535	-1.128811e+03
6536	-1.114617e+03
6537	-1.141991e+03
6538	-1.128879e+03
6539	-1.140804e+03
6540	-1.128312e+03
6541	-1.133024e+03
6542	-1.117154e+03
6543	-1.127026e+03
6544	-1.136759e+03
6545	-1.131981e+03
6546	-1.120544e+03
6547	-1.133113e+03
6548	-1.131217e+03
6549	-1.126741e+03
6550	-1.139335e+03
6551	-1.138721e+03
6552	-1.117202e+03
6553	-1.121940e+03
6554	-1.105242e+03
6555	-1.120726e+03
6556	-1.120510e+03
6557	-1.126938e+03
6558	-1.126643e+03
6559	-1.130045e+03
6560	-1.126993e+03
6561	-1.127030e+03
6562	-1.135735e+03
6563	-1.133547e+03
6564	-1.138163e+03
6565	-1.145959e+03
6566	-1.122995e+03
6567	-1.127134e+03
6568	-1.126222e+03
6569	-1.144381e+03
6570	-1.126898e+03
6571	-1.120599e+03
6572	-1.130658e+03
6573	-1.139384e+03
6574	-1.126840e+03
6575	-1.131629e+03
6576	-1.114225e+03
6577	-1.118204e+03
6578	-1.144768e+03
6579	-1.125754e+03
6580	-1.129678e+03
6581	-1.133963e+03
6582	-1.143128e+03
6583	-1.126975e+03
6584	-1.150137e+03
6585	-1.141249e+03
6586	-1.152805e+03
6587	-1.132316e+03
6588	-1.122364e+03
6589	-1.117783e+03
6590	-1.121819e+03
6591	-1.120914e+03
6592	-1.138423e+03
6593	-1.132334e+03
6594	-1.144916e+03
6595	-1.130582e+03
6596	-1.130898e+03
6597	-1.116230e+03
6598	-1.115616e+03
6599	-1.121531e+03
6600	-1.127518e+03
6601	-1.126385e+03
6602	-1.108567e+03
6603	-1.138845e+03
6604	-1.128179e+03
6605	-1.129106e+03
6606	-1.143125e+03
6607	-1.105521e+03
6608	-1.142759e+03
6609	-1.132722e+03
6610	-1.123839e+03
6611	-1.145047e+03
6612	-1.136688e+03
6613	-1.135730e+03
6614	-1.138934e+03
6615	-1.125420e+03
6616	-1.134244e+03
6617	-1.117281e+03
6618	-1.118833e+03
6619	-1.132716e+03
6620	-1.134500e+03
6621	-1.127642e+03
6622	-1.124961e+03
6623	-1.130719e+03
6624	-1.131745e+03
6625	-1.135787e+03
6626	-1.148521e+03
6627	-1.121358e+03
6628	-1.127415e+03
6629	-1.123369e+03
6630	-1.109842e+03
6631	-1.134442e+03
6632	-1.157134e+03
6633	-1.132289e+03
6634	-1.111075e+03
6635	-1.138023e+03
6636	-1.121779e+03
6637	-1.134592e+03
6638	-1.157062e+03
6639	-1.159400e+03
6640	-1.136831e+03
6641	-1.143736e+03
6642	-1.147098e+03
6643	-1.131637e+03
6644	-1.113186e+03
6645	-1.151673e+03
6646	-1.118132e+03
6647	-1.138632e+03
6648	-1.128960e+03
6649	-1.115388e+03
6650	-1.139451e+03
6651	-1.137047e+03
6652	-1.125550e+03
6653	-1.128986e+03
6654	-1.119101e+03
6655	-1.124138e+03
6656	-1.132469e+03
6657	-1.122360e+03
6658	-1.126084e+03
6659	-1.112335e+03
6660	-1.119228e+03
6661	-1.110964e+03
6662	-1.140996e+03
6663	-1.120581e+03
6664	-1.132404e+03
6665	-1.133360e+03
6666	-1.122694e+03
6667	-1.111678e+03
6668	-1.114149e+03
6669	-1.122264e+03
6670	-1.126003e+03
6671	-1.143647e+03
6672	-1.137425e+03
6673	-1.132534e+03
6674	-1.139705e+03
6675	-1.144982e+03
6676	-1.141519e+03
6677	-1.147107e+03
6678	-1.140240e+03
6679	-1.138406e+03
6680	-1.124621e+03
6681	-1.127926e+03
6682	-1.124422e+03
6683	-1.134364e+03
6684	-1.118689e+03
6685	-1.132823e+03
6686	-1.144802e+03
6687	-1.128058e+03
6688	-1.135662e+03
6689	-1.127957e+03
6690	-1.127140e+03
6691	-1.129572e+03
6692	-1.115455e+03
6693	-1.126779e+03
6694	-1.138080e+03
6695	-1.121117e+03
6696	-1.137298e+03
6697	-1.132641e+03
6698	-1.129639e+03
6699	-1.131873e+03
6700	-1.137249e+03
6701	-1.127223e+03
6702	-1.119117e+03
6703	-1.128094e+03
6704	-1.141454e+03
6705	-1.132324e+03
6706	-1.107963e+03
6707	-1.117802e+03
6708	-1.107027e+03
6709	-1.130982e+03
6710	-1.123289e+03
6711	-1.130594e+03
6712	-1.121903e+03
6713	-1.137106e+03
6714	-1.142923e+03
6715	-1.115990e+03
6716	-1.124399e+03
6717	-1.128129e+03
6718	-1.127678e+03
6719	-1.118300e+03
6720	-1.117894e+03
6721	-1.124193e+03
6722	-1.135086e+03
6723	-1.127831e+03
6724	-1.110748e+03
6725	-1.130130e+03
6726	-1.145813e+03
6727	-1.146605e+03
6728	-1.114088e+03
6729	-1.141361e+03
6730	-1.137710e+03
6731	-1.136595e+03
6732	-1.122140e+03
6733	-1.111510e+03
6734	-1.133690e+03
6735	-1.122453e+03
6736	-1.110893e+03
6737	-1.130272e+03
6738	-1.121647e+03
6739	-1.142688e+03
6740	-1.115902e+03
6741	-1.134555e+03
6742	-1.099268e+03
6743	-1.123578e+03
6744	-1.143146e+03
6745	-1.138971e+03
6746	-1.113339e+03
6747	-1.150781e+03
6748	-1.143636e+03
6749	-1.128046e+03
6750	-1.137428e+03
6751	-1.125933e+03
6752	-1.098829e+03
6753	-1.125717e+03
6754	-1.124347e+03
6755	-1.121863e+03
6756	-1.124925e+03
6757	-1.128646e+03
6758	-1.116607e+03
6759	-1.120803e+03
6760	-1.140239e+03
6761	-1.135607e+03
6762	-1.128135e+03
6763	-1.110650e+03
6764	-1.124726e+03
6765	-1.138235e+03
6766	-1.133221e+03
6767	-1.142980e+03
6768	-1.130133e+03
6769	-1.116575e+03
6770	-1.134657e+03
6771	-1.136701e+03
6772	-1.140943e+03
6773	-1.120015e+03
6774	-1.150993e+03
6775	-1.135120e+03
6776	-1.127219e+03
6777	-1.128457e+03
6778	-1.131416e+03
6779	-1.135241e+03
6780	-1.113186e+03
6781	-1.124675e+03
6782	-1.129336e+03
6783	-1.134902e+03
6784	-1.130945e+03
6785	-1.135897e+03
6786	-1.135490e+03
6787	-1.116425e+03
6788	-1.116968e+03
6789	-1.112270e+03
6790	-1.134940e+03
6791	-1.136429e+03
6792	-1.123195e+03
6793	-1.123332e+03
6794	-1.132393e+03
6795	-1.129314e+03
6796	-1.125105e+03
6797	-1.128381e+03
6798	-1.115454e+03
6799	-1.124964e+03
6800	-1.128283e+03
6801	-1.132247e+03
6802	-1.134970e+03
6803	-1.143134e+03
6804	-1.123129e+03
6805	-1.128787e+03
6806	-1.153471e+03
6807	-1.135571e+03
6808	-1.134881e+03
6809	-1.128324e+03
6810	-1.129787e+03
6811	-1.139185e+03
6812	-1.137415e+03
6813	-1.121264e+03
6814	-1.131382e+03
6815	-1.106986e+03
6816	-1.124624e+03
6817	-1.119801e+03
6818	-1.117171e+03
6819	-1.119264e+03
6820	-1.141366e+03
6821	-1.118628e+03
6822	-1.118246e+03
6823	-1.116404e+03
6824	-1.135130e+03
6825	-1.130284e+03
6826	-1.125592e+03
6827	-1.123864e+03
6828	-1.131376e+03
6829	-1.133777e+03
6830	-1.137743e+03
6831	-1.145321e+03
6832	-1.115934e+03
6833	-1.131302e+03
6834	-1.123138e+03
6835	-1.123986e+03
6836	-1.129673e+03
6837	-1.127463e+03
6838	-1.153945e+03
6839	-1.135894e+03
6840	-1.123396e+03
6841	-1.124888e+03
6842	-1.144904e+03
6843	-1.121998e+03
6844	-1.129916e+03
6845	-1.133078e+03
6846	-1.130594e+03
6847	-1.128207e+03
6848	-1.104510e+03
6849	-1.134850e+03
6850	-1.134081e+03
6851	-1.137698e+03
6852	-1.127479e+03
6853	-1.119407e+03
6854	-1.135210e+03
6855	-1.138122e+03
6856	-1.131165e+03
6857	-1.145602e+03
6858	-1.136814e+03
6859	-1.123081e+03
6860	-1.129215e+03
6861	-1.129979e+03
6862	-1.116673e+03
6863	-1.132694e+03
6864	-1.136626e+03
6865	-1.122790e+03
6866	-1.130592e+03
6867	-1.128677e+03
6868	-1.128517e+03
6869	-1.120670e+03
6870	-1.127315e+03
6871	-1.135614e+03
6872	-1.134919e+03
6873	-1.145554e+03
6874	-1.126899e+03
6875	-1.132277e+03
6876	-1.108985e+03
6877	-1.132403e+03
6878	-1.117882e+03
6879	-1.136680e+03
6880	-1.132310e+03
6881	-1.141060e+03
6882	-1.124362e+03
6883	-1.130789e+03
6884	-1.149689e+03
6885	-1.132340e+03
6886	-1.129827e+03
6887	-1.140381e+03
6888	-1.119116e+03
6889	-1.123163e+03
6890	-1.125111e+03
6891	-1.135195e+03
6892	-1.128717e+03
6893	-1.129978e+03
6894	-1.113292e+03
6895	-1.131945e+03
6896	-1.138291e+03
6897	-1.134569e+03
6898	-1.125130e+03
6899	-1.120695e+03
6900	-1.122225e+03
6901	-1.137760e+03
6902	-1.135472e+03
6903	-1.147495e+03
6904	-1.128543e+03
6905	-1.138369e+03
6906	-1.109807e+03
6907	-1.119709e+03
6908	-1.142485e+03
6909	-1.133055e+03
6910	-1.133483e+03
6911	-1.109192e+03
6912	-1.128653e+03
6913	-1.131411e+03
6914	-1.123399e+03
6915	-1.128988e+03
6916	-1.128985e+03
6917	-1.117578e+03
6918	-1.141903e+03
6919	-1.139682e+03
6920	-1.135246e+03
6921	-1.119807e+03
6922	-1.140965e+03
6923	-1.131299e+03
6924	-1.131086e+03
6925	-1.117752e+03
6926	-1.131787e+03
6927	-1.127310e+03
6928	-1.115891e+03
6929	-1.144120e+03
6930	-1.134923e+03
6931	-1.138567e+03
6932	-1.139083e+03
6933	-1.129209e+03
6934	-1.127244e+03
6935	-1.126089e+03
6936	-1.136221e+03
6937	-1.122441e+03
6938	-1.119402e+03
6939	-1.128024e+03
6940	-1.109774e+03
6941	-1.145713e+03
6942	-1.149624e+03
6943	-1.124417e+03
6944	-1.133740e+03
6945	-1.116834e+03
6946	-1.127787e+03
6947	-1.144231e+03
6948	-1.135315e+03
6949	-1.137498e+03
6950	-1.140495e+03
6951	-1.138065e+03
6952	-1.127120e+03
6953	-1.120842e+03
6954	-1.149149e+03
6955	-1.118033e+03
6956	-1.129025e+03
6957	-1.112981e+03
6958	-1.141659e+03
6959	-1.115677e+03
6960	-1.144397e+03
6961	-1.126467e+03
6962	-1.131311e+03
6963	-1.123158e+03
6964	-1.130466e+03
6965	-1.134823e+03
6966	-1.114554e+03
6967	-1.140890e+03
6968	-1.133055e+03
6969	-1.129446e+03
6970	-1.131835e+03
6971	-1.128426e+03
6972	-1.126148e+03
6973	-1.122039e+03
6974	-1.142619e+03
6975	-1.118157e+03
6976	-1.124851e+03
6977	-1.150288e+03
6978	-1.152396e+03
6979	-1.122060e+03
6980	-1.132937e+03
6981	-1.129423e+03
6982	-1.142779e+03
6983	-1.130217e+03
6984	-1.118486e+03
6985	-1.140982e+03
6986	-1.132478e+03
6987	-1.122483e+03
6988	-1.115256e+03
6989	-1.125306e+03
6990	-1.130522e+03
6991	-1.142069e+03
6992	-1.132952e+03
6993	-1.127166e+03
6994	-1.143710e+03
6995	-1.149821e+03
6996	-1.135931e+03
6997	-1.137867e+03
6998	-1.148897e+03
6999	-1.130013e+03
7000	-1.117755e+03
7001	-1.122960e+03
7002	-1.116158e+03
7003	-1.137128e+03
7004	-1.135227e+03
7005	-1.123914e+03
7006	-1.124059e+03
7007	-1.121011e+03
7008	-1.127404e+03
7009	-1.120423e+03
7010	-1.113640e+03
7011	-1.145496e+03
7012	-1.120358e+03
7013	-1.136745e+03
7014	-1.107684e+03
7015	-1.118501e+03
7016	-1.120057e+03
7017	-1.135815e+03
7018	-1.129499e+03
7019	-1.143025e+03
7020	-1.146123e+03
7021	-1.127179e+03
7022	-1.107503e+03
7023	-1.122177e+03
7024	-1.134260e+03
7025	-1.117220e+03
7026	-1.146479e+03
7027	-1.100625e+03
7028	-1.126902e+03
7029	-1.141828e+03
7030	-1.131368e+03
7031	-1.137173e+03
7032	-1.124602e+03
7033	-1.155336e+03
7034	-1.139461e+03
7035	-1.134766e+03
7036	-1.151300e+03
7037	-1.136647e+03
7038	-1.132330e+03
7039	-1.145176e+03
7040	-1.131829e+03
7041	-1.126390e+03
7042	-1.131142e+03
7043	-1.140069e+03
7044	-1.132037e+03
7045	-1.137175e+03
7046	-1.156879e+03
7047	-1.123833e+03
7048	-1.146600e+03
7049	-1.131709e+03
7050	-1.133054e+03
7051	-1.112761e+03
7052	-1.126205e+03
7053	-1.129895e+03
7054	-1.124873e+03
7055	-1.129572e+03
7056	-1.144532e+03
7057	-1.149668e+03
7058	-1.130116e+03
7059	-1.115033e+03
7060	-1.139813e+03
7061	-1.125270e+03
7062	-1.139748e+03
7063	-1.110362e+03
7064	-1.125050e+03
7065	-1.138721e+03
7066	-1.127721e+03
7067	-1.131895e+03
7068	-1.133140e+03
7069	-1.115782e+03
7070	-1.150583e+03
7071	-1.148161e+03
7072	-1.125617e+03
7073	-1.127714e+03
7074	-1.114668e+03
7075	-1.133427e+03
7076	-1.135047e+03
7077	-1.126992e+03
7078	-1.133413e+03
7079	-1.131780e+03
7080	-1.127905e+03
7081	-1.124215e+03
7082	-1.119114e+03
7083	-1.130538e+03
7084	-1.126885e+03
7085	-1.133540e+03
7086	-1.138080e+03
7087	-1.141749e+03
7088	-1.131609e+03
7089	-1.127419e+03
7090	-1.140966e+03
7091	-1.134398e+03
7092	-1.125190e+03
7093	-1.118616e+03
7094	-1.132315e+03
7095	-1.098857e+03
7096	-1.121025e+03
7097	-1.104279e+03
7098	-1.124531e+03
7099	-1.130400e+03
7100	-1.135997e+03
7101	-1.128312e+03
7102	-1.116149e+03
7103	-1.125501e+03
7104	-1.126119e+03
7105	-1.149876e+03
7106	-1.123332e+03
7107	-1.121764e+03
7108	-1.143516e+03
7109	-1.122073e+03
7110	-1.111477e+03
7111	-1.147771e+03
7112	-1.143761e+03
7113	-1.147311e+03
7114	-1.109657e+03
7115	-1.120858e+03
7116	-1.128836e+03
7117	-1.135055e+03
7118	-1.129526e+03
7119	-1.112537e+03
7120	-1.127178e+03
7121	-1.143140e+03
7122	-1.139318e+03
7123	-1.107859e+03
7124	-1.141639e+03
7125	-1.164856e+03
7126	-1.127712e+03
7127	-1.129182e+03
7128	-1.134636e+03
7129	-1.136526e+03
7130	-1.145328e+03
7131	-1.153380e+03
7132	-1.126968e+03
7133	-1.125488e+03
7134	-1.140383e+03
7135	-1.127015e+03
7136	-1.127609e+03
7137	-1.138762e+03
7138	-1.113350e+03
7139	-1.135601e+03
7140	-1.121554e+03
7141	-1.142181e+03
7142	-1.106593e+03
7143	-1.130767e+03
7144	-1.129248e+03
7145	-1.137853e+03
7146	-1.116302e+03
7147	-1.123277e+03
7148	-1.122455e+03
7149	-1.115304e+03
7150	-1.139516e+03
7151	-1.110679e+03
7152	-1.114552e+03
7153	-1.138014e+03
7154	-1.137664e+03
7155	-1.141286e+03
7156	-1.121223e+03
7157	-1.133971e+03
7158	-1.117552e+03
7159	-1.127326e+03
7160	-1.110969e+03
7161	-1.129844e+03
7162	-1.130282e+03
7163	-1.127276e+03
7164	-1.147787e+03
7165	-1.145706e+03
7166	-1.134107e+03
7167	-1.131154e+03
7168	-1.114553e+03
7169	-1.139059e+03
7170	-1.123154e+03
7171	-1.130171e+03
7172	-1.121934e+03
7173	-1.128311e+03
7174	-1.127218e+03
7175	-1.145057e+03
7176	-1.145409e+03
7177	-1.126677e+03
7178	-1.119941e+03
7179	-1.134784e+03
7180	-1.142194e+03
7181	-1.125859e+03
7182	-1.122477e+03
7183	-1.131284e+03
7184	-1.136711e+03
7185	-1.132206e+03
7186	-1.124059e+03
7187	-1.135656e+03
7188	-1.142628e+03
7189	-1.130622e+03
7190	-1.125737e+03
7191	-1.122743e+03
7192	-1.143125e+03
7193	-1.136514e+03
7194	-1.132922e+03
7195	-1.117722e+03
7196	-1.120507e+03
7197	-1.139987e+03
7198	-1.127199e+03
7199	-1.127271e+03
7200	-1.118529e+03
7201	-1.123756e+03
7202	-1.126503e+03
7203	-1.128270e+03
7204	-1.131633e+03
7205	-1.138596e+03
7206	-1.118186e+03
7207	-1.140068e+03
7208	-1.136353e+03
7209	-1.130177e+03
7210	-1.121770e+03
7211	-1.116419e+03
7212	-1.134400e+03
7213	-1.119518e+03
7214	-1.139229e+03
7215	-1.138186e+03
7216	-1.110745e+03
7217	-1.129252e+03
7218	-1.148245e+03
7219	-1.128205e+03
7220	-1.126049e+03
7221	-1.130758e+03
7222	-1.137341e+03
7223	-1.119471e+03
7224	-1.123554e+03
7225	-1.134818e+03
7226	-1.117936e+03
7227	-1.128084e+03
7228	-1.124280e+03
7229	-1.138017e+03
7230	-1.147365e+03
7231	-1.138925e+03
7232	-1.137877e+03
7233	-1.146998e+03
7234	-1.132623e+03
7235	-1.123744e+03
7236	-1.150053e+03
7237	-1.122218e+03
7238	-1.117117e+03
7239	-1.108347e+03
7240	-1.134600e+03
7241	-1.126103e+03
7242	-1.113055e+03
7243	-1.109776e+03
7244	-1.098151e+03
7245	-1.130453e+03
7246	-1.110042e+03
7247	-1.140164e+03
7248	-1.129422e+03
7249	-1.134711e+03
7250	-1.109158e+03
7251	-1.125441e+03
7252	-1.140362e+03
7253	-1.135640e+03
7254	-1.126729e+03
7255	-1.135643e+03
7256	-1.109997e+03
7257	-1.131597e+03
7258	-1.155046e+03
7259	-1.117321e+03
7260	-1.124500e+03
7261	-1.125682e+03
7262	-1.137865e+03
7263	-1.133458e+03
7264	-1.119098e+03
7265	-1.121173e+03
7266	-1.108014e+03
7267	-1.118284e+03
7268	-1.131545e+03
7269	-1.133188e+03
7270	-1.136888e+03
7271	-1.118724e+03
7272	-1.123293e+03
7273	-1.143099e+03
7274	-1.118894e+03
7275	-1.113619e+03
7276	-1.134844e+03
7277	-1.128638e+03
7278	-1.132391e+03
7279	-1.117172e+03
7280	-1.117037e+03
7281	-1.124737e+03
7282	-1.121737e+03
7283	-1.143054e+03
7284	-1.136714e+03
7285	-1.111399e+03
7286	-1.124424e+03
7287	-1.145579e+03
7288	-1.108349e+03
7289	-1.126332e+03
7290	-1.122714e+03
7291	-1.122526e+03
7292	-1.129397e+03
7293	-1.121007e+03
7294	-1.137096e+03
7295	-1.133610e+03
7296	-1.120417e+03
7297	-1.126664e+03
7298	-1.145166e+03
7299	-1.119558e+03
7300	-1.152504e+03
7301	-1.128428e+03
7302	-1.131748e+03
7303	-1.151306e+03
7304	-1.131696e+03
7305	-1.118210e+03
7306	-1.122455e+03
7307	-1.138657e+03
7308	-1.125890e+03
7309	-1.136400e+03
7310	-1.116563e+03
7311	-1.126404e+03
7312	-1.123263e+03
7313	-1.125717e+03
7314	-1.139000e+03
7315	-1.119615e+03
7316	-1.134812e+03
7317	-1.144894e+03
7318	-1.131397e+03
7319	-1.099710e+03
7320	-1.152859e+03
7321	-1.128496e+03
7322	-1.138558e+03
7323	-1.138441e+03
7324	-1.130149e+03
7325	-1.150878e+03
7326	-1.112889e+03
7327	-1.123459e+03
7328	-1.125168e+03
7329	-1.125062e+03
7330	-1.130744e+03
7331	-1.152386e+03
7332	-1.126191e+03
7333	-1.112451e+03
7334	-1.142257e+03
7335	-1.136703e+03
7336	-1.137688e+03
7337	-1.116389e+03
7338	-1.116411e+03
7339	-1.126886e+03
7340	-1.140774e+03
7341	-1.130260e+03
7342	-1.126933e+03
7343	-1.139957e+03
7344	-1.145198e+03
7345	-1.126940e+03
7346	-1.121433e+03
7347	-1.129587e+03
7348	-1.106482e+03
7349	-1.154105e+03
7350	-1.142722e+03
7351	-1.126784e+03
7352	-1.122788e+03
7353	-1.114638e+03
7354	-1.143546e+03
7355	-1.132927e+03
7356	-1.142278e+03
7357	-1.135566e+03
7358	-1.131654e+03
7359	-1.128289e+03
7360	-1.125668e+03
7361	-1.118549e+03
7362	-1.107740e+03
7363	-1.136131e+03
7364	-1.125936e+03
7365	-1.148394e+03
7366	-1.149640e+03
7367	-1.135968e+03
7368	-1.146791e+03
7369	-1.120614e+03
7370	-1.104078e+03
7371	-1.135449e+03
7372	-1.129158e+03
7373	-1.116440e+03
7374	-1.121514e+03
7375	-1.138617e+03
7376	-1.127661e+03
7377	-1.115553e+03
7378	-1.124370e+03
7379	-1.133329e+03
7380	-1.134033e+03
7381	-1.140616e+03
7382	-1.113780e+03
7383	-1.133796e+03
7384	-1.151876e+03
7385	-1.131707e+03
7386	-1.138360e+03
7387	-1.121372e+03
7388	-1.121553e+03
7389	-1.136846e+03
7390	-1.127294e+03
7391	-1.134528e+03
7392	-1.137254e+03
7393	-1.106419e+03
7394	-1.106901e+03
7395	-1.139602e+03
7396	-1.126600e+03
7397	-1.132928e+03
7398	-1.137773e+03
7399	-1.133629e+03
7400	-1.120637e+03
7401	-1.124491e+03
7402	-1.129015e+03
7403	-1.117768e+03
7404	-1.143042e+03
7405	-1.123918e+03
7406	-1.130817e+03
7407	-1.128305e+03
7408	-1.122935e+03
7409	-1.143395e+03
7410	-1.115133e+03
7411	-1.133226e+03
7412	-1.128968e+03
7413	-1.124019e+03
7414	-1.114415e+03
7415	-1.114956e+03
7416	-1.142487e+03
7417	-1.141150e+03
7418	-1.143141e+03
7419	-1.133663e+03
7420	-1.147014e+03
7421	-1.131213e+03
7422	-1.132011e+03
7423	-1.132166e+03
7424	-1.126017e+03
7425	-1.118102e+03
7426	-1.133484e+03
7427	-1.122895e+03
7428	-1.126797e+03
7429	-1.117057e+03
7430	-1.143675e+03
7431	-1.134871e+03
7432	-1.121064e+03
7433	-1.133775e+03
7434	-1.130710e+03
7435	-1.120789e+03
7436	-1.150536e+03
7437	-1.111629e+03
7438	-1.117350e+03
7439	-1.137061e+03
7440	-1.129872e+03
7441	-1.144838e+03
7442	-1.129611e+03
7443	-1.112803e+03
7444	-1.140071e+03
7445	-1.112081e+03
7446	-1.121001e+03
7447	-1.128191e+03
7448	-1.123106e+03
7449	-1.130148e+03
7450	-1.128846e+03
7451	-1.139028e+03
7452	-1.117227e+03
7453	-1.138378e+03
7454	-1.117149e+03
7455	-1.132683e+03
7456	-1.129791e+03
7457	-1.113189e+03
7458	-1.152614e+03
7459	-1.122148e+03
7460	-1.137709e+03
7461	-1.132173e+03
7462	-1.120637e+03
7463	-1.136637e+03
7464	-1.135145e+03
7465	-1.145751e+03
7466	-1.115181e+03
7467	-1.136626e+03
7468	-1.124889e+03
7469	-1.132114e+03
7470	-1.142316e+03
7471	-1.135599e+03
7472	-1.130894e+03
7473	-1.128649e+03
7474	-1.128623e+03
7475	-1.111392e+03
7476	-1.109105e+03
7477	-1.132991e+03
7478	-1.126433e+03
7479	-1.137683e+03
7480	-1.127301e+03
7481	-1.094933e+03
7482	-1.099836e+03
7483	-1.135671e+03
7484	-1.122484e+03
7485	-1.125926e+03
7486	-1.125311e+03
7487	-1.133598e+03
7488	-1.118898e+03
7489	-1.129017e+03
7490	-1.131043e+03
7491	-1.116815e+03
7492	-1.142316e+03
7493	-1.142725e+03
7494	-1.135120e+03
7495	-1.144238e+03
7496	-1.143925e+03
7497	-1.141134e+03
7498	-1.132134e+03
7499	-1.148804e+03
7500	-1.124083e+03
7501	-1.118046e+03
7502	-1.135855e+03
7503	-1.129550e+03
7504	-1.123981e+03
7505	-1.145296e+03
7506	-1.117072e+03
7507	-1.125475e+03
7508	-1.122910e+03
7509	-1.151243e+03
7510	-1.137909e+03
7511	-1.110105e+03
7512	-1.120113e+03
7513	-1.124606e+03
7514	-1.124371e+03
7515	-1.139240e+03
7516	-1.125998e+03
7517	-1.143630e+03
7518	-1.128567e+03
7519	-1.132313e+03
7520	-1.127319e+03
7521	-1.149573e+03
7522	-1.132398e+03
7523	-1.118139e+03
7524	-1.145425e+03
7525	-1.117881e+03
7526	-1.150748e+03
7527	-1.115807e+03
7528	-1.136892e+03
7529	-1.133111e+03
7530	-1.140333e+03
7531	-1.130653e+03
7532	-1.113939e+03
7533	-1.111909e+03
7534	-1.138304e+03
7535	-1.123307e+03
7536	-1.115735e+03
7537	-1.126766e+03
7538	-1.116486e+03
7539	-1.145762e+03
7540	-1.118786e+03
7541	-1.120448e+03
7542	-1.134529e+03
7543	-1.132374e+03
7544	-1.133283e+03
7545	-1.123518e+03
7546	-1.128989e+03
7547	-1.126497e+03
7548	-1.121220e+03
7549	-1.147768e+03
7550	-1.112248e+03
7551	-1.141860e+03
7552	-1.146698e+03
7553	-1.147028e+03
7554	-1.126690e+03
7555	-1.137123e+03
7556	-1.117672e+03
7557	-1.124383e+03
7558	-1.107746e+03
7559	-1.100007e+03
7560	-1.130325e+03
7561	-1.101014e+03
7562	-1.124980e+03
7563	-1.131373e+03
7564	-1.127281e+03
7565	-1.140234e+03
7566	-1.138501e+03
7567	-1.143887e+03
7568	-1.137346e+03
7569	-1.129637e+03
7570	-1.133457e+03
7571	-1.116720e+03
7572	-1.117306e+03
7573	-1.113314e+03
7574	-1.143869e+03
7575	-1.137156e+03
7576	-1.124322e+03
7577	-1.138394e+03
7578	-1.144125e+03
7579	-1.142590e+03
7580	-1.130817e+03
7581	-1.127643e+03
7582	-1.121229e+03
7583	-1.149038e+03
7584	-1.122944e+03
7585	-1.136832e+03
7586	-1.130421e+03
7587	-1.153457e+03
7588	-1.130235e+03
7589	-1.120555e+03
7590	-1.141630e+03
7591	-1.131683e+03
7592	-1.147441e+03
7593	-1.132837e+03
7594	-1.119767e+03
7595	-1.140524e+03
7596	-1.118095e+03
7597	-1.133265e+03
7598	-1.140476e+03
7599	-1.134878e+03
7600	-1.120086e+03
7601	-1.128119e+03
7602	-1.130709e+03
7603	-1.122060e+03
7604	-1.128274e+03
7605	-1.134241e+03
7606	-1.142516e+03
7607	-1.134505e+03
7608	-1.133415e+03
7609	-1.134173e+03
7610	-1.131836e+03
7611	-1.121820e+03
7612	-1.131208e+03
7613	-1.126487e+03
7614	-1.129423e+03
7615	-1.116657e+03
7616	-1.137583e+03
7617	-1.128078e+03
7618	-1.128987e+03
7619	-1.138211e+03
7620	-1.129212e+03
7621	-1.115542e+03
7622	-1.132785e+03
7623	-1.132515e+03
7624	-1.114852e+03
7625	-1.127933e+03
7626	-1.135206e+03
7627	-1.133083e+03
7628	-1.154142e+03
7629	-1.120824e+03
7630	-1.119439e+03
7631	-1.126831e+03
7632	-1.142844e+03
7633	-1.147878e+03
7634	-1.122946e+03
7635	-1.120343e+03
7636	-1.109954e+03
7637	-1.157784e+03
7638	-1.141971e+03
7639	-1.135552e+03
7640	-1.119593e+03
7641	-1.126752e+03
7642	-1.146336e+03
7643	-1.140435e+03
7644	-1.137063e+03
7645	-1.133088e+03
7646	-1.104411e+03
7647	-1.149529e+03
7648	-1.138903e+03
7649	-1.132335e+03
7650	-1.136472e+03
7651	-1.122866e+03
7652	-1.107314e+03
7653	-1.121781e+03
7654	-1.132013e+03
7655	-1.134053e+03
7656	-1.154509e+03
7657	-1.119063e+03
7658	-1.122160e+03
7659	-1.141592e+03
7660	-1.127128e+03
7661	-1.127307e+03
7662	-1.118725e+03
7663	-1.109210e+03
7664	-1.119050e+03
7665	-1.118973e+03
7666	-1.137805e+03
7667	-1.132916e+03
7668	-1.128329e+03
7669	-1.134743e+03
7670	-1.138430e+03
7671	-1.136342e+03
7672	-1.117053e+03
7673	-1.119472e+03
7674	-1.117547e+03
7675	-1.118158e+03
7676	-1.114219e+03
7677	-1.119820e+03
7678	-1.127733e+03
7679	-1.122556e+03
7680	-1.147211e+03
7681	-1.135086e+03
7682	-1.137655e+03
7683	-1.135094e+03
7684	-1.121474e+03
7685	-1.123801e+03
7686	-1.131665e+03
7687	-1.123607e+03
7688	-1.115939e+03
7689	-1.136642e+03
7690	-1.118573e+03
7691	-1.127710e+03
7692	-1.126313e+03
7693	-1.149219e+03
7694	-1.126414e+03
7695	-1.147465e+03
7696	-1.106771e+03
7697	-1.098630e+03
7698	-1.116242e+03
7699	-1.124002e+03
7700	-1.128396e+03
7701	-1.137391e+03
7702	-1.111590e+03
7703	-1.142748e+03
7704	-1.126072e+03
7705	-1.153951e+03
7706	-1.129874e+03
7707	-1.122257e+03
7708	-1.130862e+03
7709	-1.145690e+03
7710	-1.126539e+03
7711	-1.127534e+03
7712	-1.131859e+03
7713	-1.126617e+03
7714	-1.130898e+03
7715	-1.141382e+03
7716	-1.134955e+03
7717	-1.127116e+03
7718	-1.116218e+03
7719	-1.134020e+03
7720	-1.136945e+03
7721	-1.110684e+03
7722	-1.121174e+03
7723	-1.117535e+03
7724	-1.126487e+03
7725	-1.117262e+03
7726	-1.132112e+03
7727	-1.132848e+03
7728	-1.136583e+03
7729	-1.133606e+03
7730	-1.118853e+03
7731	-1.118792e+03
7732	-1.140100e+03
7733	-1.123450e+03
7734	-1.126199e+03
7735	-1.140119e+03
7736	-1.111787e+03
7737	-1.136021e+03
7738	-1.131629e+03
7739	-1.135553e+03
7740	-1.112227e+03
7741	-1.143106e+03
7742	-1.129397e+03
7743	-1.115512e+03
7744	-1.144051e+03
7745	-1.119860e+03
7746	-1.122302e+03
7747	-1.118131e+03
7748	-1.119944e+03
7749	-1.130478e+03
7750	-1.130388e+03
7751	-1.122330e+03
7752	-1.126051e+03
7753	-1.114019e+03
7754	-1.126417e+03
7755	-1.140248e+03
7756	-1.136223e+03
7757	-1.101106e+03
7758	-1.126571e+03
7759	-1.129506e+03
7760	-1.114298e+03
7761	-1.132542e+03
7762	-1.162756e+03
7763	-1.137982e+03
7764	-1.132827e+03
7765	-1.111450e+03
7766	-1.136604e+03
7767	-1.142101e+03
7768	-1.138449e+03
7769	-1.122168e+03
7770	-1.142439e+03
7771	-1.117806e+03
7772	-1.123538e+03
7773	-1.115094e+03
7774	-1.131001e+03
7775	-1.136953e+03
7776	-1.145351e+03
7777	-1.132582e+03
7778	-1.128866e+03
7779	-1.133481e+03
7780	-1.150671e+03
7781	-1.115666e+03
7782	-1.114118e+03
7783	-1.111527e+03
7784	-1.135420e+03
7785	-1.111924e+03
7786	-1.124171e+03
7787	-1.138781e+03
7788	-1.123362e+03
7789	-1.106713e+03
7790	-1.139091e+03
7791	-1.128837e+03
7792	-1.093209e+03
7793	-1.112385e+03
7794	-1.129867e+03
7795	-1.129241e+03
7796	-1.151494e+03
7797	-1.126650e+03
7798	-1.130210e+03
7799	-1.116523e+03
7800	-1.119947e+03
7801	-1.124754e+03
7802	-1.137756e+03
7803	-1.101525e+03
7804	-1.137729e+03
7805	-1.123814e+03
7806	-1.129656e+03
7807	-1.125166e+03
7808	-1.126007e+03
7809	-1.151883e+03
7810	-1.109189e+03
7811	-1.154130e+03
7812	-1.140579e+03
7813	-1.126498e+03
7814	-1.132223e+03
7815	-1.139270e+03
7816	-1.124711e+03
7817	-1.139533e+03
7818	-1.134650e+03
7819	-1.133007e+03
7820	-1.110017e+03
7821	-1.129662e+03
7822	-1.130607e+03
7823	-1.123546e+03
7824	-1.112260e+03
7825	-1.125016e+03
7826	-1.130191e+03
7827	-1.124662e+03
7828	-1.139378e+03
7829	-1.125218e+03
7830	-1.140182e+03
7831	-1.126477e+03
7832	-1.152348e+03
7833	-1.119157e+03
7834	-1.139503e+03
7835	-1.158281e+03
7836	-1.135030e+03
7837	-1.130262e+03
7838	-1.134354e+03
7839	-1.137502e+03
7840	-1.146424e+03
7841	-1.128347e+03
7842	-1.120697e+03
7843	-1.151404e+03
7844	-1.132431e+03
7845	-1.140185e+03
7846	-1.135158e+03
7847	-1.133318e+03
7848	-1.116773e+03
7849	-1.131528e+03
7850	-1.149354e+03
7851	-1.130779e+03
7852	-1.136217e+03
7853	-1.142363e+03
7854	-1.120438e+03
7855	-1.124804e+03
7856	-1.126946e+03
7857	-1.127635e+03
7858	-1.117302e+03
7859	-1.139200e+03
7860	-1.142321e+03
7861	-1.138073e+03
7862	-1.128146e+03
7863	-1.128444e+03
7864	-1.115487e+03
7865	-1.132352e+03
7866	-1.136089e+03
7867	-1.140950e+03
7868	-1.099837e+03
7869	-1.140093e+03
7870	-1.125704e+03
7871	-1.128244e+03
7872	-1.147570e+03
7873	-1.126958e+03
7874	-1.136961e+03
7875	-1.131369e+03
7876	-1.135144e+03
7877	-1.128384e+03
7878	-1.142760e+03
7879	-1.124858e+03
7880	-1.149151e+03
7881	-1.117183e+03
7882	-1.107464e+03
7883	-1.139668e+03
7884	-1.132400e+03
7885	-1.135527e+03
7886	-1.131864e+03
7887	-1.131834e+03
7888	-1.133147e+03
7889	-1.142740e+03
7890	-1.108308e+03
7891	-1.116516e+03
7892	-1.123405e+03
7893	-1.137463e+03
7894	-1.125458e+03
7895	-1.136098e+03
7896	-1.118429e+03
7897	-1.121130e+03
7898	-1.123049e+03
7899	-1.132987e+03
7900	-1.127732e+03
7901	-1.121287e+03
7902	-1.134449e+03
7903	-1.127175e+03
7904	-1.127695e+03
7905	-1.137287e+03
7906	-1.146862e+03
7907	-1.149877e+03
7908	-1.129110e+03
7909	-1.120688e+03
7910	-1.135482e+03
7911	-1.125064e+03
7912	-1.136528e+03
7913	-1.138041e+03
7914	-1.145990e+03
7915	-1.139996e+03
7916	-1.127366e+03
7917	-1.129792e+03
7918	-1.133940e+03
7919	-1.140910e+03
7920	-1.137650e+03
7921	-1.134203e+03
7922	-1.157121e+03
7923	-1.133916e+03
7924	-1.111761e+03
7925	-1.116814e+03
7926	-1.106662e+03
7927	-1.140679e+03
7928	-1.115350e+03
7929	-1.142944e+03
7930	-1.117420e+03
7931	-1.134976e+03
7932	-1.129103e+03
7933	-1.140839e+03
7934	-1.133202e+03
7935	-1.133983e+03
7936	-1.136599e+03
7937	-1.110710e+03
7938	-1.141933e+03
7939	-1.133171e+03
7940	-1.121390e+03
7941	-1.116455e+03
7942	-1.131236e+03
7943	-1.111299e+03
7944	-1.106616e+03
7945	-1.124181e+03
7946	-1.142324e+03
7947	-1.121829e+03
7948	-1.143041e+03
7949	-1.118490e+03
7950	-1.137094e+03
7951	-1.106729e+03
7952	-1.138926e+03
7953	-1.159314e+03
7954	-1.114087e+03
7955	-1.126756e+03
7956	-1.126721e+03
7957	-1.128798e+03
7958	-1.139276e+03
7959	-1.132263e+03
7960	-1.112882e+03
7961	-1.118664e+03
7962	-1.142226e+03
7963	-1.114966e+03
7964	-1.137020e+03
7965	-1.120976e+03
7966	-1.130177e+03
7967	-1.120245e+03
7968	-1.120075e+03
7969	-1.136035e+03
7970	-1.125473e+03
7971	-1.143668e+03
7972	-1.122033e+03
7973	-1.128360e+03
7974	-1.121058e+03
7975	-1.127389e+03
7976	-1.128021e+03
7977	-1.128014e+03
7978	-1.106724e+03
7979	-1.135604e+03
7980	-1.144268e+03
7981	-1.129670e+03
7982	-1.131976e+03
7983	-1.117550e+03
7984	-1.133071e+03
7985	-1.143650e+03
7986	-1.125506e+03
7987	-1.127761e+03
7988	-1.129464e+03
7989	-1.113999e+03
7990	-1.134485e+03
7991	-1.127429e+03
7992	-1.111949e+03
7993	-1.135995e+03
7994	-1.109841e+03
7995	-1.151992e+03
7996	-1.124068e+03
7997	-1.132012e+03
7998	-1.149427e+03
7999	-1.104026e+03
8000	-1.134390e+03
8001	-1.133314e+03
8002	-1.133966e+03
8003	-1.118781e+03
8004	-1.126214e+03
8005	-1.125261e+03
8006	-1.129446e+03
8007	-1.137758e+03
8008	-1.148708e+03
8009	-1.141435e+03
8010	-1.130537e+03
8011	-1.138362e+03
8012	-1.142681e+03
8013	-1.129786e+03
8014	-1.119257e+03
8015	-1.128607e+03
8016	-1.133893e+03
8017	-1.131940e+03
8018	-1.118394e+03
8019	-1.130352e+03
8020	-1.107581e+03
8021	-1.113065e+03
8022	-1.126415e+03
8023	-1.124789e+03
8024	-1.118432e+03
8025	-1.136133e+03
8026	-1.123732e+03
8027	-1.135514e+03
8028	-1.136837e+03
8029	-1.128825e+03
8030	-1.124430e+03
8031	-1.116151e+03
8032	-1.138738e+03
8033	-1.145986e+03
8034	-1.116172e+03
8035	-1.131007e+03
8036	-1.116725e+03
8037	-1.140339e+03
8038	-1.131617e+03
8039	-1.136954e+03
8040	-1.147565e+03
8041	-1.135098e+03
8042	-1.135816e+03
8043	-1.140112e+03
8044	-1.127617e+03
8045	-1.124770e+03
8046	-1.127437e+03
8047	-1.141125e+03
8048	-1.127506e+03
8049	-1.131922e+03
8050	-1.104500e+03
8051	-1.127886e+03
8052	-1.120982e+03
8053	-1.137906e+03
8054	-1.130781e+03
8055	-1.135122e+03
8056	-1.123538e+03
8057	-1.129050e+03
8058	-1.129430e+03
8059	-1.128164e+03
8060	-1.137995e+03
8061	-1.141600e+03
8062	-1.138046e+03
8063	-1.127201e+03
8064	-1.132101e+03
8065	-1.147089e+03
8066	-1.130954e+03
8067	-1.120940e+03
8068	-1.104349e+03
8069	-1.139065e+03
8070	-1.127274e+03
8071	-1.135584e+03
8072	-1.112782e+03
8073	-1.126248e+03
8074	-1.152510e+03
8075	-1.118495e+03
8076	-1.141578e+03
8077	-1.167552e+03
8078	-1.122980e+03
8079	-1.138251e+03
8080	-1.131272e+03
8081	-1.130412e+03
8082	-1.124610e+03
8083	-1.104945e+03
8084	-1.128602e+03
8085	-1.133875e+03
8086	-1.136296e+03
8087	-1.116174e+03
8088	-1.135335e+03
8089	-1.143082e+03
8090	-1.132474e+03
8091	-1.120510e+03
8092	-1.132271e+03
8093	-1.125487e+03
8094	-1.126513e+03
8095	-1.121464e+03
8096	-1.124232e+03
8097	-1.157199e+03
8098	-1.111771e+03
8099	-1.132756e+03
8100	-1.151765e+03
8101	-1.122907e+03
8102	-1.133774e+03
8103	-1.146108e+03
8104	-1.133323e+03
8105	-1.104492e+03
8106	-1.139864e+03
8107	-1.141290e+03
8108	-1.116668e+03
8109	-1.145249e+03
8110	-1.115041e+03
8111	-1.145754e+03
8112	-1.126357e+03
8113	-1.129563e+03
8114	-1.111884e+03
8115	-1.137900e+03
8116	-1.138612e+03
8117	-1.120196e+03
8118	-1.122844e+03
8119	-1.137419e+03
8120	-1.125925e+03
8121	-1.124432e+03
8122	-1.107938e+03
8123	-1.129757e+03
8124	-1.131065e+03
8125	-1.119904e+03
8126	-1.119793e+03
8127	-1.129725e+03
8128	-1.122386e+03
8129	-1.136729e+03
8130	-1.143303e+03
8131	-1.121645e+03
8132	-1.134455e+03
8133	-1.126656e+03
8134	-1.127389e+03
8135	-1.130747e+03
8136	-1.113952e+03
8137	-1.116046e+03
8138	-1.127180e+03
8139	-1.128955e+03
8140	-1.136766e+03
8141	-1.127737e+03
8142	-1.141387e+03
8143	-1.120115e+03
8144	-1.130345e+03
8145	-1.118603e+03
8146	-1.136016e+03
8147	-1.126113e+03
8148	-1.126929e+03
8149	-1.139072e+03
8150	-1.117552e+03
8151	-1.135198e+03
8152	-1.125685e+03
8153	-1.117318e+03
8154	-1.127715e+03
8155	-1.137495e+03
8156	-1.143408e+03
8157	-1.106397e+03
8158	-1.144943e+03
8159	-1.126375e+03
8160	-1.146707e+03
8161	-1.138494e+03
8162	-1.126877e+03
8163	-1.114240e+03
8164	-1.119524e+03
8165	-1.120419e+03
8166	-1.124808e+03
8167	-1.114839e+03
8168	-1.121749e+03
8169	-1.128876e+03
8170	-1.133851e+03
8171	-1.134233e+03
8172	-1.125083e+03
8173	-1.125449e+03
8174	-1.115623e+03
8175	-1.121790e+03
8176	-1.127267e+03
8177	-1.124689e+03
8178	-1.128789e+03
8179	-1.144410e+03
8180	-1.129480e+03
8181	-1.124632e+03
8182	-1.142430e+03
8183	-1.115788e+03
8184	-1.158534e+03
8185	-1.139049e+03
8186	-1.126731e+03
8187	-1.117920e+03
8188	-1.126573e+03
8189	-1.136206e+03
8190	-1.136733e+03
8191	-1.124461e+03
8192	-1.135950e+03
8193	-1.127508e+03
8194	-1.112734e+03
8195	-1.156896e+03
8196	-1.153181e+03
8197	-1.133901e+03
8198	-1.142063e+03
8199	-1.136027e+03
8200	-1.128215e+03
8201	-1.130526e+03
8202	-1.135497e+03
8203	-1.128070e+03
8204	-1.132322e+03
8205	-1.122872e+03
8206	-1.139858e+03
8207	-1.128948e+03
8208	-1.124934e+03
8209	-1.150708e+03
8210	-1.112716e+03
8211	-1.133701e+03
8212	-1.147633e+03
8213	-1.119753e+03
8214	-1.132733e+03
8215	-1.129097e+03
8216	-1.112718e+03
8217	-1.129209e+03
8218	-1.131276e+03
8219	-1.139037e+03
8220	-1.129872e+03
8221	-1.138309e+03
8222	-1.130244e+03
8223	-1.131124e+03
8224	-1.128158e+03
8225	-1.127980e+03
8226	-1.111223e+03
8227	-1.140431e+03
8228	-1.114234e+03
8229	-1.126902e+03
8230	-1.119678e+03
8231	-1.130829e+03
8232	-1.108505e+03
8233	-1.131655e+03
8234	-1.144689e+03
8235	-1.127869e+03
8236	-1.117315e+03
8237	-1.119383e+03
8238	-1.134761e+03
8239	-1.144476e+03
8240	-1.142461e+03
8241	-1.138101e+03
8242	-1.124366e+03
8243	-1.124109e+03
8244	-1.132031e+03
8245	-1.134951e+03
8246	-1.135547e+03
8247	-1.135185e+03
8248	-1.128435e+03
8249	-1.120484e+03
8250	-1.113487e+03
8251	-1.130900e+03
8252	-1.132382e+03
8253	-1.131068e+03
8254	-1.131095e+03
8255	-1.118474e+03
8256	-1.116150e+03
8257	-1.139747e+03
8258	-1.130581e+03
8259	-1.120887e+03
8260	-1.121511e+03
8261	-1.102097e+03
8262	-1.145798e+03
8263	-1.106436e+03
8264	-1.140034e+03
8265	-1.133414e+03
8266	-1.129899e+03
8267	-1.122059e+03
8268	-1.147633e+03
8269	-1.132692e+03
8270	-1.122079e+03
8271	-1.120276e+03
8272	-1.118116e+03
8273	-1.129748e+03
8274	-1.121965e+03
8275	-1.136081e+03
8276	-1.151690e+03
8277	-1.137327e+03
8278	-1.120429e+03
8279	-1.132005e+03
8280	-1.135895e+03
8281	-1.100699e+03
8282	-1.123220e+03
8283	-1.122945e+03
8284	-1.129021e+03
8285	-1.132897e+03
8286	-1.126535e+03
8287	-1.131581e+03
8288	-1.124652e+03
8289	-1.118868e+03
8290	-1.135342e+03
8291	-1.142601e+03
8292	-1.139019e+03
8293	-1.136122e+03
8294	-1.130178e+03
8295	-1.129908e+03
8296	-1.122684e+03
8297	-1.122693e+03
8298	-1.131314e+03
8299	-1.127675e+03
8300	-1.120241e+03
8301	-1.133017e+03
8302	-1.146771e+03
8303	-1.109778e+03
8304	-1.127416e+03
8305	-1.104160e+03
8306	-1.126827e+03
8307	-1.133013e+03
8308	-1.131527e+03
8309	-1.155120e+03
8310	-1.126443e+03
8311	-1.123748e+03
8312	-1.124467e+03
8313	-1.122287e+03
8314	-1.133116e+03
8315	-1.115431e+03
8316	-1.130183e+03
8317	-1.128835e+03
8318	-1.126845e+03
8319	-1.129136e+03
8320	-1.147664e+03
8321	-1.127097e+03
8322	-1.146951e+03
8323	-1.133026e+03
8324	-1.136106e+03
8325	-1.106082e+03
8326	-1.113883e+03
8327	-1.139945e+03
8328	-1.139634e+03
8329	-1.120353e+03
8330	-1.154601e+03
8331	-1.146697e+03
8332	-1.132390e+03
8333	-1.154812e+03
8334	-1.161395e+03
8335	-1.128359e+03
8336	-1.127680e+03
8337	-1.135010e+03
8338	-1.121875e+03
8339	-1.125839e+03
8340	-1.134457e+03
8341	-1.120854e+03
8342	-1.137071e+03
8343	-1.121702e+03
8344	-1.126459e+03
8345	-1.129167e+03
8346	-1.145120e+03
8347	-1.098402e+03
8348	-1.141043e+03
8349	-1.114043e+03
8350	-1.132963e+03
8351	-1.137245e+03
8352	-1.135876e+03
8353	-1.137630e+03
8354	-1.127491e+03
8355	-1.125849e+03
8356	-1.140884e+03
8357	-1.109532e+03
8358	-1.107122e+03
8359	-1.123230e+03
8360	-1.131714e+03
8361	-1.139473e+03
8362	-1.110556e+03
8363	-1.138872e+03
8364	-1.138614e+03
8365	-1.142165e+03
8366	-1.136068e+03
8367	-1.130854e+03
8368	-1.114829e+03
8369	-1.131593e+03
8370	-1.134592e+03
8371	-1.136503e+03
8372	-1.144118e+03
8373	-1.100475e+03
8374	-1.144520e+03
8375	-1.144192e+03
8376	-1.128699e+03
8377	-1.127704e+03
8378	-1.135922e+03
8379	-1.118952e+03
8380	-1.151971e+03
8381	-1.138594e+03
8382	-1.119143e+03
8383	-1.134783e+03
8384	-1.129062e+03
8385	-1.110286e+03
8386	-1.124635e+03
8387	-1.126222e+03
8388	-1.119988e+03
8389	-1.131231e+03
8390	-1.134570e+03
8391	-1.149948e+03
8392	-1.130126e+03
8393	-1.118683e+03
8394	-1.135323e+03
8395	-1.121511e+03
8396	-1.124117e+03
8397	-1.154491e+03
8398	-1.133294e+03
8399	-1.140526e+03
8400	-1.136174e+03
8401	-1.128611e+03
8402	-1.140948e+03
8403	-1.129080e+03
8404	-1.126976e+03
8405	-1.127838e+03
8406	-1.114922e+03
8407	-1.134107e+03
8408	-1.118888e+03
8409	-1.136757e+03
8410	-1.118684e+03
8411	-1.126366e+03
8412	-1.131849e+03
8413	-1.120458e+03
8414	-1.132542e+03
8415	-1.126859e+03
8416	-1.120139e+03
8417	-1.129198e+03
8418	-1.116203e+03
8419	-1.140327e+03
8420	-1.142971e+03
8421	-1.131636e+03
8422	-1.148336e+03
8423	-1.112400e+03
8424	-1.120613e+03
8425	-1.144701e+03
8426	-1.124552e+03
8427	-1.136757e+03
8428	-1.117951e+03
8429	-1.139013e+03
8430	-1.129776e+03
8431	-1.128374e+03
8432	-1.141834e+03
8433	-1.129780e+03
8434	-1.137815e+03
8435	-1.133852e+03
8436	-1.148616e+03
8437	-1.141225e+03
8438	-1.137574e+03
8439	-1.130297e+03
8440	-1.111625e+03
8441	-1.138157e+03
8442	-1.120922e+03
8443	-1.133306e+03
8444	-1.121940e+03
8445	-1.137341e+03
8446	-1.149696e+03
8447	-1.146398e+03
8448	-1.130250e+03
8449	-1.151750e+03
8450	-1.146532e+03
8451	-1.121306e+03
8452	-1.136386e+03
8453	-1.136094e+03
8454	-1.115804e+03
8455	-1.130219e+03
8456	-1.127596e+03
8457	-1.125968e+03
8458	-1.130663e+03
8459	-1.124242e+03
8460	-1.112255e+03
8461	-1.112226e+03
8462	-1.124764e+03
8463	-1.140376e+03
8464	-1.133484e+03
8465	-1.140793e+03
8466	-1.119155e+03
8467	-1.103302e+03
8468	-1.140903e+03
8469	-1.131149e+03
8470	-1.136915e+03
8471	-1.133209e+03
8472	-1.139469e+03
8473	-1.106297e+03
8474	-1.155313e+03
8475	-1.114995e+03
8476	-1.151648e+03
8477	-1.132912e+03
8478	-1.128328e+03
8479	-1.131895e+03
8480	-1.139070e+03
8481	-1.129057e+03
8482	-1.133133e+03
8483	-1.139088e+03
8484	-1.143133e+03
8485	-1.125671e+03
8486	-1.143524e+03
8487	-1.141585e+03
8488	-1.140023e+03
8489	-1.149112e+03
8490	-1.133526e+03
8491	-1.119254e+03
8492	-1.142207e+03
8493	-1.134758e+03
8494	-1.140426e+03
8495	-1.112267e+03
8496	-1.146915e+03
8497	-1.128488e+03
8498	-1.131936e+03
8499	-1.137644e+03
8500	-1.125656e+03
8501	-1.124317e+03
8502	-1.117103e+03
8503	-1.129861e+03
8504	-1.129210e+03
8505	-1.110946e+03
8506	-1.146723e+03
8507	-1.115227e+03
8508	-1.131753e+03
8509	-1.138962e+03
8510	-1.123443e+03
8511	-1.121168e+03
8512	-1.125294e+03
8513	-1.118376e+03
8514	-1.136020e+03
8515	-1.150913e+03
8516	-1.111938e+03
8517	-1.130625e+03
8518	-1.136246e+03
8519	-1.136002e+03
8520	-1.150561e+03
8521	-1.139239e+03
8522	-1.134510e+03
8523	-1.132454e+03
8524	-1.122784e+03
8525	-1.139333e+03
8526	-1.122844e+03
8527	-1.128066e+03
8528	-1.133202e+03
8529	-1.142632e+03
8530	-1.134770e+03
8531	-1.110506e+03
8532	-1.136096e+03
8533	-1.128388e+03
8534	-1.138623e+03
8535	-1.148202e+03
8536	-1.131195e+03
8537	-1.136675e+03
8538	-1.146471e+03
8539	-1.140613e+03
8540	-1.118877e+03
8541	-1.145306e+03
8542	-1.138984e+03
8543	-1.144858e+03
8544	-1.128044e+03
8545	-1.126326e+03
8546	-1.132411e+03
8547	-1.138650e+03
8548	-1.105955e+03
8549	-1.134843e+03
8550	-1.131083e+03
8551	-1.124120e+03
8552	-1.132621e+03
8553	-1.149922e+03
8554	-1.139284e+03
8555	-1.118991e+03
8556	-1.133597e+03
8557	-1.122111e+03
8558	-1.126058e+03
8559	-1.129158e+03
8560	-1.123615e+03
8561	-1.144591e+03
8562	-1.111772e+03
8563	-1.118046e+03
8564	-1.139617e+03
8565	-1.122835e+03
8566	-1.136911e+03
8567	-1.122682e+03
8568	-1.121076e+03
8569	-1.145985e+03
8570	-1.125781e+03
8571	-1.127623e+03
8572	-1.133090e+03
8573	-1.120461e+03
8574	-1.130264e+03
8575	-1.123609e+03
8576	-1.144019e+03
8577	-1.112037e+03
8578	-1.138264e+03
8579	-1.145840e+03
8580	-1.133001e+03
8581	-1.142802e+03
8582	-1.147113e+03
8583	-1.125004e+03
8584	-1.154877e+03
8585	-1.148369e+03
8586	-1.125416e+03
8587	-1.144826e+03
8588	-1.136472e+03
8589	-1.129500e+03
8590	-1.127293e+03
8591	-1.135967e+03
8592	-1.126085e+03
8593	-1.128019e+03
8594	-1.149464e+03
8595	-1.128525e+03
8596	-1.136857e+03
8597	-1.131506e+03
8598	-1.114579e+03
8599	-1.126297e+03
8600	-1.110318e+03
8601	-1.130518e+03
8602	-1.103521e+03
8603	-1.122998e+03
8604	-1.136531e+03
8605	-1.127622e+03
8606	-1.122012e+03
8607	-1.115593e+03
8608	-1.108177e+03
8609	-1.111930e+03
8610	-1.131701e+03
8611	-1.141987e+03
8612	-1.119748e+03
8613	-1.134915e+03
8614	-1.146999e+03
8615	-1.137723e+03
8616	-1.139547e+03
8617	-1.099193e+03
8618	-1.137831e+03
8619	-1.134562e+03
8620	-1.139149e+03
8621	-1.128353e+03
8622	-1.144356e+03
8623	-1.139141e+03
8624	-1.140745e+03
8625	-1.146067e+03
8626	-1.139909e+03
8627	-1.125224e+03
8628	-1.130451e+03
8629	-1.127094e+03
8630	-1.140220e+03
8631	-1.129200e+03
8632	-1.129720e+03
8633	-1.148373e+03
8634	-1.107221e+03
8635	-1.135819e+03
8636	-1.152620e+03
8637	-1.120666e+03
8638	-1.126556e+03
8639	-1.134991e+03
8640	-1.125669e+03
8641	-1.150861e+03
8642	-1.134633e+03
8643	-1.099995e+03
8644	-1.144323e+03
8645	-1.113047e+03
8646	-1.128888e+03
8647	-1.132679e+03
8648	-1.122656e+03
8649	-1.146952e+03
8650	-1.122300e+03
8651	-1.112783e+03
8652	-1.119838e+03
8653	-1.131700e+03
8654	-1.131482e+03
8655	-1.126424e+03
8656	-1.128380e+03
8657	-1.147144e+03
8658	-1.139174e+03
8659	-1.116877e+03
8660	-1.135572e+03
8661	-1.130105e+03
8662	-1.133110e+03
8663	-1.134770e+03
8664	-1.130909e+03
8665	-1.124356e+03
8666	-1.135468e+03
8667	-1.121447e+03
8668	-1.133495e+03
8669	-1.131898e+03
8670	-1.123442e+03
8671	-1.117336e+03
8672	-1.110668e+03
8673	-1.138907e+03
8674	-1.119299e+03
8675	-1.122726e+03
8676	-1.122819e+03
8677	-1.129546e+03
8678	-1.117396e+03
8679	-1.136636e+03
8680	-1.125080e+03
8681	-1.143458e+03
8682	-1.125993e+03
8683	-1.131236e+03
8684	-1.152676e+03
8685	-1.125984e+03
8686	-1.134937e+03
8687	-1.127707e+03
8688	-1.134841e+03
8689	-1.119886e+03
8690	-1.126774e+03
8691	-1.131381e+03
8692	-1.141614e+03
8693	-1.131157e+03
8694	-1.125387e+03
8695	-1.126841e+03
8696	-1.136444e+03
8697	-1.137049e+03
8698	-1.143152e+03
8699	-1.115510e+03
8700	-1.126567e+03
8701	-1.143182e+03
8702	-1.121221e+03
8703	-1.133705e+03
8704	-1.122716e+03
8705	-1.128966e+03
8706	-1.121923e+03
8707	-1.124043e+03
8708	-1.127356e+03
8709	-1.112875e+03
8710	-1.127665e+03
8711	-1.137929e+03
8712	-1.145963e+03
8713	-1.143504e+03
8714	-1.120415e+03
8715	-1.120017e+03
8716	-1.128202e+03
8717	-1.133178e+03
8718	-1.119763e+03
8719	-1.107741e+03
8720	-1.120894e+03
8721	-1.147451e+03
8722	-1.141730e+03
8723	-1.107971e+03
8724	-1.128911e+03
8725	-1.130928e+03
8726	-1.111461e+03
8727	-1.131095e+03
8728	-1.146731e+03
8729	-1.120843e+03
8730	-1.136745e+03
8731	-1.147420e+03
8732	-1.123818e+03
8733	-1.129592e+03
8734	-1.135510e+03
8735	-1.128679e+03
8736	-1.138141e+03
8737	-1.154699e+03
8738	-1.117246e+03
8739	-1.123183e+03
8740	-1.134590e+03
8741	-1.140552e+03
8742	-1.120787e+03
8743	-1.113958e+03
8744	-1.154801e+03
8745	-1.139896e+03
8746	-1.123132e+03
8747	-1.120942e+03
8748	-1.133270e+03
8749	-1.129005e+03
8750	-1.117573e+03
8751	-1.134321e+03
8752	-1.125176e+03
8753	-1.138757e+03
8754	-1.135956e+03
8755	-1.123604e+03
8756	-1.154925e+03
8757	-1.125145e+03
8758	-1.134097e+03
8759	-1.140048e+03
8760	-1.133086e+03
8761	-1.138787e+03
8762	-1.114579e+03
8763	-1.126139e+03
8764	-1.131833e+03
8765	-1.130105e+03
8766	-1.134718e+03
8767	-1.128702e+03
8768	-1.150983e+03
8769	-1.122589e+03
8770	-1.103041e+03
8771	-1.112690e+03
8772	-1.157762e+03
8773	-1.127972e+03
8774	-1.126309e+03
8775	-1.134486e+03
8776	-1.114268e+03
8777	-1.140731e+03
8778	-1.129821e+03
8779	-1.140476e+03
8780	-1.127260e+03
8781	-1.122064e+03
8782	-1.139354e+03
8783	-1.128979e+03
8784	-1.122097e+03
8785	-1.121354e+03
8786	-1.118771e+03
8787	-1.131314e+03
8788	-1.129284e+03
8789	-1.133472e+03
8790	-1.120198e+03
8791	-1.145585e+03
8792	-1.104839e+03
8793	-1.129190e+03
8794	-1.154006e+03
8795	-1.132355e+03
8796	-1.143518e+03
8797	-1.145390e+03
8798	-1.129206e+03
8799	-1.119584e+03
8800	-1.132975e+03
8801	-1.105797e+03
8802	-1.119229e+03
8803	-1.122031e+03
8804	-1.141696e+03
8805	-1.128276e+03
8806	-1.118760e+03
8807	-1.128864e+03
8808	-1.141882e+03
8809	-1.120407e+03
8810	-1.143382e+03
8811	-1.141225e+03
8812	-1.152275e+03
8813	-1.145587e+03
8814	-1.117966e+03
8815	-1.150500e+03
8816	-1.113959e+03
8817	-1.131343e+03
8818	-1.144843e+03
8819	-1.122332e+03
8820	-1.129054e+03
8821	-1.121898e+03
8822	-1.135737e+03
8823	-1.114501e+03
8824	-1.143571e+03
8825	-1.132644e+03
8826	-1.126243e+03
8827	-1.131725e+03
8828	-1.117613e+03
8829	-1.126542e+03
8830	-1.112004e+03
8831	-1.133258e+03
8832	-1.126584e+03
8833	-1.145389e+03
8834	-1.128032e+03
8835	-1.121950e+03
8836	-1.137368e+03
8837	-1.139567e+03
8838	-1.120160e+03
8839	-1.130020e+03
8840	-1.118498e+03
8841	-1.130054e+03
8842	-1.127885e+03
8843	-1.131781e+03
8844	-1.126839e+03
8845	-1.124246e+03
8846	-1.124061e+03
8847	-1.125422e+03
8848	-1.110910e+03
8849	-1.125973e+03
8850	-1.115415e+03
8851	-1.119434e+03
8852	-1.134995e+03
8853	-1.126665e+03
8854	-1.115580e+03
8855	-1.112244e+03
8856	-1.110858e+03
8857	-1.124999e+03
8858	-1.121808e+03
8859	-1.143117e+03
8860	-1.127674e+03
8861	-1.127705e+03
8862	-1.137417e+03
8863	-1.119934e+03
8864	-1.109557e+03
8865	-1.128258e+03
8866	-1.123127e+03
8867	-1.141075e+03
8868	-1.150705e+03
8869	-1.116390e+03
8870	-1.130437e+03
8871	-1.110016e+03
8872	-1.116937e+03
8873	-1.126480e+03
8874	-1.123653e+03
8875	-1.124145e+03
8876	-1.136697e+03
8877	-1.132090e+03
8878	-1.131823e+03
8879	-1.127161e+03
8880	-1.143006e+03
8881	-1.131541e+03
8882	-1.141506e+03
8883	-1.121987e+03
8884	-1.126299e+03
8885	-1.137664e+03
8886	-1.130640e+03
8887	-1.110092e+03
8888	-1.142339e+03
8889	-1.119642e+03
8890	-1.121769e+03
8891	-1.140557e+03
8892	-1.136874e+03
8893	-1.104160e+03
8894	-1.119933e+03
8895	-1.142121e+03
8896	-1.132086e+03
8897	-1.110232e+03
8898	-1.113518e+03
8899	-1.131799e+03
8900	-1.094600e+03
8901	-1.121722e+03
8902	-1.113635e+03
8903	-1.130428e+03
8904	-1.125981e+03
8905	-1.119834e+03
8906	-1.145413e+03
8907	-1.131695e+03
8908	-1.133456e+03
8909	-1.121976e+03
8910	-1.127503e+03
8911	-1.149182e+03
8912	-1.125742e+03
8913	-1.125933e+03
8914	-1.141267e+03
8915	-1.122647e+03
8916	-1.124750e+03
8917	-1.125967e+03
8918	-1.119430e+03
8919	-1.136747e+03
8920	-1.143475e+03
8921	-1.132223e+03
8922	-1.103233e+03
8923	-1.145584e+03
8924	-1.123533e+03
8925	-1.109591e+03
8926	-1.126955e+03
8927	-1.127213e+03
8928	-1.139186e+03
8929	-1.140656e+03
8930	-1.130888e+03
8931	-1.143868e+03
8932	-1.131874e+03
8933	-1.134649e+03
8934	-1.135653e+03
8935	-1.131632e+03
8936	-1.129951e+03
8937	-1.133505e+03
8938	-1.110738e+03
8939	-1.117978e+03
8940	-1.123384e+03
8941	-1.130611e+03
8942	-1.129356e+03
8943	-1.124747e+03
8944	-1.126325e+03
8945	-1.131743e+03
8946	-1.121886e+03
8947	-1.129637e+03
8948	-1.124822e+03
8949	-1.140337e+03
8950	-1.150113e+03
8951	-1.137791e+03
8952	-1.124546e+03
8953	-1.132477e+03
8954	-1.128012e+03
8955	-1.125946e+03
8956	-1.136261e+03
8957	-1.121347e+03
8958	-1.120286e+03
8959	-1.125423e+03
8960	-1.133248e+03
8961	-1.107006e+03
8962	-1.133511e+03
8963	-1.130824e+03
8964	-1.129017e+03
8965	-1.136913e+03
8966	-1.127883e+03
8967	-1.125735e+03
8968	-1.121329e+03
8969	-1.130330e+03
8970	-1.134314e+03
8971	-1.129730e+03
8972	-1.146385e+03
8973	-1.134618e+03
8974	-1.148330e+03
8975	-1.121851e+03
8976	-1.117861e+03
8977	-1.134079e+03
8978	-1.126811e+03
8979	-1.110998e+03
8980	-1.127121e+03
8981	-1.101106e+03
8982	-1.137910e+03
8983	-1.144077e+03
8984	-1.150698e+03
8985	-1.122453e+03
8986	-1.135229e+03
8987	-1.128702e+03
8988	-1.146199e+03
8989	-1.142174e+03
8990	-1.121609e+03
8991	-1.141371e+03
8992	-1.125563e+03
8993	-1.110689e+03
8994	-1.128582e+03
8995	-1.132257e+03
8996	-1.116284e+03
8997	-1.123132e+03
8998	-1.137106e+03
8999	-1.129327e+03
9000	-1.132817e+03
9001	-1.130237e+03
9002	-1.124067e+03
9003	-1.117693e+03
9004	-1.127527e+03
9005	-1.121029e+03
9006	-1.117047e+03
9007	-1.134994e+03
9008	-1.125672e+03
9009	-1.140740e+03
9010	-1.100695e+03
9011	-1.137346e+03
9012	-1.132496e+03
9013	-1.125748e+03
9014	-1.123249e+03
9015	-1.121667e+03
9016	-1.136366e+03
9017	-1.131795e+03
9018	-1.131500e+03
9019	-1.125437e+03
9020	-1.141443e+03
9021	-1.153377e+03
9022	-1.131066e+03
9023	-1.120286e+03
9024	-1.121787e+03
9025	-1.130966e+03
9026	-1.125356e+03
9027	-1.131419e+03
9028	-1.124352e+03
9029	-1.126158e+03
9030	-1.127240e+03
9031	-1.147261e+03
9032	-1.133071e+03
9033	-1.139366e+03
9034	-1.121612e+03
9035	-1.102415e+03
9036	-1.156145e+03
9037	-1.131726e+03
9038	-1.132618e+03
9039	-1.131927e+03
9040	-1.118420e+03
9041	-1.125138e+03
9042	-1.152155e+03
9043	-1.129607e+03
9044	-1.132357e+03
9045	-1.116030e+03
9046	-1.135254e+03
9047	-1.123322e+03
9048	-1.130458e+03
9049	-1.131572e+03
9050	-1.138000e+03
9051	-1.131569e+03
9052	-1.146214e+03
9053	-1.131020e+03
9054	-1.134584e+03
9055	-1.140073e+03
9056	-1.117561e+03
9057	-1.117533e+03
9058	-1.142116e+03
9059	-1.117546e+03
9060	-1.155349e+03
9061	-1.129233e+03
9062	-1.104031e+03
9063	-1.131099e+03
9064	-1.119218e+03
9065	-1.114537e+03
9066	-1.129306e+03
9067	-1.127385e+03
9068	-1.112679e+03
9069	-1.130706e+03
9070	-1.130745e+03
9071	-1.127944e+03
9072	-1.130456e+03
9073	-1.111145e+03
9074	-1.119153e+03
9075	-1.139168e+03
9076	-1.127682e+03
9077	-1.127727e+03
9078	-1.115457e+03
9079	-1.116182e+03
9080	-1.132295e+03
9081	-1.128186e+03
9082	-1.113779e+03
9083	-1.131503e+03
9084	-1.124002e+03
9085	-1.143837e+03
9086	-1.140765e+03
9087	-1.121201e+03
9088	-1.141931e+03
9089	-1.123357e+03
9090	-1.139788e+03
9091	-1.124099e+03
9092	-1.115939e+03
9093	-1.142272e+03
9094	-1.135277e+03
9095	-1.133375e+03
9096	-1.137140e+03
9097	-1.127874e+03
9098	-1.136280e+03
9099	-1.122497e+03
9100	-1.136102e+03
9101	-1.117141e+03
9102	-1.128754e+03
9103	-1.126654e+03
9104	-1.122968e+03
9105	-1.129521e+03
9106	-1.118635e+03
9107	-1.121329e+03
9108	-1.152384e+03
9109	-1.113091e+03
9110	-1.125754e+03
9111	-1.117694e+03
9112	-1.114633e+03
9113	-1.115638e+03
9114	-1.130413e+03
9115	-1.141449e+03
9116	-1.139038e+03
9117	-1.128943e+03
9118	-1.126292e+03
9119	-1.122774e+03
9120	-1.125893e+03
9121	-1.113455e+03
9122	-1.127215e+03
9123	-1.117283e+03
9124	-1.123126e+03
9125	-1.116665e+03
9126	-1.118171e+03
9127	-1.122694e+03
9128	-1.129572e+03
9129	-1.132546e+03
9130	-1.138768e+03
9131	-1.128182e+03
9132	-1.138511e+03
9133	-1.134152e+03
9134	-1.114624e+03
9135	-1.122369e+03
9136	-1.138144e+03
9137	-1.114766e+03
9138	-1.127083e+03
9139	-1.138871e+03
9140	-1.118720e+03
9141	-1.131003e+03
9142	-1.132765e+03
9143	-1.135881e+03
9144	-1.155979e+03
9145	-1.123095e+03
9146	-1.122402e+03
9147	-1.090613e+03
9148	-1.123492e+03
9149	-1.120007e+03
9150	-1.125427e+03
9151	-1.115623e+03
9152	-1.143689e+03
9153	-1.124686e+03
9154	-1.115089e+03
9155	-1.120129e+03
9156	-1.120365e+03
9157	-1.113641e+03
9158	-1.144224e+03
9159	-1.122465e+03
9160	-1.116060e+03
9161	-1.139406e+03
9162	-1.123600e+03
9163	-1.137394e+03
9164	-1.115824e+03
9165	-1.131868e+03
9166	-1.116115e+03
9167	-1.133776e+03
9168	-1.121456e+03
9169	-1.137786e+03
9170	-1.137630e+03
9171	-1.138303e+03
9172	-1.119580e+03
9173	-1.129151e+03
9174	-1.120313e+03
9175	-1.122137e+03
9176	-1.118679e+03
9177	-1.131524e+03
9178	-1.105775e+03
9179	-1.129288e+03
9180	-1.125549e+03
9181	-1.130796e+03
9182	-1.107292e+03
9183	-1.141986e+03
9184	-1.140408e+03
9185	-1.131414e+03
9186	-1.126720e+03
9187	-1.137907e+03
9188	-1.148844e+03
9189	-1.135248e+03
9190	-1.147323e+03
9191	-1.158716e+03
9192	-1.119276e+03
9193	-1.130497e+03
9194	-1.142054e+03
9195	-1.137544e+03
9196	-1.147802e+03
9197	-1.124503e+03
9198	-1.128669e+03
9199	-1.118324e+03
9200	-1.135470e+03
9201	-1.129606e+03
9202	-1.150876e+03
9203	-1.141115e+03
9204	-1.119044e+03
9205	-1.149827e+03
9206	-1.145696e+03
9207	-1.098047e+03
9208	-1.144272e+03
9209	-1.112901e+03
9210	-1.135274e+03
9211	-1.132505e+03
9212	-1.125160e+03
9213	-1.131020e+03
9214	-1.125427e+03
9215	-1.113690e+03
9216	-1.127287e+03
9217	-1.115515e+03
9218	-1.123742e+03
9219	-1.117097e+03
9220	-1.121155e+03
9221	-1.136466e+03
9222	-1.117299e+03
9223	-1.138158e+03
9224	-1.137141e+03
9225	-1.131174e+03
9226	-1.132958e+03
9227	-1.127338e+03
9228	-1.120579e+03
9229	-1.133260e+03
9230	-1.135213e+03
9231	-1.142356e+03
9232	-1.136265e+03
9233	-1.139328e+03
9234	-1.139041e+03
9235	-1.134366e+03
9236	-1.137592e+03
9237	-1.111873e+03
9238	-1.130413e+03
9239	-1.139470e+03
9240	-1.122137e+03
9241	-1.146083e+03
9242	-1.135752e+03
9243	-1.119059e+03
9244	-1.119353e+03
9245	-1.153441e+03
9246	-1.117306e+03
9247	-1.133351e+03
9248	-1.114902e+03
9249	-1.135158e+03
9250	-1.140665e+03
9251	-1.150907e+03
9252	-1.138348e+03
9253	-1.169013e+03
9254	-1.127244e+03
9255	-1.125122e+03
9256	-1.114232e+03
9257	-1.128461e+03
9258	-1.131485e+03
9259	-1.117033e+03
9260	-1.154712e+03
9261	-1.141287e+03
9262	-1.129100e+03
9263	-1.116553e+03
9264	-1.113680e+03
9265	-1.134381e+03
9266	-1.149812e+03
9267	-1.134833e+03
9268	-1.148991e+03
9269	-1.117689e+03
9270	-1.125396e+03
9271	-1.114960e+03
9272	-1.135971e+03
9273	-1.123015e+03
9274	-1.113258e+03
9275	-1.144486e+03
9276	-1.124190e+03
9277	-1.121563e+03
9278	-1.126024e+03
9279	-1.118189e+03
9280	-1.127138e+03
9281	-1.116408e+03
9282	-1.136067e+03
9283	-1.131233e+03
9284	-1.130088e+03
9285	-1.143285e+03
9286	-1.098382e+03
9287	-1.135489e+03
9288	-1.140390e+03
9289	-1.116878e+03
9290	-1.118438e+03
9291	-1.133461e+03
9292	-1.131102e+03
9293	-1.112728e+03
9294	-1.129369e+03
9295	-1.130005e+03
9296	-1.129154e+03
9297	-1.131528e+03
9298	-1.132213e+03
9299	-1.160961e+03
9300	-1.132218e+03
9301	-1.132386e+03
9302	-1.132232e+03
9303	-1.120566e+03
9304	-1.116849e+03
9305	-1.128549e+03
9306	-1.111696e+03
9307	-1.128462e+03
9308	-1.138931e+03
9309	-1.137141e+03
9310	-1.117064e+03
9311	-1.137089e+03
9312	-1.112919e+03
9313	-1.108510e+03
9314	-1.115950e+03
9315	-1.114725e+03
9316	-1.133399e+03
9317	-1.131063e+03
9318	-1.128650e+03
9319	-1.137970e+03
9320	-1.141688e+03
9321	-1.110710e+03
9322	-1.123827e+03
9323	-1.113799e+03
9324	-1.128633e+03
9325	-1.123317e+03
9326	-1.120505e+03
9327	-1.117046e+03
9328	-1.130488e+03
9329	-1.103485e+03
9330	-1.123691e+03
9331	-1.124845e+03
9332	-1.110812e+03
9333	-1.133450e+03
9334	-1.150308e+03
9335	-1.129624e+03
9336	-1.126159e+03
9337	-1.126761e+03
9338	-1.168587e+03
9339	-1.135582e+03
9340	-1.127834e+03
9341	-1.122299e+03
9342	-1.108042e+03
9343	-1.130181e+03
9344	-1.129107e+03
9345	-1.113778e+03
9346	-1.128896e+03
9347	-1.142919e+03
9348	-1.133864e+03
9349	-1.144227e+03
9350	-1.119986e+03
9351	-1.129462e+03
9352	-1.155954e+03
9353	-1.137136e+03
9354	-1.141841e+03
9355	-1.124585e+03
9356	-1.132006e+03
9357	-1.126073e+03
9358	-1.117196e+03
9359	-1.130964e+03
9360	-1.132582e+03
9361	-1.129530e+03
9362	-1.125629e+03
9363	-1.125612e+03
9364	-1.139119e+03
9365	-1.122254e+03
9366	-1.121245e+03
9367	-1.132723e+03
9368	-1.138258e+03
9369	-1.134194e+03
9370	-1.109036e+03
9371	-1.118874e+03
9372	-1.134780e+03
9373	-1.125776e+03
9374	-1.116109e+03
9375	-1.110993e+03
9376	-1.132811e+03
9377	-1.118533e+03
9378	-1.133790e+03
9379	-1.124095e+03
9380	-1.136277e+03
9381	-1.122884e+03
9382	-1.127023e+03
9383	-1.111807e+03
9384	-1.143924e+03
9385	-1.120468e+03
9386	-1.144998e+03
9387	-1.120846e+03
9388	-1.127911e+03
9389	-1.125543e+03
9390	-1.131835e+03
9391	-1.130580e+03
9392	-1.113885e+03
9393	-1.129405e+03
9394	-1.134261e+03
9395	-1.124073e+03
9396	-1.140037e+03
9397	-1.140107e+03
9398	-1.144642e+03
9399	-1.123010e+03
9400	-1.126243e+03
9401	-1.131272e+03
9402	-1.116925e+03
9403	-1.118900e+03
9404	-1.123466e+03
9405	-1.135109e+03
9406	-1.128440e+03
9407	-1.137361e+03
9408	-1.130155e+03
9409	-1.127802e+03
9410	-1.134439e+03
9411	-1.126759e+03
9412	-1.133477e+03
9413	-1.135356e+03
9414	-1.118706e+03
9415	-1.118299e+03
9416	-1.131523e+03
9417	-1.130190e+03
9418	-1.121686e+03
9419	-1.130037e+03
9420	-1.130884e+03
9421	-1.132504e+03
9422	-1.138048e+03
9423	-1.129259e+03
9424	-1.123279e+03
9425	-1.148421e+03
9426	-1.150154e+03
9427	-1.127440e+03
9428	-1.121480e+03
9429	-1.137274e+03
9430	-1.126807e+03
9431	-1.145190e+03
9432	-1.127338e+03
9433	-1.143381e+03
9434	-1.131509e+03
9435	-1.134555e+03
9436	-1.130250e+03
9437	-1.134507e+03
9438	-1.136505e+03
9439	-1.126571e+03
9440	-1.124800e+03
9441	-1.135467e+03
9442	-1.124235e+03
9443	-1.130893e+03
9444	-1.138682e+03
9445	-1.141020e+03
9446	-1.121519e+03
9447	-1.133122e+03
9448	-1.130711e+03
9449	-1.130294e+03
9450	-1.130033e+03
9451	-1.124044e+03
9452	-1.100541e+03
9453	-1.143912e+03
9454	-1.109024e+03
9455	-1.124425e+03
9456	-1.123130e+03
9457	-1.130865e+03
9458	-1.137381e+03
9459	-1.134261e+03
9460	-1.131540e+03
9461	-1.139539e+03
9462	-1.117234e+03
9463	-1.113360e+03
9464	-1.135134e+03
9465	-1.127275e+03
9466	-1.128240e+03
9467	-1.126627e+03
9468	-1.127300e+03
9469	-1.119353e+03
9470	-1.132236e+03
9471	-1.129830e+03
9472	-1.127483e+03
9473	-1.122066e+03
9474	-1.113814e+03
9475	-1.126491e+03
9476	-1.153945e+03
9477	-1.128691e+03
9478	-1.115516e+03
9479	-1.131394e+03
9480	-1.139759e+03
9481	-1.106781e+03
9482	-1.136403e+03
9483	-1.111164e+03
9484	-1.143057e+03
9485	-1.144569e+03
9486	-1.145043e+03
9487	-1.129962e+03
9488	-1.102173e+03
9489	-1.125714e+03
9490	-1.130400e+03
9491	-1.130562e+03
9492	-1.118510e+03
9493	-1.145293e+03
9494	-1.127803e+03
9495	-1.128097e+03
9496	-1.137353e+03
9497	-1.124404e+03
9498	-1.118748e+03
9499	-1.142440e+03
9500	-1.151599e+03
9501	-1.126127e+03
9502	-1.123694e+03
9503	-1.151927e+03
9504	-1.119158e+03
9505	-1.125043e+03
9506	-1.148208e+03
9507	-1.123656e+03
9508	-1.132325e+03
9509	-1.127932e+03
9510	-1.123339e+03
9511	-1.135442e+03
9512	-1.139147e+03
9513	-1.135950e+03
9514	-1.150875e+03
9515	-1.124568e+03
9516	-1.130314e+03
9517	-1.146728e+03
9518	-1.134979e+03
9519	-1.124345e+03
9520	-1.133279e+03
9521	-1.140295e+03
9522	-1.134288e+03
9523	-1.136458e+03
9524	-1.117732e+03
9525	-1.129028e+03
9526	-1.107587e+03
9527	-1.113947e+03
9528	-1.168778e+03
9529	-1.125854e+03
9530	-1.138102e+03
9531	-1.122397e+03
9532	-1.124249e+03
9533	-1.135282e+03
9534	-1.114418e+03
9535	-1.142573e+03
9536	-1.129889e+03
9537	-1.126712e+03
9538	-1.128087e+03
9539	-1.128629e+03
9540	-1.129807e+03
9541	-1.123234e+03
9542	-1.127978e+03
9543	-1.125616e+03
9544	-1.142246e+03
9545	-1.143805e+03
9546	-1.121821e+03
9547	-1.138579e+03
9548	-1.118371e+03
9549	-1.110466e+03
9550	-1.124429e+03
9551	-1.107109e+03
9552	-1.115004e+03
9553	-1.117805e+03
9554	-1.130818e+03
9555	-1.130771e+03
9556	-1.135496e+03
9557	-1.134470e+03
9558	-1.107073e+03
9559	-1.114850e+03
9560	-1.129710e+03
9561	-1.129209e+03
9562	-1.121191e+03
9563	-1.126443e+03
9564	-1.127302e+03
9565	-1.144224e+03
9566	-1.130797e+03
9567	-1.134795e+03
9568	-1.110801e+03
9569	-1.136984e+03
9570	-1.123981e+03
9571	-1.128395e+03
9572	-1.115028e+03
9573	-1.149349e+03
9574	-1.120774e+03
9575	-1.142630e+03
9576	-1.149423e+03
9577	-1.133183e+03
9578	-1.137452e+03
9579	-1.125101e+03
9580	-1.132004e+03
9581	-1.126286e+03
9582	-1.143263e+03
9583	-1.130819e+03
9584	-1.132617e+03
9585	-1.144308e+03
9586	-1.111973e+03
9587	-1.130121e+03
9588	-1.116281e+03
9589	-1.143917e+03
9590	-1.109532e+03
9591	-1.114600e+03
9592	-1.130385e+03
9593	-1.109970e+03
9594	-1.151352e+03
9595	-1.142150e+03
9596	-1.135093e+03
9597	-1.126938e+03
9598	-1.114463e+03
9599	-1.154489e+03
9600	-1.134040e+03
9601	-1.140536e+03
9602	-1.117295e+03
9603	-1.118090e+03
9604	-1.134567e+03
9605	-1.104038e+03
9606	-1.117709e+03
9607	-1.130439e+03
9608	-1.141928e+03
9609	-1.126480e+03
9610	-1.147636e+03
9611	-1.131428e+03
9612	-1.130658e+03
9613	-1.120842e+03
9614	-1.119130e+03
9615	-1.135673e+03
9616	-1.130891e+03
9617	-1.139247e+03
9618	-1.125586e+03
9619	-1.113323e+03
9620	-1.122196e+03
9621	-1.144742e+03
9622	-1.133165e+03
9623	-1.133178e+03
9624	-1.136405e+03
9625	-1.148482e+03
9626	-1.154757e+03
9627	-1.133200e+03
9628	-1.130670e+03
9629	-1.126010e+03
9630	-1.121434e+03
9631	-1.122586e+03
9632	-1.100365e+03
9633	-1.129130e+03
9634	-1.129168e+03
9635	-1.133005e+03
9636	-1.122503e+03
9637	-1.130710e+03
9638	-1.146669e+03
9639	-1.152066e+03
9640	-1.117761e+03
9641	-1.104398e+03
9642	-1.128973e+03
9643	-1.149110e+03
9644	-1.123736e+03
9645	-1.120927e+03
9646	-1.127849e+03
9647	-1.135612e+03
9648	-1.131731e+03
9649	-1.125603e+03
9650	-1.136594e+03
9651	-1.133162e+03
9652	-1.114693e+03
9653	-1.135911e+03
9654	-1.140120e+03
9655	-1.124857e+03
9656	-1.133167e+03
9657	-1.158566e+03
9658	-1.126074e+03
9659	-1.140809e+03
9660	-1.135475e+03
9661	-1.147766e+03
9662	-1.134859e+03
9663	-1.122539e+03
9664	-1.148715e+03
9665	-1.137491e+03
9666	-1.129669e+03
9667	-1.137516e+03
9668	-1.139612e+03
9669	-1.134652e+03
9670	-1.145107e+03
9671	-1.139696e+03
9672	-1.126061e+03
9673	-1.128279e+03
9674	-1.153003e+03
9675	-1.139580e+03
9676	-1.141251e+03
9677	-1.131209e+03
9678	-1.126294e+03
9679	-1.138518e+03
9680	-1.132195e+03
9681	-1.118387e+03
9682	-1.123158e+03
9683	-1.130192e+03
9684	-1.110144e+03
9685	-1.122003e+03
9686	-1.130815e+03
9687	-1.123925e+03
9688	-1.134339e+03
9689	-1.136801e+03
9690	-1.125237e+03
9691	-1.128840e+03
9692	-1.108984e+03
9693	-1.121483e+03
9694	-1.125372e+03
9695	-1.131948e+03
9696	-1.138291e+03
9697	-1.147616e+03
9698	-1.136349e+03
9699	-1.115278e+03
9700	-1.122137e+03
9701	-1.141888e+03
9702	-1.147874e+03
9703	-1.128332e+03
9704	-1.132685e+03
9705	-1.109845e+03
9706	-1.126699e+03
9707	-1.106206e+03
9708	-1.152190e+03
9709	-1.105922e+03
9710	-1.111789e+03
9711	-1.112455e+03
9712	-1.130547e+03
9713	-1.120491e+03
9714	-1.115319e+03
9715	-1.132031e+03
9716	-1.134437e+03
9717	-1.099845e+03
9718	-1.131249e+03
9719	-1.126518e+03
9720	-1.124061e+03
9721	-1.118169e+03
9722	-1.134015e+03
9723	-1.117399e+03
9724	-1.126967e+03
9725	-1.128361e+03
9726	-1.118649e+03
9727	-1.131278e+03
9728	-1.120611e+03
9729	-1.127008e+03
9730	-1.120884e+03
9731	-1.142255e+03
9732	-1.137239e+03
9733	-1.140539e+03
9734	-1.144024e+03
9735	-1.129866e+03
9736	-1.120201e+03
9737	-1.131752e+03
9738	-1.129896e+03
9739	-1.109346e+03
9740	-1.117538e+03
9741	-1.126499e+03
9742	-1.118342e+03
9743	-1.110790e+03
9744	-1.123307e+03
9745	-1.117150e+03
9746	-1.106590e+03
9747	-1.143891e+03
9748	-1.122177e+03
9749	-1.112846e+03
9750	-1.130006e+03
9751	-1.135234e+03
9752	-1.118369e+03
9753	-1.126945e+03
9754	-1.130475e+03
9755	-1.153066e+03
9756	-1.126173e+03
9757	-1.140907e+03
9758	-1.129648e+03
9759	-1.122210e+03
9760	-1.134767e+03
9761	-1.134353e+03
9762	-1.114291e+03
9763	-1.124689e+03
9764	-1.121129e+03
9765	-1.117029e+03
9766	-1.129754e+03
9767	-1.138704e+03
9768	-1.134223e+03
9769	-1.138802e+03
9770	-1.137274e+03
9771	-1.125278e+03
9772	-1.134608e+03
9773	-1.126004e+03
9774	-1.144844e+03
9775	-1.140986e+03
9776	-1.118782e+03
9777	-1.124257e+03
9778	-1.111003e+03
9779	-1.123425e+03
9780	-1.139189e+03
9781	-1.147777e+03
9782	-1.116859e+03
9783	-1.125928e+03
9784	-1.118170e+03
9785	-1.123335e+03
9786	-1.106488e+03
9787	-1.131255e+03
9788	-1.118154e+03
9789	-1.128883e+03
9790	-1.125386e+03
9791	-1.116114e+03
9792	-1.123106e+03
9793	-1.135394e+03
9794	-1.118041e+03
9795	-1.146608e+03
9796	-1.132792e+03
9797	-1.126453e+03
9798	-1.137863e+03
9799	-1.128427e+03
9800	-1.125201e+03
9801	-1.130378e+03
9802	-1.141618e+03
9803	-1.111947e+03
9804	-1.112790e+03
9805	-1.125864e+03
9806	-1.125775e+03
9807	-1.125596e+03
9808	-1.115097e+03
9809	-1.121383e+03
9810	-1.127604e+03
9811	-1.126928e+03
9812	-1.125848e+03
9813	-1.145459e+03
9814	-1.134444e+03
9815	-1.129353e+03
9816	-1.123177e+03
9817	-1.123276e+03
9818	-1.114436e+03
9819	-1.136047e+03
9820	-1.126781e+03
9821	-1.130546e+03
9822	-1.127839e+03
9823	-1.135640e+03
9824	-1.116782e+03
9825	-1.131529e+03
9826	-1.137711e+03
9827	-1.132195e+03
9828	-1.123239e+03
9829	-1.119530e+03
9830	-1.126907e+03
9831	-1.127368e+03
9832	-1.135801e+03
9833	-1.130589e+03
9834	-1.131820e+03
9835	-1.119976e+03
9836	-1.123862e+03
9837	-1.133774e+03
9838	-1.115481e+03
9839	-1.125920e+03
9840	-1.120033e+03
9841	-1.142953e+03
9842	-1.109244e+03
9843	-1.139111e+03
9844	-1.133937e+03
9845	-1.119456e+03
9846	-1.119789e+03
9847	-1.143380e+03
9848	-1.142237e+03
9849	-1.128439e+03
9850	-1.123489e+03
9851	-1.132730e+03
9852	-1.137049e+03
9853	-1.130336e+03
9854	-1.137027e+03
9855	-1.120975e+03
9856	-1.103738e+03
9857	-1.117223e+03
9858	-1.124560e+03
9859	-1.129392e+03
9860	-1.140872e+03
9861	-1.138405e+03
9862	-1.112217e+03
9863	-1.117078e+03
9864	-1.122036e+03
9865	-1.124670e+03
9866	-1.130776e+03
9867	-1.126014e+03
9868	-1.126580e+03
9869	-1.120902e+03
9870	-1.120327e+03
9871	-1.121026e+03
9872	-1.134886e+03
9873	-1.129337e+03
9874	-1.143054e+03
9875	-1.127893e+03
9876	-1.129329e+03
9877	-1.124553e+03
9878	-1.124572e+03
9879	-1.134907e+03
9880	-1.106996e+03
9881	-1.107571e+03
9882	-1.137472e+03
9883	-1.123199e+03
9884	-1.141732e+03
9885	-1.115249e+03
9886	-1.109952e+03
9887	-1.125468e+03
9888	-1.149318e+03
9889	-1.133905e+03
9890	-1.131047e+03
9891	-1.127903e+03
9892	-1.114158e+03
9893	-1.134570e+03
9894	-1.153795e+03
9895	-1.118103e+03
9896	-1.135800e+03
9897	-1.126086e+03
9898	-1.110574e+03
9899	-1.121386e+03
9900	-1.127064e+03
9901	-1.129678e+03
9902	-1.153162e+03
9903	-1.114267e+03
9904	-1.127501e+03
9905	-1.114371e+03
9906	-1.137849e+03
9907	-1.135615e+03
9908	-1.126287e+03
9909	-1.124491e+03
9910	-1.126927e+03
9911	-1.140183e+03
9912	-1.127834e+03
9913	-1.130682e+03
9914	-1.117944e+03
9915	-1.138400e+03
9916	-1.144324e+03
9917	-1.133194e+03
9918	-1.120536e+03
9919	-1.142979e+03
9920	-1.118531e+03
9921	-1.125312e+03
9922	-1.120910e+03
9923	-1.133754e+03
9924	-1.134052e+03
9925	-1.131868e+03
9926	-1.145636e+03
9927	-1.124782e+03
9928	-1.126219e+03
9929	-1.133789e+03
9930	-1.106948e+03
9931	-1.139295e+03
9932	-1.120397e+03
9933	-1.133933e+03
9934	-1.116201e+03
9935	-1.119273e+03
9936	-1.136689e+03
9937	-1.141992e+03
9938	-1.138781e+03
9939	-1.135269e+03
9940	-1.144827e+03
9941	-1.136606e+03
9942	-1.145825e+03
9943	-1.136026e+03
9944	-1.152788e+03
9945	-1.115645e+03
9946	-1.133873e+03
9947	-1.117874e+03
9948	-1.143036e+03
9949	-1.129839e+03
9950	-1.141616e+03
9951	-1.135684e+03
9952	-1.140130e+03
9953	-1.124853e+03
9954	-1.123011e+03
9955	-1.113945e+03
9956	-1.116051e+03
9957	-1.141060e+03
9958	-1.124026e+03
9959	-1.116293e+03
9960	-1.120365e+03
9961	-1.130833e+03
9962	-1.123297e+03
9963	-1.141490e+03
9964	-1.135931e+03
9965	-1.140188e+03
9966	-1.132536e+03
9967	-1.119862e+03
9968	-1.129978e+03
9969	-1.142966e+03
9970	-1.130053e+03
9971	-1.136571e+03
9972	-1.118027e+03
9973	-1.130881e+03
9974	-1.123540e+03
9975	-1.105979e+03
9976	-1.132817e+03
9977	-1.137768e+03
9978	-1.117340e+03
9979	-1.130196e+03
9980	-1.130574e+03
9981	-1.119281e+03
9982	-1.109697e+03
9983	-1.114168e+03
9984	-1.130626e+03
9985	-1.138649e+03
9986	-1.132201e+03
9987	-1.133174e+03
9988	-1.130068e+03
9989	-1.133957e+03
9990	-1.142472e+03
9991	-1.112349e+03
9992	-1.145962e+03
9993	-1.141520e+03
9994	-1.139411e+03
9995	-1.116352e+03
9996	-1.118279e+03
9997	-1.113716e+03
9998	-1.133029e+03
9999	-1.115699e+03
10000	-1.103783e+03
