iteration	loss
0	0.000000e+00
1	-6.120982e+01
2	-1.205818e+02
3	-1.782939e+02
4	-2.328601e+02
5	-2.846814e+02
6	-3.427225e+02
7	-3.858579e+02
8	-4.378500e+02
9	-4.785896e+02
10	-5.290357e+02
11	-5.717220e+02
12	-6.007262e+02
13	-6.425293e+02
14	-6.746975e+02
15	-7.096199e+02
16	-7.463172e+02
17	-7.755021e+02
18	-8.046976e+02
19	-8.308329e+02
20	-8.464367e+02
21	-8.811978e+02
22	-9.022341e+02
23	-9.246310e+02
24	-9.347843e+02
25	-9.512984e+02
26	-9.585240e+02
27	-9.789791e+02
28	-9.808072e+02
29	-9.821782e+02
30	-1.019195e+03
31	-1.026847e+03
32	-1.030234e+03
33	-1.057537e+03
34	-1.065739e+03
35	-1.054263e+03
36	-1.062097e+03
37	-1.077172e+03
38	-1.057125e+03
39	-1.079609e+03
40	-1.072397e+03
41	-1.090819e+03
42	-1.098360e+03
43	-1.091897e+03
44	-1.076453e+03
45	-1.092095e+03
46	-1.087292e+03
47	-1.107313e+03
48	-1.128273e+03
49	-1.110964e+03
50	-1.120412e+03
51	-1.105912e+03
52	-1.098374e+03
53	-1.115983e+03
54	-1.104560e+03
55	-1.108020e+03
56	-1.111446e+03
57	-1.127081e+03
58	-1.103374e+03
59	-1.097369e+03
60	-1.101672e+03
61	-1.105456e+03
62	-1.138074e+03
63	-1.100062e+03
64	-1.111980e+03
65	-1.114231e+03
66	-1.101673e+03
67	-1.135608e+03
68	-1.109668e+03
69	-1.099892e+03
70	-1.098612e+03
71	-1.119214e+03
72	-1.119027e+03
73	-1.098021e+03
74	-1.107909e+03
75	-1.102344e+03
76	-1.124038e+03
77	-1.122860e+03
78	-1.112617e+03
79	-1.108635e+03
80	-1.121365e+03
81	-1.092404e+03
82	-1.103843e+03
83	-1.125648e+03
84	-1.109582e+03
85	-1.117596e+03
86	-1.117365e+03
87	-1.115616e+03
88	-1.122295e+03
89	-1.122336e+03
90	-1.087607e+03
91	-1.105140e+03
92	-1.112947e+03
93	-1.110546e+03
94	-1.112641e+03
95	-1.101989e+03
96	-1.101210e+03
97	-1.121736e+03
98	-1.116717e+03
99	-1.108537e+03
100	-1.116255e+03
101	-1.120339e+03
102	-1.112421e+03
103	-1.119061e+03
104	-1.094712e+03
105	-1.121271e+03
106	-1.096516e+03
107	-1.118089e+03
108	-1.108012e+03
109	-1.117350e+03
110	-1.133190e+03
111	-1.087392e+03
112	-1.102711e+03
113	-1.112867e+03
114	-1.113400e+03
115	-1.111178e+03
116	-1.097730e+03
117	-1.101721e+03
118	-1.114760e+03
119	-1.104428e+03
120	-1.122318e+03
121	-1.101596e+03
122	-1.103963e+03
123	-1.110679e+03
124	-1.122069e+03
125	-1.121293e+03
126	-1.114884e+03
127	-1.126670e+03
128	-1.107542e+03
129	-1.110659e+03
130	-1.113106e+03
131	-1.116616e+03
132	-1.120080e+03
133	-1.109911e+03
134	-1.092135e+03
135	-1.099852e+03
136	-1.095912e+03
137	-1.112479e+03
138	-1.106804e+03
139	-1.118910e+03
140	-1.117433e+03
141	-1.110256e+03
142	-1.109294e+03
143	-1.138738e+03
144	-1.115543e+03
145	-1.121456e+03
146	-1.098266e+03
147	-1.121121e+03
148	-1.105857e+03
149	-1.115884e+03
150	-1.089856e+03
151	-1.128599e+03
152	-1.089524e+03
153	-1.122928e+03
154	-1.116735e+03
155	-1.123298e+03
156	-1.107941e+03
157	-1.104495e+03
158	-1.118030e+03
159	-1.118548e+03
160	-1.123113e+03
161	-1.106993e+03
162	-1.115932e+03
163	-1.121462e+03
164	-1.106913e+03
165	-1.117827e+03
166	-1.118242e+03
167	-1.102619e+03
168	-1.107868e+03
169	-1.094403e+03
170	-1.106034e+03
171	-1.110394e+03
172	-1.094250e+03
173	-1.140775e+03
174	-1.099602e+03
175	-1.103883e+03
176	-1.114457e+03
177	-1.117604e+03
178	-1.127860e+03
179	-1.097693e+03
180	-1.123534e+03
181	-1.113963e+03
182	-1.129038e+03
183	-1.095089e+03
184	-1.109546e+03
185	-1.101995e+03
186	-1.093759e+03
187	-1.096694e+03
188	-1.109151e+03
189	-1.103752e+03
190	-1.127057e+03
191	-1.098280e+03
192	-1.104882e+03
193	-1.123189e+03
194	-1.119811e+03
195	-1.119329e+03
196	-1.106390e+03
197	-1.106969e+03
198	-1.110251e+03
199	-1.109009e+03
200	-1.121683e+03
201	-1.101163e+03
202	-1.107064e+03
203	-1.109363e+03
204	-1.100073e+03
205	-1.090723e+03
206	-1.118602e+03
207	-1.110907e+03
208	-1.126420e+03
209	-1.097551e+03
210	-1.104498e+03
211	-1.099477e+03
212	-1.100977e+03
213	-1.096707e+03
214	-1.106600e+03
215	-1.082382e+03
216	-1.109663e+03
217	-1.107871e+03
218	-1.121924e+03
219	-1.112561e+03
220	-1.114538e+03
221	-1.119204e+03
222	-1.122794e+03
223	-1.092791e+03
224	-1.125494e+03
225	-1.125539e+03
226	-1.130385e+03
227	-1.121207e+03
228	-1.092393e+03
229	-1.108863e+03
230	-1.117758e+03
231	-1.117593e+03
232	-1.104916e+03
233	-1.111047e+03
234	-1.132177e+03
235	-1.116315e+03
236	-1.113220e+03
237	-1.095468e+03
238	-1.125156e+03
239	-1.133099e+03
240	-1.122132e+03
241	-1.118647e+03
242	-1.101125e+03
243	-1.118804e+03
244	-1.114057e+03
245	-1.101938e+03
246	-1.100090e+03
247	-1.121753e+03
248	-1.104334e+03
249	-1.103004e+03
250	-1.130401e+03
251	-1.128847e+03
252	-1.094225e+03
253	-1.123236e+03
254	-1.098579e+03
255	-1.120044e+03
256	-1.101897e+03
257	-1.103374e+03
258	-1.101860e+03
259	-1.105755e+03
260	-1.102462e+03
261	-1.115222e+03
262	-1.128489e+03
263	-1.108464e+03
264	-1.101249e+03
265	-1.105655e+03
266	-1.111827e+03
267	-1.108134e+03
268	-1.121910e+03
269	-1.109183e+03
270	-1.117654e+03
271	-1.122389e+03
272	-1.097307e+03
273	-1.114740e+03
274	-1.112364e+03
275	-1.108459e+03
276	-1.113808e+03
277	-1.115553e+03
278	-1.127954e+03
279	-1.103858e+03
280	-1.118777e+03
281	-1.120088e+03
282	-1.085270e+03
283	-1.105849e+03
284	-1.098641e+03
285	-1.122342e+03
286	-1.111390e+03
287	-1.118043e+03
288	-1.107197e+03
289	-1.123920e+03
290	-1.104117e+03
291	-1.102203e+03
292	-1.130587e+03
293	-1.105524e+03
294	-1.098181e+03
295	-1.120272e+03
296	-1.102306e+03
297	-1.127948e+03
298	-1.122918e+03
299	-1.102748e+03
300	-1.119567e+03
301	-1.119896e+03
302	-1.117680e+03
303	-1.116806e+03
304	-1.119274e+03
305	-1.121408e+03
306	-1.123391e+03
307	-1.118922e+03
308	-1.113403e+03
309	-1.137296e+03
310	-1.126120e+03
311	-1.098464e+03
312	-1.130904e+03
313	-1.116920e+03
314	-1.124236e+03
315	-1.104458e+03
316	-1.106814e+03
317	-1.102665e+03
318	-1.122003e+03
319	-1.106164e+03
320	-1.118542e+03
321	-1.113299e+03
322	-1.137769e+03
323	-1.125085e+03
324	-1.126328e+03
325	-1.117110e+03
326	-1.106466e+03
327	-1.102922e+03
328	-1.131693e+03
329	-1.102554e+03
330	-1.120665e+03
331	-1.119524e+03
332	-1.114355e+03
333	-1.109952e+03
334	-1.095506e+03
335	-1.112242e+03
336	-1.107572e+03
337	-1.114561e+03
338	-1.124233e+03
339	-1.109942e+03
340	-1.116994e+03
341	-1.116354e+03
342	-1.113541e+03
343	-1.121783e+03
344	-1.099216e+03
345	-1.115029e+03
346	-1.106161e+03
347	-1.102417e+03
348	-1.113135e+03
349	-1.107994e+03
350	-1.104685e+03
351	-1.119866e+03
352	-1.093371e+03
353	-1.108667e+03
354	-1.102178e+03
355	-1.113641e+03
356	-1.096460e+03
357	-1.083642e+03
358	-1.122743e+03
359	-1.088023e+03
360	-1.100752e+03
361	-1.108646e+03
362	-1.107529e+03
363	-1.121705e+03
364	-1.122520e+03
365	-1.109915e+03
366	-1.106456e+03
367	-1.108145e+03
368	-1.107246e+03
369	-1.112666e+03
370	-1.107633e+03
371	-1.128314e+03
372	-1.102252e+03
373	-1.116392e+03
374	-1.102455e+03
375	-1.103783e+03
376	-1.117018e+03
377	-1.121342e+03
378	-1.122242e+03
379	-1.111251e+03
380	-1.112693e+03
381	-1.107326e+03
382	-1.098702e+03
383	-1.112742e+03
384	-1.109214e+03
385	-1.100841e+03
386	-1.111141e+03
387	-1.100815e+03
388	-1.109149e+03
389	-1.101651e+03
390	-1.115039e+03
391	-1.122166e+03
392	-1.096969e+03
393	-1.118747e+03
394	-1.095211e+03
395	-1.100326e+03
396	-1.112994e+03
397	-1.119500e+03
398	-1.090238e+03
399	-1.109072e+03
400	-1.109248e+03
401	-1.114021e+03
402	-1.097081e+03
403	-1.095789e+03
404	-1.110482e+03
405	-1.111025e+03
406	-1.115267e+03
407	-1.122230e+03
408	-1.120414e+03
409	-1.116077e+03
410	-1.129769e+03
411	-1.125661e+03
412	-1.116864e+03
413	-1.122095e+03
414	-1.095283e+03
415	-1.129403e+03
416	-1.116800e+03
417	-1.088017e+03
418	-1.117805e+03
419	-1.127220e+03
420	-1.122395e+03
421	-1.103700e+03
422	-1.100712e+03
423	-1.114618e+03
424	-1.095065e+03
425	-1.124598e+03
426	-1.131302e+03
427	-1.125893e+03
428	-1.140941e+03
429	-1.100136e+03
430	-1.121648e+03
431	-1.104742e+03
432	-1.110503e+03
433	-1.116148e+03
434	-1.135461e+03
435	-1.112440e+03
436	-1.123246e+03
437	-1.112626e+03
438	-1.115089e+03
439	-1.111693e+03
440	-1.117803e+03
441	-1.119901e+03
442	-1.104515e+03
443	-1.087825e+03
444	-1.109821e+03
445	-1.112193e+03
446	-1.115232e+03
447	-1.123199e+03
448	-1.098693e+03
449	-1.116531e+03
450	-1.112978e+03
451	-1.093630e+03
452	-1.127875e+03
453	-1.115761e+03
454	-1.118494e+03
455	-1.128154e+03
456	-1.118309e+03
457	-1.093308e+03
458	-1.117762e+03
459	-1.115407e+03
460	-1.100731e+03
461	-1.087853e+03
462	-1.093947e+03
463	-1.126659e+03
464	-1.106424e+03
465	-1.098753e+03
466	-1.104256e+03
467	-1.123844e+03
468	-1.107941e+03
469	-1.103015e+03
470	-1.091974e+03
471	-1.106244e+03
472	-1.107433e+03
473	-1.121323e+03
474	-1.105298e+03
475	-1.115189e+03
476	-1.104543e+03
477	-1.131420e+03
478	-1.095196e+03
479	-1.110842e+03
480	-1.117321e+03
481	-1.110442e+03
482	-1.114859e+03
483	-1.133826e+03
484	-1.123175e+03
485	-1.113823e+03
486	-1.106337e+03
487	-1.108093e+03
488	-1.123588e+03
489	-1.125439e+03
490	-1.114451e+03
491	-1.108184e+03
492	-1.125149e+03
493	-1.110591e+03
494	-1.119552e+03
495	-1.092825e+03
496	-1.091267e+03
497	-1.102170e+03
498	-1.110216e+03
499	-1.109288e+03
500	-1.112107e+03
501	-1.100696e+03
502	-1.107123e+03
503	-1.109056e+03
504	-1.103739e+03
505	-1.111409e+03
506	-1.116506e+03
507	-1.114498e+03
508	-1.106723e+03
509	-1.106166e+03
510	-1.117853e+03
511	-1.108726e+03
512	-1.124846e+03
513	-1.100456e+03
514	-1.101126e+03
515	-1.089151e+03
516	-1.104756e+03
517	-1.118175e+03
518	-1.108696e+03
519	-1.096836e+03
520	-1.108970e+03
521	-1.125429e+03
522	-1.123385e+03
523	-1.113794e+03
524	-1.110731e+03
525	-1.113794e+03
526	-1.113457e+03
527	-1.090422e+03
528	-1.102836e+03
529	-1.101079e+03
530	-1.102036e+03
531	-1.106110e+03
532	-1.116119e+03
533	-1.115530e+03
534	-1.111110e+03
535	-1.118174e+03
536	-1.113045e+03
537	-1.095933e+03
538	-1.115816e+03
539	-1.120173e+03
540	-1.094587e+03
541	-1.126857e+03
542	-1.098511e+03
543	-1.116064e+03
544	-1.097293e+03
545	-1.091527e+03
546	-1.140459e+03
547	-1.103291e+03
548	-1.122229e+03
549	-1.100643e+03
550	-1.110380e+03
551	-1.120031e+03
552	-1.105676e+03
553	-1.109812e+03
554	-1.105886e+03
555	-1.126097e+03
556	-1.101864e+03
557	-1.111003e+03
558	-1.129239e+03
559	-1.114970e+03
560	-1.108397e+03
561	-1.096846e+03
562	-1.120560e+03
563	-1.104440e+03
564	-1.098634e+03
565	-1.111151e+03
566	-1.096455e+03
567	-1.111017e+03
568	-1.113748e+03
569	-1.132085e+03
570	-1.091497e+03
571	-1.082055e+03
572	-1.111132e+03
573	-1.098414e+03
574	-1.107523e+03
575	-1.113923e+03
576	-1.121057e+03
577	-1.114607e+03
578	-1.118509e+03
579	-1.082291e+03
580	-1.130834e+03
581	-1.122982e+03
582	-1.100323e+03
583	-1.118642e+03
584	-1.123349e+03
585	-1.131037e+03
586	-1.109245e+03
587	-1.122267e+03
588	-1.100507e+03
589	-1.108958e+03
590	-1.107681e+03
591	-1.120048e+03
592	-1.113826e+03
593	-1.119852e+03
594	-1.109475e+03
595	-1.112218e+03
596	-1.098258e+03
597	-1.113031e+03
598	-1.093603e+03
599	-1.129490e+03
600	-1.104682e+03
601	-1.126802e+03
602	-1.119339e+03
603	-1.112917e+03
604	-1.123595e+03
605	-1.113427e+03
606	-1.095486e+03
607	-1.111685e+03
608	-1.131925e+03
609	-1.109795e+03
610	-1.118169e+03
611	-1.130491e+03
612	-1.104019e+03
613	-1.114625e+03
614	-1.117328e+03
615	-1.131131e+03
616	-1.103199e+03
617	-1.107415e+03
618	-1.126376e+03
619	-1.109324e+03
620	-1.097854e+03
621	-1.107593e+03
622	-1.098229e+03
623	-1.115377e+03
624	-1.112261e+03
625	-1.092449e+03
626	-1.122254e+03
627	-1.095572e+03
628	-1.108621e+03
629	-1.099389e+03
630	-1.108702e+03
631	-1.099008e+03
632	-1.116163e+03
633	-1.107562e+03
634	-1.102939e+03
635	-1.096381e+03
636	-1.110146e+03
637	-1.118556e+03
638	-1.128447e+03
639	-1.105539e+03
640	-1.109266e+03
641	-1.098164e+03
642	-1.116824e+03
643	-1.116570e+03
644	-1.119990e+03
645	-1.104647e+03
646	-1.131986e+03
647	-1.142150e+03
648	-1.127798e+03
649	-1.113681e+03
650	-1.125040e+03
651	-1.122945e+03
652	-1.097718e+03
653	-1.124055e+03
654	-1.115564e+03
655	-1.112888e+03
656	-1.101128e+03
657	-1.094928e+03
658	-1.107406e+03
659	-1.121755e+03
660	-1.122699e+03
661	-1.109671e+03
662	-1.097542e+03
663	-1.104841e+03
664	-1.104256e+03
665	-1.120178e+03
666	-1.097647e+03
667	-1.100777e+03
668	-1.109189e+03
669	-1.089493e+03
670	-1.102340e+03
671	-1.106798e+03
672	-1.109029e+03
673	-1.119733e+03
674	-1.112412e+03
675	-1.117463e+03
676	-1.107015e+03
677	-1.089105e+03
678	-1.101265e+03
679	-1.116318e+03
680	-1.115446e+03
681	-1.119711e+03
682	-1.113624e+03
683	-1.107487e+03
684	-1.101749e+03
685	-1.133962e+03
686	-1.108346e+03
687	-1.110002e+03
688	-1.110476e+03
689	-1.110988e+03
690	-1.103063e+03
691	-1.114008e+03
692	-1.088746e+03
693	-1.113644e+03
694	-1.109617e+03
695	-1.106222e+03
696	-1.132601e+03
697	-1.117562e+03
698	-1.128966e+03
699	-1.092716e+03
700	-1.127421e+03
701	-1.102658e+03
702	-1.115424e+03
703	-1.120087e+03
704	-1.112113e+03
705	-1.120556e+03
706	-1.115632e+03
707	-1.115199e+03
708	-1.122873e+03
709	-1.091554e+03
710	-1.111976e+03
711	-1.129231e+03
712	-1.127330e+03
713	-1.117678e+03
714	-1.109822e+03
715	-1.110168e+03
716	-1.118648e+03
717	-1.118563e+03
718	-1.115938e+03
719	-1.135551e+03
720	-1.118728e+03
721	-1.111349e+03
722	-1.107960e+03
723	-1.111928e+03
724	-1.099053e+03
725	-1.116598e+03
726	-1.105984e+03
727	-1.108341e+03
728	-1.105970e+03
729	-1.110482e+03
730	-1.122925e+03
731	-1.104328e+03
732	-1.114214e+03
733	-1.119392e+03
734	-1.108545e+03
735	-1.116646e+03
736	-1.105915e+03
737	-1.116229e+03
738	-1.133479e+03
739	-1.103782e+03
740	-1.114445e+03
741	-1.100661e+03
742	-1.130977e+03
743	-1.099995e+03
744	-1.120897e+03
745	-1.100749e+03
746	-1.100636e+03
747	-1.112714e+03
748	-1.099053e+03
749	-1.123091e+03
750	-1.108538e+03
751	-1.125907e+03
752	-1.110666e+03
753	-1.104320e+03
754	-1.096041e+03
755	-1.121009e+03
756	-1.096331e+03
757	-1.112915e+03
758	-1.111509e+03
759	-1.094339e+03
760	-1.096547e+03
761	-1.124995e+03
762	-1.090735e+03
763	-1.100652e+03
764	-1.112698e+03
765	-1.112737e+03
766	-1.109659e+03
767	-1.132867e+03
768	-1.116045e+03
769	-1.115092e+03
770	-1.112448e+03
771	-1.122872e+03
772	-1.106567e+03
773	-1.110827e+03
774	-1.101153e+03
775	-1.115902e+03
776	-1.114595e+03
777	-1.099237e+03
778	-1.107104e+03
779	-1.118911e+03
780	-1.118213e+03
781	-1.110737e+03
782	-1.106955e+03
783	-1.126756e+03
784	-1.093525e+03
785	-1.104866e+03
786	-1.108477e+03
787	-1.099554e+03
788	-1.141093e+03
789	-1.128359e+03
790	-1.116379e+03
791	-1.130718e+03
792	-1.106347e+03
793	-1.116154e+03
794	-1.117140e+03
795	-1.116615e+03
796	-1.122176e+03
797	-1.120698e+03
798	-1.123858e+03
799	-1.100121e+03
800	-1.111617e+03
801	-1.101707e+03
802	-1.123466e+03
803	-1.124874e+03
804	-1.109611e+03
805	-1.112968e+03
806	-1.123462e+03
807	-1.108221e+03
808	-1.117134e+03
809	-1.111081e+03
810	-1.092891e+03
811	-1.126906e+03
812	-1.132685e+03
813	-1.132096e+03
814	-1.120655e+03
815	-1.102797e+03
816	-1.132336e+03
817	-1.110270e+03
818	-1.140893e+03
819	-1.108421e+03
820	-1.090381e+03
821	-1.109452e+03
822	-1.111999e+03
823	-1.090794e+03
824	-1.118837e+03
825	-1.102276e+03
826	-1.097548e+03
827	-1.102685e+03
828	-1.104620e+03
829	-1.113001e+03
830	-1.123652e+03
831	-1.112053e+03
832	-1.123614e+03
833	-1.109794e+03
834	-1.119085e+03
835	-1.105364e+03
836	-1.122212e+03
837	-1.117174e+03
838	-1.111559e+03
839	-1.122080e+03
840	-1.116384e+03
841	-1.119609e+03
842	-1.095441e+03
843	-1.099069e+03
844	-1.110337e+03
845	-1.122171e+03
846	-1.124236e+03
847	-1.129457e+03
848	-1.109902e+03
849	-1.112833e+03
850	-1.107534e+03
851	-1.119681e+03
852	-1.108049e+03
853	-1.115160e+03
854	-1.116501e+03
855	-1.112985e+03
856	-1.094053e+03
857	-1.105389e+03
858	-1.118944e+03
859	-1.112188e+03
860	-1.116125e+03
861	-1.108571e+03
862	-1.119701e+03
863	-1.101406e+03
864	-1.094954e+03
865	-1.117549e+03
866	-1.114429e+03
867	-1.118833e+03
868	-1.116129e+03
869	-1.099433e+03
870	-1.120803e+03
871	-1.121566e+03
872	-1.127527e+03
873	-1.124671e+03
874	-1.108288e+03
875	-1.106606e+03
876	-1.122928e+03
877	-1.126770e+03
878	-1.112057e+03
879	-1.128868e+03
880	-1.105396e+03
881	-1.119773e+03
882	-1.119375e+03
883	-1.101066e+03
884	-1.106488e+03
885	-1.121781e+03
886	-1.142373e+03
887	-1.121720e+03
888	-1.097023e+03
889	-1.125880e+03
890	-1.133552e+03
891	-1.115927e+03
892	-1.093107e+03
893	-1.107516e+03
894	-1.114589e+03
895	-1.104800e+03
896	-1.105824e+03
897	-1.127632e+03
898	-1.115108e+03
899	-1.119422e+03
900	-1.103020e+03
901	-1.095583e+03
902	-1.102822e+03
903	-1.095254e+03
904	-1.122277e+03
905	-1.119537e+03
906	-1.137558e+03
907	-1.122027e+03
908	-1.112021e+03
909	-1.111084e+03
910	-1.117304e+03
911	-1.114023e+03
912	-1.118194e+03
913	-1.103571e+03
914	-1.111525e+03
915	-1.084057e+03
916	-1.111591e+03
917	-1.124633e+03
918	-1.084075e+03
919	-1.106245e+03
920	-1.110844e+03
921	-1.105593e+03
922	-1.115938e+03
923	-1.109849e+03
924	-1.113283e+03
925	-1.096132e+03
926	-1.108936e+03
927	-1.130977e+03
928	-1.096300e+03
929	-1.104219e+03
930	-1.121085e+03
931	-1.129017e+03
932	-1.106828e+03
933	-1.111530e+03
934	-1.102604e+03
935	-1.107824e+03
936	-1.111068e+03
937	-1.122112e+03
938	-1.093622e+03
939	-1.127298e+03
940	-1.104428e+03
941	-1.102417e+03
942	-1.121503e+03
943	-1.105769e+03
944	-1.107190e+03
945	-1.114462e+03
946	-1.123253e+03
947	-1.123768e+03
948	-1.116448e+03
949	-1.087038e+03
950	-1.113436e+03
951	-1.090819e+03
952	-1.123971e+03
953	-1.112065e+03
954	-1.099616e+03
955	-1.123206e+03
956	-1.108484e+03
957	-1.084587e+03
958	-1.102969e+03
959	-1.120268e+03
960	-1.114670e+03
961	-1.112149e+03
962	-1.137571e+03
963	-1.110589e+03
964	-1.092907e+03
965	-1.125873e+03
966	-1.107544e+03
967	-1.107576e+03
968	-1.110335e+03
969	-1.097708e+03
970	-1.107893e+03
971	-1.106168e+03
972	-1.082546e+03
973	-1.115657e+03
974	-1.112333e+03
975	-1.098691e+03
976	-1.105577e+03
977	-1.114402e+03
978	-1.093677e+03
979	-1.092502e+03
980	-1.114972e+03
981	-1.116761e+03
982	-1.117726e+03
983	-1.108760e+03
984	-1.113880e+03
985	-1.132946e+03
986	-1.119561e+03
987	-1.122670e+03
988	-1.103859e+03
989	-1.104454e+03
990	-1.106542e+03
991	-1.108364e+03
992	-1.116662e+03
993	-1.129354e+03
994	-1.113699e+03
995	-1.117242e+03
996	-1.102968e+03
997	-1.097707e+03
998	-1.124650e+03
999	-1.126367e+03
1000	-1.109194e+03
1001	-1.114681e+03
1002	-1.123031e+03
1003	-1.095779e+03
1004	-1.094383e+03
1005	-1.093295e+03
1006	-1.102883e+03
1007	-1.113332e+03
1008	-1.113216e+03
1009	-1.121809e+03
1010	-1.095952e+03
1011	-1.096694e+03
1012	-1.120292e+03
1013	-1.097605e+03
1014	-1.112376e+03
1015	-1.125970e+03
1016	-1.122740e+03
1017	-1.142899e+03
1018	-1.105195e+03
1019	-1.116461e+03
1020	-1.108491e+03
1021	-1.118534e+03
1022	-1.115760e+03
1023	-1.124178e+03
1024	-1.108131e+03
1025	-1.110667e+03
1026	-1.119561e+03
1027	-1.123047e+03
1028	-1.108635e+03
1029	-1.106516e+03
1030	-1.118021e+03
1031	-1.095508e+03
1032	-1.116233e+03
1033	-1.106973e+03
1034	-1.127902e+03
1035	-1.109271e+03
1036	-1.103294e+03
1037	-1.101457e+03
1038	-1.104181e+03
1039	-1.114372e+03
1040	-1.099760e+03
1041	-1.098035e+03
1042	-1.117007e+03
1043	-1.110510e+03
1044	-1.102598e+03
1045	-1.117864e+03
1046	-1.114496e+03
1047	-1.107947e+03
1048	-1.126181e+03
1049	-1.121170e+03
1050	-1.098570e+03
1051	-1.107055e+03
1052	-1.093208e+03
1053	-1.115885e+03
1054	-1.115054e+03
1055	-1.132714e+03
1056	-1.084276e+03
1057	-1.108663e+03
1058	-1.096092e+03
1059	-1.092528e+03
1060	-1.121406e+03
1061	-1.093868e+03
1062	-1.107153e+03
1063	-1.100022e+03
1064	-1.088637e+03
1065	-1.103743e+03
1066	-1.106015e+03
1067	-1.115735e+03
1068	-1.100165e+03
1069	-1.098604e+03
1070	-1.122212e+03
1071	-1.101275e+03
1072	-1.110262e+03
1073	-1.115123e+03
1074	-1.112056e+03
1075	-1.120193e+03
1076	-1.114632e+03
1077	-1.097916e+03
1078	-1.116398e+03
1079	-1.103298e+03
1080	-1.117636e+03
1081	-1.118090e+03
1082	-1.124488e+03
1083	-1.109134e+03
1084	-1.130166e+03
1085	-1.111009e+03
1086	-1.117037e+03
1087	-1.125354e+03
1088	-1.099335e+03
1089	-1.109027e+03
1090	-1.125408e+03
1091	-1.107285e+03
1092	-1.113073e+03
1093	-1.109506e+03
1094	-1.107095e+03
1095	-1.097132e+03
1096	-1.126028e+03
1097	-1.111544e+03
1098	-1.105812e+03
1099	-1.118453e+03
1100	-1.116581e+03
1101	-1.101340e+03
1102	-1.119808e+03
1103	-1.117487e+03
1104	-1.107098e+03
1105	-1.108284e+03
1106	-1.113231e+03
1107	-1.105192e+03
1108	-1.105221e+03
1109	-1.100416e+03
1110	-1.101371e+03
1111	-1.116402e+03
1112	-1.122588e+03
1113	-1.110305e+03
1114	-1.124909e+03
1115	-1.111913e+03
1116	-1.104105e+03
1117	-1.125470e+03
1118	-1.131460e+03
1119	-1.118402e+03
1120	-1.130360e+03
1121	-1.112137e+03
1122	-1.119570e+03
1123	-1.123114e+03
1124	-1.106488e+03
1125	-1.102971e+03
1126	-1.096470e+03
1127	-1.110777e+03
1128	-1.100139e+03
1129	-1.107494e+03
1130	-1.097531e+03
1131	-1.107179e+03
1132	-1.125171e+03
1133	-1.099653e+03
1134	-1.120620e+03
1135	-1.107279e+03
1136	-1.114604e+03
1137	-1.110281e+03
1138	-1.110970e+03
1139	-1.100511e+03
1140	-1.118920e+03
1141	-1.119349e+03
1142	-1.108023e+03
1143	-1.122598e+03
1144	-1.102781e+03
1145	-1.115045e+03
1146	-1.121290e+03
1147	-1.111530e+03
1148	-1.102585e+03
1149	-1.097078e+03
1150	-1.100972e+03
1151	-1.118125e+03
1152	-1.120304e+03
1153	-1.112456e+03
1154	-1.117998e+03
1155	-1.094193e+03
1156	-1.108387e+03
1157	-1.123680e+03
1158	-1.113161e+03
1159	-1.102963e+03
1160	-1.115461e+03
1161	-1.105527e+03
1162	-1.125253e+03
1163	-1.111171e+03
1164	-1.088991e+03
1165	-1.098174e+03
1166	-1.101091e+03
1167	-1.120589e+03
1168	-1.115774e+03
1169	-1.113193e+03
1170	-1.111941e+03
1171	-1.119392e+03
1172	-1.102997e+03
1173	-1.113044e+03
1174	-1.125446e+03
1175	-1.120756e+03
1176	-1.103316e+03
1177	-1.075453e+03
1178	-1.132415e+03
1179	-1.097976e+03
1180	-1.114738e+03
1181	-1.114154e+03
1182	-1.138836e+03
1183	-1.109299e+03
1184	-1.099620e+03
1185	-1.128921e+03
1186	-1.112728e+03
1187	-1.120111e+03
1188	-1.121193e+03
1189	-1.133617e+03
1190	-1.120502e+03
1191	-1.119363e+03
1192	-1.105531e+03
1193	-1.102571e+03
1194	-1.116080e+03
1195	-1.109751e+03
1196	-1.106144e+03
1197	-1.109916e+03
1198	-1.113326e+03
1199	-1.111560e+03
1200	-1.088873e+03
1201	-1.107749e+03
1202	-1.089933e+03
1203	-1.128025e+03
1204	-1.121863e+03
1205	-1.110975e+03
1206	-1.097567e+03
1207	-1.115853e+03
1208	-1.118440e+03
1209	-1.116722e+03
1210	-1.130467e+03
1211	-1.105777e+03
1212	-1.133941e+03
1213	-1.117221e+03
1214	-1.105114e+03
1215	-1.110040e+03
1216	-1.125560e+03
1217	-1.115967e+03
1218	-1.128561e+03
1219	-1.115723e+03
1220	-1.133482e+03
1221	-1.131352e+03
1222	-1.113052e+03
1223	-1.132345e+03
1224	-1.118253e+03
1225	-1.117886e+03
1226	-1.113540e+03
1227	-1.125248e+03
1228	-1.125864e+03
1229	-1.124529e+03
1230	-1.113801e+03
1231	-1.097026e+03
1232	-1.111333e+03
1233	-1.107277e+03
1234	-1.103470e+03
1235	-1.117862e+03
1236	-1.105236e+03
1237	-1.105820e+03
1238	-1.132860e+03
1239	-1.126702e+03
1240	-1.109082e+03
1241	-1.109550e+03
1242	-1.122708e+03
1243	-1.103470e+03
1244	-1.113397e+03
1245	-1.103159e+03
1246	-1.107104e+03
1247	-1.128046e+03
1248	-1.091825e+03
1249	-1.102123e+03
1250	-1.112554e+03
1251	-1.097611e+03
1252	-1.126620e+03
1253	-1.104358e+03
1254	-1.112803e+03
1255	-1.125894e+03
1256	-1.112885e+03
1257	-1.100862e+03
1258	-1.112469e+03
1259	-1.110929e+03
1260	-1.115492e+03
1261	-1.120426e+03
1262	-1.118729e+03
1263	-1.127467e+03
1264	-1.098951e+03
1265	-1.106842e+03
1266	-1.116101e+03
1267	-1.106767e+03
1268	-1.116340e+03
1269	-1.115514e+03
1270	-1.113787e+03
1271	-1.108868e+03
1272	-1.118541e+03
1273	-1.106243e+03
1274	-1.080060e+03
1275	-1.119857e+03
1276	-1.101685e+03
1277	-1.115891e+03
1278	-1.107741e+03
1279	-1.093203e+03
1280	-1.097446e+03
1281	-1.112011e+03
1282	-1.118888e+03
1283	-1.132570e+03
1284	-1.131399e+03
1285	-1.093546e+03
1286	-1.113536e+03
1287	-1.105268e+03
1288	-1.089333e+03
1289	-1.111924e+03
1290	-1.112529e+03
1291	-1.121609e+03
1292	-1.116141e+03
1293	-1.110661e+03
1294	-1.114298e+03
1295	-1.124907e+03
1296	-1.110840e+03
1297	-1.097376e+03
1298	-1.104474e+03
1299	-1.119208e+03
1300	-1.121172e+03
1301	-1.091914e+03
1302	-1.105057e+03
1303	-1.095376e+03
1304	-1.124647e+03
1305	-1.103952e+03
1306	-1.105979e+03
1307	-1.113862e+03
1308	-1.119999e+03
1309	-1.111983e+03
1310	-1.111037e+03
1311	-1.106920e+03
1312	-1.118875e+03
1313	-1.080803e+03
1314	-1.119763e+03
1315	-1.135171e+03
1316	-1.110168e+03
1317	-1.132485e+03
1318	-1.113055e+03
1319	-1.106775e+03
1320	-1.138142e+03
1321	-1.097443e+03
1322	-1.122452e+03
1323	-1.111465e+03
1324	-1.105833e+03
1325	-1.105361e+03
1326	-1.087960e+03
1327	-1.115249e+03
1328	-1.114511e+03
1329	-1.113373e+03
1330	-1.110990e+03
1331	-1.110760e+03
1332	-1.102257e+03
1333	-1.096047e+03
1334	-1.102144e+03
1335	-1.119674e+03
1336	-1.130483e+03
1337	-1.135028e+03
1338	-1.111997e+03
1339	-1.118593e+03
1340	-1.096998e+03
1341	-1.091777e+03
1342	-1.107337e+03
1343	-1.089244e+03
1344	-1.127013e+03
1345	-1.127530e+03
1346	-1.134522e+03
1347	-1.098339e+03
1348	-1.107691e+03
1349	-1.108447e+03
1350	-1.117483e+03
1351	-1.102326e+03
1352	-1.115495e+03
1353	-1.127231e+03
1354	-1.114536e+03
1355	-1.095922e+03
1356	-1.110967e+03
1357	-1.106466e+03
1358	-1.117447e+03
1359	-1.102887e+03
1360	-1.119408e+03
1361	-1.094178e+03
1362	-1.109721e+03
1363	-1.120621e+03
1364	-1.107552e+03
1365	-1.122584e+03
1366	-1.116884e+03
1367	-1.123661e+03
1368	-1.117237e+03
1369	-1.099123e+03
1370	-1.100334e+03
1371	-1.127612e+03
1372	-1.117993e+03
1373	-1.099963e+03
1374	-1.105350e+03
1375	-1.095151e+03
1376	-1.096184e+03
1377	-1.088535e+03
1378	-1.096976e+03
1379	-1.099784e+03
1380	-1.117968e+03
1381	-1.130527e+03
1382	-1.107205e+03
1383	-1.097877e+03
1384	-1.095231e+03
1385	-1.118529e+03
1386	-1.086803e+03
1387	-1.104961e+03
1388	-1.110567e+03
1389	-1.107703e+03
1390	-1.114703e+03
1391	-1.115024e+03
1392	-1.103323e+03
1393	-1.115345e+03
1394	-1.096919e+03
1395	-1.118804e+03
1396	-1.092850e+03
1397	-1.105359e+03
1398	-1.115180e+03
1399	-1.094653e+03
1400	-1.141758e+03
1401	-1.117491e+03
1402	-1.103130e+03
1403	-1.112220e+03
1404	-1.122788e+03
1405	-1.128143e+03
1406	-1.124262e+03
1407	-1.122195e+03
1408	-1.103324e+03
1409	-1.101379e+03
1410	-1.082299e+03
1411	-1.111292e+03
1412	-1.103894e+03
1413	-1.133980e+03
1414	-1.097254e+03
1415	-1.127389e+03
1416	-1.101595e+03
1417	-1.116552e+03
1418	-1.123769e+03
1419	-1.121691e+03
1420	-1.128212e+03
1421	-1.096468e+03
1422	-1.110325e+03
1423	-1.105315e+03
1424	-1.122693e+03
1425	-1.127536e+03
1426	-1.127807e+03
1427	-1.123172e+03
1428	-1.129201e+03
1429	-1.101798e+03
1430	-1.114462e+03
1431	-1.109972e+03
1432	-1.116600e+03
1433	-1.106049e+03
1434	-1.085421e+03
1435	-1.101055e+03
1436	-1.104537e+03
1437	-1.099513e+03
1438	-1.095433e+03
1439	-1.114831e+03
1440	-1.102146e+03
1441	-1.135225e+03
1442	-1.101710e+03
1443	-1.111216e+03
1444	-1.101105e+03
1445	-1.102321e+03
1446	-1.106344e+03
1447	-1.100498e+03
1448	-1.116341e+03
1449	-1.111009e+03
1450	-1.120965e+03
1451	-1.098717e+03
1452	-1.101429e+03
1453	-1.101767e+03
1454	-1.102180e+03
1455	-1.117960e+03
1456	-1.094913e+03
1457	-1.107914e+03
1458	-1.107326e+03
1459	-1.124639e+03
1460	-1.118191e+03
1461	-1.120922e+03
1462	-1.106767e+03
1463	-1.125574e+03
1464	-1.108652e+03
1465	-1.107792e+03
1466	-1.122270e+03
1467	-1.095496e+03
1468	-1.110936e+03
1469	-1.117652e+03
1470	-1.110938e+03
1471	-1.130796e+03
1472	-1.094611e+03
1473	-1.110725e+03
1474	-1.116597e+03
1475	-1.098320e+03
1476	-1.122572e+03
1477	-1.113768e+03
1478	-1.101803e+03
1479	-1.117245e+03
1480	-1.104844e+03
1481	-1.098245e+03
1482	-1.107026e+03
1483	-1.127666e+03
1484	-1.110476e+03
1485	-1.127190e+03
1486	-1.121759e+03
1487	-1.123538e+03
1488	-1.105565e+03
1489	-1.099563e+03
1490	-1.096834e+03
1491	-1.110376e+03
1492	-1.112978e+03
1493	-1.110399e+03
1494	-1.108212e+03
1495	-1.095621e+03
1496	-1.104212e+03
1497	-1.096548e+03
1498	-1.129301e+03
1499	-1.117552e+03
1500	-1.107573e+03
1501	-1.113074e+03
1502	-1.139378e+03
1503	-1.101677e+03
1504	-1.116978e+03
1505	-1.120088e+03
1506	-1.118129e+03
1507	-1.124092e+03
1508	-1.123427e+03
1509	-1.120717e+03
1510	-1.103675e+03
1511	-1.111414e+03
1512	-1.108626e+03
1513	-1.115058e+03
1514	-1.126979e+03
1515	-1.099944e+03
1516	-1.104913e+03
1517	-1.126390e+03
1518	-1.109492e+03
1519	-1.113038e+03
1520	-1.108102e+03
1521	-1.105442e+03
1522	-1.120533e+03
1523	-1.107960e+03
1524	-1.117493e+03
1525	-1.108874e+03
1526	-1.090224e+03
1527	-1.102871e+03
1528	-1.140835e+03
1529	-1.114815e+03
1530	-1.108686e+03
1531	-1.113110e+03
1532	-1.106872e+03
1533	-1.113267e+03
1534	-1.113878e+03
1535	-1.092637e+03
1536	-1.114214e+03
1537	-1.091673e+03
1538	-1.101434e+03
1539	-1.112454e+03
1540	-1.110437e+03
1541	-1.116328e+03
1542	-1.109739e+03
1543	-1.114504e+03
1544	-1.097031e+03
1545	-1.086132e+03
1546	-1.113693e+03
1547	-1.112561e+03
1548	-1.116851e+03
1549	-1.097348e+03
1550	-1.106665e+03
1551	-1.112736e+03
1552	-1.126045e+03
1553	-1.113543e+03
1554	-1.115035e+03
1555	-1.119899e+03
1556	-1.115271e+03
1557	-1.122048e+03
1558	-1.115360e+03
1559	-1.107899e+03
1560	-1.112358e+03
1561	-1.140177e+03
1562	-1.091399e+03
1563	-1.106094e+03
1564	-1.127094e+03
1565	-1.100883e+03
1566	-1.092358e+03
1567	-1.113583e+03
1568	-1.111461e+03
1569	-1.115576e+03
1570	-1.121364e+03
1571	-1.100466e+03
1572	-1.127889e+03
1573	-1.112055e+03
1574	-1.093336e+03
1575	-1.105130e+03
1576	-1.094992e+03
1577	-1.107640e+03
1578	-1.118754e+03
1579	-1.117639e+03
1580	-1.100758e+03
1581	-1.113490e+03
1582	-1.117327e+03
1583	-1.108489e+03
1584	-1.100080e+03
1585	-1.105257e+03
1586	-1.118855e+03
1587	-1.119040e+03
1588	-1.118311e+03
1589	-1.099874e+03
1590	-1.088206e+03
1591	-1.102884e+03
1592	-1.141155e+03
1593	-1.123033e+03
1594	-1.106986e+03
1595	-1.099827e+03
1596	-1.119390e+03
1597	-1.116914e+03
1598	-1.136415e+03
1599	-1.103055e+03
1600	-1.113586e+03
1601	-1.127420e+03
1602	-1.121983e+03
1603	-1.119861e+03
1604	-1.115317e+03
1605	-1.118766e+03
1606	-1.104611e+03
1607	-1.107448e+03
1608	-1.117402e+03
1609	-1.121627e+03
1610	-1.105868e+03
1611	-1.105229e+03
1612	-1.128527e+03
1613	-1.136692e+03
1614	-1.085506e+03
1615	-1.098816e+03
1616	-1.134013e+03
1617	-1.118554e+03
1618	-1.108646e+03
1619	-1.124021e+03
1620	-1.112480e+03
1621	-1.097290e+03
1622	-1.106146e+03
1623	-1.102731e+03
1624	-1.107436e+03
1625	-1.107715e+03
1626	-1.098659e+03
1627	-1.119276e+03
1628	-1.099262e+03
1629	-1.104680e+03
1630	-1.109922e+03
1631	-1.110948e+03
1632	-1.095449e+03
1633	-1.136942e+03
1634	-1.111247e+03
1635	-1.111134e+03
1636	-1.128677e+03
1637	-1.100032e+03
1638	-1.098254e+03
1639	-1.104989e+03
1640	-1.125587e+03
1641	-1.121546e+03
1642	-1.121109e+03
1643	-1.137337e+03
1644	-1.104870e+03
1645	-1.103775e+03
1646	-1.112609e+03
1647	-1.113591e+03
1648	-1.113716e+03
1649	-1.096173e+03
1650	-1.114972e+03
1651	-1.112213e+03
1652	-1.117218e+03
1653	-1.127914e+03
1654	-1.127354e+03
1655	-1.130588e+03
1656	-1.108942e+03
1657	-1.113930e+03
1658	-1.110204e+03
1659	-1.090140e+03
1660	-1.103169e+03
1661	-1.111158e+03
1662	-1.112888e+03
1663	-1.119858e+03
1664	-1.090247e+03
1665	-1.111074e+03
1666	-1.107389e+03
1667	-1.107314e+03
1668	-1.132817e+03
1669	-1.108999e+03
1670	-1.109441e+03
1671	-1.126709e+03
1672	-1.117867e+03
1673	-1.126461e+03
1674	-1.122816e+03
1675	-1.130824e+03
1676	-1.111824e+03
1677	-1.125717e+03
1678	-1.117656e+03
1679	-1.115940e+03
1680	-1.123773e+03
1681	-1.109006e+03
1682	-1.113820e+03
1683	-1.102115e+03
1684	-1.113212e+03
1685	-1.102381e+03
1686	-1.107614e+03
1687	-1.121281e+03
1688	-1.131346e+03
1689	-1.110224e+03
1690	-1.115985e+03
1691	-1.124810e+03
1692	-1.126651e+03
1693	-1.108486e+03
1694	-1.103021e+03
1695	-1.100582e+03
1696	-1.108943e+03
1697	-1.095433e+03
1698	-1.094832e+03
1699	-1.133986e+03
1700	-1.108567e+03
1701	-1.115537e+03
1702	-1.120795e+03
1703	-1.092944e+03
1704	-1.116329e+03
1705	-1.111824e+03
1706	-1.107503e+03
1707	-1.083473e+03
1708	-1.107288e+03
1709	-1.095536e+03
1710	-1.113206e+03
1711	-1.120978e+03
1712	-1.112975e+03
1713	-1.109517e+03
1714	-1.110633e+03
1715	-1.121813e+03
1716	-1.109350e+03
1717	-1.103069e+03
1718	-1.127048e+03
1719	-1.111948e+03
1720	-1.125634e+03
1721	-1.138069e+03
1722	-1.103748e+03
1723	-1.094667e+03
1724	-1.116283e+03
1725	-1.123938e+03
1726	-1.105841e+03
1727	-1.107442e+03
1728	-1.100928e+03
1729	-1.127318e+03
1730	-1.116582e+03
1731	-1.110065e+03
1732	-1.135959e+03
1733	-1.117553e+03
1734	-1.117561e+03
1735	-1.113192e+03
1736	-1.105920e+03
1737	-1.124133e+03
1738	-1.135832e+03
1739	-1.107501e+03
1740	-1.097284e+03
1741	-1.126323e+03
1742	-1.111038e+03
1743	-1.103401e+03
1744	-1.117046e+03
1745	-1.120069e+03
1746	-1.104562e+03
1747	-1.120309e+03
1748	-1.128310e+03
1749	-1.108409e+03
1750	-1.115858e+03
1751	-1.085454e+03
1752	-1.116998e+03
1753	-1.096552e+03
1754	-1.114190e+03
1755	-1.120105e+03
1756	-1.114639e+03
1757	-1.121654e+03
1758	-1.127954e+03
1759	-1.120300e+03
1760	-1.094120e+03
1761	-1.102436e+03
1762	-1.114769e+03
1763	-1.089300e+03
1764	-1.109916e+03
1765	-1.117342e+03
1766	-1.106987e+03
1767	-1.122671e+03
1768	-1.107069e+03
1769	-1.124978e+03
1770	-1.114411e+03
1771	-1.091354e+03
1772	-1.122481e+03
1773	-1.096132e+03
1774	-1.101523e+03
1775	-1.112379e+03
1776	-1.117708e+03
1777	-1.117602e+03
1778	-1.121894e+03
1779	-1.117536e+03
1780	-1.108411e+03
1781	-1.105866e+03
1782	-1.108718e+03
1783	-1.115411e+03
1784	-1.099974e+03
1785	-1.108718e+03
1786	-1.115888e+03
1787	-1.105611e+03
1788	-1.126491e+03
1789	-1.118391e+03
1790	-1.106436e+03
1791	-1.107627e+03
1792	-1.083286e+03
1793	-1.111602e+03
1794	-1.118647e+03
1795	-1.105056e+03
1796	-1.103173e+03
1797	-1.104614e+03
1798	-1.119902e+03
1799	-1.125267e+03
1800	-1.109060e+03
1801	-1.089767e+03
1802	-1.121531e+03
1803	-1.117256e+03
1804	-1.100937e+03
1805	-1.123492e+03
1806	-1.138067e+03
1807	-1.094614e+03
1808	-1.113225e+03
1809	-1.103732e+03
1810	-1.127675e+03
1811	-1.102627e+03
1812	-1.112016e+03
1813	-1.121067e+03
1814	-1.097761e+03
1815	-1.104522e+03
1816	-1.098978e+03
1817	-1.102569e+03
1818	-1.107822e+03
1819	-1.127958e+03
1820	-1.095312e+03
1821	-1.107983e+03
1822	-1.118028e+03
1823	-1.099857e+03
1824	-1.098220e+03
1825	-1.110716e+03
1826	-1.122599e+03
1827	-1.129492e+03
1828	-1.127120e+03
1829	-1.097907e+03
1830	-1.122057e+03
1831	-1.114224e+03
1832	-1.103573e+03
1833	-1.105211e+03
1834	-1.115704e+03
1835	-1.110024e+03
1836	-1.098413e+03
1837	-1.113432e+03
1838	-1.085814e+03
1839	-1.116964e+03
1840	-1.108498e+03
1841	-1.124965e+03
1842	-1.114348e+03
1843	-1.107957e+03
1844	-1.102944e+03
1845	-1.124115e+03
1846	-1.120160e+03
1847	-1.103184e+03
1848	-1.127132e+03
1849	-1.095289e+03
1850	-1.131470e+03
1851	-1.089836e+03
1852	-1.127025e+03
1853	-1.113144e+03
1854	-1.110371e+03
1855	-1.113353e+03
1856	-1.122220e+03
1857	-1.137197e+03
1858	-1.122710e+03
1859	-1.115315e+03
1860	-1.124826e+03
1861	-1.096637e+03
1862	-1.111344e+03
1863	-1.123594e+03
1864	-1.110918e+03
1865	-1.116723e+03
1866	-1.116830e+03
1867	-1.124415e+03
1868	-1.100544e+03
1869	-1.106906e+03
1870	-1.110095e+03
1871	-1.123208e+03
1872	-1.114004e+03
1873	-1.112904e+03
1874	-1.119240e+03
1875	-1.112101e+03
1876	-1.113075e+03
1877	-1.116833e+03
1878	-1.113990e+03
1879	-1.107497e+03
1880	-1.133778e+03
1881	-1.125259e+03
1882	-1.092563e+03
1883	-1.115627e+03
1884	-1.112684e+03
1885	-1.119777e+03
1886	-1.113456e+03
1887	-1.107505e+03
1888	-1.123542e+03
1889	-1.102203e+03
1890	-1.100081e+03
1891	-1.112727e+03
1892	-1.114875e+03
1893	-1.100897e+03
1894	-1.121874e+03
1895	-1.098145e+03
1896	-1.128316e+03
1897	-1.122255e+03
1898	-1.111542e+03
1899	-1.105934e+03
1900	-1.115767e+03
1901	-1.116188e+03
1902	-1.116729e+03
1903	-1.130406e+03
1904	-1.111516e+03
1905	-1.121982e+03
1906	-1.096418e+03
1907	-1.127774e+03
1908	-1.109586e+03
1909	-1.105246e+03
1910	-1.113161e+03
1911	-1.124122e+03
1912	-1.103977e+03
1913	-1.119404e+03
1914	-1.106955e+03
1915	-1.115822e+03
1916	-1.108883e+03
1917	-1.104266e+03
1918	-1.116554e+03
1919	-1.112296e+03
1920	-1.108074e+03
1921	-1.105689e+03
1922	-1.103719e+03
1923	-1.101211e+03
1924	-1.117629e+03
1925	-1.118149e+03
1926	-1.108429e+03
1927	-1.125489e+03
1928	-1.119898e+03
1929	-1.125377e+03
1930	-1.119127e+03
1931	-1.116815e+03
1932	-1.111689e+03
1933	-1.106609e+03
1934	-1.115463e+03
1935	-1.094062e+03
1936	-1.112390e+03
1937	-1.122947e+03
1938	-1.114151e+03
1939	-1.123145e+03
1940	-1.116865e+03
1941	-1.120307e+03
1942	-1.088030e+03
1943	-1.118382e+03
1944	-1.103238e+03
1945	-1.106293e+03
1946	-1.105290e+03
1947	-1.111771e+03
1948	-1.097007e+03
1949	-1.101863e+03
1950	-1.113636e+03
1951	-1.100959e+03
1952	-1.118779e+03
1953	-1.112925e+03
1954	-1.125367e+03
1955	-1.117750e+03
1956	-1.137829e+03
1957	-1.104355e+03
1958	-1.101008e+03
1959	-1.115736e+03
1960	-1.097310e+03
1961	-1.114674e+03
1962	-1.107993e+03
1963	-1.135328e+03
1964	-1.111710e+03
1965	-1.096400e+03
1966	-1.125463e+03
1967	-1.101293e+03
1968	-1.112939e+03
1969	-1.109592e+03
1970	-1.120673e+03
1971	-1.113316e+03
1972	-1.106173e+03
1973	-1.127601e+03
1974	-1.110403e+03
1975	-1.126812e+03
1976	-1.071614e+03
1977	-1.100554e+03
1978	-1.119545e+03
1979	-1.133239e+03
1980	-1.108337e+03
1981	-1.118526e+03
1982	-1.116657e+03
1983	-1.120714e+03
1984	-1.103908e+03
1985	-1.109832e+03
1986	-1.120465e+03
1987	-1.108531e+03
1988	-1.093768e+03
1989	-1.097382e+03
1990	-1.097067e+03
1991	-1.120867e+03
1992	-1.112989e+03
1993	-1.112531e+03
1994	-1.092496e+03
1995	-1.109632e+03
1996	-1.091913e+03
1997	-1.126777e+03
1998	-1.104413e+03
1999	-1.116241e+03
2000	-1.111137e+03
2001	-1.102684e+03
2002	-1.112091e+03
2003	-1.108179e+03
2004	-1.110507e+03
2005	-1.095541e+03
2006	-1.112876e+03
2007	-1.111484e+03
2008	-1.117934e+03
2009	-1.123359e+03
2010	-1.115934e+03
2011	-1.113133e+03
2012	-1.093320e+03
2013	-1.125452e+03
2014	-1.109578e+03
2015	-1.099831e+03
2016	-1.113308e+03
2017	-1.121714e+03
2018	-1.108995e+03
2019	-1.097523e+03
2020	-1.103617e+03
2021	-1.101274e+03
2022	-1.102872e+03
2023	-1.108841e+03
2024	-1.106634e+03
2025	-1.097535e+03
2026	-1.119451e+03
2027	-1.100700e+03
2028	-1.125453e+03
2029	-1.130151e+03
2030	-1.121836e+03
2031	-1.111845e+03
2032	-1.099588e+03
2033	-1.101350e+03
2034	-1.108743e+03
2035	-1.108040e+03
2036	-1.121368e+03
2037	-1.115250e+03
2038	-1.107064e+03
2039	-1.110709e+03
2040	-1.114987e+03
2041	-1.113349e+03
2042	-1.101097e+03
2043	-1.117435e+03
2044	-1.110991e+03
2045	-1.102045e+03
2046	-1.119984e+03
2047	-1.109569e+03
2048	-1.119341e+03
2049	-1.121662e+03
2050	-1.119923e+03
2051	-1.108607e+03
2052	-1.115513e+03
2053	-1.116120e+03
2054	-1.117560e+03
2055	-1.100878e+03
2056	-1.125681e+03
2057	-1.117882e+03
2058	-1.114922e+03
2059	-1.115485e+03
2060	-1.114107e+03
2061	-1.113993e+03
2062	-1.095895e+03
2063	-1.110456e+03
2064	-1.117699e+03
2065	-1.117621e+03
2066	-1.131360e+03
2067	-1.109439e+03
2068	-1.116912e+03
2069	-1.102588e+03
2070	-1.104266e+03
2071	-1.123266e+03
2072	-1.100825e+03
2073	-1.108295e+03
2074	-1.104158e+03
2075	-1.123637e+03
2076	-1.110725e+03
2077	-1.098258e+03
2078	-1.134361e+03
2079	-1.104855e+03
2080	-1.117012e+03
2081	-1.101063e+03
2082	-1.093970e+03
2083	-1.113957e+03
2084	-1.116837e+03
2085	-1.140043e+03
2086	-1.106809e+03
2087	-1.122646e+03
2088	-1.114825e+03
2089	-1.110776e+03
2090	-1.117664e+03
2091	-1.111404e+03
2092	-1.106879e+03
2093	-1.106900e+03
2094	-1.096036e+03
2095	-1.118494e+03
2096	-1.101390e+03
2097	-1.114811e+03
2098	-1.104276e+03
2099	-1.132635e+03
2100	-1.126796e+03
2101	-1.109637e+03
2102	-1.127559e+03
2103	-1.110920e+03
2104	-1.086591e+03
2105	-1.113538e+03
2106	-1.114843e+03
2107	-1.108369e+03
2108	-1.104370e+03
2109	-1.104347e+03
2110	-1.120361e+03
2111	-1.116824e+03
2112	-1.098924e+03
2113	-1.115682e+03
2114	-1.127898e+03
2115	-1.131230e+03
2116	-1.117683e+03
2117	-1.109953e+03
2118	-1.135872e+03
2119	-1.110830e+03
2120	-1.112465e+03
2121	-1.112677e+03
2122	-1.106620e+03
2123	-1.099663e+03
2124	-1.114086e+03
2125	-1.098540e+03
2126	-1.085187e+03
2127	-1.102505e+03
2128	-1.100777e+03
2129	-1.116991e+03
2130	-1.114860e+03
2131	-1.120216e+03
2132	-1.103204e+03
2133	-1.119331e+03
2134	-1.101021e+03
2135	-1.118983e+03
2136	-1.112546e+03
2137	-1.098591e+03
2138	-1.136927e+03
2139	-1.115244e+03
2140	-1.117294e+03
2141	-1.116462e+03
2142	-1.122380e+03
2143	-1.112462e+03
2144	-1.090481e+03
2145	-1.103737e+03
2146	-1.117545e+03
2147	-1.105535e+03
2148	-1.103089e+03
2149	-1.100877e+03
2150	-1.111094e+03
2151	-1.100603e+03
2152	-1.103380e+03
2153	-1.120112e+03
2154	-1.122089e+03
2155	-1.113420e+03
2156	-1.107950e+03
2157	-1.100545e+03
2158	-1.093927e+03
2159	-1.101837e+03
2160	-1.109960e+03
2161	-1.134959e+03
2162	-1.107617e+03
2163	-1.113978e+03
2164	-1.123091e+03
2165	-1.131794e+03
2166	-1.107405e+03
2167	-1.117265e+03
2168	-1.123115e+03
2169	-1.109040e+03
2170	-1.105775e+03
2171	-1.109413e+03
2172	-1.104459e+03
2173	-1.120671e+03
2174	-1.127849e+03
2175	-1.117127e+03
2176	-1.109085e+03
2177	-1.117534e+03
2178	-1.124257e+03
2179	-1.087631e+03
2180	-1.095538e+03
2181	-1.097623e+03
2182	-1.096732e+03
2183	-1.094197e+03
2184	-1.107711e+03
2185	-1.110519e+03
2186	-1.109028e+03
2187	-1.111707e+03
2188	-1.102844e+03
2189	-1.114133e+03
2190	-1.106907e+03
2191	-1.102755e+03
2192	-1.108935e+03
2193	-1.115035e+03
2194	-1.112672e+03
2195	-1.091581e+03
2196	-1.122358e+03
2197	-1.094902e+03
2198	-1.115148e+03
2199	-1.129376e+03
2200	-1.126656e+03
2201	-1.095615e+03
2202	-1.128471e+03
2203	-1.109030e+03
2204	-1.096635e+03
2205	-1.121918e+03
2206	-1.142083e+03
2207	-1.122516e+03
2208	-1.099930e+03
2209	-1.113604e+03
2210	-1.102032e+03
2211	-1.123140e+03
2212	-1.108798e+03
2213	-1.109660e+03
2214	-1.092683e+03
2215	-1.118673e+03
2216	-1.108537e+03
2217	-1.121464e+03
2218	-1.128951e+03
2219	-1.114216e+03
2220	-1.102180e+03
2221	-1.111588e+03
2222	-1.108293e+03
2223	-1.104169e+03
2224	-1.116280e+03
2225	-1.113810e+03
2226	-1.112045e+03
2227	-1.096162e+03
2228	-1.112534e+03
2229	-1.103582e+03
2230	-1.103892e+03
2231	-1.107720e+03
2232	-1.118175e+03
2233	-1.139776e+03
2234	-1.105646e+03
2235	-1.115735e+03
2236	-1.091186e+03
2237	-1.096870e+03
2238	-1.099690e+03
2239	-1.092634e+03
2240	-1.110474e+03
2241	-1.098381e+03
2242	-1.093901e+03
2243	-1.125682e+03
2244	-1.098374e+03
2245	-1.130462e+03
2246	-1.090279e+03
2247	-1.117764e+03
2248	-1.108027e+03
2249	-1.128393e+03
2250	-1.083779e+03
2251	-1.107701e+03
2252	-1.116719e+03
2253	-1.113301e+03
2254	-1.105954e+03
2255	-1.107643e+03
2256	-1.117418e+03
2257	-1.106551e+03
2258	-1.106466e+03
2259	-1.110045e+03
2260	-1.115991e+03
2261	-1.098389e+03
2262	-1.098332e+03
2263	-1.111964e+03
2264	-1.125176e+03
2265	-1.110160e+03
2266	-1.120881e+03
2267	-1.122673e+03
2268	-1.121958e+03
2269	-1.107533e+03
2270	-1.093419e+03
2271	-1.105779e+03
2272	-1.089768e+03
2273	-1.114620e+03
2274	-1.115175e+03
2275	-1.102136e+03
2276	-1.115188e+03
2277	-1.106841e+03
2278	-1.138394e+03
2279	-1.101316e+03
2280	-1.117618e+03
2281	-1.112454e+03
2282	-1.114243e+03
2283	-1.118770e+03
2284	-1.094789e+03
2285	-1.105615e+03
2286	-1.113955e+03
2287	-1.109884e+03
2288	-1.100285e+03
2289	-1.096949e+03
2290	-1.123336e+03
2291	-1.113294e+03
2292	-1.107377e+03
2293	-1.094252e+03
2294	-1.106594e+03
2295	-1.097984e+03
2296	-1.127420e+03
2297	-1.113052e+03
2298	-1.108522e+03
2299	-1.110680e+03
2300	-1.127448e+03
2301	-1.116705e+03
2302	-1.107223e+03
2303	-1.116479e+03
2304	-1.102573e+03
2305	-1.112313e+03
2306	-1.122807e+03
2307	-1.108124e+03
2308	-1.111408e+03
2309	-1.108398e+03
2310	-1.111086e+03
2311	-1.110830e+03
2312	-1.098353e+03
2313	-1.108183e+03
2314	-1.134883e+03
2315	-1.109291e+03
2316	-1.125956e+03
2317	-1.091731e+03
2318	-1.127856e+03
2319	-1.108564e+03
2320	-1.091742e+03
2321	-1.092736e+03
2322	-1.118441e+03
2323	-1.115774e+03
2324	-1.100168e+03
2325	-1.112389e+03
2326	-1.095028e+03
2327	-1.113884e+03
2328	-1.108274e+03
2329	-1.111137e+03
2330	-1.100655e+03
2331	-1.107674e+03
2332	-1.126258e+03
2333	-1.121925e+03
2334	-1.109622e+03
2335	-1.108840e+03
2336	-1.110085e+03
2337	-1.111313e+03
2338	-1.108382e+03
2339	-1.110588e+03
2340	-1.113112e+03
2341	-1.098828e+03
2342	-1.140601e+03
2343	-1.120572e+03
2344	-1.120696e+03
2345	-1.098721e+03
2346	-1.097406e+03
2347	-1.123801e+03
2348	-1.112396e+03
2349	-1.121004e+03
2350	-1.108564e+03
2351	-1.125526e+03
2352	-1.123753e+03
2353	-1.109127e+03
2354	-1.110230e+03
2355	-1.107843e+03
2356	-1.121470e+03
2357	-1.099152e+03
2358	-1.117328e+03
2359	-1.117264e+03
2360	-1.120421e+03
2361	-1.105358e+03
2362	-1.103757e+03
2363	-1.095989e+03
2364	-1.111133e+03
2365	-1.126639e+03
2366	-1.104497e+03
2367	-1.106842e+03
2368	-1.094162e+03
2369	-1.089082e+03
2370	-1.133191e+03
2371	-1.116293e+03
2372	-1.125274e+03
2373	-1.099015e+03
2374	-1.112200e+03
2375	-1.125148e+03
2376	-1.122681e+03
2377	-1.105386e+03
2378	-1.107960e+03
2379	-1.084318e+03
2380	-1.128905e+03
2381	-1.124086e+03
2382	-1.119410e+03
2383	-1.115532e+03
2384	-1.100908e+03
2385	-1.092909e+03
2386	-1.118593e+03
2387	-1.105770e+03
2388	-1.119059e+03
2389	-1.102300e+03
2390	-1.110367e+03
2391	-1.119969e+03
2392	-1.116938e+03
2393	-1.117577e+03
2394	-1.130739e+03
2395	-1.096422e+03
2396	-1.106621e+03
2397	-1.129822e+03
2398	-1.102292e+03
2399	-1.111934e+03
2400	-1.113827e+03
2401	-1.104863e+03
2402	-1.105661e+03
2403	-1.094292e+03
2404	-1.120352e+03
2405	-1.124589e+03
2406	-1.139218e+03
2407	-1.115608e+03
2408	-1.110001e+03
2409	-1.133238e+03
2410	-1.102949e+03
2411	-1.107449e+03
2412	-1.101125e+03
2413	-1.103336e+03
2414	-1.111318e+03
2415	-1.119185e+03
2416	-1.105773e+03
2417	-1.095051e+03
2418	-1.108169e+03
2419	-1.112304e+03
2420	-1.112588e+03
2421	-1.092898e+03
2422	-1.101538e+03
2423	-1.115708e+03
2424	-1.095625e+03
2425	-1.115044e+03
2426	-1.103251e+03
2427	-1.099356e+03
2428	-1.101501e+03
2429	-1.125809e+03
2430	-1.100409e+03
2431	-1.119730e+03
2432	-1.119502e+03
2433	-1.105361e+03
2434	-1.121728e+03
2435	-1.115620e+03
2436	-1.107981e+03
2437	-1.126154e+03
2438	-1.105954e+03
2439	-1.132852e+03
2440	-1.113402e+03
2441	-1.124264e+03
2442	-1.116299e+03
2443	-1.094420e+03
2444	-1.106348e+03
2445	-1.105775e+03
2446	-1.093735e+03
2447	-1.116434e+03
2448	-1.128138e+03
2449	-1.096105e+03
2450	-1.094845e+03
2451	-1.118386e+03
2452	-1.107892e+03
2453	-1.115896e+03
2454	-1.112782e+03
2455	-1.109519e+03
2456	-1.101018e+03
2457	-1.103982e+03
2458	-1.103402e+03
2459	-1.124387e+03
2460	-1.110873e+03
2461	-1.110287e+03
2462	-1.126435e+03
2463	-1.123784e+03
2464	-1.113282e+03
2465	-1.119863e+03
2466	-1.101287e+03
2467	-1.112489e+03
2468	-1.110767e+03
2469	-1.108149e+03
2470	-1.107307e+03
2471	-1.105110e+03
2472	-1.115103e+03
2473	-1.121987e+03
2474	-1.119105e+03
2475	-1.119996e+03
2476	-1.106816e+03
2477	-1.120214e+03
2478	-1.107277e+03
2479	-1.094547e+03
2480	-1.114344e+03
2481	-1.108874e+03
2482	-1.110203e+03
2483	-1.116202e+03
2484	-1.105154e+03
2485	-1.126623e+03
2486	-1.106594e+03
2487	-1.109574e+03
2488	-1.113640e+03
2489	-1.092264e+03
2490	-1.103699e+03
2491	-1.111534e+03
2492	-1.109007e+03
2493	-1.106760e+03
2494	-1.112177e+03
2495	-1.108603e+03
2496	-1.118183e+03
2497	-1.110858e+03
2498	-1.103911e+03
2499	-1.118955e+03
2500	-1.112169e+03
2501	-1.100868e+03
2502	-1.090416e+03
2503	-1.117685e+03
2504	-1.118355e+03
2505	-1.116618e+03
2506	-1.122433e+03
2507	-1.104378e+03
2508	-1.114662e+03
2509	-1.105566e+03
2510	-1.117610e+03
2511	-1.104682e+03
2512	-1.114548e+03
2513	-1.102772e+03
2514	-1.098441e+03
2515	-1.117125e+03
2516	-1.112521e+03
2517	-1.101927e+03
2518	-1.122697e+03
2519	-1.113487e+03
2520	-1.108825e+03
2521	-1.106812e+03
2522	-1.108177e+03
2523	-1.101115e+03
2524	-1.110383e+03
2525	-1.091839e+03
2526	-1.116197e+03
2527	-1.112707e+03
2528	-1.109976e+03
2529	-1.118845e+03
2530	-1.093953e+03
2531	-1.100189e+03
2532	-1.112755e+03
2533	-1.117074e+03
2534	-1.107899e+03
2535	-1.126037e+03
2536	-1.119894e+03
2537	-1.119861e+03
2538	-1.100145e+03
2539	-1.112405e+03
2540	-1.125668e+03
2541	-1.117469e+03
2542	-1.125347e+03
2543	-1.086860e+03
2544	-1.108971e+03
2545	-1.101686e+03
2546	-1.111512e+03
2547	-1.098413e+03
2548	-1.120163e+03
2549	-1.123219e+03
2550	-1.092110e+03
2551	-1.106493e+03
2552	-1.089992e+03
2553	-1.106220e+03
2554	-1.105451e+03
2555	-1.111166e+03
2556	-1.110557e+03
2557	-1.101010e+03
2558	-1.113437e+03
2559	-1.092024e+03
2560	-1.107704e+03
2561	-1.112770e+03
2562	-1.106673e+03
2563	-1.113046e+03
2564	-1.129665e+03
2565	-1.112084e+03
2566	-1.123583e+03
2567	-1.094930e+03
2568	-1.093959e+03
2569	-1.119947e+03
2570	-1.101298e+03
2571	-1.090273e+03
2572	-1.105723e+03
2573	-1.120741e+03
2574	-1.111202e+03
2575	-1.113319e+03
2576	-1.106096e+03
2577	-1.106948e+03
2578	-1.121594e+03
2579	-1.101697e+03
2580	-1.109271e+03
2581	-1.124498e+03
2582	-1.105372e+03
2583	-1.107876e+03
2584	-1.125292e+03
2585	-1.085287e+03
2586	-1.112381e+03
2587	-1.108014e+03
2588	-1.114023e+03
2589	-1.121783e+03
2590	-1.109033e+03
2591	-1.105227e+03
2592	-1.100518e+03
2593	-1.118038e+03
2594	-1.114592e+03
2595	-1.133921e+03
2596	-1.110719e+03
2597	-1.130604e+03
2598	-1.105088e+03
2599	-1.111888e+03
2600	-1.104595e+03
2601	-1.102857e+03
2602	-1.080574e+03
2603	-1.124155e+03
2604	-1.118210e+03
2605	-1.095337e+03
2606	-1.121775e+03
2607	-1.095374e+03
2608	-1.133219e+03
2609	-1.123608e+03
2610	-1.104618e+03
2611	-1.121434e+03
2612	-1.094975e+03
2613	-1.128804e+03
2614	-1.115429e+03
2615	-1.099631e+03
2616	-1.114058e+03
2617	-1.108143e+03
2618	-1.111105e+03
2619	-1.095223e+03
2620	-1.100969e+03
2621	-1.104935e+03
2622	-1.121992e+03
2623	-1.124303e+03
2624	-1.124337e+03
2625	-1.116417e+03
2626	-1.122369e+03
2627	-1.118431e+03
2628	-1.105198e+03
2629	-1.103251e+03
2630	-1.106249e+03
2631	-1.119320e+03
2632	-1.106867e+03
2633	-1.121179e+03
2634	-1.101178e+03
2635	-1.114031e+03
2636	-1.120798e+03
2637	-1.095449e+03
2638	-1.109042e+03
2639	-1.097805e+03
2640	-1.102892e+03
2641	-1.104643e+03
2642	-1.121729e+03
2643	-1.129297e+03
2644	-1.108326e+03
2645	-1.113736e+03
2646	-1.124649e+03
2647	-1.131087e+03
2648	-1.108037e+03
2649	-1.109048e+03
2650	-1.122249e+03
2651	-1.111979e+03
2652	-1.112453e+03
2653	-1.117144e+03
2654	-1.115673e+03
2655	-1.105450e+03
2656	-1.105460e+03
2657	-1.100985e+03
2658	-1.095993e+03
2659	-1.102959e+03
2660	-1.120185e+03
2661	-1.126866e+03
2662	-1.125343e+03
2663	-1.103287e+03
2664	-1.128294e+03
2665	-1.114206e+03
2666	-1.104908e+03
2667	-1.125934e+03
2668	-1.127170e+03
2669	-1.099748e+03
2670	-1.107793e+03
2671	-1.095358e+03
2672	-1.105432e+03
2673	-1.117056e+03
2674	-1.136315e+03
2675	-1.114941e+03
2676	-1.113688e+03
2677	-1.104754e+03
2678	-1.114868e+03
2679	-1.126671e+03
2680	-1.112693e+03
2681	-1.123562e+03
2682	-1.134619e+03
2683	-1.090626e+03
2684	-1.110479e+03
2685	-1.112911e+03
2686	-1.109573e+03
2687	-1.125902e+03
2688	-1.120660e+03
2689	-1.098500e+03
2690	-1.105493e+03
2691	-1.123728e+03
2692	-1.101382e+03
2693	-1.126545e+03
2694	-1.120417e+03
2695	-1.115216e+03
2696	-1.098835e+03
2697	-1.112216e+03
2698	-1.121071e+03
2699	-1.094558e+03
2700	-1.098756e+03
2701	-1.104764e+03
2702	-1.102653e+03
2703	-1.104455e+03
2704	-1.127423e+03
2705	-1.085434e+03
2706	-1.104595e+03
2707	-1.102664e+03
2708	-1.114699e+03
2709	-1.123458e+03
2710	-1.100036e+03
2711	-1.111646e+03
2712	-1.116463e+03
2713	-1.119273e+03
2714	-1.116780e+03
2715	-1.114137e+03
2716	-1.121096e+03
2717	-1.113096e+03
2718	-1.122977e+03
2719	-1.088924e+03
2720	-1.106664e+03
2721	-1.098435e+03
2722	-1.098259e+03
2723	-1.094156e+03
2724	-1.115161e+03
2725	-1.111918e+03
2726	-1.111526e+03
2727	-1.118712e+03
2728	-1.117294e+03
2729	-1.093554e+03
2730	-1.108876e+03
2731	-1.118610e+03
2732	-1.109937e+03
2733	-1.111331e+03
2734	-1.095585e+03
2735	-1.119662e+03
2736	-1.117002e+03
2737	-1.109517e+03
2738	-1.108193e+03
2739	-1.102151e+03
2740	-1.078961e+03
2741	-1.078646e+03
2742	-1.105945e+03
2743	-1.119206e+03
2744	-1.117515e+03
2745	-1.094749e+03
2746	-1.102067e+03
2747	-1.112523e+03
2748	-1.121393e+03
2749	-1.116237e+03
2750	-1.100167e+03
2751	-1.111020e+03
2752	-1.119926e+03
2753	-1.108230e+03
2754	-1.115979e+03
2755	-1.117768e+03
2756	-1.118686e+03
2757	-1.114619e+03
2758	-1.124815e+03
2759	-1.107819e+03
2760	-1.123630e+03
2761	-1.110183e+03
2762	-1.097525e+03
2763	-1.117952e+03
2764	-1.107073e+03
2765	-1.118951e+03
2766	-1.098849e+03
2767	-1.097356e+03
2768	-1.123960e+03
2769	-1.122011e+03
2770	-1.111480e+03
2771	-1.111399e+03
2772	-1.102508e+03
2773	-1.115031e+03
2774	-1.107340e+03
2775	-1.121672e+03
2776	-1.098027e+03
2777	-1.115550e+03
2778	-1.125768e+03
2779	-1.116332e+03
2780	-1.129031e+03
2781	-1.112153e+03
2782	-1.108467e+03
2783	-1.108588e+03
2784	-1.106604e+03
2785	-1.120239e+03
2786	-1.136458e+03
2787	-1.101180e+03
2788	-1.124221e+03
2789	-1.119992e+03
2790	-1.110790e+03
2791	-1.106291e+03
2792	-1.099880e+03
2793	-1.117585e+03
2794	-1.109255e+03
2795	-1.121780e+03
2796	-1.143675e+03
2797	-1.122782e+03
2798	-1.095005e+03
2799	-1.103447e+03
2800	-1.112932e+03
2801	-1.108406e+03
2802	-1.128185e+03
2803	-1.122010e+03
2804	-1.112438e+03
2805	-1.123823e+03
2806	-1.105710e+03
2807	-1.104338e+03
2808	-1.118317e+03
2809	-1.128089e+03
2810	-1.124585e+03
2811	-1.119435e+03
2812	-1.101599e+03
2813	-1.104951e+03
2814	-1.109301e+03
2815	-1.119494e+03
2816	-1.104687e+03
2817	-1.105602e+03
2818	-1.101036e+03
2819	-1.105361e+03
2820	-1.110514e+03
2821	-1.113578e+03
2822	-1.113855e+03
2823	-1.116649e+03
2824	-1.106765e+03
2825	-1.104292e+03
2826	-1.113156e+03
2827	-1.122653e+03
2828	-1.116253e+03
2829	-1.118338e+03
2830	-1.123364e+03
2831	-1.124750e+03
2832	-1.111455e+03
2833	-1.120469e+03
2834	-1.095784e+03
2835	-1.122130e+03
2836	-1.120367e+03
2837	-1.113388e+03
2838	-1.115389e+03
2839	-1.114915e+03
2840	-1.091060e+03
2841	-1.111303e+03
2842	-1.093086e+03
2843	-1.101520e+03
2844	-1.100261e+03
2845	-1.121032e+03
2846	-1.109900e+03
2847	-1.124919e+03
2848	-1.126900e+03
2849	-1.137196e+03
2850	-1.111461e+03
2851	-1.121981e+03
2852	-1.108380e+03
2853	-1.115937e+03
2854	-1.123942e+03
2855	-1.106217e+03
2856	-1.111460e+03
2857	-1.097481e+03
2858	-1.108689e+03
2859	-1.100932e+03
2860	-1.110755e+03
2861	-1.134574e+03
2862	-1.107623e+03
2863	-1.100214e+03
2864	-1.108423e+03
2865	-1.116124e+03
2866	-1.112306e+03
2867	-1.118535e+03
2868	-1.104566e+03
2869	-1.133491e+03
2870	-1.095225e+03
2871	-1.102190e+03
2872	-1.126557e+03
2873	-1.108535e+03
2874	-1.106428e+03
2875	-1.114105e+03
2876	-1.107558e+03
2877	-1.125137e+03
2878	-1.105919e+03
2879	-1.113166e+03
2880	-1.110790e+03
2881	-1.111143e+03
2882	-1.100875e+03
2883	-1.110315e+03
2884	-1.124265e+03
2885	-1.113174e+03
2886	-1.109007e+03
2887	-1.094075e+03
2888	-1.105128e+03
2889	-1.107233e+03
2890	-1.110714e+03
2891	-1.108478e+03
2892	-1.122206e+03
2893	-1.108062e+03
2894	-1.106435e+03
2895	-1.130052e+03
2896	-1.114121e+03
2897	-1.094076e+03
2898	-1.129370e+03
2899	-1.113985e+03
2900	-1.113658e+03
2901	-1.095556e+03
2902	-1.087097e+03
2903	-1.123021e+03
2904	-1.112727e+03
2905	-1.112990e+03
2906	-1.104988e+03
2907	-1.117416e+03
2908	-1.129192e+03
2909	-1.116984e+03
2910	-1.103130e+03
2911	-1.118687e+03
2912	-1.094486e+03
2913	-1.123412e+03
2914	-1.111582e+03
2915	-1.088796e+03
2916	-1.125554e+03
2917	-1.107782e+03
2918	-1.121873e+03
2919	-1.097148e+03
2920	-1.104537e+03
2921	-1.095686e+03
2922	-1.119401e+03
2923	-1.131542e+03
2924	-1.124245e+03
2925	-1.090505e+03
2926	-1.111400e+03
2927	-1.093259e+03
2928	-1.087395e+03
2929	-1.107561e+03
2930	-1.118661e+03
2931	-1.130750e+03
2932	-1.124174e+03
2933	-1.121306e+03
2934	-1.109739e+03
2935	-1.125470e+03
2936	-1.102148e+03
2937	-1.099234e+03
2938	-1.113282e+03
2939	-1.109406e+03
2940	-1.113710e+03
2941	-1.118656e+03
2942	-1.119602e+03
2943	-1.105461e+03
2944	-1.109749e+03
2945	-1.131219e+03
2946	-1.103984e+03
2947	-1.095986e+03
2948	-1.118186e+03
2949	-1.103883e+03
2950	-1.099964e+03
2951	-1.093470e+03
2952	-1.113182e+03
2953	-1.107153e+03
2954	-1.120076e+03
2955	-1.092499e+03
2956	-1.142355e+03
2957	-1.115620e+03
2958	-1.124368e+03
2959	-1.107823e+03
2960	-1.121108e+03
2961	-1.106941e+03
2962	-1.116804e+03
2963	-1.093181e+03
2964	-1.103248e+03
2965	-1.119125e+03
2966	-1.124537e+03
2967	-1.106623e+03
2968	-1.098178e+03
2969	-1.099419e+03
2970	-1.118776e+03
2971	-1.119780e+03
2972	-1.111502e+03
2973	-1.100509e+03
2974	-1.091298e+03
2975	-1.095297e+03
2976	-1.110556e+03
2977	-1.099389e+03
2978	-1.105965e+03
2979	-1.086015e+03
2980	-1.099673e+03
2981	-1.125571e+03
2982	-1.105637e+03
2983	-1.120601e+03
2984	-1.115582e+03
2985	-1.109789e+03
2986	-1.119351e+03
2987	-1.104964e+03
2988	-1.120084e+03
2989	-1.114043e+03
2990	-1.114469e+03
2991	-1.118064e+03
2992	-1.103899e+03
2993	-1.105985e+03
2994	-1.129763e+03
2995	-1.126719e+03
2996	-1.108121e+03
2997	-1.103361e+03
2998	-1.105265e+03
2999	-1.121854e+03
3000	-1.098718e+03
3001	-1.109538e+03
3002	-1.114515e+03
3003	-1.081086e+03
3004	-1.135799e+03
3005	-1.116119e+03
3006	-1.115079e+03
3007	-1.096999e+03
3008	-1.113726e+03
3009	-1.123532e+03
3010	-1.105351e+03
3011	-1.095263e+03
3012	-1.102963e+03
3013	-1.099244e+03
3014	-1.129569e+03
3015	-1.107120e+03
3016	-1.093552e+03
3017	-1.098519e+03
3018	-1.096796e+03
3019	-1.096632e+03
3020	-1.113874e+03
3021	-1.115639e+03
3022	-1.117263e+03
3023	-1.125618e+03
3024	-1.123752e+03
3025	-1.091494e+03
3026	-1.117099e+03
3027	-1.127627e+03
3028	-1.122451e+03
3029	-1.113746e+03
3030	-1.125610e+03
3031	-1.128620e+03
3032	-1.116380e+03
3033	-1.112572e+03
3034	-1.138085e+03
3035	-1.129892e+03
3036	-1.115825e+03
3037	-1.118245e+03
3038	-1.092201e+03
3039	-1.089617e+03
3040	-1.113305e+03
3041	-1.097671e+03
3042	-1.121684e+03
3043	-1.097135e+03
3044	-1.106981e+03
3045	-1.118832e+03
3046	-1.099223e+03
3047	-1.104606e+03
3048	-1.103323e+03
3049	-1.099213e+03
3050	-1.110707e+03
3051	-1.139313e+03
3052	-1.100810e+03
3053	-1.116780e+03
3054	-1.112568e+03
3055	-1.110356e+03
3056	-1.091570e+03
3057	-1.109630e+03
3058	-1.133303e+03
3059	-1.111128e+03
3060	-1.090781e+03
3061	-1.094321e+03
3062	-1.097085e+03
3063	-1.115013e+03
3064	-1.133759e+03
3065	-1.124111e+03
3066	-1.126031e+03
3067	-1.105427e+03
3068	-1.085088e+03
3069	-1.131111e+03
3070	-1.115852e+03
3071	-1.105033e+03
3072	-1.092225e+03
3073	-1.103545e+03
3074	-1.110612e+03
3075	-1.100413e+03
3076	-1.129148e+03
3077	-1.112842e+03
3078	-1.098182e+03
3079	-1.110040e+03
3080	-1.112323e+03
3081	-1.133486e+03
3082	-1.117307e+03
3083	-1.143555e+03
3084	-1.113855e+03
3085	-1.091113e+03
3086	-1.120921e+03
3087	-1.096253e+03
3088	-1.098873e+03
3089	-1.123945e+03
3090	-1.128138e+03
3091	-1.115328e+03
3092	-1.128266e+03
3093	-1.127948e+03
3094	-1.115447e+03
3095	-1.122372e+03
3096	-1.114625e+03
3097	-1.107381e+03
3098	-1.118517e+03
3099	-1.102726e+03
3100	-1.120181e+03
3101	-1.106233e+03
3102	-1.102396e+03
3103	-1.097171e+03
3104	-1.102068e+03
3105	-1.111862e+03
3106	-1.099822e+03
3107	-1.111278e+03
3108	-1.128408e+03
3109	-1.121375e+03
3110	-1.124931e+03
3111	-1.111882e+03
3112	-1.111377e+03
3113	-1.113582e+03
3114	-1.110157e+03
3115	-1.116879e+03
3116	-1.104028e+03
3117	-1.112184e+03
3118	-1.111974e+03
3119	-1.102432e+03
3120	-1.094561e+03
3121	-1.098777e+03
3122	-1.103096e+03
3123	-1.134579e+03
3124	-1.116661e+03
3125	-1.132014e+03
3126	-1.113702e+03
3127	-1.115766e+03
3128	-1.111404e+03
3129	-1.096659e+03
3130	-1.109130e+03
3131	-1.113883e+03
3132	-1.120323e+03
3133	-1.101716e+03
3134	-1.117396e+03
3135	-1.117640e+03
3136	-1.125422e+03
3137	-1.118302e+03
3138	-1.117756e+03
3139	-1.124845e+03
3140	-1.114739e+03
3141	-1.112396e+03
3142	-1.098085e+03
3143	-1.098925e+03
3144	-1.093701e+03
3145	-1.115641e+03
3146	-1.098789e+03
3147	-1.109455e+03
3148	-1.104060e+03
3149	-1.124347e+03
3150	-1.138650e+03
3151	-1.105483e+03
3152	-1.113109e+03
3153	-1.106259e+03
3154	-1.096011e+03
3155	-1.103567e+03
3156	-1.107614e+03
3157	-1.099070e+03
3158	-1.110691e+03
3159	-1.106947e+03
3160	-1.120888e+03
3161	-1.126478e+03
3162	-1.100322e+03
3163	-1.132703e+03
3164	-1.115131e+03
3165	-1.108523e+03
3166	-1.107087e+03
3167	-1.098279e+03
3168	-1.116897e+03
3169	-1.112422e+03
3170	-1.096002e+03
3171	-1.103950e+03
3172	-1.092966e+03
3173	-1.110092e+03
3174	-1.106374e+03
3175	-1.123552e+03
3176	-1.120080e+03
3177	-1.111869e+03
3178	-1.112370e+03
3179	-1.106108e+03
3180	-1.089078e+03
3181	-1.108605e+03
3182	-1.121945e+03
3183	-1.099982e+03
3184	-1.124616e+03
3185	-1.119572e+03
3186	-1.115591e+03
3187	-1.110243e+03
3188	-1.113890e+03
3189	-1.105899e+03
3190	-1.111303e+03
3191	-1.104942e+03
3192	-1.124995e+03
3193	-1.110608e+03
3194	-1.110696e+03
3195	-1.111625e+03
3196	-1.117602e+03
3197	-1.093243e+03
3198	-1.125971e+03
3199	-1.094420e+03
3200	-1.102447e+03
3201	-1.111324e+03
3202	-1.114637e+03
3203	-1.129084e+03
3204	-1.087808e+03
3205	-1.103549e+03
3206	-1.111192e+03
3207	-1.107495e+03
3208	-1.108264e+03
3209	-1.128778e+03
3210	-1.106978e+03
3211	-1.104854e+03
3212	-1.095334e+03
3213	-1.126147e+03
3214	-1.133222e+03
3215	-1.100344e+03
3216	-1.110630e+03
3217	-1.125995e+03
3218	-1.122654e+03
3219	-1.096444e+03
3220	-1.116309e+03
3221	-1.105496e+03
3222	-1.108232e+03
3223	-1.131431e+03
3224	-1.112381e+03
3225	-1.112758e+03
3226	-1.108345e+03
3227	-1.104033e+03
3228	-1.105925e+03
3229	-1.126325e+03
3230	-1.108654e+03
3231	-1.121967e+03
3232	-1.119695e+03
3233	-1.106404e+03
3234	-1.111346e+03
3235	-1.119403e+03
3236	-1.128734e+03
3237	-1.107563e+03
3238	-1.120441e+03
3239	-1.109435e+03
3240	-1.100854e+03
3241	-1.125648e+03
3242	-1.097329e+03
3243	-1.115998e+03
3244	-1.120057e+03
3245	-1.100724e+03
3246	-1.113731e+03
3247	-1.121370e+03
3248	-1.128297e+03
3249	-1.096636e+03
3250	-1.111933e+03
3251	-1.119186e+03
3252	-1.107456e+03
3253	-1.130920e+03
3254	-1.120217e+03
3255	-1.120680e+03
3256	-1.108504e+03
3257	-1.114216e+03
3258	-1.116959e+03
3259	-1.090891e+03
3260	-1.113264e+03
3261	-1.127505e+03
3262	-1.120674e+03
3263	-1.106110e+03
3264	-1.127767e+03
3265	-1.111596e+03
3266	-1.109257e+03
3267	-1.116009e+03
3268	-1.112992e+03
3269	-1.121829e+03
3270	-1.114267e+03
3271	-1.103359e+03
3272	-1.113881e+03
3273	-1.100750e+03
3274	-1.100627e+03
3275	-1.108854e+03
3276	-1.103692e+03
3277	-1.093099e+03
3278	-1.107038e+03
3279	-1.121348e+03
3280	-1.099932e+03
3281	-1.132011e+03
3282	-1.109418e+03
3283	-1.095002e+03
3284	-1.108031e+03
3285	-1.125213e+03
3286	-1.122265e+03
3287	-1.115721e+03
3288	-1.133396e+03
3289	-1.094030e+03
3290	-1.109013e+03
3291	-1.106367e+03
3292	-1.102793e+03
3293	-1.119310e+03
3294	-1.109742e+03
3295	-1.108806e+03
3296	-1.099482e+03
3297	-1.105950e+03
3298	-1.100105e+03
3299	-1.111028e+03
3300	-1.107299e+03
3301	-1.117192e+03
3302	-1.106893e+03
3303	-1.108923e+03
3304	-1.090233e+03
3305	-1.098882e+03
3306	-1.101010e+03
3307	-1.128529e+03
3308	-1.123624e+03
3309	-1.103760e+03
3310	-1.131378e+03
3311	-1.109290e+03
3312	-1.097753e+03
3313	-1.097062e+03
3314	-1.121904e+03
3315	-1.115608e+03
3316	-1.120543e+03
3317	-1.107459e+03
3318	-1.108123e+03
3319	-1.115054e+03
3320	-1.124163e+03
3321	-1.117636e+03
3322	-1.126825e+03
3323	-1.113234e+03
3324	-1.106885e+03
3325	-1.114096e+03
3326	-1.116930e+03
3327	-1.115644e+03
3328	-1.113253e+03
3329	-1.090700e+03
3330	-1.113583e+03
3331	-1.101631e+03
3332	-1.112295e+03
3333	-1.120635e+03
3334	-1.112264e+03
3335	-1.117760e+03
3336	-1.114020e+03
3337	-1.121184e+03
3338	-1.122850e+03
3339	-1.111266e+03
3340	-1.088358e+03
3341	-1.113275e+03
3342	-1.104428e+03
3343	-1.123578e+03
3344	-1.104894e+03
3345	-1.132015e+03
3346	-1.103566e+03
3347	-1.119951e+03
3348	-1.086597e+03
3349	-1.092976e+03
3350	-1.102422e+03
3351	-1.104431e+03
3352	-1.108673e+03
3353	-1.098081e+03
3354	-1.120417e+03
3355	-1.131268e+03
3356	-1.107245e+03
3357	-1.115483e+03
3358	-1.089243e+03
3359	-1.117034e+03
3360	-1.137040e+03
3361	-1.078459e+03
3362	-1.104164e+03
3363	-1.109762e+03
3364	-1.102501e+03
3365	-1.107734e+03
3366	-1.113626e+03
3367	-1.119717e+03
3368	-1.135218e+03
3369	-1.127101e+03
3370	-1.138296e+03
3371	-1.116626e+03
3372	-1.126383e+03
3373	-1.113683e+03
3374	-1.112096e+03
3375	-1.121510e+03
3376	-1.086809e+03
3377	-1.113501e+03
3378	-1.114783e+03
3379	-1.102108e+03
3380	-1.129858e+03
3381	-1.112071e+03
3382	-1.139440e+03
3383	-1.106833e+03
3384	-1.110850e+03
3385	-1.104398e+03
3386	-1.117895e+03
3387	-1.125355e+03
3388	-1.107024e+03
3389	-1.107597e+03
3390	-1.109486e+03
3391	-1.104866e+03
3392	-1.109638e+03
3393	-1.112972e+03
3394	-1.113766e+03
3395	-1.093521e+03
3396	-1.139516e+03
3397	-1.112977e+03
3398	-1.116111e+03
3399	-1.133279e+03
3400	-1.123468e+03
3401	-1.101084e+03
3402	-1.125890e+03
3403	-1.136568e+03
3404	-1.120154e+03
3405	-1.103808e+03
3406	-1.118204e+03
3407	-1.117794e+03
3408	-1.119461e+03
3409	-1.109073e+03
3410	-1.121821e+03
3411	-1.101241e+03
3412	-1.112092e+03
3413	-1.130264e+03
3414	-1.113501e+03
3415	-1.117237e+03
3416	-1.108709e+03
3417	-1.094396e+03
3418	-1.124584e+03
3419	-1.104442e+03
3420	-1.110558e+03
3421	-1.101189e+03
3422	-1.107586e+03
3423	-1.102514e+03
3424	-1.107027e+03
3425	-1.094801e+03
3426	-1.126091e+03
3427	-1.107504e+03
3428	-1.128393e+03
3429	-1.123716e+03
3430	-1.102317e+03
3431	-1.108642e+03
3432	-1.120702e+03
3433	-1.117970e+03
3434	-1.104940e+03
3435	-1.110895e+03
3436	-1.125007e+03
3437	-1.119516e+03
3438	-1.101286e+03
3439	-1.115950e+03
3440	-1.116859e+03
3441	-1.130121e+03
3442	-1.101447e+03
3443	-1.113023e+03
3444	-1.125076e+03
3445	-1.105311e+03
3446	-1.098367e+03
3447	-1.086064e+03
3448	-1.103540e+03
3449	-1.095886e+03
3450	-1.107299e+03
3451	-1.095073e+03
3452	-1.108326e+03
3453	-1.105712e+03
3454	-1.093622e+03
3455	-1.101945e+03
3456	-1.114960e+03
3457	-1.133888e+03
3458	-1.105816e+03
3459	-1.112737e+03
3460	-1.122498e+03
3461	-1.126172e+03
3462	-1.112229e+03
3463	-1.132454e+03
3464	-1.127591e+03
3465	-1.099484e+03
3466	-1.125274e+03
3467	-1.106919e+03
3468	-1.122359e+03
3469	-1.126899e+03
3470	-1.111603e+03
3471	-1.110069e+03
3472	-1.111606e+03
3473	-1.102841e+03
3474	-1.110365e+03
3475	-1.091110e+03
3476	-1.092012e+03
3477	-1.097036e+03
3478	-1.131915e+03
3479	-1.096996e+03
3480	-1.133565e+03
3481	-1.107368e+03
3482	-1.126716e+03
3483	-1.099496e+03
3484	-1.111895e+03
3485	-1.118314e+03
3486	-1.133837e+03
3487	-1.095327e+03
3488	-1.119016e+03
3489	-1.117885e+03
3490	-1.110273e+03
3491	-1.111190e+03
3492	-1.109068e+03
3493	-1.103890e+03
3494	-1.104159e+03
3495	-1.094645e+03
3496	-1.111916e+03
3497	-1.122265e+03
3498	-1.118097e+03
3499	-1.110767e+03
3500	-1.103623e+03
3501	-1.118305e+03
3502	-1.106218e+03
3503	-1.098271e+03
3504	-1.100135e+03
3505	-1.109315e+03
3506	-1.120911e+03
3507	-1.117533e+03
3508	-1.094043e+03
3509	-1.092691e+03
3510	-1.113391e+03
3511	-1.120247e+03
3512	-1.117244e+03
3513	-1.103882e+03
3514	-1.119660e+03
3515	-1.100240e+03
3516	-1.113067e+03
3517	-1.119862e+03
3518	-1.123569e+03
3519	-1.117426e+03
3520	-1.114448e+03
3521	-1.097037e+03
3522	-1.130735e+03
3523	-1.117629e+03
3524	-1.105839e+03
3525	-1.105822e+03
3526	-1.134509e+03
3527	-1.117366e+03
3528	-1.133821e+03
3529	-1.108350e+03
3530	-1.095228e+03
3531	-1.101804e+03
3532	-1.140353e+03
3533	-1.115081e+03
3534	-1.098220e+03
3535	-1.113365e+03
3536	-1.130153e+03
3537	-1.108034e+03
3538	-1.111354e+03
3539	-1.115410e+03
3540	-1.114524e+03
3541	-1.106196e+03
3542	-1.128682e+03
3543	-1.115615e+03
3544	-1.102988e+03
3545	-1.105386e+03
3546	-1.135991e+03
3547	-1.114183e+03
3548	-1.116502e+03
3549	-1.095055e+03
3550	-1.111088e+03
3551	-1.101941e+03
3552	-1.124182e+03
3553	-1.112304e+03
3554	-1.100663e+03
3555	-1.092193e+03
3556	-1.126647e+03
3557	-1.090692e+03
3558	-1.086995e+03
3559	-1.116080e+03
3560	-1.116304e+03
3561	-1.126845e+03
3562	-1.123160e+03
3563	-1.094288e+03
3564	-1.109513e+03
3565	-1.114406e+03
3566	-1.110249e+03
3567	-1.100248e+03
3568	-1.101669e+03
3569	-1.101408e+03
3570	-1.113526e+03
3571	-1.112541e+03
3572	-1.100799e+03
3573	-1.119016e+03
3574	-1.111432e+03
3575	-1.101494e+03
3576	-1.115352e+03
3577	-1.128697e+03
3578	-1.107428e+03
3579	-1.117081e+03
3580	-1.105884e+03
3581	-1.109613e+03
3582	-1.113568e+03
3583	-1.114978e+03
3584	-1.108111e+03
3585	-1.112407e+03
3586	-1.119295e+03
3587	-1.130662e+03
3588	-1.120323e+03
3589	-1.126748e+03
3590	-1.119149e+03
3591	-1.129427e+03
3592	-1.113480e+03
3593	-1.124471e+03
3594	-1.111790e+03
3595	-1.106140e+03
3596	-1.132844e+03
3597	-1.083784e+03
3598	-1.125990e+03
3599	-1.130305e+03
3600	-1.095304e+03
3601	-1.132008e+03
3602	-1.124963e+03
3603	-1.112876e+03
3604	-1.108248e+03
3605	-1.110029e+03
3606	-1.106094e+03
3607	-1.097723e+03
3608	-1.095974e+03
3609	-1.113230e+03
3610	-1.110662e+03
3611	-1.102990e+03
3612	-1.102106e+03
3613	-1.123517e+03
3614	-1.107872e+03
3615	-1.106798e+03
3616	-1.109588e+03
3617	-1.115813e+03
3618	-1.125242e+03
3619	-1.114601e+03
3620	-1.117250e+03
3621	-1.121024e+03
3622	-1.099882e+03
3623	-1.116816e+03
3624	-1.118326e+03
3625	-1.102053e+03
3626	-1.129593e+03
3627	-1.109642e+03
3628	-1.116026e+03
3629	-1.128231e+03
3630	-1.101494e+03
3631	-1.104523e+03
3632	-1.115278e+03
3633	-1.092003e+03
3634	-1.097564e+03
3635	-1.104884e+03
3636	-1.099396e+03
3637	-1.111786e+03
3638	-1.135380e+03
3639	-1.119137e+03
3640	-1.123190e+03
3641	-1.097256e+03
3642	-1.104397e+03
3643	-1.088795e+03
3644	-1.099043e+03
3645	-1.109961e+03
3646	-1.119836e+03
3647	-1.105401e+03
3648	-1.107440e+03
3649	-1.113076e+03
3650	-1.109378e+03
3651	-1.087434e+03
3652	-1.101510e+03
3653	-1.102253e+03
3654	-1.120827e+03
3655	-1.122479e+03
3656	-1.126680e+03
3657	-1.111413e+03
3658	-1.109760e+03
3659	-1.132304e+03
3660	-1.120266e+03
3661	-1.122935e+03
3662	-1.109531e+03
3663	-1.128158e+03
3664	-1.119501e+03
3665	-1.082490e+03
3666	-1.124009e+03
3667	-1.112926e+03
3668	-1.114995e+03
3669	-1.099762e+03
3670	-1.111112e+03
3671	-1.137130e+03
3672	-1.131843e+03
3673	-1.105011e+03
3674	-1.095919e+03
3675	-1.104643e+03
3676	-1.119074e+03
3677	-1.116470e+03
3678	-1.111200e+03
3679	-1.096253e+03
3680	-1.116440e+03
3681	-1.094441e+03
3682	-1.112833e+03
3683	-1.116250e+03
3684	-1.106172e+03
3685	-1.113429e+03
3686	-1.110412e+03
3687	-1.120130e+03
3688	-1.108252e+03
3689	-1.101355e+03
3690	-1.131930e+03
3691	-1.118415e+03
3692	-1.098108e+03
3693	-1.124100e+03
3694	-1.083779e+03
3695	-1.120125e+03
3696	-1.125383e+03
3697	-1.110161e+03
3698	-1.115824e+03
3699	-1.096620e+03
3700	-1.099877e+03
3701	-1.118418e+03
3702	-1.106719e+03
3703	-1.103374e+03
3704	-1.125835e+03
3705	-1.105114e+03
3706	-1.102287e+03
3707	-1.092051e+03
3708	-1.112075e+03
3709	-1.117687e+03
3710	-1.117476e+03
3711	-1.094916e+03
3712	-1.136755e+03
3713	-1.119334e+03
3714	-1.110572e+03
3715	-1.120865e+03
3716	-1.116715e+03
3717	-1.114815e+03
3718	-1.115537e+03
3719	-1.127073e+03
3720	-1.105141e+03
3721	-1.105012e+03
3722	-1.109766e+03
3723	-1.114156e+03
3724	-1.127581e+03
3725	-1.116925e+03
3726	-1.105664e+03
3727	-1.110291e+03
3728	-1.104659e+03
3729	-1.123540e+03
3730	-1.110562e+03
3731	-1.085778e+03
3732	-1.107633e+03
3733	-1.108747e+03
3734	-1.110279e+03
3735	-1.112659e+03
3736	-1.112013e+03
3737	-1.106623e+03
3738	-1.125387e+03
3739	-1.114780e+03
3740	-1.109690e+03
3741	-1.109794e+03
3742	-1.106402e+03
3743	-1.141028e+03
3744	-1.115122e+03
3745	-1.124528e+03
3746	-1.136617e+03
3747	-1.109872e+03
3748	-1.126845e+03
3749	-1.120111e+03
3750	-1.111878e+03
3751	-1.121187e+03
3752	-1.114517e+03
3753	-1.108525e+03
3754	-1.124657e+03
3755	-1.114962e+03
3756	-1.130095e+03
3757	-1.093013e+03
3758	-1.130776e+03
3759	-1.101689e+03
3760	-1.110274e+03
3761	-1.103481e+03
3762	-1.120826e+03
3763	-1.122954e+03
3764	-1.116692e+03
3765	-1.108770e+03
3766	-1.113953e+03
3767	-1.104481e+03
3768	-1.123175e+03
3769	-1.098420e+03
3770	-1.095757e+03
3771	-1.122763e+03
3772	-1.124308e+03
3773	-1.096757e+03
3774	-1.104912e+03
3775	-1.125425e+03
3776	-1.120823e+03
3777	-1.114446e+03
3778	-1.112293e+03
3779	-1.114132e+03
3780	-1.100823e+03
3781	-1.095784e+03
3782	-1.111816e+03
3783	-1.118698e+03
3784	-1.103186e+03
3785	-1.103435e+03
3786	-1.138098e+03
3787	-1.100876e+03
3788	-1.113945e+03
3789	-1.123789e+03
3790	-1.130060e+03
3791	-1.104371e+03
3792	-1.125904e+03
3793	-1.108412e+03
3794	-1.118935e+03
3795	-1.119333e+03
3796	-1.105215e+03
3797	-1.113184e+03
3798	-1.122319e+03
3799	-1.107290e+03
3800	-1.109830e+03
3801	-1.099292e+03
3802	-1.111368e+03
3803	-1.110063e+03
3804	-1.114150e+03
3805	-1.109327e+03
3806	-1.099778e+03
3807	-1.114965e+03
3808	-1.124075e+03
3809	-1.111680e+03
3810	-1.119413e+03
3811	-1.125708e+03
3812	-1.115514e+03
3813	-1.107903e+03
3814	-1.129952e+03
3815	-1.096861e+03
3816	-1.115707e+03
3817	-1.111405e+03
3818	-1.117790e+03
3819	-1.114880e+03
3820	-1.116184e+03
3821	-1.130201e+03
3822	-1.111671e+03
3823	-1.123276e+03
3824	-1.114125e+03
3825	-1.124879e+03
3826	-1.113694e+03
3827	-1.113539e+03
3828	-1.111198e+03
3829	-1.117436e+03
3830	-1.124799e+03
3831	-1.101732e+03
3832	-1.110634e+03
3833	-1.088570e+03
3834	-1.118957e+03
3835	-1.115161e+03
3836	-1.110162e+03
3837	-1.103012e+03
3838	-1.112169e+03
3839	-1.128249e+03
3840	-1.100788e+03
3841	-1.107125e+03
3842	-1.119231e+03
3843	-1.106151e+03
3844	-1.105901e+03
3845	-1.121724e+03
3846	-1.125408e+03
3847	-1.108016e+03
3848	-1.125204e+03
3849	-1.116409e+03
3850	-1.114786e+03
3851	-1.127971e+03
3852	-1.112190e+03
3853	-1.139611e+03
3854	-1.124154e+03
3855	-1.098824e+03
3856	-1.099182e+03
3857	-1.098821e+03
3858	-1.121590e+03
3859	-1.120980e+03
3860	-1.121002e+03
3861	-1.107543e+03
3862	-1.124186e+03
3863	-1.105590e+03
3864	-1.111878e+03
3865	-1.124083e+03
3866	-1.120910e+03
3867	-1.127215e+03
3868	-1.118993e+03
3869	-1.123942e+03
3870	-1.113216e+03
3871	-1.104861e+03
3872	-1.111102e+03
3873	-1.103688e+03
3874	-1.121312e+03
3875	-1.106489e+03
3876	-1.110829e+03
3877	-1.112599e+03
3878	-1.101631e+03
3879	-1.127741e+03
3880	-1.119954e+03
3881	-1.135737e+03
3882	-1.123163e+03
3883	-1.114478e+03
3884	-1.117331e+03
3885	-1.109413e+03
3886	-1.092842e+03
3887	-1.124705e+03
3888	-1.126743e+03
3889	-1.130130e+03
3890	-1.115820e+03
3891	-1.104754e+03
3892	-1.111157e+03
3893	-1.106792e+03
3894	-1.104436e+03
3895	-1.117220e+03
3896	-1.103450e+03
3897	-1.112872e+03
3898	-1.126821e+03
3899	-1.126985e+03
3900	-1.116491e+03
3901	-1.106854e+03
3902	-1.116147e+03
3903	-1.118061e+03
3904	-1.127789e+03
3905	-1.109493e+03
3906	-1.103747e+03
3907	-1.111017e+03
3908	-1.106797e+03
3909	-1.112840e+03
3910	-1.098827e+03
3911	-1.099361e+03
3912	-1.112241e+03
3913	-1.099166e+03
3914	-1.104401e+03
3915	-1.091997e+03
3916	-1.110347e+03
3917	-1.115709e+03
3918	-1.119557e+03
3919	-1.109130e+03
3920	-1.116930e+03
3921	-1.103417e+03
3922	-1.099995e+03
3923	-1.106525e+03
3924	-1.132107e+03
3925	-1.115150e+03
3926	-1.109086e+03
3927	-1.108841e+03
3928	-1.096933e+03
3929	-1.125818e+03
3930	-1.102072e+03
3931	-1.107027e+03
3932	-1.109156e+03
3933	-1.122677e+03
3934	-1.112543e+03
3935	-1.102584e+03
3936	-1.094925e+03
3937	-1.102633e+03
3938	-1.121692e+03
3939	-1.105494e+03
3940	-1.102674e+03
3941	-1.109739e+03
3942	-1.104982e+03
3943	-1.123174e+03
3944	-1.118325e+03
3945	-1.120867e+03
3946	-1.119866e+03
3947	-1.116255e+03
3948	-1.105600e+03
3949	-1.126919e+03
3950	-1.094144e+03
3951	-1.106127e+03
3952	-1.111528e+03
3953	-1.114978e+03
3954	-1.130751e+03
3955	-1.118019e+03
3956	-1.098920e+03
3957	-1.096623e+03
3958	-1.105949e+03
3959	-1.118619e+03
3960	-1.112458e+03
3961	-1.106867e+03
3962	-1.096224e+03
3963	-1.105320e+03
3964	-1.105062e+03
3965	-1.109181e+03
3966	-1.105108e+03
3967	-1.114716e+03
3968	-1.097935e+03
3969	-1.120589e+03
3970	-1.108023e+03
3971	-1.105566e+03
3972	-1.092080e+03
3973	-1.107000e+03
3974	-1.105696e+03
3975	-1.115297e+03
3976	-1.139765e+03
3977	-1.122109e+03
3978	-1.128628e+03
3979	-1.109235e+03
3980	-1.114530e+03
3981	-1.106209e+03
3982	-1.114769e+03
3983	-1.125912e+03
3984	-1.118055e+03
3985	-1.110418e+03
3986	-1.108212e+03
3987	-1.096189e+03
3988	-1.099513e+03
3989	-1.112026e+03
3990	-1.124675e+03
3991	-1.125118e+03
3992	-1.114597e+03
3993	-1.133205e+03
3994	-1.146657e+03
3995	-1.109209e+03
3996	-1.098313e+03
3997	-1.099816e+03
3998	-1.128224e+03
3999	-1.111824e+03
4000	-1.113513e+03
4001	-1.105216e+03
4002	-1.115553e+03
4003	-1.106151e+03
4004	-1.120709e+03
4005	-1.105378e+03
4006	-1.108305e+03
4007	-1.112279e+03
4008	-1.105202e+03
4009	-1.109704e+03
4010	-1.111775e+03
4011	-1.096817e+03
4012	-1.108371e+03
4013	-1.133180e+03
4014	-1.100488e+03
4015	-1.121286e+03
4016	-1.116236e+03
4017	-1.115395e+03
4018	-1.103465e+03
4019	-1.111182e+03
4020	-1.131283e+03
4021	-1.116391e+03
4022	-1.091476e+03
4023	-1.105865e+03
4024	-1.096015e+03
4025	-1.097889e+03
4026	-1.115495e+03
4027	-1.107695e+03
4028	-1.109551e+03
4029	-1.133437e+03
4030	-1.118529e+03
4031	-1.125809e+03
4032	-1.121260e+03
4033	-1.117099e+03
4034	-1.117613e+03
4035	-1.115638e+03
4036	-1.123547e+03
4037	-1.134515e+03
4038	-1.111330e+03
4039	-1.104726e+03
4040	-1.092616e+03
4041	-1.124183e+03
4042	-1.137002e+03
4043	-1.123279e+03
4044	-1.120903e+03
4045	-1.096358e+03
4046	-1.102502e+03
4047	-1.105522e+03
4048	-1.124629e+03
4049	-1.104995e+03
4050	-1.100257e+03
4051	-1.108847e+03
4052	-1.105404e+03
4053	-1.107770e+03
4054	-1.101128e+03
4055	-1.108724e+03
4056	-1.093100e+03
4057	-1.108914e+03
4058	-1.114217e+03
4059	-1.115355e+03
4060	-1.106865e+03
4061	-1.103798e+03
4062	-1.120461e+03
4063	-1.102325e+03
4064	-1.105700e+03
4065	-1.101023e+03
4066	-1.122214e+03
4067	-1.108198e+03
4068	-1.127832e+03
4069	-1.108290e+03
4070	-1.117450e+03
4071	-1.101630e+03
4072	-1.112423e+03
4073	-1.130854e+03
4074	-1.111236e+03
4075	-1.141095e+03
4076	-1.122711e+03
4077	-1.095195e+03
4078	-1.094099e+03
4079	-1.116329e+03
4080	-1.134015e+03
4081	-1.100515e+03
4082	-1.112896e+03
4083	-1.111443e+03
4084	-1.127480e+03
4085	-1.128013e+03
4086	-1.110749e+03
4087	-1.115073e+03
4088	-1.102666e+03
4089	-1.117288e+03
4090	-1.110569e+03
4091	-1.102608e+03
4092	-1.133460e+03
4093	-1.110873e+03
4094	-1.126536e+03
4095	-1.117788e+03
4096	-1.097194e+03
4097	-1.101755e+03
4098	-1.113430e+03
4099	-1.106627e+03
4100	-1.103126e+03
4101	-1.103193e+03
4102	-1.115721e+03
4103	-1.105474e+03
4104	-1.120641e+03
4105	-1.107245e+03
4106	-1.110800e+03
4107	-1.120986e+03
4108	-1.081241e+03
4109	-1.105756e+03
4110	-1.105661e+03
4111	-1.111668e+03
4112	-1.124151e+03
4113	-1.108572e+03
4114	-1.097226e+03
4115	-1.099161e+03
4116	-1.112941e+03
4117	-1.117244e+03
4118	-1.109886e+03
4119	-1.099509e+03
4120	-1.101341e+03
4121	-1.138756e+03
4122	-1.121678e+03
4123	-1.098803e+03
4124	-1.119338e+03
4125	-1.104771e+03
4126	-1.118545e+03
4127	-1.098176e+03
4128	-1.104367e+03
4129	-1.100642e+03
4130	-1.115114e+03
4131	-1.122127e+03
4132	-1.109921e+03
4133	-1.122669e+03
4134	-1.110935e+03
4135	-1.127352e+03
4136	-1.121961e+03
4137	-1.115789e+03
4138	-1.126428e+03
4139	-1.115747e+03
4140	-1.123017e+03
4141	-1.127231e+03
4142	-1.110545e+03
4143	-1.123083e+03
4144	-1.091402e+03
4145	-1.099525e+03
4146	-1.109164e+03
4147	-1.092670e+03
4148	-1.122183e+03
4149	-1.098115e+03
4150	-1.105636e+03
4151	-1.130928e+03
4152	-1.102733e+03
4153	-1.098117e+03
4154	-1.096342e+03
4155	-1.106944e+03
4156	-1.097176e+03
4157	-1.111749e+03
4158	-1.102625e+03
4159	-1.104079e+03
4160	-1.087504e+03
4161	-1.107391e+03
4162	-1.107880e+03
4163	-1.115970e+03
4164	-1.109942e+03
4165	-1.099573e+03
4166	-1.110963e+03
4167	-1.104032e+03
4168	-1.095479e+03
4169	-1.115927e+03
4170	-1.118578e+03
4171	-1.123478e+03
4172	-1.113886e+03
4173	-1.120434e+03
4174	-1.114944e+03
4175	-1.115170e+03
4176	-1.125580e+03
4177	-1.095623e+03
4178	-1.094171e+03
4179	-1.110831e+03
4180	-1.115393e+03
4181	-1.116715e+03
4182	-1.117512e+03
4183	-1.115646e+03
4184	-1.113919e+03
4185	-1.104221e+03
4186	-1.100033e+03
4187	-1.105964e+03
4188	-1.097696e+03
4189	-1.111019e+03
4190	-1.122445e+03
4191	-1.130536e+03
4192	-1.108088e+03
4193	-1.119085e+03
4194	-1.108515e+03
4195	-1.104642e+03
4196	-1.125408e+03
4197	-1.120348e+03
4198	-1.103384e+03
4199	-1.098457e+03
4200	-1.112781e+03
4201	-1.108106e+03
4202	-1.122668e+03
4203	-1.127595e+03
4204	-1.114602e+03
4205	-1.102410e+03
4206	-1.105770e+03
4207	-1.100325e+03
4208	-1.104041e+03
4209	-1.098261e+03
4210	-1.118194e+03
4211	-1.129203e+03
4212	-1.112519e+03
4213	-1.104808e+03
4214	-1.121291e+03
4215	-1.110822e+03
4216	-1.105630e+03
4217	-1.112123e+03
4218	-1.085763e+03
4219	-1.120205e+03
4220	-1.112843e+03
4221	-1.102744e+03
4222	-1.113015e+03
4223	-1.121215e+03
4224	-1.103003e+03
4225	-1.112905e+03
4226	-1.106593e+03
4227	-1.122979e+03
4228	-1.107523e+03
4229	-1.119341e+03
4230	-1.118796e+03
4231	-1.132457e+03
4232	-1.096941e+03
4233	-1.112126e+03
4234	-1.107261e+03
4235	-1.124221e+03
4236	-1.102909e+03
4237	-1.117236e+03
4238	-1.089944e+03
4239	-1.106308e+03
4240	-1.106512e+03
4241	-1.122814e+03
4242	-1.118242e+03
4243	-1.114377e+03
4244	-1.106923e+03
4245	-1.129551e+03
4246	-1.118332e+03
4247	-1.105369e+03
4248	-1.099673e+03
4249	-1.113626e+03
4250	-1.098170e+03
4251	-1.099689e+03
4252	-1.121232e+03
4253	-1.108508e+03
4254	-1.102527e+03
4255	-1.092688e+03
4256	-1.104681e+03
4257	-1.106361e+03
4258	-1.085568e+03
4259	-1.116015e+03
4260	-1.099792e+03
4261	-1.096812e+03
4262	-1.113893e+03
4263	-1.112080e+03
4264	-1.120491e+03
4265	-1.123815e+03
4266	-1.092745e+03
4267	-1.109522e+03
4268	-1.097105e+03
4269	-1.108560e+03
4270	-1.097858e+03
4271	-1.116297e+03
4272	-1.114225e+03
4273	-1.112869e+03
4274	-1.122607e+03
4275	-1.128447e+03
4276	-1.107716e+03
4277	-1.105257e+03
4278	-1.110710e+03
4279	-1.092186e+03
4280	-1.101747e+03
4281	-1.106949e+03
4282	-1.108382e+03
4283	-1.108417e+03
4284	-1.110667e+03
4285	-1.114434e+03
4286	-1.115888e+03
4287	-1.109465e+03
4288	-1.122220e+03
4289	-1.115630e+03
4290	-1.123010e+03
4291	-1.112169e+03
4292	-1.112377e+03
4293	-1.120799e+03
4294	-1.115484e+03
4295	-1.109295e+03
4296	-1.133332e+03
4297	-1.121165e+03
4298	-1.123866e+03
4299	-1.081198e+03
4300	-1.115575e+03
4301	-1.135210e+03
4302	-1.102043e+03
4303	-1.117055e+03
4304	-1.117660e+03
4305	-1.096342e+03
4306	-1.109569e+03
4307	-1.127001e+03
4308	-1.135256e+03
4309	-1.095955e+03
4310	-1.117852e+03
4311	-1.108650e+03
4312	-1.104364e+03
4313	-1.110145e+03
4314	-1.100100e+03
4315	-1.107124e+03
4316	-1.109761e+03
4317	-1.125020e+03
4318	-1.105692e+03
4319	-1.109782e+03
4320	-1.100291e+03
4321	-1.128150e+03
4322	-1.107713e+03
4323	-1.126001e+03
4324	-1.119728e+03
4325	-1.120346e+03
4326	-1.103572e+03
4327	-1.097729e+03
4328	-1.115190e+03
4329	-1.100554e+03
4330	-1.120525e+03
4331	-1.102422e+03
4332	-1.122594e+03
4333	-1.110805e+03
4334	-1.114631e+03
4335	-1.115528e+03
4336	-1.112153e+03
4337	-1.097695e+03
4338	-1.098389e+03
4339	-1.123593e+03
4340	-1.112021e+03
4341	-1.100942e+03
4342	-1.108945e+03
4343	-1.129112e+03
4344	-1.099483e+03
4345	-1.092337e+03
4346	-1.134015e+03
4347	-1.105273e+03
4348	-1.108707e+03
4349	-1.099779e+03
4350	-1.104415e+03
4351	-1.105261e+03
4352	-1.118378e+03
4353	-1.110783e+03
4354	-1.118860e+03
4355	-1.113411e+03
4356	-1.103798e+03
4357	-1.114828e+03
4358	-1.118410e+03
4359	-1.096743e+03
4360	-1.098620e+03
4361	-1.111958e+03
4362	-1.103288e+03
4363	-1.110693e+03
4364	-1.107434e+03
4365	-1.102479e+03
4366	-1.122573e+03
4367	-1.114590e+03
4368	-1.127483e+03
4369	-1.104617e+03
4370	-1.113086e+03
4371	-1.120221e+03
4372	-1.109955e+03
4373	-1.127532e+03
4374	-1.102392e+03
4375	-1.118902e+03
4376	-1.136985e+03
4377	-1.086601e+03
4378	-1.119487e+03
4379	-1.122796e+03
4380	-1.098407e+03
4381	-1.099973e+03
4382	-1.101588e+03
4383	-1.082818e+03
4384	-1.113628e+03
4385	-1.112675e+03
4386	-1.103196e+03
4387	-1.116840e+03
4388	-1.109880e+03
4389	-1.116082e+03
4390	-1.127769e+03
4391	-1.122954e+03
4392	-1.099286e+03
4393	-1.122225e+03
4394	-1.102111e+03
4395	-1.115062e+03
4396	-1.106216e+03
4397	-1.117929e+03
4398	-1.118386e+03
4399	-1.106599e+03
4400	-1.095823e+03
4401	-1.108404e+03
4402	-1.091122e+03
4403	-1.096574e+03
4404	-1.108722e+03
4405	-1.124821e+03
4406	-1.109725e+03
4407	-1.111099e+03
4408	-1.106665e+03
4409	-1.105324e+03
4410	-1.110213e+03
4411	-1.129434e+03
4412	-1.107853e+03
4413	-1.076809e+03
4414	-1.121654e+03
4415	-1.123441e+03
4416	-1.104262e+03
4417	-1.109038e+03
4418	-1.138549e+03
4419	-1.106443e+03
4420	-1.122617e+03
4421	-1.125578e+03
4422	-1.127237e+03
4423	-1.094267e+03
4424	-1.094036e+03
4425	-1.108381e+03
4426	-1.110791e+03
4427	-1.115375e+03
4428	-1.102966e+03
4429	-1.102398e+03
4430	-1.119248e+03
4431	-1.111533e+03
4432	-1.108223e+03
4433	-1.121683e+03
4434	-1.100547e+03
4435	-1.095604e+03
4436	-1.091940e+03
4437	-1.113844e+03
4438	-1.099527e+03
4439	-1.122475e+03
4440	-1.112167e+03
4441	-1.115382e+03
4442	-1.113196e+03
4443	-1.094275e+03
4444	-1.096171e+03
4445	-1.122489e+03
4446	-1.095699e+03
4447	-1.117407e+03
4448	-1.129348e+03
4449	-1.093031e+03
4450	-1.119913e+03
4451	-1.123342e+03
4452	-1.114810e+03
4453	-1.116310e+03
4454	-1.120902e+03
4455	-1.108994e+03
4456	-1.124810e+03
4457	-1.111963e+03
4458	-1.111795e+03
4459	-1.095127e+03
4460	-1.110747e+03
4461	-1.123197e+03
4462	-1.118917e+03
4463	-1.120094e+03
4464	-1.119071e+03
4465	-1.092764e+03
4466	-1.097876e+03
4467	-1.104593e+03
4468	-1.119018e+03
4469	-1.122041e+03
4470	-1.119559e+03
4471	-1.100606e+03
4472	-1.101181e+03
4473	-1.122475e+03
4474	-1.121659e+03
4475	-1.120026e+03
4476	-1.108181e+03
4477	-1.138024e+03
4478	-1.124194e+03
4479	-1.110672e+03
4480	-1.122762e+03
4481	-1.108420e+03
4482	-1.078077e+03
4483	-1.127097e+03
4484	-1.099174e+03
4485	-1.099122e+03
4486	-1.112624e+03
4487	-1.109142e+03
4488	-1.124385e+03
4489	-1.112015e+03
4490	-1.137932e+03
4491	-1.118597e+03
4492	-1.106305e+03
4493	-1.127661e+03
4494	-1.108156e+03
4495	-1.120503e+03
4496	-1.117627e+03
4497	-1.129783e+03
4498	-1.112554e+03
4499	-1.106772e+03
4500	-1.090092e+03
4501	-1.112695e+03
4502	-1.103121e+03
4503	-1.107599e+03
4504	-1.115579e+03
4505	-1.100026e+03
4506	-1.114669e+03
4507	-1.114223e+03
4508	-1.128799e+03
4509	-1.093042e+03
4510	-1.107602e+03
4511	-1.120996e+03
4512	-1.111882e+03
4513	-1.109922e+03
4514	-1.104506e+03
4515	-1.120505e+03
4516	-1.087569e+03
4517	-1.105568e+03
4518	-1.115487e+03
4519	-1.111252e+03
4520	-1.109139e+03
4521	-1.103892e+03
4522	-1.113366e+03
4523	-1.130210e+03
4524	-1.096836e+03
4525	-1.116266e+03
4526	-1.103982e+03
4527	-1.105602e+03
4528	-1.129179e+03
4529	-1.121684e+03
4530	-1.108673e+03
4531	-1.124627e+03
4532	-1.109707e+03
4533	-1.127488e+03
4534	-1.105771e+03
4535	-1.133599e+03
4536	-1.094512e+03
4537	-1.122702e+03
4538	-1.135944e+03
4539	-1.103670e+03
4540	-1.106387e+03
4541	-1.096637e+03
4542	-1.104347e+03
4543	-1.117970e+03
4544	-1.121784e+03
4545	-1.133679e+03
4546	-1.105607e+03
4547	-1.110809e+03
4548	-1.101466e+03
4549	-1.128135e+03
4550	-1.102483e+03
4551	-1.133855e+03
4552	-1.099658e+03
4553	-1.101422e+03
4554	-1.128479e+03
4555	-1.094357e+03
4556	-1.100242e+03
4557	-1.100213e+03
4558	-1.123250e+03
4559	-1.103925e+03
4560	-1.105148e+03
4561	-1.095740e+03
4562	-1.116198e+03
4563	-1.116738e+03
4564	-1.113824e+03
4565	-1.116779e+03
4566	-1.102208e+03
4567	-1.122784e+03
4568	-1.110644e+03
4569	-1.097859e+03
4570	-1.109309e+03
4571	-1.090016e+03
4572	-1.117529e+03
4573	-1.117046e+03
4574	-1.100906e+03
4575	-1.114040e+03
4576	-1.119317e+03
4577	-1.099219e+03
4578	-1.117504e+03
4579	-1.106060e+03
4580	-1.109224e+03
4581	-1.099551e+03
4582	-1.107744e+03
4583	-1.124508e+03
4584	-1.108447e+03
4585	-1.096197e+03
4586	-1.137114e+03
4587	-1.112843e+03
4588	-1.087199e+03
4589	-1.097634e+03
4590	-1.132199e+03
4591	-1.128300e+03
4592	-1.116769e+03
4593	-1.120643e+03
4594	-1.115676e+03
4595	-1.120240e+03
4596	-1.103136e+03
4597	-1.115396e+03
4598	-1.110673e+03
4599	-1.126356e+03
4600	-1.132206e+03
4601	-1.094894e+03
4602	-1.118207e+03
4603	-1.118684e+03
4604	-1.097763e+03
4605	-1.097818e+03
4606	-1.104894e+03
4607	-1.119112e+03
4608	-1.105586e+03
4609	-1.128453e+03
4610	-1.109518e+03
4611	-1.116099e+03
4612	-1.113749e+03
4613	-1.106025e+03
4614	-1.100200e+03
4615	-1.119422e+03
4616	-1.131514e+03
4617	-1.103459e+03
4618	-1.117893e+03
4619	-1.117427e+03
4620	-1.114073e+03
4621	-1.097764e+03
4622	-1.112759e+03
4623	-1.133065e+03
4624	-1.097108e+03
4625	-1.123742e+03
4626	-1.107816e+03
4627	-1.096265e+03
4628	-1.117507e+03
4629	-1.120446e+03
4630	-1.119651e+03
4631	-1.101835e+03
4632	-1.118656e+03
4633	-1.118544e+03
4634	-1.115972e+03
4635	-1.120402e+03
4636	-1.099771e+03
4637	-1.105614e+03
4638	-1.108620e+03
4639	-1.120427e+03
4640	-1.111751e+03
4641	-1.109123e+03
4642	-1.104227e+03
4643	-1.109918e+03
4644	-1.109770e+03
4645	-1.106761e+03
4646	-1.112751e+03
4647	-1.096940e+03
4648	-1.101700e+03
4649	-1.108622e+03
4650	-1.132654e+03
4651	-1.098123e+03
4652	-1.102485e+03
4653	-1.106900e+03
4654	-1.100015e+03
4655	-1.106794e+03
4656	-1.107875e+03
4657	-1.120353e+03
4658	-1.111985e+03
4659	-1.117453e+03
4660	-1.124659e+03
4661	-1.104690e+03
4662	-1.119156e+03
4663	-1.105976e+03
4664	-1.130479e+03
4665	-1.100907e+03
4666	-1.124430e+03
4667	-1.101180e+03
4668	-1.102031e+03
4669	-1.108535e+03
4670	-1.112485e+03
4671	-1.108157e+03
4672	-1.101134e+03
4673	-1.111672e+03
4674	-1.122417e+03
4675	-1.109618e+03
4676	-1.111293e+03
4677	-1.104805e+03
4678	-1.127392e+03
4679	-1.130376e+03
4680	-1.114038e+03
4681	-1.094768e+03
4682	-1.120402e+03
4683	-1.092311e+03
4684	-1.093607e+03
4685	-1.114831e+03
4686	-1.103968e+03
4687	-1.104599e+03
4688	-1.107747e+03
4689	-1.093375e+03
4690	-1.109886e+03
4691	-1.111263e+03
4692	-1.119981e+03
4693	-1.110572e+03
4694	-1.113950e+03
4695	-1.099031e+03
4696	-1.109257e+03
4697	-1.099385e+03
4698	-1.108554e+03
4699	-1.126744e+03
4700	-1.097053e+03
4701	-1.121526e+03
4702	-1.124420e+03
4703	-1.114538e+03
4704	-1.108583e+03
4705	-1.126907e+03
4706	-1.110230e+03
4707	-1.110957e+03
4708	-1.106055e+03
4709	-1.111366e+03
4710	-1.115862e+03
4711	-1.117366e+03
4712	-1.114940e+03
4713	-1.111231e+03
4714	-1.096997e+03
4715	-1.102381e+03
4716	-1.113962e+03
4717	-1.106344e+03
4718	-1.110408e+03
4719	-1.106415e+03
4720	-1.111333e+03
4721	-1.130963e+03
4722	-1.100323e+03
4723	-1.101935e+03
4724	-1.091048e+03
4725	-1.098340e+03
4726	-1.103234e+03
4727	-1.122501e+03
4728	-1.117426e+03
4729	-1.097571e+03
4730	-1.125631e+03
4731	-1.093204e+03
4732	-1.123035e+03
4733	-1.120611e+03
4734	-1.104203e+03
4735	-1.114273e+03
4736	-1.120128e+03
4737	-1.121392e+03
4738	-1.120510e+03
4739	-1.110424e+03
4740	-1.118060e+03
4741	-1.105624e+03
4742	-1.101826e+03
4743	-1.128621e+03
4744	-1.113503e+03
4745	-1.105767e+03
4746	-1.111143e+03
4747	-1.112188e+03
4748	-1.115157e+03
4749	-1.107508e+03
4750	-1.110477e+03
4751	-1.120204e+03
4752	-1.106812e+03
4753	-1.114467e+03
4754	-1.117766e+03
4755	-1.100399e+03
4756	-1.094630e+03
4757	-1.115528e+03
4758	-1.105122e+03
4759	-1.089564e+03
4760	-1.113134e+03
4761	-1.125421e+03
4762	-1.097400e+03
4763	-1.122151e+03
4764	-1.121566e+03
4765	-1.107422e+03
4766	-1.102176e+03
4767	-1.103400e+03
4768	-1.097093e+03
4769	-1.110776e+03
4770	-1.097985e+03
4771	-1.101901e+03
4772	-1.115479e+03
4773	-1.129704e+03
4774	-1.103489e+03
4775	-1.103409e+03
4776	-1.097989e+03
4777	-1.117464e+03
4778	-1.106364e+03
4779	-1.101482e+03
4780	-1.114140e+03
4781	-1.115087e+03
4782	-1.127664e+03
4783	-1.129155e+03
4784	-1.097805e+03
4785	-1.104349e+03
4786	-1.104137e+03
4787	-1.110824e+03
4788	-1.118221e+03
4789	-1.109420e+03
4790	-1.120396e+03
4791	-1.099129e+03
4792	-1.099978e+03
4793	-1.094559e+03
4794	-1.107823e+03
4795	-1.116894e+03
4796	-1.125382e+03
4797	-1.093423e+03
4798	-1.083231e+03
4799	-1.092663e+03
4800	-1.132265e+03
4801	-1.117386e+03
4802	-1.105072e+03
4803	-1.109836e+03
4804	-1.096203e+03
4805	-1.138579e+03
4806	-1.132373e+03
4807	-1.094419e+03
4808	-1.101948e+03
4809	-1.107912e+03
4810	-1.113560e+03
4811	-1.100920e+03
4812	-1.104470e+03
4813	-1.101343e+03
4814	-1.084522e+03
4815	-1.120250e+03
4816	-1.107586e+03
4817	-1.100478e+03
4818	-1.101511e+03
4819	-1.117016e+03
4820	-1.105995e+03
4821	-1.086837e+03
4822	-1.116934e+03
4823	-1.112150e+03
4824	-1.116275e+03
4825	-1.106824e+03
4826	-1.111165e+03
4827	-1.099671e+03
4828	-1.101280e+03
4829	-1.115914e+03
4830	-1.117157e+03
4831	-1.090772e+03
4832	-1.116208e+03
4833	-1.098288e+03
4834	-1.114830e+03
4835	-1.097463e+03
4836	-1.134041e+03
4837	-1.128032e+03
4838	-1.115789e+03
4839	-1.109483e+03
4840	-1.112686e+03
4841	-1.109955e+03
4842	-1.098183e+03
4843	-1.111116e+03
4844	-1.110443e+03
4845	-1.097701e+03
4846	-1.107656e+03
4847	-1.114777e+03
4848	-1.111581e+03
4849	-1.104688e+03
4850	-1.094518e+03
4851	-1.126796e+03
4852	-1.109105e+03
4853	-1.127374e+03
4854	-1.123230e+03
4855	-1.106469e+03
4856	-1.127869e+03
4857	-1.100371e+03
4858	-1.107291e+03
4859	-1.130017e+03
4860	-1.094983e+03
4861	-1.104475e+03
4862	-1.115423e+03
4863	-1.126534e+03
4864	-1.112238e+03
4865	-1.100134e+03
4866	-1.123829e+03
4867	-1.109057e+03
4868	-1.110656e+03
4869	-1.123178e+03
4870	-1.103164e+03
4871	-1.105376e+03
4872	-1.109427e+03
4873	-1.129265e+03
4874	-1.102232e+03
4875	-1.115756e+03
4876	-1.119925e+03
4877	-1.104971e+03
4878	-1.094996e+03
4879	-1.126826e+03
4880	-1.119733e+03
4881	-1.117305e+03
4882	-1.102512e+03
4883	-1.122433e+03
4884	-1.111198e+03
4885	-1.097187e+03
4886	-1.134082e+03
4887	-1.114487e+03
4888	-1.116006e+03
4889	-1.088066e+03
4890	-1.115329e+03
4891	-1.109113e+03
4892	-1.109411e+03
4893	-1.123251e+03
4894	-1.144869e+03
4895	-1.114559e+03
4896	-1.101449e+03
4897	-1.104908e+03
4898	-1.135880e+03
4899	-1.114581e+03
4900	-1.103955e+03
4901	-1.112147e+03
4902	-1.108808e+03
4903	-1.131534e+03
4904	-1.120320e+03
4905	-1.115795e+03
4906	-1.123452e+03
4907	-1.101793e+03
4908	-1.126025e+03
4909	-1.115236e+03
4910	-1.107691e+03
4911	-1.122716e+03
4912	-1.117925e+03
4913	-1.121723e+03
4914	-1.118737e+03
4915	-1.097982e+03
4916	-1.111017e+03
4917	-1.099018e+03
4918	-1.118894e+03
4919	-1.142525e+03
4920	-1.103311e+03
4921	-1.108000e+03
4922	-1.103955e+03
4923	-1.111747e+03
4924	-1.134702e+03
4925	-1.122103e+03
4926	-1.123479e+03
4927	-1.127906e+03
4928	-1.100108e+03
4929	-1.119554e+03
4930	-1.115546e+03
4931	-1.102813e+03
4932	-1.102342e+03
4933	-1.115754e+03
4934	-1.119091e+03
4935	-1.102401e+03
4936	-1.106585e+03
4937	-1.111893e+03
4938	-1.111197e+03
4939	-1.120254e+03
4940	-1.102226e+03
4941	-1.121263e+03
4942	-1.105182e+03
4943	-1.112805e+03
4944	-1.094819e+03
4945	-1.120422e+03
4946	-1.099335e+03
4947	-1.104807e+03
4948	-1.096606e+03
4949	-1.127951e+03
4950	-1.127934e+03
4951	-1.124242e+03
4952	-1.099378e+03
4953	-1.109648e+03
4954	-1.114552e+03
4955	-1.125142e+03
4956	-1.106010e+03
4957	-1.102956e+03
4958	-1.117034e+03
4959	-1.111683e+03
4960	-1.111903e+03
4961	-1.135959e+03
4962	-1.099742e+03
4963	-1.093942e+03
4964	-1.120115e+03
4965	-1.097325e+03
4966	-1.116145e+03
4967	-1.115036e+03
4968	-1.114615e+03
4969	-1.100250e+03
4970	-1.110210e+03
4971	-1.106431e+03
4972	-1.085957e+03
4973	-1.123479e+03
4974	-1.120812e+03
4975	-1.120787e+03
4976	-1.116604e+03
4977	-1.105728e+03
4978	-1.105958e+03
4979	-1.098372e+03
4980	-1.094832e+03
4981	-1.125482e+03
4982	-1.096978e+03
4983	-1.111332e+03
4984	-1.122576e+03
4985	-1.105691e+03
4986	-1.107650e+03
4987	-1.104469e+03
4988	-1.115296e+03
4989	-1.124459e+03
4990	-1.118159e+03
4991	-1.124018e+03
4992	-1.106446e+03
4993	-1.112254e+03
4994	-1.118907e+03
4995	-1.106448e+03
4996	-1.112448e+03
4997	-1.109057e+03
4998	-1.110295e+03
4999	-1.130045e+03
5000	-1.129067e+03
5001	-1.104453e+03
5002	-1.105357e+03
5003	-1.101840e+03
5004	-1.106156e+03
5005	-1.100407e+03
5006	-1.110745e+03
5007	-1.133649e+03
5008	-1.118948e+03
5009	-1.094962e+03
5010	-1.089733e+03
5011	-1.114842e+03
5012	-1.111327e+03
5013	-1.107379e+03
5014	-1.136825e+03
5015	-1.105906e+03
5016	-1.128626e+03
5017	-1.114815e+03
5018	-1.121645e+03
5019	-1.106113e+03
5020	-1.101586e+03
5021	-1.111876e+03
5022	-1.131961e+03
5023	-1.088770e+03
5024	-1.139434e+03
5025	-1.107052e+03
5026	-1.103151e+03
5027	-1.097371e+03
5028	-1.102864e+03
5029	-1.117656e+03
5030	-1.114845e+03
5031	-1.131413e+03
5032	-1.124344e+03
5033	-1.115001e+03
5034	-1.097558e+03
5035	-1.089480e+03
5036	-1.117314e+03
5037	-1.108043e+03
5038	-1.126070e+03
5039	-1.104153e+03
5040	-1.117598e+03
5041	-1.135344e+03
5042	-1.111448e+03
5043	-1.116235e+03
5044	-1.112042e+03
5045	-1.121239e+03
5046	-1.108153e+03
5047	-1.111225e+03
5048	-1.099791e+03
5049	-1.104250e+03
5050	-1.104959e+03
5051	-1.104407e+03
5052	-1.111667e+03
5053	-1.122174e+03
5054	-1.123218e+03
5055	-1.114637e+03
5056	-1.115963e+03
5057	-1.117000e+03
5058	-1.099603e+03
5059	-1.097882e+03
5060	-1.092652e+03
5061	-1.141045e+03
5062	-1.111915e+03
5063	-1.119377e+03
5064	-1.107937e+03
5065	-1.119478e+03
5066	-1.110085e+03
5067	-1.098613e+03
5068	-1.119728e+03
5069	-1.120964e+03
5070	-1.112507e+03
5071	-1.090134e+03
5072	-1.100581e+03
5073	-1.115305e+03
5074	-1.084244e+03
5075	-1.108652e+03
5076	-1.117400e+03
5077	-1.092039e+03
5078	-1.105028e+03
5079	-1.110709e+03
5080	-1.105186e+03
5081	-1.122624e+03
5082	-1.102280e+03
5083	-1.119426e+03
5084	-1.104939e+03
5085	-1.103259e+03
5086	-1.117907e+03
5087	-1.112849e+03
5088	-1.112245e+03
5089	-1.099584e+03
5090	-1.117014e+03
5091	-1.084281e+03
5092	-1.112647e+03
5093	-1.107314e+03
5094	-1.121175e+03
5095	-1.111607e+03
5096	-1.129004e+03
5097	-1.109929e+03
5098	-1.103221e+03
5099	-1.094156e+03
5100	-1.115554e+03
5101	-1.122285e+03
5102	-1.104279e+03
5103	-1.120954e+03
5104	-1.113021e+03
5105	-1.117753e+03
5106	-1.109956e+03
5107	-1.104964e+03
5108	-1.112293e+03
5109	-1.096839e+03
5110	-1.112968e+03
5111	-1.101208e+03
5112	-1.110054e+03
5113	-1.098439e+03
5114	-1.110473e+03
5115	-1.127451e+03
5116	-1.109252e+03
5117	-1.116619e+03
5118	-1.106122e+03
5119	-1.114828e+03
5120	-1.117109e+03
5121	-1.117480e+03
5122	-1.123995e+03
5123	-1.116759e+03
5124	-1.117428e+03
5125	-1.104722e+03
5126	-1.119036e+03
5127	-1.115494e+03
5128	-1.122210e+03
5129	-1.121333e+03
5130	-1.090822e+03
5131	-1.096974e+03
5132	-1.085990e+03
5133	-1.105657e+03
5134	-1.102161e+03
5135	-1.109553e+03
5136	-1.106649e+03
5137	-1.113888e+03
5138	-1.087259e+03
5139	-1.128666e+03
5140	-1.092287e+03
5141	-1.105858e+03
5142	-1.125187e+03
5143	-1.114761e+03
5144	-1.106249e+03
5145	-1.116170e+03
5146	-1.113990e+03
5147	-1.106826e+03
5148	-1.097733e+03
5149	-1.111702e+03
5150	-1.107717e+03
5151	-1.104233e+03
5152	-1.105878e+03
5153	-1.110480e+03
5154	-1.089138e+03
5155	-1.112548e+03
5156	-1.095574e+03
5157	-1.129263e+03
5158	-1.112553e+03
5159	-1.105788e+03
5160	-1.105471e+03
5161	-1.106649e+03
5162	-1.110757e+03
5163	-1.098690e+03
5164	-1.114435e+03
5165	-1.110044e+03
5166	-1.107514e+03
5167	-1.115759e+03
5168	-1.122329e+03
5169	-1.121438e+03
5170	-1.122670e+03
5171	-1.100537e+03
5172	-1.111861e+03
5173	-1.096240e+03
5174	-1.106151e+03
5175	-1.112328e+03
5176	-1.120791e+03
5177	-1.121297e+03
5178	-1.096470e+03
5179	-1.108936e+03
5180	-1.127075e+03
5181	-1.115922e+03
5182	-1.107926e+03
5183	-1.126985e+03
5184	-1.115470e+03
5185	-1.103178e+03
5186	-1.093824e+03
5187	-1.121120e+03
5188	-1.117698e+03
5189	-1.107910e+03
5190	-1.111761e+03
5191	-1.089956e+03
5192	-1.122890e+03
5193	-1.093352e+03
5194	-1.100186e+03
5195	-1.101438e+03
5196	-1.114148e+03
5197	-1.104237e+03
5198	-1.119136e+03
5199	-1.114523e+03
5200	-1.116798e+03
5201	-1.100046e+03
5202	-1.102682e+03
5203	-1.095619e+03
5204	-1.126254e+03
5205	-1.107536e+03
5206	-1.115034e+03
5207	-1.111642e+03
5208	-1.107628e+03
5209	-1.096968e+03
5210	-1.109979e+03
5211	-1.102181e+03
5212	-1.118730e+03
5213	-1.114582e+03
5214	-1.103896e+03
5215	-1.106609e+03
5216	-1.101720e+03
5217	-1.104862e+03
5218	-1.111435e+03
5219	-1.119636e+03
5220	-1.127121e+03
5221	-1.087677e+03
5222	-1.106110e+03
5223	-1.091073e+03
5224	-1.113604e+03
5225	-1.106989e+03
5226	-1.101479e+03
5227	-1.112626e+03
5228	-1.106446e+03
5229	-1.119410e+03
5230	-1.119109e+03
5231	-1.116255e+03
5232	-1.105744e+03
5233	-1.100003e+03
5234	-1.116971e+03
5235	-1.125130e+03
5236	-1.104749e+03
5237	-1.105980e+03
5238	-1.108028e+03
5239	-1.082720e+03
5240	-1.104821e+03
5241	-1.084877e+03
5242	-1.107026e+03
5243	-1.117139e+03
5244	-1.111159e+03
5245	-1.113318e+03
5246	-1.108323e+03
5247	-1.105386e+03
5248	-1.128118e+03
5249	-1.121063e+03
5250	-1.119979e+03
5251	-1.100573e+03
5252	-1.120507e+03
5253	-1.096890e+03
5254	-1.096639e+03
5255	-1.093794e+03
5256	-1.123107e+03
5257	-1.128467e+03
5258	-1.103268e+03
5259	-1.108683e+03
5260	-1.120099e+03
5261	-1.114307e+03
5262	-1.100653e+03
5263	-1.106017e+03
5264	-1.117347e+03
5265	-1.111834e+03
5266	-1.134031e+03
5267	-1.085183e+03
5268	-1.121437e+03
5269	-1.111187e+03
5270	-1.119048e+03
5271	-1.099215e+03
5272	-1.113921e+03
5273	-1.112677e+03
5274	-1.110097e+03
5275	-1.124252e+03
5276	-1.110809e+03
5277	-1.120895e+03
5278	-1.125651e+03
5279	-1.107986e+03
5280	-1.116501e+03
5281	-1.108250e+03
5282	-1.123144e+03
5283	-1.120130e+03
5284	-1.131096e+03
5285	-1.108231e+03
5286	-1.106448e+03
5287	-1.110845e+03
5288	-1.107419e+03
5289	-1.107952e+03
5290	-1.111174e+03
5291	-1.105859e+03
5292	-1.110418e+03
5293	-1.098240e+03
5294	-1.109743e+03
5295	-1.112209e+03
5296	-1.112106e+03
5297	-1.106947e+03
5298	-1.128115e+03
5299	-1.120659e+03
5300	-1.114102e+03
5301	-1.106304e+03
5302	-1.093303e+03
5303	-1.111779e+03
5304	-1.129350e+03
5305	-1.107317e+03
5306	-1.107695e+03
5307	-1.091395e+03
5308	-1.108127e+03
5309	-1.107230e+03
5310	-1.101603e+03
5311	-1.103883e+03
5312	-1.124704e+03
5313	-1.079479e+03
5314	-1.108410e+03
5315	-1.095378e+03
5316	-1.117909e+03
5317	-1.109722e+03
5318	-1.112830e+03
5319	-1.118559e+03
5320	-1.089329e+03
5321	-1.107794e+03
5322	-1.099752e+03
5323	-1.105819e+03
5324	-1.099225e+03
5325	-1.108215e+03
5326	-1.128850e+03
5327	-1.117936e+03
5328	-1.093232e+03
5329	-1.114097e+03
5330	-1.128997e+03
5331	-1.111833e+03
5332	-1.107368e+03
5333	-1.115469e+03
5334	-1.111374e+03
5335	-1.114796e+03
5336	-1.079967e+03
5337	-1.118165e+03
5338	-1.126582e+03
5339	-1.120098e+03
5340	-1.111107e+03
5341	-1.119237e+03
5342	-1.095483e+03
5343	-1.109343e+03
5344	-1.121740e+03
5345	-1.111963e+03
5346	-1.108093e+03
5347	-1.127616e+03
5348	-1.094423e+03
5349	-1.116984e+03
5350	-1.119038e+03
5351	-1.083363e+03
5352	-1.117291e+03
5353	-1.104563e+03
5354	-1.117123e+03
5355	-1.112542e+03
5356	-1.111096e+03
5357	-1.107605e+03
5358	-1.117699e+03
5359	-1.105670e+03
5360	-1.144678e+03
5361	-1.099481e+03
5362	-1.125126e+03
5363	-1.106538e+03
5364	-1.123790e+03
5365	-1.111751e+03
5366	-1.118047e+03
5367	-1.100499e+03
5368	-1.109004e+03
5369	-1.108737e+03
5370	-1.124027e+03
5371	-1.110851e+03
5372	-1.113499e+03
5373	-1.124305e+03
5374	-1.134490e+03
5375	-1.113770e+03
5376	-1.093322e+03
5377	-1.105210e+03
5378	-1.115285e+03
5379	-1.109544e+03
5380	-1.099694e+03
5381	-1.109253e+03
5382	-1.108144e+03
5383	-1.103132e+03
5384	-1.115848e+03
5385	-1.118489e+03
5386	-1.117421e+03
5387	-1.087850e+03
5388	-1.108931e+03
5389	-1.117480e+03
5390	-1.116358e+03
5391	-1.110336e+03
5392	-1.108489e+03
5393	-1.111837e+03
5394	-1.099698e+03
5395	-1.103509e+03
5396	-1.108088e+03
5397	-1.132045e+03
5398	-1.101779e+03
5399	-1.119678e+03
5400	-1.117988e+03
5401	-1.100097e+03
5402	-1.123340e+03
5403	-1.114430e+03
5404	-1.111705e+03
5405	-1.098727e+03
5406	-1.114404e+03
5407	-1.117912e+03
5408	-1.129611e+03
5409	-1.117080e+03
5410	-1.105163e+03
5411	-1.115231e+03
5412	-1.106325e+03
5413	-1.110439e+03
5414	-1.125302e+03
5415	-1.107311e+03
5416	-1.110542e+03
5417	-1.106723e+03
5418	-1.115298e+03
5419	-1.114531e+03
5420	-1.104534e+03
5421	-1.112069e+03
5422	-1.114162e+03
5423	-1.102298e+03
5424	-1.106661e+03
5425	-1.095624e+03
5426	-1.094109e+03
5427	-1.120710e+03
5428	-1.106778e+03
5429	-1.131057e+03
5430	-1.115081e+03
5431	-1.106686e+03
5432	-1.118015e+03
5433	-1.114795e+03
5434	-1.114098e+03
5435	-1.124992e+03
5436	-1.117986e+03
5437	-1.092630e+03
5438	-1.103600e+03
5439	-1.085363e+03
5440	-1.123986e+03
5441	-1.119120e+03
5442	-1.096579e+03
5443	-1.133995e+03
5444	-1.127329e+03
5445	-1.124736e+03
5446	-1.120102e+03
5447	-1.101194e+03
5448	-1.118801e+03
5449	-1.113439e+03
5450	-1.116989e+03
5451	-1.126215e+03
5452	-1.088930e+03
5453	-1.096045e+03
5454	-1.105131e+03
5455	-1.118304e+03
5456	-1.116013e+03
5457	-1.108656e+03
5458	-1.113604e+03
5459	-1.099839e+03
5460	-1.130901e+03
5461	-1.111256e+03
5462	-1.120719e+03
5463	-1.109693e+03
5464	-1.118797e+03
5465	-1.111966e+03
5466	-1.124605e+03
5467	-1.098713e+03
5468	-1.089472e+03
5469	-1.123574e+03
5470	-1.110607e+03
5471	-1.111006e+03
5472	-1.091644e+03
5473	-1.117015e+03
5474	-1.106743e+03
5475	-1.119573e+03
5476	-1.089872e+03
5477	-1.096011e+03
5478	-1.095354e+03
5479	-1.104660e+03
5480	-1.103592e+03
5481	-1.115463e+03
5482	-1.107260e+03
5483	-1.110352e+03
5484	-1.097257e+03
5485	-1.120014e+03
5486	-1.121522e+03
5487	-1.115681e+03
5488	-1.111833e+03
5489	-1.116206e+03
5490	-1.142497e+03
5491	-1.101651e+03
5492	-1.107598e+03
5493	-1.104418e+03
5494	-1.108738e+03
5495	-1.115533e+03
5496	-1.114728e+03
5497	-1.119301e+03
5498	-1.102320e+03
5499	-1.105511e+03
5500	-1.120283e+03
5501	-1.097703e+03
5502	-1.108037e+03
5503	-1.120152e+03
5504	-1.105700e+03
5505	-1.116884e+03
5506	-1.115247e+03
5507	-1.094742e+03
5508	-1.107142e+03
5509	-1.110213e+03
5510	-1.124070e+03
5511	-1.126166e+03
5512	-1.110583e+03
5513	-1.099431e+03
5514	-1.106682e+03
5515	-1.126190e+03
5516	-1.118839e+03
5517	-1.109592e+03
5518	-1.115666e+03
5519	-1.125302e+03
5520	-1.118455e+03
5521	-1.132193e+03
5522	-1.125040e+03
5523	-1.110933e+03
5524	-1.122800e+03
5525	-1.102460e+03
5526	-1.103840e+03
5527	-1.117737e+03
5528	-1.128741e+03
5529	-1.112694e+03
5530	-1.112516e+03
5531	-1.114601e+03
5532	-1.109195e+03
5533	-1.100486e+03
5534	-1.105033e+03
5535	-1.099765e+03
5536	-1.114421e+03
5537	-1.102909e+03
5538	-1.100606e+03
5539	-1.121059e+03
5540	-1.119499e+03
5541	-1.113946e+03
5542	-1.115036e+03
5543	-1.076895e+03
5544	-1.109177e+03
5545	-1.129572e+03
5546	-1.101736e+03
5547	-1.108472e+03
5548	-1.124120e+03
5549	-1.110408e+03
5550	-1.127325e+03
5551	-1.114182e+03
5552	-1.127972e+03
5553	-1.093013e+03
5554	-1.115676e+03
5555	-1.113281e+03
5556	-1.125900e+03
5557	-1.106602e+03
5558	-1.099558e+03
5559	-1.117552e+03
5560	-1.127295e+03
5561	-1.093399e+03
5562	-1.104878e+03
5563	-1.126737e+03
5564	-1.102563e+03
5565	-1.090732e+03
5566	-1.109877e+03
5567	-1.126806e+03
5568	-1.104089e+03
5569	-1.093169e+03
5570	-1.105122e+03
5571	-1.110277e+03
5572	-1.096250e+03
5573	-1.118066e+03
5574	-1.114432e+03
5575	-1.120631e+03
5576	-1.095554e+03
5577	-1.100787e+03
5578	-1.105442e+03
5579	-1.099994e+03
5580	-1.131957e+03
5581	-1.113535e+03
5582	-1.110519e+03
5583	-1.110699e+03
5584	-1.121448e+03
5585	-1.098468e+03
5586	-1.128277e+03
5587	-1.116370e+03
5588	-1.118624e+03
5589	-1.130842e+03
5590	-1.117572e+03
5591	-1.097726e+03
5592	-1.084273e+03
5593	-1.109258e+03
5594	-1.098601e+03
5595	-1.123789e+03
5596	-1.103601e+03
5597	-1.106775e+03
5598	-1.119363e+03
5599	-1.113099e+03
5600	-1.117710e+03
5601	-1.125046e+03
5602	-1.125159e+03
5603	-1.101233e+03
5604	-1.107161e+03
5605	-1.085485e+03
5606	-1.111661e+03
5607	-1.117717e+03
5608	-1.107734e+03
5609	-1.107069e+03
5610	-1.132162e+03
5611	-1.120543e+03
5612	-1.095548e+03
5613	-1.116042e+03
5614	-1.118688e+03
5615	-1.132197e+03
5616	-1.113950e+03
5617	-1.100561e+03
5618	-1.117327e+03
5619	-1.111667e+03
5620	-1.108418e+03
5621	-1.118963e+03
5622	-1.116708e+03
5623	-1.117723e+03
5624	-1.112065e+03
5625	-1.104604e+03
5626	-1.106507e+03
5627	-1.118218e+03
5628	-1.100048e+03
5629	-1.111214e+03
5630	-1.120353e+03
5631	-1.098404e+03
5632	-1.123566e+03
5633	-1.129650e+03
5634	-1.113583e+03
5635	-1.104045e+03
5636	-1.112253e+03
5637	-1.114652e+03
5638	-1.113468e+03
5639	-1.113380e+03
5640	-1.136188e+03
5641	-1.102969e+03
5642	-1.115128e+03
5643	-1.112075e+03
5644	-1.090375e+03
5645	-1.119453e+03
5646	-1.087957e+03
5647	-1.107821e+03
5648	-1.099051e+03
5649	-1.106912e+03
5650	-1.105722e+03
5651	-1.112392e+03
5652	-1.107621e+03
5653	-1.102665e+03
5654	-1.103331e+03
5655	-1.106624e+03
5656	-1.105319e+03
5657	-1.121400e+03
5658	-1.095808e+03
5659	-1.109812e+03
5660	-1.130419e+03
5661	-1.123322e+03
5662	-1.120126e+03
5663	-1.116593e+03
5664	-1.127139e+03
5665	-1.105124e+03
5666	-1.124984e+03
5667	-1.108299e+03
5668	-1.109855e+03
5669	-1.106511e+03
5670	-1.089711e+03
5671	-1.110496e+03
5672	-1.102778e+03
5673	-1.102372e+03
5674	-1.105357e+03
5675	-1.129568e+03
5676	-1.122634e+03
5677	-1.115754e+03
5678	-1.147474e+03
5679	-1.120423e+03
5680	-1.115190e+03
5681	-1.097832e+03
5682	-1.080858e+03
5683	-1.105920e+03
5684	-1.122400e+03
5685	-1.115090e+03
5686	-1.104305e+03
5687	-1.107780e+03
5688	-1.112322e+03
5689	-1.135178e+03
5690	-1.097071e+03
5691	-1.124069e+03
5692	-1.122428e+03
5693	-1.110454e+03
5694	-1.121350e+03
5695	-1.107605e+03
5696	-1.091458e+03
5697	-1.102544e+03
5698	-1.085676e+03
5699	-1.104580e+03
5700	-1.097409e+03
5701	-1.124465e+03
5702	-1.108575e+03
5703	-1.116197e+03
5704	-1.092931e+03
5705	-1.111156e+03
5706	-1.092218e+03
5707	-1.116402e+03
5708	-1.116692e+03
5709	-1.113333e+03
5710	-1.114675e+03
5711	-1.113150e+03
5712	-1.121054e+03
5713	-1.107201e+03
5714	-1.110927e+03
5715	-1.120592e+03
5716	-1.112851e+03
5717	-1.111245e+03
5718	-1.122987e+03
5719	-1.102728e+03
5720	-1.114043e+03
5721	-1.118960e+03
5722	-1.102532e+03
5723	-1.105275e+03
5724	-1.077493e+03
5725	-1.127641e+03
5726	-1.090051e+03
5727	-1.108754e+03
5728	-1.133040e+03
5729	-1.104648e+03
5730	-1.125356e+03
5731	-1.107412e+03
5732	-1.107761e+03
5733	-1.108476e+03
5734	-1.116213e+03
5735	-1.114059e+03
5736	-1.117833e+03
5737	-1.101774e+03
5738	-1.112398e+03
5739	-1.114725e+03
5740	-1.115175e+03
5741	-1.110436e+03
5742	-1.091775e+03
5743	-1.099174e+03
5744	-1.114190e+03
5745	-1.109142e+03
5746	-1.099762e+03
5747	-1.120774e+03
5748	-1.111790e+03
5749	-1.117140e+03
5750	-1.098312e+03
5751	-1.106624e+03
5752	-1.095645e+03
5753	-1.116127e+03
5754	-1.112900e+03
5755	-1.134035e+03
5756	-1.090146e+03
5757	-1.122673e+03
5758	-1.105646e+03
5759	-1.115763e+03
5760	-1.122090e+03
5761	-1.108673e+03
5762	-1.123733e+03
5763	-1.097749e+03
5764	-1.103693e+03
5765	-1.112070e+03
5766	-1.118350e+03
5767	-1.108372e+03
5768	-1.112556e+03
5769	-1.114595e+03
5770	-1.125777e+03
5771	-1.125525e+03
5772	-1.116162e+03
5773	-1.116981e+03
5774	-1.105921e+03
5775	-1.115062e+03
5776	-1.090377e+03
5777	-1.107778e+03
5778	-1.104072e+03
5779	-1.124346e+03
5780	-1.102959e+03
5781	-1.084853e+03
5782	-1.114775e+03
5783	-1.120220e+03
5784	-1.112626e+03
5785	-1.109354e+03
5786	-1.106365e+03
5787	-1.120840e+03
5788	-1.091804e+03
5789	-1.090955e+03
5790	-1.118026e+03
5791	-1.138781e+03
5792	-1.107746e+03
5793	-1.112023e+03
5794	-1.135566e+03
5795	-1.126569e+03
5796	-1.113342e+03
5797	-1.108825e+03
5798	-1.104345e+03
5799	-1.117272e+03
5800	-1.110836e+03
5801	-1.102707e+03
5802	-1.115979e+03
5803	-1.109722e+03
5804	-1.118002e+03
5805	-1.104955e+03
5806	-1.105875e+03
5807	-1.100062e+03
5808	-1.103439e+03
5809	-1.111214e+03
5810	-1.113835e+03
5811	-1.116528e+03
5812	-1.112520e+03
5813	-1.137727e+03
5814	-1.108999e+03
5815	-1.115925e+03
5816	-1.103544e+03
5817	-1.114357e+03
5818	-1.117827e+03
5819	-1.103280e+03
5820	-1.126786e+03
5821	-1.116837e+03
5822	-1.119038e+03
5823	-1.121470e+03
5824	-1.110639e+03
5825	-1.119473e+03
5826	-1.110743e+03
5827	-1.106899e+03
5828	-1.092473e+03
5829	-1.119788e+03
5830	-1.089799e+03
5831	-1.107619e+03
5832	-1.108970e+03
5833	-1.132122e+03
5834	-1.116441e+03
5835	-1.139431e+03
5836	-1.113430e+03
5837	-1.125523e+03
5838	-1.119077e+03
5839	-1.132798e+03
5840	-1.108840e+03
5841	-1.114869e+03
5842	-1.133219e+03
5843	-1.119326e+03
5844	-1.099959e+03
5845	-1.119482e+03
5846	-1.108645e+03
5847	-1.130242e+03
5848	-1.093550e+03
5849	-1.116344e+03
5850	-1.106657e+03
5851	-1.119445e+03
5852	-1.102738e+03
5853	-1.115262e+03
5854	-1.110015e+03
5855	-1.118631e+03
5856	-1.131018e+03
5857	-1.102166e+03
5858	-1.132498e+03
5859	-1.120343e+03
5860	-1.123405e+03
5861	-1.103072e+03
5862	-1.119967e+03
5863	-1.109537e+03
5864	-1.109841e+03
5865	-1.111464e+03
5866	-1.123121e+03
5867	-1.115849e+03
5868	-1.121320e+03
5869	-1.121559e+03
5870	-1.101824e+03
5871	-1.118424e+03
5872	-1.114442e+03
5873	-1.096036e+03
5874	-1.118584e+03
5875	-1.110521e+03
5876	-1.095041e+03
5877	-1.088821e+03
5878	-1.102036e+03
5879	-1.107733e+03
5880	-1.106197e+03
5881	-1.115429e+03
5882	-1.103773e+03
5883	-1.116072e+03
5884	-1.117738e+03
5885	-1.097962e+03
5886	-1.104018e+03
5887	-1.127936e+03
5888	-1.133144e+03
5889	-1.102504e+03
5890	-1.124945e+03
5891	-1.101227e+03
5892	-1.117825e+03
5893	-1.104536e+03
5894	-1.122435e+03
5895	-1.103796e+03
5896	-1.107904e+03
5897	-1.110684e+03
5898	-1.111173e+03
5899	-1.097885e+03
5900	-1.102999e+03
5901	-1.103747e+03
5902	-1.109958e+03
5903	-1.106983e+03
5904	-1.127178e+03
5905	-1.101114e+03
5906	-1.121663e+03
5907	-1.119039e+03
5908	-1.103766e+03
5909	-1.128277e+03
5910	-1.128441e+03
5911	-1.106420e+03
5912	-1.120666e+03
5913	-1.117314e+03
5914	-1.103675e+03
5915	-1.122796e+03
5916	-1.096391e+03
5917	-1.095292e+03
5918	-1.111859e+03
5919	-1.120744e+03
5920	-1.086938e+03
5921	-1.108588e+03
5922	-1.133120e+03
5923	-1.090881e+03
5924	-1.110652e+03
5925	-1.103560e+03
5926	-1.104315e+03
5927	-1.112920e+03
5928	-1.121080e+03
5929	-1.110837e+03
5930	-1.115831e+03
5931	-1.115189e+03
5932	-1.124139e+03
5933	-1.093101e+03
5934	-1.102821e+03
5935	-1.122952e+03
5936	-1.108638e+03
5937	-1.128312e+03
5938	-1.121574e+03
5939	-1.108119e+03
5940	-1.102669e+03
5941	-1.129071e+03
5942	-1.114252e+03
5943	-1.121153e+03
5944	-1.129385e+03
5945	-1.106434e+03
5946	-1.100473e+03
5947	-1.089953e+03
5948	-1.140541e+03
5949	-1.110223e+03
5950	-1.099123e+03
5951	-1.103160e+03
5952	-1.124831e+03
5953	-1.103534e+03
5954	-1.125324e+03
5955	-1.096273e+03
5956	-1.126543e+03
5957	-1.084822e+03
5958	-1.110033e+03
5959	-1.114702e+03
5960	-1.108677e+03
5961	-1.109000e+03
5962	-1.099855e+03
5963	-1.129777e+03
5964	-1.109413e+03
5965	-1.121649e+03
5966	-1.089719e+03
5967	-1.118500e+03
5968	-1.099876e+03
5969	-1.094241e+03
5970	-1.117579e+03
5971	-1.123551e+03
5972	-1.114957e+03
5973	-1.123411e+03
5974	-1.112271e+03
5975	-1.096967e+03
5976	-1.108448e+03
5977	-1.108499e+03
5978	-1.096638e+03
5979	-1.094903e+03
5980	-1.131727e+03
5981	-1.124005e+03
5982	-1.134965e+03
5983	-1.099434e+03
5984	-1.092497e+03
5985	-1.102290e+03
5986	-1.116440e+03
5987	-1.118575e+03
5988	-1.128457e+03
5989	-1.120528e+03
5990	-1.113565e+03
5991	-1.103199e+03
5992	-1.107657e+03
5993	-1.092822e+03
5994	-1.114229e+03
5995	-1.130421e+03
5996	-1.109006e+03
5997	-1.104899e+03
5998	-1.101678e+03
5999	-1.122084e+03
6000	-1.112929e+03
6001	-1.091306e+03
6002	-1.110150e+03
6003	-1.107624e+03
6004	-1.113224e+03
6005	-1.114960e+03
6006	-1.119165e+03
6007	-1.114551e+03
6008	-1.114846e+03
6009	-1.110482e+03
6010	-1.104019e+03
6011	-1.093450e+03
6012	-1.100020e+03
6013	-1.115890e+03
6014	-1.121442e+03
6015	-1.101828e+03
6016	-1.092251e+03
6017	-1.099619e+03
6018	-1.119762e+03
6019	-1.123432e+03
6020	-1.101855e+03
6021	-1.090628e+03
6022	-1.124555e+03
6023	-1.083535e+03
6024	-1.100356e+03
6025	-1.118308e+03
6026	-1.107955e+03
6027	-1.123246e+03
6028	-1.101596e+03
6029	-1.104462e+03
6030	-1.117233e+03
6031	-1.111087e+03
6032	-1.118606e+03
6033	-1.147197e+03
6034	-1.120374e+03
6035	-1.103859e+03
6036	-1.117383e+03
6037	-1.120196e+03
6038	-1.128105e+03
6039	-1.123331e+03
6040	-1.123127e+03
6041	-1.102002e+03
6042	-1.111336e+03
6043	-1.108365e+03
6044	-1.121063e+03
6045	-1.117335e+03
6046	-1.096198e+03
6047	-1.107495e+03
6048	-1.104894e+03
6049	-1.112427e+03
6050	-1.102971e+03
6051	-1.115443e+03
6052	-1.137663e+03
6053	-1.093840e+03
6054	-1.113238e+03
6055	-1.105394e+03
6056	-1.103524e+03
6057	-1.097568e+03
6058	-1.120365e+03
6059	-1.113451e+03
6060	-1.120032e+03
6061	-1.105612e+03
6062	-1.111665e+03
6063	-1.112119e+03
6064	-1.099770e+03
6065	-1.099057e+03
6066	-1.114443e+03
6067	-1.109660e+03
6068	-1.121250e+03
6069	-1.120117e+03
6070	-1.098988e+03
6071	-1.127434e+03
6072	-1.124957e+03
6073	-1.108419e+03
6074	-1.142361e+03
6075	-1.102647e+03
6076	-1.112459e+03
6077	-1.109437e+03
6078	-1.107753e+03
6079	-1.098310e+03
6080	-1.117181e+03
6081	-1.106573e+03
6082	-1.098675e+03
6083	-1.112173e+03
6084	-1.088603e+03
6085	-1.145860e+03
6086	-1.115655e+03
6087	-1.120685e+03
6088	-1.125167e+03
6089	-1.119444e+03
6090	-1.145114e+03
6091	-1.117724e+03
6092	-1.117588e+03
6093	-1.124108e+03
6094	-1.117491e+03
6095	-1.127586e+03
6096	-1.123206e+03
6097	-1.113284e+03
6098	-1.120982e+03
6099	-1.109938e+03
6100	-1.102611e+03
6101	-1.095391e+03
6102	-1.116146e+03
6103	-1.109164e+03
6104	-1.083001e+03
6105	-1.116945e+03
6106	-1.100531e+03
6107	-1.086290e+03
6108	-1.112137e+03
6109	-1.114711e+03
6110	-1.103786e+03
6111	-1.095066e+03
6112	-1.125915e+03
6113	-1.119477e+03
6114	-1.110228e+03
6115	-1.120134e+03
6116	-1.108813e+03
6117	-1.085247e+03
6118	-1.113856e+03
6119	-1.119788e+03
6120	-1.090463e+03
6121	-1.111922e+03
6122	-1.123282e+03
6123	-1.113395e+03
6124	-1.107398e+03
6125	-1.100559e+03
6126	-1.095548e+03
6127	-1.115589e+03
6128	-1.102230e+03
6129	-1.122706e+03
6130	-1.125686e+03
6131	-1.132621e+03
6132	-1.115444e+03
6133	-1.098858e+03
6134	-1.121120e+03
6135	-1.101933e+03
6136	-1.102213e+03
6137	-1.112296e+03
6138	-1.094276e+03
6139	-1.131800e+03
6140	-1.099771e+03
6141	-1.102914e+03
6142	-1.102741e+03
6143	-1.115211e+03
6144	-1.097598e+03
6145	-1.106787e+03
6146	-1.115476e+03
6147	-1.122279e+03
6148	-1.113858e+03
6149	-1.112659e+03
6150	-1.142993e+03
6151	-1.084078e+03
6152	-1.130120e+03
6153	-1.111519e+03
6154	-1.118387e+03
6155	-1.098442e+03
6156	-1.123290e+03
6157	-1.121857e+03
6158	-1.103001e+03
6159	-1.125981e+03
6160	-1.107983e+03
6161	-1.103039e+03
6162	-1.112406e+03
6163	-1.125404e+03
6164	-1.104027e+03
6165	-1.101055e+03
6166	-1.108073e+03
6167	-1.103403e+03
6168	-1.103108e+03
6169	-1.107735e+03
6170	-1.121722e+03
6171	-1.109447e+03
6172	-1.111539e+03
6173	-1.117866e+03
6174	-1.102631e+03
6175	-1.113183e+03
6176	-1.103146e+03
6177	-1.134316e+03
6178	-1.123476e+03
6179	-1.099863e+03
6180	-1.112067e+03
6181	-1.120222e+03
6182	-1.125697e+03
6183	-1.098935e+03
6184	-1.128509e+03
6185	-1.103245e+03
6186	-1.146459e+03
6187	-1.106645e+03
6188	-1.131315e+03
6189	-1.110731e+03
6190	-1.110446e+03
6191	-1.108650e+03
6192	-1.117554e+03
6193	-1.109470e+03
6194	-1.100733e+03
6195	-1.092769e+03
6196	-1.106317e+03
6197	-1.108033e+03
6198	-1.108821e+03
6199	-1.107225e+03
6200	-1.121282e+03
6201	-1.105572e+03
6202	-1.108428e+03
6203	-1.106293e+03
6204	-1.110596e+03
6205	-1.118901e+03
6206	-1.124454e+03
6207	-1.100072e+03
6208	-1.108094e+03
6209	-1.111421e+03
6210	-1.109285e+03
6211	-1.105335e+03
6212	-1.114822e+03
6213	-1.127749e+03
6214	-1.101686e+03
6215	-1.096896e+03
6216	-1.102194e+03
6217	-1.110175e+03
6218	-1.111913e+03
6219	-1.104248e+03
6220	-1.122546e+03
6221	-1.116994e+03
6222	-1.090041e+03
6223	-1.117826e+03
6224	-1.102961e+03
6225	-1.117558e+03
6226	-1.103233e+03
6227	-1.090788e+03
6228	-1.132285e+03
6229	-1.125638e+03
6230	-1.113624e+03
6231	-1.126620e+03
6232	-1.110436e+03
6233	-1.104663e+03
6234	-1.108098e+03
6235	-1.108696e+03
6236	-1.100617e+03
6237	-1.110873e+03
6238	-1.116740e+03
6239	-1.090183e+03
6240	-1.113124e+03
6241	-1.107866e+03
6242	-1.121751e+03
6243	-1.102576e+03
6244	-1.104586e+03
6245	-1.115476e+03
6246	-1.121746e+03
6247	-1.111683e+03
6248	-1.114261e+03
6249	-1.129391e+03
6250	-1.097749e+03
6251	-1.090375e+03
6252	-1.101449e+03
6253	-1.113833e+03
6254	-1.109510e+03
6255	-1.119761e+03
6256	-1.116285e+03
6257	-1.100499e+03
6258	-1.119041e+03
6259	-1.115316e+03
6260	-1.119598e+03
6261	-1.125679e+03
6262	-1.105051e+03
6263	-1.111479e+03
6264	-1.115881e+03
6265	-1.136639e+03
6266	-1.110655e+03
6267	-1.097544e+03
6268	-1.122358e+03
6269	-1.118310e+03
6270	-1.092580e+03
6271	-1.106129e+03
6272	-1.106719e+03
6273	-1.124307e+03
6274	-1.115298e+03
6275	-1.114664e+03
6276	-1.118572e+03
6277	-1.106180e+03
6278	-1.091414e+03
6279	-1.118036e+03
6280	-1.114699e+03
6281	-1.097276e+03
6282	-1.113489e+03
6283	-1.115336e+03
6284	-1.122196e+03
6285	-1.115225e+03
6286	-1.114454e+03
6287	-1.098556e+03
6288	-1.103009e+03
6289	-1.094589e+03
6290	-1.111405e+03
6291	-1.108820e+03
6292	-1.084382e+03
6293	-1.112398e+03
6294	-1.079459e+03
6295	-1.103887e+03
6296	-1.113977e+03
6297	-1.101134e+03
6298	-1.097877e+03
6299	-1.123707e+03
6300	-1.121671e+03
6301	-1.113263e+03
6302	-1.116320e+03
6303	-1.095835e+03
6304	-1.119598e+03
6305	-1.119965e+03
6306	-1.106915e+03
6307	-1.104698e+03
6308	-1.119825e+03
6309	-1.110338e+03
6310	-1.127576e+03
6311	-1.105742e+03
6312	-1.127903e+03
6313	-1.128001e+03
6314	-1.117173e+03
6315	-1.115968e+03
6316	-1.126356e+03
6317	-1.116622e+03
6318	-1.094348e+03
6319	-1.116886e+03
6320	-1.113373e+03
6321	-1.105384e+03
6322	-1.102599e+03
6323	-1.102724e+03
6324	-1.117743e+03
6325	-1.123886e+03
6326	-1.108219e+03
6327	-1.110480e+03
6328	-1.118793e+03
6329	-1.136372e+03
6330	-1.103891e+03
6331	-1.110056e+03
6332	-1.107355e+03
6333	-1.094902e+03
6334	-1.092741e+03
6335	-1.116139e+03
6336	-1.129142e+03
6337	-1.086857e+03
6338	-1.107974e+03
6339	-1.125485e+03
6340	-1.112023e+03
6341	-1.125524e+03
6342	-1.112462e+03
6343	-1.109447e+03
6344	-1.093087e+03
6345	-1.099565e+03
6346	-1.109016e+03
6347	-1.125603e+03
6348	-1.103855e+03
6349	-1.090934e+03
6350	-1.098658e+03
6351	-1.105332e+03
6352	-1.099275e+03
6353	-1.134171e+03
6354	-1.094075e+03
6355	-1.102470e+03
6356	-1.103896e+03
6357	-1.124333e+03
6358	-1.121605e+03
6359	-1.121373e+03
6360	-1.125558e+03
6361	-1.127232e+03
6362	-1.123438e+03
6363	-1.112348e+03
6364	-1.130257e+03
6365	-1.098803e+03
6366	-1.087648e+03
6367	-1.117781e+03
6368	-1.103663e+03
6369	-1.112538e+03
6370	-1.106994e+03
6371	-1.105016e+03
6372	-1.110230e+03
6373	-1.119806e+03
6374	-1.092044e+03
6375	-1.111997e+03
6376	-1.124531e+03
6377	-1.096261e+03
6378	-1.131598e+03
6379	-1.095020e+03
6380	-1.106592e+03
6381	-1.100935e+03
6382	-1.096610e+03
6383	-1.108755e+03
6384	-1.117547e+03
6385	-1.109096e+03
6386	-1.130402e+03
6387	-1.123428e+03
6388	-1.106221e+03
6389	-1.100157e+03
6390	-1.118081e+03
6391	-1.119226e+03
6392	-1.113026e+03
6393	-1.100444e+03
6394	-1.128698e+03
6395	-1.105104e+03
6396	-1.093379e+03
6397	-1.128854e+03
6398	-1.115021e+03
6399	-1.099817e+03
6400	-1.102392e+03
6401	-1.120563e+03
6402	-1.122713e+03
6403	-1.104586e+03
6404	-1.106602e+03
6405	-1.096500e+03
6406	-1.119442e+03
6407	-1.122734e+03
6408	-1.114321e+03
6409	-1.094048e+03
6410	-1.130207e+03
6411	-1.113655e+03
6412	-1.111869e+03
6413	-1.100008e+03
6414	-1.097152e+03
6415	-1.115863e+03
6416	-1.100032e+03
6417	-1.111862e+03
6418	-1.099235e+03
6419	-1.109602e+03
6420	-1.129154e+03
6421	-1.128429e+03
6422	-1.109172e+03
6423	-1.111097e+03
6424	-1.127359e+03
6425	-1.086180e+03
6426	-1.103661e+03
6427	-1.113465e+03
6428	-1.118610e+03
6429	-1.108283e+03
6430	-1.101811e+03
6431	-1.117206e+03
6432	-1.116245e+03
6433	-1.105125e+03
6434	-1.102162e+03
6435	-1.132489e+03
6436	-1.111383e+03
6437	-1.112648e+03
6438	-1.130458e+03
6439	-1.109886e+03
6440	-1.132731e+03
6441	-1.113760e+03
6442	-1.122468e+03
6443	-1.106111e+03
6444	-1.111815e+03
6445	-1.110170e+03
6446	-1.115767e+03
6447	-1.102297e+03
6448	-1.096748e+03
6449	-1.123975e+03
6450	-1.119193e+03
6451	-1.130972e+03
6452	-1.101054e+03
6453	-1.112466e+03
6454	-1.115363e+03
6455	-1.118548e+03
6456	-1.113638e+03
6457	-1.112685e+03
6458	-1.105687e+03
6459	-1.116747e+03
6460	-1.122705e+03
6461	-1.095913e+03
6462	-1.111144e+03
6463	-1.111001e+03
6464	-1.121284e+03
6465	-1.103876e+03
6466	-1.115264e+03
6467	-1.118451e+03
6468	-1.117522e+03
6469	-1.094424e+03
6470	-1.139374e+03
6471	-1.099592e+03
6472	-1.095544e+03
6473	-1.101767e+03
6474	-1.103240e+03
6475	-1.130964e+03
6476	-1.135644e+03
6477	-1.122566e+03
6478	-1.114886e+03
6479	-1.108053e+03
6480	-1.101678e+03
6481	-1.095587e+03
6482	-1.119222e+03
6483	-1.120145e+03
6484	-1.122574e+03
6485	-1.128234e+03
6486	-1.090364e+03
6487	-1.113088e+03
6488	-1.114221e+03
6489	-1.111835e+03
6490	-1.116282e+03
6491	-1.113866e+03
6492	-1.108378e+03
6493	-1.111948e+03
6494	-1.110902e+03
6495	-1.110356e+03
6496	-1.120505e+03
6497	-1.114261e+03
6498	-1.131320e+03
6499	-1.123739e+03
6500	-1.107765e+03
6501	-1.092515e+03
6502	-1.115140e+03
6503	-1.106416e+03
6504	-1.112492e+03
6505	-1.111374e+03
6506	-1.087536e+03
6507	-1.112797e+03
6508	-1.111257e+03
6509	-1.121547e+03
6510	-1.122528e+03
6511	-1.105740e+03
6512	-1.115271e+03
6513	-1.107551e+03
6514	-1.119718e+03
6515	-1.110926e+03
6516	-1.115671e+03
6517	-1.118917e+03
6518	-1.113850e+03
6519	-1.121550e+03
6520	-1.112827e+03
6521	-1.096428e+03
6522	-1.107341e+03
6523	-1.102368e+03
6524	-1.109767e+03
6525	-1.122825e+03
6526	-1.115994e+03
6527	-1.120675e+03
6528	-1.105248e+03
6529	-1.128792e+03
6530	-1.126157e+03
6531	-1.117495e+03
6532	-1.116756e+03
6533	-1.126791e+03
6534	-1.118360e+03
6535	-1.113978e+03
6536	-1.125221e+03
6537	-1.123672e+03
6538	-1.115537e+03
6539	-1.109935e+03
6540	-1.109518e+03
6541	-1.129433e+03
6542	-1.105198e+03
6543	-1.094469e+03
6544	-1.107125e+03
6545	-1.104664e+03
6546	-1.112241e+03
6547	-1.108045e+03
6548	-1.098849e+03
6549	-1.123392e+03
6550	-1.112964e+03
6551	-1.124374e+03
6552	-1.095687e+03
6553	-1.113759e+03
6554	-1.121973e+03
6555	-1.123471e+03
6556	-1.093122e+03
6557	-1.118293e+03
6558	-1.105615e+03
6559	-1.113017e+03
6560	-1.100153e+03
6561	-1.085190e+03
6562	-1.127700e+03
6563	-1.122244e+03
6564	-1.120241e+03
6565	-1.132079e+03
6566	-1.139180e+03
6567	-1.125171e+03
6568	-1.110237e+03
6569	-1.116227e+03
6570	-1.136127e+03
6571	-1.109440e+03
6572	-1.112486e+03
6573	-1.095872e+03
6574	-1.103198e+03
6575	-1.107591e+03
6576	-1.120175e+03
6577	-1.093768e+03
6578	-1.106217e+03
6579	-1.128263e+03
6580	-1.123555e+03
6581	-1.105348e+03
6582	-1.107506e+03
6583	-1.107068e+03
6584	-1.142392e+03
6585	-1.120591e+03
6586	-1.112641e+03
6587	-1.135439e+03
6588	-1.107936e+03
6589	-1.115799e+03
6590	-1.113432e+03
6591	-1.106806e+03
6592	-1.127196e+03
6593	-1.114244e+03
6594	-1.124223e+03
6595	-1.103950e+03
6596	-1.093803e+03
6597	-1.099292e+03
6598	-1.114702e+03
6599	-1.106808e+03
6600	-1.120035e+03
6601	-1.126442e+03
6602	-1.088189e+03
6603	-1.101548e+03
6604	-1.102677e+03
6605	-1.121765e+03
6606	-1.108177e+03
6607	-1.130737e+03
6608	-1.106352e+03
6609	-1.086947e+03
6610	-1.112328e+03
6611	-1.096324e+03
6612	-1.121946e+03
6613	-1.103830e+03
6614	-1.117594e+03
6615	-1.089826e+03
6616	-1.100965e+03
6617	-1.128531e+03
6618	-1.102962e+03
6619	-1.109538e+03
6620	-1.108031e+03
6621	-1.100678e+03
6622	-1.109278e+03
6623	-1.103403e+03
6624	-1.110987e+03
6625	-1.089741e+03
6626	-1.113291e+03
6627	-1.087731e+03
6628	-1.125485e+03
6629	-1.120584e+03
6630	-1.108693e+03
6631	-1.101992e+03
6632	-1.126931e+03
6633	-1.132738e+03
6634	-1.116576e+03
6635	-1.125041e+03
6636	-1.113041e+03
6637	-1.110236e+03
6638	-1.102221e+03
6639	-1.117911e+03
6640	-1.103525e+03
6641	-1.105081e+03
6642	-1.109923e+03
6643	-1.116321e+03
6644	-1.097057e+03
6645	-1.093034e+03
6646	-1.120775e+03
6647	-1.091510e+03
6648	-1.113834e+03
6649	-1.107540e+03
6650	-1.106599e+03
6651	-1.093263e+03
6652	-1.109668e+03
6653	-1.108034e+03
6654	-1.104851e+03
6655	-1.111326e+03
6656	-1.097138e+03
6657	-1.109115e+03
6658	-1.112400e+03
6659	-1.097599e+03
6660	-1.122497e+03
6661	-1.122253e+03
6662	-1.133700e+03
6663	-1.107896e+03
6664	-1.123003e+03
6665	-1.115887e+03
6666	-1.110347e+03
6667	-1.119071e+03
6668	-1.127442e+03
6669	-1.111679e+03
6670	-1.120799e+03
6671	-1.115429e+03
6672	-1.083475e+03
6673	-1.101643e+03
6674	-1.102513e+03
6675	-1.143661e+03
6676	-1.127072e+03
6677	-1.126224e+03
6678	-1.115590e+03
6679	-1.090821e+03
6680	-1.095735e+03
6681	-1.106955e+03
6682	-1.108885e+03
6683	-1.093961e+03
6684	-1.104952e+03
6685	-1.109982e+03
6686	-1.106341e+03
6687	-1.113552e+03
6688	-1.085636e+03
6689	-1.127447e+03
6690	-1.116212e+03
6691	-1.122494e+03
6692	-1.109864e+03
6693	-1.118893e+03
6694	-1.128027e+03
6695	-1.093531e+03
6696	-1.103255e+03
6697	-1.122282e+03
6698	-1.084300e+03
6699	-1.117910e+03
6700	-1.105559e+03
6701	-1.117076e+03
6702	-1.119111e+03
6703	-1.112920e+03
6704	-1.116920e+03
6705	-1.110086e+03
6706	-1.093344e+03
6707	-1.115269e+03
6708	-1.117360e+03
6709	-1.118920e+03
6710	-1.125693e+03
6711	-1.102529e+03
6712	-1.102563e+03
6713	-1.111024e+03
6714	-1.108484e+03
6715	-1.111028e+03
6716	-1.134049e+03
6717	-1.096033e+03
6718	-1.127723e+03
6719	-1.099617e+03
6720	-1.116258e+03
6721	-1.116041e+03
6722	-1.094464e+03
6723	-1.107613e+03
6724	-1.113542e+03
6725	-1.107566e+03
6726	-1.101533e+03
6727	-1.083065e+03
6728	-1.119484e+03
6729	-1.112699e+03
6730	-1.134376e+03
6731	-1.109692e+03
6732	-1.099194e+03
6733	-1.115441e+03
6734	-1.111984e+03
6735	-1.101993e+03
6736	-1.136170e+03
6737	-1.095326e+03
6738	-1.097292e+03
6739	-1.136396e+03
6740	-1.112656e+03
6741	-1.126504e+03
6742	-1.114865e+03
6743	-1.123751e+03
6744	-1.120474e+03
6745	-1.121122e+03
6746	-1.119461e+03
6747	-1.097477e+03
6748	-1.115303e+03
6749	-1.123543e+03
6750	-1.085841e+03
6751	-1.118739e+03
6752	-1.117866e+03
6753	-1.095718e+03
6754	-1.094525e+03
6755	-1.101911e+03
6756	-1.093884e+03
6757	-1.106149e+03
6758	-1.103932e+03
6759	-1.116225e+03
6760	-1.104911e+03
6761	-1.130527e+03
6762	-1.101628e+03
6763	-1.110154e+03
6764	-1.093550e+03
6765	-1.109700e+03
6766	-1.109802e+03
6767	-1.109563e+03
6768	-1.115698e+03
6769	-1.103429e+03
6770	-1.107626e+03
6771	-1.100662e+03
6772	-1.116432e+03
6773	-1.093806e+03
6774	-1.106567e+03
6775	-1.125094e+03
6776	-1.104511e+03
6777	-1.097035e+03
6778	-1.121613e+03
6779	-1.126636e+03
6780	-1.104085e+03
6781	-1.118027e+03
6782	-1.117260e+03
6783	-1.114157e+03
6784	-1.109777e+03
6785	-1.109795e+03
6786	-1.122014e+03
6787	-1.109793e+03
6788	-1.106779e+03
6789	-1.121876e+03
6790	-1.120162e+03
6791	-1.103102e+03
6792	-1.115319e+03
6793	-1.121821e+03
6794	-1.110849e+03
6795	-1.099992e+03
6796	-1.111803e+03
6797	-1.113655e+03
6798	-1.100862e+03
6799	-1.121049e+03
6800	-1.091688e+03
6801	-1.097771e+03
6802	-1.105133e+03
6803	-1.094816e+03
6804	-1.108797e+03
6805	-1.105278e+03
6806	-1.120154e+03
6807	-1.113525e+03
6808	-1.116307e+03
6809	-1.106332e+03
6810	-1.113300e+03
6811	-1.129003e+03
6812	-1.123223e+03
6813	-1.097616e+03
6814	-1.108102e+03
6815	-1.094803e+03
6816	-1.122241e+03
6817	-1.106456e+03
6818	-1.106183e+03
6819	-1.109345e+03
6820	-1.123547e+03
6821	-1.118900e+03
6822	-1.108493e+03
6823	-1.112878e+03
6824	-1.133616e+03
6825	-1.112931e+03
6826	-1.128125e+03
6827	-1.106517e+03
6828	-1.123005e+03
6829	-1.107499e+03
6830	-1.107607e+03
6831	-1.126151e+03
6832	-1.106968e+03
6833	-1.100913e+03
6834	-1.120607e+03
6835	-1.121359e+03
6836	-1.119678e+03
6837	-1.100001e+03
6838	-1.117926e+03
6839	-1.093484e+03
6840	-1.117705e+03
6841	-1.112011e+03
6842	-1.112979e+03
6843	-1.126640e+03
6844	-1.102890e+03
6845	-1.095533e+03
6846	-1.111872e+03
6847	-1.109264e+03
6848	-1.099871e+03
6849	-1.117274e+03
6850	-1.100801e+03
6851	-1.128655e+03
6852	-1.100997e+03
6853	-1.118500e+03
6854	-1.108256e+03
6855	-1.096601e+03
6856	-1.099410e+03
6857	-1.106805e+03
6858	-1.103842e+03
6859	-1.125794e+03
6860	-1.119418e+03
6861	-1.112129e+03
6862	-1.114928e+03
6863	-1.111160e+03
6864	-1.107631e+03
6865	-1.138814e+03
6866	-1.101836e+03
6867	-1.138800e+03
6868	-1.097352e+03
6869	-1.102998e+03
6870	-1.121130e+03
6871	-1.105352e+03
6872	-1.121502e+03
6873	-1.123419e+03
6874	-1.107296e+03
6875	-1.110086e+03
6876	-1.114379e+03
6877	-1.100585e+03
6878	-1.098332e+03
6879	-1.111649e+03
6880	-1.118745e+03
6881	-1.103163e+03
6882	-1.122432e+03
6883	-1.108017e+03
6884	-1.112338e+03
6885	-1.099212e+03
6886	-1.114238e+03
6887	-1.119128e+03
6888	-1.112579e+03
6889	-1.097566e+03
6890	-1.117580e+03
6891	-1.103374e+03
6892	-1.105718e+03
6893	-1.107201e+03
6894	-1.113108e+03
6895	-1.110367e+03
6896	-1.105819e+03
6897	-1.090082e+03
6898	-1.120200e+03
6899	-1.104483e+03
6900	-1.116342e+03
6901	-1.109207e+03
6902	-1.105334e+03
6903	-1.102155e+03
6904	-1.125805e+03
6905	-1.115225e+03
6906	-1.090908e+03
6907	-1.113749e+03
6908	-1.110447e+03
6909	-1.123062e+03
6910	-1.097490e+03
6911	-1.112787e+03
6912	-1.102531e+03
6913	-1.092778e+03
6914	-1.104465e+03
6915	-1.117315e+03
6916	-1.109895e+03
6917	-1.111487e+03
6918	-1.118009e+03
6919	-1.094810e+03
6920	-1.110297e+03
6921	-1.100494e+03
6922	-1.113366e+03
6923	-1.113085e+03
6924	-1.125940e+03
6925	-1.111008e+03
6926	-1.089826e+03
6927	-1.092059e+03
6928	-1.084122e+03
6929	-1.091631e+03
6930	-1.136775e+03
6931	-1.096060e+03
6932	-1.107945e+03
6933	-1.116453e+03
6934	-1.120119e+03
6935	-1.103937e+03
6936	-1.092870e+03
6937	-1.115260e+03
6938	-1.108586e+03
6939	-1.118952e+03
6940	-1.109589e+03
6941	-1.130406e+03
6942	-1.108132e+03
6943	-1.108581e+03
6944	-1.078822e+03
6945	-1.110126e+03
6946	-1.114438e+03
6947	-1.125152e+03
6948	-1.101236e+03
6949	-1.112377e+03
6950	-1.121625e+03
6951	-1.119018e+03
6952	-1.111253e+03
6953	-1.109230e+03
6954	-1.112948e+03
6955	-1.119440e+03
6956	-1.095281e+03
6957	-1.115193e+03
6958	-1.116474e+03
6959	-1.116353e+03
6960	-1.109708e+03
6961	-1.113074e+03
6962	-1.109955e+03
6963	-1.120799e+03
6964	-1.143046e+03
6965	-1.113504e+03
6966	-1.130095e+03
6967	-1.123750e+03
6968	-1.138377e+03
6969	-1.101164e+03
6970	-1.107879e+03
6971	-1.106021e+03
6972	-1.107196e+03
6973	-1.128197e+03
6974	-1.104009e+03
6975	-1.117208e+03
6976	-1.134788e+03
6977	-1.131284e+03
6978	-1.120596e+03
6979	-1.116438e+03
6980	-1.130265e+03
6981	-1.109713e+03
6982	-1.133844e+03
6983	-1.108754e+03
6984	-1.116275e+03
6985	-1.106337e+03
6986	-1.120700e+03
6987	-1.114401e+03
6988	-1.116002e+03
6989	-1.103695e+03
6990	-1.110477e+03
6991	-1.108169e+03
6992	-1.103220e+03
6993	-1.153870e+03
6994	-1.112617e+03
6995	-1.098494e+03
6996	-1.111931e+03
6997	-1.123467e+03
6998	-1.107263e+03
6999	-1.102281e+03
7000	-1.112770e+03
7001	-1.095051e+03
7002	-1.109944e+03
7003	-1.127547e+03
7004	-1.136634e+03
7005	-1.124184e+03
7006	-1.110363e+03
7007	-1.114090e+03
7008	-1.084944e+03
7009	-1.123306e+03
7010	-1.117351e+03
7011	-1.103999e+03
7012	-1.105529e+03
7013	-1.091014e+03
7014	-1.122319e+03
7015	-1.094586e+03
7016	-1.086361e+03
7017	-1.122130e+03
7018	-1.118715e+03
7019	-1.108854e+03
7020	-1.105816e+03
7021	-1.110295e+03
7022	-1.130059e+03
7023	-1.110908e+03
7024	-1.110700e+03
7025	-1.126761e+03
7026	-1.125540e+03
7027	-1.103928e+03
7028	-1.110133e+03
7029	-1.093140e+03
7030	-1.095939e+03
7031	-1.125144e+03
7032	-1.120025e+03
7033	-1.129688e+03
7034	-1.107633e+03
7035	-1.092793e+03
7036	-1.132191e+03
7037	-1.141857e+03
7038	-1.126194e+03
7039	-1.096841e+03
7040	-1.112882e+03
7041	-1.104580e+03
7042	-1.116888e+03
7043	-1.109819e+03
7044	-1.123318e+03
7045	-1.118811e+03
7046	-1.108881e+03
7047	-1.095330e+03
7048	-1.118680e+03
7049	-1.117243e+03
7050	-1.108401e+03
7051	-1.107174e+03
7052	-1.117632e+03
7053	-1.086145e+03
7054	-1.131049e+03
7055	-1.105192e+03
7056	-1.111250e+03
7057	-1.113066e+03
7058	-1.102039e+03
7059	-1.098146e+03
7060	-1.133163e+03
7061	-1.097812e+03
7062	-1.115013e+03
7063	-1.112360e+03
7064	-1.118242e+03
7065	-1.117758e+03
7066	-1.104244e+03
7067	-1.114140e+03
7068	-1.116782e+03
7069	-1.104374e+03
7070	-1.116413e+03
7071	-1.105459e+03
7072	-1.125773e+03
7073	-1.087550e+03
7074	-1.132985e+03
7075	-1.108582e+03
7076	-1.114217e+03
7077	-1.094424e+03
7078	-1.097788e+03
7079	-1.116327e+03
7080	-1.113508e+03
7081	-1.101119e+03
7082	-1.109551e+03
7083	-1.122304e+03
7084	-1.127272e+03
7085	-1.125027e+03
7086	-1.113474e+03
7087	-1.118131e+03
7088	-1.108225e+03
7089	-1.107109e+03
7090	-1.135950e+03
7091	-1.091871e+03
7092	-1.115642e+03
7093	-1.144007e+03
7094	-1.131452e+03
7095	-1.107082e+03
7096	-1.113920e+03
7097	-1.131162e+03
7098	-1.111521e+03
7099	-1.102995e+03
7100	-1.107472e+03
7101	-1.101193e+03
7102	-1.106945e+03
7103	-1.105474e+03
7104	-1.127750e+03
7105	-1.123880e+03
7106	-1.110597e+03
7107	-1.110386e+03
7108	-1.107182e+03
7109	-1.125572e+03
7110	-1.125895e+03
7111	-1.105710e+03
7112	-1.118396e+03
7113	-1.093633e+03
7114	-1.104526e+03
7115	-1.127663e+03
7116	-1.110122e+03
7117	-1.117016e+03
7118	-1.105604e+03
7119	-1.108419e+03
7120	-1.119177e+03
7121	-1.105057e+03
7122	-1.103770e+03
7123	-1.107718e+03
7124	-1.140264e+03
7125	-1.110344e+03
7126	-1.103276e+03
7127	-1.095114e+03
7128	-1.107658e+03
7129	-1.107089e+03
7130	-1.120076e+03
7131	-1.102134e+03
7132	-1.134389e+03
7133	-1.105562e+03
7134	-1.109695e+03
7135	-1.118333e+03
7136	-1.098665e+03
7137	-1.097222e+03
7138	-1.109571e+03
7139	-1.110605e+03
7140	-1.107009e+03
7141	-1.125121e+03
7142	-1.093824e+03
7143	-1.125611e+03
7144	-1.113990e+03
7145	-1.115758e+03
7146	-1.100113e+03
7147	-1.105269e+03
7148	-1.116907e+03
7149	-1.110260e+03
7150	-1.094995e+03
7151	-1.109729e+03
7152	-1.113670e+03
7153	-1.091598e+03
7154	-1.109466e+03
7155	-1.115977e+03
7156	-1.095804e+03
7157	-1.088549e+03
7158	-1.104519e+03
7159	-1.113078e+03
7160	-1.109178e+03
7161	-1.106615e+03
7162	-1.125609e+03
7163	-1.104803e+03
7164	-1.123740e+03
7165	-1.109464e+03
7166	-1.104140e+03
7167	-1.119897e+03
7168	-1.108622e+03
7169	-1.105589e+03
7170	-1.100051e+03
7171	-1.119272e+03
7172	-1.100396e+03
7173	-1.120115e+03
7174	-1.121369e+03
7175	-1.107687e+03
7176	-1.112282e+03
7177	-1.121587e+03
7178	-1.105411e+03
7179	-1.098142e+03
7180	-1.104037e+03
7181	-1.134834e+03
7182	-1.100711e+03
7183	-1.108075e+03
7184	-1.106013e+03
7185	-1.100460e+03
7186	-1.106260e+03
7187	-1.106656e+03
7188	-1.103506e+03
7189	-1.109879e+03
7190	-1.112700e+03
7191	-1.105167e+03
7192	-1.133792e+03
7193	-1.129719e+03
7194	-1.109620e+03
7195	-1.107585e+03
7196	-1.112891e+03
7197	-1.112633e+03
7198	-1.120905e+03
7199	-1.123285e+03
7200	-1.115503e+03
7201	-1.128003e+03
7202	-1.108677e+03
7203	-1.105998e+03
7204	-1.102613e+03
7205	-1.116030e+03
7206	-1.096458e+03
7207	-1.104795e+03
7208	-1.094963e+03
7209	-1.119984e+03
7210	-1.132089e+03
7211	-1.109771e+03
7212	-1.100937e+03
7213	-1.096991e+03
7214	-1.118918e+03
7215	-1.119318e+03
7216	-1.114581e+03
7217	-1.115223e+03
7218	-1.111289e+03
7219	-1.095870e+03
7220	-1.126920e+03
7221	-1.105942e+03
7222	-1.112805e+03
7223	-1.124081e+03
7224	-1.115447e+03
7225	-1.091016e+03
7226	-1.117714e+03
7227	-1.078141e+03
7228	-1.108807e+03
7229	-1.103389e+03
7230	-1.125260e+03
7231	-1.110748e+03
7232	-1.129719e+03
7233	-1.103165e+03
7234	-1.122714e+03
7235	-1.115255e+03
7236	-1.135333e+03
7237	-1.127432e+03
7238	-1.102519e+03
7239	-1.113281e+03
7240	-1.125907e+03
7241	-1.095529e+03
7242	-1.088112e+03
7243	-1.113794e+03
7244	-1.125457e+03
7245	-1.098209e+03
7246	-1.119356e+03
7247	-1.094333e+03
7248	-1.121285e+03
7249	-1.090388e+03
7250	-1.109052e+03
7251	-1.111939e+03
7252	-1.135665e+03
7253	-1.109517e+03
7254	-1.098799e+03
7255	-1.108830e+03
7256	-1.107220e+03
7257	-1.110998e+03
7258	-1.111686e+03
7259	-1.107650e+03
7260	-1.106250e+03
7261	-1.109191e+03
7262	-1.104738e+03
7263	-1.090320e+03
7264	-1.090256e+03
7265	-1.104023e+03
7266	-1.120351e+03
7267	-1.112166e+03
7268	-1.107996e+03
7269	-1.107147e+03
7270	-1.092568e+03
7271	-1.109047e+03
7272	-1.125687e+03
7273	-1.116076e+03
7274	-1.132390e+03
7275	-1.119697e+03
7276	-1.114051e+03
7277	-1.138224e+03
7278	-1.105394e+03
7279	-1.096156e+03
7280	-1.107115e+03
7281	-1.105531e+03
7282	-1.107145e+03
7283	-1.092513e+03
7284	-1.112513e+03
7285	-1.096934e+03
7286	-1.112674e+03
7287	-1.121366e+03
7288	-1.099077e+03
7289	-1.115310e+03
7290	-1.111123e+03
7291	-1.117112e+03
7292	-1.111341e+03
7293	-1.111435e+03
7294	-1.092947e+03
7295	-1.113427e+03
7296	-1.127927e+03
7297	-1.111438e+03
7298	-1.098870e+03
7299	-1.100078e+03
7300	-1.113852e+03
7301	-1.109026e+03
7302	-1.118125e+03
7303	-1.120270e+03
7304	-1.125166e+03
7305	-1.110182e+03
7306	-1.118420e+03
7307	-1.109631e+03
7308	-1.117023e+03
7309	-1.099149e+03
7310	-1.110257e+03
7311	-1.131232e+03
7312	-1.116048e+03
7313	-1.115884e+03
7314	-1.121818e+03
7315	-1.121214e+03
7316	-1.138742e+03
7317	-1.105910e+03
7318	-1.113027e+03
7319	-1.107872e+03
7320	-1.084178e+03
7321	-1.125295e+03
7322	-1.093656e+03
7323	-1.102304e+03
7324	-1.116192e+03
7325	-1.107838e+03
7326	-1.103173e+03
7327	-1.104531e+03
7328	-1.093904e+03
7329	-1.108026e+03
7330	-1.088736e+03
7331	-1.117340e+03
7332	-1.103871e+03
7333	-1.103883e+03
7334	-1.101819e+03
7335	-1.105283e+03
7336	-1.124885e+03
7337	-1.126362e+03
7338	-1.110445e+03
7339	-1.105077e+03
7340	-1.096526e+03
7341	-1.116081e+03
7342	-1.088253e+03
7343	-1.102648e+03
7344	-1.116042e+03
7345	-1.111575e+03
7346	-1.119748e+03
7347	-1.109891e+03
7348	-1.120665e+03
7349	-1.097510e+03
7350	-1.116174e+03
7351	-1.109865e+03
7352	-1.101898e+03
7353	-1.119145e+03
7354	-1.120765e+03
7355	-1.111461e+03
7356	-1.112293e+03
7357	-1.131260e+03
7358	-1.112856e+03
7359	-1.109825e+03
7360	-1.097617e+03
7361	-1.112022e+03
7362	-1.102371e+03
7363	-1.113820e+03
7364	-1.117242e+03
7365	-1.098596e+03
7366	-1.109776e+03
7367	-1.109477e+03
7368	-1.104764e+03
7369	-1.100936e+03
7370	-1.151680e+03
7371	-1.114224e+03
7372	-1.112489e+03
7373	-1.116106e+03
7374	-1.115994e+03
7375	-1.094975e+03
7376	-1.108938e+03
7377	-1.107646e+03
7378	-1.095778e+03
7379	-1.107291e+03
7380	-1.126560e+03
7381	-1.120100e+03
7382	-1.136579e+03
7383	-1.130088e+03
7384	-1.113171e+03
7385	-1.128828e+03
7386	-1.125036e+03
7387	-1.095262e+03
7388	-1.094489e+03
7389	-1.099720e+03
7390	-1.096801e+03
7391	-1.124026e+03
7392	-1.119268e+03
7393	-1.110380e+03
7394	-1.108883e+03
7395	-1.110126e+03
7396	-1.108238e+03
7397	-1.108069e+03
7398	-1.108668e+03
7399	-1.091107e+03
7400	-1.103115e+03
7401	-1.116445e+03
7402	-1.123310e+03
7403	-1.114205e+03
7404	-1.118837e+03
7405	-1.121577e+03
7406	-1.100823e+03
7407	-1.110616e+03
7408	-1.107422e+03
7409	-1.118360e+03
7410	-1.127745e+03
7411	-1.118461e+03
7412	-1.141155e+03
7413	-1.105349e+03
7414	-1.115603e+03
7415	-1.113938e+03
7416	-1.128343e+03
7417	-1.122588e+03
7418	-1.109953e+03
7419	-1.122458e+03
7420	-1.102855e+03
7421	-1.119770e+03
7422	-1.102087e+03
7423	-1.098412e+03
7424	-1.118693e+03
7425	-1.115855e+03
7426	-1.110779e+03
7427	-1.122099e+03
7428	-1.111370e+03
7429	-1.096445e+03
7430	-1.118499e+03
7431	-1.102639e+03
7432	-1.116573e+03
7433	-1.111457e+03
7434	-1.094915e+03
7435	-1.133759e+03
7436	-1.111981e+03
7437	-1.108886e+03
7438	-1.113212e+03
7439	-1.107228e+03
7440	-1.097505e+03
7441	-1.109393e+03
7442	-1.090526e+03
7443	-1.105590e+03
7444	-1.105635e+03
7445	-1.115269e+03
7446	-1.108271e+03
7447	-1.115947e+03
7448	-1.117547e+03
7449	-1.085394e+03
7450	-1.111634e+03
7451	-1.107309e+03
7452	-1.121674e+03
7453	-1.114783e+03
7454	-1.104821e+03
7455	-1.120376e+03
7456	-1.112267e+03
7457	-1.116801e+03
7458	-1.116875e+03
7459	-1.123338e+03
7460	-1.104842e+03
7461	-1.105682e+03
7462	-1.109996e+03
7463	-1.109033e+03
7464	-1.116723e+03
7465	-1.110838e+03
7466	-1.092574e+03
7467	-1.108520e+03
7468	-1.127091e+03
7469	-1.106693e+03
7470	-1.118468e+03
7471	-1.104723e+03
7472	-1.101115e+03
7473	-1.108981e+03
7474	-1.098949e+03
7475	-1.119728e+03
7476	-1.099258e+03
7477	-1.114215e+03
7478	-1.116374e+03
7479	-1.119529e+03
7480	-1.120370e+03
7481	-1.111134e+03
7482	-1.105154e+03
7483	-1.118435e+03
7484	-1.118969e+03
7485	-1.107723e+03
7486	-1.106063e+03
7487	-1.121953e+03
7488	-1.112310e+03
7489	-1.089186e+03
7490	-1.095493e+03
7491	-1.104383e+03
7492	-1.097192e+03
7493	-1.125854e+03
7494	-1.105502e+03
7495	-1.103974e+03
7496	-1.105399e+03
7497	-1.124414e+03
7498	-1.111561e+03
7499	-1.098372e+03
7500	-1.115957e+03
7501	-1.094121e+03
7502	-1.098700e+03
7503	-1.130695e+03
7504	-1.127099e+03
7505	-1.123128e+03
7506	-1.109410e+03
7507	-1.101065e+03
7508	-1.123040e+03
7509	-1.117392e+03
7510	-1.120134e+03
7511	-1.092046e+03
7512	-1.110136e+03
7513	-1.124718e+03
7514	-1.117581e+03
7515	-1.099827e+03
7516	-1.118748e+03
7517	-1.116517e+03
7518	-1.095195e+03
7519	-1.117061e+03
7520	-1.111350e+03
7521	-1.111008e+03
7522	-1.110720e+03
7523	-1.119708e+03
7524	-1.107431e+03
7525	-1.098301e+03
7526	-1.106717e+03
7527	-1.138116e+03
7528	-1.117044e+03
7529	-1.101922e+03
7530	-1.090107e+03
7531	-1.119038e+03
7532	-1.113229e+03
7533	-1.098514e+03
7534	-1.112880e+03
7535	-1.109968e+03
7536	-1.113472e+03
7537	-1.110233e+03
7538	-1.113061e+03
7539	-1.120277e+03
7540	-1.115957e+03
7541	-1.087382e+03
7542	-1.108814e+03
7543	-1.099108e+03
7544	-1.109876e+03
7545	-1.122258e+03
7546	-1.097854e+03
7547	-1.112554e+03
7548	-1.126067e+03
7549	-1.107955e+03
7550	-1.107126e+03
7551	-1.096949e+03
7552	-1.106949e+03
7553	-1.081852e+03
7554	-1.108746e+03
7555	-1.111957e+03
7556	-1.120224e+03
7557	-1.101796e+03
7558	-1.115448e+03
7559	-1.114515e+03
7560	-1.116430e+03
7561	-1.097677e+03
7562	-1.119693e+03
7563	-1.120767e+03
7564	-1.115590e+03
7565	-1.094703e+03
7566	-1.117240e+03
7567	-1.112836e+03
7568	-1.123763e+03
7569	-1.137196e+03
7570	-1.136493e+03
7571	-1.092389e+03
7572	-1.102706e+03
7573	-1.111174e+03
7574	-1.114490e+03
7575	-1.113089e+03
7576	-1.107895e+03
7577	-1.096639e+03
7578	-1.106879e+03
7579	-1.118097e+03
7580	-1.106390e+03
7581	-1.121996e+03
7582	-1.113934e+03
7583	-1.109698e+03
7584	-1.109591e+03
7585	-1.100652e+03
7586	-1.113355e+03
7587	-1.091387e+03
7588	-1.084313e+03
7589	-1.109811e+03
7590	-1.118924e+03
7591	-1.115907e+03
7592	-1.100764e+03
7593	-1.099036e+03
7594	-1.109932e+03
7595	-1.114995e+03
7596	-1.112501e+03
7597	-1.110519e+03
7598	-1.122688e+03
7599	-1.112925e+03
7600	-1.090541e+03
7601	-1.115978e+03
7602	-1.115872e+03
7603	-1.110028e+03
7604	-1.100054e+03
7605	-1.121725e+03
7606	-1.105862e+03
7607	-1.105071e+03
7608	-1.106005e+03
7609	-1.107617e+03
7610	-1.103786e+03
7611	-1.113837e+03
7612	-1.106650e+03
7613	-1.141588e+03
7614	-1.111534e+03
7615	-1.103682e+03
7616	-1.114038e+03
7617	-1.105455e+03
7618	-1.121511e+03
7619	-1.115312e+03
7620	-1.136210e+03
7621	-1.102190e+03
7622	-1.121306e+03
7623	-1.117157e+03
7624	-1.112794e+03
7625	-1.103131e+03
7626	-1.109726e+03
7627	-1.108145e+03
7628	-1.122841e+03
7629	-1.104163e+03
7630	-1.100353e+03
7631	-1.121244e+03
7632	-1.130120e+03
7633	-1.101698e+03
7634	-1.110646e+03
7635	-1.103593e+03
7636	-1.107908e+03
7637	-1.115834e+03
7638	-1.130549e+03
7639	-1.134361e+03
7640	-1.113413e+03
7641	-1.114148e+03
7642	-1.114328e+03
7643	-1.110857e+03
7644	-1.119046e+03
7645	-1.128067e+03
7646	-1.109276e+03
7647	-1.116504e+03
7648	-1.121177e+03
7649	-1.109973e+03
7650	-1.109893e+03
7651	-1.112996e+03
7652	-1.114261e+03
7653	-1.110105e+03
7654	-1.126641e+03
7655	-1.095731e+03
7656	-1.104229e+03
7657	-1.095248e+03
7658	-1.108215e+03
7659	-1.104252e+03
7660	-1.103571e+03
7661	-1.117377e+03
7662	-1.122852e+03
7663	-1.110820e+03
7664	-1.110515e+03
7665	-1.090684e+03
7666	-1.112151e+03
7667	-1.109229e+03
7668	-1.110433e+03
7669	-1.115704e+03
7670	-1.111793e+03
7671	-1.097997e+03
7672	-1.107545e+03
7673	-1.110068e+03
7674	-1.121776e+03
7675	-1.119925e+03
7676	-1.122565e+03
7677	-1.109533e+03
7678	-1.098812e+03
7679	-1.102023e+03
7680	-1.120377e+03
7681	-1.139257e+03
7682	-1.096928e+03
7683	-1.149467e+03
7684	-1.095319e+03
7685	-1.105922e+03
7686	-1.118841e+03
7687	-1.108049e+03
7688	-1.127409e+03
7689	-1.135137e+03
7690	-1.113086e+03
7691	-1.103303e+03
7692	-1.106699e+03
7693	-1.101848e+03
7694	-1.105296e+03
7695	-1.103780e+03
7696	-1.098772e+03
7697	-1.089950e+03
7698	-1.102932e+03
7699	-1.120136e+03
7700	-1.094650e+03
7701	-1.136089e+03
7702	-1.103304e+03
7703	-1.124227e+03
7704	-1.102252e+03
7705	-1.124590e+03
7706	-1.093440e+03
7707	-1.110810e+03
7708	-1.118397e+03
7709	-1.095548e+03
7710	-1.105560e+03
7711	-1.114695e+03
7712	-1.110967e+03
7713	-1.104601e+03
7714	-1.112657e+03
7715	-1.088275e+03
7716	-1.107035e+03
7717	-1.095045e+03
7718	-1.096775e+03
7719	-1.107939e+03
7720	-1.096729e+03
7721	-1.095035e+03
7722	-1.098054e+03
7723	-1.143466e+03
7724	-1.132417e+03
7725	-1.098732e+03
7726	-1.091808e+03
7727	-1.124298e+03
7728	-1.093466e+03
7729	-1.100137e+03
7730	-1.098712e+03
7731	-1.115327e+03
7732	-1.097650e+03
7733	-1.107553e+03
7734	-1.110494e+03
7735	-1.093016e+03
7736	-1.106454e+03
7737	-1.105179e+03
7738	-1.109418e+03
7739	-1.116651e+03
7740	-1.096403e+03
7741	-1.125963e+03
7742	-1.122084e+03
7743	-1.092325e+03
7744	-1.119471e+03
7745	-1.122309e+03
7746	-1.116418e+03
7747	-1.142186e+03
7748	-1.122916e+03
7749	-1.117555e+03
7750	-1.099749e+03
7751	-1.111604e+03
7752	-1.099808e+03
7753	-1.105931e+03
7754	-1.124182e+03
7755	-1.122187e+03
7756	-1.118169e+03
7757	-1.108490e+03
7758	-1.124983e+03
7759	-1.102265e+03
7760	-1.122019e+03
7761	-1.101015e+03
7762	-1.110799e+03
7763	-1.099107e+03
7764	-1.127132e+03
7765	-1.100045e+03
7766	-1.098707e+03
7767	-1.116133e+03
7768	-1.112465e+03
7769	-1.110160e+03
7770	-1.136293e+03
7771	-1.119709e+03
7772	-1.090668e+03
7773	-1.112714e+03
7774	-1.096978e+03
7775	-1.107436e+03
7776	-1.109046e+03
7777	-1.112436e+03
7778	-1.114945e+03
7779	-1.100280e+03
7780	-1.109091e+03
7781	-1.116044e+03
7782	-1.133659e+03
7783	-1.105627e+03
7784	-1.117406e+03
7785	-1.107079e+03
7786	-1.104413e+03
7787	-1.093825e+03
7788	-1.132800e+03
7789	-1.109660e+03
7790	-1.101435e+03
7791	-1.111828e+03
7792	-1.099052e+03
7793	-1.098101e+03
7794	-1.113359e+03
7795	-1.124269e+03
7796	-1.097836e+03
7797	-1.092357e+03
7798	-1.113294e+03
7799	-1.120829e+03
7800	-1.111093e+03
7801	-1.104300e+03
7802	-1.098564e+03
7803	-1.128652e+03
7804	-1.109898e+03
7805	-1.124186e+03
7806	-1.116051e+03
7807	-1.123568e+03
7808	-1.116860e+03
7809	-1.118357e+03
7810	-1.111304e+03
7811	-1.110005e+03
7812	-1.123480e+03
7813	-1.113249e+03
7814	-1.091922e+03
7815	-1.117101e+03
7816	-1.117815e+03
7817	-1.099196e+03
7818	-1.119979e+03
7819	-1.111628e+03
7820	-1.117646e+03
7821	-1.085547e+03
7822	-1.118892e+03
7823	-1.121037e+03
7824	-1.099686e+03
7825	-1.112224e+03
7826	-1.116463e+03
7827	-1.114407e+03
7828	-1.140298e+03
7829	-1.132046e+03
7830	-1.112940e+03
7831	-1.120034e+03
7832	-1.119278e+03
7833	-1.112611e+03
7834	-1.095505e+03
7835	-1.120495e+03
7836	-1.103943e+03
7837	-1.116639e+03
7838	-1.129229e+03
7839	-1.090692e+03
7840	-1.110463e+03
7841	-1.095942e+03
7842	-1.098096e+03
7843	-1.119359e+03
7844	-1.095250e+03
7845	-1.113201e+03
7846	-1.110656e+03
7847	-1.110016e+03
7848	-1.117422e+03
7849	-1.097051e+03
7850	-1.110490e+03
7851	-1.106931e+03
7852	-1.120187e+03
7853	-1.107481e+03
7854	-1.112826e+03
7855	-1.107482e+03
7856	-1.113199e+03
7857	-1.112669e+03
7858	-1.106397e+03
7859	-1.114183e+03
7860	-1.103604e+03
7861	-1.119249e+03
7862	-1.103906e+03
7863	-1.106828e+03
7864	-1.101758e+03
7865	-1.095975e+03
7866	-1.104755e+03
7867	-1.120040e+03
7868	-1.111449e+03
7869	-1.103002e+03
7870	-1.101214e+03
7871	-1.112383e+03
7872	-1.108490e+03
7873	-1.117528e+03
7874	-1.115440e+03
7875	-1.109595e+03
7876	-1.110968e+03
7877	-1.101936e+03
7878	-1.107815e+03
7879	-1.085297e+03
7880	-1.108632e+03
7881	-1.129458e+03
7882	-1.119929e+03
7883	-1.123232e+03
7884	-1.104627e+03
7885	-1.118471e+03
7886	-1.105250e+03
7887	-1.131795e+03
7888	-1.124120e+03
7889	-1.117619e+03
7890	-1.106987e+03
7891	-1.112717e+03
7892	-1.112029e+03
7893	-1.114335e+03
7894	-1.102583e+03
7895	-1.105164e+03
7896	-1.124575e+03
7897	-1.096458e+03
7898	-1.088512e+03
7899	-1.097629e+03
7900	-1.128436e+03
7901	-1.127341e+03
7902	-1.116105e+03
7903	-1.135181e+03
7904	-1.115342e+03
7905	-1.096854e+03
7906	-1.117307e+03
7907	-1.101231e+03
7908	-1.118843e+03
7909	-1.098001e+03
7910	-1.124305e+03
7911	-1.104259e+03
7912	-1.122844e+03
7913	-1.119401e+03
7914	-1.113044e+03
7915	-1.133186e+03
7916	-1.100010e+03
7917	-1.127465e+03
7918	-1.099598e+03
7919	-1.108635e+03
7920	-1.122820e+03
7921	-1.120351e+03
7922	-1.107003e+03
7923	-1.110772e+03
7924	-1.103546e+03
7925	-1.112844e+03
7926	-1.123763e+03
7927	-1.101965e+03
7928	-1.113489e+03
7929	-1.124659e+03
7930	-1.110118e+03
7931	-1.114582e+03
7932	-1.089101e+03
7933	-1.113453e+03
7934	-1.096774e+03
7935	-1.129487e+03
7936	-1.138309e+03
7937	-1.107637e+03
7938	-1.116262e+03
7939	-1.110232e+03
7940	-1.102525e+03
7941	-1.104622e+03
7942	-1.120260e+03
7943	-1.097765e+03
7944	-1.123778e+03
7945	-1.110646e+03
7946	-1.092758e+03
7947	-1.103827e+03
7948	-1.108052e+03
7949	-1.123452e+03
7950	-1.099081e+03
7951	-1.114378e+03
7952	-1.131848e+03
7953	-1.114138e+03
7954	-1.122386e+03
7955	-1.110519e+03
7956	-1.111645e+03
7957	-1.120597e+03
7958	-1.093909e+03
7959	-1.120925e+03
7960	-1.100596e+03
7961	-1.122610e+03
7962	-1.107693e+03
7963	-1.107569e+03
7964	-1.127098e+03
7965	-1.090955e+03
7966	-1.097376e+03
7967	-1.108793e+03
7968	-1.122993e+03
7969	-1.111118e+03
7970	-1.126848e+03
7971	-1.107436e+03
7972	-1.117174e+03
7973	-1.115478e+03
7974	-1.105727e+03
7975	-1.104433e+03
7976	-1.115385e+03
7977	-1.129025e+03
7978	-1.106164e+03
7979	-1.101831e+03
7980	-1.115087e+03
7981	-1.127762e+03
7982	-1.109340e+03
7983	-1.119766e+03
7984	-1.095058e+03
7985	-1.081012e+03
7986	-1.111473e+03
7987	-1.116959e+03
7988	-1.102874e+03
7989	-1.119824e+03
7990	-1.107975e+03
7991	-1.116404e+03
7992	-1.111244e+03
7993	-1.106598e+03
7994	-1.123009e+03
7995	-1.124675e+03
7996	-1.109448e+03
7997	-1.131749e+03
7998	-1.107224e+03
7999	-1.122323e+03
8000	-1.117934e+03
8001	-1.108616e+03
8002	-1.113155e+03
8003	-1.121997e+03
8004	-1.112429e+03
8005	-1.099854e+03
8006	-1.112684e+03
8007	-1.116528e+03
8008	-1.104706e+03
8009	-1.084761e+03
8010	-1.122737e+03
8011	-1.107259e+03
8012	-1.123763e+03
8013	-1.122059e+03
8014	-1.120676e+03
8015	-1.118067e+03
8016	-1.111990e+03
8017	-1.114898e+03
8018	-1.111864e+03
8019	-1.122711e+03
8020	-1.099890e+03
8021	-1.107916e+03
8022	-1.107142e+03
8023	-1.117422e+03
8024	-1.116734e+03
8025	-1.112951e+03
8026	-1.105028e+03
8027	-1.100905e+03
8028	-1.106041e+03
8029	-1.118544e+03
8030	-1.104463e+03
8031	-1.093767e+03
8032	-1.108835e+03
8033	-1.123650e+03
8034	-1.103612e+03
8035	-1.110669e+03
8036	-1.087196e+03
8037	-1.116283e+03
8038	-1.095910e+03
8039	-1.101597e+03
8040	-1.128550e+03
8041	-1.126707e+03
8042	-1.114018e+03
8043	-1.125534e+03
8044	-1.116741e+03
8045	-1.111145e+03
8046	-1.115628e+03
8047	-1.109285e+03
8048	-1.127428e+03
8049	-1.104975e+03
8050	-1.107060e+03
8051	-1.096943e+03
8052	-1.117359e+03
8053	-1.136251e+03
8054	-1.107261e+03
8055	-1.121133e+03
8056	-1.109680e+03
8057	-1.117331e+03
8058	-1.095657e+03
8059	-1.119472e+03
8060	-1.118708e+03
8061	-1.119222e+03
8062	-1.115984e+03
8063	-1.111264e+03
8064	-1.115690e+03
8065	-1.132541e+03
8066	-1.103230e+03
8067	-1.090309e+03
8068	-1.100797e+03
8069	-1.103577e+03
8070	-1.115335e+03
8071	-1.101671e+03
8072	-1.126090e+03
8073	-1.101673e+03
8074	-1.096220e+03
8075	-1.097723e+03
8076	-1.128194e+03
8077	-1.094427e+03
8078	-1.120656e+03
8079	-1.123136e+03
8080	-1.122282e+03
8081	-1.114552e+03
8082	-1.120841e+03
8083	-1.092578e+03
8084	-1.103675e+03
8085	-1.100811e+03
8086	-1.119207e+03
8087	-1.103353e+03
8088	-1.112195e+03
8089	-1.123156e+03
8090	-1.103085e+03
8091	-1.091374e+03
8092	-1.111011e+03
8093	-1.095678e+03
8094	-1.119704e+03
8095	-1.097868e+03
8096	-1.115736e+03
8097	-1.093665e+03
8098	-1.119023e+03
8099	-1.115594e+03
8100	-1.098363e+03
8101	-1.117030e+03
8102	-1.122531e+03
8103	-1.106880e+03
8104	-1.129573e+03
8105	-1.102814e+03
8106	-1.125398e+03
8107	-1.110531e+03
8108	-1.115737e+03
8109	-1.109202e+03
8110	-1.126086e+03
8111	-1.110578e+03
8112	-1.115778e+03
8113	-1.104643e+03
8114	-1.104614e+03
8115	-1.098622e+03
8116	-1.121564e+03
8117	-1.101327e+03
8118	-1.122680e+03
8119	-1.112515e+03
8120	-1.118926e+03
8121	-1.107501e+03
8122	-1.123682e+03
8123	-1.112454e+03
8124	-1.118983e+03
8125	-1.090902e+03
8126	-1.100151e+03
8127	-1.131874e+03
8128	-1.128239e+03
8129	-1.119890e+03
8130	-1.119130e+03
8131	-1.107929e+03
8132	-1.125672e+03
8133	-1.101932e+03
8134	-1.095653e+03
8135	-1.100224e+03
8136	-1.106294e+03
8137	-1.118989e+03
8138	-1.112025e+03
8139	-1.107309e+03
8140	-1.121516e+03
8141	-1.103522e+03
8142	-1.098320e+03
8143	-1.107829e+03
8144	-1.115126e+03
8145	-1.108665e+03
8146	-1.118533e+03
8147	-1.119738e+03
8148	-1.090688e+03
8149	-1.120577e+03
8150	-1.106977e+03
8151	-1.125997e+03
8152	-1.118124e+03
8153	-1.110964e+03
8154	-1.086865e+03
8155	-1.091371e+03
8156	-1.088825e+03
8157	-1.107288e+03
8158	-1.131762e+03
8159	-1.112659e+03
8160	-1.101364e+03
8161	-1.099905e+03
8162	-1.103704e+03
8163	-1.086842e+03
8164	-1.090025e+03
8165	-1.110848e+03
8166	-1.091288e+03
8167	-1.114644e+03
8168	-1.109575e+03
8169	-1.124289e+03
8170	-1.108076e+03
8171	-1.097120e+03
8172	-1.107265e+03
8173	-1.114916e+03
8174	-1.089215e+03
8175	-1.114520e+03
8176	-1.120046e+03
8177	-1.113320e+03
8178	-1.112841e+03
8179	-1.097593e+03
8180	-1.122035e+03
8181	-1.101420e+03
8182	-1.113896e+03
8183	-1.110919e+03
8184	-1.106816e+03
8185	-1.112212e+03
8186	-1.084630e+03
8187	-1.123597e+03
8188	-1.107018e+03
8189	-1.109567e+03
8190	-1.122424e+03
8191	-1.108752e+03
8192	-1.101231e+03
8193	-1.093851e+03
8194	-1.108063e+03
8195	-1.114319e+03
8196	-1.100784e+03
8197	-1.106816e+03
8198	-1.097327e+03
8199	-1.101648e+03
8200	-1.100066e+03
8201	-1.109586e+03
8202	-1.089612e+03
8203	-1.103233e+03
8204	-1.111834e+03
8205	-1.108143e+03
8206	-1.104974e+03
8207	-1.114069e+03
8208	-1.109169e+03
8209	-1.113835e+03
8210	-1.119431e+03
8211	-1.083163e+03
8212	-1.120557e+03
8213	-1.113210e+03
8214	-1.099787e+03
8215	-1.111993e+03
8216	-1.122372e+03
8217	-1.102135e+03
8218	-1.122756e+03
8219	-1.116816e+03
8220	-1.106462e+03
8221	-1.106685e+03
8222	-1.110483e+03
8223	-1.106210e+03
8224	-1.115210e+03
8225	-1.111670e+03
8226	-1.115571e+03
8227	-1.102443e+03
8228	-1.117583e+03
8229	-1.109103e+03
8230	-1.109126e+03
8231	-1.099066e+03
8232	-1.087976e+03
8233	-1.114682e+03
8234	-1.108849e+03
8235	-1.091095e+03
8236	-1.093560e+03
8237	-1.101372e+03
8238	-1.116886e+03
8239	-1.122536e+03
8240	-1.123711e+03
8241	-1.124977e+03
8242	-1.113672e+03
8243	-1.099352e+03
8244	-1.105679e+03
8245	-1.097432e+03
8246	-1.115844e+03
8247	-1.129216e+03
8248	-1.107663e+03
8249	-1.092972e+03
8250	-1.092211e+03
8251	-1.091966e+03
8252	-1.121584e+03
8253	-1.112977e+03
8254	-1.127519e+03
8255	-1.103885e+03
8256	-1.106195e+03
8257	-1.126965e+03
8258	-1.107210e+03
8259	-1.103000e+03
8260	-1.082005e+03
8261	-1.129245e+03
8262	-1.118579e+03
8263	-1.104903e+03
8264	-1.104898e+03
8265	-1.108249e+03
8266	-1.112578e+03
8267	-1.120383e+03
8268	-1.094441e+03
8269	-1.077069e+03
8270	-1.134573e+03
8271	-1.115191e+03
8272	-1.122465e+03
8273	-1.110272e+03
8274	-1.104930e+03
8275	-1.119356e+03
8276	-1.117592e+03
8277	-1.115518e+03
8278	-1.120938e+03
8279	-1.117952e+03
8280	-1.124315e+03
8281	-1.103195e+03
8282	-1.109588e+03
8283	-1.105049e+03
8284	-1.103332e+03
8285	-1.107055e+03
8286	-1.087353e+03
8287	-1.129993e+03
8288	-1.131820e+03
8289	-1.105815e+03
8290	-1.113432e+03
8291	-1.113900e+03
8292	-1.121884e+03
8293	-1.128327e+03
8294	-1.115569e+03
8295	-1.099673e+03
8296	-1.099413e+03
8297	-1.104647e+03
8298	-1.102445e+03
8299	-1.102132e+03
8300	-1.124639e+03
8301	-1.115878e+03
8302	-1.111317e+03
8303	-1.108977e+03
8304	-1.107120e+03
8305	-1.121902e+03
8306	-1.087792e+03
8307	-1.107111e+03
8308	-1.100601e+03
8309	-1.112003e+03
8310	-1.105841e+03
8311	-1.121474e+03
8312	-1.128970e+03
8313	-1.097556e+03
8314	-1.114606e+03
8315	-1.107950e+03
8316	-1.119059e+03
8317	-1.114497e+03
8318	-1.130021e+03
8319	-1.091993e+03
8320	-1.095109e+03
8321	-1.114979e+03
8322	-1.108465e+03
8323	-1.089056e+03
8324	-1.134427e+03
8325	-1.115990e+03
8326	-1.108005e+03
8327	-1.098200e+03
8328	-1.101780e+03
8329	-1.125143e+03
8330	-1.105212e+03
8331	-1.104464e+03
8332	-1.117705e+03
8333	-1.124383e+03
8334	-1.115932e+03
8335	-1.114693e+03
8336	-1.124361e+03
8337	-1.109734e+03
8338	-1.108881e+03
8339	-1.135416e+03
8340	-1.112264e+03
8341	-1.121740e+03
8342	-1.123008e+03
8343	-1.107051e+03
8344	-1.107031e+03
8345	-1.122349e+03
8346	-1.122202e+03
8347	-1.086511e+03
8348	-1.109541e+03
8349	-1.111982e+03
8350	-1.120483e+03
8351	-1.109438e+03
8352	-1.099121e+03
8353	-1.101321e+03
8354	-1.099915e+03
8355	-1.117280e+03
8356	-1.121558e+03
8357	-1.106132e+03
8358	-1.108984e+03
8359	-1.090214e+03
8360	-1.104902e+03
8361	-1.108689e+03
8362	-1.110118e+03
8363	-1.117545e+03
8364	-1.128394e+03
8365	-1.123027e+03
8366	-1.097524e+03
8367	-1.104723e+03
8368	-1.108234e+03
8369	-1.092315e+03
8370	-1.114832e+03
8371	-1.138531e+03
8372	-1.103504e+03
8373	-1.123078e+03
8374	-1.115386e+03
8375	-1.108460e+03
8376	-1.127284e+03
8377	-1.115636e+03
8378	-1.133179e+03
8379	-1.112992e+03
8380	-1.111738e+03
8381	-1.124501e+03
8382	-1.146492e+03
8383	-1.113553e+03
8384	-1.115330e+03
8385	-1.103193e+03
8386	-1.114004e+03
8387	-1.102109e+03
8388	-1.125412e+03
8389	-1.105511e+03
8390	-1.113267e+03
8391	-1.121696e+03
8392	-1.101794e+03
8393	-1.115558e+03
8394	-1.120061e+03
8395	-1.108520e+03
8396	-1.104090e+03
8397	-1.125738e+03
8398	-1.096226e+03
8399	-1.106028e+03
8400	-1.093008e+03
8401	-1.101297e+03
8402	-1.096849e+03
8403	-1.134855e+03
8404	-1.124774e+03
8405	-1.109513e+03
8406	-1.119470e+03
8407	-1.104727e+03
8408	-1.111345e+03
8409	-1.129711e+03
8410	-1.136007e+03
8411	-1.141983e+03
8412	-1.121368e+03
8413	-1.104856e+03
8414	-1.116628e+03
8415	-1.119591e+03
8416	-1.097719e+03
8417	-1.126284e+03
8418	-1.103405e+03
8419	-1.117983e+03
8420	-1.104461e+03
8421	-1.107495e+03
8422	-1.121119e+03
8423	-1.101263e+03
8424	-1.093371e+03
8425	-1.099780e+03
8426	-1.093400e+03
8427	-1.119672e+03
8428	-1.096984e+03
8429	-1.119826e+03
8430	-1.121485e+03
8431	-1.102607e+03
8432	-1.119068e+03
8433	-1.113870e+03
8434	-1.106390e+03
8435	-1.100785e+03
8436	-1.118049e+03
8437	-1.117437e+03
8438	-1.111073e+03
8439	-1.098399e+03
8440	-1.121568e+03
8441	-1.105670e+03
8442	-1.109490e+03
8443	-1.117008e+03
8444	-1.102647e+03
8445	-1.107051e+03
8446	-1.109274e+03
8447	-1.098494e+03
8448	-1.113611e+03
8449	-1.121933e+03
8450	-1.107363e+03
8451	-1.124229e+03
8452	-1.101238e+03
8453	-1.114538e+03
8454	-1.108714e+03
8455	-1.110561e+03
8456	-1.116992e+03
8457	-1.110269e+03
8458	-1.111625e+03
8459	-1.123202e+03
8460	-1.126477e+03
8461	-1.124426e+03
8462	-1.108805e+03
8463	-1.117260e+03
8464	-1.114378e+03
8465	-1.114667e+03
8466	-1.110674e+03
8467	-1.129011e+03
8468	-1.113490e+03
8469	-1.118459e+03
8470	-1.115039e+03
8471	-1.127966e+03
8472	-1.129734e+03
8473	-1.104795e+03
8474	-1.095652e+03
8475	-1.118026e+03
8476	-1.100123e+03
8477	-1.106898e+03
8478	-1.116114e+03
8479	-1.124802e+03
8480	-1.103618e+03
8481	-1.111019e+03
8482	-1.109451e+03
8483	-1.100081e+03
8484	-1.089989e+03
8485	-1.116271e+03
8486	-1.113044e+03
8487	-1.128228e+03
8488	-1.115976e+03
8489	-1.105694e+03
8490	-1.120522e+03
8491	-1.112129e+03
8492	-1.104037e+03
8493	-1.108890e+03
8494	-1.106436e+03
8495	-1.128206e+03
8496	-1.114708e+03
8497	-1.110563e+03
8498	-1.105852e+03
8499	-1.091665e+03
8500	-1.114090e+03
8501	-1.113094e+03
8502	-1.099488e+03
8503	-1.116655e+03
8504	-1.127252e+03
8505	-1.128103e+03
8506	-1.107384e+03
8507	-1.115521e+03
8508	-1.094759e+03
8509	-1.127936e+03
8510	-1.135705e+03
8511	-1.114856e+03
8512	-1.113781e+03
8513	-1.110025e+03
8514	-1.104389e+03
8515	-1.106832e+03
8516	-1.111173e+03
8517	-1.129939e+03
8518	-1.121036e+03
8519	-1.103757e+03
8520	-1.109946e+03
8521	-1.107310e+03
8522	-1.120695e+03
8523	-1.111454e+03
8524	-1.105307e+03
8525	-1.107776e+03
8526	-1.114216e+03
8527	-1.105327e+03
8528	-1.105750e+03
8529	-1.118566e+03
8530	-1.118700e+03
8531	-1.121187e+03
8532	-1.111300e+03
8533	-1.120558e+03
8534	-1.145869e+03
8535	-1.103836e+03
8536	-1.118448e+03
8537	-1.115259e+03
8538	-1.115129e+03
8539	-1.116078e+03
8540	-1.112847e+03
8541	-1.105441e+03
8542	-1.095416e+03
8543	-1.109944e+03
8544	-1.126704e+03
8545	-1.106614e+03
8546	-1.098795e+03
8547	-1.081820e+03
8548	-1.124273e+03
8549	-1.109173e+03
8550	-1.113045e+03
8551	-1.114654e+03
8552	-1.115508e+03
8553	-1.123005e+03
8554	-1.120163e+03
8555	-1.103334e+03
8556	-1.111567e+03
8557	-1.121402e+03
8558	-1.125563e+03
8559	-1.117347e+03
8560	-1.121693e+03
8561	-1.113142e+03
8562	-1.108824e+03
8563	-1.113592e+03
8564	-1.109332e+03
8565	-1.130824e+03
8566	-1.110664e+03
8567	-1.103135e+03
8568	-1.112294e+03
8569	-1.109880e+03
8570	-1.097165e+03
8571	-1.115763e+03
8572	-1.132302e+03
8573	-1.114308e+03
8574	-1.104413e+03
8575	-1.102719e+03
8576	-1.121751e+03
8577	-1.118405e+03
8578	-1.118275e+03
8579	-1.126829e+03
8580	-1.092330e+03
8581	-1.103350e+03
8582	-1.120050e+03
8583	-1.111101e+03
8584	-1.102655e+03
8585	-1.092717e+03
8586	-1.106564e+03
8587	-1.112262e+03
8588	-1.099800e+03
8589	-1.118258e+03
8590	-1.107405e+03
8591	-1.097657e+03
8592	-1.116265e+03
8593	-1.098669e+03
8594	-1.103559e+03
8595	-1.105745e+03
8596	-1.109334e+03
8597	-1.112338e+03
8598	-1.121017e+03
8599	-1.108506e+03
8600	-1.105448e+03
8601	-1.113378e+03
8602	-1.108874e+03
8603	-1.110133e+03
8604	-1.125509e+03
8605	-1.124734e+03
8606	-1.103575e+03
8607	-1.113243e+03
8608	-1.102979e+03
8609	-1.102697e+03
8610	-1.122704e+03
8611	-1.129039e+03
8612	-1.119887e+03
8613	-1.101067e+03
8614	-1.119377e+03
8615	-1.124421e+03
8616	-1.113321e+03
8617	-1.089186e+03
8618	-1.099420e+03
8619	-1.117180e+03
8620	-1.119515e+03
8621	-1.111144e+03
8622	-1.107663e+03
8623	-1.126092e+03
8624	-1.108422e+03
8625	-1.091759e+03
8626	-1.115707e+03
8627	-1.109664e+03
8628	-1.117967e+03
8629	-1.117398e+03
8630	-1.128070e+03
8631	-1.110201e+03
8632	-1.114495e+03
8633	-1.132341e+03
8634	-1.120743e+03
8635	-1.125197e+03
8636	-1.098395e+03
8637	-1.109197e+03
8638	-1.109694e+03
8639	-1.107649e+03
8640	-1.102369e+03
8641	-1.098732e+03
8642	-1.127073e+03
8643	-1.126892e+03
8644	-1.104069e+03
8645	-1.108928e+03
8646	-1.092931e+03
8647	-1.104066e+03
8648	-1.125936e+03
8649	-1.127919e+03
8650	-1.127901e+03
8651	-1.107703e+03
8652	-1.088367e+03
8653	-1.102602e+03
8654	-1.112254e+03
8655	-1.122955e+03
8656	-1.112402e+03
8657	-1.097460e+03
8658	-1.123129e+03
8659	-1.115774e+03
8660	-1.121516e+03
8661	-1.122861e+03
8662	-1.105654e+03
8663	-1.104463e+03
8664	-1.111328e+03
8665	-1.104877e+03
8666	-1.099125e+03
8667	-1.124669e+03
8668	-1.111594e+03
8669	-1.112610e+03
8670	-1.115403e+03
8671	-1.110040e+03
8672	-1.109772e+03
8673	-1.120635e+03
8674	-1.113061e+03
8675	-1.100646e+03
8676	-1.100990e+03
8677	-1.118027e+03
8678	-1.124658e+03
8679	-1.121530e+03
8680	-1.085998e+03
8681	-1.107479e+03
8682	-1.102952e+03
8683	-1.097139e+03
8684	-1.092348e+03
8685	-1.104873e+03
8686	-1.115338e+03
8687	-1.135604e+03
8688	-1.098751e+03
8689	-1.110260e+03
8690	-1.122027e+03
8691	-1.113350e+03
8692	-1.117113e+03
8693	-1.121894e+03
8694	-1.117071e+03
8695	-1.107297e+03
8696	-1.118939e+03
8697	-1.136916e+03
8698	-1.115293e+03
8699	-1.091228e+03
8700	-1.103991e+03
8701	-1.123337e+03
8702	-1.113592e+03
8703	-1.116149e+03
8704	-1.113518e+03
8705	-1.112523e+03
8706	-1.122914e+03
8707	-1.101648e+03
8708	-1.111689e+03
8709	-1.102337e+03
8710	-1.120518e+03
8711	-1.122832e+03
8712	-1.134744e+03
8713	-1.122098e+03
8714	-1.110053e+03
8715	-1.103038e+03
8716	-1.114231e+03
8717	-1.125879e+03
8718	-1.106181e+03
8719	-1.115841e+03
8720	-1.102239e+03
8721	-1.102979e+03
8722	-1.095869e+03
8723	-1.110302e+03
8724	-1.127732e+03
8725	-1.114566e+03
8726	-1.117404e+03
8727	-1.130303e+03
8728	-1.105629e+03
8729	-1.111103e+03
8730	-1.113576e+03
8731	-1.095306e+03
8732	-1.112140e+03
8733	-1.094528e+03
8734	-1.100375e+03
8735	-1.106191e+03
8736	-1.135076e+03
8737	-1.111402e+03
8738	-1.108636e+03
8739	-1.108923e+03
8740	-1.108096e+03
8741	-1.108556e+03
8742	-1.099311e+03
8743	-1.118069e+03
8744	-1.115845e+03
8745	-1.099612e+03
8746	-1.105225e+03
8747	-1.118676e+03
8748	-1.097264e+03
8749	-1.109661e+03
8750	-1.118259e+03
8751	-1.126199e+03
8752	-1.119037e+03
8753	-1.104041e+03
8754	-1.110286e+03
8755	-1.109883e+03
8756	-1.112206e+03
8757	-1.110269e+03
8758	-1.124128e+03
8759	-1.106313e+03
8760	-1.108257e+03
8761	-1.120438e+03
8762	-1.117886e+03
8763	-1.109171e+03
8764	-1.128425e+03
8765	-1.094837e+03
8766	-1.102984e+03
8767	-1.108452e+03
8768	-1.110868e+03
8769	-1.101882e+03
8770	-1.118168e+03
8771	-1.115398e+03
8772	-1.091463e+03
8773	-1.104366e+03
8774	-1.119802e+03
8775	-1.106940e+03
8776	-1.092505e+03
8777	-1.111575e+03
8778	-1.107819e+03
8779	-1.112661e+03
8780	-1.107012e+03
8781	-1.112706e+03
8782	-1.129032e+03
8783	-1.110009e+03
8784	-1.110918e+03
8785	-1.095033e+03
8786	-1.117670e+03
8787	-1.097311e+03
8788	-1.092137e+03
8789	-1.121421e+03
8790	-1.107001e+03
8791	-1.098855e+03
8792	-1.101472e+03
8793	-1.121359e+03
8794	-1.095945e+03
8795	-1.094966e+03
8796	-1.095042e+03
8797	-1.101769e+03
8798	-1.094867e+03
8799	-1.104353e+03
8800	-1.087180e+03
8801	-1.119181e+03
8802	-1.119105e+03
8803	-1.086246e+03
8804	-1.119476e+03
8805	-1.109528e+03
8806	-1.127137e+03
8807	-1.121745e+03
8808	-1.111952e+03
8809	-1.122955e+03
8810	-1.113169e+03
8811	-1.106914e+03
8812	-1.102402e+03
8813	-1.116083e+03
8814	-1.117511e+03
8815	-1.125558e+03
8816	-1.106758e+03
8817	-1.106253e+03
8818	-1.122568e+03
8819	-1.086142e+03
8820	-1.093145e+03
8821	-1.112950e+03
8822	-1.109466e+03
8823	-1.110466e+03
8824	-1.094375e+03
8825	-1.106413e+03
8826	-1.113661e+03
8827	-1.117805e+03
8828	-1.096525e+03
8829	-1.115059e+03
8830	-1.103456e+03
8831	-1.095601e+03
8832	-1.098822e+03
8833	-1.123560e+03
8834	-1.096739e+03
8835	-1.103891e+03
8836	-1.113434e+03
8837	-1.102553e+03
8838	-1.114365e+03
8839	-1.104539e+03
8840	-1.111793e+03
8841	-1.107551e+03
8842	-1.126381e+03
8843	-1.102199e+03
8844	-1.127534e+03
8845	-1.126137e+03
8846	-1.123511e+03
8847	-1.124426e+03
8848	-1.119599e+03
8849	-1.118615e+03
8850	-1.115026e+03
8851	-1.108008e+03
8852	-1.112013e+03
8853	-1.106893e+03
8854	-1.114391e+03
8855	-1.121207e+03
8856	-1.093372e+03
8857	-1.093196e+03
8858	-1.111488e+03
8859	-1.093488e+03
8860	-1.122998e+03
8861	-1.129485e+03
8862	-1.113508e+03
8863	-1.104701e+03
8864	-1.113174e+03
8865	-1.104818e+03
8866	-1.127594e+03
8867	-1.113209e+03
8868	-1.107388e+03
8869	-1.102544e+03
8870	-1.124716e+03
8871	-1.106538e+03
8872	-1.119886e+03
8873	-1.098713e+03
8874	-1.126159e+03
8875	-1.117079e+03
8876	-1.106491e+03
8877	-1.117365e+03
8878	-1.092764e+03
8879	-1.101666e+03
8880	-1.103177e+03
8881	-1.098112e+03
8882	-1.132344e+03
8883	-1.105766e+03
8884	-1.122492e+03
8885	-1.109835e+03
8886	-1.124357e+03
8887	-1.101086e+03
8888	-1.103537e+03
8889	-1.113837e+03
8890	-1.100728e+03
8891	-1.130189e+03
8892	-1.109154e+03
8893	-1.114962e+03
8894	-1.127177e+03
8895	-1.107283e+03
8896	-1.104967e+03
8897	-1.114016e+03
8898	-1.118407e+03
8899	-1.092735e+03
8900	-1.116617e+03
8901	-1.121129e+03
8902	-1.106584e+03
8903	-1.110561e+03
8904	-1.103970e+03
8905	-1.124568e+03
8906	-1.108752e+03
8907	-1.103331e+03
8908	-1.111168e+03
8909	-1.109399e+03
8910	-1.094039e+03
8911	-1.109494e+03
8912	-1.116820e+03
8913	-1.107826e+03
8914	-1.104216e+03
8915	-1.103447e+03
8916	-1.119689e+03
8917	-1.126810e+03
8918	-1.113465e+03
8919	-1.104786e+03
8920	-1.119676e+03
8921	-1.100120e+03
8922	-1.116576e+03
8923	-1.117492e+03
8924	-1.114096e+03
8925	-1.114322e+03
8926	-1.106614e+03
8927	-1.132896e+03
8928	-1.100524e+03
8929	-1.126374e+03
8930	-1.119412e+03
8931	-1.105585e+03
8932	-1.111854e+03
8933	-1.130778e+03
8934	-1.123556e+03
8935	-1.099899e+03
8936	-1.101393e+03
8937	-1.116032e+03
8938	-1.116344e+03
8939	-1.131276e+03
8940	-1.113829e+03
8941	-1.113280e+03
8942	-1.102144e+03
8943	-1.134190e+03
8944	-1.117789e+03
8945	-1.097871e+03
8946	-1.121198e+03
8947	-1.096821e+03
8948	-1.103190e+03
8949	-1.120564e+03
8950	-1.134910e+03
8951	-1.102078e+03
8952	-1.113143e+03
8953	-1.126896e+03
8954	-1.115186e+03
8955	-1.111759e+03
8956	-1.114025e+03
8957	-1.106235e+03
8958	-1.110762e+03
8959	-1.115941e+03
8960	-1.132984e+03
8961	-1.116092e+03
8962	-1.113674e+03
8963	-1.117681e+03
8964	-1.108420e+03
8965	-1.116422e+03
8966	-1.112044e+03
8967	-1.112900e+03
8968	-1.108279e+03
8969	-1.110112e+03
8970	-1.105847e+03
8971	-1.108331e+03
8972	-1.118605e+03
8973	-1.115125e+03
8974	-1.112775e+03
8975	-1.114314e+03
8976	-1.114209e+03
8977	-1.124860e+03
8978	-1.101357e+03
8979	-1.098628e+03
8980	-1.111353e+03
8981	-1.114699e+03
8982	-1.134868e+03
8983	-1.081947e+03
8984	-1.123787e+03
8985	-1.111176e+03
8986	-1.114900e+03
8987	-1.118482e+03
8988	-1.119040e+03
8989	-1.098025e+03
8990	-1.111148e+03
8991	-1.101751e+03
8992	-1.112240e+03
8993	-1.116824e+03
8994	-1.116139e+03
8995	-1.128128e+03
8996	-1.109143e+03
8997	-1.098847e+03
8998	-1.083813e+03
8999	-1.087621e+03
9000	-1.111315e+03
9001	-1.102820e+03
9002	-1.115077e+03
9003	-1.109156e+03
9004	-1.114805e+03
9005	-1.099259e+03
9006	-1.102016e+03
9007	-1.107934e+03
9008	-1.082552e+03
9009	-1.119166e+03
9010	-1.121937e+03
9011	-1.113083e+03
9012	-1.119946e+03
9013	-1.101042e+03
9014	-1.124204e+03
9015	-1.112221e+03
9016	-1.124559e+03
9017	-1.101301e+03
9018	-1.115782e+03
9019	-1.082919e+03
9020	-1.108074e+03
9021	-1.114577e+03
9022	-1.108066e+03
9023	-1.110196e+03
9024	-1.133681e+03
9025	-1.122113e+03
9026	-1.141284e+03
9027	-1.116200e+03
9028	-1.112559e+03
9029	-1.103192e+03
9030	-1.120299e+03
9031	-1.119282e+03
9032	-1.101448e+03
9033	-1.096435e+03
9034	-1.117036e+03
9035	-1.104740e+03
9036	-1.124171e+03
9037	-1.125321e+03
9038	-1.116811e+03
9039	-1.125469e+03
9040	-1.120606e+03
9041	-1.112733e+03
9042	-1.130683e+03
9043	-1.105920e+03
9044	-1.111865e+03
9045	-1.116551e+03
9046	-1.120417e+03
9047	-1.117641e+03
9048	-1.119183e+03
9049	-1.103539e+03
9050	-1.111793e+03
9051	-1.098841e+03
9052	-1.100444e+03
9053	-1.125132e+03
9054	-1.124166e+03
9055	-1.078751e+03
9056	-1.112306e+03
9057	-1.110064e+03
9058	-1.127269e+03
9059	-1.123430e+03
9060	-1.117456e+03
9061	-1.099884e+03
9062	-1.121959e+03
9063	-1.128663e+03
9064	-1.112898e+03
9065	-1.105880e+03
9066	-1.125266e+03
9067	-1.104461e+03
9068	-1.121406e+03
9069	-1.116140e+03
9070	-1.112151e+03
9071	-1.116996e+03
9072	-1.127975e+03
9073	-1.101952e+03
9074	-1.111628e+03
9075	-1.104646e+03
9076	-1.098628e+03
9077	-1.117199e+03
9078	-1.116923e+03
9079	-1.115233e+03
9080	-1.087840e+03
9081	-1.099074e+03
9082	-1.096445e+03
9083	-1.107171e+03
9084	-1.101132e+03
9085	-1.102720e+03
9086	-1.103471e+03
9087	-1.113871e+03
9088	-1.118352e+03
9089	-1.103042e+03
9090	-1.128183e+03
9091	-1.106584e+03
9092	-1.105157e+03
9093	-1.103784e+03
9094	-1.114370e+03
9095	-1.113361e+03
9096	-1.108023e+03
9097	-1.117754e+03
9098	-1.106189e+03
9099	-1.113009e+03
9100	-1.112746e+03
9101	-1.114954e+03
9102	-1.110120e+03
9103	-1.119825e+03
9104	-1.108524e+03
9105	-1.118755e+03
9106	-1.132670e+03
9107	-1.133840e+03
9108	-1.109690e+03
9109	-1.116569e+03
9110	-1.108086e+03
9111	-1.125565e+03
9112	-1.099284e+03
9113	-1.112721e+03
9114	-1.114615e+03
9115	-1.121674e+03
9116	-1.122515e+03
9117	-1.121638e+03
9118	-1.099238e+03
9119	-1.111369e+03
9120	-1.110114e+03
9121	-1.103506e+03
9122	-1.110533e+03
9123	-1.116076e+03
9124	-1.093504e+03
9125	-1.111399e+03
9126	-1.084770e+03
9127	-1.110079e+03
9128	-1.105007e+03
9129	-1.108789e+03
9130	-1.119222e+03
9131	-1.112485e+03
9132	-1.113521e+03
9133	-1.120371e+03
9134	-1.115112e+03
9135	-1.112989e+03
9136	-1.115728e+03
9137	-1.109050e+03
9138	-1.130686e+03
9139	-1.116268e+03
9140	-1.100393e+03
9141	-1.086203e+03
9142	-1.133266e+03
9143	-1.120614e+03
9144	-1.127800e+03
9145	-1.115985e+03
9146	-1.100145e+03
9147	-1.117176e+03
9148	-1.116588e+03
9149	-1.105769e+03
9150	-1.103937e+03
9151	-1.119587e+03
9152	-1.122383e+03
9153	-1.102467e+03
9154	-1.109946e+03
9155	-1.102151e+03
9156	-1.114341e+03
9157	-1.112953e+03
9158	-1.107323e+03
9159	-1.112554e+03
9160	-1.116023e+03
9161	-1.136285e+03
9162	-1.121741e+03
9163	-1.097780e+03
9164	-1.135171e+03
9165	-1.121716e+03
9166	-1.119291e+03
9167	-1.104784e+03
9168	-1.117275e+03
9169	-1.104192e+03
9170	-1.108304e+03
9171	-1.120882e+03
9172	-1.115663e+03
9173	-1.119020e+03
9174	-1.114696e+03
9175	-1.100355e+03
9176	-1.120975e+03
9177	-1.111055e+03
9178	-1.103966e+03
9179	-1.106990e+03
9180	-1.102627e+03
9181	-1.123001e+03
9182	-1.118836e+03
9183	-1.082408e+03
9184	-1.110284e+03
9185	-1.120995e+03
9186	-1.113886e+03
9187	-1.091762e+03
9188	-1.109328e+03
9189	-1.083072e+03
9190	-1.104743e+03
9191	-1.119123e+03
9192	-1.107118e+03
9193	-1.106751e+03
9194	-1.108780e+03
9195	-1.107238e+03
9196	-1.092656e+03
9197	-1.111844e+03
9198	-1.110975e+03
9199	-1.126955e+03
9200	-1.107034e+03
9201	-1.125435e+03
9202	-1.106463e+03
9203	-1.106008e+03
9204	-1.108453e+03
9205	-1.115582e+03
9206	-1.107899e+03
9207	-1.111522e+03
9208	-1.103073e+03
9209	-1.104121e+03
9210	-1.105334e+03
9211	-1.117174e+03
9212	-1.109126e+03
9213	-1.109981e+03
9214	-1.100178e+03
9215	-1.112824e+03
9216	-1.125443e+03
9217	-1.125005e+03
9218	-1.124367e+03
9219	-1.102320e+03
9220	-1.107546e+03
9221	-1.120852e+03
9222	-1.113315e+03
9223	-1.115604e+03
9224	-1.098083e+03
9225	-1.127018e+03
9226	-1.105437e+03
9227	-1.109077e+03
9228	-1.111855e+03
9229	-1.105117e+03
9230	-1.120669e+03
9231	-1.107883e+03
9232	-1.101534e+03
9233	-1.121887e+03
9234	-1.094314e+03
9235	-1.124170e+03
9236	-1.106177e+03
9237	-1.103754e+03
9238	-1.099266e+03
9239	-1.124183e+03
9240	-1.104371e+03
9241	-1.114328e+03
9242	-1.109413e+03
9243	-1.120296e+03
9244	-1.111303e+03
9245	-1.121001e+03
9246	-1.129534e+03
9247	-1.109544e+03
9248	-1.125585e+03
9249	-1.101378e+03
9250	-1.137783e+03
9251	-1.117150e+03
9252	-1.126321e+03
9253	-1.118352e+03
9254	-1.112548e+03
9255	-1.114131e+03
9256	-1.116501e+03
9257	-1.098016e+03
9258	-1.113944e+03
9259	-1.107210e+03
9260	-1.105846e+03
9261	-1.126816e+03
9262	-1.117545e+03
9263	-1.105890e+03
9264	-1.120044e+03
9265	-1.108388e+03
9266	-1.124275e+03
9267	-1.111892e+03
9268	-1.122501e+03
9269	-1.112157e+03
9270	-1.111934e+03
9271	-1.109595e+03
9272	-1.133441e+03
9273	-1.127802e+03
9274	-1.094306e+03
9275	-1.084867e+03
9276	-1.108587e+03
9277	-1.121578e+03
9278	-1.134149e+03
9279	-1.100955e+03
9280	-1.109213e+03
9281	-1.094475e+03
9282	-1.113963e+03
9283	-1.120323e+03
9284	-1.096107e+03
9285	-1.117063e+03
9286	-1.112682e+03
9287	-1.101241e+03
9288	-1.113004e+03
9289	-1.124086e+03
9290	-1.108003e+03
9291	-1.121097e+03
9292	-1.121972e+03
9293	-1.100212e+03
9294	-1.108139e+03
9295	-1.122152e+03
9296	-1.112141e+03
9297	-1.108904e+03
9298	-1.116257e+03
9299	-1.130683e+03
9300	-1.108102e+03
9301	-1.107632e+03
9302	-1.092141e+03
9303	-1.098176e+03
9304	-1.123556e+03
9305	-1.121272e+03
9306	-1.108016e+03
9307	-1.103111e+03
9308	-1.104534e+03
9309	-1.105524e+03
9310	-1.101006e+03
9311	-1.089726e+03
9312	-1.104878e+03
9313	-1.106463e+03
9314	-1.116611e+03
9315	-1.108292e+03
9316	-1.117559e+03
9317	-1.128822e+03
9318	-1.125611e+03
9319	-1.107655e+03
9320	-1.127049e+03
9321	-1.095725e+03
9322	-1.141223e+03
9323	-1.085150e+03
9324	-1.141328e+03
9325	-1.112366e+03
9326	-1.111479e+03
9327	-1.144541e+03
9328	-1.126724e+03
9329	-1.112593e+03
9330	-1.121642e+03
9331	-1.101732e+03
9332	-1.107114e+03
9333	-1.121382e+03
9334	-1.121930e+03
9335	-1.101013e+03
9336	-1.100215e+03
9337	-1.106728e+03
9338	-1.117221e+03
9339	-1.095812e+03
9340	-1.094920e+03
9341	-1.098795e+03
9342	-1.126061e+03
9343	-1.115927e+03
9344	-1.114331e+03
9345	-1.117752e+03
9346	-1.116766e+03
9347	-1.120709e+03
9348	-1.113232e+03
9349	-1.122633e+03
9350	-1.121378e+03
9351	-1.129170e+03
9352	-1.118190e+03
9353	-1.104523e+03
9354	-1.109690e+03
9355	-1.115247e+03
9356	-1.121867e+03
9357	-1.117382e+03
9358	-1.116264e+03
9359	-1.111537e+03
9360	-1.096387e+03
9361	-1.111957e+03
9362	-1.111029e+03
9363	-1.086010e+03
9364	-1.128768e+03
9365	-1.118136e+03
9366	-1.124682e+03
9367	-1.119600e+03
9368	-1.107941e+03
9369	-1.104250e+03
9370	-1.118318e+03
9371	-1.116103e+03
9372	-1.107256e+03
9373	-1.102971e+03
9374	-1.114404e+03
9375	-1.096088e+03
9376	-1.102583e+03
9377	-1.119367e+03
9378	-1.118378e+03
9379	-1.108621e+03
9380	-1.112316e+03
9381	-1.127009e+03
9382	-1.112456e+03
9383	-1.104111e+03
9384	-1.125167e+03
9385	-1.119904e+03
9386	-1.103458e+03
9387	-1.113755e+03
9388	-1.100279e+03
9389	-1.112113e+03
9390	-1.111410e+03
9391	-1.112907e+03
9392	-1.097301e+03
9393	-1.122127e+03
9394	-1.116891e+03
9395	-1.118732e+03
9396	-1.113215e+03
9397	-1.094606e+03
9398	-1.121233e+03
9399	-1.128726e+03
9400	-1.086066e+03
9401	-1.134123e+03
9402	-1.086523e+03
9403	-1.111693e+03
9404	-1.097563e+03
9405	-1.124020e+03
9406	-1.110263e+03
9407	-1.110614e+03
9408	-1.105412e+03
9409	-1.111301e+03
9410	-1.105634e+03
9411	-1.116943e+03
9412	-1.109215e+03
9413	-1.110905e+03
9414	-1.114635e+03
9415	-1.113440e+03
9416	-1.123210e+03
9417	-1.113891e+03
9418	-1.108210e+03
9419	-1.104895e+03
9420	-1.117642e+03
9421	-1.129905e+03
9422	-1.106756e+03
9423	-1.145014e+03
9424	-1.120459e+03
9425	-1.131375e+03
9426	-1.112562e+03
9427	-1.107469e+03
9428	-1.140262e+03
9429	-1.100420e+03
9430	-1.121842e+03
9431	-1.100468e+03
9432	-1.104926e+03
9433	-1.118696e+03
9434	-1.119296e+03
9435	-1.116436e+03
9436	-1.114452e+03
9437	-1.108788e+03
9438	-1.107355e+03
9439	-1.112397e+03
9440	-1.109883e+03
9441	-1.086846e+03
9442	-1.113661e+03
9443	-1.113820e+03
9444	-1.114068e+03
9445	-1.112715e+03
9446	-1.104868e+03
9447	-1.114964e+03
9448	-1.120934e+03
9449	-1.087923e+03
9450	-1.105387e+03
9451	-1.120150e+03
9452	-1.079459e+03
9453	-1.110841e+03
9454	-1.125882e+03
9455	-1.114719e+03
9456	-1.102342e+03
9457	-1.110300e+03
9458	-1.117150e+03
9459	-1.112585e+03
9460	-1.108776e+03
9461	-1.121485e+03
9462	-1.129570e+03
9463	-1.105518e+03
9464	-1.123236e+03
9465	-1.108067e+03
9466	-1.112653e+03
9467	-1.102283e+03
9468	-1.109169e+03
9469	-1.130575e+03
9470	-1.104364e+03
9471	-1.105156e+03
9472	-1.117453e+03
9473	-1.093947e+03
9474	-1.114971e+03
9475	-1.109147e+03
9476	-1.103936e+03
9477	-1.118626e+03
9478	-1.110943e+03
9479	-1.120275e+03
9480	-1.112685e+03
9481	-1.114452e+03
9482	-1.087840e+03
9483	-1.113438e+03
9484	-1.125779e+03
9485	-1.110746e+03
9486	-1.092343e+03
9487	-1.126120e+03
9488	-1.131103e+03
9489	-1.094128e+03
9490	-1.096252e+03
9491	-1.105161e+03
9492	-1.118759e+03
9493	-1.121128e+03
9494	-1.128298e+03
9495	-1.120130e+03
9496	-1.104111e+03
9497	-1.117008e+03
9498	-1.119113e+03
9499	-1.099918e+03
9500	-1.099422e+03
9501	-1.093936e+03
9502	-1.114893e+03
9503	-1.124201e+03
9504	-1.124329e+03
9505	-1.124718e+03
9506	-1.100047e+03
9507	-1.105162e+03
9508	-1.128908e+03
9509	-1.112590e+03
9510	-1.076619e+03
9511	-1.108155e+03
9512	-1.104340e+03
9513	-1.120143e+03
9514	-1.116830e+03
9515	-1.104696e+03
9516	-1.114513e+03
9517	-1.105157e+03
9518	-1.127302e+03
9519	-1.113199e+03
9520	-1.098495e+03
9521	-1.119398e+03
9522	-1.116097e+03
9523	-1.120472e+03
9524	-1.108394e+03
9525	-1.120529e+03
9526	-1.116593e+03
9527	-1.114108e+03
9528	-1.107798e+03
9529	-1.111939e+03
9530	-1.105238e+03
9531	-1.120121e+03
9532	-1.095562e+03
9533	-1.123795e+03
9534	-1.126149e+03
9535	-1.094639e+03
9536	-1.107404e+03
9537	-1.130910e+03
9538	-1.120377e+03
9539	-1.101608e+03
9540	-1.126260e+03
9541	-1.123247e+03
9542	-1.112339e+03
9543	-1.114758e+03
9544	-1.115914e+03
9545	-1.114452e+03
9546	-1.119285e+03
9547	-1.120912e+03
9548	-1.106524e+03
9549	-1.092578e+03
9550	-1.115830e+03
9551	-1.106949e+03
9552	-1.114936e+03
9553	-1.097415e+03
9554	-1.123306e+03
9555	-1.113745e+03
9556	-1.112462e+03
9557	-1.121203e+03
9558	-1.106397e+03
9559	-1.097292e+03
9560	-1.106909e+03
9561	-1.099107e+03
9562	-1.124432e+03
9563	-1.105377e+03
9564	-1.108286e+03
9565	-1.121027e+03
9566	-1.125521e+03
9567	-1.090664e+03
9568	-1.110554e+03
9569	-1.126046e+03
9570	-1.108323e+03
9571	-1.141600e+03
9572	-1.104515e+03
9573	-1.114204e+03
9574	-1.125120e+03
9575	-1.133556e+03
9576	-1.123549e+03
9577	-1.131026e+03
9578	-1.121993e+03
9579	-1.101181e+03
9580	-1.100453e+03
9581	-1.120809e+03
9582	-1.103500e+03
9583	-1.108463e+03
9584	-1.113689e+03
9585	-1.120859e+03
9586	-1.098035e+03
9587	-1.115941e+03
9588	-1.119598e+03
9589	-1.094080e+03
9590	-1.094683e+03
9591	-1.092216e+03
9592	-1.105541e+03
9593	-1.096727e+03
9594	-1.108325e+03
9595	-1.120376e+03
9596	-1.101588e+03
9597	-1.116222e+03
9598	-1.122103e+03
9599	-1.117921e+03
9600	-1.115161e+03
9601	-1.118390e+03
9602	-1.115994e+03
9603	-1.088727e+03
9604	-1.121626e+03
9605	-1.124164e+03
9606	-1.092088e+03
9607	-1.101998e+03
9608	-1.121335e+03
9609	-1.129680e+03
9610	-1.103088e+03
9611	-1.111186e+03
9612	-1.113494e+03
9613	-1.124914e+03
9614	-1.132978e+03
9615	-1.109482e+03
9616	-1.114944e+03
9617	-1.103350e+03
9618	-1.140073e+03
9619	-1.105328e+03
9620	-1.095594e+03
9621	-1.105784e+03
9622	-1.120209e+03
9623	-1.127574e+03
9624	-1.105820e+03
9625	-1.116702e+03
9626	-1.107747e+03
9627	-1.097694e+03
9628	-1.105116e+03
9629	-1.124330e+03
9630	-1.102583e+03
9631	-1.104261e+03
9632	-1.117272e+03
9633	-1.121393e+03
9634	-1.104754e+03
9635	-1.114571e+03
9636	-1.110717e+03
9637	-1.117289e+03
9638	-1.118302e+03
9639	-1.112966e+03
9640	-1.123635e+03
9641	-1.120240e+03
9642	-1.102221e+03
9643	-1.093880e+03
9644	-1.118200e+03
9645	-1.117584e+03
9646	-1.108792e+03
9647	-1.103658e+03
9648	-1.136696e+03
9649	-1.111594e+03
9650	-1.096666e+03
9651	-1.132350e+03
9652	-1.108430e+03
9653	-1.110150e+03
9654	-1.096624e+03
9655	-1.120835e+03
9656	-1.123390e+03
9657	-1.117840e+03
9658	-1.119843e+03
9659	-1.111649e+03
9660	-1.112113e+03
9661	-1.103271e+03
9662	-1.098300e+03
9663	-1.102023e+03
9664	-1.115623e+03
9665	-1.122238e+03
9666	-1.105027e+03
9667	-1.111971e+03
9668	-1.100002e+03
9669	-1.103447e+03
9670	-1.102270e+03
9671	-1.130914e+03
9672	-1.117504e+03
9673	-1.114087e+03
9674	-1.105164e+03
9675	-1.123251e+03
9676	-1.128891e+03
9677	-1.096701e+03
9678	-1.109396e+03
9679	-1.113240e+03
9680	-1.109221e+03
9681	-1.111906e+03
9682	-1.105722e+03
9683	-1.126509e+03
9684	-1.112172e+03
9685	-1.115928e+03
9686	-1.112878e+03
9687	-1.115197e+03
9688	-1.099765e+03
9689	-1.109957e+03
9690	-1.118849e+03
9691	-1.098353e+03
9692	-1.118004e+03
9693	-1.126828e+03
9694	-1.112758e+03
9695	-1.101486e+03
9696	-1.107520e+03
9697	-1.087067e+03
9698	-1.099805e+03
9699	-1.095887e+03
9700	-1.113127e+03
9701	-1.102059e+03
9702	-1.107476e+03
9703	-1.105920e+03
9704	-1.116810e+03
9705	-1.118502e+03
9706	-1.127308e+03
9707	-1.113103e+03
9708	-1.106838e+03
9709	-1.117361e+03
9710	-1.095100e+03
9711	-1.093610e+03
9712	-1.115744e+03
9713	-1.118727e+03
9714	-1.103968e+03
9715	-1.113300e+03
9716	-1.123673e+03
9717	-1.140294e+03
9718	-1.125047e+03
9719	-1.096618e+03
9720	-1.100687e+03
9721	-1.131510e+03
9722	-1.120280e+03
9723	-1.096008e+03
9724	-1.112096e+03
9725	-1.120443e+03
9726	-1.118482e+03
9727	-1.108446e+03
9728	-1.106068e+03
9729	-1.097019e+03
9730	-1.117826e+03
9731	-1.113535e+03
9732	-1.107355e+03
9733	-1.100053e+03
9734	-1.114194e+03
9735	-1.088068e+03
9736	-1.120267e+03
9737	-1.096679e+03
9738	-1.096811e+03
9739	-1.122266e+03
9740	-1.122836e+03
9741	-1.119546e+03
9742	-1.115418e+03
9743	-1.103261e+03
9744	-1.112597e+03
9745	-1.128201e+03
9746	-1.117378e+03
9747	-1.129705e+03
9748	-1.114868e+03
9749	-1.133971e+03
9750	-1.125212e+03
9751	-1.099856e+03
9752	-1.101438e+03
9753	-1.107220e+03
9754	-1.119193e+03
9755	-1.112993e+03
9756	-1.120092e+03
9757	-1.094565e+03
9758	-1.098795e+03
9759	-1.117164e+03
9760	-1.114389e+03
9761	-1.113456e+03
9762	-1.131263e+03
9763	-1.085805e+03
9764	-1.106375e+03
9765	-1.121246e+03
9766	-1.136718e+03
9767	-1.105834e+03
9768	-1.106913e+03
9769	-1.094057e+03
9770	-1.103282e+03
9771	-1.093699e+03
9772	-1.120476e+03
9773	-1.110446e+03
9774	-1.107813e+03
9775	-1.118333e+03
9776	-1.126379e+03
9777	-1.119100e+03
9778	-1.122351e+03
9779	-1.115021e+03
9780	-1.096228e+03
9781	-1.112631e+03
9782	-1.112680e+03
9783	-1.131471e+03
9784	-1.097830e+03
9785	-1.123893e+03
9786	-1.132148e+03
9787	-1.113071e+03
9788	-1.101627e+03
9789	-1.113390e+03
9790	-1.112530e+03
9791	-1.125842e+03
9792	-1.102133e+03
9793	-1.114601e+03
9794	-1.116378e+03
9795	-1.115137e+03
9796	-1.113510e+03
9797	-1.097510e+03
9798	-1.119200e+03
9799	-1.119683e+03
9800	-1.098143e+03
9801	-1.121445e+03
9802	-1.124474e+03
9803	-1.121123e+03
9804	-1.089104e+03
9805	-1.108795e+03
9806	-1.118594e+03
9807	-1.119419e+03
9808	-1.111611e+03
9809	-1.105958e+03
9810	-1.108814e+03
9811	-1.094705e+03
9812	-1.125031e+03
9813	-1.099222e+03
9814	-1.115719e+03
9815	-1.129920e+03
9816	-1.121172e+03
9817	-1.113862e+03
9818	-1.109110e+03
9819	-1.111763e+03
9820	-1.104049e+03
9821	-1.102198e+03
9822	-1.085761e+03
9823	-1.112445e+03
9824	-1.116433e+03
9825	-1.105088e+03
9826	-1.117669e+03
9827	-1.103008e+03
9828	-1.105112e+03
9829	-1.113737e+03
9830	-1.111967e+03
9831	-1.100302e+03
9832	-1.121073e+03
9833	-1.121641e+03
9834	-1.125718e+03
9835	-1.125714e+03
9836	-1.100635e+03
9837	-1.108584e+03
9838	-1.116068e+03
9839	-1.120396e+03
9840	-1.099087e+03
9841	-1.109360e+03
9842	-1.115918e+03
9843	-1.091506e+03
9844	-1.105377e+03
9845	-1.118444e+03
9846	-1.112696e+03
9847	-1.106609e+03
9848	-1.096972e+03
9849	-1.131745e+03
9850	-1.092813e+03
9851	-1.123621e+03
9852	-1.121324e+03
9853	-1.100541e+03
9854	-1.126317e+03
9855	-1.103877e+03
9856	-1.117717e+03
9857	-1.122978e+03
9858	-1.089644e+03
9859	-1.113625e+03
9860	-1.103878e+03
9861	-1.111614e+03
9862	-1.110210e+03
9863	-1.108710e+03
9864	-1.096061e+03
9865	-1.129250e+03
9866	-1.093856e+03
9867	-1.112211e+03
9868	-1.102364e+03
9869	-1.111764e+03
9870	-1.102356e+03
9871	-1.098864e+03
9872	-1.119351e+03
9873	-1.116167e+03
9874	-1.113165e+03
9875	-1.107721e+03
9876	-1.104608e+03
9877	-1.117281e+03
9878	-1.085712e+03
9879	-1.103962e+03
9880	-1.100986e+03
9881	-1.118708e+03
9882	-1.123386e+03
9883	-1.086575e+03
9884	-1.105542e+03
9885	-1.109814e+03
9886	-1.130458e+03
9887	-1.088393e+03
9888	-1.099876e+03
9889	-1.120813e+03
9890	-1.111291e+03
9891	-1.093451e+03
9892	-1.132637e+03
9893	-1.105911e+03
9894	-1.109631e+03
9895	-1.117852e+03
9896	-1.120375e+03
9897	-1.108956e+03
9898	-1.127087e+03
9899	-1.113991e+03
9900	-1.112171e+03
9901	-1.111715e+03
9902	-1.105210e+03
9903	-1.092308e+03
9904	-1.112670e+03
9905	-1.103144e+03
9906	-1.112286e+03
9907	-1.108082e+03
9908	-1.110661e+03
9909	-1.114771e+03
9910	-1.086223e+03
9911	-1.091759e+03
9912	-1.100132e+03
9913	-1.105753e+03
9914	-1.118160e+03
9915	-1.124731e+03
9916	-1.116328e+03
9917	-1.124078e+03
9918	-1.121053e+03
9919	-1.101021e+03
9920	-1.129834e+03
9921	-1.092005e+03
9922	-1.103421e+03
9923	-1.115143e+03
9924	-1.106375e+03
9925	-1.105429e+03
9926	-1.126991e+03
9927	-1.127584e+03
9928	-1.119727e+03
9929	-1.114440e+03
9930	-1.092120e+03
9931	-1.109865e+03
9932	-1.109738e+03
9933	-1.088256e+03
9934	-1.116509e+03
9935	-1.117395e+03
9936	-1.125180e+03
9937	-1.115039e+03
9938	-1.114553e+03
9939	-1.100827e+03
9940	-1.118676e+03
9941	-1.083286e+03
9942	-1.087003e+03
9943	-1.112340e+03
9944	-1.112326e+03
9945	-1.128225e+03
9946	-1.117306e+03
9947	-1.104413e+03
9948	-1.115882e+03
9949	-1.075526e+03
9950	-1.119160e+03
9951	-1.121692e+03
9952	-1.107300e+03
9953	-1.153369e+03
9954	-1.105821e+03
9955	-1.104035e+03
9956	-1.114314e+03
9957	-1.125152e+03
9958	-1.115351e+03
9959	-1.083455e+03
9960	-1.094227e+03
9961	-1.104750e+03
9962	-1.126179e+03
9963	-1.122771e+03
9964	-1.100848e+03
9965	-1.101032e+03
9966	-1.113391e+03
9967	-1.119703e+03
9968	-1.110169e+03
9969	-1.119884e+03
9970	-1.112820e+03
9971	-1.105305e+03
9972	-1.115642e+03
9973	-1.121334e+03
9974	-1.124111e+03
9975	-1.105885e+03
9976	-1.100008e+03
9977	-1.111132e+03
9978	-1.105430e+03
9979	-1.123779e+03
9980	-1.131926e+03
9981	-1.107380e+03
9982	-1.131205e+03
9983	-1.114867e+03
9984	-1.104884e+03
9985	-1.114167e+03
9986	-1.121436e+03
9987	-1.110654e+03
9988	-1.105302e+03
9989	-1.133113e+03
9990	-1.100628e+03
9991	-1.111885e+03
9992	-1.102565e+03
9993	-1.107637e+03
9994	-1.113460e+03
9995	-1.113167e+03
9996	-1.118707e+03
9997	-1.113157e+03
9998	-1.099353e+03
9999	-1.112325e+03
10000	-1.109965e+03
