iteration	loss
0	0.000000e+00
1	-7.345927e+01
2	-1.445683e+02
3	-2.106332e+02
4	-2.723854e+02
5	-3.325088e+02
6	-3.923377e+02
7	-4.469628e+02
8	-4.982888e+02
9	-5.483473e+02
10	-5.924381e+02
11	-6.345365e+02
12	-6.794677e+02
13	-7.173101e+02
14	-7.532705e+02
15	-7.821029e+02
16	-8.198624e+02
17	-8.474214e+02
18	-8.805157e+02
19	-8.945093e+02
20	-9.198140e+02
21	-9.428791e+02
22	-9.599540e+02
23	-9.846075e+02
24	-9.901696e+02
25	-1.004308e+03
26	-1.029746e+03
27	-1.033166e+03
28	-1.048614e+03
29	-1.059848e+03
30	-1.053812e+03
31	-1.085823e+03
32	-1.077154e+03
33	-1.088204e+03
34	-1.084388e+03
35	-1.091380e+03
36	-1.110703e+03
37	-1.101058e+03
38	-1.112419e+03
39	-1.133001e+03
40	-1.131035e+03
41	-1.124172e+03
42	-1.115920e+03
43	-1.106247e+03
44	-1.113184e+03
45	-1.098577e+03
46	-1.111671e+03
47	-1.121815e+03
48	-1.139806e+03
49	-1.145113e+03
50	-1.131331e+03
51	-1.125975e+03
52	-1.140955e+03
53	-1.113962e+03
54	-1.133351e+03
55	-1.120544e+03
56	-1.145873e+03
57	-1.144614e+03
58	-1.157493e+03
59	-1.112869e+03
60	-1.126760e+03
61	-1.115404e+03
62	-1.121748e+03
63	-1.150316e+03
64	-1.136181e+03
65	-1.120588e+03
66	-1.115446e+03
67	-1.120332e+03
68	-1.131882e+03
69	-1.119191e+03
70	-1.120312e+03
71	-1.123312e+03
72	-1.128770e+03
73	-1.125626e+03
74	-1.129503e+03
75	-1.143236e+03
76	-1.142626e+03
77	-1.114896e+03
78	-1.110326e+03
79	-1.150718e+03
80	-1.121494e+03
81	-1.113889e+03
82	-1.132771e+03
83	-1.108058e+03
84	-1.116601e+03
85	-1.161160e+03
86	-1.141503e+03
87	-1.139960e+03
88	-1.128511e+03
89	-1.131053e+03
90	-1.125183e+03
91	-1.122779e+03
92	-1.125746e+03
93	-1.145077e+03
94	-1.141512e+03
95	-1.103745e+03
96	-1.124855e+03
97	-1.164963e+03
98	-1.147963e+03
99	-1.127930e+03
100	-1.119199e+03
101	-1.139013e+03
102	-1.103141e+03
103	-1.155198e+03
104	-1.121587e+03
105	-1.134440e+03
106	-1.117392e+03
107	-1.139308e+03
108	-1.134584e+03
109	-1.147270e+03
110	-1.146483e+03
111	-1.132913e+03
112	-1.143841e+03
113	-1.123678e+03
114	-1.136008e+03
115	-1.134762e+03
116	-1.118664e+03
117	-1.130258e+03
118	-1.122124e+03
119	-1.127299e+03
120	-1.119321e+03
121	-1.120258e+03
122	-1.119631e+03
123	-1.124347e+03
124	-1.104882e+03
125	-1.123313e+03
126	-1.133477e+03
127	-1.129557e+03
128	-1.126649e+03
129	-1.128627e+03
130	-1.119604e+03
131	-1.124574e+03
132	-1.137640e+03
133	-1.117094e+03
134	-1.127877e+03
135	-1.090795e+03
136	-1.134263e+03
137	-1.128935e+03
138	-1.113462e+03
139	-1.134597e+03
140	-1.130414e+03
141	-1.133037e+03
142	-1.135277e+03
143	-1.122892e+03
144	-1.117475e+03
145	-1.126127e+03
146	-1.128626e+03
147	-1.127479e+03
148	-1.132788e+03
149	-1.145247e+03
150	-1.113356e+03
151	-1.116297e+03
152	-1.124693e+03
153	-1.121204e+03
154	-1.128394e+03
155	-1.143450e+03
156	-1.111444e+03
157	-1.133162e+03
158	-1.146147e+03
159	-1.133525e+03
160	-1.121170e+03
161	-1.112366e+03
162	-1.133674e+03
163	-1.138255e+03
164	-1.121170e+03
165	-1.135964e+03
166	-1.105923e+03
167	-1.111362e+03
168	-1.137646e+03
169	-1.110895e+03
170	-1.123237e+03
171	-1.126024e+03
172	-1.136755e+03
173	-1.120412e+03
174	-1.134197e+03
175	-1.136375e+03
176	-1.138061e+03
177	-1.106874e+03
178	-1.122359e+03
179	-1.118971e+03
180	-1.149353e+03
181	-1.123645e+03
182	-1.122955e+03
183	-1.110715e+03
184	-1.126660e+03
185	-1.123445e+03
186	-1.115576e+03
187	-1.142074e+03
188	-1.129215e+03
189	-1.134415e+03
190	-1.125319e+03
191	-1.132533e+03
192	-1.130492e+03
193	-1.133424e+03
194	-1.127397e+03
195	-1.115024e+03
196	-1.094319e+03
197	-1.110448e+03
198	-1.125200e+03
199	-1.146544e+03
200	-1.136867e+03
201	-1.112323e+03
202	-1.127023e+03
203	-1.129662e+03
204	-1.121712e+03
205	-1.125403e+03
206	-1.125870e+03
207	-1.152016e+03
208	-1.142503e+03
209	-1.128822e+03
210	-1.132242e+03
211	-1.138347e+03
212	-1.136335e+03
213	-1.126754e+03
214	-1.135288e+03
215	-1.135410e+03
216	-1.135418e+03
217	-1.126138e+03
218	-1.141569e+03
219	-1.134233e+03
220	-1.123571e+03
221	-1.140483e+03
222	-1.108750e+03
223	-1.119226e+03
224	-1.126516e+03
225	-1.111040e+03
226	-1.127503e+03
227	-1.117993e+03
228	-1.123604e+03
229	-1.130852e+03
230	-1.140355e+03
231	-1.126620e+03
232	-1.132342e+03
233	-1.121393e+03
234	-1.128194e+03
235	-1.120019e+03
236	-1.143672e+03
237	-1.111677e+03
238	-1.148770e+03
239	-1.135503e+03
240	-1.145133e+03
241	-1.129753e+03
242	-1.123684e+03
243	-1.126735e+03
244	-1.135241e+03
245	-1.141381e+03
246	-1.130304e+03
247	-1.120941e+03
248	-1.136449e+03
249	-1.127871e+03
250	-1.118228e+03
251	-1.144466e+03
252	-1.133018e+03
253	-1.126365e+03
254	-1.114112e+03
255	-1.148087e+03
256	-1.140394e+03
257	-1.127668e+03
258	-1.125629e+03
259	-1.131239e+03
260	-1.132672e+03
261	-1.125281e+03
262	-1.131592e+03
263	-1.134614e+03
264	-1.123077e+03
265	-1.152510e+03
266	-1.110328e+03
267	-1.135883e+03
268	-1.132996e+03
269	-1.125084e+03
270	-1.117271e+03
271	-1.124270e+03
272	-1.120450e+03
273	-1.148948e+03
274	-1.119598e+03
275	-1.122540e+03
276	-1.131601e+03
277	-1.127338e+03
278	-1.124051e+03
279	-1.146737e+03
280	-1.112923e+03
281	-1.137770e+03
282	-1.116706e+03
283	-1.125836e+03
284	-1.125279e+03
285	-1.094566e+03
286	-1.135226e+03
287	-1.143670e+03
288	-1.122967e+03
289	-1.132634e+03
290	-1.120168e+03
291	-1.121919e+03
292	-1.116622e+03
293	-1.133659e+03
294	-1.136915e+03
295	-1.143677e+03
296	-1.111271e+03
297	-1.139159e+03
298	-1.126200e+03
299	-1.137588e+03
300	-1.109294e+03
301	-1.132738e+03
302	-1.140892e+03
303	-1.125376e+03
304	-1.111412e+03
305	-1.142841e+03
306	-1.126647e+03
307	-1.113461e+03
308	-1.150958e+03
309	-1.142196e+03
310	-1.131534e+03
311	-1.127557e+03
312	-1.118302e+03
313	-1.135574e+03
314	-1.135665e+03
315	-1.115835e+03
316	-1.127262e+03
317	-1.129724e+03
318	-1.137648e+03
319	-1.124082e+03
320	-1.134032e+03
321	-1.121747e+03
322	-1.139366e+03
323	-1.134026e+03
324	-1.130948e+03
325	-1.126824e+03
326	-1.127658e+03
327	-1.128964e+03
328	-1.130509e+03
329	-1.118524e+03
330	-1.137017e+03
331	-1.116178e+03
332	-1.142179e+03
333	-1.125616e+03
334	-1.132103e+03
335	-1.131727e+03
336	-1.117572e+03
337	-1.140457e+03
338	-1.124138e+03
339	-1.141080e+03
340	-1.135740e+03
341	-1.134443e+03
342	-1.127455e+03
343	-1.132211e+03
344	-1.124737e+03
345	-1.119400e+03
346	-1.138262e+03
347	-1.134430e+03
348	-1.123272e+03
349	-1.147322e+03
350	-1.116209e+03
351	-1.123409e+03
352	-1.114468e+03
353	-1.137988e+03
354	-1.117433e+03
355	-1.127358e+03
356	-1.122764e+03
357	-1.126607e+03
358	-1.135671e+03
359	-1.122627e+03
360	-1.121624e+03
361	-1.134156e+03
362	-1.121791e+03
363	-1.121513e+03
364	-1.121886e+03
365	-1.132197e+03
366	-1.112368e+03
367	-1.121766e+03
368	-1.139435e+03
369	-1.150626e+03
370	-1.136743e+03
371	-1.153407e+03
372	-1.139669e+03
373	-1.121408e+03
374	-1.123426e+03
375	-1.134471e+03
376	-1.122560e+03
377	-1.126185e+03
378	-1.118464e+03
379	-1.138184e+03
380	-1.144058e+03
381	-1.125204e+03
382	-1.118202e+03
383	-1.120553e+03
384	-1.124744e+03
385	-1.119529e+03
386	-1.121033e+03
387	-1.122717e+03
388	-1.118125e+03
389	-1.126841e+03
390	-1.137553e+03
391	-1.149603e+03
392	-1.129455e+03
393	-1.121211e+03
394	-1.132714e+03
395	-1.142296e+03
396	-1.132114e+03
397	-1.136941e+03
398	-1.124310e+03
399	-1.115242e+03
400	-1.131611e+03
401	-1.129424e+03
402	-1.122893e+03
403	-1.129440e+03
404	-1.124929e+03
405	-1.121242e+03
406	-1.130731e+03
407	-1.157664e+03
408	-1.125627e+03
409	-1.108661e+03
410	-1.120866e+03
411	-1.125702e+03
412	-1.140773e+03
413	-1.117935e+03
414	-1.140358e+03
415	-1.110868e+03
416	-1.145773e+03
417	-1.124441e+03
418	-1.145142e+03
419	-1.152681e+03
420	-1.120210e+03
421	-1.140492e+03
422	-1.128179e+03
423	-1.143882e+03
424	-1.122992e+03
425	-1.129789e+03
426	-1.148046e+03
427	-1.133125e+03
428	-1.128505e+03
429	-1.121976e+03
430	-1.142454e+03
431	-1.122969e+03
432	-1.143137e+03
433	-1.128054e+03
434	-1.134575e+03
435	-1.131694e+03
436	-1.127055e+03
437	-1.154303e+03
438	-1.129469e+03
439	-1.122391e+03
440	-1.131813e+03
441	-1.128532e+03
442	-1.126946e+03
443	-1.128310e+03
444	-1.147396e+03
445	-1.120397e+03
446	-1.133027e+03
447	-1.128028e+03
448	-1.134109e+03
449	-1.123759e+03
450	-1.129872e+03
451	-1.108497e+03
452	-1.117626e+03
453	-1.114827e+03
454	-1.146900e+03
455	-1.138939e+03
456	-1.139835e+03
457	-1.131924e+03
458	-1.142315e+03
459	-1.146519e+03
460	-1.124796e+03
461	-1.125517e+03
462	-1.151856e+03
463	-1.126848e+03
464	-1.139435e+03
465	-1.138461e+03
466	-1.110410e+03
467	-1.106982e+03
468	-1.123707e+03
469	-1.128873e+03
470	-1.139551e+03
471	-1.111555e+03
472	-1.135155e+03
473	-1.128359e+03
474	-1.125521e+03
475	-1.123358e+03
476	-1.121483e+03
477	-1.146816e+03
478	-1.112567e+03
479	-1.146057e+03
480	-1.120126e+03
481	-1.119114e+03
482	-1.110925e+03
483	-1.120199e+03
484	-1.106730e+03
485	-1.115773e+03
486	-1.136713e+03
487	-1.131642e+03
488	-1.130778e+03
489	-1.129400e+03
490	-1.107872e+03
491	-1.124758e+03
492	-1.123176e+03
493	-1.120618e+03
494	-1.119189e+03
495	-1.145061e+03
496	-1.123952e+03
497	-1.125446e+03
498	-1.126444e+03
499	-1.137493e+03
500	-1.127130e+03
501	-1.129315e+03
502	-1.127272e+03
503	-1.110876e+03
504	-1.142908e+03
505	-1.123239e+03
506	-1.143181e+03
507	-1.134534e+03
508	-1.104883e+03
509	-1.123760e+03
510	-1.120778e+03
511	-1.118649e+03
512	-1.149786e+03
513	-1.118550e+03
514	-1.124657e+03
515	-1.125519e+03
516	-1.126192e+03
517	-1.100075e+03
518	-1.135785e+03
519	-1.118908e+03
520	-1.126030e+03
521	-1.131189e+03
522	-1.135414e+03
523	-1.110425e+03
524	-1.129386e+03
525	-1.133249e+03
526	-1.129937e+03
527	-1.127586e+03
528	-1.126030e+03
529	-1.103516e+03
530	-1.148376e+03
531	-1.134839e+03
532	-1.141638e+03
533	-1.119696e+03
534	-1.137628e+03
535	-1.139411e+03
536	-1.134897e+03
537	-1.121544e+03
538	-1.118170e+03
539	-1.131339e+03
540	-1.129658e+03
541	-1.116292e+03
542	-1.131971e+03
543	-1.128154e+03
544	-1.136540e+03
545	-1.139117e+03
546	-1.130463e+03
547	-1.112575e+03
548	-1.122300e+03
549	-1.136768e+03
550	-1.133465e+03
551	-1.126533e+03
552	-1.126179e+03
553	-1.119538e+03
554	-1.152557e+03
555	-1.123461e+03
556	-1.117405e+03
557	-1.137657e+03
558	-1.134474e+03
559	-1.136005e+03
560	-1.125825e+03
561	-1.143615e+03
562	-1.139020e+03
563	-1.127289e+03
564	-1.140827e+03
565	-1.120893e+03
566	-1.128531e+03
567	-1.123579e+03
568	-1.129667e+03
569	-1.137370e+03
570	-1.126522e+03
571	-1.113597e+03
572	-1.132178e+03
573	-1.127498e+03
574	-1.135541e+03
575	-1.126945e+03
576	-1.116192e+03
577	-1.111586e+03
578	-1.131720e+03
579	-1.129311e+03
580	-1.113070e+03
581	-1.122329e+03
582	-1.128367e+03
583	-1.125912e+03
584	-1.122275e+03
585	-1.124985e+03
586	-1.127574e+03
587	-1.118856e+03
588	-1.136072e+03
589	-1.125650e+03
590	-1.146898e+03
591	-1.128351e+03
592	-1.126586e+03
593	-1.123864e+03
594	-1.124804e+03
595	-1.121747e+03
596	-1.143600e+03
597	-1.146943e+03
598	-1.144552e+03
599	-1.136696e+03
600	-1.118387e+03
601	-1.136390e+03
602	-1.126950e+03
603	-1.128492e+03
604	-1.112303e+03
605	-1.121382e+03
606	-1.143994e+03
607	-1.116696e+03
608	-1.122381e+03
609	-1.109060e+03
610	-1.128833e+03
611	-1.124830e+03
612	-1.134659e+03
613	-1.127582e+03
614	-1.128518e+03
615	-1.124866e+03
616	-1.124843e+03
617	-1.119619e+03
618	-1.142514e+03
619	-1.127180e+03
620	-1.124787e+03
621	-1.118265e+03
622	-1.119807e+03
623	-1.135137e+03
624	-1.138286e+03
625	-1.124081e+03
626	-1.122007e+03
627	-1.122052e+03
628	-1.106051e+03
629	-1.134116e+03
630	-1.145040e+03
631	-1.117719e+03
632	-1.128255e+03
633	-1.117225e+03
634	-1.116482e+03
635	-1.131060e+03
636	-1.142196e+03
637	-1.119508e+03
638	-1.138368e+03
639	-1.101916e+03
640	-1.123186e+03
641	-1.125727e+03
642	-1.125241e+03
643	-1.136021e+03
644	-1.133139e+03
645	-1.131001e+03
646	-1.128444e+03
647	-1.125103e+03
648	-1.128306e+03
649	-1.129879e+03
650	-1.125613e+03
651	-1.124870e+03
652	-1.127801e+03
653	-1.139225e+03
654	-1.105893e+03
655	-1.123832e+03
656	-1.144172e+03
657	-1.142241e+03
658	-1.120391e+03
659	-1.120025e+03
660	-1.141544e+03
661	-1.135350e+03
662	-1.131794e+03
663	-1.137467e+03
664	-1.133092e+03
665	-1.128526e+03
666	-1.141846e+03
667	-1.147178e+03
668	-1.123412e+03
669	-1.115744e+03
670	-1.118214e+03
671	-1.123195e+03
672	-1.121999e+03
673	-1.132102e+03
674	-1.111320e+03
675	-1.130319e+03
676	-1.119142e+03
677	-1.130385e+03
678	-1.143702e+03
679	-1.124118e+03
680	-1.108193e+03
681	-1.148029e+03
682	-1.134980e+03
683	-1.135942e+03
684	-1.113072e+03
685	-1.127049e+03
686	-1.140020e+03
687	-1.130759e+03
688	-1.126304e+03
689	-1.121070e+03
690	-1.115425e+03
691	-1.129720e+03
692	-1.128291e+03
693	-1.124494e+03
694	-1.145508e+03
695	-1.116767e+03
696	-1.144204e+03
697	-1.100252e+03
698	-1.130817e+03
699	-1.163153e+03
700	-1.138787e+03
701	-1.127793e+03
702	-1.129265e+03
703	-1.127227e+03
704	-1.151179e+03
705	-1.115023e+03
706	-1.108813e+03
707	-1.119781e+03
708	-1.119293e+03
709	-1.126618e+03
710	-1.144893e+03
711	-1.110793e+03
712	-1.135088e+03
713	-1.124788e+03
714	-1.124415e+03
715	-1.110416e+03
716	-1.142163e+03
717	-1.124584e+03
718	-1.153774e+03
719	-1.123579e+03
720	-1.121395e+03
721	-1.105964e+03
722	-1.109552e+03
723	-1.134334e+03
724	-1.106950e+03
725	-1.138848e+03
726	-1.131237e+03
727	-1.133671e+03
728	-1.140017e+03
729	-1.138168e+03
730	-1.121647e+03
731	-1.121564e+03
732	-1.138983e+03
733	-1.114579e+03
734	-1.123892e+03
735	-1.131516e+03
736	-1.140769e+03
737	-1.144905e+03
738	-1.138483e+03
739	-1.108453e+03
740	-1.100336e+03
741	-1.125975e+03
742	-1.120405e+03
743	-1.145094e+03
744	-1.122766e+03
745	-1.133272e+03
746	-1.117214e+03
747	-1.111115e+03
748	-1.138167e+03
749	-1.133060e+03
750	-1.119411e+03
751	-1.133707e+03
752	-1.117107e+03
753	-1.135299e+03
754	-1.110225e+03
755	-1.139730e+03
756	-1.128366e+03
757	-1.106192e+03
758	-1.138755e+03
759	-1.148320e+03
760	-1.107601e+03
761	-1.122073e+03
762	-1.122719e+03
763	-1.134189e+03
764	-1.124043e+03
765	-1.141935e+03
766	-1.116354e+03
767	-1.127292e+03
768	-1.123614e+03
769	-1.128723e+03
770	-1.129483e+03
771	-1.119585e+03
772	-1.145410e+03
773	-1.115135e+03
774	-1.137975e+03
775	-1.133402e+03
776	-1.126750e+03
777	-1.129772e+03
778	-1.134156e+03
779	-1.138060e+03
780	-1.138591e+03
781	-1.112116e+03
782	-1.118971e+03
783	-1.145897e+03
784	-1.131922e+03
785	-1.133972e+03
786	-1.134288e+03
787	-1.137113e+03
788	-1.152082e+03
789	-1.109171e+03
790	-1.135742e+03
791	-1.128942e+03
792	-1.135294e+03
793	-1.136752e+03
794	-1.133575e+03
795	-1.127048e+03
796	-1.124198e+03
797	-1.132393e+03
798	-1.108684e+03
799	-1.146845e+03
800	-1.131939e+03
801	-1.148249e+03
802	-1.131968e+03
803	-1.125366e+03
804	-1.128865e+03
805	-1.119251e+03
806	-1.127621e+03
807	-1.121227e+03
808	-1.114957e+03
809	-1.132080e+03
810	-1.103350e+03
811	-1.131956e+03
812	-1.115061e+03
813	-1.100961e+03
814	-1.148812e+03
815	-1.138401e+03
816	-1.130987e+03
817	-1.136029e+03
818	-1.139560e+03
819	-1.138287e+03
820	-1.126462e+03
821	-1.142128e+03
822	-1.119842e+03
823	-1.129726e+03
824	-1.124938e+03
825	-1.120949e+03
826	-1.133996e+03
827	-1.149496e+03
828	-1.152755e+03
829	-1.124356e+03
830	-1.133571e+03
831	-1.120444e+03
832	-1.125919e+03
833	-1.129367e+03
834	-1.154030e+03
835	-1.143502e+03
836	-1.133961e+03
837	-1.115094e+03
838	-1.140223e+03
839	-1.143366e+03
840	-1.129881e+03
841	-1.136943e+03
842	-1.129428e+03
843	-1.132122e+03
844	-1.129268e+03
845	-1.117042e+03
846	-1.125382e+03
847	-1.142035e+03
848	-1.116508e+03
849	-1.154053e+03
850	-1.132666e+03
851	-1.108395e+03
852	-1.102569e+03
853	-1.140755e+03
854	-1.138607e+03
855	-1.123898e+03
856	-1.142196e+03
857	-1.121870e+03
858	-1.128113e+03
859	-1.131370e+03
860	-1.140470e+03
861	-1.125558e+03
862	-1.132010e+03
863	-1.136890e+03
864	-1.128037e+03
865	-1.122524e+03
866	-1.116041e+03
867	-1.123667e+03
868	-1.113815e+03
869	-1.137021e+03
870	-1.131589e+03
871	-1.124433e+03
872	-1.145299e+03
873	-1.138367e+03
874	-1.134669e+03
875	-1.123592e+03
876	-1.133764e+03
877	-1.116367e+03
878	-1.142322e+03
879	-1.128532e+03
880	-1.127859e+03
881	-1.115890e+03
882	-1.131301e+03
883	-1.134146e+03
884	-1.138215e+03
885	-1.132643e+03
886	-1.140486e+03
887	-1.141831e+03
888	-1.139080e+03
889	-1.127124e+03
890	-1.143639e+03
891	-1.122169e+03
892	-1.122157e+03
893	-1.122763e+03
894	-1.142667e+03
895	-1.125024e+03
896	-1.139424e+03
897	-1.125715e+03
898	-1.109646e+03
899	-1.137677e+03
900	-1.145858e+03
901	-1.140432e+03
902	-1.113797e+03
903	-1.128543e+03
904	-1.133083e+03
905	-1.130472e+03
906	-1.130252e+03
907	-1.120819e+03
908	-1.121617e+03
909	-1.127279e+03
910	-1.133761e+03
911	-1.130500e+03
912	-1.149357e+03
913	-1.147004e+03
914	-1.126124e+03
915	-1.157911e+03
916	-1.139080e+03
917	-1.134683e+03
918	-1.114313e+03
919	-1.117578e+03
920	-1.129373e+03
921	-1.127054e+03
922	-1.113024e+03
923	-1.142648e+03
924	-1.126927e+03
925	-1.104803e+03
926	-1.110390e+03
927	-1.133939e+03
928	-1.147350e+03
929	-1.139436e+03
930	-1.131702e+03
931	-1.141511e+03
932	-1.159928e+03
933	-1.123387e+03
934	-1.130802e+03
935	-1.136010e+03
936	-1.126263e+03
937	-1.135611e+03
938	-1.117670e+03
939	-1.135772e+03
940	-1.131451e+03
941	-1.138334e+03
942	-1.127269e+03
943	-1.136998e+03
944	-1.115187e+03
945	-1.121102e+03
946	-1.113572e+03
947	-1.127735e+03
948	-1.139637e+03
949	-1.129410e+03
950	-1.112068e+03
951	-1.125216e+03
952	-1.134539e+03
953	-1.132850e+03
954	-1.124104e+03
955	-1.136273e+03
956	-1.121832e+03
957	-1.134499e+03
958	-1.126462e+03
959	-1.122943e+03
960	-1.126083e+03
961	-1.129713e+03
962	-1.128204e+03
963	-1.123835e+03
964	-1.137253e+03
965	-1.139627e+03
966	-1.148938e+03
967	-1.131225e+03
968	-1.136118e+03
969	-1.115523e+03
970	-1.105764e+03
971	-1.123915e+03
972	-1.128469e+03
973	-1.120155e+03
974	-1.140711e+03
975	-1.108227e+03
976	-1.129270e+03
977	-1.123679e+03
978	-1.143821e+03
979	-1.147515e+03
980	-1.132594e+03
981	-1.128486e+03
982	-1.135232e+03
983	-1.128485e+03
984	-1.136606e+03
985	-1.127532e+03
986	-1.137393e+03
987	-1.129838e+03
988	-1.112767e+03
989	-1.148915e+03
990	-1.127170e+03
991	-1.145679e+03
992	-1.108326e+03
993	-1.121671e+03
994	-1.115106e+03
995	-1.125541e+03
996	-1.133018e+03
997	-1.126129e+03
998	-1.115484e+03
999	-1.126126e+03
1000	-1.142568e+03
1001	-1.137153e+03
1002	-1.122678e+03
1003	-1.123986e+03
1004	-1.122430e+03
1005	-1.129974e+03
1006	-1.118431e+03
1007	-1.126558e+03
1008	-1.129178e+03
1009	-1.132936e+03
1010	-1.135525e+03
1011	-1.100903e+03
1012	-1.125444e+03
1013	-1.137628e+03
1014	-1.137265e+03
1015	-1.132513e+03
1016	-1.133269e+03
1017	-1.131188e+03
1018	-1.143246e+03
1019	-1.136116e+03
1020	-1.130779e+03
1021	-1.105753e+03
1022	-1.135743e+03
1023	-1.140792e+03
1024	-1.138631e+03
1025	-1.126949e+03
1026	-1.113719e+03
1027	-1.131791e+03
1028	-1.148716e+03
1029	-1.139600e+03
1030	-1.137049e+03
1031	-1.110407e+03
1032	-1.124963e+03
1033	-1.140481e+03
1034	-1.140659e+03
1035	-1.117317e+03
1036	-1.107638e+03
1037	-1.145898e+03
1038	-1.143704e+03
1039	-1.111519e+03
1040	-1.118527e+03
1041	-1.116826e+03
1042	-1.125888e+03
1043	-1.111028e+03
1044	-1.128229e+03
1045	-1.108263e+03
1046	-1.128090e+03
1047	-1.118817e+03
1048	-1.120908e+03
1049	-1.133061e+03
1050	-1.124906e+03
1051	-1.129929e+03
1052	-1.133704e+03
1053	-1.121028e+03
1054	-1.151733e+03
1055	-1.154753e+03
1056	-1.129796e+03
1057	-1.137518e+03
1058	-1.129750e+03
1059	-1.129613e+03
1060	-1.136972e+03
1061	-1.136453e+03
1062	-1.151425e+03
1063	-1.129013e+03
1064	-1.128318e+03
1065	-1.133162e+03
1066	-1.108038e+03
1067	-1.131727e+03
1068	-1.125754e+03
1069	-1.125266e+03
1070	-1.136206e+03
1071	-1.125307e+03
1072	-1.124120e+03
1073	-1.121668e+03
1074	-1.107954e+03
1075	-1.129998e+03
1076	-1.128169e+03
1077	-1.128528e+03
1078	-1.104502e+03
1079	-1.130209e+03
1080	-1.158829e+03
1081	-1.118784e+03
1082	-1.135962e+03
1083	-1.129194e+03
1084	-1.123516e+03
1085	-1.133312e+03
1086	-1.111514e+03
1087	-1.131060e+03
1088	-1.145199e+03
1089	-1.140616e+03
1090	-1.133561e+03
1091	-1.115773e+03
1092	-1.135003e+03
1093	-1.131376e+03
1094	-1.117957e+03
1095	-1.116169e+03
1096	-1.123854e+03
1097	-1.128761e+03
1098	-1.119712e+03
1099	-1.155858e+03
1100	-1.104833e+03
1101	-1.130825e+03
1102	-1.129417e+03
1103	-1.135316e+03
1104	-1.130289e+03
1105	-1.133610e+03
1106	-1.120284e+03
1107	-1.135524e+03
1108	-1.151806e+03
1109	-1.140973e+03
1110	-1.136016e+03
1111	-1.137260e+03
1112	-1.138227e+03
1113	-1.115021e+03
1114	-1.127355e+03
1115	-1.131335e+03
1116	-1.140299e+03
1117	-1.111443e+03
1118	-1.124535e+03
1119	-1.115044e+03
1120	-1.131432e+03
1121	-1.130636e+03
1122	-1.139346e+03
1123	-1.143240e+03
1124	-1.142699e+03
1125	-1.122109e+03
1126	-1.122681e+03
1127	-1.136596e+03
1128	-1.128057e+03
1129	-1.149385e+03
1130	-1.118203e+03
1131	-1.129086e+03
1132	-1.112690e+03
1133	-1.129800e+03
1134	-1.158112e+03
1135	-1.119541e+03
1136	-1.132850e+03
1137	-1.139648e+03
1138	-1.148499e+03
1139	-1.142973e+03
1140	-1.126556e+03
1141	-1.132373e+03
1142	-1.113492e+03
1143	-1.128145e+03
1144	-1.117508e+03
1145	-1.142074e+03
1146	-1.132826e+03
1147	-1.129932e+03
1148	-1.135514e+03
1149	-1.119947e+03
1150	-1.106407e+03
1151	-1.135801e+03
1152	-1.133794e+03
1153	-1.108679e+03
1154	-1.127858e+03
1155	-1.118733e+03
1156	-1.124203e+03
1157	-1.130398e+03
1158	-1.132421e+03
1159	-1.135575e+03
1160	-1.119961e+03
1161	-1.128474e+03
1162	-1.125588e+03
1163	-1.130391e+03
1164	-1.140232e+03
1165	-1.139212e+03
1166	-1.122358e+03
1167	-1.125652e+03
1168	-1.145676e+03
1169	-1.128244e+03
1170	-1.113011e+03
1171	-1.127680e+03
1172	-1.118775e+03
1173	-1.110286e+03
1174	-1.110802e+03
1175	-1.138272e+03
1176	-1.116424e+03
1177	-1.125238e+03
1178	-1.127063e+03
1179	-1.115915e+03
1180	-1.136843e+03
1181	-1.139738e+03
1182	-1.137509e+03
1183	-1.134745e+03
1184	-1.128619e+03
1185	-1.144804e+03
1186	-1.138073e+03
1187	-1.139536e+03
1188	-1.119975e+03
1189	-1.129794e+03
1190	-1.110771e+03
1191	-1.132999e+03
1192	-1.129964e+03
1193	-1.106682e+03
1194	-1.127599e+03
1195	-1.105904e+03
1196	-1.128418e+03
1197	-1.121498e+03
1198	-1.127917e+03
1199	-1.147091e+03
1200	-1.138759e+03
1201	-1.124663e+03
1202	-1.119983e+03
1203	-1.151166e+03
1204	-1.138869e+03
1205	-1.126703e+03
1206	-1.124615e+03
1207	-1.131191e+03
1208	-1.131244e+03
1209	-1.126753e+03
1210	-1.128827e+03
1211	-1.136096e+03
1212	-1.124569e+03
1213	-1.141535e+03
1214	-1.155333e+03
1215	-1.129218e+03
1216	-1.120620e+03
1217	-1.125413e+03
1218	-1.139583e+03
1219	-1.146484e+03
1220	-1.125178e+03
1221	-1.135768e+03
1222	-1.115851e+03
1223	-1.137121e+03
1224	-1.137490e+03
1225	-1.132867e+03
1226	-1.128110e+03
1227	-1.125660e+03
1228	-1.127174e+03
1229	-1.127157e+03
1230	-1.128328e+03
1231	-1.132524e+03
1232	-1.121846e+03
1233	-1.134799e+03
1234	-1.142948e+03
1235	-1.123296e+03
1236	-1.133353e+03
1237	-1.127284e+03
1238	-1.133479e+03
1239	-1.124976e+03
1240	-1.147526e+03
1241	-1.133135e+03
1242	-1.137225e+03
1243	-1.119646e+03
1244	-1.121567e+03
1245	-1.133875e+03
1246	-1.139903e+03
1247	-1.116184e+03
1248	-1.131940e+03
1249	-1.120471e+03
1250	-1.134078e+03
1251	-1.136194e+03
1252	-1.148444e+03
1253	-1.118288e+03
1254	-1.145296e+03
1255	-1.124642e+03
1256	-1.151839e+03
1257	-1.123034e+03
1258	-1.134874e+03
1259	-1.112725e+03
1260	-1.122307e+03
1261	-1.152789e+03
1262	-1.137850e+03
1263	-1.121926e+03
1264	-1.127252e+03
1265	-1.120528e+03
1266	-1.128258e+03
1267	-1.135014e+03
1268	-1.112721e+03
1269	-1.118889e+03
1270	-1.114648e+03
1271	-1.092701e+03
1272	-1.132953e+03
1273	-1.126758e+03
1274	-1.135197e+03
1275	-1.106492e+03
1276	-1.115553e+03
1277	-1.110187e+03
1278	-1.125961e+03
1279	-1.125590e+03
1280	-1.111504e+03
1281	-1.126093e+03
1282	-1.119817e+03
1283	-1.121595e+03
1284	-1.118704e+03
1285	-1.117771e+03
1286	-1.122602e+03
1287	-1.124355e+03
1288	-1.131022e+03
1289	-1.118682e+03
1290	-1.135548e+03
1291	-1.140996e+03
1292	-1.138630e+03
1293	-1.124596e+03
1294	-1.136080e+03
1295	-1.141366e+03
1296	-1.142445e+03
1297	-1.145028e+03
1298	-1.126081e+03
1299	-1.128521e+03
1300	-1.134998e+03
1301	-1.143991e+03
1302	-1.152692e+03
1303	-1.110454e+03
1304	-1.137236e+03
1305	-1.133059e+03
1306	-1.113850e+03
1307	-1.113339e+03
1308	-1.125000e+03
1309	-1.125434e+03
1310	-1.125641e+03
1311	-1.147049e+03
1312	-1.133516e+03
1313	-1.139731e+03
1314	-1.133636e+03
1315	-1.131313e+03
1316	-1.136220e+03
1317	-1.124291e+03
1318	-1.119246e+03
1319	-1.129629e+03
1320	-1.121001e+03
1321	-1.122090e+03
1322	-1.131518e+03
1323	-1.137590e+03
1324	-1.109295e+03
1325	-1.139230e+03
1326	-1.140774e+03
1327	-1.133448e+03
1328	-1.135554e+03
1329	-1.140019e+03
1330	-1.136891e+03
1331	-1.126866e+03
1332	-1.121063e+03
1333	-1.127695e+03
1334	-1.107654e+03
1335	-1.135388e+03
1336	-1.132066e+03
1337	-1.120609e+03
1338	-1.117845e+03
1339	-1.137248e+03
1340	-1.128740e+03
1341	-1.114723e+03
1342	-1.141287e+03
1343	-1.118475e+03
1344	-1.123455e+03
1345	-1.126464e+03
1346	-1.135075e+03
1347	-1.120546e+03
1348	-1.116258e+03
1349	-1.132909e+03
1350	-1.127929e+03
1351	-1.125306e+03
1352	-1.126542e+03
1353	-1.131806e+03
1354	-1.135287e+03
1355	-1.127952e+03
1356	-1.118148e+03
1357	-1.117237e+03
1358	-1.136414e+03
1359	-1.118960e+03
1360	-1.117774e+03
1361	-1.136266e+03
1362	-1.134493e+03
1363	-1.129169e+03
1364	-1.134340e+03
1365	-1.111108e+03
1366	-1.116972e+03
1367	-1.116679e+03
1368	-1.139330e+03
1369	-1.118464e+03
1370	-1.132282e+03
1371	-1.132693e+03
1372	-1.120750e+03
1373	-1.130352e+03
1374	-1.120208e+03
1375	-1.141941e+03
1376	-1.124474e+03
1377	-1.138288e+03
1378	-1.116410e+03
1379	-1.105954e+03
1380	-1.134104e+03
1381	-1.124728e+03
1382	-1.133410e+03
1383	-1.123520e+03
1384	-1.117736e+03
1385	-1.128770e+03
1386	-1.122219e+03
1387	-1.131273e+03
1388	-1.130193e+03
1389	-1.110381e+03
1390	-1.127507e+03
1391	-1.140327e+03
1392	-1.139635e+03
1393	-1.126807e+03
1394	-1.120006e+03
1395	-1.140040e+03
1396	-1.132590e+03
1397	-1.123910e+03
1398	-1.133837e+03
1399	-1.114931e+03
1400	-1.132077e+03
1401	-1.130548e+03
1402	-1.142988e+03
1403	-1.139900e+03
1404	-1.143267e+03
1405	-1.120211e+03
1406	-1.107624e+03
1407	-1.126634e+03
1408	-1.137618e+03
1409	-1.128427e+03
1410	-1.139827e+03
1411	-1.118751e+03
1412	-1.130094e+03
1413	-1.127212e+03
1414	-1.115028e+03
1415	-1.112742e+03
1416	-1.116913e+03
1417	-1.110236e+03
1418	-1.137908e+03
1419	-1.134997e+03
1420	-1.136163e+03
1421	-1.120357e+03
1422	-1.114588e+03
1423	-1.130174e+03
1424	-1.129253e+03
1425	-1.118488e+03
1426	-1.121286e+03
1427	-1.130176e+03
1428	-1.119029e+03
1429	-1.111094e+03
1430	-1.120370e+03
1431	-1.148285e+03
1432	-1.104216e+03
1433	-1.135213e+03
1434	-1.109582e+03
1435	-1.142995e+03
1436	-1.132122e+03
1437	-1.109388e+03
1438	-1.139564e+03
1439	-1.129978e+03
1440	-1.128976e+03
1441	-1.151482e+03
1442	-1.147305e+03
1443	-1.124416e+03
1444	-1.124767e+03
1445	-1.121171e+03
1446	-1.124825e+03
1447	-1.129500e+03
1448	-1.140164e+03
1449	-1.116974e+03
1450	-1.117238e+03
1451	-1.108535e+03
1452	-1.106533e+03
1453	-1.117718e+03
1454	-1.117276e+03
1455	-1.137879e+03
1456	-1.132786e+03
1457	-1.121483e+03
1458	-1.134333e+03
1459	-1.114186e+03
1460	-1.119115e+03
1461	-1.118942e+03
1462	-1.114566e+03
1463	-1.151339e+03
1464	-1.121063e+03
1465	-1.117803e+03
1466	-1.120949e+03
1467	-1.132496e+03
1468	-1.120573e+03
1469	-1.124495e+03
1470	-1.106741e+03
1471	-1.135816e+03
1472	-1.116632e+03
1473	-1.126037e+03
1474	-1.127598e+03
1475	-1.130870e+03
1476	-1.126745e+03
1477	-1.143520e+03
1478	-1.143146e+03
1479	-1.123478e+03
1480	-1.138994e+03
1481	-1.123598e+03
1482	-1.127368e+03
1483	-1.140330e+03
1484	-1.133847e+03
1485	-1.133417e+03
1486	-1.139139e+03
1487	-1.129135e+03
1488	-1.122068e+03
1489	-1.142323e+03
1490	-1.112002e+03
1491	-1.120920e+03
1492	-1.136317e+03
1493	-1.128235e+03
1494	-1.137731e+03
1495	-1.128950e+03
1496	-1.124417e+03
1497	-1.141157e+03
1498	-1.118905e+03
1499	-1.128765e+03
1500	-1.119248e+03
1501	-1.146617e+03
1502	-1.138420e+03
1503	-1.129203e+03
1504	-1.118501e+03
1505	-1.113679e+03
1506	-1.139686e+03
1507	-1.113143e+03
1508	-1.135468e+03
1509	-1.128312e+03
1510	-1.117074e+03
1511	-1.139976e+03
1512	-1.130411e+03
1513	-1.118831e+03
1514	-1.117912e+03
1515	-1.140168e+03
1516	-1.142028e+03
1517	-1.131082e+03
1518	-1.141180e+03
1519	-1.125345e+03
1520	-1.112905e+03
1521	-1.131144e+03
1522	-1.111094e+03
1523	-1.119834e+03
1524	-1.142687e+03
1525	-1.141206e+03
1526	-1.130446e+03
1527	-1.112805e+03
1528	-1.124468e+03
1529	-1.135976e+03
1530	-1.123784e+03
1531	-1.132441e+03
1532	-1.118838e+03
1533	-1.138895e+03
1534	-1.125737e+03
1535	-1.128865e+03
1536	-1.131397e+03
1537	-1.126641e+03
1538	-1.129103e+03
1539	-1.132263e+03
1540	-1.140947e+03
1541	-1.140973e+03
1542	-1.120354e+03
1543	-1.140207e+03
1544	-1.124126e+03
1545	-1.145103e+03
1546	-1.111844e+03
1547	-1.111860e+03
1548	-1.131564e+03
1549	-1.129836e+03
1550	-1.144583e+03
1551	-1.113695e+03
1552	-1.123723e+03
1553	-1.124477e+03
1554	-1.143605e+03
1555	-1.124231e+03
1556	-1.130901e+03
1557	-1.131149e+03
1558	-1.114864e+03
1559	-1.141479e+03
1560	-1.114992e+03
1561	-1.114312e+03
1562	-1.124910e+03
1563	-1.123953e+03
1564	-1.129069e+03
1565	-1.133438e+03
1566	-1.129458e+03
1567	-1.130674e+03
1568	-1.111982e+03
1569	-1.143107e+03
1570	-1.141300e+03
1571	-1.132511e+03
1572	-1.128934e+03
1573	-1.128581e+03
1574	-1.127580e+03
1575	-1.127524e+03
1576	-1.134957e+03
1577	-1.114667e+03
1578	-1.141437e+03
1579	-1.136004e+03
1580	-1.137688e+03
1581	-1.143922e+03
1582	-1.128319e+03
1583	-1.140931e+03
1584	-1.134571e+03
1585	-1.124515e+03
1586	-1.145097e+03
1587	-1.137201e+03
1588	-1.123722e+03
1589	-1.136562e+03
1590	-1.106875e+03
1591	-1.127909e+03
1592	-1.110533e+03
1593	-1.119752e+03
1594	-1.134699e+03
1595	-1.127135e+03
1596	-1.138141e+03
1597	-1.133118e+03
1598	-1.120812e+03
1599	-1.106288e+03
1600	-1.134964e+03
1601	-1.108995e+03
1602	-1.123549e+03
1603	-1.109520e+03
1604	-1.149990e+03
1605	-1.133831e+03
1606	-1.144385e+03
1607	-1.109298e+03
1608	-1.131226e+03
1609	-1.130549e+03
1610	-1.130133e+03
1611	-1.123430e+03
1612	-1.131978e+03
1613	-1.133160e+03
1614	-1.139013e+03
1615	-1.111508e+03
1616	-1.119135e+03
1617	-1.144409e+03
1618	-1.143015e+03
1619	-1.136718e+03
1620	-1.161180e+03
1621	-1.138188e+03
1622	-1.136910e+03
1623	-1.129609e+03
1624	-1.123653e+03
1625	-1.136668e+03
1626	-1.128516e+03
1627	-1.140807e+03
1628	-1.113552e+03
1629	-1.123359e+03
1630	-1.144526e+03
1631	-1.129526e+03
1632	-1.130654e+03
1633	-1.130936e+03
1634	-1.134549e+03
1635	-1.129383e+03
1636	-1.141688e+03
1637	-1.132764e+03
1638	-1.127036e+03
1639	-1.121785e+03
1640	-1.109318e+03
1641	-1.135013e+03
1642	-1.135396e+03
1643	-1.133097e+03
1644	-1.137292e+03
1645	-1.142712e+03
1646	-1.123182e+03
1647	-1.137131e+03
1648	-1.135996e+03
1649	-1.108350e+03
1650	-1.127989e+03
1651	-1.123843e+03
1652	-1.125744e+03
1653	-1.143730e+03
1654	-1.119346e+03
1655	-1.123896e+03
1656	-1.122483e+03
1657	-1.112132e+03
1658	-1.122833e+03
1659	-1.133235e+03
1660	-1.146171e+03
1661	-1.121082e+03
1662	-1.128665e+03
1663	-1.142885e+03
1664	-1.131272e+03
1665	-1.119086e+03
1666	-1.132438e+03
1667	-1.130089e+03
1668	-1.128837e+03
1669	-1.140389e+03
1670	-1.129519e+03
1671	-1.122302e+03
1672	-1.121714e+03
1673	-1.116769e+03
1674	-1.125898e+03
1675	-1.124923e+03
1676	-1.150194e+03
1677	-1.136641e+03
1678	-1.143088e+03
1679	-1.118337e+03
1680	-1.123085e+03
1681	-1.136231e+03
1682	-1.135859e+03
1683	-1.136264e+03
1684	-1.129442e+03
1685	-1.116672e+03
1686	-1.134847e+03
1687	-1.126797e+03
1688	-1.129226e+03
1689	-1.131613e+03
1690	-1.134265e+03
1691	-1.123796e+03
1692	-1.144692e+03
1693	-1.120769e+03
1694	-1.129969e+03
1695	-1.122432e+03
1696	-1.142154e+03
1697	-1.112008e+03
1698	-1.122456e+03
1699	-1.123891e+03
1700	-1.127568e+03
1701	-1.142115e+03
1702	-1.123808e+03
1703	-1.135869e+03
1704	-1.129624e+03
1705	-1.144413e+03
1706	-1.131501e+03
1707	-1.138150e+03
1708	-1.127686e+03
1709	-1.129337e+03
1710	-1.113707e+03
1711	-1.145739e+03
1712	-1.122380e+03
1713	-1.134171e+03
1714	-1.132068e+03
1715	-1.136435e+03
1716	-1.129102e+03
1717	-1.144417e+03
1718	-1.136278e+03
1719	-1.134256e+03
1720	-1.131639e+03
1721	-1.136671e+03
1722	-1.131827e+03
1723	-1.114894e+03
1724	-1.119208e+03
1725	-1.138977e+03
1726	-1.125900e+03
1727	-1.130157e+03
1728	-1.115702e+03
1729	-1.117250e+03
1730	-1.130665e+03
1731	-1.142042e+03
1732	-1.128702e+03
1733	-1.124712e+03
1734	-1.125815e+03
1735	-1.118082e+03
1736	-1.121534e+03
1737	-1.141149e+03
1738	-1.122303e+03
1739	-1.144939e+03
1740	-1.119837e+03
1741	-1.136204e+03
1742	-1.138765e+03
1743	-1.119809e+03
1744	-1.140000e+03
1745	-1.123153e+03
1746	-1.120175e+03
1747	-1.142518e+03
1748	-1.121413e+03
1749	-1.133585e+03
1750	-1.132228e+03
1751	-1.140372e+03
1752	-1.146239e+03
1753	-1.122342e+03
1754	-1.142088e+03
1755	-1.131280e+03
1756	-1.134681e+03
1757	-1.118226e+03
1758	-1.144675e+03
1759	-1.142503e+03
1760	-1.130483e+03
1761	-1.145811e+03
1762	-1.125240e+03
1763	-1.120329e+03
1764	-1.123660e+03
1765	-1.122824e+03
1766	-1.128676e+03
1767	-1.135483e+03
1768	-1.138694e+03
1769	-1.129098e+03
1770	-1.129392e+03
1771	-1.103620e+03
1772	-1.133770e+03
1773	-1.134039e+03
1774	-1.142054e+03
1775	-1.130404e+03
1776	-1.145809e+03
1777	-1.145475e+03
1778	-1.123916e+03
1779	-1.125213e+03
1780	-1.124559e+03
1781	-1.124764e+03
1782	-1.125931e+03
1783	-1.119659e+03
1784	-1.134110e+03
1785	-1.128481e+03
1786	-1.142219e+03
1787	-1.141314e+03
1788	-1.143587e+03
1789	-1.125850e+03
1790	-1.100274e+03
1791	-1.132731e+03
1792	-1.124538e+03
1793	-1.110800e+03
1794	-1.136951e+03
1795	-1.123654e+03
1796	-1.131237e+03
1797	-1.112068e+03
1798	-1.112466e+03
1799	-1.115019e+03
1800	-1.138112e+03
1801	-1.125485e+03
1802	-1.130359e+03
1803	-1.117217e+03
1804	-1.133477e+03
1805	-1.110104e+03
1806	-1.127639e+03
1807	-1.144382e+03
1808	-1.123883e+03
1809	-1.134948e+03
1810	-1.137210e+03
1811	-1.129561e+03
1812	-1.130035e+03
1813	-1.132051e+03
1814	-1.117106e+03
1815	-1.133603e+03
1816	-1.133611e+03
1817	-1.118303e+03
1818	-1.127805e+03
1819	-1.138629e+03
1820	-1.156676e+03
1821	-1.113967e+03
1822	-1.121000e+03
1823	-1.150434e+03
1824	-1.138642e+03
1825	-1.123710e+03
1826	-1.108281e+03
1827	-1.142335e+03
1828	-1.141248e+03
1829	-1.133725e+03
1830	-1.104367e+03
1831	-1.130957e+03
1832	-1.132813e+03
1833	-1.128239e+03
1834	-1.121597e+03
1835	-1.125028e+03
1836	-1.121183e+03
1837	-1.132067e+03
1838	-1.132770e+03
1839	-1.105522e+03
1840	-1.132851e+03
1841	-1.121131e+03
1842	-1.112505e+03
1843	-1.142029e+03
1844	-1.129646e+03
1845	-1.119321e+03
1846	-1.131209e+03
1847	-1.117271e+03
1848	-1.147328e+03
1849	-1.160891e+03
1850	-1.155276e+03
1851	-1.142371e+03
1852	-1.123871e+03
1853	-1.121425e+03
1854	-1.144124e+03
1855	-1.117683e+03
1856	-1.119157e+03
1857	-1.124985e+03
1858	-1.128031e+03
1859	-1.136342e+03
1860	-1.158328e+03
1861	-1.135743e+03
1862	-1.128143e+03
1863	-1.124477e+03
1864	-1.120470e+03
1865	-1.154936e+03
1866	-1.127511e+03
1867	-1.154397e+03
1868	-1.119005e+03
1869	-1.120344e+03
1870	-1.123753e+03
1871	-1.123684e+03
1872	-1.136768e+03
1873	-1.124367e+03
1874	-1.122921e+03
1875	-1.130512e+03
1876	-1.124802e+03
1877	-1.120983e+03
1878	-1.133848e+03
1879	-1.119606e+03
1880	-1.123204e+03
1881	-1.121085e+03
1882	-1.119111e+03
1883	-1.124454e+03
1884	-1.099546e+03
1885	-1.135609e+03
1886	-1.132018e+03
1887	-1.129910e+03
1888	-1.133824e+03
1889	-1.133117e+03
1890	-1.131079e+03
1891	-1.121010e+03
1892	-1.133435e+03
1893	-1.131469e+03
1894	-1.131683e+03
1895	-1.139499e+03
1896	-1.131810e+03
1897	-1.114148e+03
1898	-1.122928e+03
1899	-1.139953e+03
1900	-1.126985e+03
1901	-1.117431e+03
1902	-1.115475e+03
1903	-1.124886e+03
1904	-1.125832e+03
1905	-1.136659e+03
1906	-1.120119e+03
1907	-1.141077e+03
1908	-1.100738e+03
1909	-1.138552e+03
1910	-1.120529e+03
1911	-1.117088e+03
1912	-1.111580e+03
1913	-1.125241e+03
1914	-1.117320e+03
1915	-1.137790e+03
1916	-1.124407e+03
1917	-1.133231e+03
1918	-1.129046e+03
1919	-1.121632e+03
1920	-1.108438e+03
1921	-1.142544e+03
1922	-1.129235e+03
1923	-1.127354e+03
1924	-1.115015e+03
1925	-1.142470e+03
1926	-1.118649e+03
1927	-1.108687e+03
1928	-1.130591e+03
1929	-1.124011e+03
1930	-1.107614e+03
1931	-1.135094e+03
1932	-1.127479e+03
1933	-1.120843e+03
1934	-1.119257e+03
1935	-1.140314e+03
1936	-1.129422e+03
1937	-1.120859e+03
1938	-1.139589e+03
1939	-1.136024e+03
1940	-1.124825e+03
1941	-1.130988e+03
1942	-1.131960e+03
1943	-1.123623e+03
1944	-1.130968e+03
1945	-1.138798e+03
1946	-1.130484e+03
1947	-1.140872e+03
1948	-1.134761e+03
1949	-1.132363e+03
1950	-1.132560e+03
1951	-1.125743e+03
1952	-1.121865e+03
1953	-1.137171e+03
1954	-1.116041e+03
1955	-1.121549e+03
1956	-1.116732e+03
1957	-1.141181e+03
1958	-1.118948e+03
1959	-1.111646e+03
1960	-1.120133e+03
1961	-1.119513e+03
1962	-1.116453e+03
1963	-1.144048e+03
1964	-1.121270e+03
1965	-1.136838e+03
1966	-1.109692e+03
1967	-1.126636e+03
1968	-1.118147e+03
1969	-1.125859e+03
1970	-1.135199e+03
1971	-1.131703e+03
1972	-1.113654e+03
1973	-1.102252e+03
1974	-1.113555e+03
1975	-1.136180e+03
1976	-1.124171e+03
1977	-1.137856e+03
1978	-1.115842e+03
1979	-1.132020e+03
1980	-1.144370e+03
1981	-1.134295e+03
1982	-1.129114e+03
1983	-1.122606e+03
1984	-1.124763e+03
1985	-1.162909e+03
1986	-1.130499e+03
1987	-1.117506e+03
1988	-1.141803e+03
1989	-1.138018e+03
1990	-1.120383e+03
1991	-1.128116e+03
1992	-1.101502e+03
1993	-1.118670e+03
1994	-1.149953e+03
1995	-1.139408e+03
1996	-1.133922e+03
1997	-1.115472e+03
1998	-1.114691e+03
1999	-1.121526e+03
2000	-1.132555e+03
2001	-1.131476e+03
2002	-1.138197e+03
2003	-1.123999e+03
2004	-1.112345e+03
2005	-1.118522e+03
2006	-1.136479e+03
2007	-1.136329e+03
2008	-1.135675e+03
2009	-1.134144e+03
2010	-1.132226e+03
2011	-1.151198e+03
2012	-1.134616e+03
2013	-1.115528e+03
2014	-1.114266e+03
2015	-1.147037e+03
2016	-1.104537e+03
2017	-1.145955e+03
2018	-1.105911e+03
2019	-1.125668e+03
2020	-1.114789e+03
2021	-1.140663e+03
2022	-1.113996e+03
2023	-1.145259e+03
2024	-1.127639e+03
2025	-1.125453e+03
2026	-1.135389e+03
2027	-1.140634e+03
2028	-1.139351e+03
2029	-1.125217e+03
2030	-1.130069e+03
2031	-1.124057e+03
2032	-1.132783e+03
2033	-1.127633e+03
2034	-1.135943e+03
2035	-1.117591e+03
2036	-1.146179e+03
2037	-1.132696e+03
2038	-1.114494e+03
2039	-1.144479e+03
2040	-1.123989e+03
2041	-1.135239e+03
2042	-1.131960e+03
2043	-1.139054e+03
2044	-1.123426e+03
2045	-1.155591e+03
2046	-1.127286e+03
2047	-1.147370e+03
2048	-1.136911e+03
2049	-1.132367e+03
2050	-1.146023e+03
2051	-1.119675e+03
2052	-1.117939e+03
2053	-1.129204e+03
2054	-1.127483e+03
2055	-1.122048e+03
2056	-1.140961e+03
2057	-1.119986e+03
2058	-1.141547e+03
2059	-1.124990e+03
2060	-1.124632e+03
2061	-1.147489e+03
2062	-1.121835e+03
2063	-1.113315e+03
2064	-1.138500e+03
2065	-1.151726e+03
2066	-1.141131e+03
2067	-1.148410e+03
2068	-1.123478e+03
2069	-1.130159e+03
2070	-1.124787e+03
2071	-1.114537e+03
2072	-1.131669e+03
2073	-1.126181e+03
2074	-1.131048e+03
2075	-1.127965e+03
2076	-1.135239e+03
2077	-1.127063e+03
2078	-1.130731e+03
2079	-1.134993e+03
2080	-1.099513e+03
2081	-1.113028e+03
2082	-1.126721e+03
2083	-1.130591e+03
2084	-1.146658e+03
2085	-1.132458e+03
2086	-1.142606e+03
2087	-1.114043e+03
2088	-1.128142e+03
2089	-1.129754e+03
2090	-1.136557e+03
2091	-1.134356e+03
2092	-1.142299e+03
2093	-1.133876e+03
2094	-1.148458e+03
2095	-1.145684e+03
2096	-1.131711e+03
2097	-1.144751e+03
2098	-1.118780e+03
2099	-1.132230e+03
2100	-1.119309e+03
2101	-1.136212e+03
2102	-1.130860e+03
2103	-1.119142e+03
2104	-1.138281e+03
2105	-1.133077e+03
2106	-1.126494e+03
2107	-1.133648e+03
2108	-1.128108e+03
2109	-1.105697e+03
2110	-1.124108e+03
2111	-1.123896e+03
2112	-1.131863e+03
2113	-1.121124e+03
2114	-1.121051e+03
2115	-1.125802e+03
2116	-1.141512e+03
2117	-1.132257e+03
2118	-1.141561e+03
2119	-1.136470e+03
2120	-1.132338e+03
2121	-1.144560e+03
2122	-1.138871e+03
2123	-1.126259e+03
2124	-1.133965e+03
2125	-1.134673e+03
2126	-1.109347e+03
2127	-1.126923e+03
2128	-1.136856e+03
2129	-1.146638e+03
2130	-1.112745e+03
2131	-1.131765e+03
2132	-1.123421e+03
2133	-1.137559e+03
2134	-1.124510e+03
2135	-1.152182e+03
2136	-1.108118e+03
2137	-1.137742e+03
2138	-1.137439e+03
2139	-1.136785e+03
2140	-1.124253e+03
2141	-1.122762e+03
2142	-1.131214e+03
2143	-1.140184e+03
2144	-1.119202e+03
2145	-1.124783e+03
2146	-1.124467e+03
2147	-1.125910e+03
2148	-1.118265e+03
2149	-1.123972e+03
2150	-1.133968e+03
2151	-1.129825e+03
2152	-1.148272e+03
2153	-1.133958e+03
2154	-1.129165e+03
2155	-1.119729e+03
2156	-1.141301e+03
2157	-1.147469e+03
2158	-1.107013e+03
2159	-1.122256e+03
2160	-1.118828e+03
2161	-1.128705e+03
2162	-1.106082e+03
2163	-1.128015e+03
2164	-1.099932e+03
2165	-1.143379e+03
2166	-1.113435e+03
2167	-1.116551e+03
2168	-1.131881e+03
2169	-1.142841e+03
2170	-1.125230e+03
2171	-1.136530e+03
2172	-1.126266e+03
2173	-1.132062e+03
2174	-1.127721e+03
2175	-1.122145e+03
2176	-1.117980e+03
2177	-1.141763e+03
2178	-1.133189e+03
2179	-1.144119e+03
2180	-1.132741e+03
2181	-1.128768e+03
2182	-1.131373e+03
2183	-1.140595e+03
2184	-1.126907e+03
2185	-1.130038e+03
2186	-1.121529e+03
2187	-1.117583e+03
2188	-1.095901e+03
2189	-1.114399e+03
2190	-1.128827e+03
2191	-1.132937e+03
2192	-1.128185e+03
2193	-1.135596e+03
2194	-1.129193e+03
2195	-1.128788e+03
2196	-1.118633e+03
2197	-1.130575e+03
2198	-1.137735e+03
2199	-1.132298e+03
2200	-1.121906e+03
2201	-1.132310e+03
2202	-1.127879e+03
2203	-1.128870e+03
2204	-1.142249e+03
2205	-1.121712e+03
2206	-1.128257e+03
2207	-1.124147e+03
2208	-1.119901e+03
2209	-1.132051e+03
2210	-1.123575e+03
2211	-1.136463e+03
2212	-1.123736e+03
2213	-1.150163e+03
2214	-1.142270e+03
2215	-1.126918e+03
2216	-1.122427e+03
2217	-1.144345e+03
2218	-1.114615e+03
2219	-1.123351e+03
2220	-1.130917e+03
2221	-1.127828e+03
2222	-1.131935e+03
2223	-1.130469e+03
2224	-1.129960e+03
2225	-1.119042e+03
2226	-1.136087e+03
2227	-1.146864e+03
2228	-1.123992e+03
2229	-1.133508e+03
2230	-1.128756e+03
2231	-1.122219e+03
2232	-1.127024e+03
2233	-1.116289e+03
2234	-1.133640e+03
2235	-1.124100e+03
2236	-1.142324e+03
2237	-1.111462e+03
2238	-1.132633e+03
2239	-1.124174e+03
2240	-1.140919e+03
2241	-1.126545e+03
2242	-1.142398e+03
2243	-1.120853e+03
2244	-1.148683e+03
2245	-1.151611e+03
2246	-1.115726e+03
2247	-1.122839e+03
2248	-1.122079e+03
2249	-1.126380e+03
2250	-1.105201e+03
2251	-1.116821e+03
2252	-1.122840e+03
2253	-1.155678e+03
2254	-1.129966e+03
2255	-1.105626e+03
2256	-1.132089e+03
2257	-1.117138e+03
2258	-1.135084e+03
2259	-1.140182e+03
2260	-1.130168e+03
2261	-1.151062e+03
2262	-1.142730e+03
2263	-1.125816e+03
2264	-1.131102e+03
2265	-1.127790e+03
2266	-1.146912e+03
2267	-1.122771e+03
2268	-1.121700e+03
2269	-1.125070e+03
2270	-1.135684e+03
2271	-1.120000e+03
2272	-1.118796e+03
2273	-1.116828e+03
2274	-1.133618e+03
2275	-1.113807e+03
2276	-1.147981e+03
2277	-1.126516e+03
2278	-1.129996e+03
2279	-1.118114e+03
2280	-1.137369e+03
2281	-1.129837e+03
2282	-1.132065e+03
2283	-1.117904e+03
2284	-1.134197e+03
2285	-1.135717e+03
2286	-1.118284e+03
2287	-1.134137e+03
2288	-1.144372e+03
2289	-1.133108e+03
2290	-1.129044e+03
2291	-1.123593e+03
2292	-1.123905e+03
2293	-1.104837e+03
2294	-1.150228e+03
2295	-1.131982e+03
2296	-1.128285e+03
2297	-1.135922e+03
2298	-1.135905e+03
2299	-1.147929e+03
2300	-1.116999e+03
2301	-1.112540e+03
2302	-1.130965e+03
2303	-1.134861e+03
2304	-1.126602e+03
2305	-1.126001e+03
2306	-1.127238e+03
2307	-1.118191e+03
2308	-1.139274e+03
2309	-1.138910e+03
2310	-1.122623e+03
2311	-1.113786e+03
2312	-1.125682e+03
2313	-1.119770e+03
2314	-1.109715e+03
2315	-1.114395e+03
2316	-1.144322e+03
2317	-1.126164e+03
2318	-1.123611e+03
2319	-1.131499e+03
2320	-1.144715e+03
2321	-1.138842e+03
2322	-1.135962e+03
2323	-1.132214e+03
2324	-1.126636e+03
2325	-1.130909e+03
2326	-1.122777e+03
2327	-1.125948e+03
2328	-1.129104e+03
2329	-1.141356e+03
2330	-1.145660e+03
2331	-1.132067e+03
2332	-1.134550e+03
2333	-1.121528e+03
2334	-1.125025e+03
2335	-1.150786e+03
2336	-1.120453e+03
2337	-1.128857e+03
2338	-1.141129e+03
2339	-1.130280e+03
2340	-1.136178e+03
2341	-1.129512e+03
2342	-1.146433e+03
2343	-1.133100e+03
2344	-1.117330e+03
2345	-1.129909e+03
2346	-1.145125e+03
2347	-1.130402e+03
2348	-1.133865e+03
2349	-1.124511e+03
2350	-1.141024e+03
2351	-1.151417e+03
2352	-1.134644e+03
2353	-1.128945e+03
2354	-1.132551e+03
2355	-1.122960e+03
2356	-1.109533e+03
2357	-1.123938e+03
2358	-1.126229e+03
2359	-1.121753e+03
2360	-1.122808e+03
2361	-1.128056e+03
2362	-1.127344e+03
2363	-1.133468e+03
2364	-1.134710e+03
2365	-1.142845e+03
2366	-1.124921e+03
2367	-1.145825e+03
2368	-1.122503e+03
2369	-1.129135e+03
2370	-1.142416e+03
2371	-1.111042e+03
2372	-1.132166e+03
2373	-1.109689e+03
2374	-1.136342e+03
2375	-1.126901e+03
2376	-1.123954e+03
2377	-1.136847e+03
2378	-1.132844e+03
2379	-1.123093e+03
2380	-1.126480e+03
2381	-1.135848e+03
2382	-1.135681e+03
2383	-1.135259e+03
2384	-1.115399e+03
2385	-1.121701e+03
2386	-1.122741e+03
2387	-1.106152e+03
2388	-1.136033e+03
2389	-1.139784e+03
2390	-1.132577e+03
2391	-1.119132e+03
2392	-1.127713e+03
2393	-1.123388e+03
2394	-1.128718e+03
2395	-1.132256e+03
2396	-1.132898e+03
2397	-1.142488e+03
2398	-1.142354e+03
2399	-1.160616e+03
2400	-1.132246e+03
2401	-1.145134e+03
2402	-1.133428e+03
2403	-1.120187e+03
2404	-1.132449e+03
2405	-1.113945e+03
2406	-1.118546e+03
2407	-1.138428e+03
2408	-1.149489e+03
2409	-1.144005e+03
2410	-1.139387e+03
2411	-1.116716e+03
2412	-1.115400e+03
2413	-1.140319e+03
2414	-1.140664e+03
2415	-1.132501e+03
2416	-1.128965e+03
2417	-1.131025e+03
2418	-1.134052e+03
2419	-1.139406e+03
2420	-1.140925e+03
2421	-1.132874e+03
2422	-1.120253e+03
2423	-1.144098e+03
2424	-1.127312e+03
2425	-1.131383e+03
2426	-1.104475e+03
2427	-1.146999e+03
2428	-1.131730e+03
2429	-1.113463e+03
2430	-1.120827e+03
2431	-1.132342e+03
2432	-1.140083e+03
2433	-1.130766e+03
2434	-1.123147e+03
2435	-1.117599e+03
2436	-1.130815e+03
2437	-1.114070e+03
2438	-1.136594e+03
2439	-1.147984e+03
2440	-1.118592e+03
2441	-1.134015e+03
2442	-1.125957e+03
2443	-1.121858e+03
2444	-1.120593e+03
2445	-1.148591e+03
2446	-1.130077e+03
2447	-1.123089e+03
2448	-1.144738e+03
2449	-1.129790e+03
2450	-1.122237e+03
2451	-1.127034e+03
2452	-1.132627e+03
2453	-1.129364e+03
2454	-1.117798e+03
2455	-1.132204e+03
2456	-1.127803e+03
2457	-1.116418e+03
2458	-1.141430e+03
2459	-1.134527e+03
2460	-1.130254e+03
2461	-1.125493e+03
2462	-1.128928e+03
2463	-1.118358e+03
2464	-1.113056e+03
2465	-1.128739e+03
2466	-1.134769e+03
2467	-1.121493e+03
2468	-1.140525e+03
2469	-1.121909e+03
2470	-1.126861e+03
2471	-1.138497e+03
2472	-1.109115e+03
2473	-1.138677e+03
2474	-1.139107e+03
2475	-1.122516e+03
2476	-1.139354e+03
2477	-1.118963e+03
2478	-1.159238e+03
2479	-1.133459e+03
2480	-1.129874e+03
2481	-1.133066e+03
2482	-1.125041e+03
2483	-1.138368e+03
2484	-1.119592e+03
2485	-1.130764e+03
2486	-1.129842e+03
2487	-1.143794e+03
2488	-1.116111e+03
2489	-1.138190e+03
2490	-1.121717e+03
2491	-1.123172e+03
2492	-1.143745e+03
2493	-1.135522e+03
2494	-1.118075e+03
2495	-1.147577e+03
2496	-1.136281e+03
2497	-1.122920e+03
2498	-1.127939e+03
2499	-1.141002e+03
2500	-1.123899e+03
2501	-1.124661e+03
2502	-1.125431e+03
2503	-1.146427e+03
2504	-1.122599e+03
2505	-1.111493e+03
2506	-1.110518e+03
2507	-1.122317e+03
2508	-1.108717e+03
2509	-1.120708e+03
2510	-1.129385e+03
2511	-1.119832e+03
2512	-1.135214e+03
2513	-1.129566e+03
2514	-1.149667e+03
2515	-1.144079e+03
2516	-1.112431e+03
2517	-1.129440e+03
2518	-1.137876e+03
2519	-1.139815e+03
2520	-1.116613e+03
2521	-1.126113e+03
2522	-1.136678e+03
2523	-1.135927e+03
2524	-1.123507e+03
2525	-1.148706e+03
2526	-1.131964e+03
2527	-1.128705e+03
2528	-1.124953e+03
2529	-1.140112e+03
2530	-1.124264e+03
2531	-1.133175e+03
2532	-1.141152e+03
2533	-1.122526e+03
2534	-1.126687e+03
2535	-1.133204e+03
2536	-1.133122e+03
2537	-1.140090e+03
2538	-1.141249e+03
2539	-1.144051e+03
2540	-1.127512e+03
2541	-1.154103e+03
2542	-1.136592e+03
2543	-1.142348e+03
2544	-1.134756e+03
2545	-1.118923e+03
2546	-1.109231e+03
2547	-1.122543e+03
2548	-1.112486e+03
2549	-1.124364e+03
2550	-1.115245e+03
2551	-1.139965e+03
2552	-1.121942e+03
2553	-1.137361e+03
2554	-1.119125e+03
2555	-1.135187e+03
2556	-1.129501e+03
2557	-1.125607e+03
2558	-1.127238e+03
2559	-1.142557e+03
2560	-1.140095e+03
2561	-1.113446e+03
2562	-1.131933e+03
2563	-1.151698e+03
2564	-1.111943e+03
2565	-1.140938e+03
2566	-1.125290e+03
2567	-1.122010e+03
2568	-1.125968e+03
2569	-1.132035e+03
2570	-1.133925e+03
2571	-1.127168e+03
2572	-1.124029e+03
2573	-1.136603e+03
2574	-1.109814e+03
2575	-1.147270e+03
2576	-1.112731e+03
2577	-1.133446e+03
2578	-1.145488e+03
2579	-1.117448e+03
2580	-1.118422e+03
2581	-1.104554e+03
2582	-1.117468e+03
2583	-1.110880e+03
2584	-1.122914e+03
2585	-1.123524e+03
2586	-1.109569e+03
2587	-1.148162e+03
2588	-1.126019e+03
2589	-1.128059e+03
2590	-1.102412e+03
2591	-1.124142e+03
2592	-1.121822e+03
2593	-1.134163e+03
2594	-1.121377e+03
2595	-1.122818e+03
2596	-1.137397e+03
2597	-1.131357e+03
2598	-1.123425e+03
2599	-1.114422e+03
2600	-1.144872e+03
2601	-1.130585e+03
2602	-1.141787e+03
2603	-1.127177e+03
2604	-1.136533e+03
2605	-1.138629e+03
2606	-1.109892e+03
2607	-1.115562e+03
2608	-1.124539e+03
2609	-1.115467e+03
2610	-1.139493e+03
2611	-1.134753e+03
2612	-1.136713e+03
2613	-1.134857e+03
2614	-1.137033e+03
2615	-1.144242e+03
2616	-1.132983e+03
2617	-1.117155e+03
2618	-1.127289e+03
2619	-1.108450e+03
2620	-1.138524e+03
2621	-1.138344e+03
2622	-1.123832e+03
2623	-1.141996e+03
2624	-1.135411e+03
2625	-1.125303e+03
2626	-1.127798e+03
2627	-1.113216e+03
2628	-1.122272e+03
2629	-1.108744e+03
2630	-1.143249e+03
2631	-1.144300e+03
2632	-1.128001e+03
2633	-1.137543e+03
2634	-1.129934e+03
2635	-1.129374e+03
2636	-1.137857e+03
2637	-1.133457e+03
2638	-1.116707e+03
2639	-1.151233e+03
2640	-1.130328e+03
2641	-1.143807e+03
2642	-1.130638e+03
2643	-1.134257e+03
2644	-1.138638e+03
2645	-1.117425e+03
2646	-1.116326e+03
2647	-1.110038e+03
2648	-1.109793e+03
2649	-1.130075e+03
2650	-1.135552e+03
2651	-1.144864e+03
2652	-1.142472e+03
2653	-1.134764e+03
2654	-1.141708e+03
2655	-1.119024e+03
2656	-1.111678e+03
2657	-1.124939e+03
2658	-1.144316e+03
2659	-1.126451e+03
2660	-1.147974e+03
2661	-1.142736e+03
2662	-1.127377e+03
2663	-1.120258e+03
2664	-1.138253e+03
2665	-1.121121e+03
2666	-1.135179e+03
2667	-1.143529e+03
2668	-1.129851e+03
2669	-1.130613e+03
2670	-1.144562e+03
2671	-1.138666e+03
2672	-1.115407e+03
2673	-1.136204e+03
2674	-1.125993e+03
2675	-1.127271e+03
2676	-1.132562e+03
2677	-1.117360e+03
2678	-1.131040e+03
2679	-1.131707e+03
2680	-1.121398e+03
2681	-1.128945e+03
2682	-1.129293e+03
2683	-1.133667e+03
2684	-1.125869e+03
2685	-1.125676e+03
2686	-1.147770e+03
2687	-1.104841e+03
2688	-1.135483e+03
2689	-1.130893e+03
2690	-1.134983e+03
2691	-1.123341e+03
2692	-1.123513e+03
2693	-1.141153e+03
2694	-1.124779e+03
2695	-1.141684e+03
2696	-1.146322e+03
2697	-1.154033e+03
2698	-1.133349e+03
2699	-1.122002e+03
2700	-1.119204e+03
2701	-1.121101e+03
2702	-1.139497e+03
2703	-1.155947e+03
2704	-1.127078e+03
2705	-1.139295e+03
2706	-1.138075e+03
2707	-1.139602e+03
2708	-1.137792e+03
2709	-1.126496e+03
2710	-1.132978e+03
2711	-1.107314e+03
2712	-1.123994e+03
2713	-1.135100e+03
2714	-1.117656e+03
2715	-1.134844e+03
2716	-1.108107e+03
2717	-1.138781e+03
2718	-1.114472e+03
2719	-1.114526e+03
2720	-1.134983e+03
2721	-1.134091e+03
2722	-1.126369e+03
2723	-1.155953e+03
2724	-1.113202e+03
2725	-1.113139e+03
2726	-1.147394e+03
2727	-1.129143e+03
2728	-1.132515e+03
2729	-1.149981e+03
2730	-1.124667e+03
2731	-1.130818e+03
2732	-1.146797e+03
2733	-1.139004e+03
2734	-1.126818e+03
2735	-1.126372e+03
2736	-1.129519e+03
2737	-1.136202e+03
2738	-1.138724e+03
2739	-1.133852e+03
2740	-1.141265e+03
2741	-1.125037e+03
2742	-1.130988e+03
2743	-1.123521e+03
2744	-1.100877e+03
2745	-1.117389e+03
2746	-1.146952e+03
2747	-1.125116e+03
2748	-1.132785e+03
2749	-1.111300e+03
2750	-1.138334e+03
2751	-1.130181e+03
2752	-1.125527e+03
2753	-1.117391e+03
2754	-1.130833e+03
2755	-1.126415e+03
2756	-1.137819e+03
2757	-1.124826e+03
2758	-1.109430e+03
2759	-1.134035e+03
2760	-1.120108e+03
2761	-1.151196e+03
2762	-1.123347e+03
2763	-1.109488e+03
2764	-1.120542e+03
2765	-1.119718e+03
2766	-1.131976e+03
2767	-1.112115e+03
2768	-1.146405e+03
2769	-1.137087e+03
2770	-1.150928e+03
2771	-1.130568e+03
2772	-1.125903e+03
2773	-1.117113e+03
2774	-1.136022e+03
2775	-1.138446e+03
2776	-1.137766e+03
2777	-1.145233e+03
2778	-1.137374e+03
2779	-1.119779e+03
2780	-1.135114e+03
2781	-1.115201e+03
2782	-1.115337e+03
2783	-1.126659e+03
2784	-1.122276e+03
2785	-1.143793e+03
2786	-1.146495e+03
2787	-1.133889e+03
2788	-1.150376e+03
2789	-1.123718e+03
2790	-1.143338e+03
2791	-1.132994e+03
2792	-1.130931e+03
2793	-1.135320e+03
2794	-1.130531e+03
2795	-1.127423e+03
2796	-1.129568e+03
2797	-1.139051e+03
2798	-1.146396e+03
2799	-1.128836e+03
2800	-1.145108e+03
2801	-1.120044e+03
2802	-1.144992e+03
2803	-1.128356e+03
2804	-1.152611e+03
2805	-1.138909e+03
2806	-1.126881e+03
2807	-1.132602e+03
2808	-1.127647e+03
2809	-1.139321e+03
2810	-1.141617e+03
2811	-1.112587e+03
2812	-1.144111e+03
2813	-1.129992e+03
2814	-1.137825e+03
2815	-1.122558e+03
2816	-1.122554e+03
2817	-1.117194e+03
2818	-1.138346e+03
2819	-1.123052e+03
2820	-1.128440e+03
2821	-1.158542e+03
2822	-1.119563e+03
2823	-1.112952e+03
2824	-1.124994e+03
2825	-1.150544e+03
2826	-1.143488e+03
2827	-1.137972e+03
2828	-1.150248e+03
2829	-1.138894e+03
2830	-1.133919e+03
2831	-1.128576e+03
2832	-1.130172e+03
2833	-1.142034e+03
2834	-1.130520e+03
2835	-1.134885e+03
2836	-1.132406e+03
2837	-1.134532e+03
2838	-1.119939e+03
2839	-1.121937e+03
2840	-1.116271e+03
2841	-1.128749e+03
2842	-1.130400e+03
2843	-1.140409e+03
2844	-1.124597e+03
2845	-1.132575e+03
2846	-1.134207e+03
2847	-1.126464e+03
2848	-1.140340e+03
2849	-1.117134e+03
2850	-1.106944e+03
2851	-1.121910e+03
2852	-1.117200e+03
2853	-1.140585e+03
2854	-1.135300e+03
2855	-1.129868e+03
2856	-1.123650e+03
2857	-1.111938e+03
2858	-1.129886e+03
2859	-1.123765e+03
2860	-1.135008e+03
2861	-1.129749e+03
2862	-1.129820e+03
2863	-1.133880e+03
2864	-1.124433e+03
2865	-1.133001e+03
2866	-1.147050e+03
2867	-1.146985e+03
2868	-1.117959e+03
2869	-1.149347e+03
2870	-1.116236e+03
2871	-1.152335e+03
2872	-1.139960e+03
2873	-1.148644e+03
2874	-1.132202e+03
2875	-1.144631e+03
2876	-1.138709e+03
2877	-1.135110e+03
2878	-1.114058e+03
2879	-1.130350e+03
2880	-1.118639e+03
2881	-1.130233e+03
2882	-1.123008e+03
2883	-1.121295e+03
2884	-1.104782e+03
2885	-1.116824e+03
2886	-1.119440e+03
2887	-1.146640e+03
2888	-1.140703e+03
2889	-1.117739e+03
2890	-1.133881e+03
2891	-1.119716e+03
2892	-1.134746e+03
2893	-1.121239e+03
2894	-1.128063e+03
2895	-1.147123e+03
2896	-1.141579e+03
2897	-1.132514e+03
2898	-1.120994e+03
2899	-1.129299e+03
2900	-1.129750e+03
2901	-1.141534e+03
2902	-1.119403e+03
2903	-1.116583e+03
2904	-1.137591e+03
2905	-1.129718e+03
2906	-1.128103e+03
2907	-1.118316e+03
2908	-1.124322e+03
2909	-1.146604e+03
2910	-1.120294e+03
2911	-1.138533e+03
2912	-1.147718e+03
2913	-1.113944e+03
2914	-1.131828e+03
2915	-1.141198e+03
2916	-1.127205e+03
2917	-1.137940e+03
2918	-1.124034e+03
2919	-1.136392e+03
2920	-1.101719e+03
2921	-1.124446e+03
2922	-1.139910e+03
2923	-1.108045e+03
2924	-1.140228e+03
2925	-1.132076e+03
2926	-1.142772e+03
2927	-1.131393e+03
2928	-1.144411e+03
2929	-1.145696e+03
2930	-1.121646e+03
2931	-1.126271e+03
2932	-1.113692e+03
2933	-1.147208e+03
2934	-1.125548e+03
2935	-1.136413e+03
2936	-1.139741e+03
2937	-1.109205e+03
2938	-1.120933e+03
2939	-1.118633e+03
2940	-1.121149e+03
2941	-1.145789e+03
2942	-1.120569e+03
2943	-1.132485e+03
2944	-1.144597e+03
2945	-1.145502e+03
2946	-1.156903e+03
2947	-1.130485e+03
2948	-1.109310e+03
2949	-1.130112e+03
2950	-1.139475e+03
2951	-1.135037e+03
2952	-1.115327e+03
2953	-1.139985e+03
2954	-1.147151e+03
2955	-1.114301e+03
2956	-1.132136e+03
2957	-1.125267e+03
2958	-1.125131e+03
2959	-1.116900e+03
2960	-1.144462e+03
2961	-1.136610e+03
2962	-1.141039e+03
2963	-1.131942e+03
2964	-1.118926e+03
2965	-1.129081e+03
2966	-1.146326e+03
2967	-1.133249e+03
2968	-1.139894e+03
2969	-1.152718e+03
2970	-1.119135e+03
2971	-1.120013e+03
2972	-1.125549e+03
2973	-1.130495e+03
2974	-1.126108e+03
2975	-1.126914e+03
2976	-1.128470e+03
2977	-1.120027e+03
2978	-1.131866e+03
2979	-1.136003e+03
2980	-1.120397e+03
2981	-1.130377e+03
2982	-1.118979e+03
2983	-1.115022e+03
2984	-1.126491e+03
2985	-1.123046e+03
2986	-1.157544e+03
2987	-1.136454e+03
2988	-1.147399e+03
2989	-1.133849e+03
2990	-1.113356e+03
2991	-1.106333e+03
2992	-1.128413e+03
2993	-1.145118e+03
2994	-1.122665e+03
2995	-1.130738e+03
2996	-1.145134e+03
2997	-1.135581e+03
2998	-1.116184e+03
2999	-1.127986e+03
3000	-1.139659e+03
3001	-1.147941e+03
3002	-1.126398e+03
3003	-1.133590e+03
3004	-1.131787e+03
3005	-1.137325e+03
3006	-1.113280e+03
3007	-1.127075e+03
3008	-1.121918e+03
3009	-1.128654e+03
3010	-1.127170e+03
3011	-1.130393e+03
3012	-1.136706e+03
3013	-1.148073e+03
3014	-1.126105e+03
3015	-1.152956e+03
3016	-1.133109e+03
3017	-1.106188e+03
3018	-1.122453e+03
3019	-1.125548e+03
3020	-1.131719e+03
3021	-1.129660e+03
3022	-1.139781e+03
3023	-1.133832e+03
3024	-1.136069e+03
3025	-1.126650e+03
3026	-1.122488e+03
3027	-1.133201e+03
3028	-1.120959e+03
3029	-1.142887e+03
3030	-1.140941e+03
3031	-1.130293e+03
3032	-1.126199e+03
3033	-1.110723e+03
3034	-1.122889e+03
3035	-1.140845e+03
3036	-1.134565e+03
3037	-1.131915e+03
3038	-1.134279e+03
3039	-1.147324e+03
3040	-1.140331e+03
3041	-1.114328e+03
3042	-1.134201e+03
3043	-1.114763e+03
3044	-1.136546e+03
3045	-1.116815e+03
3046	-1.110739e+03
3047	-1.116378e+03
3048	-1.139087e+03
3049	-1.134745e+03
3050	-1.120621e+03
3051	-1.142469e+03
3052	-1.117982e+03
3053	-1.142896e+03
3054	-1.132481e+03
3055	-1.103832e+03
3056	-1.124217e+03
3057	-1.137610e+03
3058	-1.114737e+03
3059	-1.117494e+03
3060	-1.148358e+03
3061	-1.117871e+03
3062	-1.143767e+03
3063	-1.118486e+03
3064	-1.142664e+03
3065	-1.144964e+03
3066	-1.106442e+03
3067	-1.116692e+03
3068	-1.136435e+03
3069	-1.136969e+03
3070	-1.137332e+03
3071	-1.124696e+03
3072	-1.125558e+03
3073	-1.120749e+03
3074	-1.108205e+03
3075	-1.134362e+03
3076	-1.129663e+03
3077	-1.149924e+03
3078	-1.116742e+03
3079	-1.132754e+03
3080	-1.147750e+03
3081	-1.124919e+03
3082	-1.113910e+03
3083	-1.135289e+03
3084	-1.144949e+03
3085	-1.139055e+03
3086	-1.130013e+03
3087	-1.124811e+03
3088	-1.140244e+03
3089	-1.126136e+03
3090	-1.132225e+03
3091	-1.144799e+03
3092	-1.135947e+03
3093	-1.125415e+03
3094	-1.120200e+03
3095	-1.136262e+03
3096	-1.130312e+03
3097	-1.126118e+03
3098	-1.120287e+03
3099	-1.134212e+03
3100	-1.120026e+03
3101	-1.142230e+03
3102	-1.134407e+03
3103	-1.146418e+03
3104	-1.159246e+03
3105	-1.137486e+03
3106	-1.135762e+03
3107	-1.113274e+03
3108	-1.123993e+03
3109	-1.141949e+03
3110	-1.135126e+03
3111	-1.126883e+03
3112	-1.130640e+03
3113	-1.139063e+03
3114	-1.139443e+03
3115	-1.114010e+03
3116	-1.113051e+03
3117	-1.132087e+03
3118	-1.118292e+03
3119	-1.115142e+03
3120	-1.131038e+03
3121	-1.125064e+03
3122	-1.113755e+03
3123	-1.119703e+03
3124	-1.108358e+03
3125	-1.129388e+03
3126	-1.150350e+03
3127	-1.128145e+03
3128	-1.133897e+03
3129	-1.131821e+03
3130	-1.109559e+03
3131	-1.129058e+03
3132	-1.135079e+03
3133	-1.126363e+03
3134	-1.140422e+03
3135	-1.127353e+03
3136	-1.121639e+03
3137	-1.119508e+03
3138	-1.131405e+03
3139	-1.136730e+03
3140	-1.124301e+03
3141	-1.131686e+03
3142	-1.142651e+03
3143	-1.120645e+03
3144	-1.128370e+03
3145	-1.153498e+03
3146	-1.130796e+03
3147	-1.151576e+03
3148	-1.135601e+03
3149	-1.136745e+03
3150	-1.142394e+03
3151	-1.134428e+03
3152	-1.124560e+03
3153	-1.156395e+03
3154	-1.129309e+03
3155	-1.135954e+03
3156	-1.148989e+03
3157	-1.131209e+03
3158	-1.117050e+03
3159	-1.130912e+03
3160	-1.136242e+03
3161	-1.134944e+03
3162	-1.124052e+03
3163	-1.140448e+03
3164	-1.135137e+03
3165	-1.128687e+03
3166	-1.150601e+03
3167	-1.119224e+03
3168	-1.114942e+03
3169	-1.140851e+03
3170	-1.141187e+03
3171	-1.142741e+03
3172	-1.127536e+03
3173	-1.138214e+03
3174	-1.131268e+03
3175	-1.138164e+03
3176	-1.152694e+03
3177	-1.137377e+03
3178	-1.131727e+03
3179	-1.133676e+03
3180	-1.146561e+03
3181	-1.144373e+03
3182	-1.127320e+03
3183	-1.118932e+03
3184	-1.123886e+03
3185	-1.126859e+03
3186	-1.134293e+03
3187	-1.132033e+03
3188	-1.156928e+03
3189	-1.127425e+03
3190	-1.132934e+03
3191	-1.127764e+03
3192	-1.133983e+03
3193	-1.139253e+03
3194	-1.131608e+03
3195	-1.131602e+03
3196	-1.124839e+03
3197	-1.120383e+03
3198	-1.133673e+03
3199	-1.122912e+03
3200	-1.125142e+03
3201	-1.122017e+03
3202	-1.131144e+03
3203	-1.127179e+03
3204	-1.129348e+03
3205	-1.118442e+03
3206	-1.137574e+03
3207	-1.129520e+03
3208	-1.139424e+03
3209	-1.099684e+03
3210	-1.124349e+03
3211	-1.143674e+03
3212	-1.136311e+03
3213	-1.123036e+03
3214	-1.151922e+03
3215	-1.128215e+03
3216	-1.146874e+03
3217	-1.115748e+03
3218	-1.122422e+03
3219	-1.124813e+03
3220	-1.127379e+03
3221	-1.131740e+03
3222	-1.141274e+03
3223	-1.141481e+03
3224	-1.131341e+03
3225	-1.134795e+03
3226	-1.122003e+03
3227	-1.140119e+03
3228	-1.152487e+03
3229	-1.123112e+03
3230	-1.131423e+03
3231	-1.129962e+03
3232	-1.129904e+03
3233	-1.128738e+03
3234	-1.133619e+03
3235	-1.123544e+03
3236	-1.137587e+03
3237	-1.126939e+03
3238	-1.137923e+03
3239	-1.139314e+03
3240	-1.123689e+03
3241	-1.140347e+03
3242	-1.119173e+03
3243	-1.127319e+03
3244	-1.144545e+03
3245	-1.125485e+03
3246	-1.117312e+03
3247	-1.126963e+03
3248	-1.124253e+03
3249	-1.124296e+03
3250	-1.119475e+03
3251	-1.119477e+03
3252	-1.116980e+03
3253	-1.135917e+03
3254	-1.130141e+03
3255	-1.116949e+03
3256	-1.121956e+03
3257	-1.137465e+03
3258	-1.129975e+03
3259	-1.157317e+03
3260	-1.129875e+03
3261	-1.117008e+03
3262	-1.141598e+03
3263	-1.120797e+03
3264	-1.108515e+03
3265	-1.118495e+03
3266	-1.112427e+03
3267	-1.104700e+03
3268	-1.125421e+03
3269	-1.130650e+03
3270	-1.125137e+03
3271	-1.125555e+03
3272	-1.140161e+03
3273	-1.129473e+03
3274	-1.133568e+03
3275	-1.132099e+03
3276	-1.138167e+03
3277	-1.120709e+03
3278	-1.148961e+03
3279	-1.117915e+03
3280	-1.117048e+03
3281	-1.137612e+03
3282	-1.129222e+03
3283	-1.117319e+03
3284	-1.123092e+03
3285	-1.132192e+03
3286	-1.127112e+03
3287	-1.132836e+03
3288	-1.135442e+03
3289	-1.128379e+03
3290	-1.108341e+03
3291	-1.115986e+03
3292	-1.137382e+03
3293	-1.129340e+03
3294	-1.120054e+03
3295	-1.121265e+03
3296	-1.136748e+03
3297	-1.125078e+03
3298	-1.129457e+03
3299	-1.119031e+03
3300	-1.125250e+03
3301	-1.140308e+03
3302	-1.141245e+03
3303	-1.133276e+03
3304	-1.121326e+03
3305	-1.158913e+03
3306	-1.142236e+03
3307	-1.114302e+03
3308	-1.143930e+03
3309	-1.148090e+03
3310	-1.132484e+03
3311	-1.134213e+03
3312	-1.136873e+03
3313	-1.140588e+03
3314	-1.136333e+03
3315	-1.152574e+03
3316	-1.113157e+03
3317	-1.133954e+03
3318	-1.133298e+03
3319	-1.115240e+03
3320	-1.131947e+03
3321	-1.114338e+03
3322	-1.141902e+03
3323	-1.125197e+03
3324	-1.149323e+03
3325	-1.112721e+03
3326	-1.097202e+03
3327	-1.111422e+03
3328	-1.122297e+03
3329	-1.120131e+03
3330	-1.140590e+03
3331	-1.119662e+03
3332	-1.118713e+03
3333	-1.137582e+03
3334	-1.132607e+03
3335	-1.127884e+03
3336	-1.123048e+03
3337	-1.125142e+03
3338	-1.125788e+03
3339	-1.144359e+03
3340	-1.154490e+03
3341	-1.122018e+03
3342	-1.122886e+03
3343	-1.123515e+03
3344	-1.132678e+03
3345	-1.114553e+03
3346	-1.126326e+03
3347	-1.129429e+03
3348	-1.140026e+03
3349	-1.130556e+03
3350	-1.134019e+03
3351	-1.133674e+03
3352	-1.122039e+03
3353	-1.119899e+03
3354	-1.129869e+03
3355	-1.117045e+03
3356	-1.133685e+03
3357	-1.134491e+03
3358	-1.124694e+03
3359	-1.103632e+03
3360	-1.131790e+03
3361	-1.133716e+03
3362	-1.141750e+03
3363	-1.127442e+03
3364	-1.137498e+03
3365	-1.141505e+03
3366	-1.124086e+03
3367	-1.119139e+03
3368	-1.128503e+03
3369	-1.129834e+03
3370	-1.137347e+03
3371	-1.119608e+03
3372	-1.143417e+03
3373	-1.132579e+03
3374	-1.128572e+03
3375	-1.124222e+03
3376	-1.105308e+03
3377	-1.129462e+03
3378	-1.142183e+03
3379	-1.135315e+03
3380	-1.129317e+03
3381	-1.145734e+03
3382	-1.122662e+03
3383	-1.121563e+03
3384	-1.131670e+03
3385	-1.128617e+03
3386	-1.113711e+03
3387	-1.130969e+03
3388	-1.147193e+03
3389	-1.141231e+03
3390	-1.122156e+03
3391	-1.141087e+03
3392	-1.112237e+03
3393	-1.132350e+03
3394	-1.133576e+03
3395	-1.119909e+03
3396	-1.132439e+03
3397	-1.144897e+03
3398	-1.152276e+03
3399	-1.124165e+03
3400	-1.124693e+03
3401	-1.128608e+03
3402	-1.139712e+03
3403	-1.165610e+03
3404	-1.104666e+03
3405	-1.148371e+03
3406	-1.116213e+03
3407	-1.144782e+03
3408	-1.134108e+03
3409	-1.147327e+03
3410	-1.128102e+03
3411	-1.109240e+03
3412	-1.101800e+03
3413	-1.133322e+03
3414	-1.142194e+03
3415	-1.131189e+03
3416	-1.133758e+03
3417	-1.112606e+03
3418	-1.126918e+03
3419	-1.125192e+03
3420	-1.135867e+03
3421	-1.124165e+03
3422	-1.148698e+03
3423	-1.116818e+03
3424	-1.138818e+03
3425	-1.131451e+03
3426	-1.142224e+03
3427	-1.131506e+03
3428	-1.116203e+03
3429	-1.150243e+03
3430	-1.115276e+03
3431	-1.118510e+03
3432	-1.125315e+03
3433	-1.115674e+03
3434	-1.117612e+03
3435	-1.135431e+03
3436	-1.119731e+03
3437	-1.128669e+03
3438	-1.135020e+03
3439	-1.145811e+03
3440	-1.134013e+03
3441	-1.132778e+03
3442	-1.126743e+03
3443	-1.127208e+03
3444	-1.146187e+03
3445	-1.135493e+03
3446	-1.123234e+03
3447	-1.118536e+03
3448	-1.114072e+03
3449	-1.136834e+03
3450	-1.136807e+03
3451	-1.120726e+03
3452	-1.144670e+03
3453	-1.111067e+03
3454	-1.138734e+03
3455	-1.129364e+03
3456	-1.141752e+03
3457	-1.122650e+03
3458	-1.124328e+03
3459	-1.115875e+03
3460	-1.130761e+03
3461	-1.133769e+03
3462	-1.136098e+03
3463	-1.147478e+03
3464	-1.127854e+03
3465	-1.149171e+03
3466	-1.133012e+03
3467	-1.116124e+03
3468	-1.151518e+03
3469	-1.128465e+03
3470	-1.120144e+03
3471	-1.120163e+03
3472	-1.136594e+03
3473	-1.126987e+03
3474	-1.129895e+03
3475	-1.121874e+03
3476	-1.131206e+03
3477	-1.133083e+03
3478	-1.143171e+03
3479	-1.122623e+03
3480	-1.126800e+03
3481	-1.138584e+03
3482	-1.131858e+03
3483	-1.127800e+03
3484	-1.129824e+03
3485	-1.116381e+03
3486	-1.123633e+03
3487	-1.143701e+03
3488	-1.128448e+03
3489	-1.100772e+03
3490	-1.138709e+03
3491	-1.127335e+03
3492	-1.114032e+03
3493	-1.159058e+03
3494	-1.106045e+03
3495	-1.125826e+03
3496	-1.117778e+03
3497	-1.126521e+03
3498	-1.120691e+03
3499	-1.131901e+03
3500	-1.150652e+03
3501	-1.132861e+03
3502	-1.127516e+03
3503	-1.126790e+03
3504	-1.138628e+03
3505	-1.125319e+03
3506	-1.120973e+03
3507	-1.138755e+03
3508	-1.123333e+03
3509	-1.134318e+03
3510	-1.133003e+03
3511	-1.159104e+03
3512	-1.134570e+03
3513	-1.133585e+03
3514	-1.136258e+03
3515	-1.119244e+03
3516	-1.120017e+03
3517	-1.146971e+03
3518	-1.131738e+03
3519	-1.135168e+03
3520	-1.136083e+03
3521	-1.136897e+03
3522	-1.130324e+03
3523	-1.129296e+03
3524	-1.122460e+03
3525	-1.131601e+03
3526	-1.127986e+03
3527	-1.131045e+03
3528	-1.138146e+03
3529	-1.120359e+03
3530	-1.106344e+03
3531	-1.137460e+03
3532	-1.150451e+03
3533	-1.137434e+03
3534	-1.137359e+03
3535	-1.126458e+03
3536	-1.130521e+03
3537	-1.145370e+03
3538	-1.105627e+03
3539	-1.137501e+03
3540	-1.131754e+03
3541	-1.110133e+03
3542	-1.122146e+03
3543	-1.131975e+03
3544	-1.119851e+03
3545	-1.144324e+03
3546	-1.135545e+03
3547	-1.120833e+03
3548	-1.115796e+03
3549	-1.112696e+03
3550	-1.120835e+03
3551	-1.147916e+03
3552	-1.142438e+03
3553	-1.139967e+03
3554	-1.119056e+03
3555	-1.136388e+03
3556	-1.131256e+03
3557	-1.128046e+03
3558	-1.139502e+03
3559	-1.143479e+03
3560	-1.131688e+03
3561	-1.151278e+03
3562	-1.143676e+03
3563	-1.130149e+03
3564	-1.117379e+03
3565	-1.113789e+03
3566	-1.139774e+03
3567	-1.147571e+03
3568	-1.119144e+03
3569	-1.123291e+03
3570	-1.137022e+03
3571	-1.132939e+03
3572	-1.112308e+03
3573	-1.137827e+03
3574	-1.153889e+03
3575	-1.117282e+03
3576	-1.121006e+03
3577	-1.128533e+03
3578	-1.130152e+03
3579	-1.118495e+03
3580	-1.131939e+03
3581	-1.132796e+03
3582	-1.124900e+03
3583	-1.111882e+03
3584	-1.133815e+03
3585	-1.136669e+03
3586	-1.127736e+03
3587	-1.151715e+03
3588	-1.104923e+03
3589	-1.115710e+03
3590	-1.148075e+03
3591	-1.108428e+03
3592	-1.118977e+03
3593	-1.130448e+03
3594	-1.112747e+03
3595	-1.104101e+03
3596	-1.138622e+03
3597	-1.135070e+03
3598	-1.144942e+03
3599	-1.124457e+03
3600	-1.123244e+03
3601	-1.134307e+03
3602	-1.134973e+03
3603	-1.126736e+03
3604	-1.132582e+03
3605	-1.120527e+03
3606	-1.128662e+03
3607	-1.133599e+03
3608	-1.118505e+03
3609	-1.126893e+03
3610	-1.139373e+03
3611	-1.112782e+03
3612	-1.143344e+03
3613	-1.143280e+03
3614	-1.136923e+03
3615	-1.140397e+03
3616	-1.128432e+03
3617	-1.124702e+03
3618	-1.118425e+03
3619	-1.129135e+03
3620	-1.145925e+03
3621	-1.121136e+03
3622	-1.112536e+03
3623	-1.134719e+03
3624	-1.161114e+03
3625	-1.128509e+03
3626	-1.125188e+03
3627	-1.142639e+03
3628	-1.128186e+03
3629	-1.121503e+03
3630	-1.121678e+03
3631	-1.127752e+03
3632	-1.133545e+03
3633	-1.116591e+03
3634	-1.138672e+03
3635	-1.115734e+03
3636	-1.123398e+03
3637	-1.115764e+03
3638	-1.127826e+03
3639	-1.109816e+03
3640	-1.133052e+03
3641	-1.123663e+03
3642	-1.131192e+03
3643	-1.114690e+03
3644	-1.114481e+03
3645	-1.129161e+03
3646	-1.141238e+03
3647	-1.131053e+03
3648	-1.123780e+03
3649	-1.121588e+03
3650	-1.148952e+03
3651	-1.127953e+03
3652	-1.128606e+03
3653	-1.128210e+03
3654	-1.127787e+03
3655	-1.130228e+03
3656	-1.124200e+03
3657	-1.128086e+03
3658	-1.124332e+03
3659	-1.125090e+03
3660	-1.134022e+03
3661	-1.149710e+03
3662	-1.134757e+03
3663	-1.135000e+03
3664	-1.129985e+03
3665	-1.104162e+03
3666	-1.120269e+03
3667	-1.156548e+03
3668	-1.113980e+03
3669	-1.143902e+03
3670	-1.121272e+03
3671	-1.113732e+03
3672	-1.133658e+03
3673	-1.135870e+03
3674	-1.119898e+03
3675	-1.128227e+03
3676	-1.129739e+03
3677	-1.113246e+03
3678	-1.130058e+03
3679	-1.124452e+03
3680	-1.121151e+03
3681	-1.133730e+03
3682	-1.112243e+03
3683	-1.118987e+03
3684	-1.129126e+03
3685	-1.125149e+03
3686	-1.130214e+03
3687	-1.126947e+03
3688	-1.136851e+03
3689	-1.121515e+03
3690	-1.144271e+03
3691	-1.122434e+03
3692	-1.129384e+03
3693	-1.115675e+03
3694	-1.115574e+03
3695	-1.139815e+03
3696	-1.107389e+03
3697	-1.122248e+03
3698	-1.114104e+03
3699	-1.137383e+03
3700	-1.144055e+03
3701	-1.130615e+03
3702	-1.150448e+03
3703	-1.118007e+03
3704	-1.150512e+03
3705	-1.128092e+03
3706	-1.121183e+03
3707	-1.118200e+03
3708	-1.142206e+03
3709	-1.136351e+03
3710	-1.117192e+03
3711	-1.116595e+03
3712	-1.105329e+03
3713	-1.119518e+03
3714	-1.129016e+03
3715	-1.131962e+03
3716	-1.131018e+03
3717	-1.140665e+03
3718	-1.126724e+03
3719	-1.128381e+03
3720	-1.115951e+03
3721	-1.129942e+03
3722	-1.126665e+03
3723	-1.144988e+03
3724	-1.144184e+03
3725	-1.118979e+03
3726	-1.145792e+03
3727	-1.125621e+03
3728	-1.119779e+03
3729	-1.118462e+03
3730	-1.128351e+03
3731	-1.145327e+03
3732	-1.115013e+03
3733	-1.146154e+03
3734	-1.161939e+03
3735	-1.131300e+03
3736	-1.135851e+03
3737	-1.125218e+03
3738	-1.121607e+03
3739	-1.137902e+03
3740	-1.129901e+03
3741	-1.123945e+03
3742	-1.121480e+03
3743	-1.128849e+03
3744	-1.105011e+03
3745	-1.132358e+03
3746	-1.105940e+03
3747	-1.127324e+03
3748	-1.121832e+03
3749	-1.134869e+03
3750	-1.146473e+03
3751	-1.136445e+03
3752	-1.126178e+03
3753	-1.117746e+03
3754	-1.135417e+03
3755	-1.128955e+03
3756	-1.133020e+03
3757	-1.128567e+03
3758	-1.114447e+03
3759	-1.133805e+03
3760	-1.114431e+03
3761	-1.128184e+03
3762	-1.137358e+03
3763	-1.127469e+03
3764	-1.123851e+03
3765	-1.103672e+03
3766	-1.148867e+03
3767	-1.152220e+03
3768	-1.138037e+03
3769	-1.124234e+03
3770	-1.124212e+03
3771	-1.133469e+03
3772	-1.117797e+03
3773	-1.119229e+03
3774	-1.143553e+03
3775	-1.132481e+03
3776	-1.125712e+03
3777	-1.121731e+03
3778	-1.125776e+03
3779	-1.123651e+03
3780	-1.145454e+03
3781	-1.137758e+03
3782	-1.119984e+03
3783	-1.126603e+03
3784	-1.137459e+03
3785	-1.126539e+03
3786	-1.149692e+03
3787	-1.111487e+03
3788	-1.126033e+03
3789	-1.121265e+03
3790	-1.123623e+03
3791	-1.147571e+03
3792	-1.139226e+03
3793	-1.139567e+03
3794	-1.135406e+03
3795	-1.135301e+03
3796	-1.114316e+03
3797	-1.139873e+03
3798	-1.122680e+03
3799	-1.127411e+03
3800	-1.137037e+03
3801	-1.125935e+03
3802	-1.106056e+03
3803	-1.111311e+03
3804	-1.121140e+03
3805	-1.121951e+03
3806	-1.111430e+03
3807	-1.104571e+03
3808	-1.140898e+03
3809	-1.145159e+03
3810	-1.110726e+03
3811	-1.150641e+03
3812	-1.129033e+03
3813	-1.134676e+03
3814	-1.130427e+03
3815	-1.107300e+03
3816	-1.126565e+03
3817	-1.133441e+03
3818	-1.121646e+03
3819	-1.130404e+03
3820	-1.133150e+03
3821	-1.130136e+03
3822	-1.146827e+03
3823	-1.126358e+03
3824	-1.125498e+03
3825	-1.124575e+03
3826	-1.120807e+03
3827	-1.148687e+03
3828	-1.144603e+03
3829	-1.140773e+03
3830	-1.147159e+03
3831	-1.142842e+03
3832	-1.111308e+03
3833	-1.130438e+03
3834	-1.132553e+03
3835	-1.114733e+03
3836	-1.132257e+03
3837	-1.127498e+03
3838	-1.116149e+03
3839	-1.143546e+03
3840	-1.133185e+03
3841	-1.149030e+03
3842	-1.117180e+03
3843	-1.137886e+03
3844	-1.131523e+03
3845	-1.135982e+03
3846	-1.114251e+03
3847	-1.151541e+03
3848	-1.145497e+03
3849	-1.116781e+03
3850	-1.132595e+03
3851	-1.138958e+03
3852	-1.114274e+03
3853	-1.133022e+03
3854	-1.119301e+03
3855	-1.126275e+03
3856	-1.119344e+03
3857	-1.134646e+03
3858	-1.123777e+03
3859	-1.116635e+03
3860	-1.124489e+03
3861	-1.127267e+03
3862	-1.122571e+03
3863	-1.119634e+03
3864	-1.130726e+03
3865	-1.139024e+03
3866	-1.134372e+03
3867	-1.125532e+03
3868	-1.134836e+03
3869	-1.141245e+03
3870	-1.121146e+03
3871	-1.109453e+03
3872	-1.132469e+03
3873	-1.131505e+03
3874	-1.125261e+03
3875	-1.148243e+03
3876	-1.114936e+03
3877	-1.131306e+03
3878	-1.137550e+03
3879	-1.153728e+03
3880	-1.137292e+03
3881	-1.134616e+03
3882	-1.127324e+03
3883	-1.136345e+03
3884	-1.122268e+03
3885	-1.115332e+03
3886	-1.138188e+03
3887	-1.126014e+03
3888	-1.132763e+03
3889	-1.114980e+03
3890	-1.111606e+03
3891	-1.140648e+03
3892	-1.126547e+03
3893	-1.110046e+03
3894	-1.136213e+03
3895	-1.133125e+03
3896	-1.104323e+03
3897	-1.152547e+03
3898	-1.120132e+03
3899	-1.143362e+03
3900	-1.125367e+03
3901	-1.131656e+03
3902	-1.128904e+03
3903	-1.150520e+03
3904	-1.130740e+03
3905	-1.134444e+03
3906	-1.145898e+03
3907	-1.123884e+03
3908	-1.137534e+03
3909	-1.133605e+03
3910	-1.132767e+03
3911	-1.127538e+03
3912	-1.136118e+03
3913	-1.129483e+03
3914	-1.122452e+03
3915	-1.143146e+03
3916	-1.131949e+03
3917	-1.152465e+03
3918	-1.112177e+03
3919	-1.107529e+03
3920	-1.105633e+03
3921	-1.146619e+03
3922	-1.128315e+03
3923	-1.125353e+03
3924	-1.117634e+03
3925	-1.124235e+03
3926	-1.123871e+03
3927	-1.122664e+03
3928	-1.107172e+03
3929	-1.129999e+03
3930	-1.111349e+03
3931	-1.146054e+03
3932	-1.103464e+03
3933	-1.113795e+03
3934	-1.131438e+03
3935	-1.103754e+03
3936	-1.124908e+03
3937	-1.125058e+03
3938	-1.137212e+03
3939	-1.148658e+03
3940	-1.120490e+03
3941	-1.128804e+03
3942	-1.138591e+03
3943	-1.134317e+03
3944	-1.136767e+03
3945	-1.143484e+03
3946	-1.131474e+03
3947	-1.127022e+03
3948	-1.112939e+03
3949	-1.143301e+03
3950	-1.138997e+03
3951	-1.152404e+03
3952	-1.125248e+03
3953	-1.142696e+03
3954	-1.127882e+03
3955	-1.119833e+03
3956	-1.143731e+03
3957	-1.135999e+03
3958	-1.117665e+03
3959	-1.116963e+03
3960	-1.124411e+03
3961	-1.139332e+03
3962	-1.131090e+03
3963	-1.136793e+03
3964	-1.144039e+03
3965	-1.125227e+03
3966	-1.107198e+03
3967	-1.126423e+03
3968	-1.142318e+03
3969	-1.124536e+03
3970	-1.138541e+03
3971	-1.134501e+03
3972	-1.112242e+03
3973	-1.104727e+03
3974	-1.131982e+03
3975	-1.160969e+03
3976	-1.127238e+03
3977	-1.133986e+03
3978	-1.132200e+03
3979	-1.103517e+03
3980	-1.124704e+03
3981	-1.139252e+03
3982	-1.126581e+03
3983	-1.143547e+03
3984	-1.123207e+03
3985	-1.123696e+03
3986	-1.133248e+03
3987	-1.125371e+03
3988	-1.107875e+03
3989	-1.101422e+03
3990	-1.131785e+03
3991	-1.151691e+03
3992	-1.133360e+03
3993	-1.158330e+03
3994	-1.126192e+03
3995	-1.132401e+03
3996	-1.126889e+03
3997	-1.118884e+03
3998	-1.129642e+03
3999	-1.130139e+03
4000	-1.132614e+03
4001	-1.113591e+03
4002	-1.147508e+03
4003	-1.162124e+03
4004	-1.135297e+03
4005	-1.144219e+03
4006	-1.152248e+03
4007	-1.119765e+03
4008	-1.136649e+03
4009	-1.136712e+03
4010	-1.138182e+03
4011	-1.123543e+03
4012	-1.104997e+03
4013	-1.131100e+03
4014	-1.133570e+03
4015	-1.127628e+03
4016	-1.143659e+03
4017	-1.126117e+03
4018	-1.134896e+03
4019	-1.132292e+03
4020	-1.136660e+03
4021	-1.120034e+03
4022	-1.123033e+03
4023	-1.131693e+03
4024	-1.151204e+03
4025	-1.126963e+03
4026	-1.123240e+03
4027	-1.134141e+03
4028	-1.105711e+03
4029	-1.101855e+03
4030	-1.118664e+03
4031	-1.110086e+03
4032	-1.123835e+03
4033	-1.137173e+03
4034	-1.141823e+03
4035	-1.122467e+03
4036	-1.140790e+03
4037	-1.149395e+03
4038	-1.133914e+03
4039	-1.142428e+03
4040	-1.120358e+03
4041	-1.129659e+03
4042	-1.110446e+03
4043	-1.153159e+03
4044	-1.158166e+03
4045	-1.147730e+03
4046	-1.113006e+03
4047	-1.136406e+03
4048	-1.139546e+03
4049	-1.136876e+03
4050	-1.124267e+03
4051	-1.115350e+03
4052	-1.129319e+03
4053	-1.115425e+03
4054	-1.134875e+03
4055	-1.132488e+03
4056	-1.122853e+03
4057	-1.136086e+03
4058	-1.130835e+03
4059	-1.138909e+03
4060	-1.135872e+03
4061	-1.125861e+03
4062	-1.130994e+03
4063	-1.127737e+03
4064	-1.124413e+03
4065	-1.118848e+03
4066	-1.101067e+03
4067	-1.140135e+03
4068	-1.136459e+03
4069	-1.141467e+03
4070	-1.129638e+03
4071	-1.123655e+03
4072	-1.122745e+03
4073	-1.127034e+03
4074	-1.107834e+03
4075	-1.122706e+03
4076	-1.113212e+03
4077	-1.113681e+03
4078	-1.152206e+03
4079	-1.131818e+03
4080	-1.132464e+03
4081	-1.122930e+03
4082	-1.133218e+03
4083	-1.164635e+03
4084	-1.127879e+03
4085	-1.117818e+03
4086	-1.135914e+03
4087	-1.128671e+03
4088	-1.113807e+03
4089	-1.113183e+03
4090	-1.126217e+03
4091	-1.152746e+03
4092	-1.151754e+03
4093	-1.121339e+03
4094	-1.133159e+03
4095	-1.140045e+03
4096	-1.131030e+03
4097	-1.133639e+03
4098	-1.109932e+03
4099	-1.128828e+03
4100	-1.124992e+03
4101	-1.121886e+03
4102	-1.130699e+03
4103	-1.132488e+03
4104	-1.132325e+03
4105	-1.124480e+03
4106	-1.124203e+03
4107	-1.131236e+03
4108	-1.115459e+03
4109	-1.120451e+03
4110	-1.129830e+03
4111	-1.130050e+03
4112	-1.133865e+03
4113	-1.132541e+03
4114	-1.131132e+03
4115	-1.131195e+03
4116	-1.121894e+03
4117	-1.135147e+03
4118	-1.108324e+03
4119	-1.126055e+03
4120	-1.136282e+03
4121	-1.139895e+03
4122	-1.124484e+03
4123	-1.142213e+03
4124	-1.139427e+03
4125	-1.128932e+03
4126	-1.113266e+03
4127	-1.123811e+03
4128	-1.104981e+03
4129	-1.126984e+03
4130	-1.126660e+03
4131	-1.126286e+03
4132	-1.118244e+03
4133	-1.141367e+03
4134	-1.148147e+03
4135	-1.132229e+03
4136	-1.137529e+03
4137	-1.131707e+03
4138	-1.146823e+03
4139	-1.130867e+03
4140	-1.138018e+03
4141	-1.110683e+03
4142	-1.126810e+03
4143	-1.113896e+03
4144	-1.111999e+03
4145	-1.142140e+03
4146	-1.130548e+03
4147	-1.143467e+03
4148	-1.137331e+03
4149	-1.127234e+03
4150	-1.124479e+03
4151	-1.139616e+03
4152	-1.151858e+03
4153	-1.144990e+03
4154	-1.144176e+03
4155	-1.129167e+03
4156	-1.132319e+03
4157	-1.134041e+03
4158	-1.122419e+03
4159	-1.130217e+03
4160	-1.132310e+03
4161	-1.136806e+03
4162	-1.143449e+03
4163	-1.111843e+03
4164	-1.139742e+03
4165	-1.133302e+03
4166	-1.142298e+03
4167	-1.128949e+03
4168	-1.122184e+03
4169	-1.136208e+03
4170	-1.134142e+03
4171	-1.129908e+03
4172	-1.144614e+03
4173	-1.120742e+03
4174	-1.131568e+03
4175	-1.113555e+03
4176	-1.126901e+03
4177	-1.133594e+03
4178	-1.142076e+03
4179	-1.137540e+03
4180	-1.129141e+03
4181	-1.111531e+03
4182	-1.138425e+03
4183	-1.123965e+03
4184	-1.135223e+03
4185	-1.120825e+03
4186	-1.122572e+03
4187	-1.128714e+03
4188	-1.127853e+03
4189	-1.148185e+03
4190	-1.133326e+03
4191	-1.129149e+03
4192	-1.127982e+03
4193	-1.129296e+03
4194	-1.119579e+03
4195	-1.141027e+03
4196	-1.142696e+03
4197	-1.103851e+03
4198	-1.125219e+03
4199	-1.120767e+03
4200	-1.115043e+03
4201	-1.135584e+03
4202	-1.109299e+03
4203	-1.124028e+03
4204	-1.117131e+03
4205	-1.127554e+03
4206	-1.130621e+03
4207	-1.116085e+03
4208	-1.130819e+03
4209	-1.136742e+03
4210	-1.110948e+03
4211	-1.127877e+03
4212	-1.132204e+03
4213	-1.132896e+03
4214	-1.114885e+03
4215	-1.115085e+03
4216	-1.133002e+03
4217	-1.118649e+03
4218	-1.148067e+03
4219	-1.125251e+03
4220	-1.136924e+03
4221	-1.129550e+03
4222	-1.123996e+03
4223	-1.138597e+03
4224	-1.141158e+03
4225	-1.135798e+03
4226	-1.126093e+03
4227	-1.127234e+03
4228	-1.148010e+03
4229	-1.116071e+03
4230	-1.115062e+03
4231	-1.138833e+03
4232	-1.151123e+03
4233	-1.122407e+03
4234	-1.133608e+03
4235	-1.140522e+03
4236	-1.134693e+03
4237	-1.120431e+03
4238	-1.113218e+03
4239	-1.148488e+03
4240	-1.130495e+03
4241	-1.126065e+03
4242	-1.132259e+03
4243	-1.142078e+03
4244	-1.133906e+03
4245	-1.126102e+03
4246	-1.112477e+03
4247	-1.128883e+03
4248	-1.109925e+03
4249	-1.126216e+03
4250	-1.122810e+03
4251	-1.097580e+03
4252	-1.124934e+03
4253	-1.114008e+03
4254	-1.142476e+03
4255	-1.112008e+03
4256	-1.116316e+03
4257	-1.147031e+03
4258	-1.142904e+03
4259	-1.137253e+03
4260	-1.130408e+03
4261	-1.120657e+03
4262	-1.125370e+03
4263	-1.133739e+03
4264	-1.131461e+03
4265	-1.151826e+03
4266	-1.117438e+03
4267	-1.128231e+03
4268	-1.139596e+03
4269	-1.126750e+03
4270	-1.141203e+03
4271	-1.139152e+03
4272	-1.124265e+03
4273	-1.115482e+03
4274	-1.124710e+03
4275	-1.141859e+03
4276	-1.142080e+03
4277	-1.145689e+03
4278	-1.135903e+03
4279	-1.119510e+03
4280	-1.129889e+03
4281	-1.133630e+03
4282	-1.118649e+03
4283	-1.129353e+03
4284	-1.119984e+03
4285	-1.134436e+03
4286	-1.120170e+03
4287	-1.126766e+03
4288	-1.134300e+03
4289	-1.117926e+03
4290	-1.127954e+03
4291	-1.128769e+03
4292	-1.120487e+03
4293	-1.135139e+03
4294	-1.122570e+03
4295	-1.123054e+03
4296	-1.132477e+03
4297	-1.120587e+03
4298	-1.124974e+03
4299	-1.116202e+03
4300	-1.117073e+03
4301	-1.117431e+03
4302	-1.127347e+03
4303	-1.117857e+03
4304	-1.130438e+03
4305	-1.113281e+03
4306	-1.131297e+03
4307	-1.128773e+03
4308	-1.136022e+03
4309	-1.112636e+03
4310	-1.113209e+03
4311	-1.127487e+03
4312	-1.135408e+03
4313	-1.119847e+03
4314	-1.132909e+03
4315	-1.149950e+03
4316	-1.126724e+03
4317	-1.131478e+03
4318	-1.128528e+03
4319	-1.132379e+03
4320	-1.128663e+03
4321	-1.133043e+03
4322	-1.126237e+03
4323	-1.130547e+03
4324	-1.125378e+03
4325	-1.110264e+03
4326	-1.136562e+03
4327	-1.131500e+03
4328	-1.161743e+03
4329	-1.130138e+03
4330	-1.129497e+03
4331	-1.133220e+03
4332	-1.140034e+03
4333	-1.115929e+03
4334	-1.115588e+03
4335	-1.134871e+03
4336	-1.127597e+03
4337	-1.137859e+03
4338	-1.134666e+03
4339	-1.132706e+03
4340	-1.135957e+03
4341	-1.141631e+03
4342	-1.123128e+03
4343	-1.137331e+03
4344	-1.134812e+03
4345	-1.147838e+03
4346	-1.124243e+03
4347	-1.113622e+03
4348	-1.145536e+03
4349	-1.122736e+03
4350	-1.119249e+03
4351	-1.117920e+03
4352	-1.123637e+03
4353	-1.137280e+03
4354	-1.136711e+03
4355	-1.131089e+03
4356	-1.136314e+03
4357	-1.130134e+03
4358	-1.133433e+03
4359	-1.103597e+03
4360	-1.123492e+03
4361	-1.125164e+03
4362	-1.122954e+03
4363	-1.137826e+03
4364	-1.135070e+03
4365	-1.124783e+03
4366	-1.125818e+03
4367	-1.130176e+03
4368	-1.131697e+03
4369	-1.120034e+03
4370	-1.108970e+03
4371	-1.144130e+03
4372	-1.113481e+03
4373	-1.113202e+03
4374	-1.137447e+03
4375	-1.125971e+03
4376	-1.129520e+03
4377	-1.144615e+03
4378	-1.125412e+03
4379	-1.141207e+03
4380	-1.139177e+03
4381	-1.135385e+03
4382	-1.118762e+03
4383	-1.124051e+03
4384	-1.133187e+03
4385	-1.145658e+03
4386	-1.113177e+03
4387	-1.134089e+03
4388	-1.140088e+03
4389	-1.122152e+03
4390	-1.136932e+03
4391	-1.119051e+03
4392	-1.124574e+03
4393	-1.111781e+03
4394	-1.116829e+03
4395	-1.119880e+03
4396	-1.128157e+03
4397	-1.141418e+03
4398	-1.132918e+03
4399	-1.127555e+03
4400	-1.136656e+03
4401	-1.117302e+03
4402	-1.135480e+03
4403	-1.121870e+03
4404	-1.131002e+03
4405	-1.135901e+03
4406	-1.134518e+03
4407	-1.131095e+03
4408	-1.135586e+03
4409	-1.115709e+03
4410	-1.124484e+03
4411	-1.128608e+03
4412	-1.114301e+03
4413	-1.127544e+03
4414	-1.125298e+03
4415	-1.134081e+03
4416	-1.119190e+03
4417	-1.131964e+03
4418	-1.131944e+03
4419	-1.128494e+03
4420	-1.118965e+03
4421	-1.120501e+03
4422	-1.112496e+03
4423	-1.125741e+03
4424	-1.144037e+03
4425	-1.129398e+03
4426	-1.099084e+03
4427	-1.131277e+03
4428	-1.130720e+03
4429	-1.141062e+03
4430	-1.135227e+03
4431	-1.130652e+03
4432	-1.133136e+03
4433	-1.126250e+03
4434	-1.126907e+03
4435	-1.105989e+03
4436	-1.143410e+03
4437	-1.150112e+03
4438	-1.126081e+03
4439	-1.126837e+03
4440	-1.139463e+03
4441	-1.133530e+03
4442	-1.137481e+03
4443	-1.128957e+03
4444	-1.126079e+03
4445	-1.111434e+03
4446	-1.131127e+03
4447	-1.139147e+03
4448	-1.120498e+03
4449	-1.133516e+03
4450	-1.123317e+03
4451	-1.113293e+03
4452	-1.131193e+03
4453	-1.138294e+03
4454	-1.120133e+03
4455	-1.140698e+03
4456	-1.117225e+03
4457	-1.124043e+03
4458	-1.130784e+03
4459	-1.108304e+03
4460	-1.145124e+03
4461	-1.131759e+03
4462	-1.134704e+03
4463	-1.124837e+03
4464	-1.122807e+03
4465	-1.141838e+03
4466	-1.135408e+03
4467	-1.143749e+03
4468	-1.143360e+03
4469	-1.129742e+03
4470	-1.112740e+03
4471	-1.144649e+03
4472	-1.120210e+03
4473	-1.123899e+03
4474	-1.133627e+03
4475	-1.089204e+03
4476	-1.121752e+03
4477	-1.122969e+03
4478	-1.110577e+03
4479	-1.097618e+03
4480	-1.146828e+03
4481	-1.116573e+03
4482	-1.130891e+03
4483	-1.133054e+03
4484	-1.141192e+03
4485	-1.131503e+03
4486	-1.156257e+03
4487	-1.136739e+03
4488	-1.131452e+03
4489	-1.116114e+03
4490	-1.122152e+03
4491	-1.117008e+03
4492	-1.143222e+03
4493	-1.127937e+03
4494	-1.132075e+03
4495	-1.129627e+03
4496	-1.111797e+03
4497	-1.113952e+03
4498	-1.124626e+03
4499	-1.124656e+03
4500	-1.138601e+03
4501	-1.119501e+03
4502	-1.131383e+03
4503	-1.126569e+03
4504	-1.153540e+03
4505	-1.129324e+03
4506	-1.130898e+03
4507	-1.127027e+03
4508	-1.102463e+03
4509	-1.112272e+03
4510	-1.139878e+03
4511	-1.129929e+03
4512	-1.142192e+03
4513	-1.139047e+03
4514	-1.126445e+03
4515	-1.146162e+03
4516	-1.134771e+03
4517	-1.132996e+03
4518	-1.134384e+03
4519	-1.125804e+03
4520	-1.128660e+03
4521	-1.132234e+03
4522	-1.130528e+03
4523	-1.117005e+03
4524	-1.152797e+03
4525	-1.149912e+03
4526	-1.135898e+03
4527	-1.136236e+03
4528	-1.124418e+03
4529	-1.138704e+03
4530	-1.138692e+03
4531	-1.131410e+03
4532	-1.104448e+03
4533	-1.124465e+03
4534	-1.139639e+03
4535	-1.125108e+03
4536	-1.117277e+03
4537	-1.134784e+03
4538	-1.135573e+03
4539	-1.119578e+03
4540	-1.149576e+03
4541	-1.125173e+03
4542	-1.132091e+03
4543	-1.121681e+03
4544	-1.118437e+03
4545	-1.119317e+03
4546	-1.130526e+03
4547	-1.141919e+03
4548	-1.132755e+03
4549	-1.137067e+03
4550	-1.139874e+03
4551	-1.150008e+03
4552	-1.126197e+03
4553	-1.136344e+03
4554	-1.144296e+03
4555	-1.141848e+03
4556	-1.111781e+03
4557	-1.127310e+03
4558	-1.128247e+03
4559	-1.132975e+03
4560	-1.124686e+03
4561	-1.122750e+03
4562	-1.114598e+03
4563	-1.126777e+03
4564	-1.111420e+03
4565	-1.147216e+03
4566	-1.122496e+03
4567	-1.131982e+03
4568	-1.125629e+03
4569	-1.137271e+03
4570	-1.111236e+03
4571	-1.137529e+03
4572	-1.115296e+03
4573	-1.143997e+03
4574	-1.116073e+03
4575	-1.121205e+03
4576	-1.128009e+03
4577	-1.146972e+03
4578	-1.147238e+03
4579	-1.129765e+03
4580	-1.115680e+03
4581	-1.129835e+03
4582	-1.117590e+03
4583	-1.147189e+03
4584	-1.129106e+03
4585	-1.137949e+03
4586	-1.110213e+03
4587	-1.133307e+03
4588	-1.140535e+03
4589	-1.122124e+03
4590	-1.115177e+03
4591	-1.111160e+03
4592	-1.126790e+03
4593	-1.139737e+03
4594	-1.119195e+03
4595	-1.136529e+03
4596	-1.131866e+03
4597	-1.166975e+03
4598	-1.119342e+03
4599	-1.114830e+03
4600	-1.135799e+03
4601	-1.119210e+03
4602	-1.146441e+03
4603	-1.124427e+03
4604	-1.122426e+03
4605	-1.115207e+03
4606	-1.135780e+03
4607	-1.138244e+03
4608	-1.112359e+03
4609	-1.139980e+03
4610	-1.107903e+03
4611	-1.126720e+03
4612	-1.128126e+03
4613	-1.154205e+03
4614	-1.112683e+03
4615	-1.115508e+03
4616	-1.146104e+03
4617	-1.136300e+03
4618	-1.131065e+03
4619	-1.130493e+03
4620	-1.133371e+03
4621	-1.112821e+03
4622	-1.124041e+03
4623	-1.114994e+03
4624	-1.136958e+03
4625	-1.136667e+03
4626	-1.137786e+03
4627	-1.119942e+03
4628	-1.119213e+03
4629	-1.143505e+03
4630	-1.140548e+03
4631	-1.134297e+03
4632	-1.123932e+03
4633	-1.132436e+03
4634	-1.120157e+03
4635	-1.130306e+03
4636	-1.121819e+03
4637	-1.143336e+03
4638	-1.127629e+03
4639	-1.117217e+03
4640	-1.128382e+03
4641	-1.134994e+03
4642	-1.130959e+03
4643	-1.114164e+03
4644	-1.126754e+03
4645	-1.149328e+03
4646	-1.140010e+03
4647	-1.131618e+03
4648	-1.132789e+03
4649	-1.123859e+03
4650	-1.136055e+03
4651	-1.128767e+03
4652	-1.120526e+03
4653	-1.113678e+03
4654	-1.133481e+03
4655	-1.119154e+03
4656	-1.153013e+03
4657	-1.120229e+03
4658	-1.124951e+03
4659	-1.155310e+03
4660	-1.127358e+03
4661	-1.129822e+03
4662	-1.132279e+03
4663	-1.147200e+03
4664	-1.100553e+03
4665	-1.136846e+03
4666	-1.111486e+03
4667	-1.117254e+03
4668	-1.144141e+03
4669	-1.124523e+03
4670	-1.111800e+03
4671	-1.126550e+03
4672	-1.124407e+03
4673	-1.131392e+03
4674	-1.140175e+03
4675	-1.134583e+03
4676	-1.137147e+03
4677	-1.120334e+03
4678	-1.136671e+03
4679	-1.121828e+03
4680	-1.132912e+03
4681	-1.117323e+03
4682	-1.136976e+03
4683	-1.118060e+03
4684	-1.137493e+03
4685	-1.137826e+03
4686	-1.136656e+03
4687	-1.125608e+03
4688	-1.135677e+03
4689	-1.129538e+03
4690	-1.110207e+03
4691	-1.123877e+03
4692	-1.120504e+03
4693	-1.136022e+03
4694	-1.135520e+03
4695	-1.129407e+03
4696	-1.134606e+03
4697	-1.146391e+03
4698	-1.150550e+03
4699	-1.135285e+03
4700	-1.121332e+03
4701	-1.103065e+03
4702	-1.145339e+03
4703	-1.133467e+03
4704	-1.116658e+03
4705	-1.127249e+03
4706	-1.125902e+03
4707	-1.132807e+03
4708	-1.125261e+03
4709	-1.132079e+03
4710	-1.127967e+03
4711	-1.120840e+03
4712	-1.145931e+03
4713	-1.132894e+03
4714	-1.140319e+03
4715	-1.141616e+03
4716	-1.129992e+03
4717	-1.135088e+03
4718	-1.149265e+03
4719	-1.130810e+03
4720	-1.132387e+03
4721	-1.112562e+03
4722	-1.131846e+03
4723	-1.144905e+03
4724	-1.146287e+03
4725	-1.134539e+03
4726	-1.119605e+03
4727	-1.136217e+03
4728	-1.129300e+03
4729	-1.123849e+03
4730	-1.132891e+03
4731	-1.128197e+03
4732	-1.149560e+03
4733	-1.117438e+03
4734	-1.127142e+03
4735	-1.119414e+03
4736	-1.142229e+03
4737	-1.143632e+03
4738	-1.120418e+03
4739	-1.128218e+03
4740	-1.132596e+03
4741	-1.124114e+03
4742	-1.128177e+03
4743	-1.115083e+03
4744	-1.117683e+03
4745	-1.145653e+03
4746	-1.128094e+03
4747	-1.118513e+03
4748	-1.113816e+03
4749	-1.125600e+03
4750	-1.139420e+03
4751	-1.124387e+03
4752	-1.115997e+03
4753	-1.119251e+03
4754	-1.122317e+03
4755	-1.137704e+03
4756	-1.118897e+03
4757	-1.138824e+03
4758	-1.116698e+03
4759	-1.125058e+03
4760	-1.143471e+03
4761	-1.108566e+03
4762	-1.122476e+03
4763	-1.143802e+03
4764	-1.134732e+03
4765	-1.137193e+03
4766	-1.125371e+03
4767	-1.136859e+03
4768	-1.128491e+03
4769	-1.139653e+03
4770	-1.140016e+03
4771	-1.141994e+03
4772	-1.151181e+03
4773	-1.123777e+03
4774	-1.141750e+03
4775	-1.137595e+03
4776	-1.132609e+03
4777	-1.147910e+03
4778	-1.127434e+03
4779	-1.118629e+03
4780	-1.134229e+03
4781	-1.129790e+03
4782	-1.132816e+03
4783	-1.123963e+03
4784	-1.134227e+03
4785	-1.125259e+03
4786	-1.142766e+03
4787	-1.128700e+03
4788	-1.120917e+03
4789	-1.108667e+03
4790	-1.124579e+03
4791	-1.101642e+03
4792	-1.124619e+03
4793	-1.137227e+03
4794	-1.135627e+03
4795	-1.124424e+03
4796	-1.117914e+03
4797	-1.114268e+03
4798	-1.122822e+03
4799	-1.139900e+03
4800	-1.118200e+03
4801	-1.114285e+03
4802	-1.122549e+03
4803	-1.136527e+03
4804	-1.121849e+03
4805	-1.122180e+03
4806	-1.141207e+03
4807	-1.131632e+03
4808	-1.115907e+03
4809	-1.136365e+03
4810	-1.095210e+03
4811	-1.135086e+03
4812	-1.153385e+03
4813	-1.119967e+03
4814	-1.118287e+03
4815	-1.124473e+03
4816	-1.117332e+03
4817	-1.136515e+03
4818	-1.134071e+03
4819	-1.122715e+03
4820	-1.137750e+03
4821	-1.132890e+03
4822	-1.120751e+03
4823	-1.117417e+03
4824	-1.147545e+03
4825	-1.126283e+03
4826	-1.128214e+03
4827	-1.109281e+03
4828	-1.125472e+03
4829	-1.129286e+03
4830	-1.137581e+03
4831	-1.144913e+03
4832	-1.119814e+03
4833	-1.122201e+03
4834	-1.129974e+03
4835	-1.116480e+03
4836	-1.130034e+03
4837	-1.127595e+03
4838	-1.113697e+03
4839	-1.132544e+03
4840	-1.157247e+03
4841	-1.127591e+03
4842	-1.137330e+03
4843	-1.140193e+03
4844	-1.117875e+03
4845	-1.132633e+03
4846	-1.125034e+03
4847	-1.107740e+03
4848	-1.129607e+03
4849	-1.124995e+03
4850	-1.134147e+03
4851	-1.126257e+03
4852	-1.114280e+03
4853	-1.146861e+03
4854	-1.148152e+03
4855	-1.133856e+03
4856	-1.123442e+03
4857	-1.123023e+03
4858	-1.119084e+03
4859	-1.126207e+03
4860	-1.127883e+03
4861	-1.122300e+03
4862	-1.142618e+03
4863	-1.144379e+03
4864	-1.124028e+03
4865	-1.132254e+03
4866	-1.145602e+03
4867	-1.125058e+03
4868	-1.119690e+03
4869	-1.126779e+03
4870	-1.127268e+03
4871	-1.111191e+03
4872	-1.114835e+03
4873	-1.131516e+03
4874	-1.134091e+03
4875	-1.126304e+03
4876	-1.152781e+03
4877	-1.136302e+03
4878	-1.146746e+03
4879	-1.127286e+03
4880	-1.140260e+03
4881	-1.137162e+03
4882	-1.135921e+03
4883	-1.149753e+03
4884	-1.146223e+03
4885	-1.124302e+03
4886	-1.130101e+03
4887	-1.132367e+03
4888	-1.119262e+03
4889	-1.130283e+03
4890	-1.131015e+03
4891	-1.142337e+03
4892	-1.124678e+03
4893	-1.141158e+03
4894	-1.139799e+03
4895	-1.117583e+03
4896	-1.126466e+03
4897	-1.131974e+03
4898	-1.134002e+03
4899	-1.145299e+03
4900	-1.142857e+03
4901	-1.125755e+03
4902	-1.119320e+03
4903	-1.155945e+03
4904	-1.127892e+03
4905	-1.126910e+03
4906	-1.125170e+03
4907	-1.129435e+03
4908	-1.139538e+03
4909	-1.122711e+03
4910	-1.133353e+03
4911	-1.127942e+03
4912	-1.119364e+03
4913	-1.116497e+03
4914	-1.118484e+03
4915	-1.120848e+03
4916	-1.125092e+03
4917	-1.126448e+03
4918	-1.146194e+03
4919	-1.119800e+03
4920	-1.121674e+03
4921	-1.141843e+03
4922	-1.153504e+03
4923	-1.116386e+03
4924	-1.135114e+03
4925	-1.111031e+03
4926	-1.150133e+03
4927	-1.148181e+03
4928	-1.118613e+03
4929	-1.121938e+03
4930	-1.137575e+03
4931	-1.127539e+03
4932	-1.109135e+03
4933	-1.136095e+03
4934	-1.143817e+03
4935	-1.131375e+03
4936	-1.124380e+03
4937	-1.117971e+03
4938	-1.121356e+03
4939	-1.142099e+03
4940	-1.146853e+03
4941	-1.098673e+03
4942	-1.126309e+03
4943	-1.106045e+03
4944	-1.132291e+03
4945	-1.137181e+03
4946	-1.139300e+03
4947	-1.118850e+03
4948	-1.135225e+03
4949	-1.126249e+03
4950	-1.142592e+03
4951	-1.119608e+03
4952	-1.129787e+03
4953	-1.109860e+03
4954	-1.142346e+03
4955	-1.124819e+03
4956	-1.129556e+03
4957	-1.121232e+03
4958	-1.151758e+03
4959	-1.129022e+03
4960	-1.159302e+03
4961	-1.129590e+03
4962	-1.107662e+03
4963	-1.124911e+03
4964	-1.126026e+03
4965	-1.116843e+03
4966	-1.140657e+03
4967	-1.127925e+03
4968	-1.132629e+03
4969	-1.137913e+03
4970	-1.119238e+03
4971	-1.133341e+03
4972	-1.129845e+03
4973	-1.136669e+03
4974	-1.138789e+03
4975	-1.138672e+03
4976	-1.133156e+03
4977	-1.095674e+03
4978	-1.133808e+03
4979	-1.112875e+03
4980	-1.128568e+03
4981	-1.136525e+03
4982	-1.122461e+03
4983	-1.115203e+03
4984	-1.128285e+03
4985	-1.150695e+03
4986	-1.132705e+03
4987	-1.119417e+03
4988	-1.132875e+03
4989	-1.128044e+03
4990	-1.147262e+03
4991	-1.105912e+03
4992	-1.145552e+03
4993	-1.124194e+03
4994	-1.125659e+03
4995	-1.141861e+03
4996	-1.138940e+03
4997	-1.111834e+03
4998	-1.117094e+03
4999	-1.139954e+03
5000	-1.132733e+03
5001	-1.132636e+03
5002	-1.113238e+03
5003	-1.114680e+03
5004	-1.129180e+03
5005	-1.135455e+03
5006	-1.119487e+03
5007	-1.123706e+03
5008	-1.138703e+03
5009	-1.136048e+03
5010	-1.131481e+03
5011	-1.135685e+03
5012	-1.133931e+03
5013	-1.112817e+03
5014	-1.114470e+03
5015	-1.113660e+03
5016	-1.139990e+03
5017	-1.137284e+03
5018	-1.140107e+03
5019	-1.149691e+03
5020	-1.116377e+03
5021	-1.142691e+03
5022	-1.142628e+03
5023	-1.149508e+03
5024	-1.126256e+03
5025	-1.114733e+03
5026	-1.125896e+03
5027	-1.122878e+03
5028	-1.130035e+03
5029	-1.128872e+03
5030	-1.126929e+03
5031	-1.132348e+03
5032	-1.131485e+03
5033	-1.132221e+03
5034	-1.129319e+03
5035	-1.146861e+03
5036	-1.125947e+03
5037	-1.129336e+03
5038	-1.122212e+03
5039	-1.129004e+03
5040	-1.110324e+03
5041	-1.134615e+03
5042	-1.124107e+03
5043	-1.105727e+03
5044	-1.147843e+03
5045	-1.144298e+03
5046	-1.136528e+03
5047	-1.131891e+03
5048	-1.149943e+03
5049	-1.108755e+03
5050	-1.119389e+03
5051	-1.117261e+03
5052	-1.137409e+03
5053	-1.119497e+03
5054	-1.141607e+03
5055	-1.114380e+03
5056	-1.143384e+03
5057	-1.117971e+03
5058	-1.112272e+03
5059	-1.120887e+03
5060	-1.123787e+03
5061	-1.138595e+03
5062	-1.122625e+03
5063	-1.121613e+03
5064	-1.119328e+03
5065	-1.115232e+03
5066	-1.143663e+03
5067	-1.139347e+03
5068	-1.113375e+03
5069	-1.118423e+03
5070	-1.128226e+03
5071	-1.142420e+03
5072	-1.148785e+03
5073	-1.135445e+03
5074	-1.143359e+03
5075	-1.124886e+03
5076	-1.121258e+03
5077	-1.123255e+03
5078	-1.151551e+03
5079	-1.128705e+03
5080	-1.128956e+03
5081	-1.133060e+03
5082	-1.085767e+03
5083	-1.110423e+03
5084	-1.126204e+03
5085	-1.126774e+03
5086	-1.141309e+03
5087	-1.144728e+03
5088	-1.144225e+03
5089	-1.143710e+03
5090	-1.112051e+03
5091	-1.126748e+03
5092	-1.123758e+03
5093	-1.122977e+03
5094	-1.129115e+03
5095	-1.121959e+03
5096	-1.119467e+03
5097	-1.134617e+03
5098	-1.132120e+03
5099	-1.114853e+03
5100	-1.135128e+03
5101	-1.120609e+03
5102	-1.126214e+03
5103	-1.135830e+03
5104	-1.128403e+03
5105	-1.130458e+03
5106	-1.122886e+03
5107	-1.122636e+03
5108	-1.125452e+03
5109	-1.131703e+03
5110	-1.124967e+03
5111	-1.134053e+03
5112	-1.123056e+03
5113	-1.132212e+03
5114	-1.132084e+03
5115	-1.120800e+03
5116	-1.130608e+03
5117	-1.136060e+03
5118	-1.141942e+03
5119	-1.129759e+03
5120	-1.116760e+03
5121	-1.117854e+03
5122	-1.117540e+03
5123	-1.116638e+03
5124	-1.127905e+03
5125	-1.146805e+03
5126	-1.129480e+03
5127	-1.092168e+03
5128	-1.148105e+03
5129	-1.135016e+03
5130	-1.137510e+03
5131	-1.132282e+03
5132	-1.097903e+03
5133	-1.134053e+03
5134	-1.122509e+03
5135	-1.123851e+03
5136	-1.135609e+03
5137	-1.153116e+03
5138	-1.137233e+03
5139	-1.116902e+03
5140	-1.136418e+03
5141	-1.133087e+03
5142	-1.127441e+03
5143	-1.132705e+03
5144	-1.138878e+03
5145	-1.122453e+03
5146	-1.138772e+03
5147	-1.127454e+03
5148	-1.115417e+03
5149	-1.146554e+03
5150	-1.133966e+03
5151	-1.130837e+03
5152	-1.111793e+03
5153	-1.146378e+03
5154	-1.153874e+03
5155	-1.121776e+03
5156	-1.118806e+03
5157	-1.106612e+03
5158	-1.129421e+03
5159	-1.119628e+03
5160	-1.142886e+03
5161	-1.155634e+03
5162	-1.132570e+03
5163	-1.135649e+03
5164	-1.140494e+03
5165	-1.115887e+03
5166	-1.152173e+03
5167	-1.131326e+03
5168	-1.154403e+03
5169	-1.143749e+03
5170	-1.130186e+03
5171	-1.139050e+03
5172	-1.102523e+03
5173	-1.125473e+03
5174	-1.129364e+03
5175	-1.126965e+03
5176	-1.133789e+03
5177	-1.117996e+03
5178	-1.125684e+03
5179	-1.123150e+03
5180	-1.130046e+03
5181	-1.134515e+03
5182	-1.128811e+03
5183	-1.118812e+03
5184	-1.133498e+03
5185	-1.139543e+03
5186	-1.145973e+03
5187	-1.137471e+03
5188	-1.130435e+03
5189	-1.140873e+03
5190	-1.101459e+03
5191	-1.121162e+03
5192	-1.131455e+03
5193	-1.143516e+03
5194	-1.126930e+03
5195	-1.106987e+03
5196	-1.125248e+03
5197	-1.115686e+03
5198	-1.127580e+03
5199	-1.125562e+03
5200	-1.131209e+03
5201	-1.131902e+03
5202	-1.143299e+03
5203	-1.128625e+03
5204	-1.127338e+03
5205	-1.119871e+03
5206	-1.118482e+03
5207	-1.138308e+03
5208	-1.131505e+03
5209	-1.112286e+03
5210	-1.102781e+03
5211	-1.129991e+03
5212	-1.128854e+03
5213	-1.112980e+03
5214	-1.122008e+03
5215	-1.131729e+03
5216	-1.121864e+03
5217	-1.131363e+03
5218	-1.129090e+03
5219	-1.135013e+03
5220	-1.130081e+03
5221	-1.130694e+03
5222	-1.124636e+03
5223	-1.134555e+03
5224	-1.129569e+03
5225	-1.128915e+03
5226	-1.154444e+03
5227	-1.162783e+03
5228	-1.125587e+03
5229	-1.112379e+03
5230	-1.131347e+03
5231	-1.151171e+03
5232	-1.135467e+03
5233	-1.135956e+03
5234	-1.133965e+03
5235	-1.115537e+03
5236	-1.134467e+03
5237	-1.118861e+03
5238	-1.111475e+03
5239	-1.130326e+03
5240	-1.125620e+03
5241	-1.144726e+03
5242	-1.145923e+03
5243	-1.122961e+03
5244	-1.137100e+03
5245	-1.121140e+03
5246	-1.106829e+03
5247	-1.147318e+03
5248	-1.131817e+03
5249	-1.136399e+03
5250	-1.108880e+03
5251	-1.151367e+03
5252	-1.124049e+03
5253	-1.131914e+03
5254	-1.122941e+03
5255	-1.140831e+03
5256	-1.125210e+03
5257	-1.104267e+03
5258	-1.132191e+03
5259	-1.149342e+03
5260	-1.138861e+03
5261	-1.124400e+03
5262	-1.111313e+03
5263	-1.125111e+03
5264	-1.137938e+03
5265	-1.152491e+03
5266	-1.117695e+03
5267	-1.119861e+03
5268	-1.122951e+03
5269	-1.131218e+03
5270	-1.116641e+03
5271	-1.142723e+03
5272	-1.130259e+03
5273	-1.120431e+03
5274	-1.139375e+03
5275	-1.148211e+03
5276	-1.129921e+03
5277	-1.132566e+03
5278	-1.128023e+03
5279	-1.122637e+03
5280	-1.133093e+03
5281	-1.122257e+03
5282	-1.143645e+03
5283	-1.134821e+03
5284	-1.104285e+03
5285	-1.121007e+03
5286	-1.122298e+03
5287	-1.130176e+03
5288	-1.113028e+03
5289	-1.129789e+03
5290	-1.131080e+03
5291	-1.131961e+03
5292	-1.119990e+03
5293	-1.143157e+03
5294	-1.122932e+03
5295	-1.143347e+03
5296	-1.138613e+03
5297	-1.160853e+03
5298	-1.124117e+03
5299	-1.124002e+03
5300	-1.118286e+03
5301	-1.130286e+03
5302	-1.118534e+03
5303	-1.126204e+03
5304	-1.129614e+03
5305	-1.118900e+03
5306	-1.149612e+03
5307	-1.104399e+03
5308	-1.130500e+03
5309	-1.131179e+03
5310	-1.110511e+03
5311	-1.138923e+03
5312	-1.117718e+03
5313	-1.117504e+03
5314	-1.152041e+03
5315	-1.125390e+03
5316	-1.123262e+03
5317	-1.125269e+03
5318	-1.135276e+03
5319	-1.122565e+03
5320	-1.129801e+03
5321	-1.130323e+03
5322	-1.131368e+03
5323	-1.132498e+03
5324	-1.109291e+03
5325	-1.107250e+03
5326	-1.127543e+03
5327	-1.132675e+03
5328	-1.135129e+03
5329	-1.124300e+03
5330	-1.136433e+03
5331	-1.118312e+03
5332	-1.130727e+03
5333	-1.118959e+03
5334	-1.113336e+03
5335	-1.105334e+03
5336	-1.118607e+03
5337	-1.110128e+03
5338	-1.125365e+03
5339	-1.144517e+03
5340	-1.123611e+03
5341	-1.133107e+03
5342	-1.127094e+03
5343	-1.128446e+03
5344	-1.146207e+03
5345	-1.126102e+03
5346	-1.141153e+03
5347	-1.117835e+03
5348	-1.129493e+03
5349	-1.135637e+03
5350	-1.139045e+03
5351	-1.123243e+03
5352	-1.124506e+03
5353	-1.116153e+03
5354	-1.122659e+03
5355	-1.133954e+03
5356	-1.139624e+03
5357	-1.141120e+03
5358	-1.145561e+03
5359	-1.112556e+03
5360	-1.106497e+03
5361	-1.132590e+03
5362	-1.118723e+03
5363	-1.136091e+03
5364	-1.140191e+03
5365	-1.116138e+03
5366	-1.119568e+03
5367	-1.125294e+03
5368	-1.140126e+03
5369	-1.117822e+03
5370	-1.132759e+03
5371	-1.140074e+03
5372	-1.132827e+03
5373	-1.138420e+03
5374	-1.118783e+03
5375	-1.126123e+03
5376	-1.129122e+03
5377	-1.149058e+03
5378	-1.117757e+03
5379	-1.128764e+03
5380	-1.143658e+03
5381	-1.121960e+03
5382	-1.118794e+03
5383	-1.135556e+03
5384	-1.137759e+03
5385	-1.134906e+03
5386	-1.113569e+03
5387	-1.121429e+03
5388	-1.126076e+03
5389	-1.140021e+03
5390	-1.129955e+03
5391	-1.113760e+03
5392	-1.123164e+03
5393	-1.125841e+03
5394	-1.136088e+03
5395	-1.148141e+03
5396	-1.134889e+03
5397	-1.121128e+03
5398	-1.134738e+03
5399	-1.123302e+03
5400	-1.128936e+03
5401	-1.127663e+03
5402	-1.136023e+03
5403	-1.143101e+03
5404	-1.129996e+03
5405	-1.159361e+03
5406	-1.136539e+03
5407	-1.122022e+03
5408	-1.106015e+03
5409	-1.134908e+03
5410	-1.137200e+03
5411	-1.144037e+03
5412	-1.136212e+03
5413	-1.145149e+03
5414	-1.129001e+03
5415	-1.146968e+03
5416	-1.123775e+03
5417	-1.111074e+03
5418	-1.139112e+03
5419	-1.128664e+03
5420	-1.140250e+03
5421	-1.144013e+03
5422	-1.151362e+03
5423	-1.132413e+03
5424	-1.130839e+03
5425	-1.123279e+03
5426	-1.144684e+03
5427	-1.112824e+03
5428	-1.122319e+03
5429	-1.120012e+03
5430	-1.142109e+03
5431	-1.125746e+03
5432	-1.140130e+03
5433	-1.118596e+03
5434	-1.118783e+03
5435	-1.124425e+03
5436	-1.115240e+03
5437	-1.132492e+03
5438	-1.131826e+03
5439	-1.139608e+03
5440	-1.139630e+03
5441	-1.128598e+03
5442	-1.140664e+03
5443	-1.106961e+03
5444	-1.120914e+03
5445	-1.125029e+03
5446	-1.133785e+03
5447	-1.129144e+03
5448	-1.148059e+03
5449	-1.126398e+03
5450	-1.118101e+03
5451	-1.128075e+03
5452	-1.131476e+03
5453	-1.122800e+03
5454	-1.137970e+03
5455	-1.110887e+03
5456	-1.141469e+03
5457	-1.122616e+03
5458	-1.137832e+03
5459	-1.124147e+03
5460	-1.151305e+03
5461	-1.119665e+03
5462	-1.118997e+03
5463	-1.130924e+03
5464	-1.134484e+03
5465	-1.120349e+03
5466	-1.126295e+03
5467	-1.125470e+03
5468	-1.129168e+03
5469	-1.134340e+03
5470	-1.119714e+03
5471	-1.119094e+03
5472	-1.132566e+03
5473	-1.130475e+03
5474	-1.147016e+03
5475	-1.150646e+03
5476	-1.130544e+03
5477	-1.141589e+03
5478	-1.121772e+03
5479	-1.146175e+03
5480	-1.129032e+03
5481	-1.146114e+03
5482	-1.139612e+03
5483	-1.130902e+03
5484	-1.131222e+03
5485	-1.141361e+03
5486	-1.116076e+03
5487	-1.127732e+03
5488	-1.122767e+03
5489	-1.123694e+03
5490	-1.128915e+03
5491	-1.116773e+03
5492	-1.133693e+03
5493	-1.122476e+03
5494	-1.139219e+03
5495	-1.125246e+03
5496	-1.137246e+03
5497	-1.148235e+03
5498	-1.112945e+03
5499	-1.128437e+03
5500	-1.123519e+03
5501	-1.142616e+03
5502	-1.146661e+03
5503	-1.131027e+03
5504	-1.127699e+03
5505	-1.145174e+03
5506	-1.148179e+03
5507	-1.131857e+03
5508	-1.124165e+03
5509	-1.128216e+03
5510	-1.142200e+03
5511	-1.127416e+03
5512	-1.148588e+03
5513	-1.132001e+03
5514	-1.132301e+03
5515	-1.139549e+03
5516	-1.119396e+03
5517	-1.120841e+03
5518	-1.122460e+03
5519	-1.132478e+03
5520	-1.129576e+03
5521	-1.103261e+03
5522	-1.143182e+03
5523	-1.146388e+03
5524	-1.126079e+03
5525	-1.163425e+03
5526	-1.154463e+03
5527	-1.124281e+03
5528	-1.108827e+03
5529	-1.138906e+03
5530	-1.131368e+03
5531	-1.129177e+03
5532	-1.115755e+03
5533	-1.125758e+03
5534	-1.149251e+03
5535	-1.123877e+03
5536	-1.127815e+03
5537	-1.124315e+03
5538	-1.132152e+03
5539	-1.127818e+03
5540	-1.117770e+03
5541	-1.117724e+03
5542	-1.128662e+03
5543	-1.140415e+03
5544	-1.121485e+03
5545	-1.136740e+03
5546	-1.119350e+03
5547	-1.132403e+03
5548	-1.138036e+03
5549	-1.118226e+03
5550	-1.134946e+03
5551	-1.120205e+03
5552	-1.117163e+03
5553	-1.119984e+03
5554	-1.128853e+03
5555	-1.125203e+03
5556	-1.142435e+03
5557	-1.124133e+03
5558	-1.142343e+03
5559	-1.148272e+03
5560	-1.131757e+03
5561	-1.110172e+03
5562	-1.121645e+03
5563	-1.125060e+03
5564	-1.132383e+03
5565	-1.137532e+03
5566	-1.122023e+03
5567	-1.109765e+03
5568	-1.122813e+03
5569	-1.129380e+03
5570	-1.142884e+03
5571	-1.126871e+03
5572	-1.142090e+03
5573	-1.135628e+03
5574	-1.119678e+03
5575	-1.110598e+03
5576	-1.116357e+03
5577	-1.116056e+03
5578	-1.110082e+03
5579	-1.123865e+03
5580	-1.129153e+03
5581	-1.132029e+03
5582	-1.128331e+03
5583	-1.141402e+03
5584	-1.130515e+03
5585	-1.126602e+03
5586	-1.120506e+03
5587	-1.132810e+03
5588	-1.118708e+03
5589	-1.125986e+03
5590	-1.140104e+03
5591	-1.127546e+03
5592	-1.132978e+03
5593	-1.127596e+03
5594	-1.113648e+03
5595	-1.129259e+03
5596	-1.141379e+03
5597	-1.119681e+03
5598	-1.132026e+03
5599	-1.128846e+03
5600	-1.116211e+03
5601	-1.131557e+03
5602	-1.135569e+03
5603	-1.118126e+03
5604	-1.128799e+03
5605	-1.116827e+03
5606	-1.118928e+03
5607	-1.138829e+03
5608	-1.138248e+03
5609	-1.142804e+03
5610	-1.141597e+03
5611	-1.117601e+03
5612	-1.146639e+03
5613	-1.127632e+03
5614	-1.125102e+03
5615	-1.102151e+03
5616	-1.142506e+03
5617	-1.136711e+03
5618	-1.139877e+03
5619	-1.137660e+03
5620	-1.133295e+03
5621	-1.123714e+03
5622	-1.126034e+03
5623	-1.128146e+03
5624	-1.141488e+03
5625	-1.115997e+03
5626	-1.146168e+03
5627	-1.127681e+03
5628	-1.130627e+03
5629	-1.137426e+03
5630	-1.120307e+03
5631	-1.109577e+03
5632	-1.127345e+03
5633	-1.131613e+03
5634	-1.119909e+03
5635	-1.133556e+03
5636	-1.125571e+03
5637	-1.143862e+03
5638	-1.115936e+03
5639	-1.129869e+03
5640	-1.133195e+03
5641	-1.132910e+03
5642	-1.129804e+03
5643	-1.128020e+03
5644	-1.138684e+03
5645	-1.138636e+03
5646	-1.138999e+03
5647	-1.128490e+03
5648	-1.126699e+03
5649	-1.140710e+03
5650	-1.126917e+03
5651	-1.132960e+03
5652	-1.125431e+03
5653	-1.142750e+03
5654	-1.119902e+03
5655	-1.138371e+03
5656	-1.135229e+03
5657	-1.135796e+03
5658	-1.135819e+03
5659	-1.128219e+03
5660	-1.109655e+03
5661	-1.116663e+03
5662	-1.144185e+03
5663	-1.146572e+03
5664	-1.130168e+03
5665	-1.128022e+03
5666	-1.141166e+03
5667	-1.119891e+03
5668	-1.122712e+03
5669	-1.142728e+03
5670	-1.139695e+03
5671	-1.113857e+03
5672	-1.114618e+03
5673	-1.136335e+03
5674	-1.113427e+03
5675	-1.146130e+03
5676	-1.127937e+03
5677	-1.126813e+03
5678	-1.134488e+03
5679	-1.137398e+03
5680	-1.117962e+03
5681	-1.122031e+03
5682	-1.120528e+03
5683	-1.133547e+03
5684	-1.123755e+03
5685	-1.132196e+03
5686	-1.107073e+03
5687	-1.148180e+03
5688	-1.128085e+03
5689	-1.126205e+03
5690	-1.125341e+03
5691	-1.137609e+03
5692	-1.133389e+03
5693	-1.122637e+03
5694	-1.128722e+03
5695	-1.135199e+03
5696	-1.139693e+03
5697	-1.151775e+03
5698	-1.123723e+03
5699	-1.148533e+03
5700	-1.144227e+03
5701	-1.138128e+03
5702	-1.127915e+03
5703	-1.144592e+03
5704	-1.122863e+03
5705	-1.128690e+03
5706	-1.132111e+03
5707	-1.133261e+03
5708	-1.153715e+03
5709	-1.124118e+03
5710	-1.123304e+03
5711	-1.125518e+03
5712	-1.120403e+03
5713	-1.131662e+03
5714	-1.131809e+03
5715	-1.104442e+03
5716	-1.133145e+03
5717	-1.125840e+03
5718	-1.115023e+03
5719	-1.134174e+03
5720	-1.150228e+03
5721	-1.121119e+03
5722	-1.151603e+03
5723	-1.129065e+03
5724	-1.117888e+03
5725	-1.132471e+03
5726	-1.139259e+03
5727	-1.120313e+03
5728	-1.133803e+03
5729	-1.131765e+03
5730	-1.123235e+03
5731	-1.131089e+03
5732	-1.122924e+03
5733	-1.134022e+03
5734	-1.115520e+03
5735	-1.130360e+03
5736	-1.146084e+03
5737	-1.134937e+03
5738	-1.132772e+03
5739	-1.128892e+03
5740	-1.115461e+03
5741	-1.106747e+03
5742	-1.115724e+03
5743	-1.124918e+03
5744	-1.107062e+03
5745	-1.130533e+03
5746	-1.122365e+03
5747	-1.131458e+03
5748	-1.141547e+03
5749	-1.133572e+03
5750	-1.118274e+03
5751	-1.145960e+03
5752	-1.125829e+03
5753	-1.125319e+03
5754	-1.106558e+03
5755	-1.132732e+03
5756	-1.128441e+03
5757	-1.105076e+03
5758	-1.126412e+03
5759	-1.111137e+03
5760	-1.146632e+03
5761	-1.129689e+03
5762	-1.129156e+03
5763	-1.126470e+03
5764	-1.125410e+03
5765	-1.133612e+03
5766	-1.130870e+03
5767	-1.129934e+03
5768	-1.141099e+03
5769	-1.126161e+03
5770	-1.121130e+03
5771	-1.116550e+03
5772	-1.126330e+03
5773	-1.128517e+03
5774	-1.143063e+03
5775	-1.133929e+03
5776	-1.131116e+03
5777	-1.132903e+03
5778	-1.139677e+03
5779	-1.125421e+03
5780	-1.121939e+03
5781	-1.115782e+03
5782	-1.107307e+03
5783	-1.121537e+03
5784	-1.126065e+03
5785	-1.137263e+03
5786	-1.136593e+03
5787	-1.141056e+03
5788	-1.127935e+03
5789	-1.112089e+03
5790	-1.123718e+03
5791	-1.129061e+03
5792	-1.109091e+03
5793	-1.122516e+03
5794	-1.137370e+03
5795	-1.113064e+03
5796	-1.119909e+03
5797	-1.123673e+03
5798	-1.129741e+03
5799	-1.110331e+03
5800	-1.139129e+03
5801	-1.122295e+03
5802	-1.120895e+03
5803	-1.129148e+03
5804	-1.120178e+03
5805	-1.125273e+03
5806	-1.135893e+03
5807	-1.121400e+03
5808	-1.127561e+03
5809	-1.137449e+03
5810	-1.123925e+03
5811	-1.123889e+03
5812	-1.127786e+03
5813	-1.128481e+03
5814	-1.133712e+03
5815	-1.136939e+03
5816	-1.123709e+03
5817	-1.126921e+03
5818	-1.132681e+03
5819	-1.132905e+03
5820	-1.130773e+03
5821	-1.113246e+03
5822	-1.097220e+03
5823	-1.137593e+03
5824	-1.110088e+03
5825	-1.115081e+03
5826	-1.141887e+03
5827	-1.130524e+03
5828	-1.126831e+03
5829	-1.114926e+03
5830	-1.141623e+03
5831	-1.114538e+03
5832	-1.131387e+03
5833	-1.121910e+03
5834	-1.127849e+03
5835	-1.135789e+03
5836	-1.121428e+03
5837	-1.131721e+03
5838	-1.125420e+03
5839	-1.135804e+03
5840	-1.146737e+03
5841	-1.131960e+03
5842	-1.113621e+03
5843	-1.118082e+03
5844	-1.123520e+03
5845	-1.130829e+03
5846	-1.119008e+03
5847	-1.127970e+03
5848	-1.144663e+03
5849	-1.108959e+03
5850	-1.129061e+03
5851	-1.151599e+03
5852	-1.145731e+03
5853	-1.153475e+03
5854	-1.140255e+03
5855	-1.129906e+03
5856	-1.130186e+03
5857	-1.127637e+03
5858	-1.116538e+03
5859	-1.117519e+03
5860	-1.155814e+03
5861	-1.130116e+03
5862	-1.116582e+03
5863	-1.127885e+03
5864	-1.118923e+03
5865	-1.111411e+03
5866	-1.133723e+03
5867	-1.116253e+03
5868	-1.137470e+03
5869	-1.142010e+03
5870	-1.113075e+03
5871	-1.119001e+03
5872	-1.130722e+03
5873	-1.133064e+03
5874	-1.115678e+03
5875	-1.120925e+03
5876	-1.127175e+03
5877	-1.141764e+03
5878	-1.144257e+03
5879	-1.146071e+03
5880	-1.117337e+03
5881	-1.147931e+03
5882	-1.113726e+03
5883	-1.124354e+03
5884	-1.130977e+03
5885	-1.114301e+03
5886	-1.131630e+03
5887	-1.128142e+03
5888	-1.139357e+03
5889	-1.131514e+03
5890	-1.132974e+03
5891	-1.128767e+03
5892	-1.137424e+03
5893	-1.123966e+03
5894	-1.132627e+03
5895	-1.131947e+03
5896	-1.134373e+03
5897	-1.100100e+03
5898	-1.122541e+03
5899	-1.134304e+03
5900	-1.132947e+03
5901	-1.120755e+03
5902	-1.117228e+03
5903	-1.136996e+03
5904	-1.145812e+03
5905	-1.133551e+03
5906	-1.139157e+03
5907	-1.120179e+03
5908	-1.130917e+03
5909	-1.134871e+03
5910	-1.142979e+03
5911	-1.133574e+03
5912	-1.119066e+03
5913	-1.124262e+03
5914	-1.133281e+03
5915	-1.135529e+03
5916	-1.149090e+03
5917	-1.128009e+03
5918	-1.126044e+03
5919	-1.122505e+03
5920	-1.119312e+03
5921	-1.120252e+03
5922	-1.120161e+03
5923	-1.138773e+03
5924	-1.152883e+03
5925	-1.120229e+03
5926	-1.129058e+03
5927	-1.140192e+03
5928	-1.128491e+03
5929	-1.133011e+03
5930	-1.125091e+03
5931	-1.121753e+03
5932	-1.121892e+03
5933	-1.113412e+03
5934	-1.130359e+03
5935	-1.121959e+03
5936	-1.142713e+03
5937	-1.129897e+03
5938	-1.131900e+03
5939	-1.128446e+03
5940	-1.131770e+03
5941	-1.127982e+03
5942	-1.138125e+03
5943	-1.128406e+03
5944	-1.122758e+03
5945	-1.121214e+03
5946	-1.133109e+03
5947	-1.129219e+03
5948	-1.105765e+03
5949	-1.141089e+03
5950	-1.136637e+03
5951	-1.118104e+03
5952	-1.130328e+03
5953	-1.127256e+03
5954	-1.126176e+03
5955	-1.128232e+03
5956	-1.136112e+03
5957	-1.136325e+03
5958	-1.132271e+03
5959	-1.118253e+03
5960	-1.120642e+03
5961	-1.138013e+03
5962	-1.134956e+03
5963	-1.120594e+03
5964	-1.135343e+03
5965	-1.102559e+03
5966	-1.123036e+03
5967	-1.118236e+03
5968	-1.130732e+03
5969	-1.133095e+03
5970	-1.146797e+03
5971	-1.127029e+03
5972	-1.119456e+03
5973	-1.138239e+03
5974	-1.117731e+03
5975	-1.141094e+03
5976	-1.135739e+03
5977	-1.120508e+03
5978	-1.131153e+03
5979	-1.130552e+03
5980	-1.133248e+03
5981	-1.134267e+03
5982	-1.130529e+03
5983	-1.128205e+03
5984	-1.138351e+03
5985	-1.147164e+03
5986	-1.136083e+03
5987	-1.137335e+03
5988	-1.125208e+03
5989	-1.130399e+03
5990	-1.122749e+03
5991	-1.128150e+03
5992	-1.124522e+03
5993	-1.106971e+03
5994	-1.117698e+03
5995	-1.133862e+03
5996	-1.141789e+03
5997	-1.112821e+03
5998	-1.126586e+03
5999	-1.127797e+03
6000	-1.142671e+03
6001	-1.130378e+03
6002	-1.129980e+03
6003	-1.129605e+03
6004	-1.128106e+03
6005	-1.128603e+03
6006	-1.147223e+03
6007	-1.112209e+03
6008	-1.129676e+03
6009	-1.127596e+03
6010	-1.113514e+03
6011	-1.114445e+03
6012	-1.128310e+03
6013	-1.131249e+03
6014	-1.128926e+03
6015	-1.127479e+03
6016	-1.139146e+03
6017	-1.127821e+03
6018	-1.114514e+03
6019	-1.131086e+03
6020	-1.101284e+03
6021	-1.117888e+03
6022	-1.128216e+03
6023	-1.138892e+03
6024	-1.125200e+03
6025	-1.124146e+03
6026	-1.130827e+03
6027	-1.145658e+03
6028	-1.139120e+03
6029	-1.144347e+03
6030	-1.139342e+03
6031	-1.127347e+03
6032	-1.147447e+03
6033	-1.144796e+03
6034	-1.132111e+03
6035	-1.111803e+03
6036	-1.134882e+03
6037	-1.128293e+03
6038	-1.133135e+03
6039	-1.122861e+03
6040	-1.119291e+03
6041	-1.149283e+03
6042	-1.134882e+03
6043	-1.127249e+03
6044	-1.128666e+03
6045	-1.131605e+03
6046	-1.141068e+03
6047	-1.131858e+03
6048	-1.125846e+03
6049	-1.132456e+03
6050	-1.132137e+03
6051	-1.116246e+03
6052	-1.111353e+03
6053	-1.150254e+03
6054	-1.126330e+03
6055	-1.139833e+03
6056	-1.110110e+03
6057	-1.133462e+03
6058	-1.123523e+03
6059	-1.106136e+03
6060	-1.132027e+03
6061	-1.144190e+03
6062	-1.112914e+03
6063	-1.148126e+03
6064	-1.121103e+03
6065	-1.120519e+03
6066	-1.136982e+03
6067	-1.151018e+03
6068	-1.130511e+03
6069	-1.119902e+03
6070	-1.121601e+03
6071	-1.116253e+03
6072	-1.124434e+03
6073	-1.138178e+03
6074	-1.122561e+03
6075	-1.128558e+03
6076	-1.132043e+03
6077	-1.101975e+03
6078	-1.126554e+03
6079	-1.128633e+03
6080	-1.133055e+03
6081	-1.137463e+03
6082	-1.137311e+03
6083	-1.121981e+03
6084	-1.144265e+03
6085	-1.145688e+03
6086	-1.126970e+03
6087	-1.123752e+03
6088	-1.136912e+03
6089	-1.124490e+03
6090	-1.143351e+03
6091	-1.127392e+03
6092	-1.131296e+03
6093	-1.128176e+03
6094	-1.123078e+03
6095	-1.104226e+03
6096	-1.128925e+03
6097	-1.143781e+03
6098	-1.129046e+03
6099	-1.133141e+03
6100	-1.134739e+03
6101	-1.132265e+03
6102	-1.117716e+03
6103	-1.105183e+03
6104	-1.133030e+03
6105	-1.122949e+03
6106	-1.124239e+03
6107	-1.120076e+03
6108	-1.121577e+03
6109	-1.124156e+03
6110	-1.135374e+03
6111	-1.133365e+03
6112	-1.144929e+03
6113	-1.132191e+03
6114	-1.112364e+03
6115	-1.140877e+03
6116	-1.115949e+03
6117	-1.139073e+03
6118	-1.149367e+03
6119	-1.126034e+03
6120	-1.146057e+03
6121	-1.141966e+03
6122	-1.129590e+03
6123	-1.115147e+03
6124	-1.139899e+03
6125	-1.144637e+03
6126	-1.121477e+03
6127	-1.123037e+03
6128	-1.126229e+03
6129	-1.121561e+03
6130	-1.148754e+03
6131	-1.116942e+03
6132	-1.129073e+03
6133	-1.132302e+03
6134	-1.132368e+03
6135	-1.119016e+03
6136	-1.104729e+03
6137	-1.135925e+03
6138	-1.122272e+03
6139	-1.130789e+03
6140	-1.119014e+03
6141	-1.124549e+03
6142	-1.125126e+03
6143	-1.115445e+03
6144	-1.120222e+03
6145	-1.135657e+03
6146	-1.103399e+03
6147	-1.115910e+03
6148	-1.145881e+03
6149	-1.126171e+03
6150	-1.132064e+03
6151	-1.131861e+03
6152	-1.130025e+03
6153	-1.137102e+03
6154	-1.107614e+03
6155	-1.117886e+03
6156	-1.128130e+03
6157	-1.148127e+03
6158	-1.126236e+03
6159	-1.122155e+03
6160	-1.111035e+03
6161	-1.136776e+03
6162	-1.123593e+03
6163	-1.105791e+03
6164	-1.129743e+03
6165	-1.122863e+03
6166	-1.125473e+03
6167	-1.110906e+03
6168	-1.144539e+03
6169	-1.120521e+03
6170	-1.104779e+03
6171	-1.130656e+03
6172	-1.124401e+03
6173	-1.132751e+03
6174	-1.133550e+03
6175	-1.142013e+03
6176	-1.141173e+03
6177	-1.122699e+03
6178	-1.134828e+03
6179	-1.140160e+03
6180	-1.130077e+03
6181	-1.137020e+03
6182	-1.130071e+03
6183	-1.116504e+03
6184	-1.137599e+03
6185	-1.124382e+03
6186	-1.137836e+03
6187	-1.121540e+03
6188	-1.116280e+03
6189	-1.138739e+03
6190	-1.132362e+03
6191	-1.137503e+03
6192	-1.143829e+03
6193	-1.132170e+03
6194	-1.122837e+03
6195	-1.131529e+03
6196	-1.131255e+03
6197	-1.123665e+03
6198	-1.148307e+03
6199	-1.134480e+03
6200	-1.135894e+03
6201	-1.140180e+03
6202	-1.113767e+03
6203	-1.114943e+03
6204	-1.120413e+03
6205	-1.116220e+03
6206	-1.122360e+03
6207	-1.145480e+03
6208	-1.138206e+03
6209	-1.118920e+03
6210	-1.125613e+03
6211	-1.125606e+03
6212	-1.126489e+03
6213	-1.113555e+03
6214	-1.135552e+03
6215	-1.117391e+03
6216	-1.118649e+03
6217	-1.133411e+03
6218	-1.145875e+03
6219	-1.114739e+03
6220	-1.132987e+03
6221	-1.125740e+03
6222	-1.152793e+03
6223	-1.116792e+03
6224	-1.151558e+03
6225	-1.116238e+03
6226	-1.128447e+03
6227	-1.132274e+03
6228	-1.097940e+03
6229	-1.120452e+03
6230	-1.121030e+03
6231	-1.119388e+03
6232	-1.125919e+03
6233	-1.138013e+03
6234	-1.128826e+03
6235	-1.142899e+03
6236	-1.136524e+03
6237	-1.114373e+03
6238	-1.144613e+03
6239	-1.113359e+03
6240	-1.123891e+03
6241	-1.136958e+03
6242	-1.126719e+03
6243	-1.133784e+03
6244	-1.127962e+03
6245	-1.147798e+03
6246	-1.136388e+03
6247	-1.115971e+03
6248	-1.137902e+03
6249	-1.113296e+03
6250	-1.167718e+03
6251	-1.141533e+03
6252	-1.154928e+03
6253	-1.125236e+03
6254	-1.139804e+03
6255	-1.132813e+03
6256	-1.129453e+03
6257	-1.125086e+03
6258	-1.118085e+03
6259	-1.119007e+03
6260	-1.121290e+03
6261	-1.146900e+03
6262	-1.130933e+03
6263	-1.141342e+03
6264	-1.133364e+03
6265	-1.129172e+03
6266	-1.109808e+03
6267	-1.122542e+03
6268	-1.132822e+03
6269	-1.134275e+03
6270	-1.126151e+03
6271	-1.117275e+03
6272	-1.114933e+03
6273	-1.125742e+03
6274	-1.122591e+03
6275	-1.114735e+03
6276	-1.103192e+03
6277	-1.132528e+03
6278	-1.126343e+03
6279	-1.135196e+03
6280	-1.131502e+03
6281	-1.122663e+03
6282	-1.099122e+03
6283	-1.147633e+03
6284	-1.123824e+03
6285	-1.136403e+03
6286	-1.116214e+03
6287	-1.127068e+03
6288	-1.123111e+03
6289	-1.146194e+03
6290	-1.125818e+03
6291	-1.128788e+03
6292	-1.115246e+03
6293	-1.122014e+03
6294	-1.126814e+03
6295	-1.129610e+03
6296	-1.124392e+03
6297	-1.137666e+03
6298	-1.124625e+03
6299	-1.132610e+03
6300	-1.134249e+03
6301	-1.128782e+03
6302	-1.120703e+03
6303	-1.128605e+03
6304	-1.137519e+03
6305	-1.105400e+03
6306	-1.122554e+03
6307	-1.139111e+03
6308	-1.128678e+03
6309	-1.148440e+03
6310	-1.127478e+03
6311	-1.153319e+03
6312	-1.123834e+03
6313	-1.141048e+03
6314	-1.119831e+03
6315	-1.112144e+03
6316	-1.132300e+03
6317	-1.118383e+03
6318	-1.126681e+03
6319	-1.135217e+03
6320	-1.137349e+03
6321	-1.140037e+03
6322	-1.121073e+03
6323	-1.136593e+03
6324	-1.137191e+03
6325	-1.109379e+03
6326	-1.126581e+03
6327	-1.099532e+03
6328	-1.124597e+03
6329	-1.106652e+03
6330	-1.141226e+03
6331	-1.120673e+03
6332	-1.117665e+03
6333	-1.130224e+03
6334	-1.131494e+03
6335	-1.135250e+03
6336	-1.121277e+03
6337	-1.130340e+03
6338	-1.117102e+03
6339	-1.119691e+03
6340	-1.131487e+03
6341	-1.119164e+03
6342	-1.131671e+03
6343	-1.114254e+03
6344	-1.136034e+03
6345	-1.125065e+03
6346	-1.110097e+03
6347	-1.117877e+03
6348	-1.146297e+03
6349	-1.124904e+03
6350	-1.120080e+03
6351	-1.119574e+03
6352	-1.128142e+03
6353	-1.116852e+03
6354	-1.118479e+03
6355	-1.136154e+03
6356	-1.114720e+03
6357	-1.139979e+03
6358	-1.138341e+03
6359	-1.104773e+03
6360	-1.122292e+03
6361	-1.131040e+03
6362	-1.134257e+03
6363	-1.143964e+03
6364	-1.130177e+03
6365	-1.165695e+03
6366	-1.138107e+03
6367	-1.128699e+03
6368	-1.125538e+03
6369	-1.148300e+03
6370	-1.107783e+03
6371	-1.125141e+03
6372	-1.117676e+03
6373	-1.149666e+03
6374	-1.125758e+03
6375	-1.142898e+03
6376	-1.136194e+03
6377	-1.123543e+03
6378	-1.120004e+03
6379	-1.126349e+03
6380	-1.126034e+03
6381	-1.136546e+03
6382	-1.163944e+03
6383	-1.120656e+03
6384	-1.119518e+03
6385	-1.121056e+03
6386	-1.128932e+03
6387	-1.140981e+03
6388	-1.128422e+03
6389	-1.127835e+03
6390	-1.150923e+03
6391	-1.134390e+03
6392	-1.138619e+03
6393	-1.140323e+03
6394	-1.117274e+03
6395	-1.145538e+03
6396	-1.139163e+03
6397	-1.129764e+03
6398	-1.139404e+03
6399	-1.132162e+03
6400	-1.136925e+03
6401	-1.117954e+03
6402	-1.142971e+03
6403	-1.129175e+03
6404	-1.135374e+03
6405	-1.128570e+03
6406	-1.132265e+03
6407	-1.142976e+03
6408	-1.122288e+03
6409	-1.133858e+03
6410	-1.150604e+03
6411	-1.118494e+03
6412	-1.115982e+03
6413	-1.132316e+03
6414	-1.130379e+03
6415	-1.137060e+03
6416	-1.127920e+03
6417	-1.128353e+03
6418	-1.128728e+03
6419	-1.123920e+03
6420	-1.129999e+03
6421	-1.143331e+03
6422	-1.126100e+03
6423	-1.118297e+03
6424	-1.127160e+03
6425	-1.128524e+03
6426	-1.128622e+03
6427	-1.130325e+03
6428	-1.117199e+03
6429	-1.108342e+03
6430	-1.124133e+03
6431	-1.135907e+03
6432	-1.140258e+03
6433	-1.115403e+03
6434	-1.110581e+03
6435	-1.135515e+03
6436	-1.139459e+03
6437	-1.107215e+03
6438	-1.128316e+03
6439	-1.137692e+03
6440	-1.123285e+03
6441	-1.106853e+03
6442	-1.123714e+03
6443	-1.130300e+03
6444	-1.127713e+03
6445	-1.115255e+03
6446	-1.143593e+03
6447	-1.127092e+03
6448	-1.128067e+03
6449	-1.106525e+03
6450	-1.134609e+03
6451	-1.127546e+03
6452	-1.134697e+03
6453	-1.101401e+03
6454	-1.117521e+03
6455	-1.122758e+03
6456	-1.151505e+03
6457	-1.129830e+03
6458	-1.114428e+03
6459	-1.131799e+03
6460	-1.136010e+03
6461	-1.131107e+03
6462	-1.131867e+03
6463	-1.126826e+03
6464	-1.138109e+03
6465	-1.112667e+03
6466	-1.135154e+03
6467	-1.138875e+03
6468	-1.132003e+03
6469	-1.132132e+03
6470	-1.134209e+03
6471	-1.148335e+03
6472	-1.133139e+03
6473	-1.138093e+03
6474	-1.145392e+03
6475	-1.138092e+03
6476	-1.125268e+03
6477	-1.128334e+03
6478	-1.137514e+03
6479	-1.122386e+03
6480	-1.131552e+03
6481	-1.128416e+03
6482	-1.104860e+03
6483	-1.117058e+03
6484	-1.115267e+03
6485	-1.117818e+03
6486	-1.150439e+03
6487	-1.123892e+03
6488	-1.142831e+03
6489	-1.131117e+03
6490	-1.125509e+03
6491	-1.128097e+03
6492	-1.106991e+03
6493	-1.123689e+03
6494	-1.143551e+03
6495	-1.132946e+03
6496	-1.139554e+03
6497	-1.130498e+03
6498	-1.155189e+03
6499	-1.125862e+03
6500	-1.133677e+03
6501	-1.152732e+03
6502	-1.142447e+03
6503	-1.138216e+03
6504	-1.134958e+03
6505	-1.121869e+03
6506	-1.135844e+03
6507	-1.138077e+03
6508	-1.119940e+03
6509	-1.136699e+03
6510	-1.133613e+03
6511	-1.145470e+03
6512	-1.114214e+03
6513	-1.117993e+03
6514	-1.131665e+03
6515	-1.114939e+03
6516	-1.133386e+03
6517	-1.132213e+03
6518	-1.126724e+03
6519	-1.125030e+03
6520	-1.150616e+03
6521	-1.132873e+03
6522	-1.121202e+03
6523	-1.120164e+03
6524	-1.134205e+03
6525	-1.109249e+03
6526	-1.121336e+03
6527	-1.130336e+03
6528	-1.126200e+03
6529	-1.125245e+03
6530	-1.124333e+03
6531	-1.131024e+03
6532	-1.135821e+03
6533	-1.147426e+03
6534	-1.140475e+03
6535	-1.117679e+03
6536	-1.134430e+03
6537	-1.123364e+03
6538	-1.121584e+03
6539	-1.132177e+03
6540	-1.134304e+03
6541	-1.103974e+03
6542	-1.126947e+03
6543	-1.135901e+03
6544	-1.135434e+03
6545	-1.129871e+03
6546	-1.139733e+03
6547	-1.129918e+03
6548	-1.132287e+03
6549	-1.138006e+03
6550	-1.119457e+03
6551	-1.135753e+03
6552	-1.159009e+03
6553	-1.142727e+03
6554	-1.117605e+03
6555	-1.121933e+03
6556	-1.134206e+03
6557	-1.117175e+03
6558	-1.115676e+03
6559	-1.141464e+03
6560	-1.134119e+03
6561	-1.146563e+03
6562	-1.133939e+03
6563	-1.141138e+03
6564	-1.130227e+03
6565	-1.143718e+03
6566	-1.125481e+03
6567	-1.135102e+03
6568	-1.137319e+03
6569	-1.126305e+03
6570	-1.126299e+03
6571	-1.140708e+03
6572	-1.116847e+03
6573	-1.113825e+03
6574	-1.121231e+03
6575	-1.123406e+03
6576	-1.128792e+03
6577	-1.123423e+03
6578	-1.130770e+03
6579	-1.122612e+03
6580	-1.118454e+03
6581	-1.134253e+03
6582	-1.123791e+03
6583	-1.136481e+03
6584	-1.140754e+03
6585	-1.131279e+03
6586	-1.134783e+03
6587	-1.133424e+03
6588	-1.134977e+03
6589	-1.132175e+03
6590	-1.120133e+03
6591	-1.142192e+03
6592	-1.142091e+03
6593	-1.120220e+03
6594	-1.127954e+03
6595	-1.118541e+03
6596	-1.124355e+03
6597	-1.133084e+03
6598	-1.131169e+03
6599	-1.131047e+03
6600	-1.132170e+03
6601	-1.151125e+03
6602	-1.129146e+03
6603	-1.122140e+03
6604	-1.123493e+03
6605	-1.126304e+03
6606	-1.123893e+03
6607	-1.129863e+03
6608	-1.145090e+03
6609	-1.167269e+03
6610	-1.110876e+03
6611	-1.127779e+03
6612	-1.123391e+03
6613	-1.120240e+03
6614	-1.116823e+03
6615	-1.127405e+03
6616	-1.116718e+03
6617	-1.134602e+03
6618	-1.116572e+03
6619	-1.133654e+03
6620	-1.133976e+03
6621	-1.126181e+03
6622	-1.132919e+03
6623	-1.135390e+03
6624	-1.125592e+03
6625	-1.132831e+03
6626	-1.130564e+03
6627	-1.122724e+03
6628	-1.128135e+03
6629	-1.124048e+03
6630	-1.139548e+03
6631	-1.135459e+03
6632	-1.130186e+03
6633	-1.135932e+03
6634	-1.127592e+03
6635	-1.139954e+03
6636	-1.121643e+03
6637	-1.115300e+03
6638	-1.130696e+03
6639	-1.122505e+03
6640	-1.121760e+03
6641	-1.148104e+03
6642	-1.117763e+03
6643	-1.125335e+03
6644	-1.136067e+03
6645	-1.144011e+03
6646	-1.135693e+03
6647	-1.121507e+03
6648	-1.118804e+03
6649	-1.119223e+03
6650	-1.135730e+03
6651	-1.133289e+03
6652	-1.136811e+03
6653	-1.128211e+03
6654	-1.127307e+03
6655	-1.133485e+03
6656	-1.144359e+03
6657	-1.122575e+03
6658	-1.130184e+03
6659	-1.130434e+03
6660	-1.144633e+03
6661	-1.130613e+03
6662	-1.128701e+03
6663	-1.120238e+03
6664	-1.148133e+03
6665	-1.135820e+03
6666	-1.143240e+03
6667	-1.110411e+03
6668	-1.112787e+03
6669	-1.143027e+03
6670	-1.119286e+03
6671	-1.133540e+03
6672	-1.123660e+03
6673	-1.125930e+03
6674	-1.134235e+03
6675	-1.142313e+03
6676	-1.143022e+03
6677	-1.129534e+03
6678	-1.121697e+03
6679	-1.126414e+03
6680	-1.144270e+03
6681	-1.133308e+03
6682	-1.113854e+03
6683	-1.102473e+03
6684	-1.134501e+03
6685	-1.117336e+03
6686	-1.136578e+03
6687	-1.133538e+03
6688	-1.132435e+03
6689	-1.147752e+03
6690	-1.124280e+03
6691	-1.137650e+03
6692	-1.149362e+03
6693	-1.134621e+03
6694	-1.122653e+03
6695	-1.139533e+03
6696	-1.104450e+03
6697	-1.149554e+03
6698	-1.121258e+03
6699	-1.144260e+03
6700	-1.130143e+03
6701	-1.139617e+03
6702	-1.122958e+03
6703	-1.148308e+03
6704	-1.121285e+03
6705	-1.118493e+03
6706	-1.123579e+03
6707	-1.130943e+03
6708	-1.130574e+03
6709	-1.152427e+03
6710	-1.129601e+03
6711	-1.137473e+03
6712	-1.133846e+03
6713	-1.123423e+03
6714	-1.116337e+03
6715	-1.123446e+03
6716	-1.142709e+03
6717	-1.151007e+03
6718	-1.130463e+03
6719	-1.140939e+03
6720	-1.135184e+03
6721	-1.125625e+03
6722	-1.131978e+03
6723	-1.116211e+03
6724	-1.113692e+03
6725	-1.125086e+03
6726	-1.129992e+03
6727	-1.122319e+03
6728	-1.142559e+03
6729	-1.107930e+03
6730	-1.130268e+03
6731	-1.135787e+03
6732	-1.124532e+03
6733	-1.124916e+03
6734	-1.123140e+03
6735	-1.123152e+03
6736	-1.113130e+03
6737	-1.118261e+03
6738	-1.122966e+03
6739	-1.132489e+03
6740	-1.130369e+03
6741	-1.131927e+03
6742	-1.119650e+03
6743	-1.120205e+03
6744	-1.132659e+03
6745	-1.137036e+03
6746	-1.137878e+03
6747	-1.127233e+03
6748	-1.138634e+03
6749	-1.151913e+03
6750	-1.124717e+03
6751	-1.128823e+03
6752	-1.136400e+03
6753	-1.128473e+03
6754	-1.145504e+03
6755	-1.120521e+03
6756	-1.127734e+03
6757	-1.132167e+03
6758	-1.131187e+03
6759	-1.150415e+03
6760	-1.123013e+03
6761	-1.126178e+03
6762	-1.154807e+03
6763	-1.134283e+03
6764	-1.124225e+03
6765	-1.126204e+03
6766	-1.131008e+03
6767	-1.106603e+03
6768	-1.128164e+03
6769	-1.112946e+03
6770	-1.126443e+03
6771	-1.116161e+03
6772	-1.153863e+03
6773	-1.129265e+03
6774	-1.136462e+03
6775	-1.106698e+03
6776	-1.114196e+03
6777	-1.131608e+03
6778	-1.123451e+03
6779	-1.128397e+03
6780	-1.126535e+03
6781	-1.135955e+03
6782	-1.125337e+03
6783	-1.139317e+03
6784	-1.125953e+03
6785	-1.132944e+03
6786	-1.144503e+03
6787	-1.129721e+03
6788	-1.125341e+03
6789	-1.137757e+03
6790	-1.129500e+03
6791	-1.123298e+03
6792	-1.120755e+03
6793	-1.118312e+03
6794	-1.130764e+03
6795	-1.142412e+03
6796	-1.164664e+03
6797	-1.138768e+03
6798	-1.117565e+03
6799	-1.118002e+03
6800	-1.128631e+03
6801	-1.117949e+03
6802	-1.129643e+03
6803	-1.117021e+03
6804	-1.118366e+03
6805	-1.144781e+03
6806	-1.142493e+03
6807	-1.112882e+03
6808	-1.127542e+03
6809	-1.118309e+03
6810	-1.122989e+03
6811	-1.124781e+03
6812	-1.118616e+03
6813	-1.132136e+03
6814	-1.126195e+03
6815	-1.119247e+03
6816	-1.132482e+03
6817	-1.126779e+03
6818	-1.126205e+03
6819	-1.106796e+03
6820	-1.135575e+03
6821	-1.133158e+03
6822	-1.118801e+03
6823	-1.117372e+03
6824	-1.125622e+03
6825	-1.129001e+03
6826	-1.105960e+03
6827	-1.146078e+03
6828	-1.102473e+03
6829	-1.118758e+03
6830	-1.129201e+03
6831	-1.120745e+03
6832	-1.142198e+03
6833	-1.125169e+03
6834	-1.139297e+03
6835	-1.136984e+03
6836	-1.114635e+03
6837	-1.131888e+03
6838	-1.122718e+03
6839	-1.121873e+03
6840	-1.096019e+03
6841	-1.133758e+03
6842	-1.137452e+03
6843	-1.133547e+03
6844	-1.104796e+03
6845	-1.122501e+03
6846	-1.152780e+03
6847	-1.111319e+03
6848	-1.118070e+03
6849	-1.113574e+03
6850	-1.137052e+03
6851	-1.119852e+03
6852	-1.137289e+03
6853	-1.127393e+03
6854	-1.131326e+03
6855	-1.119082e+03
6856	-1.142574e+03
6857	-1.153727e+03
6858	-1.132402e+03
6859	-1.122157e+03
6860	-1.137627e+03
6861	-1.118838e+03
6862	-1.120174e+03
6863	-1.135678e+03
6864	-1.119395e+03
6865	-1.145556e+03
6866	-1.148253e+03
6867	-1.126995e+03
6868	-1.143053e+03
6869	-1.134380e+03
6870	-1.125796e+03
6871	-1.150437e+03
6872	-1.141474e+03
6873	-1.114610e+03
6874	-1.136763e+03
6875	-1.117710e+03
6876	-1.134755e+03
6877	-1.140318e+03
6878	-1.130030e+03
6879	-1.122470e+03
6880	-1.129246e+03
6881	-1.134036e+03
6882	-1.152530e+03
6883	-1.129283e+03
6884	-1.126349e+03
6885	-1.144325e+03
6886	-1.121763e+03
6887	-1.140179e+03
6888	-1.112509e+03
6889	-1.135452e+03
6890	-1.146580e+03
6891	-1.144825e+03
6892	-1.133481e+03
6893	-1.129600e+03
6894	-1.133078e+03
6895	-1.129834e+03
6896	-1.143559e+03
6897	-1.122872e+03
6898	-1.116627e+03
6899	-1.118493e+03
6900	-1.131386e+03
6901	-1.127092e+03
6902	-1.102777e+03
6903	-1.122349e+03
6904	-1.158140e+03
6905	-1.130427e+03
6906	-1.146638e+03
6907	-1.119748e+03
6908	-1.109985e+03
6909	-1.129147e+03
6910	-1.135104e+03
6911	-1.137630e+03
6912	-1.115268e+03
6913	-1.121673e+03
6914	-1.125029e+03
6915	-1.127449e+03
6916	-1.120137e+03
6917	-1.122200e+03
6918	-1.132064e+03
6919	-1.144714e+03
6920	-1.138662e+03
6921	-1.114719e+03
6922	-1.127827e+03
6923	-1.146142e+03
6924	-1.140583e+03
6925	-1.146977e+03
6926	-1.134408e+03
6927	-1.128980e+03
6928	-1.113960e+03
6929	-1.134917e+03
6930	-1.137961e+03
6931	-1.130260e+03
6932	-1.142212e+03
6933	-1.127438e+03
6934	-1.132830e+03
6935	-1.130669e+03
6936	-1.125762e+03
6937	-1.117622e+03
6938	-1.123928e+03
6939	-1.142161e+03
6940	-1.148879e+03
6941	-1.136170e+03
6942	-1.125065e+03
6943	-1.135075e+03
6944	-1.130772e+03
6945	-1.136442e+03
6946	-1.112676e+03
6947	-1.122630e+03
6948	-1.125290e+03
6949	-1.127068e+03
6950	-1.137931e+03
6951	-1.106973e+03
6952	-1.143271e+03
6953	-1.142764e+03
6954	-1.138583e+03
6955	-1.134411e+03
6956	-1.113428e+03
6957	-1.113035e+03
6958	-1.126676e+03
6959	-1.111511e+03
6960	-1.119754e+03
6961	-1.118116e+03
6962	-1.130003e+03
6963	-1.123750e+03
6964	-1.159307e+03
6965	-1.129929e+03
6966	-1.156524e+03
6967	-1.128253e+03
6968	-1.131860e+03
6969	-1.123651e+03
6970	-1.140300e+03
6971	-1.128109e+03
6972	-1.129223e+03
6973	-1.140427e+03
6974	-1.115893e+03
6975	-1.146087e+03
6976	-1.141325e+03
6977	-1.127111e+03
6978	-1.131677e+03
6979	-1.164349e+03
6980	-1.136853e+03
6981	-1.124883e+03
6982	-1.120006e+03
6983	-1.141126e+03
6984	-1.122038e+03
6985	-1.125505e+03
6986	-1.132722e+03
6987	-1.118265e+03
6988	-1.132118e+03
6989	-1.132563e+03
6990	-1.136623e+03
6991	-1.120157e+03
6992	-1.132484e+03
6993	-1.111539e+03
6994	-1.123877e+03
6995	-1.125886e+03
6996	-1.126807e+03
6997	-1.120026e+03
6998	-1.133176e+03
6999	-1.131997e+03
7000	-1.153308e+03
7001	-1.135820e+03
7002	-1.139545e+03
7003	-1.140421e+03
7004	-1.103255e+03
7005	-1.126962e+03
7006	-1.164066e+03
7007	-1.128442e+03
7008	-1.114815e+03
7009	-1.117334e+03
7010	-1.113869e+03
7011	-1.142209e+03
7012	-1.127728e+03
7013	-1.129712e+03
7014	-1.139946e+03
7015	-1.125241e+03
7016	-1.137753e+03
7017	-1.127329e+03
7018	-1.104964e+03
7019	-1.133470e+03
7020	-1.134267e+03
7021	-1.123311e+03
7022	-1.147812e+03
7023	-1.113634e+03
7024	-1.111471e+03
7025	-1.132563e+03
7026	-1.142271e+03
7027	-1.127061e+03
7028	-1.130408e+03
7029	-1.129052e+03
7030	-1.114179e+03
7031	-1.134137e+03
7032	-1.130775e+03
7033	-1.148764e+03
7034	-1.119621e+03
7035	-1.112732e+03
7036	-1.128567e+03
7037	-1.123005e+03
7038	-1.133554e+03
7039	-1.114651e+03
7040	-1.144104e+03
7041	-1.126158e+03
7042	-1.125585e+03
7043	-1.147004e+03
7044	-1.132689e+03
7045	-1.109761e+03
7046	-1.118785e+03
7047	-1.124520e+03
7048	-1.131082e+03
7049	-1.121404e+03
7050	-1.110220e+03
7051	-1.134388e+03
7052	-1.150775e+03
7053	-1.133609e+03
7054	-1.117667e+03
7055	-1.138235e+03
7056	-1.137874e+03
7057	-1.128678e+03
7058	-1.135452e+03
7059	-1.151049e+03
7060	-1.109593e+03
7061	-1.116483e+03
7062	-1.120842e+03
7063	-1.110398e+03
7064	-1.120345e+03
7065	-1.117529e+03
7066	-1.124053e+03
7067	-1.127421e+03
7068	-1.101838e+03
7069	-1.134045e+03
7070	-1.125709e+03
7071	-1.109734e+03
7072	-1.139974e+03
7073	-1.129260e+03
7074	-1.118864e+03
7075	-1.133709e+03
7076	-1.148431e+03
7077	-1.135132e+03
7078	-1.129017e+03
7079	-1.150190e+03
7080	-1.135858e+03
7081	-1.124229e+03
7082	-1.125140e+03
7083	-1.113469e+03
7084	-1.118986e+03
7085	-1.103504e+03
7086	-1.130188e+03
7087	-1.131262e+03
7088	-1.124912e+03
7089	-1.120104e+03
7090	-1.125251e+03
7091	-1.138844e+03
7092	-1.136391e+03
7093	-1.126860e+03
7094	-1.135532e+03
7095	-1.111368e+03
7096	-1.129347e+03
7097	-1.131545e+03
7098	-1.129538e+03
7099	-1.133879e+03
7100	-1.125201e+03
7101	-1.122341e+03
7102	-1.136006e+03
7103	-1.122800e+03
7104	-1.131692e+03
7105	-1.148233e+03
7106	-1.131671e+03
7107	-1.125273e+03
7108	-1.116158e+03
7109	-1.118340e+03
7110	-1.134950e+03
7111	-1.146620e+03
7112	-1.109758e+03
7113	-1.126147e+03
7114	-1.128399e+03
7115	-1.136798e+03
7116	-1.142056e+03
7117	-1.119658e+03
7118	-1.136162e+03
7119	-1.118579e+03
7120	-1.148686e+03
7121	-1.107281e+03
7122	-1.122567e+03
7123	-1.115251e+03
7124	-1.134739e+03
7125	-1.143956e+03
7126	-1.116934e+03
7127	-1.125242e+03
7128	-1.142949e+03
7129	-1.143800e+03
7130	-1.145499e+03
7131	-1.135286e+03
7132	-1.113713e+03
7133	-1.153670e+03
7134	-1.137460e+03
7135	-1.121387e+03
7136	-1.143912e+03
7137	-1.140498e+03
7138	-1.132560e+03
7139	-1.131452e+03
7140	-1.132121e+03
7141	-1.143615e+03
7142	-1.128047e+03
7143	-1.118451e+03
7144	-1.108490e+03
7145	-1.126808e+03
7146	-1.118212e+03
7147	-1.128472e+03
7148	-1.123240e+03
7149	-1.130242e+03
7150	-1.133962e+03
7151	-1.124142e+03
7152	-1.125564e+03
7153	-1.136720e+03
7154	-1.130966e+03
7155	-1.140780e+03
7156	-1.141720e+03
7157	-1.123188e+03
7158	-1.130147e+03
7159	-1.115127e+03
7160	-1.112866e+03
7161	-1.114971e+03
7162	-1.122942e+03
7163	-1.152460e+03
7164	-1.138538e+03
7165	-1.150413e+03
7166	-1.145104e+03
7167	-1.134791e+03
7168	-1.134677e+03
7169	-1.135989e+03
7170	-1.104594e+03
7171	-1.127314e+03
7172	-1.123036e+03
7173	-1.123015e+03
7174	-1.123925e+03
7175	-1.119592e+03
7176	-1.131581e+03
7177	-1.136235e+03
7178	-1.129041e+03
7179	-1.154129e+03
7180	-1.141205e+03
7181	-1.123125e+03
7182	-1.131647e+03
7183	-1.134110e+03
7184	-1.122914e+03
7185	-1.131419e+03
7186	-1.154482e+03
7187	-1.130478e+03
7188	-1.113835e+03
7189	-1.119443e+03
7190	-1.110301e+03
7191	-1.132741e+03
7192	-1.121876e+03
7193	-1.119687e+03
7194	-1.138798e+03
7195	-1.135769e+03
7196	-1.117458e+03
7197	-1.123013e+03
7198	-1.136984e+03
7199	-1.149405e+03
7200	-1.118468e+03
7201	-1.136411e+03
7202	-1.123547e+03
7203	-1.130352e+03
7204	-1.125891e+03
7205	-1.134841e+03
7206	-1.108019e+03
7207	-1.136061e+03
7208	-1.121390e+03
7209	-1.127008e+03
7210	-1.148195e+03
7211	-1.119680e+03
7212	-1.140368e+03
7213	-1.126707e+03
7214	-1.108999e+03
7215	-1.117025e+03
7216	-1.125480e+03
7217	-1.136281e+03
7218	-1.130755e+03
7219	-1.133395e+03
7220	-1.108730e+03
7221	-1.130797e+03
7222	-1.119117e+03
7223	-1.144425e+03
7224	-1.124881e+03
7225	-1.121584e+03
7226	-1.110377e+03
7227	-1.125224e+03
7228	-1.119530e+03
7229	-1.139700e+03
7230	-1.131752e+03
7231	-1.143660e+03
7232	-1.129229e+03
7233	-1.115876e+03
7234	-1.135177e+03
7235	-1.138929e+03
7236	-1.163527e+03
7237	-1.118402e+03
7238	-1.142161e+03
7239	-1.108021e+03
7240	-1.118597e+03
7241	-1.127382e+03
7242	-1.138822e+03
7243	-1.117417e+03
7244	-1.145770e+03
7245	-1.113190e+03
7246	-1.147606e+03
7247	-1.129801e+03
7248	-1.140578e+03
7249	-1.141046e+03
7250	-1.128349e+03
7251	-1.130584e+03
7252	-1.117262e+03
7253	-1.123076e+03
7254	-1.135645e+03
7255	-1.112977e+03
7256	-1.142473e+03
7257	-1.120764e+03
7258	-1.112934e+03
7259	-1.133305e+03
7260	-1.135987e+03
7261	-1.115961e+03
7262	-1.129612e+03
7263	-1.143771e+03
7264	-1.132429e+03
7265	-1.112299e+03
7266	-1.113025e+03
7267	-1.130515e+03
7268	-1.131950e+03
7269	-1.135750e+03
7270	-1.136252e+03
7271	-1.116762e+03
7272	-1.141179e+03
7273	-1.120143e+03
7274	-1.130970e+03
7275	-1.112880e+03
7276	-1.140831e+03
7277	-1.124956e+03
7278	-1.137239e+03
7279	-1.133604e+03
7280	-1.136648e+03
7281	-1.128554e+03
7282	-1.132431e+03
7283	-1.115719e+03
7284	-1.143983e+03
7285	-1.142278e+03
7286	-1.134248e+03
7287	-1.120397e+03
7288	-1.128726e+03
7289	-1.156777e+03
7290	-1.128767e+03
7291	-1.147133e+03
7292	-1.150299e+03
7293	-1.137010e+03
7294	-1.112989e+03
7295	-1.119651e+03
7296	-1.113484e+03
7297	-1.128469e+03
7298	-1.140926e+03
7299	-1.128497e+03
7300	-1.118813e+03
7301	-1.124012e+03
7302	-1.126163e+03
7303	-1.114274e+03
7304	-1.119543e+03
7305	-1.124891e+03
7306	-1.118324e+03
7307	-1.111362e+03
7308	-1.124289e+03
7309	-1.112189e+03
7310	-1.134570e+03
7311	-1.120650e+03
7312	-1.131230e+03
7313	-1.119402e+03
7314	-1.137761e+03
7315	-1.134284e+03
7316	-1.137114e+03
7317	-1.120638e+03
7318	-1.121947e+03
7319	-1.125590e+03
7320	-1.138735e+03
7321	-1.127221e+03
7322	-1.145839e+03
7323	-1.135149e+03
7324	-1.118528e+03
7325	-1.123766e+03
7326	-1.118525e+03
7327	-1.134378e+03
7328	-1.119975e+03
7329	-1.136307e+03
7330	-1.144348e+03
7331	-1.119512e+03
7332	-1.124888e+03
7333	-1.144579e+03
7334	-1.134167e+03
7335	-1.131881e+03
7336	-1.145060e+03
7337	-1.134912e+03
7338	-1.137244e+03
7339	-1.146638e+03
7340	-1.129935e+03
7341	-1.112946e+03
7342	-1.142607e+03
7343	-1.121220e+03
7344	-1.126542e+03
7345	-1.123804e+03
7346	-1.110796e+03
7347	-1.115605e+03
7348	-1.108037e+03
7349	-1.148108e+03
7350	-1.115792e+03
7351	-1.131999e+03
7352	-1.128443e+03
7353	-1.130376e+03
7354	-1.142046e+03
7355	-1.130919e+03
7356	-1.154033e+03
7357	-1.117968e+03
7358	-1.128533e+03
7359	-1.123026e+03
7360	-1.152836e+03
7361	-1.120385e+03
7362	-1.117637e+03
7363	-1.114025e+03
7364	-1.125126e+03
7365	-1.119654e+03
7366	-1.135355e+03
7367	-1.138591e+03
7368	-1.148142e+03
7369	-1.146174e+03
7370	-1.130516e+03
7371	-1.116166e+03
7372	-1.126603e+03
7373	-1.125925e+03
7374	-1.133634e+03
7375	-1.139645e+03
7376	-1.135233e+03
7377	-1.135333e+03
7378	-1.124929e+03
7379	-1.097516e+03
7380	-1.113713e+03
7381	-1.120463e+03
7382	-1.127021e+03
7383	-1.113669e+03
7384	-1.124965e+03
7385	-1.135624e+03
7386	-1.110194e+03
7387	-1.138609e+03
7388	-1.128583e+03
7389	-1.148445e+03
7390	-1.131117e+03
7391	-1.146435e+03
7392	-1.133011e+03
7393	-1.125799e+03
7394	-1.147859e+03
7395	-1.119105e+03
7396	-1.133922e+03
7397	-1.131737e+03
7398	-1.125126e+03
7399	-1.120371e+03
7400	-1.143427e+03
7401	-1.139561e+03
7402	-1.135300e+03
7403	-1.127423e+03
7404	-1.119833e+03
7405	-1.129735e+03
7406	-1.111406e+03
7407	-1.117100e+03
7408	-1.149093e+03
7409	-1.141693e+03
7410	-1.146461e+03
7411	-1.117165e+03
7412	-1.123492e+03
7413	-1.122481e+03
7414	-1.117301e+03
7415	-1.128336e+03
7416	-1.132817e+03
7417	-1.137868e+03
7418	-1.115056e+03
7419	-1.126486e+03
7420	-1.134286e+03
7421	-1.136895e+03
7422	-1.130747e+03
7423	-1.129211e+03
7424	-1.123165e+03
7425	-1.120412e+03
7426	-1.115638e+03
7427	-1.126278e+03
7428	-1.108716e+03
7429	-1.127091e+03
7430	-1.130999e+03
7431	-1.126914e+03
7432	-1.132082e+03
7433	-1.127248e+03
7434	-1.143635e+03
7435	-1.119849e+03
7436	-1.146306e+03
7437	-1.130466e+03
7438	-1.138149e+03
7439	-1.116270e+03
7440	-1.122348e+03
7441	-1.125950e+03
7442	-1.121086e+03
7443	-1.132342e+03
7444	-1.139551e+03
7445	-1.122882e+03
7446	-1.144693e+03
7447	-1.131067e+03
7448	-1.144646e+03
7449	-1.123851e+03
7450	-1.128769e+03
7451	-1.129055e+03
7452	-1.128510e+03
7453	-1.128308e+03
7454	-1.135941e+03
7455	-1.127121e+03
7456	-1.128722e+03
7457	-1.124548e+03
7458	-1.124288e+03
7459	-1.110210e+03
7460	-1.121017e+03
7461	-1.136807e+03
7462	-1.129124e+03
7463	-1.104788e+03
7464	-1.140848e+03
7465	-1.133385e+03
7466	-1.144372e+03
7467	-1.126668e+03
7468	-1.131930e+03
7469	-1.126016e+03
7470	-1.114120e+03
7471	-1.123712e+03
7472	-1.123433e+03
7473	-1.116104e+03
7474	-1.124346e+03
7475	-1.126365e+03
7476	-1.134501e+03
7477	-1.124496e+03
7478	-1.116265e+03
7479	-1.125748e+03
7480	-1.123853e+03
7481	-1.134126e+03
7482	-1.130369e+03
7483	-1.124754e+03
7484	-1.141560e+03
7485	-1.129971e+03
7486	-1.120433e+03
7487	-1.123429e+03
7488	-1.133031e+03
7489	-1.119275e+03
7490	-1.128784e+03
7491	-1.115187e+03
7492	-1.132517e+03
7493	-1.131449e+03
7494	-1.138322e+03
7495	-1.137239e+03
7496	-1.145186e+03
7497	-1.119779e+03
7498	-1.137167e+03
7499	-1.136172e+03
7500	-1.120720e+03
7501	-1.124674e+03
7502	-1.122547e+03
7503	-1.123797e+03
7504	-1.128904e+03
7505	-1.143043e+03
7506	-1.141598e+03
7507	-1.114899e+03
7508	-1.126625e+03
7509	-1.128956e+03
7510	-1.129403e+03
7511	-1.110449e+03
7512	-1.112074e+03
7513	-1.144850e+03
7514	-1.132388e+03
7515	-1.125835e+03
7516	-1.130330e+03
7517	-1.111121e+03
7518	-1.129892e+03
7519	-1.128827e+03
7520	-1.122975e+03
7521	-1.118591e+03
7522	-1.126260e+03
7523	-1.119832e+03
7524	-1.116285e+03
7525	-1.133116e+03
7526	-1.108629e+03
7527	-1.117182e+03
7528	-1.123861e+03
7529	-1.138915e+03
7530	-1.132766e+03
7531	-1.107839e+03
7532	-1.133377e+03
7533	-1.117695e+03
7534	-1.117915e+03
7535	-1.149599e+03
7536	-1.109325e+03
7537	-1.122717e+03
7538	-1.139116e+03
7539	-1.130611e+03
7540	-1.131211e+03
7541	-1.153069e+03
7542	-1.131665e+03
7543	-1.130649e+03
7544	-1.136276e+03
7545	-1.119360e+03
7546	-1.141894e+03
7547	-1.134176e+03
7548	-1.129786e+03
7549	-1.141336e+03
7550	-1.129198e+03
7551	-1.134162e+03
7552	-1.122211e+03
7553	-1.106232e+03
7554	-1.119105e+03
7555	-1.137435e+03
7556	-1.123834e+03
7557	-1.133405e+03
7558	-1.122702e+03
7559	-1.109760e+03
7560	-1.139573e+03
7561	-1.129982e+03
7562	-1.134461e+03
7563	-1.128893e+03
7564	-1.125909e+03
7565	-1.128880e+03
7566	-1.148645e+03
7567	-1.108922e+03
7568	-1.128067e+03
7569	-1.122001e+03
7570	-1.134897e+03
7571	-1.128425e+03
7572	-1.127066e+03
7573	-1.118465e+03
7574	-1.126329e+03
7575	-1.130722e+03
7576	-1.124192e+03
7577	-1.134109e+03
7578	-1.115876e+03
7579	-1.136014e+03
7580	-1.136415e+03
7581	-1.116575e+03
7582	-1.123151e+03
7583	-1.145497e+03
7584	-1.132317e+03
7585	-1.122987e+03
7586	-1.134776e+03
7587	-1.136261e+03
7588	-1.135591e+03
7589	-1.135276e+03
7590	-1.135655e+03
7591	-1.124879e+03
7592	-1.113586e+03
7593	-1.136784e+03
7594	-1.142022e+03
7595	-1.153970e+03
7596	-1.119976e+03
7597	-1.126548e+03
7598	-1.113265e+03
7599	-1.122150e+03
7600	-1.136340e+03
7601	-1.118278e+03
7602	-1.138826e+03
7603	-1.139311e+03
7604	-1.111692e+03
7605	-1.126962e+03
7606	-1.136600e+03
7607	-1.149085e+03
7608	-1.108681e+03
7609	-1.134325e+03
7610	-1.145300e+03
7611	-1.130945e+03
7612	-1.131275e+03
7613	-1.137696e+03
7614	-1.148113e+03
7615	-1.142768e+03
7616	-1.136540e+03
7617	-1.127136e+03
7618	-1.140443e+03
7619	-1.119090e+03
7620	-1.109405e+03
7621	-1.133552e+03
7622	-1.114523e+03
7623	-1.138140e+03
7624	-1.122504e+03
7625	-1.106474e+03
7626	-1.152085e+03
7627	-1.140935e+03
7628	-1.137972e+03
7629	-1.127672e+03
7630	-1.143085e+03
7631	-1.129295e+03
7632	-1.140451e+03
7633	-1.143216e+03
7634	-1.132717e+03
7635	-1.131787e+03
7636	-1.138472e+03
7637	-1.146745e+03
7638	-1.138570e+03
7639	-1.144751e+03
7640	-1.147868e+03
7641	-1.122064e+03
7642	-1.104518e+03
7643	-1.120570e+03
7644	-1.124948e+03
7645	-1.135900e+03
7646	-1.118373e+03
7647	-1.132921e+03
7648	-1.127131e+03
7649	-1.120851e+03
7650	-1.122164e+03
7651	-1.120540e+03
7652	-1.143544e+03
7653	-1.132965e+03
7654	-1.118478e+03
7655	-1.140456e+03
7656	-1.151897e+03
7657	-1.132040e+03
7658	-1.110851e+03
7659	-1.122743e+03
7660	-1.113145e+03
7661	-1.142314e+03
7662	-1.137961e+03
7663	-1.127641e+03
7664	-1.121349e+03
7665	-1.129965e+03
7666	-1.137045e+03
7667	-1.134817e+03
7668	-1.142381e+03
7669	-1.130955e+03
7670	-1.137924e+03
7671	-1.120938e+03
7672	-1.141295e+03
7673	-1.133307e+03
7674	-1.115259e+03
7675	-1.131024e+03
7676	-1.143854e+03
7677	-1.119546e+03
7678	-1.109826e+03
7679	-1.131372e+03
7680	-1.126874e+03
7681	-1.127064e+03
7682	-1.143330e+03
7683	-1.151432e+03
7684	-1.139824e+03
7685	-1.117467e+03
7686	-1.121447e+03
7687	-1.118645e+03
7688	-1.137824e+03
7689	-1.128195e+03
7690	-1.136902e+03
7691	-1.133222e+03
7692	-1.129141e+03
7693	-1.129120e+03
7694	-1.109072e+03
7695	-1.129471e+03
7696	-1.101037e+03
7697	-1.113095e+03
7698	-1.112664e+03
7699	-1.134680e+03
7700	-1.136547e+03
7701	-1.129122e+03
7702	-1.144205e+03
7703	-1.119495e+03
7704	-1.117121e+03
7705	-1.142132e+03
7706	-1.118328e+03
7707	-1.132270e+03
7708	-1.144833e+03
7709	-1.133017e+03
7710	-1.119863e+03
7711	-1.130886e+03
7712	-1.147959e+03
7713	-1.117315e+03
7714	-1.133521e+03
7715	-1.113727e+03
7716	-1.143668e+03
7717	-1.135826e+03
7718	-1.141709e+03
7719	-1.115220e+03
7720	-1.132686e+03
7721	-1.140254e+03
7722	-1.126551e+03
7723	-1.147337e+03
7724	-1.125523e+03
7725	-1.116260e+03
7726	-1.121591e+03
7727	-1.123416e+03
7728	-1.124634e+03
7729	-1.135423e+03
7730	-1.115785e+03
7731	-1.124840e+03
7732	-1.143355e+03
7733	-1.129737e+03
7734	-1.120826e+03
7735	-1.118160e+03
7736	-1.129529e+03
7737	-1.110380e+03
7738	-1.126502e+03
7739	-1.137656e+03
7740	-1.134462e+03
7741	-1.130742e+03
7742	-1.121161e+03
7743	-1.109435e+03
7744	-1.147722e+03
7745	-1.128723e+03
7746	-1.142782e+03
7747	-1.147221e+03
7748	-1.133377e+03
7749	-1.120149e+03
7750	-1.141988e+03
7751	-1.140001e+03
7752	-1.136175e+03
7753	-1.127453e+03
7754	-1.128757e+03
7755	-1.126905e+03
7756	-1.136954e+03
7757	-1.129415e+03
7758	-1.127201e+03
7759	-1.125041e+03
7760	-1.130682e+03
7761	-1.141417e+03
7762	-1.141363e+03
7763	-1.130704e+03
7764	-1.134979e+03
7765	-1.111215e+03
7766	-1.112014e+03
7767	-1.146624e+03
7768	-1.123287e+03
7769	-1.132082e+03
7770	-1.100103e+03
7771	-1.128741e+03
7772	-1.136818e+03
7773	-1.144233e+03
7774	-1.121116e+03
7775	-1.126103e+03
7776	-1.138221e+03
7777	-1.119908e+03
7778	-1.121569e+03
7779	-1.123858e+03
7780	-1.133097e+03
7781	-1.132655e+03
7782	-1.137295e+03
7783	-1.123306e+03
7784	-1.123640e+03
7785	-1.138473e+03
7786	-1.126395e+03
7787	-1.128171e+03
7788	-1.140473e+03
7789	-1.122881e+03
7790	-1.113123e+03
7791	-1.133754e+03
7792	-1.134339e+03
7793	-1.127303e+03
7794	-1.112144e+03
7795	-1.138105e+03
7796	-1.125786e+03
7797	-1.112825e+03
7798	-1.133961e+03
7799	-1.140591e+03
7800	-1.130607e+03
7801	-1.117066e+03
7802	-1.150940e+03
7803	-1.148742e+03
7804	-1.135217e+03
7805	-1.148112e+03
7806	-1.127564e+03
7807	-1.136067e+03
7808	-1.129056e+03
7809	-1.135693e+03
7810	-1.127425e+03
7811	-1.130098e+03
7812	-1.127564e+03
7813	-1.152437e+03
7814	-1.122307e+03
7815	-1.130295e+03
7816	-1.133211e+03
7817	-1.123514e+03
7818	-1.120395e+03
7819	-1.138939e+03
7820	-1.117806e+03
7821	-1.114181e+03
7822	-1.121011e+03
7823	-1.167159e+03
7824	-1.149972e+03
7825	-1.142449e+03
7826	-1.141051e+03
7827	-1.136858e+03
7828	-1.124322e+03
7829	-1.133741e+03
7830	-1.127476e+03
7831	-1.139860e+03
7832	-1.138381e+03
7833	-1.122526e+03
7834	-1.133857e+03
7835	-1.129889e+03
7836	-1.140189e+03
7837	-1.130407e+03
7838	-1.137342e+03
7839	-1.112988e+03
7840	-1.124509e+03
7841	-1.138871e+03
7842	-1.137167e+03
7843	-1.129477e+03
7844	-1.119528e+03
7845	-1.144536e+03
7846	-1.127438e+03
7847	-1.120105e+03
7848	-1.127165e+03
7849	-1.127108e+03
7850	-1.135643e+03
7851	-1.122189e+03
7852	-1.141228e+03
7853	-1.132182e+03
7854	-1.122828e+03
7855	-1.130618e+03
7856	-1.141390e+03
7857	-1.139363e+03
7858	-1.122202e+03
7859	-1.128576e+03
7860	-1.136566e+03
7861	-1.122901e+03
7862	-1.126969e+03
7863	-1.149005e+03
7864	-1.140453e+03
7865	-1.145332e+03
7866	-1.151419e+03
7867	-1.133191e+03
7868	-1.140393e+03
7869	-1.136318e+03
7870	-1.138421e+03
7871	-1.145038e+03
7872	-1.123902e+03
7873	-1.139870e+03
7874	-1.144141e+03
7875	-1.114371e+03
7876	-1.126090e+03
7877	-1.116942e+03
7878	-1.126597e+03
7879	-1.130277e+03
7880	-1.130039e+03
7881	-1.124994e+03
7882	-1.132929e+03
7883	-1.125811e+03
7884	-1.139545e+03
7885	-1.106662e+03
7886	-1.135930e+03
7887	-1.127031e+03
7888	-1.140582e+03
7889	-1.140407e+03
7890	-1.129300e+03
7891	-1.124535e+03
7892	-1.143662e+03
7893	-1.133421e+03
7894	-1.116886e+03
7895	-1.138358e+03
7896	-1.134912e+03
7897	-1.118162e+03
7898	-1.136250e+03
7899	-1.142160e+03
7900	-1.139826e+03
7901	-1.110036e+03
7902	-1.124865e+03
7903	-1.132819e+03
7904	-1.126711e+03
7905	-1.130915e+03
7906	-1.114763e+03
7907	-1.159334e+03
7908	-1.118851e+03
7909	-1.141341e+03
7910	-1.109647e+03
7911	-1.123654e+03
7912	-1.110023e+03
7913	-1.129867e+03
7914	-1.128501e+03
7915	-1.135758e+03
7916	-1.134796e+03
7917	-1.120885e+03
7918	-1.130702e+03
7919	-1.132091e+03
7920	-1.129778e+03
7921	-1.133403e+03
7922	-1.140611e+03
7923	-1.146175e+03
7924	-1.110602e+03
7925	-1.149854e+03
7926	-1.126429e+03
7927	-1.144343e+03
7928	-1.145308e+03
7929	-1.130311e+03
7930	-1.139764e+03
7931	-1.120264e+03
7932	-1.158804e+03
7933	-1.137420e+03
7934	-1.138397e+03
7935	-1.128029e+03
7936	-1.139872e+03
7937	-1.115091e+03
7938	-1.132475e+03
7939	-1.112131e+03
7940	-1.119234e+03
7941	-1.139328e+03
7942	-1.136810e+03
7943	-1.132315e+03
7944	-1.148052e+03
7945	-1.124693e+03
7946	-1.121794e+03
7947	-1.125885e+03
7948	-1.140217e+03
7949	-1.137108e+03
7950	-1.122548e+03
7951	-1.145307e+03
7952	-1.128264e+03
7953	-1.128115e+03
7954	-1.142527e+03
7955	-1.125417e+03
7956	-1.135662e+03
7957	-1.123848e+03
7958	-1.148557e+03
7959	-1.147591e+03
7960	-1.133690e+03
7961	-1.123293e+03
7962	-1.127109e+03
7963	-1.139221e+03
7964	-1.126305e+03
7965	-1.121452e+03
7966	-1.123984e+03
7967	-1.141144e+03
7968	-1.147632e+03
7969	-1.130770e+03
7970	-1.153520e+03
7971	-1.146871e+03
7972	-1.124304e+03
7973	-1.118205e+03
7974	-1.138492e+03
7975	-1.114383e+03
7976	-1.134872e+03
7977	-1.132716e+03
7978	-1.151491e+03
7979	-1.116147e+03
7980	-1.128492e+03
7981	-1.117190e+03
7982	-1.129883e+03
7983	-1.130495e+03
7984	-1.124906e+03
7985	-1.134731e+03
7986	-1.130911e+03
7987	-1.118065e+03
7988	-1.146992e+03
7989	-1.136076e+03
7990	-1.111555e+03
7991	-1.136293e+03
7992	-1.118672e+03
7993	-1.121845e+03
7994	-1.131338e+03
7995	-1.122737e+03
7996	-1.142943e+03
7997	-1.142051e+03
7998	-1.130988e+03
7999	-1.116642e+03
8000	-1.120808e+03
8001	-1.131561e+03
8002	-1.127240e+03
8003	-1.133366e+03
8004	-1.133961e+03
8005	-1.123577e+03
8006	-1.138811e+03
8007	-1.131786e+03
8008	-1.140884e+03
8009	-1.127191e+03
8010	-1.142448e+03
8011	-1.122980e+03
8012	-1.128580e+03
8013	-1.132836e+03
8014	-1.117913e+03
8015	-1.138998e+03
8016	-1.143358e+03
8017	-1.121058e+03
8018	-1.119747e+03
8019	-1.137077e+03
8020	-1.125338e+03
8021	-1.125346e+03
8022	-1.141434e+03
8023	-1.112000e+03
8024	-1.130893e+03
8025	-1.107172e+03
8026	-1.125413e+03
8027	-1.117665e+03
8028	-1.123416e+03
8029	-1.126420e+03
8030	-1.145962e+03
8031	-1.125488e+03
8032	-1.127335e+03
8033	-1.135132e+03
8034	-1.118421e+03
8035	-1.127861e+03
8036	-1.131551e+03
8037	-1.130716e+03
8038	-1.118046e+03
8039	-1.120083e+03
8040	-1.144673e+03
8041	-1.148644e+03
8042	-1.121253e+03
8043	-1.122127e+03
8044	-1.125504e+03
8045	-1.157583e+03
8046	-1.143926e+03
8047	-1.124952e+03
8048	-1.126299e+03
8049	-1.126844e+03
8050	-1.130584e+03
8051	-1.128744e+03
8052	-1.091139e+03
8053	-1.137662e+03
8054	-1.130886e+03
8055	-1.129862e+03
8056	-1.143108e+03
8057	-1.145537e+03
8058	-1.133302e+03
8059	-1.139659e+03
8060	-1.117557e+03
8061	-1.134908e+03
8062	-1.125310e+03
8063	-1.143917e+03
8064	-1.129392e+03
8065	-1.118981e+03
8066	-1.129163e+03
8067	-1.130150e+03
8068	-1.132143e+03
8069	-1.127551e+03
8070	-1.131908e+03
8071	-1.130740e+03
8072	-1.114140e+03
8073	-1.135594e+03
8074	-1.137846e+03
8075	-1.136526e+03
8076	-1.144655e+03
8077	-1.157615e+03
8078	-1.141957e+03
8079	-1.123288e+03
8080	-1.130277e+03
8081	-1.108504e+03
8082	-1.141248e+03
8083	-1.120504e+03
8084	-1.112536e+03
8085	-1.140008e+03
8086	-1.127949e+03
8087	-1.131195e+03
8088	-1.104796e+03
8089	-1.112862e+03
8090	-1.127093e+03
8091	-1.125904e+03
8092	-1.151456e+03
8093	-1.119690e+03
8094	-1.110555e+03
8095	-1.124889e+03
8096	-1.134121e+03
8097	-1.117288e+03
8098	-1.144113e+03
8099	-1.130443e+03
8100	-1.104359e+03
8101	-1.126411e+03
8102	-1.115771e+03
8103	-1.132300e+03
8104	-1.108768e+03
8105	-1.133416e+03
8106	-1.117864e+03
8107	-1.145692e+03
8108	-1.134012e+03
8109	-1.133662e+03
8110	-1.131156e+03
8111	-1.132131e+03
8112	-1.124819e+03
8113	-1.124569e+03
8114	-1.135061e+03
8115	-1.126543e+03
8116	-1.132657e+03
8117	-1.114667e+03
8118	-1.109543e+03
8119	-1.146188e+03
8120	-1.133104e+03
8121	-1.134249e+03
8122	-1.132357e+03
8123	-1.136438e+03
8124	-1.132743e+03
8125	-1.140688e+03
8126	-1.125741e+03
8127	-1.119028e+03
8128	-1.134103e+03
8129	-1.131089e+03
8130	-1.120769e+03
8131	-1.132889e+03
8132	-1.128070e+03
8133	-1.128127e+03
8134	-1.126550e+03
8135	-1.150253e+03
8136	-1.137355e+03
8137	-1.125746e+03
8138	-1.139024e+03
8139	-1.133293e+03
8140	-1.107623e+03
8141	-1.121494e+03
8142	-1.122614e+03
8143	-1.136677e+03
8144	-1.123556e+03
8145	-1.137172e+03
8146	-1.131058e+03
8147	-1.128186e+03
8148	-1.120045e+03
8149	-1.128332e+03
8150	-1.137669e+03
8151	-1.112720e+03
8152	-1.154582e+03
8153	-1.132257e+03
8154	-1.137309e+03
8155	-1.147007e+03
8156	-1.136197e+03
8157	-1.119234e+03
8158	-1.125600e+03
8159	-1.132550e+03
8160	-1.113762e+03
8161	-1.120025e+03
8162	-1.135276e+03
8163	-1.156476e+03
8164	-1.121806e+03
8165	-1.127148e+03
8166	-1.124589e+03
8167	-1.147674e+03
8168	-1.138691e+03
8169	-1.140820e+03
8170	-1.112452e+03
8171	-1.119772e+03
8172	-1.122069e+03
8173	-1.139339e+03
8174	-1.124416e+03
8175	-1.123235e+03
8176	-1.125308e+03
8177	-1.132677e+03
8178	-1.132694e+03
8179	-1.118444e+03
8180	-1.148575e+03
8181	-1.124290e+03
8182	-1.108290e+03
8183	-1.127432e+03
8184	-1.125421e+03
8185	-1.140465e+03
8186	-1.134386e+03
8187	-1.132902e+03
8188	-1.143561e+03
8189	-1.136210e+03
8190	-1.133277e+03
8191	-1.137108e+03
8192	-1.130807e+03
8193	-1.122804e+03
8194	-1.130064e+03
8195	-1.093783e+03
8196	-1.136122e+03
8197	-1.115673e+03
8198	-1.130892e+03
8199	-1.116987e+03
8200	-1.135199e+03
8201	-1.125505e+03
8202	-1.124088e+03
8203	-1.128113e+03
8204	-1.148138e+03
8205	-1.123216e+03
8206	-1.130878e+03
8207	-1.100184e+03
8208	-1.116193e+03
8209	-1.111763e+03
8210	-1.101742e+03
8211	-1.140205e+03
8212	-1.120839e+03
8213	-1.140816e+03
8214	-1.117053e+03
8215	-1.131037e+03
8216	-1.153313e+03
8217	-1.131549e+03
8218	-1.141534e+03
8219	-1.123277e+03
8220	-1.118999e+03
8221	-1.118021e+03
8222	-1.127226e+03
8223	-1.128254e+03
8224	-1.141187e+03
8225	-1.135143e+03
8226	-1.123804e+03
8227	-1.121429e+03
8228	-1.140424e+03
8229	-1.134233e+03
8230	-1.129639e+03
8231	-1.115737e+03
8232	-1.145672e+03
8233	-1.138247e+03
8234	-1.111052e+03
8235	-1.126611e+03
8236	-1.121880e+03
8237	-1.115071e+03
8238	-1.155326e+03
8239	-1.137072e+03
8240	-1.138252e+03
8241	-1.139873e+03
8242	-1.138837e+03
8243	-1.133438e+03
8244	-1.130357e+03
8245	-1.118338e+03
8246	-1.152922e+03
8247	-1.129158e+03
8248	-1.149586e+03
8249	-1.112741e+03
8250	-1.124369e+03
8251	-1.130736e+03
8252	-1.138250e+03
8253	-1.138947e+03
8254	-1.120167e+03
8255	-1.128643e+03
8256	-1.137553e+03
8257	-1.131775e+03
8258	-1.118930e+03
8259	-1.123034e+03
8260	-1.112169e+03
8261	-1.140360e+03
8262	-1.150197e+03
8263	-1.128169e+03
8264	-1.125660e+03
8265	-1.126895e+03
8266	-1.134402e+03
8267	-1.143124e+03
8268	-1.121332e+03
8269	-1.142724e+03
8270	-1.124389e+03
8271	-1.121839e+03
8272	-1.135427e+03
8273	-1.128531e+03
8274	-1.133803e+03
8275	-1.120867e+03
8276	-1.134274e+03
8277	-1.128973e+03
8278	-1.127320e+03
8279	-1.142322e+03
8280	-1.142532e+03
8281	-1.122220e+03
8282	-1.123386e+03
8283	-1.140602e+03
8284	-1.123908e+03
8285	-1.144750e+03
8286	-1.114615e+03
8287	-1.128526e+03
8288	-1.131489e+03
8289	-1.130687e+03
8290	-1.110520e+03
8291	-1.145979e+03
8292	-1.126466e+03
8293	-1.153399e+03
8294	-1.134881e+03
8295	-1.127583e+03
8296	-1.131883e+03
8297	-1.114772e+03
8298	-1.136783e+03
8299	-1.115399e+03
8300	-1.131660e+03
8301	-1.137793e+03
8302	-1.132309e+03
8303	-1.126731e+03
8304	-1.128646e+03
8305	-1.131073e+03
8306	-1.124855e+03
8307	-1.115225e+03
8308	-1.094697e+03
8309	-1.120410e+03
8310	-1.125848e+03
8311	-1.123396e+03
8312	-1.136384e+03
8313	-1.146263e+03
8314	-1.119896e+03
8315	-1.145385e+03
8316	-1.128392e+03
8317	-1.138406e+03
8318	-1.131560e+03
8319	-1.110974e+03
8320	-1.137021e+03
8321	-1.131282e+03
8322	-1.116473e+03
8323	-1.129232e+03
8324	-1.140583e+03
8325	-1.130050e+03
8326	-1.133336e+03
8327	-1.131069e+03
8328	-1.154731e+03
8329	-1.127162e+03
8330	-1.118581e+03
8331	-1.126706e+03
8332	-1.133416e+03
8333	-1.110507e+03
8334	-1.140324e+03
8335	-1.116951e+03
8336	-1.134033e+03
8337	-1.135490e+03
8338	-1.122880e+03
8339	-1.108902e+03
8340	-1.143083e+03
8341	-1.133129e+03
8342	-1.113475e+03
8343	-1.143291e+03
8344	-1.130830e+03
8345	-1.124279e+03
8346	-1.130151e+03
8347	-1.118388e+03
8348	-1.128433e+03
8349	-1.109609e+03
8350	-1.117663e+03
8351	-1.131993e+03
8352	-1.138722e+03
8353	-1.140063e+03
8354	-1.117596e+03
8355	-1.128759e+03
8356	-1.135955e+03
8357	-1.130673e+03
8358	-1.143412e+03
8359	-1.123817e+03
8360	-1.117912e+03
8361	-1.118042e+03
8362	-1.130016e+03
8363	-1.144562e+03
8364	-1.143585e+03
8365	-1.128369e+03
8366	-1.134306e+03
8367	-1.123527e+03
8368	-1.144546e+03
8369	-1.106478e+03
8370	-1.145713e+03
8371	-1.135361e+03
8372	-1.132162e+03
8373	-1.128906e+03
8374	-1.133062e+03
8375	-1.133796e+03
8376	-1.130815e+03
8377	-1.111143e+03
8378	-1.121582e+03
8379	-1.122799e+03
8380	-1.133297e+03
8381	-1.119941e+03
8382	-1.142937e+03
8383	-1.135055e+03
8384	-1.122843e+03
8385	-1.117443e+03
8386	-1.132316e+03
8387	-1.130532e+03
8388	-1.127620e+03
8389	-1.120909e+03
8390	-1.127517e+03
8391	-1.150995e+03
8392	-1.156918e+03
8393	-1.130855e+03
8394	-1.117146e+03
8395	-1.125292e+03
8396	-1.134086e+03
8397	-1.127994e+03
8398	-1.126823e+03
8399	-1.131610e+03
8400	-1.115555e+03
8401	-1.126212e+03
8402	-1.117480e+03
8403	-1.133199e+03
8404	-1.113313e+03
8405	-1.131505e+03
8406	-1.127046e+03
8407	-1.144985e+03
8408	-1.146587e+03
8409	-1.123709e+03
8410	-1.118260e+03
8411	-1.126409e+03
8412	-1.131522e+03
8413	-1.119837e+03
8414	-1.131299e+03
8415	-1.134869e+03
8416	-1.133766e+03
8417	-1.136800e+03
8418	-1.141778e+03
8419	-1.133156e+03
8420	-1.132293e+03
8421	-1.117507e+03
8422	-1.132062e+03
8423	-1.155020e+03
8424	-1.128377e+03
8425	-1.132578e+03
8426	-1.118810e+03
8427	-1.110008e+03
8428	-1.118712e+03
8429	-1.125556e+03
8430	-1.116284e+03
8431	-1.159896e+03
8432	-1.127431e+03
8433	-1.133365e+03
8434	-1.129137e+03
8435	-1.134883e+03
8436	-1.133927e+03
8437	-1.120877e+03
8438	-1.128789e+03
8439	-1.125456e+03
8440	-1.135575e+03
8441	-1.129389e+03
8442	-1.139571e+03
8443	-1.117207e+03
8444	-1.135342e+03
8445	-1.132231e+03
8446	-1.126326e+03
8447	-1.126534e+03
8448	-1.138420e+03
8449	-1.135418e+03
8450	-1.129330e+03
8451	-1.118630e+03
8452	-1.133949e+03
8453	-1.146473e+03
8454	-1.136018e+03
8455	-1.106875e+03
8456	-1.127377e+03
8457	-1.119550e+03
8458	-1.137694e+03
8459	-1.116663e+03
8460	-1.145707e+03
8461	-1.131329e+03
8462	-1.135328e+03
8463	-1.131894e+03
8464	-1.134258e+03
8465	-1.134204e+03
8466	-1.121268e+03
8467	-1.121754e+03
8468	-1.134202e+03
8469	-1.129858e+03
8470	-1.136446e+03
8471	-1.135669e+03
8472	-1.154066e+03
8473	-1.145341e+03
8474	-1.137759e+03
8475	-1.109275e+03
8476	-1.111214e+03
8477	-1.140043e+03
8478	-1.139455e+03
8479	-1.111566e+03
8480	-1.134585e+03
8481	-1.124399e+03
8482	-1.119066e+03
8483	-1.132163e+03
8484	-1.144582e+03
8485	-1.109970e+03
8486	-1.122442e+03
8487	-1.122162e+03
8488	-1.130664e+03
8489	-1.117795e+03
8490	-1.142974e+03
8491	-1.152393e+03
8492	-1.119569e+03
8493	-1.127096e+03
8494	-1.122399e+03
8495	-1.133567e+03
8496	-1.109710e+03
8497	-1.107176e+03
8498	-1.116073e+03
8499	-1.141694e+03
8500	-1.131833e+03
8501	-1.128250e+03
8502	-1.137457e+03
8503	-1.115847e+03
8504	-1.140903e+03
8505	-1.127838e+03
8506	-1.126969e+03
8507	-1.112188e+03
8508	-1.115067e+03
8509	-1.127683e+03
8510	-1.142107e+03
8511	-1.118783e+03
8512	-1.143452e+03
8513	-1.151716e+03
8514	-1.135067e+03
8515	-1.134469e+03
8516	-1.124079e+03
8517	-1.139145e+03
8518	-1.127071e+03
8519	-1.120567e+03
8520	-1.135914e+03
8521	-1.113678e+03
8522	-1.140741e+03
8523	-1.128245e+03
8524	-1.123726e+03
8525	-1.127155e+03
8526	-1.131998e+03
8527	-1.118054e+03
8528	-1.117002e+03
8529	-1.125701e+03
8530	-1.130195e+03
8531	-1.120642e+03
8532	-1.142371e+03
8533	-1.121709e+03
8534	-1.134467e+03
8535	-1.112938e+03
8536	-1.121878e+03
8537	-1.132992e+03
8538	-1.129689e+03
8539	-1.118681e+03
8540	-1.110994e+03
8541	-1.134728e+03
8542	-1.118419e+03
8543	-1.122920e+03
8544	-1.128315e+03
8545	-1.114127e+03
8546	-1.117834e+03
8547	-1.118626e+03
8548	-1.135937e+03
8549	-1.127508e+03
8550	-1.125673e+03
8551	-1.147835e+03
8552	-1.124360e+03
8553	-1.138320e+03
8554	-1.108936e+03
8555	-1.113823e+03
8556	-1.122947e+03
8557	-1.128899e+03
8558	-1.141995e+03
8559	-1.114253e+03
8560	-1.149832e+03
8561	-1.131764e+03
8562	-1.108844e+03
8563	-1.140137e+03
8564	-1.101076e+03
8565	-1.129065e+03
8566	-1.095192e+03
8567	-1.131717e+03
8568	-1.147183e+03
8569	-1.139075e+03
8570	-1.112934e+03
8571	-1.120719e+03
8572	-1.153176e+03
8573	-1.119841e+03
8574	-1.131372e+03
8575	-1.118625e+03
8576	-1.119452e+03
8577	-1.130045e+03
8578	-1.136754e+03
8579	-1.133687e+03
8580	-1.136706e+03
8581	-1.133030e+03
8582	-1.120515e+03
8583	-1.126615e+03
8584	-1.131314e+03
8585	-1.121474e+03
8586	-1.119863e+03
8587	-1.126372e+03
8588	-1.128698e+03
8589	-1.129684e+03
8590	-1.116729e+03
8591	-1.114379e+03
8592	-1.149926e+03
8593	-1.142658e+03
8594	-1.139232e+03
8595	-1.127356e+03
8596	-1.136721e+03
8597	-1.111369e+03
8598	-1.123149e+03
8599	-1.128069e+03
8600	-1.129393e+03
8601	-1.119381e+03
8602	-1.120107e+03
8603	-1.136163e+03
8604	-1.151802e+03
8605	-1.124670e+03
8606	-1.122136e+03
8607	-1.129546e+03
8608	-1.109233e+03
8609	-1.135616e+03
8610	-1.129242e+03
8611	-1.119545e+03
8612	-1.113702e+03
8613	-1.134719e+03
8614	-1.137629e+03
8615	-1.116528e+03
8616	-1.132194e+03
8617	-1.142674e+03
8618	-1.112488e+03
8619	-1.145344e+03
8620	-1.134522e+03
8621	-1.112482e+03
8622	-1.129550e+03
8623	-1.151129e+03
8624	-1.121178e+03
8625	-1.135260e+03
8626	-1.150498e+03
8627	-1.150438e+03
8628	-1.119287e+03
8629	-1.113421e+03
8630	-1.129630e+03
8631	-1.110029e+03
8632	-1.131169e+03
8633	-1.112799e+03
8634	-1.122505e+03
8635	-1.136077e+03
8636	-1.107010e+03
8637	-1.125783e+03
8638	-1.158854e+03
8639	-1.119167e+03
8640	-1.137640e+03
8641	-1.129879e+03
8642	-1.156768e+03
8643	-1.132185e+03
8644	-1.121363e+03
8645	-1.135022e+03
8646	-1.125516e+03
8647	-1.111540e+03
8648	-1.143551e+03
8649	-1.138241e+03
8650	-1.120573e+03
8651	-1.098979e+03
8652	-1.122122e+03
8653	-1.111660e+03
8654	-1.122281e+03
8655	-1.133664e+03
8656	-1.122772e+03
8657	-1.121088e+03
8658	-1.129070e+03
8659	-1.119075e+03
8660	-1.131228e+03
8661	-1.101029e+03
8662	-1.138572e+03
8663	-1.114962e+03
8664	-1.148349e+03
8665	-1.127615e+03
8666	-1.139419e+03
8667	-1.152073e+03
8668	-1.125934e+03
8669	-1.121509e+03
8670	-1.117402e+03
8671	-1.154426e+03
8672	-1.125296e+03
8673	-1.120870e+03
8674	-1.133004e+03
8675	-1.116967e+03
8676	-1.094512e+03
8677	-1.124132e+03
8678	-1.142386e+03
8679	-1.126673e+03
8680	-1.132492e+03
8681	-1.110069e+03
8682	-1.120820e+03
8683	-1.122036e+03
8684	-1.124849e+03
8685	-1.103665e+03
8686	-1.132237e+03
8687	-1.131174e+03
8688	-1.124654e+03
8689	-1.144524e+03
8690	-1.126983e+03
8691	-1.133918e+03
8692	-1.125792e+03
8693	-1.130136e+03
8694	-1.111591e+03
8695	-1.127501e+03
8696	-1.130932e+03
8697	-1.114967e+03
8698	-1.132827e+03
8699	-1.135456e+03
8700	-1.116888e+03
8701	-1.112310e+03
8702	-1.129392e+03
8703	-1.132398e+03
8704	-1.133339e+03
8705	-1.127759e+03
8706	-1.120577e+03
8707	-1.130564e+03
8708	-1.147938e+03
8709	-1.115131e+03
8710	-1.129242e+03
8711	-1.129357e+03
8712	-1.132480e+03
8713	-1.127696e+03
8714	-1.135093e+03
8715	-1.143919e+03
8716	-1.126820e+03
8717	-1.135291e+03
8718	-1.102223e+03
8719	-1.122426e+03
8720	-1.137623e+03
8721	-1.110210e+03
8722	-1.136703e+03
8723	-1.146883e+03
8724	-1.131125e+03
8725	-1.114384e+03
8726	-1.118898e+03
8727	-1.144363e+03
8728	-1.141998e+03
8729	-1.108221e+03
8730	-1.112691e+03
8731	-1.157241e+03
8732	-1.155900e+03
8733	-1.125967e+03
8734	-1.133949e+03
8735	-1.127529e+03
8736	-1.127803e+03
8737	-1.123617e+03
8738	-1.132033e+03
8739	-1.138790e+03
8740	-1.138787e+03
8741	-1.116178e+03
8742	-1.125964e+03
8743	-1.129277e+03
8744	-1.120196e+03
8745	-1.120091e+03
8746	-1.132541e+03
8747	-1.139477e+03
8748	-1.137458e+03
8749	-1.135348e+03
8750	-1.118336e+03
8751	-1.146131e+03
8752	-1.120297e+03
8753	-1.139321e+03
8754	-1.123687e+03
8755	-1.131315e+03
8756	-1.141928e+03
8757	-1.137360e+03
8758	-1.144266e+03
8759	-1.126378e+03
8760	-1.127113e+03
8761	-1.129139e+03
8762	-1.143628e+03
8763	-1.118932e+03
8764	-1.118236e+03
8765	-1.137159e+03
8766	-1.116405e+03
8767	-1.129931e+03
8768	-1.121226e+03
8769	-1.136736e+03
8770	-1.133594e+03
8771	-1.131812e+03
8772	-1.112050e+03
8773	-1.115309e+03
8774	-1.138065e+03
8775	-1.118776e+03
8776	-1.114219e+03
8777	-1.144186e+03
8778	-1.120509e+03
8779	-1.113370e+03
8780	-1.127246e+03
8781	-1.113065e+03
8782	-1.131268e+03
8783	-1.147100e+03
8784	-1.155362e+03
8785	-1.144607e+03
8786	-1.125975e+03
8787	-1.127795e+03
8788	-1.129642e+03
8789	-1.131229e+03
8790	-1.150994e+03
8791	-1.113529e+03
8792	-1.123276e+03
8793	-1.134841e+03
8794	-1.135360e+03
8795	-1.109547e+03
8796	-1.131774e+03
8797	-1.137879e+03
8798	-1.124864e+03
8799	-1.148414e+03
8800	-1.130456e+03
8801	-1.127624e+03
8802	-1.116148e+03
8803	-1.120880e+03
8804	-1.136755e+03
8805	-1.116771e+03
8806	-1.127133e+03
8807	-1.139724e+03
8808	-1.131557e+03
8809	-1.134216e+03
8810	-1.149204e+03
8811	-1.130870e+03
8812	-1.141558e+03
8813	-1.112561e+03
8814	-1.127560e+03
8815	-1.141227e+03
8816	-1.135649e+03
8817	-1.143763e+03
8818	-1.126878e+03
8819	-1.120787e+03
8820	-1.112847e+03
8821	-1.143916e+03
8822	-1.122700e+03
8823	-1.132375e+03
8824	-1.127074e+03
8825	-1.137984e+03
8826	-1.128250e+03
8827	-1.119474e+03
8828	-1.144611e+03
8829	-1.132545e+03
8830	-1.134636e+03
8831	-1.107278e+03
8832	-1.122940e+03
8833	-1.160040e+03
8834	-1.116140e+03
8835	-1.111347e+03
8836	-1.150170e+03
8837	-1.122330e+03
8838	-1.126229e+03
8839	-1.138053e+03
8840	-1.136388e+03
8841	-1.124269e+03
8842	-1.138062e+03
8843	-1.143305e+03
8844	-1.115019e+03
8845	-1.137233e+03
8846	-1.119202e+03
8847	-1.125900e+03
8848	-1.133124e+03
8849	-1.132201e+03
8850	-1.132371e+03
8851	-1.127242e+03
8852	-1.136618e+03
8853	-1.109062e+03
8854	-1.143591e+03
8855	-1.123894e+03
8856	-1.131204e+03
8857	-1.124680e+03
8858	-1.148976e+03
8859	-1.131217e+03
8860	-1.148772e+03
8861	-1.140077e+03
8862	-1.136561e+03
8863	-1.125029e+03
8864	-1.127121e+03
8865	-1.121858e+03
8866	-1.123680e+03
8867	-1.110073e+03
8868	-1.127813e+03
8869	-1.127811e+03
8870	-1.114905e+03
8871	-1.139052e+03
8872	-1.126986e+03
8873	-1.138691e+03
8874	-1.139046e+03
8875	-1.140309e+03
8876	-1.135096e+03
8877	-1.130679e+03
8878	-1.129327e+03
8879	-1.139557e+03
8880	-1.138788e+03
8881	-1.160247e+03
8882	-1.123632e+03
8883	-1.127150e+03
8884	-1.154091e+03
8885	-1.135299e+03
8886	-1.122626e+03
8887	-1.131646e+03
8888	-1.133383e+03
8889	-1.132521e+03
8890	-1.132141e+03
8891	-1.130374e+03
8892	-1.142910e+03
8893	-1.147988e+03
8894	-1.109347e+03
8895	-1.130525e+03
8896	-1.133340e+03
8897	-1.123411e+03
8898	-1.146946e+03
8899	-1.134574e+03
8900	-1.141912e+03
8901	-1.143534e+03
8902	-1.130278e+03
8903	-1.142025e+03
8904	-1.127543e+03
8905	-1.135185e+03
8906	-1.141844e+03
8907	-1.122067e+03
8908	-1.127082e+03
8909	-1.141600e+03
8910	-1.145150e+03
8911	-1.126784e+03
8912	-1.126101e+03
8913	-1.122355e+03
8914	-1.138555e+03
8915	-1.123788e+03
8916	-1.142172e+03
8917	-1.124056e+03
8918	-1.132117e+03
8919	-1.117124e+03
8920	-1.128232e+03
8921	-1.122008e+03
8922	-1.137564e+03
8923	-1.134186e+03
8924	-1.125467e+03
8925	-1.118521e+03
8926	-1.121615e+03
8927	-1.148402e+03
8928	-1.113469e+03
8929	-1.124592e+03
8930	-1.125750e+03
8931	-1.119912e+03
8932	-1.134707e+03
8933	-1.126859e+03
8934	-1.124284e+03
8935	-1.140292e+03
8936	-1.134785e+03
8937	-1.143015e+03
8938	-1.100126e+03
8939	-1.117484e+03
8940	-1.114913e+03
8941	-1.110092e+03
8942	-1.128267e+03
8943	-1.142339e+03
8944	-1.131408e+03
8945	-1.121355e+03
8946	-1.116531e+03
8947	-1.125596e+03
8948	-1.144562e+03
8949	-1.151525e+03
8950	-1.114978e+03
8951	-1.116345e+03
8952	-1.129790e+03
8953	-1.133139e+03
8954	-1.126368e+03
8955	-1.107895e+03
8956	-1.129113e+03
8957	-1.130155e+03
8958	-1.128769e+03
8959	-1.131176e+03
8960	-1.137688e+03
8961	-1.118001e+03
8962	-1.114061e+03
8963	-1.120193e+03
8964	-1.136146e+03
8965	-1.129596e+03
8966	-1.119200e+03
8967	-1.139889e+03
8968	-1.131534e+03
8969	-1.122569e+03
8970	-1.128279e+03
8971	-1.125052e+03
8972	-1.117021e+03
8973	-1.141463e+03
8974	-1.128754e+03
8975	-1.148917e+03
8976	-1.127357e+03
8977	-1.124912e+03
8978	-1.125680e+03
8979	-1.142071e+03
8980	-1.129216e+03
8981	-1.126269e+03
8982	-1.133084e+03
8983	-1.129919e+03
8984	-1.147921e+03
8985	-1.132824e+03
8986	-1.152411e+03
8987	-1.121452e+03
8988	-1.120481e+03
8989	-1.141112e+03
8990	-1.132484e+03
8991	-1.148090e+03
8992	-1.114705e+03
8993	-1.133524e+03
8994	-1.141664e+03
8995	-1.142849e+03
8996	-1.131529e+03
8997	-1.132959e+03
8998	-1.143604e+03
8999	-1.111565e+03
9000	-1.116511e+03
9001	-1.146967e+03
9002	-1.140022e+03
9003	-1.121858e+03
9004	-1.110695e+03
9005	-1.132913e+03
9006	-1.128226e+03
9007	-1.133884e+03
9008	-1.120564e+03
9009	-1.106872e+03
9010	-1.134719e+03
9011	-1.104989e+03
9012	-1.124790e+03
9013	-1.141708e+03
9014	-1.128870e+03
9015	-1.124491e+03
9016	-1.134870e+03
9017	-1.113190e+03
9018	-1.125122e+03
9019	-1.129582e+03
9020	-1.118551e+03
9021	-1.129283e+03
9022	-1.128573e+03
9023	-1.121250e+03
9024	-1.125840e+03
9025	-1.123578e+03
9026	-1.123654e+03
9027	-1.115156e+03
9028	-1.122819e+03
9029	-1.133282e+03
9030	-1.133444e+03
9031	-1.140438e+03
9032	-1.148640e+03
9033	-1.137682e+03
9034	-1.135343e+03
9035	-1.126692e+03
9036	-1.122413e+03
9037	-1.155909e+03
9038	-1.121376e+03
9039	-1.137516e+03
9040	-1.136485e+03
9041	-1.117686e+03
9042	-1.130972e+03
9043	-1.131133e+03
9044	-1.116040e+03
9045	-1.141391e+03
9046	-1.125347e+03
9047	-1.111300e+03
9048	-1.141712e+03
9049	-1.126128e+03
9050	-1.125337e+03
9051	-1.148307e+03
9052	-1.123060e+03
9053	-1.142375e+03
9054	-1.096511e+03
9055	-1.147458e+03
9056	-1.133567e+03
9057	-1.139310e+03
9058	-1.120682e+03
9059	-1.143752e+03
9060	-1.128043e+03
9061	-1.104387e+03
9062	-1.136016e+03
9063	-1.152924e+03
9064	-1.131397e+03
9065	-1.139033e+03
9066	-1.139396e+03
9067	-1.121575e+03
9068	-1.107778e+03
9069	-1.117044e+03
9070	-1.161586e+03
9071	-1.126493e+03
9072	-1.135445e+03
9073	-1.113479e+03
9074	-1.152203e+03
9075	-1.120943e+03
9076	-1.116135e+03
9077	-1.144239e+03
9078	-1.125470e+03
9079	-1.148033e+03
9080	-1.139430e+03
9081	-1.132176e+03
9082	-1.125102e+03
9083	-1.151915e+03
9084	-1.125707e+03
9085	-1.119343e+03
9086	-1.122438e+03
9087	-1.117984e+03
9088	-1.134863e+03
9089	-1.114118e+03
9090	-1.145668e+03
9091	-1.138603e+03
9092	-1.121229e+03
9093	-1.132382e+03
9094	-1.105909e+03
9095	-1.129524e+03
9096	-1.138335e+03
9097	-1.113963e+03
9098	-1.124849e+03
9099	-1.139225e+03
9100	-1.130969e+03
9101	-1.125579e+03
9102	-1.134193e+03
9103	-1.130825e+03
9104	-1.137153e+03
9105	-1.129409e+03
9106	-1.134945e+03
9107	-1.135716e+03
9108	-1.127564e+03
9109	-1.136312e+03
9110	-1.135991e+03
9111	-1.126745e+03
9112	-1.119341e+03
9113	-1.137031e+03
9114	-1.128638e+03
9115	-1.137024e+03
9116	-1.136269e+03
9117	-1.136190e+03
9118	-1.133483e+03
9119	-1.141243e+03
9120	-1.110682e+03
9121	-1.135113e+03
9122	-1.132656e+03
9123	-1.124083e+03
9124	-1.133561e+03
9125	-1.146425e+03
9126	-1.145259e+03
9127	-1.139589e+03
9128	-1.121429e+03
9129	-1.129044e+03
9130	-1.144219e+03
9131	-1.118140e+03
9132	-1.109179e+03
9133	-1.134851e+03
9134	-1.116371e+03
9135	-1.128375e+03
9136	-1.131150e+03
9137	-1.112361e+03
9138	-1.128736e+03
9139	-1.119846e+03
9140	-1.142463e+03
9141	-1.138006e+03
9142	-1.117530e+03
9143	-1.143523e+03
9144	-1.123424e+03
9145	-1.160404e+03
9146	-1.115680e+03
9147	-1.114357e+03
9148	-1.132399e+03
9149	-1.121634e+03
9150	-1.130395e+03
9151	-1.135268e+03
9152	-1.126054e+03
9153	-1.167598e+03
9154	-1.120368e+03
9155	-1.122591e+03
9156	-1.129630e+03
9157	-1.132734e+03
9158	-1.106798e+03
9159	-1.134795e+03
9160	-1.127072e+03
9161	-1.124905e+03
9162	-1.132291e+03
9163	-1.139181e+03
9164	-1.137298e+03
9165	-1.122204e+03
9166	-1.128028e+03
9167	-1.121478e+03
9168	-1.122525e+03
9169	-1.133214e+03
9170	-1.133229e+03
9171	-1.124386e+03
9172	-1.138826e+03
9173	-1.134200e+03
9174	-1.126250e+03
9175	-1.132076e+03
9176	-1.118462e+03
9177	-1.125908e+03
9178	-1.149436e+03
9179	-1.133702e+03
9180	-1.114024e+03
9181	-1.135396e+03
9182	-1.136255e+03
9183	-1.128891e+03
9184	-1.128632e+03
9185	-1.125973e+03
9186	-1.135733e+03
9187	-1.119061e+03
9188	-1.122338e+03
9189	-1.126134e+03
9190	-1.129062e+03
9191	-1.143851e+03
9192	-1.135041e+03
9193	-1.100002e+03
9194	-1.142113e+03
9195	-1.124287e+03
9196	-1.127339e+03
9197	-1.127533e+03
9198	-1.133512e+03
9199	-1.134701e+03
9200	-1.129430e+03
9201	-1.117459e+03
9202	-1.119627e+03
9203	-1.125271e+03
9204	-1.157143e+03
9205	-1.134587e+03
9206	-1.114797e+03
9207	-1.127325e+03
9208	-1.137347e+03
9209	-1.134919e+03
9210	-1.127843e+03
9211	-1.131881e+03
9212	-1.145048e+03
9213	-1.137570e+03
9214	-1.137746e+03
9215	-1.137665e+03
9216	-1.139348e+03
9217	-1.141388e+03
9218	-1.133424e+03
9219	-1.113603e+03
9220	-1.121528e+03
9221	-1.131980e+03
9222	-1.154823e+03
9223	-1.142082e+03
9224	-1.125679e+03
9225	-1.157715e+03
9226	-1.128693e+03
9227	-1.122234e+03
9228	-1.130672e+03
9229	-1.118187e+03
9230	-1.122996e+03
9231	-1.120336e+03
9232	-1.129874e+03
9233	-1.123285e+03
9234	-1.143566e+03
9235	-1.125454e+03
9236	-1.125079e+03
9237	-1.128065e+03
9238	-1.133144e+03
9239	-1.124348e+03
9240	-1.112071e+03
9241	-1.123508e+03
9242	-1.151197e+03
9243	-1.145393e+03
9244	-1.129773e+03
9245	-1.124660e+03
9246	-1.149353e+03
9247	-1.130409e+03
9248	-1.137480e+03
9249	-1.145194e+03
9250	-1.132057e+03
9251	-1.115758e+03
9252	-1.127108e+03
9253	-1.124037e+03
9254	-1.124601e+03
9255	-1.129069e+03
9256	-1.130555e+03
9257	-1.132345e+03
9258	-1.121190e+03
9259	-1.115198e+03
9260	-1.122401e+03
9261	-1.128481e+03
9262	-1.121506e+03
9263	-1.115785e+03
9264	-1.133873e+03
9265	-1.127537e+03
9266	-1.112661e+03
9267	-1.116247e+03
9268	-1.133177e+03
9269	-1.141617e+03
9270	-1.124642e+03
9271	-1.141896e+03
9272	-1.102911e+03
9273	-1.140326e+03
9274	-1.125557e+03
9275	-1.125743e+03
9276	-1.136990e+03
9277	-1.123402e+03
9278	-1.128941e+03
9279	-1.103585e+03
9280	-1.128591e+03
9281	-1.156850e+03
9282	-1.117681e+03
9283	-1.145217e+03
9284	-1.118023e+03
9285	-1.154266e+03
9286	-1.133423e+03
9287	-1.122886e+03
9288	-1.119046e+03
9289	-1.147693e+03
9290	-1.136286e+03
9291	-1.108592e+03
9292	-1.149873e+03
9293	-1.125003e+03
9294	-1.129408e+03
9295	-1.128114e+03
9296	-1.098172e+03
9297	-1.127257e+03
9298	-1.135241e+03
9299	-1.126294e+03
9300	-1.148373e+03
9301	-1.119223e+03
9302	-1.123701e+03
9303	-1.129596e+03
9304	-1.141895e+03
9305	-1.132054e+03
9306	-1.121752e+03
9307	-1.139668e+03
9308	-1.121477e+03
9309	-1.128390e+03
9310	-1.127746e+03
9311	-1.132859e+03
9312	-1.136614e+03
9313	-1.142175e+03
9314	-1.124873e+03
9315	-1.115586e+03
9316	-1.133075e+03
9317	-1.124129e+03
9318	-1.125568e+03
9319	-1.127593e+03
9320	-1.109583e+03
9321	-1.135046e+03
9322	-1.148098e+03
9323	-1.119733e+03
9324	-1.156473e+03
9325	-1.129475e+03
9326	-1.121064e+03
9327	-1.127371e+03
9328	-1.121018e+03
9329	-1.120788e+03
9330	-1.129074e+03
9331	-1.121457e+03
9332	-1.157852e+03
9333	-1.143734e+03
9334	-1.119835e+03
9335	-1.147764e+03
9336	-1.127496e+03
9337	-1.130695e+03
9338	-1.122697e+03
9339	-1.134119e+03
9340	-1.146273e+03
9341	-1.119282e+03
9342	-1.130498e+03
9343	-1.130320e+03
9344	-1.133603e+03
9345	-1.152886e+03
9346	-1.129126e+03
9347	-1.122779e+03
9348	-1.130212e+03
9349	-1.130190e+03
9350	-1.121158e+03
9351	-1.133233e+03
9352	-1.112012e+03
9353	-1.147685e+03
9354	-1.131900e+03
9355	-1.112287e+03
9356	-1.136181e+03
9357	-1.133613e+03
9358	-1.125232e+03
9359	-1.127305e+03
9360	-1.116039e+03
9361	-1.130575e+03
9362	-1.121995e+03
9363	-1.128127e+03
9364	-1.120144e+03
9365	-1.136500e+03
9366	-1.130445e+03
9367	-1.135861e+03
9368	-1.134230e+03
9369	-1.138056e+03
9370	-1.116035e+03
9371	-1.149442e+03
9372	-1.121459e+03
9373	-1.158921e+03
9374	-1.122885e+03
9375	-1.130054e+03
9376	-1.137569e+03
9377	-1.110905e+03
9378	-1.155274e+03
9379	-1.135249e+03
9380	-1.127278e+03
9381	-1.139955e+03
9382	-1.140190e+03
9383	-1.108468e+03
9384	-1.135515e+03
9385	-1.114344e+03
9386	-1.124839e+03
9387	-1.131541e+03
9388	-1.116383e+03
9389	-1.113916e+03
9390	-1.148469e+03
9391	-1.134953e+03
9392	-1.133530e+03
9393	-1.147685e+03
9394	-1.129405e+03
9395	-1.127918e+03
9396	-1.141972e+03
9397	-1.129864e+03
9398	-1.149036e+03
9399	-1.132841e+03
9400	-1.140947e+03
9401	-1.121228e+03
9402	-1.124497e+03
9403	-1.131300e+03
9404	-1.126706e+03
9405	-1.133640e+03
9406	-1.152365e+03
9407	-1.139058e+03
9408	-1.139864e+03
9409	-1.127776e+03
9410	-1.121880e+03
9411	-1.128177e+03
9412	-1.132782e+03
9413	-1.127852e+03
9414	-1.136144e+03
9415	-1.127557e+03
9416	-1.120714e+03
9417	-1.115712e+03
9418	-1.117184e+03
9419	-1.113220e+03
9420	-1.136913e+03
9421	-1.139306e+03
9422	-1.135305e+03
9423	-1.135317e+03
9424	-1.140274e+03
9425	-1.134521e+03
9426	-1.135934e+03
9427	-1.144665e+03
9428	-1.117809e+03
9429	-1.137622e+03
9430	-1.118756e+03
9431	-1.123375e+03
9432	-1.125346e+03
9433	-1.148334e+03
9434	-1.142679e+03
9435	-1.109260e+03
9436	-1.148367e+03
9437	-1.124560e+03
9438	-1.129320e+03
9439	-1.118781e+03
9440	-1.141322e+03
9441	-1.126874e+03
9442	-1.123140e+03
9443	-1.123028e+03
9444	-1.133745e+03
9445	-1.130477e+03
9446	-1.125171e+03
9447	-1.141014e+03
9448	-1.123073e+03
9449	-1.122314e+03
9450	-1.124914e+03
9451	-1.139242e+03
9452	-1.120660e+03
9453	-1.130724e+03
9454	-1.132216e+03
9455	-1.121445e+03
9456	-1.124428e+03
9457	-1.143213e+03
9458	-1.143328e+03
9459	-1.132761e+03
9460	-1.108706e+03
9461	-1.112836e+03
9462	-1.129859e+03
9463	-1.131224e+03
9464	-1.135387e+03
9465	-1.125069e+03
9466	-1.126833e+03
9467	-1.126211e+03
9468	-1.134707e+03
9469	-1.115237e+03
9470	-1.122887e+03
9471	-1.119409e+03
9472	-1.122136e+03
9473	-1.114269e+03
9474	-1.148405e+03
9475	-1.141019e+03
9476	-1.123387e+03
9477	-1.119656e+03
9478	-1.144566e+03
9479	-1.107446e+03
9480	-1.128469e+03
9481	-1.114584e+03
9482	-1.129652e+03
9483	-1.121494e+03
9484	-1.120991e+03
9485	-1.151486e+03
9486	-1.122641e+03
9487	-1.115639e+03
9488	-1.132352e+03
9489	-1.113499e+03
9490	-1.142687e+03
9491	-1.106431e+03
9492	-1.121951e+03
9493	-1.130116e+03
9494	-1.124265e+03
9495	-1.118083e+03
9496	-1.138145e+03
9497	-1.120446e+03
9498	-1.137023e+03
9499	-1.139793e+03
9500	-1.114969e+03
9501	-1.124978e+03
9502	-1.140970e+03
9503	-1.138584e+03
9504	-1.118378e+03
9505	-1.129578e+03
9506	-1.123004e+03
9507	-1.115238e+03
9508	-1.148912e+03
9509	-1.129213e+03
9510	-1.124869e+03
9511	-1.141807e+03
9512	-1.133537e+03
9513	-1.128385e+03
9514	-1.131656e+03
9515	-1.132647e+03
9516	-1.128759e+03
9517	-1.126325e+03
9518	-1.121709e+03
9519	-1.122261e+03
9520	-1.123857e+03
9521	-1.116454e+03
9522	-1.129824e+03
9523	-1.139426e+03
9524	-1.122234e+03
9525	-1.122314e+03
9526	-1.118382e+03
9527	-1.147050e+03
9528	-1.127084e+03
9529	-1.115664e+03
9530	-1.133736e+03
9531	-1.116447e+03
9532	-1.134331e+03
9533	-1.123943e+03
9534	-1.157914e+03
9535	-1.106903e+03
9536	-1.124189e+03
9537	-1.136495e+03
9538	-1.123638e+03
9539	-1.128687e+03
9540	-1.129970e+03
9541	-1.130824e+03
9542	-1.127694e+03
9543	-1.145123e+03
9544	-1.124157e+03
9545	-1.119582e+03
9546	-1.119517e+03
9547	-1.121108e+03
9548	-1.121572e+03
9549	-1.137153e+03
9550	-1.129281e+03
9551	-1.133095e+03
9552	-1.125479e+03
9553	-1.143993e+03
9554	-1.150751e+03
9555	-1.124834e+03
9556	-1.128965e+03
9557	-1.124742e+03
9558	-1.143749e+03
9559	-1.136334e+03
9560	-1.120420e+03
9561	-1.133438e+03
9562	-1.117586e+03
9563	-1.110560e+03
9564	-1.136189e+03
9565	-1.136245e+03
9566	-1.113850e+03
9567	-1.107760e+03
9568	-1.124651e+03
9569	-1.126204e+03
9570	-1.135405e+03
9571	-1.113200e+03
9572	-1.136211e+03
9573	-1.135946e+03
9574	-1.127000e+03
9575	-1.146548e+03
9576	-1.154741e+03
9577	-1.139826e+03
9578	-1.116480e+03
9579	-1.139248e+03
9580	-1.133969e+03
9581	-1.120865e+03
9582	-1.115689e+03
9583	-1.154882e+03
9584	-1.122358e+03
9585	-1.135469e+03
9586	-1.126828e+03
9587	-1.135315e+03
9588	-1.140353e+03
9589	-1.111490e+03
9590	-1.131580e+03
9591	-1.152801e+03
9592	-1.121103e+03
9593	-1.137054e+03
9594	-1.123338e+03
9595	-1.124868e+03
9596	-1.141914e+03
9597	-1.120670e+03
9598	-1.116033e+03
9599	-1.116411e+03
9600	-1.093531e+03
9601	-1.126302e+03
9602	-1.102166e+03
9603	-1.146202e+03
9604	-1.142247e+03
9605	-1.117701e+03
9606	-1.106850e+03
9607	-1.124444e+03
9608	-1.109258e+03
9609	-1.108620e+03
9610	-1.133411e+03
9611	-1.151113e+03
9612	-1.130216e+03
9613	-1.120801e+03
9614	-1.110867e+03
9615	-1.141690e+03
9616	-1.137409e+03
9617	-1.138265e+03
9618	-1.119978e+03
9619	-1.134746e+03
9620	-1.116866e+03
9621	-1.135790e+03
9622	-1.135454e+03
9623	-1.138775e+03
9624	-1.124204e+03
9625	-1.121068e+03
9626	-1.131836e+03
9627	-1.159742e+03
9628	-1.131478e+03
9629	-1.139715e+03
9630	-1.134342e+03
9631	-1.125793e+03
9632	-1.148560e+03
9633	-1.128021e+03
9634	-1.133902e+03
9635	-1.130938e+03
9636	-1.125960e+03
9637	-1.111710e+03
9638	-1.137490e+03
9639	-1.134665e+03
9640	-1.139154e+03
9641	-1.134946e+03
9642	-1.129592e+03
9643	-1.126445e+03
9644	-1.137501e+03
9645	-1.120930e+03
9646	-1.123171e+03
9647	-1.134771e+03
9648	-1.123947e+03
9649	-1.136649e+03
9650	-1.111131e+03
9651	-1.125245e+03
9652	-1.127114e+03
9653	-1.144522e+03
9654	-1.126600e+03
9655	-1.140308e+03
9656	-1.122251e+03
9657	-1.147143e+03
9658	-1.131159e+03
9659	-1.096835e+03
9660	-1.126027e+03
9661	-1.110946e+03
9662	-1.130122e+03
9663	-1.116757e+03
9664	-1.134016e+03
9665	-1.154523e+03
9666	-1.138438e+03
9667	-1.136758e+03
9668	-1.130863e+03
9669	-1.131757e+03
9670	-1.119720e+03
9671	-1.149103e+03
9672	-1.118413e+03
9673	-1.140737e+03
9674	-1.136149e+03
9675	-1.129120e+03
9676	-1.138983e+03
9677	-1.112100e+03
9678	-1.135672e+03
9679	-1.144778e+03
9680	-1.127729e+03
9681	-1.147479e+03
9682	-1.138128e+03
9683	-1.136067e+03
9684	-1.136665e+03
9685	-1.127208e+03
9686	-1.125324e+03
9687	-1.151075e+03
9688	-1.115854e+03
9689	-1.153840e+03
9690	-1.128649e+03
9691	-1.136615e+03
9692	-1.134055e+03
9693	-1.117431e+03
9694	-1.116861e+03
9695	-1.133741e+03
9696	-1.121914e+03
9697	-1.107751e+03
9698	-1.149678e+03
9699	-1.133176e+03
9700	-1.126232e+03
9701	-1.125049e+03
9702	-1.129940e+03
9703	-1.116212e+03
9704	-1.141236e+03
9705	-1.139533e+03
9706	-1.129698e+03
9707	-1.107857e+03
9708	-1.117301e+03
9709	-1.127637e+03
9710	-1.152451e+03
9711	-1.129330e+03
9712	-1.116624e+03
9713	-1.136818e+03
9714	-1.118657e+03
9715	-1.133388e+03
9716	-1.131448e+03
9717	-1.134727e+03
9718	-1.138285e+03
9719	-1.133281e+03
9720	-1.112216e+03
9721	-1.144885e+03
9722	-1.124638e+03
9723	-1.112117e+03
9724	-1.128771e+03
9725	-1.138364e+03
9726	-1.140866e+03
9727	-1.138884e+03
9728	-1.130425e+03
9729	-1.135562e+03
9730	-1.121424e+03
9731	-1.114737e+03
9732	-1.135098e+03
9733	-1.139753e+03
9734	-1.118520e+03
9735	-1.142549e+03
9736	-1.132432e+03
9737	-1.127898e+03
9738	-1.133261e+03
9739	-1.152441e+03
9740	-1.129370e+03
9741	-1.147728e+03
9742	-1.131036e+03
9743	-1.125788e+03
9744	-1.138329e+03
9745	-1.129180e+03
9746	-1.123910e+03
9747	-1.163574e+03
9748	-1.128199e+03
9749	-1.127745e+03
9750	-1.117030e+03
9751	-1.138441e+03
9752	-1.128982e+03
9753	-1.123887e+03
9754	-1.142613e+03
9755	-1.124797e+03
9756	-1.126763e+03
9757	-1.126880e+03
9758	-1.136082e+03
9759	-1.144227e+03
9760	-1.150486e+03
9761	-1.127647e+03
9762	-1.130220e+03
9763	-1.122804e+03
9764	-1.141926e+03
9765	-1.115773e+03
9766	-1.115279e+03
9767	-1.141135e+03
9768	-1.125621e+03
9769	-1.136151e+03
9770	-1.121348e+03
9771	-1.124809e+03
9772	-1.122039e+03
9773	-1.132250e+03
9774	-1.119812e+03
9775	-1.127578e+03
9776	-1.126125e+03
9777	-1.141610e+03
9778	-1.123042e+03
9779	-1.130447e+03
9780	-1.130893e+03
9781	-1.140781e+03
9782	-1.147522e+03
9783	-1.138105e+03
9784	-1.131841e+03
9785	-1.126306e+03
9786	-1.129533e+03
9787	-1.126928e+03
9788	-1.127724e+03
9789	-1.115390e+03
9790	-1.146611e+03
9791	-1.125372e+03
9792	-1.117832e+03
9793	-1.122433e+03
9794	-1.143414e+03
9795	-1.131158e+03
9796	-1.136187e+03
9797	-1.136023e+03
9798	-1.123592e+03
9799	-1.125303e+03
9800	-1.107145e+03
9801	-1.126346e+03
9802	-1.132275e+03
9803	-1.131286e+03
9804	-1.153510e+03
9805	-1.137828e+03
9806	-1.111545e+03
9807	-1.141041e+03
9808	-1.109444e+03
9809	-1.137527e+03
9810	-1.120167e+03
9811	-1.137443e+03
9812	-1.109684e+03
9813	-1.123369e+03
9814	-1.134480e+03
9815	-1.120805e+03
9816	-1.136455e+03
9817	-1.142713e+03
9818	-1.161989e+03
9819	-1.132792e+03
9820	-1.117984e+03
9821	-1.119194e+03
9822	-1.126854e+03
9823	-1.129477e+03
9824	-1.133584e+03
9825	-1.140114e+03
9826	-1.113055e+03
9827	-1.114991e+03
9828	-1.114840e+03
9829	-1.130202e+03
9830	-1.126735e+03
9831	-1.130914e+03
9832	-1.120225e+03
9833	-1.130704e+03
9834	-1.135865e+03
9835	-1.139958e+03
9836	-1.131160e+03
9837	-1.138044e+03
9838	-1.150047e+03
9839	-1.112793e+03
9840	-1.112301e+03
9841	-1.126785e+03
9842	-1.139871e+03
9843	-1.144407e+03
9844	-1.118566e+03
9845	-1.134057e+03
9846	-1.111057e+03
9847	-1.112502e+03
9848	-1.158919e+03
9849	-1.125243e+03
9850	-1.113146e+03
9851	-1.117628e+03
9852	-1.117702e+03
9853	-1.108553e+03
9854	-1.152639e+03
9855	-1.130051e+03
9856	-1.121598e+03
9857	-1.125272e+03
9858	-1.154852e+03
9859	-1.105974e+03
9860	-1.129926e+03
9861	-1.126301e+03
9862	-1.134081e+03
9863	-1.115489e+03
9864	-1.131173e+03
9865	-1.127584e+03
9866	-1.136207e+03
9867	-1.133113e+03
9868	-1.146997e+03
9869	-1.133166e+03
9870	-1.113664e+03
9871	-1.129478e+03
9872	-1.121221e+03
9873	-1.138114e+03
9874	-1.127232e+03
9875	-1.125141e+03
9876	-1.128164e+03
9877	-1.129341e+03
9878	-1.130755e+03
9879	-1.119089e+03
9880	-1.123834e+03
9881	-1.133080e+03
9882	-1.135389e+03
9883	-1.122006e+03
9884	-1.120794e+03
9885	-1.132585e+03
9886	-1.121207e+03
9887	-1.123467e+03
9888	-1.123636e+03
9889	-1.137553e+03
9890	-1.132447e+03
9891	-1.143437e+03
9892	-1.145039e+03
9893	-1.117687e+03
9894	-1.124406e+03
9895	-1.120474e+03
9896	-1.128706e+03
9897	-1.137618e+03
9898	-1.115494e+03
9899	-1.132139e+03
9900	-1.149421e+03
9901	-1.121255e+03
9902	-1.122672e+03
9903	-1.125692e+03
9904	-1.124270e+03
9905	-1.139123e+03
9906	-1.141738e+03
9907	-1.138131e+03
9908	-1.138360e+03
9909	-1.143811e+03
9910	-1.140508e+03
9911	-1.124027e+03
9912	-1.122527e+03
9913	-1.134244e+03
9914	-1.115203e+03
9915	-1.121169e+03
9916	-1.114859e+03
9917	-1.112365e+03
9918	-1.120334e+03
9919	-1.113435e+03
9920	-1.127815e+03
9921	-1.133663e+03
9922	-1.135864e+03
9923	-1.137287e+03
9924	-1.134387e+03
9925	-1.133628e+03
9926	-1.140077e+03
9927	-1.122226e+03
9928	-1.128284e+03
9929	-1.147969e+03
9930	-1.131675e+03
9931	-1.126199e+03
9932	-1.127023e+03
9933	-1.132974e+03
9934	-1.126829e+03
9935	-1.144127e+03
9936	-1.133214e+03
9937	-1.125721e+03
9938	-1.117538e+03
9939	-1.125195e+03
9940	-1.109610e+03
9941	-1.129345e+03
9942	-1.125173e+03
9943	-1.139069e+03
9944	-1.120924e+03
9945	-1.125499e+03
9946	-1.119796e+03
9947	-1.112940e+03
9948	-1.143226e+03
9949	-1.147256e+03
9950	-1.137383e+03
9951	-1.113350e+03
9952	-1.123709e+03
9953	-1.109265e+03
9954	-1.149502e+03
9955	-1.132564e+03
9956	-1.134124e+03
9957	-1.132030e+03
9958	-1.126113e+03
9959	-1.136863e+03
9960	-1.139934e+03
9961	-1.118712e+03
9962	-1.118628e+03
9963	-1.132958e+03
9964	-1.140936e+03
9965	-1.136300e+03
9966	-1.131531e+03
9967	-1.113190e+03
9968	-1.134329e+03
9969	-1.109600e+03
9970	-1.125168e+03
9971	-1.143235e+03
9972	-1.110593e+03
9973	-1.127083e+03
9974	-1.141608e+03
9975	-1.130061e+03
9976	-1.124054e+03
9977	-1.132315e+03
9978	-1.137853e+03
9979	-1.134165e+03
9980	-1.108764e+03
9981	-1.130465e+03
9982	-1.115840e+03
9983	-1.138226e+03
9984	-1.132856e+03
9985	-1.121317e+03
9986	-1.130306e+03
9987	-1.124312e+03
9988	-1.131470e+03
9989	-1.118451e+03
9990	-1.143442e+03
9991	-1.141024e+03
9992	-1.115461e+03
9993	-1.125212e+03
9994	-1.120421e+03
9995	-1.142531e+03
9996	-1.105267e+03
9997	-1.133289e+03
9998	-1.122466e+03
9999	-1.128596e+03
10000	-1.149621e+03
