iteration	loss
0	0.000000e+00
1	-1.018283e+01
2	-1.866474e+01
3	-2.678568e+01
4	-3.124890e+01
5	-3.985471e+01
6	-4.305717e+01
7	-4.823825e+01
8	-5.036680e+01
9	-5.433269e+01
10	-5.873335e+01
11	-5.835212e+01
12	-6.397013e+01
13	-6.433549e+01
14	-6.789521e+01
15	-6.939451e+01
16	-6.904818e+01
17	-7.138370e+01
18	-7.067612e+01
19	-6.855326e+01
20	-6.974143e+01
21	-7.158741e+01
22	-6.779449e+01
23	-7.350695e+01
24	-7.160584e+01
25	-7.374633e+01
26	-7.171242e+01
27	-7.227676e+01
28	-7.362074e+01
29	-7.333689e+01
30	-7.128751e+01
31	-7.373088e+01
32	-7.118295e+01
33	-7.757173e+01
34	-7.175676e+01
35	-7.670271e+01
36	-7.056571e+01
37	-7.144848e+01
38	-7.425379e+01
39	-7.339542e+01
40	-7.168304e+01
41	-7.413304e+01
42	-7.564618e+01
43	-7.042488e+01
44	-7.353018e+01
45	-7.439471e+01
46	-7.149121e+01
47	-7.401879e+01
48	-7.299274e+01
49	-7.322015e+01
50	-7.498803e+01
51	-7.157185e+01
52	-7.208289e+01
53	-7.438138e+01
54	-7.558225e+01
55	-7.389482e+01
56	-7.361980e+01
57	-7.399495e+01
58	-7.505561e+01
59	-7.631809e+01
60	-7.203576e+01
61	-7.513612e+01
62	-7.022774e+01
63	-7.352765e+01
64	-7.012410e+01
65	-7.044587e+01
66	-7.505372e+01
67	-7.512656e+01
68	-7.493067e+01
69	-7.209359e+01
70	-7.374156e+01
71	-6.973590e+01
72	-7.254651e+01
73	-7.371817e+01
74	-7.680950e+01
75	-7.314769e+01
76	-7.312621e+01
77	-7.410389e+01
78	-7.286792e+01
79	-7.650203e+01
80	-7.226400e+01
81	-7.323002e+01
82	-7.626155e+01
83	-7.598613e+01
84	-7.249962e+01
85	-7.409317e+01
86	-7.294780e+01
87	-7.211449e+01
88	-7.318194e+01
89	-7.270881e+01
90	-7.500361e+01
91	-7.233266e+01
92	-7.334494e+01
93	-7.695378e+01
94	-7.229281e+01
95	-7.468791e+01
96	-7.113896e+01
97	-7.180330e+01
98	-7.033916e+01
99	-7.375362e+01
100	-7.510945e+01
101	-6.755422e+01
102	-7.658473e+01
103	-7.317955e+01
104	-7.203757e+01
105	-7.458787e+01
106	-7.336949e+01
107	-7.638066e+01
108	-7.332814e+01
109	-7.491353e+01
110	-7.343323e+01
111	-7.226200e+01
112	-7.386866e+01
113	-7.344746e+01
114	-7.222626e+01
115	-7.560236e+01
116	-7.312953e+01
117	-7.315760e+01
118	-7.380762e+01
119	-7.228762e+01
120	-7.430787e+01
121	-7.393752e+01
122	-7.120789e+01
123	-7.557898e+01
124	-7.212594e+01
125	-7.374292e+01
126	-7.295801e+01
127	-7.605678e+01
128	-7.196499e+01
129	-7.384465e+01
130	-7.440256e+01
131	-7.372877e+01
132	-7.074955e+01
133	-7.073324e+01
134	-7.365123e+01
135	-7.656925e+01
136	-7.321046e+01
137	-7.434060e+01
138	-7.255479e+01
139	-7.519657e+01
140	-7.101773e+01
141	-7.311877e+01
142	-7.368069e+01
143	-7.195833e+01
144	-7.507824e+01
145	-7.473860e+01
146	-7.360244e+01
147	-7.540500e+01
148	-7.101340e+01
149	-7.015142e+01
150	-6.885136e+01
151	-7.509274e+01
152	-7.194318e+01
153	-7.139803e+01
154	-7.187211e+01
155	-7.438035e+01
156	-7.277234e+01
157	-7.209690e+01
158	-7.359075e+01
159	-7.532950e+01
160	-7.171650e+01
161	-7.496258e+01
162	-7.171649e+01
163	-7.213185e+01
164	-6.894631e+01
165	-7.623973e+01
166	-7.538659e+01
167	-7.498995e+01
168	-7.158431e+01
169	-6.941833e+01
170	-7.370616e+01
171	-6.973944e+01
172	-7.224327e+01
173	-7.217203e+01
174	-7.234706e+01
175	-7.608219e+01
176	-7.528781e+01
177	-7.276502e+01
178	-7.160225e+01
179	-7.505408e+01
180	-7.641529e+01
181	-7.209975e+01
182	-7.162811e+01
183	-7.518374e+01
184	-7.345521e+01
185	-7.030742e+01
186	-7.381453e+01
187	-7.366561e+01
188	-7.187008e+01
189	-7.486931e+01
190	-7.127159e+01
191	-7.396807e+01
192	-7.245919e+01
193	-7.230657e+01
194	-7.328856e+01
195	-7.312576e+01
196	-7.511064e+01
197	-6.911232e+01
198	-7.174045e+01
199	-7.079013e+01
200	-7.292284e+01
201	-7.103230e+01
202	-7.279612e+01
203	-7.333423e+01
204	-7.345729e+01
205	-7.163193e+01
206	-7.214258e+01
207	-7.068746e+01
208	-7.443951e+01
209	-6.942949e+01
210	-7.339845e+01
211	-7.300272e+01
212	-7.090199e+01
213	-6.949687e+01
214	-7.483062e+01
215	-7.026906e+01
216	-7.109064e+01
217	-7.136570e+01
218	-7.293017e+01
219	-7.525986e+01
220	-7.200824e+01
221	-7.305516e+01
222	-6.928006e+01
223	-7.301170e+01
224	-7.504914e+01
225	-7.179964e+01
226	-7.414906e+01
227	-7.436945e+01
228	-7.488683e+01
229	-7.184585e+01
230	-7.510520e+01
231	-7.414208e+01
232	-7.093237e+01
233	-7.593177e+01
234	-7.532686e+01
235	-7.388335e+01
236	-7.369113e+01
237	-7.484850e+01
238	-7.343468e+01
239	-7.222031e+01
240	-7.113157e+01
241	-7.291937e+01
242	-7.473874e+01
243	-7.292417e+01
244	-7.604573e+01
245	-7.313930e+01
246	-7.479891e+01
247	-7.373529e+01
248	-7.539260e+01
249	-7.492992e+01
250	-7.368408e+01
251	-7.433334e+01
252	-7.311079e+01
253	-7.266708e+01
254	-6.892901e+01
255	-7.720931e+01
256	-7.122958e+01
257	-7.195715e+01
258	-7.037648e+01
259	-7.120604e+01
260	-6.910248e+01
261	-7.204448e+01
262	-7.133377e+01
263	-7.087298e+01
264	-7.313546e+01
265	-7.076912e+01
266	-7.409671e+01
267	-7.315831e+01
268	-7.647419e+01
269	-7.412846e+01
270	-7.632677e+01
271	-7.299504e+01
272	-6.901596e+01
273	-7.158766e+01
274	-7.496620e+01
275	-7.102168e+01
276	-6.931181e+01
277	-7.484372e+01
278	-7.128299e+01
279	-7.554021e+01
280	-7.407910e+01
281	-7.158457e+01
282	-7.076065e+01
283	-7.586551e+01
284	-7.229361e+01
285	-7.178196e+01
286	-7.027051e+01
287	-7.545812e+01
288	-7.269509e+01
289	-7.246966e+01
290	-7.556862e+01
291	-7.393912e+01
292	-7.115986e+01
293	-7.319830e+01
294	-7.738305e+01
295	-7.458206e+01
296	-7.424002e+01
297	-7.672076e+01
298	-7.287651e+01
299	-7.087665e+01
300	-7.771088e+01
301	-7.224310e+01
302	-7.456505e+01
303	-7.144214e+01
304	-7.382809e+01
305	-7.439069e+01
306	-7.097750e+01
307	-7.380087e+01
308	-7.315438e+01
309	-7.413642e+01
310	-7.416573e+01
311	-7.296971e+01
312	-7.171380e+01
313	-7.093159e+01
314	-7.523813e+01
315	-7.598781e+01
316	-7.505348e+01
317	-7.436272e+01
318	-7.239840e+01
319	-7.625667e+01
320	-7.265593e+01
321	-7.191658e+01
322	-7.264962e+01
323	-7.326801e+01
324	-7.204655e+01
325	-7.455957e+01
326	-7.460874e+01
327	-7.668027e+01
328	-7.132305e+01
329	-7.331679e+01
330	-7.136480e+01
331	-7.338599e+01
332	-7.599527e+01
333	-7.181038e+01
334	-6.978432e+01
335	-7.681461e+01
336	-7.594205e+01
337	-6.993206e+01
338	-7.256464e+01
339	-7.497649e+01
340	-7.498949e+01
341	-7.399098e+01
342	-7.435315e+01
343	-7.121526e+01
344	-7.447341e+01
345	-7.278890e+01
346	-7.288339e+01
347	-7.027404e+01
348	-7.309297e+01
349	-7.413746e+01
350	-7.322798e+01
351	-7.460887e+01
352	-7.191502e+01
353	-7.001286e+01
354	-7.290816e+01
355	-7.541614e+01
356	-7.341083e+01
357	-7.250870e+01
358	-7.282492e+01
359	-7.489551e+01
360	-7.402489e+01
361	-7.271730e+01
362	-7.592741e+01
363	-6.954989e+01
364	-7.210180e+01
365	-7.275155e+01
366	-7.470109e+01
367	-7.478964e+01
368	-7.278531e+01
369	-7.007009e+01
370	-7.742376e+01
371	-7.214590e+01
372	-7.206631e+01
373	-7.304884e+01
374	-7.341245e+01
375	-7.601117e+01
376	-7.296551e+01
377	-6.987836e+01
378	-7.629371e+01
379	-7.278858e+01
380	-7.298971e+01
381	-7.279538e+01
382	-6.852856e+01
383	-7.551079e+01
384	-7.279773e+01
385	-7.243277e+01
386	-7.362934e+01
387	-7.532151e+01
388	-7.245958e+01
389	-7.542560e+01
390	-7.282874e+01
391	-7.317360e+01
392	-7.215784e+01
393	-7.404921e+01
394	-7.010245e+01
395	-7.221528e+01
396	-7.227050e+01
397	-7.627766e+01
398	-7.348061e+01
399	-7.333880e+01
400	-7.467475e+01
401	-7.314529e+01
402	-7.336618e+01
403	-7.626487e+01
404	-7.212732e+01
405	-7.279317e+01
406	-7.249858e+01
407	-7.573254e+01
408	-7.187822e+01
409	-7.299557e+01
410	-7.511837e+01
411	-6.848159e+01
412	-7.038070e+01
413	-7.188907e+01
414	-7.331424e+01
415	-7.319315e+01
416	-7.292528e+01
417	-7.191551e+01
418	-7.601916e+01
419	-7.393763e+01
420	-7.214927e+01
421	-7.287362e+01
422	-7.192618e+01
423	-7.430671e+01
424	-7.538299e+01
425	-7.314865e+01
426	-7.163384e+01
427	-7.082725e+01
428	-7.509722e+01
429	-7.313905e+01
430	-7.605153e+01
431	-7.281022e+01
432	-7.057269e+01
433	-7.290111e+01
434	-7.425831e+01
435	-7.552990e+01
436	-7.308300e+01
437	-7.161077e+01
438	-7.426966e+01
439	-7.466408e+01
440	-7.408445e+01
441	-7.095070e+01
442	-7.397705e+01
443	-7.183056e+01
444	-7.074727e+01
445	-7.480318e+01
446	-7.367996e+01
447	-7.091614e+01
448	-7.832826e+01
449	-7.349852e+01
450	-7.467532e+01
451	-7.517549e+01
452	-7.340485e+01
453	-7.401761e+01
454	-7.707177e+01
455	-7.298356e+01
456	-6.861745e+01
457	-7.670568e+01
458	-7.272485e+01
459	-7.281855e+01
460	-7.044776e+01
461	-7.629672e+01
462	-7.463659e+01
463	-7.046483e+01
464	-7.234096e+01
465	-7.269255e+01
466	-7.738806e+01
467	-7.373577e+01
468	-7.554566e+01
469	-7.595944e+01
470	-7.078740e+01
471	-7.357573e+01
472	-7.667379e+01
473	-7.677136e+01
474	-7.155560e+01
475	-7.039483e+01
476	-7.238764e+01
477	-7.206917e+01
478	-7.255793e+01
479	-7.251438e+01
480	-7.290978e+01
481	-7.357355e+01
482	-6.942108e+01
483	-7.577276e+01
484	-7.211207e+01
485	-7.109052e+01
486	-7.101956e+01
487	-7.285484e+01
488	-7.347137e+01
489	-7.366944e+01
490	-7.255846e+01
491	-7.050359e+01
492	-7.269466e+01
493	-6.879461e+01
494	-7.527072e+01
495	-7.288095e+01
496	-7.134194e+01
497	-7.395611e+01
498	-6.958866e+01
499	-7.645892e+01
500	-7.381212e+01
501	-7.176007e+01
502	-7.319794e+01
503	-7.270759e+01
504	-7.348917e+01
505	-7.507967e+01
506	-7.421596e+01
507	-7.468964e+01
508	-7.902539e+01
509	-7.520581e+01
510	-7.591929e+01
511	-7.300114e+01
512	-7.288740e+01
513	-7.294637e+01
514	-7.347043e+01
515	-7.443026e+01
516	-7.290573e+01
517	-7.106179e+01
518	-7.515629e+01
519	-7.373589e+01
520	-7.615792e+01
521	-7.309345e+01
522	-7.423437e+01
523	-7.535758e+01
524	-7.152058e+01
525	-7.061579e+01
526	-7.255114e+01
527	-7.050741e+01
528	-7.629651e+01
529	-7.519804e+01
530	-7.222385e+01
531	-7.124070e+01
532	-7.399519e+01
533	-7.069417e+01
534	-7.488018e+01
535	-7.479187e+01
536	-7.323197e+01
537	-7.409886e+01
538	-7.211214e+01
539	-7.274944e+01
540	-7.442818e+01
541	-7.535595e+01
542	-7.025454e+01
543	-6.979258e+01
544	-7.290313e+01
545	-7.451626e+01
546	-7.441200e+01
547	-7.309181e+01
548	-7.303254e+01
549	-7.385386e+01
550	-7.405113e+01
551	-7.356268e+01
552	-7.387401e+01
553	-7.195806e+01
554	-7.646309e+01
555	-7.459251e+01
556	-7.408023e+01
557	-7.086870e+01
558	-7.112734e+01
559	-6.959041e+01
560	-6.973770e+01
561	-7.530386e+01
562	-7.032724e+01
563	-7.219457e+01
564	-7.689848e+01
565	-7.684408e+01
566	-7.814766e+01
567	-7.326229e+01
568	-7.085831e+01
569	-7.358894e+01
570	-7.409869e+01
571	-7.242187e+01
572	-7.211515e+01
573	-7.357673e+01
574	-7.320313e+01
575	-7.392242e+01
576	-7.163516e+01
577	-7.211874e+01
578	-7.502424e+01
579	-7.192460e+01
580	-7.301987e+01
581	-7.147910e+01
582	-7.086883e+01
583	-7.403041e+01
584	-7.208264e+01
585	-7.318403e+01
586	-7.283795e+01
587	-7.206132e+01
588	-7.597957e+01
589	-7.584867e+01
590	-7.480939e+01
591	-7.553357e+01
592	-7.188098e+01
593	-7.237799e+01
594	-6.965187e+01
595	-7.085422e+01
596	-7.380657e+01
597	-7.526254e+01
598	-7.284504e+01
599	-7.512340e+01
600	-7.505121e+01
601	-7.229705e+01
602	-7.579308e+01
603	-7.127902e+01
604	-7.292735e+01
605	-7.200794e+01
606	-7.723378e+01
607	-7.313143e+01
608	-7.544680e+01
609	-7.316928e+01
610	-7.379200e+01
611	-7.363912e+01
612	-7.241710e+01
613	-7.595241e+01
614	-7.468727e+01
615	-7.247284e+01
616	-7.617643e+01
617	-7.612832e+01
618	-7.472786e+01
619	-7.473510e+01
620	-7.256403e+01
621	-7.463946e+01
622	-6.948119e+01
623	-7.260940e+01
624	-6.950266e+01
625	-7.245984e+01
626	-7.333970e+01
627	-7.835439e+01
628	-7.251385e+01
629	-7.181259e+01
630	-7.296759e+01
631	-7.404618e+01
632	-7.361826e+01
633	-7.523623e+01
634	-7.497027e+01
635	-7.340035e+01
636	-7.584768e+01
637	-7.063228e+01
638	-7.271817e+01
639	-7.205737e+01
640	-7.359151e+01
641	-7.455684e+01
642	-7.455528e+01
643	-7.141902e+01
644	-7.584568e+01
645	-7.408023e+01
646	-7.109142e+01
647	-7.442082e+01
648	-7.177411e+01
649	-7.466379e+01
650	-7.076820e+01
651	-7.748581e+01
652	-7.158550e+01
653	-7.288654e+01
654	-7.391794e+01
655	-7.792416e+01
656	-7.505372e+01
657	-7.458600e+01
658	-7.336817e+01
659	-7.629281e+01
660	-7.479758e+01
661	-7.470205e+01
662	-6.971365e+01
663	-7.243262e+01
664	-7.183067e+01
665	-7.379783e+01
666	-7.328109e+01
667	-7.299801e+01
668	-7.302737e+01
669	-7.200181e+01
670	-7.521237e+01
671	-7.458334e+01
672	-7.462539e+01
673	-7.526683e+01
674	-7.317322e+01
675	-7.398833e+01
676	-7.628058e+01
677	-7.153995e+01
678	-7.080938e+01
679	-7.122936e+01
680	-6.763999e+01
681	-7.241780e+01
682	-7.607782e+01
683	-7.126805e+01
684	-7.370585e+01
685	-7.343660e+01
686	-7.307965e+01
687	-7.426134e+01
688	-7.340121e+01
689	-7.162072e+01
690	-7.349115e+01
691	-7.421278e+01
692	-7.372267e+01
693	-6.852535e+01
694	-6.992755e+01
695	-7.338741e+01
696	-7.006393e+01
697	-7.619278e+01
698	-7.289120e+01
699	-7.331237e+01
700	-7.084315e+01
701	-7.070271e+01
702	-7.332456e+01
703	-7.326034e+01
704	-7.422361e+01
705	-7.413431e+01
706	-7.335669e+01
707	-7.343115e+01
708	-7.195739e+01
709	-7.410188e+01
710	-7.203684e+01
711	-7.097105e+01
712	-7.414446e+01
713	-7.665774e+01
714	-7.534477e+01
715	-7.350576e+01
716	-7.598291e+01
717	-7.586228e+01
718	-7.278024e+01
719	-7.581632e+01
720	-7.359375e+01
721	-7.146111e+01
722	-7.262179e+01
723	-7.127056e+01
724	-7.314843e+01
725	-7.374697e+01
726	-7.345920e+01
727	-7.307665e+01
728	-7.360717e+01
729	-7.318648e+01
730	-7.091150e+01
731	-7.654269e+01
732	-7.253247e+01
733	-7.322306e+01
734	-7.242881e+01
735	-7.270977e+01
736	-7.405007e+01
737	-7.098465e+01
738	-7.153568e+01
739	-7.235672e+01
740	-7.497748e+01
741	-7.317524e+01
742	-7.463018e+01
743	-7.494506e+01
744	-7.040129e+01
745	-7.266954e+01
746	-7.281600e+01
747	-7.266621e+01
748	-7.529943e+01
749	-7.532175e+01
750	-7.421235e+01
751	-7.454017e+01
752	-7.357822e+01
753	-6.888598e+01
754	-7.559547e+01
755	-6.921373e+01
756	-7.105338e+01
757	-7.438491e+01
758	-7.000221e+01
759	-7.256505e+01
760	-7.225934e+01
761	-6.846250e+01
762	-7.237901e+01
763	-7.553592e+01
764	-7.016547e+01
765	-7.446871e+01
766	-7.526792e+01
767	-6.874175e+01
768	-7.453169e+01
769	-7.282080e+01
770	-7.552940e+01
771	-7.510607e+01
772	-7.489284e+01
773	-7.354053e+01
774	-7.537695e+01
775	-7.044220e+01
776	-7.401687e+01
777	-7.394167e+01
778	-7.315773e+01
779	-7.526517e+01
780	-7.325502e+01
781	-7.143547e+01
782	-7.370686e+01
783	-7.155552e+01
784	-7.547416e+01
785	-7.525204e+01
786	-7.205411e+01
787	-7.362461e+01
788	-7.427970e+01
789	-7.196748e+01
790	-6.831029e+01
791	-7.262663e+01
792	-7.323090e+01
793	-7.125307e+01
794	-7.319964e+01
795	-7.733221e+01
796	-7.431421e+01
797	-7.484966e+01
798	-7.474457e+01
799	-7.301668e+01
800	-7.247779e+01
801	-7.314404e+01
802	-7.408747e+01
803	-7.465618e+01
804	-7.408038e+01
805	-7.060276e+01
806	-7.281013e+01
807	-7.075244e+01
808	-7.542915e+01
809	-7.427351e+01
810	-7.531989e+01
811	-7.240849e+01
812	-7.409608e+01
813	-7.340718e+01
814	-7.199417e+01
815	-6.896256e+01
816	-7.639940e+01
817	-7.534091e+01
818	-7.280780e+01
819	-7.514290e+01
820	-7.487104e+01
821	-7.366920e+01
822	-7.038215e+01
823	-7.497484e+01
824	-7.351994e+01
825	-7.333296e+01
826	-6.931837e+01
827	-7.488775e+01
828	-7.678178e+01
829	-7.172674e+01
830	-7.400411e+01
831	-7.439382e+01
832	-7.437345e+01
833	-7.333396e+01
834	-7.237138e+01
835	-7.495600e+01
836	-7.328232e+01
837	-7.421776e+01
838	-7.172341e+01
839	-7.338627e+01
840	-7.504369e+01
841	-7.392162e+01
842	-7.534214e+01
843	-7.685564e+01
844	-7.684042e+01
845	-7.670680e+01
846	-7.291504e+01
847	-6.998867e+01
848	-7.511608e+01
849	-7.642805e+01
850	-7.599880e+01
851	-7.573042e+01
852	-6.937349e+01
853	-7.725416e+01
854	-7.183209e+01
855	-7.464181e+01
856	-7.178452e+01
857	-7.221238e+01
858	-7.116254e+01
859	-7.045373e+01
860	-7.547881e+01
861	-7.719930e+01
862	-7.665180e+01
863	-7.088658e+01
864	-6.998197e+01
865	-7.023425e+01
866	-7.216951e+01
867	-7.513092e+01
868	-7.489895e+01
869	-6.921417e+01
870	-7.470127e+01
871	-7.201395e+01
872	-7.178597e+01
873	-7.508937e+01
874	-7.514088e+01
875	-7.151243e+01
876	-7.471176e+01
877	-7.670968e+01
878	-7.132606e+01
879	-7.468026e+01
880	-7.077654e+01
881	-7.497777e+01
882	-7.578921e+01
883	-7.141196e+01
884	-7.372996e+01
885	-7.141066e+01
886	-7.736710e+01
887	-7.296889e+01
888	-7.580461e+01
889	-7.239511e+01
890	-7.517911e+01
891	-7.271516e+01
892	-7.381843e+01
893	-7.201091e+01
894	-7.054269e+01
895	-7.204774e+01
896	-7.444031e+01
897	-7.275479e+01
898	-7.608888e+01
899	-7.096838e+01
900	-7.654431e+01
901	-7.371281e+01
902	-7.230103e+01
903	-7.264827e+01
904	-7.126882e+01
905	-7.117923e+01
906	-7.412588e+01
907	-7.411239e+01
908	-7.148927e+01
909	-7.299264e+01
910	-7.447259e+01
911	-7.526828e+01
912	-6.972382e+01
913	-7.151620e+01
914	-7.340454e+01
915	-7.255073e+01
916	-7.024499e+01
917	-7.153365e+01
918	-7.336915e+01
919	-7.387378e+01
920	-7.273108e+01
921	-7.272407e+01
922	-7.426971e+01
923	-7.357337e+01
924	-7.393253e+01
925	-7.149965e+01
926	-7.406040e+01
927	-7.271075e+01
928	-7.325091e+01
929	-7.001017e+01
930	-6.897197e+01
931	-7.550926e+01
932	-7.297945e+01
933	-7.714904e+01
934	-7.315484e+01
935	-7.367251e+01
936	-7.484692e+01
937	-7.398608e+01
938	-7.277353e+01
939	-7.177259e+01
940	-7.418380e+01
941	-7.575543e+01
942	-7.338818e+01
943	-7.173572e+01
944	-7.359290e+01
945	-7.421144e+01
946	-7.372963e+01
947	-7.363403e+01
948	-7.506046e+01
949	-7.266171e+01
950	-7.300679e+01
951	-7.358152e+01
952	-7.541450e+01
953	-7.197962e+01
954	-7.346727e+01
955	-7.123490e+01
956	-6.988947e+01
957	-7.003844e+01
958	-7.394927e+01
959	-7.365512e+01
960	-7.334106e+01
961	-7.308390e+01
962	-7.343135e+01
963	-7.448860e+01
964	-7.266295e+01
965	-7.505394e+01
966	-7.537535e+01
967	-7.410347e+01
968	-7.175206e+01
969	-7.426035e+01
970	-7.334123e+01
971	-7.448434e+01
972	-7.166996e+01
973	-7.345206e+01
974	-6.861965e+01
975	-7.325525e+01
976	-7.080921e+01
977	-7.113393e+01
978	-7.482159e+01
979	-7.407248e+01
980	-7.456349e+01
981	-7.280783e+01
982	-7.184330e+01
983	-7.352158e+01
984	-7.057879e+01
985	-7.418940e+01
986	-7.170610e+01
987	-7.040700e+01
988	-7.358735e+01
989	-7.356894e+01
990	-7.411301e+01
991	-7.183425e+01
992	-7.327431e+01
993	-7.369196e+01
994	-7.440559e+01
995	-7.390228e+01
996	-7.543046e+01
997	-7.427855e+01
998	-7.317604e+01
999	-7.264257e+01
1000	-7.528712e+01
1001	-7.535563e+01
1002	-7.416081e+01
1003	-7.149410e+01
1004	-7.172894e+01
1005	-7.598127e+01
1006	-7.493010e+01
1007	-7.001549e+01
1008	-7.344332e+01
1009	-7.084891e+01
1010	-7.174072e+01
1011	-7.188203e+01
1012	-7.115031e+01
1013	-7.554563e+01
1014	-7.249594e+01
1015	-6.949523e+01
1016	-7.685962e+01
1017	-6.980768e+01
1018	-7.199220e+01
1019	-7.423977e+01
1020	-7.403615e+01
1021	-7.545552e+01
1022	-6.902760e+01
1023	-7.142416e+01
1024	-7.153531e+01
1025	-7.208780e+01
1026	-7.177666e+01
1027	-7.418781e+01
1028	-7.208153e+01
1029	-7.253697e+01
1030	-7.115276e+01
1031	-7.382037e+01
1032	-7.495185e+01
1033	-7.253134e+01
1034	-7.621088e+01
1035	-7.359835e+01
1036	-7.423768e+01
1037	-7.195241e+01
1038	-7.527043e+01
1039	-7.336779e+01
1040	-7.504955e+01
1041	-7.150874e+01
1042	-7.187316e+01
1043	-7.532972e+01
1044	-7.288914e+01
1045	-7.021885e+01
1046	-7.560956e+01
1047	-6.968592e+01
1048	-7.327493e+01
1049	-7.233438e+01
1050	-7.494432e+01
1051	-7.090702e+01
1052	-7.324869e+01
1053	-7.624285e+01
1054	-7.359631e+01
1055	-7.482908e+01
1056	-7.361428e+01
1057	-7.332626e+01
1058	-7.423240e+01
1059	-7.418453e+01
1060	-7.594261e+01
1061	-7.237898e+01
1062	-7.470325e+01
1063	-7.447439e+01
1064	-7.203442e+01
1065	-6.990025e+01
1066	-7.267776e+01
1067	-7.657500e+01
1068	-7.098046e+01
1069	-6.991769e+01
1070	-7.423685e+01
1071	-6.902268e+01
1072	-7.438451e+01
1073	-7.327869e+01
1074	-7.494810e+01
1075	-7.754620e+01
1076	-7.347222e+01
1077	-7.332822e+01
1078	-7.349887e+01
1079	-7.352791e+01
1080	-7.294327e+01
1081	-7.359493e+01
1082	-7.367172e+01
1083	-7.287828e+01
1084	-7.180225e+01
1085	-7.404261e+01
1086	-7.390428e+01
1087	-7.131979e+01
1088	-7.501564e+01
1089	-7.329059e+01
1090	-7.293869e+01
1091	-7.465887e+01
1092	-7.405714e+01
1093	-7.379054e+01
1094	-7.618380e+01
1095	-7.278876e+01
1096	-7.304074e+01
1097	-7.697690e+01
1098	-7.422120e+01
1099	-7.387987e+01
1100	-7.274031e+01
1101	-7.245770e+01
1102	-7.359241e+01
1103	-7.260719e+01
1104	-6.960162e+01
1105	-7.278328e+01
1106	-7.510095e+01
1107	-7.318919e+01
1108	-7.351737e+01
1109	-7.158484e+01
1110	-7.425712e+01
1111	-7.029942e+01
1112	-7.083360e+01
1113	-7.271060e+01
1114	-7.195562e+01
1115	-7.643930e+01
1116	-7.208229e+01
1117	-7.227115e+01
1118	-7.390889e+01
1119	-7.534303e+01
1120	-6.977177e+01
1121	-7.255094e+01
1122	-7.458405e+01
1123	-7.029634e+01
1124	-7.562858e+01
1125	-7.431512e+01
1126	-7.271272e+01
1127	-7.141427e+01
1128	-7.104261e+01
1129	-7.684684e+01
1130	-7.300452e+01
1131	-7.212499e+01
1132	-7.654311e+01
1133	-7.288426e+01
1134	-7.479099e+01
1135	-7.627290e+01
1136	-7.588330e+01
1137	-7.117917e+01
1138	-7.370515e+01
1139	-7.290465e+01
1140	-7.456350e+01
1141	-7.234962e+01
1142	-7.357195e+01
1143	-7.179833e+01
1144	-7.089312e+01
1145	-7.585076e+01
1146	-7.439124e+01
1147	-7.665809e+01
1148	-7.027965e+01
1149	-7.178540e+01
1150	-7.368195e+01
1151	-6.965733e+01
1152	-7.635986e+01
1153	-7.845083e+01
1154	-7.277519e+01
1155	-7.238505e+01
1156	-7.483506e+01
1157	-7.461964e+01
1158	-7.306447e+01
1159	-7.505852e+01
1160	-7.253802e+01
1161	-7.291547e+01
1162	-7.514516e+01
1163	-7.557883e+01
1164	-7.609963e+01
1165	-7.357038e+01
1166	-7.168884e+01
1167	-7.579119e+01
1168	-7.044587e+01
1169	-7.031893e+01
1170	-7.507326e+01
1171	-7.193971e+01
1172	-7.142744e+01
1173	-7.117666e+01
1174	-7.673084e+01
1175	-7.830617e+01
1176	-7.481763e+01
1177	-7.558541e+01
1178	-7.400458e+01
1179	-7.242130e+01
1180	-6.926929e+01
1181	-7.669604e+01
1182	-7.409546e+01
1183	-7.524953e+01
1184	-7.193608e+01
1185	-7.529275e+01
1186	-7.490184e+01
1187	-7.711028e+01
1188	-7.388422e+01
1189	-6.884115e+01
1190	-7.204350e+01
1191	-7.286794e+01
1192	-7.368363e+01
1193	-7.278173e+01
1194	-7.190220e+01
1195	-7.195435e+01
1196	-7.407766e+01
1197	-7.624360e+01
1198	-7.339374e+01
1199	-7.072314e+01
1200	-7.520102e+01
1201	-7.066984e+01
1202	-6.894082e+01
1203	-7.410711e+01
1204	-7.004644e+01
1205	-7.405779e+01
1206	-7.374073e+01
1207	-7.579113e+01
1208	-7.578163e+01
1209	-7.567166e+01
1210	-7.278153e+01
1211	-6.942136e+01
1212	-7.455773e+01
1213	-7.358238e+01
1214	-7.542527e+01
1215	-7.421577e+01
1216	-7.299279e+01
1217	-7.389521e+01
1218	-7.419721e+01
1219	-7.343269e+01
1220	-7.394630e+01
1221	-7.063620e+01
1222	-7.530844e+01
1223	-7.425810e+01
1224	-7.265698e+01
1225	-7.812457e+01
1226	-7.226690e+01
1227	-7.288210e+01
1228	-7.169878e+01
1229	-7.606177e+01
1230	-7.593739e+01
1231	-7.395593e+01
1232	-7.582709e+01
1233	-7.233226e+01
1234	-7.498066e+01
1235	-7.565564e+01
1236	-7.617141e+01
1237	-7.398381e+01
1238	-7.155667e+01
1239	-7.089147e+01
1240	-7.138155e+01
1241	-7.463661e+01
1242	-7.398546e+01
1243	-7.028389e+01
1244	-7.316724e+01
1245	-7.531240e+01
1246	-7.562555e+01
1247	-7.305325e+01
1248	-7.272260e+01
1249	-7.514347e+01
1250	-7.591212e+01
1251	-7.215927e+01
1252	-7.632745e+01
1253	-7.169018e+01
1254	-7.419324e+01
1255	-7.335275e+01
1256	-7.133832e+01
1257	-6.794309e+01
1258	-7.309792e+01
1259	-7.051417e+01
1260	-7.092105e+01
1261	-7.234184e+01
1262	-7.165967e+01
1263	-7.409950e+01
1264	-7.257320e+01
1265	-7.563370e+01
1266	-7.397049e+01
1267	-7.360723e+01
1268	-7.523288e+01
1269	-7.552301e+01
1270	-7.206831e+01
1271	-7.525050e+01
1272	-7.544907e+01
1273	-7.133294e+01
1274	-7.277794e+01
1275	-7.689179e+01
1276	-7.154263e+01
1277	-7.722238e+01
1278	-7.312821e+01
1279	-7.543618e+01
1280	-7.471158e+01
1281	-7.150955e+01
1282	-7.180815e+01
1283	-6.947721e+01
1284	-7.406031e+01
1285	-7.150806e+01
1286	-7.310999e+01
1287	-7.165878e+01
1288	-7.114458e+01
1289	-7.149568e+01
1290	-7.189624e+01
1291	-7.380710e+01
1292	-7.010261e+01
1293	-7.109182e+01
1294	-7.191908e+01
1295	-7.700208e+01
1296	-7.410906e+01
1297	-7.560861e+01
1298	-7.470313e+01
1299	-7.065695e+01
1300	-7.319739e+01
1301	-6.928481e+01
1302	-7.043482e+01
1303	-7.873888e+01
1304	-7.181466e+01
1305	-7.332598e+01
1306	-7.430706e+01
1307	-7.221554e+01
1308	-7.315205e+01
1309	-7.370895e+01
1310	-7.392720e+01
1311	-7.274089e+01
1312	-7.488775e+01
1313	-7.178974e+01
1314	-7.192513e+01
1315	-7.366282e+01
1316	-7.392590e+01
1317	-7.473649e+01
1318	-7.177227e+01
1319	-7.550733e+01
1320	-7.294880e+01
1321	-7.019432e+01
1322	-7.278782e+01
1323	-6.885412e+01
1324	-7.752851e+01
1325	-7.085731e+01
1326	-7.152929e+01
1327	-7.271707e+01
1328	-7.113079e+01
1329	-7.306584e+01
1330	-7.470743e+01
1331	-7.371783e+01
1332	-7.676491e+01
1333	-7.416268e+01
1334	-7.213633e+01
1335	-7.385560e+01
1336	-7.292255e+01
1337	-7.293503e+01
1338	-7.330583e+01
1339	-7.047765e+01
1340	-7.310198e+01
1341	-7.268831e+01
1342	-7.208417e+01
1343	-7.396030e+01
1344	-7.207037e+01
1345	-7.138182e+01
1346	-7.241032e+01
1347	-7.416203e+01
1348	-7.153485e+01
1349	-7.085919e+01
1350	-7.191315e+01
1351	-7.666429e+01
1352	-7.078323e+01
1353	-7.374610e+01
1354	-7.690231e+01
1355	-7.233072e+01
1356	-7.452589e+01
1357	-7.240581e+01
1358	-7.316605e+01
1359	-7.158154e+01
1360	-7.339704e+01
1361	-7.267856e+01
1362	-7.096667e+01
1363	-7.282510e+01
1364	-7.071883e+01
1365	-7.133491e+01
1366	-7.179770e+01
1367	-7.405757e+01
1368	-7.266285e+01
1369	-7.470812e+01
1370	-7.345402e+01
1371	-7.452722e+01
1372	-7.178955e+01
1373	-7.131930e+01
1374	-7.422557e+01
1375	-7.193223e+01
1376	-7.237887e+01
1377	-7.471655e+01
1378	-7.252349e+01
1379	-7.384270e+01
1380	-7.122280e+01
1381	-7.487701e+01
1382	-7.357302e+01
1383	-6.906267e+01
1384	-7.335649e+01
1385	-7.236865e+01
1386	-7.346289e+01
1387	-7.070378e+01
1388	-7.098192e+01
1389	-7.157865e+01
1390	-7.135132e+01
1391	-7.366719e+01
1392	-7.285919e+01
1393	-7.543570e+01
1394	-7.513751e+01
1395	-7.285792e+01
1396	-6.989382e+01
1397	-7.384375e+01
1398	-7.321288e+01
1399	-7.131933e+01
1400	-7.405567e+01
1401	-7.264584e+01
1402	-7.383023e+01
1403	-7.164625e+01
1404	-7.186750e+01
1405	-7.234814e+01
1406	-7.524730e+01
1407	-7.237487e+01
1408	-7.003947e+01
1409	-7.371386e+01
1410	-7.384828e+01
1411	-7.511275e+01
1412	-7.403634e+01
1413	-7.087847e+01
1414	-7.336267e+01
1415	-7.476798e+01
1416	-7.359371e+01
1417	-7.482993e+01
1418	-7.535368e+01
1419	-7.259039e+01
1420	-7.233912e+01
1421	-7.434225e+01
1422	-7.657314e+01
1423	-7.554182e+01
1424	-7.553559e+01
1425	-7.715732e+01
1426	-7.349191e+01
1427	-7.026919e+01
1428	-7.542072e+01
1429	-7.186796e+01
1430	-7.613878e+01
1431	-7.614744e+01
1432	-7.242931e+01
1433	-7.701461e+01
1434	-7.278830e+01
1435	-7.493934e+01
1436	-7.522880e+01
1437	-7.104312e+01
1438	-7.184284e+01
1439	-7.602296e+01
1440	-7.073400e+01
1441	-7.327885e+01
1442	-7.429459e+01
1443	-7.609137e+01
1444	-7.175745e+01
1445	-7.396440e+01
1446	-7.532961e+01
1447	-7.270272e+01
1448	-7.309804e+01
1449	-7.461417e+01
1450	-7.478977e+01
1451	-7.950817e+01
1452	-7.445822e+01
1453	-7.465676e+01
1454	-7.204958e+01
1455	-7.383051e+01
1456	-7.396097e+01
1457	-7.590001e+01
1458	-7.837364e+01
1459	-7.546491e+01
1460	-7.467593e+01
1461	-7.411484e+01
1462	-7.684270e+01
1463	-7.085706e+01
1464	-7.201304e+01
1465	-7.503538e+01
1466	-7.455747e+01
1467	-7.386665e+01
1468	-7.187564e+01
1469	-7.164627e+01
1470	-7.455610e+01
1471	-7.151249e+01
1472	-7.199201e+01
1473	-7.244607e+01
1474	-7.541969e+01
1475	-7.089965e+01
1476	-7.332959e+01
1477	-7.559694e+01
1478	-7.232442e+01
1479	-7.444438e+01
1480	-7.478103e+01
1481	-7.204738e+01
1482	-7.153290e+01
1483	-7.451439e+01
1484	-7.595293e+01
1485	-6.903781e+01
1486	-7.538496e+01
1487	-7.178997e+01
1488	-7.281982e+01
1489	-7.315266e+01
1490	-7.696032e+01
1491	-7.295705e+01
1492	-7.185840e+01
1493	-7.535808e+01
1494	-6.955455e+01
1495	-7.129680e+01
1496	-6.963835e+01
1497	-7.208849e+01
1498	-7.178085e+01
1499	-7.663746e+01
1500	-7.565929e+01
1501	-7.363002e+01
1502	-7.540348e+01
1503	-7.870524e+01
1504	-7.441154e+01
1505	-7.276222e+01
1506	-7.189459e+01
1507	-7.548704e+01
1508	-7.180531e+01
1509	-7.276999e+01
1510	-7.108312e+01
1511	-7.446261e+01
1512	-7.527098e+01
1513	-7.189066e+01
1514	-7.362242e+01
1515	-7.297035e+01
1516	-7.433573e+01
1517	-7.585681e+01
1518	-7.207585e+01
1519	-6.965632e+01
1520	-7.461252e+01
1521	-7.189743e+01
1522	-6.965513e+01
1523	-7.314567e+01
1524	-7.120188e+01
1525	-7.482753e+01
1526	-7.464681e+01
1527	-7.333590e+01
1528	-7.322253e+01
1529	-7.597305e+01
1530	-7.514266e+01
1531	-7.159761e+01
1532	-7.596510e+01
1533	-6.980483e+01
1534	-7.319206e+01
1535	-7.286301e+01
1536	-7.211013e+01
1537	-7.453692e+01
1538	-7.485854e+01
1539	-7.261866e+01
1540	-7.259043e+01
1541	-7.513357e+01
1542	-7.410436e+01
1543	-7.399920e+01
1544	-7.034616e+01
1545	-7.271708e+01
1546	-7.348936e+01
1547	-7.515720e+01
1548	-7.381865e+01
1549	-7.344116e+01
1550	-7.292025e+01
1551	-7.023091e+01
1552	-7.276453e+01
1553	-7.457841e+01
1554	-7.303076e+01
1555	-7.536060e+01
1556	-7.506922e+01
1557	-7.216073e+01
1558	-7.515412e+01
1559	-7.367922e+01
1560	-7.433947e+01
1561	-7.241457e+01
1562	-7.243523e+01
1563	-7.385026e+01
1564	-7.410158e+01
1565	-7.365572e+01
1566	-7.269673e+01
1567	-7.009540e+01
1568	-7.016034e+01
1569	-7.303580e+01
1570	-7.256272e+01
1571	-7.037613e+01
1572	-7.312958e+01
1573	-7.328072e+01
1574	-7.279076e+01
1575	-7.165619e+01
1576	-7.381868e+01
1577	-7.294174e+01
1578	-7.373305e+01
1579	-7.193489e+01
1580	-7.138442e+01
1581	-7.340208e+01
1582	-7.447022e+01
1583	-7.436664e+01
1584	-7.252653e+01
1585	-7.498361e+01
1586	-7.313359e+01
1587	-7.593101e+01
1588	-7.076792e+01
1589	-6.899194e+01
1590	-7.453619e+01
1591	-7.140003e+01
1592	-7.661015e+01
1593	-7.365451e+01
1594	-7.369158e+01
1595	-7.296343e+01
1596	-7.115164e+01
1597	-7.438186e+01
1598	-7.503579e+01
1599	-7.292546e+01
1600	-7.719982e+01
1601	-7.193442e+01
1602	-7.360051e+01
1603	-7.355701e+01
1604	-7.350208e+01
1605	-7.554954e+01
1606	-7.440902e+01
1607	-7.310387e+01
1608	-7.139814e+01
1609	-7.220716e+01
1610	-7.393752e+01
1611	-7.436459e+01
1612	-7.377877e+01
1613	-7.236661e+01
1614	-7.459393e+01
1615	-7.079968e+01
1616	-7.512870e+01
1617	-7.706263e+01
1618	-7.488302e+01
1619	-7.253340e+01
1620	-7.270389e+01
1621	-7.154450e+01
1622	-7.338282e+01
1623	-7.738161e+01
1624	-7.127821e+01
1625	-7.679363e+01
1626	-7.240143e+01
1627	-7.142102e+01
1628	-7.703470e+01
1629	-7.489079e+01
1630	-7.405109e+01
1631	-7.534533e+01
1632	-7.356901e+01
1633	-7.466127e+01
1634	-7.623953e+01
1635	-7.569635e+01
1636	-7.600934e+01
1637	-7.583393e+01
1638	-7.514792e+01
1639	-7.396726e+01
1640	-7.347874e+01
1641	-7.211526e+01
1642	-7.412405e+01
1643	-7.303637e+01
1644	-6.951690e+01
1645	-7.473731e+01
1646	-7.161472e+01
1647	-7.234167e+01
1648	-7.527277e+01
1649	-7.287161e+01
1650	-7.068046e+01
1651	-7.479711e+01
1652	-7.091593e+01
1653	-7.959812e+01
1654	-7.519167e+01
1655	-7.343123e+01
1656	-7.044053e+01
1657	-7.296217e+01
1658	-7.540889e+01
1659	-7.112949e+01
1660	-7.548254e+01
1661	-7.142319e+01
1662	-7.395233e+01
1663	-7.126282e+01
1664	-7.121199e+01
1665	-7.746288e+01
1666	-7.353475e+01
1667	-7.126999e+01
1668	-7.364565e+01
1669	-7.132472e+01
1670	-7.714452e+01
1671	-7.248679e+01
1672	-7.458375e+01
1673	-7.263659e+01
1674	-7.200940e+01
1675	-7.165909e+01
1676	-7.121106e+01
1677	-7.511502e+01
1678	-7.272994e+01
1679	-7.023508e+01
1680	-7.182436e+01
1681	-7.469251e+01
1682	-7.425806e+01
1683	-6.978299e+01
1684	-7.411124e+01
1685	-7.446248e+01
1686	-7.078763e+01
1687	-7.029909e+01
1688	-7.311166e+01
1689	-7.383113e+01
1690	-7.529440e+01
1691	-7.480942e+01
1692	-7.608433e+01
1693	-7.652195e+01
1694	-7.158966e+01
1695	-7.149256e+01
1696	-7.087539e+01
1697	-7.471176e+01
1698	-7.620586e+01
1699	-7.502194e+01
1700	-7.441224e+01
1701	-7.455884e+01
1702	-7.343812e+01
1703	-7.348591e+01
1704	-7.491039e+01
1705	-7.228257e+01
1706	-7.346419e+01
1707	-6.887641e+01
1708	-7.022159e+01
1709	-7.436216e+01
1710	-7.497568e+01
1711	-7.333896e+01
1712	-6.835357e+01
1713	-7.390050e+01
1714	-7.511957e+01
1715	-7.322212e+01
1716	-7.529817e+01
1717	-7.239620e+01
1718	-7.287987e+01
1719	-7.313298e+01
1720	-7.730432e+01
1721	-7.299626e+01
1722	-7.356521e+01
1723	-7.478404e+01
1724	-7.143962e+01
1725	-7.173193e+01
1726	-7.188419e+01
1727	-7.021168e+01
1728	-7.481558e+01
1729	-7.213246e+01
1730	-7.365760e+01
1731	-7.537024e+01
1732	-7.220263e+01
1733	-7.183113e+01
1734	-7.649036e+01
1735	-7.281476e+01
1736	-7.282240e+01
1737	-7.494667e+01
1738	-6.927577e+01
1739	-7.374152e+01
1740	-7.366794e+01
1741	-7.045026e+01
1742	-7.105142e+01
1743	-7.258838e+01
1744	-7.444773e+01
1745	-7.597483e+01
1746	-7.308125e+01
1747	-7.317212e+01
1748	-7.165704e+01
1749	-7.045003e+01
1750	-7.492310e+01
1751	-7.168929e+01
1752	-7.302561e+01
1753	-7.419465e+01
1754	-7.277013e+01
1755	-7.002256e+01
1756	-7.408162e+01
1757	-7.358742e+01
1758	-7.359381e+01
1759	-7.140959e+01
1760	-7.225125e+01
1761	-7.478575e+01
1762	-7.421758e+01
1763	-7.098030e+01
1764	-7.544283e+01
1765	-7.328686e+01
1766	-7.675471e+01
1767	-7.512274e+01
1768	-7.149671e+01
1769	-7.010564e+01
1770	-7.410171e+01
1771	-7.408229e+01
1772	-7.240688e+01
1773	-7.555146e+01
1774	-7.165249e+01
1775	-7.477089e+01
1776	-7.629871e+01
1777	-7.277654e+01
1778	-7.665449e+01
1779	-7.565928e+01
1780	-7.641997e+01
1781	-7.206429e+01
1782	-7.403911e+01
1783	-6.878250e+01
1784	-7.211512e+01
1785	-7.561639e+01
1786	-7.231733e+01
1787	-7.534805e+01
1788	-7.061392e+01
1789	-7.833445e+01
1790	-7.364792e+01
1791	-7.380477e+01
1792	-7.380905e+01
1793	-7.235297e+01
1794	-7.477546e+01
1795	-7.479039e+01
1796	-7.349353e+01
1797	-7.296917e+01
1798	-7.214187e+01
1799	-7.709749e+01
1800	-7.306205e+01
1801	-7.157898e+01
1802	-7.087748e+01
1803	-7.419525e+01
1804	-7.578229e+01
1805	-7.435630e+01
1806	-7.636655e+01
1807	-7.144681e+01
1808	-6.958823e+01
1809	-7.203454e+01
1810	-7.725035e+01
1811	-7.309342e+01
1812	-7.639663e+01
1813	-7.569136e+01
1814	-7.556583e+01
1815	-7.443971e+01
1816	-7.384507e+01
1817	-6.931062e+01
1818	-7.604461e+01
1819	-7.238254e+01
1820	-7.210070e+01
1821	-7.018624e+01
1822	-7.366089e+01
1823	-7.562981e+01
1824	-7.263176e+01
1825	-7.522229e+01
1826	-7.232803e+01
1827	-7.525784e+01
1828	-7.174423e+01
1829	-7.569593e+01
1830	-7.375366e+01
1831	-7.217213e+01
1832	-7.557273e+01
1833	-7.240793e+01
1834	-6.950458e+01
1835	-7.427186e+01
1836	-7.191313e+01
1837	-7.036880e+01
1838	-7.456384e+01
1839	-7.335646e+01
1840	-7.075747e+01
1841	-6.997912e+01
1842	-7.301377e+01
1843	-7.318064e+01
1844	-7.464658e+01
1845	-7.419616e+01
1846	-7.502798e+01
1847	-7.393693e+01
1848	-7.163110e+01
1849	-7.645026e+01
1850	-7.114405e+01
1851	-7.189748e+01
1852	-7.087165e+01
1853	-7.368880e+01
1854	-7.509552e+01
1855	-7.099668e+01
1856	-7.544568e+01
1857	-7.281742e+01
1858	-7.115453e+01
1859	-7.406439e+01
1860	-7.666437e+01
1861	-7.155743e+01
1862	-7.453091e+01
1863	-7.215162e+01
1864	-7.392553e+01
1865	-7.510437e+01
1866	-7.312485e+01
1867	-7.016427e+01
1868	-7.142892e+01
1869	-7.216653e+01
1870	-7.591894e+01
1871	-7.071512e+01
1872	-7.187003e+01
1873	-7.326969e+01
1874	-7.231705e+01
1875	-7.308475e+01
1876	-7.321092e+01
1877	-7.351443e+01
1878	-7.603184e+01
1879	-7.495985e+01
1880	-7.394442e+01
1881	-7.268057e+01
1882	-7.082460e+01
1883	-7.937761e+01
1884	-7.027780e+01
1885	-7.316795e+01
1886	-6.977363e+01
1887	-7.110957e+01
1888	-7.484026e+01
1889	-7.396498e+01
1890	-7.245141e+01
1891	-7.350242e+01
1892	-7.289219e+01
1893	-7.328835e+01
1894	-7.554611e+01
1895	-7.424109e+01
1896	-7.598592e+01
1897	-7.405068e+01
1898	-7.327634e+01
1899	-7.530671e+01
1900	-7.255593e+01
1901	-7.534050e+01
1902	-7.182780e+01
1903	-7.493032e+01
1904	-7.582451e+01
1905	-7.367982e+01
1906	-7.141104e+01
1907	-7.259165e+01
1908	-7.483342e+01
1909	-7.126240e+01
1910	-7.361410e+01
1911	-7.372181e+01
1912	-6.930110e+01
1913	-7.575325e+01
1914	-7.245524e+01
1915	-7.140149e+01
1916	-7.794244e+01
1917	-7.594116e+01
1918	-7.428293e+01
1919	-7.257419e+01
1920	-6.926555e+01
1921	-7.446612e+01
1922	-7.418762e+01
1923	-7.183593e+01
1924	-7.187741e+01
1925	-7.280015e+01
1926	-7.314584e+01
1927	-7.545334e+01
1928	-7.245489e+01
1929	-7.405471e+01
1930	-7.172056e+01
1931	-7.372042e+01
1932	-7.269569e+01
1933	-7.519841e+01
1934	-7.410800e+01
1935	-7.425777e+01
1936	-7.167403e+01
1937	-7.169963e+01
1938	-7.409566e+01
1939	-7.258803e+01
1940	-7.218223e+01
1941	-7.187955e+01
1942	-7.348682e+01
1943	-7.523237e+01
1944	-7.023886e+01
1945	-7.400032e+01
1946	-7.608593e+01
1947	-7.313947e+01
1948	-7.422752e+01
1949	-7.523315e+01
1950	-7.033587e+01
1951	-7.509375e+01
1952	-7.383411e+01
1953	-7.700027e+01
1954	-7.365585e+01
1955	-7.242431e+01
1956	-7.106891e+01
1957	-7.497538e+01
1958	-6.974392e+01
1959	-6.905126e+01
1960	-6.979053e+01
1961	-7.466654e+01
1962	-7.394938e+01
1963	-7.729184e+01
1964	-7.060892e+01
1965	-7.827876e+01
1966	-7.238661e+01
1967	-7.500424e+01
1968	-7.534441e+01
1969	-7.243076e+01
1970	-7.435262e+01
1971	-7.345253e+01
1972	-7.200184e+01
1973	-7.157593e+01
1974	-7.067520e+01
1975	-6.826933e+01
1976	-7.597603e+01
1977	-7.460291e+01
1978	-7.088281e+01
1979	-7.592448e+01
1980	-7.743254e+01
1981	-7.477960e+01
1982	-7.235371e+01
1983	-7.155241e+01
1984	-7.477768e+01
1985	-7.349315e+01
1986	-7.458425e+01
1987	-7.448544e+01
1988	-7.305371e+01
1989	-7.828154e+01
1990	-7.792696e+01
1991	-7.658426e+01
1992	-7.720409e+01
1993	-7.184901e+01
1994	-7.783640e+01
1995	-7.435607e+01
1996	-7.510107e+01
1997	-7.256506e+01
1998	-7.366853e+01
1999	-7.376103e+01
2000	-7.304718e+01
2001	-7.140372e+01
2002	-7.118527e+01
2003	-7.340792e+01
2004	-7.283606e+01
2005	-7.532908e+01
2006	-7.281185e+01
2007	-7.642772e+01
2008	-7.239764e+01
2009	-7.027436e+01
2010	-7.115472e+01
2011	-7.049721e+01
2012	-7.659378e+01
2013	-7.586196e+01
2014	-7.510573e+01
2015	-7.397001e+01
2016	-7.646558e+01
2017	-7.332955e+01
2018	-7.478019e+01
2019	-6.963267e+01
2020	-7.221822e+01
2021	-7.135144e+01
2022	-7.267037e+01
2023	-7.019529e+01
2024	-7.248702e+01
2025	-7.229002e+01
2026	-7.609199e+01
2027	-6.916618e+01
2028	-7.455720e+01
2029	-6.922025e+01
2030	-7.611476e+01
2031	-7.238573e+01
2032	-7.046128e+01
2033	-6.971214e+01
2034	-7.010228e+01
2035	-7.194563e+01
2036	-7.167658e+01
2037	-7.185407e+01
2038	-7.122761e+01
2039	-7.605107e+01
2040	-7.197112e+01
2041	-7.054657e+01
2042	-6.983629e+01
2043	-7.128575e+01
2044	-7.573385e+01
2045	-7.283553e+01
2046	-7.519461e+01
2047	-7.253957e+01
2048	-7.070969e+01
2049	-7.824334e+01
2050	-7.307440e+01
2051	-7.316571e+01
2052	-7.318701e+01
2053	-7.615717e+01
2054	-7.362197e+01
2055	-7.277447e+01
2056	-7.484247e+01
2057	-7.341501e+01
2058	-7.354662e+01
2059	-7.349761e+01
2060	-7.143190e+01
2061	-7.613797e+01
2062	-7.195836e+01
2063	-7.589917e+01
2064	-7.121977e+01
2065	-7.544885e+01
2066	-7.301185e+01
2067	-7.528965e+01
2068	-7.240191e+01
2069	-7.213184e+01
2070	-7.208337e+01
2071	-7.437142e+01
2072	-7.332049e+01
2073	-7.328824e+01
2074	-7.292263e+01
2075	-7.193383e+01
2076	-7.021962e+01
2077	-7.324246e+01
2078	-7.127392e+01
2079	-7.265622e+01
2080	-7.242550e+01
2081	-7.413346e+01
2082	-7.526485e+01
2083	-7.388381e+01
2084	-7.432411e+01
2085	-7.254523e+01
2086	-7.261623e+01
2087	-7.503313e+01
2088	-7.189356e+01
2089	-6.996422e+01
2090	-6.920724e+01
2091	-7.003009e+01
2092	-7.645452e+01
2093	-7.508736e+01
2094	-7.093068e+01
2095	-7.139883e+01
2096	-7.553212e+01
2097	-7.485813e+01
2098	-7.365851e+01
2099	-7.311700e+01
2100	-7.370518e+01
2101	-7.083226e+01
2102	-7.293686e+01
2103	-7.170173e+01
2104	-7.120450e+01
2105	-7.749379e+01
2106	-7.379897e+01
2107	-7.299428e+01
2108	-7.049701e+01
2109	-7.306523e+01
2110	-7.321346e+01
2111	-7.465545e+01
2112	-7.241498e+01
2113	-7.535665e+01
2114	-7.214998e+01
2115	-7.271940e+01
2116	-7.446835e+01
2117	-7.504522e+01
2118	-7.435940e+01
2119	-6.941220e+01
2120	-7.348492e+01
2121	-7.266961e+01
2122	-7.490409e+01
2123	-7.329126e+01
2124	-7.100095e+01
2125	-7.551974e+01
2126	-7.155713e+01
2127	-7.642811e+01
2128	-7.371142e+01
2129	-7.465646e+01
2130	-7.292908e+01
2131	-7.307986e+01
2132	-7.332992e+01
2133	-7.427630e+01
2134	-7.146342e+01
2135	-7.408237e+01
2136	-7.333018e+01
2137	-7.032142e+01
2138	-7.022198e+01
2139	-7.518746e+01
2140	-7.450658e+01
2141	-7.626740e+01
2142	-7.283169e+01
2143	-7.188509e+01
2144	-7.626438e+01
2145	-7.419006e+01
2146	-7.139216e+01
2147	-7.028264e+01
2148	-7.404738e+01
2149	-7.229733e+01
2150	-7.411305e+01
2151	-7.340920e+01
2152	-7.317513e+01
2153	-7.130104e+01
2154	-7.670514e+01
2155	-7.135737e+01
2156	-7.447251e+01
2157	-7.585429e+01
2158	-7.389815e+01
2159	-7.270788e+01
2160	-7.324958e+01
2161	-7.539803e+01
2162	-7.426087e+01
2163	-7.160600e+01
2164	-7.126214e+01
2165	-7.390982e+01
2166	-7.166740e+01
2167	-7.247941e+01
2168	-7.496510e+01
2169	-7.464620e+01
2170	-6.932699e+01
2171	-7.210862e+01
2172	-7.449336e+01
2173	-7.377929e+01
2174	-7.110013e+01
2175	-7.290743e+01
2176	-7.454258e+01
2177	-7.338476e+01
2178	-7.493330e+01
2179	-7.309143e+01
2180	-6.873353e+01
2181	-7.336400e+01
2182	-7.673524e+01
2183	-7.294755e+01
2184	-7.408594e+01
2185	-7.510039e+01
2186	-7.712178e+01
2187	-7.217665e+01
2188	-7.322990e+01
2189	-7.154481e+01
2190	-7.319154e+01
2191	-7.402295e+01
2192	-7.504243e+01
2193	-7.210042e+01
2194	-7.409953e+01
2195	-7.110288e+01
2196	-7.158386e+01
2197	-7.509168e+01
2198	-7.035135e+01
2199	-7.173764e+01
2200	-7.135282e+01
2201	-7.612159e+01
2202	-7.294179e+01
2203	-7.366623e+01
2204	-7.215721e+01
2205	-7.267625e+01
2206	-7.580815e+01
2207	-7.534849e+01
2208	-7.882446e+01
2209	-7.515708e+01
2210	-7.299315e+01
2211	-7.310836e+01
2212	-7.111847e+01
2213	-7.366940e+01
2214	-7.313451e+01
2215	-7.036192e+01
2216	-7.532490e+01
2217	-7.199767e+01
2218	-7.395366e+01
2219	-7.476780e+01
2220	-6.962491e+01
2221	-7.575278e+01
2222	-7.603226e+01
2223	-7.211674e+01
2224	-7.438827e+01
2225	-6.961770e+01
2226	-7.668794e+01
2227	-7.124380e+01
2228	-7.180832e+01
2229	-7.065667e+01
2230	-7.113337e+01
2231	-7.424886e+01
2232	-7.464430e+01
2233	-6.945684e+01
2234	-7.400961e+01
2235	-7.320477e+01
2236	-7.137613e+01
2237	-7.583888e+01
2238	-7.224015e+01
2239	-7.314579e+01
2240	-7.156935e+01
2241	-7.571057e+01
2242	-7.338093e+01
2243	-7.435021e+01
2244	-7.483918e+01
2245	-7.346458e+01
2246	-7.403649e+01
2247	-7.403571e+01
2248	-6.879050e+01
2249	-7.179237e+01
2250	-6.934936e+01
2251	-7.618700e+01
2252	-7.298520e+01
2253	-6.864939e+01
2254	-6.962328e+01
2255	-7.164114e+01
2256	-7.241474e+01
2257	-7.424331e+01
2258	-7.481035e+01
2259	-7.112904e+01
2260	-7.385416e+01
2261	-7.166391e+01
2262	-7.046625e+01
2263	-7.444665e+01
2264	-7.353372e+01
2265	-7.124857e+01
2266	-7.150749e+01
2267	-7.292803e+01
2268	-7.210192e+01
2269	-7.572109e+01
2270	-6.985807e+01
2271	-7.069963e+01
2272	-7.700395e+01
2273	-6.994288e+01
2274	-7.173067e+01
2275	-7.470167e+01
2276	-7.393733e+01
2277	-7.238349e+01
2278	-7.129878e+01
2279	-7.406055e+01
2280	-7.689558e+01
2281	-7.274806e+01
2282	-7.428599e+01
2283	-7.529802e+01
2284	-7.527968e+01
2285	-7.549453e+01
2286	-7.186743e+01
2287	-7.182986e+01
2288	-7.168150e+01
2289	-7.746279e+01
2290	-7.392211e+01
2291	-7.111950e+01
2292	-7.826825e+01
2293	-7.309212e+01
2294	-7.222964e+01
2295	-7.338044e+01
2296	-7.661022e+01
2297	-7.189772e+01
2298	-7.225692e+01
2299	-7.658665e+01
2300	-7.359439e+01
2301	-7.336182e+01
2302	-7.482005e+01
2303	-7.268063e+01
2304	-7.165267e+01
2305	-7.509758e+01
2306	-7.347300e+01
2307	-7.315139e+01
2308	-7.373155e+01
2309	-7.221701e+01
2310	-7.292178e+01
2311	-7.142255e+01
2312	-7.367471e+01
2313	-7.258115e+01
2314	-7.181684e+01
2315	-7.059084e+01
2316	-7.427148e+01
2317	-7.544283e+01
2318	-7.235084e+01
2319	-7.286136e+01
2320	-7.421088e+01
2321	-7.299137e+01
2322	-7.430574e+01
2323	-7.250965e+01
2324	-7.406187e+01
2325	-7.309253e+01
2326	-7.253221e+01
2327	-7.289350e+01
2328	-7.484795e+01
2329	-7.203546e+01
2330	-7.057507e+01
2331	-7.037697e+01
2332	-7.349301e+01
2333	-7.356397e+01
2334	-7.493244e+01
2335	-7.279289e+01
2336	-7.333037e+01
2337	-7.062821e+01
2338	-7.061895e+01
2339	-7.471521e+01
2340	-7.526212e+01
2341	-7.517534e+01
2342	-7.389848e+01
2343	-6.926992e+01
2344	-7.476807e+01
2345	-7.691449e+01
2346	-7.421760e+01
2347	-7.277469e+01
2348	-7.281453e+01
2349	-7.470842e+01
2350	-7.469214e+01
2351	-7.514645e+01
2352	-7.287443e+01
2353	-7.229748e+01
2354	-7.286723e+01
2355	-7.139547e+01
2356	-7.493592e+01
2357	-7.205176e+01
2358	-7.553959e+01
2359	-7.354188e+01
2360	-7.241772e+01
2361	-7.349035e+01
2362	-7.355045e+01
2363	-7.364401e+01
2364	-7.270529e+01
2365	-7.276796e+01
2366	-7.535906e+01
2367	-7.405751e+01
2368	-7.690217e+01
2369	-7.649283e+01
2370	-7.329848e+01
2371	-7.035076e+01
2372	-7.489136e+01
2373	-7.380054e+01
2374	-7.378982e+01
2375	-7.523328e+01
2376	-7.059761e+01
2377	-7.511151e+01
2378	-7.534138e+01
2379	-7.441170e+01
2380	-6.996270e+01
2381	-7.456181e+01
2382	-7.155364e+01
2383	-7.438164e+01
2384	-7.202551e+01
2385	-7.332776e+01
2386	-7.301607e+01
2387	-7.424587e+01
2388	-7.603293e+01
2389	-7.490405e+01
2390	-7.087676e+01
2391	-7.290698e+01
2392	-7.504067e+01
2393	-7.736807e+01
2394	-7.485160e+01
2395	-6.889681e+01
2396	-7.651853e+01
2397	-7.253424e+01
2398	-7.092939e+01
2399	-7.411299e+01
2400	-7.259527e+01
2401	-7.258275e+01
2402	-7.302014e+01
2403	-7.047568e+01
2404	-7.310122e+01
2405	-7.298444e+01
2406	-7.544241e+01
2407	-7.360814e+01
2408	-7.062709e+01
2409	-7.119927e+01
2410	-7.240114e+01
2411	-7.409288e+01
2412	-7.805855e+01
2413	-7.301200e+01
2414	-6.942339e+01
2415	-7.321928e+01
2416	-7.285138e+01
2417	-7.296888e+01
2418	-7.055511e+01
2419	-7.153683e+01
2420	-7.040235e+01
2421	-7.235495e+01
2422	-7.672255e+01
2423	-7.476114e+01
2424	-7.464314e+01
2425	-7.264788e+01
2426	-7.303433e+01
2427	-7.594249e+01
2428	-7.691743e+01
2429	-7.140828e+01
2430	-7.131427e+01
2431	-7.232367e+01
2432	-6.991274e+01
2433	-7.158372e+01
2434	-7.281500e+01
2435	-7.428324e+01
2436	-7.942220e+01
2437	-7.226713e+01
2438	-7.317934e+01
2439	-7.344818e+01
2440	-7.184097e+01
2441	-7.255698e+01
2442	-7.275559e+01
2443	-7.568914e+01
2444	-7.466348e+01
2445	-7.453487e+01
2446	-7.118205e+01
2447	-7.443892e+01
2448	-7.328849e+01
2449	-7.540595e+01
2450	-7.607155e+01
2451	-7.430023e+01
2452	-7.509673e+01
2453	-7.763873e+01
2454	-7.166842e+01
2455	-7.076686e+01
2456	-7.126478e+01
2457	-6.966471e+01
2458	-7.459468e+01
2459	-7.422043e+01
2460	-7.189720e+01
2461	-7.560463e+01
2462	-6.835117e+01
2463	-7.348846e+01
2464	-7.297641e+01
2465	-7.447442e+01
2466	-7.554014e+01
2467	-7.012140e+01
2468	-6.759959e+01
2469	-7.372735e+01
2470	-7.022845e+01
2471	-7.417736e+01
2472	-7.244385e+01
2473	-6.972830e+01
2474	-7.488676e+01
2475	-7.649465e+01
2476	-7.559671e+01
2477	-6.982957e+01
2478	-7.249449e+01
2479	-7.584719e+01
2480	-7.343379e+01
2481	-7.047958e+01
2482	-7.324112e+01
2483	-7.587783e+01
2484	-7.537851e+01
2485	-7.325987e+01
2486	-7.155313e+01
2487	-7.221614e+01
2488	-7.499955e+01
2489	-7.643613e+01
2490	-7.126520e+01
2491	-7.487464e+01
2492	-7.211638e+01
2493	-7.133621e+01
2494	-6.962520e+01
2495	-7.578587e+01
2496	-7.274593e+01
2497	-7.357748e+01
2498	-7.477754e+01
2499	-7.318709e+01
2500	-7.462395e+01
2501	-7.073999e+01
2502	-7.408810e+01
2503	-7.207939e+01
2504	-7.423996e+01
2505	-7.264636e+01
2506	-7.547206e+01
2507	-7.446985e+01
2508	-7.200114e+01
2509	-7.195354e+01
2510	-7.478123e+01
2511	-7.203975e+01
2512	-7.143290e+01
2513	-7.272899e+01
2514	-7.056359e+01
2515	-7.056539e+01
2516	-7.543732e+01
2517	-7.126373e+01
2518	-7.783205e+01
2519	-7.381547e+01
2520	-7.234730e+01
2521	-7.462909e+01
2522	-7.230501e+01
2523	-7.640284e+01
2524	-7.634492e+01
2525	-7.072676e+01
2526	-7.251557e+01
2527	-7.473814e+01
2528	-7.346183e+01
2529	-7.062715e+01
2530	-7.411592e+01
2531	-7.356585e+01
2532	-7.579559e+01
2533	-7.413893e+01
2534	-7.779043e+01
2535	-7.498523e+01
2536	-7.283022e+01
2537	-7.092337e+01
2538	-7.547152e+01
2539	-7.242854e+01
2540	-7.181855e+01
2541	-7.341972e+01
2542	-6.907261e+01
2543	-7.430221e+01
2544	-7.358514e+01
2545	-7.245510e+01
2546	-7.456690e+01
2547	-7.224816e+01
2548	-7.580502e+01
2549	-7.394028e+01
2550	-7.300923e+01
2551	-6.886416e+01
2552	-7.517282e+01
2553	-7.397126e+01
2554	-7.178656e+01
2555	-7.107819e+01
2556	-7.441261e+01
2557	-7.269376e+01
2558	-7.328300e+01
2559	-7.207877e+01
2560	-7.224956e+01
2561	-7.256293e+01
2562	-7.291119e+01
2563	-7.166886e+01
2564	-7.275324e+01
2565	-7.236583e+01
2566	-7.384188e+01
2567	-7.583485e+01
2568	-7.060861e+01
2569	-7.531267e+01
2570	-7.321900e+01
2571	-7.257413e+01
2572	-7.563155e+01
2573	-7.524099e+01
2574	-7.150332e+01
2575	-7.274733e+01
2576	-7.363747e+01
2577	-7.598124e+01
2578	-7.758142e+01
2579	-7.310692e+01
2580	-7.525622e+01
2581	-7.084741e+01
2582	-7.608949e+01
2583	-6.998791e+01
2584	-7.261201e+01
2585	-7.130478e+01
2586	-7.362240e+01
2587	-7.289872e+01
2588	-7.505781e+01
2589	-7.342479e+01
2590	-7.267423e+01
2591	-7.606138e+01
2592	-7.180574e+01
2593	-7.435530e+01
2594	-7.731659e+01
2595	-7.187949e+01
2596	-7.388689e+01
2597	-7.377533e+01
2598	-6.983986e+01
2599	-7.149484e+01
2600	-7.279516e+01
2601	-7.109313e+01
2602	-7.261176e+01
2603	-7.319253e+01
2604	-7.561122e+01
2605	-7.434238e+01
2606	-7.040373e+01
2607	-7.043623e+01
2608	-7.126184e+01
2609	-7.439147e+01
2610	-7.453208e+01
2611	-7.557018e+01
2612	-7.238121e+01
2613	-7.262880e+01
2614	-7.203111e+01
2615	-7.242456e+01
2616	-7.361413e+01
2617	-7.070699e+01
2618	-7.662353e+01
2619	-7.530819e+01
2620	-7.447081e+01
2621	-7.362740e+01
2622	-7.496110e+01
2623	-7.484779e+01
2624	-7.408530e+01
2625	-7.707557e+01
2626	-7.299326e+01
2627	-7.274044e+01
2628	-7.286745e+01
2629	-7.462907e+01
2630	-7.606598e+01
2631	-7.431860e+01
2632	-7.178416e+01
2633	-7.457091e+01
2634	-7.296287e+01
2635	-7.171964e+01
2636	-7.130748e+01
2637	-7.313654e+01
2638	-7.408379e+01
2639	-7.034456e+01
2640	-7.490764e+01
2641	-7.286409e+01
2642	-6.956140e+01
2643	-7.358589e+01
2644	-7.325093e+01
2645	-7.415957e+01
2646	-7.319762e+01
2647	-7.017077e+01
2648	-6.896957e+01
2649	-7.240160e+01
2650	-7.168396e+01
2651	-7.259391e+01
2652	-7.656681e+01
2653	-7.091184e+01
2654	-7.249804e+01
2655	-7.316056e+01
2656	-7.302652e+01
2657	-7.092364e+01
2658	-7.637926e+01
2659	-7.482740e+01
2660	-7.213682e+01
2661	-7.280643e+01
2662	-7.202794e+01
2663	-7.338174e+01
2664	-7.455933e+01
2665	-7.380358e+01
2666	-7.206068e+01
2667	-7.629504e+01
2668	-7.050100e+01
2669	-7.300123e+01
2670	-7.310417e+01
2671	-7.184222e+01
2672	-7.132149e+01
2673	-7.487266e+01
2674	-7.810149e+01
2675	-7.440287e+01
2676	-7.249454e+01
2677	-7.356539e+01
2678	-7.663116e+01
2679	-7.105216e+01
2680	-7.488884e+01
2681	-7.363040e+01
2682	-7.363252e+01
2683	-7.474683e+01
2684	-7.258219e+01
2685	-7.481636e+01
2686	-7.394268e+01
2687	-7.538300e+01
2688	-7.091285e+01
2689	-7.055304e+01
2690	-7.282593e+01
2691	-7.477128e+01
2692	-7.038214e+01
2693	-7.026471e+01
2694	-7.439069e+01
2695	-7.133807e+01
2696	-7.460237e+01
2697	-7.556619e+01
2698	-7.119931e+01
2699	-7.189207e+01
2700	-7.727536e+01
2701	-7.699538e+01
2702	-7.149931e+01
2703	-7.271118e+01
2704	-7.552827e+01
2705	-7.296485e+01
2706	-7.296107e+01
2707	-7.303102e+01
2708	-7.571480e+01
2709	-7.214263e+01
2710	-7.304378e+01
2711	-7.633713e+01
2712	-7.271724e+01
2713	-7.361535e+01
2714	-7.203875e+01
2715	-7.218675e+01
2716	-7.708731e+01
2717	-6.955323e+01
2718	-7.553260e+01
2719	-7.267124e+01
2720	-7.513523e+01
2721	-7.595076e+01
2722	-7.573610e+01
2723	-7.160759e+01
2724	-7.213283e+01
2725	-7.624657e+01
2726	-7.248770e+01
2727	-7.661343e+01
2728	-7.205582e+01
2729	-7.741384e+01
2730	-7.230647e+01
2731	-7.312192e+01
2732	-7.154089e+01
2733	-7.556087e+01
2734	-7.242227e+01
2735	-7.512606e+01
2736	-7.400113e+01
2737	-7.634045e+01
2738	-7.443063e+01
2739	-7.134255e+01
2740	-7.149935e+01
2741	-7.232848e+01
2742	-7.327254e+01
2743	-7.402492e+01
2744	-7.242175e+01
2745	-7.391282e+01
2746	-7.233381e+01
2747	-7.401391e+01
2748	-7.267356e+01
2749	-7.316518e+01
2750	-7.211484e+01
2751	-7.298793e+01
2752	-7.345170e+01
2753	-7.337439e+01
2754	-7.401468e+01
2755	-7.220015e+01
2756	-7.633615e+01
2757	-7.600617e+01
2758	-7.608440e+01
2759	-7.639836e+01
2760	-7.104172e+01
2761	-7.370124e+01
2762	-7.124877e+01
2763	-7.495189e+01
2764	-7.514842e+01
2765	-7.352809e+01
2766	-7.170817e+01
2767	-7.203231e+01
2768	-7.158390e+01
2769	-7.599624e+01
2770	-7.666826e+01
2771	-7.545210e+01
2772	-7.323323e+01
2773	-7.086430e+01
2774	-7.492961e+01
2775	-7.088477e+01
2776	-6.922574e+01
2777	-7.279524e+01
2778	-7.314478e+01
2779	-7.446487e+01
2780	-7.457199e+01
2781	-7.774919e+01
2782	-7.403247e+01
2783	-7.892953e+01
2784	-7.099455e+01
2785	-7.343756e+01
2786	-7.108554e+01
2787	-7.227602e+01
2788	-7.480380e+01
2789	-7.430124e+01
2790	-7.831001e+01
2791	-7.295463e+01
2792	-7.663907e+01
2793	-7.279842e+01
2794	-7.555123e+01
2795	-7.635427e+01
2796	-7.081360e+01
2797	-7.367886e+01
2798	-7.198365e+01
2799	-7.111567e+01
2800	-7.585502e+01
2801	-7.526932e+01
2802	-7.068435e+01
2803	-7.055536e+01
2804	-7.604179e+01
2805	-7.393290e+01
2806	-7.176165e+01
2807	-7.167488e+01
2808	-7.548238e+01
2809	-7.397008e+01
2810	-7.795197e+01
2811	-7.337818e+01
2812	-7.308261e+01
2813	-7.452344e+01
2814	-7.247590e+01
2815	-7.383681e+01
2816	-7.404323e+01
2817	-7.169999e+01
2818	-7.579330e+01
2819	-7.327336e+01
2820	-7.699547e+01
2821	-7.507294e+01
2822	-7.440046e+01
2823	-7.063769e+01
2824	-7.278792e+01
2825	-7.550158e+01
2826	-7.705506e+01
2827	-7.249062e+01
2828	-7.204553e+01
2829	-7.441747e+01
2830	-7.601592e+01
2831	-7.371101e+01
2832	-7.071703e+01
2833	-7.110436e+01
2834	-7.596933e+01
2835	-6.921507e+01
2836	-7.125766e+01
2837	-7.153663e+01
2838	-7.548785e+01
2839	-6.911344e+01
2840	-7.530885e+01
2841	-7.067843e+01
2842	-7.665070e+01
2843	-7.109160e+01
2844	-7.212875e+01
2845	-7.304199e+01
2846	-7.292243e+01
2847	-7.633215e+01
2848	-7.614952e+01
2849	-7.428782e+01
2850	-7.073589e+01
2851	-7.726687e+01
2852	-7.543149e+01
2853	-7.145014e+01
2854	-7.419890e+01
2855	-7.407447e+01
2856	-7.491216e+01
2857	-7.212748e+01
2858	-7.310739e+01
2859	-7.561234e+01
2860	-7.325974e+01
2861	-7.174815e+01
2862	-7.379702e+01
2863	-7.454707e+01
2864	-7.225585e+01
2865	-7.083053e+01
2866	-7.258208e+01
2867	-7.458122e+01
2868	-7.082793e+01
2869	-7.321912e+01
2870	-7.423553e+01
2871	-7.529744e+01
2872	-7.549348e+01
2873	-7.539409e+01
2874	-7.307439e+01
2875	-7.014365e+01
2876	-7.755483e+01
2877	-7.433159e+01
2878	-7.152925e+01
2879	-7.628391e+01
2880	-7.451346e+01
2881	-7.169473e+01
2882	-7.333700e+01
2883	-7.435306e+01
2884	-7.324696e+01
2885	-7.563638e+01
2886	-7.361834e+01
2887	-7.374260e+01
2888	-7.257686e+01
2889	-7.202438e+01
2890	-7.049104e+01
2891	-7.565676e+01
2892	-7.240192e+01
2893	-7.563829e+01
2894	-7.524819e+01
2895	-7.267761e+01
2896	-7.133532e+01
2897	-7.752603e+01
2898	-7.528250e+01
2899	-7.348039e+01
2900	-7.278399e+01
2901	-7.308898e+01
2902	-7.478212e+01
2903	-7.538688e+01
2904	-7.709799e+01
2905	-7.391836e+01
2906	-7.445553e+01
2907	-7.137571e+01
2908	-7.299321e+01
2909	-7.081654e+01
2910	-7.633097e+01
2911	-7.389443e+01
2912	-7.389042e+01
2913	-7.428393e+01
2914	-7.535564e+01
2915	-7.701000e+01
2916	-7.428682e+01
2917	-7.393361e+01
2918	-7.390736e+01
2919	-7.169500e+01
2920	-7.306179e+01
2921	-7.247438e+01
2922	-7.257166e+01
2923	-7.541652e+01
2924	-7.016128e+01
2925	-7.597157e+01
2926	-7.517291e+01
2927	-7.266635e+01
2928	-7.235860e+01
2929	-7.114834e+01
2930	-7.109938e+01
2931	-7.280624e+01
2932	-7.176474e+01
2933	-7.674385e+01
2934	-7.708434e+01
2935	-7.205542e+01
2936	-7.095674e+01
2937	-7.152620e+01
2938	-7.448329e+01
2939	-7.335147e+01
2940	-7.222395e+01
2941	-7.232344e+01
2942	-6.934879e+01
2943	-7.362005e+01
2944	-7.225848e+01
2945	-7.273367e+01
2946	-7.050356e+01
2947	-7.260940e+01
2948	-7.409023e+01
2949	-7.758005e+01
2950	-7.221406e+01
2951	-7.701342e+01
2952	-7.223854e+01
2953	-7.242057e+01
2954	-7.399872e+01
2955	-7.466590e+01
2956	-7.245464e+01
2957	-7.644146e+01
2958	-7.274503e+01
2959	-7.431331e+01
2960	-7.932022e+01
2961	-7.186896e+01
2962	-7.455882e+01
2963	-7.270229e+01
2964	-7.519179e+01
2965	-7.281987e+01
2966	-7.236379e+01
2967	-7.470804e+01
2968	-7.645606e+01
2969	-7.274674e+01
2970	-6.968549e+01
2971	-7.502025e+01
2972	-7.142578e+01
2973	-7.899125e+01
2974	-6.997913e+01
2975	-7.538372e+01
2976	-7.463701e+01
2977	-6.969115e+01
2978	-7.220662e+01
2979	-7.178518e+01
2980	-7.153764e+01
2981	-7.434965e+01
2982	-7.497006e+01
2983	-7.311101e+01
2984	-7.231309e+01
2985	-7.243379e+01
2986	-7.185614e+01
2987	-7.109895e+01
2988	-7.629185e+01
2989	-7.466406e+01
2990	-7.318525e+01
2991	-7.441259e+01
2992	-7.377883e+01
2993	-7.346225e+01
2994	-7.853938e+01
2995	-7.107600e+01
2996	-7.089525e+01
2997	-7.476078e+01
2998	-7.214541e+01
2999	-6.976420e+01
3000	-7.525080e+01
3001	-7.340202e+01
3002	-7.442224e+01
3003	-7.433271e+01
3004	-7.269354e+01
3005	-7.275529e+01
3006	-7.396893e+01
3007	-7.412829e+01
3008	-7.226719e+01
3009	-7.747403e+01
3010	-7.456725e+01
3011	-6.998893e+01
3012	-7.050737e+01
3013	-7.075683e+01
3014	-7.516749e+01
3015	-7.297235e+01
3016	-7.280866e+01
3017	-7.558400e+01
3018	-7.188770e+01
3019	-7.768572e+01
3020	-7.300240e+01
3021	-7.409352e+01
3022	-7.512477e+01
3023	-7.321953e+01
3024	-7.333734e+01
3025	-7.392313e+01
3026	-7.222605e+01
3027	-7.567703e+01
3028	-7.212041e+01
3029	-7.200935e+01
3030	-6.945909e+01
3031	-7.215801e+01
3032	-7.114793e+01
3033	-7.381194e+01
3034	-7.628314e+01
3035	-7.129758e+01
3036	-7.466279e+01
3037	-7.412468e+01
3038	-7.266178e+01
3039	-7.562353e+01
3040	-6.935905e+01
3041	-7.214951e+01
3042	-7.395484e+01
3043	-7.483678e+01
3044	-6.993390e+01
3045	-7.282982e+01
3046	-7.670390e+01
3047	-7.289864e+01
3048	-7.587221e+01
3049	-7.380434e+01
3050	-7.086883e+01
3051	-7.258094e+01
3052	-7.074725e+01
3053	-7.078681e+01
3054	-7.293469e+01
3055	-6.974707e+01
3056	-7.177645e+01
3057	-7.575713e+01
3058	-7.297401e+01
3059	-7.205262e+01
3060	-7.422546e+01
3061	-7.594874e+01
3062	-7.460114e+01
3063	-7.569219e+01
3064	-7.560365e+01
3065	-7.392793e+01
3066	-7.358542e+01
3067	-7.198398e+01
3068	-7.083774e+01
3069	-7.288350e+01
3070	-7.560482e+01
3071	-7.105367e+01
3072	-7.766457e+01
3073	-7.345823e+01
3074	-7.075934e+01
3075	-7.313187e+01
3076	-7.532034e+01
3077	-7.053019e+01
3078	-7.167139e+01
3079	-7.316616e+01
3080	-7.357797e+01
3081	-7.564987e+01
3082	-7.528163e+01
3083	-6.976748e+01
3084	-7.512685e+01
3085	-7.163649e+01
3086	-7.096582e+01
3087	-7.293008e+01
3088	-7.655668e+01
3089	-7.073976e+01
3090	-7.910570e+01
3091	-7.142483e+01
3092	-7.407477e+01
3093	-7.159234e+01
3094	-7.364764e+01
3095	-7.388424e+01
3096	-7.169977e+01
3097	-6.918928e+01
3098	-7.205770e+01
3099	-7.261493e+01
3100	-7.238142e+01
3101	-7.424011e+01
3102	-7.291619e+01
3103	-7.334672e+01
3104	-7.222417e+01
3105	-7.302587e+01
3106	-7.040247e+01
3107	-7.269486e+01
3108	-7.169101e+01
3109	-7.699278e+01
3110	-7.333245e+01
3111	-7.300640e+01
3112	-7.328340e+01
3113	-7.402175e+01
3114	-7.360040e+01
3115	-7.439768e+01
3116	-7.380893e+01
3117	-7.388866e+01
3118	-7.056471e+01
3119	-7.218478e+01
3120	-6.980455e+01
3121	-7.131805e+01
3122	-7.363210e+01
3123	-7.156666e+01
3124	-7.255734e+01
3125	-7.102241e+01
3126	-7.449124e+01
3127	-7.664804e+01
3128	-7.472813e+01
3129	-7.438016e+01
3130	-7.249811e+01
3131	-7.489496e+01
3132	-7.237047e+01
3133	-7.529966e+01
3134	-7.339824e+01
3135	-7.600394e+01
3136	-7.711352e+01
3137	-7.047981e+01
3138	-7.688349e+01
3139	-7.546681e+01
3140	-7.379839e+01
3141	-7.294304e+01
3142	-7.206945e+01
3143	-7.299439e+01
3144	-7.010529e+01
3145	-7.260347e+01
3146	-7.227464e+01
3147	-7.259017e+01
3148	-7.295869e+01
3149	-7.204319e+01
3150	-6.992451e+01
3151	-7.159663e+01
3152	-7.372557e+01
3153	-7.129698e+01
3154	-7.504355e+01
3155	-7.293840e+01
3156	-7.559435e+01
3157	-7.592229e+01
3158	-7.494069e+01
3159	-7.239068e+01
3160	-7.209814e+01
3161	-7.199844e+01
3162	-7.442701e+01
3163	-7.489438e+01
3164	-7.155470e+01
3165	-7.750759e+01
3166	-7.320566e+01
3167	-7.351470e+01
3168	-7.352915e+01
3169	-7.798838e+01
3170	-7.431200e+01
3171	-7.354352e+01
3172	-6.995324e+01
3173	-7.526425e+01
3174	-7.321067e+01
3175	-7.171296e+01
3176	-7.496955e+01
3177	-7.233644e+01
3178	-7.197445e+01
3179	-7.404540e+01
3180	-7.341566e+01
3181	-7.152075e+01
3182	-7.279840e+01
3183	-7.038770e+01
3184	-7.205987e+01
3185	-7.429240e+01
3186	-7.493796e+01
3187	-7.265616e+01
3188	-7.401538e+01
3189	-7.395457e+01
3190	-7.275057e+01
3191	-7.733653e+01
3192	-7.477605e+01
3193	-7.507684e+01
3194	-7.395047e+01
3195	-7.429074e+01
3196	-7.647747e+01
3197	-7.175939e+01
3198	-7.172804e+01
3199	-7.557970e+01
3200	-7.296276e+01
3201	-7.345412e+01
3202	-7.542264e+01
3203	-7.204279e+01
3204	-7.376873e+01
3205	-7.222865e+01
3206	-7.387988e+01
3207	-7.668432e+01
3208	-7.410057e+01
3209	-7.244869e+01
3210	-7.294110e+01
3211	-7.542037e+01
3212	-7.215822e+01
3213	-7.142098e+01
3214	-7.330458e+01
3215	-7.545757e+01
3216	-7.281292e+01
3217	-6.757442e+01
3218	-7.544754e+01
3219	-7.442135e+01
3220	-7.132752e+01
3221	-7.306244e+01
3222	-7.233034e+01
3223	-7.225402e+01
3224	-7.302086e+01
3225	-6.996026e+01
3226	-7.210876e+01
3227	-7.411062e+01
3228	-7.506977e+01
3229	-7.206297e+01
3230	-7.533920e+01
3231	-7.811484e+01
3232	-7.214551e+01
3233	-7.510162e+01
3234	-7.051189e+01
3235	-7.394248e+01
3236	-7.392342e+01
3237	-7.349951e+01
3238	-7.809775e+01
3239	-7.489835e+01
3240	-7.089457e+01
3241	-6.996263e+01
3242	-7.489155e+01
3243	-7.208186e+01
3244	-7.489043e+01
3245	-7.276132e+01
3246	-7.068079e+01
3247	-7.225830e+01
3248	-6.998059e+01
3249	-7.123909e+01
3250	-7.346882e+01
3251	-7.320027e+01
3252	-7.478629e+01
3253	-7.428821e+01
3254	-7.135152e+01
3255	-7.729700e+01
3256	-6.995042e+01
3257	-7.369528e+01
3258	-7.612604e+01
3259	-7.167150e+01
3260	-7.185091e+01
3261	-7.252227e+01
3262	-7.400268e+01
3263	-7.288202e+01
3264	-7.136568e+01
3265	-7.403331e+01
3266	-7.148147e+01
3267	-7.684574e+01
3268	-7.258218e+01
3269	-7.141668e+01
3270	-6.957106e+01
3271	-7.518492e+01
3272	-7.294180e+01
3273	-7.512757e+01
3274	-7.570941e+01
3275	-7.160246e+01
3276	-7.174205e+01
3277	-7.386879e+01
3278	-7.457062e+01
3279	-7.643284e+01
3280	-7.455859e+01
3281	-7.187351e+01
3282	-7.246629e+01
3283	-7.251499e+01
3284	-6.901760e+01
3285	-7.459576e+01
3286	-7.295894e+01
3287	-6.679798e+01
3288	-6.847486e+01
3289	-7.433790e+01
3290	-7.056290e+01
3291	-7.437516e+01
3292	-7.157153e+01
3293	-7.668610e+01
3294	-7.193638e+01
3295	-6.877452e+01
3296	-7.129770e+01
3297	-7.320070e+01
3298	-7.234349e+01
3299	-7.217535e+01
3300	-7.397553e+01
3301	-7.323859e+01
3302	-7.459060e+01
3303	-7.195888e+01
3304	-6.925999e+01
3305	-7.491043e+01
3306	-7.464898e+01
3307	-7.417138e+01
3308	-7.556938e+01
3309	-7.518107e+01
3310	-7.286009e+01
3311	-7.351081e+01
3312	-7.336753e+01
3313	-7.278003e+01
3314	-7.309891e+01
3315	-7.391587e+01
3316	-7.341867e+01
3317	-7.682882e+01
3318	-7.438878e+01
3319	-7.383636e+01
3320	-7.141745e+01
3321	-7.657792e+01
3322	-7.375752e+01
3323	-7.277059e+01
3324	-7.445723e+01
3325	-7.444038e+01
3326	-7.495955e+01
3327	-7.276257e+01
3328	-7.642494e+01
3329	-7.197332e+01
3330	-7.102443e+01
3331	-7.195271e+01
3332	-7.142052e+01
3333	-7.381700e+01
3334	-7.196182e+01
3335	-7.215101e+01
3336	-7.238265e+01
3337	-7.358900e+01
3338	-7.124246e+01
3339	-7.770007e+01
3340	-7.264144e+01
3341	-7.561890e+01
3342	-7.646409e+01
3343	-7.450988e+01
3344	-7.187518e+01
3345	-7.522590e+01
3346	-7.187625e+01
3347	-7.371678e+01
3348	-7.091504e+01
3349	-7.313274e+01
3350	-7.306812e+01
3351	-7.069594e+01
3352	-7.316198e+01
3353	-7.320936e+01
3354	-7.243967e+01
3355	-7.343689e+01
3356	-7.437671e+01
3357	-7.236263e+01
3358	-7.141839e+01
3359	-7.444157e+01
3360	-7.290935e+01
3361	-7.573913e+01
3362	-7.308637e+01
3363	-7.183848e+01
3364	-7.097598e+01
3365	-7.416383e+01
3366	-7.345750e+01
3367	-7.463860e+01
3368	-7.262047e+01
3369	-7.052666e+01
3370	-7.049993e+01
3371	-6.960452e+01
3372	-7.511501e+01
3373	-6.979216e+01
3374	-7.402411e+01
3375	-7.097258e+01
3376	-7.429542e+01
3377	-7.210704e+01
3378	-7.050188e+01
3379	-6.891161e+01
3380	-7.077150e+01
3381	-7.046996e+01
3382	-7.476681e+01
3383	-7.170915e+01
3384	-7.092676e+01
3385	-7.298891e+01
3386	-7.020517e+01
3387	-7.059322e+01
3388	-7.467383e+01
3389	-7.462174e+01
3390	-7.282170e+01
3391	-7.232849e+01
3392	-7.121712e+01
3393	-7.020019e+01
3394	-7.291962e+01
3395	-7.312667e+01
3396	-7.467003e+01
3397	-7.367333e+01
3398	-7.025492e+01
3399	-7.752132e+01
3400	-7.292719e+01
3401	-7.152550e+01
3402	-7.424912e+01
3403	-7.309765e+01
3404	-7.441872e+01
3405	-7.168958e+01
3406	-7.306082e+01
3407	-7.168193e+01
3408	-6.965492e+01
3409	-7.082237e+01
3410	-7.451545e+01
3411	-7.447820e+01
3412	-6.879991e+01
3413	-7.263838e+01
3414	-7.545164e+01
3415	-7.198320e+01
3416	-7.209953e+01
3417	-7.478083e+01
3418	-7.340800e+01
3419	-7.444146e+01
3420	-7.261260e+01
3421	-7.395573e+01
3422	-7.188658e+01
3423	-7.031628e+01
3424	-7.463725e+01
3425	-7.460798e+01
3426	-7.304056e+01
3427	-7.204742e+01
3428	-7.095268e+01
3429	-7.127685e+01
3430	-7.245889e+01
3431	-7.372088e+01
3432	-7.504918e+01
3433	-7.116267e+01
3434	-7.144869e+01
3435	-7.088661e+01
3436	-7.480716e+01
3437	-7.230204e+01
3438	-7.076421e+01
3439	-7.484252e+01
3440	-7.282950e+01
3441	-7.219134e+01
3442	-7.479513e+01
3443	-7.668139e+01
3444	-7.556642e+01
3445	-7.453695e+01
3446	-7.479332e+01
3447	-7.490119e+01
3448	-7.348400e+01
3449	-7.178945e+01
3450	-7.586982e+01
3451	-7.105387e+01
3452	-7.376302e+01
3453	-7.079205e+01
3454	-7.545729e+01
3455	-7.562655e+01
3456	-7.011908e+01
3457	-6.920846e+01
3458	-7.270730e+01
3459	-7.110173e+01
3460	-7.450043e+01
3461	-7.118423e+01
3462	-7.083214e+01
3463	-7.166518e+01
3464	-7.284447e+01
3465	-7.119787e+01
3466	-7.764549e+01
3467	-7.071451e+01
3468	-7.503396e+01
3469	-7.267261e+01
3470	-6.782095e+01
3471	-7.601979e+01
3472	-7.265755e+01
3473	-7.119298e+01
3474	-7.332872e+01
3475	-7.212437e+01
3476	-7.282774e+01
3477	-7.249877e+01
3478	-7.313238e+01
3479	-7.551641e+01
3480	-7.439047e+01
3481	-7.366706e+01
3482	-7.443577e+01
3483	-7.188955e+01
3484	-7.148259e+01
3485	-7.407202e+01
3486	-6.713021e+01
3487	-7.453844e+01
3488	-7.174261e+01
3489	-7.283841e+01
3490	-7.296753e+01
3491	-7.288987e+01
3492	-7.602563e+01
3493	-7.131136e+01
3494	-7.521754e+01
3495	-7.446535e+01
3496	-7.707516e+01
3497	-6.986570e+01
3498	-7.262396e+01
3499	-7.585237e+01
3500	-7.150136e+01
3501	-7.146535e+01
3502	-7.239839e+01
3503	-7.225671e+01
3504	-7.407247e+01
3505	-7.043088e+01
3506	-7.423446e+01
3507	-7.401343e+01
3508	-7.307170e+01
3509	-7.551568e+01
3510	-7.246586e+01
3511	-7.589923e+01
3512	-6.894284e+01
3513	-7.402695e+01
3514	-7.306327e+01
3515	-7.168333e+01
3516	-7.418863e+01
3517	-7.273811e+01
3518	-7.600918e+01
3519	-7.333647e+01
3520	-7.535584e+01
3521	-7.388211e+01
3522	-7.182193e+01
3523	-7.422877e+01
3524	-7.637144e+01
3525	-7.147755e+01
3526	-7.764218e+01
3527	-7.271583e+01
3528	-7.251611e+01
3529	-7.319900e+01
3530	-7.349240e+01
3531	-7.432837e+01
3532	-7.383458e+01
3533	-7.349905e+01
3534	-7.639434e+01
3535	-7.096703e+01
3536	-7.082416e+01
3537	-7.482983e+01
3538	-7.073676e+01
3539	-7.323501e+01
3540	-7.367780e+01
3541	-7.279870e+01
3542	-7.215780e+01
3543	-7.368603e+01
3544	-7.219562e+01
3545	-7.143178e+01
3546	-7.422337e+01
3547	-7.395889e+01
3548	-7.012889e+01
3549	-7.310131e+01
3550	-7.720026e+01
3551	-7.232063e+01
3552	-7.274618e+01
3553	-7.234987e+01
3554	-7.237752e+01
3555	-7.857745e+01
3556	-7.399338e+01
3557	-7.414419e+01
3558	-6.956248e+01
3559	-7.788106e+01
3560	-6.828718e+01
3561	-7.373696e+01
3562	-7.517724e+01
3563	-7.448363e+01
3564	-7.548959e+01
3565	-7.730619e+01
3566	-7.169160e+01
3567	-7.314518e+01
3568	-7.574570e+01
3569	-7.317923e+01
3570	-6.949647e+01
3571	-7.354750e+01
3572	-7.104042e+01
3573	-7.660074e+01
3574	-7.234317e+01
3575	-7.384375e+01
3576	-6.971681e+01
3577	-7.267050e+01
3578	-6.947850e+01
3579	-7.132142e+01
3580	-7.106880e+01
3581	-7.566509e+01
3582	-7.240684e+01
3583	-7.153326e+01
3584	-7.219899e+01
3585	-7.110065e+01
3586	-7.639327e+01
3587	-6.954620e+01
3588	-7.185311e+01
3589	-7.633760e+01
3590	-7.250821e+01
3591	-7.506471e+01
3592	-7.200578e+01
3593	-7.259717e+01
3594	-7.382119e+01
3595	-7.328053e+01
3596	-7.333228e+01
3597	-7.394626e+01
3598	-7.072467e+01
3599	-7.453485e+01
3600	-7.078948e+01
3601	-7.415004e+01
3602	-7.083176e+01
3603	-7.249866e+01
3604	-7.308984e+01
3605	-7.191254e+01
3606	-7.899878e+01
3607	-7.175467e+01
3608	-7.358717e+01
3609	-7.537184e+01
3610	-6.986206e+01
3611	-7.026779e+01
3612	-7.376233e+01
3613	-7.353284e+01
3614	-7.457812e+01
3615	-7.505932e+01
3616	-7.302013e+01
3617	-7.339464e+01
3618	-7.286682e+01
3619	-7.435214e+01
3620	-7.629475e+01
3621	-7.240683e+01
3622	-7.690517e+01
3623	-7.610937e+01
3624	-7.290731e+01
3625	-7.251071e+01
3626	-7.180767e+01
3627	-7.469063e+01
3628	-7.399424e+01
3629	-7.323654e+01
3630	-7.319349e+01
3631	-7.595863e+01
3632	-7.564545e+01
3633	-7.320234e+01
3634	-7.356139e+01
3635	-7.490650e+01
3636	-7.359325e+01
3637	-7.370374e+01
3638	-7.305430e+01
3639	-7.088074e+01
3640	-7.415002e+01
3641	-7.129925e+01
3642	-7.095722e+01
3643	-7.264308e+01
3644	-7.629765e+01
3645	-7.634376e+01
3646	-7.693751e+01
3647	-7.571743e+01
3648	-7.416993e+01
3649	-7.130042e+01
3650	-7.178798e+01
3651	-7.275122e+01
3652	-7.418634e+01
3653	-7.505365e+01
3654	-7.456491e+01
3655	-7.435616e+01
3656	-7.267603e+01
3657	-7.418638e+01
3658	-7.140084e+01
3659	-7.284735e+01
3660	-7.057865e+01
3661	-7.402812e+01
3662	-7.115557e+01
3663	-7.427757e+01
3664	-7.465559e+01
3665	-7.419580e+01
3666	-7.432826e+01
3667	-7.237185e+01
3668	-7.408402e+01
3669	-7.327255e+01
3670	-7.247700e+01
3671	-7.576921e+01
3672	-7.270005e+01
3673	-7.436322e+01
3674	-7.227557e+01
3675	-7.081848e+01
3676	-7.211771e+01
3677	-7.245982e+01
3678	-7.461841e+01
3679	-7.175143e+01
3680	-7.030945e+01
3681	-7.173724e+01
3682	-7.229131e+01
3683	-7.165742e+01
3684	-6.886754e+01
3685	-7.536598e+01
3686	-7.293399e+01
3687	-7.107422e+01
3688	-7.399644e+01
3689	-7.320492e+01
3690	-7.392492e+01
3691	-7.175953e+01
3692	-7.213841e+01
3693	-7.137026e+01
3694	-7.533363e+01
3695	-7.338353e+01
3696	-7.490700e+01
3697	-7.385680e+01
3698	-7.621575e+01
3699	-7.427739e+01
3700	-7.318043e+01
3701	-7.499438e+01
3702	-7.375618e+01
3703	-7.307878e+01
3704	-7.299279e+01
3705	-7.214463e+01
3706	-7.599527e+01
3707	-7.195976e+01
3708	-7.455875e+01
3709	-6.756499e+01
3710	-7.502741e+01
3711	-7.023198e+01
3712	-7.088270e+01
3713	-7.266446e+01
3714	-7.453510e+01
3715	-7.305512e+01
3716	-7.423343e+01
3717	-7.570935e+01
3718	-7.037456e+01
3719	-7.353802e+01
3720	-7.352658e+01
3721	-7.544222e+01
3722	-7.103860e+01
3723	-7.350946e+01
3724	-7.180190e+01
3725	-7.230167e+01
3726	-7.356963e+01
3727	-7.502513e+01
3728	-7.285618e+01
3729	-7.424465e+01
3730	-7.558775e+01
3731	-7.355651e+01
3732	-7.484386e+01
3733	-7.437192e+01
3734	-7.572919e+01
3735	-7.365414e+01
3736	-7.623922e+01
3737	-7.344493e+01
3738	-7.403733e+01
3739	-7.469892e+01
3740	-7.205238e+01
3741	-7.266407e+01
3742	-7.226519e+01
3743	-7.347914e+01
3744	-7.612160e+01
3745	-7.805926e+01
3746	-7.387000e+01
3747	-6.822713e+01
3748	-7.131487e+01
3749	-7.122689e+01
3750	-7.347192e+01
3751	-7.547568e+01
3752	-7.490053e+01
3753	-7.519421e+01
3754	-7.217945e+01
3755	-7.442732e+01
3756	-7.075890e+01
3757	-6.988060e+01
3758	-7.447982e+01
3759	-7.404610e+01
3760	-7.289607e+01
3761	-7.229311e+01
3762	-7.195341e+01
3763	-7.059551e+01
3764	-7.258279e+01
3765	-7.293097e+01
3766	-7.670164e+01
3767	-7.247606e+01
3768	-7.066266e+01
3769	-7.451301e+01
3770	-7.112332e+01
3771	-7.286704e+01
3772	-7.299401e+01
3773	-7.379539e+01
3774	-7.687647e+01
3775	-7.504147e+01
3776	-7.224424e+01
3777	-7.647210e+01
3778	-7.553769e+01
3779	-7.140111e+01
3780	-7.539192e+01
3781	-7.514483e+01
3782	-7.452072e+01
3783	-7.342143e+01
3784	-7.566770e+01
3785	-7.390712e+01
3786	-7.388463e+01
3787	-7.193077e+01
3788	-7.313870e+01
3789	-7.561575e+01
3790	-7.659931e+01
3791	-7.292847e+01
3792	-7.696683e+01
3793	-7.311345e+01
3794	-7.525822e+01
3795	-7.480580e+01
3796	-7.126434e+01
3797	-7.202546e+01
3798	-7.617438e+01
3799	-7.266110e+01
3800	-7.539372e+01
3801	-7.317875e+01
3802	-7.071315e+01
3803	-7.383958e+01
3804	-7.053393e+01
3805	-7.523311e+01
3806	-7.330500e+01
3807	-7.509660e+01
3808	-6.816331e+01
3809	-7.444551e+01
3810	-7.148307e+01
3811	-7.121748e+01
3812	-7.331016e+01
3813	-7.189981e+01
3814	-7.485770e+01
3815	-6.953843e+01
3816	-7.093978e+01
3817	-7.467412e+01
3818	-7.963353e+01
3819	-7.451995e+01
3820	-7.171802e+01
3821	-7.179746e+01
3822	-7.168405e+01
3823	-7.168280e+01
3824	-7.515723e+01
3825	-7.363680e+01
3826	-7.172892e+01
3827	-7.392541e+01
3828	-7.447682e+01
3829	-7.202518e+01
3830	-7.301429e+01
3831	-7.266170e+01
3832	-7.243410e+01
3833	-7.209251e+01
3834	-7.461877e+01
3835	-7.146029e+01
3836	-7.240624e+01
3837	-7.461439e+01
3838	-7.139537e+01
3839	-7.227406e+01
3840	-7.377364e+01
3841	-7.527585e+01
3842	-7.642269e+01
3843	-7.504063e+01
3844	-7.265518e+01
3845	-7.349838e+01
3846	-7.213731e+01
3847	-7.435912e+01
3848	-7.310873e+01
3849	-7.185473e+01
3850	-7.264901e+01
3851	-7.602792e+01
3852	-7.271835e+01
3853	-7.414711e+01
3854	-7.020708e+01
3855	-7.043829e+01
3856	-7.357967e+01
3857	-7.509046e+01
3858	-7.583193e+01
3859	-7.145031e+01
3860	-7.286287e+01
3861	-7.132003e+01
3862	-7.316023e+01
3863	-7.182192e+01
3864	-7.168322e+01
3865	-7.153585e+01
3866	-7.201623e+01
3867	-7.282731e+01
3868	-7.154579e+01
3869	-7.313417e+01
3870	-7.485513e+01
3871	-7.731647e+01
3872	-7.480182e+01
3873	-7.577376e+01
3874	-7.406478e+01
3875	-7.178497e+01
3876	-7.331420e+01
3877	-7.236067e+01
3878	-7.467895e+01
3879	-7.415895e+01
3880	-7.572157e+01
3881	-7.044051e+01
3882	-7.386545e+01
3883	-7.252817e+01
3884	-7.264182e+01
3885	-7.313468e+01
3886	-7.383419e+01
3887	-7.611786e+01
3888	-7.456740e+01
3889	-7.509346e+01
3890	-7.581735e+01
3891	-7.304785e+01
3892	-7.620085e+01
3893	-7.378258e+01
3894	-7.446472e+01
3895	-7.402251e+01
3896	-7.225836e+01
3897	-6.932896e+01
3898	-7.355718e+01
3899	-7.668411e+01
3900	-7.339887e+01
3901	-6.956985e+01
3902	-7.242178e+01
3903	-7.250442e+01
3904	-7.525543e+01
3905	-7.210950e+01
3906	-7.196429e+01
3907	-7.413279e+01
3908	-7.617010e+01
3909	-7.201714e+01
3910	-7.371313e+01
3911	-7.301186e+01
3912	-7.091738e+01
3913	-6.987468e+01
3914	-7.811461e+01
3915	-7.396432e+01
3916	-7.483571e+01
3917	-7.495215e+01
3918	-7.654867e+01
3919	-7.263076e+01
3920	-7.176184e+01
3921	-7.222302e+01
3922	-7.328937e+01
3923	-7.335161e+01
3924	-7.473469e+01
3925	-6.969366e+01
3926	-7.269022e+01
3927	-7.099743e+01
3928	-7.294650e+01
3929	-7.662163e+01
3930	-7.307995e+01
3931	-7.396339e+01
3932	-7.274039e+01
3933	-7.654109e+01
3934	-7.308622e+01
3935	-7.286837e+01
3936	-7.628094e+01
3937	-7.471124e+01
3938	-6.693133e+01
3939	-7.222827e+01
3940	-7.516962e+01
3941	-6.905034e+01
3942	-7.271170e+01
3943	-6.939375e+01
3944	-7.437736e+01
3945	-7.190966e+01
3946	-7.474235e+01
3947	-7.219301e+01
3948	-7.584728e+01
3949	-7.022097e+01
3950	-7.152234e+01
3951	-7.258568e+01
3952	-7.029358e+01
3953	-7.181216e+01
3954	-7.191504e+01
3955	-7.272588e+01
3956	-7.082736e+01
3957	-7.558673e+01
3958	-7.418170e+01
3959	-7.325846e+01
3960	-7.572528e+01
3961	-6.948974e+01
3962	-7.262643e+01
3963	-7.146462e+01
3964	-7.610520e+01
3965	-7.369214e+01
3966	-7.346765e+01
3967	-7.247852e+01
3968	-7.225529e+01
3969	-7.195790e+01
3970	-7.461250e+01
3971	-7.551498e+01
3972	-7.469028e+01
3973	-7.225624e+01
3974	-7.481100e+01
3975	-6.945354e+01
3976	-7.238813e+01
3977	-7.343913e+01
3978	-7.055415e+01
3979	-7.379436e+01
3980	-7.107910e+01
3981	-7.299423e+01
3982	-7.207894e+01
3983	-7.199484e+01
3984	-7.625167e+01
3985	-7.243577e+01
3986	-7.641720e+01
3987	-6.964618e+01
3988	-7.712310e+01
3989	-7.684670e+01
3990	-7.658069e+01
3991	-7.220980e+01
3992	-7.172414e+01
3993	-7.540897e+01
3994	-7.153798e+01
3995	-7.340324e+01
3996	-7.491414e+01
3997	-7.151215e+01
3998	-7.357807e+01
3999	-7.465710e+01
4000	-7.272141e+01
4001	-7.559889e+01
4002	-7.469363e+01
4003	-7.292743e+01
4004	-7.054680e+01
4005	-7.546546e+01
4006	-7.310154e+01
4007	-6.870462e+01
4008	-7.202898e+01
4009	-7.229712e+01
4010	-7.051514e+01
4011	-7.119003e+01
4012	-7.532268e+01
4013	-7.028436e+01
4014	-7.380858e+01
4015	-7.024551e+01
4016	-7.084911e+01
4017	-6.942490e+01
4018	-7.316329e+01
4019	-7.138664e+01
4020	-7.265823e+01
4021	-7.089978e+01
4022	-7.098417e+01
4023	-7.471275e+01
4024	-7.267327e+01
4025	-7.105252e+01
4026	-7.144142e+01
4027	-7.721864e+01
4028	-7.519825e+01
4029	-7.251632e+01
4030	-7.671931e+01
4031	-7.088219e+01
4032	-7.894855e+01
4033	-7.471805e+01
4034	-7.111135e+01
4035	-7.351151e+01
4036	-7.861202e+01
4037	-7.539050e+01
4038	-7.523763e+01
4039	-7.587266e+01
4040	-6.810672e+01
4041	-7.566785e+01
4042	-7.491637e+01
4043	-7.356467e+01
4044	-7.562416e+01
4045	-7.191046e+01
4046	-7.107605e+01
4047	-7.472525e+01
4048	-7.127086e+01
4049	-7.277612e+01
4050	-7.594344e+01
4051	-7.381057e+01
4052	-7.321893e+01
4053	-6.767410e+01
4054	-7.516549e+01
4055	-7.482739e+01
4056	-7.079688e+01
4057	-7.773389e+01
4058	-7.622306e+01
4059	-7.452300e+01
4060	-7.232441e+01
4061	-7.483557e+01
4062	-7.589843e+01
4063	-7.618544e+01
4064	-7.229867e+01
4065	-7.244081e+01
4066	-7.305924e+01
4067	-7.096957e+01
4068	-7.107553e+01
4069	-7.449829e+01
4070	-7.555692e+01
4071	-7.286065e+01
4072	-7.432004e+01
4073	-7.381605e+01
4074	-7.288963e+01
4075	-7.224768e+01
4076	-7.150539e+01
4077	-7.531079e+01
4078	-7.695860e+01
4079	-7.695739e+01
4080	-7.562689e+01
4081	-7.239489e+01
4082	-7.496577e+01
4083	-7.470810e+01
4084	-7.319754e+01
4085	-7.423305e+01
4086	-7.462994e+01
4087	-7.304781e+01
4088	-7.327529e+01
4089	-7.189628e+01
4090	-7.039257e+01
4091	-7.530354e+01
4092	-6.925934e+01
4093	-7.356418e+01
4094	-7.222656e+01
4095	-7.282263e+01
4096	-7.256249e+01
4097	-7.465121e+01
4098	-7.400207e+01
4099	-7.349019e+01
4100	-7.329484e+01
4101	-7.258435e+01
4102	-7.262502e+01
4103	-7.609160e+01
4104	-7.220029e+01
4105	-7.028034e+01
4106	-7.275297e+01
4107	-7.702156e+01
4108	-7.456991e+01
4109	-7.455586e+01
4110	-7.329448e+01
4111	-6.922290e+01
4112	-7.065803e+01
4113	-7.150852e+01
4114	-6.786855e+01
4115	-7.286960e+01
4116	-7.398931e+01
4117	-7.420626e+01
4118	-6.918192e+01
4119	-7.209820e+01
4120	-7.265092e+01
4121	-7.522573e+01
4122	-6.965725e+01
4123	-7.132339e+01
4124	-6.852800e+01
4125	-7.433542e+01
4126	-7.274307e+01
4127	-7.271274e+01
4128	-7.303194e+01
4129	-7.195752e+01
4130	-6.946782e+01
4131	-7.307870e+01
4132	-7.241259e+01
4133	-7.486899e+01
4134	-7.587048e+01
4135	-7.541691e+01
4136	-7.806925e+01
4137	-7.095928e+01
4138	-7.393220e+01
4139	-7.178494e+01
4140	-7.232049e+01
4141	-7.419584e+01
4142	-7.670749e+01
4143	-7.224043e+01
4144	-7.323654e+01
4145	-7.359796e+01
4146	-7.256998e+01
4147	-7.418461e+01
4148	-7.455260e+01
4149	-7.487400e+01
4150	-7.502605e+01
4151	-7.198882e+01
4152	-7.056257e+01
4153	-7.580499e+01
4154	-7.485719e+01
4155	-7.552206e+01
4156	-6.982057e+01
4157	-7.157484e+01
4158	-7.290888e+01
4159	-7.283740e+01
4160	-7.391275e+01
4161	-7.289853e+01
4162	-7.169059e+01
4163	-7.495426e+01
4164	-7.185624e+01
4165	-7.406032e+01
4166	-7.337508e+01
4167	-7.467789e+01
4168	-7.524268e+01
4169	-7.416797e+01
4170	-7.453481e+01
4171	-7.218328e+01
4172	-7.354522e+01
4173	-7.250778e+01
4174	-7.330097e+01
4175	-7.081811e+01
4176	-7.382536e+01
4177	-7.367908e+01
4178	-7.336533e+01
4179	-7.542938e+01
4180	-7.193999e+01
4181	-7.035045e+01
4182	-7.567570e+01
4183	-7.211448e+01
4184	-7.280464e+01
4185	-7.047221e+01
4186	-7.535020e+01
4187	-7.695002e+01
4188	-7.072202e+01
4189	-7.169449e+01
4190	-7.325330e+01
4191	-7.199846e+01
4192	-7.148727e+01
4193	-7.039571e+01
4194	-7.373877e+01
4195	-6.705821e+01
4196	-7.742286e+01
4197	-7.254888e+01
4198	-7.488597e+01
4199	-7.057861e+01
4200	-7.460537e+01
4201	-7.041481e+01
4202	-7.320036e+01
4203	-7.248168e+01
4204	-7.307909e+01
4205	-7.586612e+01
4206	-6.888707e+01
4207	-7.554074e+01
4208	-7.330420e+01
4209	-7.513100e+01
4210	-7.390698e+01
4211	-7.111509e+01
4212	-6.967206e+01
4213	-7.290744e+01
4214	-6.995642e+01
4215	-7.465700e+01
4216	-7.167176e+01
4217	-7.551329e+01
4218	-7.471348e+01
4219	-7.093970e+01
4220	-7.139747e+01
4221	-7.025768e+01
4222	-7.317135e+01
4223	-7.331212e+01
4224	-7.236149e+01
4225	-7.518536e+01
4226	-7.485980e+01
4227	-7.341373e+01
4228	-7.316154e+01
4229	-7.448050e+01
4230	-6.994281e+01
4231	-7.102897e+01
4232	-7.306994e+01
4233	-7.372398e+01
4234	-7.876904e+01
4235	-7.380570e+01
4236	-7.207316e+01
4237	-7.817615e+01
4238	-7.162842e+01
4239	-7.120659e+01
4240	-7.615393e+01
4241	-7.630501e+01
4242	-7.220577e+01
4243	-7.367531e+01
4244	-7.544841e+01
4245	-7.401894e+01
4246	-7.294065e+01
4247	-8.000806e+01
4248	-7.312161e+01
4249	-7.225170e+01
4250	-6.715989e+01
4251	-7.492505e+01
4252	-7.619668e+01
4253	-7.273170e+01
4254	-7.315121e+01
4255	-7.082552e+01
4256	-7.307447e+01
4257	-7.423574e+01
4258	-7.479926e+01
4259	-7.288271e+01
4260	-7.425696e+01
4261	-7.331078e+01
4262	-7.631104e+01
4263	-7.602842e+01
4264	-7.264591e+01
4265	-7.586733e+01
4266	-7.388567e+01
4267	-7.241380e+01
4268	-7.633715e+01
4269	-7.392178e+01
4270	-6.937973e+01
4271	-7.625110e+01
4272	-7.422918e+01
4273	-7.515086e+01
4274	-7.428854e+01
4275	-7.709890e+01
4276	-6.968198e+01
4277	-7.071693e+01
4278	-7.464015e+01
4279	-7.188407e+01
4280	-7.235105e+01
4281	-7.216612e+01
4282	-6.872398e+01
4283	-6.957245e+01
4284	-7.300775e+01
4285	-7.752580e+01
4286	-7.312331e+01
4287	-7.621578e+01
4288	-7.173705e+01
4289	-7.479573e+01
4290	-7.562654e+01
4291	-7.415383e+01
4292	-7.548830e+01
4293	-7.563302e+01
4294	-7.213097e+01
4295	-7.416968e+01
4296	-7.076290e+01
4297	-7.222301e+01
4298	-7.352353e+01
4299	-7.181431e+01
4300	-7.380182e+01
4301	-7.169546e+01
4302	-7.580845e+01
4303	-7.356862e+01
4304	-7.635775e+01
4305	-7.173330e+01
4306	-7.243682e+01
4307	-7.299257e+01
4308	-7.041785e+01
4309	-7.250183e+01
4310	-7.180904e+01
4311	-7.536221e+01
4312	-7.600888e+01
4313	-7.334028e+01
4314	-7.096298e+01
4315	-7.344053e+01
4316	-7.177739e+01
4317	-7.422461e+01
4318	-7.376769e+01
4319	-7.109198e+01
4320	-7.392363e+01
4321	-7.013334e+01
4322	-7.021084e+01
4323	-7.388806e+01
4324	-7.455084e+01
4325	-7.365647e+01
4326	-7.422531e+01
4327	-7.286737e+01
4328	-7.212020e+01
4329	-7.570073e+01
4330	-7.320143e+01
4331	-7.273368e+01
4332	-7.569930e+01
4333	-7.614703e+01
4334	-7.143019e+01
4335	-6.968701e+01
4336	-7.317076e+01
4337	-7.794675e+01
4338	-7.198308e+01
4339	-7.685975e+01
4340	-7.278451e+01
4341	-7.363937e+01
4342	-7.039788e+01
4343	-7.672472e+01
4344	-7.425489e+01
4345	-7.689721e+01
4346	-7.597710e+01
4347	-7.563000e+01
4348	-7.360706e+01
4349	-7.130112e+01
4350	-7.233900e+01
4351	-7.384495e+01
4352	-6.974173e+01
4353	-7.547177e+01
4354	-7.322836e+01
4355	-7.293936e+01
4356	-7.174454e+01
4357	-7.495436e+01
4358	-7.320023e+01
4359	-7.141604e+01
4360	-7.500482e+01
4361	-7.163352e+01
4362	-7.270829e+01
4363	-7.500162e+01
4364	-7.597244e+01
4365	-7.311233e+01
4366	-7.269747e+01
4367	-7.899916e+01
4368	-7.393768e+01
4369	-7.342576e+01
4370	-6.911763e+01
4371	-7.604921e+01
4372	-7.626906e+01
4373	-7.504513e+01
4374	-7.631264e+01
4375	-7.521044e+01
4376	-7.409354e+01
4377	-7.436235e+01
4378	-7.035612e+01
4379	-7.439812e+01
4380	-7.465813e+01
4381	-7.598294e+01
4382	-7.222259e+01
4383	-7.095224e+01
4384	-7.565002e+01
4385	-7.346057e+01
4386	-7.425594e+01
4387	-7.497582e+01
4388	-7.538022e+01
4389	-7.485345e+01
4390	-7.072947e+01
4391	-7.232024e+01
4392	-7.040529e+01
4393	-7.349058e+01
4394	-7.090306e+01
4395	-7.588932e+01
4396	-7.327781e+01
4397	-7.230300e+01
4398	-7.355026e+01
4399	-6.947953e+01
4400	-7.321647e+01
4401	-7.498375e+01
4402	-7.373711e+01
4403	-6.985568e+01
4404	-7.383562e+01
4405	-7.559422e+01
4406	-7.370789e+01
4407	-7.346072e+01
4408	-7.780090e+01
4409	-7.400715e+01
4410	-7.587808e+01
4411	-7.563772e+01
4412	-7.011956e+01
4413	-7.496006e+01
4414	-7.221078e+01
4415	-7.596579e+01
4416	-7.394523e+01
4417	-7.143862e+01
4418	-7.615258e+01
4419	-7.553515e+01
4420	-7.334461e+01
4421	-7.411016e+01
4422	-6.890199e+01
4423	-7.420401e+01
4424	-7.145897e+01
4425	-7.311319e+01
4426	-7.194681e+01
4427	-7.708599e+01
4428	-7.388849e+01
4429	-7.077292e+01
4430	-7.272886e+01
4431	-7.430436e+01
4432	-7.079985e+01
4433	-7.293306e+01
4434	-7.047407e+01
4435	-7.277718e+01
4436	-6.805728e+01
4437	-7.689015e+01
4438	-7.361198e+01
4439	-7.245435e+01
4440	-7.457485e+01
4441	-7.529017e+01
4442	-7.467097e+01
4443	-7.396780e+01
4444	-7.505914e+01
4445	-7.404487e+01
4446	-7.258226e+01
4447	-7.446647e+01
4448	-7.744415e+01
4449	-7.164066e+01
4450	-7.049365e+01
4451	-7.182355e+01
4452	-7.161956e+01
4453	-7.016521e+01
4454	-7.290818e+01
4455	-7.317818e+01
4456	-7.367784e+01
4457	-7.163129e+01
4458	-7.154025e+01
4459	-7.173392e+01
4460	-7.488143e+01
4461	-7.262912e+01
4462	-7.519018e+01
4463	-7.459414e+01
4464	-7.666724e+01
4465	-7.319121e+01
4466	-7.002839e+01
4467	-7.470515e+01
4468	-7.327622e+01
4469	-7.390485e+01
4470	-7.252403e+01
4471	-7.363694e+01
4472	-7.534873e+01
4473	-7.379423e+01
4474	-7.252619e+01
4475	-7.233742e+01
4476	-7.058565e+01
4477	-7.112889e+01
4478	-7.674132e+01
4479	-7.652913e+01
4480	-7.284579e+01
4481	-7.615055e+01
4482	-7.417815e+01
4483	-7.333073e+01
4484	-7.115025e+01
4485	-7.404961e+01
4486	-7.025835e+01
4487	-7.291021e+01
4488	-7.761553e+01
4489	-7.425032e+01
4490	-7.167012e+01
4491	-7.358172e+01
4492	-7.007990e+01
4493	-7.339800e+01
4494	-7.263145e+01
4495	-7.527638e+01
4496	-6.990971e+01
4497	-7.375320e+01
4498	-7.066097e+01
4499	-7.286224e+01
4500	-7.208949e+01
4501	-7.470751e+01
4502	-7.172954e+01
4503	-7.317879e+01
4504	-7.431813e+01
4505	-7.223271e+01
4506	-7.606814e+01
4507	-7.165889e+01
4508	-7.227015e+01
4509	-7.433306e+01
4510	-7.414862e+01
4511	-6.779480e+01
4512	-7.396396e+01
4513	-7.397617e+01
4514	-7.505219e+01
4515	-7.604533e+01
4516	-7.312762e+01
4517	-7.300984e+01
4518	-7.248788e+01
4519	-7.211256e+01
4520	-7.197750e+01
4521	-6.967730e+01
4522	-7.319075e+01
4523	-7.131999e+01
4524	-7.298695e+01
4525	-7.172058e+01
4526	-7.368237e+01
4527	-7.157629e+01
4528	-7.256907e+01
4529	-7.287985e+01
4530	-7.394099e+01
4531	-7.564370e+01
4532	-7.142039e+01
4533	-7.341019e+01
4534	-7.242068e+01
4535	-7.708293e+01
4536	-7.464841e+01
4537	-7.151141e+01
4538	-7.689735e+01
4539	-7.171866e+01
4540	-7.650997e+01
4541	-7.511609e+01
4542	-7.544288e+01
4543	-7.462473e+01
4544	-7.574071e+01
4545	-7.080618e+01
4546	-7.467723e+01
4547	-7.711658e+01
4548	-7.007444e+01
4549	-7.351632e+01
4550	-7.021819e+01
4551	-7.180998e+01
4552	-7.594115e+01
4553	-6.994982e+01
4554	-7.177482e+01
4555	-7.178623e+01
4556	-7.455304e+01
4557	-7.697771e+01
4558	-7.463967e+01
4559	-7.255309e+01
4560	-7.679481e+01
4561	-7.435515e+01
4562	-7.345884e+01
4563	-7.474649e+01
4564	-7.060924e+01
4565	-7.200968e+01
4566	-7.297907e+01
4567	-7.081943e+01
4568	-7.387881e+01
4569	-7.207618e+01
4570	-7.172824e+01
4571	-7.292652e+01
4572	-7.330300e+01
4573	-7.531745e+01
4574	-7.463902e+01
4575	-7.346888e+01
4576	-7.594676e+01
4577	-7.605809e+01
4578	-7.467995e+01
4579	-7.140883e+01
4580	-7.392360e+01
4581	-7.068168e+01
4582	-7.277953e+01
4583	-7.609113e+01
4584	-7.292175e+01
4585	-7.546939e+01
4586	-7.255118e+01
4587	-7.066025e+01
4588	-7.312044e+01
4589	-7.598072e+01
4590	-7.415890e+01
4591	-7.059752e+01
4592	-7.827055e+01
4593	-7.331867e+01
4594	-7.225935e+01
4595	-7.605518e+01
4596	-7.137413e+01
4597	-7.415785e+01
4598	-7.156090e+01
4599	-7.157844e+01
4600	-7.225206e+01
4601	-7.392550e+01
4602	-7.602434e+01
4603	-7.135400e+01
4604	-7.392862e+01
4605	-7.225311e+01
4606	-7.474562e+01
4607	-7.121503e+01
4608	-7.106104e+01
4609	-7.080678e+01
4610	-7.405808e+01
4611	-7.122424e+01
4612	-7.417192e+01
4613	-7.582384e+01
4614	-7.437083e+01
4615	-7.189243e+01
4616	-7.453260e+01
4617	-7.404291e+01
4618	-7.457682e+01
4619	-7.352356e+01
4620	-7.091356e+01
4621	-7.471147e+01
4622	-7.701959e+01
4623	-7.458219e+01
4624	-7.698128e+01
4625	-7.213956e+01
4626	-7.231231e+01
4627	-7.159984e+01
4628	-7.239674e+01
4629	-7.177056e+01
4630	-7.618696e+01
4631	-7.034617e+01
4632	-7.678809e+01
4633	-7.101889e+01
4634	-7.225198e+01
4635	-7.381447e+01
4636	-7.437520e+01
4637	-6.969151e+01
4638	-7.341511e+01
4639	-7.131942e+01
4640	-7.303414e+01
4641	-7.334425e+01
4642	-7.048195e+01
4643	-7.279250e+01
4644	-7.203744e+01
4645	-7.485732e+01
4646	-7.377197e+01
4647	-6.926798e+01
4648	-7.189372e+01
4649	-7.455273e+01
4650	-7.160658e+01
4651	-6.839999e+01
4652	-7.301061e+01
4653	-7.547395e+01
4654	-7.463310e+01
4655	-7.150173e+01
4656	-7.215744e+01
4657	-7.318910e+01
4658	-6.954868e+01
4659	-7.079632e+01
4660	-7.288292e+01
4661	-7.347037e+01
4662	-7.533865e+01
4663	-7.361823e+01
4664	-7.271335e+01
4665	-7.214531e+01
4666	-7.331697e+01
4667	-7.962972e+01
4668	-7.135880e+01
4669	-7.601346e+01
4670	-7.061228e+01
4671	-7.286569e+01
4672	-7.459009e+01
4673	-7.345926e+01
4674	-7.360090e+01
4675	-7.478718e+01
4676	-7.270208e+01
4677	-7.223599e+01
4678	-7.450729e+01
4679	-6.772062e+01
4680	-7.459663e+01
4681	-7.350204e+01
4682	-7.150426e+01
4683	-7.440207e+01
4684	-7.584607e+01
4685	-7.343179e+01
4686	-7.533372e+01
4687	-7.268704e+01
4688	-7.196924e+01
4689	-7.458438e+01
4690	-7.341542e+01
4691	-7.274071e+01
4692	-7.394129e+01
4693	-7.400950e+01
4694	-7.645830e+01
4695	-7.334487e+01
4696	-7.154519e+01
4697	-7.002472e+01
4698	-7.732088e+01
4699	-7.116937e+01
4700	-7.416378e+01
4701	-7.471776e+01
4702	-7.377514e+01
4703	-7.503185e+01
4704	-7.549279e+01
4705	-7.572381e+01
4706	-7.643180e+01
4707	-7.226079e+01
4708	-7.406896e+01
4709	-7.455528e+01
4710	-7.204189e+01
4711	-7.258652e+01
4712	-7.249526e+01
4713	-7.291745e+01
4714	-7.146275e+01
4715	-7.678151e+01
4716	-7.023119e+01
4717	-7.129824e+01
4718	-7.221579e+01
4719	-7.537135e+01
4720	-7.095679e+01
4721	-7.232685e+01
4722	-7.300872e+01
4723	-7.405909e+01
4724	-7.093230e+01
4725	-7.557959e+01
4726	-7.444947e+01
4727	-7.466984e+01
4728	-7.185685e+01
4729	-7.453964e+01
4730	-7.571524e+01
4731	-7.111914e+01
4732	-7.337237e+01
4733	-7.187690e+01
4734	-7.327019e+01
4735	-7.576603e+01
4736	-7.530265e+01
4737	-7.016153e+01
4738	-7.249531e+01
4739	-7.198460e+01
4740	-7.264697e+01
4741	-7.364751e+01
4742	-7.471181e+01
4743	-7.624856e+01
4744	-7.417917e+01
4745	-7.076175e+01
4746	-7.236726e+01
4747	-7.372233e+01
4748	-6.846917e+01
4749	-7.408258e+01
4750	-7.412264e+01
4751	-7.044592e+01
4752	-7.424501e+01
4753	-7.306769e+01
4754	-7.535805e+01
4755	-7.407943e+01
4756	-7.236575e+01
4757	-7.058947e+01
4758	-7.300289e+01
4759	-7.503974e+01
4760	-7.562836e+01
4761	-7.366406e+01
4762	-7.218215e+01
4763	-7.087613e+01
4764	-7.667427e+01
4765	-7.281482e+01
4766	-7.032305e+01
4767	-6.772394e+01
4768	-7.454921e+01
4769	-7.201984e+01
4770	-7.499914e+01
4771	-7.302946e+01
4772	-7.301365e+01
4773	-7.332240e+01
4774	-7.226764e+01
4775	-7.233959e+01
4776	-7.004258e+01
4777	-7.539057e+01
4778	-7.188806e+01
4779	-7.181529e+01
4780	-7.030035e+01
4781	-7.393631e+01
4782	-7.318315e+01
4783	-7.143097e+01
4784	-7.251704e+01
4785	-7.334739e+01
4786	-7.577160e+01
4787	-7.223326e+01
4788	-7.391618e+01
4789	-7.324556e+01
4790	-7.619438e+01
4791	-6.980275e+01
4792	-7.282098e+01
4793	-7.506408e+01
4794	-7.560643e+01
4795	-7.145898e+01
4796	-7.819037e+01
4797	-7.132509e+01
4798	-7.249197e+01
4799	-7.081345e+01
4800	-7.323673e+01
4801	-7.368129e+01
4802	-7.387000e+01
4803	-7.010650e+01
4804	-7.435757e+01
4805	-7.262201e+01
4806	-7.410675e+01
4807	-7.339108e+01
4808	-7.337376e+01
4809	-7.173283e+01
4810	-7.470905e+01
4811	-7.340466e+01
4812	-7.363987e+01
4813	-7.502940e+01
4814	-7.382061e+01
4815	-7.427897e+01
4816	-7.399219e+01
4817	-7.197351e+01
4818	-7.550028e+01
4819	-7.446919e+01
4820	-7.346233e+01
4821	-7.107786e+01
4822	-7.121233e+01
4823	-7.430007e+01
4824	-7.605338e+01
4825	-7.574296e+01
4826	-7.007052e+01
4827	-7.532544e+01
4828	-7.498659e+01
4829	-7.442434e+01
4830	-7.274671e+01
4831	-7.526002e+01
4832	-7.205381e+01
4833	-7.007998e+01
4834	-7.011445e+01
4835	-7.501934e+01
4836	-7.066939e+01
4837	-7.182364e+01
4838	-7.357296e+01
4839	-7.171153e+01
4840	-7.262338e+01
4841	-7.003246e+01
4842	-7.407807e+01
4843	-7.624394e+01
4844	-7.567882e+01
4845	-7.076320e+01
4846	-7.371857e+01
4847	-7.099623e+01
4848	-7.247924e+01
4849	-7.091475e+01
4850	-7.489958e+01
4851	-6.961012e+01
4852	-6.904386e+01
4853	-7.937384e+01
4854	-7.277421e+01
4855	-7.389301e+01
4856	-7.249666e+01
4857	-7.411720e+01
4858	-7.367313e+01
4859	-7.450542e+01
4860	-7.221343e+01
4861	-7.263510e+01
4862	-7.329386e+01
4863	-7.161129e+01
4864	-6.877491e+01
4865	-7.520950e+01
4866	-7.636850e+01
4867	-7.508773e+01
4868	-7.149935e+01
4869	-7.328135e+01
4870	-7.632503e+01
4871	-7.374778e+01
4872	-7.278308e+01
4873	-7.552605e+01
4874	-7.541356e+01
4875	-7.302480e+01
4876	-7.126988e+01
4877	-7.244633e+01
4878	-7.321616e+01
4879	-7.156923e+01
4880	-7.511986e+01
4881	-7.126936e+01
4882	-7.417687e+01
4883	-7.317087e+01
4884	-7.196135e+01
4885	-7.132212e+01
4886	-7.277259e+01
4887	-6.933956e+01
4888	-7.272246e+01
4889	-7.650249e+01
4890	-7.385477e+01
4891	-7.115516e+01
4892	-7.267124e+01
4893	-7.376265e+01
4894	-7.287957e+01
4895	-7.388821e+01
4896	-7.465590e+01
4897	-7.617586e+01
4898	-6.991234e+01
4899	-7.217514e+01
4900	-7.527559e+01
4901	-7.466474e+01
4902	-7.246802e+01
4903	-7.499000e+01
4904	-8.044730e+01
4905	-7.358619e+01
4906	-7.186269e+01
4907	-7.329114e+01
4908	-7.085796e+01
4909	-7.141738e+01
4910	-7.333207e+01
4911	-7.054214e+01
4912	-7.329792e+01
4913	-7.617473e+01
4914	-7.267974e+01
4915	-7.756455e+01
4916	-7.391514e+01
4917	-7.353158e+01
4918	-7.293015e+01
4919	-7.580550e+01
4920	-7.497090e+01
4921	-7.242638e+01
4922	-7.197170e+01
4923	-7.257120e+01
4924	-7.362481e+01
4925	-7.505390e+01
4926	-7.344052e+01
4927	-7.364498e+01
4928	-7.262366e+01
4929	-7.641117e+01
4930	-7.171323e+01
4931	-7.442277e+01
4932	-7.420952e+01
4933	-7.327493e+01
4934	-7.404733e+01
4935	-7.498795e+01
4936	-7.049169e+01
4937	-7.295200e+01
4938	-7.209818e+01
4939	-7.465574e+01
4940	-7.499126e+01
4941	-7.506729e+01
4942	-7.304988e+01
4943	-7.390327e+01
4944	-7.127486e+01
4945	-7.461409e+01
4946	-7.466630e+01
4947	-7.241271e+01
4948	-7.060671e+01
4949	-7.346735e+01
4950	-7.531026e+01
4951	-7.241043e+01
4952	-7.341208e+01
4953	-7.086324e+01
4954	-7.325558e+01
4955	-6.978104e+01
4956	-7.216653e+01
4957	-7.279881e+01
4958	-7.129040e+01
4959	-7.322532e+01
4960	-7.467197e+01
4961	-7.614561e+01
4962	-7.078497e+01
4963	-7.606194e+01
4964	-7.466703e+01
4965	-7.155060e+01
4966	-7.601144e+01
4967	-7.269792e+01
4968	-7.148341e+01
4969	-7.099582e+01
4970	-7.253698e+01
4971	-7.394787e+01
4972	-7.311122e+01
4973	-7.107673e+01
4974	-7.341445e+01
4975	-7.136997e+01
4976	-7.714528e+01
4977	-7.323091e+01
4978	-7.447215e+01
4979	-7.380021e+01
4980	-7.393378e+01
4981	-7.469164e+01
4982	-7.099468e+01
4983	-6.976081e+01
4984	-7.406711e+01
4985	-7.130212e+01
4986	-7.207323e+01
4987	-7.138579e+01
4988	-7.170371e+01
4989	-7.031015e+01
4990	-7.448049e+01
4991	-7.123547e+01
4992	-7.397176e+01
4993	-7.634777e+01
4994	-7.472699e+01
4995	-7.397956e+01
4996	-7.352299e+01
4997	-7.347261e+01
4998	-6.918615e+01
4999	-7.499124e+01
5000	-7.223253e+01
5001	-6.818453e+01
5002	-7.658400e+01
5003	-7.100810e+01
5004	-7.591255e+01
5005	-7.719327e+01
5006	-7.552621e+01
5007	-7.145446e+01
5008	-7.220669e+01
5009	-7.700583e+01
5010	-7.152199e+01
5011	-7.163527e+01
5012	-7.319714e+01
5013	-7.499524e+01
5014	-7.363342e+01
5015	-6.919344e+01
5016	-7.327371e+01
5017	-7.528791e+01
5018	-7.484267e+01
5019	-7.369348e+01
5020	-7.366210e+01
5021	-7.469813e+01
5022	-7.291457e+01
5023	-7.278410e+01
5024	-7.396364e+01
5025	-7.480883e+01
5026	-7.445023e+01
5027	-7.799571e+01
5028	-7.283210e+01
5029	-7.206441e+01
5030	-7.108784e+01
5031	-7.304588e+01
5032	-7.201354e+01
5033	-7.306954e+01
5034	-7.578402e+01
5035	-6.863235e+01
5036	-7.053597e+01
5037	-7.168309e+01
5038	-7.191961e+01
5039	-7.244644e+01
5040	-7.264001e+01
5041	-7.448273e+01
5042	-7.475483e+01
5043	-7.669031e+01
5044	-7.293897e+01
5045	-7.457159e+01
5046	-7.877408e+01
5047	-7.237700e+01
5048	-7.322560e+01
5049	-7.320695e+01
5050	-7.620433e+01
5051	-6.988884e+01
5052	-7.102527e+01
5053	-7.233030e+01
5054	-7.265309e+01
5055	-7.341625e+01
5056	-7.317047e+01
5057	-7.588408e+01
5058	-7.325727e+01
5059	-7.783761e+01
5060	-7.363400e+01
5061	-7.189315e+01
5062	-7.341561e+01
5063	-7.339593e+01
5064	-7.506919e+01
5065	-7.631050e+01
5066	-7.455904e+01
5067	-7.479796e+01
5068	-7.191886e+01
5069	-7.531943e+01
5070	-7.149498e+01
5071	-7.153656e+01
5072	-7.584590e+01
5073	-7.340617e+01
5074	-7.217912e+01
5075	-7.499269e+01
5076	-7.329022e+01
5077	-7.556115e+01
5078	-7.511954e+01
5079	-7.358176e+01
5080	-7.451146e+01
5081	-7.426938e+01
5082	-7.263752e+01
5083	-7.247823e+01
5084	-7.363389e+01
5085	-7.063397e+01
5086	-7.758721e+01
5087	-7.258382e+01
5088	-6.979169e+01
5089	-7.354840e+01
5090	-7.502213e+01
5091	-7.284731e+01
5092	-7.479979e+01
5093	-7.313907e+01
5094	-7.016384e+01
5095	-7.236068e+01
5096	-7.251699e+01
5097	-7.164604e+01
5098	-7.589549e+01
5099	-7.237726e+01
5100	-7.492631e+01
5101	-6.968444e+01
5102	-7.621126e+01
5103	-7.361979e+01
5104	-6.930077e+01
5105	-7.205609e+01
5106	-7.263370e+01
5107	-7.213647e+01
5108	-7.345317e+01
5109	-7.394305e+01
5110	-7.513519e+01
5111	-7.395387e+01
5112	-7.514310e+01
5113	-7.027436e+01
5114	-7.458077e+01
5115	-7.234022e+01
5116	-7.072950e+01
5117	-7.579842e+01
5118	-7.380314e+01
5119	-7.310872e+01
5120	-7.230289e+01
5121	-7.468247e+01
5122	-7.387894e+01
5123	-7.251468e+01
5124	-7.115804e+01
5125	-7.503243e+01
5126	-7.418342e+01
5127	-7.539783e+01
5128	-7.436052e+01
5129	-7.315903e+01
5130	-7.280375e+01
5131	-7.164989e+01
5132	-7.466466e+01
5133	-7.193208e+01
5134	-7.254949e+01
5135	-7.119975e+01
5136	-7.481735e+01
5137	-7.051386e+01
5138	-7.788431e+01
5139	-7.649860e+01
5140	-7.275143e+01
5141	-7.537335e+01
5142	-7.624595e+01
5143	-7.527030e+01
5144	-7.595679e+01
5145	-7.368005e+01
5146	-7.107573e+01
5147	-7.370521e+01
5148	-7.272762e+01
5149	-7.141160e+01
5150	-7.449458e+01
5151	-7.010356e+01
5152	-7.281223e+01
5153	-7.073775e+01
5154	-7.654486e+01
5155	-7.393495e+01
5156	-7.205394e+01
5157	-7.430750e+01
5158	-7.350448e+01
5159	-7.655982e+01
5160	-7.228072e+01
5161	-7.073087e+01
5162	-6.968231e+01
5163	-7.729157e+01
5164	-7.391623e+01
5165	-7.082553e+01
5166	-7.374820e+01
5167	-7.560009e+01
5168	-7.198275e+01
5169	-7.201935e+01
5170	-7.142075e+01
5171	-7.192651e+01
5172	-7.438870e+01
5173	-7.191625e+01
5174	-7.456256e+01
5175	-7.221098e+01
5176	-7.394752e+01
5177	-7.255151e+01
5178	-7.472157e+01
5179	-7.189375e+01
5180	-7.577513e+01
5181	-7.293611e+01
5182	-7.131926e+01
5183	-7.314605e+01
5184	-7.482057e+01
5185	-7.242991e+01
5186	-7.640984e+01
5187	-7.396968e+01
5188	-7.250695e+01
5189	-7.323486e+01
5190	-7.145338e+01
5191	-7.000558e+01
5192	-7.221968e+01
5193	-7.415094e+01
5194	-7.128358e+01
5195	-7.261650e+01
5196	-7.176381e+01
5197	-7.305791e+01
5198	-7.485044e+01
5199	-7.424002e+01
5200	-7.511261e+01
5201	-7.356863e+01
5202	-6.996171e+01
5203	-7.633363e+01
5204	-7.252304e+01
5205	-7.743481e+01
5206	-7.349822e+01
5207	-7.503355e+01
5208	-7.208692e+01
5209	-7.416097e+01
5210	-7.063702e+01
5211	-7.088554e+01
5212	-7.753985e+01
5213	-7.363426e+01
5214	-7.748500e+01
5215	-7.244432e+01
5216	-7.366826e+01
5217	-7.531255e+01
5218	-7.418871e+01
5219	-7.486554e+01
5220	-7.037930e+01
5221	-7.308646e+01
5222	-7.439269e+01
5223	-7.353752e+01
5224	-7.386436e+01
5225	-7.692411e+01
5226	-7.583567e+01
5227	-7.338218e+01
5228	-7.521127e+01
5229	-7.695395e+01
5230	-7.531276e+01
5231	-7.317190e+01
5232	-7.581551e+01
5233	-7.327262e+01
5234	-7.172631e+01
5235	-7.178570e+01
5236	-7.730122e+01
5237	-7.409420e+01
5238	-8.023457e+01
5239	-7.210679e+01
5240	-7.281002e+01
5241	-7.238673e+01
5242	-7.438892e+01
5243	-7.441483e+01
5244	-6.857779e+01
5245	-7.099213e+01
5246	-7.365773e+01
5247	-7.209292e+01
5248	-7.134549e+01
5249	-7.044100e+01
5250	-7.608140e+01
5251	-6.944426e+01
5252	-7.319027e+01
5253	-7.828668e+01
5254	-7.279410e+01
5255	-7.502806e+01
5256	-7.412098e+01
5257	-7.451543e+01
5258	-7.717540e+01
5259	-7.504713e+01
5260	-7.481040e+01
5261	-7.430431e+01
5262	-7.600005e+01
5263	-7.187825e+01
5264	-7.321734e+01
5265	-7.495643e+01
5266	-7.268554e+01
5267	-7.484745e+01
5268	-7.136118e+01
5269	-7.414296e+01
5270	-7.194684e+01
5271	-7.486802e+01
5272	-7.397111e+01
5273	-7.299777e+01
5274	-7.037246e+01
5275	-7.054344e+01
5276	-7.108632e+01
5277	-7.127991e+01
5278	-7.705757e+01
5279	-7.225042e+01
5280	-7.281490e+01
5281	-7.332298e+01
5282	-7.311586e+01
5283	-7.100124e+01
5284	-7.265906e+01
5285	-7.570387e+01
5286	-7.438471e+01
5287	-7.160402e+01
5288	-7.407549e+01
5289	-7.356000e+01
5290	-7.148025e+01
5291	-7.507056e+01
5292	-7.154549e+01
5293	-7.387774e+01
5294	-7.450350e+01
5295	-7.024644e+01
5296	-7.226996e+01
5297	-7.106488e+01
5298	-7.144361e+01
5299	-7.274224e+01
5300	-7.347482e+01
5301	-7.434772e+01
5302	-7.126848e+01
5303	-7.649824e+01
5304	-7.311029e+01
5305	-7.122507e+01
5306	-7.086571e+01
5307	-7.499031e+01
5308	-7.278299e+01
5309	-7.352961e+01
5310	-7.287013e+01
5311	-7.334517e+01
5312	-7.446086e+01
5313	-7.759868e+01
5314	-7.333198e+01
5315	-7.266227e+01
5316	-7.391586e+01
5317	-7.091234e+01
5318	-7.285845e+01
5319	-7.412802e+01
5320	-7.557620e+01
5321	-7.392846e+01
5322	-7.040566e+01
5323	-7.422693e+01
5324	-7.393970e+01
5325	-7.569667e+01
5326	-7.678020e+01
5327	-7.519879e+01
5328	-7.683123e+01
5329	-7.434020e+01
5330	-6.960128e+01
5331	-7.040897e+01
5332	-7.309988e+01
5333	-7.463344e+01
5334	-7.491138e+01
5335	-7.310952e+01
5336	-7.460884e+01
5337	-7.514112e+01
5338	-7.098196e+01
5339	-7.523904e+01
5340	-7.399820e+01
5341	-7.181451e+01
5342	-7.201163e+01
5343	-7.357636e+01
5344	-7.385992e+01
5345	-7.457686e+01
5346	-7.497689e+01
5347	-7.313335e+01
5348	-7.393842e+01
5349	-6.936758e+01
5350	-7.413049e+01
5351	-7.322548e+01
5352	-7.584521e+01
5353	-7.477200e+01
5354	-7.762566e+01
5355	-7.352501e+01
5356	-7.141533e+01
5357	-7.116018e+01
5358	-7.257293e+01
5359	-6.809881e+01
5360	-7.098228e+01
5361	-7.248949e+01
5362	-7.294613e+01
5363	-7.277509e+01
5364	-7.416012e+01
5365	-7.474932e+01
5366	-7.144104e+01
5367	-7.217455e+01
5368	-7.622184e+01
5369	-7.324486e+01
5370	-7.644357e+01
5371	-7.564771e+01
5372	-7.233021e+01
5373	-7.370740e+01
5374	-7.299560e+01
5375	-7.519355e+01
5376	-7.045829e+01
5377	-7.464257e+01
5378	-7.339604e+01
5379	-7.572552e+01
5380	-7.560214e+01
5381	-7.163819e+01
5382	-7.494536e+01
5383	-7.548128e+01
5384	-7.144649e+01
5385	-7.148730e+01
5386	-7.355391e+01
5387	-7.133792e+01
5388	-7.374642e+01
5389	-7.250223e+01
5390	-7.540076e+01
5391	-6.969103e+01
5392	-7.027845e+01
5393	-7.607127e+01
5394	-7.232867e+01
5395	-7.611479e+01
5396	-6.941833e+01
5397	-7.210176e+01
5398	-7.141277e+01
5399	-7.201390e+01
5400	-7.446953e+01
5401	-7.568529e+01
5402	-7.068033e+01
5403	-7.322003e+01
5404	-7.359672e+01
5405	-7.550287e+01
5406	-7.387723e+01
5407	-7.291808e+01
5408	-7.403391e+01
5409	-7.147301e+01
5410	-7.081167e+01
5411	-6.936397e+01
5412	-7.237317e+01
5413	-7.194411e+01
5414	-7.525154e+01
5415	-7.470909e+01
5416	-7.469785e+01
5417	-7.325054e+01
5418	-7.314276e+01
5419	-7.076984e+01
5420	-7.472078e+01
5421	-7.490038e+01
5422	-7.224618e+01
5423	-7.516204e+01
5424	-7.595760e+01
5425	-6.959937e+01
5426	-7.198907e+01
5427	-7.512914e+01
5428	-7.357927e+01
5429	-7.369533e+01
5430	-7.202698e+01
5431	-7.529375e+01
5432	-7.150465e+01
5433	-7.048346e+01
5434	-7.361899e+01
5435	-7.196684e+01
5436	-7.268626e+01
5437	-7.311620e+01
5438	-7.233682e+01
5439	-7.330900e+01
5440	-7.480064e+01
5441	-7.026155e+01
5442	-7.387852e+01
5443	-6.943715e+01
5444	-7.225261e+01
5445	-7.461794e+01
5446	-7.467481e+01
5447	-7.683314e+01
5448	-7.532962e+01
5449	-7.412960e+01
5450	-7.286512e+01
5451	-7.765530e+01
5452	-7.313028e+01
5453	-7.364696e+01
5454	-7.415020e+01
5455	-7.579321e+01
5456	-7.536409e+01
5457	-7.462462e+01
5458	-7.366970e+01
5459	-7.499887e+01
5460	-7.480034e+01
5461	-7.649823e+01
5462	-7.369820e+01
5463	-7.117800e+01
5464	-7.303564e+01
5465	-7.072567e+01
5466	-7.173755e+01
5467	-7.018649e+01
5468	-7.339261e+01
5469	-7.239359e+01
5470	-7.154180e+01
5471	-7.509253e+01
5472	-7.565569e+01
5473	-7.612854e+01
5474	-7.358786e+01
5475	-7.504550e+01
5476	-7.410302e+01
5477	-7.240914e+01
5478	-7.328568e+01
5479	-7.447038e+01
5480	-7.471246e+01
5481	-7.009040e+01
5482	-7.183566e+01
5483	-7.220544e+01
5484	-7.571745e+01
5485	-7.067367e+01
5486	-7.654745e+01
5487	-7.329623e+01
5488	-7.360041e+01
5489	-7.507645e+01
5490	-7.528811e+01
5491	-7.469646e+01
5492	-7.134850e+01
5493	-7.583239e+01
5494	-6.859272e+01
5495	-7.334286e+01
5496	-7.388044e+01
5497	-7.153649e+01
5498	-7.803056e+01
5499	-7.262363e+01
5500	-7.347175e+01
5501	-7.232990e+01
5502	-7.636436e+01
5503	-7.210660e+01
5504	-7.254125e+01
5505	-7.477779e+01
5506	-7.199026e+01
5507	-7.419852e+01
5508	-6.991998e+01
5509	-7.726864e+01
5510	-7.294005e+01
5511	-7.304586e+01
5512	-7.223599e+01
5513	-7.120073e+01
5514	-7.270253e+01
5515	-7.141384e+01
5516	-7.293521e+01
5517	-7.163617e+01
5518	-7.112400e+01
5519	-7.126988e+01
5520	-7.262620e+01
5521	-7.164042e+01
5522	-7.216167e+01
5523	-7.082220e+01
5524	-7.200286e+01
5525	-7.296828e+01
5526	-7.375008e+01
5527	-7.510542e+01
5528	-7.613645e+01
5529	-7.381686e+01
5530	-7.242541e+01
5531	-7.750183e+01
5532	-7.552678e+01
5533	-7.432942e+01
5534	-7.411093e+01
5535	-7.008152e+01
5536	-7.052994e+01
5537	-7.619710e+01
5538	-7.059082e+01
5539	-7.495006e+01
5540	-7.517880e+01
5541	-7.222799e+01
5542	-7.161642e+01
5543	-7.401220e+01
5544	-7.060470e+01
5545	-7.138873e+01
5546	-7.550287e+01
5547	-7.158477e+01
5548	-7.444541e+01
5549	-7.527255e+01
5550	-7.356643e+01
5551	-7.131703e+01
5552	-7.345942e+01
5553	-7.501626e+01
5554	-7.210392e+01
5555	-7.380502e+01
5556	-7.391026e+01
5557	-7.430601e+01
5558	-7.089734e+01
5559	-7.216088e+01
5560	-7.606457e+01
5561	-7.437046e+01
5562	-7.371997e+01
5563	-7.325279e+01
5564	-7.156417e+01
5565	-7.177923e+01
5566	-6.892216e+01
5567	-7.127032e+01
5568	-7.264640e+01
5569	-7.271222e+01
5570	-7.213067e+01
5571	-7.551077e+01
5572	-7.514193e+01
5573	-7.273312e+01
5574	-7.376462e+01
5575	-7.021388e+01
5576	-7.579515e+01
5577	-7.787291e+01
5578	-7.319127e+01
5579	-7.025550e+01
5580	-7.061318e+01
5581	-7.391053e+01
5582	-7.611577e+01
5583	-7.541489e+01
5584	-6.860152e+01
5585	-7.382617e+01
5586	-7.339971e+01
5587	-7.747030e+01
5588	-7.103070e+01
5589	-7.539101e+01
5590	-7.179845e+01
5591	-7.239040e+01
5592	-7.152820e+01
5593	-7.408694e+01
5594	-7.317620e+01
5595	-7.499746e+01
5596	-6.892919e+01
5597	-7.217710e+01
5598	-7.245710e+01
5599	-7.676115e+01
5600	-7.447389e+01
5601	-7.296994e+01
5602	-7.505145e+01
5603	-7.318249e+01
5604	-7.223692e+01
5605	-7.341130e+01
5606	-7.521077e+01
5607	-7.136262e+01
5608	-7.094986e+01
5609	-7.044127e+01
5610	-7.097339e+01
5611	-7.269326e+01
5612	-7.356388e+01
5613	-7.269031e+01
5614	-7.402405e+01
5615	-7.718558e+01
5616	-7.189443e+01
5617	-7.343264e+01
5618	-7.536497e+01
5619	-7.573601e+01
5620	-7.601022e+01
5621	-7.502564e+01
5622	-7.140928e+01
5623	-7.374656e+01
5624	-7.629880e+01
5625	-7.288281e+01
5626	-7.231812e+01
5627	-7.558948e+01
5628	-7.048329e+01
5629	-7.225667e+01
5630	-7.286120e+01
5631	-7.544373e+01
5632	-7.156927e+01
5633	-7.678998e+01
5634	-7.160253e+01
5635	-7.678101e+01
5636	-7.324565e+01
5637	-7.126768e+01
5638	-7.242882e+01
5639	-7.242420e+01
5640	-7.266408e+01
5641	-7.105683e+01
5642	-7.438116e+01
5643	-7.380027e+01
5644	-7.173735e+01
5645	-7.591980e+01
5646	-7.056591e+01
5647	-7.543970e+01
5648	-7.473041e+01
5649	-7.227370e+01
5650	-7.054399e+01
5651	-7.189832e+01
5652	-7.172081e+01
5653	-7.089260e+01
5654	-7.138615e+01
5655	-7.960635e+01
5656	-7.391296e+01
5657	-7.215568e+01
5658	-7.470256e+01
5659	-7.232269e+01
5660	-7.425875e+01
5661	-7.472497e+01
5662	-7.601072e+01
5663	-7.394575e+01
5664	-7.015443e+01
5665	-7.368094e+01
5666	-7.179333e+01
5667	-7.431862e+01
5668	-7.418159e+01
5669	-7.050486e+01
5670	-7.418385e+01
5671	-7.177755e+01
5672	-7.053414e+01
5673	-7.164872e+01
5674	-7.222762e+01
5675	-7.539369e+01
5676	-7.661890e+01
5677	-7.626906e+01
5678	-7.422271e+01
5679	-7.201946e+01
5680	-7.564166e+01
5681	-7.399847e+01
5682	-7.494454e+01
5683	-7.105387e+01
5684	-7.319154e+01
5685	-7.124932e+01
5686	-7.203610e+01
5687	-7.042845e+01
5688	-7.303408e+01
5689	-7.292859e+01
5690	-7.402615e+01
5691	-7.111291e+01
5692	-7.108694e+01
5693	-7.239250e+01
5694	-7.332598e+01
5695	-7.253054e+01
5696	-7.655854e+01
5697	-7.098033e+01
5698	-7.431597e+01
5699	-7.095358e+01
5700	-7.084612e+01
5701	-7.681014e+01
5702	-7.033626e+01
5703	-7.343537e+01
5704	-7.181548e+01
5705	-7.086824e+01
5706	-6.983780e+01
5707	-7.537509e+01
5708	-7.088184e+01
5709	-7.504145e+01
5710	-7.368811e+01
5711	-7.057006e+01
5712	-7.178779e+01
5713	-7.089259e+01
5714	-6.892721e+01
5715	-7.464453e+01
5716	-7.232488e+01
5717	-7.276194e+01
5718	-7.201548e+01
5719	-7.077451e+01
5720	-7.637854e+01
5721	-7.364741e+01
5722	-7.127219e+01
5723	-7.161570e+01
5724	-6.911341e+01
5725	-7.309447e+01
5726	-7.148236e+01
5727	-7.382165e+01
5728	-7.321184e+01
5729	-7.181992e+01
5730	-7.166804e+01
5731	-7.399949e+01
5732	-7.244822e+01
5733	-7.418211e+01
5734	-7.441383e+01
5735	-7.065570e+01
5736	-7.283298e+01
5737	-7.155587e+01
5738	-7.262873e+01
5739	-7.309555e+01
5740	-6.994420e+01
5741	-7.265655e+01
5742	-7.426090e+01
5743	-7.212616e+01
5744	-7.664253e+01
5745	-7.529769e+01
5746	-7.210531e+01
5747	-7.490852e+01
5748	-7.467888e+01
5749	-7.237872e+01
5750	-7.176134e+01
5751	-7.323837e+01
5752	-7.251181e+01
5753	-7.365002e+01
5754	-7.816812e+01
5755	-7.330780e+01
5756	-7.376770e+01
5757	-7.641370e+01
5758	-7.442091e+01
5759	-7.449972e+01
5760	-7.522203e+01
5761	-7.462941e+01
5762	-7.480764e+01
5763	-7.192142e+01
5764	-7.268518e+01
5765	-7.172421e+01
5766	-7.398686e+01
5767	-7.573955e+01
5768	-7.335401e+01
5769	-7.283737e+01
5770	-7.532502e+01
5771	-7.423053e+01
5772	-7.302950e+01
5773	-7.404760e+01
5774	-7.459098e+01
5775	-7.577927e+01
5776	-7.691416e+01
5777	-7.101637e+01
5778	-7.320664e+01
5779	-7.332122e+01
5780	-7.292752e+01
5781	-7.260211e+01
5782	-7.474871e+01
5783	-7.305357e+01
5784	-6.984807e+01
5785	-7.423674e+01
5786	-7.279374e+01
5787	-7.342592e+01
5788	-7.308635e+01
5789	-7.141171e+01
5790	-6.916981e+01
5791	-7.282255e+01
5792	-7.351862e+01
5793	-7.076632e+01
5794	-7.251754e+01
5795	-7.567243e+01
5796	-7.396123e+01
5797	-7.381318e+01
5798	-7.469950e+01
5799	-6.918196e+01
5800	-7.104205e+01
5801	-7.406872e+01
5802	-7.278393e+01
5803	-7.154540e+01
5804	-7.090978e+01
5805	-7.407775e+01
5806	-7.395287e+01
5807	-7.662148e+01
5808	-7.145410e+01
5809	-7.277696e+01
5810	-7.754297e+01
5811	-7.825458e+01
5812	-7.466727e+01
5813	-7.762467e+01
5814	-7.452737e+01
5815	-7.663356e+01
5816	-7.477346e+01
5817	-7.606422e+01
5818	-7.612339e+01
5819	-7.167835e+01
5820	-7.624031e+01
5821	-7.389344e+01
5822	-7.464802e+01
5823	-7.588081e+01
5824	-7.439001e+01
5825	-7.107608e+01
5826	-7.168221e+01
5827	-7.127406e+01
5828	-7.507578e+01
5829	-7.340812e+01
5830	-7.425640e+01
5831	-7.405033e+01
5832	-7.049899e+01
5833	-7.387293e+01
5834	-7.196683e+01
5835	-7.556371e+01
5836	-7.514110e+01
5837	-7.586248e+01
5838	-7.165023e+01
5839	-7.298804e+01
5840	-7.205815e+01
5841	-7.965522e+01
5842	-7.703766e+01
5843	-7.473936e+01
5844	-7.319141e+01
5845	-7.354662e+01
5846	-7.591712e+01
5847	-7.338910e+01
5848	-7.150198e+01
5849	-7.317470e+01
5850	-7.486275e+01
5851	-7.444880e+01
5852	-7.520283e+01
5853	-6.937381e+01
5854	-7.188200e+01
5855	-7.083247e+01
5856	-7.451528e+01
5857	-7.297831e+01
5858	-7.464147e+01
5859	-7.283048e+01
5860	-7.274427e+01
5861	-7.376808e+01
5862	-7.201914e+01
5863	-6.967672e+01
5864	-7.480289e+01
5865	-7.493319e+01
5866	-7.264571e+01
5867	-7.114348e+01
5868	-7.110900e+01
5869	-7.748534e+01
5870	-7.489243e+01
5871	-7.159458e+01
5872	-7.683825e+01
5873	-7.433993e+01
5874	-7.169540e+01
5875	-7.165038e+01
5876	-7.444586e+01
5877	-7.406777e+01
5878	-7.125907e+01
5879	-7.640352e+01
5880	-7.416773e+01
5881	-7.187906e+01
5882	-7.540588e+01
5883	-7.619236e+01
5884	-7.204435e+01
5885	-7.601845e+01
5886	-7.163617e+01
5887	-7.088717e+01
5888	-7.381029e+01
5889	-7.829506e+01
5890	-7.386762e+01
5891	-7.753856e+01
5892	-7.244420e+01
5893	-7.289391e+01
5894	-7.374247e+01
5895	-7.280178e+01
5896	-7.147779e+01
5897	-7.486817e+01
5898	-7.596784e+01
5899	-7.372425e+01
5900	-7.446337e+01
5901	-7.358064e+01
5902	-7.555400e+01
5903	-7.394811e+01
5904	-7.124785e+01
5905	-7.089474e+01
5906	-7.414683e+01
5907	-7.109475e+01
5908	-7.374864e+01
5909	-7.347209e+01
5910	-7.167809e+01
5911	-7.303319e+01
5912	-7.469733e+01
5913	-6.955375e+01
5914	-7.542939e+01
5915	-7.196382e+01
5916	-7.632626e+01
5917	-7.625227e+01
5918	-7.452502e+01
5919	-7.203275e+01
5920	-7.372051e+01
5921	-7.388384e+01
5922	-7.592846e+01
5923	-7.381057e+01
5924	-7.340475e+01
5925	-7.106328e+01
5926	-7.472651e+01
5927	-7.266973e+01
5928	-7.347387e+01
5929	-7.579451e+01
5930	-7.358782e+01
5931	-7.532974e+01
5932	-7.711098e+01
5933	-7.430224e+01
5934	-7.302752e+01
5935	-7.312126e+01
5936	-7.336500e+01
5937	-7.477340e+01
5938	-7.556453e+01
5939	-7.355095e+01
5940	-7.235333e+01
5941	-7.326101e+01
5942	-7.190198e+01
5943	-7.219743e+01
5944	-7.430462e+01
5945	-7.341547e+01
5946	-7.367677e+01
5947	-7.193717e+01
5948	-7.593895e+01
5949	-7.146609e+01
5950	-7.399022e+01
5951	-7.586030e+01
5952	-7.107284e+01
5953	-7.206118e+01
5954	-7.812666e+01
5955	-7.173127e+01
5956	-7.461792e+01
5957	-7.022779e+01
5958	-7.412530e+01
5959	-7.271080e+01
5960	-6.995755e+01
5961	-7.075905e+01
5962	-7.063323e+01
5963	-7.475826e+01
5964	-7.533704e+01
5965	-7.180138e+01
5966	-7.191036e+01
5967	-7.074296e+01
5968	-7.288968e+01
5969	-7.419368e+01
5970	-7.555432e+01
5971	-7.208184e+01
5972	-7.442437e+01
5973	-7.527546e+01
5974	-7.275631e+01
5975	-7.169786e+01
5976	-7.480003e+01
5977	-7.436863e+01
5978	-7.727005e+01
5979	-6.980695e+01
5980	-7.348546e+01
5981	-7.507732e+01
5982	-7.525958e+01
5983	-7.410687e+01
5984	-7.308346e+01
5985	-7.285431e+01
5986	-7.246184e+01
5987	-7.279243e+01
5988	-7.162050e+01
5989	-7.054420e+01
5990	-7.558355e+01
5991	-7.648051e+01
5992	-7.226376e+01
5993	-7.585731e+01
5994	-7.044181e+01
5995	-7.426067e+01
5996	-7.324861e+01
5997	-7.176228e+01
5998	-7.290222e+01
5999	-7.374109e+01
6000	-7.667095e+01
6001	-7.057420e+01
6002	-7.399897e+01
6003	-7.288483e+01
6004	-7.589094e+01
6005	-6.996655e+01
6006	-7.268109e+01
6007	-6.982305e+01
6008	-7.341914e+01
6009	-7.464827e+01
6010	-7.407828e+01
6011	-7.327693e+01
6012	-7.281293e+01
6013	-7.462232e+01
6014	-7.487242e+01
6015	-7.222080e+01
6016	-7.370002e+01
6017	-7.479987e+01
6018	-7.399507e+01
6019	-7.299445e+01
6020	-7.360996e+01
6021	-7.504411e+01
6022	-7.309211e+01
6023	-7.052734e+01
6024	-7.514486e+01
6025	-7.672381e+01
6026	-7.762195e+01
6027	-7.327518e+01
6028	-7.312900e+01
6029	-7.201711e+01
6030	-7.057583e+01
6031	-7.521206e+01
6032	-7.390347e+01
6033	-7.458831e+01
6034	-7.315504e+01
6035	-7.156685e+01
6036	-7.274408e+01
6037	-7.257023e+01
6038	-6.945808e+01
6039	-7.199898e+01
6040	-7.158691e+01
6041	-7.159232e+01
6042	-7.543581e+01
6043	-7.072937e+01
6044	-7.430880e+01
6045	-7.182401e+01
6046	-7.422665e+01
6047	-7.321756e+01
6048	-7.365578e+01
6049	-7.363863e+01
6050	-7.391089e+01
6051	-7.048413e+01
6052	-7.252867e+01
6053	-7.236045e+01
6054	-7.183302e+01
6055	-7.349959e+01
6056	-7.156502e+01
6057	-7.209029e+01
6058	-7.395060e+01
6059	-7.167831e+01
6060	-7.697580e+01
6061	-7.285261e+01
6062	-7.332105e+01
6063	-7.523093e+01
6064	-7.182796e+01
6065	-7.254045e+01
6066	-7.526415e+01
6067	-7.311797e+01
6068	-7.265412e+01
6069	-7.415325e+01
6070	-7.270946e+01
6071	-6.989947e+01
6072	-7.240496e+01
6073	-7.304779e+01
6074	-7.487559e+01
6075	-7.586557e+01
6076	-7.391709e+01
6077	-7.492222e+01
6078	-7.341487e+01
6079	-6.834484e+01
6080	-7.074799e+01
6081	-7.240969e+01
6082	-7.504135e+01
6083	-7.299210e+01
6084	-7.124226e+01
6085	-7.323454e+01
6086	-7.029002e+01
6087	-7.665107e+01
6088	-7.259382e+01
6089	-7.362422e+01
6090	-7.293449e+01
6091	-7.563948e+01
6092	-7.177455e+01
6093	-7.348423e+01
6094	-7.353215e+01
6095	-6.993735e+01
6096	-7.677824e+01
6097	-7.411156e+01
6098	-7.096744e+01
6099	-7.368647e+01
6100	-6.817579e+01
6101	-7.741762e+01
6102	-7.490663e+01
6103	-7.443012e+01
6104	-7.261500e+01
6105	-7.383024e+01
6106	-7.312343e+01
6107	-7.250209e+01
6108	-7.078449e+01
6109	-7.422055e+01
6110	-7.182263e+01
6111	-7.315935e+01
6112	-7.274616e+01
6113	-7.867207e+01
6114	-7.278835e+01
6115	-7.511886e+01
6116	-7.848777e+01
6117	-7.491129e+01
6118	-7.214433e+01
6119	-7.440189e+01
6120	-7.195134e+01
6121	-7.384713e+01
6122	-7.352484e+01
6123	-7.384817e+01
6124	-7.160683e+01
6125	-7.428568e+01
6126	-7.292191e+01
6127	-7.509978e+01
6128	-7.452819e+01
6129	-7.434478e+01
6130	-7.270023e+01
6131	-7.574224e+01
6132	-7.159245e+01
6133	-7.172265e+01
6134	-7.083114e+01
6135	-7.038902e+01
6136	-7.263103e+01
6137	-7.398932e+01
6138	-7.209054e+01
6139	-7.583944e+01
6140	-7.457971e+01
6141	-7.460318e+01
6142	-7.389213e+01
6143	-7.194987e+01
6144	-7.329328e+01
6145	-7.544225e+01
6146	-7.400602e+01
6147	-7.381894e+01
6148	-7.378197e+01
6149	-7.260309e+01
6150	-7.335978e+01
6151	-8.037747e+01
6152	-7.315675e+01
6153	-7.368442e+01
6154	-7.367726e+01
6155	-7.457123e+01
6156	-7.347279e+01
6157	-7.145023e+01
6158	-7.534458e+01
6159	-7.584069e+01
6160	-7.311279e+01
6161	-6.909816e+01
6162	-7.324909e+01
6163	-7.405388e+01
6164	-7.657200e+01
6165	-7.056507e+01
6166	-7.356513e+01
6167	-7.354141e+01
6168	-7.697890e+01
6169	-7.811653e+01
6170	-7.070285e+01
6171	-7.331434e+01
6172	-7.644248e+01
6173	-7.019488e+01
6174	-7.207019e+01
6175	-7.545861e+01
6176	-7.432954e+01
6177	-7.258405e+01
6178	-7.297220e+01
6179	-7.140787e+01
6180	-7.343385e+01
6181	-7.239848e+01
6182	-7.525598e+01
6183	-6.940479e+01
6184	-7.121175e+01
6185	-7.331696e+01
6186	-7.216801e+01
6187	-7.253576e+01
6188	-7.274397e+01
6189	-7.267698e+01
6190	-7.207694e+01
6191	-7.337390e+01
6192	-7.510719e+01
6193	-7.271501e+01
6194	-7.088090e+01
6195	-7.291572e+01
6196	-7.063549e+01
6197	-7.397810e+01
6198	-7.410078e+01
6199	-7.462157e+01
6200	-6.913417e+01
6201	-7.680588e+01
6202	-7.541965e+01
6203	-7.665206e+01
6204	-7.186671e+01
6205	-7.226334e+01
6206	-7.577936e+01
6207	-7.350994e+01
6208	-7.281793e+01
6209	-7.470355e+01
6210	-7.335967e+01
6211	-7.158085e+01
6212	-7.442790e+01
6213	-6.764380e+01
6214	-7.495846e+01
6215	-7.351880e+01
6216	-7.473767e+01
6217	-7.298268e+01
6218	-7.033067e+01
6219	-7.098418e+01
6220	-7.384566e+01
6221	-7.275522e+01
6222	-7.206616e+01
6223	-7.136969e+01
6224	-7.160826e+01
6225	-7.407701e+01
6226	-7.206686e+01
6227	-6.880873e+01
6228	-7.217960e+01
6229	-7.387110e+01
6230	-7.706313e+01
6231	-7.306030e+01
6232	-6.965547e+01
6233	-7.068847e+01
6234	-7.418673e+01
6235	-7.338825e+01
6236	-7.515637e+01
6237	-7.582329e+01
6238	-7.185428e+01
6239	-6.945242e+01
6240	-7.277555e+01
6241	-7.706920e+01
6242	-7.435502e+01
6243	-7.111769e+01
6244	-7.515103e+01
6245	-7.390198e+01
6246	-7.222681e+01
6247	-7.723349e+01
6248	-7.164706e+01
6249	-7.320380e+01
6250	-7.014469e+01
6251	-7.403325e+01
6252	-7.314702e+01
6253	-7.305382e+01
6254	-7.236471e+01
6255	-7.357738e+01
6256	-7.419414e+01
6257	-7.439794e+01
6258	-7.294081e+01
6259	-7.302241e+01
6260	-7.583658e+01
6261	-7.182431e+01
6262	-7.264677e+01
6263	-7.251179e+01
6264	-7.494985e+01
6265	-7.171246e+01
6266	-7.398042e+01
6267	-7.353248e+01
6268	-7.468387e+01
6269	-7.417517e+01
6270	-7.688271e+01
6271	-7.172666e+01
6272	-7.574203e+01
6273	-7.561089e+01
6274	-7.293412e+01
6275	-7.410470e+01
6276	-7.406109e+01
6277	-7.306367e+01
6278	-7.201145e+01
6279	-7.577963e+01
6280	-7.476110e+01
6281	-7.499558e+01
6282	-6.945076e+01
6283	-7.429407e+01
6284	-7.187727e+01
6285	-7.228220e+01
6286	-7.098232e+01
6287	-6.998458e+01
6288	-7.304382e+01
6289	-7.333836e+01
6290	-7.102706e+01
6291	-7.490715e+01
6292	-7.511092e+01
6293	-7.285588e+01
6294	-7.283113e+01
6295	-7.036227e+01
6296	-7.203265e+01
6297	-6.907748e+01
6298	-7.019459e+01
6299	-7.407574e+01
6300	-7.365517e+01
6301	-7.261032e+01
6302	-7.689490e+01
6303	-7.621071e+01
6304	-7.552445e+01
6305	-7.451600e+01
6306	-7.133084e+01
6307	-7.227857e+01
6308	-7.133616e+01
6309	-7.402758e+01
6310	-7.347249e+01
6311	-7.112803e+01
6312	-7.624273e+01
6313	-7.410131e+01
6314	-7.060057e+01
6315	-7.349791e+01
6316	-7.755306e+01
6317	-7.594085e+01
6318	-7.152829e+01
6319	-7.794286e+01
6320	-7.632473e+01
6321	-7.377729e+01
6322	-7.194826e+01
6323	-7.168393e+01
6324	-7.186133e+01
6325	-7.403731e+01
6326	-7.092086e+01
6327	-7.601972e+01
6328	-7.460415e+01
6329	-7.566336e+01
6330	-7.300547e+01
6331	-7.110400e+01
6332	-7.288223e+01
6333	-7.338549e+01
6334	-7.636640e+01
6335	-7.227564e+01
6336	-7.278136e+01
6337	-6.906807e+01
6338	-7.550197e+01
6339	-7.397717e+01
6340	-6.967013e+01
6341	-7.148523e+01
6342	-7.189676e+01
6343	-7.492778e+01
6344	-7.358143e+01
6345	-7.327047e+01
6346	-7.140751e+01
6347	-7.335012e+01
6348	-7.124485e+01
6349	-7.499749e+01
6350	-7.158513e+01
6351	-7.521637e+01
6352	-7.238977e+01
6353	-7.054135e+01
6354	-7.065204e+01
6355	-6.981677e+01
6356	-7.151740e+01
6357	-7.488631e+01
6358	-7.362858e+01
6359	-7.489798e+01
6360	-7.265436e+01
6361	-7.592878e+01
6362	-7.438150e+01
6363	-7.398661e+01
6364	-7.158850e+01
6365	-7.627440e+01
6366	-7.368167e+01
6367	-7.608417e+01
6368	-7.404928e+01
6369	-7.103610e+01
6370	-7.237563e+01
6371	-7.266537e+01
6372	-7.293009e+01
6373	-6.965441e+01
6374	-7.090850e+01
6375	-7.217928e+01
6376	-7.278695e+01
6377	-7.168875e+01
6378	-7.703294e+01
6379	-7.147184e+01
6380	-7.259647e+01
6381	-7.321759e+01
6382	-7.448009e+01
6383	-7.354663e+01
6384	-7.682901e+01
6385	-7.271303e+01
6386	-7.312659e+01
6387	-7.141718e+01
6388	-7.078720e+01
6389	-7.611419e+01
6390	-7.445580e+01
6391	-7.407345e+01
6392	-7.168104e+01
6393	-7.190111e+01
6394	-7.693650e+01
6395	-7.269935e+01
6396	-7.339314e+01
6397	-7.602193e+01
6398	-7.351632e+01
6399	-7.371315e+01
6400	-7.232327e+01
6401	-7.275541e+01
6402	-7.245409e+01
6403	-7.073781e+01
6404	-7.279160e+01
6405	-7.430598e+01
6406	-7.286798e+01
6407	-7.015721e+01
6408	-7.376600e+01
6409	-7.595265e+01
6410	-7.171201e+01
6411	-7.378880e+01
6412	-7.118641e+01
6413	-7.358924e+01
6414	-7.436905e+01
6415	-7.337918e+01
6416	-7.463881e+01
6417	-7.288437e+01
6418	-7.423982e+01
6419	-6.836311e+01
6420	-7.494381e+01
6421	-7.661461e+01
6422	-7.469880e+01
6423	-7.111872e+01
6424	-7.254096e+01
6425	-7.679589e+01
6426	-7.335410e+01
6427	-7.001589e+01
6428	-7.216522e+01
6429	-7.473848e+01
6430	-7.253854e+01
6431	-7.507242e+01
6432	-7.486043e+01
6433	-7.397669e+01
6434	-7.345051e+01
6435	-7.506031e+01
6436	-7.214145e+01
6437	-7.316857e+01
6438	-7.560829e+01
6439	-7.477577e+01
6440	-7.559206e+01
6441	-7.436006e+01
6442	-7.365932e+01
6443	-7.316681e+01
6444	-7.254073e+01
6445	-7.045042e+01
6446	-7.094635e+01
6447	-7.778670e+01
6448	-7.442059e+01
6449	-7.506825e+01
6450	-7.479598e+01
6451	-7.775506e+01
6452	-7.785514e+01
6453	-7.193523e+01
6454	-7.370583e+01
6455	-7.597942e+01
6456	-7.471017e+01
6457	-7.765663e+01
6458	-7.151474e+01
6459	-7.451524e+01
6460	-7.205248e+01
6461	-7.444785e+01
6462	-7.434921e+01
6463	-7.218046e+01
6464	-6.980187e+01
6465	-7.131115e+01
6466	-7.533408e+01
6467	-7.639476e+01
6468	-7.186189e+01
6469	-7.062471e+01
6470	-7.495874e+01
6471	-7.433939e+01
6472	-7.518297e+01
6473	-6.830559e+01
6474	-7.520300e+01
6475	-7.015577e+01
6476	-7.202201e+01
6477	-7.587318e+01
6478	-6.844677e+01
6479	-7.304694e+01
6480	-7.347753e+01
6481	-7.504008e+01
6482	-7.320151e+01
6483	-7.378782e+01
6484	-7.328749e+01
6485	-7.276980e+01
6486	-7.022169e+01
6487	-7.691356e+01
6488	-7.345754e+01
6489	-7.216148e+01
6490	-7.208338e+01
6491	-7.344218e+01
6492	-7.318600e+01
6493	-7.267575e+01
6494	-7.410497e+01
6495	-7.185777e+01
6496	-7.430301e+01
6497	-7.447533e+01
6498	-7.123610e+01
6499	-7.093417e+01
6500	-7.241207e+01
6501	-7.460658e+01
6502	-7.044032e+01
6503	-7.643041e+01
6504	-7.568638e+01
6505	-7.309397e+01
6506	-7.436041e+01
6507	-7.111951e+01
6508	-7.336627e+01
6509	-7.305706e+01
6510	-7.320954e+01
6511	-7.377153e+01
6512	-7.281464e+01
6513	-7.304698e+01
6514	-7.416183e+01
6515	-7.434951e+01
6516	-7.447926e+01
6517	-7.529256e+01
6518	-7.069192e+01
6519	-7.242541e+01
6520	-7.370585e+01
6521	-7.601427e+01
6522	-7.132816e+01
6523	-7.096774e+01
6524	-7.502043e+01
6525	-7.373754e+01
6526	-7.382510e+01
6527	-7.288051e+01
6528	-7.462469e+01
6529	-7.403452e+01
6530	-7.375035e+01
6531	-7.337950e+01
6532	-7.267652e+01
6533	-7.337872e+01
6534	-6.887396e+01
6535	-7.430082e+01
6536	-7.426489e+01
6537	-7.241982e+01
6538	-7.485102e+01
6539	-7.253039e+01
6540	-7.153428e+01
6541	-7.294007e+01
6542	-7.351093e+01
6543	-7.240920e+01
6544	-7.287780e+01
6545	-7.124014e+01
6546	-7.053612e+01
6547	-7.318565e+01
6548	-7.404483e+01
6549	-7.114762e+01
6550	-7.205049e+01
6551	-7.225100e+01
6552	-7.533838e+01
6553	-7.377732e+01
6554	-7.250434e+01
6555	-7.477691e+01
6556	-7.109342e+01
6557	-7.374242e+01
6558	-7.469780e+01
6559	-6.988740e+01
6560	-7.327614e+01
6561	-7.600459e+01
6562	-7.423230e+01
6563	-7.397764e+01
6564	-6.955846e+01
6565	-7.440514e+01
6566	-7.236856e+01
6567	-7.361906e+01
6568	-7.093563e+01
6569	-7.306242e+01
6570	-7.040588e+01
6571	-7.348905e+01
6572	-7.133262e+01
6573	-7.310126e+01
6574	-7.206900e+01
6575	-7.262635e+01
6576	-7.666072e+01
6577	-7.281429e+01
6578	-7.099288e+01
6579	-7.504143e+01
6580	-7.699984e+01
6581	-7.352122e+01
6582	-7.475818e+01
6583	-7.324477e+01
6584	-7.484849e+01
6585	-7.364097e+01
6586	-7.075465e+01
6587	-7.431509e+01
6588	-7.505848e+01
6589	-7.309968e+01
6590	-7.242758e+01
6591	-7.191475e+01
6592	-7.670452e+01
6593	-7.286035e+01
6594	-7.435986e+01
6595	-7.248305e+01
6596	-7.729149e+01
6597	-7.299460e+01
6598	-7.127127e+01
6599	-7.384614e+01
6600	-7.945217e+01
6601	-7.624286e+01
6602	-7.536960e+01
6603	-7.046963e+01
6604	-7.845625e+01
6605	-7.119349e+01
6606	-7.376130e+01
6607	-7.238352e+01
6608	-7.279845e+01
6609	-6.977976e+01
6610	-7.398425e+01
6611	-7.257285e+01
6612	-7.491909e+01
6613	-7.204699e+01
6614	-7.337574e+01
6615	-7.351577e+01
6616	-7.321976e+01
6617	-7.173492e+01
6618	-7.460770e+01
6619	-7.399631e+01
6620	-6.867033e+01
6621	-7.331952e+01
6622	-7.586335e+01
6623	-7.284426e+01
6624	-7.726523e+01
6625	-7.137632e+01
6626	-7.234877e+01
6627	-7.305026e+01
6628	-7.334224e+01
6629	-7.154861e+01
6630	-7.601295e+01
6631	-7.222498e+01
6632	-7.078695e+01
6633	-7.457461e+01
6634	-7.370310e+01
6635	-7.671036e+01
6636	-7.011923e+01
6637	-7.244882e+01
6638	-7.360857e+01
6639	-7.180381e+01
6640	-7.176150e+01
6641	-7.180063e+01
6642	-7.154633e+01
6643	-7.845638e+01
6644	-7.427837e+01
6645	-7.067120e+01
6646	-7.639673e+01
6647	-7.467927e+01
6648	-7.182614e+01
6649	-7.174022e+01
6650	-7.474365e+01
6651	-7.357608e+01
6652	-7.316023e+01
6653	-7.315805e+01
6654	-7.390777e+01
6655	-7.225408e+01
6656	-7.080781e+01
6657	-6.985159e+01
6658	-7.617647e+01
6659	-7.505363e+01
6660	-7.296277e+01
6661	-7.245911e+01
6662	-7.297450e+01
6663	-7.831797e+01
6664	-7.427714e+01
6665	-7.369542e+01
6666	-7.511025e+01
6667	-7.337248e+01
6668	-7.521512e+01
6669	-7.327558e+01
6670	-7.214034e+01
6671	-7.335644e+01
6672	-7.483708e+01
6673	-7.268519e+01
6674	-7.413802e+01
6675	-7.201750e+01
6676	-7.272182e+01
6677	-7.224796e+01
6678	-6.942991e+01
6679	-7.201789e+01
6680	-7.142118e+01
6681	-7.269750e+01
6682	-7.403904e+01
6683	-7.259111e+01
6684	-7.372673e+01
6685	-7.577395e+01
6686	-7.386357e+01
6687	-7.605979e+01
6688	-7.101362e+01
6689	-7.459219e+01
6690	-7.605442e+01
6691	-7.531337e+01
6692	-7.474648e+01
6693	-7.464185e+01
6694	-6.893356e+01
6695	-7.682690e+01
6696	-7.218530e+01
6697	-7.401885e+01
6698	-7.509192e+01
6699	-7.122755e+01
6700	-7.487010e+01
6701	-7.146013e+01
6702	-7.252550e+01
6703	-7.474625e+01
6704	-7.395142e+01
6705	-7.492150e+01
6706	-7.414089e+01
6707	-7.505674e+01
6708	-7.178980e+01
6709	-7.002823e+01
6710	-7.104362e+01
6711	-7.593444e+01
6712	-7.586325e+01
6713	-7.392925e+01
6714	-6.954190e+01
6715	-7.552438e+01
6716	-7.269174e+01
6717	-7.347068e+01
6718	-7.110716e+01
6719	-7.350322e+01
6720	-7.397937e+01
6721	-7.506835e+01
6722	-7.490795e+01
6723	-6.982127e+01
6724	-7.354651e+01
6725	-7.451890e+01
6726	-7.220545e+01
6727	-7.212435e+01
6728	-7.097083e+01
6729	-7.416596e+01
6730	-7.620556e+01
6731	-7.437819e+01
6732	-6.983890e+01
6733	-7.613715e+01
6734	-7.378937e+01
6735	-7.657814e+01
6736	-7.467468e+01
6737	-7.189415e+01
6738	-7.508948e+01
6739	-7.753335e+01
6740	-7.227295e+01
6741	-7.391700e+01
6742	-7.384140e+01
6743	-6.712452e+01
6744	-7.404756e+01
6745	-7.315737e+01
6746	-7.197609e+01
6747	-7.262833e+01
6748	-7.257490e+01
6749	-7.373502e+01
6750	-7.275012e+01
6751	-7.349293e+01
6752	-7.697242e+01
6753	-7.344769e+01
6754	-7.227368e+01
6755	-7.392265e+01
6756	-7.381902e+01
6757	-7.188173e+01
6758	-7.569546e+01
6759	-7.242402e+01
6760	-7.401933e+01
6761	-6.986376e+01
6762	-7.305845e+01
6763	-7.434420e+01
6764	-7.037077e+01
6765	-7.537473e+01
6766	-7.273495e+01
6767	-7.096802e+01
6768	-7.491391e+01
6769	-7.455429e+01
6770	-7.122032e+01
6771	-7.679253e+01
6772	-7.546792e+01
6773	-7.010864e+01
6774	-7.732665e+01
6775	-7.679558e+01
6776	-7.191691e+01
6777	-7.365610e+01
6778	-7.251760e+01
6779	-7.201098e+01
6780	-7.621876e+01
6781	-7.222530e+01
6782	-7.739941e+01
6783	-7.217521e+01
6784	-7.391072e+01
6785	-7.091959e+01
6786	-7.145523e+01
6787	-7.675982e+01
6788	-7.035085e+01
6789	-7.349128e+01
6790	-7.250913e+01
6791	-7.504748e+01
6792	-7.128970e+01
6793	-7.572199e+01
6794	-7.263834e+01
6795	-6.890540e+01
6796	-7.487900e+01
6797	-7.802799e+01
6798	-7.344199e+01
6799	-7.296087e+01
6800	-7.062114e+01
6801	-7.008957e+01
6802	-7.447462e+01
6803	-7.547764e+01
6804	-7.389775e+01
6805	-7.216812e+01
6806	-7.181884e+01
6807	-7.006371e+01
6808	-7.251171e+01
6809	-7.379923e+01
6810	-7.292410e+01
6811	-7.121527e+01
6812	-7.416275e+01
6813	-7.517050e+01
6814	-7.468654e+01
6815	-7.710900e+01
6816	-7.463396e+01
6817	-7.199813e+01
6818	-7.158718e+01
6819	-6.788142e+01
6820	-7.065853e+01
6821	-7.256851e+01
6822	-7.097720e+01
6823	-7.396464e+01
6824	-7.238772e+01
6825	-7.604040e+01
6826	-6.955230e+01
6827	-7.072599e+01
6828	-7.370600e+01
6829	-7.415408e+01
6830	-7.389521e+01
6831	-7.547788e+01
6832	-7.622739e+01
6833	-7.419386e+01
6834	-7.448817e+01
6835	-7.228804e+01
6836	-7.557881e+01
6837	-7.020007e+01
6838	-7.655449e+01
6839	-7.025439e+01
6840	-7.551202e+01
6841	-7.324428e+01
6842	-7.141306e+01
6843	-7.353294e+01
6844	-6.904668e+01
6845	-7.373490e+01
6846	-6.877509e+01
6847	-7.611083e+01
6848	-7.015090e+01
6849	-7.464805e+01
6850	-7.094999e+01
6851	-7.023768e+01
6852	-7.107974e+01
6853	-7.445737e+01
6854	-7.431780e+01
6855	-7.100522e+01
6856	-7.272442e+01
6857	-7.136269e+01
6858	-6.984951e+01
6859	-7.217024e+01
6860	-7.213770e+01
6861	-7.779830e+01
6862	-7.247595e+01
6863	-7.203918e+01
6864	-7.502183e+01
6865	-7.273607e+01
6866	-7.282117e+01
6867	-7.618050e+01
6868	-7.290297e+01
6869	-6.991714e+01
6870	-7.140351e+01
6871	-7.128365e+01
6872	-7.351595e+01
6873	-7.179912e+01
6874	-7.016381e+01
6875	-7.740646e+01
6876	-7.227753e+01
6877	-7.050328e+01
6878	-7.390834e+01
6879	-7.683170e+01
6880	-7.279221e+01
6881	-7.484782e+01
6882	-7.711001e+01
6883	-7.266132e+01
6884	-7.224522e+01
6885	-7.249629e+01
6886	-7.256762e+01
6887	-7.328863e+01
6888	-7.049900e+01
6889	-7.141695e+01
6890	-7.095938e+01
6891	-6.800331e+01
6892	-7.592553e+01
6893	-7.581515e+01
6894	-7.044654e+01
6895	-7.312123e+01
6896	-7.394297e+01
6897	-7.321523e+01
6898	-7.501893e+01
6899	-7.301274e+01
6900	-7.637887e+01
6901	-7.153495e+01
6902	-7.394679e+01
6903	-7.651350e+01
6904	-7.249997e+01
6905	-7.584403e+01
6906	-6.950665e+01
6907	-7.157616e+01
6908	-7.347173e+01
6909	-7.469305e+01
6910	-7.373945e+01
6911	-7.230731e+01
6912	-7.438581e+01
6913	-7.196743e+01
6914	-7.400656e+01
6915	-7.565034e+01
6916	-7.062257e+01
6917	-6.780579e+01
6918	-7.170795e+01
6919	-7.512481e+01
6920	-7.059747e+01
6921	-7.614985e+01
6922	-7.116572e+01
6923	-7.264124e+01
6924	-7.269536e+01
6925	-7.349228e+01
6926	-7.341682e+01
6927	-7.393061e+01
6928	-7.393332e+01
6929	-7.496238e+01
6930	-7.437282e+01
6931	-7.321442e+01
6932	-7.359696e+01
6933	-7.342662e+01
6934	-7.498835e+01
6935	-7.327042e+01
6936	-7.074206e+01
6937	-7.195830e+01
6938	-7.133619e+01
6939	-7.297363e+01
6940	-6.998476e+01
6941	-7.375399e+01
6942	-7.632255e+01
6943	-7.392215e+01
6944	-7.356362e+01
6945	-7.263515e+01
6946	-7.250540e+01
6947	-7.491423e+01
6948	-7.359462e+01
6949	-7.809515e+01
6950	-6.892603e+01
6951	-7.102898e+01
6952	-7.570451e+01
6953	-7.017592e+01
6954	-7.337749e+01
6955	-7.302918e+01
6956	-7.325485e+01
6957	-7.328665e+01
6958	-7.195380e+01
6959	-7.309726e+01
6960	-7.196648e+01
6961	-7.313919e+01
6962	-7.446376e+01
6963	-7.311043e+01
6964	-7.420057e+01
6965	-6.939163e+01
6966	-7.494423e+01
6967	-7.345613e+01
6968	-7.616924e+01
6969	-7.479233e+01
6970	-7.465536e+01
6971	-7.298720e+01
6972	-7.346210e+01
6973	-7.328390e+01
6974	-6.951130e+01
6975	-7.332445e+01
6976	-7.083921e+01
6977	-7.491109e+01
6978	-7.212204e+01
6979	-7.552358e+01
6980	-7.749495e+01
6981	-7.162226e+01
6982	-7.491155e+01
6983	-7.581409e+01
6984	-7.243291e+01
6985	-7.247046e+01
6986	-7.156415e+01
6987	-6.962816e+01
6988	-7.466152e+01
6989	-7.160952e+01
6990	-7.543767e+01
6991	-7.466699e+01
6992	-7.636939e+01
6993	-7.486954e+01
6994	-7.218975e+01
6995	-7.403032e+01
6996	-7.559746e+01
6997	-7.560400e+01
6998	-7.413197e+01
6999	-7.739819e+01
7000	-7.350063e+01
7001	-7.329314e+01
7002	-7.622023e+01
7003	-7.326224e+01
7004	-7.374418e+01
7005	-7.501876e+01
7006	-7.295227e+01
7007	-7.082170e+01
7008	-7.278629e+01
7009	-7.114848e+01
7010	-7.295817e+01
7011	-7.148256e+01
7012	-7.293233e+01
7013	-7.350263e+01
7014	-7.314090e+01
7015	-7.260436e+01
7016	-7.472645e+01
7017	-7.903161e+01
7018	-7.374681e+01
7019	-7.419123e+01
7020	-7.270040e+01
7021	-7.635989e+01
7022	-7.260592e+01
7023	-7.523614e+01
7024	-7.650991e+01
7025	-7.094620e+01
7026	-7.430018e+01
7027	-7.842585e+01
7028	-7.064850e+01
7029	-7.268282e+01
7030	-7.339215e+01
7031	-7.084788e+01
7032	-7.457599e+01
7033	-7.257085e+01
7034	-7.362372e+01
7035	-7.257457e+01
7036	-7.367651e+01
7037	-7.478108e+01
7038	-7.368545e+01
7039	-7.475302e+01
7040	-7.243993e+01
7041	-7.795192e+01
7042	-7.248741e+01
7043	-7.286998e+01
7044	-7.377698e+01
7045	-7.291513e+01
7046	-7.282585e+01
7047	-7.432772e+01
7048	-7.426694e+01
7049	-7.533231e+01
7050	-6.977706e+01
7051	-7.428274e+01
7052	-7.618380e+01
7053	-7.176449e+01
7054	-7.688174e+01
7055	-7.307768e+01
7056	-7.564988e+01
7057	-7.324178e+01
7058	-7.271690e+01
7059	-7.287145e+01
7060	-7.440411e+01
7061	-7.268322e+01
7062	-7.259961e+01
7063	-7.612772e+01
7064	-7.296569e+01
7065	-7.288759e+01
7066	-7.539580e+01
7067	-7.191493e+01
7068	-7.204533e+01
7069	-7.210534e+01
7070	-7.297928e+01
7071	-7.387364e+01
7072	-7.564658e+01
7073	-6.917426e+01
7074	-7.588608e+01
7075	-7.232820e+01
7076	-7.193539e+01
7077	-7.755400e+01
7078	-7.186247e+01
7079	-7.416168e+01
7080	-7.415671e+01
7081	-7.445344e+01
7082	-7.356412e+01
7083	-7.254348e+01
7084	-7.233350e+01
7085	-7.010812e+01
7086	-7.122182e+01
7087	-7.494713e+01
7088	-7.279698e+01
7089	-7.598725e+01
7090	-7.329383e+01
7091	-7.384099e+01
7092	-7.224863e+01
7093	-7.716886e+01
7094	-7.417757e+01
7095	-7.432001e+01
7096	-7.082973e+01
7097	-7.440294e+01
7098	-7.310693e+01
7099	-7.523452e+01
7100	-6.931559e+01
7101	-7.455132e+01
7102	-7.221350e+01
7103	-7.575792e+01
7104	-7.443656e+01
7105	-7.215922e+01
7106	-7.436398e+01
7107	-7.397239e+01
7108	-7.487440e+01
7109	-7.595630e+01
7110	-7.597056e+01
7111	-7.552201e+01
7112	-6.969647e+01
7113	-7.400194e+01
7114	-7.356439e+01
7115	-7.419005e+01
7116	-7.393284e+01
7117	-7.376489e+01
7118	-7.256927e+01
7119	-7.340893e+01
7120	-7.338640e+01
7121	-7.458148e+01
7122	-7.366443e+01
7123	-7.255213e+01
7124	-7.205531e+01
7125	-7.216107e+01
7126	-7.854212e+01
7127	-7.294676e+01
7128	-7.518873e+01
7129	-7.179598e+01
7130	-7.219399e+01
7131	-7.433086e+01
7132	-7.237998e+01
7133	-7.400587e+01
7134	-7.296837e+01
7135	-7.563487e+01
7136	-7.767099e+01
7137	-7.554115e+01
7138	-7.339625e+01
7139	-7.434875e+01
7140	-7.161546e+01
7141	-7.352924e+01
7142	-7.007785e+01
7143	-6.997497e+01
7144	-7.595188e+01
7145	-7.365366e+01
7146	-7.359177e+01
7147	-7.342628e+01
7148	-7.376170e+01
7149	-7.337121e+01
7150	-7.337356e+01
7151	-7.199142e+01
7152	-7.412348e+01
7153	-7.443420e+01
7154	-7.418769e+01
7155	-7.342240e+01
7156	-7.274894e+01
7157	-7.451456e+01
7158	-7.575063e+01
7159	-7.180123e+01
7160	-7.076695e+01
7161	-6.881705e+01
7162	-7.413455e+01
7163	-7.878142e+01
7164	-7.024467e+01
7165	-7.394178e+01
7166	-7.263028e+01
7167	-7.525952e+01
7168	-6.800503e+01
7169	-7.112518e+01
7170	-7.661305e+01
7171	-7.584477e+01
7172	-7.341706e+01
7173	-7.615611e+01
7174	-7.383337e+01
7175	-7.314292e+01
7176	-7.556920e+01
7177	-7.737768e+01
7178	-7.102992e+01
7179	-7.356810e+01
7180	-7.480817e+01
7181	-7.141852e+01
7182	-7.365658e+01
7183	-7.211266e+01
7184	-7.507266e+01
7185	-7.525933e+01
7186	-7.336865e+01
7187	-7.441437e+01
7188	-7.202070e+01
7189	-7.360548e+01
7190	-7.226621e+01
7191	-7.413342e+01
7192	-7.178144e+01
7193	-7.498421e+01
7194	-7.568852e+01
7195	-7.182311e+01
7196	-7.413035e+01
7197	-7.373123e+01
7198	-7.544362e+01
7199	-7.175133e+01
7200	-7.322381e+01
7201	-7.638052e+01
7202	-7.661164e+01
7203	-7.185221e+01
7204	-7.754385e+01
7205	-7.880935e+01
7206	-6.707081e+01
7207	-7.563255e+01
7208	-7.170963e+01
7209	-7.472605e+01
7210	-7.150736e+01
7211	-7.166662e+01
7212	-7.444184e+01
7213	-7.091378e+01
7214	-7.157482e+01
7215	-7.582397e+01
7216	-7.306275e+01
7217	-7.721265e+01
7218	-7.305019e+01
7219	-7.370766e+01
7220	-7.672967e+01
7221	-7.272246e+01
7222	-7.493549e+01
7223	-7.427119e+01
7224	-7.694919e+01
7225	-7.380305e+01
7226	-7.222802e+01
7227	-7.527623e+01
7228	-7.564496e+01
7229	-7.450291e+01
7230	-7.066841e+01
7231	-7.444257e+01
7232	-7.291646e+01
7233	-7.259021e+01
7234	-7.348604e+01
7235	-7.478975e+01
7236	-7.735072e+01
7237	-7.286342e+01
7238	-6.897425e+01
7239	-7.125893e+01
7240	-7.752739e+01
7241	-7.482542e+01
7242	-7.446020e+01
7243	-7.386903e+01
7244	-7.378527e+01
7245	-7.762793e+01
7246	-7.364190e+01
7247	-7.235784e+01
7248	-7.164697e+01
7249	-7.451063e+01
7250	-7.190764e+01
7251	-7.311706e+01
7252	-7.171341e+01
7253	-7.359373e+01
7254	-7.599554e+01
7255	-7.336636e+01
7256	-7.325324e+01
7257	-7.068618e+01
7258	-7.322247e+01
7259	-7.483405e+01
7260	-7.416999e+01
7261	-7.358642e+01
7262	-7.437308e+01
7263	-7.422561e+01
7264	-7.182339e+01
7265	-7.452082e+01
7266	-7.125195e+01
7267	-7.585393e+01
7268	-7.354191e+01
7269	-6.911277e+01
7270	-6.961819e+01
7271	-7.323660e+01
7272	-7.399782e+01
7273	-7.217754e+01
7274	-6.815862e+01
7275	-7.556688e+01
7276	-7.344483e+01
7277	-7.385634e+01
7278	-7.281973e+01
7279	-7.296167e+01
7280	-7.524095e+01
7281	-7.223193e+01
7282	-7.443010e+01
7283	-7.146920e+01
7284	-7.644178e+01
7285	-7.324090e+01
7286	-7.280284e+01
7287	-6.935897e+01
7288	-6.827544e+01
7289	-7.457326e+01
7290	-7.464577e+01
7291	-7.369341e+01
7292	-7.507657e+01
7293	-7.196623e+01
7294	-7.334346e+01
7295	-6.890777e+01
7296	-7.451767e+01
7297	-7.366694e+01
7298	-7.487617e+01
7299	-7.277140e+01
7300	-7.491342e+01
7301	-7.123534e+01
7302	-7.678280e+01
7303	-7.310245e+01
7304	-7.527230e+01
7305	-7.086758e+01
7306	-7.269737e+01
7307	-7.465726e+01
7308	-7.233695e+01
7309	-6.869113e+01
7310	-7.276302e+01
7311	-7.351860e+01
7312	-7.490505e+01
7313	-7.140999e+01
7314	-7.445542e+01
7315	-7.531090e+01
7316	-7.153038e+01
7317	-7.719879e+01
7318	-7.427022e+01
7319	-7.251143e+01
7320	-7.449533e+01
7321	-7.353924e+01
7322	-7.444514e+01
7323	-7.433902e+01
7324	-6.994377e+01
7325	-7.092529e+01
7326	-7.202187e+01
7327	-7.641510e+01
7328	-7.401543e+01
7329	-7.613328e+01
7330	-7.327255e+01
7331	-7.398336e+01
7332	-7.244819e+01
7333	-7.361975e+01
7334	-7.294467e+01
7335	-7.052982e+01
7336	-7.185870e+01
7337	-7.270111e+01
7338	-7.316868e+01
7339	-7.209927e+01
7340	-7.278442e+01
7341	-7.336124e+01
7342	-7.159327e+01
7343	-7.830483e+01
7344	-7.489434e+01
7345	-6.943726e+01
7346	-6.991007e+01
7347	-7.181397e+01
7348	-7.146763e+01
7349	-7.184778e+01
7350	-7.424830e+01
7351	-7.059518e+01
7352	-7.336930e+01
7353	-7.235506e+01
7354	-7.251621e+01
7355	-7.611986e+01
7356	-7.669787e+01
7357	-7.128359e+01
7358	-7.424240e+01
7359	-7.247373e+01
7360	-7.551952e+01
7361	-7.715424e+01
7362	-7.418500e+01
7363	-7.344717e+01
7364	-7.170834e+01
7365	-7.347870e+01
7366	-6.941686e+01
7367	-6.966709e+01
7368	-7.015614e+01
7369	-7.904184e+01
7370	-6.984284e+01
7371	-7.685752e+01
7372	-6.920476e+01
7373	-7.034702e+01
7374	-7.349993e+01
7375	-7.365122e+01
7376	-7.259054e+01
7377	-7.143832e+01
7378	-7.305849e+01
7379	-7.250216e+01
7380	-7.233414e+01
7381	-7.226506e+01
7382	-7.402905e+01
7383	-7.347224e+01
7384	-7.063447e+01
7385	-7.465155e+01
7386	-7.278041e+01
7387	-7.313955e+01
7388	-7.547375e+01
7389	-6.942761e+01
7390	-7.370369e+01
7391	-7.513137e+01
7392	-7.613027e+01
7393	-7.468328e+01
7394	-7.283678e+01
7395	-6.856698e+01
7396	-7.486025e+01
7397	-7.367868e+01
7398	-7.665509e+01
7399	-7.336636e+01
7400	-7.352984e+01
7401	-7.411629e+01
7402	-7.074560e+01
7403	-7.356148e+01
7404	-7.509128e+01
7405	-7.562555e+01
7406	-7.189631e+01
7407	-7.574780e+01
7408	-7.424914e+01
7409	-7.502567e+01
7410	-7.116438e+01
7411	-7.547212e+01
7412	-7.327670e+01
7413	-7.362495e+01
7414	-7.283586e+01
7415	-7.365031e+01
7416	-7.251870e+01
7417	-7.271742e+01
7418	-7.276357e+01
7419	-7.194073e+01
7420	-7.163377e+01
7421	-7.450270e+01
7422	-7.407493e+01
7423	-7.301075e+01
7424	-7.305519e+01
7425	-7.391890e+01
7426	-7.348092e+01
7427	-7.085736e+01
7428	-7.478790e+01
7429	-7.234651e+01
7430	-7.324022e+01
7431	-7.368514e+01
7432	-7.157233e+01
7433	-7.555562e+01
7434	-7.132535e+01
7435	-7.438479e+01
7436	-7.846934e+01
7437	-7.492610e+01
7438	-7.246184e+01
7439	-7.133916e+01
7440	-7.364310e+01
7441	-7.345453e+01
7442	-7.050794e+01
7443	-7.051901e+01
7444	-7.401836e+01
7445	-7.369137e+01
7446	-7.365782e+01
7447	-7.318478e+01
7448	-7.468031e+01
7449	-7.391653e+01
7450	-7.143371e+01
7451	-7.280383e+01
7452	-7.231685e+01
7453	-7.973201e+01
7454	-7.479544e+01
7455	-6.969140e+01
7456	-7.340987e+01
7457	-7.411014e+01
7458	-7.490099e+01
7459	-7.363068e+01
7460	-7.635163e+01
7461	-7.589234e+01
7462	-7.447443e+01
7463	-7.163585e+01
7464	-7.170605e+01
7465	-7.536533e+01
7466	-7.315674e+01
7467	-7.201569e+01
7468	-7.393910e+01
7469	-6.991463e+01
7470	-7.355453e+01
7471	-7.242343e+01
7472	-7.350401e+01
7473	-7.593450e+01
7474	-7.243322e+01
7475	-7.344310e+01
7476	-7.370141e+01
7477	-7.586086e+01
7478	-7.308754e+01
7479	-7.226714e+01
7480	-7.054707e+01
7481	-7.133904e+01
7482	-7.377528e+01
7483	-7.508618e+01
7484	-7.249335e+01
7485	-7.442237e+01
7486	-7.317129e+01
7487	-7.438613e+01
7488	-7.467366e+01
7489	-7.400881e+01
7490	-6.935642e+01
7491	-7.369545e+01
7492	-7.226728e+01
7493	-7.089736e+01
7494	-7.345698e+01
7495	-7.341152e+01
7496	-7.352082e+01
7497	-7.098148e+01
7498	-7.110130e+01
7499	-7.043161e+01
7500	-7.097428e+01
7501	-7.338913e+01
7502	-7.033565e+01
7503	-7.517983e+01
7504	-7.596537e+01
7505	-7.576962e+01
7506	-7.810514e+01
7507	-7.273877e+01
7508	-7.420939e+01
7509	-6.830717e+01
7510	-7.495813e+01
7511	-7.408813e+01
7512	-7.190801e+01
7513	-7.416709e+01
7514	-7.545703e+01
7515	-7.596145e+01
7516	-7.610659e+01
7517	-6.797447e+01
7518	-7.673186e+01
7519	-7.473198e+01
7520	-7.685661e+01
7521	-7.339105e+01
7522	-7.201484e+01
7523	-6.969941e+01
7524	-7.360576e+01
7525	-7.332380e+01
7526	-7.444739e+01
7527	-7.211368e+01
7528	-7.344191e+01
7529	-7.754983e+01
7530	-7.606104e+01
7531	-7.396757e+01
7532	-7.294929e+01
7533	-7.512574e+01
7534	-7.325278e+01
7535	-7.300118e+01
7536	-7.584981e+01
7537	-7.288683e+01
7538	-7.953450e+01
7539	-7.461985e+01
7540	-7.295086e+01
7541	-7.194752e+01
7542	-7.220720e+01
7543	-7.226761e+01
7544	-7.604927e+01
7545	-7.414961e+01
7546	-6.979226e+01
7547	-7.329889e+01
7548	-7.111728e+01
7549	-7.389164e+01
7550	-7.322984e+01
7551	-7.093813e+01
7552	-7.308106e+01
7553	-7.297054e+01
7554	-7.454387e+01
7555	-7.516879e+01
7556	-7.318688e+01
7557	-7.519135e+01
7558	-7.082894e+01
7559	-7.451005e+01
7560	-7.260278e+01
7561	-7.397387e+01
7562	-7.132998e+01
7563	-7.272641e+01
7564	-7.185562e+01
7565	-7.458575e+01
7566	-7.283155e+01
7567	-7.504858e+01
7568	-7.345758e+01
7569	-7.670889e+01
7570	-7.434757e+01
7571	-7.382684e+01
7572	-7.480766e+01
7573	-7.662068e+01
7574	-7.224599e+01
7575	-7.253345e+01
7576	-7.599076e+01
7577	-7.540578e+01
7578	-7.068921e+01
7579	-7.417472e+01
7580	-7.097695e+01
7581	-7.395874e+01
7582	-7.406762e+01
7583	-7.565237e+01
7584	-7.570654e+01
7585	-7.424038e+01
7586	-7.486156e+01
7587	-7.376292e+01
7588	-7.408101e+01
7589	-7.169722e+01
7590	-7.563050e+01
7591	-7.338246e+01
7592	-7.324082e+01
7593	-7.338749e+01
7594	-7.571466e+01
7595	-7.544226e+01
7596	-6.969184e+01
7597	-7.113331e+01
7598	-7.305498e+01
7599	-7.371528e+01
7600	-7.077311e+01
7601	-7.267112e+01
7602	-7.219552e+01
7603	-7.328395e+01
7604	-7.131645e+01
7605	-7.224208e+01
7606	-7.350365e+01
7607	-7.283640e+01
7608	-7.156582e+01
7609	-7.078803e+01
7610	-7.505952e+01
7611	-7.379634e+01
7612	-7.321329e+01
7613	-7.465284e+01
7614	-7.463528e+01
7615	-7.337646e+01
7616	-7.227039e+01
7617	-7.098054e+01
7618	-6.891780e+01
7619	-7.322138e+01
7620	-7.385710e+01
7621	-7.710494e+01
7622	-7.268824e+01
7623	-7.676448e+01
7624	-7.222185e+01
7625	-6.890677e+01
7626	-7.330967e+01
7627	-7.840611e+01
7628	-7.231229e+01
7629	-7.487115e+01
7630	-7.304093e+01
7631	-7.684192e+01
7632	-7.261742e+01
7633	-7.256322e+01
7634	-7.135102e+01
7635	-7.107941e+01
7636	-7.124420e+01
7637	-7.115513e+01
7638	-7.605056e+01
7639	-6.891816e+01
7640	-7.190434e+01
7641	-7.556729e+01
7642	-7.453630e+01
7643	-7.540626e+01
7644	-7.312031e+01
7645	-7.326090e+01
7646	-7.212178e+01
7647	-7.317128e+01
7648	-7.306320e+01
7649	-7.488806e+01
7650	-7.649339e+01
7651	-7.370978e+01
7652	-7.550224e+01
7653	-7.086051e+01
7654	-7.477893e+01
7655	-7.132184e+01
7656	-7.233664e+01
7657	-7.463075e+01
7658	-7.081234e+01
7659	-7.201245e+01
7660	-6.908580e+01
7661	-7.017778e+01
7662	-7.392108e+01
7663	-7.212364e+01
7664	-7.447638e+01
7665	-7.529952e+01
7666	-7.138650e+01
7667	-7.268909e+01
7668	-7.320491e+01
7669	-7.443593e+01
7670	-7.178817e+01
7671	-7.207651e+01
7672	-7.538221e+01
7673	-7.447955e+01
7674	-7.138515e+01
7675	-7.207431e+01
7676	-7.333193e+01
7677	-7.816186e+01
7678	-7.083801e+01
7679	-7.155868e+01
7680	-7.364494e+01
7681	-7.340077e+01
7682	-7.422612e+01
7683	-7.434068e+01
7684	-7.545076e+01
7685	-7.242932e+01
7686	-7.016532e+01
7687	-7.458249e+01
7688	-7.096211e+01
7689	-7.452422e+01
7690	-7.481269e+01
7691	-7.234148e+01
7692	-7.653493e+01
7693	-7.440649e+01
7694	-7.031855e+01
7695	-7.409677e+01
7696	-7.101494e+01
7697	-7.013825e+01
7698	-7.386365e+01
7699	-7.625723e+01
7700	-7.568895e+01
7701	-7.270003e+01
7702	-7.687002e+01
7703	-7.413755e+01
7704	-7.186505e+01
7705	-7.110902e+01
7706	-7.321772e+01
7707	-7.404355e+01
7708	-7.149908e+01
7709	-7.520369e+01
7710	-7.434060e+01
7711	-6.894181e+01
7712	-7.103539e+01
7713	-7.198557e+01
7714	-6.924457e+01
7715	-6.966626e+01
7716	-7.358285e+01
7717	-7.330422e+01
7718	-7.061823e+01
7719	-7.407877e+01
7720	-7.172493e+01
7721	-7.178417e+01
7722	-7.015749e+01
7723	-7.282710e+01
7724	-7.104668e+01
7725	-7.207740e+01
7726	-7.181808e+01
7727	-7.100927e+01
7728	-7.620062e+01
7729	-7.178494e+01
7730	-7.247193e+01
7731	-7.326896e+01
7732	-7.387369e+01
7733	-7.290661e+01
7734	-7.488920e+01
7735	-7.268035e+01
7736	-7.206545e+01
7737	-7.272088e+01
7738	-7.468363e+01
7739	-7.603137e+01
7740	-7.877079e+01
7741	-7.257443e+01
7742	-7.369021e+01
7743	-7.365166e+01
7744	-7.387195e+01
7745	-7.566069e+01
7746	-7.342286e+01
7747	-7.401057e+01
7748	-7.113670e+01
7749	-7.491798e+01
7750	-7.231415e+01
7751	-7.330883e+01
7752	-7.351269e+01
7753	-7.121324e+01
7754	-7.083452e+01
7755	-7.099270e+01
7756	-7.334088e+01
7757	-7.788715e+01
7758	-7.578684e+01
7759	-7.158105e+01
7760	-7.545757e+01
7761	-7.620859e+01
7762	-7.283610e+01
7763	-7.463691e+01
7764	-7.337406e+01
7765	-7.083267e+01
7766	-7.144168e+01
7767	-7.372562e+01
7768	-7.324375e+01
7769	-7.265206e+01
7770	-7.475184e+01
7771	-7.236138e+01
7772	-7.308280e+01
7773	-7.550532e+01
7774	-7.428324e+01
7775	-7.526466e+01
7776	-7.431153e+01
7777	-6.936126e+01
7778	-7.493567e+01
7779	-7.909316e+01
7780	-7.205269e+01
7781	-7.172729e+01
7782	-7.150394e+01
7783	-7.559672e+01
7784	-7.218089e+01
7785	-7.424489e+01
7786	-7.195926e+01
7787	-7.162487e+01
7788	-7.437934e+01
7789	-7.323039e+01
7790	-7.189851e+01
7791	-7.063103e+01
7792	-7.367712e+01
7793	-7.424696e+01
7794	-7.257723e+01
7795	-7.179319e+01
7796	-7.390642e+01
7797	-7.110050e+01
7798	-7.055255e+01
7799	-7.494605e+01
7800	-7.232095e+01
7801	-7.521251e+01
7802	-7.396148e+01
7803	-7.498133e+01
7804	-6.982520e+01
7805	-7.096171e+01
7806	-7.793815e+01
7807	-7.483558e+01
7808	-7.501465e+01
7809	-7.237842e+01
7810	-7.578408e+01
7811	-7.301817e+01
7812	-7.122499e+01
7813	-7.417617e+01
7814	-7.510341e+01
7815	-7.464356e+01
7816	-7.555887e+01
7817	-7.423779e+01
7818	-7.289397e+01
7819	-7.842539e+01
7820	-7.728193e+01
7821	-7.495368e+01
7822	-7.035688e+01
7823	-7.354807e+01
7824	-7.241410e+01
7825	-7.424669e+01
7826	-6.921049e+01
7827	-7.268444e+01
7828	-7.543108e+01
7829	-7.215632e+01
7830	-7.175576e+01
7831	-7.314017e+01
7832	-7.265372e+01
7833	-7.224446e+01
7834	-7.273735e+01
7835	-7.152895e+01
7836	-7.577838e+01
7837	-7.384635e+01
7838	-7.375319e+01
7839	-7.406982e+01
7840	-7.488640e+01
7841	-7.649220e+01
7842	-7.257741e+01
7843	-7.690037e+01
7844	-7.090726e+01
7845	-7.146128e+01
7846	-7.327357e+01
7847	-7.520279e+01
7848	-7.269530e+01
7849	-7.308339e+01
7850	-7.155305e+01
7851	-7.725572e+01
7852	-7.637972e+01
7853	-7.256003e+01
7854	-7.501188e+01
7855	-7.387204e+01
7856	-7.335262e+01
7857	-7.421513e+01
7858	-7.094008e+01
7859	-7.402951e+01
7860	-6.794625e+01
7861	-7.505539e+01
7862	-7.809906e+01
7863	-7.744333e+01
7864	-7.273034e+01
7865	-7.100299e+01
7866	-7.442601e+01
7867	-7.468584e+01
7868	-7.152310e+01
7869	-7.496070e+01
7870	-7.193747e+01
7871	-7.306334e+01
7872	-7.409654e+01
7873	-7.447108e+01
7874	-7.352019e+01
7875	-7.192677e+01
7876	-7.516948e+01
7877	-7.221473e+01
7878	-7.637873e+01
7879	-7.542189e+01
7880	-7.424586e+01
7881	-7.785219e+01
7882	-7.536510e+01
7883	-7.071485e+01
7884	-7.513956e+01
7885	-7.560961e+01
7886	-7.205037e+01
7887	-7.317739e+01
7888	-7.338933e+01
7889	-7.616685e+01
7890	-7.181081e+01
7891	-7.096820e+01
7892	-7.185153e+01
7893	-7.128980e+01
7894	-7.571782e+01
7895	-7.317181e+01
7896	-7.664837e+01
7897	-7.373581e+01
7898	-7.423732e+01
7899	-7.184922e+01
7900	-7.680656e+01
7901	-7.171809e+01
7902	-7.404617e+01
7903	-7.609774e+01
7904	-7.097063e+01
7905	-7.291566e+01
7906	-7.397732e+01
7907	-7.591079e+01
7908	-7.186696e+01
7909	-7.473809e+01
7910	-7.219969e+01
7911	-7.338510e+01
7912	-7.150567e+01
7913	-7.180134e+01
7914	-7.450286e+01
7915	-7.382566e+01
7916	-7.661357e+01
7917	-7.638795e+01
7918	-7.452691e+01
7919	-7.229299e+01
7920	-7.229158e+01
7921	-7.840199e+01
7922	-7.313502e+01
7923	-7.320837e+01
7924	-7.227007e+01
7925	-6.956400e+01
7926	-7.558916e+01
7927	-7.269075e+01
7928	-7.029483e+01
7929	-7.388184e+01
7930	-7.836321e+01
7931	-7.380448e+01
7932	-7.246231e+01
7933	-7.242230e+01
7934	-7.248187e+01
7935	-7.340505e+01
7936	-7.282411e+01
7937	-7.355076e+01
7938	-7.308279e+01
7939	-7.141505e+01
7940	-7.207106e+01
7941	-7.291949e+01
7942	-7.333111e+01
7943	-7.325665e+01
7944	-7.350346e+01
7945	-7.611711e+01
7946	-7.030467e+01
7947	-7.345949e+01
7948	-7.416340e+01
7949	-6.938369e+01
7950	-7.166913e+01
7951	-7.374364e+01
7952	-7.288441e+01
7953	-7.394033e+01
7954	-7.224160e+01
7955	-7.358564e+01
7956	-7.485071e+01
7957	-7.159521e+01
7958	-7.657553e+01
7959	-7.294742e+01
7960	-7.092578e+01
7961	-7.001269e+01
7962	-7.142435e+01
7963	-7.510997e+01
7964	-7.267831e+01
7965	-7.637375e+01
7966	-7.338759e+01
7967	-7.045102e+01
7968	-7.264843e+01
7969	-7.198842e+01
7970	-7.310163e+01
7971	-7.383167e+01
7972	-7.498743e+01
7973	-7.347606e+01
7974	-7.499875e+01
7975	-7.597209e+01
7976	-7.584505e+01
7977	-7.381927e+01
7978	-7.194925e+01
7979	-7.285393e+01
7980	-7.514574e+01
7981	-7.326879e+01
7982	-7.705716e+01
7983	-7.200442e+01
7984	-7.327251e+01
7985	-7.400997e+01
7986	-7.464797e+01
7987	-7.662905e+01
7988	-7.546683e+01
7989	-7.201777e+01
7990	-7.721036e+01
7991	-7.332323e+01
7992	-7.486853e+01
7993	-7.479778e+01
7994	-7.397716e+01
7995	-7.601023e+01
7996	-7.216204e+01
7997	-7.262732e+01
7998	-7.944504e+01
7999	-7.408760e+01
8000	-7.432249e+01
8001	-7.336067e+01
8002	-7.110122e+01
8003	-7.487518e+01
8004	-7.186773e+01
8005	-7.326078e+01
8006	-7.268439e+01
8007	-7.143955e+01
8008	-7.169302e+01
8009	-7.465135e+01
8010	-7.265183e+01
8011	-7.453449e+01
8012	-7.479614e+01
8013	-7.107756e+01
8014	-7.316496e+01
8015	-7.376563e+01
8016	-7.160892e+01
8017	-7.366131e+01
8018	-7.448093e+01
8019	-7.316653e+01
8020	-7.295652e+01
8021	-7.265837e+01
8022	-7.163204e+01
8023	-7.345174e+01
8024	-7.749386e+01
8025	-7.208301e+01
8026	-7.280488e+01
8027	-7.353227e+01
8028	-7.095373e+01
8029	-7.333823e+01
8030	-7.388587e+01
8031	-7.244686e+01
8032	-7.127955e+01
8033	-7.041674e+01
8034	-7.462417e+01
8035	-7.121748e+01
8036	-6.967784e+01
8037	-7.270167e+01
8038	-7.499354e+01
8039	-7.386882e+01
8040	-7.716036e+01
8041	-7.194089e+01
8042	-7.307001e+01
8043	-7.008252e+01
8044	-7.726766e+01
8045	-7.213039e+01
8046	-7.611230e+01
8047	-7.511624e+01
8048	-7.278062e+01
8049	-7.232927e+01
8050	-7.224319e+01
8051	-7.310604e+01
8052	-7.588668e+01
8053	-7.282812e+01
8054	-7.286688e+01
8055	-7.285865e+01
8056	-7.714110e+01
8057	-7.113915e+01
8058	-7.362603e+01
8059	-7.235055e+01
8060	-7.114092e+01
8061	-7.191269e+01
8062	-7.604846e+01
8063	-7.644516e+01
8064	-7.148205e+01
8065	-7.149563e+01
8066	-7.100045e+01
8067	-7.454799e+01
8068	-7.458932e+01
8069	-7.009747e+01
8070	-7.573088e+01
8071	-7.395888e+01
8072	-7.755127e+01
8073	-7.267763e+01
8074	-7.204258e+01
8075	-7.362840e+01
8076	-6.990311e+01
8077	-7.488434e+01
8078	-7.182533e+01
8079	-7.412154e+01
8080	-7.364839e+01
8081	-7.096577e+01
8082	-7.427533e+01
8083	-7.118395e+01
8084	-6.971739e+01
8085	-7.377661e+01
8086	-7.086411e+01
8087	-7.051942e+01
8088	-7.111667e+01
8089	-7.480409e+01
8090	-7.325248e+01
8091	-7.518792e+01
8092	-7.165955e+01
8093	-7.142162e+01
8094	-7.253295e+01
8095	-7.193108e+01
8096	-6.986940e+01
8097	-7.423244e+01
8098	-7.400214e+01
8099	-7.398777e+01
8100	-7.090304e+01
8101	-7.306984e+01
8102	-7.358511e+01
8103	-7.367336e+01
8104	-7.657796e+01
8105	-7.485875e+01
8106	-7.143801e+01
8107	-7.575848e+01
8108	-7.003633e+01
8109	-7.436535e+01
8110	-7.435564e+01
8111	-7.178064e+01
8112	-7.098093e+01
8113	-7.861792e+01
8114	-7.733171e+01
8115	-7.061302e+01
8116	-7.494673e+01
8117	-7.700411e+01
8118	-7.568901e+01
8119	-7.066575e+01
8120	-7.092827e+01
8121	-7.742281e+01
8122	-7.393990e+01
8123	-7.371211e+01
8124	-7.178926e+01
8125	-7.308453e+01
8126	-7.563345e+01
8127	-7.461732e+01
8128	-7.243274e+01
8129	-7.657758e+01
8130	-7.171894e+01
8131	-7.081460e+01
8132	-7.169576e+01
8133	-7.121369e+01
8134	-7.390415e+01
8135	-7.308124e+01
8136	-7.440485e+01
8137	-7.629853e+01
8138	-7.617881e+01
8139	-7.436202e+01
8140	-7.336286e+01
8141	-7.232472e+01
8142	-7.283633e+01
8143	-7.029616e+01
8144	-7.372589e+01
8145	-7.263377e+01
8146	-7.336360e+01
8147	-7.548983e+01
8148	-7.413758e+01
8149	-7.758369e+01
8150	-7.229732e+01
8151	-7.093490e+01
8152	-7.356991e+01
8153	-7.249581e+01
8154	-6.934014e+01
8155	-7.370344e+01
8156	-7.270367e+01
8157	-7.352306e+01
8158	-7.560978e+01
8159	-7.183482e+01
8160	-7.422111e+01
8161	-7.199867e+01
8162	-6.955102e+01
8163	-7.216399e+01
8164	-7.161206e+01
8165	-7.260030e+01
8166	-6.973416e+01
8167	-7.411076e+01
8168	-7.406908e+01
8169	-7.221416e+01
8170	-7.437163e+01
8171	-7.325502e+01
8172	-7.529925e+01
8173	-7.034964e+01
8174	-7.236127e+01
8175	-7.263622e+01
8176	-7.672894e+01
8177	-7.768090e+01
8178	-7.338295e+01
8179	-7.516581e+01
8180	-6.935494e+01
8181	-7.107729e+01
8182	-7.267117e+01
8183	-7.528180e+01
8184	-7.169365e+01
8185	-7.055080e+01
8186	-7.373019e+01
8187	-7.579640e+01
8188	-7.081191e+01
8189	-7.299020e+01
8190	-7.201796e+01
8191	-7.348228e+01
8192	-7.010960e+01
8193	-7.382189e+01
8194	-7.544029e+01
8195	-7.395527e+01
8196	-7.319046e+01
8197	-7.027899e+01
8198	-7.243648e+01
8199	-7.499183e+01
8200	-7.353362e+01
8201	-7.415546e+01
8202	-7.361970e+01
8203	-7.618097e+01
8204	-7.366306e+01
8205	-7.190194e+01
8206	-7.649790e+01
8207	-7.400004e+01
8208	-7.190952e+01
8209	-7.451267e+01
8210	-7.474123e+01
8211	-7.260119e+01
8212	-7.356272e+01
8213	-7.056358e+01
8214	-7.461019e+01
8215	-7.509819e+01
8216	-7.205161e+01
8217	-7.432452e+01
8218	-7.495486e+01
8219	-7.289101e+01
8220	-7.636727e+01
8221	-7.495330e+01
8222	-7.398041e+01
8223	-7.489534e+01
8224	-7.437373e+01
8225	-7.040170e+01
8226	-7.596500e+01
8227	-7.326739e+01
8228	-7.476713e+01
8229	-7.262221e+01
8230	-7.482802e+01
8231	-7.380102e+01
8232	-7.478628e+01
8233	-7.153628e+01
8234	-6.975646e+01
8235	-7.277671e+01
8236	-6.929344e+01
8237	-7.546418e+01
8238	-7.290384e+01
8239	-7.586908e+01
8240	-7.222267e+01
8241	-7.130424e+01
8242	-6.969852e+01
8243	-7.261327e+01
8244	-7.274215e+01
8245	-7.256369e+01
8246	-7.350573e+01
8247	-7.208937e+01
8248	-7.297182e+01
8249	-7.458672e+01
8250	-7.016995e+01
8251	-7.305606e+01
8252	-7.214287e+01
8253	-7.411296e+01
8254	-7.660900e+01
8255	-7.197704e+01
8256	-7.338117e+01
8257	-7.666896e+01
8258	-7.330913e+01
8259	-7.562350e+01
8260	-7.223271e+01
8261	-7.240940e+01
8262	-7.117686e+01
8263	-7.241740e+01
8264	-7.391438e+01
8265	-7.300277e+01
8266	-7.064954e+01
8267	-7.575300e+01
8268	-7.100933e+01
8269	-7.575707e+01
8270	-7.263306e+01
8271	-7.181520e+01
8272	-7.130855e+01
8273	-7.535118e+01
8274	-7.423719e+01
8275	-7.215207e+01
8276	-7.403015e+01
8277	-7.614504e+01
8278	-7.103520e+01
8279	-7.359652e+01
8280	-7.316186e+01
8281	-7.312468e+01
8282	-7.428486e+01
8283	-7.199340e+01
8284	-7.283701e+01
8285	-7.335738e+01
8286	-7.140812e+01
8287	-7.473263e+01
8288	-7.486950e+01
8289	-7.104116e+01
8290	-7.385348e+01
8291	-7.035484e+01
8292	-7.248535e+01
8293	-7.051557e+01
8294	-6.882328e+01
8295	-7.269250e+01
8296	-7.101869e+01
8297	-7.629413e+01
8298	-7.662156e+01
8299	-7.036035e+01
8300	-7.107555e+01
8301	-7.253997e+01
8302	-7.302691e+01
8303	-7.594923e+01
8304	-7.384818e+01
8305	-7.403311e+01
8306	-7.297787e+01
8307	-7.363961e+01
8308	-7.374778e+01
8309	-7.260522e+01
8310	-7.311855e+01
8311	-7.082551e+01
8312	-7.335263e+01
8313	-7.026674e+01
8314	-6.812573e+01
8315	-7.612994e+01
8316	-7.118872e+01
8317	-7.357618e+01
8318	-7.317168e+01
8319	-6.991301e+01
8320	-7.470751e+01
8321	-7.499497e+01
8322	-7.098973e+01
8323	-7.574403e+01
8324	-7.507454e+01
8325	-7.215702e+01
8326	-7.051323e+01
8327	-7.236098e+01
8328	-7.232840e+01
8329	-7.301280e+01
8330	-7.182306e+01
8331	-7.475719e+01
8332	-7.319486e+01
8333	-7.068661e+01
8334	-7.272333e+01
8335	-7.364793e+01
8336	-7.240860e+01
8337	-6.900974e+01
8338	-7.226989e+01
8339	-7.300956e+01
8340	-7.393296e+01
8341	-7.197596e+01
8342	-7.590612e+01
8343	-7.565101e+01
8344	-7.309384e+01
8345	-7.361013e+01
8346	-7.562747e+01
8347	-7.223645e+01
8348	-7.374399e+01
8349	-7.076391e+01
8350	-7.419733e+01
8351	-7.264639e+01
8352	-7.045464e+01
8353	-7.126822e+01
8354	-7.104568e+01
8355	-7.670440e+01
8356	-7.463316e+01
8357	-7.440515e+01
8358	-7.264082e+01
8359	-7.663605e+01
8360	-7.181451e+01
8361	-7.676432e+01
8362	-7.625987e+01
8363	-7.487106e+01
8364	-6.996447e+01
8365	-7.519018e+01
8366	-7.247366e+01
8367	-7.714979e+01
8368	-7.284317e+01
8369	-7.290445e+01
8370	-7.459723e+01
8371	-7.490964e+01
8372	-7.251955e+01
8373	-7.359495e+01
8374	-6.947545e+01
8375	-7.361151e+01
8376	-7.372646e+01
8377	-7.513718e+01
8378	-6.967313e+01
8379	-7.677487e+01
8380	-7.550680e+01
8381	-7.423857e+01
8382	-7.551494e+01
8383	-7.361316e+01
8384	-7.653025e+01
8385	-6.952370e+01
8386	-7.040013e+01
8387	-7.322898e+01
8388	-7.936281e+01
8389	-7.540065e+01
8390	-7.478916e+01
8391	-7.415437e+01
8392	-7.461303e+01
8393	-7.318221e+01
8394	-7.152952e+01
8395	-7.316480e+01
8396	-7.480256e+01
8397	-7.289240e+01
8398	-7.223645e+01
8399	-7.081334e+01
8400	-7.523002e+01
8401	-7.483218e+01
8402	-7.518817e+01
8403	-7.425994e+01
8404	-7.205876e+01
8405	-7.332207e+01
8406	-7.362479e+01
8407	-7.380692e+01
8408	-6.966353e+01
8409	-7.569850e+01
8410	-7.316335e+01
8411	-7.475620e+01
8412	-7.293592e+01
8413	-6.857030e+01
8414	-7.563113e+01
8415	-7.907008e+01
8416	-7.532339e+01
8417	-7.163250e+01
8418	-6.990577e+01
8419	-7.407040e+01
8420	-7.268088e+01
8421	-7.023937e+01
8422	-7.072286e+01
8423	-7.739371e+01
8424	-7.033248e+01
8425	-7.486344e+01
8426	-7.220407e+01
8427	-7.241596e+01
8428	-7.190261e+01
8429	-7.111570e+01
8430	-7.206389e+01
8431	-7.267859e+01
8432	-7.704089e+01
8433	-7.571063e+01
8434	-7.616671e+01
8435	-6.945292e+01
8436	-7.378232e+01
8437	-7.449155e+01
8438	-7.234675e+01
8439	-7.279132e+01
8440	-7.029526e+01
8441	-7.150866e+01
8442	-7.208400e+01
8443	-7.081613e+01
8444	-7.304799e+01
8445	-7.657675e+01
8446	-7.315944e+01
8447	-7.175338e+01
8448	-7.417875e+01
8449	-7.388617e+01
8450	-7.237930e+01
8451	-7.480884e+01
8452	-7.398300e+01
8453	-7.093940e+01
8454	-7.641990e+01
8455	-7.443142e+01
8456	-7.621917e+01
8457	-7.218048e+01
8458	-7.528505e+01
8459	-7.313218e+01
8460	-7.155966e+01
8461	-6.998731e+01
8462	-7.407117e+01
8463	-7.425733e+01
8464	-7.115214e+01
8465	-7.390547e+01
8466	-7.108477e+01
8467	-7.301662e+01
8468	-7.165903e+01
8469	-6.887132e+01
8470	-7.615333e+01
8471	-7.189388e+01
8472	-7.363831e+01
8473	-7.537768e+01
8474	-7.696036e+01
8475	-7.855004e+01
8476	-7.144097e+01
8477	-7.183497e+01
8478	-7.208053e+01
8479	-7.755856e+01
8480	-7.302342e+01
8481	-7.698403e+01
8482	-7.559871e+01
8483	-6.764474e+01
8484	-7.407331e+01
8485	-7.416228e+01
8486	-7.606158e+01
8487	-7.065559e+01
8488	-7.120157e+01
8489	-7.426066e+01
8490	-7.323373e+01
8491	-7.324118e+01
8492	-7.299941e+01
8493	-7.441452e+01
8494	-7.076170e+01
8495	-7.543594e+01
8496	-7.557903e+01
8497	-7.386357e+01
8498	-7.254553e+01
8499	-7.234509e+01
8500	-7.208285e+01
8501	-7.483505e+01
8502	-7.079543e+01
8503	-7.089820e+01
8504	-7.691454e+01
8505	-7.183478e+01
8506	-7.356588e+01
8507	-7.201143e+01
8508	-7.536555e+01
8509	-7.393359e+01
8510	-7.356486e+01
8511	-7.543812e+01
8512	-7.729919e+01
8513	-7.332255e+01
8514	-7.214214e+01
8515	-7.461171e+01
8516	-7.350280e+01
8517	-7.074508e+01
8518	-7.321639e+01
8519	-7.120742e+01
8520	-7.587235e+01
8521	-7.526820e+01
8522	-7.496851e+01
8523	-7.071838e+01
8524	-7.606924e+01
8525	-7.040171e+01
8526	-7.538213e+01
8527	-7.292851e+01
8528	-7.277576e+01
8529	-7.009140e+01
8530	-7.520179e+01
8531	-7.566951e+01
8532	-7.478110e+01
8533	-7.346804e+01
8534	-7.493261e+01
8535	-7.665036e+01
8536	-7.294624e+01
8537	-7.557425e+01
8538	-7.028324e+01
8539	-7.037656e+01
8540	-7.321334e+01
8541	-7.199980e+01
8542	-7.519449e+01
8543	-7.249423e+01
8544	-7.166321e+01
8545	-7.512722e+01
8546	-7.377591e+01
8547	-7.280753e+01
8548	-7.275985e+01
8549	-7.334605e+01
8550	-7.269678e+01
8551	-7.438409e+01
8552	-7.105115e+01
8553	-7.207569e+01
8554	-6.984126e+01
8555	-7.102464e+01
8556	-7.252722e+01
8557	-7.024699e+01
8558	-7.200656e+01
8559	-7.173794e+01
8560	-7.495765e+01
8561	-7.252802e+01
8562	-7.328989e+01
8563	-7.088756e+01
8564	-7.109944e+01
8565	-7.500320e+01
8566	-7.218100e+01
8567	-7.213827e+01
8568	-7.465748e+01
8569	-7.172013e+01
8570	-7.419776e+01
8571	-7.339982e+01
8572	-7.468441e+01
8573	-7.272686e+01
8574	-7.197608e+01
8575	-7.488296e+01
8576	-7.312827e+01
8577	-7.346953e+01
8578	-7.198384e+01
8579	-7.145070e+01
8580	-7.568560e+01
8581	-7.547492e+01
8582	-7.590070e+01
8583	-7.313610e+01
8584	-7.473956e+01
8585	-7.408547e+01
8586	-7.407927e+01
8587	-7.640661e+01
8588	-7.119116e+01
8589	-7.472495e+01
8590	-7.186321e+01
8591	-7.604722e+01
8592	-7.724414e+01
8593	-7.539817e+01
8594	-7.527599e+01
8595	-7.588402e+01
8596	-7.369714e+01
8597	-7.199362e+01
8598	-7.240723e+01
8599	-7.103207e+01
8600	-7.145120e+01
8601	-7.217927e+01
8602	-6.949055e+01
8603	-7.233900e+01
8604	-7.281303e+01
8605	-7.563380e+01
8606	-8.022954e+01
8607	-7.187811e+01
8608	-7.267993e+01
8609	-7.228904e+01
8610	-7.138714e+01
8611	-7.505567e+01
8612	-7.671773e+01
8613	-7.396765e+01
8614	-7.002356e+01
8615	-7.189221e+01
8616	-7.432081e+01
8617	-7.365339e+01
8618	-7.699375e+01
8619	-7.369172e+01
8620	-7.018529e+01
8621	-7.521437e+01
8622	-7.203420e+01
8623	-7.427915e+01
8624	-7.205037e+01
8625	-7.309623e+01
8626	-7.525055e+01
8627	-7.520080e+01
8628	-7.523506e+01
8629	-7.623620e+01
8630	-7.675541e+01
8631	-7.559954e+01
8632	-7.895520e+01
8633	-7.595469e+01
8634	-7.372579e+01
8635	-7.396794e+01
8636	-7.224557e+01
8637	-6.840017e+01
8638	-7.348550e+01
8639	-7.517227e+01
8640	-7.377606e+01
8641	-7.115513e+01
8642	-7.519762e+01
8643	-7.204000e+01
8644	-7.450792e+01
8645	-7.366797e+01
8646	-7.481588e+01
8647	-7.395127e+01
8648	-7.462983e+01
8649	-7.467977e+01
8650	-7.296252e+01
8651	-7.268646e+01
8652	-7.491497e+01
8653	-7.016439e+01
8654	-7.206792e+01
8655	-7.435008e+01
8656	-7.157768e+01
8657	-7.230852e+01
8658	-7.383363e+01
8659	-7.506092e+01
8660	-7.733041e+01
8661	-7.168875e+01
8662	-6.838203e+01
8663	-7.416944e+01
8664	-7.339645e+01
8665	-7.193809e+01
8666	-7.116843e+01
8667	-7.157937e+01
8668	-7.733250e+01
8669	-7.803627e+01
8670	-7.270509e+01
8671	-6.911247e+01
8672	-7.307271e+01
8673	-7.439630e+01
8674	-7.195597e+01
8675	-7.597193e+01
8676	-7.191360e+01
8677	-7.327313e+01
8678	-7.760182e+01
8679	-7.483831e+01
8680	-6.821822e+01
8681	-7.595853e+01
8682	-7.468863e+01
8683	-7.060839e+01
8684	-7.382793e+01
8685	-7.366065e+01
8686	-7.347438e+01
8687	-7.461435e+01
8688	-7.467505e+01
8689	-7.225053e+01
8690	-7.321847e+01
8691	-7.550358e+01
8692	-7.588132e+01
8693	-7.346395e+01
8694	-7.303437e+01
8695	-7.658660e+01
8696	-7.313252e+01
8697	-7.384644e+01
8698	-7.153840e+01
8699	-7.079075e+01
8700	-7.278831e+01
8701	-7.227307e+01
8702	-7.606038e+01
8703	-7.193635e+01
8704	-7.446534e+01
8705	-7.498817e+01
8706	-7.359814e+01
8707	-7.416137e+01
8708	-6.889125e+01
8709	-7.258710e+01
8710	-7.569119e+01
8711	-7.176825e+01
8712	-7.404981e+01
8713	-7.198463e+01
8714	-7.398121e+01
8715	-7.429283e+01
8716	-7.205324e+01
8717	-7.420915e+01
8718	-7.338230e+01
8719	-6.986911e+01
8720	-7.610583e+01
8721	-7.440880e+01
8722	-7.458245e+01
8723	-7.338504e+01
8724	-7.127650e+01
8725	-7.230864e+01
8726	-7.400079e+01
8727	-7.221310e+01
8728	-7.224958e+01
8729	-7.366147e+01
8730	-7.004710e+01
8731	-7.426299e+01
8732	-7.218385e+01
8733	-7.469347e+01
8734	-7.417159e+01
8735	-7.164459e+01
8736	-7.013106e+01
8737	-7.206071e+01
8738	-7.108034e+01
8739	-7.143691e+01
8740	-7.680412e+01
8741	-7.124523e+01
8742	-7.169118e+01
8743	-7.295359e+01
8744	-7.120565e+01
8745	-7.433970e+01
8746	-6.602014e+01
8747	-7.517957e+01
8748	-7.288008e+01
8749	-7.454202e+01
8750	-7.266497e+01
8751	-7.363746e+01
8752	-7.289603e+01
8753	-7.272014e+01
8754	-7.464584e+01
8755	-7.300667e+01
8756	-7.044529e+01
8757	-7.064602e+01
8758	-7.437330e+01
8759	-7.390155e+01
8760	-7.618579e+01
8761	-7.609316e+01
8762	-7.314173e+01
8763	-7.424703e+01
8764	-7.524651e+01
8765	-7.224289e+01
8766	-7.433903e+01
8767	-7.338205e+01
8768	-7.629709e+01
8769	-7.451744e+01
8770	-7.152915e+01
8771	-7.297190e+01
8772	-7.809276e+01
8773	-7.594917e+01
8774	-7.605456e+01
8775	-7.932680e+01
8776	-7.179574e+01
8777	-7.482077e+01
8778	-7.344989e+01
8779	-7.468613e+01
8780	-7.250058e+01
8781	-6.834082e+01
8782	-7.369770e+01
8783	-7.203974e+01
8784	-7.305833e+01
8785	-7.450270e+01
8786	-7.323537e+01
8787	-7.390282e+01
8788	-7.227265e+01
8789	-7.183449e+01
8790	-7.337420e+01
8791	-7.335241e+01
8792	-7.203783e+01
8793	-7.566217e+01
8794	-7.260556e+01
8795	-7.320083e+01
8796	-7.246591e+01
8797	-7.492269e+01
8798	-7.555188e+01
8799	-7.630515e+01
8800	-7.447958e+01
8801	-7.394766e+01
8802	-7.309767e+01
8803	-7.340196e+01
8804	-7.376084e+01
8805	-7.306550e+01
8806	-7.317067e+01
8807	-7.451499e+01
8808	-7.719404e+01
8809	-7.162065e+01
8810	-7.456121e+01
8811	-7.275062e+01
8812	-7.102339e+01
8813	-7.411734e+01
8814	-7.187019e+01
8815	-7.702050e+01
8816	-7.075659e+01
8817	-7.470075e+01
8818	-7.064104e+01
8819	-7.318469e+01
8820	-7.046880e+01
8821	-7.362427e+01
8822	-7.549050e+01
8823	-7.173231e+01
8824	-7.452463e+01
8825	-7.246134e+01
8826	-7.124268e+01
8827	-7.342148e+01
8828	-7.780704e+01
8829	-7.313474e+01
8830	-7.415443e+01
8831	-7.379709e+01
8832	-7.232901e+01
8833	-7.266180e+01
8834	-7.682289e+01
8835	-6.994570e+01
8836	-7.267490e+01
8837	-7.420853e+01
8838	-7.557578e+01
8839	-7.717131e+01
8840	-6.909655e+01
8841	-7.141525e+01
8842	-7.688918e+01
8843	-7.145943e+01
8844	-7.468914e+01
8845	-7.308849e+01
8846	-7.227379e+01
8847	-7.028700e+01
8848	-7.245275e+01
8849	-7.317963e+01
8850	-7.327900e+01
8851	-7.411844e+01
8852	-7.588323e+01
8853	-7.129128e+01
8854	-7.259313e+01
8855	-7.267549e+01
8856	-7.142022e+01
8857	-7.406467e+01
8858	-7.329921e+01
8859	-7.255607e+01
8860	-7.275356e+01
8861	-7.356898e+01
8862	-6.976920e+01
8863	-7.209003e+01
8864	-7.306466e+01
8865	-7.510255e+01
8866	-7.475278e+01
8867	-7.338312e+01
8868	-7.297582e+01
8869	-7.260442e+01
8870	-7.429375e+01
8871	-7.344589e+01
8872	-7.406281e+01
8873	-7.670815e+01
8874	-7.388816e+01
8875	-7.269330e+01
8876	-7.367000e+01
8877	-7.736248e+01
8878	-7.494365e+01
8879	-7.340869e+01
8880	-7.275156e+01
8881	-7.457976e+01
8882	-7.233291e+01
8883	-7.603955e+01
8884	-7.340899e+01
8885	-7.251859e+01
8886	-7.496250e+01
8887	-7.383219e+01
8888	-7.720891e+01
8889	-7.353256e+01
8890	-7.390651e+01
8891	-7.456222e+01
8892	-7.276839e+01
8893	-7.213635e+01
8894	-7.286971e+01
8895	-7.048583e+01
8896	-7.262533e+01
8897	-7.495085e+01
8898	-7.229228e+01
8899	-7.050170e+01
8900	-7.235959e+01
8901	-7.553001e+01
8902	-6.927472e+01
8903	-7.517669e+01
8904	-7.445564e+01
8905	-7.691229e+01
8906	-7.007879e+01
8907	-7.008265e+01
8908	-7.296738e+01
8909	-6.997992e+01
8910	-7.223756e+01
8911	-7.296488e+01
8912	-7.182334e+01
8913	-7.222206e+01
8914	-7.599512e+01
8915	-7.537607e+01
8916	-7.360143e+01
8917	-6.907552e+01
8918	-7.394279e+01
8919	-7.388178e+01
8920	-7.410997e+01
8921	-7.425717e+01
8922	-7.534575e+01
8923	-7.509982e+01
8924	-7.530953e+01
8925	-7.585938e+01
8926	-7.367299e+01
8927	-7.196445e+01
8928	-7.055448e+01
8929	-7.641951e+01
8930	-7.167763e+01
8931	-7.325553e+01
8932	-7.437741e+01
8933	-7.205436e+01
8934	-7.398984e+01
8935	-7.484554e+01
8936	-7.326103e+01
8937	-7.181057e+01
8938	-7.518989e+01
8939	-7.440528e+01
8940	-7.455750e+01
8941	-7.771922e+01
8942	-7.402751e+01
8943	-7.536904e+01
8944	-7.536356e+01
8945	-7.331181e+01
8946	-7.694062e+01
8947	-7.348520e+01
8948	-7.536916e+01
8949	-7.186888e+01
8950	-7.138337e+01
8951	-7.440950e+01
8952	-7.758004e+01
8953	-7.589680e+01
8954	-7.276343e+01
8955	-7.447703e+01
8956	-7.178642e+01
8957	-7.187546e+01
8958	-7.257577e+01
8959	-7.322399e+01
8960	-7.560355e+01
8961	-7.367497e+01
8962	-6.973310e+01
8963	-7.835978e+01
8964	-7.575681e+01
8965	-7.060566e+01
8966	-7.096130e+01
8967	-7.344293e+01
8968	-7.499872e+01
8969	-7.410112e+01
8970	-7.394763e+01
8971	-7.030322e+01
8972	-7.351271e+01
8973	-7.202653e+01
8974	-7.379505e+01
8975	-7.100719e+01
8976	-7.397937e+01
8977	-7.329532e+01
8978	-7.066454e+01
8979	-7.005749e+01
8980	-7.292118e+01
8981	-7.396532e+01
8982	-7.131138e+01
8983	-7.226241e+01
8984	-7.059152e+01
8985	-6.942547e+01
8986	-7.244401e+01
8987	-7.462736e+01
8988	-7.344717e+01
8989	-7.468884e+01
8990	-7.397293e+01
8991	-7.584751e+01
8992	-7.485260e+01
8993	-7.268641e+01
8994	-7.468211e+01
8995	-7.386941e+01
8996	-7.468424e+01
8997	-7.387711e+01
8998	-7.398588e+01
8999	-7.182269e+01
9000	-7.498061e+01
9001	-7.315010e+01
9002	-7.443441e+01
9003	-7.472963e+01
9004	-7.787000e+01
9005	-7.230225e+01
9006	-7.302064e+01
9007	-7.507127e+01
9008	-7.416086e+01
9009	-7.355792e+01
9010	-7.377450e+01
9011	-7.531149e+01
9012	-7.459178e+01
9013	-7.238551e+01
9014	-7.589994e+01
9015	-7.269363e+01
9016	-7.048529e+01
9017	-6.996226e+01
9018	-7.537465e+01
9019	-7.154362e+01
9020	-7.135874e+01
9021	-7.644489e+01
9022	-7.227225e+01
9023	-7.271954e+01
9024	-6.990517e+01
9025	-7.210144e+01
9026	-7.235351e+01
9027	-7.367926e+01
9028	-7.589680e+01
9029	-7.262907e+01
9030	-7.218918e+01
9031	-7.347083e+01
9032	-7.006688e+01
9033	-7.646023e+01
9034	-7.231991e+01
9035	-7.063159e+01
9036	-7.051269e+01
9037	-7.112680e+01
9038	-7.372268e+01
9039	-6.880940e+01
9040	-7.413699e+01
9041	-7.170560e+01
9042	-7.223420e+01
9043	-7.572872e+01
9044	-7.410633e+01
9045	-7.357547e+01
9046	-7.556386e+01
9047	-7.268790e+01
9048	-7.207954e+01
9049	-7.304730e+01
9050	-7.329638e+01
9051	-7.468131e+01
9052	-6.787840e+01
9053	-7.188534e+01
9054	-7.176851e+01
9055	-7.154392e+01
9056	-7.105647e+01
9057	-7.539888e+01
9058	-7.267445e+01
9059	-6.884743e+01
9060	-7.574177e+01
9061	-7.267938e+01
9062	-7.009262e+01
9063	-7.121745e+01
9064	-7.212951e+01
9065	-7.363877e+01
9066	-7.210266e+01
9067	-7.464887e+01
9068	-7.421564e+01
9069	-7.273083e+01
9070	-7.322909e+01
9071	-6.940018e+01
9072	-7.169119e+01
9073	-7.210298e+01
9074	-7.231848e+01
9075	-7.473978e+01
9076	-7.115337e+01
9077	-7.685107e+01
9078	-7.812346e+01
9079	-7.204600e+01
9080	-7.715537e+01
9081	-7.349327e+01
9082	-7.174591e+01
9083	-7.191580e+01
9084	-7.493465e+01
9085	-7.406024e+01
9086	-7.395142e+01
9087	-7.158242e+01
9088	-7.420172e+01
9089	-7.111500e+01
9090	-7.309870e+01
9091	-7.307695e+01
9092	-7.192727e+01
9093	-7.522598e+01
9094	-7.294292e+01
9095	-7.649767e+01
9096	-7.321803e+01
9097	-7.491902e+01
9098	-7.263158e+01
9099	-7.636421e+01
9100	-7.614733e+01
9101	-7.335804e+01
9102	-7.663337e+01
9103	-7.195874e+01
9104	-7.366574e+01
9105	-7.186344e+01
9106	-7.200638e+01
9107	-6.983100e+01
9108	-7.576714e+01
9109	-7.807140e+01
9110	-7.179552e+01
9111	-7.407525e+01
9112	-7.472111e+01
9113	-6.903454e+01
9114	-7.567599e+01
9115	-7.552587e+01
9116	-7.602767e+01
9117	-6.967409e+01
9118	-7.459875e+01
9119	-7.233400e+01
9120	-7.362894e+01
9121	-7.000241e+01
9122	-7.366464e+01
9123	-6.875169e+01
9124	-7.009099e+01
9125	-7.559958e+01
9126	-7.302285e+01
9127	-7.475273e+01
9128	-7.128025e+01
9129	-6.954107e+01
9130	-7.400742e+01
9131	-7.577159e+01
9132	-7.370635e+01
9133	-7.229497e+01
9134	-7.158278e+01
9135	-7.386876e+01
9136	-7.376477e+01
9137	-7.011847e+01
9138	-7.469616e+01
9139	-7.341575e+01
9140	-7.151301e+01
9141	-7.452816e+01
9142	-7.300693e+01
9143	-7.220275e+01
9144	-7.404025e+01
9145	-7.345697e+01
9146	-7.000820e+01
9147	-7.486750e+01
9148	-7.271751e+01
9149	-7.328550e+01
9150	-7.541216e+01
9151	-7.851670e+01
9152	-7.233075e+01
9153	-7.177523e+01
9154	-7.403756e+01
9155	-7.487854e+01
9156	-7.431801e+01
9157	-7.262701e+01
9158	-7.400860e+01
9159	-7.357221e+01
9160	-6.949045e+01
9161	-7.006596e+01
9162	-7.193402e+01
9163	-7.074014e+01
9164	-7.460839e+01
9165	-7.208465e+01
9166	-7.620778e+01
9167	-7.550198e+01
9168	-7.120406e+01
9169	-7.357820e+01
9170	-7.265415e+01
9171	-7.323755e+01
9172	-7.282559e+01
9173	-7.416321e+01
9174	-7.535435e+01
9175	-7.623178e+01
9176	-7.263124e+01
9177	-7.282259e+01
9178	-7.384017e+01
9179	-7.228472e+01
9180	-7.105515e+01
9181	-7.643050e+01
9182	-7.300225e+01
9183	-7.328531e+01
9184	-7.341993e+01
9185	-7.206721e+01
9186	-7.323665e+01
9187	-7.768253e+01
9188	-7.327065e+01
9189	-7.336805e+01
9190	-7.510417e+01
9191	-7.265970e+01
9192	-7.269194e+01
9193	-7.300503e+01
9194	-7.734237e+01
9195	-7.607510e+01
9196	-7.524377e+01
9197	-7.436509e+01
9198	-7.400105e+01
9199	-7.354827e+01
9200	-6.904645e+01
9201	-7.507488e+01
9202	-7.264350e+01
9203	-7.431305e+01
9204	-7.406011e+01
9205	-7.426377e+01
9206	-7.361460e+01
9207	-7.457887e+01
9208	-7.218448e+01
9209	-7.397823e+01
9210	-7.143990e+01
9211	-7.502026e+01
9212	-7.336460e+01
9213	-7.247555e+01
9214	-7.422268e+01
9215	-7.482551e+01
9216	-7.440332e+01
9217	-7.033679e+01
9218	-7.171935e+01
9219	-7.246429e+01
9220	-7.306903e+01
9221	-7.542402e+01
9222	-7.305081e+01
9223	-7.295460e+01
9224	-7.226652e+01
9225	-7.271126e+01
9226	-7.044674e+01
9227	-7.231481e+01
9228	-7.151808e+01
9229	-7.263898e+01
9230	-7.660984e+01
9231	-7.400133e+01
9232	-7.334120e+01
9233	-7.368804e+01
9234	-7.167560e+01
9235	-7.538020e+01
9236	-7.377007e+01
9237	-7.286910e+01
9238	-6.970599e+01
9239	-7.121874e+01
9240	-7.517400e+01
9241	-7.395983e+01
9242	-7.814630e+01
9243	-7.214246e+01
9244	-7.021714e+01
9245	-7.507317e+01
9246	-7.261814e+01
9247	-7.146412e+01
9248	-7.465960e+01
9249	-7.626639e+01
9250	-7.220486e+01
9251	-7.155748e+01
9252	-7.176516e+01
9253	-7.018930e+01
9254	-7.254603e+01
9255	-6.988279e+01
9256	-7.257095e+01
9257	-7.238021e+01
9258	-7.156285e+01
9259	-7.422106e+01
9260	-7.312383e+01
9261	-7.557700e+01
9262	-7.463570e+01
9263	-7.139490e+01
9264	-7.403612e+01
9265	-7.148787e+01
9266	-7.332289e+01
9267	-7.257051e+01
9268	-7.470466e+01
9269	-6.999476e+01
9270	-7.382691e+01
9271	-7.454816e+01
9272	-7.174900e+01
9273	-7.199578e+01
9274	-7.377598e+01
9275	-7.123118e+01
9276	-7.600443e+01
9277	-6.939212e+01
9278	-7.183616e+01
9279	-7.360063e+01
9280	-7.275156e+01
9281	-7.513873e+01
9282	-7.188621e+01
9283	-7.090469e+01
9284	-7.368859e+01
9285	-7.470019e+01
9286	-7.400580e+01
9287	-7.261074e+01
9288	-7.403924e+01
9289	-7.158898e+01
9290	-7.241736e+01
9291	-7.601258e+01
9292	-7.201666e+01
9293	-7.340205e+01
9294	-7.388382e+01
9295	-7.404165e+01
9296	-7.443748e+01
9297	-7.278139e+01
9298	-7.240234e+01
9299	-7.077344e+01
9300	-7.479385e+01
9301	-7.278591e+01
9302	-7.497548e+01
9303	-7.186710e+01
9304	-7.393254e+01
9305	-7.426846e+01
9306	-7.393461e+01
9307	-7.167891e+01
9308	-7.665429e+01
9309	-6.972208e+01
9310	-7.474614e+01
9311	-7.354907e+01
9312	-7.343390e+01
9313	-7.521275e+01
9314	-7.395390e+01
9315	-7.393697e+01
9316	-7.117657e+01
9317	-7.414835e+01
9318	-7.011779e+01
9319	-6.974872e+01
9320	-7.190395e+01
9321	-7.056375e+01
9322	-7.199331e+01
9323	-7.292393e+01
9324	-7.057290e+01
9325	-7.447071e+01
9326	-7.334316e+01
9327	-7.116489e+01
9328	-7.415131e+01
9329	-7.448707e+01
9330	-7.253034e+01
9331	-7.454182e+01
9332	-7.665245e+01
9333	-7.506034e+01
9334	-7.242589e+01
9335	-7.186807e+01
9336	-7.473363e+01
9337	-7.504473e+01
9338	-6.958811e+01
9339	-7.396089e+01
9340	-7.201115e+01
9341	-7.497382e+01
9342	-7.111236e+01
9343	-7.297711e+01
9344	-7.186458e+01
9345	-7.753639e+01
9346	-7.217882e+01
9347	-7.051414e+01
9348	-7.099951e+01
9349	-7.314865e+01
9350	-7.314972e+01
9351	-7.252868e+01
9352	-6.965987e+01
9353	-7.258678e+01
9354	-7.277802e+01
9355	-7.392686e+01
9356	-7.241025e+01
9357	-7.307291e+01
9358	-7.242021e+01
9359	-7.282438e+01
9360	-7.493997e+01
9361	-7.219084e+01
9362	-7.482185e+01
9363	-7.574927e+01
9364	-7.396214e+01
9365	-7.086732e+01
9366	-7.174264e+01
9367	-7.358356e+01
9368	-7.498169e+01
9369	-7.620870e+01
9370	-7.458594e+01
9371	-7.521442e+01
9372	-7.251040e+01
9373	-7.533319e+01
9374	-7.674093e+01
9375	-6.934800e+01
9376	-7.279239e+01
9377	-7.762860e+01
9378	-7.560968e+01
9379	-7.273518e+01
9380	-7.511764e+01
9381	-7.339644e+01
9382	-7.600234e+01
9383	-7.331427e+01
9384	-7.205103e+01
9385	-7.002008e+01
9386	-7.549509e+01
9387	-7.312705e+01
9388	-7.445055e+01
9389	-7.472402e+01
9390	-7.556303e+01
9391	-7.500281e+01
9392	-7.083120e+01
9393	-7.575013e+01
9394	-7.901838e+01
9395	-7.232522e+01
9396	-6.934416e+01
9397	-7.021899e+01
9398	-7.357097e+01
9399	-7.315732e+01
9400	-7.005172e+01
9401	-7.094249e+01
9402	-7.347030e+01
9403	-7.250969e+01
9404	-7.131636e+01
9405	-7.296594e+01
9406	-7.464553e+01
9407	-6.931489e+01
9408	-7.094883e+01
9409	-7.406757e+01
9410	-7.343241e+01
9411	-7.404130e+01
9412	-7.756836e+01
9413	-7.710637e+01
9414	-7.151215e+01
9415	-7.318498e+01
9416	-7.185660e+01
9417	-7.156998e+01
9418	-7.327361e+01
9419	-7.130145e+01
9420	-7.115584e+01
9421	-7.214739e+01
9422	-7.453880e+01
9423	-7.501102e+01
9424	-7.122800e+01
9425	-7.309524e+01
9426	-7.314372e+01
9427	-7.540901e+01
9428	-7.566007e+01
9429	-7.447172e+01
9430	-7.154405e+01
9431	-7.720689e+01
9432	-7.575554e+01
9433	-7.379684e+01
9434	-7.485868e+01
9435	-7.223116e+01
9436	-7.464444e+01
9437	-7.216994e+01
9438	-7.253575e+01
9439	-7.391819e+01
9440	-7.191277e+01
9441	-7.267469e+01
9442	-7.188228e+01
9443	-7.360734e+01
9444	-7.413449e+01
9445	-7.430950e+01
9446	-7.334304e+01
9447	-7.427707e+01
9448	-7.432677e+01
9449	-7.419212e+01
9450	-7.134165e+01
9451	-7.289279e+01
9452	-7.374068e+01
9453	-7.597619e+01
9454	-7.776867e+01
9455	-7.284273e+01
9456	-7.654774e+01
9457	-7.338653e+01
9458	-7.155936e+01
9459	-7.486389e+01
9460	-7.291972e+01
9461	-7.146173e+01
9462	-7.192937e+01
9463	-7.637558e+01
9464	-7.344348e+01
9465	-7.484456e+01
9466	-7.438410e+01
9467	-7.324482e+01
9468	-7.473160e+01
9469	-7.139456e+01
9470	-7.475270e+01
9471	-7.090272e+01
9472	-7.284604e+01
9473	-6.838999e+01
9474	-7.291403e+01
9475	-7.252500e+01
9476	-7.431105e+01
9477	-7.401825e+01
9478	-7.384629e+01
9479	-7.415525e+01
9480	-7.486092e+01
9481	-7.303321e+01
9482	-7.201384e+01
9483	-7.304046e+01
9484	-7.402105e+01
9485	-7.016694e+01
9486	-7.232573e+01
9487	-7.159383e+01
9488	-7.332765e+01
9489	-7.205097e+01
9490	-7.218932e+01
9491	-7.266092e+01
9492	-7.471668e+01
9493	-7.457485e+01
9494	-7.309798e+01
9495	-7.427523e+01
9496	-7.105753e+01
9497	-7.273235e+01
9498	-7.397744e+01
9499	-7.356685e+01
9500	-7.461203e+01
9501	-7.508416e+01
9502	-7.440442e+01
9503	-7.114517e+01
9504	-7.285946e+01
9505	-7.132287e+01
9506	-7.497722e+01
9507	-7.247629e+01
9508	-7.402909e+01
9509	-7.185121e+01
9510	-7.231143e+01
9511	-7.140307e+01
9512	-7.548725e+01
9513	-7.421134e+01
9514	-7.419647e+01
9515	-7.517379e+01
9516	-7.712710e+01
9517	-7.217622e+01
9518	-7.238835e+01
9519	-7.240718e+01
9520	-7.245276e+01
9521	-7.332399e+01
9522	-7.087528e+01
9523	-7.317482e+01
9524	-7.354725e+01
9525	-7.237982e+01
9526	-6.988108e+01
9527	-7.331651e+01
9528	-7.557734e+01
9529	-7.467500e+01
9530	-7.282015e+01
9531	-7.180415e+01
9532	-7.334040e+01
9533	-7.230639e+01
9534	-7.193422e+01
9535	-7.199330e+01
9536	-7.453608e+01
9537	-7.341881e+01
9538	-7.120532e+01
9539	-7.235950e+01
9540	-7.310146e+01
9541	-7.589167e+01
9542	-7.451097e+01
9543	-7.744746e+01
9544	-7.312398e+01
9545	-7.517558e+01
9546	-7.515259e+01
9547	-7.257878e+01
9548	-7.458145e+01
9549	-7.183675e+01
9550	-7.526393e+01
9551	-7.410159e+01
9552	-7.473140e+01
9553	-7.671877e+01
9554	-7.708248e+01
9555	-7.415208e+01
9556	-6.995915e+01
9557	-7.135821e+01
9558	-7.186264e+01
9559	-7.219370e+01
9560	-7.355727e+01
9561	-7.523164e+01
9562	-7.574125e+01
9563	-7.076739e+01
9564	-7.281254e+01
9565	-7.549711e+01
9566	-7.342789e+01
9567	-7.565314e+01
9568	-6.877297e+01
9569	-7.459057e+01
9570	-7.336503e+01
9571	-7.453437e+01
9572	-7.382335e+01
9573	-7.534134e+01
9574	-7.394390e+01
9575	-7.349132e+01
9576	-7.502650e+01
9577	-7.484833e+01
9578	-7.525009e+01
9579	-7.307765e+01
9580	-7.316527e+01
9581	-7.202809e+01
9582	-7.156488e+01
9583	-7.197914e+01
9584	-7.349579e+01
9585	-7.423591e+01
9586	-7.162689e+01
9587	-6.885532e+01
9588	-7.375310e+01
9589	-7.230255e+01
9590	-7.444551e+01
9591	-7.266072e+01
9592	-7.278038e+01
9593	-7.148663e+01
9594	-7.238749e+01
9595	-7.122184e+01
9596	-7.105264e+01
9597	-7.327475e+01
9598	-7.293467e+01
9599	-7.230207e+01
9600	-7.354404e+01
9601	-7.573226e+01
9602	-7.360558e+01
9603	-7.488567e+01
9604	-7.242419e+01
9605	-7.641638e+01
9606	-7.315418e+01
9607	-7.236091e+01
9608	-7.416973e+01
9609	-7.385952e+01
9610	-7.492478e+01
9611	-7.163281e+01
9612	-7.457722e+01
9613	-7.279372e+01
9614	-7.059502e+01
9615	-7.161248e+01
9616	-7.330107e+01
9617	-6.858159e+01
9618	-6.940333e+01
9619	-7.088653e+01
9620	-7.253665e+01
9621	-7.145653e+01
9622	-7.516400e+01
9623	-7.146459e+01
9624	-7.007383e+01
9625	-7.432044e+01
9626	-7.296402e+01
9627	-7.530067e+01
9628	-7.221094e+01
9629	-7.079790e+01
9630	-7.263100e+01
9631	-7.682149e+01
9632	-7.238593e+01
9633	-7.127400e+01
9634	-7.457915e+01
9635	-7.047029e+01
9636	-7.229604e+01
9637	-7.340253e+01
9638	-7.304621e+01
9639	-7.268922e+01
9640	-7.158772e+01
9641	-7.533379e+01
9642	-7.448881e+01
9643	-7.153994e+01
9644	-7.359161e+01
9645	-7.192556e+01
9646	-7.076508e+01
9647	-7.340569e+01
9648	-7.261634e+01
9649	-7.018753e+01
9650	-7.257488e+01
9651	-7.029053e+01
9652	-7.411715e+01
9653	-7.297246e+01
9654	-7.168437e+01
9655	-7.101316e+01
9656	-7.210712e+01
9657	-7.166434e+01
9658	-7.531685e+01
9659	-7.275478e+01
9660	-7.365994e+01
9661	-7.518145e+01
9662	-7.370862e+01
9663	-7.416372e+01
9664	-7.182548e+01
9665	-7.082680e+01
9666	-7.574002e+01
9667	-7.464750e+01
9668	-7.188125e+01
9669	-7.071024e+01
9670	-7.373696e+01
9671	-7.592735e+01
9672	-7.204475e+01
9673	-7.597221e+01
9674	-7.071104e+01
9675	-7.323442e+01
9676	-7.569993e+01
9677	-7.257918e+01
9678	-7.449497e+01
9679	-6.951079e+01
9680	-7.437826e+01
9681	-7.528551e+01
9682	-6.961244e+01
9683	-7.502493e+01
9684	-7.417053e+01
9685	-7.324599e+01
9686	-7.647634e+01
9687	-7.228631e+01
9688	-7.163202e+01
9689	-7.142462e+01
9690	-7.424845e+01
9691	-7.080994e+01
9692	-7.090248e+01
9693	-7.348697e+01
9694	-7.152313e+01
9695	-7.400469e+01
9696	-7.584192e+01
9697	-7.039720e+01
9698	-7.255200e+01
9699	-7.467245e+01
9700	-7.435580e+01
9701	-7.190083e+01
9702	-7.346836e+01
9703	-6.997260e+01
9704	-7.341047e+01
9705	-7.112630e+01
9706	-7.355400e+01
9707	-7.072195e+01
9708	-7.283042e+01
9709	-7.217294e+01
9710	-7.242351e+01
9711	-7.472573e+01
9712	-7.373265e+01
9713	-7.022019e+01
9714	-7.218246e+01
9715	-7.428786e+01
9716	-7.244886e+01
9717	-6.978939e+01
9718	-7.409388e+01
9719	-7.439267e+01
9720	-7.312091e+01
9721	-6.983571e+01
9722	-7.519593e+01
9723	-7.345032e+01
9724	-7.141331e+01
9725	-7.190241e+01
9726	-7.532750e+01
9727	-7.118124e+01
9728	-7.023726e+01
9729	-7.356460e+01
9730	-7.441908e+01
9731	-7.330724e+01
9732	-7.432648e+01
9733	-7.307917e+01
9734	-6.946465e+01
9735	-7.764332e+01
9736	-7.382213e+01
9737	-7.459189e+01
9738	-7.388301e+01
9739	-6.695998e+01
9740	-7.596959e+01
9741	-7.526777e+01
9742	-7.148199e+01
9743	-7.941864e+01
9744	-7.976553e+01
9745	-7.169943e+01
9746	-7.051807e+01
9747	-7.375780e+01
9748	-7.552240e+01
9749	-6.941965e+01
9750	-7.363952e+01
9751	-7.191893e+01
9752	-7.164871e+01
9753	-7.395368e+01
9754	-6.825265e+01
9755	-7.567443e+01
9756	-7.232375e+01
9757	-7.285864e+01
9758	-7.451534e+01
9759	-7.705235e+01
9760	-7.291426e+01
9761	-7.100693e+01
9762	-7.643621e+01
9763	-7.615944e+01
9764	-7.389566e+01
9765	-7.320518e+01
9766	-7.655819e+01
9767	-7.377936e+01
9768	-7.417631e+01
9769	-7.255336e+01
9770	-7.453238e+01
9771	-7.381352e+01
9772	-7.085221e+01
9773	-7.132253e+01
9774	-7.761234e+01
9775	-7.131125e+01
9776	-7.274578e+01
9777	-7.426807e+01
9778	-7.337506e+01
9779	-7.335755e+01
9780	-7.409530e+01
9781	-7.186702e+01
9782	-7.690147e+01
9783	-7.896962e+01
9784	-7.385205e+01
9785	-7.169074e+01
9786	-7.583930e+01
9787	-7.349679e+01
9788	-7.567007e+01
9789	-7.595482e+01
9790	-7.444889e+01
9791	-7.191232e+01
9792	-7.406044e+01
9793	-7.265291e+01
9794	-7.334363e+01
9795	-7.301498e+01
9796	-7.560236e+01
9797	-7.194481e+01
9798	-7.308917e+01
9799	-7.261308e+01
9800	-7.586463e+01
9801	-7.515138e+01
9802	-7.165016e+01
9803	-7.633660e+01
9804	-7.510869e+01
9805	-7.132449e+01
9806	-7.384279e+01
9807	-7.708351e+01
9808	-7.189190e+01
9809	-7.419086e+01
9810	-7.865183e+01
9811	-7.180217e+01
9812	-7.060488e+01
9813	-7.420727e+01
9814	-7.130229e+01
9815	-7.389659e+01
9816	-7.751269e+01
9817	-7.191047e+01
9818	-7.491637e+01
9819	-7.057664e+01
9820	-7.175422e+01
9821	-7.453639e+01
9822	-7.747304e+01
9823	-7.492871e+01
9824	-7.333298e+01
9825	-7.187099e+01
9826	-7.314624e+01
9827	-7.362124e+01
9828	-7.465345e+01
9829	-7.229718e+01
9830	-7.166034e+01
9831	-7.247713e+01
9832	-7.317504e+01
9833	-7.105729e+01
9834	-7.212524e+01
9835	-7.159928e+01
9836	-7.487871e+01
9837	-7.268386e+01
9838	-7.805072e+01
9839	-6.952192e+01
9840	-7.378158e+01
9841	-7.543309e+01
9842	-7.406597e+01
9843	-7.155936e+01
9844	-7.365338e+01
9845	-7.474048e+01
9846	-7.473191e+01
9847	-7.203746e+01
9848	-7.240777e+01
9849	-7.047392e+01
9850	-7.278409e+01
9851	-7.311856e+01
9852	-7.588063e+01
9853	-6.708740e+01
9854	-7.192162e+01
9855	-7.290712e+01
9856	-7.397161e+01
9857	-7.341740e+01
9858	-7.615293e+01
9859	-7.068516e+01
9860	-7.520818e+01
9861	-7.322033e+01
9862	-7.505704e+01
9863	-7.723675e+01
9864	-6.929987e+01
9865	-7.209663e+01
9866	-7.328938e+01
9867	-7.811134e+01
9868	-7.636154e+01
9869	-7.254981e+01
9870	-7.513786e+01
9871	-7.032824e+01
9872	-7.276829e+01
9873	-7.046568e+01
9874	-7.155880e+01
9875	-7.424638e+01
9876	-7.389238e+01
9877	-7.267314e+01
9878	-7.658594e+01
9879	-7.196431e+01
9880	-7.178479e+01
9881	-7.408530e+01
9882	-7.567277e+01
9883	-7.211994e+01
9884	-7.394426e+01
9885	-7.126980e+01
9886	-7.447090e+01
9887	-7.078923e+01
9888	-7.558548e+01
9889	-7.720883e+01
9890	-7.702746e+01
9891	-7.304542e+01
9892	-7.050694e+01
9893	-7.202442e+01
9894	-7.375646e+01
9895	-7.594068e+01
9896	-7.154624e+01
9897	-7.404557e+01
9898	-7.286340e+01
9899	-7.047351e+01
9900	-7.158658e+01
9901	-7.461838e+01
9902	-7.577209e+01
9903	-7.218501e+01
9904	-7.773611e+01
9905	-7.359537e+01
9906	-7.777779e+01
9907	-7.585424e+01
9908	-7.294235e+01
9909	-7.329946e+01
9910	-7.149517e+01
9911	-7.350547e+01
9912	-7.397408e+01
9913	-7.318382e+01
9914	-7.501952e+01
9915	-7.364954e+01
9916	-7.517327e+01
9917	-7.056056e+01
9918	-7.144541e+01
9919	-7.315341e+01
9920	-7.359822e+01
9921	-6.969086e+01
9922	-7.235575e+01
9923	-7.370958e+01
9924	-7.243437e+01
9925	-7.420495e+01
9926	-7.072974e+01
9927	-7.136604e+01
9928	-7.202809e+01
9929	-7.077524e+01
9930	-7.034956e+01
9931	-7.077342e+01
9932	-7.383975e+01
9933	-7.104299e+01
9934	-7.147105e+01
9935	-7.377854e+01
9936	-7.367263e+01
9937	-7.657049e+01
9938	-7.016138e+01
9939	-7.411341e+01
9940	-7.485850e+01
9941	-7.403559e+01
9942	-7.513002e+01
9943	-7.407084e+01
9944	-7.047677e+01
9945	-7.686794e+01
9946	-7.255785e+01
9947	-7.105454e+01
9948	-7.616169e+01
9949	-7.520638e+01
9950	-7.196039e+01
9951	-7.474538e+01
9952	-7.153663e+01
9953	-7.068639e+01
9954	-7.464588e+01
9955	-7.421876e+01
9956	-7.059320e+01
9957	-7.723359e+01
9958	-7.338176e+01
9959	-7.456142e+01
9960	-7.377586e+01
9961	-7.062998e+01
9962	-7.580903e+01
9963	-7.439741e+01
9964	-7.678085e+01
9965	-7.227058e+01
9966	-7.335418e+01
9967	-7.344990e+01
9968	-7.313009e+01
9969	-7.229386e+01
9970	-7.587045e+01
9971	-7.359602e+01
9972	-7.673398e+01
9973	-7.284963e+01
9974	-7.325209e+01
9975	-7.502139e+01
9976	-7.297193e+01
9977	-7.215094e+01
9978	-7.265125e+01
9979	-7.186043e+01
9980	-7.402392e+01
9981	-7.628922e+01
9982	-7.182647e+01
9983	-7.458178e+01
9984	-7.426250e+01
9985	-7.485243e+01
9986	-7.692667e+01
9987	-7.432649e+01
9988	-7.508993e+01
9989	-7.497010e+01
9990	-7.175379e+01
9991	-7.226243e+01
9992	-7.325530e+01
9993	-7.212311e+01
9994	-7.338248e+01
9995	-7.136631e+01
9996	-7.107300e+01
9997	-6.956347e+01
9998	-7.621810e+01
9999	-7.343072e+01
10000	-7.426416e+01
