iteration	loss
0	0.000000e+00
1	-7.321650e+01
2	-1.430833e+02
3	-2.089336e+02
4	-2.724722e+02
5	-3.323796e+02
6	-3.884311e+02
7	-4.488876e+02
8	-5.015575e+02
9	-5.487009e+02
10	-5.915067e+02
11	-6.342369e+02
12	-6.840135e+02
13	-7.131638e+02
14	-7.494279e+02
15	-7.823714e+02
16	-8.155942e+02
17	-8.548357e+02
18	-8.794415e+02
19	-9.021340e+02
20	-9.242414e+02
21	-9.664801e+02
22	-9.765853e+02
23	-9.850673e+02
24	-9.963671e+02
25	-1.022178e+03
26	-1.034765e+03
27	-1.045798e+03
28	-1.051650e+03
29	-1.070929e+03
30	-1.077088e+03
31	-1.083087e+03
32	-1.087290e+03
33	-1.082949e+03
34	-1.105356e+03
35	-1.105661e+03
36	-1.100960e+03
37	-1.122816e+03
38	-1.117450e+03
39	-1.093128e+03
40	-1.096972e+03
41	-1.110784e+03
42	-1.128398e+03
43	-1.123754e+03
44	-1.127795e+03
45	-1.127632e+03
46	-1.123415e+03
47	-1.125835e+03
48	-1.141320e+03
49	-1.134015e+03
50	-1.150206e+03
51	-1.119620e+03
52	-1.137238e+03
53	-1.108556e+03
54	-1.109821e+03
55	-1.130383e+03
56	-1.107096e+03
57	-1.117004e+03
58	-1.136507e+03
59	-1.137669e+03
60	-1.125351e+03
61	-1.117744e+03
62	-1.129227e+03
63	-1.129762e+03
64	-1.128785e+03
65	-1.144271e+03
66	-1.156814e+03
67	-1.141034e+03
68	-1.128219e+03
69	-1.135848e+03
70	-1.128593e+03
71	-1.130138e+03
72	-1.136349e+03
73	-1.132456e+03
74	-1.128200e+03
75	-1.129195e+03
76	-1.144727e+03
77	-1.144950e+03
78	-1.125642e+03
79	-1.147380e+03
80	-1.134707e+03
81	-1.127013e+03
82	-1.123507e+03
83	-1.143118e+03
84	-1.124831e+03
85	-1.137256e+03
86	-1.118096e+03
87	-1.125214e+03
88	-1.137243e+03
89	-1.126299e+03
90	-1.134591e+03
91	-1.133255e+03
92	-1.120723e+03
93	-1.160976e+03
94	-1.128510e+03
95	-1.144512e+03
96	-1.161011e+03
97	-1.122181e+03
98	-1.105386e+03
99	-1.117637e+03
100	-1.122752e+03
101	-1.129337e+03
102	-1.138366e+03
103	-1.116796e+03
104	-1.124574e+03
105	-1.114700e+03
106	-1.118556e+03
107	-1.143207e+03
108	-1.120210e+03
109	-1.138816e+03
110	-1.131290e+03
111	-1.144168e+03
112	-1.130526e+03
113	-1.110768e+03
114	-1.140819e+03
115	-1.129362e+03
116	-1.129449e+03
117	-1.125478e+03
118	-1.147228e+03
119	-1.122862e+03
120	-1.114947e+03
121	-1.105874e+03
122	-1.131128e+03
123	-1.142151e+03
124	-1.140925e+03
125	-1.126277e+03
126	-1.136234e+03
127	-1.124693e+03
128	-1.116505e+03
129	-1.096377e+03
130	-1.132874e+03
131	-1.120201e+03
132	-1.137979e+03
133	-1.155005e+03
134	-1.143222e+03
135	-1.144872e+03
136	-1.127732e+03
137	-1.137342e+03
138	-1.138153e+03
139	-1.131348e+03
140	-1.114054e+03
141	-1.141117e+03
142	-1.138906e+03
143	-1.139284e+03
144	-1.114021e+03
145	-1.148527e+03
146	-1.131174e+03
147	-1.127325e+03
148	-1.109527e+03
149	-1.148255e+03
150	-1.130205e+03
151	-1.124047e+03
152	-1.117946e+03
153	-1.137756e+03
154	-1.147324e+03
155	-1.118238e+03
156	-1.137471e+03
157	-1.119207e+03
158	-1.142557e+03
159	-1.125172e+03
160	-1.145514e+03
161	-1.132336e+03
162	-1.124568e+03
163	-1.116579e+03
164	-1.110277e+03
165	-1.130785e+03
166	-1.152019e+03
167	-1.120009e+03
168	-1.138569e+03
169	-1.111995e+03
170	-1.133078e+03
171	-1.129260e+03
172	-1.125782e+03
173	-1.141100e+03
174	-1.130052e+03
175	-1.119348e+03
176	-1.123445e+03
177	-1.126197e+03
178	-1.135627e+03
179	-1.126611e+03
180	-1.121016e+03
181	-1.128528e+03
182	-1.144952e+03
183	-1.114335e+03
184	-1.117866e+03
185	-1.128044e+03
186	-1.144360e+03
187	-1.133180e+03
188	-1.118676e+03
189	-1.126941e+03
190	-1.151208e+03
191	-1.129008e+03
192	-1.113038e+03
193	-1.134735e+03
194	-1.118213e+03
195	-1.119561e+03
196	-1.108163e+03
197	-1.117936e+03
198	-1.129935e+03
199	-1.120133e+03
200	-1.125812e+03
201	-1.103080e+03
202	-1.131796e+03
203	-1.137104e+03
204	-1.115053e+03
205	-1.131370e+03
206	-1.127321e+03
207	-1.141038e+03
208	-1.144762e+03
209	-1.113201e+03
210	-1.141457e+03
211	-1.098702e+03
212	-1.130099e+03
213	-1.122628e+03
214	-1.123669e+03
215	-1.122267e+03
216	-1.117643e+03
217	-1.131296e+03
218	-1.128908e+03
219	-1.138677e+03
220	-1.127616e+03
221	-1.123433e+03
222	-1.119779e+03
223	-1.123886e+03
224	-1.129758e+03
225	-1.112597e+03
226	-1.126990e+03
227	-1.135949e+03
228	-1.126413e+03
229	-1.109382e+03
230	-1.141005e+03
231	-1.136266e+03
232	-1.149136e+03
233	-1.131845e+03
234	-1.132980e+03
235	-1.151355e+03
236	-1.132912e+03
237	-1.121557e+03
238	-1.137792e+03
239	-1.124523e+03
240	-1.104751e+03
241	-1.116308e+03
242	-1.148008e+03
243	-1.139465e+03
244	-1.147000e+03
245	-1.123749e+03
246	-1.135032e+03
247	-1.131706e+03
248	-1.104464e+03
249	-1.134154e+03
250	-1.133426e+03
251	-1.126737e+03
252	-1.131805e+03
253	-1.143257e+03
254	-1.124910e+03
255	-1.115751e+03
256	-1.115723e+03
257	-1.126095e+03
258	-1.129495e+03
259	-1.127251e+03
260	-1.127533e+03
261	-1.127369e+03
262	-1.114608e+03
263	-1.136036e+03
264	-1.127277e+03
265	-1.120410e+03
266	-1.111887e+03
267	-1.126020e+03
268	-1.127389e+03
269	-1.128020e+03
270	-1.152958e+03
271	-1.127275e+03
272	-1.123771e+03
273	-1.137784e+03
274	-1.118516e+03
275	-1.116756e+03
276	-1.121658e+03
277	-1.145990e+03
278	-1.102237e+03
279	-1.129638e+03
280	-1.121800e+03
281	-1.119597e+03
282	-1.136825e+03
283	-1.109374e+03
284	-1.139888e+03
285	-1.137145e+03
286	-1.124348e+03
287	-1.132506e+03
288	-1.116201e+03
289	-1.131420e+03
290	-1.112310e+03
291	-1.143340e+03
292	-1.125396e+03
293	-1.117085e+03
294	-1.129728e+03
295	-1.129288e+03
296	-1.114884e+03
297	-1.110457e+03
298	-1.125621e+03
299	-1.143772e+03
300	-1.107292e+03
301	-1.154553e+03
302	-1.126570e+03
303	-1.118821e+03
304	-1.125172e+03
305	-1.138993e+03
306	-1.125196e+03
307	-1.120979e+03
308	-1.133087e+03
309	-1.123263e+03
310	-1.139869e+03
311	-1.128117e+03
312	-1.130289e+03
313	-1.128538e+03
314	-1.138339e+03
315	-1.126890e+03
316	-1.117906e+03
317	-1.140484e+03
318	-1.143862e+03
319	-1.141608e+03
320	-1.126027e+03
321	-1.135492e+03
322	-1.128963e+03
323	-1.146748e+03
324	-1.142665e+03
325	-1.115967e+03
326	-1.132848e+03
327	-1.115793e+03
328	-1.129169e+03
329	-1.132293e+03
330	-1.133574e+03
331	-1.144179e+03
332	-1.116705e+03
333	-1.113586e+03
334	-1.127439e+03
335	-1.139981e+03
336	-1.147628e+03
337	-1.126686e+03
338	-1.123744e+03
339	-1.138403e+03
340	-1.130379e+03
341	-1.123628e+03
342	-1.137543e+03
343	-1.126693e+03
344	-1.125869e+03
345	-1.111427e+03
346	-1.131478e+03
347	-1.118392e+03
348	-1.105762e+03
349	-1.130927e+03
350	-1.108212e+03
351	-1.130988e+03
352	-1.143072e+03
353	-1.151601e+03
354	-1.137393e+03
355	-1.128363e+03
356	-1.119343e+03
357	-1.125333e+03
358	-1.129144e+03
359	-1.133564e+03
360	-1.141702e+03
361	-1.126327e+03
362	-1.128025e+03
363	-1.152846e+03
364	-1.161615e+03
365	-1.126874e+03
366	-1.120938e+03
367	-1.115310e+03
368	-1.133290e+03
369	-1.125837e+03
370	-1.125441e+03
371	-1.141350e+03
372	-1.143205e+03
373	-1.140151e+03
374	-1.119556e+03
375	-1.132820e+03
376	-1.111861e+03
377	-1.122726e+03
378	-1.143533e+03
379	-1.107954e+03
380	-1.118397e+03
381	-1.135763e+03
382	-1.131726e+03
383	-1.121508e+03
384	-1.131190e+03
385	-1.121282e+03
386	-1.119887e+03
387	-1.136747e+03
388	-1.148239e+03
389	-1.148829e+03
390	-1.128540e+03
391	-1.116069e+03
392	-1.134882e+03
393	-1.123009e+03
394	-1.138766e+03
395	-1.136605e+03
396	-1.112843e+03
397	-1.124497e+03
398	-1.138484e+03
399	-1.149436e+03
400	-1.138568e+03
401	-1.128616e+03
402	-1.132960e+03
403	-1.120105e+03
404	-1.138170e+03
405	-1.124613e+03
406	-1.125586e+03
407	-1.144890e+03
408	-1.132076e+03
409	-1.126576e+03
410	-1.118098e+03
411	-1.123976e+03
412	-1.138944e+03
413	-1.145230e+03
414	-1.139143e+03
415	-1.123655e+03
416	-1.110945e+03
417	-1.123299e+03
418	-1.125730e+03
419	-1.133558e+03
420	-1.133476e+03
421	-1.139896e+03
422	-1.126090e+03
423	-1.119451e+03
424	-1.123363e+03
425	-1.120515e+03
426	-1.141776e+03
427	-1.133628e+03
428	-1.131922e+03
429	-1.133207e+03
430	-1.135370e+03
431	-1.125361e+03
432	-1.140284e+03
433	-1.143623e+03
434	-1.117423e+03
435	-1.120373e+03
436	-1.115379e+03
437	-1.114822e+03
438	-1.132573e+03
439	-1.139675e+03
440	-1.125203e+03
441	-1.143722e+03
442	-1.132658e+03
443	-1.140840e+03
444	-1.102224e+03
445	-1.102745e+03
446	-1.110561e+03
447	-1.135101e+03
448	-1.114296e+03
449	-1.120454e+03
450	-1.132646e+03
451	-1.123466e+03
452	-1.128151e+03
453	-1.131479e+03
454	-1.124334e+03
455	-1.131431e+03
456	-1.129676e+03
457	-1.120774e+03
458	-1.108222e+03
459	-1.146070e+03
460	-1.139145e+03
461	-1.128184e+03
462	-1.119393e+03
463	-1.124182e+03
464	-1.110957e+03
465	-1.117210e+03
466	-1.123758e+03
467	-1.122898e+03
468	-1.141007e+03
469	-1.119680e+03
470	-1.143294e+03
471	-1.139614e+03
472	-1.117228e+03
473	-1.135033e+03
474	-1.124979e+03
475	-1.146371e+03
476	-1.124241e+03
477	-1.146184e+03
478	-1.148534e+03
479	-1.125066e+03
480	-1.143917e+03
481	-1.122198e+03
482	-1.141964e+03
483	-1.120608e+03
484	-1.131786e+03
485	-1.131474e+03
486	-1.124811e+03
487	-1.117862e+03
488	-1.136752e+03
489	-1.125666e+03
490	-1.121957e+03
491	-1.129892e+03
492	-1.125189e+03
493	-1.121142e+03
494	-1.124441e+03
495	-1.126772e+03
496	-1.107829e+03
497	-1.133770e+03
498	-1.114956e+03
499	-1.117321e+03
500	-1.135657e+03
501	-1.117593e+03
502	-1.129265e+03
503	-1.136888e+03
504	-1.131788e+03
505	-1.159162e+03
506	-1.147521e+03
507	-1.114321e+03
508	-1.117715e+03
509	-1.131991e+03
510	-1.138025e+03
511	-1.132636e+03
512	-1.122468e+03
513	-1.139879e+03
514	-1.125938e+03
515	-1.107407e+03
516	-1.134117e+03
517	-1.150646e+03
518	-1.141870e+03
519	-1.119776e+03
520	-1.132397e+03
521	-1.135965e+03
522	-1.148150e+03
523	-1.136536e+03
524	-1.117886e+03
525	-1.124993e+03
526	-1.128711e+03
527	-1.139671e+03
528	-1.125105e+03
529	-1.129222e+03
530	-1.125895e+03
531	-1.125589e+03
532	-1.138877e+03
533	-1.128636e+03
534	-1.130710e+03
535	-1.139766e+03
536	-1.124810e+03
537	-1.129985e+03
538	-1.130934e+03
539	-1.125762e+03
540	-1.121579e+03
541	-1.126954e+03
542	-1.122855e+03
543	-1.128956e+03
544	-1.108475e+03
545	-1.138058e+03
546	-1.099959e+03
547	-1.149365e+03
548	-1.140354e+03
549	-1.120996e+03
550	-1.107469e+03
551	-1.116792e+03
552	-1.111987e+03
553	-1.134288e+03
554	-1.133366e+03
555	-1.105534e+03
556	-1.125082e+03
557	-1.129163e+03
558	-1.116420e+03
559	-1.111995e+03
560	-1.116235e+03
561	-1.128066e+03
562	-1.120770e+03
563	-1.125243e+03
564	-1.115361e+03
565	-1.133141e+03
566	-1.112395e+03
567	-1.137077e+03
568	-1.115680e+03
569	-1.135981e+03
570	-1.139578e+03
571	-1.124625e+03
572	-1.133110e+03
573	-1.122907e+03
574	-1.131905e+03
575	-1.128340e+03
576	-1.132877e+03
577	-1.133128e+03
578	-1.129762e+03
579	-1.109437e+03
580	-1.134251e+03
581	-1.128008e+03
582	-1.141229e+03
583	-1.136953e+03
584	-1.136316e+03
585	-1.139131e+03
586	-1.139488e+03
587	-1.120131e+03
588	-1.121186e+03
589	-1.127238e+03
590	-1.120011e+03
591	-1.120201e+03
592	-1.134812e+03
593	-1.141566e+03
594	-1.130402e+03
595	-1.137098e+03
596	-1.119722e+03
597	-1.118181e+03
598	-1.131267e+03
599	-1.114977e+03
600	-1.136047e+03
601	-1.131811e+03
602	-1.122295e+03
603	-1.135827e+03
604	-1.148466e+03
605	-1.120893e+03
606	-1.136494e+03
607	-1.128950e+03
608	-1.136511e+03
609	-1.120705e+03
610	-1.143320e+03
611	-1.136221e+03
612	-1.138626e+03
613	-1.130961e+03
614	-1.137893e+03
615	-1.128966e+03
616	-1.102481e+03
617	-1.121571e+03
618	-1.126166e+03
619	-1.130216e+03
620	-1.120353e+03
621	-1.130312e+03
622	-1.139006e+03
623	-1.134312e+03
624	-1.121353e+03
625	-1.129897e+03
626	-1.117817e+03
627	-1.105816e+03
628	-1.129440e+03
629	-1.123430e+03
630	-1.118491e+03
631	-1.100842e+03
632	-1.145411e+03
633	-1.135934e+03
634	-1.124402e+03
635	-1.136312e+03
636	-1.127281e+03
637	-1.125645e+03
638	-1.132881e+03
639	-1.132261e+03
640	-1.139558e+03
641	-1.112894e+03
642	-1.113734e+03
643	-1.129532e+03
644	-1.119259e+03
645	-1.121811e+03
646	-1.119348e+03
647	-1.124291e+03
648	-1.113879e+03
649	-1.122944e+03
650	-1.136664e+03
651	-1.123060e+03
652	-1.120349e+03
653	-1.136257e+03
654	-1.116289e+03
655	-1.123613e+03
656	-1.124106e+03
657	-1.139604e+03
658	-1.140581e+03
659	-1.119205e+03
660	-1.119487e+03
661	-1.113961e+03
662	-1.099210e+03
663	-1.123835e+03
664	-1.149514e+03
665	-1.116899e+03
666	-1.128168e+03
667	-1.119285e+03
668	-1.138999e+03
669	-1.115396e+03
670	-1.145459e+03
671	-1.115724e+03
672	-1.129864e+03
673	-1.136023e+03
674	-1.149810e+03
675	-1.126987e+03
676	-1.136582e+03
677	-1.126123e+03
678	-1.147217e+03
679	-1.141745e+03
680	-1.129708e+03
681	-1.127628e+03
682	-1.140005e+03
683	-1.118717e+03
684	-1.140342e+03
685	-1.134869e+03
686	-1.138491e+03
687	-1.133810e+03
688	-1.138838e+03
689	-1.140989e+03
690	-1.130425e+03
691	-1.136395e+03
692	-1.124478e+03
693	-1.137534e+03
694	-1.122078e+03
695	-1.127644e+03
696	-1.147732e+03
697	-1.139641e+03
698	-1.144327e+03
699	-1.129679e+03
700	-1.109118e+03
701	-1.130816e+03
702	-1.123065e+03
703	-1.117804e+03
704	-1.109095e+03
705	-1.110178e+03
706	-1.142035e+03
707	-1.126759e+03
708	-1.139753e+03
709	-1.142674e+03
710	-1.123897e+03
711	-1.126093e+03
712	-1.144509e+03
713	-1.151417e+03
714	-1.120753e+03
715	-1.114324e+03
716	-1.108318e+03
717	-1.142152e+03
718	-1.118014e+03
719	-1.114890e+03
720	-1.140629e+03
721	-1.145504e+03
722	-1.154340e+03
723	-1.128810e+03
724	-1.129067e+03
725	-1.134944e+03
726	-1.127589e+03
727	-1.118488e+03
728	-1.135514e+03
729	-1.119093e+03
730	-1.130080e+03
731	-1.136318e+03
732	-1.146713e+03
733	-1.134638e+03
734	-1.114863e+03
735	-1.138439e+03
736	-1.147016e+03
737	-1.143148e+03
738	-1.117095e+03
739	-1.135665e+03
740	-1.094123e+03
741	-1.124972e+03
742	-1.129975e+03
743	-1.143675e+03
744	-1.126187e+03
745	-1.113115e+03
746	-1.120142e+03
747	-1.114885e+03
748	-1.118321e+03
749	-1.132198e+03
750	-1.133294e+03
751	-1.112341e+03
752	-1.136339e+03
753	-1.133584e+03
754	-1.133855e+03
755	-1.143040e+03
756	-1.128774e+03
757	-1.127484e+03
758	-1.126620e+03
759	-1.126168e+03
760	-1.141926e+03
761	-1.136636e+03
762	-1.133150e+03
763	-1.134736e+03
764	-1.117245e+03
765	-1.133021e+03
766	-1.121304e+03
767	-1.132347e+03
768	-1.123756e+03
769	-1.123214e+03
770	-1.134315e+03
771	-1.134591e+03
772	-1.130871e+03
773	-1.137239e+03
774	-1.118194e+03
775	-1.128618e+03
776	-1.117691e+03
777	-1.126170e+03
778	-1.145000e+03
779	-1.124181e+03
780	-1.130896e+03
781	-1.125726e+03
782	-1.107633e+03
783	-1.128497e+03
784	-1.136536e+03
785	-1.150896e+03
786	-1.115709e+03
787	-1.147602e+03
788	-1.127523e+03
789	-1.126144e+03
790	-1.131186e+03
791	-1.136064e+03
792	-1.114270e+03
793	-1.120692e+03
794	-1.140812e+03
795	-1.132457e+03
796	-1.140073e+03
797	-1.122916e+03
798	-1.136024e+03
799	-1.123797e+03
800	-1.122388e+03
801	-1.135238e+03
802	-1.136292e+03
803	-1.125094e+03
804	-1.134594e+03
805	-1.123654e+03
806	-1.137679e+03
807	-1.127568e+03
808	-1.138323e+03
809	-1.116018e+03
810	-1.104237e+03
811	-1.124003e+03
812	-1.135255e+03
813	-1.136762e+03
814	-1.119624e+03
815	-1.130241e+03
816	-1.144468e+03
817	-1.127662e+03
818	-1.092111e+03
819	-1.120805e+03
820	-1.132034e+03
821	-1.132679e+03
822	-1.123245e+03
823	-1.139421e+03
824	-1.154402e+03
825	-1.141753e+03
826	-1.125856e+03
827	-1.111068e+03
828	-1.120301e+03
829	-1.115635e+03
830	-1.127502e+03
831	-1.119220e+03
832	-1.129360e+03
833	-1.125213e+03
834	-1.131345e+03
835	-1.108529e+03
836	-1.154672e+03
837	-1.121770e+03
838	-1.131077e+03
839	-1.102052e+03
840	-1.128574e+03
841	-1.132616e+03
842	-1.122959e+03
843	-1.119871e+03
844	-1.137885e+03
845	-1.123117e+03
846	-1.127838e+03
847	-1.132547e+03
848	-1.130730e+03
849	-1.141802e+03
850	-1.127607e+03
851	-1.125445e+03
852	-1.131318e+03
853	-1.129400e+03
854	-1.136078e+03
855	-1.119464e+03
856	-1.136010e+03
857	-1.154156e+03
858	-1.124248e+03
859	-1.120355e+03
860	-1.120110e+03
861	-1.144588e+03
862	-1.125106e+03
863	-1.129987e+03
864	-1.129288e+03
865	-1.127648e+03
866	-1.121492e+03
867	-1.120851e+03
868	-1.153310e+03
869	-1.139344e+03
870	-1.116940e+03
871	-1.132359e+03
872	-1.128477e+03
873	-1.119078e+03
874	-1.133004e+03
875	-1.118268e+03
876	-1.130263e+03
877	-1.107995e+03
878	-1.145857e+03
879	-1.132969e+03
880	-1.122279e+03
881	-1.138155e+03
882	-1.133546e+03
883	-1.134835e+03
884	-1.140953e+03
885	-1.127257e+03
886	-1.120331e+03
887	-1.119285e+03
888	-1.139447e+03
889	-1.131459e+03
890	-1.123331e+03
891	-1.138925e+03
892	-1.136868e+03
893	-1.125665e+03
894	-1.131147e+03
895	-1.116908e+03
896	-1.147451e+03
897	-1.137397e+03
898	-1.108431e+03
899	-1.143324e+03
900	-1.112947e+03
901	-1.130494e+03
902	-1.123687e+03
903	-1.134243e+03
904	-1.146193e+03
905	-1.099140e+03
906	-1.114427e+03
907	-1.150443e+03
908	-1.130567e+03
909	-1.109549e+03
910	-1.128506e+03
911	-1.136158e+03
912	-1.119777e+03
913	-1.139893e+03
914	-1.124244e+03
915	-1.130712e+03
916	-1.126857e+03
917	-1.132722e+03
918	-1.120244e+03
919	-1.126734e+03
920	-1.133765e+03
921	-1.121745e+03
922	-1.152147e+03
923	-1.124362e+03
924	-1.127746e+03
925	-1.147052e+03
926	-1.144817e+03
927	-1.128168e+03
928	-1.122534e+03
929	-1.156640e+03
930	-1.127586e+03
931	-1.104680e+03
932	-1.120979e+03
933	-1.127279e+03
934	-1.138478e+03
935	-1.134802e+03
936	-1.128128e+03
937	-1.136208e+03
938	-1.132100e+03
939	-1.120524e+03
940	-1.115311e+03
941	-1.146983e+03
942	-1.121806e+03
943	-1.110977e+03
944	-1.122637e+03
945	-1.129704e+03
946	-1.093403e+03
947	-1.124355e+03
948	-1.119354e+03
949	-1.143333e+03
950	-1.111145e+03
951	-1.111361e+03
952	-1.106159e+03
953	-1.132293e+03
954	-1.127096e+03
955	-1.126170e+03
956	-1.131953e+03
957	-1.149235e+03
958	-1.127191e+03
959	-1.134136e+03
960	-1.130695e+03
961	-1.124488e+03
962	-1.149476e+03
963	-1.107820e+03
964	-1.121728e+03
965	-1.134873e+03
966	-1.132781e+03
967	-1.135561e+03
968	-1.113874e+03
969	-1.145394e+03
970	-1.143397e+03
971	-1.145326e+03
972	-1.131097e+03
973	-1.112859e+03
974	-1.112348e+03
975	-1.141220e+03
976	-1.120580e+03
977	-1.149983e+03
978	-1.139132e+03
979	-1.143809e+03
980	-1.125021e+03
981	-1.137617e+03
982	-1.134660e+03
983	-1.133823e+03
984	-1.116512e+03
985	-1.126434e+03
986	-1.135887e+03
987	-1.142025e+03
988	-1.142665e+03
989	-1.142638e+03
990	-1.128688e+03
991	-1.128465e+03
992	-1.144989e+03
993	-1.111631e+03
994	-1.147727e+03
995	-1.151373e+03
996	-1.153465e+03
997	-1.125539e+03
998	-1.127128e+03
999	-1.125858e+03
1000	-1.142845e+03
1001	-1.121044e+03
1002	-1.117048e+03
1003	-1.120231e+03
1004	-1.128538e+03
1005	-1.139764e+03
1006	-1.128526e+03
1007	-1.148357e+03
1008	-1.131563e+03
1009	-1.113380e+03
1010	-1.127248e+03
1011	-1.134387e+03
1012	-1.137074e+03
1013	-1.121053e+03
1014	-1.141118e+03
1015	-1.128966e+03
1016	-1.130969e+03
1017	-1.123764e+03
1018	-1.146387e+03
1019	-1.138019e+03
1020	-1.123286e+03
1021	-1.144786e+03
1022	-1.114502e+03
1023	-1.119686e+03
1024	-1.136171e+03
1025	-1.109591e+03
1026	-1.111519e+03
1027	-1.121443e+03
1028	-1.128055e+03
1029	-1.128008e+03
1030	-1.117107e+03
1031	-1.136045e+03
1032	-1.138857e+03
1033	-1.113059e+03
1034	-1.140895e+03
1035	-1.129951e+03
1036	-1.134891e+03
1037	-1.132954e+03
1038	-1.151133e+03
1039	-1.135930e+03
1040	-1.129430e+03
1041	-1.125958e+03
1042	-1.113691e+03
1043	-1.135097e+03
1044	-1.114761e+03
1045	-1.131569e+03
1046	-1.139205e+03
1047	-1.120899e+03
1048	-1.145472e+03
1049	-1.124504e+03
1050	-1.133482e+03
1051	-1.116053e+03
1052	-1.144624e+03
1053	-1.109772e+03
1054	-1.124473e+03
1055	-1.133493e+03
1056	-1.124669e+03
1057	-1.131933e+03
1058	-1.138124e+03
1059	-1.113620e+03
1060	-1.129615e+03
1061	-1.119778e+03
1062	-1.145219e+03
1063	-1.134828e+03
1064	-1.127010e+03
1065	-1.136036e+03
1066	-1.114259e+03
1067	-1.143152e+03
1068	-1.113970e+03
1069	-1.115718e+03
1070	-1.137667e+03
1071	-1.127348e+03
1072	-1.120860e+03
1073	-1.137819e+03
1074	-1.130474e+03
1075	-1.142674e+03
1076	-1.132156e+03
1077	-1.128915e+03
1078	-1.123814e+03
1079	-1.139239e+03
1080	-1.108524e+03
1081	-1.135711e+03
1082	-1.135595e+03
1083	-1.110957e+03
1084	-1.114656e+03
1085	-1.104155e+03
1086	-1.134785e+03
1087	-1.122134e+03
1088	-1.123265e+03
1089	-1.134234e+03
1090	-1.130715e+03
1091	-1.105825e+03
1092	-1.140842e+03
1093	-1.131351e+03
1094	-1.121122e+03
1095	-1.134809e+03
1096	-1.133467e+03
1097	-1.120508e+03
1098	-1.136115e+03
1099	-1.117950e+03
1100	-1.123691e+03
1101	-1.134858e+03
1102	-1.106917e+03
1103	-1.136961e+03
1104	-1.134758e+03
1105	-1.141582e+03
1106	-1.125457e+03
1107	-1.156766e+03
1108	-1.123923e+03
1109	-1.130791e+03
1110	-1.129349e+03
1111	-1.124046e+03
1112	-1.119176e+03
1113	-1.122302e+03
1114	-1.116531e+03
1115	-1.129812e+03
1116	-1.139792e+03
1117	-1.125734e+03
1118	-1.127897e+03
1119	-1.133253e+03
1120	-1.126775e+03
1121	-1.125751e+03
1122	-1.129111e+03
1123	-1.130236e+03
1124	-1.130461e+03
1125	-1.119378e+03
1126	-1.133229e+03
1127	-1.151789e+03
1128	-1.119357e+03
1129	-1.105908e+03
1130	-1.129436e+03
1131	-1.113522e+03
1132	-1.121710e+03
1133	-1.122614e+03
1134	-1.123728e+03
1135	-1.146037e+03
1136	-1.129467e+03
1137	-1.131006e+03
1138	-1.135031e+03
1139	-1.118585e+03
1140	-1.126120e+03
1141	-1.126957e+03
1142	-1.139654e+03
1143	-1.126227e+03
1144	-1.131211e+03
1145	-1.129654e+03
1146	-1.134471e+03
1147	-1.123653e+03
1148	-1.168466e+03
1149	-1.130592e+03
1150	-1.123976e+03
1151	-1.107773e+03
1152	-1.131527e+03
1153	-1.121987e+03
1154	-1.124348e+03
1155	-1.136998e+03
1156	-1.121819e+03
1157	-1.113629e+03
1158	-1.127672e+03
1159	-1.121356e+03
1160	-1.134808e+03
1161	-1.138132e+03
1162	-1.130724e+03
1163	-1.123560e+03
1164	-1.143351e+03
1165	-1.124024e+03
1166	-1.122097e+03
1167	-1.143954e+03
1168	-1.130227e+03
1169	-1.128315e+03
1170	-1.153335e+03
1171	-1.135700e+03
1172	-1.117410e+03
1173	-1.132833e+03
1174	-1.138731e+03
1175	-1.128305e+03
1176	-1.127399e+03
1177	-1.127680e+03
1178	-1.134706e+03
1179	-1.143839e+03
1180	-1.150885e+03
1181	-1.138434e+03
1182	-1.142086e+03
1183	-1.137237e+03
1184	-1.125388e+03
1185	-1.153237e+03
1186	-1.105809e+03
1187	-1.126808e+03
1188	-1.133183e+03
1189	-1.137110e+03
1190	-1.133158e+03
1191	-1.126836e+03
1192	-1.130849e+03
1193	-1.108167e+03
1194	-1.113414e+03
1195	-1.143308e+03
1196	-1.125776e+03
1197	-1.131928e+03
1198	-1.113717e+03
1199	-1.139158e+03
1200	-1.131601e+03
1201	-1.144889e+03
1202	-1.133786e+03
1203	-1.129669e+03
1204	-1.141850e+03
1205	-1.108712e+03
1206	-1.138437e+03
1207	-1.129064e+03
1208	-1.104768e+03
1209	-1.124969e+03
1210	-1.113564e+03
1211	-1.148176e+03
1212	-1.139744e+03
1213	-1.127808e+03
1214	-1.126081e+03
1215	-1.118655e+03
1216	-1.120080e+03
1217	-1.128577e+03
1218	-1.118280e+03
1219	-1.116724e+03
1220	-1.114314e+03
1221	-1.127587e+03
1222	-1.106921e+03
1223	-1.139241e+03
1224	-1.126288e+03
1225	-1.124149e+03
1226	-1.128667e+03
1227	-1.138510e+03
1228	-1.134111e+03
1229	-1.134350e+03
1230	-1.124989e+03
1231	-1.133371e+03
1232	-1.115114e+03
1233	-1.126946e+03
1234	-1.132381e+03
1235	-1.132213e+03
1236	-1.134419e+03
1237	-1.119412e+03
1238	-1.138294e+03
1239	-1.130689e+03
1240	-1.144739e+03
1241	-1.140922e+03
1242	-1.121548e+03
1243	-1.122403e+03
1244	-1.126898e+03
1245	-1.138272e+03
1246	-1.124638e+03
1247	-1.127850e+03
1248	-1.126040e+03
1249	-1.110252e+03
1250	-1.127327e+03
1251	-1.118232e+03
1252	-1.123453e+03
1253	-1.128816e+03
1254	-1.137091e+03
1255	-1.114670e+03
1256	-1.129880e+03
1257	-1.134927e+03
1258	-1.147008e+03
1259	-1.144170e+03
1260	-1.124076e+03
1261	-1.131546e+03
1262	-1.125323e+03
1263	-1.125898e+03
1264	-1.130025e+03
1265	-1.121666e+03
1266	-1.127406e+03
1267	-1.115361e+03
1268	-1.103169e+03
1269	-1.110317e+03
1270	-1.148215e+03
1271	-1.126646e+03
1272	-1.140046e+03
1273	-1.135817e+03
1274	-1.148114e+03
1275	-1.132237e+03
1276	-1.155576e+03
1277	-1.123070e+03
1278	-1.126716e+03
1279	-1.121087e+03
1280	-1.149117e+03
1281	-1.131293e+03
1282	-1.119303e+03
1283	-1.144303e+03
1284	-1.117891e+03
1285	-1.117293e+03
1286	-1.137853e+03
1287	-1.101683e+03
1288	-1.133117e+03
1289	-1.139274e+03
1290	-1.125424e+03
1291	-1.124210e+03
1292	-1.117207e+03
1293	-1.122450e+03
1294	-1.145172e+03
1295	-1.121270e+03
1296	-1.135522e+03
1297	-1.144617e+03
1298	-1.114553e+03
1299	-1.126510e+03
1300	-1.125390e+03
1301	-1.133846e+03
1302	-1.127925e+03
1303	-1.127821e+03
1304	-1.138945e+03
1305	-1.108942e+03
1306	-1.113827e+03
1307	-1.114675e+03
1308	-1.119563e+03
1309	-1.143280e+03
1310	-1.138131e+03
1311	-1.113247e+03
1312	-1.136761e+03
1313	-1.123285e+03
1314	-1.122622e+03
1315	-1.144981e+03
1316	-1.123993e+03
1317	-1.119172e+03
1318	-1.145615e+03
1319	-1.138789e+03
1320	-1.130502e+03
1321	-1.127060e+03
1322	-1.120140e+03
1323	-1.129534e+03
1324	-1.118789e+03
1325	-1.134459e+03
1326	-1.122738e+03
1327	-1.132199e+03
1328	-1.132346e+03
1329	-1.133204e+03
1330	-1.137844e+03
1331	-1.124343e+03
1332	-1.142468e+03
1333	-1.124995e+03
1334	-1.138675e+03
1335	-1.138442e+03
1336	-1.121025e+03
1337	-1.120064e+03
1338	-1.145503e+03
1339	-1.113546e+03
1340	-1.138848e+03
1341	-1.135894e+03
1342	-1.128639e+03
1343	-1.128804e+03
1344	-1.143946e+03
1345	-1.131502e+03
1346	-1.143418e+03
1347	-1.135614e+03
1348	-1.137692e+03
1349	-1.162678e+03
1350	-1.144662e+03
1351	-1.125448e+03
1352	-1.127116e+03
1353	-1.139190e+03
1354	-1.134870e+03
1355	-1.129761e+03
1356	-1.101204e+03
1357	-1.127399e+03
1358	-1.125044e+03
1359	-1.123799e+03
1360	-1.129973e+03
1361	-1.116423e+03
1362	-1.130903e+03
1363	-1.132997e+03
1364	-1.126690e+03
1365	-1.118601e+03
1366	-1.122979e+03
1367	-1.123288e+03
1368	-1.134617e+03
1369	-1.132119e+03
1370	-1.135740e+03
1371	-1.125285e+03
1372	-1.110169e+03
1373	-1.122003e+03
1374	-1.133066e+03
1375	-1.138082e+03
1376	-1.151113e+03
1377	-1.133325e+03
1378	-1.138581e+03
1379	-1.130039e+03
1380	-1.133764e+03
1381	-1.144973e+03
1382	-1.144926e+03
1383	-1.122605e+03
1384	-1.127244e+03
1385	-1.106704e+03
1386	-1.121839e+03
1387	-1.116409e+03
1388	-1.139711e+03
1389	-1.107928e+03
1390	-1.127072e+03
1391	-1.149470e+03
1392	-1.121768e+03
1393	-1.134453e+03
1394	-1.137196e+03
1395	-1.135859e+03
1396	-1.123801e+03
1397	-1.125344e+03
1398	-1.124901e+03
1399	-1.107543e+03
1400	-1.108247e+03
1401	-1.126998e+03
1402	-1.115597e+03
1403	-1.141147e+03
1404	-1.138248e+03
1405	-1.134148e+03
1406	-1.132747e+03
1407	-1.135916e+03
1408	-1.128596e+03
1409	-1.132560e+03
1410	-1.128724e+03
1411	-1.115384e+03
1412	-1.145945e+03
1413	-1.130294e+03
1414	-1.137771e+03
1415	-1.105819e+03
1416	-1.128292e+03
1417	-1.108813e+03
1418	-1.117863e+03
1419	-1.134416e+03
1420	-1.151357e+03
1421	-1.121240e+03
1422	-1.125645e+03
1423	-1.139002e+03
1424	-1.137442e+03
1425	-1.126958e+03
1426	-1.123174e+03
1427	-1.131657e+03
1428	-1.137529e+03
1429	-1.143550e+03
1430	-1.118503e+03
1431	-1.124680e+03
1432	-1.133239e+03
1433	-1.128293e+03
1434	-1.132865e+03
1435	-1.125357e+03
1436	-1.126060e+03
1437	-1.121958e+03
1438	-1.127322e+03
1439	-1.135698e+03
1440	-1.121125e+03
1441	-1.113238e+03
1442	-1.118011e+03
1443	-1.119841e+03
1444	-1.135430e+03
1445	-1.122790e+03
1446	-1.126864e+03
1447	-1.123731e+03
1448	-1.116674e+03
1449	-1.123459e+03
1450	-1.113926e+03
1451	-1.122161e+03
1452	-1.142823e+03
1453	-1.135946e+03
1454	-1.129336e+03
1455	-1.136971e+03
1456	-1.123477e+03
1457	-1.123059e+03
1458	-1.127350e+03
1459	-1.145335e+03
1460	-1.124121e+03
1461	-1.134167e+03
1462	-1.122850e+03
1463	-1.129461e+03
1464	-1.124316e+03
1465	-1.130355e+03
1466	-1.125663e+03
1467	-1.139803e+03
1468	-1.135436e+03
1469	-1.113020e+03
1470	-1.140175e+03
1471	-1.122354e+03
1472	-1.126924e+03
1473	-1.143177e+03
1474	-1.120458e+03
1475	-1.123703e+03
1476	-1.126325e+03
1477	-1.135569e+03
1478	-1.122313e+03
1479	-1.123329e+03
1480	-1.127554e+03
1481	-1.135421e+03
1482	-1.109768e+03
1483	-1.136133e+03
1484	-1.132996e+03
1485	-1.132706e+03
1486	-1.130693e+03
1487	-1.131607e+03
1488	-1.115109e+03
1489	-1.107776e+03
1490	-1.131739e+03
1491	-1.125095e+03
1492	-1.116436e+03
1493	-1.142917e+03
1494	-1.125075e+03
1495	-1.136184e+03
1496	-1.138826e+03
1497	-1.129938e+03
1498	-1.127555e+03
1499	-1.135808e+03
1500	-1.131711e+03
1501	-1.113274e+03
1502	-1.121267e+03
1503	-1.128835e+03
1504	-1.119077e+03
1505	-1.119651e+03
1506	-1.120541e+03
1507	-1.108290e+03
1508	-1.117133e+03
1509	-1.114293e+03
1510	-1.132294e+03
1511	-1.121822e+03
1512	-1.121658e+03
1513	-1.134898e+03
1514	-1.121945e+03
1515	-1.130292e+03
1516	-1.123631e+03
1517	-1.112427e+03
1518	-1.132047e+03
1519	-1.125505e+03
1520	-1.118639e+03
1521	-1.126643e+03
1522	-1.142818e+03
1523	-1.108837e+03
1524	-1.135253e+03
1525	-1.123298e+03
1526	-1.114289e+03
1527	-1.113416e+03
1528	-1.121583e+03
1529	-1.149773e+03
1530	-1.133023e+03
1531	-1.124625e+03
1532	-1.127475e+03
1533	-1.129923e+03
1534	-1.135701e+03
1535	-1.122440e+03
1536	-1.128323e+03
1537	-1.123744e+03
1538	-1.127427e+03
1539	-1.130822e+03
1540	-1.116932e+03
1541	-1.135710e+03
1542	-1.134204e+03
1543	-1.115626e+03
1544	-1.111805e+03
1545	-1.131893e+03
1546	-1.125244e+03
1547	-1.131671e+03
1548	-1.134880e+03
1549	-1.133269e+03
1550	-1.117639e+03
1551	-1.144626e+03
1552	-1.143370e+03
1553	-1.125042e+03
1554	-1.106998e+03
1555	-1.129315e+03
1556	-1.123339e+03
1557	-1.135694e+03
1558	-1.118901e+03
1559	-1.124398e+03
1560	-1.100506e+03
1561	-1.112887e+03
1562	-1.136173e+03
1563	-1.139315e+03
1564	-1.141746e+03
1565	-1.111860e+03
1566	-1.144718e+03
1567	-1.137940e+03
1568	-1.130706e+03
1569	-1.133259e+03
1570	-1.113914e+03
1571	-1.114072e+03
1572	-1.127813e+03
1573	-1.128438e+03
1574	-1.136659e+03
1575	-1.133218e+03
1576	-1.133110e+03
1577	-1.132610e+03
1578	-1.154787e+03
1579	-1.148251e+03
1580	-1.145297e+03
1581	-1.135663e+03
1582	-1.114359e+03
1583	-1.117100e+03
1584	-1.137259e+03
1585	-1.135784e+03
1586	-1.122877e+03
1587	-1.122753e+03
1588	-1.121901e+03
1589	-1.123147e+03
1590	-1.146952e+03
1591	-1.127483e+03
1592	-1.119496e+03
1593	-1.133685e+03
1594	-1.113560e+03
1595	-1.119086e+03
1596	-1.135506e+03
1597	-1.123892e+03
1598	-1.120203e+03
1599	-1.122361e+03
1600	-1.103645e+03
1601	-1.135338e+03
1602	-1.131417e+03
1603	-1.124228e+03
1604	-1.114419e+03
1605	-1.131006e+03
1606	-1.123967e+03
1607	-1.133652e+03
1608	-1.127572e+03
1609	-1.130560e+03
1610	-1.128549e+03
1611	-1.124024e+03
1612	-1.137004e+03
1613	-1.122375e+03
1614	-1.114714e+03
1615	-1.129498e+03
1616	-1.115404e+03
1617	-1.116617e+03
1618	-1.104302e+03
1619	-1.133165e+03
1620	-1.134813e+03
1621	-1.140007e+03
1622	-1.150894e+03
1623	-1.131915e+03
1624	-1.130319e+03
1625	-1.134829e+03
1626	-1.152227e+03
1627	-1.134246e+03
1628	-1.127680e+03
1629	-1.142471e+03
1630	-1.117435e+03
1631	-1.143112e+03
1632	-1.104058e+03
1633	-1.105957e+03
1634	-1.113049e+03
1635	-1.125691e+03
1636	-1.134448e+03
1637	-1.152609e+03
1638	-1.123045e+03
1639	-1.123776e+03
1640	-1.106247e+03
1641	-1.124844e+03
1642	-1.145303e+03
1643	-1.121724e+03
1644	-1.124901e+03
1645	-1.124004e+03
1646	-1.121923e+03
1647	-1.129335e+03
1648	-1.118657e+03
1649	-1.134432e+03
1650	-1.124565e+03
1651	-1.129056e+03
1652	-1.147645e+03
1653	-1.109839e+03
1654	-1.128213e+03
1655	-1.135991e+03
1656	-1.124349e+03
1657	-1.142656e+03
1658	-1.134110e+03
1659	-1.107698e+03
1660	-1.119576e+03
1661	-1.139613e+03
1662	-1.124939e+03
1663	-1.118491e+03
1664	-1.137424e+03
1665	-1.105681e+03
1666	-1.137963e+03
1667	-1.120937e+03
1668	-1.129699e+03
1669	-1.135772e+03
1670	-1.126153e+03
1671	-1.126584e+03
1672	-1.149019e+03
1673	-1.130135e+03
1674	-1.146027e+03
1675	-1.135860e+03
1676	-1.125606e+03
1677	-1.133036e+03
1678	-1.136068e+03
1679	-1.133079e+03
1680	-1.140468e+03
1681	-1.129604e+03
1682	-1.139500e+03
1683	-1.115641e+03
1684	-1.128812e+03
1685	-1.126222e+03
1686	-1.136335e+03
1687	-1.131973e+03
1688	-1.136743e+03
1689	-1.123187e+03
1690	-1.131612e+03
1691	-1.104625e+03
1692	-1.135713e+03
1693	-1.135531e+03
1694	-1.132729e+03
1695	-1.124967e+03
1696	-1.116965e+03
1697	-1.100436e+03
1698	-1.126932e+03
1699	-1.134726e+03
1700	-1.127805e+03
1701	-1.146355e+03
1702	-1.136408e+03
1703	-1.133535e+03
1704	-1.132880e+03
1705	-1.119934e+03
1706	-1.148974e+03
1707	-1.124736e+03
1708	-1.147047e+03
1709	-1.117470e+03
1710	-1.117344e+03
1711	-1.132460e+03
1712	-1.117885e+03
1713	-1.127932e+03
1714	-1.139635e+03
1715	-1.128815e+03
1716	-1.148136e+03
1717	-1.162883e+03
1718	-1.130799e+03
1719	-1.138885e+03
1720	-1.127629e+03
1721	-1.129848e+03
1722	-1.133318e+03
1723	-1.126878e+03
1724	-1.109631e+03
1725	-1.124499e+03
1726	-1.120763e+03
1727	-1.132362e+03
1728	-1.131558e+03
1729	-1.135855e+03
1730	-1.133683e+03
1731	-1.134088e+03
1732	-1.131383e+03
1733	-1.131131e+03
1734	-1.134585e+03
1735	-1.137431e+03
1736	-1.136024e+03
1737	-1.141393e+03
1738	-1.118518e+03
1739	-1.125857e+03
1740	-1.122278e+03
1741	-1.126319e+03
1742	-1.158746e+03
1743	-1.115104e+03
1744	-1.131175e+03
1745	-1.126726e+03
1746	-1.135946e+03
1747	-1.123989e+03
1748	-1.134665e+03
1749	-1.140590e+03
1750	-1.149243e+03
1751	-1.130372e+03
1752	-1.134363e+03
1753	-1.140961e+03
1754	-1.117738e+03
1755	-1.110428e+03
1756	-1.123645e+03
1757	-1.142717e+03
1758	-1.119385e+03
1759	-1.146885e+03
1760	-1.134168e+03
1761	-1.137205e+03
1762	-1.136945e+03
1763	-1.095816e+03
1764	-1.136947e+03
1765	-1.138518e+03
1766	-1.117928e+03
1767	-1.120026e+03
1768	-1.119716e+03
1769	-1.137565e+03
1770	-1.144374e+03
1771	-1.142497e+03
1772	-1.143110e+03
1773	-1.114596e+03
1774	-1.149072e+03
1775	-1.131617e+03
1776	-1.137190e+03
1777	-1.122694e+03
1778	-1.127963e+03
1779	-1.131847e+03
1780	-1.140883e+03
1781	-1.124980e+03
1782	-1.115816e+03
1783	-1.129147e+03
1784	-1.107076e+03
1785	-1.144172e+03
1786	-1.120132e+03
1787	-1.118395e+03
1788	-1.132831e+03
1789	-1.111450e+03
1790	-1.134346e+03
1791	-1.128591e+03
1792	-1.139438e+03
1793	-1.120307e+03
1794	-1.116918e+03
1795	-1.130072e+03
1796	-1.150650e+03
1797	-1.127468e+03
1798	-1.134560e+03
1799	-1.115765e+03
1800	-1.138578e+03
1801	-1.128431e+03
1802	-1.137366e+03
1803	-1.133937e+03
1804	-1.128854e+03
1805	-1.120713e+03
1806	-1.124673e+03
1807	-1.138643e+03
1808	-1.133869e+03
1809	-1.120210e+03
1810	-1.124620e+03
1811	-1.143720e+03
1812	-1.144470e+03
1813	-1.139079e+03
1814	-1.147773e+03
1815	-1.140813e+03
1816	-1.124941e+03
1817	-1.110273e+03
1818	-1.123821e+03
1819	-1.118479e+03
1820	-1.140647e+03
1821	-1.112356e+03
1822	-1.116264e+03
1823	-1.133449e+03
1824	-1.130931e+03
1825	-1.116169e+03
1826	-1.116439e+03
1827	-1.147867e+03
1828	-1.158588e+03
1829	-1.115457e+03
1830	-1.115265e+03
1831	-1.121163e+03
1832	-1.150745e+03
1833	-1.123692e+03
1834	-1.150279e+03
1835	-1.137698e+03
1836	-1.136536e+03
1837	-1.133111e+03
1838	-1.114402e+03
1839	-1.138812e+03
1840	-1.117577e+03
1841	-1.128831e+03
1842	-1.118175e+03
1843	-1.120934e+03
1844	-1.139377e+03
1845	-1.139674e+03
1846	-1.140856e+03
1847	-1.120215e+03
1848	-1.132254e+03
1849	-1.141134e+03
1850	-1.127303e+03
1851	-1.114458e+03
1852	-1.127640e+03
1853	-1.118987e+03
1854	-1.132005e+03
1855	-1.113431e+03
1856	-1.114914e+03
1857	-1.131614e+03
1858	-1.120584e+03
1859	-1.138331e+03
1860	-1.117524e+03
1861	-1.126216e+03
1862	-1.118213e+03
1863	-1.132960e+03
1864	-1.096778e+03
1865	-1.133432e+03
1866	-1.133613e+03
1867	-1.132956e+03
1868	-1.153112e+03
1869	-1.136773e+03
1870	-1.133826e+03
1871	-1.124788e+03
1872	-1.135326e+03
1873	-1.135830e+03
1874	-1.107840e+03
1875	-1.145034e+03
1876	-1.128783e+03
1877	-1.125487e+03
1878	-1.123980e+03
1879	-1.145105e+03
1880	-1.116001e+03
1881	-1.137429e+03
1882	-1.124900e+03
1883	-1.125090e+03
1884	-1.134024e+03
1885	-1.115850e+03
1886	-1.126524e+03
1887	-1.126387e+03
1888	-1.124343e+03
1889	-1.133255e+03
1890	-1.110847e+03
1891	-1.131592e+03
1892	-1.127443e+03
1893	-1.125477e+03
1894	-1.114439e+03
1895	-1.113998e+03
1896	-1.116219e+03
1897	-1.125130e+03
1898	-1.142468e+03
1899	-1.135472e+03
1900	-1.125067e+03
1901	-1.148270e+03
1902	-1.119122e+03
1903	-1.111333e+03
1904	-1.130044e+03
1905	-1.113209e+03
1906	-1.127583e+03
1907	-1.124673e+03
1908	-1.122915e+03
1909	-1.122772e+03
1910	-1.134639e+03
1911	-1.134244e+03
1912	-1.131762e+03
1913	-1.106930e+03
1914	-1.132305e+03
1915	-1.126157e+03
1916	-1.126380e+03
1917	-1.130786e+03
1918	-1.114526e+03
1919	-1.127613e+03
1920	-1.118148e+03
1921	-1.134956e+03
1922	-1.140439e+03
1923	-1.127019e+03
1924	-1.128194e+03
1925	-1.134561e+03
1926	-1.148230e+03
1927	-1.121726e+03
1928	-1.112847e+03
1929	-1.126956e+03
1930	-1.153991e+03
1931	-1.141598e+03
1932	-1.131072e+03
1933	-1.127525e+03
1934	-1.131584e+03
1935	-1.125498e+03
1936	-1.108553e+03
1937	-1.121245e+03
1938	-1.114967e+03
1939	-1.121134e+03
1940	-1.115919e+03
1941	-1.130940e+03
1942	-1.148534e+03
1943	-1.125125e+03
1944	-1.128829e+03
1945	-1.137560e+03
1946	-1.146281e+03
1947	-1.129436e+03
1948	-1.126817e+03
1949	-1.129915e+03
1950	-1.120206e+03
1951	-1.122060e+03
1952	-1.115367e+03
1953	-1.139953e+03
1954	-1.133097e+03
1955	-1.129926e+03
1956	-1.121677e+03
1957	-1.127064e+03
1958	-1.131153e+03
1959	-1.132738e+03
1960	-1.134267e+03
1961	-1.137797e+03
1962	-1.145867e+03
1963	-1.140919e+03
1964	-1.140892e+03
1965	-1.144409e+03
1966	-1.117086e+03
1967	-1.121320e+03
1968	-1.131791e+03
1969	-1.129570e+03
1970	-1.117698e+03
1971	-1.114865e+03
1972	-1.115990e+03
1973	-1.130513e+03
1974	-1.117144e+03
1975	-1.114086e+03
1976	-1.129067e+03
1977	-1.115771e+03
1978	-1.152064e+03
1979	-1.117109e+03
1980	-1.116379e+03
1981	-1.141221e+03
1982	-1.128096e+03
1983	-1.128403e+03
1984	-1.149763e+03
1985	-1.131909e+03
1986	-1.117349e+03
1987	-1.139052e+03
1988	-1.134333e+03
1989	-1.129654e+03
1990	-1.131032e+03
1991	-1.126260e+03
1992	-1.114610e+03
1993	-1.141315e+03
1994	-1.134224e+03
1995	-1.140554e+03
1996	-1.132629e+03
1997	-1.107732e+03
1998	-1.124968e+03
1999	-1.134284e+03
2000	-1.141264e+03
2001	-1.143155e+03
2002	-1.138010e+03
2003	-1.131187e+03
2004	-1.121246e+03
2005	-1.124678e+03
2006	-1.142086e+03
2007	-1.132978e+03
2008	-1.128347e+03
2009	-1.128297e+03
2010	-1.096078e+03
2011	-1.143083e+03
2012	-1.127061e+03
2013	-1.141335e+03
2014	-1.145841e+03
2015	-1.143255e+03
2016	-1.129267e+03
2017	-1.131446e+03
2018	-1.130369e+03
2019	-1.134969e+03
2020	-1.138908e+03
2021	-1.140718e+03
2022	-1.132227e+03
2023	-1.125410e+03
2024	-1.137240e+03
2025	-1.108688e+03
2026	-1.122134e+03
2027	-1.121388e+03
2028	-1.139370e+03
2029	-1.132696e+03
2030	-1.131004e+03
2031	-1.152135e+03
2032	-1.121507e+03
2033	-1.126353e+03
2034	-1.120585e+03
2035	-1.141809e+03
2036	-1.128257e+03
2037	-1.112780e+03
2038	-1.130620e+03
2039	-1.128995e+03
2040	-1.126623e+03
2041	-1.121446e+03
2042	-1.128586e+03
2043	-1.108031e+03
2044	-1.121024e+03
2045	-1.116537e+03
2046	-1.125424e+03
2047	-1.127429e+03
2048	-1.120402e+03
2049	-1.137506e+03
2050	-1.134004e+03
2051	-1.123492e+03
2052	-1.123747e+03
2053	-1.102247e+03
2054	-1.128741e+03
2055	-1.129556e+03
2056	-1.130019e+03
2057	-1.141945e+03
2058	-1.124812e+03
2059	-1.128058e+03
2060	-1.116749e+03
2061	-1.117943e+03
2062	-1.138402e+03
2063	-1.121569e+03
2064	-1.137482e+03
2065	-1.154985e+03
2066	-1.126829e+03
2067	-1.126911e+03
2068	-1.129689e+03
2069	-1.149267e+03
2070	-1.127158e+03
2071	-1.125957e+03
2072	-1.132797e+03
2073	-1.139266e+03
2074	-1.128116e+03
2075	-1.114878e+03
2076	-1.117345e+03
2077	-1.153475e+03
2078	-1.134104e+03
2079	-1.121223e+03
2080	-1.124846e+03
2081	-1.126435e+03
2082	-1.140929e+03
2083	-1.140730e+03
2084	-1.145406e+03
2085	-1.109666e+03
2086	-1.125467e+03
2087	-1.131150e+03
2088	-1.140429e+03
2089	-1.144141e+03
2090	-1.133692e+03
2091	-1.125007e+03
2092	-1.134155e+03
2093	-1.139184e+03
2094	-1.129441e+03
2095	-1.136568e+03
2096	-1.109231e+03
2097	-1.155105e+03
2098	-1.139962e+03
2099	-1.103782e+03
2100	-1.139734e+03
2101	-1.119037e+03
2102	-1.151606e+03
2103	-1.145287e+03
2104	-1.117148e+03
2105	-1.121336e+03
2106	-1.129777e+03
2107	-1.136726e+03
2108	-1.131190e+03
2109	-1.130220e+03
2110	-1.146412e+03
2111	-1.109039e+03
2112	-1.129188e+03
2113	-1.141493e+03
2114	-1.136583e+03
2115	-1.132943e+03
2116	-1.106399e+03
2117	-1.116468e+03
2118	-1.133241e+03
2119	-1.111879e+03
2120	-1.126462e+03
2121	-1.119225e+03
2122	-1.118644e+03
2123	-1.136263e+03
2124	-1.133127e+03
2125	-1.140972e+03
2126	-1.121030e+03
2127	-1.106931e+03
2128	-1.132565e+03
2129	-1.124558e+03
2130	-1.145525e+03
2131	-1.119533e+03
2132	-1.110413e+03
2133	-1.140624e+03
2134	-1.131326e+03
2135	-1.117922e+03
2136	-1.130620e+03
2137	-1.122408e+03
2138	-1.140665e+03
2139	-1.145331e+03
2140	-1.136706e+03
2141	-1.135603e+03
2142	-1.130740e+03
2143	-1.115380e+03
2144	-1.134422e+03
2145	-1.141655e+03
2146	-1.125053e+03
2147	-1.134931e+03
2148	-1.115043e+03
2149	-1.157118e+03
2150	-1.146576e+03
2151	-1.138690e+03
2152	-1.154317e+03
2153	-1.113381e+03
2154	-1.132412e+03
2155	-1.149981e+03
2156	-1.123989e+03
2157	-1.115880e+03
2158	-1.122101e+03
2159	-1.135495e+03
2160	-1.119390e+03
2161	-1.126718e+03
2162	-1.126043e+03
2163	-1.133161e+03
2164	-1.129648e+03
2165	-1.144597e+03
2166	-1.123364e+03
2167	-1.121421e+03
2168	-1.124000e+03
2169	-1.120825e+03
2170	-1.120378e+03
2171	-1.136779e+03
2172	-1.109707e+03
2173	-1.122955e+03
2174	-1.148585e+03
2175	-1.118988e+03
2176	-1.150654e+03
2177	-1.128388e+03
2178	-1.130918e+03
2179	-1.134187e+03
2180	-1.132306e+03
2181	-1.142471e+03
2182	-1.121226e+03
2183	-1.127207e+03
2184	-1.105706e+03
2185	-1.130517e+03
2186	-1.115419e+03
2187	-1.132576e+03
2188	-1.131651e+03
2189	-1.136645e+03
2190	-1.132004e+03
2191	-1.120552e+03
2192	-1.142268e+03
2193	-1.114916e+03
2194	-1.130834e+03
2195	-1.125660e+03
2196	-1.115511e+03
2197	-1.098158e+03
2198	-1.123860e+03
2199	-1.114864e+03
2200	-1.121553e+03
2201	-1.126206e+03
2202	-1.146710e+03
2203	-1.132301e+03
2204	-1.132608e+03
2205	-1.131289e+03
2206	-1.132824e+03
2207	-1.121567e+03
2208	-1.110272e+03
2209	-1.146295e+03
2210	-1.136853e+03
2211	-1.133122e+03
2212	-1.121439e+03
2213	-1.139606e+03
2214	-1.135965e+03
2215	-1.135214e+03
2216	-1.110731e+03
2217	-1.141917e+03
2218	-1.122791e+03
2219	-1.121145e+03
2220	-1.119239e+03
2221	-1.123205e+03
2222	-1.113810e+03
2223	-1.141317e+03
2224	-1.130853e+03
2225	-1.121059e+03
2226	-1.094237e+03
2227	-1.133137e+03
2228	-1.120490e+03
2229	-1.120994e+03
2230	-1.141652e+03
2231	-1.128182e+03
2232	-1.124854e+03
2233	-1.160388e+03
2234	-1.131141e+03
2235	-1.142096e+03
2236	-1.140562e+03
2237	-1.124725e+03
2238	-1.124674e+03
2239	-1.125460e+03
2240	-1.120904e+03
2241	-1.123495e+03
2242	-1.133880e+03
2243	-1.132136e+03
2244	-1.135530e+03
2245	-1.132143e+03
2246	-1.121697e+03
2247	-1.151501e+03
2248	-1.132888e+03
2249	-1.119415e+03
2250	-1.127949e+03
2251	-1.134016e+03
2252	-1.121638e+03
2253	-1.118145e+03
2254	-1.130816e+03
2255	-1.135252e+03
2256	-1.124638e+03
2257	-1.120635e+03
2258	-1.131485e+03
2259	-1.105525e+03
2260	-1.117291e+03
2261	-1.149838e+03
2262	-1.125323e+03
2263	-1.123506e+03
2264	-1.118744e+03
2265	-1.158246e+03
2266	-1.129863e+03
2267	-1.135675e+03
2268	-1.135816e+03
2269	-1.125373e+03
2270	-1.138980e+03
2271	-1.120463e+03
2272	-1.133691e+03
2273	-1.108138e+03
2274	-1.128477e+03
2275	-1.103601e+03
2276	-1.125422e+03
2277	-1.137693e+03
2278	-1.134992e+03
2279	-1.122244e+03
2280	-1.121488e+03
2281	-1.136714e+03
2282	-1.130582e+03
2283	-1.111124e+03
2284	-1.130751e+03
2285	-1.125012e+03
2286	-1.134807e+03
2287	-1.127166e+03
2288	-1.124229e+03
2289	-1.110707e+03
2290	-1.137954e+03
2291	-1.108446e+03
2292	-1.130603e+03
2293	-1.126216e+03
2294	-1.139511e+03
2295	-1.152712e+03
2296	-1.142023e+03
2297	-1.124874e+03
2298	-1.132994e+03
2299	-1.141104e+03
2300	-1.129727e+03
2301	-1.121075e+03
2302	-1.119014e+03
2303	-1.135757e+03
2304	-1.131757e+03
2305	-1.156485e+03
2306	-1.139277e+03
2307	-1.108657e+03
2308	-1.137709e+03
2309	-1.137960e+03
2310	-1.121245e+03
2311	-1.110484e+03
2312	-1.126955e+03
2313	-1.125772e+03
2314	-1.125324e+03
2315	-1.118326e+03
2316	-1.125963e+03
2317	-1.134867e+03
2318	-1.143537e+03
2319	-1.114214e+03
2320	-1.122705e+03
2321	-1.124743e+03
2322	-1.121092e+03
2323	-1.111324e+03
2324	-1.129532e+03
2325	-1.125603e+03
2326	-1.135459e+03
2327	-1.108786e+03
2328	-1.109182e+03
2329	-1.132677e+03
2330	-1.121100e+03
2331	-1.128760e+03
2332	-1.122794e+03
2333	-1.127561e+03
2334	-1.120844e+03
2335	-1.140352e+03
2336	-1.127986e+03
2337	-1.132995e+03
2338	-1.121982e+03
2339	-1.134291e+03
2340	-1.127612e+03
2341	-1.129237e+03
2342	-1.132382e+03
2343	-1.126391e+03
2344	-1.130640e+03
2345	-1.153233e+03
2346	-1.121516e+03
2347	-1.117460e+03
2348	-1.125278e+03
2349	-1.134701e+03
2350	-1.135560e+03
2351	-1.124505e+03
2352	-1.128063e+03
2353	-1.121654e+03
2354	-1.103758e+03
2355	-1.126065e+03
2356	-1.123854e+03
2357	-1.132298e+03
2358	-1.130399e+03
2359	-1.127130e+03
2360	-1.126056e+03
2361	-1.122744e+03
2362	-1.131685e+03
2363	-1.127315e+03
2364	-1.133189e+03
2365	-1.125884e+03
2366	-1.124090e+03
2367	-1.143638e+03
2368	-1.118638e+03
2369	-1.137770e+03
2370	-1.121412e+03
2371	-1.145680e+03
2372	-1.108897e+03
2373	-1.152399e+03
2374	-1.141991e+03
2375	-1.131001e+03
2376	-1.132865e+03
2377	-1.125368e+03
2378	-1.142685e+03
2379	-1.131789e+03
2380	-1.124219e+03
2381	-1.137982e+03
2382	-1.144745e+03
2383	-1.147660e+03
2384	-1.132327e+03
2385	-1.152775e+03
2386	-1.118645e+03
2387	-1.136510e+03
2388	-1.110788e+03
2389	-1.125973e+03
2390	-1.113697e+03
2391	-1.138158e+03
2392	-1.118338e+03
2393	-1.116083e+03
2394	-1.131156e+03
2395	-1.127143e+03
2396	-1.142639e+03
2397	-1.146788e+03
2398	-1.107357e+03
2399	-1.161789e+03
2400	-1.118809e+03
2401	-1.115073e+03
2402	-1.119200e+03
2403	-1.147744e+03
2404	-1.133112e+03
2405	-1.124164e+03
2406	-1.134313e+03
2407	-1.135741e+03
2408	-1.112097e+03
2409	-1.141472e+03
2410	-1.115121e+03
2411	-1.147173e+03
2412	-1.125490e+03
2413	-1.125252e+03
2414	-1.141088e+03
2415	-1.129194e+03
2416	-1.146368e+03
2417	-1.121585e+03
2418	-1.126548e+03
2419	-1.125634e+03
2420	-1.134896e+03
2421	-1.114431e+03
2422	-1.131992e+03
2423	-1.131200e+03
2424	-1.115349e+03
2425	-1.139169e+03
2426	-1.135490e+03
2427	-1.116176e+03
2428	-1.142114e+03
2429	-1.125362e+03
2430	-1.151289e+03
2431	-1.117001e+03
2432	-1.133830e+03
2433	-1.129159e+03
2434	-1.137762e+03
2435	-1.118442e+03
2436	-1.120841e+03
2437	-1.129125e+03
2438	-1.144541e+03
2439	-1.126218e+03
2440	-1.148183e+03
2441	-1.126251e+03
2442	-1.141829e+03
2443	-1.116412e+03
2444	-1.110351e+03
2445	-1.108837e+03
2446	-1.128571e+03
2447	-1.129601e+03
2448	-1.135278e+03
2449	-1.122535e+03
2450	-1.135314e+03
2451	-1.124430e+03
2452	-1.121310e+03
2453	-1.132461e+03
2454	-1.108122e+03
2455	-1.129055e+03
2456	-1.148061e+03
2457	-1.122747e+03
2458	-1.134863e+03
2459	-1.133525e+03
2460	-1.119148e+03
2461	-1.134727e+03
2462	-1.146385e+03
2463	-1.125173e+03
2464	-1.127366e+03
2465	-1.154165e+03
2466	-1.132774e+03
2467	-1.122638e+03
2468	-1.136743e+03
2469	-1.146242e+03
2470	-1.139388e+03
2471	-1.137673e+03
2472	-1.143330e+03
2473	-1.123651e+03
2474	-1.122353e+03
2475	-1.140879e+03
2476	-1.144531e+03
2477	-1.122421e+03
2478	-1.122566e+03
2479	-1.101149e+03
2480	-1.138685e+03
2481	-1.136265e+03
2482	-1.129364e+03
2483	-1.130665e+03
2484	-1.134712e+03
2485	-1.133424e+03
2486	-1.126401e+03
2487	-1.121681e+03
2488	-1.112063e+03
2489	-1.124388e+03
2490	-1.149011e+03
2491	-1.134997e+03
2492	-1.137515e+03
2493	-1.144192e+03
2494	-1.123151e+03
2495	-1.140923e+03
2496	-1.143215e+03
2497	-1.130814e+03
2498	-1.134303e+03
2499	-1.131865e+03
2500	-1.122515e+03
2501	-1.117713e+03
2502	-1.141895e+03
2503	-1.126417e+03
2504	-1.113861e+03
2505	-1.160090e+03
2506	-1.138360e+03
2507	-1.128779e+03
2508	-1.139714e+03
2509	-1.100428e+03
2510	-1.109805e+03
2511	-1.135348e+03
2512	-1.126981e+03
2513	-1.129617e+03
2514	-1.155505e+03
2515	-1.112676e+03
2516	-1.128444e+03
2517	-1.131305e+03
2518	-1.132246e+03
2519	-1.147683e+03
2520	-1.136634e+03
2521	-1.133788e+03
2522	-1.127590e+03
2523	-1.146851e+03
2524	-1.123406e+03
2525	-1.120150e+03
2526	-1.109794e+03
2527	-1.131043e+03
2528	-1.137012e+03
2529	-1.109650e+03
2530	-1.118909e+03
2531	-1.122262e+03
2532	-1.135299e+03
2533	-1.138363e+03
2534	-1.128719e+03
2535	-1.127532e+03
2536	-1.143233e+03
2537	-1.144852e+03
2538	-1.119436e+03
2539	-1.118401e+03
2540	-1.116638e+03
2541	-1.147593e+03
2542	-1.128897e+03
2543	-1.132150e+03
2544	-1.133986e+03
2545	-1.119735e+03
2546	-1.115905e+03
2547	-1.121749e+03
2548	-1.150619e+03
2549	-1.131005e+03
2550	-1.137582e+03
2551	-1.131714e+03
2552	-1.148447e+03
2553	-1.136253e+03
2554	-1.121556e+03
2555	-1.138113e+03
2556	-1.134835e+03
2557	-1.162279e+03
2558	-1.129226e+03
2559	-1.131241e+03
2560	-1.136044e+03
2561	-1.140106e+03
2562	-1.129573e+03
2563	-1.135068e+03
2564	-1.130941e+03
2565	-1.133785e+03
2566	-1.125781e+03
2567	-1.130564e+03
2568	-1.134855e+03
2569	-1.137105e+03
2570	-1.119811e+03
2571	-1.129733e+03
2572	-1.121655e+03
2573	-1.139532e+03
2574	-1.106983e+03
2575	-1.119251e+03
2576	-1.120723e+03
2577	-1.128878e+03
2578	-1.109523e+03
2579	-1.124654e+03
2580	-1.132403e+03
2581	-1.128461e+03
2582	-1.120935e+03
2583	-1.132476e+03
2584	-1.132595e+03
2585	-1.133197e+03
2586	-1.133748e+03
2587	-1.126056e+03
2588	-1.127268e+03
2589	-1.129351e+03
2590	-1.131446e+03
2591	-1.140565e+03
2592	-1.109324e+03
2593	-1.114240e+03
2594	-1.121098e+03
2595	-1.134855e+03
2596	-1.120066e+03
2597	-1.123205e+03
2598	-1.134170e+03
2599	-1.132910e+03
2600	-1.149446e+03
2601	-1.104283e+03
2602	-1.128897e+03
2603	-1.128805e+03
2604	-1.119182e+03
2605	-1.121107e+03
2606	-1.133692e+03
2607	-1.123958e+03
2608	-1.128035e+03
2609	-1.141850e+03
2610	-1.126766e+03
2611	-1.126126e+03
2612	-1.128059e+03
2613	-1.131688e+03
2614	-1.123928e+03
2615	-1.127388e+03
2616	-1.129793e+03
2617	-1.115200e+03
2618	-1.143063e+03
2619	-1.128480e+03
2620	-1.130714e+03
2621	-1.127362e+03
2622	-1.126982e+03
2623	-1.135322e+03
2624	-1.118612e+03
2625	-1.113452e+03
2626	-1.129212e+03
2627	-1.112347e+03
2628	-1.119535e+03
2629	-1.111933e+03
2630	-1.130582e+03
2631	-1.138854e+03
2632	-1.136206e+03
2633	-1.130354e+03
2634	-1.143377e+03
2635	-1.124831e+03
2636	-1.125699e+03
2637	-1.150965e+03
2638	-1.094573e+03
2639	-1.136522e+03
2640	-1.123865e+03
2641	-1.144385e+03
2642	-1.128273e+03
2643	-1.139713e+03
2644	-1.133232e+03
2645	-1.118553e+03
2646	-1.128519e+03
2647	-1.117352e+03
2648	-1.143666e+03
2649	-1.115008e+03
2650	-1.130521e+03
2651	-1.145519e+03
2652	-1.143367e+03
2653	-1.126946e+03
2654	-1.137195e+03
2655	-1.101065e+03
2656	-1.110099e+03
2657	-1.119481e+03
2658	-1.121236e+03
2659	-1.128088e+03
2660	-1.138075e+03
2661	-1.120920e+03
2662	-1.143100e+03
2663	-1.115790e+03
2664	-1.123786e+03
2665	-1.116744e+03
2666	-1.133338e+03
2667	-1.128120e+03
2668	-1.132774e+03
2669	-1.135329e+03
2670	-1.097092e+03
2671	-1.122330e+03
2672	-1.119261e+03
2673	-1.123541e+03
2674	-1.134502e+03
2675	-1.119553e+03
2676	-1.109910e+03
2677	-1.140060e+03
2678	-1.122482e+03
2679	-1.129781e+03
2680	-1.110104e+03
2681	-1.147954e+03
2682	-1.119959e+03
2683	-1.140321e+03
2684	-1.121915e+03
2685	-1.121816e+03
2686	-1.127371e+03
2687	-1.124840e+03
2688	-1.139636e+03
2689	-1.140046e+03
2690	-1.109401e+03
2691	-1.126139e+03
2692	-1.138896e+03
2693	-1.131852e+03
2694	-1.101551e+03
2695	-1.117277e+03
2696	-1.139888e+03
2697	-1.138754e+03
2698	-1.131543e+03
2699	-1.121153e+03
2700	-1.139593e+03
2701	-1.129023e+03
2702	-1.121505e+03
2703	-1.133745e+03
2704	-1.102111e+03
2705	-1.135141e+03
2706	-1.134710e+03
2707	-1.136073e+03
2708	-1.119851e+03
2709	-1.165945e+03
2710	-1.120721e+03
2711	-1.129700e+03
2712	-1.143388e+03
2713	-1.115917e+03
2714	-1.134805e+03
2715	-1.138907e+03
2716	-1.126507e+03
2717	-1.145397e+03
2718	-1.123735e+03
2719	-1.119546e+03
2720	-1.140379e+03
2721	-1.120148e+03
2722	-1.139757e+03
2723	-1.126241e+03
2724	-1.127477e+03
2725	-1.121554e+03
2726	-1.112311e+03
2727	-1.128859e+03
2728	-1.114890e+03
2729	-1.133882e+03
2730	-1.161841e+03
2731	-1.131876e+03
2732	-1.165367e+03
2733	-1.114248e+03
2734	-1.124762e+03
2735	-1.114282e+03
2736	-1.136847e+03
2737	-1.137496e+03
2738	-1.103380e+03
2739	-1.128181e+03
2740	-1.138748e+03
2741	-1.111633e+03
2742	-1.125778e+03
2743	-1.132329e+03
2744	-1.139096e+03
2745	-1.123923e+03
2746	-1.120599e+03
2747	-1.128030e+03
2748	-1.159705e+03
2749	-1.137896e+03
2750	-1.132033e+03
2751	-1.126582e+03
2752	-1.119793e+03
2753	-1.135323e+03
2754	-1.134773e+03
2755	-1.130428e+03
2756	-1.130048e+03
2757	-1.120596e+03
2758	-1.150842e+03
2759	-1.129713e+03
2760	-1.131180e+03
2761	-1.114844e+03
2762	-1.131920e+03
2763	-1.137223e+03
2764	-1.123257e+03
2765	-1.122346e+03
2766	-1.115439e+03
2767	-1.123277e+03
2768	-1.131984e+03
2769	-1.131813e+03
2770	-1.121357e+03
2771	-1.121696e+03
2772	-1.124627e+03
2773	-1.122351e+03
2774	-1.123840e+03
2775	-1.125979e+03
2776	-1.147364e+03
2777	-1.131812e+03
2778	-1.140017e+03
2779	-1.140374e+03
2780	-1.131320e+03
2781	-1.133048e+03
2782	-1.141521e+03
2783	-1.137969e+03
2784	-1.125876e+03
2785	-1.123913e+03
2786	-1.124804e+03
2787	-1.146974e+03
2788	-1.111404e+03
2789	-1.150935e+03
2790	-1.155031e+03
2791	-1.132330e+03
2792	-1.137968e+03
2793	-1.122976e+03
2794	-1.131082e+03
2795	-1.135596e+03
2796	-1.129229e+03
2797	-1.122660e+03
2798	-1.138979e+03
2799	-1.133787e+03
2800	-1.134940e+03
2801	-1.109688e+03
2802	-1.128505e+03
2803	-1.150974e+03
2804	-1.132767e+03
2805	-1.152540e+03
2806	-1.142784e+03
2807	-1.137567e+03
2808	-1.144994e+03
2809	-1.118834e+03
2810	-1.143470e+03
2811	-1.132468e+03
2812	-1.143870e+03
2813	-1.130128e+03
2814	-1.125539e+03
2815	-1.134697e+03
2816	-1.134928e+03
2817	-1.130538e+03
2818	-1.120506e+03
2819	-1.142727e+03
2820	-1.130504e+03
2821	-1.123693e+03
2822	-1.130359e+03
2823	-1.145137e+03
2824	-1.149375e+03
2825	-1.109579e+03
2826	-1.125491e+03
2827	-1.130639e+03
2828	-1.129556e+03
2829	-1.118498e+03
2830	-1.128460e+03
2831	-1.147607e+03
2832	-1.133484e+03
2833	-1.159622e+03
2834	-1.148622e+03
2835	-1.122403e+03
2836	-1.150097e+03
2837	-1.141983e+03
2838	-1.148706e+03
2839	-1.143043e+03
2840	-1.133693e+03
2841	-1.120588e+03
2842	-1.108057e+03
2843	-1.130581e+03
2844	-1.140104e+03
2845	-1.124880e+03
2846	-1.136166e+03
2847	-1.128789e+03
2848	-1.127212e+03
2849	-1.132129e+03
2850	-1.134421e+03
2851	-1.124683e+03
2852	-1.126948e+03
2853	-1.139958e+03
2854	-1.134554e+03
2855	-1.122527e+03
2856	-1.128614e+03
2857	-1.133802e+03
2858	-1.124773e+03
2859	-1.132902e+03
2860	-1.139071e+03
2861	-1.128572e+03
2862	-1.110114e+03
2863	-1.116480e+03
2864	-1.121499e+03
2865	-1.131656e+03
2866	-1.143098e+03
2867	-1.132140e+03
2868	-1.142955e+03
2869	-1.143629e+03
2870	-1.121269e+03
2871	-1.136774e+03
2872	-1.125247e+03
2873	-1.122429e+03
2874	-1.128655e+03
2875	-1.124682e+03
2876	-1.128630e+03
2877	-1.141941e+03
2878	-1.124774e+03
2879	-1.136915e+03
2880	-1.146399e+03
2881	-1.111316e+03
2882	-1.115132e+03
2883	-1.112256e+03
2884	-1.132004e+03
2885	-1.108485e+03
2886	-1.132416e+03
2887	-1.127272e+03
2888	-1.121756e+03
2889	-1.117494e+03
2890	-1.129950e+03
2891	-1.156068e+03
2892	-1.127976e+03
2893	-1.143538e+03
2894	-1.151625e+03
2895	-1.106781e+03
2896	-1.131190e+03
2897	-1.105317e+03
2898	-1.132752e+03
2899	-1.145753e+03
2900	-1.140765e+03
2901	-1.152480e+03
2902	-1.127983e+03
2903	-1.114351e+03
2904	-1.128478e+03
2905	-1.128064e+03
2906	-1.139909e+03
2907	-1.128350e+03
2908	-1.132134e+03
2909	-1.128923e+03
2910	-1.113702e+03
2911	-1.118518e+03
2912	-1.118413e+03
2913	-1.123826e+03
2914	-1.142793e+03
2915	-1.129573e+03
2916	-1.145830e+03
2917	-1.129465e+03
2918	-1.121759e+03
2919	-1.124683e+03
2920	-1.150546e+03
2921	-1.124530e+03
2922	-1.128326e+03
2923	-1.141719e+03
2924	-1.132108e+03
2925	-1.127928e+03
2926	-1.115735e+03
2927	-1.146940e+03
2928	-1.130704e+03
2929	-1.129111e+03
2930	-1.120785e+03
2931	-1.139537e+03
2932	-1.131866e+03
2933	-1.145525e+03
2934	-1.128517e+03
2935	-1.123592e+03
2936	-1.138552e+03
2937	-1.120297e+03
2938	-1.128065e+03
2939	-1.112432e+03
2940	-1.122356e+03
2941	-1.125723e+03
2942	-1.124546e+03
2943	-1.145714e+03
2944	-1.144869e+03
2945	-1.126500e+03
2946	-1.130623e+03
2947	-1.131695e+03
2948	-1.138758e+03
2949	-1.131322e+03
2950	-1.136659e+03
2951	-1.137376e+03
2952	-1.135731e+03
2953	-1.097002e+03
2954	-1.139995e+03
2955	-1.140248e+03
2956	-1.124255e+03
2957	-1.126960e+03
2958	-1.117284e+03
2959	-1.122884e+03
2960	-1.121478e+03
2961	-1.129935e+03
2962	-1.144836e+03
2963	-1.117148e+03
2964	-1.104963e+03
2965	-1.125044e+03
2966	-1.113305e+03
2967	-1.137402e+03
2968	-1.120127e+03
2969	-1.143116e+03
2970	-1.110045e+03
2971	-1.130620e+03
2972	-1.121566e+03
2973	-1.128261e+03
2974	-1.133234e+03
2975	-1.139543e+03
2976	-1.109603e+03
2977	-1.137583e+03
2978	-1.104583e+03
2979	-1.116885e+03
2980	-1.127524e+03
2981	-1.118651e+03
2982	-1.115495e+03
2983	-1.137790e+03
2984	-1.140192e+03
2985	-1.113758e+03
2986	-1.128236e+03
2987	-1.118597e+03
2988	-1.141033e+03
2989	-1.128560e+03
2990	-1.137307e+03
2991	-1.133866e+03
2992	-1.120873e+03
2993	-1.128048e+03
2994	-1.131460e+03
2995	-1.122381e+03
2996	-1.129275e+03
2997	-1.123062e+03
2998	-1.133808e+03
2999	-1.135296e+03
3000	-1.136698e+03
3001	-1.141827e+03
3002	-1.149323e+03
3003	-1.128791e+03
3004	-1.123428e+03
3005	-1.113333e+03
3006	-1.145533e+03
3007	-1.133164e+03
3008	-1.117611e+03
3009	-1.140928e+03
3010	-1.119866e+03
3011	-1.119028e+03
3012	-1.122563e+03
3013	-1.119427e+03
3014	-1.141444e+03
3015	-1.146545e+03
3016	-1.112007e+03
3017	-1.123448e+03
3018	-1.111432e+03
3019	-1.136117e+03
3020	-1.130994e+03
3021	-1.140034e+03
3022	-1.121376e+03
3023	-1.122742e+03
3024	-1.133740e+03
3025	-1.127098e+03
3026	-1.134209e+03
3027	-1.116080e+03
3028	-1.133907e+03
3029	-1.138400e+03
3030	-1.142538e+03
3031	-1.130042e+03
3032	-1.127528e+03
3033	-1.127483e+03
3034	-1.132069e+03
3035	-1.131720e+03
3036	-1.130943e+03
3037	-1.132263e+03
3038	-1.143784e+03
3039	-1.140938e+03
3040	-1.124762e+03
3041	-1.133044e+03
3042	-1.133075e+03
3043	-1.123730e+03
3044	-1.139181e+03
3045	-1.129073e+03
3046	-1.123395e+03
3047	-1.106507e+03
3048	-1.107827e+03
3049	-1.130075e+03
3050	-1.104044e+03
3051	-1.114423e+03
3052	-1.140100e+03
3053	-1.121633e+03
3054	-1.125175e+03
3055	-1.129534e+03
3056	-1.127329e+03
3057	-1.115706e+03
3058	-1.128908e+03
3059	-1.115714e+03
3060	-1.143076e+03
3061	-1.145041e+03
3062	-1.123083e+03
3063	-1.122169e+03
3064	-1.113509e+03
3065	-1.124284e+03
3066	-1.109654e+03
3067	-1.136176e+03
3068	-1.117265e+03
3069	-1.140384e+03
3070	-1.137173e+03
3071	-1.137584e+03
3072	-1.124770e+03
3073	-1.137364e+03
3074	-1.119497e+03
3075	-1.125486e+03
3076	-1.136307e+03
3077	-1.133662e+03
3078	-1.153632e+03
3079	-1.131299e+03
3080	-1.120291e+03
3081	-1.143826e+03
3082	-1.148029e+03
3083	-1.144125e+03
3084	-1.125901e+03
3085	-1.145230e+03
3086	-1.115325e+03
3087	-1.144510e+03
3088	-1.133717e+03
3089	-1.135128e+03
3090	-1.127619e+03
3091	-1.128658e+03
3092	-1.150480e+03
3093	-1.144640e+03
3094	-1.114286e+03
3095	-1.116592e+03
3096	-1.121470e+03
3097	-1.127920e+03
3098	-1.123631e+03
3099	-1.119819e+03
3100	-1.137383e+03
3101	-1.104157e+03
3102	-1.140503e+03
3103	-1.124503e+03
3104	-1.141626e+03
3105	-1.107330e+03
3106	-1.126770e+03
3107	-1.139724e+03
3108	-1.126462e+03
3109	-1.122422e+03
3110	-1.131042e+03
3111	-1.121611e+03
3112	-1.130587e+03
3113	-1.138833e+03
3114	-1.150333e+03
3115	-1.125518e+03
3116	-1.139100e+03
3117	-1.123241e+03
3118	-1.125661e+03
3119	-1.140437e+03
3120	-1.122900e+03
3121	-1.134601e+03
3122	-1.130652e+03
3123	-1.134495e+03
3124	-1.132685e+03
3125	-1.123281e+03
3126	-1.118773e+03
3127	-1.107325e+03
3128	-1.135165e+03
3129	-1.139646e+03
3130	-1.142751e+03
3131	-1.133052e+03
3132	-1.143275e+03
3133	-1.109015e+03
3134	-1.121890e+03
3135	-1.133132e+03
3136	-1.142315e+03
3137	-1.122967e+03
3138	-1.134223e+03
3139	-1.142359e+03
3140	-1.152534e+03
3141	-1.132753e+03
3142	-1.123892e+03
3143	-1.120028e+03
3144	-1.133906e+03
3145	-1.121071e+03
3146	-1.121974e+03
3147	-1.136981e+03
3148	-1.121114e+03
3149	-1.123585e+03
3150	-1.145574e+03
3151	-1.120521e+03
3152	-1.129893e+03
3153	-1.119961e+03
3154	-1.121187e+03
3155	-1.126479e+03
3156	-1.117658e+03
3157	-1.148381e+03
3158	-1.125704e+03
3159	-1.149028e+03
3160	-1.119299e+03
3161	-1.139632e+03
3162	-1.135952e+03
3163	-1.129642e+03
3164	-1.131416e+03
3165	-1.112916e+03
3166	-1.110435e+03
3167	-1.126850e+03
3168	-1.139097e+03
3169	-1.129956e+03
3170	-1.132468e+03
3171	-1.142379e+03
3172	-1.146997e+03
3173	-1.138305e+03
3174	-1.141145e+03
3175	-1.145059e+03
3176	-1.105507e+03
3177	-1.132373e+03
3178	-1.127734e+03
3179	-1.122857e+03
3180	-1.148322e+03
3181	-1.120905e+03
3182	-1.135356e+03
3183	-1.144831e+03
3184	-1.151307e+03
3185	-1.117475e+03
3186	-1.127006e+03
3187	-1.124337e+03
3188	-1.138671e+03
3189	-1.133824e+03
3190	-1.133387e+03
3191	-1.124412e+03
3192	-1.141565e+03
3193	-1.146858e+03
3194	-1.112783e+03
3195	-1.124282e+03
3196	-1.119056e+03
3197	-1.113734e+03
3198	-1.107287e+03
3199	-1.120522e+03
3200	-1.125175e+03
3201	-1.117190e+03
3202	-1.126220e+03
3203	-1.123421e+03
3204	-1.125563e+03
3205	-1.135057e+03
3206	-1.129365e+03
3207	-1.128039e+03
3208	-1.129053e+03
3209	-1.126291e+03
3210	-1.108924e+03
3211	-1.139961e+03
3212	-1.134036e+03
3213	-1.118778e+03
3214	-1.143693e+03
3215	-1.124028e+03
3216	-1.123512e+03
3217	-1.145249e+03
3218	-1.134549e+03
3219	-1.122288e+03
3220	-1.122535e+03
3221	-1.126340e+03
3222	-1.119908e+03
3223	-1.140238e+03
3224	-1.115669e+03
3225	-1.124454e+03
3226	-1.131320e+03
3227	-1.120189e+03
3228	-1.125209e+03
3229	-1.114166e+03
3230	-1.131512e+03
3231	-1.142753e+03
3232	-1.125047e+03
3233	-1.130355e+03
3234	-1.138718e+03
3235	-1.142918e+03
3236	-1.140082e+03
3237	-1.119595e+03
3238	-1.128259e+03
3239	-1.142348e+03
3240	-1.125062e+03
3241	-1.116507e+03
3242	-1.144097e+03
3243	-1.127038e+03
3244	-1.147796e+03
3245	-1.124257e+03
3246	-1.117501e+03
3247	-1.119134e+03
3248	-1.128630e+03
3249	-1.124149e+03
3250	-1.122144e+03
3251	-1.121940e+03
3252	-1.140461e+03
3253	-1.142062e+03
3254	-1.138023e+03
3255	-1.107802e+03
3256	-1.124396e+03
3257	-1.148187e+03
3258	-1.115540e+03
3259	-1.134656e+03
3260	-1.140510e+03
3261	-1.140671e+03
3262	-1.123410e+03
3263	-1.126385e+03
3264	-1.114774e+03
3265	-1.133615e+03
3266	-1.130974e+03
3267	-1.134088e+03
3268	-1.146810e+03
3269	-1.117401e+03
3270	-1.121196e+03
3271	-1.145575e+03
3272	-1.147984e+03
3273	-1.158944e+03
3274	-1.116302e+03
3275	-1.131046e+03
3276	-1.122945e+03
3277	-1.144660e+03
3278	-1.120299e+03
3279	-1.128584e+03
3280	-1.141468e+03
3281	-1.136472e+03
3282	-1.130443e+03
3283	-1.138493e+03
3284	-1.122161e+03
3285	-1.103055e+03
3286	-1.135074e+03
3287	-1.125875e+03
3288	-1.121293e+03
3289	-1.135549e+03
3290	-1.137372e+03
3291	-1.141896e+03
3292	-1.127526e+03
3293	-1.136976e+03
3294	-1.133189e+03
3295	-1.120172e+03
3296	-1.125436e+03
3297	-1.138758e+03
3298	-1.120057e+03
3299	-1.123380e+03
3300	-1.130200e+03
3301	-1.138591e+03
3302	-1.128491e+03
3303	-1.136082e+03
3304	-1.125784e+03
3305	-1.118684e+03
3306	-1.122656e+03
3307	-1.128517e+03
3308	-1.140619e+03
3309	-1.137497e+03
3310	-1.142185e+03
3311	-1.131620e+03
3312	-1.134753e+03
3313	-1.118693e+03
3314	-1.147606e+03
3315	-1.132901e+03
3316	-1.118464e+03
3317	-1.142172e+03
3318	-1.126603e+03
3319	-1.138406e+03
3320	-1.137664e+03
3321	-1.130372e+03
3322	-1.114391e+03
3323	-1.140472e+03
3324	-1.140606e+03
3325	-1.125475e+03
3326	-1.127899e+03
3327	-1.129625e+03
3328	-1.149174e+03
3329	-1.138049e+03
3330	-1.144475e+03
3331	-1.137029e+03
3332	-1.104922e+03
3333	-1.142608e+03
3334	-1.129275e+03
3335	-1.124096e+03
3336	-1.105288e+03
3337	-1.115734e+03
3338	-1.120861e+03
3339	-1.128387e+03
3340	-1.134639e+03
3341	-1.146142e+03
3342	-1.120833e+03
3343	-1.126113e+03
3344	-1.136538e+03
3345	-1.129392e+03
3346	-1.145699e+03
3347	-1.150752e+03
3348	-1.137740e+03
3349	-1.110988e+03
3350	-1.135555e+03
3351	-1.118783e+03
3352	-1.128848e+03
3353	-1.122700e+03
3354	-1.111129e+03
3355	-1.138775e+03
3356	-1.129354e+03
3357	-1.122300e+03
3358	-1.132398e+03
3359	-1.117591e+03
3360	-1.143542e+03
3361	-1.124996e+03
3362	-1.137713e+03
3363	-1.132605e+03
3364	-1.129253e+03
3365	-1.128443e+03
3366	-1.124523e+03
3367	-1.124155e+03
3368	-1.142243e+03
3369	-1.140189e+03
3370	-1.141196e+03
3371	-1.136339e+03
3372	-1.145483e+03
3373	-1.130400e+03
3374	-1.130432e+03
3375	-1.135484e+03
3376	-1.132062e+03
3377	-1.133599e+03
3378	-1.131561e+03
3379	-1.132669e+03
3380	-1.126412e+03
3381	-1.142373e+03
3382	-1.125838e+03
3383	-1.119255e+03
3384	-1.134564e+03
3385	-1.131946e+03
3386	-1.122089e+03
3387	-1.124204e+03
3388	-1.117552e+03
3389	-1.123769e+03
3390	-1.132740e+03
3391	-1.147526e+03
3392	-1.134796e+03
3393	-1.118821e+03
3394	-1.128476e+03
3395	-1.160723e+03
3396	-1.120934e+03
3397	-1.136182e+03
3398	-1.122789e+03
3399	-1.136447e+03
3400	-1.137692e+03
3401	-1.122809e+03
3402	-1.135938e+03
3403	-1.128718e+03
3404	-1.131179e+03
3405	-1.130247e+03
3406	-1.118093e+03
3407	-1.111777e+03
3408	-1.129672e+03
3409	-1.125534e+03
3410	-1.135429e+03
3411	-1.149701e+03
3412	-1.138421e+03
3413	-1.123394e+03
3414	-1.112428e+03
3415	-1.133932e+03
3416	-1.126733e+03
3417	-1.130956e+03
3418	-1.137992e+03
3419	-1.127058e+03
3420	-1.115556e+03
3421	-1.122502e+03
3422	-1.134022e+03
3423	-1.129114e+03
3424	-1.112266e+03
3425	-1.138244e+03
3426	-1.117897e+03
3427	-1.137290e+03
3428	-1.142537e+03
3429	-1.136711e+03
3430	-1.127303e+03
3431	-1.122317e+03
3432	-1.144798e+03
3433	-1.136689e+03
3434	-1.120194e+03
3435	-1.134087e+03
3436	-1.129902e+03
3437	-1.138918e+03
3438	-1.131812e+03
3439	-1.124974e+03
3440	-1.141684e+03
3441	-1.138076e+03
3442	-1.123769e+03
3443	-1.112092e+03
3444	-1.126920e+03
3445	-1.119638e+03
3446	-1.133885e+03
3447	-1.130595e+03
3448	-1.140505e+03
3449	-1.145380e+03
3450	-1.125764e+03
3451	-1.113013e+03
3452	-1.100561e+03
3453	-1.128288e+03
3454	-1.118500e+03
3455	-1.135612e+03
3456	-1.132419e+03
3457	-1.129470e+03
3458	-1.147403e+03
3459	-1.117308e+03
3460	-1.128611e+03
3461	-1.140257e+03
3462	-1.124114e+03
3463	-1.118692e+03
3464	-1.120052e+03
3465	-1.118619e+03
3466	-1.128230e+03
3467	-1.123680e+03
3468	-1.130087e+03
3469	-1.142801e+03
3470	-1.145688e+03
3471	-1.132595e+03
3472	-1.133583e+03
3473	-1.127330e+03
3474	-1.149314e+03
3475	-1.124877e+03
3476	-1.142855e+03
3477	-1.143835e+03
3478	-1.132807e+03
3479	-1.129736e+03
3480	-1.138956e+03
3481	-1.127557e+03
3482	-1.135046e+03
3483	-1.145953e+03
3484	-1.139309e+03
3485	-1.091384e+03
3486	-1.131486e+03
3487	-1.121998e+03
3488	-1.132789e+03
3489	-1.136028e+03
3490	-1.131185e+03
3491	-1.126075e+03
3492	-1.144194e+03
3493	-1.118278e+03
3494	-1.139845e+03
3495	-1.139896e+03
3496	-1.119391e+03
3497	-1.126855e+03
3498	-1.137681e+03
3499	-1.138265e+03
3500	-1.141884e+03
3501	-1.148730e+03
3502	-1.138447e+03
3503	-1.141304e+03
3504	-1.120944e+03
3505	-1.147718e+03
3506	-1.137421e+03
3507	-1.127355e+03
3508	-1.163287e+03
3509	-1.124189e+03
3510	-1.124585e+03
3511	-1.112108e+03
3512	-1.139636e+03
3513	-1.123606e+03
3514	-1.129868e+03
3515	-1.131521e+03
3516	-1.132205e+03
3517	-1.133461e+03
3518	-1.130923e+03
3519	-1.111317e+03
3520	-1.116521e+03
3521	-1.122859e+03
3522	-1.141406e+03
3523	-1.124933e+03
3524	-1.116292e+03
3525	-1.123312e+03
3526	-1.108966e+03
3527	-1.114829e+03
3528	-1.132250e+03
3529	-1.142417e+03
3530	-1.121072e+03
3531	-1.131611e+03
3532	-1.126810e+03
3533	-1.140884e+03
3534	-1.135472e+03
3535	-1.123364e+03
3536	-1.150997e+03
3537	-1.135879e+03
3538	-1.128698e+03
3539	-1.126274e+03
3540	-1.126389e+03
3541	-1.142224e+03
3542	-1.146811e+03
3543	-1.114081e+03
3544	-1.138224e+03
3545	-1.142441e+03
3546	-1.124285e+03
3547	-1.128718e+03
3548	-1.134575e+03
3549	-1.135019e+03
3550	-1.130186e+03
3551	-1.129334e+03
3552	-1.124715e+03
3553	-1.126504e+03
3554	-1.133253e+03
3555	-1.122215e+03
3556	-1.121392e+03
3557	-1.125898e+03
3558	-1.116073e+03
3559	-1.131698e+03
3560	-1.132328e+03
3561	-1.137205e+03
3562	-1.151734e+03
3563	-1.137069e+03
3564	-1.132323e+03
3565	-1.133066e+03
3566	-1.140679e+03
3567	-1.152288e+03
3568	-1.145028e+03
3569	-1.135019e+03
3570	-1.132650e+03
3571	-1.124812e+03
3572	-1.128539e+03
3573	-1.134459e+03
3574	-1.138738e+03
3575	-1.130441e+03
3576	-1.137744e+03
3577	-1.110348e+03
3578	-1.127815e+03
3579	-1.123538e+03
3580	-1.138900e+03
3581	-1.130089e+03
3582	-1.135899e+03
3583	-1.137600e+03
3584	-1.147292e+03
3585	-1.149110e+03
3586	-1.113682e+03
3587	-1.141692e+03
3588	-1.131555e+03
3589	-1.151645e+03
3590	-1.134339e+03
3591	-1.126907e+03
3592	-1.120099e+03
3593	-1.120272e+03
3594	-1.111994e+03
3595	-1.151791e+03
3596	-1.116187e+03
3597	-1.127085e+03
3598	-1.135610e+03
3599	-1.106820e+03
3600	-1.129798e+03
3601	-1.125949e+03
3602	-1.123432e+03
3603	-1.137279e+03
3604	-1.142570e+03
3605	-1.126540e+03
3606	-1.138310e+03
3607	-1.132712e+03
3608	-1.133620e+03
3609	-1.130265e+03
3610	-1.126918e+03
3611	-1.120037e+03
3612	-1.110658e+03
3613	-1.136765e+03
3614	-1.128904e+03
3615	-1.123321e+03
3616	-1.113291e+03
3617	-1.112277e+03
3618	-1.123048e+03
3619	-1.124016e+03
3620	-1.131847e+03
3621	-1.134125e+03
3622	-1.137318e+03
3623	-1.140195e+03
3624	-1.120490e+03
3625	-1.129925e+03
3626	-1.122896e+03
3627	-1.123159e+03
3628	-1.129492e+03
3629	-1.122968e+03
3630	-1.128567e+03
3631	-1.131074e+03
3632	-1.140015e+03
3633	-1.125372e+03
3634	-1.130551e+03
3635	-1.135247e+03
3636	-1.128110e+03
3637	-1.130167e+03
3638	-1.137009e+03
3639	-1.137095e+03
3640	-1.122759e+03
3641	-1.118296e+03
3642	-1.109713e+03
3643	-1.121672e+03
3644	-1.127321e+03
3645	-1.149157e+03
3646	-1.119016e+03
3647	-1.130261e+03
3648	-1.135508e+03
3649	-1.126123e+03
3650	-1.134115e+03
3651	-1.131529e+03
3652	-1.122087e+03
3653	-1.148747e+03
3654	-1.140513e+03
3655	-1.130634e+03
3656	-1.143447e+03
3657	-1.135382e+03
3658	-1.118584e+03
3659	-1.130634e+03
3660	-1.116040e+03
3661	-1.108742e+03
3662	-1.123317e+03
3663	-1.143622e+03
3664	-1.122125e+03
3665	-1.131073e+03
3666	-1.117386e+03
3667	-1.133849e+03
3668	-1.137810e+03
3669	-1.145673e+03
3670	-1.108765e+03
3671	-1.136407e+03
3672	-1.110410e+03
3673	-1.114211e+03
3674	-1.116619e+03
3675	-1.140939e+03
3676	-1.131850e+03
3677	-1.120621e+03
3678	-1.110006e+03
3679	-1.106130e+03
3680	-1.120321e+03
3681	-1.130605e+03
3682	-1.127169e+03
3683	-1.119016e+03
3684	-1.133243e+03
3685	-1.130529e+03
3686	-1.114302e+03
3687	-1.120355e+03
3688	-1.130996e+03
3689	-1.134976e+03
3690	-1.138628e+03
3691	-1.135479e+03
3692	-1.127139e+03
3693	-1.128828e+03
3694	-1.133347e+03
3695	-1.125615e+03
3696	-1.129011e+03
3697	-1.138754e+03
3698	-1.136273e+03
3699	-1.132612e+03
3700	-1.134069e+03
3701	-1.120405e+03
3702	-1.116728e+03
3703	-1.128236e+03
3704	-1.144175e+03
3705	-1.121600e+03
3706	-1.125270e+03
3707	-1.138109e+03
3708	-1.127654e+03
3709	-1.123503e+03
3710	-1.127156e+03
3711	-1.142943e+03
3712	-1.128916e+03
3713	-1.136064e+03
3714	-1.144275e+03
3715	-1.132995e+03
3716	-1.144223e+03
3717	-1.127384e+03
3718	-1.128471e+03
3719	-1.133930e+03
3720	-1.122111e+03
3721	-1.113497e+03
3722	-1.142714e+03
3723	-1.131770e+03
3724	-1.138153e+03
3725	-1.122130e+03
3726	-1.126487e+03
3727	-1.137609e+03
3728	-1.122746e+03
3729	-1.132368e+03
3730	-1.127191e+03
3731	-1.135499e+03
3732	-1.137184e+03
3733	-1.131261e+03
3734	-1.139011e+03
3735	-1.120120e+03
3736	-1.129290e+03
3737	-1.115734e+03
3738	-1.141445e+03
3739	-1.135639e+03
3740	-1.134022e+03
3741	-1.129378e+03
3742	-1.127455e+03
3743	-1.124885e+03
3744	-1.128519e+03
3745	-1.126915e+03
3746	-1.127933e+03
3747	-1.143923e+03
3748	-1.128698e+03
3749	-1.116146e+03
3750	-1.118563e+03
3751	-1.132957e+03
3752	-1.128544e+03
3753	-1.120754e+03
3754	-1.145682e+03
3755	-1.143139e+03
3756	-1.130510e+03
3757	-1.139217e+03
3758	-1.128547e+03
3759	-1.143160e+03
3760	-1.114711e+03
3761	-1.143149e+03
3762	-1.118384e+03
3763	-1.130961e+03
3764	-1.136749e+03
3765	-1.123289e+03
3766	-1.126781e+03
3767	-1.139350e+03
3768	-1.131066e+03
3769	-1.141540e+03
3770	-1.138377e+03
3771	-1.136860e+03
3772	-1.121075e+03
3773	-1.111207e+03
3774	-1.131424e+03
3775	-1.142580e+03
3776	-1.130491e+03
3777	-1.141296e+03
3778	-1.132445e+03
3779	-1.142501e+03
3780	-1.146542e+03
3781	-1.108291e+03
3782	-1.131020e+03
3783	-1.109161e+03
3784	-1.135771e+03
3785	-1.145187e+03
3786	-1.120083e+03
3787	-1.129700e+03
3788	-1.127107e+03
3789	-1.144452e+03
3790	-1.140087e+03
3791	-1.120135e+03
3792	-1.099101e+03
3793	-1.122895e+03
3794	-1.123938e+03
3795	-1.124026e+03
3796	-1.137506e+03
3797	-1.123958e+03
3798	-1.145215e+03
3799	-1.132309e+03
3800	-1.138568e+03
3801	-1.121849e+03
3802	-1.141969e+03
3803	-1.140566e+03
3804	-1.129067e+03
3805	-1.130856e+03
3806	-1.133584e+03
3807	-1.126448e+03
3808	-1.125961e+03
3809	-1.135843e+03
3810	-1.126433e+03
3811	-1.128747e+03
3812	-1.152496e+03
3813	-1.118188e+03
3814	-1.143099e+03
3815	-1.128210e+03
3816	-1.118182e+03
3817	-1.143636e+03
3818	-1.126436e+03
3819	-1.145550e+03
3820	-1.122491e+03
3821	-1.126522e+03
3822	-1.126785e+03
3823	-1.133221e+03
3824	-1.117625e+03
3825	-1.116714e+03
3826	-1.117892e+03
3827	-1.120628e+03
3828	-1.147642e+03
3829	-1.126730e+03
3830	-1.145694e+03
3831	-1.114676e+03
3832	-1.132189e+03
3833	-1.131756e+03
3834	-1.135301e+03
3835	-1.122417e+03
3836	-1.115527e+03
3837	-1.128898e+03
3838	-1.121341e+03
3839	-1.145101e+03
3840	-1.132557e+03
3841	-1.128924e+03
3842	-1.140173e+03
3843	-1.110616e+03
3844	-1.139315e+03
3845	-1.141445e+03
3846	-1.145658e+03
3847	-1.126168e+03
3848	-1.138218e+03
3849	-1.138940e+03
3850	-1.132104e+03
3851	-1.113645e+03
3852	-1.123021e+03
3853	-1.127800e+03
3854	-1.113230e+03
3855	-1.134242e+03
3856	-1.137756e+03
3857	-1.148484e+03
3858	-1.136666e+03
3859	-1.109201e+03
3860	-1.131146e+03
3861	-1.119207e+03
3862	-1.123817e+03
3863	-1.139875e+03
3864	-1.125663e+03
3865	-1.122074e+03
3866	-1.131247e+03
3867	-1.137103e+03
3868	-1.145643e+03
3869	-1.126644e+03
3870	-1.125673e+03
3871	-1.108768e+03
3872	-1.127860e+03
3873	-1.122490e+03
3874	-1.133217e+03
3875	-1.132006e+03
3876	-1.124683e+03
3877	-1.133017e+03
3878	-1.120499e+03
3879	-1.115292e+03
3880	-1.137762e+03
3881	-1.126209e+03
3882	-1.124656e+03
3883	-1.124122e+03
3884	-1.123414e+03
3885	-1.129039e+03
3886	-1.097648e+03
3887	-1.114606e+03
3888	-1.150284e+03
3889	-1.120478e+03
3890	-1.114500e+03
3891	-1.115376e+03
3892	-1.131595e+03
3893	-1.121959e+03
3894	-1.127425e+03
3895	-1.146257e+03
3896	-1.131919e+03
3897	-1.135386e+03
3898	-1.137224e+03
3899	-1.109353e+03
3900	-1.146827e+03
3901	-1.135396e+03
3902	-1.120054e+03
3903	-1.136568e+03
3904	-1.136813e+03
3905	-1.148644e+03
3906	-1.127574e+03
3907	-1.140041e+03
3908	-1.111208e+03
3909	-1.104509e+03
3910	-1.126346e+03
3911	-1.135711e+03
3912	-1.135791e+03
3913	-1.135093e+03
3914	-1.133729e+03
3915	-1.124693e+03
3916	-1.117239e+03
3917	-1.130949e+03
3918	-1.114942e+03
3919	-1.132208e+03
3920	-1.134511e+03
3921	-1.121116e+03
3922	-1.121931e+03
3923	-1.121396e+03
3924	-1.142629e+03
3925	-1.108052e+03
3926	-1.097290e+03
3927	-1.124225e+03
3928	-1.140866e+03
3929	-1.131275e+03
3930	-1.115799e+03
3931	-1.139147e+03
3932	-1.123098e+03
3933	-1.122193e+03
3934	-1.125596e+03
3935	-1.157342e+03
3936	-1.139058e+03
3937	-1.117627e+03
3938	-1.151938e+03
3939	-1.131829e+03
3940	-1.149192e+03
3941	-1.121402e+03
3942	-1.103721e+03
3943	-1.147124e+03
3944	-1.140195e+03
3945	-1.115589e+03
3946	-1.130111e+03
3947	-1.136794e+03
3948	-1.126514e+03
3949	-1.114218e+03
3950	-1.116668e+03
3951	-1.122992e+03
3952	-1.140647e+03
3953	-1.119116e+03
3954	-1.114177e+03
3955	-1.139502e+03
3956	-1.128303e+03
3957	-1.129930e+03
3958	-1.125475e+03
3959	-1.125384e+03
3960	-1.120170e+03
3961	-1.158679e+03
3962	-1.127341e+03
3963	-1.146427e+03
3964	-1.124705e+03
3965	-1.127383e+03
3966	-1.133652e+03
3967	-1.122091e+03
3968	-1.119068e+03
3969	-1.151447e+03
3970	-1.124261e+03
3971	-1.120239e+03
3972	-1.137393e+03
3973	-1.129633e+03
3974	-1.143849e+03
3975	-1.127583e+03
3976	-1.117554e+03
3977	-1.128379e+03
3978	-1.136027e+03
3979	-1.122119e+03
3980	-1.137608e+03
3981	-1.135938e+03
3982	-1.128481e+03
3983	-1.120463e+03
3984	-1.111599e+03
3985	-1.119589e+03
3986	-1.132009e+03
3987	-1.118837e+03
3988	-1.126180e+03
3989	-1.142427e+03
3990	-1.114768e+03
3991	-1.145581e+03
3992	-1.120381e+03
3993	-1.131304e+03
3994	-1.109227e+03
3995	-1.130531e+03
3996	-1.111415e+03
3997	-1.149440e+03
3998	-1.121084e+03
3999	-1.117697e+03
4000	-1.124899e+03
4001	-1.113377e+03
4002	-1.133304e+03
4003	-1.138353e+03
4004	-1.111477e+03
4005	-1.121385e+03
4006	-1.148246e+03
4007	-1.139531e+03
4008	-1.140839e+03
4009	-1.127083e+03
4010	-1.120414e+03
4011	-1.130345e+03
4012	-1.138730e+03
4013	-1.122338e+03
4014	-1.114405e+03
4015	-1.125366e+03
4016	-1.127434e+03
4017	-1.106213e+03
4018	-1.110372e+03
4019	-1.126075e+03
4020	-1.118621e+03
4021	-1.107694e+03
4022	-1.127124e+03
4023	-1.126753e+03
4024	-1.143753e+03
4025	-1.120240e+03
4026	-1.142107e+03
4027	-1.133938e+03
4028	-1.142993e+03
4029	-1.126148e+03
4030	-1.132041e+03
4031	-1.128405e+03
4032	-1.125061e+03
4033	-1.117467e+03
4034	-1.130311e+03
4035	-1.149679e+03
4036	-1.129229e+03
4037	-1.108005e+03
4038	-1.119328e+03
4039	-1.113866e+03
4040	-1.120943e+03
4041	-1.120171e+03
4042	-1.134305e+03
4043	-1.140570e+03
4044	-1.128965e+03
4045	-1.128490e+03
4046	-1.131988e+03
4047	-1.112991e+03
4048	-1.126366e+03
4049	-1.109509e+03
4050	-1.131075e+03
4051	-1.103797e+03
4052	-1.131052e+03
4053	-1.111486e+03
4054	-1.122814e+03
4055	-1.116330e+03
4056	-1.123454e+03
4057	-1.137127e+03
4058	-1.133323e+03
4059	-1.142890e+03
4060	-1.140536e+03
4061	-1.129632e+03
4062	-1.119082e+03
4063	-1.155418e+03
4064	-1.136152e+03
4065	-1.119530e+03
4066	-1.128236e+03
4067	-1.128333e+03
4068	-1.128581e+03
4069	-1.107134e+03
4070	-1.132084e+03
4071	-1.121277e+03
4072	-1.124321e+03
4073	-1.120888e+03
4074	-1.130221e+03
4075	-1.130041e+03
4076	-1.121904e+03
4077	-1.123970e+03
4078	-1.139089e+03
4079	-1.136126e+03
4080	-1.123352e+03
4081	-1.123304e+03
4082	-1.131426e+03
4083	-1.127262e+03
4084	-1.130352e+03
4085	-1.117654e+03
4086	-1.112842e+03
4087	-1.118875e+03
4088	-1.132376e+03
4089	-1.144094e+03
4090	-1.122440e+03
4091	-1.136060e+03
4092	-1.121343e+03
4093	-1.131295e+03
4094	-1.134098e+03
4095	-1.141695e+03
4096	-1.131989e+03
4097	-1.125823e+03
4098	-1.152933e+03
4099	-1.122423e+03
4100	-1.123090e+03
4101	-1.143947e+03
4102	-1.133842e+03
4103	-1.114387e+03
4104	-1.132169e+03
4105	-1.136521e+03
4106	-1.114247e+03
4107	-1.124760e+03
4108	-1.120106e+03
4109	-1.121341e+03
4110	-1.151239e+03
4111	-1.124062e+03
4112	-1.138928e+03
4113	-1.114932e+03
4114	-1.148737e+03
4115	-1.132002e+03
4116	-1.127410e+03
4117	-1.130585e+03
4118	-1.120409e+03
4119	-1.142841e+03
4120	-1.134020e+03
4121	-1.135941e+03
4122	-1.136081e+03
4123	-1.138784e+03
4124	-1.134190e+03
4125	-1.136349e+03
4126	-1.115581e+03
4127	-1.128311e+03
4128	-1.137156e+03
4129	-1.122688e+03
4130	-1.139587e+03
4131	-1.145380e+03
4132	-1.116572e+03
4133	-1.136629e+03
4134	-1.140186e+03
4135	-1.129819e+03
4136	-1.133984e+03
4137	-1.134366e+03
4138	-1.137713e+03
4139	-1.136470e+03
4140	-1.129397e+03
4141	-1.119064e+03
4142	-1.111694e+03
4143	-1.135089e+03
4144	-1.139202e+03
4145	-1.135788e+03
4146	-1.124044e+03
4147	-1.122980e+03
4148	-1.135496e+03
4149	-1.139899e+03
4150	-1.121742e+03
4151	-1.112304e+03
4152	-1.130069e+03
4153	-1.130810e+03
4154	-1.135251e+03
4155	-1.140603e+03
4156	-1.123875e+03
4157	-1.141986e+03
4158	-1.133473e+03
4159	-1.113407e+03
4160	-1.106842e+03
4161	-1.143033e+03
4162	-1.127792e+03
4163	-1.132607e+03
4164	-1.124007e+03
4165	-1.131015e+03
4166	-1.141994e+03
4167	-1.139364e+03
4168	-1.137816e+03
4169	-1.127615e+03
4170	-1.146069e+03
4171	-1.109228e+03
4172	-1.153061e+03
4173	-1.138541e+03
4174	-1.148821e+03
4175	-1.131060e+03
4176	-1.125563e+03
4177	-1.139278e+03
4178	-1.124506e+03
4179	-1.142849e+03
4180	-1.136208e+03
4181	-1.144663e+03
4182	-1.152963e+03
4183	-1.128677e+03
4184	-1.110679e+03
4185	-1.133564e+03
4186	-1.132766e+03
4187	-1.134425e+03
4188	-1.120696e+03
4189	-1.130135e+03
4190	-1.141144e+03
4191	-1.121351e+03
4192	-1.089920e+03
4193	-1.137832e+03
4194	-1.126373e+03
4195	-1.137939e+03
4196	-1.140028e+03
4197	-1.138120e+03
4198	-1.138196e+03
4199	-1.128450e+03
4200	-1.127822e+03
4201	-1.121577e+03
4202	-1.138479e+03
4203	-1.139618e+03
4204	-1.116056e+03
4205	-1.130854e+03
4206	-1.112540e+03
4207	-1.122830e+03
4208	-1.127671e+03
4209	-1.134114e+03
4210	-1.135189e+03
4211	-1.134481e+03
4212	-1.119661e+03
4213	-1.122163e+03
4214	-1.151343e+03
4215	-1.149447e+03
4216	-1.115070e+03
4217	-1.141028e+03
4218	-1.130072e+03
4219	-1.118846e+03
4220	-1.147114e+03
4221	-1.104609e+03
4222	-1.131729e+03
4223	-1.118190e+03
4224	-1.118893e+03
4225	-1.127879e+03
4226	-1.144844e+03
4227	-1.138397e+03
4228	-1.138850e+03
4229	-1.135660e+03
4230	-1.123075e+03
4231	-1.117350e+03
4232	-1.127618e+03
4233	-1.132276e+03
4234	-1.128566e+03
4235	-1.142016e+03
4236	-1.114971e+03
4237	-1.127093e+03
4238	-1.130162e+03
4239	-1.136341e+03
4240	-1.133334e+03
4241	-1.138026e+03
4242	-1.147713e+03
4243	-1.126443e+03
4244	-1.124614e+03
4245	-1.145685e+03
4246	-1.110027e+03
4247	-1.126085e+03
4248	-1.132173e+03
4249	-1.132076e+03
4250	-1.131274e+03
4251	-1.121222e+03
4252	-1.124672e+03
4253	-1.122256e+03
4254	-1.128087e+03
4255	-1.144166e+03
4256	-1.135831e+03
4257	-1.143578e+03
4258	-1.118541e+03
4259	-1.133379e+03
4260	-1.143232e+03
4261	-1.147958e+03
4262	-1.107019e+03
4263	-1.111780e+03
4264	-1.109488e+03
4265	-1.145012e+03
4266	-1.124629e+03
4267	-1.137081e+03
4268	-1.133660e+03
4269	-1.130397e+03
4270	-1.128245e+03
4271	-1.117645e+03
4272	-1.121104e+03
4273	-1.113824e+03
4274	-1.129797e+03
4275	-1.133273e+03
4276	-1.123934e+03
4277	-1.118674e+03
4278	-1.151955e+03
4279	-1.117193e+03
4280	-1.116216e+03
4281	-1.143302e+03
4282	-1.134773e+03
4283	-1.118212e+03
4284	-1.136064e+03
4285	-1.147356e+03
4286	-1.134721e+03
4287	-1.144613e+03
4288	-1.125751e+03
4289	-1.142653e+03
4290	-1.126124e+03
4291	-1.122071e+03
4292	-1.123757e+03
4293	-1.119295e+03
4294	-1.130092e+03
4295	-1.132191e+03
4296	-1.139276e+03
4297	-1.134333e+03
4298	-1.129743e+03
4299	-1.125615e+03
4300	-1.133764e+03
4301	-1.129009e+03
4302	-1.126426e+03
4303	-1.124500e+03
4304	-1.145966e+03
4305	-1.136585e+03
4306	-1.108967e+03
4307	-1.132418e+03
4308	-1.117753e+03
4309	-1.096340e+03
4310	-1.139779e+03
4311	-1.123039e+03
4312	-1.122810e+03
4313	-1.123248e+03
4314	-1.120420e+03
4315	-1.128810e+03
4316	-1.120454e+03
4317	-1.129287e+03
4318	-1.125200e+03
4319	-1.145821e+03
4320	-1.122526e+03
4321	-1.129439e+03
4322	-1.116630e+03
4323	-1.132987e+03
4324	-1.138489e+03
4325	-1.123692e+03
4326	-1.130857e+03
4327	-1.123188e+03
4328	-1.122454e+03
4329	-1.124894e+03
4330	-1.118453e+03
4331	-1.131112e+03
4332	-1.141408e+03
4333	-1.133109e+03
4334	-1.136482e+03
4335	-1.122169e+03
4336	-1.130238e+03
4337	-1.120445e+03
4338	-1.122526e+03
4339	-1.153434e+03
4340	-1.134107e+03
4341	-1.112578e+03
4342	-1.134438e+03
4343	-1.135673e+03
4344	-1.130885e+03
4345	-1.129163e+03
4346	-1.128022e+03
4347	-1.150724e+03
4348	-1.138889e+03
4349	-1.142012e+03
4350	-1.129800e+03
4351	-1.114746e+03
4352	-1.124096e+03
4353	-1.147565e+03
4354	-1.163667e+03
4355	-1.133611e+03
4356	-1.131376e+03
4357	-1.131523e+03
4358	-1.133316e+03
4359	-1.112330e+03
4360	-1.133954e+03
4361	-1.124605e+03
4362	-1.123522e+03
4363	-1.111016e+03
4364	-1.121962e+03
4365	-1.119022e+03
4366	-1.130858e+03
4367	-1.118333e+03
4368	-1.131899e+03
4369	-1.142175e+03
4370	-1.139490e+03
4371	-1.123981e+03
4372	-1.114689e+03
4373	-1.157263e+03
4374	-1.139312e+03
4375	-1.119703e+03
4376	-1.139121e+03
4377	-1.110240e+03
4378	-1.116038e+03
4379	-1.132900e+03
4380	-1.121145e+03
4381	-1.133144e+03
4382	-1.116731e+03
4383	-1.133929e+03
4384	-1.110116e+03
4385	-1.112482e+03
4386	-1.134838e+03
4387	-1.107096e+03
4388	-1.127834e+03
4389	-1.128385e+03
4390	-1.130598e+03
4391	-1.119802e+03
4392	-1.120865e+03
4393	-1.138064e+03
4394	-1.126424e+03
4395	-1.127224e+03
4396	-1.128061e+03
4397	-1.129568e+03
4398	-1.127638e+03
4399	-1.135451e+03
4400	-1.140126e+03
4401	-1.137586e+03
4402	-1.118443e+03
4403	-1.109620e+03
4404	-1.121092e+03
4405	-1.133887e+03
4406	-1.130551e+03
4407	-1.112896e+03
4408	-1.143419e+03
4409	-1.142571e+03
4410	-1.126999e+03
4411	-1.122214e+03
4412	-1.111890e+03
4413	-1.134198e+03
4414	-1.146973e+03
4415	-1.149234e+03
4416	-1.125092e+03
4417	-1.136227e+03
4418	-1.123064e+03
4419	-1.151633e+03
4420	-1.140633e+03
4421	-1.129015e+03
4422	-1.125906e+03
4423	-1.137366e+03
4424	-1.128215e+03
4425	-1.143298e+03
4426	-1.109508e+03
4427	-1.120232e+03
4428	-1.135208e+03
4429	-1.138049e+03
4430	-1.128982e+03
4431	-1.136802e+03
4432	-1.144330e+03
4433	-1.121132e+03
4434	-1.138663e+03
4435	-1.135349e+03
4436	-1.115840e+03
4437	-1.132490e+03
4438	-1.135123e+03
4439	-1.141877e+03
4440	-1.107841e+03
4441	-1.135792e+03
4442	-1.151327e+03
4443	-1.107996e+03
4444	-1.130621e+03
4445	-1.141844e+03
4446	-1.120434e+03
4447	-1.124215e+03
4448	-1.142883e+03
4449	-1.129382e+03
4450	-1.128044e+03
4451	-1.133279e+03
4452	-1.115774e+03
4453	-1.131167e+03
4454	-1.125442e+03
4455	-1.133906e+03
4456	-1.152620e+03
4457	-1.149126e+03
4458	-1.125634e+03
4459	-1.143835e+03
4460	-1.114078e+03
4461	-1.115383e+03
4462	-1.115431e+03
4463	-1.147044e+03
4464	-1.133794e+03
4465	-1.136542e+03
4466	-1.114614e+03
4467	-1.128604e+03
4468	-1.134195e+03
4469	-1.143780e+03
4470	-1.110403e+03
4471	-1.121012e+03
4472	-1.126654e+03
4473	-1.132014e+03
4474	-1.117302e+03
4475	-1.134749e+03
4476	-1.141253e+03
4477	-1.132687e+03
4478	-1.131785e+03
4479	-1.130696e+03
4480	-1.119324e+03
4481	-1.128139e+03
4482	-1.118605e+03
4483	-1.116371e+03
4484	-1.119051e+03
4485	-1.139699e+03
4486	-1.129906e+03
4487	-1.120837e+03
4488	-1.130524e+03
4489	-1.154941e+03
4490	-1.137913e+03
4491	-1.137698e+03
4492	-1.099805e+03
4493	-1.141652e+03
4494	-1.123769e+03
4495	-1.130420e+03
4496	-1.126683e+03
4497	-1.130907e+03
4498	-1.132177e+03
4499	-1.117282e+03
4500	-1.131452e+03
4501	-1.124571e+03
4502	-1.117131e+03
4503	-1.127050e+03
4504	-1.116159e+03
4505	-1.115119e+03
4506	-1.140389e+03
4507	-1.134403e+03
4508	-1.121410e+03
4509	-1.126404e+03
4510	-1.144703e+03
4511	-1.137566e+03
4512	-1.123571e+03
4513	-1.140567e+03
4514	-1.122106e+03
4515	-1.141135e+03
4516	-1.121963e+03
4517	-1.129853e+03
4518	-1.119204e+03
4519	-1.123756e+03
4520	-1.136696e+03
4521	-1.152234e+03
4522	-1.111331e+03
4523	-1.134342e+03
4524	-1.129918e+03
4525	-1.126753e+03
4526	-1.128581e+03
4527	-1.135399e+03
4528	-1.103379e+03
4529	-1.111518e+03
4530	-1.141201e+03
4531	-1.121390e+03
4532	-1.123681e+03
4533	-1.142855e+03
4534	-1.141465e+03
4535	-1.135672e+03
4536	-1.138779e+03
4537	-1.140246e+03
4538	-1.127530e+03
4539	-1.125736e+03
4540	-1.123833e+03
4541	-1.130903e+03
4542	-1.137860e+03
4543	-1.138830e+03
4544	-1.145237e+03
4545	-1.133591e+03
4546	-1.130606e+03
4547	-1.115781e+03
4548	-1.122114e+03
4549	-1.141095e+03
4550	-1.126932e+03
4551	-1.128433e+03
4552	-1.129290e+03
4553	-1.135324e+03
4554	-1.118481e+03
4555	-1.126001e+03
4556	-1.143833e+03
4557	-1.112167e+03
4558	-1.120241e+03
4559	-1.114815e+03
4560	-1.127234e+03
4561	-1.119558e+03
4562	-1.127140e+03
4563	-1.111128e+03
4564	-1.114687e+03
4565	-1.133356e+03
4566	-1.140015e+03
4567	-1.126622e+03
4568	-1.128151e+03
4569	-1.127312e+03
4570	-1.119275e+03
4571	-1.125178e+03
4572	-1.129365e+03
4573	-1.115216e+03
4574	-1.138385e+03
4575	-1.132429e+03
4576	-1.133298e+03
4577	-1.121984e+03
4578	-1.145915e+03
4579	-1.141250e+03
4580	-1.123763e+03
4581	-1.131035e+03
4582	-1.131252e+03
4583	-1.115709e+03
4584	-1.151164e+03
4585	-1.136324e+03
4586	-1.136836e+03
4587	-1.120159e+03
4588	-1.123728e+03
4589	-1.123360e+03
4590	-1.122355e+03
4591	-1.129476e+03
4592	-1.125544e+03
4593	-1.114065e+03
4594	-1.123094e+03
4595	-1.165108e+03
4596	-1.127778e+03
4597	-1.129892e+03
4598	-1.115974e+03
4599	-1.141028e+03
4600	-1.115361e+03
4601	-1.115667e+03
4602	-1.125280e+03
4603	-1.125124e+03
4604	-1.120040e+03
4605	-1.138257e+03
4606	-1.127435e+03
4607	-1.102366e+03
4608	-1.124513e+03
4609	-1.143117e+03
4610	-1.119923e+03
4611	-1.104589e+03
4612	-1.145972e+03
4613	-1.115568e+03
4614	-1.123693e+03
4615	-1.129075e+03
4616	-1.103697e+03
4617	-1.127750e+03
4618	-1.131426e+03
4619	-1.109447e+03
4620	-1.147952e+03
4621	-1.113610e+03
4622	-1.117410e+03
4623	-1.148679e+03
4624	-1.114975e+03
4625	-1.125953e+03
4626	-1.138161e+03
4627	-1.137839e+03
4628	-1.112890e+03
4629	-1.132456e+03
4630	-1.118287e+03
4631	-1.112894e+03
4632	-1.122492e+03
4633	-1.121863e+03
4634	-1.133153e+03
4635	-1.133213e+03
4636	-1.139039e+03
4637	-1.128538e+03
4638	-1.139349e+03
4639	-1.124070e+03
4640	-1.133656e+03
4641	-1.137018e+03
4642	-1.127297e+03
4643	-1.135938e+03
4644	-1.126851e+03
4645	-1.107241e+03
4646	-1.112478e+03
4647	-1.129098e+03
4648	-1.161098e+03
4649	-1.113633e+03
4650	-1.139695e+03
4651	-1.154173e+03
4652	-1.128006e+03
4653	-1.118863e+03
4654	-1.112866e+03
4655	-1.105999e+03
4656	-1.130638e+03
4657	-1.099299e+03
4658	-1.143045e+03
4659	-1.131574e+03
4660	-1.128497e+03
4661	-1.131919e+03
4662	-1.138903e+03
4663	-1.130421e+03
4664	-1.120958e+03
4665	-1.114667e+03
4666	-1.113399e+03
4667	-1.129554e+03
4668	-1.125023e+03
4669	-1.125416e+03
4670	-1.120735e+03
4671	-1.152790e+03
4672	-1.121330e+03
4673	-1.127245e+03
4674	-1.116869e+03
4675	-1.134905e+03
4676	-1.146034e+03
4677	-1.128025e+03
4678	-1.133735e+03
4679	-1.124401e+03
4680	-1.139372e+03
4681	-1.132977e+03
4682	-1.125848e+03
4683	-1.144330e+03
4684	-1.108185e+03
4685	-1.132502e+03
4686	-1.130245e+03
4687	-1.124155e+03
4688	-1.126041e+03
4689	-1.126597e+03
4690	-1.130204e+03
4691	-1.112674e+03
4692	-1.104293e+03
4693	-1.109262e+03
4694	-1.111819e+03
4695	-1.139589e+03
4696	-1.114265e+03
4697	-1.108446e+03
4698	-1.113340e+03
4699	-1.113451e+03
4700	-1.129269e+03
4701	-1.149937e+03
4702	-1.124041e+03
4703	-1.127719e+03
4704	-1.128308e+03
4705	-1.129942e+03
4706	-1.129480e+03
4707	-1.130675e+03
4708	-1.108263e+03
4709	-1.127347e+03
4710	-1.124639e+03
4711	-1.133753e+03
4712	-1.116018e+03
4713	-1.137207e+03
4714	-1.129861e+03
4715	-1.140902e+03
4716	-1.127808e+03
4717	-1.119657e+03
4718	-1.135522e+03
4719	-1.140895e+03
4720	-1.122334e+03
4721	-1.133735e+03
4722	-1.119255e+03
4723	-1.118754e+03
4724	-1.122902e+03
4725	-1.136487e+03
4726	-1.123840e+03
4727	-1.113668e+03
4728	-1.142800e+03
4729	-1.133117e+03
4730	-1.132188e+03
4731	-1.118529e+03
4732	-1.130893e+03
4733	-1.116651e+03
4734	-1.119072e+03
4735	-1.124675e+03
4736	-1.133300e+03
4737	-1.125510e+03
4738	-1.121052e+03
4739	-1.129333e+03
4740	-1.129381e+03
4741	-1.143940e+03
4742	-1.110695e+03
4743	-1.119190e+03
4744	-1.135780e+03
4745	-1.124139e+03
4746	-1.141603e+03
4747	-1.155227e+03
4748	-1.119533e+03
4749	-1.156404e+03
4750	-1.125197e+03
4751	-1.137607e+03
4752	-1.139691e+03
4753	-1.124510e+03
4754	-1.116212e+03
4755	-1.142998e+03
4756	-1.112578e+03
4757	-1.118391e+03
4758	-1.115074e+03
4759	-1.124701e+03
4760	-1.127626e+03
4761	-1.123454e+03
4762	-1.135191e+03
4763	-1.132419e+03
4764	-1.146437e+03
4765	-1.130557e+03
4766	-1.134625e+03
4767	-1.123426e+03
4768	-1.141085e+03
4769	-1.103169e+03
4770	-1.135490e+03
4771	-1.115246e+03
4772	-1.127954e+03
4773	-1.133744e+03
4774	-1.121004e+03
4775	-1.116289e+03
4776	-1.111494e+03
4777	-1.135534e+03
4778	-1.123043e+03
4779	-1.139237e+03
4780	-1.138742e+03
4781	-1.109900e+03
4782	-1.151589e+03
4783	-1.130959e+03
4784	-1.136211e+03
4785	-1.153148e+03
4786	-1.127711e+03
4787	-1.134493e+03
4788	-1.136859e+03
4789	-1.121794e+03
4790	-1.123831e+03
4791	-1.116096e+03
4792	-1.119472e+03
4793	-1.123041e+03
4794	-1.125580e+03
4795	-1.122507e+03
4796	-1.142610e+03
4797	-1.116141e+03
4798	-1.142803e+03
4799	-1.145709e+03
4800	-1.131921e+03
4801	-1.136692e+03
4802	-1.129939e+03
4803	-1.124894e+03
4804	-1.132141e+03
4805	-1.130529e+03
4806	-1.117605e+03
4807	-1.100248e+03
4808	-1.154428e+03
4809	-1.132540e+03
4810	-1.132319e+03
4811	-1.157630e+03
4812	-1.128424e+03
4813	-1.127600e+03
4814	-1.139913e+03
4815	-1.134560e+03
4816	-1.106510e+03
4817	-1.115051e+03
4818	-1.118083e+03
4819	-1.129900e+03
4820	-1.120059e+03
4821	-1.132941e+03
4822	-1.128006e+03
4823	-1.132438e+03
4824	-1.127077e+03
4825	-1.127659e+03
4826	-1.127205e+03
4827	-1.153380e+03
4828	-1.111343e+03
4829	-1.115485e+03
4830	-1.121749e+03
4831	-1.124119e+03
4832	-1.132759e+03
4833	-1.133839e+03
4834	-1.128477e+03
4835	-1.123308e+03
4836	-1.139427e+03
4837	-1.128490e+03
4838	-1.117788e+03
4839	-1.137787e+03
4840	-1.144057e+03
4841	-1.134924e+03
4842	-1.125992e+03
4843	-1.132446e+03
4844	-1.117826e+03
4845	-1.120668e+03
4846	-1.129284e+03
4847	-1.134651e+03
4848	-1.137637e+03
4849	-1.135327e+03
4850	-1.132521e+03
4851	-1.120504e+03
4852	-1.133251e+03
4853	-1.127496e+03
4854	-1.149248e+03
4855	-1.114117e+03
4856	-1.105915e+03
4857	-1.132582e+03
4858	-1.120491e+03
4859	-1.136204e+03
4860	-1.128622e+03
4861	-1.143512e+03
4862	-1.114937e+03
4863	-1.132964e+03
4864	-1.136489e+03
4865	-1.120817e+03
4866	-1.136598e+03
4867	-1.130202e+03
4868	-1.127279e+03
4869	-1.142931e+03
4870	-1.124775e+03
4871	-1.146433e+03
4872	-1.139592e+03
4873	-1.133614e+03
4874	-1.126542e+03
4875	-1.125021e+03
4876	-1.138418e+03
4877	-1.131734e+03
4878	-1.136495e+03
4879	-1.147584e+03
4880	-1.144096e+03
4881	-1.128241e+03
4882	-1.139071e+03
4883	-1.133081e+03
4884	-1.119836e+03
4885	-1.131982e+03
4886	-1.133825e+03
4887	-1.133960e+03
4888	-1.121440e+03
4889	-1.121584e+03
4890	-1.132166e+03
4891	-1.121956e+03
4892	-1.145874e+03
4893	-1.118581e+03
4894	-1.125533e+03
4895	-1.148559e+03
4896	-1.136793e+03
4897	-1.135730e+03
4898	-1.136161e+03
4899	-1.131586e+03
4900	-1.127142e+03
4901	-1.122690e+03
4902	-1.131557e+03
4903	-1.103959e+03
4904	-1.125227e+03
4905	-1.113709e+03
4906	-1.119511e+03
4907	-1.140902e+03
4908	-1.126469e+03
4909	-1.133428e+03
4910	-1.140190e+03
4911	-1.115671e+03
4912	-1.114770e+03
4913	-1.113929e+03
4914	-1.125326e+03
4915	-1.134992e+03
4916	-1.108322e+03
4917	-1.123189e+03
4918	-1.124823e+03
4919	-1.136426e+03
4920	-1.137181e+03
4921	-1.123383e+03
4922	-1.115869e+03
4923	-1.127941e+03
4924	-1.128947e+03
4925	-1.129682e+03
4926	-1.134759e+03
4927	-1.137043e+03
4928	-1.134256e+03
4929	-1.117621e+03
4930	-1.130732e+03
4931	-1.116225e+03
4932	-1.132096e+03
4933	-1.130883e+03
4934	-1.146223e+03
4935	-1.148572e+03
4936	-1.119991e+03
4937	-1.113951e+03
4938	-1.110315e+03
4939	-1.117896e+03
4940	-1.128776e+03
4941	-1.129151e+03
4942	-1.132261e+03
4943	-1.126610e+03
4944	-1.123023e+03
4945	-1.110100e+03
4946	-1.154169e+03
4947	-1.109767e+03
4948	-1.128704e+03
4949	-1.131054e+03
4950	-1.149581e+03
4951	-1.136866e+03
4952	-1.148044e+03
4953	-1.133961e+03
4954	-1.129815e+03
4955	-1.139570e+03
4956	-1.115666e+03
4957	-1.123118e+03
4958	-1.116607e+03
4959	-1.152983e+03
4960	-1.132760e+03
4961	-1.142046e+03
4962	-1.142930e+03
4963	-1.128801e+03
4964	-1.122498e+03
4965	-1.142587e+03
4966	-1.124143e+03
4967	-1.136409e+03
4968	-1.115059e+03
4969	-1.132262e+03
4970	-1.127087e+03
4971	-1.142474e+03
4972	-1.153687e+03
4973	-1.153959e+03
4974	-1.101960e+03
4975	-1.132713e+03
4976	-1.141887e+03
4977	-1.134084e+03
4978	-1.124243e+03
4979	-1.127510e+03
4980	-1.133655e+03
4981	-1.116819e+03
4982	-1.150608e+03
4983	-1.142021e+03
4984	-1.135431e+03
4985	-1.117875e+03
4986	-1.133183e+03
4987	-1.139337e+03
4988	-1.123611e+03
4989	-1.134760e+03
4990	-1.125666e+03
4991	-1.132077e+03
4992	-1.133780e+03
4993	-1.136382e+03
4994	-1.129344e+03
4995	-1.150050e+03
4996	-1.126194e+03
4997	-1.127799e+03
4998	-1.114508e+03
4999	-1.130048e+03
5000	-1.122649e+03
5001	-1.103975e+03
5002	-1.097226e+03
5003	-1.117189e+03
5004	-1.125463e+03
5005	-1.145755e+03
5006	-1.128601e+03
5007	-1.124941e+03
5008	-1.150421e+03
5009	-1.136058e+03
5010	-1.116306e+03
5011	-1.130109e+03
5012	-1.137744e+03
5013	-1.127653e+03
5014	-1.130801e+03
5015	-1.123299e+03
5016	-1.145973e+03
5017	-1.111306e+03
5018	-1.124075e+03
5019	-1.135908e+03
5020	-1.131457e+03
5021	-1.137167e+03
5022	-1.143314e+03
5023	-1.104301e+03
5024	-1.130093e+03
5025	-1.131904e+03
5026	-1.128072e+03
5027	-1.137097e+03
5028	-1.119523e+03
5029	-1.099257e+03
5030	-1.129813e+03
5031	-1.119324e+03
5032	-1.127308e+03
5033	-1.152209e+03
5034	-1.119698e+03
5035	-1.125438e+03
5036	-1.113729e+03
5037	-1.126512e+03
5038	-1.123070e+03
5039	-1.139322e+03
5040	-1.144198e+03
5041	-1.127798e+03
5042	-1.146834e+03
5043	-1.127359e+03
5044	-1.125889e+03
5045	-1.133135e+03
5046	-1.122156e+03
5047	-1.136906e+03
5048	-1.130024e+03
5049	-1.109353e+03
5050	-1.143117e+03
5051	-1.121687e+03
5052	-1.120589e+03
5053	-1.136114e+03
5054	-1.143125e+03
5055	-1.118522e+03
5056	-1.119393e+03
5057	-1.136046e+03
5058	-1.120438e+03
5059	-1.113428e+03
5060	-1.132051e+03
5061	-1.121005e+03
5062	-1.114735e+03
5063	-1.120934e+03
5064	-1.125208e+03
5065	-1.126228e+03
5066	-1.126351e+03
5067	-1.129372e+03
5068	-1.126809e+03
5069	-1.139412e+03
5070	-1.116143e+03
5071	-1.143205e+03
5072	-1.112575e+03
5073	-1.125689e+03
5074	-1.123751e+03
5075	-1.128446e+03
5076	-1.124314e+03
5077	-1.125740e+03
5078	-1.139382e+03
5079	-1.126183e+03
5080	-1.122787e+03
5081	-1.146386e+03
5082	-1.113362e+03
5083	-1.122570e+03
5084	-1.122986e+03
5085	-1.137739e+03
5086	-1.120506e+03
5087	-1.139994e+03
5088	-1.112834e+03
5089	-1.120004e+03
5090	-1.136281e+03
5091	-1.124249e+03
5092	-1.139498e+03
5093	-1.151936e+03
5094	-1.126826e+03
5095	-1.119519e+03
5096	-1.128067e+03
5097	-1.127382e+03
5098	-1.119087e+03
5099	-1.137378e+03
5100	-1.127103e+03
5101	-1.136054e+03
5102	-1.109226e+03
5103	-1.127415e+03
5104	-1.110170e+03
5105	-1.141103e+03
5106	-1.144399e+03
5107	-1.137247e+03
5108	-1.149140e+03
5109	-1.131393e+03
5110	-1.119361e+03
5111	-1.126326e+03
5112	-1.131493e+03
5113	-1.125276e+03
5114	-1.133134e+03
5115	-1.123132e+03
5116	-1.139626e+03
5117	-1.117247e+03
5118	-1.131979e+03
5119	-1.123928e+03
5120	-1.134088e+03
5121	-1.132001e+03
5122	-1.122537e+03
5123	-1.136777e+03
5124	-1.134598e+03
5125	-1.126514e+03
5126	-1.120354e+03
5127	-1.142097e+03
5128	-1.131868e+03
5129	-1.126746e+03
5130	-1.124907e+03
5131	-1.121958e+03
5132	-1.133055e+03
5133	-1.118644e+03
5134	-1.122311e+03
5135	-1.126891e+03
5136	-1.121628e+03
5137	-1.120162e+03
5138	-1.139189e+03
5139	-1.125099e+03
5140	-1.113208e+03
5141	-1.123800e+03
5142	-1.131755e+03
5143	-1.126678e+03
5144	-1.131904e+03
5145	-1.124002e+03
5146	-1.145297e+03
5147	-1.121491e+03
5148	-1.119287e+03
5149	-1.128465e+03
5150	-1.131975e+03
5151	-1.114988e+03
5152	-1.146162e+03
5153	-1.135601e+03
5154	-1.143196e+03
5155	-1.135031e+03
5156	-1.139029e+03
5157	-1.131884e+03
5158	-1.122429e+03
5159	-1.130402e+03
5160	-1.147705e+03
5161	-1.137554e+03
5162	-1.140878e+03
5163	-1.124217e+03
5164	-1.136204e+03
5165	-1.104933e+03
5166	-1.152262e+03
5167	-1.153764e+03
5168	-1.113655e+03
5169	-1.110482e+03
5170	-1.137783e+03
5171	-1.151678e+03
5172	-1.124762e+03
5173	-1.121805e+03
5174	-1.139409e+03
5175	-1.137561e+03
5176	-1.124084e+03
5177	-1.128755e+03
5178	-1.121571e+03
5179	-1.151809e+03
5180	-1.130390e+03
5181	-1.154495e+03
5182	-1.121629e+03
5183	-1.111830e+03
5184	-1.126496e+03
5185	-1.123692e+03
5186	-1.135580e+03
5187	-1.127134e+03
5188	-1.130730e+03
5189	-1.115763e+03
5190	-1.119947e+03
5191	-1.146159e+03
5192	-1.110065e+03
5193	-1.113656e+03
5194	-1.136309e+03
5195	-1.115685e+03
5196	-1.126120e+03
5197	-1.139667e+03
5198	-1.152371e+03
5199	-1.130207e+03
5200	-1.139894e+03
5201	-1.119594e+03
5202	-1.123454e+03
5203	-1.116830e+03
5204	-1.125425e+03
5205	-1.128579e+03
5206	-1.124996e+03
5207	-1.144060e+03
5208	-1.120449e+03
5209	-1.141145e+03
5210	-1.113963e+03
5211	-1.137819e+03
5212	-1.112657e+03
5213	-1.135679e+03
5214	-1.127162e+03
5215	-1.108701e+03
5216	-1.118796e+03
5217	-1.121935e+03
5218	-1.128832e+03
5219	-1.145402e+03
5220	-1.132026e+03
5221	-1.112699e+03
5222	-1.132848e+03
5223	-1.149683e+03
5224	-1.113893e+03
5225	-1.112355e+03
5226	-1.124691e+03
5227	-1.136451e+03
5228	-1.125562e+03
5229	-1.123248e+03
5230	-1.137284e+03
5231	-1.136868e+03
5232	-1.128817e+03
5233	-1.114817e+03
5234	-1.130988e+03
5235	-1.123987e+03
5236	-1.134819e+03
5237	-1.125866e+03
5238	-1.157968e+03
5239	-1.144451e+03
5240	-1.114368e+03
5241	-1.123567e+03
5242	-1.129266e+03
5243	-1.132949e+03
5244	-1.132115e+03
5245	-1.140927e+03
5246	-1.142531e+03
5247	-1.119314e+03
5248	-1.147664e+03
5249	-1.142168e+03
5250	-1.147467e+03
5251	-1.137681e+03
5252	-1.119265e+03
5253	-1.134522e+03
5254	-1.135141e+03
5255	-1.122650e+03
5256	-1.122582e+03
5257	-1.130233e+03
5258	-1.126715e+03
5259	-1.139127e+03
5260	-1.124485e+03
5261	-1.148699e+03
5262	-1.129323e+03
5263	-1.143456e+03
5264	-1.130500e+03
5265	-1.125810e+03
5266	-1.141903e+03
5267	-1.114564e+03
5268	-1.137974e+03
5269	-1.125955e+03
5270	-1.124059e+03
5271	-1.123713e+03
5272	-1.149219e+03
5273	-1.119622e+03
5274	-1.127395e+03
5275	-1.137062e+03
5276	-1.135578e+03
5277	-1.110031e+03
5278	-1.125352e+03
5279	-1.129543e+03
5280	-1.133280e+03
5281	-1.129389e+03
5282	-1.134132e+03
5283	-1.132159e+03
5284	-1.137774e+03
5285	-1.145617e+03
5286	-1.132941e+03
5287	-1.132974e+03
5288	-1.126912e+03
5289	-1.109309e+03
5290	-1.125767e+03
5291	-1.120470e+03
5292	-1.134225e+03
5293	-1.130092e+03
5294	-1.126336e+03
5295	-1.125260e+03
5296	-1.131097e+03
5297	-1.107678e+03
5298	-1.134941e+03
5299	-1.113920e+03
5300	-1.121861e+03
5301	-1.126342e+03
5302	-1.129141e+03
5303	-1.149858e+03
5304	-1.132218e+03
5305	-1.114461e+03
5306	-1.135612e+03
5307	-1.125092e+03
5308	-1.129025e+03
5309	-1.147115e+03
5310	-1.131213e+03
5311	-1.149745e+03
5312	-1.114973e+03
5313	-1.127435e+03
5314	-1.114056e+03
5315	-1.127329e+03
5316	-1.134864e+03
5317	-1.123826e+03
5318	-1.132052e+03
5319	-1.137261e+03
5320	-1.120663e+03
5321	-1.119565e+03
5322	-1.134038e+03
5323	-1.129171e+03
5324	-1.146241e+03
5325	-1.123785e+03
5326	-1.125073e+03
5327	-1.149948e+03
5328	-1.107589e+03
5329	-1.132185e+03
5330	-1.136136e+03
5331	-1.121722e+03
5332	-1.135660e+03
5333	-1.129335e+03
5334	-1.118101e+03
5335	-1.134518e+03
5336	-1.132869e+03
5337	-1.142568e+03
5338	-1.139732e+03
5339	-1.133845e+03
5340	-1.114297e+03
5341	-1.116376e+03
5342	-1.136966e+03
5343	-1.122142e+03
5344	-1.118839e+03
5345	-1.150274e+03
5346	-1.126398e+03
5347	-1.133525e+03
5348	-1.115413e+03
5349	-1.144358e+03
5350	-1.132104e+03
5351	-1.135907e+03
5352	-1.114896e+03
5353	-1.119221e+03
5354	-1.134657e+03
5355	-1.122342e+03
5356	-1.123226e+03
5357	-1.119526e+03
5358	-1.122257e+03
5359	-1.125442e+03
5360	-1.130806e+03
5361	-1.129216e+03
5362	-1.128274e+03
5363	-1.132090e+03
5364	-1.133318e+03
5365	-1.133866e+03
5366	-1.145814e+03
5367	-1.118897e+03
5368	-1.104599e+03
5369	-1.130130e+03
5370	-1.127437e+03
5371	-1.150388e+03
5372	-1.130691e+03
5373	-1.118854e+03
5374	-1.119410e+03
5375	-1.143627e+03
5376	-1.118056e+03
5377	-1.116871e+03
5378	-1.138863e+03
5379	-1.135118e+03
5380	-1.130192e+03
5381	-1.141958e+03
5382	-1.145439e+03
5383	-1.109922e+03
5384	-1.124893e+03
5385	-1.132223e+03
5386	-1.141149e+03
5387	-1.118261e+03
5388	-1.125276e+03
5389	-1.143479e+03
5390	-1.118454e+03
5391	-1.140170e+03
5392	-1.144079e+03
5393	-1.134167e+03
5394	-1.129156e+03
5395	-1.125528e+03
5396	-1.104804e+03
5397	-1.127430e+03
5398	-1.129757e+03
5399	-1.136910e+03
5400	-1.117599e+03
5401	-1.140937e+03
5402	-1.149078e+03
5403	-1.119948e+03
5404	-1.131761e+03
5405	-1.126531e+03
5406	-1.119094e+03
5407	-1.122866e+03
5408	-1.129608e+03
5409	-1.130252e+03
5410	-1.138709e+03
5411	-1.115880e+03
5412	-1.122937e+03
5413	-1.126526e+03
5414	-1.136608e+03
5415	-1.130468e+03
5416	-1.135847e+03
5417	-1.130698e+03
5418	-1.135302e+03
5419	-1.120765e+03
5420	-1.143173e+03
5421	-1.136713e+03
5422	-1.139658e+03
5423	-1.151257e+03
5424	-1.119813e+03
5425	-1.133498e+03
5426	-1.125678e+03
5427	-1.127015e+03
5428	-1.130344e+03
5429	-1.117821e+03
5430	-1.121146e+03
5431	-1.125409e+03
5432	-1.118761e+03
5433	-1.123834e+03
5434	-1.138774e+03
5435	-1.118964e+03
5436	-1.124450e+03
5437	-1.128715e+03
5438	-1.130718e+03
5439	-1.139496e+03
5440	-1.126438e+03
5441	-1.128903e+03
5442	-1.128017e+03
5443	-1.133203e+03
5444	-1.119837e+03
5445	-1.142912e+03
5446	-1.127228e+03
5447	-1.121998e+03
5448	-1.127995e+03
5449	-1.126351e+03
5450	-1.139235e+03
5451	-1.136552e+03
5452	-1.133195e+03
5453	-1.134635e+03
5454	-1.115096e+03
5455	-1.126743e+03
5456	-1.129775e+03
5457	-1.127930e+03
5458	-1.144392e+03
5459	-1.119848e+03
5460	-1.145169e+03
5461	-1.135456e+03
5462	-1.133354e+03
5463	-1.151008e+03
5464	-1.133777e+03
5465	-1.119303e+03
5466	-1.123127e+03
5467	-1.137359e+03
5468	-1.130601e+03
5469	-1.130254e+03
5470	-1.139194e+03
5471	-1.125480e+03
5472	-1.112504e+03
5473	-1.114224e+03
5474	-1.131331e+03
5475	-1.122815e+03
5476	-1.122669e+03
5477	-1.147236e+03
5478	-1.145911e+03
5479	-1.136606e+03
5480	-1.113253e+03
5481	-1.131575e+03
5482	-1.133662e+03
5483	-1.140024e+03
5484	-1.137098e+03
5485	-1.130206e+03
5486	-1.120378e+03
5487	-1.121812e+03
5488	-1.141210e+03
5489	-1.133380e+03
5490	-1.132846e+03
5491	-1.128979e+03
5492	-1.137490e+03
5493	-1.129181e+03
5494	-1.111486e+03
5495	-1.126582e+03
5496	-1.138677e+03
5497	-1.138446e+03
5498	-1.135632e+03
5499	-1.118020e+03
5500	-1.124674e+03
5501	-1.133600e+03
5502	-1.122317e+03
5503	-1.125595e+03
5504	-1.124906e+03
5505	-1.144876e+03
5506	-1.130468e+03
5507	-1.149293e+03
5508	-1.132661e+03
5509	-1.135376e+03
5510	-1.105510e+03
5511	-1.127652e+03
5512	-1.137397e+03
5513	-1.137239e+03
5514	-1.129908e+03
5515	-1.128528e+03
5516	-1.117282e+03
5517	-1.143631e+03
5518	-1.141633e+03
5519	-1.126857e+03
5520	-1.143107e+03
5521	-1.146127e+03
5522	-1.130797e+03
5523	-1.163784e+03
5524	-1.137584e+03
5525	-1.122874e+03
5526	-1.127569e+03
5527	-1.105055e+03
5528	-1.115662e+03
5529	-1.131845e+03
5530	-1.119934e+03
5531	-1.115512e+03
5532	-1.129228e+03
5533	-1.115741e+03
5534	-1.121451e+03
5535	-1.146177e+03
5536	-1.137288e+03
5537	-1.140723e+03
5538	-1.128191e+03
5539	-1.129395e+03
5540	-1.138226e+03
5541	-1.109969e+03
5542	-1.150312e+03
5543	-1.135664e+03
5544	-1.133252e+03
5545	-1.135757e+03
5546	-1.135928e+03
5547	-1.124799e+03
5548	-1.111618e+03
5549	-1.141621e+03
5550	-1.120279e+03
5551	-1.141185e+03
5552	-1.119553e+03
5553	-1.124327e+03
5554	-1.136291e+03
5555	-1.126142e+03
5556	-1.109907e+03
5557	-1.132940e+03
5558	-1.121341e+03
5559	-1.143143e+03
5560	-1.118685e+03
5561	-1.137314e+03
5562	-1.130023e+03
5563	-1.123044e+03
5564	-1.136672e+03
5565	-1.126285e+03
5566	-1.131493e+03
5567	-1.161672e+03
5568	-1.112692e+03
5569	-1.136563e+03
5570	-1.133609e+03
5571	-1.133961e+03
5572	-1.136879e+03
5573	-1.129571e+03
5574	-1.133803e+03
5575	-1.133085e+03
5576	-1.144059e+03
5577	-1.132235e+03
5578	-1.120703e+03
5579	-1.099635e+03
5580	-1.127528e+03
5581	-1.129643e+03
5582	-1.116096e+03
5583	-1.140936e+03
5584	-1.149673e+03
5585	-1.137396e+03
5586	-1.127858e+03
5587	-1.147379e+03
5588	-1.121318e+03
5589	-1.140930e+03
5590	-1.113070e+03
5591	-1.124157e+03
5592	-1.137747e+03
5593	-1.120302e+03
5594	-1.130368e+03
5595	-1.124180e+03
5596	-1.129082e+03
5597	-1.111612e+03
5598	-1.122629e+03
5599	-1.133538e+03
5600	-1.125049e+03
5601	-1.117847e+03
5602	-1.131851e+03
5603	-1.142288e+03
5604	-1.127722e+03
5605	-1.102624e+03
5606	-1.106628e+03
5607	-1.133115e+03
5608	-1.129585e+03
5609	-1.121277e+03
5610	-1.135659e+03
5611	-1.114351e+03
5612	-1.138380e+03
5613	-1.116436e+03
5614	-1.128501e+03
5615	-1.132899e+03
5616	-1.108920e+03
5617	-1.145938e+03
5618	-1.139230e+03
5619	-1.136881e+03
5620	-1.122117e+03
5621	-1.124724e+03
5622	-1.143579e+03
5623	-1.135249e+03
5624	-1.142538e+03
5625	-1.111886e+03
5626	-1.110816e+03
5627	-1.123606e+03
5628	-1.121636e+03
5629	-1.129213e+03
5630	-1.140447e+03
5631	-1.124773e+03
5632	-1.139288e+03
5633	-1.124583e+03
5634	-1.138217e+03
5635	-1.123756e+03
5636	-1.116878e+03
5637	-1.119223e+03
5638	-1.132800e+03
5639	-1.125459e+03
5640	-1.131056e+03
5641	-1.123826e+03
5642	-1.102278e+03
5643	-1.109770e+03
5644	-1.133637e+03
5645	-1.133082e+03
5646	-1.114034e+03
5647	-1.140462e+03
5648	-1.128641e+03
5649	-1.128970e+03
5650	-1.140088e+03
5651	-1.126874e+03
5652	-1.135510e+03
5653	-1.130319e+03
5654	-1.120385e+03
5655	-1.112801e+03
5656	-1.124163e+03
5657	-1.134651e+03
5658	-1.131578e+03
5659	-1.125323e+03
5660	-1.112507e+03
5661	-1.110688e+03
5662	-1.121303e+03
5663	-1.126901e+03
5664	-1.113907e+03
5665	-1.119347e+03
5666	-1.123566e+03
5667	-1.147847e+03
5668	-1.111276e+03
5669	-1.134581e+03
5670	-1.108650e+03
5671	-1.134212e+03
5672	-1.139384e+03
5673	-1.144735e+03
5674	-1.128680e+03
5675	-1.119864e+03
5676	-1.143193e+03
5677	-1.153800e+03
5678	-1.139478e+03
5679	-1.136993e+03
5680	-1.142619e+03
5681	-1.131908e+03
5682	-1.127307e+03
5683	-1.138453e+03
5684	-1.118648e+03
5685	-1.116309e+03
5686	-1.135322e+03
5687	-1.110993e+03
5688	-1.126942e+03
5689	-1.119635e+03
5690	-1.127478e+03
5691	-1.138003e+03
5692	-1.129728e+03
5693	-1.140963e+03
5694	-1.148964e+03
5695	-1.127491e+03
5696	-1.138166e+03
5697	-1.127832e+03
5698	-1.132121e+03
5699	-1.129398e+03
5700	-1.138939e+03
5701	-1.123569e+03
5702	-1.128480e+03
5703	-1.112592e+03
5704	-1.150690e+03
5705	-1.102543e+03
5706	-1.121968e+03
5707	-1.106810e+03
5708	-1.131361e+03
5709	-1.127921e+03
5710	-1.122696e+03
5711	-1.118021e+03
5712	-1.131816e+03
5713	-1.128472e+03
5714	-1.140767e+03
5715	-1.127683e+03
5716	-1.125713e+03
5717	-1.154975e+03
5718	-1.136769e+03
5719	-1.110346e+03
5720	-1.113459e+03
5721	-1.135616e+03
5722	-1.113250e+03
5723	-1.121342e+03
5724	-1.149877e+03
5725	-1.146734e+03
5726	-1.118665e+03
5727	-1.136806e+03
5728	-1.117361e+03
5729	-1.125590e+03
5730	-1.129772e+03
5731	-1.125813e+03
5732	-1.130287e+03
5733	-1.143395e+03
5734	-1.123687e+03
5735	-1.137476e+03
5736	-1.134275e+03
5737	-1.124386e+03
5738	-1.131562e+03
5739	-1.127735e+03
5740	-1.130039e+03
5741	-1.122406e+03
5742	-1.118689e+03
5743	-1.126867e+03
5744	-1.118851e+03
5745	-1.131550e+03
5746	-1.101263e+03
5747	-1.141073e+03
5748	-1.126145e+03
5749	-1.109604e+03
5750	-1.124500e+03
5751	-1.135276e+03
5752	-1.152708e+03
5753	-1.138336e+03
5754	-1.121515e+03
5755	-1.137769e+03
5756	-1.126369e+03
5757	-1.131835e+03
5758	-1.102260e+03
5759	-1.115944e+03
5760	-1.143728e+03
5761	-1.131437e+03
5762	-1.121145e+03
5763	-1.114258e+03
5764	-1.118646e+03
5765	-1.111499e+03
5766	-1.109785e+03
5767	-1.123398e+03
5768	-1.134273e+03
5769	-1.140905e+03
5770	-1.141223e+03
5771	-1.141694e+03
5772	-1.126534e+03
5773	-1.130453e+03
5774	-1.111958e+03
5775	-1.125760e+03
5776	-1.136003e+03
5777	-1.126815e+03
5778	-1.131343e+03
5779	-1.122329e+03
5780	-1.109624e+03
5781	-1.111978e+03
5782	-1.126891e+03
5783	-1.128982e+03
5784	-1.134954e+03
5785	-1.144434e+03
5786	-1.135926e+03
5787	-1.139493e+03
5788	-1.128107e+03
5789	-1.131458e+03
5790	-1.124835e+03
5791	-1.133763e+03
5792	-1.128311e+03
5793	-1.150485e+03
5794	-1.118274e+03
5795	-1.144624e+03
5796	-1.128420e+03
5797	-1.100487e+03
5798	-1.135525e+03
5799	-1.143248e+03
5800	-1.130394e+03
5801	-1.112567e+03
5802	-1.120122e+03
5803	-1.133285e+03
5804	-1.138944e+03
5805	-1.125697e+03
5806	-1.121381e+03
5807	-1.128354e+03
5808	-1.104086e+03
5809	-1.120529e+03
5810	-1.131676e+03
5811	-1.124086e+03
5812	-1.126680e+03
5813	-1.132427e+03
5814	-1.132488e+03
5815	-1.123180e+03
5816	-1.120820e+03
5817	-1.145567e+03
5818	-1.140590e+03
5819	-1.155377e+03
5820	-1.128158e+03
5821	-1.139465e+03
5822	-1.136343e+03
5823	-1.121326e+03
5824	-1.136403e+03
5825	-1.141023e+03
5826	-1.137185e+03
5827	-1.151030e+03
5828	-1.142641e+03
5829	-1.126087e+03
5830	-1.115832e+03
5831	-1.133444e+03
5832	-1.145120e+03
5833	-1.147165e+03
5834	-1.139792e+03
5835	-1.143805e+03
5836	-1.123450e+03
5837	-1.121521e+03
5838	-1.116080e+03
5839	-1.151571e+03
5840	-1.124833e+03
5841	-1.127910e+03
5842	-1.138213e+03
5843	-1.126729e+03
5844	-1.140845e+03
5845	-1.131223e+03
5846	-1.122025e+03
5847	-1.126007e+03
5848	-1.145629e+03
5849	-1.144391e+03
5850	-1.146016e+03
5851	-1.126225e+03
5852	-1.117384e+03
5853	-1.131448e+03
5854	-1.118007e+03
5855	-1.140651e+03
5856	-1.122334e+03
5857	-1.142439e+03
5858	-1.130184e+03
5859	-1.142910e+03
5860	-1.127210e+03
5861	-1.150822e+03
5862	-1.123284e+03
5863	-1.142703e+03
5864	-1.146670e+03
5865	-1.135627e+03
5866	-1.138191e+03
5867	-1.132274e+03
5868	-1.127184e+03
5869	-1.125390e+03
5870	-1.115989e+03
5871	-1.125724e+03
5872	-1.124144e+03
5873	-1.126790e+03
5874	-1.130459e+03
5875	-1.134011e+03
5876	-1.137867e+03
5877	-1.116939e+03
5878	-1.133778e+03
5879	-1.121190e+03
5880	-1.127985e+03
5881	-1.138086e+03
5882	-1.109241e+03
5883	-1.128820e+03
5884	-1.118223e+03
5885	-1.128647e+03
5886	-1.120566e+03
5887	-1.125194e+03
5888	-1.133462e+03
5889	-1.117070e+03
5890	-1.146823e+03
5891	-1.112552e+03
5892	-1.111952e+03
5893	-1.147526e+03
5894	-1.126216e+03
5895	-1.128714e+03
5896	-1.121487e+03
5897	-1.129331e+03
5898	-1.143422e+03
5899	-1.133433e+03
5900	-1.120511e+03
5901	-1.126274e+03
5902	-1.131710e+03
5903	-1.130279e+03
5904	-1.122327e+03
5905	-1.142849e+03
5906	-1.124286e+03
5907	-1.138814e+03
5908	-1.136156e+03
5909	-1.119684e+03
5910	-1.135617e+03
5911	-1.127319e+03
5912	-1.133793e+03
5913	-1.139803e+03
5914	-1.113691e+03
5915	-1.135676e+03
5916	-1.111846e+03
5917	-1.129231e+03
5918	-1.138153e+03
5919	-1.144044e+03
5920	-1.121324e+03
5921	-1.144358e+03
5922	-1.126482e+03
5923	-1.132231e+03
5924	-1.122570e+03
5925	-1.129697e+03
5926	-1.130882e+03
5927	-1.141190e+03
5928	-1.127281e+03
5929	-1.136497e+03
5930	-1.127628e+03
5931	-1.150296e+03
5932	-1.135888e+03
5933	-1.135054e+03
5934	-1.153422e+03
5935	-1.118291e+03
5936	-1.119415e+03
5937	-1.128920e+03
5938	-1.125869e+03
5939	-1.132865e+03
5940	-1.132939e+03
5941	-1.106401e+03
5942	-1.128262e+03
5943	-1.132540e+03
5944	-1.143062e+03
5945	-1.126560e+03
5946	-1.118691e+03
5947	-1.112892e+03
5948	-1.119380e+03
5949	-1.118589e+03
5950	-1.134127e+03
5951	-1.140807e+03
5952	-1.148026e+03
5953	-1.120961e+03
5954	-1.118317e+03
5955	-1.121208e+03
5956	-1.138514e+03
5957	-1.120606e+03
5958	-1.131472e+03
5959	-1.123477e+03
5960	-1.121424e+03
5961	-1.104433e+03
5962	-1.122200e+03
5963	-1.110765e+03
5964	-1.131890e+03
5965	-1.120087e+03
5966	-1.137654e+03
5967	-1.123289e+03
5968	-1.121429e+03
5969	-1.127744e+03
5970	-1.154126e+03
5971	-1.130010e+03
5972	-1.109558e+03
5973	-1.132399e+03
5974	-1.121291e+03
5975	-1.135466e+03
5976	-1.126117e+03
5977	-1.120268e+03
5978	-1.135452e+03
5979	-1.134104e+03
5980	-1.127898e+03
5981	-1.126705e+03
5982	-1.137716e+03
5983	-1.140617e+03
5984	-1.132064e+03
5985	-1.100352e+03
5986	-1.133744e+03
5987	-1.140050e+03
5988	-1.132437e+03
5989	-1.140808e+03
5990	-1.133710e+03
5991	-1.121867e+03
5992	-1.108397e+03
5993	-1.129159e+03
5994	-1.126771e+03
5995	-1.132546e+03
5996	-1.106622e+03
5997	-1.147819e+03
5998	-1.125014e+03
5999	-1.136343e+03
6000	-1.134510e+03
6001	-1.132395e+03
6002	-1.116842e+03
6003	-1.131244e+03
6004	-1.136295e+03
6005	-1.130974e+03
6006	-1.125194e+03
6007	-1.113127e+03
6008	-1.127156e+03
6009	-1.139681e+03
6010	-1.117467e+03
6011	-1.128307e+03
6012	-1.120895e+03
6013	-1.133567e+03
6014	-1.131441e+03
6015	-1.106470e+03
6016	-1.114112e+03
6017	-1.135779e+03
6018	-1.118552e+03
6019	-1.118031e+03
6020	-1.133903e+03
6021	-1.130622e+03
6022	-1.107509e+03
6023	-1.123720e+03
6024	-1.129863e+03
6025	-1.146076e+03
6026	-1.133182e+03
6027	-1.134747e+03
6028	-1.114099e+03
6029	-1.135261e+03
6030	-1.132112e+03
6031	-1.143592e+03
6032	-1.136606e+03
6033	-1.135569e+03
6034	-1.138461e+03
6035	-1.130745e+03
6036	-1.114573e+03
6037	-1.122340e+03
6038	-1.145249e+03
6039	-1.131212e+03
6040	-1.130357e+03
6041	-1.126446e+03
6042	-1.144545e+03
6043	-1.121531e+03
6044	-1.117737e+03
6045	-1.134240e+03
6046	-1.119546e+03
6047	-1.138899e+03
6048	-1.132384e+03
6049	-1.119911e+03
6050	-1.138995e+03
6051	-1.142844e+03
6052	-1.124805e+03
6053	-1.136091e+03
6054	-1.141055e+03
6055	-1.139775e+03
6056	-1.139821e+03
6057	-1.119125e+03
6058	-1.119864e+03
6059	-1.135950e+03
6060	-1.142055e+03
6061	-1.154723e+03
6062	-1.156836e+03
6063	-1.131715e+03
6064	-1.140416e+03
6065	-1.126807e+03
6066	-1.128105e+03
6067	-1.141111e+03
6068	-1.132611e+03
6069	-1.132651e+03
6070	-1.145190e+03
6071	-1.120953e+03
6072	-1.127663e+03
6073	-1.132254e+03
6074	-1.136883e+03
6075	-1.150083e+03
6076	-1.122940e+03
6077	-1.123138e+03
6078	-1.124662e+03
6079	-1.139259e+03
6080	-1.122169e+03
6081	-1.139076e+03
6082	-1.133629e+03
6083	-1.118495e+03
6084	-1.133758e+03
6085	-1.128811e+03
6086	-1.151653e+03
6087	-1.132456e+03
6088	-1.137996e+03
6089	-1.122872e+03
6090	-1.105422e+03
6091	-1.130551e+03
6092	-1.128420e+03
6093	-1.128701e+03
6094	-1.118081e+03
6095	-1.112674e+03
6096	-1.138430e+03
6097	-1.128136e+03
6098	-1.131312e+03
6099	-1.118627e+03
6100	-1.120936e+03
6101	-1.132588e+03
6102	-1.109078e+03
6103	-1.129159e+03
6104	-1.124133e+03
6105	-1.138492e+03
6106	-1.130630e+03
6107	-1.127064e+03
6108	-1.131218e+03
6109	-1.133114e+03
6110	-1.127015e+03
6111	-1.129424e+03
6112	-1.127194e+03
6113	-1.153107e+03
6114	-1.129309e+03
6115	-1.141432e+03
6116	-1.139825e+03
6117	-1.121836e+03
6118	-1.131858e+03
6119	-1.142518e+03
6120	-1.136072e+03
6121	-1.099469e+03
6122	-1.116483e+03
6123	-1.133811e+03
6124	-1.152908e+03
6125	-1.119730e+03
6126	-1.144352e+03
6127	-1.141747e+03
6128	-1.122431e+03
6129	-1.113434e+03
6130	-1.119939e+03
6131	-1.135978e+03
6132	-1.116034e+03
6133	-1.141214e+03
6134	-1.140530e+03
6135	-1.114023e+03
6136	-1.145217e+03
6137	-1.137077e+03
6138	-1.105262e+03
6139	-1.141296e+03
6140	-1.139156e+03
6141	-1.127704e+03
6142	-1.144103e+03
6143	-1.132138e+03
6144	-1.131894e+03
6145	-1.097495e+03
6146	-1.145044e+03
6147	-1.134292e+03
6148	-1.125034e+03
6149	-1.141136e+03
6150	-1.141475e+03
6151	-1.109457e+03
6152	-1.123130e+03
6153	-1.119593e+03
6154	-1.146058e+03
6155	-1.128943e+03
6156	-1.124614e+03
6157	-1.136316e+03
6158	-1.128128e+03
6159	-1.116413e+03
6160	-1.145476e+03
6161	-1.120532e+03
6162	-1.118587e+03
6163	-1.123888e+03
6164	-1.110484e+03
6165	-1.131405e+03
6166	-1.113732e+03
6167	-1.136685e+03
6168	-1.132740e+03
6169	-1.120350e+03
6170	-1.115010e+03
6171	-1.133188e+03
6172	-1.135138e+03
6173	-1.126390e+03
6174	-1.148607e+03
6175	-1.140566e+03
6176	-1.131485e+03
6177	-1.129285e+03
6178	-1.122157e+03
6179	-1.122723e+03
6180	-1.119723e+03
6181	-1.105089e+03
6182	-1.160598e+03
6183	-1.133517e+03
6184	-1.103396e+03
6185	-1.144285e+03
6186	-1.133486e+03
6187	-1.119139e+03
6188	-1.153630e+03
6189	-1.146952e+03
6190	-1.130769e+03
6191	-1.128199e+03
6192	-1.123886e+03
6193	-1.134970e+03
6194	-1.121763e+03
6195	-1.138526e+03
6196	-1.104633e+03
6197	-1.123313e+03
6198	-1.092430e+03
6199	-1.109785e+03
6200	-1.125131e+03
6201	-1.117915e+03
6202	-1.139366e+03
6203	-1.144024e+03
6204	-1.115699e+03
6205	-1.114098e+03
6206	-1.115394e+03
6207	-1.122025e+03
6208	-1.127859e+03
6209	-1.118661e+03
6210	-1.125961e+03
6211	-1.127542e+03
6212	-1.114853e+03
6213	-1.135223e+03
6214	-1.134541e+03
6215	-1.119038e+03
6216	-1.139031e+03
6217	-1.133497e+03
6218	-1.134431e+03
6219	-1.133398e+03
6220	-1.106041e+03
6221	-1.137151e+03
6222	-1.148279e+03
6223	-1.119451e+03
6224	-1.131292e+03
6225	-1.120151e+03
6226	-1.133410e+03
6227	-1.153732e+03
6228	-1.130266e+03
6229	-1.130892e+03
6230	-1.134926e+03
6231	-1.141846e+03
6232	-1.136020e+03
6233	-1.126183e+03
6234	-1.141727e+03
6235	-1.117377e+03
6236	-1.146717e+03
6237	-1.131736e+03
6238	-1.122212e+03
6239	-1.128976e+03
6240	-1.133165e+03
6241	-1.119565e+03
6242	-1.121261e+03
6243	-1.136929e+03
6244	-1.133531e+03
6245	-1.129528e+03
6246	-1.140070e+03
6247	-1.129180e+03
6248	-1.132445e+03
6249	-1.139920e+03
6250	-1.125227e+03
6251	-1.119042e+03
6252	-1.137518e+03
6253	-1.139707e+03
6254	-1.119353e+03
6255	-1.132079e+03
6256	-1.136902e+03
6257	-1.143665e+03
6258	-1.126263e+03
6259	-1.124405e+03
6260	-1.139755e+03
6261	-1.133394e+03
6262	-1.148686e+03
6263	-1.118186e+03
6264	-1.127992e+03
6265	-1.137490e+03
6266	-1.098561e+03
6267	-1.135501e+03
6268	-1.140009e+03
6269	-1.126262e+03
6270	-1.111983e+03
6271	-1.130484e+03
6272	-1.142952e+03
6273	-1.159232e+03
6274	-1.102827e+03
6275	-1.132714e+03
6276	-1.155132e+03
6277	-1.142819e+03
6278	-1.124035e+03
6279	-1.109412e+03
6280	-1.144855e+03
6281	-1.124353e+03
6282	-1.128744e+03
6283	-1.116637e+03
6284	-1.142941e+03
6285	-1.133545e+03
6286	-1.130425e+03
6287	-1.118457e+03
6288	-1.128151e+03
6289	-1.144716e+03
6290	-1.133998e+03
6291	-1.119156e+03
6292	-1.125171e+03
6293	-1.123952e+03
6294	-1.105406e+03
6295	-1.115019e+03
6296	-1.117266e+03
6297	-1.127925e+03
6298	-1.130332e+03
6299	-1.122324e+03
6300	-1.134337e+03
6301	-1.133740e+03
6302	-1.125104e+03
6303	-1.133881e+03
6304	-1.143708e+03
6305	-1.126772e+03
6306	-1.146422e+03
6307	-1.118744e+03
6308	-1.125360e+03
6309	-1.119528e+03
6310	-1.121819e+03
6311	-1.123314e+03
6312	-1.123017e+03
6313	-1.124900e+03
6314	-1.147830e+03
6315	-1.099957e+03
6316	-1.111375e+03
6317	-1.109508e+03
6318	-1.135327e+03
6319	-1.129293e+03
6320	-1.115587e+03
6321	-1.125474e+03
6322	-1.121134e+03
6323	-1.139516e+03
6324	-1.135834e+03
6325	-1.146577e+03
6326	-1.133639e+03
6327	-1.113782e+03
6328	-1.138856e+03
6329	-1.136455e+03
6330	-1.118130e+03
6331	-1.102967e+03
6332	-1.123317e+03
6333	-1.144311e+03
6334	-1.120228e+03
6335	-1.116414e+03
6336	-1.107171e+03
6337	-1.139741e+03
6338	-1.125381e+03
6339	-1.139769e+03
6340	-1.123639e+03
6341	-1.133549e+03
6342	-1.134175e+03
6343	-1.128377e+03
6344	-1.120292e+03
6345	-1.156647e+03
6346	-1.134105e+03
6347	-1.126562e+03
6348	-1.128599e+03
6349	-1.135710e+03
6350	-1.129045e+03
6351	-1.142845e+03
6352	-1.137436e+03
6353	-1.125976e+03
6354	-1.108473e+03
6355	-1.124072e+03
6356	-1.133548e+03
6357	-1.110573e+03
6358	-1.119615e+03
6359	-1.118805e+03
6360	-1.132526e+03
6361	-1.129681e+03
6362	-1.118214e+03
6363	-1.129197e+03
6364	-1.117209e+03
6365	-1.130597e+03
6366	-1.152239e+03
6367	-1.136171e+03
6368	-1.121691e+03
6369	-1.148137e+03
6370	-1.127838e+03
6371	-1.121050e+03
6372	-1.114988e+03
6373	-1.125928e+03
6374	-1.130544e+03
6375	-1.135465e+03
6376	-1.130190e+03
6377	-1.139111e+03
6378	-1.125279e+03
6379	-1.114362e+03
6380	-1.129996e+03
6381	-1.131147e+03
6382	-1.109494e+03
6383	-1.121518e+03
6384	-1.147566e+03
6385	-1.129862e+03
6386	-1.122757e+03
6387	-1.140693e+03
6388	-1.138921e+03
6389	-1.143602e+03
6390	-1.117009e+03
6391	-1.138256e+03
6392	-1.133646e+03
6393	-1.118868e+03
6394	-1.122755e+03
6395	-1.121416e+03
6396	-1.131684e+03
6397	-1.138892e+03
6398	-1.125340e+03
6399	-1.141726e+03
6400	-1.136742e+03
6401	-1.135328e+03
6402	-1.131418e+03
6403	-1.134718e+03
6404	-1.101357e+03
6405	-1.134780e+03
6406	-1.135222e+03
6407	-1.126310e+03
6408	-1.123365e+03
6409	-1.149242e+03
6410	-1.127790e+03
6411	-1.159463e+03
6412	-1.108301e+03
6413	-1.121741e+03
6414	-1.130480e+03
6415	-1.118935e+03
6416	-1.139011e+03
6417	-1.129490e+03
6418	-1.144621e+03
6419	-1.122867e+03
6420	-1.135055e+03
6421	-1.119331e+03
6422	-1.125546e+03
6423	-1.137162e+03
6424	-1.137079e+03
6425	-1.145514e+03
6426	-1.107716e+03
6427	-1.125698e+03
6428	-1.119481e+03
6429	-1.139355e+03
6430	-1.121852e+03
6431	-1.134839e+03
6432	-1.121821e+03
6433	-1.134289e+03
6434	-1.144972e+03
6435	-1.113885e+03
6436	-1.122531e+03
6437	-1.123665e+03
6438	-1.138372e+03
6439	-1.124460e+03
6440	-1.129981e+03
6441	-1.137207e+03
6442	-1.105449e+03
6443	-1.121042e+03
6444	-1.136672e+03
6445	-1.131852e+03
6446	-1.122514e+03
6447	-1.112898e+03
6448	-1.130601e+03
6449	-1.128894e+03
6450	-1.137168e+03
6451	-1.121753e+03
6452	-1.146047e+03
6453	-1.140323e+03
6454	-1.129093e+03
6455	-1.138717e+03
6456	-1.126519e+03
6457	-1.128746e+03
6458	-1.121778e+03
6459	-1.115301e+03
6460	-1.114628e+03
6461	-1.127894e+03
6462	-1.133589e+03
6463	-1.138951e+03
6464	-1.125439e+03
6465	-1.123073e+03
6466	-1.116765e+03
6467	-1.141828e+03
6468	-1.134741e+03
6469	-1.141271e+03
6470	-1.142770e+03
6471	-1.141196e+03
6472	-1.120628e+03
6473	-1.135102e+03
6474	-1.135320e+03
6475	-1.112264e+03
6476	-1.114451e+03
6477	-1.124253e+03
6478	-1.148221e+03
6479	-1.122739e+03
6480	-1.138017e+03
6481	-1.110821e+03
6482	-1.136187e+03
6483	-1.123425e+03
6484	-1.133954e+03
6485	-1.114154e+03
6486	-1.125400e+03
6487	-1.122644e+03
6488	-1.121136e+03
6489	-1.112422e+03
6490	-1.150895e+03
6491	-1.129351e+03
6492	-1.120127e+03
6493	-1.147670e+03
6494	-1.126965e+03
6495	-1.104346e+03
6496	-1.132863e+03
6497	-1.136484e+03
6498	-1.130699e+03
6499	-1.112219e+03
6500	-1.128272e+03
6501	-1.123525e+03
6502	-1.131933e+03
6503	-1.117779e+03
6504	-1.139725e+03
6505	-1.127757e+03
6506	-1.119095e+03
6507	-1.150684e+03
6508	-1.125680e+03
6509	-1.130217e+03
6510	-1.140923e+03
6511	-1.125472e+03
6512	-1.146816e+03
6513	-1.132260e+03
6514	-1.147567e+03
6515	-1.119518e+03
6516	-1.122095e+03
6517	-1.112506e+03
6518	-1.138090e+03
6519	-1.127754e+03
6520	-1.137311e+03
6521	-1.107549e+03
6522	-1.151781e+03
6523	-1.131912e+03
6524	-1.145314e+03
6525	-1.106565e+03
6526	-1.114692e+03
6527	-1.117221e+03
6528	-1.132106e+03
6529	-1.124335e+03
6530	-1.141365e+03
6531	-1.128010e+03
6532	-1.134133e+03
6533	-1.131075e+03
6534	-1.131987e+03
6535	-1.133883e+03
6536	-1.121431e+03
6537	-1.122593e+03
6538	-1.111539e+03
6539	-1.133702e+03
6540	-1.159357e+03
6541	-1.112682e+03
6542	-1.135463e+03
6543	-1.148760e+03
6544	-1.116610e+03
6545	-1.126501e+03
6546	-1.121766e+03
6547	-1.128369e+03
6548	-1.126851e+03
6549	-1.133393e+03
6550	-1.109992e+03
6551	-1.149139e+03
6552	-1.131404e+03
6553	-1.151910e+03
6554	-1.132805e+03
6555	-1.123989e+03
6556	-1.111054e+03
6557	-1.136405e+03
6558	-1.126979e+03
6559	-1.119889e+03
6560	-1.137559e+03
6561	-1.141453e+03
6562	-1.115405e+03
6563	-1.117368e+03
6564	-1.132041e+03
6565	-1.114951e+03
6566	-1.131980e+03
6567	-1.125910e+03
6568	-1.125693e+03
6569	-1.141435e+03
6570	-1.156841e+03
6571	-1.108785e+03
6572	-1.142245e+03
6573	-1.145107e+03
6574	-1.125968e+03
6575	-1.114746e+03
6576	-1.096799e+03
6577	-1.140516e+03
6578	-1.158044e+03
6579	-1.134447e+03
6580	-1.127738e+03
6581	-1.127675e+03
6582	-1.115933e+03
6583	-1.106820e+03
6584	-1.136044e+03
6585	-1.130952e+03
6586	-1.117695e+03
6587	-1.128530e+03
6588	-1.139599e+03
6589	-1.127031e+03
6590	-1.110207e+03
6591	-1.122935e+03
6592	-1.127160e+03
6593	-1.127370e+03
6594	-1.108576e+03
6595	-1.111875e+03
6596	-1.126333e+03
6597	-1.140438e+03
6598	-1.137457e+03
6599	-1.107848e+03
6600	-1.103813e+03
6601	-1.137471e+03
6602	-1.152057e+03
6603	-1.122032e+03
6604	-1.118747e+03
6605	-1.133824e+03
6606	-1.151518e+03
6607	-1.148692e+03
6608	-1.147774e+03
6609	-1.116068e+03
6610	-1.134361e+03
6611	-1.129868e+03
6612	-1.133046e+03
6613	-1.141536e+03
6614	-1.126159e+03
6615	-1.124261e+03
6616	-1.132293e+03
6617	-1.131638e+03
6618	-1.126574e+03
6619	-1.142847e+03
6620	-1.118116e+03
6621	-1.126896e+03
6622	-1.122675e+03
6623	-1.142336e+03
6624	-1.131021e+03
6625	-1.131783e+03
6626	-1.128967e+03
6627	-1.124704e+03
6628	-1.155044e+03
6629	-1.153046e+03
6630	-1.136917e+03
6631	-1.127770e+03
6632	-1.123352e+03
6633	-1.138335e+03
6634	-1.105241e+03
6635	-1.143247e+03
6636	-1.122910e+03
6637	-1.140938e+03
6638	-1.121721e+03
6639	-1.132149e+03
6640	-1.114354e+03
6641	-1.137711e+03
6642	-1.120100e+03
6643	-1.122510e+03
6644	-1.153193e+03
6645	-1.120166e+03
6646	-1.122933e+03
6647	-1.118101e+03
6648	-1.130073e+03
6649	-1.139199e+03
6650	-1.135419e+03
6651	-1.108635e+03
6652	-1.107264e+03
6653	-1.115247e+03
6654	-1.126653e+03
6655	-1.138163e+03
6656	-1.103858e+03
6657	-1.135754e+03
6658	-1.128487e+03
6659	-1.129769e+03
6660	-1.114081e+03
6661	-1.131807e+03
6662	-1.129237e+03
6663	-1.131320e+03
6664	-1.109826e+03
6665	-1.121752e+03
6666	-1.145897e+03
6667	-1.135516e+03
6668	-1.119155e+03
6669	-1.133956e+03
6670	-1.137253e+03
6671	-1.124135e+03
6672	-1.135097e+03
6673	-1.112202e+03
6674	-1.138575e+03
6675	-1.101248e+03
6676	-1.121120e+03
6677	-1.141189e+03
6678	-1.148699e+03
6679	-1.129289e+03
6680	-1.152717e+03
6681	-1.135980e+03
6682	-1.138381e+03
6683	-1.144073e+03
6684	-1.132613e+03
6685	-1.112787e+03
6686	-1.137572e+03
6687	-1.135236e+03
6688	-1.128792e+03
6689	-1.118982e+03
6690	-1.124015e+03
6691	-1.126771e+03
6692	-1.109710e+03
6693	-1.127901e+03
6694	-1.114621e+03
6695	-1.153031e+03
6696	-1.121182e+03
6697	-1.146430e+03
6698	-1.115388e+03
6699	-1.135928e+03
6700	-1.116146e+03
6701	-1.132268e+03
6702	-1.121186e+03
6703	-1.126783e+03
6704	-1.134862e+03
6705	-1.125114e+03
6706	-1.130604e+03
6707	-1.111378e+03
6708	-1.122909e+03
6709	-1.119287e+03
6710	-1.125810e+03
6711	-1.129257e+03
6712	-1.120957e+03
6713	-1.133843e+03
6714	-1.127254e+03
6715	-1.144144e+03
6716	-1.130530e+03
6717	-1.124668e+03
6718	-1.117838e+03
6719	-1.111880e+03
6720	-1.131722e+03
6721	-1.135478e+03
6722	-1.138341e+03
6723	-1.130119e+03
6724	-1.131912e+03
6725	-1.115541e+03
6726	-1.103232e+03
6727	-1.132804e+03
6728	-1.130375e+03
6729	-1.124108e+03
6730	-1.139979e+03
6731	-1.124817e+03
6732	-1.126818e+03
6733	-1.119482e+03
6734	-1.132705e+03
6735	-1.137633e+03
6736	-1.125347e+03
6737	-1.144399e+03
6738	-1.135341e+03
6739	-1.134128e+03
6740	-1.132301e+03
6741	-1.115078e+03
6742	-1.148815e+03
6743	-1.135775e+03
6744	-1.115438e+03
6745	-1.128408e+03
6746	-1.119677e+03
6747	-1.137627e+03
6748	-1.113372e+03
6749	-1.126207e+03
6750	-1.114948e+03
6751	-1.124450e+03
6752	-1.130139e+03
6753	-1.120118e+03
6754	-1.107333e+03
6755	-1.130605e+03
6756	-1.105304e+03
6757	-1.132399e+03
6758	-1.116233e+03
6759	-1.125592e+03
6760	-1.136114e+03
6761	-1.126252e+03
6762	-1.139349e+03
6763	-1.116857e+03
6764	-1.122341e+03
6765	-1.123478e+03
6766	-1.119886e+03
6767	-1.115966e+03
6768	-1.123389e+03
6769	-1.135477e+03
6770	-1.117740e+03
6771	-1.126235e+03
6772	-1.110712e+03
6773	-1.119904e+03
6774	-1.126679e+03
6775	-1.139805e+03
6776	-1.137172e+03
6777	-1.106362e+03
6778	-1.141396e+03
6779	-1.129278e+03
6780	-1.123785e+03
6781	-1.126849e+03
6782	-1.131042e+03
6783	-1.132436e+03
6784	-1.131885e+03
6785	-1.119054e+03
6786	-1.133922e+03
6787	-1.122956e+03
6788	-1.122556e+03
6789	-1.132973e+03
6790	-1.128090e+03
6791	-1.129514e+03
6792	-1.121856e+03
6793	-1.124897e+03
6794	-1.134094e+03
6795	-1.124093e+03
6796	-1.140331e+03
6797	-1.135928e+03
6798	-1.118646e+03
6799	-1.115148e+03
6800	-1.122581e+03
6801	-1.121494e+03
6802	-1.107911e+03
6803	-1.133489e+03
6804	-1.119179e+03
6805	-1.157415e+03
6806	-1.127189e+03
6807	-1.140142e+03
6808	-1.136216e+03
6809	-1.133848e+03
6810	-1.126330e+03
6811	-1.114725e+03
6812	-1.130444e+03
6813	-1.156511e+03
6814	-1.151325e+03
6815	-1.130433e+03
6816	-1.119269e+03
6817	-1.144203e+03
6818	-1.120532e+03
6819	-1.117433e+03
6820	-1.115389e+03
6821	-1.123381e+03
6822	-1.139521e+03
6823	-1.133029e+03
6824	-1.131903e+03
6825	-1.142141e+03
6826	-1.117863e+03
6827	-1.142018e+03
6828	-1.126318e+03
6829	-1.122673e+03
6830	-1.126110e+03
6831	-1.114512e+03
6832	-1.139954e+03
6833	-1.141893e+03
6834	-1.125608e+03
6835	-1.130265e+03
6836	-1.109727e+03
6837	-1.136218e+03
6838	-1.127659e+03
6839	-1.145255e+03
6840	-1.158498e+03
6841	-1.139224e+03
6842	-1.121362e+03
6843	-1.129470e+03
6844	-1.136706e+03
6845	-1.138268e+03
6846	-1.120838e+03
6847	-1.127620e+03
6848	-1.131982e+03
6849	-1.142144e+03
6850	-1.125928e+03
6851	-1.128270e+03
6852	-1.143026e+03
6853	-1.136506e+03
6854	-1.131706e+03
6855	-1.149709e+03
6856	-1.130559e+03
6857	-1.136708e+03
6858	-1.136484e+03
6859	-1.110924e+03
6860	-1.122011e+03
6861	-1.138892e+03
6862	-1.114064e+03
6863	-1.128658e+03
6864	-1.135761e+03
6865	-1.131317e+03
6866	-1.125692e+03
6867	-1.136697e+03
6868	-1.138651e+03
6869	-1.131969e+03
6870	-1.142980e+03
6871	-1.134081e+03
6872	-1.133378e+03
6873	-1.106979e+03
6874	-1.118111e+03
6875	-1.124662e+03
6876	-1.132514e+03
6877	-1.129861e+03
6878	-1.127402e+03
6879	-1.128076e+03
6880	-1.137723e+03
6881	-1.126540e+03
6882	-1.154666e+03
6883	-1.143505e+03
6884	-1.152058e+03
6885	-1.136058e+03
6886	-1.118241e+03
6887	-1.120790e+03
6888	-1.125896e+03
6889	-1.123894e+03
6890	-1.116647e+03
6891	-1.122791e+03
6892	-1.142036e+03
6893	-1.127178e+03
6894	-1.126708e+03
6895	-1.123934e+03
6896	-1.121790e+03
6897	-1.117168e+03
6898	-1.121369e+03
6899	-1.120863e+03
6900	-1.151791e+03
6901	-1.117409e+03
6902	-1.141345e+03
6903	-1.133708e+03
6904	-1.106099e+03
6905	-1.117903e+03
6906	-1.142921e+03
6907	-1.126070e+03
6908	-1.129344e+03
6909	-1.129130e+03
6910	-1.120416e+03
6911	-1.115122e+03
6912	-1.143508e+03
6913	-1.117371e+03
6914	-1.117946e+03
6915	-1.123402e+03
6916	-1.121630e+03
6917	-1.118418e+03
6918	-1.126493e+03
6919	-1.130317e+03
6920	-1.137524e+03
6921	-1.143527e+03
6922	-1.124365e+03
6923	-1.131182e+03
6924	-1.130792e+03
6925	-1.130743e+03
6926	-1.129484e+03
6927	-1.143782e+03
6928	-1.144838e+03
6929	-1.113409e+03
6930	-1.133925e+03
6931	-1.136742e+03
6932	-1.112193e+03
6933	-1.142435e+03
6934	-1.115875e+03
6935	-1.122799e+03
6936	-1.134419e+03
6937	-1.133680e+03
6938	-1.123774e+03
6939	-1.133072e+03
6940	-1.144702e+03
6941	-1.164361e+03
6942	-1.131527e+03
6943	-1.143779e+03
6944	-1.139712e+03
6945	-1.142168e+03
6946	-1.130273e+03
6947	-1.103549e+03
6948	-1.134599e+03
6949	-1.132825e+03
6950	-1.116564e+03
6951	-1.121865e+03
6952	-1.117062e+03
6953	-1.125126e+03
6954	-1.110900e+03
6955	-1.119451e+03
6956	-1.138360e+03
6957	-1.125870e+03
6958	-1.121174e+03
6959	-1.141406e+03
6960	-1.134334e+03
6961	-1.092848e+03
6962	-1.149352e+03
6963	-1.123559e+03
6964	-1.139198e+03
6965	-1.147885e+03
6966	-1.119889e+03
6967	-1.107130e+03
6968	-1.139391e+03
6969	-1.150883e+03
6970	-1.123908e+03
6971	-1.149731e+03
6972	-1.106633e+03
6973	-1.135533e+03
6974	-1.139685e+03
6975	-1.136782e+03
6976	-1.124085e+03
6977	-1.152969e+03
6978	-1.122687e+03
6979	-1.126575e+03
6980	-1.128064e+03
6981	-1.143620e+03
6982	-1.129666e+03
6983	-1.128567e+03
6984	-1.120894e+03
6985	-1.121083e+03
6986	-1.146722e+03
6987	-1.142108e+03
6988	-1.125248e+03
6989	-1.116965e+03
6990	-1.132770e+03
6991	-1.129559e+03
6992	-1.129650e+03
6993	-1.118349e+03
6994	-1.137040e+03
6995	-1.133769e+03
6996	-1.127017e+03
6997	-1.133907e+03
6998	-1.125895e+03
6999	-1.133060e+03
7000	-1.133628e+03
7001	-1.131395e+03
7002	-1.140470e+03
7003	-1.118927e+03
7004	-1.129575e+03
7005	-1.134419e+03
7006	-1.131288e+03
7007	-1.140929e+03
7008	-1.113125e+03
7009	-1.136328e+03
7010	-1.139410e+03
7011	-1.123042e+03
7012	-1.143055e+03
7013	-1.126755e+03
7014	-1.133765e+03
7015	-1.138739e+03
7016	-1.144112e+03
7017	-1.136807e+03
7018	-1.139518e+03
7019	-1.149113e+03
7020	-1.135501e+03
7021	-1.130948e+03
7022	-1.124687e+03
7023	-1.136813e+03
7024	-1.141808e+03
7025	-1.146892e+03
7026	-1.143006e+03
7027	-1.118210e+03
7028	-1.129519e+03
7029	-1.158546e+03
7030	-1.136910e+03
7031	-1.111658e+03
7032	-1.134520e+03
7033	-1.115721e+03
7034	-1.126207e+03
7035	-1.111195e+03
7036	-1.155522e+03
7037	-1.124731e+03
7038	-1.122457e+03
7039	-1.123058e+03
7040	-1.117409e+03
7041	-1.133013e+03
7042	-1.131946e+03
7043	-1.130445e+03
7044	-1.134617e+03
7045	-1.131452e+03
7046	-1.129839e+03
7047	-1.131232e+03
7048	-1.124358e+03
7049	-1.134570e+03
7050	-1.131892e+03
7051	-1.113489e+03
7052	-1.144766e+03
7053	-1.129568e+03
7054	-1.136024e+03
7055	-1.127190e+03
7056	-1.158295e+03
7057	-1.128105e+03
7058	-1.129639e+03
7059	-1.125324e+03
7060	-1.126203e+03
7061	-1.116243e+03
7062	-1.122102e+03
7063	-1.117957e+03
7064	-1.130764e+03
7065	-1.119141e+03
7066	-1.133374e+03
7067	-1.113953e+03
7068	-1.127787e+03
7069	-1.156879e+03
7070	-1.125992e+03
7071	-1.124887e+03
7072	-1.129147e+03
7073	-1.121995e+03
7074	-1.139384e+03
7075	-1.126334e+03
7076	-1.122643e+03
7077	-1.135401e+03
7078	-1.129397e+03
7079	-1.134031e+03
7080	-1.148811e+03
7081	-1.136136e+03
7082	-1.142100e+03
7083	-1.135502e+03
7084	-1.119821e+03
7085	-1.123918e+03
7086	-1.135403e+03
7087	-1.130046e+03
7088	-1.137052e+03
7089	-1.145011e+03
7090	-1.128682e+03
7091	-1.127058e+03
7092	-1.121088e+03
7093	-1.128559e+03
7094	-1.113223e+03
7095	-1.143320e+03
7096	-1.141382e+03
7097	-1.135251e+03
7098	-1.119989e+03
7099	-1.134521e+03
7100	-1.137412e+03
7101	-1.128509e+03
7102	-1.143482e+03
7103	-1.122589e+03
7104	-1.125178e+03
7105	-1.122873e+03
7106	-1.137823e+03
7107	-1.128220e+03
7108	-1.139735e+03
7109	-1.130085e+03
7110	-1.136371e+03
7111	-1.112555e+03
7112	-1.130622e+03
7113	-1.116167e+03
7114	-1.115274e+03
7115	-1.129029e+03
7116	-1.146422e+03
7117	-1.131149e+03
7118	-1.153403e+03
7119	-1.112898e+03
7120	-1.137600e+03
7121	-1.138496e+03
7122	-1.125285e+03
7123	-1.119150e+03
7124	-1.142480e+03
7125	-1.118708e+03
7126	-1.136288e+03
7127	-1.150387e+03
7128	-1.127217e+03
7129	-1.132346e+03
7130	-1.129503e+03
7131	-1.113104e+03
7132	-1.129934e+03
7133	-1.113282e+03
7134	-1.130271e+03
7135	-1.136612e+03
7136	-1.134116e+03
7137	-1.135912e+03
7138	-1.123427e+03
7139	-1.151231e+03
7140	-1.125370e+03
7141	-1.133274e+03
7142	-1.123294e+03
7143	-1.131630e+03
7144	-1.123233e+03
7145	-1.134071e+03
7146	-1.123943e+03
7147	-1.148634e+03
7148	-1.133097e+03
7149	-1.142017e+03
7150	-1.124800e+03
7151	-1.098339e+03
7152	-1.120471e+03
7153	-1.130343e+03
7154	-1.133508e+03
7155	-1.133236e+03
7156	-1.112434e+03
7157	-1.119399e+03
7158	-1.121402e+03
7159	-1.121888e+03
7160	-1.127232e+03
7161	-1.133189e+03
7162	-1.131792e+03
7163	-1.122085e+03
7164	-1.134097e+03
7165	-1.132704e+03
7166	-1.127889e+03
7167	-1.133078e+03
7168	-1.144086e+03
7169	-1.136835e+03
7170	-1.133553e+03
7171	-1.128776e+03
7172	-1.113253e+03
7173	-1.134785e+03
7174	-1.111400e+03
7175	-1.140700e+03
7176	-1.103733e+03
7177	-1.128524e+03
7178	-1.133181e+03
7179	-1.120290e+03
7180	-1.117486e+03
7181	-1.128630e+03
7182	-1.117323e+03
7183	-1.127225e+03
7184	-1.132671e+03
7185	-1.124492e+03
7186	-1.132541e+03
7187	-1.149745e+03
7188	-1.135343e+03
7189	-1.139892e+03
7190	-1.115953e+03
7191	-1.123947e+03
7192	-1.113671e+03
7193	-1.112587e+03
7194	-1.130250e+03
7195	-1.131659e+03
7196	-1.130491e+03
7197	-1.110249e+03
7198	-1.141245e+03
7199	-1.112486e+03
7200	-1.123769e+03
7201	-1.119044e+03
7202	-1.143886e+03
7203	-1.130142e+03
7204	-1.152022e+03
7205	-1.134872e+03
7206	-1.128978e+03
7207	-1.121341e+03
7208	-1.118835e+03
7209	-1.137371e+03
7210	-1.144208e+03
7211	-1.129056e+03
7212	-1.128722e+03
7213	-1.116087e+03
7214	-1.125997e+03
7215	-1.118418e+03
7216	-1.121428e+03
7217	-1.152439e+03
7218	-1.119983e+03
7219	-1.135849e+03
7220	-1.113868e+03
7221	-1.097649e+03
7222	-1.127208e+03
7223	-1.110190e+03
7224	-1.138347e+03
7225	-1.103538e+03
7226	-1.130741e+03
7227	-1.130542e+03
7228	-1.122056e+03
7229	-1.115348e+03
7230	-1.119914e+03
7231	-1.149062e+03
7232	-1.147746e+03
7233	-1.118870e+03
7234	-1.134138e+03
7235	-1.118438e+03
7236	-1.131881e+03
7237	-1.131299e+03
7238	-1.150860e+03
7239	-1.120323e+03
7240	-1.142293e+03
7241	-1.145838e+03
7242	-1.124784e+03
7243	-1.148399e+03
7244	-1.130702e+03
7245	-1.122257e+03
7246	-1.133447e+03
7247	-1.147754e+03
7248	-1.144672e+03
7249	-1.130328e+03
7250	-1.129864e+03
7251	-1.131361e+03
7252	-1.138218e+03
7253	-1.135786e+03
7254	-1.127216e+03
7255	-1.135820e+03
7256	-1.123970e+03
7257	-1.133058e+03
7258	-1.142765e+03
7259	-1.149132e+03
7260	-1.126506e+03
7261	-1.132801e+03
7262	-1.129917e+03
7263	-1.133835e+03
7264	-1.129872e+03
7265	-1.138128e+03
7266	-1.141455e+03
7267	-1.131295e+03
7268	-1.128467e+03
7269	-1.138423e+03
7270	-1.127970e+03
7271	-1.132219e+03
7272	-1.160599e+03
7273	-1.129490e+03
7274	-1.143912e+03
7275	-1.132122e+03
7276	-1.141573e+03
7277	-1.114233e+03
7278	-1.126740e+03
7279	-1.124142e+03
7280	-1.138963e+03
7281	-1.122972e+03
7282	-1.109479e+03
7283	-1.123186e+03
7284	-1.138063e+03
7285	-1.092704e+03
7286	-1.119418e+03
7287	-1.127771e+03
7288	-1.125552e+03
7289	-1.149722e+03
7290	-1.129307e+03
7291	-1.139486e+03
7292	-1.138154e+03
7293	-1.144928e+03
7294	-1.119200e+03
7295	-1.134666e+03
7296	-1.120361e+03
7297	-1.116419e+03
7298	-1.125607e+03
7299	-1.137825e+03
7300	-1.124670e+03
7301	-1.138236e+03
7302	-1.130613e+03
7303	-1.144070e+03
7304	-1.132595e+03
7305	-1.133999e+03
7306	-1.141182e+03
7307	-1.135984e+03
7308	-1.124791e+03
7309	-1.123917e+03
7310	-1.144602e+03
7311	-1.130077e+03
7312	-1.128892e+03
7313	-1.138999e+03
7314	-1.136668e+03
7315	-1.133022e+03
7316	-1.118493e+03
7317	-1.119465e+03
7318	-1.129482e+03
7319	-1.131496e+03
7320	-1.117996e+03
7321	-1.127418e+03
7322	-1.116666e+03
7323	-1.126896e+03
7324	-1.127012e+03
7325	-1.135887e+03
7326	-1.138695e+03
7327	-1.133227e+03
7328	-1.114855e+03
7329	-1.128031e+03
7330	-1.158780e+03
7331	-1.129455e+03
7332	-1.128884e+03
7333	-1.118064e+03
7334	-1.127599e+03
7335	-1.135687e+03
7336	-1.131083e+03
7337	-1.128532e+03
7338	-1.132755e+03
7339	-1.142961e+03
7340	-1.113797e+03
7341	-1.113515e+03
7342	-1.122899e+03
7343	-1.117646e+03
7344	-1.146169e+03
7345	-1.153505e+03
7346	-1.139496e+03
7347	-1.144560e+03
7348	-1.125731e+03
7349	-1.142125e+03
7350	-1.142349e+03
7351	-1.135915e+03
7352	-1.138012e+03
7353	-1.125643e+03
7354	-1.146253e+03
7355	-1.137492e+03
7356	-1.123193e+03
7357	-1.112349e+03
7358	-1.121360e+03
7359	-1.119659e+03
7360	-1.132394e+03
7361	-1.140360e+03
7362	-1.114980e+03
7363	-1.130717e+03
7364	-1.136673e+03
7365	-1.133434e+03
7366	-1.143488e+03
7367	-1.128099e+03
7368	-1.149196e+03
7369	-1.147665e+03
7370	-1.138080e+03
7371	-1.131676e+03
7372	-1.127406e+03
7373	-1.127865e+03
7374	-1.110834e+03
7375	-1.121294e+03
7376	-1.134959e+03
7377	-1.116114e+03
7378	-1.136975e+03
7379	-1.147763e+03
7380	-1.141222e+03
7381	-1.111275e+03
7382	-1.160889e+03
7383	-1.142358e+03
7384	-1.110627e+03
7385	-1.123205e+03
7386	-1.116335e+03
7387	-1.127073e+03
7388	-1.140307e+03
7389	-1.134564e+03
7390	-1.114517e+03
7391	-1.127700e+03
7392	-1.103378e+03
7393	-1.145673e+03
7394	-1.135080e+03
7395	-1.120527e+03
7396	-1.113607e+03
7397	-1.119000e+03
7398	-1.139255e+03
7399	-1.128483e+03
7400	-1.129692e+03
7401	-1.134044e+03
7402	-1.136246e+03
7403	-1.106876e+03
7404	-1.153288e+03
7405	-1.108602e+03
7406	-1.139501e+03
7407	-1.136155e+03
7408	-1.141195e+03
7409	-1.110063e+03
7410	-1.135236e+03
7411	-1.114928e+03
7412	-1.137174e+03
7413	-1.154246e+03
7414	-1.143694e+03
7415	-1.139488e+03
7416	-1.127270e+03
7417	-1.139732e+03
7418	-1.126431e+03
7419	-1.137513e+03
7420	-1.130528e+03
7421	-1.124643e+03
7422	-1.122038e+03
7423	-1.146611e+03
7424	-1.123668e+03
7425	-1.134414e+03
7426	-1.104155e+03
7427	-1.140052e+03
7428	-1.119059e+03
7429	-1.115221e+03
7430	-1.110406e+03
7431	-1.121589e+03
7432	-1.138855e+03
7433	-1.135988e+03
7434	-1.125241e+03
7435	-1.125224e+03
7436	-1.133243e+03
7437	-1.121086e+03
7438	-1.137093e+03
7439	-1.145116e+03
7440	-1.131641e+03
7441	-1.136318e+03
7442	-1.116104e+03
7443	-1.148573e+03
7444	-1.110227e+03
7445	-1.139197e+03
7446	-1.142538e+03
7447	-1.106493e+03
7448	-1.136364e+03
7449	-1.124297e+03
7450	-1.107211e+03
7451	-1.130023e+03
7452	-1.134126e+03
7453	-1.144665e+03
7454	-1.126424e+03
7455	-1.126907e+03
7456	-1.132079e+03
7457	-1.127918e+03
7458	-1.142799e+03
7459	-1.129989e+03
7460	-1.145518e+03
7461	-1.118246e+03
7462	-1.125605e+03
7463	-1.127982e+03
7464	-1.126507e+03
7465	-1.118842e+03
7466	-1.131715e+03
7467	-1.121733e+03
7468	-1.138616e+03
7469	-1.132870e+03
7470	-1.128982e+03
7471	-1.117452e+03
7472	-1.133792e+03
7473	-1.139748e+03
7474	-1.129679e+03
7475	-1.114064e+03
7476	-1.150753e+03
7477	-1.123107e+03
7478	-1.126657e+03
7479	-1.140860e+03
7480	-1.109484e+03
7481	-1.146570e+03
7482	-1.117216e+03
7483	-1.117215e+03
7484	-1.136921e+03
7485	-1.137486e+03
7486	-1.139817e+03
7487	-1.146681e+03
7488	-1.124922e+03
7489	-1.130054e+03
7490	-1.144373e+03
7491	-1.123471e+03
7492	-1.134747e+03
7493	-1.132689e+03
7494	-1.137495e+03
7495	-1.116891e+03
7496	-1.146956e+03
7497	-1.141987e+03
7498	-1.136412e+03
7499	-1.122577e+03
7500	-1.121347e+03
7501	-1.145796e+03
7502	-1.134987e+03
7503	-1.133704e+03
7504	-1.125608e+03
7505	-1.125365e+03
7506	-1.127892e+03
7507	-1.127167e+03
7508	-1.133628e+03
7509	-1.130013e+03
7510	-1.121693e+03
7511	-1.110646e+03
7512	-1.127988e+03
7513	-1.130512e+03
7514	-1.131438e+03
7515	-1.131758e+03
7516	-1.130231e+03
7517	-1.123489e+03
7518	-1.112792e+03
7519	-1.117973e+03
7520	-1.139353e+03
7521	-1.132729e+03
7522	-1.134731e+03
7523	-1.138733e+03
7524	-1.135730e+03
7525	-1.125093e+03
7526	-1.120458e+03
7527	-1.130969e+03
7528	-1.144302e+03
7529	-1.123471e+03
7530	-1.124120e+03
7531	-1.133515e+03
7532	-1.125219e+03
7533	-1.132456e+03
7534	-1.128367e+03
7535	-1.129376e+03
7536	-1.137371e+03
7537	-1.139375e+03
7538	-1.134541e+03
7539	-1.109915e+03
7540	-1.148877e+03
7541	-1.144062e+03
7542	-1.117963e+03
7543	-1.133346e+03
7544	-1.151707e+03
7545	-1.129186e+03
7546	-1.141822e+03
7547	-1.115438e+03
7548	-1.115192e+03
7549	-1.137942e+03
7550	-1.113679e+03
7551	-1.122003e+03
7552	-1.135301e+03
7553	-1.130592e+03
7554	-1.123541e+03
7555	-1.136054e+03
7556	-1.103917e+03
7557	-1.126973e+03
7558	-1.112906e+03
7559	-1.131596e+03
7560	-1.142629e+03
7561	-1.125837e+03
7562	-1.126491e+03
7563	-1.138789e+03
7564	-1.133717e+03
7565	-1.125793e+03
7566	-1.137249e+03
7567	-1.126153e+03
7568	-1.131469e+03
7569	-1.111928e+03
7570	-1.142161e+03
7571	-1.146928e+03
7572	-1.129446e+03
7573	-1.127118e+03
7574	-1.122444e+03
7575	-1.135321e+03
7576	-1.114888e+03
7577	-1.131482e+03
7578	-1.133871e+03
7579	-1.116443e+03
7580	-1.118485e+03
7581	-1.135345e+03
7582	-1.119372e+03
7583	-1.134680e+03
7584	-1.119232e+03
7585	-1.129854e+03
7586	-1.136346e+03
7587	-1.132259e+03
7588	-1.145280e+03
7589	-1.117975e+03
7590	-1.135925e+03
7591	-1.106976e+03
7592	-1.129610e+03
7593	-1.107137e+03
7594	-1.125771e+03
7595	-1.131353e+03
7596	-1.122189e+03
7597	-1.143578e+03
7598	-1.128423e+03
7599	-1.128890e+03
7600	-1.117426e+03
7601	-1.144698e+03
7602	-1.102628e+03
7603	-1.130073e+03
7604	-1.135852e+03
7605	-1.125582e+03
7606	-1.124246e+03
7607	-1.139322e+03
7608	-1.129612e+03
7609	-1.131382e+03
7610	-1.136420e+03
7611	-1.127361e+03
7612	-1.129833e+03
7613	-1.124821e+03
7614	-1.127630e+03
7615	-1.139487e+03
7616	-1.113743e+03
7617	-1.119676e+03
7618	-1.128913e+03
7619	-1.145878e+03
7620	-1.135448e+03
7621	-1.134393e+03
7622	-1.104558e+03
7623	-1.132466e+03
7624	-1.135077e+03
7625	-1.148665e+03
7626	-1.151733e+03
7627	-1.127344e+03
7628	-1.132848e+03
7629	-1.125317e+03
7630	-1.122555e+03
7631	-1.122123e+03
7632	-1.141068e+03
7633	-1.133203e+03
7634	-1.106115e+03
7635	-1.121965e+03
7636	-1.128971e+03
7637	-1.114637e+03
7638	-1.127911e+03
7639	-1.126263e+03
7640	-1.116003e+03
7641	-1.118465e+03
7642	-1.131109e+03
7643	-1.146360e+03
7644	-1.130907e+03
7645	-1.140203e+03
7646	-1.140677e+03
7647	-1.147150e+03
7648	-1.134273e+03
7649	-1.118689e+03
7650	-1.099333e+03
7651	-1.146092e+03
7652	-1.121378e+03
7653	-1.124487e+03
7654	-1.133767e+03
7655	-1.121394e+03
7656	-1.131298e+03
7657	-1.126335e+03
7658	-1.128369e+03
7659	-1.118847e+03
7660	-1.108605e+03
7661	-1.144357e+03
7662	-1.150322e+03
7663	-1.134452e+03
7664	-1.123038e+03
7665	-1.141800e+03
7666	-1.126553e+03
7667	-1.134122e+03
7668	-1.124891e+03
7669	-1.137586e+03
7670	-1.112752e+03
7671	-1.127620e+03
7672	-1.137869e+03
7673	-1.129267e+03
7674	-1.139728e+03
7675	-1.125858e+03
7676	-1.125984e+03
7677	-1.112909e+03
7678	-1.123547e+03
7679	-1.132895e+03
7680	-1.125332e+03
7681	-1.154676e+03
7682	-1.140701e+03
7683	-1.140118e+03
7684	-1.136832e+03
7685	-1.106913e+03
7686	-1.119005e+03
7687	-1.116739e+03
7688	-1.138413e+03
7689	-1.133368e+03
7690	-1.121977e+03
7691	-1.124676e+03
7692	-1.126530e+03
7693	-1.111933e+03
7694	-1.120580e+03
7695	-1.130576e+03
7696	-1.118835e+03
7697	-1.127521e+03
7698	-1.121207e+03
7699	-1.129572e+03
7700	-1.130260e+03
7701	-1.127123e+03
7702	-1.122187e+03
7703	-1.107289e+03
7704	-1.144921e+03
7705	-1.132630e+03
7706	-1.120230e+03
7707	-1.141402e+03
7708	-1.151050e+03
7709	-1.138229e+03
7710	-1.120457e+03
7711	-1.123436e+03
7712	-1.108577e+03
7713	-1.110549e+03
7714	-1.128048e+03
7715	-1.124264e+03
7716	-1.120017e+03
7717	-1.129062e+03
7718	-1.117922e+03
7719	-1.125866e+03
7720	-1.137589e+03
7721	-1.129258e+03
7722	-1.137383e+03
7723	-1.127414e+03
7724	-1.111593e+03
7725	-1.123112e+03
7726	-1.138686e+03
7727	-1.136144e+03
7728	-1.140367e+03
7729	-1.119692e+03
7730	-1.114891e+03
7731	-1.133866e+03
7732	-1.133213e+03
7733	-1.118810e+03
7734	-1.129403e+03
7735	-1.114970e+03
7736	-1.109723e+03
7737	-1.108088e+03
7738	-1.148513e+03
7739	-1.135220e+03
7740	-1.117502e+03
7741	-1.136296e+03
7742	-1.120537e+03
7743	-1.117067e+03
7744	-1.128246e+03
7745	-1.130249e+03
7746	-1.133640e+03
7747	-1.127369e+03
7748	-1.129996e+03
7749	-1.144807e+03
7750	-1.127012e+03
7751	-1.134002e+03
7752	-1.130542e+03
7753	-1.130773e+03
7754	-1.118753e+03
7755	-1.142308e+03
7756	-1.154317e+03
7757	-1.127137e+03
7758	-1.125171e+03
7759	-1.129829e+03
7760	-1.117477e+03
7761	-1.108460e+03
7762	-1.122657e+03
7763	-1.123629e+03
7764	-1.131338e+03
7765	-1.137620e+03
7766	-1.128074e+03
7767	-1.127012e+03
7768	-1.118327e+03
7769	-1.129514e+03
7770	-1.125605e+03
7771	-1.125188e+03
7772	-1.119505e+03
7773	-1.119430e+03
7774	-1.140915e+03
7775	-1.137953e+03
7776	-1.123631e+03
7777	-1.125073e+03
7778	-1.138141e+03
7779	-1.117470e+03
7780	-1.125793e+03
7781	-1.127161e+03
7782	-1.142625e+03
7783	-1.127518e+03
7784	-1.128520e+03
7785	-1.110316e+03
7786	-1.139082e+03
7787	-1.145166e+03
7788	-1.151634e+03
7789	-1.138814e+03
7790	-1.121821e+03
7791	-1.128162e+03
7792	-1.131515e+03
7793	-1.140412e+03
7794	-1.133139e+03
7795	-1.115258e+03
7796	-1.135133e+03
7797	-1.153748e+03
7798	-1.126942e+03
7799	-1.132961e+03
7800	-1.120416e+03
7801	-1.129918e+03
7802	-1.157806e+03
7803	-1.131203e+03
7804	-1.114978e+03
7805	-1.113377e+03
7806	-1.128929e+03
7807	-1.138285e+03
7808	-1.135783e+03
7809	-1.135874e+03
7810	-1.119318e+03
7811	-1.132738e+03
7812	-1.121700e+03
7813	-1.139371e+03
7814	-1.119536e+03
7815	-1.125007e+03
7816	-1.109173e+03
7817	-1.132694e+03
7818	-1.141584e+03
7819	-1.126005e+03
7820	-1.130695e+03
7821	-1.140441e+03
7822	-1.134342e+03
7823	-1.141155e+03
7824	-1.135559e+03
7825	-1.130399e+03
7826	-1.139995e+03
7827	-1.137669e+03
7828	-1.153076e+03
7829	-1.123273e+03
7830	-1.122719e+03
7831	-1.148652e+03
7832	-1.126959e+03
7833	-1.111213e+03
7834	-1.116801e+03
7835	-1.130180e+03
7836	-1.146292e+03
7837	-1.126627e+03
7838	-1.140949e+03
7839	-1.134145e+03
7840	-1.138321e+03
7841	-1.132923e+03
7842	-1.141271e+03
7843	-1.137552e+03
7844	-1.130298e+03
7845	-1.127436e+03
7846	-1.129229e+03
7847	-1.135462e+03
7848	-1.120498e+03
7849	-1.140335e+03
7850	-1.137190e+03
7851	-1.138769e+03
7852	-1.133808e+03
7853	-1.139300e+03
7854	-1.126646e+03
7855	-1.114468e+03
7856	-1.135823e+03
7857	-1.135909e+03
7858	-1.137420e+03
7859	-1.109347e+03
7860	-1.138234e+03
7861	-1.129432e+03
7862	-1.146342e+03
7863	-1.131289e+03
7864	-1.133167e+03
7865	-1.135837e+03
7866	-1.139493e+03
7867	-1.122472e+03
7868	-1.123783e+03
7869	-1.121827e+03
7870	-1.130190e+03
7871	-1.133144e+03
7872	-1.142302e+03
7873	-1.108012e+03
7874	-1.130979e+03
7875	-1.122553e+03
7876	-1.135488e+03
7877	-1.124689e+03
7878	-1.137296e+03
7879	-1.146324e+03
7880	-1.134236e+03
7881	-1.128991e+03
7882	-1.139055e+03
7883	-1.139162e+03
7884	-1.127925e+03
7885	-1.123061e+03
7886	-1.131077e+03
7887	-1.100312e+03
7888	-1.135468e+03
7889	-1.132243e+03
7890	-1.117836e+03
7891	-1.135172e+03
7892	-1.140917e+03
7893	-1.148504e+03
7894	-1.118592e+03
7895	-1.121138e+03
7896	-1.127933e+03
7897	-1.128758e+03
7898	-1.121776e+03
7899	-1.123674e+03
7900	-1.128682e+03
7901	-1.136638e+03
7902	-1.141430e+03
7903	-1.107152e+03
7904	-1.141008e+03
7905	-1.142648e+03
7906	-1.114037e+03
7907	-1.122378e+03
7908	-1.112495e+03
7909	-1.123605e+03
7910	-1.112195e+03
7911	-1.136621e+03
7912	-1.140967e+03
7913	-1.133309e+03
7914	-1.129048e+03
7915	-1.136838e+03
7916	-1.133202e+03
7917	-1.122093e+03
7918	-1.135569e+03
7919	-1.124723e+03
7920	-1.148014e+03
7921	-1.115526e+03
7922	-1.137899e+03
7923	-1.154102e+03
7924	-1.145155e+03
7925	-1.134993e+03
7926	-1.142426e+03
7927	-1.139180e+03
7928	-1.137447e+03
7929	-1.121296e+03
7930	-1.128669e+03
7931	-1.152732e+03
7932	-1.122215e+03
7933	-1.128305e+03
7934	-1.138130e+03
7935	-1.117810e+03
7936	-1.152707e+03
7937	-1.120915e+03
7938	-1.131704e+03
7939	-1.111516e+03
7940	-1.124495e+03
7941	-1.129439e+03
7942	-1.121295e+03
7943	-1.138215e+03
7944	-1.138820e+03
7945	-1.131552e+03
7946	-1.119064e+03
7947	-1.141600e+03
7948	-1.113471e+03
7949	-1.135847e+03
7950	-1.137104e+03
7951	-1.123295e+03
7952	-1.126034e+03
7953	-1.126892e+03
7954	-1.125469e+03
7955	-1.134584e+03
7956	-1.134743e+03
7957	-1.143671e+03
7958	-1.116948e+03
7959	-1.115077e+03
7960	-1.126893e+03
7961	-1.122630e+03
7962	-1.124962e+03
7963	-1.128781e+03
7964	-1.124845e+03
7965	-1.133424e+03
7966	-1.118484e+03
7967	-1.111033e+03
7968	-1.119438e+03
7969	-1.134202e+03
7970	-1.125928e+03
7971	-1.137778e+03
7972	-1.116120e+03
7973	-1.123342e+03
7974	-1.117624e+03
7975	-1.127576e+03
7976	-1.131993e+03
7977	-1.144023e+03
7978	-1.138932e+03
7979	-1.121980e+03
7980	-1.133495e+03
7981	-1.129029e+03
7982	-1.122946e+03
7983	-1.110138e+03
7984	-1.139241e+03
7985	-1.103482e+03
7986	-1.130888e+03
7987	-1.119310e+03
7988	-1.133188e+03
7989	-1.116839e+03
7990	-1.135463e+03
7991	-1.121900e+03
7992	-1.141346e+03
7993	-1.119347e+03
7994	-1.124546e+03
7995	-1.127851e+03
7996	-1.125739e+03
7997	-1.103207e+03
7998	-1.132768e+03
7999	-1.115097e+03
8000	-1.141225e+03
8001	-1.121988e+03
8002	-1.145000e+03
8003	-1.131746e+03
8004	-1.125912e+03
8005	-1.119794e+03
8006	-1.117449e+03
8007	-1.109058e+03
8008	-1.127547e+03
8009	-1.110193e+03
8010	-1.149063e+03
8011	-1.122544e+03
8012	-1.131713e+03
8013	-1.130846e+03
8014	-1.112735e+03
8015	-1.117700e+03
8016	-1.126690e+03
8017	-1.127197e+03
8018	-1.147001e+03
8019	-1.139749e+03
8020	-1.120584e+03
8021	-1.148973e+03
8022	-1.133261e+03
8023	-1.122008e+03
8024	-1.111593e+03
8025	-1.134589e+03
8026	-1.120396e+03
8027	-1.159636e+03
8028	-1.117985e+03
8029	-1.142493e+03
8030	-1.121518e+03
8031	-1.135573e+03
8032	-1.125834e+03
8033	-1.157449e+03
8034	-1.135246e+03
8035	-1.111668e+03
8036	-1.145799e+03
8037	-1.133878e+03
8038	-1.122131e+03
8039	-1.123829e+03
8040	-1.140370e+03
8041	-1.127282e+03
8042	-1.125670e+03
8043	-1.122283e+03
8044	-1.124788e+03
8045	-1.115526e+03
8046	-1.133696e+03
8047	-1.125728e+03
8048	-1.121330e+03
8049	-1.130451e+03
8050	-1.102087e+03
8051	-1.109856e+03
8052	-1.127515e+03
8053	-1.142155e+03
8054	-1.142803e+03
8055	-1.150058e+03
8056	-1.127871e+03
8057	-1.131220e+03
8058	-1.119996e+03
8059	-1.135070e+03
8060	-1.137934e+03
8061	-1.131432e+03
8062	-1.121180e+03
8063	-1.128570e+03
8064	-1.135679e+03
8065	-1.118695e+03
8066	-1.131654e+03
8067	-1.121045e+03
8068	-1.134074e+03
8069	-1.144089e+03
8070	-1.135348e+03
8071	-1.129983e+03
8072	-1.135428e+03
8073	-1.141485e+03
8074	-1.131241e+03
8075	-1.114863e+03
8076	-1.107275e+03
8077	-1.116332e+03
8078	-1.140224e+03
8079	-1.118916e+03
8080	-1.141169e+03
8081	-1.140306e+03
8082	-1.145918e+03
8083	-1.118419e+03
8084	-1.107946e+03
8085	-1.110559e+03
8086	-1.121802e+03
8087	-1.136809e+03
8088	-1.132685e+03
8089	-1.122004e+03
8090	-1.145105e+03
8091	-1.139446e+03
8092	-1.128123e+03
8093	-1.126511e+03
8094	-1.138792e+03
8095	-1.126546e+03
8096	-1.113300e+03
8097	-1.125011e+03
8098	-1.137672e+03
8099	-1.112236e+03
8100	-1.121998e+03
8101	-1.115102e+03
8102	-1.144113e+03
8103	-1.143074e+03
8104	-1.096841e+03
8105	-1.119348e+03
8106	-1.120021e+03
8107	-1.121704e+03
8108	-1.142979e+03
8109	-1.149449e+03
8110	-1.125746e+03
8111	-1.144151e+03
8112	-1.143119e+03
8113	-1.149911e+03
8114	-1.138351e+03
8115	-1.140708e+03
8116	-1.120753e+03
8117	-1.131964e+03
8118	-1.130177e+03
8119	-1.130795e+03
8120	-1.124220e+03
8121	-1.116260e+03
8122	-1.141920e+03
8123	-1.126735e+03
8124	-1.141033e+03
8125	-1.132130e+03
8126	-1.112803e+03
8127	-1.118808e+03
8128	-1.140109e+03
8129	-1.126960e+03
8130	-1.125745e+03
8131	-1.119855e+03
8132	-1.145521e+03
8133	-1.133692e+03
8134	-1.126888e+03
8135	-1.109063e+03
8136	-1.122708e+03
8137	-1.111162e+03
8138	-1.118725e+03
8139	-1.123113e+03
8140	-1.130917e+03
8141	-1.139302e+03
8142	-1.120492e+03
8143	-1.120090e+03
8144	-1.124087e+03
8145	-1.116980e+03
8146	-1.131830e+03
8147	-1.128378e+03
8148	-1.130937e+03
8149	-1.129172e+03
8150	-1.135542e+03
8151	-1.141247e+03
8152	-1.115959e+03
8153	-1.125175e+03
8154	-1.132380e+03
8155	-1.103502e+03
8156	-1.129697e+03
8157	-1.137196e+03
8158	-1.107444e+03
8159	-1.140793e+03
8160	-1.131859e+03
8161	-1.132996e+03
8162	-1.114207e+03
8163	-1.133834e+03
8164	-1.128038e+03
8165	-1.119639e+03
8166	-1.138260e+03
8167	-1.147230e+03
8168	-1.150834e+03
8169	-1.118473e+03
8170	-1.137091e+03
8171	-1.144064e+03
8172	-1.131006e+03
8173	-1.121697e+03
8174	-1.138088e+03
8175	-1.119845e+03
8176	-1.130394e+03
8177	-1.128691e+03
8178	-1.101942e+03
8179	-1.145341e+03
8180	-1.145088e+03
8181	-1.103252e+03
8182	-1.119513e+03
8183	-1.136327e+03
8184	-1.129574e+03
8185	-1.130405e+03
8186	-1.132423e+03
8187	-1.138690e+03
8188	-1.137249e+03
8189	-1.135904e+03
8190	-1.116138e+03
8191	-1.121255e+03
8192	-1.110354e+03
8193	-1.137242e+03
8194	-1.123257e+03
8195	-1.135656e+03
8196	-1.129263e+03
8197	-1.128981e+03
8198	-1.127232e+03
8199	-1.140883e+03
8200	-1.144425e+03
8201	-1.125742e+03
8202	-1.111901e+03
8203	-1.128507e+03
8204	-1.138757e+03
8205	-1.115600e+03
8206	-1.146485e+03
8207	-1.127695e+03
8208	-1.121120e+03
8209	-1.132001e+03
8210	-1.141720e+03
8211	-1.144036e+03
8212	-1.125539e+03
8213	-1.115656e+03
8214	-1.111226e+03
8215	-1.118547e+03
8216	-1.128840e+03
8217	-1.124747e+03
8218	-1.130299e+03
8219	-1.115605e+03
8220	-1.126182e+03
8221	-1.125888e+03
8222	-1.115615e+03
8223	-1.117557e+03
8224	-1.124194e+03
8225	-1.120121e+03
8226	-1.133097e+03
8227	-1.132906e+03
8228	-1.130426e+03
8229	-1.123137e+03
8230	-1.119019e+03
8231	-1.120867e+03
8232	-1.112742e+03
8233	-1.128320e+03
8234	-1.121271e+03
8235	-1.137531e+03
8236	-1.130770e+03
8237	-1.115997e+03
8238	-1.124876e+03
8239	-1.146601e+03
8240	-1.113134e+03
8241	-1.117698e+03
8242	-1.141162e+03
8243	-1.139638e+03
8244	-1.126167e+03
8245	-1.126942e+03
8246	-1.102241e+03
8247	-1.132561e+03
8248	-1.139230e+03
8249	-1.130036e+03
8250	-1.133846e+03
8251	-1.138002e+03
8252	-1.127238e+03
8253	-1.126663e+03
8254	-1.119295e+03
8255	-1.136806e+03
8256	-1.112676e+03
8257	-1.121582e+03
8258	-1.134776e+03
8259	-1.127030e+03
8260	-1.128578e+03
8261	-1.129653e+03
8262	-1.135124e+03
8263	-1.131327e+03
8264	-1.126581e+03
8265	-1.118188e+03
8266	-1.126990e+03
8267	-1.130023e+03
8268	-1.130849e+03
8269	-1.136929e+03
8270	-1.130466e+03
8271	-1.148033e+03
8272	-1.143432e+03
8273	-1.127305e+03
8274	-1.142812e+03
8275	-1.124105e+03
8276	-1.138224e+03
8277	-1.136711e+03
8278	-1.109483e+03
8279	-1.107890e+03
8280	-1.113562e+03
8281	-1.123918e+03
8282	-1.140768e+03
8283	-1.132325e+03
8284	-1.116522e+03
8285	-1.152631e+03
8286	-1.131113e+03
8287	-1.107995e+03
8288	-1.110363e+03
8289	-1.122786e+03
8290	-1.127430e+03
8291	-1.137759e+03
8292	-1.122708e+03
8293	-1.148278e+03
8294	-1.124049e+03
8295	-1.133269e+03
8296	-1.132335e+03
8297	-1.152638e+03
8298	-1.140884e+03
8299	-1.139796e+03
8300	-1.142395e+03
8301	-1.128042e+03
8302	-1.131496e+03
8303	-1.153116e+03
8304	-1.122236e+03
8305	-1.122819e+03
8306	-1.136974e+03
8307	-1.140740e+03
8308	-1.141042e+03
8309	-1.118764e+03
8310	-1.133751e+03
8311	-1.118625e+03
8312	-1.125240e+03
8313	-1.138138e+03
8314	-1.135915e+03
8315	-1.123474e+03
8316	-1.132874e+03
8317	-1.143429e+03
8318	-1.111619e+03
8319	-1.131714e+03
8320	-1.124459e+03
8321	-1.116826e+03
8322	-1.108517e+03
8323	-1.111893e+03
8324	-1.133853e+03
8325	-1.128393e+03
8326	-1.133821e+03
8327	-1.115613e+03
8328	-1.121913e+03
8329	-1.106217e+03
8330	-1.128198e+03
8331	-1.109424e+03
8332	-1.119752e+03
8333	-1.133468e+03
8334	-1.142277e+03
8335	-1.127489e+03
8336	-1.108377e+03
8337	-1.120180e+03
8338	-1.123894e+03
8339	-1.137319e+03
8340	-1.110443e+03
8341	-1.136171e+03
8342	-1.139598e+03
8343	-1.132097e+03
8344	-1.119757e+03
8345	-1.136589e+03
8346	-1.131080e+03
8347	-1.144653e+03
8348	-1.111494e+03
8349	-1.108289e+03
8350	-1.130670e+03
8351	-1.150669e+03
8352	-1.107206e+03
8353	-1.123183e+03
8354	-1.133853e+03
8355	-1.137837e+03
8356	-1.122844e+03
8357	-1.149903e+03
8358	-1.132161e+03
8359	-1.124557e+03
8360	-1.128494e+03
8361	-1.135512e+03
8362	-1.133916e+03
8363	-1.132600e+03
8364	-1.138563e+03
8365	-1.137822e+03
8366	-1.144598e+03
8367	-1.149022e+03
8368	-1.132099e+03
8369	-1.116638e+03
8370	-1.109295e+03
8371	-1.131141e+03
8372	-1.148385e+03
8373	-1.128262e+03
8374	-1.131268e+03
8375	-1.124962e+03
8376	-1.106036e+03
8377	-1.130103e+03
8378	-1.113234e+03
8379	-1.130389e+03
8380	-1.148023e+03
8381	-1.145107e+03
8382	-1.126470e+03
8383	-1.132698e+03
8384	-1.129965e+03
8385	-1.127720e+03
8386	-1.137757e+03
8387	-1.114235e+03
8388	-1.124612e+03
8389	-1.126255e+03
8390	-1.135690e+03
8391	-1.127133e+03
8392	-1.153714e+03
8393	-1.134036e+03
8394	-1.145078e+03
8395	-1.152303e+03
8396	-1.114174e+03
8397	-1.143723e+03
8398	-1.139222e+03
8399	-1.123586e+03
8400	-1.137428e+03
8401	-1.138856e+03
8402	-1.143231e+03
8403	-1.123735e+03
8404	-1.135977e+03
8405	-1.137679e+03
8406	-1.139716e+03
8407	-1.125295e+03
8408	-1.131450e+03
8409	-1.131508e+03
8410	-1.129344e+03
8411	-1.115889e+03
8412	-1.127362e+03
8413	-1.119343e+03
8414	-1.130920e+03
8415	-1.118768e+03
8416	-1.122095e+03
8417	-1.134171e+03
8418	-1.123382e+03
8419	-1.136883e+03
8420	-1.123085e+03
8421	-1.108507e+03
8422	-1.121670e+03
8423	-1.125557e+03
8424	-1.128880e+03
8425	-1.126950e+03
8426	-1.153441e+03
8427	-1.120504e+03
8428	-1.120934e+03
8429	-1.124628e+03
8430	-1.127900e+03
8431	-1.139433e+03
8432	-1.121129e+03
8433	-1.127206e+03
8434	-1.135391e+03
8435	-1.147470e+03
8436	-1.149322e+03
8437	-1.146412e+03
8438	-1.117154e+03
8439	-1.120593e+03
8440	-1.111287e+03
8441	-1.154357e+03
8442	-1.126956e+03
8443	-1.121944e+03
8444	-1.143021e+03
8445	-1.123203e+03
8446	-1.135497e+03
8447	-1.123987e+03
8448	-1.129184e+03
8449	-1.125304e+03
8450	-1.136866e+03
8451	-1.136457e+03
8452	-1.134409e+03
8453	-1.128174e+03
8454	-1.144169e+03
8455	-1.133544e+03
8456	-1.115850e+03
8457	-1.135551e+03
8458	-1.140844e+03
8459	-1.108818e+03
8460	-1.125198e+03
8461	-1.147735e+03
8462	-1.128341e+03
8463	-1.132323e+03
8464	-1.121417e+03
8465	-1.143438e+03
8466	-1.125983e+03
8467	-1.133418e+03
8468	-1.125134e+03
8469	-1.117223e+03
8470	-1.122203e+03
8471	-1.131656e+03
8472	-1.137979e+03
8473	-1.133881e+03
8474	-1.137420e+03
8475	-1.134877e+03
8476	-1.114465e+03
8477	-1.139778e+03
8478	-1.126621e+03
8479	-1.128226e+03
8480	-1.105825e+03
8481	-1.137342e+03
8482	-1.121464e+03
8483	-1.150666e+03
8484	-1.126282e+03
8485	-1.132461e+03
8486	-1.127890e+03
8487	-1.107591e+03
8488	-1.124529e+03
8489	-1.125806e+03
8490	-1.139863e+03
8491	-1.126769e+03
8492	-1.139714e+03
8493	-1.138930e+03
8494	-1.125404e+03
8495	-1.141913e+03
8496	-1.149027e+03
8497	-1.136216e+03
8498	-1.148114e+03
8499	-1.129780e+03
8500	-1.098701e+03
8501	-1.132990e+03
8502	-1.145765e+03
8503	-1.110858e+03
8504	-1.137568e+03
8505	-1.121042e+03
8506	-1.121084e+03
8507	-1.109982e+03
8508	-1.130193e+03
8509	-1.128438e+03
8510	-1.136000e+03
8511	-1.132329e+03
8512	-1.151964e+03
8513	-1.137309e+03
8514	-1.132178e+03
8515	-1.119993e+03
8516	-1.147844e+03
8517	-1.137180e+03
8518	-1.122127e+03
8519	-1.130430e+03
8520	-1.124340e+03
8521	-1.111065e+03
8522	-1.136074e+03
8523	-1.128538e+03
8524	-1.138244e+03
8525	-1.118534e+03
8526	-1.136402e+03
8527	-1.141094e+03
8528	-1.147177e+03
8529	-1.128629e+03
8530	-1.120361e+03
8531	-1.119373e+03
8532	-1.125936e+03
8533	-1.103907e+03
8534	-1.115547e+03
8535	-1.142353e+03
8536	-1.138104e+03
8537	-1.127211e+03
8538	-1.144693e+03
8539	-1.142457e+03
8540	-1.135892e+03
8541	-1.123744e+03
8542	-1.144414e+03
8543	-1.139307e+03
8544	-1.117370e+03
8545	-1.143777e+03
8546	-1.114544e+03
8547	-1.126450e+03
8548	-1.122628e+03
8549	-1.124666e+03
8550	-1.123387e+03
8551	-1.130292e+03
8552	-1.136535e+03
8553	-1.127178e+03
8554	-1.130964e+03
8555	-1.140162e+03
8556	-1.121519e+03
8557	-1.109820e+03
8558	-1.125618e+03
8559	-1.123654e+03
8560	-1.122054e+03
8561	-1.126196e+03
8562	-1.128991e+03
8563	-1.148432e+03
8564	-1.119605e+03
8565	-1.124550e+03
8566	-1.138793e+03
8567	-1.140470e+03
8568	-1.119134e+03
8569	-1.150263e+03
8570	-1.135079e+03
8571	-1.128188e+03
8572	-1.131071e+03
8573	-1.150648e+03
8574	-1.115544e+03
8575	-1.155002e+03
8576	-1.104475e+03
8577	-1.112325e+03
8578	-1.128700e+03
8579	-1.121187e+03
8580	-1.141345e+03
8581	-1.135429e+03
8582	-1.128229e+03
8583	-1.134531e+03
8584	-1.128319e+03
8585	-1.130345e+03
8586	-1.139435e+03
8587	-1.149472e+03
8588	-1.125592e+03
8589	-1.129637e+03
8590	-1.134814e+03
8591	-1.135340e+03
8592	-1.126662e+03
8593	-1.124498e+03
8594	-1.136345e+03
8595	-1.149848e+03
8596	-1.115629e+03
8597	-1.132831e+03
8598	-1.124606e+03
8599	-1.147923e+03
8600	-1.116470e+03
8601	-1.114210e+03
8602	-1.126805e+03
8603	-1.117519e+03
8604	-1.144239e+03
8605	-1.126921e+03
8606	-1.135921e+03
8607	-1.133606e+03
8608	-1.131867e+03
8609	-1.113724e+03
8610	-1.122834e+03
8611	-1.120429e+03
8612	-1.113272e+03
8613	-1.122319e+03
8614	-1.119612e+03
8615	-1.129978e+03
8616	-1.122785e+03
8617	-1.130958e+03
8618	-1.130892e+03
8619	-1.140329e+03
8620	-1.115724e+03
8621	-1.130421e+03
8622	-1.140517e+03
8623	-1.136021e+03
8624	-1.107997e+03
8625	-1.133704e+03
8626	-1.142402e+03
8627	-1.130094e+03
8628	-1.148468e+03
8629	-1.126270e+03
8630	-1.128688e+03
8631	-1.121289e+03
8632	-1.120754e+03
8633	-1.136769e+03
8634	-1.154756e+03
8635	-1.128639e+03
8636	-1.127293e+03
8637	-1.129170e+03
8638	-1.103057e+03
8639	-1.113062e+03
8640	-1.131307e+03
8641	-1.149497e+03
8642	-1.130336e+03
8643	-1.126134e+03
8644	-1.146175e+03
8645	-1.117244e+03
8646	-1.130044e+03
8647	-1.137668e+03
8648	-1.134583e+03
8649	-1.124249e+03
8650	-1.120948e+03
8651	-1.104996e+03
8652	-1.119689e+03
8653	-1.146469e+03
8654	-1.141961e+03
8655	-1.140810e+03
8656	-1.115010e+03
8657	-1.131703e+03
8658	-1.122968e+03
8659	-1.135020e+03
8660	-1.159807e+03
8661	-1.128928e+03
8662	-1.117191e+03
8663	-1.125274e+03
8664	-1.134586e+03
8665	-1.130499e+03
8666	-1.148479e+03
8667	-1.128934e+03
8668	-1.134729e+03
8669	-1.127686e+03
8670	-1.134343e+03
8671	-1.113532e+03
8672	-1.118615e+03
8673	-1.150753e+03
8674	-1.131792e+03
8675	-1.130302e+03
8676	-1.130513e+03
8677	-1.132278e+03
8678	-1.119644e+03
8679	-1.121350e+03
8680	-1.134085e+03
8681	-1.127357e+03
8682	-1.131528e+03
8683	-1.105248e+03
8684	-1.114204e+03
8685	-1.122521e+03
8686	-1.128983e+03
8687	-1.129917e+03
8688	-1.125552e+03
8689	-1.152066e+03
8690	-1.123110e+03
8691	-1.143723e+03
8692	-1.121719e+03
8693	-1.139036e+03
8694	-1.115810e+03
8695	-1.132516e+03
8696	-1.130951e+03
8697	-1.120064e+03
8698	-1.138380e+03
8699	-1.122856e+03
8700	-1.118387e+03
8701	-1.131479e+03
8702	-1.137393e+03
8703	-1.136111e+03
8704	-1.127788e+03
8705	-1.136627e+03
8706	-1.142793e+03
8707	-1.118329e+03
8708	-1.120467e+03
8709	-1.144500e+03
8710	-1.111395e+03
8711	-1.133634e+03
8712	-1.138508e+03
8713	-1.122020e+03
8714	-1.121913e+03
8715	-1.145645e+03
8716	-1.134149e+03
8717	-1.122319e+03
8718	-1.126866e+03
8719	-1.134987e+03
8720	-1.125883e+03
8721	-1.120661e+03
8722	-1.151284e+03
8723	-1.132176e+03
8724	-1.131438e+03
8725	-1.141972e+03
8726	-1.130863e+03
8727	-1.123095e+03
8728	-1.149641e+03
8729	-1.146958e+03
8730	-1.123005e+03
8731	-1.129959e+03
8732	-1.137606e+03
8733	-1.114454e+03
8734	-1.142913e+03
8735	-1.135973e+03
8736	-1.118145e+03
8737	-1.128440e+03
8738	-1.121773e+03
8739	-1.125596e+03
8740	-1.111134e+03
8741	-1.152786e+03
8742	-1.123828e+03
8743	-1.118016e+03
8744	-1.146277e+03
8745	-1.137615e+03
8746	-1.129953e+03
8747	-1.135773e+03
8748	-1.136087e+03
8749	-1.144389e+03
8750	-1.137336e+03
8751	-1.138653e+03
8752	-1.121267e+03
8753	-1.133912e+03
8754	-1.124648e+03
8755	-1.133121e+03
8756	-1.145540e+03
8757	-1.124143e+03
8758	-1.128782e+03
8759	-1.151486e+03
8760	-1.124417e+03
8761	-1.112468e+03
8762	-1.107628e+03
8763	-1.147944e+03
8764	-1.120123e+03
8765	-1.139196e+03
8766	-1.136453e+03
8767	-1.137388e+03
8768	-1.126955e+03
8769	-1.122917e+03
8770	-1.141296e+03
8771	-1.120972e+03
8772	-1.124121e+03
8773	-1.137835e+03
8774	-1.133582e+03
8775	-1.106145e+03
8776	-1.139382e+03
8777	-1.121654e+03
8778	-1.130729e+03
8779	-1.135229e+03
8780	-1.102698e+03
8781	-1.145490e+03
8782	-1.125787e+03
8783	-1.144945e+03
8784	-1.126815e+03
8785	-1.136186e+03
8786	-1.119141e+03
8787	-1.150785e+03
8788	-1.112476e+03
8789	-1.114702e+03
8790	-1.142909e+03
8791	-1.127531e+03
8792	-1.128705e+03
8793	-1.132014e+03
8794	-1.123992e+03
8795	-1.129564e+03
8796	-1.136579e+03
8797	-1.142834e+03
8798	-1.118063e+03
8799	-1.119960e+03
8800	-1.133695e+03
8801	-1.131758e+03
8802	-1.117819e+03
8803	-1.130378e+03
8804	-1.119602e+03
8805	-1.129067e+03
8806	-1.124694e+03
8807	-1.137589e+03
8808	-1.124921e+03
8809	-1.117822e+03
8810	-1.119052e+03
8811	-1.122464e+03
8812	-1.124789e+03
8813	-1.119721e+03
8814	-1.119742e+03
8815	-1.135282e+03
8816	-1.124087e+03
8817	-1.120026e+03
8818	-1.105603e+03
8819	-1.104275e+03
8820	-1.145559e+03
8821	-1.128433e+03
8822	-1.143481e+03
8823	-1.129764e+03
8824	-1.140551e+03
8825	-1.121477e+03
8826	-1.124718e+03
8827	-1.133317e+03
8828	-1.132218e+03
8829	-1.132950e+03
8830	-1.131501e+03
8831	-1.129042e+03
8832	-1.131171e+03
8833	-1.119669e+03
8834	-1.125849e+03
8835	-1.138965e+03
8836	-1.139411e+03
8837	-1.104617e+03
8838	-1.118672e+03
8839	-1.113100e+03
8840	-1.119847e+03
8841	-1.115576e+03
8842	-1.127685e+03
8843	-1.129804e+03
8844	-1.146718e+03
8845	-1.119614e+03
8846	-1.139390e+03
8847	-1.116074e+03
8848	-1.132866e+03
8849	-1.136272e+03
8850	-1.127859e+03
8851	-1.125734e+03
8852	-1.111853e+03
8853	-1.136133e+03
8854	-1.130133e+03
8855	-1.131824e+03
8856	-1.122777e+03
8857	-1.117347e+03
8858	-1.134973e+03
8859	-1.133201e+03
8860	-1.129341e+03
8861	-1.126707e+03
8862	-1.132317e+03
8863	-1.124197e+03
8864	-1.141244e+03
8865	-1.136569e+03
8866	-1.147989e+03
8867	-1.130339e+03
8868	-1.114016e+03
8869	-1.146755e+03
8870	-1.125833e+03
8871	-1.111547e+03
8872	-1.114734e+03
8873	-1.128977e+03
8874	-1.114086e+03
8875	-1.134274e+03
8876	-1.127233e+03
8877	-1.132069e+03
8878	-1.129802e+03
8879	-1.112687e+03
8880	-1.139460e+03
8881	-1.110302e+03
8882	-1.126239e+03
8883	-1.125122e+03
8884	-1.134872e+03
8885	-1.140941e+03
8886	-1.138340e+03
8887	-1.123770e+03
8888	-1.114369e+03
8889	-1.140820e+03
8890	-1.122343e+03
8891	-1.119550e+03
8892	-1.134308e+03
8893	-1.130971e+03
8894	-1.128206e+03
8895	-1.137567e+03
8896	-1.130556e+03
8897	-1.143260e+03
8898	-1.132178e+03
8899	-1.128922e+03
8900	-1.138896e+03
8901	-1.112349e+03
8902	-1.118651e+03
8903	-1.119611e+03
8904	-1.129413e+03
8905	-1.126275e+03
8906	-1.126591e+03
8907	-1.108905e+03
8908	-1.134624e+03
8909	-1.124141e+03
8910	-1.111473e+03
8911	-1.132946e+03
8912	-1.132381e+03
8913	-1.149033e+03
8914	-1.126737e+03
8915	-1.135181e+03
8916	-1.121815e+03
8917	-1.138505e+03
8918	-1.130432e+03
8919	-1.132457e+03
8920	-1.139534e+03
8921	-1.138782e+03
8922	-1.136878e+03
8923	-1.122771e+03
8924	-1.122629e+03
8925	-1.114846e+03
8926	-1.138411e+03
8927	-1.121543e+03
8928	-1.118066e+03
8929	-1.129400e+03
8930	-1.135096e+03
8931	-1.125049e+03
8932	-1.130033e+03
8933	-1.133392e+03
8934	-1.109650e+03
8935	-1.119001e+03
8936	-1.139290e+03
8937	-1.141015e+03
8938	-1.132691e+03
8939	-1.131661e+03
8940	-1.148412e+03
8941	-1.139930e+03
8942	-1.120771e+03
8943	-1.133597e+03
8944	-1.120447e+03
8945	-1.136500e+03
8946	-1.130585e+03
8947	-1.126517e+03
8948	-1.128714e+03
8949	-1.122895e+03
8950	-1.131509e+03
8951	-1.114944e+03
8952	-1.122640e+03
8953	-1.127120e+03
8954	-1.128371e+03
8955	-1.123260e+03
8956	-1.139203e+03
8957	-1.143705e+03
8958	-1.129815e+03
8959	-1.125866e+03
8960	-1.110732e+03
8961	-1.133149e+03
8962	-1.147685e+03
8963	-1.132796e+03
8964	-1.111574e+03
8965	-1.125453e+03
8966	-1.122440e+03
8967	-1.140958e+03
8968	-1.139949e+03
8969	-1.137698e+03
8970	-1.128446e+03
8971	-1.124809e+03
8972	-1.117255e+03
8973	-1.144632e+03
8974	-1.125221e+03
8975	-1.141554e+03
8976	-1.127973e+03
8977	-1.127455e+03
8978	-1.135563e+03
8979	-1.122680e+03
8980	-1.134178e+03
8981	-1.137872e+03
8982	-1.128105e+03
8983	-1.121014e+03
8984	-1.141686e+03
8985	-1.129132e+03
8986	-1.150415e+03
8987	-1.146765e+03
8988	-1.147064e+03
8989	-1.124268e+03
8990	-1.141165e+03
8991	-1.116481e+03
8992	-1.139048e+03
8993	-1.136219e+03
8994	-1.132865e+03
8995	-1.114202e+03
8996	-1.146211e+03
8997	-1.118305e+03
8998	-1.137065e+03
8999	-1.125668e+03
9000	-1.135393e+03
9001	-1.130290e+03
9002	-1.131493e+03
9003	-1.134246e+03
9004	-1.143214e+03
9005	-1.126610e+03
9006	-1.125330e+03
9007	-1.132554e+03
9008	-1.127592e+03
9009	-1.139278e+03
9010	-1.126905e+03
9011	-1.120783e+03
9012	-1.113945e+03
9013	-1.149918e+03
9014	-1.120207e+03
9015	-1.133621e+03
9016	-1.138553e+03
9017	-1.126909e+03
9018	-1.126251e+03
9019	-1.121627e+03
9020	-1.145476e+03
9021	-1.136102e+03
9022	-1.138973e+03
9023	-1.141395e+03
9024	-1.142098e+03
9025	-1.122622e+03
9026	-1.126577e+03
9027	-1.116896e+03
9028	-1.116894e+03
9029	-1.131850e+03
9030	-1.139857e+03
9031	-1.117845e+03
9032	-1.132936e+03
9033	-1.136259e+03
9034	-1.133263e+03
9035	-1.121883e+03
9036	-1.112951e+03
9037	-1.135183e+03
9038	-1.133724e+03
9039	-1.117068e+03
9040	-1.119674e+03
9041	-1.123353e+03
9042	-1.104745e+03
9043	-1.127628e+03
9044	-1.117225e+03
9045	-1.134129e+03
9046	-1.129403e+03
9047	-1.119869e+03
9048	-1.128837e+03
9049	-1.120581e+03
9050	-1.135859e+03
9051	-1.121328e+03
9052	-1.106414e+03
9053	-1.132877e+03
9054	-1.101756e+03
9055	-1.114510e+03
9056	-1.132460e+03
9057	-1.126171e+03
9058	-1.123093e+03
9059	-1.121834e+03
9060	-1.091800e+03
9061	-1.141603e+03
9062	-1.126533e+03
9063	-1.133189e+03
9064	-1.126484e+03
9065	-1.138682e+03
9066	-1.126347e+03
9067	-1.137509e+03
9068	-1.134081e+03
9069	-1.129088e+03
9070	-1.127012e+03
9071	-1.144618e+03
9072	-1.122687e+03
9073	-1.108408e+03
9074	-1.116036e+03
9075	-1.108118e+03
9076	-1.131463e+03
9077	-1.121007e+03
9078	-1.124606e+03
9079	-1.121092e+03
9080	-1.138055e+03
9081	-1.139366e+03
9082	-1.125825e+03
9083	-1.126069e+03
9084	-1.140683e+03
9085	-1.130775e+03
9086	-1.130087e+03
9087	-1.117522e+03
9088	-1.132166e+03
9089	-1.129571e+03
9090	-1.123909e+03
9091	-1.121694e+03
9092	-1.126850e+03
9093	-1.136912e+03
9094	-1.131680e+03
9095	-1.138399e+03
9096	-1.123520e+03
9097	-1.126582e+03
9098	-1.138421e+03
9099	-1.129947e+03
9100	-1.133923e+03
9101	-1.125103e+03
9102	-1.137624e+03
9103	-1.117236e+03
9104	-1.131768e+03
9105	-1.122619e+03
9106	-1.146739e+03
9107	-1.134921e+03
9108	-1.125929e+03
9109	-1.115022e+03
9110	-1.129106e+03
9111	-1.109905e+03
9112	-1.112833e+03
9113	-1.133569e+03
9114	-1.135161e+03
9115	-1.133416e+03
9116	-1.128899e+03
9117	-1.122032e+03
9118	-1.128882e+03
9119	-1.128998e+03
9120	-1.111558e+03
9121	-1.132591e+03
9122	-1.145712e+03
9123	-1.124756e+03
9124	-1.137751e+03
9125	-1.124036e+03
9126	-1.132038e+03
9127	-1.125027e+03
9128	-1.127511e+03
9129	-1.118594e+03
9130	-1.129718e+03
9131	-1.126842e+03
9132	-1.120900e+03
9133	-1.122721e+03
9134	-1.119312e+03
9135	-1.111773e+03
9136	-1.130787e+03
9137	-1.155530e+03
9138	-1.146744e+03
9139	-1.156448e+03
9140	-1.126960e+03
9141	-1.118669e+03
9142	-1.111020e+03
9143	-1.120587e+03
9144	-1.149653e+03
9145	-1.134944e+03
9146	-1.124132e+03
9147	-1.118655e+03
9148	-1.140594e+03
9149	-1.105187e+03
9150	-1.130951e+03
9151	-1.152406e+03
9152	-1.110317e+03
9153	-1.153243e+03
9154	-1.146521e+03
9155	-1.131049e+03
9156	-1.137279e+03
9157	-1.139616e+03
9158	-1.120834e+03
9159	-1.130050e+03
9160	-1.126911e+03
9161	-1.145866e+03
9162	-1.136752e+03
9163	-1.126887e+03
9164	-1.110956e+03
9165	-1.124803e+03
9166	-1.143431e+03
9167	-1.123167e+03
9168	-1.127858e+03
9169	-1.136743e+03
9170	-1.127645e+03
9171	-1.125855e+03
9172	-1.127267e+03
9173	-1.127390e+03
9174	-1.124909e+03
9175	-1.140951e+03
9176	-1.131675e+03
9177	-1.133500e+03
9178	-1.148598e+03
9179	-1.132298e+03
9180	-1.128221e+03
9181	-1.135772e+03
9182	-1.125361e+03
9183	-1.108938e+03
9184	-1.133445e+03
9185	-1.119887e+03
9186	-1.112631e+03
9187	-1.122803e+03
9188	-1.137685e+03
9189	-1.131932e+03
9190	-1.108903e+03
9191	-1.132914e+03
9192	-1.146390e+03
9193	-1.113985e+03
9194	-1.135121e+03
9195	-1.123145e+03
9196	-1.143638e+03
9197	-1.120727e+03
9198	-1.117587e+03
9199	-1.125779e+03
9200	-1.130466e+03
9201	-1.107438e+03
9202	-1.123724e+03
9203	-1.118169e+03
9204	-1.121381e+03
9205	-1.143084e+03
9206	-1.112623e+03
9207	-1.113409e+03
9208	-1.126877e+03
9209	-1.101210e+03
9210	-1.125169e+03
9211	-1.120001e+03
9212	-1.137479e+03
9213	-1.123159e+03
9214	-1.108861e+03
9215	-1.131406e+03
9216	-1.113429e+03
9217	-1.134974e+03
9218	-1.141557e+03
9219	-1.135855e+03
9220	-1.133592e+03
9221	-1.092190e+03
9222	-1.134442e+03
9223	-1.124115e+03
9224	-1.126575e+03
9225	-1.128228e+03
9226	-1.145774e+03
9227	-1.137117e+03
9228	-1.119877e+03
9229	-1.120392e+03
9230	-1.119467e+03
9231	-1.131878e+03
9232	-1.137635e+03
9233	-1.123642e+03
9234	-1.128817e+03
9235	-1.132948e+03
9236	-1.113452e+03
9237	-1.146535e+03
9238	-1.125708e+03
9239	-1.143108e+03
9240	-1.136712e+03
9241	-1.146334e+03
9242	-1.140019e+03
9243	-1.141511e+03
9244	-1.141943e+03
9245	-1.151130e+03
9246	-1.129198e+03
9247	-1.145526e+03
9248	-1.123821e+03
9249	-1.147364e+03
9250	-1.144411e+03
9251	-1.112242e+03
9252	-1.121289e+03
9253	-1.150080e+03
9254	-1.123727e+03
9255	-1.137311e+03
9256	-1.130081e+03
9257	-1.124117e+03
9258	-1.121515e+03
9259	-1.152032e+03
9260	-1.120892e+03
9261	-1.130610e+03
9262	-1.129263e+03
9263	-1.121771e+03
9264	-1.104367e+03
9265	-1.117385e+03
9266	-1.127122e+03
9267	-1.126841e+03
9268	-1.132667e+03
9269	-1.131237e+03
9270	-1.122905e+03
9271	-1.132740e+03
9272	-1.131384e+03
9273	-1.133077e+03
9274	-1.104718e+03
9275	-1.121024e+03
9276	-1.111321e+03
9277	-1.112224e+03
9278	-1.126047e+03
9279	-1.116587e+03
9280	-1.129446e+03
9281	-1.125473e+03
9282	-1.124791e+03
9283	-1.122000e+03
9284	-1.117933e+03
9285	-1.126552e+03
9286	-1.135992e+03
9287	-1.132256e+03
9288	-1.142474e+03
9289	-1.123625e+03
9290	-1.142977e+03
9291	-1.140425e+03
9292	-1.112175e+03
9293	-1.132633e+03
9294	-1.114674e+03
9295	-1.128518e+03
9296	-1.144263e+03
9297	-1.130700e+03
9298	-1.133632e+03
9299	-1.118651e+03
9300	-1.121824e+03
9301	-1.135119e+03
9302	-1.134032e+03
9303	-1.155211e+03
9304	-1.125727e+03
9305	-1.108309e+03
9306	-1.136214e+03
9307	-1.132311e+03
9308	-1.125699e+03
9309	-1.131952e+03
9310	-1.137014e+03
9311	-1.136597e+03
9312	-1.114609e+03
9313	-1.133125e+03
9314	-1.130316e+03
9315	-1.099860e+03
9316	-1.101134e+03
9317	-1.119592e+03
9318	-1.137162e+03
9319	-1.152374e+03
9320	-1.122246e+03
9321	-1.147894e+03
9322	-1.139068e+03
9323	-1.122265e+03
9324	-1.126459e+03
9325	-1.127583e+03
9326	-1.127987e+03
9327	-1.109190e+03
9328	-1.115637e+03
9329	-1.135467e+03
9330	-1.136918e+03
9331	-1.137563e+03
9332	-1.132666e+03
9333	-1.120556e+03
9334	-1.112970e+03
9335	-1.133883e+03
9336	-1.124668e+03
9337	-1.141812e+03
9338	-1.125705e+03
9339	-1.130842e+03
9340	-1.136606e+03
9341	-1.125295e+03
9342	-1.133077e+03
9343	-1.117011e+03
9344	-1.128648e+03
9345	-1.121374e+03
9346	-1.118025e+03
9347	-1.110754e+03
9348	-1.115920e+03
9349	-1.142401e+03
9350	-1.138535e+03
9351	-1.129617e+03
9352	-1.117871e+03
9353	-1.126722e+03
9354	-1.127173e+03
9355	-1.132912e+03
9356	-1.112196e+03
9357	-1.123449e+03
9358	-1.111827e+03
9359	-1.131481e+03
9360	-1.137639e+03
9361	-1.139476e+03
9362	-1.124514e+03
9363	-1.134869e+03
9364	-1.138552e+03
9365	-1.131073e+03
9366	-1.128279e+03
9367	-1.122434e+03
9368	-1.144953e+03
9369	-1.125014e+03
9370	-1.132768e+03
9371	-1.126900e+03
9372	-1.145209e+03
9373	-1.123887e+03
9374	-1.141869e+03
9375	-1.150196e+03
9376	-1.112414e+03
9377	-1.110998e+03
9378	-1.143113e+03
9379	-1.128220e+03
9380	-1.107905e+03
9381	-1.122888e+03
9382	-1.143624e+03
9383	-1.138303e+03
9384	-1.125777e+03
9385	-1.121846e+03
9386	-1.137831e+03
9387	-1.141956e+03
9388	-1.130976e+03
9389	-1.130724e+03
9390	-1.118097e+03
9391	-1.122750e+03
9392	-1.125982e+03
9393	-1.128267e+03
9394	-1.134886e+03
9395	-1.129601e+03
9396	-1.130804e+03
9397	-1.123311e+03
9398	-1.118658e+03
9399	-1.135606e+03
9400	-1.123397e+03
9401	-1.117440e+03
9402	-1.132281e+03
9403	-1.116321e+03
9404	-1.145247e+03
9405	-1.127237e+03
9406	-1.138815e+03
9407	-1.118871e+03
9408	-1.139666e+03
9409	-1.123243e+03
9410	-1.127936e+03
9411	-1.140823e+03
9412	-1.117544e+03
9413	-1.128658e+03
9414	-1.128313e+03
9415	-1.113843e+03
9416	-1.122572e+03
9417	-1.154847e+03
9418	-1.128775e+03
9419	-1.142602e+03
9420	-1.140040e+03
9421	-1.123550e+03
9422	-1.129003e+03
9423	-1.114882e+03
9424	-1.129050e+03
9425	-1.131794e+03
9426	-1.144263e+03
9427	-1.136171e+03
9428	-1.136764e+03
9429	-1.121605e+03
9430	-1.131882e+03
9431	-1.137636e+03
9432	-1.126909e+03
9433	-1.139500e+03
9434	-1.122536e+03
9435	-1.120533e+03
9436	-1.133176e+03
9437	-1.115179e+03
9438	-1.142590e+03
9439	-1.109994e+03
9440	-1.138408e+03
9441	-1.136017e+03
9442	-1.124353e+03
9443	-1.136132e+03
9444	-1.131742e+03
9445	-1.135942e+03
9446	-1.141432e+03
9447	-1.124653e+03
9448	-1.125184e+03
9449	-1.131150e+03
9450	-1.135202e+03
9451	-1.128214e+03
9452	-1.121225e+03
9453	-1.134952e+03
9454	-1.107103e+03
9455	-1.110058e+03
9456	-1.138229e+03
9457	-1.139493e+03
9458	-1.142063e+03
9459	-1.115120e+03
9460	-1.124906e+03
9461	-1.106517e+03
9462	-1.127098e+03
9463	-1.139977e+03
9464	-1.139170e+03
9465	-1.120391e+03
9466	-1.119379e+03
9467	-1.123746e+03
9468	-1.130316e+03
9469	-1.125935e+03
9470	-1.125443e+03
9471	-1.150333e+03
9472	-1.122771e+03
9473	-1.133832e+03
9474	-1.153506e+03
9475	-1.123859e+03
9476	-1.125960e+03
9477	-1.137686e+03
9478	-1.127773e+03
9479	-1.133071e+03
9480	-1.111685e+03
9481	-1.130531e+03
9482	-1.139351e+03
9483	-1.117063e+03
9484	-1.120315e+03
9485	-1.118310e+03
9486	-1.137227e+03
9487	-1.127554e+03
9488	-1.110797e+03
9489	-1.131692e+03
9490	-1.117757e+03
9491	-1.134300e+03
9492	-1.138926e+03
9493	-1.122109e+03
9494	-1.105559e+03
9495	-1.133218e+03
9496	-1.113683e+03
9497	-1.145495e+03
9498	-1.129184e+03
9499	-1.116243e+03
9500	-1.134836e+03
9501	-1.146122e+03
9502	-1.114458e+03
9503	-1.132280e+03
9504	-1.150880e+03
9505	-1.115363e+03
9506	-1.119739e+03
9507	-1.117028e+03
9508	-1.128687e+03
9509	-1.134671e+03
9510	-1.122195e+03
9511	-1.122165e+03
9512	-1.144011e+03
9513	-1.141780e+03
9514	-1.141917e+03
9515	-1.118403e+03
9516	-1.112849e+03
9517	-1.151555e+03
9518	-1.123821e+03
9519	-1.116452e+03
9520	-1.116168e+03
9521	-1.130898e+03
9522	-1.125135e+03
9523	-1.105424e+03
9524	-1.147719e+03
9525	-1.145628e+03
9526	-1.131442e+03
9527	-1.159270e+03
9528	-1.137424e+03
9529	-1.122143e+03
9530	-1.149095e+03
9531	-1.147094e+03
9532	-1.126292e+03
9533	-1.136696e+03
9534	-1.126349e+03
9535	-1.130738e+03
9536	-1.143395e+03
9537	-1.110813e+03
9538	-1.123948e+03
9539	-1.104848e+03
9540	-1.109115e+03
9541	-1.108925e+03
9542	-1.130193e+03
9543	-1.127761e+03
9544	-1.119933e+03
9545	-1.136083e+03
9546	-1.120130e+03
9547	-1.098342e+03
9548	-1.126826e+03
9549	-1.134017e+03
9550	-1.103435e+03
9551	-1.116193e+03
9552	-1.135251e+03
9553	-1.139180e+03
9554	-1.131464e+03
9555	-1.139031e+03
9556	-1.107818e+03
9557	-1.123734e+03
9558	-1.128734e+03
9559	-1.128106e+03
9560	-1.140114e+03
9561	-1.123040e+03
9562	-1.122401e+03
9563	-1.127888e+03
9564	-1.122584e+03
9565	-1.130631e+03
9566	-1.121032e+03
9567	-1.116559e+03
9568	-1.122668e+03
9569	-1.139503e+03
9570	-1.118900e+03
9571	-1.138027e+03
9572	-1.106982e+03
9573	-1.120147e+03
9574	-1.145128e+03
9575	-1.131367e+03
9576	-1.134161e+03
9577	-1.133032e+03
9578	-1.125835e+03
9579	-1.140001e+03
9580	-1.145672e+03
9581	-1.131667e+03
9582	-1.132022e+03
9583	-1.133045e+03
9584	-1.152374e+03
9585	-1.138175e+03
9586	-1.122382e+03
9587	-1.136633e+03
9588	-1.128366e+03
9589	-1.135683e+03
9590	-1.120144e+03
9591	-1.115823e+03
9592	-1.123122e+03
9593	-1.123662e+03
9594	-1.122880e+03
9595	-1.140195e+03
9596	-1.148332e+03
9597	-1.140902e+03
9598	-1.118125e+03
9599	-1.151039e+03
9600	-1.130098e+03
9601	-1.122256e+03
9602	-1.136958e+03
9603	-1.114313e+03
9604	-1.135009e+03
9605	-1.143756e+03
9606	-1.135782e+03
9607	-1.125131e+03
9608	-1.148307e+03
9609	-1.126373e+03
9610	-1.112146e+03
9611	-1.124748e+03
9612	-1.145962e+03
9613	-1.136559e+03
9614	-1.124655e+03
9615	-1.109350e+03
9616	-1.133876e+03
9617	-1.132622e+03
9618	-1.130441e+03
9619	-1.118682e+03
9620	-1.123503e+03
9621	-1.123989e+03
9622	-1.128243e+03
9623	-1.130957e+03
9624	-1.125203e+03
9625	-1.114981e+03
9626	-1.154375e+03
9627	-1.132618e+03
9628	-1.109346e+03
9629	-1.134979e+03
9630	-1.102424e+03
9631	-1.141897e+03
9632	-1.128109e+03
9633	-1.133732e+03
9634	-1.115946e+03
9635	-1.128679e+03
9636	-1.125198e+03
9637	-1.141034e+03
9638	-1.126691e+03
9639	-1.149828e+03
9640	-1.135370e+03
9641	-1.129689e+03
9642	-1.129219e+03
9643	-1.151887e+03
9644	-1.129224e+03
9645	-1.116344e+03
9646	-1.135248e+03
9647	-1.137763e+03
9648	-1.123663e+03
9649	-1.126141e+03
9650	-1.125260e+03
9651	-1.134359e+03
9652	-1.122926e+03
9653	-1.145941e+03
9654	-1.120148e+03
9655	-1.114496e+03
9656	-1.138042e+03
9657	-1.133945e+03
9658	-1.147346e+03
9659	-1.110336e+03
9660	-1.128288e+03
9661	-1.113381e+03
9662	-1.129043e+03
9663	-1.148986e+03
9664	-1.136514e+03
9665	-1.117188e+03
9666	-1.117921e+03
9667	-1.158913e+03
9668	-1.114775e+03
9669	-1.110971e+03
9670	-1.125812e+03
9671	-1.138056e+03
9672	-1.113650e+03
9673	-1.139692e+03
9674	-1.133698e+03
9675	-1.132853e+03
9676	-1.138011e+03
9677	-1.133735e+03
9678	-1.135127e+03
9679	-1.132531e+03
9680	-1.126638e+03
9681	-1.139248e+03
9682	-1.117558e+03
9683	-1.127468e+03
9684	-1.127284e+03
9685	-1.124539e+03
9686	-1.137857e+03
9687	-1.113304e+03
9688	-1.120231e+03
9689	-1.134569e+03
9690	-1.129064e+03
9691	-1.146423e+03
9692	-1.110934e+03
9693	-1.101751e+03
9694	-1.144730e+03
9695	-1.147660e+03
9696	-1.118676e+03
9697	-1.121723e+03
9698	-1.116177e+03
9699	-1.121732e+03
9700	-1.127537e+03
9701	-1.128368e+03
9702	-1.124959e+03
9703	-1.128021e+03
9704	-1.117503e+03
9705	-1.120435e+03
9706	-1.131002e+03
9707	-1.115400e+03
9708	-1.139350e+03
9709	-1.121738e+03
9710	-1.116194e+03
9711	-1.151887e+03
9712	-1.126571e+03
9713	-1.140508e+03
9714	-1.138853e+03
9715	-1.117689e+03
9716	-1.123014e+03
9717	-1.124615e+03
9718	-1.135159e+03
9719	-1.145508e+03
9720	-1.121361e+03
9721	-1.141004e+03
9722	-1.121869e+03
9723	-1.132669e+03
9724	-1.138568e+03
9725	-1.125394e+03
9726	-1.133554e+03
9727	-1.131634e+03
9728	-1.143124e+03
9729	-1.103604e+03
9730	-1.148372e+03
9731	-1.144724e+03
9732	-1.129785e+03
9733	-1.119814e+03
9734	-1.129391e+03
9735	-1.130089e+03
9736	-1.165115e+03
9737	-1.126931e+03
9738	-1.117952e+03
9739	-1.132783e+03
9740	-1.134535e+03
9741	-1.119607e+03
9742	-1.137252e+03
9743	-1.144965e+03
9744	-1.141520e+03
9745	-1.132614e+03
9746	-1.117809e+03
9747	-1.116167e+03
9748	-1.149420e+03
9749	-1.126915e+03
9750	-1.128595e+03
9751	-1.137937e+03
9752	-1.131453e+03
9753	-1.124340e+03
9754	-1.131916e+03
9755	-1.130761e+03
9756	-1.130193e+03
9757	-1.123243e+03
9758	-1.132905e+03
9759	-1.122394e+03
9760	-1.136239e+03
9761	-1.125592e+03
9762	-1.137157e+03
9763	-1.126571e+03
9764	-1.131940e+03
9765	-1.154324e+03
9766	-1.138176e+03
9767	-1.134719e+03
9768	-1.130851e+03
9769	-1.141509e+03
9770	-1.145794e+03
9771	-1.122644e+03
9772	-1.118345e+03
9773	-1.124881e+03
9774	-1.132651e+03
9775	-1.123723e+03
9776	-1.140217e+03
9777	-1.121118e+03
9778	-1.091423e+03
9779	-1.127642e+03
9780	-1.125335e+03
9781	-1.148636e+03
9782	-1.112638e+03
9783	-1.124803e+03
9784	-1.124528e+03
9785	-1.144494e+03
9786	-1.111527e+03
9787	-1.155826e+03
9788	-1.128318e+03
9789	-1.132624e+03
9790	-1.135794e+03
9791	-1.140535e+03
9792	-1.139764e+03
9793	-1.141288e+03
9794	-1.119294e+03
9795	-1.115851e+03
9796	-1.134755e+03
9797	-1.131852e+03
9798	-1.146449e+03
9799	-1.101422e+03
9800	-1.133054e+03
9801	-1.135584e+03
9802	-1.137560e+03
9803	-1.148442e+03
9804	-1.133446e+03
9805	-1.145883e+03
9806	-1.130309e+03
9807	-1.137115e+03
9808	-1.127879e+03
9809	-1.107491e+03
9810	-1.119601e+03
9811	-1.121276e+03
9812	-1.149590e+03
9813	-1.117182e+03
9814	-1.123793e+03
9815	-1.134308e+03
9816	-1.136524e+03
9817	-1.143514e+03
9818	-1.133093e+03
9819	-1.136178e+03
9820	-1.120635e+03
9821	-1.122045e+03
9822	-1.135180e+03
9823	-1.126478e+03
9824	-1.106551e+03
9825	-1.128928e+03
9826	-1.128526e+03
9827	-1.134716e+03
9828	-1.140866e+03
9829	-1.120316e+03
9830	-1.115924e+03
9831	-1.120633e+03
9832	-1.125694e+03
9833	-1.133389e+03
9834	-1.139197e+03
9835	-1.146540e+03
9836	-1.120717e+03
9837	-1.109016e+03
9838	-1.133733e+03
9839	-1.106643e+03
9840	-1.128477e+03
9841	-1.137371e+03
9842	-1.117436e+03
9843	-1.124472e+03
9844	-1.131518e+03
9845	-1.139069e+03
9846	-1.118506e+03
9847	-1.119464e+03
9848	-1.115408e+03
9849	-1.124674e+03
9850	-1.117082e+03
9851	-1.115909e+03
9852	-1.124082e+03
9853	-1.138192e+03
9854	-1.119651e+03
9855	-1.138253e+03
9856	-1.137036e+03
9857	-1.140382e+03
9858	-1.154689e+03
9859	-1.134317e+03
9860	-1.141500e+03
9861	-1.128180e+03
9862	-1.124996e+03
9863	-1.135479e+03
9864	-1.130632e+03
9865	-1.118252e+03
9866	-1.134482e+03
9867	-1.132200e+03
9868	-1.128680e+03
9869	-1.134454e+03
9870	-1.118618e+03
9871	-1.124528e+03
9872	-1.137553e+03
9873	-1.124870e+03
9874	-1.131027e+03
9875	-1.141126e+03
9876	-1.129430e+03
9877	-1.129821e+03
9878	-1.132976e+03
9879	-1.143502e+03
9880	-1.129230e+03
9881	-1.119337e+03
9882	-1.142248e+03
9883	-1.129173e+03
9884	-1.162583e+03
9885	-1.141299e+03
9886	-1.125236e+03
9887	-1.122754e+03
9888	-1.149561e+03
9889	-1.141799e+03
9890	-1.120485e+03
9891	-1.143699e+03
9892	-1.125582e+03
9893	-1.116299e+03
9894	-1.124302e+03
9895	-1.122404e+03
9896	-1.110221e+03
9897	-1.123673e+03
9898	-1.110808e+03
9899	-1.110718e+03
9900	-1.125046e+03
9901	-1.121520e+03
9902	-1.125466e+03
9903	-1.138449e+03
9904	-1.147771e+03
9905	-1.119802e+03
9906	-1.137571e+03
9907	-1.110065e+03
9908	-1.115564e+03
9909	-1.132187e+03
9910	-1.117161e+03
9911	-1.123308e+03
9912	-1.148903e+03
9913	-1.123727e+03
9914	-1.121616e+03
9915	-1.115051e+03
9916	-1.140340e+03
9917	-1.145847e+03
9918	-1.158464e+03
9919	-1.157865e+03
9920	-1.127455e+03
9921	-1.145042e+03
9922	-1.128128e+03
9923	-1.117332e+03
9924	-1.129628e+03
9925	-1.124406e+03
9926	-1.135208e+03
9927	-1.130416e+03
9928	-1.142507e+03
9929	-1.124021e+03
9930	-1.130017e+03
9931	-1.112973e+03
9932	-1.102541e+03
9933	-1.140736e+03
9934	-1.140498e+03
9935	-1.116671e+03
9936	-1.132688e+03
9937	-1.129567e+03
9938	-1.137681e+03
9939	-1.113519e+03
9940	-1.128393e+03
9941	-1.103139e+03
9942	-1.119962e+03
9943	-1.156530e+03
9944	-1.150853e+03
9945	-1.115475e+03
9946	-1.126213e+03
9947	-1.115491e+03
9948	-1.120258e+03
9949	-1.128187e+03
9950	-1.122320e+03
9951	-1.136452e+03
9952	-1.131566e+03
9953	-1.136729e+03
9954	-1.146956e+03
9955	-1.109342e+03
9956	-1.103656e+03
9957	-1.128612e+03
9958	-1.129325e+03
9959	-1.114168e+03
9960	-1.113990e+03
9961	-1.116789e+03
9962	-1.123859e+03
9963	-1.119739e+03
9964	-1.121655e+03
9965	-1.128880e+03
9966	-1.122474e+03
9967	-1.126432e+03
9968	-1.131456e+03
9969	-1.138309e+03
9970	-1.127178e+03
9971	-1.113795e+03
9972	-1.128759e+03
9973	-1.131630e+03
9974	-1.144380e+03
9975	-1.124372e+03
9976	-1.107006e+03
9977	-1.126723e+03
9978	-1.130840e+03
9979	-1.103444e+03
9980	-1.130402e+03
9981	-1.123869e+03
9982	-1.143489e+03
9983	-1.107394e+03
9984	-1.111540e+03
9985	-1.109712e+03
9986	-1.151321e+03
9987	-1.124318e+03
9988	-1.131263e+03
9989	-1.128571e+03
9990	-1.150659e+03
9991	-1.123680e+03
9992	-1.106535e+03
9993	-1.125663e+03
9994	-1.128070e+03
9995	-1.109945e+03
9996	-1.116889e+03
9997	-1.129287e+03
9998	-1.136005e+03
9999	-1.136074e+03
10000	-1.118245e+03
