iteration	loss
0	0.000000e+00
1	-7.344924e+01
2	-1.438110e+02
3	-2.125439e+02
4	-2.732145e+02
5	-3.362286e+02
6	-3.902740e+02
7	-4.512718e+02
8	-5.005624e+02
9	-5.515468e+02
10	-5.984215e+02
11	-6.399628e+02
12	-6.796409e+02
13	-7.222264e+02
14	-7.578894e+02
15	-7.879810e+02
16	-8.346174e+02
17	-8.544561e+02
18	-8.894927e+02
19	-9.109888e+02
20	-9.245172e+02
21	-9.493844e+02
22	-9.717671e+02
23	-1.001244e+03
24	-1.014155e+03
25	-1.032566e+03
26	-1.024120e+03
27	-1.047909e+03
28	-1.059184e+03
29	-1.062832e+03
30	-1.078547e+03
31	-1.095707e+03
32	-1.115051e+03
33	-1.090182e+03
34	-1.087758e+03
35	-1.112850e+03
36	-1.092990e+03
37	-1.098113e+03
38	-1.124941e+03
39	-1.102865e+03
40	-1.130209e+03
41	-1.114888e+03
42	-1.111651e+03
43	-1.152908e+03
44	-1.115445e+03
45	-1.115969e+03
46	-1.117733e+03
47	-1.121453e+03
48	-1.120460e+03
49	-1.115401e+03
50	-1.148223e+03
51	-1.120027e+03
52	-1.112300e+03
53	-1.113723e+03
54	-1.127153e+03
55	-1.139469e+03
56	-1.133995e+03
57	-1.127830e+03
58	-1.140475e+03
59	-1.124657e+03
60	-1.122877e+03
61	-1.123875e+03
62	-1.140370e+03
63	-1.119998e+03
64	-1.133214e+03
65	-1.119486e+03
66	-1.124994e+03
67	-1.106090e+03
68	-1.125907e+03
69	-1.107305e+03
70	-1.131494e+03
71	-1.132014e+03
72	-1.127011e+03
73	-1.133459e+03
74	-1.130650e+03
75	-1.129258e+03
76	-1.130422e+03
77	-1.127566e+03
78	-1.127802e+03
79	-1.139325e+03
80	-1.144667e+03
81	-1.113939e+03
82	-1.133037e+03
83	-1.122797e+03
84	-1.119484e+03
85	-1.122251e+03
86	-1.121186e+03
87	-1.140225e+03
88	-1.104054e+03
89	-1.135541e+03
90	-1.137108e+03
91	-1.130832e+03
92	-1.132819e+03
93	-1.113964e+03
94	-1.123336e+03
95	-1.131554e+03
96	-1.126055e+03
97	-1.125002e+03
98	-1.137287e+03
99	-1.130876e+03
100	-1.104689e+03
101	-1.120823e+03
102	-1.112837e+03
103	-1.123325e+03
104	-1.133012e+03
105	-1.123374e+03
106	-1.130547e+03
107	-1.160492e+03
108	-1.119966e+03
109	-1.129953e+03
110	-1.143520e+03
111	-1.127707e+03
112	-1.134438e+03
113	-1.138648e+03
114	-1.130980e+03
115	-1.137785e+03
116	-1.130172e+03
117	-1.150025e+03
118	-1.135088e+03
119	-1.136661e+03
120	-1.147600e+03
121	-1.115899e+03
122	-1.138665e+03
123	-1.131168e+03
124	-1.136439e+03
125	-1.138332e+03
126	-1.125223e+03
127	-1.127331e+03
128	-1.137674e+03
129	-1.112759e+03
130	-1.141661e+03
131	-1.156559e+03
132	-1.122302e+03
133	-1.141995e+03
134	-1.124767e+03
135	-1.134775e+03
136	-1.120798e+03
137	-1.117873e+03
138	-1.135058e+03
139	-1.128004e+03
140	-1.127667e+03
141	-1.122685e+03
142	-1.133765e+03
143	-1.111557e+03
144	-1.112707e+03
145	-1.128772e+03
146	-1.127413e+03
147	-1.138589e+03
148	-1.115229e+03
149	-1.135563e+03
150	-1.135944e+03
151	-1.110015e+03
152	-1.143595e+03
153	-1.121515e+03
154	-1.138343e+03
155	-1.137813e+03
156	-1.139671e+03
157	-1.130454e+03
158	-1.130902e+03
159	-1.132531e+03
160	-1.124901e+03
161	-1.140609e+03
162	-1.116456e+03
163	-1.120408e+03
164	-1.131186e+03
165	-1.145630e+03
166	-1.128902e+03
167	-1.132399e+03
168	-1.103479e+03
169	-1.145346e+03
170	-1.134697e+03
171	-1.118689e+03
172	-1.116317e+03
173	-1.127106e+03
174	-1.106163e+03
175	-1.114877e+03
176	-1.134333e+03
177	-1.120649e+03
178	-1.129620e+03
179	-1.149449e+03
180	-1.132222e+03
181	-1.143667e+03
182	-1.129583e+03
183	-1.128567e+03
184	-1.126149e+03
185	-1.133755e+03
186	-1.119086e+03
187	-1.120370e+03
188	-1.126454e+03
189	-1.102624e+03
190	-1.132106e+03
191	-1.121540e+03
192	-1.132130e+03
193	-1.108076e+03
194	-1.132630e+03
195	-1.139012e+03
196	-1.131510e+03
197	-1.129685e+03
198	-1.106336e+03
199	-1.118411e+03
200	-1.116921e+03
201	-1.136847e+03
202	-1.128533e+03
203	-1.137155e+03
204	-1.143962e+03
205	-1.123399e+03
206	-1.107106e+03
207	-1.148148e+03
208	-1.143340e+03
209	-1.131285e+03
210	-1.133158e+03
211	-1.133278e+03
212	-1.143867e+03
213	-1.134645e+03
214	-1.121068e+03
215	-1.135645e+03
216	-1.122475e+03
217	-1.114590e+03
218	-1.123954e+03
219	-1.143434e+03
220	-1.138439e+03
221	-1.118353e+03
222	-1.133135e+03
223	-1.127812e+03
224	-1.115568e+03
225	-1.132729e+03
226	-1.133648e+03
227	-1.098415e+03
228	-1.131315e+03
229	-1.121230e+03
230	-1.123683e+03
231	-1.145037e+03
232	-1.133829e+03
233	-1.151267e+03
234	-1.123715e+03
235	-1.134069e+03
236	-1.127322e+03
237	-1.122341e+03
238	-1.114331e+03
239	-1.134989e+03
240	-1.134271e+03
241	-1.129586e+03
242	-1.108866e+03
243	-1.133040e+03
244	-1.103931e+03
245	-1.108141e+03
246	-1.142656e+03
247	-1.140414e+03
248	-1.120492e+03
249	-1.132279e+03
250	-1.126898e+03
251	-1.125502e+03
252	-1.117753e+03
253	-1.132888e+03
254	-1.137921e+03
255	-1.118486e+03
256	-1.123656e+03
257	-1.128929e+03
258	-1.129983e+03
259	-1.117882e+03
260	-1.145939e+03
261	-1.145131e+03
262	-1.139144e+03
263	-1.111651e+03
264	-1.126513e+03
265	-1.125705e+03
266	-1.138722e+03
267	-1.126509e+03
268	-1.137451e+03
269	-1.143102e+03
270	-1.137685e+03
271	-1.122256e+03
272	-1.137722e+03
273	-1.149306e+03
274	-1.145057e+03
275	-1.118259e+03
276	-1.136207e+03
277	-1.143157e+03
278	-1.137858e+03
279	-1.113412e+03
280	-1.137701e+03
281	-1.144416e+03
282	-1.142300e+03
283	-1.115948e+03
284	-1.127125e+03
285	-1.129153e+03
286	-1.128830e+03
287	-1.131835e+03
288	-1.129521e+03
289	-1.126274e+03
290	-1.106482e+03
291	-1.129398e+03
292	-1.109916e+03
293	-1.119887e+03
294	-1.124895e+03
295	-1.119943e+03
296	-1.118529e+03
297	-1.126980e+03
298	-1.125607e+03
299	-1.141849e+03
300	-1.119243e+03
301	-1.147476e+03
302	-1.131534e+03
303	-1.122811e+03
304	-1.130084e+03
305	-1.143381e+03
306	-1.122634e+03
307	-1.133791e+03
308	-1.128859e+03
309	-1.131865e+03
310	-1.120872e+03
311	-1.129245e+03
312	-1.121570e+03
313	-1.123808e+03
314	-1.135983e+03
315	-1.126184e+03
316	-1.121814e+03
317	-1.124299e+03
318	-1.128620e+03
319	-1.136098e+03
320	-1.117240e+03
321	-1.148760e+03
322	-1.137196e+03
323	-1.133432e+03
324	-1.141652e+03
325	-1.140319e+03
326	-1.123019e+03
327	-1.123220e+03
328	-1.125659e+03
329	-1.113274e+03
330	-1.126304e+03
331	-1.134183e+03
332	-1.150257e+03
333	-1.126810e+03
334	-1.139442e+03
335	-1.121519e+03
336	-1.138630e+03
337	-1.142336e+03
338	-1.128005e+03
339	-1.131147e+03
340	-1.119687e+03
341	-1.130362e+03
342	-1.129747e+03
343	-1.111955e+03
344	-1.138943e+03
345	-1.125937e+03
346	-1.130042e+03
347	-1.122976e+03
348	-1.137438e+03
349	-1.124310e+03
350	-1.129467e+03
351	-1.130145e+03
352	-1.140262e+03
353	-1.135334e+03
354	-1.140209e+03
355	-1.144107e+03
356	-1.125868e+03
357	-1.139270e+03
358	-1.128198e+03
359	-1.124902e+03
360	-1.122493e+03
361	-1.134125e+03
362	-1.126562e+03
363	-1.150326e+03
364	-1.130113e+03
365	-1.118298e+03
366	-1.114673e+03
367	-1.128534e+03
368	-1.129265e+03
369	-1.140080e+03
370	-1.132845e+03
371	-1.140405e+03
372	-1.141220e+03
373	-1.152433e+03
374	-1.163880e+03
375	-1.141068e+03
376	-1.130784e+03
377	-1.140361e+03
378	-1.131792e+03
379	-1.138619e+03
380	-1.126333e+03
381	-1.133561e+03
382	-1.128782e+03
383	-1.125393e+03
384	-1.130925e+03
385	-1.139254e+03
386	-1.139387e+03
387	-1.123647e+03
388	-1.108648e+03
389	-1.143427e+03
390	-1.134959e+03
391	-1.137538e+03
392	-1.125142e+03
393	-1.121093e+03
394	-1.126996e+03
395	-1.130075e+03
396	-1.110129e+03
397	-1.118895e+03
398	-1.115717e+03
399	-1.122163e+03
400	-1.140734e+03
401	-1.130631e+03
402	-1.132682e+03
403	-1.135414e+03
404	-1.130335e+03
405	-1.139746e+03
406	-1.138098e+03
407	-1.113328e+03
408	-1.125322e+03
409	-1.132535e+03
410	-1.134644e+03
411	-1.135058e+03
412	-1.142220e+03
413	-1.125876e+03
414	-1.138904e+03
415	-1.132175e+03
416	-1.107491e+03
417	-1.149868e+03
418	-1.135472e+03
419	-1.114421e+03
420	-1.124475e+03
421	-1.111118e+03
422	-1.132987e+03
423	-1.129960e+03
424	-1.129944e+03
425	-1.124668e+03
426	-1.142585e+03
427	-1.122148e+03
428	-1.134091e+03
429	-1.128892e+03
430	-1.132310e+03
431	-1.125455e+03
432	-1.133770e+03
433	-1.125849e+03
434	-1.126827e+03
435	-1.134308e+03
436	-1.130323e+03
437	-1.125017e+03
438	-1.126131e+03
439	-1.117529e+03
440	-1.132223e+03
441	-1.139899e+03
442	-1.130686e+03
443	-1.133031e+03
444	-1.123929e+03
445	-1.141969e+03
446	-1.139759e+03
447	-1.134022e+03
448	-1.124003e+03
449	-1.116705e+03
450	-1.138563e+03
451	-1.127016e+03
452	-1.143362e+03
453	-1.129614e+03
454	-1.161158e+03
455	-1.125421e+03
456	-1.134991e+03
457	-1.113244e+03
458	-1.124805e+03
459	-1.129548e+03
460	-1.138261e+03
461	-1.122652e+03
462	-1.147867e+03
463	-1.128777e+03
464	-1.122701e+03
465	-1.149869e+03
466	-1.120436e+03
467	-1.126909e+03
468	-1.117686e+03
469	-1.139695e+03
470	-1.144185e+03
471	-1.129028e+03
472	-1.129769e+03
473	-1.118828e+03
474	-1.123315e+03
475	-1.121471e+03
476	-1.145506e+03
477	-1.134240e+03
478	-1.132923e+03
479	-1.139723e+03
480	-1.132257e+03
481	-1.108257e+03
482	-1.118041e+03
483	-1.141943e+03
484	-1.137115e+03
485	-1.116867e+03
486	-1.105418e+03
487	-1.137131e+03
488	-1.135789e+03
489	-1.138101e+03
490	-1.123149e+03
491	-1.122619e+03
492	-1.149885e+03
493	-1.142106e+03
494	-1.145305e+03
495	-1.109106e+03
496	-1.143315e+03
497	-1.130979e+03
498	-1.133202e+03
499	-1.123282e+03
500	-1.111278e+03
501	-1.138036e+03
502	-1.135766e+03
503	-1.123281e+03
504	-1.140020e+03
505	-1.147289e+03
506	-1.117034e+03
507	-1.125237e+03
508	-1.150820e+03
509	-1.133754e+03
510	-1.126940e+03
511	-1.149453e+03
512	-1.132328e+03
513	-1.133660e+03
514	-1.124818e+03
515	-1.111872e+03
516	-1.115704e+03
517	-1.128617e+03
518	-1.119561e+03
519	-1.122129e+03
520	-1.135369e+03
521	-1.141567e+03
522	-1.129842e+03
523	-1.124713e+03
524	-1.107372e+03
525	-1.129478e+03
526	-1.121267e+03
527	-1.141566e+03
528	-1.124664e+03
529	-1.103275e+03
530	-1.118814e+03
531	-1.130572e+03
532	-1.145011e+03
533	-1.115237e+03
534	-1.139005e+03
535	-1.115737e+03
536	-1.107803e+03
537	-1.124942e+03
538	-1.142340e+03
539	-1.117019e+03
540	-1.136900e+03
541	-1.115474e+03
542	-1.128884e+03
543	-1.122007e+03
544	-1.133103e+03
545	-1.129995e+03
546	-1.140161e+03
547	-1.124864e+03
548	-1.131558e+03
549	-1.118596e+03
550	-1.121742e+03
551	-1.128119e+03
552	-1.129061e+03
553	-1.144783e+03
554	-1.108544e+03
555	-1.114114e+03
556	-1.140255e+03
557	-1.133298e+03
558	-1.141723e+03
559	-1.125577e+03
560	-1.118775e+03
561	-1.139250e+03
562	-1.135897e+03
563	-1.123248e+03
564	-1.129857e+03
565	-1.146963e+03
566	-1.148706e+03
567	-1.120731e+03
568	-1.129941e+03
569	-1.115398e+03
570	-1.146268e+03
571	-1.141368e+03
572	-1.101709e+03
573	-1.134776e+03
574	-1.113438e+03
575	-1.128746e+03
576	-1.123660e+03
577	-1.126839e+03
578	-1.116083e+03
579	-1.133598e+03
580	-1.128861e+03
581	-1.147798e+03
582	-1.118963e+03
583	-1.111292e+03
584	-1.115084e+03
585	-1.137297e+03
586	-1.133314e+03
587	-1.119621e+03
588	-1.134670e+03
589	-1.136390e+03
590	-1.138478e+03
591	-1.111728e+03
592	-1.114674e+03
593	-1.134812e+03
594	-1.148279e+03
595	-1.119342e+03
596	-1.126265e+03
597	-1.105299e+03
598	-1.122041e+03
599	-1.117621e+03
600	-1.139631e+03
601	-1.137913e+03
602	-1.118749e+03
603	-1.141388e+03
604	-1.127297e+03
605	-1.140776e+03
606	-1.117847e+03
607	-1.128035e+03
608	-1.125051e+03
609	-1.134860e+03
610	-1.129405e+03
611	-1.132342e+03
612	-1.104156e+03
613	-1.128750e+03
614	-1.123397e+03
615	-1.123263e+03
616	-1.149029e+03
617	-1.136995e+03
618	-1.129542e+03
619	-1.133152e+03
620	-1.114612e+03
621	-1.128806e+03
622	-1.139836e+03
623	-1.133188e+03
624	-1.143355e+03
625	-1.133659e+03
626	-1.134332e+03
627	-1.130391e+03
628	-1.134870e+03
629	-1.126958e+03
630	-1.131901e+03
631	-1.131059e+03
632	-1.140999e+03
633	-1.122661e+03
634	-1.123703e+03
635	-1.133794e+03
636	-1.116723e+03
637	-1.141176e+03
638	-1.112955e+03
639	-1.127465e+03
640	-1.116428e+03
641	-1.138277e+03
642	-1.134296e+03
643	-1.136594e+03
644	-1.133299e+03
645	-1.141011e+03
646	-1.131380e+03
647	-1.123542e+03
648	-1.121732e+03
649	-1.147299e+03
650	-1.122123e+03
651	-1.133648e+03
652	-1.114906e+03
653	-1.131225e+03
654	-1.135917e+03
655	-1.132731e+03
656	-1.124226e+03
657	-1.115972e+03
658	-1.130087e+03
659	-1.115026e+03
660	-1.126073e+03
661	-1.134553e+03
662	-1.133769e+03
663	-1.156432e+03
664	-1.123141e+03
665	-1.122112e+03
666	-1.138088e+03
667	-1.105931e+03
668	-1.140821e+03
669	-1.128234e+03
670	-1.118030e+03
671	-1.127011e+03
672	-1.132347e+03
673	-1.120572e+03
674	-1.134828e+03
675	-1.138904e+03
676	-1.144872e+03
677	-1.122508e+03
678	-1.130130e+03
679	-1.121247e+03
680	-1.120894e+03
681	-1.131822e+03
682	-1.113838e+03
683	-1.128302e+03
684	-1.104920e+03
685	-1.104553e+03
686	-1.112727e+03
687	-1.126003e+03
688	-1.132344e+03
689	-1.134138e+03
690	-1.141345e+03
691	-1.134308e+03
692	-1.114105e+03
693	-1.114503e+03
694	-1.126812e+03
695	-1.141755e+03
696	-1.112094e+03
697	-1.123150e+03
698	-1.161376e+03
699	-1.135510e+03
700	-1.133592e+03
701	-1.136463e+03
702	-1.144880e+03
703	-1.139028e+03
704	-1.134678e+03
705	-1.118969e+03
706	-1.147634e+03
707	-1.141110e+03
708	-1.129999e+03
709	-1.136065e+03
710	-1.120391e+03
711	-1.119263e+03
712	-1.134058e+03
713	-1.124335e+03
714	-1.127219e+03
715	-1.135706e+03
716	-1.137263e+03
717	-1.121340e+03
718	-1.138427e+03
719	-1.130405e+03
720	-1.126881e+03
721	-1.127482e+03
722	-1.131854e+03
723	-1.117927e+03
724	-1.133875e+03
725	-1.145534e+03
726	-1.114795e+03
727	-1.130160e+03
728	-1.140704e+03
729	-1.121868e+03
730	-1.133555e+03
731	-1.125899e+03
732	-1.135649e+03
733	-1.127885e+03
734	-1.131559e+03
735	-1.129403e+03
736	-1.123858e+03
737	-1.126455e+03
738	-1.127770e+03
739	-1.142896e+03
740	-1.125845e+03
741	-1.147162e+03
742	-1.141498e+03
743	-1.122808e+03
744	-1.119576e+03
745	-1.132502e+03
746	-1.109590e+03
747	-1.149173e+03
748	-1.127663e+03
749	-1.116950e+03
750	-1.130648e+03
751	-1.129617e+03
752	-1.139483e+03
753	-1.137851e+03
754	-1.141284e+03
755	-1.133050e+03
756	-1.122801e+03
757	-1.143203e+03
758	-1.126795e+03
759	-1.125524e+03
760	-1.128442e+03
761	-1.107814e+03
762	-1.130889e+03
763	-1.132814e+03
764	-1.118743e+03
765	-1.131542e+03
766	-1.119408e+03
767	-1.122555e+03
768	-1.123715e+03
769	-1.144890e+03
770	-1.129672e+03
771	-1.153487e+03
772	-1.126725e+03
773	-1.129764e+03
774	-1.116024e+03
775	-1.124271e+03
776	-1.131558e+03
777	-1.135501e+03
778	-1.130702e+03
779	-1.131138e+03
780	-1.129944e+03
781	-1.110972e+03
782	-1.141913e+03
783	-1.134078e+03
784	-1.107848e+03
785	-1.127836e+03
786	-1.127971e+03
787	-1.133624e+03
788	-1.110447e+03
789	-1.146588e+03
790	-1.127622e+03
791	-1.126320e+03
792	-1.135911e+03
793	-1.132302e+03
794	-1.102372e+03
795	-1.105860e+03
796	-1.142813e+03
797	-1.148789e+03
798	-1.136571e+03
799	-1.131786e+03
800	-1.105842e+03
801	-1.132217e+03
802	-1.131913e+03
803	-1.122296e+03
804	-1.138966e+03
805	-1.123396e+03
806	-1.106697e+03
807	-1.120019e+03
808	-1.133917e+03
809	-1.116976e+03
810	-1.113077e+03
811	-1.144828e+03
812	-1.133262e+03
813	-1.120548e+03
814	-1.125885e+03
815	-1.144630e+03
816	-1.132312e+03
817	-1.115949e+03
818	-1.124900e+03
819	-1.117095e+03
820	-1.141498e+03
821	-1.121977e+03
822	-1.135335e+03
823	-1.117559e+03
824	-1.131655e+03
825	-1.125748e+03
826	-1.125751e+03
827	-1.108793e+03
828	-1.118391e+03
829	-1.100033e+03
830	-1.122106e+03
831	-1.117326e+03
832	-1.147348e+03
833	-1.144976e+03
834	-1.139933e+03
835	-1.132625e+03
836	-1.103358e+03
837	-1.131713e+03
838	-1.125180e+03
839	-1.139813e+03
840	-1.124191e+03
841	-1.116025e+03
842	-1.111783e+03
843	-1.123144e+03
844	-1.126229e+03
845	-1.114779e+03
846	-1.139567e+03
847	-1.110878e+03
848	-1.113629e+03
849	-1.128980e+03
850	-1.134872e+03
851	-1.125708e+03
852	-1.136136e+03
853	-1.141229e+03
854	-1.139135e+03
855	-1.122283e+03
856	-1.131844e+03
857	-1.129966e+03
858	-1.116447e+03
859	-1.122817e+03
860	-1.141711e+03
861	-1.126974e+03
862	-1.108777e+03
863	-1.119804e+03
864	-1.112450e+03
865	-1.143215e+03
866	-1.143617e+03
867	-1.143216e+03
868	-1.137750e+03
869	-1.130373e+03
870	-1.123600e+03
871	-1.127638e+03
872	-1.142548e+03
873	-1.129609e+03
874	-1.123437e+03
875	-1.138581e+03
876	-1.136834e+03
877	-1.122754e+03
878	-1.122807e+03
879	-1.136687e+03
880	-1.149545e+03
881	-1.117197e+03
882	-1.144170e+03
883	-1.141958e+03
884	-1.114490e+03
885	-1.117311e+03
886	-1.130366e+03
887	-1.125056e+03
888	-1.140015e+03
889	-1.115014e+03
890	-1.126603e+03
891	-1.146311e+03
892	-1.123833e+03
893	-1.138566e+03
894	-1.128570e+03
895	-1.140249e+03
896	-1.135879e+03
897	-1.130933e+03
898	-1.112899e+03
899	-1.147170e+03
900	-1.122364e+03
901	-1.112998e+03
902	-1.140540e+03
903	-1.121419e+03
904	-1.133524e+03
905	-1.140428e+03
906	-1.121148e+03
907	-1.142783e+03
908	-1.129070e+03
909	-1.123218e+03
910	-1.121152e+03
911	-1.137235e+03
912	-1.126773e+03
913	-1.133967e+03
914	-1.123492e+03
915	-1.123702e+03
916	-1.155805e+03
917	-1.124450e+03
918	-1.126195e+03
919	-1.120388e+03
920	-1.132636e+03
921	-1.124619e+03
922	-1.126364e+03
923	-1.123981e+03
924	-1.126394e+03
925	-1.140156e+03
926	-1.144003e+03
927	-1.121661e+03
928	-1.148554e+03
929	-1.109678e+03
930	-1.149954e+03
931	-1.120643e+03
932	-1.140805e+03
933	-1.135504e+03
934	-1.134270e+03
935	-1.158746e+03
936	-1.141034e+03
937	-1.127068e+03
938	-1.143720e+03
939	-1.117280e+03
940	-1.142157e+03
941	-1.135370e+03
942	-1.120682e+03
943	-1.118704e+03
944	-1.147935e+03
945	-1.132209e+03
946	-1.120358e+03
947	-1.144794e+03
948	-1.112002e+03
949	-1.134730e+03
950	-1.118868e+03
951	-1.151221e+03
952	-1.149559e+03
953	-1.145625e+03
954	-1.136869e+03
955	-1.136129e+03
956	-1.132678e+03
957	-1.141006e+03
958	-1.132239e+03
959	-1.127631e+03
960	-1.124602e+03
961	-1.133294e+03
962	-1.130858e+03
963	-1.123819e+03
964	-1.116741e+03
965	-1.132320e+03
966	-1.145101e+03
967	-1.141485e+03
968	-1.142728e+03
969	-1.122819e+03
970	-1.116634e+03
971	-1.125072e+03
972	-1.141771e+03
973	-1.127854e+03
974	-1.129721e+03
975	-1.108494e+03
976	-1.102061e+03
977	-1.126364e+03
978	-1.114325e+03
979	-1.132012e+03
980	-1.122361e+03
981	-1.143586e+03
982	-1.148782e+03
983	-1.098367e+03
984	-1.136199e+03
985	-1.142564e+03
986	-1.153301e+03
987	-1.138362e+03
988	-1.139507e+03
989	-1.129425e+03
990	-1.146571e+03
991	-1.137036e+03
992	-1.127689e+03
993	-1.126872e+03
994	-1.128607e+03
995	-1.129971e+03
996	-1.133449e+03
997	-1.139059e+03
998	-1.120570e+03
999	-1.130917e+03
1000	-1.118307e+03
1001	-1.129836e+03
1002	-1.133438e+03
1003	-1.132852e+03
1004	-1.146777e+03
1005	-1.116489e+03
1006	-1.131753e+03
1007	-1.115165e+03
1008	-1.138539e+03
1009	-1.137834e+03
1010	-1.091021e+03
1011	-1.134773e+03
1012	-1.131310e+03
1013	-1.127006e+03
1014	-1.142043e+03
1015	-1.123612e+03
1016	-1.127965e+03
1017	-1.126589e+03
1018	-1.123045e+03
1019	-1.121977e+03
1020	-1.113940e+03
1021	-1.139478e+03
1022	-1.131851e+03
1023	-1.119528e+03
1024	-1.135973e+03
1025	-1.128704e+03
1026	-1.130311e+03
1027	-1.117721e+03
1028	-1.104655e+03
1029	-1.129158e+03
1030	-1.121817e+03
1031	-1.105528e+03
1032	-1.140226e+03
1033	-1.135341e+03
1034	-1.138362e+03
1035	-1.121798e+03
1036	-1.143228e+03
1037	-1.137579e+03
1038	-1.153531e+03
1039	-1.116380e+03
1040	-1.122436e+03
1041	-1.140142e+03
1042	-1.137640e+03
1043	-1.139901e+03
1044	-1.119127e+03
1045	-1.122279e+03
1046	-1.154040e+03
1047	-1.119070e+03
1048	-1.142825e+03
1049	-1.120514e+03
1050	-1.128489e+03
1051	-1.148170e+03
1052	-1.155330e+03
1053	-1.136819e+03
1054	-1.131379e+03
1055	-1.131020e+03
1056	-1.151527e+03
1057	-1.142558e+03
1058	-1.137564e+03
1059	-1.134419e+03
1060	-1.146375e+03
1061	-1.129007e+03
1062	-1.128552e+03
1063	-1.134934e+03
1064	-1.142089e+03
1065	-1.142452e+03
1066	-1.110828e+03
1067	-1.151730e+03
1068	-1.126969e+03
1069	-1.136211e+03
1070	-1.113630e+03
1071	-1.128869e+03
1072	-1.124179e+03
1073	-1.133823e+03
1074	-1.133244e+03
1075	-1.146573e+03
1076	-1.128220e+03
1077	-1.120496e+03
1078	-1.129761e+03
1079	-1.144414e+03
1080	-1.151447e+03
1081	-1.129512e+03
1082	-1.123667e+03
1083	-1.127222e+03
1084	-1.137322e+03
1085	-1.114653e+03
1086	-1.140168e+03
1087	-1.131228e+03
1088	-1.129683e+03
1089	-1.135290e+03
1090	-1.117604e+03
1091	-1.141703e+03
1092	-1.116154e+03
1093	-1.123435e+03
1094	-1.127341e+03
1095	-1.129403e+03
1096	-1.130552e+03
1097	-1.124883e+03
1098	-1.143284e+03
1099	-1.133258e+03
1100	-1.135026e+03
1101	-1.112953e+03
1102	-1.127186e+03
1103	-1.140471e+03
1104	-1.122074e+03
1105	-1.138882e+03
1106	-1.153928e+03
1107	-1.143138e+03
1108	-1.122207e+03
1109	-1.126093e+03
1110	-1.120057e+03
1111	-1.119713e+03
1112	-1.136977e+03
1113	-1.116880e+03
1114	-1.121546e+03
1115	-1.142786e+03
1116	-1.132606e+03
1117	-1.116416e+03
1118	-1.125138e+03
1119	-1.115026e+03
1120	-1.137482e+03
1121	-1.130409e+03
1122	-1.137977e+03
1123	-1.123704e+03
1124	-1.131414e+03
1125	-1.132484e+03
1126	-1.119934e+03
1127	-1.127865e+03
1128	-1.123291e+03
1129	-1.139029e+03
1130	-1.124648e+03
1131	-1.107483e+03
1132	-1.111192e+03
1133	-1.146838e+03
1134	-1.137877e+03
1135	-1.118900e+03
1136	-1.142342e+03
1137	-1.153318e+03
1138	-1.124921e+03
1139	-1.113265e+03
1140	-1.128912e+03
1141	-1.120155e+03
1142	-1.138914e+03
1143	-1.123168e+03
1144	-1.132894e+03
1145	-1.146625e+03
1146	-1.130217e+03
1147	-1.124849e+03
1148	-1.120729e+03
1149	-1.146202e+03
1150	-1.134307e+03
1151	-1.144204e+03
1152	-1.118485e+03
1153	-1.109812e+03
1154	-1.140264e+03
1155	-1.150994e+03
1156	-1.126818e+03
1157	-1.146262e+03
1158	-1.126673e+03
1159	-1.122970e+03
1160	-1.131941e+03
1161	-1.128560e+03
1162	-1.132682e+03
1163	-1.146738e+03
1164	-1.141864e+03
1165	-1.141286e+03
1166	-1.127644e+03
1167	-1.138876e+03
1168	-1.138330e+03
1169	-1.140996e+03
1170	-1.130194e+03
1171	-1.139092e+03
1172	-1.124869e+03
1173	-1.135752e+03
1174	-1.149239e+03
1175	-1.127086e+03
1176	-1.146477e+03
1177	-1.140741e+03
1178	-1.138848e+03
1179	-1.144358e+03
1180	-1.136821e+03
1181	-1.127116e+03
1182	-1.120967e+03
1183	-1.109606e+03
1184	-1.147564e+03
1185	-1.123221e+03
1186	-1.117445e+03
1187	-1.130388e+03
1188	-1.106831e+03
1189	-1.117169e+03
1190	-1.139743e+03
1191	-1.140512e+03
1192	-1.149074e+03
1193	-1.125703e+03
1194	-1.137112e+03
1195	-1.106158e+03
1196	-1.112293e+03
1197	-1.126426e+03
1198	-1.130616e+03
1199	-1.146647e+03
1200	-1.117583e+03
1201	-1.147562e+03
1202	-1.128456e+03
1203	-1.131122e+03
1204	-1.158776e+03
1205	-1.118015e+03
1206	-1.121702e+03
1207	-1.105781e+03
1208	-1.128106e+03
1209	-1.130443e+03
1210	-1.133386e+03
1211	-1.140751e+03
1212	-1.118746e+03
1213	-1.138926e+03
1214	-1.115896e+03
1215	-1.137747e+03
1216	-1.117796e+03
1217	-1.149372e+03
1218	-1.151864e+03
1219	-1.134650e+03
1220	-1.137092e+03
1221	-1.139036e+03
1222	-1.126845e+03
1223	-1.120022e+03
1224	-1.135161e+03
1225	-1.111789e+03
1226	-1.119651e+03
1227	-1.117242e+03
1228	-1.151870e+03
1229	-1.127965e+03
1230	-1.130584e+03
1231	-1.143784e+03
1232	-1.123112e+03
1233	-1.134665e+03
1234	-1.127855e+03
1235	-1.126577e+03
1236	-1.138633e+03
1237	-1.133526e+03
1238	-1.123472e+03
1239	-1.107693e+03
1240	-1.123574e+03
1241	-1.133171e+03
1242	-1.138050e+03
1243	-1.112774e+03
1244	-1.136904e+03
1245	-1.116359e+03
1246	-1.130228e+03
1247	-1.116422e+03
1248	-1.137964e+03
1249	-1.135740e+03
1250	-1.140079e+03
1251	-1.138313e+03
1252	-1.125881e+03
1253	-1.138633e+03
1254	-1.142174e+03
1255	-1.130051e+03
1256	-1.107237e+03
1257	-1.135616e+03
1258	-1.130132e+03
1259	-1.113800e+03
1260	-1.135051e+03
1261	-1.126063e+03
1262	-1.125251e+03
1263	-1.114109e+03
1264	-1.131958e+03
1265	-1.143658e+03
1266	-1.115444e+03
1267	-1.128226e+03
1268	-1.127991e+03
1269	-1.123767e+03
1270	-1.128675e+03
1271	-1.130150e+03
1272	-1.132005e+03
1273	-1.119985e+03
1274	-1.130194e+03
1275	-1.136137e+03
1276	-1.120297e+03
1277	-1.128579e+03
1278	-1.132875e+03
1279	-1.133521e+03
1280	-1.141483e+03
1281	-1.133212e+03
1282	-1.115112e+03
1283	-1.132770e+03
1284	-1.134520e+03
1285	-1.127297e+03
1286	-1.132900e+03
1287	-1.124462e+03
1288	-1.135775e+03
1289	-1.132664e+03
1290	-1.115964e+03
1291	-1.127273e+03
1292	-1.117853e+03
1293	-1.102347e+03
1294	-1.113418e+03
1295	-1.150019e+03
1296	-1.135006e+03
1297	-1.131027e+03
1298	-1.145634e+03
1299	-1.151120e+03
1300	-1.115212e+03
1301	-1.131315e+03
1302	-1.136393e+03
1303	-1.134760e+03
1304	-1.145999e+03
1305	-1.117554e+03
1306	-1.130594e+03
1307	-1.140767e+03
1308	-1.131242e+03
1309	-1.133619e+03
1310	-1.114709e+03
1311	-1.114665e+03
1312	-1.114486e+03
1313	-1.125160e+03
1314	-1.118072e+03
1315	-1.126260e+03
1316	-1.132191e+03
1317	-1.138239e+03
1318	-1.121419e+03
1319	-1.133731e+03
1320	-1.130206e+03
1321	-1.138511e+03
1322	-1.139276e+03
1323	-1.127470e+03
1324	-1.136571e+03
1325	-1.134334e+03
1326	-1.134703e+03
1327	-1.127434e+03
1328	-1.131977e+03
1329	-1.127194e+03
1330	-1.126663e+03
1331	-1.144480e+03
1332	-1.129534e+03
1333	-1.138178e+03
1334	-1.113374e+03
1335	-1.124027e+03
1336	-1.102977e+03
1337	-1.107093e+03
1338	-1.121692e+03
1339	-1.118392e+03
1340	-1.114948e+03
1341	-1.134866e+03
1342	-1.120803e+03
1343	-1.135960e+03
1344	-1.123462e+03
1345	-1.143527e+03
1346	-1.107791e+03
1347	-1.146918e+03
1348	-1.115218e+03
1349	-1.122780e+03
1350	-1.145405e+03
1351	-1.142581e+03
1352	-1.138665e+03
1353	-1.139927e+03
1354	-1.129611e+03
1355	-1.124108e+03
1356	-1.146568e+03
1357	-1.126022e+03
1358	-1.143974e+03
1359	-1.132700e+03
1360	-1.123887e+03
1361	-1.126002e+03
1362	-1.135496e+03
1363	-1.137940e+03
1364	-1.131224e+03
1365	-1.128642e+03
1366	-1.107599e+03
1367	-1.151387e+03
1368	-1.154244e+03
1369	-1.125806e+03
1370	-1.146444e+03
1371	-1.139997e+03
1372	-1.140301e+03
1373	-1.126219e+03
1374	-1.133406e+03
1375	-1.123359e+03
1376	-1.151636e+03
1377	-1.116792e+03
1378	-1.129739e+03
1379	-1.125396e+03
1380	-1.131598e+03
1381	-1.137828e+03
1382	-1.151980e+03
1383	-1.116876e+03
1384	-1.136584e+03
1385	-1.121338e+03
1386	-1.128279e+03
1387	-1.110839e+03
1388	-1.135320e+03
1389	-1.109672e+03
1390	-1.107216e+03
1391	-1.121519e+03
1392	-1.127082e+03
1393	-1.117451e+03
1394	-1.108241e+03
1395	-1.136150e+03
1396	-1.126222e+03
1397	-1.131600e+03
1398	-1.135560e+03
1399	-1.130807e+03
1400	-1.136947e+03
1401	-1.141498e+03
1402	-1.146272e+03
1403	-1.118213e+03
1404	-1.123544e+03
1405	-1.125980e+03
1406	-1.130455e+03
1407	-1.115599e+03
1408	-1.131401e+03
1409	-1.126183e+03
1410	-1.103785e+03
1411	-1.121446e+03
1412	-1.110061e+03
1413	-1.130594e+03
1414	-1.129973e+03
1415	-1.129918e+03
1416	-1.140446e+03
1417	-1.132859e+03
1418	-1.138500e+03
1419	-1.126103e+03
1420	-1.146800e+03
1421	-1.130763e+03
1422	-1.104840e+03
1423	-1.131784e+03
1424	-1.113585e+03
1425	-1.126731e+03
1426	-1.136602e+03
1427	-1.132023e+03
1428	-1.164917e+03
1429	-1.106351e+03
1430	-1.132768e+03
1431	-1.124237e+03
1432	-1.132691e+03
1433	-1.131407e+03
1434	-1.109971e+03
1435	-1.132796e+03
1436	-1.134339e+03
1437	-1.131493e+03
1438	-1.114597e+03
1439	-1.138465e+03
1440	-1.138937e+03
1441	-1.132954e+03
1442	-1.131877e+03
1443	-1.106282e+03
1444	-1.133411e+03
1445	-1.132821e+03
1446	-1.144103e+03
1447	-1.141208e+03
1448	-1.131041e+03
1449	-1.132474e+03
1450	-1.114784e+03
1451	-1.125760e+03
1452	-1.124967e+03
1453	-1.125871e+03
1454	-1.141885e+03
1455	-1.133533e+03
1456	-1.127171e+03
1457	-1.144220e+03
1458	-1.123982e+03
1459	-1.115582e+03
1460	-1.111237e+03
1461	-1.143960e+03
1462	-1.143200e+03
1463	-1.124351e+03
1464	-1.097836e+03
1465	-1.109389e+03
1466	-1.123207e+03
1467	-1.144227e+03
1468	-1.131113e+03
1469	-1.130236e+03
1470	-1.116593e+03
1471	-1.134142e+03
1472	-1.131350e+03
1473	-1.112460e+03
1474	-1.111166e+03
1475	-1.138831e+03
1476	-1.145676e+03
1477	-1.136493e+03
1478	-1.138922e+03
1479	-1.134943e+03
1480	-1.127202e+03
1481	-1.144762e+03
1482	-1.122803e+03
1483	-1.111974e+03
1484	-1.135382e+03
1485	-1.128028e+03
1486	-1.124641e+03
1487	-1.124642e+03
1488	-1.121439e+03
1489	-1.114833e+03
1490	-1.141244e+03
1491	-1.130357e+03
1492	-1.134776e+03
1493	-1.127447e+03
1494	-1.099529e+03
1495	-1.134704e+03
1496	-1.120128e+03
1497	-1.131181e+03
1498	-1.121386e+03
1499	-1.117753e+03
1500	-1.142261e+03
1501	-1.127291e+03
1502	-1.136323e+03
1503	-1.155988e+03
1504	-1.131079e+03
1505	-1.131266e+03
1506	-1.124629e+03
1507	-1.124626e+03
1508	-1.124800e+03
1509	-1.112764e+03
1510	-1.143513e+03
1511	-1.142508e+03
1512	-1.132250e+03
1513	-1.116199e+03
1514	-1.104458e+03
1515	-1.130995e+03
1516	-1.134361e+03
1517	-1.146204e+03
1518	-1.119368e+03
1519	-1.122073e+03
1520	-1.116166e+03
1521	-1.130784e+03
1522	-1.128532e+03
1523	-1.123833e+03
1524	-1.136501e+03
1525	-1.124230e+03
1526	-1.116995e+03
1527	-1.113762e+03
1528	-1.116443e+03
1529	-1.125610e+03
1530	-1.123363e+03
1531	-1.140622e+03
1532	-1.146217e+03
1533	-1.141917e+03
1534	-1.113315e+03
1535	-1.114240e+03
1536	-1.131293e+03
1537	-1.133846e+03
1538	-1.117550e+03
1539	-1.122688e+03
1540	-1.116813e+03
1541	-1.113339e+03
1542	-1.123178e+03
1543	-1.108470e+03
1544	-1.138225e+03
1545	-1.141400e+03
1546	-1.137856e+03
1547	-1.141624e+03
1548	-1.129872e+03
1549	-1.140873e+03
1550	-1.127804e+03
1551	-1.142452e+03
1552	-1.138508e+03
1553	-1.129239e+03
1554	-1.133358e+03
1555	-1.108745e+03
1556	-1.123251e+03
1557	-1.114427e+03
1558	-1.136047e+03
1559	-1.122178e+03
1560	-1.105283e+03
1561	-1.121399e+03
1562	-1.138977e+03
1563	-1.133272e+03
1564	-1.112467e+03
1565	-1.113167e+03
1566	-1.129666e+03
1567	-1.128758e+03
1568	-1.134289e+03
1569	-1.116678e+03
1570	-1.117439e+03
1571	-1.126263e+03
1572	-1.102185e+03
1573	-1.119384e+03
1574	-1.155676e+03
1575	-1.136690e+03
1576	-1.138427e+03
1577	-1.124307e+03
1578	-1.115047e+03
1579	-1.136014e+03
1580	-1.121511e+03
1581	-1.118476e+03
1582	-1.129628e+03
1583	-1.131220e+03
1584	-1.127192e+03
1585	-1.115496e+03
1586	-1.137238e+03
1587	-1.129709e+03
1588	-1.126792e+03
1589	-1.112990e+03
1590	-1.130150e+03
1591	-1.125404e+03
1592	-1.124497e+03
1593	-1.144904e+03
1594	-1.135102e+03
1595	-1.140446e+03
1596	-1.131712e+03
1597	-1.136372e+03
1598	-1.128957e+03
1599	-1.128940e+03
1600	-1.130920e+03
1601	-1.141105e+03
1602	-1.136260e+03
1603	-1.127621e+03
1604	-1.108802e+03
1605	-1.111647e+03
1606	-1.122538e+03
1607	-1.132040e+03
1608	-1.145350e+03
1609	-1.130738e+03
1610	-1.128398e+03
1611	-1.106719e+03
1612	-1.102770e+03
1613	-1.117606e+03
1614	-1.109110e+03
1615	-1.141942e+03
1616	-1.143143e+03
1617	-1.137218e+03
1618	-1.136789e+03
1619	-1.131892e+03
1620	-1.117372e+03
1621	-1.126607e+03
1622	-1.117087e+03
1623	-1.153581e+03
1624	-1.127510e+03
1625	-1.118268e+03
1626	-1.150758e+03
1627	-1.121484e+03
1628	-1.125481e+03
1629	-1.125657e+03
1630	-1.117492e+03
1631	-1.138123e+03
1632	-1.137132e+03
1633	-1.140513e+03
1634	-1.137417e+03
1635	-1.131749e+03
1636	-1.130570e+03
1637	-1.157468e+03
1638	-1.134340e+03
1639	-1.127286e+03
1640	-1.132203e+03
1641	-1.124543e+03
1642	-1.146609e+03
1643	-1.110216e+03
1644	-1.123088e+03
1645	-1.111215e+03
1646	-1.104511e+03
1647	-1.143076e+03
1648	-1.136111e+03
1649	-1.126549e+03
1650	-1.120136e+03
1651	-1.133367e+03
1652	-1.149104e+03
1653	-1.139293e+03
1654	-1.120319e+03
1655	-1.139495e+03
1656	-1.123820e+03
1657	-1.151606e+03
1658	-1.132124e+03
1659	-1.109179e+03
1660	-1.143120e+03
1661	-1.127840e+03
1662	-1.117009e+03
1663	-1.132233e+03
1664	-1.112250e+03
1665	-1.138745e+03
1666	-1.107701e+03
1667	-1.117154e+03
1668	-1.115473e+03
1669	-1.139635e+03
1670	-1.127833e+03
1671	-1.132231e+03
1672	-1.109367e+03
1673	-1.109860e+03
1674	-1.123965e+03
1675	-1.120637e+03
1676	-1.125230e+03
1677	-1.120793e+03
1678	-1.124728e+03
1679	-1.118200e+03
1680	-1.137277e+03
1681	-1.118241e+03
1682	-1.135028e+03
1683	-1.149329e+03
1684	-1.136051e+03
1685	-1.101022e+03
1686	-1.120826e+03
1687	-1.148119e+03
1688	-1.116234e+03
1689	-1.125029e+03
1690	-1.122549e+03
1691	-1.128939e+03
1692	-1.123662e+03
1693	-1.135573e+03
1694	-1.125243e+03
1695	-1.120688e+03
1696	-1.139221e+03
1697	-1.132659e+03
1698	-1.124183e+03
1699	-1.130479e+03
1700	-1.105367e+03
1701	-1.140879e+03
1702	-1.130896e+03
1703	-1.140786e+03
1704	-1.136303e+03
1705	-1.126668e+03
1706	-1.141371e+03
1707	-1.134662e+03
1708	-1.131996e+03
1709	-1.131176e+03
1710	-1.120705e+03
1711	-1.107412e+03
1712	-1.129233e+03
1713	-1.120492e+03
1714	-1.138202e+03
1715	-1.144395e+03
1716	-1.131590e+03
1717	-1.122380e+03
1718	-1.128628e+03
1719	-1.122908e+03
1720	-1.123629e+03
1721	-1.132731e+03
1722	-1.133826e+03
1723	-1.121623e+03
1724	-1.131100e+03
1725	-1.118390e+03
1726	-1.141420e+03
1727	-1.120784e+03
1728	-1.131239e+03
1729	-1.131574e+03
1730	-1.149432e+03
1731	-1.129212e+03
1732	-1.151752e+03
1733	-1.118767e+03
1734	-1.122622e+03
1735	-1.121452e+03
1736	-1.124386e+03
1737	-1.120621e+03
1738	-1.133900e+03
1739	-1.142175e+03
1740	-1.146897e+03
1741	-1.128203e+03
1742	-1.124145e+03
1743	-1.145599e+03
1744	-1.113534e+03
1745	-1.136953e+03
1746	-1.129388e+03
1747	-1.138822e+03
1748	-1.150697e+03
1749	-1.147161e+03
1750	-1.128346e+03
1751	-1.131092e+03
1752	-1.119091e+03
1753	-1.119866e+03
1754	-1.129478e+03
1755	-1.130762e+03
1756	-1.119407e+03
1757	-1.129229e+03
1758	-1.131585e+03
1759	-1.114914e+03
1760	-1.131035e+03
1761	-1.143608e+03
1762	-1.129296e+03
1763	-1.151535e+03
1764	-1.108996e+03
1765	-1.129486e+03
1766	-1.131117e+03
1767	-1.126121e+03
1768	-1.117334e+03
1769	-1.136394e+03
1770	-1.141684e+03
1771	-1.132625e+03
1772	-1.142690e+03
1773	-1.157122e+03
1774	-1.151344e+03
1775	-1.122421e+03
1776	-1.153791e+03
1777	-1.126818e+03
1778	-1.118230e+03
1779	-1.141245e+03
1780	-1.134572e+03
1781	-1.127001e+03
1782	-1.118837e+03
1783	-1.107221e+03
1784	-1.134157e+03
1785	-1.121632e+03
1786	-1.123797e+03
1787	-1.135808e+03
1788	-1.152573e+03
1789	-1.115804e+03
1790	-1.115151e+03
1791	-1.144518e+03
1792	-1.140304e+03
1793	-1.112926e+03
1794	-1.141205e+03
1795	-1.142976e+03
1796	-1.122798e+03
1797	-1.112402e+03
1798	-1.127298e+03
1799	-1.131665e+03
1800	-1.138690e+03
1801	-1.152876e+03
1802	-1.144379e+03
1803	-1.145910e+03
1804	-1.127745e+03
1805	-1.131579e+03
1806	-1.111006e+03
1807	-1.138473e+03
1808	-1.124933e+03
1809	-1.143579e+03
1810	-1.107137e+03
1811	-1.125067e+03
1812	-1.125548e+03
1813	-1.134551e+03
1814	-1.128579e+03
1815	-1.140267e+03
1816	-1.125671e+03
1817	-1.147923e+03
1818	-1.108252e+03
1819	-1.131744e+03
1820	-1.115369e+03
1821	-1.117028e+03
1822	-1.130563e+03
1823	-1.110486e+03
1824	-1.112106e+03
1825	-1.129565e+03
1826	-1.117124e+03
1827	-1.125853e+03
1828	-1.138777e+03
1829	-1.119634e+03
1830	-1.131777e+03
1831	-1.143932e+03
1832	-1.119820e+03
1833	-1.131051e+03
1834	-1.166283e+03
1835	-1.134520e+03
1836	-1.110988e+03
1837	-1.125213e+03
1838	-1.135721e+03
1839	-1.147655e+03
1840	-1.130890e+03
1841	-1.125749e+03
1842	-1.123164e+03
1843	-1.127305e+03
1844	-1.115615e+03
1845	-1.152867e+03
1846	-1.145527e+03
1847	-1.141791e+03
1848	-1.116745e+03
1849	-1.131498e+03
1850	-1.125760e+03
1851	-1.136089e+03
1852	-1.134435e+03
1853	-1.128460e+03
1854	-1.130927e+03
1855	-1.134717e+03
1856	-1.133505e+03
1857	-1.114076e+03
1858	-1.111328e+03
1859	-1.131890e+03
1860	-1.132191e+03
1861	-1.129930e+03
1862	-1.120783e+03
1863	-1.128665e+03
1864	-1.138016e+03
1865	-1.139090e+03
1866	-1.120439e+03
1867	-1.122393e+03
1868	-1.156168e+03
1869	-1.153023e+03
1870	-1.123605e+03
1871	-1.125920e+03
1872	-1.116527e+03
1873	-1.145170e+03
1874	-1.125670e+03
1875	-1.125469e+03
1876	-1.135816e+03
1877	-1.126682e+03
1878	-1.142834e+03
1879	-1.109317e+03
1880	-1.129257e+03
1881	-1.139313e+03
1882	-1.145810e+03
1883	-1.124061e+03
1884	-1.119672e+03
1885	-1.129078e+03
1886	-1.145277e+03
1887	-1.129833e+03
1888	-1.121203e+03
1889	-1.124558e+03
1890	-1.130319e+03
1891	-1.137614e+03
1892	-1.128262e+03
1893	-1.150696e+03
1894	-1.130439e+03
1895	-1.142527e+03
1896	-1.121298e+03
1897	-1.122335e+03
1898	-1.124720e+03
1899	-1.111225e+03
1900	-1.107912e+03
1901	-1.119150e+03
1902	-1.120832e+03
1903	-1.135783e+03
1904	-1.103859e+03
1905	-1.141732e+03
1906	-1.127448e+03
1907	-1.125140e+03
1908	-1.122357e+03
1909	-1.113993e+03
1910	-1.130494e+03
1911	-1.131021e+03
1912	-1.149970e+03
1913	-1.116277e+03
1914	-1.113316e+03
1915	-1.140849e+03
1916	-1.121507e+03
1917	-1.128107e+03
1918	-1.140731e+03
1919	-1.137675e+03
1920	-1.143946e+03
1921	-1.130570e+03
1922	-1.126984e+03
1923	-1.131997e+03
1924	-1.141660e+03
1925	-1.116235e+03
1926	-1.123646e+03
1927	-1.130204e+03
1928	-1.140518e+03
1929	-1.132104e+03
1930	-1.145976e+03
1931	-1.130669e+03
1932	-1.136800e+03
1933	-1.131589e+03
1934	-1.118006e+03
1935	-1.143073e+03
1936	-1.150613e+03
1937	-1.124956e+03
1938	-1.122315e+03
1939	-1.125323e+03
1940	-1.143768e+03
1941	-1.143553e+03
1942	-1.136124e+03
1943	-1.121590e+03
1944	-1.122086e+03
1945	-1.106172e+03
1946	-1.136257e+03
1947	-1.110423e+03
1948	-1.134155e+03
1949	-1.145955e+03
1950	-1.134968e+03
1951	-1.113899e+03
1952	-1.124138e+03
1953	-1.134921e+03
1954	-1.132095e+03
1955	-1.137002e+03
1956	-1.126825e+03
1957	-1.122366e+03
1958	-1.115669e+03
1959	-1.137408e+03
1960	-1.130994e+03
1961	-1.118323e+03
1962	-1.132715e+03
1963	-1.135960e+03
1964	-1.155557e+03
1965	-1.121107e+03
1966	-1.118598e+03
1967	-1.113681e+03
1968	-1.136558e+03
1969	-1.133593e+03
1970	-1.110710e+03
1971	-1.119525e+03
1972	-1.136752e+03
1973	-1.118820e+03
1974	-1.130104e+03
1975	-1.134903e+03
1976	-1.135242e+03
1977	-1.114351e+03
1978	-1.142547e+03
1979	-1.136869e+03
1980	-1.143756e+03
1981	-1.138099e+03
1982	-1.131819e+03
1983	-1.122260e+03
1984	-1.132084e+03
1985	-1.134163e+03
1986	-1.134415e+03
1987	-1.120343e+03
1988	-1.129716e+03
1989	-1.130791e+03
1990	-1.143550e+03
1991	-1.135742e+03
1992	-1.120969e+03
1993	-1.116965e+03
1994	-1.131084e+03
1995	-1.120278e+03
1996	-1.117741e+03
1997	-1.120150e+03
1998	-1.115270e+03
1999	-1.120925e+03
2000	-1.129120e+03
2001	-1.108852e+03
2002	-1.120174e+03
2003	-1.115754e+03
2004	-1.143120e+03
2005	-1.125461e+03
2006	-1.116383e+03
2007	-1.110787e+03
2008	-1.106867e+03
2009	-1.126954e+03
2010	-1.127334e+03
2011	-1.144384e+03
2012	-1.141255e+03
2013	-1.120122e+03
2014	-1.134086e+03
2015	-1.125078e+03
2016	-1.145497e+03
2017	-1.143413e+03
2018	-1.126267e+03
2019	-1.119966e+03
2020	-1.118270e+03
2021	-1.132146e+03
2022	-1.135725e+03
2023	-1.136740e+03
2024	-1.133795e+03
2025	-1.117957e+03
2026	-1.137563e+03
2027	-1.127106e+03
2028	-1.124248e+03
2029	-1.113624e+03
2030	-1.112596e+03
2031	-1.131572e+03
2032	-1.122321e+03
2033	-1.111338e+03
2034	-1.106002e+03
2035	-1.149271e+03
2036	-1.125368e+03
2037	-1.106839e+03
2038	-1.116853e+03
2039	-1.121943e+03
2040	-1.111928e+03
2041	-1.142936e+03
2042	-1.124933e+03
2043	-1.104614e+03
2044	-1.142427e+03
2045	-1.126823e+03
2046	-1.121417e+03
2047	-1.151675e+03
2048	-1.124961e+03
2049	-1.138238e+03
2050	-1.129691e+03
2051	-1.121234e+03
2052	-1.135170e+03
2053	-1.131219e+03
2054	-1.143500e+03
2055	-1.117745e+03
2056	-1.145208e+03
2057	-1.143053e+03
2058	-1.132450e+03
2059	-1.124820e+03
2060	-1.122547e+03
2061	-1.126315e+03
2062	-1.118105e+03
2063	-1.115555e+03
2064	-1.118819e+03
2065	-1.116490e+03
2066	-1.123502e+03
2067	-1.105091e+03
2068	-1.155529e+03
2069	-1.151529e+03
2070	-1.121840e+03
2071	-1.119769e+03
2072	-1.128063e+03
2073	-1.154720e+03
2074	-1.137902e+03
2075	-1.151956e+03
2076	-1.123950e+03
2077	-1.118576e+03
2078	-1.143470e+03
2079	-1.096549e+03
2080	-1.132761e+03
2081	-1.119983e+03
2082	-1.118846e+03
2083	-1.126659e+03
2084	-1.123630e+03
2085	-1.143753e+03
2086	-1.141848e+03
2087	-1.120978e+03
2088	-1.140734e+03
2089	-1.136721e+03
2090	-1.131976e+03
2091	-1.132606e+03
2092	-1.150586e+03
2093	-1.126407e+03
2094	-1.135467e+03
2095	-1.137387e+03
2096	-1.127310e+03
2097	-1.126861e+03
2098	-1.122683e+03
2099	-1.130713e+03
2100	-1.149499e+03
2101	-1.121704e+03
2102	-1.129677e+03
2103	-1.121979e+03
2104	-1.138072e+03
2105	-1.132535e+03
2106	-1.121235e+03
2107	-1.135744e+03
2108	-1.128250e+03
2109	-1.131357e+03
2110	-1.141424e+03
2111	-1.116040e+03
2112	-1.122300e+03
2113	-1.139332e+03
2114	-1.116247e+03
2115	-1.126191e+03
2116	-1.124338e+03
2117	-1.118638e+03
2118	-1.118958e+03
2119	-1.122941e+03
2120	-1.106025e+03
2121	-1.114963e+03
2122	-1.117692e+03
2123	-1.115721e+03
2124	-1.116026e+03
2125	-1.128881e+03
2126	-1.130224e+03
2127	-1.131352e+03
2128	-1.117539e+03
2129	-1.135040e+03
2130	-1.130579e+03
2131	-1.155497e+03
2132	-1.138618e+03
2133	-1.120564e+03
2134	-1.102037e+03
2135	-1.117187e+03
2136	-1.127510e+03
2137	-1.130108e+03
2138	-1.147864e+03
2139	-1.124607e+03
2140	-1.129030e+03
2141	-1.146692e+03
2142	-1.121827e+03
2143	-1.137302e+03
2144	-1.139905e+03
2145	-1.119846e+03
2146	-1.140959e+03
2147	-1.131256e+03
2148	-1.141149e+03
2149	-1.114254e+03
2150	-1.120865e+03
2151	-1.139536e+03
2152	-1.125394e+03
2153	-1.122059e+03
2154	-1.119733e+03
2155	-1.120936e+03
2156	-1.144330e+03
2157	-1.104996e+03
2158	-1.133260e+03
2159	-1.120854e+03
2160	-1.138754e+03
2161	-1.135275e+03
2162	-1.116266e+03
2163	-1.113835e+03
2164	-1.121047e+03
2165	-1.116316e+03
2166	-1.151599e+03
2167	-1.109218e+03
2168	-1.129537e+03
2169	-1.109341e+03
2170	-1.128200e+03
2171	-1.111920e+03
2172	-1.134534e+03
2173	-1.130310e+03
2174	-1.121228e+03
2175	-1.128096e+03
2176	-1.128940e+03
2177	-1.127573e+03
2178	-1.113235e+03
2179	-1.145758e+03
2180	-1.122625e+03
2181	-1.125388e+03
2182	-1.101449e+03
2183	-1.128109e+03
2184	-1.132748e+03
2185	-1.129614e+03
2186	-1.132464e+03
2187	-1.134206e+03
2188	-1.128357e+03
2189	-1.144476e+03
2190	-1.125620e+03
2191	-1.117258e+03
2192	-1.122727e+03
2193	-1.114218e+03
2194	-1.125256e+03
2195	-1.114531e+03
2196	-1.129047e+03
2197	-1.128268e+03
2198	-1.104873e+03
2199	-1.129829e+03
2200	-1.117751e+03
2201	-1.150308e+03
2202	-1.126531e+03
2203	-1.144473e+03
2204	-1.128539e+03
2205	-1.127344e+03
2206	-1.160442e+03
2207	-1.132940e+03
2208	-1.122595e+03
2209	-1.119294e+03
2210	-1.096222e+03
2211	-1.126805e+03
2212	-1.163696e+03
2213	-1.127795e+03
2214	-1.143018e+03
2215	-1.132504e+03
2216	-1.127636e+03
2217	-1.131853e+03
2218	-1.110393e+03
2219	-1.152314e+03
2220	-1.112070e+03
2221	-1.140883e+03
2222	-1.132500e+03
2223	-1.123130e+03
2224	-1.128280e+03
2225	-1.120698e+03
2226	-1.138178e+03
2227	-1.135374e+03
2228	-1.105180e+03
2229	-1.118324e+03
2230	-1.146347e+03
2231	-1.126444e+03
2232	-1.121077e+03
2233	-1.130757e+03
2234	-1.127901e+03
2235	-1.135933e+03
2236	-1.125293e+03
2237	-1.124528e+03
2238	-1.129181e+03
2239	-1.120269e+03
2240	-1.129532e+03
2241	-1.150742e+03
2242	-1.119936e+03
2243	-1.134083e+03
2244	-1.146297e+03
2245	-1.131457e+03
2246	-1.138074e+03
2247	-1.138456e+03
2248	-1.147606e+03
2249	-1.135222e+03
2250	-1.134299e+03
2251	-1.137110e+03
2252	-1.143623e+03
2253	-1.131847e+03
2254	-1.134012e+03
2255	-1.143297e+03
2256	-1.142065e+03
2257	-1.116982e+03
2258	-1.117230e+03
2259	-1.129618e+03
2260	-1.137262e+03
2261	-1.137918e+03
2262	-1.123452e+03
2263	-1.129304e+03
2264	-1.118640e+03
2265	-1.135221e+03
2266	-1.106157e+03
2267	-1.129461e+03
2268	-1.126409e+03
2269	-1.140580e+03
2270	-1.133013e+03
2271	-1.122629e+03
2272	-1.126288e+03
2273	-1.151461e+03
2274	-1.122816e+03
2275	-1.127480e+03
2276	-1.127772e+03
2277	-1.120175e+03
2278	-1.127544e+03
2279	-1.130224e+03
2280	-1.132391e+03
2281	-1.121894e+03
2282	-1.119425e+03
2283	-1.121590e+03
2284	-1.136431e+03
2285	-1.137321e+03
2286	-1.134326e+03
2287	-1.116034e+03
2288	-1.125388e+03
2289	-1.132350e+03
2290	-1.134918e+03
2291	-1.137971e+03
2292	-1.136369e+03
2293	-1.137970e+03
2294	-1.119339e+03
2295	-1.117276e+03
2296	-1.138800e+03
2297	-1.140814e+03
2298	-1.134087e+03
2299	-1.121505e+03
2300	-1.130777e+03
2301	-1.121288e+03
2302	-1.134787e+03
2303	-1.133854e+03
2304	-1.121557e+03
2305	-1.144133e+03
2306	-1.140687e+03
2307	-1.139172e+03
2308	-1.122451e+03
2309	-1.136408e+03
2310	-1.138779e+03
2311	-1.127291e+03
2312	-1.120157e+03
2313	-1.101473e+03
2314	-1.118013e+03
2315	-1.109536e+03
2316	-1.109075e+03
2317	-1.117714e+03
2318	-1.124098e+03
2319	-1.138092e+03
2320	-1.128109e+03
2321	-1.130083e+03
2322	-1.125137e+03
2323	-1.145485e+03
2324	-1.125170e+03
2325	-1.141486e+03
2326	-1.130728e+03
2327	-1.142648e+03
2328	-1.139834e+03
2329	-1.114304e+03
2330	-1.118874e+03
2331	-1.131761e+03
2332	-1.118408e+03
2333	-1.123808e+03
2334	-1.126569e+03
2335	-1.138587e+03
2336	-1.121804e+03
2337	-1.136185e+03
2338	-1.135250e+03
2339	-1.162464e+03
2340	-1.130656e+03
2341	-1.118988e+03
2342	-1.139357e+03
2343	-1.133956e+03
2344	-1.145313e+03
2345	-1.111044e+03
2346	-1.134919e+03
2347	-1.125921e+03
2348	-1.117232e+03
2349	-1.133573e+03
2350	-1.137766e+03
2351	-1.129333e+03
2352	-1.133306e+03
2353	-1.134467e+03
2354	-1.119964e+03
2355	-1.108794e+03
2356	-1.134693e+03
2357	-1.130433e+03
2358	-1.136257e+03
2359	-1.124315e+03
2360	-1.131026e+03
2361	-1.133344e+03
2362	-1.123606e+03
2363	-1.121279e+03
2364	-1.137053e+03
2365	-1.148968e+03
2366	-1.110697e+03
2367	-1.123706e+03
2368	-1.127648e+03
2369	-1.140957e+03
2370	-1.122331e+03
2371	-1.124757e+03
2372	-1.132167e+03
2373	-1.119362e+03
2374	-1.138297e+03
2375	-1.134328e+03
2376	-1.110410e+03
2377	-1.134010e+03
2378	-1.141601e+03
2379	-1.143816e+03
2380	-1.142035e+03
2381	-1.135174e+03
2382	-1.137280e+03
2383	-1.133180e+03
2384	-1.118948e+03
2385	-1.130205e+03
2386	-1.133852e+03
2387	-1.153963e+03
2388	-1.141735e+03
2389	-1.126977e+03
2390	-1.156236e+03
2391	-1.138695e+03
2392	-1.136703e+03
2393	-1.125237e+03
2394	-1.136737e+03
2395	-1.128076e+03
2396	-1.123081e+03
2397	-1.143456e+03
2398	-1.140898e+03
2399	-1.118791e+03
2400	-1.142202e+03
2401	-1.133412e+03
2402	-1.127412e+03
2403	-1.137934e+03
2404	-1.106304e+03
2405	-1.127412e+03
2406	-1.128539e+03
2407	-1.122187e+03
2408	-1.136511e+03
2409	-1.138074e+03
2410	-1.137522e+03
2411	-1.154845e+03
2412	-1.124444e+03
2413	-1.137295e+03
2414	-1.147224e+03
2415	-1.138501e+03
2416	-1.129754e+03
2417	-1.131898e+03
2418	-1.118403e+03
2419	-1.136540e+03
2420	-1.121775e+03
2421	-1.104069e+03
2422	-1.142943e+03
2423	-1.142812e+03
2424	-1.138232e+03
2425	-1.155642e+03
2426	-1.134252e+03
2427	-1.139834e+03
2428	-1.113780e+03
2429	-1.117545e+03
2430	-1.139961e+03
2431	-1.136575e+03
2432	-1.140481e+03
2433	-1.140778e+03
2434	-1.143673e+03
2435	-1.127694e+03
2436	-1.162112e+03
2437	-1.136586e+03
2438	-1.125954e+03
2439	-1.127966e+03
2440	-1.139160e+03
2441	-1.136647e+03
2442	-1.135324e+03
2443	-1.141834e+03
2444	-1.097163e+03
2445	-1.144109e+03
2446	-1.122135e+03
2447	-1.122532e+03
2448	-1.129315e+03
2449	-1.133245e+03
2450	-1.112631e+03
2451	-1.100098e+03
2452	-1.132705e+03
2453	-1.131577e+03
2454	-1.141442e+03
2455	-1.105434e+03
2456	-1.129597e+03
2457	-1.122302e+03
2458	-1.137058e+03
2459	-1.118350e+03
2460	-1.134986e+03
2461	-1.142065e+03
2462	-1.132049e+03
2463	-1.109003e+03
2464	-1.117335e+03
2465	-1.135144e+03
2466	-1.145818e+03
2467	-1.140124e+03
2468	-1.113900e+03
2469	-1.114690e+03
2470	-1.124354e+03
2471	-1.121807e+03
2472	-1.127176e+03
2473	-1.121477e+03
2474	-1.123266e+03
2475	-1.119098e+03
2476	-1.139979e+03
2477	-1.105323e+03
2478	-1.127656e+03
2479	-1.117286e+03
2480	-1.158015e+03
2481	-1.132770e+03
2482	-1.148413e+03
2483	-1.116261e+03
2484	-1.130918e+03
2485	-1.138978e+03
2486	-1.125281e+03
2487	-1.124931e+03
2488	-1.128600e+03
2489	-1.130729e+03
2490	-1.131499e+03
2491	-1.128431e+03
2492	-1.112777e+03
2493	-1.130099e+03
2494	-1.135173e+03
2495	-1.131224e+03
2496	-1.126493e+03
2497	-1.133474e+03
2498	-1.127414e+03
2499	-1.108766e+03
2500	-1.123802e+03
2501	-1.124739e+03
2502	-1.149280e+03
2503	-1.123267e+03
2504	-1.135068e+03
2505	-1.134506e+03
2506	-1.128734e+03
2507	-1.140326e+03
2508	-1.123275e+03
2509	-1.134411e+03
2510	-1.132306e+03
2511	-1.125955e+03
2512	-1.138007e+03
2513	-1.120374e+03
2514	-1.123568e+03
2515	-1.131305e+03
2516	-1.126115e+03
2517	-1.100065e+03
2518	-1.143294e+03
2519	-1.119772e+03
2520	-1.140386e+03
2521	-1.118626e+03
2522	-1.123192e+03
2523	-1.142553e+03
2524	-1.132956e+03
2525	-1.127080e+03
2526	-1.126981e+03
2527	-1.140851e+03
2528	-1.149618e+03
2529	-1.138882e+03
2530	-1.136840e+03
2531	-1.121815e+03
2532	-1.108120e+03
2533	-1.116254e+03
2534	-1.129496e+03
2535	-1.151117e+03
2536	-1.124763e+03
2537	-1.142384e+03
2538	-1.129209e+03
2539	-1.121071e+03
2540	-1.123129e+03
2541	-1.125678e+03
2542	-1.130312e+03
2543	-1.127622e+03
2544	-1.108085e+03
2545	-1.117307e+03
2546	-1.126660e+03
2547	-1.134565e+03
2548	-1.134652e+03
2549	-1.127468e+03
2550	-1.118240e+03
2551	-1.122404e+03
2552	-1.130114e+03
2553	-1.126351e+03
2554	-1.109945e+03
2555	-1.122682e+03
2556	-1.122457e+03
2557	-1.123121e+03
2558	-1.119458e+03
2559	-1.132052e+03
2560	-1.130261e+03
2561	-1.123678e+03
2562	-1.120871e+03
2563	-1.124661e+03
2564	-1.135550e+03
2565	-1.130411e+03
2566	-1.119615e+03
2567	-1.111642e+03
2568	-1.112543e+03
2569	-1.118622e+03
2570	-1.125623e+03
2571	-1.129457e+03
2572	-1.142809e+03
2573	-1.132740e+03
2574	-1.141073e+03
2575	-1.127035e+03
2576	-1.144527e+03
2577	-1.144648e+03
2578	-1.123626e+03
2579	-1.130352e+03
2580	-1.153148e+03
2581	-1.123210e+03
2582	-1.123218e+03
2583	-1.110385e+03
2584	-1.117410e+03
2585	-1.133977e+03
2586	-1.128818e+03
2587	-1.129982e+03
2588	-1.132013e+03
2589	-1.131814e+03
2590	-1.148019e+03
2591	-1.128645e+03
2592	-1.131212e+03
2593	-1.129241e+03
2594	-1.143277e+03
2595	-1.120789e+03
2596	-1.130155e+03
2597	-1.125615e+03
2598	-1.147958e+03
2599	-1.128454e+03
2600	-1.115272e+03
2601	-1.132272e+03
2602	-1.124289e+03
2603	-1.118611e+03
2604	-1.146690e+03
2605	-1.136050e+03
2606	-1.127016e+03
2607	-1.127545e+03
2608	-1.132061e+03
2609	-1.126252e+03
2610	-1.114493e+03
2611	-1.146274e+03
2612	-1.131019e+03
2613	-1.115158e+03
2614	-1.126406e+03
2615	-1.115446e+03
2616	-1.115580e+03
2617	-1.120852e+03
2618	-1.125727e+03
2619	-1.127186e+03
2620	-1.136717e+03
2621	-1.131625e+03
2622	-1.129481e+03
2623	-1.118197e+03
2624	-1.139173e+03
2625	-1.148026e+03
2626	-1.145604e+03
2627	-1.117832e+03
2628	-1.147854e+03
2629	-1.155701e+03
2630	-1.112075e+03
2631	-1.132748e+03
2632	-1.136716e+03
2633	-1.118556e+03
2634	-1.141672e+03
2635	-1.129592e+03
2636	-1.134130e+03
2637	-1.120396e+03
2638	-1.132689e+03
2639	-1.127761e+03
2640	-1.150688e+03
2641	-1.133029e+03
2642	-1.124645e+03
2643	-1.128620e+03
2644	-1.127318e+03
2645	-1.145053e+03
2646	-1.144881e+03
2647	-1.099119e+03
2648	-1.141599e+03
2649	-1.130716e+03
2650	-1.139145e+03
2651	-1.120074e+03
2652	-1.122471e+03
2653	-1.136247e+03
2654	-1.133096e+03
2655	-1.132570e+03
2656	-1.104314e+03
2657	-1.121291e+03
2658	-1.152797e+03
2659	-1.139468e+03
2660	-1.132769e+03
2661	-1.114330e+03
2662	-1.134405e+03
2663	-1.118395e+03
2664	-1.120515e+03
2665	-1.119503e+03
2666	-1.149100e+03
2667	-1.129590e+03
2668	-1.144086e+03
2669	-1.127608e+03
2670	-1.135701e+03
2671	-1.140884e+03
2672	-1.147909e+03
2673	-1.120233e+03
2674	-1.145766e+03
2675	-1.114412e+03
2676	-1.120364e+03
2677	-1.126335e+03
2678	-1.113667e+03
2679	-1.154339e+03
2680	-1.121255e+03
2681	-1.146051e+03
2682	-1.145450e+03
2683	-1.102055e+03
2684	-1.138539e+03
2685	-1.121695e+03
2686	-1.141499e+03
2687	-1.141156e+03
2688	-1.139851e+03
2689	-1.120076e+03
2690	-1.136379e+03
2691	-1.131213e+03
2692	-1.119141e+03
2693	-1.129162e+03
2694	-1.130746e+03
2695	-1.121736e+03
2696	-1.124310e+03
2697	-1.122511e+03
2698	-1.120664e+03
2699	-1.106946e+03
2700	-1.116786e+03
2701	-1.143335e+03
2702	-1.144386e+03
2703	-1.126589e+03
2704	-1.133590e+03
2705	-1.124608e+03
2706	-1.118957e+03
2707	-1.144144e+03
2708	-1.115015e+03
2709	-1.126324e+03
2710	-1.123069e+03
2711	-1.115715e+03
2712	-1.123279e+03
2713	-1.140458e+03
2714	-1.123729e+03
2715	-1.134318e+03
2716	-1.122602e+03
2717	-1.129146e+03
2718	-1.125807e+03
2719	-1.091615e+03
2720	-1.122245e+03
2721	-1.116935e+03
2722	-1.121030e+03
2723	-1.130485e+03
2724	-1.123210e+03
2725	-1.135497e+03
2726	-1.119136e+03
2727	-1.130530e+03
2728	-1.121763e+03
2729	-1.144469e+03
2730	-1.122246e+03
2731	-1.132997e+03
2732	-1.139473e+03
2733	-1.127226e+03
2734	-1.138105e+03
2735	-1.114150e+03
2736	-1.134389e+03
2737	-1.132017e+03
2738	-1.125991e+03
2739	-1.133248e+03
2740	-1.134661e+03
2741	-1.096143e+03
2742	-1.104168e+03
2743	-1.128273e+03
2744	-1.118042e+03
2745	-1.124992e+03
2746	-1.132291e+03
2747	-1.129537e+03
2748	-1.124328e+03
2749	-1.131598e+03
2750	-1.125375e+03
2751	-1.134850e+03
2752	-1.109042e+03
2753	-1.129166e+03
2754	-1.134609e+03
2755	-1.131568e+03
2756	-1.129551e+03
2757	-1.122430e+03
2758	-1.138251e+03
2759	-1.131692e+03
2760	-1.122135e+03
2761	-1.097892e+03
2762	-1.125297e+03
2763	-1.125612e+03
2764	-1.136263e+03
2765	-1.146084e+03
2766	-1.113678e+03
2767	-1.132030e+03
2768	-1.128410e+03
2769	-1.126712e+03
2770	-1.133489e+03
2771	-1.125686e+03
2772	-1.134623e+03
2773	-1.134950e+03
2774	-1.122231e+03
2775	-1.125249e+03
2776	-1.100298e+03
2777	-1.150341e+03
2778	-1.142384e+03
2779	-1.132984e+03
2780	-1.130988e+03
2781	-1.138021e+03
2782	-1.142857e+03
2783	-1.127270e+03
2784	-1.140255e+03
2785	-1.125338e+03
2786	-1.115176e+03
2787	-1.150735e+03
2788	-1.125577e+03
2789	-1.122417e+03
2790	-1.129627e+03
2791	-1.134950e+03
2792	-1.133773e+03
2793	-1.122802e+03
2794	-1.136893e+03
2795	-1.131584e+03
2796	-1.108948e+03
2797	-1.144939e+03
2798	-1.111509e+03
2799	-1.132982e+03
2800	-1.123373e+03
2801	-1.136036e+03
2802	-1.139925e+03
2803	-1.142892e+03
2804	-1.127813e+03
2805	-1.130734e+03
2806	-1.122134e+03
2807	-1.145309e+03
2808	-1.136027e+03
2809	-1.105983e+03
2810	-1.132192e+03
2811	-1.126647e+03
2812	-1.126645e+03
2813	-1.124098e+03
2814	-1.126407e+03
2815	-1.129424e+03
2816	-1.130983e+03
2817	-1.124875e+03
2818	-1.131374e+03
2819	-1.123224e+03
2820	-1.124209e+03
2821	-1.136361e+03
2822	-1.113123e+03
2823	-1.148528e+03
2824	-1.114823e+03
2825	-1.111231e+03
2826	-1.128572e+03
2827	-1.130149e+03
2828	-1.145949e+03
2829	-1.141924e+03
2830	-1.128290e+03
2831	-1.132927e+03
2832	-1.117713e+03
2833	-1.141661e+03
2834	-1.130568e+03
2835	-1.153785e+03
2836	-1.143444e+03
2837	-1.129689e+03
2838	-1.144642e+03
2839	-1.117057e+03
2840	-1.131839e+03
2841	-1.125685e+03
2842	-1.135530e+03
2843	-1.116373e+03
2844	-1.138964e+03
2845	-1.137348e+03
2846	-1.124259e+03
2847	-1.119241e+03
2848	-1.131773e+03
2849	-1.129940e+03
2850	-1.154545e+03
2851	-1.123157e+03
2852	-1.133300e+03
2853	-1.123955e+03
2854	-1.106137e+03
2855	-1.109543e+03
2856	-1.142311e+03
2857	-1.125957e+03
2858	-1.134164e+03
2859	-1.127127e+03
2860	-1.136107e+03
2861	-1.143208e+03
2862	-1.115731e+03
2863	-1.144211e+03
2864	-1.119838e+03
2865	-1.132796e+03
2866	-1.128159e+03
2867	-1.117634e+03
2868	-1.126178e+03
2869	-1.128319e+03
2870	-1.122584e+03
2871	-1.124494e+03
2872	-1.135752e+03
2873	-1.127918e+03
2874	-1.125799e+03
2875	-1.110146e+03
2876	-1.118055e+03
2877	-1.130656e+03
2878	-1.135738e+03
2879	-1.132048e+03
2880	-1.114373e+03
2881	-1.143060e+03
2882	-1.131319e+03
2883	-1.143486e+03
2884	-1.134125e+03
2885	-1.109377e+03
2886	-1.138977e+03
2887	-1.115835e+03
2888	-1.139560e+03
2889	-1.149418e+03
2890	-1.125305e+03
2891	-1.124630e+03
2892	-1.131488e+03
2893	-1.137557e+03
2894	-1.119983e+03
2895	-1.123565e+03
2896	-1.132952e+03
2897	-1.120039e+03
2898	-1.116779e+03
2899	-1.132173e+03
2900	-1.117069e+03
2901	-1.126431e+03
2902	-1.113968e+03
2903	-1.126848e+03
2904	-1.138003e+03
2905	-1.134307e+03
2906	-1.152092e+03
2907	-1.129302e+03
2908	-1.108330e+03
2909	-1.110434e+03
2910	-1.126048e+03
2911	-1.115608e+03
2912	-1.117883e+03
2913	-1.144981e+03
2914	-1.112468e+03
2915	-1.139313e+03
2916	-1.125422e+03
2917	-1.140869e+03
2918	-1.121009e+03
2919	-1.117087e+03
2920	-1.123184e+03
2921	-1.127320e+03
2922	-1.100669e+03
2923	-1.133730e+03
2924	-1.124433e+03
2925	-1.129570e+03
2926	-1.138289e+03
2927	-1.145709e+03
2928	-1.127733e+03
2929	-1.113845e+03
2930	-1.132556e+03
2931	-1.115597e+03
2932	-1.115028e+03
2933	-1.138857e+03
2934	-1.136261e+03
2935	-1.144251e+03
2936	-1.126929e+03
2937	-1.135392e+03
2938	-1.140156e+03
2939	-1.133079e+03
2940	-1.137396e+03
2941	-1.131536e+03
2942	-1.113026e+03
2943	-1.119688e+03
2944	-1.120999e+03
2945	-1.114303e+03
2946	-1.121814e+03
2947	-1.115097e+03
2948	-1.121250e+03
2949	-1.133719e+03
2950	-1.111520e+03
2951	-1.143973e+03
2952	-1.122563e+03
2953	-1.157650e+03
2954	-1.118410e+03
2955	-1.121268e+03
2956	-1.145175e+03
2957	-1.126518e+03
2958	-1.127120e+03
2959	-1.118765e+03
2960	-1.109014e+03
2961	-1.140982e+03
2962	-1.135907e+03
2963	-1.109726e+03
2964	-1.137959e+03
2965	-1.135188e+03
2966	-1.121852e+03
2967	-1.124024e+03
2968	-1.158628e+03
2969	-1.135315e+03
2970	-1.118114e+03
2971	-1.116383e+03
2972	-1.147900e+03
2973	-1.110941e+03
2974	-1.132660e+03
2975	-1.125530e+03
2976	-1.138568e+03
2977	-1.119487e+03
2978	-1.123626e+03
2979	-1.144324e+03
2980	-1.142711e+03
2981	-1.131100e+03
2982	-1.136116e+03
2983	-1.149618e+03
2984	-1.125398e+03
2985	-1.121567e+03
2986	-1.134727e+03
2987	-1.118190e+03
2988	-1.136294e+03
2989	-1.142650e+03
2990	-1.132453e+03
2991	-1.134488e+03
2992	-1.133582e+03
2993	-1.117111e+03
2994	-1.117390e+03
2995	-1.134436e+03
2996	-1.117492e+03
2997	-1.137693e+03
2998	-1.128677e+03
2999	-1.137067e+03
3000	-1.123736e+03
3001	-1.137275e+03
3002	-1.136102e+03
3003	-1.117587e+03
3004	-1.127424e+03
3005	-1.130935e+03
3006	-1.129986e+03
3007	-1.144783e+03
3008	-1.112983e+03
3009	-1.126777e+03
3010	-1.126478e+03
3011	-1.128392e+03
3012	-1.153159e+03
3013	-1.114566e+03
3014	-1.123238e+03
3015	-1.135886e+03
3016	-1.139192e+03
3017	-1.146682e+03
3018	-1.126939e+03
3019	-1.143367e+03
3020	-1.123200e+03
3021	-1.149130e+03
3022	-1.107636e+03
3023	-1.134367e+03
3024	-1.128930e+03
3025	-1.123059e+03
3026	-1.138316e+03
3027	-1.125914e+03
3028	-1.138962e+03
3029	-1.134076e+03
3030	-1.134181e+03
3031	-1.128735e+03
3032	-1.135752e+03
3033	-1.107653e+03
3034	-1.139005e+03
3035	-1.134759e+03
3036	-1.119397e+03
3037	-1.125652e+03
3038	-1.138465e+03
3039	-1.126544e+03
3040	-1.138066e+03
3041	-1.105653e+03
3042	-1.114423e+03
3043	-1.147867e+03
3044	-1.137896e+03
3045	-1.132878e+03
3046	-1.138070e+03
3047	-1.126482e+03
3048	-1.130110e+03
3049	-1.118472e+03
3050	-1.136579e+03
3051	-1.124179e+03
3052	-1.119461e+03
3053	-1.133414e+03
3054	-1.138476e+03
3055	-1.130249e+03
3056	-1.130061e+03
3057	-1.122868e+03
3058	-1.126453e+03
3059	-1.132690e+03
3060	-1.129396e+03
3061	-1.137521e+03
3062	-1.130850e+03
3063	-1.145296e+03
3064	-1.135128e+03
3065	-1.130894e+03
3066	-1.109436e+03
3067	-1.120810e+03
3068	-1.121438e+03
3069	-1.131030e+03
3070	-1.122139e+03
3071	-1.140478e+03
3072	-1.142052e+03
3073	-1.148514e+03
3074	-1.138148e+03
3075	-1.120873e+03
3076	-1.132833e+03
3077	-1.127182e+03
3078	-1.144594e+03
3079	-1.112352e+03
3080	-1.127046e+03
3081	-1.131037e+03
3082	-1.126577e+03
3083	-1.126443e+03
3084	-1.126918e+03
3085	-1.127911e+03
3086	-1.123406e+03
3087	-1.128886e+03
3088	-1.138975e+03
3089	-1.140951e+03
3090	-1.154462e+03
3091	-1.115806e+03
3092	-1.121826e+03
3093	-1.129234e+03
3094	-1.119451e+03
3095	-1.120685e+03
3096	-1.137586e+03
3097	-1.108767e+03
3098	-1.115253e+03
3099	-1.110871e+03
3100	-1.124530e+03
3101	-1.129506e+03
3102	-1.132394e+03
3103	-1.104140e+03
3104	-1.126143e+03
3105	-1.116805e+03
3106	-1.147032e+03
3107	-1.134588e+03
3108	-1.142723e+03
3109	-1.137513e+03
3110	-1.113168e+03
3111	-1.126939e+03
3112	-1.129276e+03
3113	-1.141468e+03
3114	-1.139908e+03
3115	-1.134330e+03
3116	-1.125431e+03
3117	-1.122642e+03
3118	-1.117167e+03
3119	-1.107562e+03
3120	-1.132883e+03
3121	-1.130354e+03
3122	-1.134730e+03
3123	-1.124445e+03
3124	-1.130242e+03
3125	-1.118935e+03
3126	-1.115994e+03
3127	-1.125654e+03
3128	-1.143449e+03
3129	-1.130066e+03
3130	-1.145374e+03
3131	-1.135608e+03
3132	-1.140004e+03
3133	-1.151515e+03
3134	-1.117379e+03
3135	-1.141640e+03
3136	-1.110074e+03
3137	-1.125554e+03
3138	-1.119255e+03
3139	-1.137284e+03
3140	-1.118968e+03
3141	-1.120700e+03
3142	-1.124849e+03
3143	-1.128604e+03
3144	-1.134393e+03
3145	-1.146837e+03
3146	-1.142746e+03
3147	-1.133832e+03
3148	-1.138543e+03
3149	-1.121137e+03
3150	-1.120360e+03
3151	-1.125298e+03
3152	-1.135785e+03
3153	-1.131459e+03
3154	-1.115803e+03
3155	-1.130151e+03
3156	-1.128880e+03
3157	-1.130047e+03
3158	-1.113176e+03
3159	-1.121123e+03
3160	-1.115916e+03
3161	-1.116340e+03
3162	-1.115180e+03
3163	-1.114296e+03
3164	-1.138433e+03
3165	-1.139307e+03
3166	-1.121370e+03
3167	-1.141515e+03
3168	-1.109358e+03
3169	-1.123266e+03
3170	-1.131065e+03
3171	-1.123202e+03
3172	-1.135360e+03
3173	-1.135549e+03
3174	-1.110176e+03
3175	-1.130877e+03
3176	-1.120695e+03
3177	-1.124807e+03
3178	-1.111842e+03
3179	-1.125662e+03
3180	-1.132625e+03
3181	-1.116840e+03
3182	-1.123430e+03
3183	-1.132458e+03
3184	-1.122863e+03
3185	-1.126928e+03
3186	-1.137277e+03
3187	-1.126232e+03
3188	-1.150906e+03
3189	-1.126288e+03
3190	-1.139688e+03
3191	-1.144285e+03
3192	-1.118622e+03
3193	-1.132584e+03
3194	-1.146880e+03
3195	-1.116060e+03
3196	-1.140107e+03
3197	-1.142134e+03
3198	-1.141651e+03
3199	-1.110549e+03
3200	-1.124476e+03
3201	-1.146255e+03
3202	-1.140475e+03
3203	-1.128746e+03
3204	-1.133997e+03
3205	-1.160416e+03
3206	-1.131267e+03
3207	-1.124727e+03
3208	-1.108176e+03
3209	-1.135759e+03
3210	-1.139582e+03
3211	-1.118121e+03
3212	-1.126321e+03
3213	-1.119524e+03
3214	-1.115193e+03
3215	-1.125673e+03
3216	-1.136558e+03
3217	-1.132086e+03
3218	-1.121456e+03
3219	-1.131225e+03
3220	-1.129834e+03
3221	-1.130307e+03
3222	-1.147955e+03
3223	-1.134603e+03
3224	-1.129649e+03
3225	-1.146097e+03
3226	-1.139116e+03
3227	-1.126815e+03
3228	-1.113553e+03
3229	-1.128083e+03
3230	-1.115813e+03
3231	-1.122496e+03
3232	-1.132745e+03
3233	-1.122643e+03
3234	-1.117462e+03
3235	-1.131447e+03
3236	-1.132594e+03
3237	-1.146463e+03
3238	-1.159437e+03
3239	-1.138888e+03
3240	-1.122359e+03
3241	-1.122762e+03
3242	-1.140863e+03
3243	-1.138350e+03
3244	-1.131111e+03
3245	-1.124636e+03
3246	-1.125411e+03
3247	-1.139851e+03
3248	-1.124741e+03
3249	-1.128714e+03
3250	-1.113000e+03
3251	-1.139006e+03
3252	-1.126981e+03
3253	-1.116463e+03
3254	-1.115370e+03
3255	-1.141668e+03
3256	-1.120684e+03
3257	-1.126643e+03
3258	-1.132824e+03
3259	-1.133331e+03
3260	-1.126357e+03
3261	-1.135562e+03
3262	-1.137729e+03
3263	-1.128825e+03
3264	-1.132164e+03
3265	-1.135632e+03
3266	-1.133039e+03
3267	-1.120650e+03
3268	-1.128884e+03
3269	-1.141562e+03
3270	-1.133763e+03
3271	-1.112081e+03
3272	-1.131164e+03
3273	-1.154914e+03
3274	-1.131693e+03
3275	-1.141807e+03
3276	-1.133824e+03
3277	-1.124620e+03
3278	-1.124758e+03
3279	-1.139791e+03
3280	-1.127914e+03
3281	-1.138519e+03
3282	-1.137796e+03
3283	-1.130367e+03
3284	-1.132512e+03
3285	-1.140592e+03
3286	-1.125374e+03
3287	-1.137524e+03
3288	-1.127485e+03
3289	-1.120770e+03
3290	-1.114164e+03
3291	-1.142151e+03
3292	-1.145349e+03
3293	-1.129097e+03
3294	-1.126971e+03
3295	-1.123591e+03
3296	-1.130034e+03
3297	-1.143102e+03
3298	-1.124580e+03
3299	-1.130978e+03
3300	-1.138621e+03
3301	-1.143058e+03
3302	-1.151743e+03
3303	-1.150579e+03
3304	-1.111213e+03
3305	-1.139452e+03
3306	-1.121650e+03
3307	-1.113826e+03
3308	-1.126748e+03
3309	-1.109727e+03
3310	-1.102254e+03
3311	-1.134618e+03
3312	-1.136946e+03
3313	-1.132498e+03
3314	-1.138331e+03
3315	-1.114388e+03
3316	-1.112422e+03
3317	-1.129459e+03
3318	-1.112668e+03
3319	-1.140134e+03
3320	-1.138973e+03
3321	-1.139472e+03
3322	-1.143629e+03
3323	-1.137777e+03
3324	-1.149447e+03
3325	-1.132589e+03
3326	-1.125025e+03
3327	-1.125045e+03
3328	-1.147065e+03
3329	-1.139487e+03
3330	-1.117104e+03
3331	-1.126917e+03
3332	-1.114532e+03
3333	-1.140904e+03
3334	-1.133162e+03
3335	-1.122837e+03
3336	-1.111893e+03
3337	-1.112803e+03
3338	-1.142054e+03
3339	-1.123420e+03
3340	-1.133011e+03
3341	-1.138214e+03
3342	-1.111250e+03
3343	-1.133541e+03
3344	-1.161870e+03
3345	-1.137420e+03
3346	-1.107439e+03
3347	-1.128153e+03
3348	-1.137613e+03
3349	-1.128027e+03
3350	-1.147513e+03
3351	-1.150254e+03
3352	-1.112990e+03
3353	-1.158699e+03
3354	-1.112487e+03
3355	-1.124238e+03
3356	-1.131922e+03
3357	-1.141757e+03
3358	-1.127060e+03
3359	-1.131098e+03
3360	-1.121458e+03
3361	-1.130069e+03
3362	-1.132351e+03
3363	-1.121651e+03
3364	-1.127506e+03
3365	-1.139514e+03
3366	-1.142348e+03
3367	-1.122341e+03
3368	-1.137950e+03
3369	-1.129788e+03
3370	-1.125247e+03
3371	-1.129774e+03
3372	-1.126402e+03
3373	-1.127655e+03
3374	-1.129294e+03
3375	-1.128725e+03
3376	-1.113447e+03
3377	-1.142211e+03
3378	-1.155077e+03
3379	-1.122682e+03
3380	-1.120312e+03
3381	-1.126675e+03
3382	-1.127123e+03
3383	-1.125054e+03
3384	-1.153685e+03
3385	-1.116106e+03
3386	-1.126832e+03
3387	-1.130372e+03
3388	-1.132927e+03
3389	-1.118078e+03
3390	-1.130549e+03
3391	-1.112323e+03
3392	-1.143373e+03
3393	-1.138689e+03
3394	-1.126729e+03
3395	-1.111225e+03
3396	-1.141244e+03
3397	-1.133343e+03
3398	-1.137606e+03
3399	-1.135235e+03
3400	-1.117257e+03
3401	-1.116073e+03
3402	-1.137510e+03
3403	-1.125254e+03
3404	-1.121487e+03
3405	-1.122039e+03
3406	-1.118046e+03
3407	-1.112619e+03
3408	-1.140870e+03
3409	-1.119098e+03
3410	-1.136662e+03
3411	-1.134497e+03
3412	-1.151761e+03
3413	-1.138871e+03
3414	-1.131979e+03
3415	-1.131048e+03
3416	-1.128804e+03
3417	-1.131781e+03
3418	-1.139863e+03
3419	-1.119937e+03
3420	-1.111842e+03
3421	-1.131435e+03
3422	-1.131905e+03
3423	-1.132322e+03
3424	-1.109299e+03
3425	-1.122490e+03
3426	-1.130792e+03
3427	-1.118610e+03
3428	-1.139689e+03
3429	-1.120624e+03
3430	-1.135928e+03
3431	-1.120762e+03
3432	-1.131486e+03
3433	-1.128247e+03
3434	-1.118056e+03
3435	-1.127622e+03
3436	-1.131026e+03
3437	-1.131366e+03
3438	-1.129182e+03
3439	-1.116129e+03
3440	-1.124304e+03
3441	-1.135827e+03
3442	-1.137662e+03
3443	-1.119255e+03
3444	-1.129710e+03
3445	-1.150728e+03
3446	-1.144142e+03
3447	-1.139784e+03
3448	-1.141559e+03
3449	-1.123344e+03
3450	-1.128655e+03
3451	-1.117363e+03
3452	-1.130966e+03
3453	-1.132211e+03
3454	-1.139876e+03
3455	-1.130254e+03
3456	-1.128425e+03
3457	-1.125502e+03
3458	-1.137141e+03
3459	-1.120540e+03
3460	-1.133269e+03
3461	-1.118033e+03
3462	-1.144039e+03
3463	-1.126770e+03
3464	-1.128967e+03
3465	-1.124015e+03
3466	-1.108030e+03
3467	-1.143936e+03
3468	-1.137793e+03
3469	-1.137980e+03
3470	-1.130856e+03
3471	-1.129854e+03
3472	-1.123633e+03
3473	-1.136044e+03
3474	-1.136923e+03
3475	-1.125288e+03
3476	-1.140203e+03
3477	-1.125675e+03
3478	-1.119260e+03
3479	-1.112021e+03
3480	-1.102558e+03
3481	-1.125275e+03
3482	-1.134019e+03
3483	-1.129376e+03
3484	-1.133154e+03
3485	-1.144914e+03
3486	-1.130717e+03
3487	-1.111575e+03
3488	-1.136797e+03
3489	-1.114591e+03
3490	-1.153990e+03
3491	-1.142070e+03
3492	-1.129804e+03
3493	-1.118695e+03
3494	-1.123072e+03
3495	-1.153814e+03
3496	-1.121582e+03
3497	-1.129331e+03
3498	-1.129772e+03
3499	-1.103785e+03
3500	-1.134396e+03
3501	-1.109004e+03
3502	-1.129724e+03
3503	-1.126895e+03
3504	-1.139485e+03
3505	-1.149310e+03
3506	-1.109740e+03
3507	-1.127134e+03
3508	-1.124561e+03
3509	-1.125314e+03
3510	-1.125037e+03
3511	-1.131433e+03
3512	-1.136808e+03
3513	-1.129913e+03
3514	-1.120056e+03
3515	-1.116920e+03
3516	-1.149820e+03
3517	-1.137263e+03
3518	-1.116987e+03
3519	-1.135654e+03
3520	-1.140468e+03
3521	-1.118335e+03
3522	-1.109460e+03
3523	-1.148686e+03
3524	-1.145720e+03
3525	-1.134302e+03
3526	-1.134756e+03
3527	-1.129513e+03
3528	-1.138212e+03
3529	-1.123617e+03
3530	-1.130298e+03
3531	-1.122833e+03
3532	-1.134523e+03
3533	-1.129171e+03
3534	-1.131548e+03
3535	-1.124100e+03
3536	-1.128066e+03
3537	-1.142559e+03
3538	-1.138982e+03
3539	-1.104020e+03
3540	-1.127275e+03
3541	-1.132358e+03
3542	-1.130772e+03
3543	-1.127780e+03
3544	-1.142202e+03
3545	-1.138793e+03
3546	-1.124765e+03
3547	-1.127614e+03
3548	-1.141163e+03
3549	-1.138672e+03
3550	-1.125463e+03
3551	-1.152627e+03
3552	-1.124823e+03
3553	-1.125994e+03
3554	-1.136701e+03
3555	-1.137668e+03
3556	-1.137351e+03
3557	-1.144073e+03
3558	-1.138561e+03
3559	-1.130877e+03
3560	-1.118831e+03
3561	-1.129429e+03
3562	-1.151991e+03
3563	-1.133101e+03
3564	-1.119026e+03
3565	-1.140759e+03
3566	-1.126727e+03
3567	-1.134323e+03
3568	-1.129547e+03
3569	-1.123169e+03
3570	-1.129428e+03
3571	-1.150621e+03
3572	-1.129901e+03
3573	-1.141172e+03
3574	-1.163223e+03
3575	-1.145292e+03
3576	-1.120246e+03
3577	-1.144000e+03
3578	-1.111310e+03
3579	-1.120925e+03
3580	-1.116318e+03
3581	-1.123369e+03
3582	-1.136701e+03
3583	-1.136659e+03
3584	-1.122127e+03
3585	-1.128420e+03
3586	-1.124472e+03
3587	-1.138136e+03
3588	-1.138579e+03
3589	-1.113562e+03
3590	-1.125587e+03
3591	-1.126570e+03
3592	-1.135406e+03
3593	-1.146014e+03
3594	-1.132081e+03
3595	-1.125878e+03
3596	-1.124506e+03
3597	-1.135756e+03
3598	-1.120380e+03
3599	-1.124344e+03
3600	-1.127369e+03
3601	-1.126098e+03
3602	-1.131004e+03
3603	-1.129206e+03
3604	-1.123752e+03
3605	-1.132400e+03
3606	-1.125808e+03
3607	-1.109537e+03
3608	-1.139177e+03
3609	-1.141904e+03
3610	-1.116923e+03
3611	-1.143827e+03
3612	-1.120568e+03
3613	-1.148136e+03
3614	-1.114619e+03
3615	-1.125907e+03
3616	-1.125371e+03
3617	-1.127631e+03
3618	-1.149540e+03
3619	-1.139442e+03
3620	-1.114438e+03
3621	-1.141490e+03
3622	-1.129495e+03
3623	-1.112181e+03
3624	-1.120650e+03
3625	-1.136005e+03
3626	-1.106999e+03
3627	-1.134053e+03
3628	-1.139869e+03
3629	-1.124489e+03
3630	-1.166589e+03
3631	-1.136341e+03
3632	-1.143284e+03
3633	-1.129115e+03
3634	-1.144250e+03
3635	-1.133208e+03
3636	-1.132465e+03
3637	-1.136395e+03
3638	-1.125410e+03
3639	-1.119428e+03
3640	-1.128154e+03
3641	-1.134024e+03
3642	-1.128463e+03
3643	-1.126472e+03
3644	-1.121148e+03
3645	-1.130509e+03
3646	-1.102904e+03
3647	-1.119430e+03
3648	-1.136397e+03
3649	-1.122967e+03
3650	-1.133305e+03
3651	-1.119294e+03
3652	-1.161549e+03
3653	-1.135330e+03
3654	-1.127798e+03
3655	-1.127272e+03
3656	-1.120599e+03
3657	-1.130712e+03
3658	-1.143528e+03
3659	-1.142099e+03
3660	-1.126330e+03
3661	-1.135616e+03
3662	-1.134853e+03
3663	-1.109512e+03
3664	-1.125399e+03
3665	-1.131091e+03
3666	-1.114671e+03
3667	-1.135836e+03
3668	-1.130140e+03
3669	-1.128058e+03
3670	-1.121310e+03
3671	-1.120579e+03
3672	-1.128045e+03
3673	-1.134200e+03
3674	-1.104428e+03
3675	-1.120339e+03
3676	-1.139079e+03
3677	-1.126923e+03
3678	-1.136005e+03
3679	-1.153174e+03
3680	-1.135266e+03
3681	-1.140803e+03
3682	-1.134712e+03
3683	-1.144201e+03
3684	-1.123816e+03
3685	-1.134416e+03
3686	-1.130799e+03
3687	-1.133992e+03
3688	-1.127009e+03
3689	-1.132475e+03
3690	-1.128843e+03
3691	-1.116655e+03
3692	-1.112831e+03
3693	-1.133423e+03
3694	-1.127545e+03
3695	-1.127193e+03
3696	-1.129614e+03
3697	-1.116144e+03
3698	-1.131013e+03
3699	-1.141322e+03
3700	-1.104584e+03
3701	-1.130917e+03
3702	-1.147966e+03
3703	-1.129513e+03
3704	-1.124687e+03
3705	-1.130318e+03
3706	-1.122911e+03
3707	-1.131374e+03
3708	-1.136014e+03
3709	-1.134815e+03
3710	-1.126581e+03
3711	-1.119055e+03
3712	-1.120544e+03
3713	-1.138718e+03
3714	-1.142928e+03
3715	-1.117094e+03
3716	-1.136347e+03
3717	-1.138510e+03
3718	-1.109788e+03
3719	-1.118019e+03
3720	-1.151613e+03
3721	-1.139512e+03
3722	-1.142297e+03
3723	-1.119669e+03
3724	-1.122339e+03
3725	-1.166068e+03
3726	-1.129461e+03
3727	-1.126529e+03
3728	-1.141654e+03
3729	-1.142196e+03
3730	-1.130376e+03
3731	-1.140278e+03
3732	-1.125203e+03
3733	-1.116314e+03
3734	-1.119388e+03
3735	-1.133271e+03
3736	-1.117278e+03
3737	-1.119838e+03
3738	-1.134885e+03
3739	-1.120464e+03
3740	-1.140499e+03
3741	-1.114808e+03
3742	-1.113894e+03
3743	-1.138637e+03
3744	-1.140267e+03
3745	-1.162709e+03
3746	-1.133705e+03
3747	-1.120360e+03
3748	-1.131755e+03
3749	-1.133540e+03
3750	-1.133320e+03
3751	-1.130422e+03
3752	-1.144661e+03
3753	-1.121407e+03
3754	-1.130881e+03
3755	-1.121781e+03
3756	-1.149327e+03
3757	-1.133840e+03
3758	-1.133202e+03
3759	-1.124712e+03
3760	-1.115999e+03
3761	-1.114663e+03
3762	-1.130600e+03
3763	-1.129453e+03
3764	-1.111330e+03
3765	-1.117541e+03
3766	-1.127855e+03
3767	-1.137648e+03
3768	-1.143699e+03
3769	-1.126547e+03
3770	-1.120673e+03
3771	-1.134429e+03
3772	-1.111641e+03
3773	-1.123630e+03
3774	-1.136854e+03
3775	-1.129483e+03
3776	-1.122619e+03
3777	-1.130139e+03
3778	-1.118183e+03
3779	-1.134350e+03
3780	-1.112787e+03
3781	-1.133022e+03
3782	-1.154802e+03
3783	-1.148547e+03
3784	-1.136414e+03
3785	-1.125813e+03
3786	-1.118354e+03
3787	-1.124838e+03
3788	-1.134714e+03
3789	-1.137429e+03
3790	-1.118615e+03
3791	-1.121523e+03
3792	-1.116348e+03
3793	-1.135804e+03
3794	-1.140115e+03
3795	-1.129909e+03
3796	-1.145290e+03
3797	-1.101955e+03
3798	-1.129599e+03
3799	-1.134302e+03
3800	-1.126627e+03
3801	-1.130484e+03
3802	-1.137404e+03
3803	-1.125640e+03
3804	-1.123665e+03
3805	-1.116838e+03
3806	-1.126537e+03
3807	-1.137110e+03
3808	-1.141553e+03
3809	-1.123313e+03
3810	-1.142476e+03
3811	-1.124700e+03
3812	-1.121458e+03
3813	-1.127379e+03
3814	-1.118142e+03
3815	-1.123109e+03
3816	-1.147307e+03
3817	-1.121217e+03
3818	-1.119907e+03
3819	-1.138821e+03
3820	-1.127737e+03
3821	-1.133741e+03
3822	-1.130326e+03
3823	-1.131977e+03
3824	-1.126717e+03
3825	-1.136054e+03
3826	-1.109891e+03
3827	-1.130755e+03
3828	-1.129323e+03
3829	-1.140568e+03
3830	-1.130993e+03
3831	-1.128954e+03
3832	-1.121520e+03
3833	-1.110043e+03
3834	-1.129693e+03
3835	-1.142549e+03
3836	-1.118106e+03
3837	-1.119799e+03
3838	-1.129729e+03
3839	-1.117705e+03
3840	-1.134855e+03
3841	-1.113136e+03
3842	-1.144923e+03
3843	-1.131096e+03
3844	-1.139546e+03
3845	-1.142499e+03
3846	-1.125998e+03
3847	-1.128336e+03
3848	-1.126383e+03
3849	-1.137026e+03
3850	-1.148298e+03
3851	-1.123318e+03
3852	-1.117742e+03
3853	-1.126970e+03
3854	-1.121987e+03
3855	-1.118301e+03
3856	-1.132261e+03
3857	-1.132804e+03
3858	-1.147477e+03
3859	-1.134653e+03
3860	-1.134609e+03
3861	-1.146326e+03
3862	-1.130377e+03
3863	-1.149567e+03
3864	-1.125816e+03
3865	-1.131667e+03
3866	-1.115413e+03
3867	-1.117200e+03
3868	-1.115253e+03
3869	-1.125492e+03
3870	-1.129183e+03
3871	-1.122411e+03
3872	-1.127354e+03
3873	-1.113631e+03
3874	-1.132360e+03
3875	-1.112804e+03
3876	-1.131395e+03
3877	-1.144168e+03
3878	-1.135535e+03
3879	-1.145650e+03
3880	-1.123097e+03
3881	-1.139155e+03
3882	-1.147206e+03
3883	-1.131106e+03
3884	-1.122451e+03
3885	-1.127556e+03
3886	-1.135268e+03
3887	-1.120335e+03
3888	-1.125503e+03
3889	-1.134909e+03
3890	-1.136879e+03
3891	-1.128991e+03
3892	-1.145237e+03
3893	-1.130338e+03
3894	-1.130229e+03
3895	-1.132097e+03
3896	-1.128904e+03
3897	-1.134017e+03
3898	-1.139250e+03
3899	-1.134940e+03
3900	-1.131218e+03
3901	-1.124784e+03
3902	-1.125393e+03
3903	-1.128210e+03
3904	-1.129447e+03
3905	-1.120610e+03
3906	-1.143265e+03
3907	-1.103828e+03
3908	-1.119696e+03
3909	-1.128554e+03
3910	-1.148025e+03
3911	-1.124884e+03
3912	-1.118765e+03
3913	-1.121892e+03
3914	-1.118047e+03
3915	-1.139109e+03
3916	-1.132774e+03
3917	-1.107507e+03
3918	-1.120064e+03
3919	-1.117474e+03
3920	-1.145205e+03
3921	-1.121905e+03
3922	-1.128626e+03
3923	-1.141501e+03
3924	-1.147637e+03
3925	-1.139244e+03
3926	-1.134501e+03
3927	-1.143686e+03
3928	-1.136592e+03
3929	-1.116939e+03
3930	-1.122020e+03
3931	-1.140708e+03
3932	-1.120753e+03
3933	-1.150045e+03
3934	-1.134290e+03
3935	-1.141779e+03
3936	-1.130854e+03
3937	-1.116365e+03
3938	-1.128406e+03
3939	-1.116561e+03
3940	-1.141952e+03
3941	-1.128164e+03
3942	-1.119473e+03
3943	-1.136862e+03
3944	-1.121942e+03
3945	-1.128137e+03
3946	-1.132271e+03
3947	-1.115248e+03
3948	-1.121280e+03
3949	-1.108825e+03
3950	-1.138433e+03
3951	-1.121314e+03
3952	-1.146746e+03
3953	-1.142240e+03
3954	-1.119065e+03
3955	-1.119438e+03
3956	-1.134083e+03
3957	-1.116952e+03
3958	-1.135956e+03
3959	-1.117382e+03
3960	-1.123998e+03
3961	-1.120526e+03
3962	-1.138805e+03
3963	-1.145499e+03
3964	-1.116909e+03
3965	-1.124396e+03
3966	-1.134661e+03
3967	-1.135614e+03
3968	-1.135843e+03
3969	-1.126307e+03
3970	-1.112299e+03
3971	-1.123942e+03
3972	-1.122390e+03
3973	-1.117286e+03
3974	-1.134445e+03
3975	-1.134030e+03
3976	-1.113514e+03
3977	-1.111862e+03
3978	-1.122131e+03
3979	-1.124539e+03
3980	-1.126734e+03
3981	-1.124470e+03
3982	-1.119821e+03
3983	-1.121572e+03
3984	-1.131499e+03
3985	-1.143592e+03
3986	-1.131522e+03
3987	-1.141771e+03
3988	-1.113363e+03
3989	-1.122149e+03
3990	-1.118397e+03
3991	-1.142728e+03
3992	-1.138925e+03
3993	-1.113520e+03
3994	-1.132044e+03
3995	-1.133681e+03
3996	-1.131095e+03
3997	-1.117279e+03
3998	-1.128889e+03
3999	-1.131994e+03
4000	-1.118949e+03
4001	-1.124219e+03
4002	-1.123300e+03
4003	-1.116210e+03
4004	-1.127640e+03
4005	-1.133124e+03
4006	-1.132658e+03
4007	-1.141670e+03
4008	-1.126529e+03
4009	-1.103221e+03
4010	-1.119334e+03
4011	-1.122554e+03
4012	-1.146173e+03
4013	-1.141520e+03
4014	-1.125870e+03
4015	-1.130116e+03
4016	-1.116118e+03
4017	-1.118445e+03
4018	-1.122825e+03
4019	-1.129273e+03
4020	-1.132637e+03
4021	-1.119925e+03
4022	-1.138739e+03
4023	-1.107745e+03
4024	-1.116785e+03
4025	-1.138067e+03
4026	-1.137606e+03
4027	-1.135007e+03
4028	-1.094098e+03
4029	-1.129367e+03
4030	-1.125173e+03
4031	-1.127784e+03
4032	-1.129865e+03
4033	-1.123255e+03
4034	-1.106269e+03
4035	-1.121644e+03
4036	-1.142156e+03
4037	-1.132209e+03
4038	-1.142939e+03
4039	-1.137963e+03
4040	-1.137042e+03
4041	-1.130552e+03
4042	-1.136482e+03
4043	-1.127767e+03
4044	-1.137636e+03
4045	-1.123800e+03
4046	-1.118203e+03
4047	-1.124713e+03
4048	-1.127717e+03
4049	-1.142628e+03
4050	-1.141974e+03
4051	-1.121673e+03
4052	-1.125321e+03
4053	-1.131700e+03
4054	-1.126990e+03
4055	-1.134046e+03
4056	-1.118804e+03
4057	-1.129922e+03
4058	-1.130083e+03
4059	-1.142827e+03
4060	-1.130933e+03
4061	-1.135480e+03
4062	-1.142772e+03
4063	-1.111577e+03
4064	-1.112275e+03
4065	-1.132715e+03
4066	-1.138184e+03
4067	-1.140914e+03
4068	-1.134127e+03
4069	-1.129707e+03
4070	-1.123264e+03
4071	-1.121181e+03
4072	-1.119572e+03
4073	-1.119772e+03
4074	-1.102858e+03
4075	-1.148665e+03
4076	-1.120715e+03
4077	-1.126485e+03
4078	-1.121707e+03
4079	-1.135623e+03
4080	-1.132596e+03
4081	-1.113754e+03
4082	-1.136779e+03
4083	-1.122817e+03
4084	-1.113057e+03
4085	-1.140912e+03
4086	-1.110461e+03
4087	-1.112891e+03
4088	-1.145055e+03
4089	-1.120511e+03
4090	-1.120440e+03
4091	-1.115082e+03
4092	-1.112927e+03
4093	-1.121446e+03
4094	-1.128150e+03
4095	-1.097245e+03
4096	-1.116277e+03
4097	-1.128671e+03
4098	-1.136590e+03
4099	-1.119761e+03
4100	-1.106839e+03
4101	-1.123695e+03
4102	-1.136060e+03
4103	-1.126660e+03
4104	-1.130653e+03
4105	-1.135718e+03
4106	-1.141256e+03
4107	-1.123533e+03
4108	-1.125279e+03
4109	-1.124323e+03
4110	-1.112005e+03
4111	-1.130415e+03
4112	-1.119461e+03
4113	-1.117300e+03
4114	-1.127223e+03
4115	-1.144953e+03
4116	-1.123743e+03
4117	-1.128926e+03
4118	-1.146968e+03
4119	-1.127960e+03
4120	-1.116535e+03
4121	-1.125921e+03
4122	-1.134902e+03
4123	-1.123151e+03
4124	-1.149136e+03
4125	-1.112574e+03
4126	-1.135304e+03
4127	-1.125242e+03
4128	-1.138513e+03
4129	-1.144734e+03
4130	-1.128947e+03
4131	-1.121791e+03
4132	-1.119259e+03
4133	-1.124529e+03
4134	-1.136154e+03
4135	-1.123637e+03
4136	-1.143469e+03
4137	-1.134706e+03
4138	-1.132307e+03
4139	-1.127381e+03
4140	-1.111831e+03
4141	-1.126941e+03
4142	-1.126637e+03
4143	-1.119613e+03
4144	-1.120894e+03
4145	-1.136614e+03
4146	-1.117199e+03
4147	-1.112791e+03
4148	-1.146071e+03
4149	-1.118074e+03
4150	-1.121575e+03
4151	-1.125852e+03
4152	-1.136787e+03
4153	-1.140103e+03
4154	-1.122851e+03
4155	-1.138153e+03
4156	-1.120565e+03
4157	-1.140830e+03
4158	-1.131370e+03
4159	-1.115262e+03
4160	-1.120298e+03
4161	-1.160784e+03
4162	-1.135090e+03
4163	-1.117191e+03
4164	-1.132759e+03
4165	-1.138719e+03
4166	-1.134803e+03
4167	-1.111805e+03
4168	-1.125686e+03
4169	-1.141812e+03
4170	-1.130889e+03
4171	-1.113123e+03
4172	-1.132853e+03
4173	-1.132596e+03
4174	-1.128288e+03
4175	-1.117727e+03
4176	-1.132498e+03
4177	-1.134422e+03
4178	-1.159173e+03
4179	-1.127080e+03
4180	-1.143724e+03
4181	-1.144542e+03
4182	-1.113652e+03
4183	-1.132460e+03
4184	-1.130280e+03
4185	-1.108379e+03
4186	-1.122991e+03
4187	-1.131330e+03
4188	-1.133059e+03
4189	-1.122967e+03
4190	-1.116838e+03
4191	-1.119468e+03
4192	-1.127965e+03
4193	-1.124080e+03
4194	-1.126822e+03
4195	-1.120579e+03
4196	-1.116697e+03
4197	-1.121015e+03
4198	-1.119903e+03
4199	-1.131327e+03
4200	-1.144833e+03
4201	-1.132488e+03
4202	-1.123992e+03
4203	-1.129702e+03
4204	-1.159222e+03
4205	-1.125231e+03
4206	-1.129619e+03
4207	-1.127680e+03
4208	-1.124992e+03
4209	-1.135656e+03
4210	-1.131282e+03
4211	-1.135986e+03
4212	-1.139242e+03
4213	-1.114054e+03
4214	-1.158987e+03
4215	-1.136732e+03
4216	-1.116260e+03
4217	-1.126977e+03
4218	-1.126208e+03
4219	-1.128641e+03
4220	-1.130550e+03
4221	-1.133667e+03
4222	-1.138690e+03
4223	-1.123097e+03
4224	-1.131050e+03
4225	-1.114088e+03
4226	-1.127147e+03
4227	-1.116864e+03
4228	-1.106996e+03
4229	-1.133812e+03
4230	-1.121380e+03
4231	-1.106513e+03
4232	-1.107258e+03
4233	-1.127743e+03
4234	-1.141501e+03
4235	-1.123871e+03
4236	-1.157841e+03
4237	-1.112662e+03
4238	-1.107334e+03
4239	-1.118755e+03
4240	-1.125384e+03
4241	-1.111488e+03
4242	-1.142746e+03
4243	-1.128662e+03
4244	-1.125330e+03
4245	-1.130567e+03
4246	-1.124390e+03
4247	-1.118292e+03
4248	-1.132400e+03
4249	-1.130166e+03
4250	-1.124342e+03
4251	-1.128033e+03
4252	-1.125290e+03
4253	-1.126218e+03
4254	-1.148435e+03
4255	-1.110633e+03
4256	-1.127984e+03
4257	-1.126109e+03
4258	-1.123415e+03
4259	-1.132920e+03
4260	-1.140311e+03
4261	-1.137924e+03
4262	-1.124008e+03
4263	-1.149246e+03
4264	-1.126614e+03
4265	-1.125735e+03
4266	-1.118126e+03
4267	-1.112141e+03
4268	-1.135298e+03
4269	-1.129742e+03
4270	-1.136903e+03
4271	-1.145904e+03
4272	-1.130673e+03
4273	-1.140789e+03
4274	-1.142253e+03
4275	-1.126558e+03
4276	-1.134123e+03
4277	-1.132911e+03
4278	-1.118309e+03
4279	-1.135932e+03
4280	-1.117420e+03
4281	-1.132554e+03
4282	-1.138690e+03
4283	-1.119331e+03
4284	-1.129519e+03
4285	-1.128429e+03
4286	-1.127497e+03
4287	-1.119110e+03
4288	-1.145473e+03
4289	-1.138565e+03
4290	-1.126992e+03
4291	-1.125529e+03
4292	-1.135650e+03
4293	-1.124148e+03
4294	-1.131243e+03
4295	-1.137307e+03
4296	-1.126047e+03
4297	-1.116609e+03
4298	-1.136663e+03
4299	-1.145278e+03
4300	-1.146059e+03
4301	-1.128557e+03
4302	-1.130963e+03
4303	-1.147818e+03
4304	-1.134646e+03
4305	-1.149088e+03
4306	-1.146476e+03
4307	-1.132701e+03
4308	-1.122395e+03
4309	-1.131414e+03
4310	-1.125368e+03
4311	-1.115455e+03
4312	-1.131060e+03
4313	-1.132233e+03
4314	-1.121061e+03
4315	-1.131715e+03
4316	-1.127608e+03
4317	-1.135573e+03
4318	-1.123040e+03
4319	-1.145573e+03
4320	-1.129777e+03
4321	-1.144116e+03
4322	-1.116973e+03
4323	-1.113599e+03
4324	-1.112267e+03
4325	-1.119930e+03
4326	-1.105639e+03
4327	-1.120249e+03
4328	-1.134519e+03
4329	-1.124818e+03
4330	-1.128038e+03
4331	-1.120340e+03
4332	-1.126241e+03
4333	-1.123568e+03
4334	-1.115869e+03
4335	-1.127432e+03
4336	-1.127698e+03
4337	-1.128523e+03
4338	-1.126330e+03
4339	-1.131787e+03
4340	-1.138214e+03
4341	-1.097118e+03
4342	-1.114773e+03
4343	-1.128734e+03
4344	-1.123429e+03
4345	-1.138269e+03
4346	-1.147445e+03
4347	-1.138349e+03
4348	-1.129621e+03
4349	-1.125927e+03
4350	-1.089606e+03
4351	-1.136868e+03
4352	-1.119638e+03
4353	-1.120256e+03
4354	-1.138826e+03
4355	-1.132905e+03
4356	-1.115733e+03
4357	-1.136700e+03
4358	-1.112174e+03
4359	-1.121707e+03
4360	-1.124962e+03
4361	-1.134114e+03
4362	-1.130430e+03
4363	-1.126072e+03
4364	-1.131412e+03
4365	-1.143052e+03
4366	-1.144340e+03
4367	-1.130355e+03
4368	-1.125944e+03
4369	-1.120695e+03
4370	-1.127741e+03
4371	-1.116089e+03
4372	-1.123525e+03
4373	-1.129265e+03
4374	-1.137595e+03
4375	-1.121226e+03
4376	-1.118245e+03
4377	-1.132102e+03
4378	-1.150327e+03
4379	-1.124791e+03
4380	-1.128134e+03
4381	-1.152128e+03
4382	-1.131271e+03
4383	-1.113149e+03
4384	-1.113668e+03
4385	-1.124731e+03
4386	-1.148745e+03
4387	-1.108176e+03
4388	-1.117444e+03
4389	-1.114576e+03
4390	-1.106574e+03
4391	-1.130632e+03
4392	-1.146705e+03
4393	-1.124491e+03
4394	-1.125288e+03
4395	-1.139482e+03
4396	-1.144694e+03
4397	-1.119289e+03
4398	-1.112546e+03
4399	-1.135161e+03
4400	-1.137985e+03
4401	-1.151055e+03
4402	-1.136516e+03
4403	-1.134205e+03
4404	-1.113898e+03
4405	-1.130716e+03
4406	-1.160804e+03
4407	-1.142419e+03
4408	-1.123356e+03
4409	-1.113953e+03
4410	-1.127559e+03
4411	-1.117270e+03
4412	-1.124334e+03
4413	-1.144166e+03
4414	-1.116151e+03
4415	-1.138413e+03
4416	-1.125684e+03
4417	-1.152195e+03
4418	-1.142193e+03
4419	-1.134802e+03
4420	-1.140424e+03
4421	-1.122099e+03
4422	-1.126014e+03
4423	-1.139111e+03
4424	-1.129998e+03
4425	-1.157325e+03
4426	-1.123090e+03
4427	-1.126249e+03
4428	-1.130622e+03
4429	-1.140529e+03
4430	-1.123997e+03
4431	-1.146185e+03
4432	-1.122440e+03
4433	-1.126832e+03
4434	-1.160578e+03
4435	-1.123223e+03
4436	-1.109528e+03
4437	-1.129269e+03
4438	-1.141066e+03
4439	-1.117641e+03
4440	-1.128621e+03
4441	-1.133683e+03
4442	-1.137976e+03
4443	-1.118751e+03
4444	-1.126188e+03
4445	-1.119993e+03
4446	-1.154853e+03
4447	-1.124456e+03
4448	-1.136965e+03
4449	-1.135380e+03
4450	-1.128521e+03
4451	-1.129933e+03
4452	-1.137679e+03
4453	-1.129087e+03
4454	-1.130421e+03
4455	-1.116474e+03
4456	-1.138508e+03
4457	-1.150842e+03
4458	-1.144579e+03
4459	-1.154564e+03
4460	-1.109332e+03
4461	-1.102671e+03
4462	-1.128881e+03
4463	-1.139831e+03
4464	-1.139540e+03
4465	-1.140068e+03
4466	-1.150709e+03
4467	-1.114613e+03
4468	-1.130902e+03
4469	-1.126971e+03
4470	-1.132417e+03
4471	-1.150927e+03
4472	-1.126171e+03
4473	-1.127057e+03
4474	-1.151410e+03
4475	-1.127169e+03
4476	-1.115392e+03
4477	-1.114735e+03
4478	-1.117531e+03
4479	-1.146503e+03
4480	-1.127507e+03
4481	-1.115753e+03
4482	-1.129054e+03
4483	-1.120548e+03
4484	-1.160260e+03
4485	-1.117767e+03
4486	-1.130845e+03
4487	-1.128481e+03
4488	-1.141513e+03
4489	-1.127049e+03
4490	-1.132004e+03
4491	-1.121910e+03
4492	-1.129937e+03
4493	-1.124648e+03
4494	-1.137820e+03
4495	-1.133809e+03
4496	-1.118385e+03
4497	-1.126960e+03
4498	-1.141543e+03
4499	-1.144637e+03
4500	-1.136745e+03
4501	-1.133029e+03
4502	-1.121688e+03
4503	-1.129339e+03
4504	-1.130712e+03
4505	-1.124772e+03
4506	-1.117381e+03
4507	-1.121433e+03
4508	-1.145469e+03
4509	-1.131246e+03
4510	-1.135481e+03
4511	-1.140632e+03
4512	-1.126028e+03
4513	-1.111362e+03
4514	-1.139533e+03
4515	-1.136629e+03
4516	-1.124578e+03
4517	-1.123170e+03
4518	-1.130070e+03
4519	-1.129818e+03
4520	-1.125584e+03
4521	-1.127947e+03
4522	-1.132769e+03
4523	-1.134066e+03
4524	-1.126453e+03
4525	-1.123955e+03
4526	-1.132264e+03
4527	-1.147094e+03
4528	-1.114070e+03
4529	-1.129700e+03
4530	-1.139422e+03
4531	-1.102484e+03
4532	-1.144054e+03
4533	-1.127345e+03
4534	-1.136251e+03
4535	-1.097689e+03
4536	-1.105926e+03
4537	-1.126925e+03
4538	-1.125100e+03
4539	-1.128397e+03
4540	-1.128225e+03
4541	-1.101576e+03
4542	-1.118149e+03
4543	-1.131684e+03
4544	-1.133525e+03
4545	-1.146948e+03
4546	-1.123189e+03
4547	-1.109999e+03
4548	-1.130334e+03
4549	-1.137170e+03
4550	-1.139470e+03
4551	-1.122092e+03
4552	-1.127375e+03
4553	-1.106304e+03
4554	-1.109027e+03
4555	-1.134099e+03
4556	-1.124198e+03
4557	-1.116540e+03
4558	-1.134902e+03
4559	-1.113395e+03
4560	-1.143388e+03
4561	-1.139251e+03
4562	-1.126481e+03
4563	-1.147351e+03
4564	-1.125288e+03
4565	-1.136094e+03
4566	-1.137109e+03
4567	-1.109912e+03
4568	-1.139268e+03
4569	-1.123083e+03
4570	-1.132998e+03
4571	-1.111642e+03
4572	-1.110895e+03
4573	-1.123142e+03
4574	-1.131338e+03
4575	-1.147111e+03
4576	-1.129048e+03
4577	-1.125164e+03
4578	-1.125977e+03
4579	-1.121069e+03
4580	-1.126750e+03
4581	-1.135557e+03
4582	-1.124764e+03
4583	-1.126379e+03
4584	-1.152361e+03
4585	-1.128047e+03
4586	-1.142365e+03
4587	-1.152439e+03
4588	-1.140193e+03
4589	-1.132410e+03
4590	-1.146301e+03
4591	-1.127258e+03
4592	-1.144752e+03
4593	-1.141651e+03
4594	-1.147351e+03
4595	-1.152336e+03
4596	-1.127024e+03
4597	-1.130213e+03
4598	-1.128634e+03
4599	-1.127366e+03
4600	-1.122626e+03
4601	-1.145301e+03
4602	-1.125270e+03
4603	-1.123026e+03
4604	-1.121691e+03
4605	-1.139137e+03
4606	-1.129135e+03
4607	-1.151236e+03
4608	-1.118648e+03
4609	-1.159902e+03
4610	-1.122209e+03
4611	-1.135559e+03
4612	-1.129484e+03
4613	-1.127740e+03
4614	-1.128376e+03
4615	-1.141358e+03
4616	-1.120468e+03
4617	-1.123735e+03
4618	-1.125658e+03
4619	-1.135535e+03
4620	-1.136768e+03
4621	-1.116998e+03
4622	-1.137530e+03
4623	-1.119568e+03
4624	-1.131331e+03
4625	-1.128225e+03
4626	-1.137440e+03
4627	-1.114424e+03
4628	-1.134745e+03
4629	-1.146233e+03
4630	-1.135302e+03
4631	-1.120802e+03
4632	-1.140701e+03
4633	-1.139439e+03
4634	-1.129754e+03
4635	-1.120809e+03
4636	-1.123296e+03
4637	-1.131200e+03
4638	-1.134143e+03
4639	-1.148476e+03
4640	-1.128213e+03
4641	-1.119863e+03
4642	-1.144291e+03
4643	-1.123477e+03
4644	-1.121587e+03
4645	-1.137079e+03
4646	-1.130140e+03
4647	-1.133990e+03
4648	-1.116549e+03
4649	-1.125266e+03
4650	-1.126244e+03
4651	-1.120853e+03
4652	-1.145591e+03
4653	-1.149255e+03
4654	-1.137904e+03
4655	-1.115967e+03
4656	-1.118092e+03
4657	-1.138231e+03
4658	-1.124277e+03
4659	-1.137410e+03
4660	-1.120987e+03
4661	-1.129044e+03
4662	-1.114975e+03
4663	-1.128250e+03
4664	-1.137868e+03
4665	-1.135226e+03
4666	-1.138509e+03
4667	-1.131002e+03
4668	-1.121892e+03
4669	-1.128613e+03
4670	-1.132551e+03
4671	-1.150166e+03
4672	-1.134052e+03
4673	-1.145283e+03
4674	-1.143480e+03
4675	-1.119160e+03
4676	-1.126248e+03
4677	-1.130030e+03
4678	-1.130569e+03
4679	-1.156474e+03
4680	-1.132452e+03
4681	-1.136778e+03
4682	-1.132505e+03
4683	-1.152795e+03
4684	-1.131242e+03
4685	-1.131433e+03
4686	-1.116169e+03
4687	-1.125091e+03
4688	-1.139443e+03
4689	-1.113090e+03
4690	-1.128492e+03
4691	-1.127789e+03
4692	-1.124110e+03
4693	-1.118953e+03
4694	-1.130688e+03
4695	-1.150289e+03
4696	-1.138991e+03
4697	-1.124058e+03
4698	-1.124518e+03
4699	-1.147885e+03
4700	-1.142004e+03
4701	-1.120648e+03
4702	-1.112365e+03
4703	-1.111889e+03
4704	-1.141921e+03
4705	-1.129334e+03
4706	-1.132347e+03
4707	-1.143094e+03
4708	-1.122992e+03
4709	-1.134823e+03
4710	-1.139830e+03
4711	-1.125652e+03
4712	-1.152839e+03
4713	-1.132304e+03
4714	-1.122395e+03
4715	-1.128631e+03
4716	-1.127921e+03
4717	-1.129238e+03
4718	-1.119746e+03
4719	-1.111688e+03
4720	-1.125599e+03
4721	-1.124282e+03
4722	-1.132997e+03
4723	-1.140439e+03
4724	-1.138429e+03
4725	-1.123279e+03
4726	-1.108570e+03
4727	-1.123304e+03
4728	-1.135409e+03
4729	-1.117098e+03
4730	-1.134637e+03
4731	-1.148793e+03
4732	-1.122773e+03
4733	-1.122950e+03
4734	-1.122175e+03
4735	-1.140358e+03
4736	-1.095900e+03
4737	-1.121055e+03
4738	-1.137231e+03
4739	-1.128710e+03
4740	-1.127684e+03
4741	-1.115788e+03
4742	-1.128682e+03
4743	-1.125710e+03
4744	-1.147012e+03
4745	-1.124662e+03
4746	-1.129916e+03
4747	-1.124821e+03
4748	-1.119408e+03
4749	-1.138200e+03
4750	-1.123552e+03
4751	-1.137893e+03
4752	-1.118159e+03
4753	-1.111812e+03
4754	-1.140363e+03
4755	-1.135007e+03
4756	-1.133031e+03
4757	-1.118025e+03
4758	-1.131980e+03
4759	-1.114656e+03
4760	-1.122600e+03
4761	-1.137427e+03
4762	-1.138571e+03
4763	-1.140056e+03
4764	-1.136798e+03
4765	-1.111534e+03
4766	-1.115298e+03
4767	-1.116071e+03
4768	-1.123510e+03
4769	-1.143651e+03
4770	-1.142680e+03
4771	-1.119293e+03
4772	-1.130978e+03
4773	-1.129157e+03
4774	-1.130126e+03
4775	-1.118023e+03
4776	-1.117410e+03
4777	-1.142964e+03
4778	-1.119369e+03
4779	-1.130077e+03
4780	-1.126614e+03
4781	-1.143267e+03
4782	-1.128316e+03
4783	-1.131272e+03
4784	-1.134338e+03
4785	-1.133486e+03
4786	-1.123882e+03
4787	-1.113750e+03
4788	-1.124038e+03
4789	-1.135776e+03
4790	-1.139043e+03
4791	-1.151391e+03
4792	-1.136339e+03
4793	-1.127276e+03
4794	-1.122385e+03
4795	-1.119447e+03
4796	-1.141654e+03
4797	-1.127789e+03
4798	-1.136079e+03
4799	-1.140380e+03
4800	-1.122802e+03
4801	-1.144730e+03
4802	-1.117413e+03
4803	-1.115093e+03
4804	-1.124934e+03
4805	-1.136881e+03
4806	-1.133619e+03
4807	-1.120553e+03
4808	-1.114973e+03
4809	-1.132609e+03
4810	-1.163221e+03
4811	-1.114751e+03
4812	-1.134323e+03
4813	-1.122925e+03
4814	-1.133543e+03
4815	-1.117598e+03
4816	-1.127844e+03
4817	-1.121763e+03
4818	-1.136068e+03
4819	-1.119882e+03
4820	-1.142834e+03
4821	-1.122730e+03
4822	-1.123434e+03
4823	-1.110736e+03
4824	-1.136445e+03
4825	-1.130390e+03
4826	-1.150001e+03
4827	-1.118331e+03
4828	-1.142429e+03
4829	-1.132388e+03
4830	-1.124565e+03
4831	-1.134672e+03
4832	-1.149759e+03
4833	-1.130364e+03
4834	-1.125010e+03
4835	-1.120346e+03
4836	-1.117768e+03
4837	-1.127383e+03
4838	-1.132617e+03
4839	-1.132606e+03
4840	-1.120024e+03
4841	-1.109892e+03
4842	-1.133202e+03
4843	-1.128350e+03
4844	-1.144443e+03
4845	-1.117423e+03
4846	-1.142304e+03
4847	-1.148720e+03
4848	-1.117892e+03
4849	-1.119012e+03
4850	-1.101981e+03
4851	-1.121493e+03
4852	-1.111430e+03
4853	-1.123839e+03
4854	-1.130067e+03
4855	-1.123912e+03
4856	-1.152807e+03
4857	-1.128224e+03
4858	-1.126453e+03
4859	-1.129229e+03
4860	-1.123791e+03
4861	-1.126414e+03
4862	-1.131257e+03
4863	-1.124435e+03
4864	-1.132517e+03
4865	-1.148568e+03
4866	-1.146431e+03
4867	-1.139468e+03
4868	-1.133635e+03
4869	-1.132074e+03
4870	-1.126100e+03
4871	-1.140334e+03
4872	-1.121100e+03
4873	-1.109545e+03
4874	-1.138491e+03
4875	-1.126686e+03
4876	-1.123851e+03
4877	-1.126465e+03
4878	-1.120079e+03
4879	-1.134661e+03
4880	-1.125478e+03
4881	-1.121688e+03
4882	-1.130120e+03
4883	-1.122292e+03
4884	-1.124378e+03
4885	-1.119705e+03
4886	-1.111117e+03
4887	-1.125143e+03
4888	-1.135250e+03
4889	-1.121025e+03
4890	-1.122707e+03
4891	-1.124700e+03
4892	-1.128809e+03
4893	-1.127179e+03
4894	-1.139532e+03
4895	-1.125448e+03
4896	-1.136400e+03
4897	-1.114076e+03
4898	-1.119788e+03
4899	-1.140788e+03
4900	-1.144521e+03
4901	-1.136958e+03
4902	-1.127007e+03
4903	-1.126209e+03
4904	-1.130120e+03
4905	-1.112478e+03
4906	-1.156929e+03
4907	-1.125597e+03
4908	-1.120541e+03
4909	-1.143204e+03
4910	-1.127943e+03
4911	-1.127071e+03
4912	-1.119314e+03
4913	-1.121706e+03
4914	-1.147206e+03
4915	-1.131123e+03
4916	-1.124204e+03
4917	-1.128429e+03
4918	-1.127087e+03
4919	-1.105278e+03
4920	-1.140720e+03
4921	-1.124369e+03
4922	-1.123842e+03
4923	-1.128393e+03
4924	-1.142907e+03
4925	-1.125963e+03
4926	-1.144442e+03
4927	-1.143016e+03
4928	-1.137356e+03
4929	-1.119197e+03
4930	-1.126896e+03
4931	-1.126001e+03
4932	-1.113078e+03
4933	-1.129982e+03
4934	-1.121348e+03
4935	-1.129401e+03
4936	-1.142986e+03
4937	-1.129419e+03
4938	-1.130755e+03
4939	-1.130645e+03
4940	-1.120630e+03
4941	-1.123883e+03
4942	-1.133399e+03
4943	-1.119726e+03
4944	-1.111239e+03
4945	-1.142809e+03
4946	-1.116051e+03
4947	-1.166015e+03
4948	-1.122161e+03
4949	-1.142246e+03
4950	-1.125653e+03
4951	-1.126773e+03
4952	-1.118874e+03
4953	-1.129866e+03
4954	-1.143816e+03
4955	-1.129385e+03
4956	-1.123389e+03
4957	-1.120690e+03
4958	-1.123586e+03
4959	-1.136007e+03
4960	-1.143803e+03
4961	-1.141221e+03
4962	-1.144465e+03
4963	-1.129566e+03
4964	-1.151658e+03
4965	-1.131317e+03
4966	-1.142886e+03
4967	-1.112395e+03
4968	-1.132275e+03
4969	-1.128917e+03
4970	-1.161192e+03
4971	-1.116125e+03
4972	-1.154714e+03
4973	-1.109431e+03
4974	-1.126063e+03
4975	-1.149762e+03
4976	-1.124169e+03
4977	-1.124041e+03
4978	-1.103820e+03
4979	-1.108191e+03
4980	-1.142470e+03
4981	-1.124069e+03
4982	-1.115785e+03
4983	-1.122258e+03
4984	-1.122495e+03
4985	-1.130630e+03
4986	-1.145304e+03
4987	-1.128201e+03
4988	-1.115420e+03
4989	-1.131876e+03
4990	-1.116770e+03
4991	-1.110456e+03
4992	-1.115647e+03
4993	-1.138756e+03
4994	-1.124121e+03
4995	-1.119442e+03
4996	-1.140669e+03
4997	-1.126254e+03
4998	-1.149652e+03
4999	-1.132436e+03
5000	-1.136472e+03
5001	-1.129600e+03
5002	-1.140133e+03
5003	-1.098408e+03
5004	-1.128533e+03
5005	-1.113463e+03
5006	-1.126189e+03
5007	-1.133380e+03
5008	-1.135998e+03
5009	-1.139200e+03
5010	-1.131951e+03
5011	-1.119563e+03
5012	-1.139654e+03
5013	-1.131189e+03
5014	-1.149744e+03
5015	-1.127770e+03
5016	-1.124205e+03
5017	-1.136679e+03
5018	-1.132715e+03
5019	-1.119295e+03
5020	-1.124652e+03
5021	-1.106357e+03
5022	-1.134232e+03
5023	-1.128510e+03
5024	-1.115392e+03
5025	-1.117807e+03
5026	-1.104906e+03
5027	-1.112023e+03
5028	-1.117682e+03
5029	-1.114354e+03
5030	-1.103241e+03
5031	-1.130891e+03
5032	-1.122739e+03
5033	-1.142905e+03
5034	-1.126174e+03
5035	-1.140091e+03
5036	-1.109192e+03
5037	-1.108998e+03
5038	-1.120510e+03
5039	-1.114911e+03
5040	-1.116201e+03
5041	-1.122157e+03
5042	-1.104889e+03
5043	-1.133359e+03
5044	-1.118777e+03
5045	-1.133887e+03
5046	-1.135285e+03
5047	-1.113346e+03
5048	-1.143587e+03
5049	-1.154028e+03
5050	-1.127946e+03
5051	-1.137574e+03
5052	-1.128972e+03
5053	-1.136070e+03
5054	-1.129118e+03
5055	-1.134474e+03
5056	-1.132874e+03
5057	-1.144449e+03
5058	-1.136351e+03
5059	-1.124945e+03
5060	-1.125499e+03
5061	-1.142929e+03
5062	-1.129830e+03
5063	-1.135844e+03
5064	-1.118493e+03
5065	-1.114823e+03
5066	-1.106991e+03
5067	-1.123939e+03
5068	-1.133412e+03
5069	-1.132329e+03
5070	-1.142849e+03
5071	-1.150349e+03
5072	-1.139189e+03
5073	-1.152644e+03
5074	-1.125928e+03
5075	-1.124163e+03
5076	-1.128604e+03
5077	-1.126671e+03
5078	-1.137889e+03
5079	-1.140714e+03
5080	-1.146231e+03
5081	-1.112013e+03
5082	-1.120912e+03
5083	-1.145614e+03
5084	-1.137851e+03
5085	-1.151238e+03
5086	-1.119110e+03
5087	-1.135012e+03
5088	-1.132074e+03
5089	-1.139170e+03
5090	-1.116656e+03
5091	-1.115033e+03
5092	-1.130342e+03
5093	-1.122404e+03
5094	-1.141162e+03
5095	-1.126854e+03
5096	-1.129456e+03
5097	-1.144949e+03
5098	-1.110190e+03
5099	-1.123274e+03
5100	-1.152585e+03
5101	-1.150786e+03
5102	-1.124806e+03
5103	-1.113251e+03
5104	-1.147187e+03
5105	-1.143930e+03
5106	-1.129898e+03
5107	-1.135238e+03
5108	-1.131850e+03
5109	-1.136159e+03
5110	-1.125039e+03
5111	-1.137015e+03
5112	-1.113581e+03
5113	-1.124789e+03
5114	-1.126591e+03
5115	-1.131384e+03
5116	-1.128135e+03
5117	-1.112631e+03
5118	-1.114341e+03
5119	-1.127849e+03
5120	-1.124282e+03
5121	-1.126986e+03
5122	-1.145592e+03
5123	-1.126495e+03
5124	-1.136528e+03
5125	-1.122610e+03
5126	-1.107149e+03
5127	-1.120988e+03
5128	-1.132032e+03
5129	-1.135267e+03
5130	-1.128364e+03
5131	-1.122507e+03
5132	-1.125675e+03
5133	-1.122907e+03
5134	-1.117348e+03
5135	-1.143404e+03
5136	-1.139218e+03
5137	-1.124990e+03
5138	-1.134931e+03
5139	-1.117018e+03
5140	-1.124070e+03
5141	-1.130874e+03
5142	-1.129689e+03
5143	-1.145681e+03
5144	-1.112409e+03
5145	-1.123608e+03
5146	-1.139987e+03
5147	-1.135739e+03
5148	-1.124522e+03
5149	-1.108646e+03
5150	-1.120671e+03
5151	-1.118161e+03
5152	-1.130292e+03
5153	-1.127955e+03
5154	-1.142293e+03
5155	-1.121624e+03
5156	-1.134325e+03
5157	-1.108869e+03
5158	-1.134859e+03
5159	-1.120649e+03
5160	-1.136839e+03
5161	-1.122595e+03
5162	-1.106257e+03
5163	-1.109197e+03
5164	-1.117949e+03
5165	-1.139394e+03
5166	-1.130879e+03
5167	-1.144006e+03
5168	-1.122573e+03
5169	-1.131575e+03
5170	-1.132854e+03
5171	-1.127641e+03
5172	-1.126170e+03
5173	-1.132727e+03
5174	-1.132576e+03
5175	-1.129620e+03
5176	-1.142665e+03
5177	-1.144046e+03
5178	-1.131992e+03
5179	-1.150507e+03
5180	-1.124785e+03
5181	-1.131439e+03
5182	-1.127344e+03
5183	-1.106445e+03
5184	-1.146581e+03
5185	-1.138263e+03
5186	-1.113662e+03
5187	-1.119825e+03
5188	-1.135051e+03
5189	-1.109298e+03
5190	-1.131362e+03
5191	-1.119213e+03
5192	-1.129529e+03
5193	-1.111003e+03
5194	-1.124546e+03
5195	-1.130759e+03
5196	-1.137771e+03
5197	-1.126968e+03
5198	-1.114259e+03
5199	-1.138878e+03
5200	-1.134938e+03
5201	-1.117399e+03
5202	-1.121354e+03
5203	-1.127762e+03
5204	-1.128306e+03
5205	-1.137031e+03
5206	-1.109831e+03
5207	-1.134652e+03
5208	-1.135266e+03
5209	-1.115065e+03
5210	-1.134814e+03
5211	-1.130279e+03
5212	-1.145253e+03
5213	-1.117480e+03
5214	-1.130567e+03
5215	-1.125358e+03
5216	-1.128505e+03
5217	-1.132807e+03
5218	-1.138129e+03
5219	-1.145852e+03
5220	-1.152202e+03
5221	-1.138997e+03
5222	-1.139696e+03
5223	-1.121680e+03
5224	-1.112414e+03
5225	-1.102670e+03
5226	-1.110101e+03
5227	-1.137593e+03
5228	-1.145883e+03
5229	-1.124834e+03
5230	-1.129269e+03
5231	-1.139281e+03
5232	-1.124295e+03
5233	-1.117906e+03
5234	-1.126014e+03
5235	-1.134300e+03
5236	-1.113514e+03
5237	-1.141553e+03
5238	-1.124708e+03
5239	-1.115910e+03
5240	-1.126762e+03
5241	-1.123035e+03
5242	-1.141854e+03
5243	-1.134043e+03
5244	-1.130929e+03
5245	-1.120609e+03
5246	-1.115165e+03
5247	-1.102170e+03
5248	-1.121985e+03
5249	-1.135783e+03
5250	-1.142543e+03
5251	-1.136360e+03
5252	-1.142273e+03
5253	-1.157654e+03
5254	-1.124448e+03
5255	-1.132350e+03
5256	-1.127340e+03
5257	-1.134735e+03
5258	-1.119904e+03
5259	-1.120796e+03
5260	-1.132100e+03
5261	-1.154636e+03
5262	-1.126425e+03
5263	-1.147749e+03
5264	-1.132705e+03
5265	-1.132726e+03
5266	-1.132957e+03
5267	-1.131373e+03
5268	-1.136619e+03
5269	-1.105070e+03
5270	-1.133929e+03
5271	-1.135982e+03
5272	-1.136668e+03
5273	-1.147776e+03
5274	-1.135770e+03
5275	-1.127848e+03
5276	-1.134872e+03
5277	-1.146958e+03
5278	-1.126483e+03
5279	-1.125581e+03
5280	-1.124692e+03
5281	-1.120778e+03
5282	-1.129196e+03
5283	-1.120287e+03
5284	-1.143011e+03
5285	-1.126629e+03
5286	-1.110806e+03
5287	-1.124912e+03
5288	-1.130654e+03
5289	-1.118622e+03
5290	-1.114097e+03
5291	-1.134031e+03
5292	-1.124361e+03
5293	-1.112864e+03
5294	-1.140642e+03
5295	-1.110562e+03
5296	-1.135192e+03
5297	-1.135544e+03
5298	-1.120308e+03
5299	-1.114129e+03
5300	-1.118658e+03
5301	-1.139338e+03
5302	-1.110788e+03
5303	-1.145080e+03
5304	-1.133912e+03
5305	-1.128428e+03
5306	-1.130898e+03
5307	-1.125938e+03
5308	-1.129743e+03
5309	-1.116163e+03
5310	-1.151021e+03
5311	-1.123547e+03
5312	-1.121408e+03
5313	-1.134131e+03
5314	-1.109215e+03
5315	-1.121591e+03
5316	-1.150311e+03
5317	-1.134345e+03
5318	-1.123616e+03
5319	-1.116049e+03
5320	-1.130849e+03
5321	-1.105333e+03
5322	-1.127726e+03
5323	-1.100056e+03
5324	-1.107635e+03
5325	-1.143751e+03
5326	-1.133110e+03
5327	-1.134029e+03
5328	-1.124766e+03
5329	-1.128052e+03
5330	-1.121443e+03
5331	-1.129034e+03
5332	-1.139412e+03
5333	-1.134586e+03
5334	-1.114801e+03
5335	-1.131815e+03
5336	-1.126170e+03
5337	-1.114546e+03
5338	-1.126668e+03
5339	-1.117459e+03
5340	-1.132764e+03
5341	-1.153291e+03
5342	-1.133618e+03
5343	-1.133965e+03
5344	-1.111091e+03
5345	-1.130205e+03
5346	-1.134976e+03
5347	-1.128399e+03
5348	-1.121186e+03
5349	-1.130963e+03
5350	-1.121756e+03
5351	-1.161107e+03
5352	-1.123163e+03
5353	-1.117830e+03
5354	-1.133255e+03
5355	-1.123797e+03
5356	-1.138690e+03
5357	-1.141089e+03
5358	-1.123483e+03
5359	-1.131350e+03
5360	-1.136267e+03
5361	-1.117282e+03
5362	-1.140979e+03
5363	-1.122377e+03
5364	-1.124781e+03
5365	-1.151850e+03
5366	-1.144685e+03
5367	-1.152467e+03
5368	-1.145965e+03
5369	-1.126831e+03
5370	-1.152426e+03
5371	-1.119800e+03
5372	-1.130488e+03
5373	-1.134399e+03
5374	-1.130133e+03
5375	-1.133004e+03
5376	-1.129438e+03
5377	-1.112174e+03
5378	-1.105696e+03
5379	-1.119105e+03
5380	-1.124581e+03
5381	-1.118356e+03
5382	-1.132743e+03
5383	-1.159617e+03
5384	-1.128984e+03
5385	-1.133040e+03
5386	-1.119153e+03
5387	-1.127076e+03
5388	-1.136874e+03
5389	-1.142512e+03
5390	-1.127898e+03
5391	-1.137717e+03
5392	-1.120323e+03
5393	-1.132529e+03
5394	-1.115153e+03
5395	-1.145791e+03
5396	-1.116784e+03
5397	-1.138697e+03
5398	-1.134896e+03
5399	-1.127674e+03
5400	-1.120263e+03
5401	-1.124093e+03
5402	-1.133537e+03
5403	-1.105459e+03
5404	-1.160105e+03
5405	-1.121215e+03
5406	-1.113074e+03
5407	-1.121276e+03
5408	-1.139259e+03
5409	-1.129549e+03
5410	-1.128506e+03
5411	-1.111891e+03
5412	-1.120114e+03
5413	-1.129172e+03
5414	-1.121673e+03
5415	-1.128490e+03
5416	-1.130931e+03
5417	-1.115026e+03
5418	-1.124406e+03
5419	-1.154017e+03
5420	-1.113774e+03
5421	-1.139694e+03
5422	-1.127082e+03
5423	-1.136568e+03
5424	-1.122709e+03
5425	-1.151977e+03
5426	-1.120272e+03
5427	-1.123803e+03
5428	-1.138030e+03
5429	-1.121655e+03
5430	-1.114082e+03
5431	-1.129746e+03
5432	-1.124652e+03
5433	-1.112591e+03
5434	-1.120914e+03
5435	-1.111545e+03
5436	-1.116247e+03
5437	-1.114471e+03
5438	-1.129809e+03
5439	-1.104490e+03
5440	-1.140287e+03
5441	-1.111132e+03
5442	-1.134148e+03
5443	-1.137081e+03
5444	-1.134100e+03
5445	-1.138445e+03
5446	-1.145560e+03
5447	-1.137396e+03
5448	-1.138706e+03
5449	-1.135429e+03
5450	-1.126853e+03
5451	-1.148035e+03
5452	-1.127737e+03
5453	-1.123820e+03
5454	-1.136166e+03
5455	-1.121328e+03
5456	-1.126892e+03
5457	-1.134362e+03
5458	-1.113659e+03
5459	-1.121415e+03
5460	-1.127614e+03
5461	-1.124605e+03
5462	-1.121885e+03
5463	-1.126859e+03
5464	-1.124576e+03
5465	-1.132028e+03
5466	-1.118749e+03
5467	-1.134854e+03
5468	-1.135480e+03
5469	-1.138205e+03
5470	-1.127909e+03
5471	-1.134267e+03
5472	-1.126096e+03
5473	-1.102504e+03
5474	-1.136709e+03
5475	-1.133658e+03
5476	-1.136465e+03
5477	-1.127512e+03
5478	-1.123804e+03
5479	-1.133130e+03
5480	-1.102843e+03
5481	-1.143127e+03
5482	-1.114779e+03
5483	-1.121629e+03
5484	-1.134661e+03
5485	-1.128658e+03
5486	-1.128045e+03
5487	-1.129695e+03
5488	-1.132507e+03
5489	-1.118567e+03
5490	-1.129301e+03
5491	-1.141002e+03
5492	-1.129431e+03
5493	-1.136803e+03
5494	-1.131604e+03
5495	-1.116182e+03
5496	-1.129812e+03
5497	-1.113712e+03
5498	-1.125648e+03
5499	-1.129112e+03
5500	-1.116685e+03
5501	-1.120800e+03
5502	-1.134672e+03
5503	-1.136859e+03
5504	-1.132093e+03
5505	-1.131616e+03
5506	-1.148965e+03
5507	-1.119969e+03
5508	-1.113654e+03
5509	-1.113734e+03
5510	-1.132389e+03
5511	-1.137571e+03
5512	-1.095996e+03
5513	-1.113338e+03
5514	-1.111960e+03
5515	-1.119805e+03
5516	-1.120845e+03
5517	-1.155285e+03
5518	-1.120720e+03
5519	-1.111945e+03
5520	-1.134994e+03
5521	-1.131049e+03
5522	-1.113785e+03
5523	-1.142086e+03
5524	-1.133135e+03
5525	-1.144053e+03
5526	-1.119160e+03
5527	-1.117253e+03
5528	-1.113033e+03
5529	-1.143915e+03
5530	-1.117890e+03
5531	-1.120571e+03
5532	-1.143473e+03
5533	-1.126243e+03
5534	-1.109829e+03
5535	-1.124108e+03
5536	-1.164079e+03
5537	-1.134628e+03
5538	-1.125520e+03
5539	-1.112811e+03
5540	-1.120018e+03
5541	-1.108142e+03
5542	-1.122648e+03
5543	-1.107626e+03
5544	-1.134570e+03
5545	-1.127165e+03
5546	-1.138140e+03
5547	-1.147093e+03
5548	-1.132988e+03
5549	-1.145708e+03
5550	-1.127127e+03
5551	-1.127351e+03
5552	-1.151788e+03
5553	-1.135461e+03
5554	-1.123039e+03
5555	-1.144360e+03
5556	-1.116323e+03
5557	-1.138274e+03
5558	-1.137159e+03
5559	-1.146235e+03
5560	-1.136755e+03
5561	-1.121739e+03
5562	-1.109456e+03
5563	-1.137127e+03
5564	-1.137603e+03
5565	-1.139393e+03
5566	-1.143713e+03
5567	-1.103059e+03
5568	-1.111678e+03
5569	-1.119312e+03
5570	-1.109780e+03
5571	-1.120762e+03
5572	-1.121504e+03
5573	-1.139078e+03
5574	-1.121577e+03
5575	-1.147793e+03
5576	-1.130784e+03
5577	-1.113908e+03
5578	-1.130836e+03
5579	-1.132084e+03
5580	-1.118155e+03
5581	-1.134197e+03
5582	-1.143879e+03
5583	-1.129106e+03
5584	-1.149493e+03
5585	-1.136357e+03
5586	-1.134717e+03
5587	-1.157452e+03
5588	-1.130738e+03
5589	-1.140313e+03
5590	-1.138139e+03
5591	-1.124334e+03
5592	-1.132086e+03
5593	-1.123433e+03
5594	-1.117809e+03
5595	-1.118821e+03
5596	-1.123474e+03
5597	-1.141077e+03
5598	-1.118522e+03
5599	-1.151963e+03
5600	-1.141552e+03
5601	-1.118335e+03
5602	-1.132920e+03
5603	-1.140505e+03
5604	-1.120987e+03
5605	-1.110960e+03
5606	-1.125111e+03
5607	-1.129554e+03
5608	-1.124200e+03
5609	-1.126830e+03
5610	-1.134819e+03
5611	-1.123013e+03
5612	-1.141268e+03
5613	-1.113327e+03
5614	-1.139061e+03
5615	-1.136573e+03
5616	-1.133216e+03
5617	-1.127767e+03
5618	-1.114682e+03
5619	-1.121919e+03
5620	-1.126647e+03
5621	-1.117102e+03
5622	-1.122501e+03
5623	-1.141576e+03
5624	-1.134592e+03
5625	-1.129966e+03
5626	-1.135937e+03
5627	-1.110377e+03
5628	-1.122017e+03
5629	-1.154785e+03
5630	-1.106691e+03
5631	-1.109302e+03
5632	-1.129788e+03
5633	-1.136644e+03
5634	-1.131270e+03
5635	-1.131250e+03
5636	-1.115907e+03
5637	-1.127777e+03
5638	-1.137181e+03
5639	-1.128795e+03
5640	-1.136354e+03
5641	-1.136225e+03
5642	-1.117067e+03
5643	-1.141337e+03
5644	-1.148045e+03
5645	-1.126584e+03
5646	-1.123424e+03
5647	-1.124698e+03
5648	-1.148207e+03
5649	-1.122396e+03
5650	-1.129183e+03
5651	-1.127190e+03
5652	-1.135323e+03
5653	-1.122321e+03
5654	-1.128374e+03
5655	-1.110116e+03
5656	-1.133129e+03
5657	-1.150132e+03
5658	-1.143526e+03
5659	-1.127433e+03
5660	-1.128752e+03
5661	-1.126304e+03
5662	-1.128268e+03
5663	-1.133445e+03
5664	-1.132406e+03
5665	-1.147015e+03
5666	-1.122425e+03
5667	-1.124703e+03
5668	-1.131084e+03
5669	-1.113755e+03
5670	-1.146469e+03
5671	-1.133170e+03
5672	-1.133848e+03
5673	-1.114484e+03
5674	-1.132562e+03
5675	-1.134490e+03
5676	-1.138265e+03
5677	-1.090446e+03
5678	-1.111502e+03
5679	-1.130867e+03
5680	-1.122785e+03
5681	-1.120471e+03
5682	-1.147879e+03
5683	-1.141858e+03
5684	-1.137552e+03
5685	-1.114049e+03
5686	-1.139388e+03
5687	-1.121059e+03
5688	-1.139326e+03
5689	-1.114516e+03
5690	-1.120889e+03
5691	-1.138963e+03
5692	-1.128105e+03
5693	-1.129711e+03
5694	-1.143272e+03
5695	-1.116998e+03
5696	-1.122419e+03
5697	-1.143963e+03
5698	-1.125888e+03
5699	-1.142133e+03
5700	-1.121794e+03
5701	-1.110825e+03
5702	-1.122317e+03
5703	-1.103701e+03
5704	-1.117552e+03
5705	-1.133567e+03
5706	-1.137694e+03
5707	-1.132392e+03
5708	-1.131704e+03
5709	-1.120264e+03
5710	-1.113189e+03
5711	-1.124750e+03
5712	-1.107915e+03
5713	-1.130503e+03
5714	-1.127381e+03
5715	-1.131342e+03
5716	-1.147521e+03
5717	-1.110698e+03
5718	-1.118364e+03
5719	-1.120813e+03
5720	-1.129465e+03
5721	-1.139141e+03
5722	-1.113820e+03
5723	-1.133896e+03
5724	-1.131748e+03
5725	-1.135760e+03
5726	-1.140910e+03
5727	-1.145461e+03
5728	-1.146686e+03
5729	-1.141340e+03
5730	-1.121673e+03
5731	-1.114167e+03
5732	-1.126241e+03
5733	-1.145485e+03
5734	-1.145564e+03
5735	-1.135420e+03
5736	-1.133281e+03
5737	-1.113466e+03
5738	-1.123048e+03
5739	-1.133098e+03
5740	-1.132664e+03
5741	-1.124900e+03
5742	-1.125701e+03
5743	-1.140441e+03
5744	-1.131879e+03
5745	-1.136912e+03
5746	-1.119336e+03
5747	-1.123643e+03
5748	-1.120256e+03
5749	-1.132860e+03
5750	-1.132268e+03
5751	-1.124703e+03
5752	-1.143288e+03
5753	-1.133392e+03
5754	-1.135073e+03
5755	-1.139200e+03
5756	-1.148047e+03
5757	-1.113316e+03
5758	-1.132286e+03
5759	-1.123062e+03
5760	-1.133906e+03
5761	-1.119027e+03
5762	-1.123252e+03
5763	-1.124281e+03
5764	-1.113526e+03
5765	-1.128967e+03
5766	-1.136919e+03
5767	-1.120922e+03
5768	-1.121813e+03
5769	-1.140440e+03
5770	-1.123671e+03
5771	-1.133641e+03
5772	-1.127972e+03
5773	-1.122565e+03
5774	-1.136756e+03
5775	-1.151458e+03
5776	-1.135448e+03
5777	-1.154587e+03
5778	-1.120099e+03
5779	-1.133684e+03
5780	-1.125963e+03
5781	-1.119755e+03
5782	-1.130831e+03
5783	-1.115404e+03
5784	-1.125741e+03
5785	-1.145097e+03
5786	-1.114066e+03
5787	-1.122120e+03
5788	-1.127959e+03
5789	-1.110580e+03
5790	-1.126096e+03
5791	-1.124656e+03
5792	-1.134677e+03
5793	-1.130137e+03
5794	-1.115097e+03
5795	-1.108006e+03
5796	-1.123018e+03
5797	-1.145602e+03
5798	-1.144735e+03
5799	-1.120064e+03
5800	-1.120356e+03
5801	-1.137127e+03
5802	-1.131840e+03
5803	-1.130680e+03
5804	-1.125582e+03
5805	-1.124683e+03
5806	-1.124788e+03
5807	-1.152264e+03
5808	-1.125520e+03
5809	-1.120700e+03
5810	-1.113476e+03
5811	-1.118384e+03
5812	-1.150287e+03
5813	-1.118280e+03
5814	-1.115684e+03
5815	-1.148453e+03
5816	-1.139221e+03
5817	-1.137938e+03
5818	-1.140036e+03
5819	-1.125615e+03
5820	-1.125361e+03
5821	-1.137725e+03
5822	-1.120869e+03
5823	-1.143878e+03
5824	-1.141489e+03
5825	-1.139449e+03
5826	-1.134842e+03
5827	-1.129753e+03
5828	-1.141369e+03
5829	-1.138792e+03
5830	-1.126738e+03
5831	-1.134981e+03
5832	-1.141620e+03
5833	-1.117580e+03
5834	-1.137058e+03
5835	-1.133346e+03
5836	-1.132315e+03
5837	-1.138728e+03
5838	-1.111733e+03
5839	-1.139229e+03
5840	-1.118043e+03
5841	-1.131662e+03
5842	-1.130280e+03
5843	-1.127660e+03
5844	-1.113656e+03
5845	-1.132042e+03
5846	-1.114722e+03
5847	-1.111240e+03
5848	-1.142990e+03
5849	-1.135394e+03
5850	-1.122728e+03
5851	-1.127336e+03
5852	-1.144390e+03
5853	-1.112264e+03
5854	-1.112367e+03
5855	-1.143268e+03
5856	-1.134436e+03
5857	-1.134490e+03
5858	-1.132665e+03
5859	-1.118547e+03
5860	-1.123464e+03
5861	-1.131651e+03
5862	-1.122993e+03
5863	-1.131433e+03
5864	-1.124365e+03
5865	-1.126469e+03
5866	-1.137619e+03
5867	-1.126244e+03
5868	-1.132781e+03
5869	-1.152657e+03
5870	-1.117951e+03
5871	-1.121580e+03
5872	-1.120347e+03
5873	-1.141935e+03
5874	-1.116237e+03
5875	-1.148158e+03
5876	-1.136121e+03
5877	-1.148221e+03
5878	-1.127528e+03
5879	-1.133522e+03
5880	-1.129861e+03
5881	-1.110312e+03
5882	-1.141832e+03
5883	-1.127283e+03
5884	-1.130801e+03
5885	-1.119126e+03
5886	-1.122999e+03
5887	-1.145766e+03
5888	-1.138224e+03
5889	-1.109707e+03
5890	-1.139635e+03
5891	-1.124036e+03
5892	-1.127719e+03
5893	-1.136026e+03
5894	-1.119717e+03
5895	-1.157062e+03
5896	-1.125906e+03
5897	-1.139622e+03
5898	-1.113103e+03
5899	-1.121614e+03
5900	-1.117141e+03
5901	-1.147886e+03
5902	-1.137087e+03
5903	-1.139936e+03
5904	-1.118517e+03
5905	-1.112023e+03
5906	-1.128838e+03
5907	-1.126955e+03
5908	-1.121902e+03
5909	-1.137649e+03
5910	-1.135060e+03
5911	-1.139969e+03
5912	-1.110663e+03
5913	-1.144221e+03
5914	-1.115914e+03
5915	-1.134728e+03
5916	-1.134691e+03
5917	-1.129442e+03
5918	-1.118736e+03
5919	-1.101903e+03
5920	-1.143323e+03
5921	-1.133812e+03
5922	-1.121703e+03
5923	-1.144260e+03
5924	-1.121717e+03
5925	-1.119266e+03
5926	-1.128541e+03
5927	-1.117336e+03
5928	-1.120195e+03
5929	-1.123107e+03
5930	-1.136891e+03
5931	-1.125704e+03
5932	-1.137528e+03
5933	-1.111604e+03
5934	-1.140479e+03
5935	-1.134144e+03
5936	-1.126306e+03
5937	-1.145936e+03
5938	-1.139195e+03
5939	-1.128404e+03
5940	-1.142872e+03
5941	-1.118559e+03
5942	-1.116344e+03
5943	-1.130227e+03
5944	-1.119853e+03
5945	-1.125513e+03
5946	-1.133045e+03
5947	-1.151096e+03
5948	-1.143515e+03
5949	-1.138052e+03
5950	-1.136562e+03
5951	-1.130037e+03
5952	-1.157217e+03
5953	-1.131177e+03
5954	-1.121418e+03
5955	-1.141394e+03
5956	-1.127182e+03
5957	-1.134908e+03
5958	-1.131623e+03
5959	-1.093867e+03
5960	-1.128309e+03
5961	-1.139273e+03
5962	-1.135125e+03
5963	-1.144786e+03
5964	-1.144392e+03
5965	-1.131656e+03
5966	-1.140584e+03
5967	-1.127176e+03
5968	-1.135573e+03
5969	-1.134646e+03
5970	-1.130641e+03
5971	-1.142612e+03
5972	-1.132525e+03
5973	-1.110300e+03
5974	-1.134026e+03
5975	-1.135162e+03
5976	-1.146447e+03
5977	-1.137478e+03
5978	-1.133557e+03
5979	-1.138049e+03
5980	-1.134429e+03
5981	-1.106810e+03
5982	-1.104712e+03
5983	-1.090252e+03
5984	-1.122302e+03
5985	-1.136209e+03
5986	-1.134555e+03
5987	-1.123551e+03
5988	-1.140243e+03
5989	-1.124237e+03
5990	-1.124237e+03
5991	-1.141055e+03
5992	-1.122797e+03
5993	-1.118518e+03
5994	-1.113511e+03
5995	-1.135871e+03
5996	-1.107774e+03
5997	-1.112779e+03
5998	-1.129142e+03
5999	-1.114100e+03
6000	-1.139177e+03
6001	-1.128806e+03
6002	-1.117171e+03
6003	-1.148228e+03
6004	-1.137553e+03
6005	-1.121797e+03
6006	-1.122690e+03
6007	-1.144364e+03
6008	-1.123180e+03
6009	-1.125852e+03
6010	-1.143162e+03
6011	-1.127975e+03
6012	-1.137754e+03
6013	-1.137953e+03
6014	-1.126482e+03
6015	-1.116429e+03
6016	-1.135148e+03
6017	-1.121796e+03
6018	-1.126756e+03
6019	-1.125189e+03
6020	-1.144007e+03
6021	-1.145046e+03
6022	-1.110562e+03
6023	-1.130689e+03
6024	-1.149490e+03
6025	-1.150129e+03
6026	-1.146916e+03
6027	-1.137056e+03
6028	-1.118694e+03
6029	-1.110583e+03
6030	-1.121803e+03
6031	-1.127552e+03
6032	-1.119008e+03
6033	-1.140610e+03
6034	-1.124446e+03
6035	-1.131885e+03
6036	-1.105900e+03
6037	-1.110513e+03
6038	-1.123079e+03
6039	-1.153141e+03
6040	-1.127735e+03
6041	-1.136438e+03
6042	-1.131755e+03
6043	-1.135570e+03
6044	-1.127512e+03
6045	-1.106871e+03
6046	-1.129217e+03
6047	-1.139474e+03
6048	-1.137992e+03
6049	-1.117528e+03
6050	-1.135318e+03
6051	-1.112824e+03
6052	-1.155203e+03
6053	-1.124135e+03
6054	-1.125708e+03
6055	-1.133184e+03
6056	-1.128703e+03
6057	-1.124071e+03
6058	-1.129148e+03
6059	-1.125530e+03
6060	-1.137448e+03
6061	-1.148047e+03
6062	-1.128969e+03
6063	-1.122028e+03
6064	-1.136983e+03
6065	-1.121596e+03
6066	-1.122275e+03
6067	-1.120521e+03
6068	-1.111874e+03
6069	-1.112743e+03
6070	-1.130832e+03
6071	-1.141444e+03
6072	-1.142290e+03
6073	-1.116580e+03
6074	-1.144060e+03
6075	-1.133465e+03
6076	-1.134213e+03
6077	-1.135148e+03
6078	-1.139565e+03
6079	-1.150743e+03
6080	-1.129959e+03
6081	-1.137566e+03
6082	-1.139516e+03
6083	-1.135278e+03
6084	-1.124863e+03
6085	-1.127689e+03
6086	-1.134440e+03
6087	-1.143744e+03
6088	-1.115035e+03
6089	-1.144872e+03
6090	-1.129937e+03
6091	-1.134125e+03
6092	-1.133203e+03
6093	-1.137447e+03
6094	-1.114844e+03
6095	-1.146438e+03
6096	-1.121716e+03
6097	-1.123205e+03
6098	-1.130167e+03
6099	-1.124491e+03
6100	-1.147100e+03
6101	-1.135542e+03
6102	-1.143504e+03
6103	-1.137799e+03
6104	-1.108142e+03
6105	-1.113641e+03
6106	-1.143547e+03
6107	-1.124898e+03
6108	-1.137273e+03
6109	-1.130783e+03
6110	-1.120081e+03
6111	-1.145125e+03
6112	-1.131230e+03
6113	-1.142490e+03
6114	-1.127045e+03
6115	-1.123748e+03
6116	-1.127257e+03
6117	-1.125081e+03
6118	-1.108702e+03
6119	-1.121632e+03
6120	-1.126406e+03
6121	-1.103176e+03
6122	-1.121995e+03
6123	-1.122825e+03
6124	-1.137600e+03
6125	-1.114991e+03
6126	-1.131590e+03
6127	-1.123375e+03
6128	-1.126924e+03
6129	-1.133671e+03
6130	-1.129486e+03
6131	-1.128714e+03
6132	-1.109092e+03
6133	-1.143977e+03
6134	-1.121733e+03
6135	-1.122971e+03
6136	-1.138229e+03
6137	-1.161157e+03
6138	-1.129056e+03
6139	-1.131331e+03
6140	-1.143397e+03
6141	-1.124517e+03
6142	-1.122723e+03
6143	-1.124132e+03
6144	-1.123366e+03
6145	-1.140872e+03
6146	-1.136069e+03
6147	-1.107863e+03
6148	-1.130825e+03
6149	-1.136903e+03
6150	-1.105937e+03
6151	-1.131839e+03
6152	-1.125339e+03
6153	-1.134792e+03
6154	-1.127502e+03
6155	-1.128194e+03
6156	-1.152738e+03
6157	-1.128776e+03
6158	-1.127359e+03
6159	-1.144589e+03
6160	-1.131439e+03
6161	-1.104171e+03
6162	-1.118676e+03
6163	-1.128575e+03
6164	-1.126121e+03
6165	-1.117112e+03
6166	-1.144792e+03
6167	-1.125299e+03
6168	-1.129744e+03
6169	-1.149691e+03
6170	-1.129434e+03
6171	-1.128901e+03
6172	-1.143949e+03
6173	-1.123116e+03
6174	-1.119607e+03
6175	-1.142851e+03
6176	-1.123394e+03
6177	-1.131076e+03
6178	-1.157790e+03
6179	-1.131629e+03
6180	-1.141296e+03
6181	-1.124833e+03
6182	-1.138769e+03
6183	-1.126471e+03
6184	-1.131958e+03
6185	-1.121709e+03
6186	-1.136004e+03
6187	-1.122604e+03
6188	-1.122518e+03
6189	-1.119767e+03
6190	-1.126095e+03
6191	-1.133188e+03
6192	-1.119646e+03
6193	-1.141037e+03
6194	-1.131480e+03
6195	-1.141600e+03
6196	-1.121037e+03
6197	-1.130743e+03
6198	-1.114916e+03
6199	-1.103107e+03
6200	-1.124449e+03
6201	-1.116285e+03
6202	-1.140260e+03
6203	-1.134492e+03
6204	-1.147716e+03
6205	-1.121483e+03
6206	-1.142774e+03
6207	-1.133310e+03
6208	-1.152364e+03
6209	-1.145920e+03
6210	-1.127669e+03
6211	-1.122116e+03
6212	-1.134443e+03
6213	-1.127116e+03
6214	-1.123559e+03
6215	-1.133897e+03
6216	-1.127710e+03
6217	-1.137275e+03
6218	-1.123204e+03
6219	-1.132199e+03
6220	-1.147437e+03
6221	-1.138841e+03
6222	-1.147077e+03
6223	-1.121150e+03
6224	-1.138541e+03
6225	-1.138043e+03
6226	-1.127521e+03
6227	-1.114370e+03
6228	-1.130371e+03
6229	-1.109214e+03
6230	-1.131552e+03
6231	-1.109895e+03
6232	-1.126264e+03
6233	-1.119925e+03
6234	-1.122621e+03
6235	-1.127474e+03
6236	-1.126512e+03
6237	-1.104849e+03
6238	-1.138919e+03
6239	-1.145936e+03
6240	-1.135262e+03
6241	-1.114904e+03
6242	-1.115045e+03
6243	-1.092240e+03
6244	-1.132160e+03
6245	-1.145006e+03
6246	-1.131428e+03
6247	-1.135623e+03
6248	-1.141840e+03
6249	-1.132122e+03
6250	-1.137219e+03
6251	-1.120545e+03
6252	-1.121361e+03
6253	-1.117767e+03
6254	-1.156626e+03
6255	-1.122146e+03
6256	-1.117975e+03
6257	-1.131337e+03
6258	-1.113238e+03
6259	-1.119801e+03
6260	-1.119976e+03
6261	-1.137408e+03
6262	-1.128605e+03
6263	-1.123282e+03
6264	-1.128854e+03
6265	-1.129229e+03
6266	-1.114079e+03
6267	-1.134743e+03
6268	-1.145167e+03
6269	-1.131697e+03
6270	-1.149352e+03
6271	-1.130780e+03
6272	-1.118460e+03
6273	-1.114030e+03
6274	-1.116922e+03
6275	-1.119152e+03
6276	-1.118038e+03
6277	-1.096259e+03
6278	-1.129986e+03
6279	-1.129649e+03
6280	-1.090155e+03
6281	-1.123225e+03
6282	-1.126190e+03
6283	-1.140993e+03
6284	-1.135319e+03
6285	-1.125462e+03
6286	-1.142777e+03
6287	-1.130964e+03
6288	-1.118651e+03
6289	-1.110220e+03
6290	-1.137677e+03
6291	-1.133051e+03
6292	-1.136584e+03
6293	-1.122672e+03
6294	-1.124251e+03
6295	-1.137446e+03
6296	-1.123812e+03
6297	-1.109912e+03
6298	-1.140318e+03
6299	-1.112496e+03
6300	-1.137427e+03
6301	-1.146712e+03
6302	-1.143425e+03
6303	-1.140915e+03
6304	-1.136887e+03
6305	-1.130020e+03
6306	-1.136221e+03
6307	-1.135050e+03
6308	-1.118015e+03
6309	-1.142786e+03
6310	-1.135590e+03
6311	-1.116922e+03
6312	-1.132555e+03
6313	-1.120914e+03
6314	-1.110547e+03
6315	-1.120502e+03
6316	-1.125888e+03
6317	-1.130591e+03
6318	-1.107134e+03
6319	-1.135560e+03
6320	-1.138435e+03
6321	-1.119783e+03
6322	-1.135440e+03
6323	-1.120299e+03
6324	-1.134264e+03
6325	-1.125298e+03
6326	-1.110853e+03
6327	-1.118760e+03
6328	-1.136672e+03
6329	-1.135502e+03
6330	-1.129622e+03
6331	-1.133607e+03
6332	-1.138126e+03
6333	-1.137435e+03
6334	-1.127151e+03
6335	-1.131917e+03
6336	-1.114596e+03
6337	-1.138514e+03
6338	-1.144012e+03
6339	-1.140363e+03
6340	-1.100102e+03
6341	-1.145471e+03
6342	-1.125497e+03
6343	-1.150491e+03
6344	-1.130021e+03
6345	-1.134049e+03
6346	-1.123106e+03
6347	-1.145303e+03
6348	-1.118202e+03
6349	-1.131962e+03
6350	-1.138199e+03
6351	-1.154240e+03
6352	-1.140963e+03
6353	-1.127435e+03
6354	-1.153346e+03
6355	-1.132998e+03
6356	-1.114514e+03
6357	-1.132446e+03
6358	-1.109425e+03
6359	-1.129619e+03
6360	-1.128727e+03
6361	-1.127515e+03
6362	-1.123109e+03
6363	-1.136775e+03
6364	-1.118973e+03
6365	-1.134652e+03
6366	-1.137153e+03
6367	-1.109886e+03
6368	-1.131415e+03
6369	-1.135482e+03
6370	-1.120708e+03
6371	-1.125218e+03
6372	-1.139465e+03
6373	-1.141763e+03
6374	-1.123960e+03
6375	-1.135419e+03
6376	-1.114607e+03
6377	-1.137320e+03
6378	-1.142460e+03
6379	-1.130993e+03
6380	-1.139067e+03
6381	-1.115604e+03
6382	-1.128413e+03
6383	-1.131791e+03
6384	-1.143085e+03
6385	-1.119365e+03
6386	-1.121294e+03
6387	-1.120020e+03
6388	-1.111822e+03
6389	-1.123527e+03
6390	-1.109962e+03
6391	-1.139751e+03
6392	-1.141296e+03
6393	-1.129749e+03
6394	-1.137820e+03
6395	-1.106707e+03
6396	-1.133129e+03
6397	-1.124644e+03
6398	-1.145314e+03
6399	-1.126342e+03
6400	-1.136391e+03
6401	-1.133535e+03
6402	-1.124977e+03
6403	-1.114113e+03
6404	-1.130134e+03
6405	-1.123073e+03
6406	-1.135094e+03
6407	-1.145397e+03
6408	-1.134374e+03
6409	-1.131717e+03
6410	-1.150909e+03
6411	-1.134839e+03
6412	-1.141086e+03
6413	-1.105725e+03
6414	-1.141231e+03
6415	-1.124527e+03
6416	-1.143336e+03
6417	-1.118471e+03
6418	-1.144187e+03
6419	-1.131244e+03
6420	-1.121497e+03
6421	-1.118894e+03
6422	-1.104813e+03
6423	-1.110325e+03
6424	-1.137369e+03
6425	-1.134246e+03
6426	-1.125300e+03
6427	-1.132400e+03
6428	-1.127343e+03
6429	-1.123108e+03
6430	-1.149162e+03
6431	-1.137636e+03
6432	-1.117027e+03
6433	-1.128457e+03
6434	-1.129511e+03
6435	-1.142612e+03
6436	-1.128491e+03
6437	-1.114487e+03
6438	-1.129861e+03
6439	-1.134333e+03
6440	-1.142642e+03
6441	-1.143952e+03
6442	-1.117335e+03
6443	-1.132361e+03
6444	-1.134604e+03
6445	-1.115552e+03
6446	-1.116926e+03
6447	-1.117162e+03
6448	-1.155297e+03
6449	-1.132351e+03
6450	-1.134046e+03
6451	-1.123263e+03
6452	-1.138850e+03
6453	-1.136404e+03
6454	-1.116756e+03
6455	-1.134705e+03
6456	-1.129281e+03
6457	-1.125866e+03
6458	-1.138068e+03
6459	-1.115531e+03
6460	-1.135906e+03
6461	-1.130459e+03
6462	-1.119602e+03
6463	-1.137011e+03
6464	-1.123590e+03
6465	-1.132832e+03
6466	-1.128145e+03
6467	-1.119865e+03
6468	-1.120080e+03
6469	-1.130290e+03
6470	-1.119422e+03
6471	-1.120485e+03
6472	-1.133827e+03
6473	-1.117822e+03
6474	-1.114405e+03
6475	-1.136937e+03
6476	-1.127001e+03
6477	-1.128203e+03
6478	-1.120192e+03
6479	-1.130089e+03
6480	-1.136876e+03
6481	-1.131664e+03
6482	-1.122886e+03
6483	-1.124810e+03
6484	-1.132027e+03
6485	-1.129068e+03
6486	-1.140087e+03
6487	-1.142642e+03
6488	-1.146768e+03
6489	-1.130336e+03
6490	-1.128077e+03
6491	-1.132814e+03
6492	-1.135036e+03
6493	-1.136081e+03
6494	-1.130829e+03
6495	-1.127871e+03
6496	-1.119333e+03
6497	-1.122391e+03
6498	-1.139574e+03
6499	-1.111626e+03
6500	-1.122101e+03
6501	-1.144424e+03
6502	-1.131272e+03
6503	-1.129064e+03
6504	-1.115365e+03
6505	-1.120507e+03
6506	-1.117854e+03
6507	-1.134739e+03
6508	-1.147390e+03
6509	-1.125862e+03
6510	-1.113176e+03
6511	-1.117564e+03
6512	-1.133802e+03
6513	-1.132959e+03
6514	-1.136877e+03
6515	-1.132559e+03
6516	-1.140534e+03
6517	-1.118687e+03
6518	-1.143663e+03
6519	-1.133721e+03
6520	-1.100709e+03
6521	-1.112587e+03
6522	-1.117522e+03
6523	-1.136840e+03
6524	-1.132326e+03
6525	-1.138409e+03
6526	-1.154235e+03
6527	-1.111425e+03
6528	-1.125740e+03
6529	-1.128022e+03
6530	-1.137113e+03
6531	-1.117823e+03
6532	-1.113226e+03
6533	-1.123005e+03
6534	-1.119087e+03
6535	-1.123422e+03
6536	-1.134737e+03
6537	-1.118615e+03
6538	-1.137752e+03
6539	-1.138058e+03
6540	-1.154020e+03
6541	-1.127588e+03
6542	-1.135356e+03
6543	-1.120096e+03
6544	-1.131809e+03
6545	-1.123172e+03
6546	-1.131301e+03
6547	-1.126305e+03
6548	-1.115369e+03
6549	-1.139296e+03
6550	-1.129229e+03
6551	-1.142195e+03
6552	-1.122434e+03
6553	-1.118082e+03
6554	-1.130956e+03
6555	-1.146866e+03
6556	-1.129982e+03
6557	-1.139814e+03
6558	-1.123877e+03
6559	-1.139863e+03
6560	-1.141667e+03
6561	-1.137282e+03
6562	-1.141636e+03
6563	-1.129183e+03
6564	-1.120995e+03
6565	-1.120241e+03
6566	-1.121912e+03
6567	-1.124782e+03
6568	-1.133836e+03
6569	-1.129005e+03
6570	-1.130307e+03
6571	-1.105256e+03
6572	-1.136470e+03
6573	-1.128937e+03
6574	-1.152995e+03
6575	-1.119089e+03
6576	-1.132244e+03
6577	-1.121879e+03
6578	-1.112915e+03
6579	-1.135574e+03
6580	-1.116379e+03
6581	-1.126723e+03
6582	-1.137580e+03
6583	-1.111521e+03
6584	-1.107780e+03
6585	-1.156875e+03
6586	-1.119169e+03
6587	-1.129854e+03
6588	-1.124865e+03
6589	-1.114639e+03
6590	-1.140197e+03
6591	-1.125813e+03
6592	-1.135383e+03
6593	-1.141907e+03
6594	-1.124679e+03
6595	-1.131119e+03
6596	-1.130164e+03
6597	-1.124789e+03
6598	-1.130476e+03
6599	-1.135586e+03
6600	-1.139430e+03
6601	-1.151342e+03
6602	-1.121508e+03
6603	-1.145571e+03
6604	-1.129117e+03
6605	-1.106305e+03
6606	-1.140474e+03
6607	-1.130837e+03
6608	-1.125033e+03
6609	-1.126541e+03
6610	-1.117972e+03
6611	-1.124823e+03
6612	-1.136540e+03
6613	-1.132299e+03
6614	-1.144259e+03
6615	-1.147750e+03
6616	-1.113058e+03
6617	-1.126248e+03
6618	-1.134979e+03
6619	-1.108024e+03
6620	-1.141072e+03
6621	-1.120516e+03
6622	-1.129864e+03
6623	-1.125490e+03
6624	-1.117978e+03
6625	-1.112487e+03
6626	-1.125462e+03
6627	-1.128159e+03
6628	-1.121556e+03
6629	-1.128214e+03
6630	-1.131331e+03
6631	-1.117159e+03
6632	-1.121617e+03
6633	-1.129888e+03
6634	-1.123068e+03
6635	-1.128339e+03
6636	-1.137361e+03
6637	-1.139457e+03
6638	-1.125949e+03
6639	-1.126603e+03
6640	-1.110142e+03
6641	-1.116962e+03
6642	-1.131589e+03
6643	-1.143667e+03
6644	-1.121244e+03
6645	-1.104310e+03
6646	-1.133610e+03
6647	-1.118296e+03
6648	-1.133370e+03
6649	-1.139946e+03
6650	-1.131255e+03
6651	-1.107197e+03
6652	-1.141684e+03
6653	-1.115782e+03
6654	-1.135044e+03
6655	-1.120261e+03
6656	-1.133814e+03
6657	-1.130624e+03
6658	-1.145356e+03
6659	-1.127228e+03
6660	-1.112068e+03
6661	-1.118448e+03
6662	-1.134859e+03
6663	-1.115224e+03
6664	-1.136775e+03
6665	-1.128579e+03
6666	-1.128600e+03
6667	-1.132251e+03
6668	-1.119800e+03
6669	-1.131911e+03
6670	-1.099338e+03
6671	-1.132816e+03
6672	-1.141365e+03
6673	-1.143482e+03
6674	-1.107826e+03
6675	-1.146451e+03
6676	-1.112193e+03
6677	-1.112707e+03
6678	-1.151509e+03
6679	-1.110369e+03
6680	-1.149903e+03
6681	-1.121569e+03
6682	-1.127824e+03
6683	-1.132181e+03
6684	-1.148063e+03
6685	-1.127923e+03
6686	-1.148956e+03
6687	-1.135240e+03
6688	-1.153890e+03
6689	-1.108747e+03
6690	-1.131559e+03
6691	-1.124566e+03
6692	-1.117133e+03
6693	-1.134233e+03
6694	-1.109762e+03
6695	-1.114276e+03
6696	-1.138270e+03
6697	-1.134625e+03
6698	-1.126541e+03
6699	-1.146088e+03
6700	-1.119069e+03
6701	-1.115626e+03
6702	-1.126792e+03
6703	-1.130623e+03
6704	-1.126315e+03
6705	-1.123881e+03
6706	-1.139668e+03
6707	-1.152394e+03
6708	-1.118401e+03
6709	-1.105926e+03
6710	-1.121966e+03
6711	-1.132998e+03
6712	-1.139897e+03
6713	-1.146519e+03
6714	-1.142979e+03
6715	-1.135974e+03
6716	-1.121264e+03
6717	-1.119941e+03
6718	-1.140151e+03
6719	-1.124378e+03
6720	-1.119720e+03
6721	-1.128833e+03
6722	-1.138352e+03
6723	-1.148846e+03
6724	-1.144227e+03
6725	-1.118732e+03
6726	-1.130038e+03
6727	-1.125435e+03
6728	-1.111538e+03
6729	-1.133303e+03
6730	-1.145457e+03
6731	-1.102751e+03
6732	-1.144530e+03
6733	-1.127820e+03
6734	-1.140973e+03
6735	-1.120400e+03
6736	-1.136900e+03
6737	-1.115580e+03
6738	-1.126044e+03
6739	-1.132011e+03
6740	-1.135656e+03
6741	-1.146573e+03
6742	-1.109554e+03
6743	-1.129511e+03
6744	-1.123632e+03
6745	-1.120248e+03
6746	-1.126894e+03
6747	-1.144487e+03
6748	-1.153294e+03
6749	-1.110779e+03
6750	-1.138297e+03
6751	-1.119971e+03
6752	-1.141778e+03
6753	-1.118572e+03
6754	-1.136158e+03
6755	-1.115471e+03
6756	-1.139502e+03
6757	-1.114123e+03
6758	-1.125852e+03
6759	-1.144566e+03
6760	-1.129617e+03
6761	-1.114560e+03
6762	-1.150799e+03
6763	-1.119198e+03
6764	-1.102112e+03
6765	-1.135984e+03
6766	-1.136990e+03
6767	-1.122758e+03
6768	-1.136355e+03
6769	-1.129761e+03
6770	-1.130705e+03
6771	-1.134322e+03
6772	-1.135960e+03
6773	-1.137287e+03
6774	-1.147374e+03
6775	-1.117009e+03
6776	-1.133223e+03
6777	-1.124691e+03
6778	-1.127601e+03
6779	-1.139374e+03
6780	-1.124042e+03
6781	-1.123399e+03
6782	-1.117726e+03
6783	-1.128062e+03
6784	-1.149296e+03
6785	-1.132817e+03
6786	-1.149614e+03
6787	-1.134342e+03
6788	-1.119530e+03
6789	-1.118459e+03
6790	-1.130515e+03
6791	-1.117472e+03
6792	-1.122423e+03
6793	-1.106697e+03
6794	-1.126237e+03
6795	-1.134193e+03
6796	-1.134909e+03
6797	-1.140787e+03
6798	-1.128716e+03
6799	-1.134345e+03
6800	-1.115164e+03
6801	-1.119857e+03
6802	-1.115646e+03
6803	-1.134424e+03
6804	-1.134441e+03
6805	-1.129801e+03
6806	-1.134747e+03
6807	-1.149156e+03
6808	-1.144385e+03
6809	-1.125503e+03
6810	-1.134081e+03
6811	-1.127129e+03
6812	-1.117771e+03
6813	-1.132881e+03
6814	-1.134701e+03
6815	-1.131332e+03
6816	-1.125176e+03
6817	-1.121790e+03
6818	-1.140196e+03
6819	-1.133490e+03
6820	-1.132154e+03
6821	-1.127829e+03
6822	-1.117995e+03
6823	-1.114468e+03
6824	-1.126793e+03
6825	-1.110973e+03
6826	-1.140786e+03
6827	-1.145632e+03
6828	-1.131597e+03
6829	-1.128300e+03
6830	-1.126500e+03
6831	-1.115016e+03
6832	-1.131917e+03
6833	-1.122204e+03
6834	-1.130328e+03
6835	-1.137626e+03
6836	-1.116799e+03
6837	-1.141876e+03
6838	-1.120123e+03
6839	-1.143008e+03
6840	-1.113215e+03
6841	-1.139257e+03
6842	-1.116863e+03
6843	-1.139056e+03
6844	-1.134474e+03
6845	-1.120955e+03
6846	-1.127407e+03
6847	-1.123626e+03
6848	-1.121346e+03
6849	-1.114131e+03
6850	-1.100386e+03
6851	-1.113350e+03
6852	-1.140450e+03
6853	-1.138710e+03
6854	-1.119382e+03
6855	-1.134740e+03
6856	-1.118544e+03
6857	-1.137767e+03
6858	-1.142220e+03
6859	-1.138721e+03
6860	-1.131627e+03
6861	-1.134675e+03
6862	-1.118176e+03
6863	-1.137012e+03
6864	-1.123959e+03
6865	-1.122886e+03
6866	-1.114563e+03
6867	-1.125645e+03
6868	-1.116823e+03
6869	-1.134140e+03
6870	-1.118579e+03
6871	-1.143714e+03
6872	-1.138310e+03
6873	-1.143376e+03
6874	-1.124561e+03
6875	-1.146848e+03
6876	-1.130418e+03
6877	-1.154515e+03
6878	-1.115998e+03
6879	-1.126223e+03
6880	-1.118245e+03
6881	-1.132123e+03
6882	-1.135802e+03
6883	-1.137504e+03
6884	-1.128305e+03
6885	-1.124945e+03
6886	-1.116893e+03
6887	-1.136350e+03
6888	-1.130399e+03
6889	-1.128372e+03
6890	-1.132912e+03
6891	-1.149577e+03
6892	-1.132151e+03
6893	-1.104836e+03
6894	-1.128636e+03
6895	-1.154430e+03
6896	-1.136389e+03
6897	-1.127664e+03
6898	-1.108004e+03
6899	-1.125521e+03
6900	-1.115094e+03
6901	-1.143542e+03
6902	-1.116575e+03
6903	-1.141279e+03
6904	-1.123239e+03
6905	-1.142516e+03
6906	-1.134138e+03
6907	-1.119921e+03
6908	-1.121862e+03
6909	-1.134082e+03
6910	-1.133141e+03
6911	-1.114429e+03
6912	-1.149917e+03
6913	-1.133813e+03
6914	-1.114200e+03
6915	-1.129256e+03
6916	-1.138903e+03
6917	-1.125571e+03
6918	-1.126965e+03
6919	-1.133007e+03
6920	-1.133521e+03
6921	-1.126416e+03
6922	-1.115721e+03
6923	-1.127376e+03
6924	-1.140296e+03
6925	-1.128490e+03
6926	-1.131069e+03
6927	-1.138991e+03
6928	-1.122513e+03
6929	-1.134347e+03
6930	-1.109125e+03
6931	-1.128362e+03
6932	-1.108546e+03
6933	-1.155819e+03
6934	-1.114009e+03
6935	-1.138929e+03
6936	-1.117345e+03
6937	-1.161132e+03
6938	-1.131241e+03
6939	-1.157946e+03
6940	-1.133811e+03
6941	-1.146332e+03
6942	-1.132888e+03
6943	-1.123771e+03
6944	-1.126429e+03
6945	-1.137803e+03
6946	-1.127737e+03
6947	-1.115412e+03
6948	-1.136854e+03
6949	-1.123430e+03
6950	-1.120955e+03
6951	-1.154871e+03
6952	-1.134662e+03
6953	-1.132450e+03
6954	-1.128486e+03
6955	-1.121364e+03
6956	-1.138395e+03
6957	-1.127237e+03
6958	-1.132019e+03
6959	-1.116381e+03
6960	-1.120715e+03
6961	-1.131065e+03
6962	-1.129762e+03
6963	-1.134055e+03
6964	-1.124733e+03
6965	-1.149174e+03
6966	-1.117107e+03
6967	-1.128160e+03
6968	-1.124208e+03
6969	-1.134056e+03
6970	-1.115167e+03
6971	-1.127046e+03
6972	-1.120670e+03
6973	-1.120950e+03
6974	-1.138779e+03
6975	-1.143560e+03
6976	-1.125211e+03
6977	-1.137110e+03
6978	-1.117242e+03
6979	-1.137060e+03
6980	-1.136666e+03
6981	-1.120674e+03
6982	-1.144429e+03
6983	-1.113870e+03
6984	-1.109822e+03
6985	-1.124480e+03
6986	-1.122154e+03
6987	-1.122143e+03
6988	-1.125615e+03
6989	-1.135653e+03
6990	-1.129092e+03
6991	-1.117189e+03
6992	-1.106722e+03
6993	-1.130534e+03
6994	-1.141364e+03
6995	-1.125465e+03
6996	-1.137341e+03
6997	-1.158415e+03
6998	-1.119604e+03
6999	-1.125885e+03
7000	-1.111917e+03
7001	-1.116539e+03
7002	-1.115517e+03
7003	-1.136261e+03
7004	-1.134873e+03
7005	-1.130218e+03
7006	-1.138080e+03
7007	-1.127878e+03
7008	-1.143302e+03
7009	-1.122528e+03
7010	-1.138049e+03
7011	-1.121119e+03
7012	-1.147762e+03
7013	-1.124696e+03
7014	-1.128209e+03
7015	-1.145428e+03
7016	-1.139811e+03
7017	-1.109018e+03
7018	-1.134939e+03
7019	-1.136828e+03
7020	-1.120704e+03
7021	-1.123887e+03
7022	-1.120458e+03
7023	-1.130839e+03
7024	-1.123187e+03
7025	-1.115704e+03
7026	-1.126358e+03
7027	-1.129364e+03
7028	-1.114963e+03
7029	-1.108742e+03
7030	-1.156177e+03
7031	-1.141462e+03
7032	-1.131841e+03
7033	-1.116396e+03
7034	-1.121073e+03
7035	-1.119663e+03
7036	-1.113509e+03
7037	-1.141123e+03
7038	-1.116979e+03
7039	-1.122120e+03
7040	-1.135430e+03
7041	-1.132650e+03
7042	-1.120476e+03
7043	-1.131614e+03
7044	-1.129898e+03
7045	-1.119298e+03
7046	-1.137455e+03
7047	-1.144438e+03
7048	-1.122149e+03
7049	-1.136422e+03
7050	-1.137717e+03
7051	-1.131891e+03
7052	-1.137926e+03
7053	-1.121687e+03
7054	-1.125418e+03
7055	-1.128188e+03
7056	-1.131947e+03
7057	-1.142737e+03
7058	-1.149549e+03
7059	-1.121768e+03
7060	-1.147232e+03
7061	-1.123255e+03
7062	-1.143182e+03
7063	-1.131146e+03
7064	-1.099604e+03
7065	-1.129830e+03
7066	-1.134945e+03
7067	-1.111184e+03
7068	-1.132296e+03
7069	-1.105984e+03
7070	-1.141076e+03
7071	-1.135782e+03
7072	-1.132710e+03
7073	-1.117045e+03
7074	-1.127829e+03
7075	-1.134719e+03
7076	-1.107686e+03
7077	-1.134259e+03
7078	-1.106778e+03
7079	-1.123966e+03
7080	-1.126955e+03
7081	-1.133107e+03
7082	-1.122474e+03
7083	-1.158578e+03
7084	-1.123285e+03
7085	-1.127623e+03
7086	-1.137700e+03
7087	-1.123718e+03
7088	-1.129004e+03
7089	-1.114149e+03
7090	-1.117465e+03
7091	-1.127532e+03
7092	-1.140170e+03
7093	-1.139084e+03
7094	-1.135091e+03
7095	-1.124500e+03
7096	-1.123647e+03
7097	-1.126219e+03
7098	-1.110881e+03
7099	-1.126107e+03
7100	-1.122851e+03
7101	-1.119215e+03
7102	-1.120202e+03
7103	-1.148713e+03
7104	-1.138175e+03
7105	-1.142655e+03
7106	-1.118920e+03
7107	-1.116666e+03
7108	-1.107559e+03
7109	-1.100500e+03
7110	-1.134911e+03
7111	-1.129661e+03
7112	-1.116652e+03
7113	-1.126435e+03
7114	-1.142689e+03
7115	-1.150100e+03
7116	-1.112972e+03
7117	-1.129935e+03
7118	-1.141988e+03
7119	-1.141696e+03
7120	-1.128361e+03
7121	-1.132398e+03
7122	-1.136464e+03
7123	-1.152535e+03
7124	-1.119588e+03
7125	-1.107297e+03
7126	-1.132359e+03
7127	-1.126585e+03
7128	-1.119055e+03
7129	-1.124604e+03
7130	-1.147479e+03
7131	-1.128101e+03
7132	-1.135094e+03
7133	-1.133212e+03
7134	-1.132497e+03
7135	-1.142921e+03
7136	-1.114274e+03
7137	-1.136965e+03
7138	-1.111072e+03
7139	-1.121618e+03
7140	-1.136812e+03
7141	-1.146522e+03
7142	-1.128014e+03
7143	-1.127969e+03
7144	-1.113554e+03
7145	-1.113282e+03
7146	-1.141382e+03
7147	-1.125170e+03
7148	-1.134539e+03
7149	-1.128042e+03
7150	-1.109245e+03
7151	-1.126756e+03
7152	-1.128126e+03
7153	-1.132409e+03
7154	-1.132024e+03
7155	-1.146194e+03
7156	-1.134165e+03
7157	-1.114961e+03
7158	-1.099519e+03
7159	-1.128915e+03
7160	-1.125675e+03
7161	-1.128498e+03
7162	-1.137165e+03
7163	-1.121662e+03
7164	-1.125285e+03
7165	-1.126200e+03
7166	-1.126758e+03
7167	-1.117464e+03
7168	-1.130476e+03
7169	-1.135929e+03
7170	-1.145038e+03
7171	-1.117576e+03
7172	-1.122309e+03
7173	-1.105531e+03
7174	-1.130763e+03
7175	-1.117567e+03
7176	-1.133974e+03
7177	-1.141533e+03
7178	-1.139294e+03
7179	-1.120723e+03
7180	-1.123899e+03
7181	-1.135731e+03
7182	-1.120684e+03
7183	-1.132593e+03
7184	-1.117757e+03
7185	-1.145863e+03
7186	-1.110779e+03
7187	-1.150916e+03
7188	-1.135214e+03
7189	-1.117735e+03
7190	-1.144695e+03
7191	-1.147171e+03
7192	-1.117333e+03
7193	-1.135735e+03
7194	-1.125712e+03
7195	-1.127367e+03
7196	-1.120221e+03
7197	-1.133227e+03
7198	-1.112096e+03
7199	-1.122854e+03
7200	-1.110593e+03
7201	-1.133209e+03
7202	-1.122911e+03
7203	-1.129385e+03
7204	-1.118540e+03
7205	-1.134567e+03
7206	-1.117434e+03
7207	-1.134843e+03
7208	-1.136983e+03
7209	-1.116062e+03
7210	-1.128836e+03
7211	-1.120217e+03
7212	-1.117943e+03
7213	-1.116746e+03
7214	-1.128234e+03
7215	-1.121384e+03
7216	-1.129485e+03
7217	-1.137139e+03
7218	-1.123546e+03
7219	-1.132090e+03
7220	-1.146168e+03
7221	-1.141870e+03
7222	-1.124744e+03
7223	-1.131918e+03
7224	-1.131305e+03
7225	-1.128439e+03
7226	-1.131029e+03
7227	-1.115680e+03
7228	-1.110801e+03
7229	-1.139218e+03
7230	-1.138575e+03
7231	-1.118268e+03
7232	-1.130082e+03
7233	-1.122486e+03
7234	-1.146489e+03
7235	-1.126903e+03
7236	-1.119637e+03
7237	-1.128241e+03
7238	-1.135158e+03
7239	-1.153551e+03
7240	-1.131291e+03
7241	-1.143347e+03
7242	-1.135874e+03
7243	-1.157820e+03
7244	-1.135701e+03
7245	-1.148190e+03
7246	-1.132452e+03
7247	-1.145743e+03
7248	-1.115128e+03
7249	-1.137519e+03
7250	-1.116297e+03
7251	-1.124259e+03
7252	-1.132664e+03
7253	-1.137446e+03
7254	-1.131073e+03
7255	-1.121567e+03
7256	-1.124546e+03
7257	-1.142630e+03
7258	-1.125766e+03
7259	-1.141644e+03
7260	-1.127204e+03
7261	-1.136040e+03
7262	-1.149539e+03
7263	-1.133371e+03
7264	-1.121886e+03
7265	-1.121986e+03
7266	-1.104185e+03
7267	-1.121168e+03
7268	-1.111551e+03
7269	-1.133439e+03
7270	-1.125960e+03
7271	-1.114499e+03
7272	-1.119461e+03
7273	-1.127300e+03
7274	-1.133657e+03
7275	-1.122955e+03
7276	-1.127927e+03
7277	-1.140916e+03
7278	-1.151206e+03
7279	-1.137801e+03
7280	-1.141893e+03
7281	-1.127218e+03
7282	-1.142095e+03
7283	-1.143210e+03
7284	-1.133413e+03
7285	-1.129602e+03
7286	-1.125575e+03
7287	-1.149138e+03
7288	-1.138546e+03
7289	-1.132909e+03
7290	-1.116560e+03
7291	-1.137978e+03
7292	-1.139311e+03
7293	-1.126212e+03
7294	-1.135089e+03
7295	-1.133522e+03
7296	-1.125443e+03
7297	-1.141297e+03
7298	-1.133619e+03
7299	-1.121958e+03
7300	-1.120771e+03
7301	-1.144780e+03
7302	-1.120804e+03
7303	-1.115476e+03
7304	-1.134569e+03
7305	-1.112752e+03
7306	-1.135810e+03
7307	-1.139105e+03
7308	-1.135772e+03
7309	-1.126883e+03
7310	-1.148375e+03
7311	-1.120163e+03
7312	-1.131536e+03
7313	-1.144176e+03
7314	-1.139125e+03
7315	-1.138347e+03
7316	-1.137033e+03
7317	-1.132284e+03
7318	-1.137791e+03
7319	-1.141961e+03
7320	-1.125845e+03
7321	-1.124504e+03
7322	-1.124384e+03
7323	-1.123797e+03
7324	-1.118889e+03
7325	-1.133540e+03
7326	-1.116150e+03
7327	-1.118130e+03
7328	-1.126118e+03
7329	-1.120264e+03
7330	-1.134054e+03
7331	-1.134176e+03
7332	-1.131647e+03
7333	-1.127338e+03
7334	-1.118408e+03
7335	-1.145876e+03
7336	-1.136830e+03
7337	-1.122663e+03
7338	-1.142693e+03
7339	-1.122091e+03
7340	-1.130387e+03
7341	-1.129558e+03
7342	-1.131018e+03
7343	-1.119435e+03
7344	-1.121037e+03
7345	-1.124698e+03
7346	-1.138589e+03
7347	-1.126927e+03
7348	-1.139064e+03
7349	-1.133748e+03
7350	-1.124155e+03
7351	-1.121468e+03
7352	-1.124136e+03
7353	-1.150324e+03
7354	-1.135939e+03
7355	-1.135121e+03
7356	-1.125728e+03
7357	-1.113845e+03
7358	-1.131997e+03
7359	-1.146060e+03
7360	-1.123433e+03
7361	-1.132403e+03
7362	-1.127948e+03
7363	-1.130387e+03
7364	-1.145213e+03
7365	-1.121195e+03
7366	-1.137366e+03
7367	-1.128621e+03
7368	-1.120795e+03
7369	-1.125829e+03
7370	-1.152659e+03
7371	-1.136154e+03
7372	-1.134553e+03
7373	-1.093923e+03
7374	-1.134909e+03
7375	-1.137234e+03
7376	-1.139581e+03
7377	-1.112844e+03
7378	-1.151232e+03
7379	-1.119977e+03
7380	-1.126747e+03
7381	-1.116163e+03
7382	-1.142303e+03
7383	-1.122231e+03
7384	-1.110622e+03
7385	-1.100184e+03
7386	-1.130699e+03
7387	-1.134235e+03
7388	-1.123102e+03
7389	-1.153374e+03
7390	-1.118982e+03
7391	-1.139917e+03
7392	-1.130130e+03
7393	-1.141775e+03
7394	-1.114808e+03
7395	-1.145771e+03
7396	-1.131343e+03
7397	-1.142499e+03
7398	-1.117266e+03
7399	-1.113730e+03
7400	-1.125561e+03
7401	-1.121628e+03
7402	-1.132274e+03
7403	-1.127915e+03
7404	-1.120788e+03
7405	-1.144529e+03
7406	-1.101966e+03
7407	-1.139659e+03
7408	-1.123532e+03
7409	-1.128003e+03
7410	-1.132211e+03
7411	-1.137695e+03
7412	-1.135197e+03
7413	-1.128110e+03
7414	-1.138149e+03
7415	-1.125880e+03
7416	-1.160177e+03
7417	-1.121882e+03
7418	-1.137660e+03
7419	-1.133995e+03
7420	-1.132746e+03
7421	-1.124294e+03
7422	-1.125160e+03
7423	-1.133521e+03
7424	-1.113380e+03
7425	-1.122304e+03
7426	-1.130892e+03
7427	-1.135584e+03
7428	-1.136000e+03
7429	-1.144890e+03
7430	-1.127807e+03
7431	-1.132084e+03
7432	-1.128929e+03
7433	-1.144237e+03
7434	-1.113115e+03
7435	-1.097815e+03
7436	-1.136475e+03
7437	-1.128895e+03
7438	-1.143545e+03
7439	-1.151098e+03
7440	-1.127707e+03
7441	-1.151848e+03
7442	-1.132342e+03
7443	-1.126183e+03
7444	-1.130472e+03
7445	-1.126801e+03
7446	-1.145510e+03
7447	-1.133145e+03
7448	-1.119524e+03
7449	-1.127999e+03
7450	-1.133671e+03
7451	-1.134471e+03
7452	-1.157486e+03
7453	-1.135528e+03
7454	-1.120332e+03
7455	-1.130650e+03
7456	-1.114547e+03
7457	-1.117365e+03
7458	-1.125869e+03
7459	-1.122232e+03
7460	-1.127477e+03
7461	-1.126766e+03
7462	-1.129022e+03
7463	-1.125364e+03
7464	-1.169973e+03
7465	-1.139169e+03
7466	-1.140403e+03
7467	-1.122923e+03
7468	-1.108708e+03
7469	-1.132509e+03
7470	-1.135011e+03
7471	-1.134092e+03
7472	-1.120012e+03
7473	-1.132164e+03
7474	-1.137029e+03
7475	-1.140364e+03
7476	-1.136252e+03
7477	-1.137576e+03
7478	-1.126444e+03
7479	-1.134952e+03
7480	-1.143689e+03
7481	-1.120283e+03
7482	-1.151531e+03
7483	-1.130572e+03
7484	-1.128237e+03
7485	-1.128236e+03
7486	-1.146937e+03
7487	-1.123312e+03
7488	-1.136320e+03
7489	-1.125651e+03
7490	-1.121649e+03
7491	-1.124067e+03
7492	-1.138597e+03
7493	-1.126726e+03
7494	-1.136258e+03
7495	-1.115788e+03
7496	-1.148529e+03
7497	-1.120823e+03
7498	-1.119388e+03
7499	-1.132903e+03
7500	-1.124992e+03
7501	-1.132547e+03
7502	-1.114957e+03
7503	-1.122401e+03
7504	-1.135330e+03
7505	-1.121426e+03
7506	-1.137143e+03
7507	-1.138628e+03
7508	-1.129904e+03
7509	-1.117491e+03
7510	-1.127681e+03
7511	-1.129687e+03
7512	-1.117903e+03
7513	-1.134525e+03
7514	-1.136973e+03
7515	-1.121647e+03
7516	-1.139804e+03
7517	-1.131535e+03
7518	-1.144813e+03
7519	-1.110684e+03
7520	-1.146203e+03
7521	-1.120955e+03
7522	-1.128986e+03
7523	-1.135568e+03
7524	-1.144208e+03
7525	-1.149927e+03
7526	-1.120667e+03
7527	-1.122692e+03
7528	-1.128206e+03
7529	-1.129195e+03
7530	-1.156885e+03
7531	-1.132353e+03
7532	-1.121578e+03
7533	-1.121755e+03
7534	-1.144921e+03
7535	-1.140972e+03
7536	-1.121461e+03
7537	-1.117777e+03
7538	-1.114259e+03
7539	-1.132664e+03
7540	-1.122704e+03
7541	-1.123898e+03
7542	-1.135227e+03
7543	-1.131507e+03
7544	-1.132501e+03
7545	-1.121848e+03
7546	-1.137489e+03
7547	-1.131149e+03
7548	-1.135607e+03
7549	-1.122286e+03
7550	-1.141087e+03
7551	-1.136207e+03
7552	-1.121443e+03
7553	-1.134891e+03
7554	-1.140496e+03
7555	-1.123264e+03
7556	-1.143928e+03
7557	-1.135445e+03
7558	-1.130610e+03
7559	-1.154516e+03
7560	-1.137519e+03
7561	-1.133585e+03
7562	-1.122581e+03
7563	-1.140414e+03
7564	-1.131268e+03
7565	-1.122439e+03
7566	-1.126045e+03
7567	-1.122748e+03
7568	-1.132022e+03
7569	-1.157816e+03
7570	-1.139007e+03
7571	-1.125709e+03
7572	-1.144687e+03
7573	-1.142283e+03
7574	-1.117772e+03
7575	-1.111962e+03
7576	-1.139618e+03
7577	-1.139138e+03
7578	-1.136542e+03
7579	-1.132987e+03
7580	-1.126271e+03
7581	-1.133239e+03
7582	-1.143861e+03
7583	-1.134134e+03
7584	-1.132867e+03
7585	-1.136356e+03
7586	-1.136428e+03
7587	-1.142332e+03
7588	-1.123769e+03
7589	-1.149409e+03
7590	-1.129714e+03
7591	-1.109069e+03
7592	-1.103290e+03
7593	-1.125769e+03
7594	-1.126281e+03
7595	-1.143320e+03
7596	-1.120024e+03
7597	-1.136530e+03
7598	-1.120856e+03
7599	-1.126931e+03
7600	-1.123197e+03
7601	-1.151800e+03
7602	-1.136235e+03
7603	-1.152155e+03
7604	-1.136106e+03
7605	-1.148100e+03
7606	-1.120601e+03
7607	-1.131098e+03
7608	-1.118771e+03
7609	-1.117387e+03
7610	-1.113418e+03
7611	-1.122661e+03
7612	-1.140774e+03
7613	-1.137739e+03
7614	-1.114205e+03
7615	-1.140045e+03
7616	-1.111967e+03
7617	-1.120606e+03
7618	-1.144649e+03
7619	-1.117635e+03
7620	-1.127900e+03
7621	-1.135402e+03
7622	-1.137633e+03
7623	-1.117710e+03
7624	-1.115152e+03
7625	-1.119470e+03
7626	-1.128062e+03
7627	-1.120606e+03
7628	-1.127721e+03
7629	-1.118797e+03
7630	-1.129131e+03
7631	-1.119819e+03
7632	-1.126370e+03
7633	-1.121745e+03
7634	-1.113049e+03
7635	-1.134662e+03
7636	-1.127715e+03
7637	-1.131195e+03
7638	-1.123253e+03
7639	-1.123646e+03
7640	-1.146141e+03
7641	-1.140556e+03
7642	-1.122120e+03
7643	-1.133738e+03
7644	-1.136170e+03
7645	-1.139039e+03
7646	-1.113212e+03
7647	-1.134467e+03
7648	-1.107661e+03
7649	-1.121409e+03
7650	-1.139957e+03
7651	-1.124755e+03
7652	-1.127498e+03
7653	-1.139465e+03
7654	-1.132460e+03
7655	-1.139494e+03
7656	-1.149307e+03
7657	-1.127202e+03
7658	-1.140690e+03
7659	-1.143620e+03
7660	-1.126448e+03
7661	-1.126599e+03
7662	-1.132560e+03
7663	-1.133731e+03
7664	-1.117818e+03
7665	-1.132787e+03
7666	-1.145326e+03
7667	-1.125383e+03
7668	-1.109369e+03
7669	-1.131608e+03
7670	-1.136276e+03
7671	-1.138784e+03
7672	-1.117772e+03
7673	-1.140078e+03
7674	-1.128186e+03
7675	-1.133516e+03
7676	-1.126843e+03
7677	-1.134070e+03
7678	-1.120641e+03
7679	-1.134885e+03
7680	-1.129508e+03
7681	-1.146550e+03
7682	-1.130643e+03
7683	-1.129637e+03
7684	-1.145010e+03
7685	-1.130902e+03
7686	-1.131448e+03
7687	-1.131213e+03
7688	-1.127230e+03
7689	-1.131017e+03
7690	-1.120916e+03
7691	-1.137775e+03
7692	-1.129868e+03
7693	-1.129330e+03
7694	-1.117259e+03
7695	-1.137097e+03
7696	-1.134695e+03
7697	-1.122071e+03
7698	-1.137675e+03
7699	-1.117697e+03
7700	-1.139760e+03
7701	-1.115086e+03
7702	-1.131088e+03
7703	-1.140014e+03
7704	-1.118499e+03
7705	-1.138421e+03
7706	-1.133248e+03
7707	-1.134542e+03
7708	-1.112799e+03
7709	-1.143267e+03
7710	-1.129929e+03
7711	-1.126999e+03
7712	-1.131764e+03
7713	-1.129473e+03
7714	-1.126137e+03
7715	-1.125445e+03
7716	-1.112723e+03
7717	-1.132786e+03
7718	-1.127913e+03
7719	-1.122824e+03
7720	-1.127805e+03
7721	-1.133816e+03
7722	-1.142431e+03
7723	-1.126685e+03
7724	-1.138600e+03
7725	-1.104753e+03
7726	-1.137940e+03
7727	-1.121311e+03
7728	-1.123081e+03
7729	-1.122800e+03
7730	-1.127430e+03
7731	-1.116200e+03
7732	-1.130265e+03
7733	-1.109298e+03
7734	-1.133785e+03
7735	-1.116206e+03
7736	-1.131969e+03
7737	-1.125761e+03
7738	-1.121870e+03
7739	-1.140127e+03
7740	-1.121664e+03
7741	-1.143631e+03
7742	-1.134579e+03
7743	-1.127655e+03
7744	-1.120340e+03
7745	-1.105467e+03
7746	-1.122175e+03
7747	-1.145445e+03
7748	-1.126817e+03
7749	-1.121724e+03
7750	-1.134957e+03
7751	-1.103997e+03
7752	-1.134318e+03
7753	-1.108247e+03
7754	-1.133091e+03
7755	-1.138770e+03
7756	-1.130798e+03
7757	-1.147779e+03
7758	-1.146107e+03
7759	-1.114454e+03
7760	-1.139082e+03
7761	-1.140759e+03
7762	-1.133418e+03
7763	-1.139251e+03
7764	-1.145295e+03
7765	-1.116762e+03
7766	-1.129711e+03
7767	-1.150355e+03
7768	-1.123151e+03
7769	-1.129240e+03
7770	-1.116193e+03
7771	-1.132916e+03
7772	-1.124812e+03
7773	-1.147635e+03
7774	-1.119000e+03
7775	-1.143026e+03
7776	-1.103695e+03
7777	-1.134961e+03
7778	-1.128512e+03
7779	-1.122994e+03
7780	-1.135033e+03
7781	-1.133180e+03
7782	-1.124873e+03
7783	-1.118497e+03
7784	-1.120816e+03
7785	-1.129044e+03
7786	-1.142417e+03
7787	-1.149699e+03
7788	-1.136852e+03
7789	-1.135104e+03
7790	-1.144223e+03
7791	-1.118964e+03
7792	-1.119120e+03
7793	-1.115394e+03
7794	-1.129889e+03
7795	-1.138650e+03
7796	-1.140585e+03
7797	-1.122302e+03
7798	-1.133402e+03
7799	-1.113175e+03
7800	-1.120941e+03
7801	-1.117135e+03
7802	-1.135737e+03
7803	-1.107525e+03
7804	-1.116176e+03
7805	-1.138705e+03
7806	-1.119433e+03
7807	-1.120935e+03
7808	-1.117891e+03
7809	-1.128505e+03
7810	-1.137304e+03
7811	-1.121524e+03
7812	-1.134132e+03
7813	-1.144389e+03
7814	-1.135344e+03
7815	-1.146222e+03
7816	-1.130917e+03
7817	-1.116050e+03
7818	-1.131057e+03
7819	-1.105198e+03
7820	-1.123645e+03
7821	-1.136033e+03
7822	-1.137430e+03
7823	-1.127427e+03
7824	-1.122861e+03
7825	-1.128583e+03
7826	-1.105220e+03
7827	-1.135710e+03
7828	-1.125869e+03
7829	-1.130360e+03
7830	-1.127706e+03
7831	-1.124335e+03
7832	-1.133273e+03
7833	-1.119725e+03
7834	-1.120292e+03
7835	-1.117740e+03
7836	-1.122465e+03
7837	-1.111467e+03
7838	-1.135816e+03
7839	-1.131993e+03
7840	-1.124452e+03
7841	-1.123536e+03
7842	-1.142110e+03
7843	-1.123534e+03
7844	-1.148117e+03
7845	-1.126039e+03
7846	-1.114279e+03
7847	-1.135204e+03
7848	-1.118580e+03
7849	-1.130345e+03
7850	-1.131723e+03
7851	-1.142940e+03
7852	-1.124211e+03
7853	-1.134861e+03
7854	-1.110420e+03
7855	-1.138896e+03
7856	-1.137028e+03
7857	-1.110547e+03
7858	-1.135814e+03
7859	-1.146129e+03
7860	-1.136486e+03
7861	-1.129301e+03
7862	-1.132115e+03
7863	-1.125112e+03
7864	-1.119126e+03
7865	-1.107824e+03
7866	-1.118463e+03
7867	-1.135875e+03
7868	-1.129421e+03
7869	-1.122321e+03
7870	-1.131395e+03
7871	-1.127928e+03
7872	-1.118829e+03
7873	-1.147639e+03
7874	-1.132212e+03
7875	-1.138861e+03
7876	-1.136867e+03
7877	-1.143697e+03
7878	-1.115098e+03
7879	-1.133700e+03
7880	-1.143260e+03
7881	-1.150728e+03
7882	-1.134688e+03
7883	-1.136127e+03
7884	-1.135985e+03
7885	-1.115704e+03
7886	-1.134608e+03
7887	-1.134557e+03
7888	-1.118184e+03
7889	-1.138611e+03
7890	-1.142736e+03
7891	-1.145686e+03
7892	-1.126468e+03
7893	-1.127979e+03
7894	-1.151361e+03
7895	-1.152185e+03
7896	-1.138333e+03
7897	-1.108749e+03
7898	-1.136722e+03
7899	-1.136852e+03
7900	-1.133137e+03
7901	-1.139337e+03
7902	-1.133172e+03
7903	-1.137289e+03
7904	-1.122024e+03
7905	-1.113887e+03
7906	-1.124840e+03
7907	-1.153106e+03
7908	-1.132062e+03
7909	-1.133075e+03
7910	-1.132497e+03
7911	-1.118482e+03
7912	-1.132612e+03
7913	-1.133196e+03
7914	-1.128407e+03
7915	-1.137332e+03
7916	-1.128068e+03
7917	-1.129276e+03
7918	-1.128377e+03
7919	-1.110490e+03
7920	-1.134140e+03
7921	-1.131455e+03
7922	-1.122806e+03
7923	-1.131506e+03
7924	-1.123439e+03
7925	-1.115773e+03
7926	-1.138552e+03
7927	-1.134589e+03
7928	-1.123458e+03
7929	-1.138927e+03
7930	-1.147719e+03
7931	-1.119794e+03
7932	-1.126896e+03
7933	-1.115130e+03
7934	-1.129810e+03
7935	-1.131172e+03
7936	-1.119956e+03
7937	-1.134455e+03
7938	-1.135301e+03
7939	-1.133700e+03
7940	-1.127674e+03
7941	-1.124188e+03
7942	-1.132868e+03
7943	-1.136320e+03
7944	-1.156109e+03
7945	-1.135497e+03
7946	-1.148340e+03
7947	-1.129127e+03
7948	-1.125328e+03
7949	-1.134133e+03
7950	-1.137715e+03
7951	-1.141141e+03
7952	-1.137997e+03
7953	-1.106592e+03
7954	-1.135238e+03
7955	-1.149867e+03
7956	-1.122897e+03
7957	-1.143424e+03
7958	-1.146694e+03
7959	-1.143672e+03
7960	-1.149871e+03
7961	-1.150248e+03
7962	-1.115958e+03
7963	-1.121581e+03
7964	-1.133632e+03
7965	-1.118546e+03
7966	-1.130659e+03
7967	-1.123845e+03
7968	-1.129248e+03
7969	-1.138322e+03
7970	-1.108111e+03
7971	-1.127224e+03
7972	-1.107931e+03
7973	-1.149719e+03
7974	-1.134389e+03
7975	-1.133455e+03
7976	-1.117586e+03
7977	-1.130163e+03
7978	-1.105555e+03
7979	-1.133983e+03
7980	-1.125656e+03
7981	-1.140707e+03
7982	-1.152012e+03
7983	-1.131071e+03
7984	-1.125645e+03
7985	-1.138716e+03
7986	-1.134824e+03
7987	-1.141246e+03
7988	-1.117367e+03
7989	-1.134618e+03
7990	-1.145459e+03
7991	-1.137496e+03
7992	-1.132124e+03
7993	-1.119372e+03
7994	-1.113244e+03
7995	-1.103818e+03
7996	-1.140437e+03
7997	-1.138581e+03
7998	-1.116590e+03
7999	-1.122292e+03
8000	-1.123695e+03
8001	-1.129720e+03
8002	-1.136672e+03
8003	-1.120910e+03
8004	-1.129139e+03
8005	-1.132636e+03
8006	-1.129297e+03
8007	-1.117945e+03
8008	-1.136639e+03
8009	-1.134594e+03
8010	-1.115764e+03
8011	-1.122925e+03
8012	-1.120534e+03
8013	-1.111516e+03
8014	-1.146242e+03
8015	-1.110396e+03
8016	-1.125597e+03
8017	-1.115572e+03
8018	-1.135893e+03
8019	-1.101991e+03
8020	-1.118350e+03
8021	-1.120553e+03
8022	-1.133934e+03
8023	-1.126979e+03
8024	-1.111867e+03
8025	-1.114377e+03
8026	-1.138969e+03
8027	-1.125180e+03
8028	-1.108316e+03
8029	-1.141133e+03
8030	-1.118809e+03
8031	-1.140948e+03
8032	-1.105091e+03
8033	-1.155122e+03
8034	-1.123385e+03
8035	-1.124970e+03
8036	-1.118340e+03
8037	-1.128447e+03
8038	-1.135045e+03
8039	-1.148452e+03
8040	-1.119716e+03
8041	-1.121079e+03
8042	-1.131039e+03
8043	-1.121735e+03
8044	-1.128093e+03
8045	-1.136193e+03
8046	-1.150428e+03
8047	-1.143089e+03
8048	-1.126462e+03
8049	-1.133345e+03
8050	-1.121668e+03
8051	-1.124929e+03
8052	-1.125247e+03
8053	-1.108326e+03
8054	-1.133956e+03
8055	-1.125711e+03
8056	-1.130777e+03
8057	-1.116138e+03
8058	-1.125230e+03
8059	-1.121844e+03
8060	-1.116110e+03
8061	-1.119820e+03
8062	-1.114519e+03
8063	-1.114113e+03
8064	-1.123563e+03
8065	-1.130023e+03
8066	-1.147690e+03
8067	-1.122918e+03
8068	-1.131762e+03
8069	-1.098794e+03
8070	-1.127475e+03
8071	-1.128279e+03
8072	-1.129987e+03
8073	-1.132670e+03
8074	-1.138404e+03
8075	-1.115076e+03
8076	-1.134963e+03
8077	-1.127199e+03
8078	-1.124229e+03
8079	-1.134114e+03
8080	-1.127084e+03
8081	-1.130514e+03
8082	-1.127683e+03
8083	-1.137979e+03
8084	-1.132377e+03
8085	-1.159027e+03
8086	-1.116697e+03
8087	-1.110558e+03
8088	-1.138130e+03
8089	-1.134902e+03
8090	-1.151191e+03
8091	-1.157573e+03
8092	-1.112122e+03
8093	-1.125065e+03
8094	-1.128822e+03
8095	-1.132635e+03
8096	-1.123485e+03
8097	-1.136446e+03
8098	-1.125638e+03
8099	-1.105814e+03
8100	-1.112905e+03
8101	-1.139157e+03
8102	-1.132119e+03
8103	-1.128107e+03
8104	-1.131427e+03
8105	-1.131603e+03
8106	-1.143351e+03
8107	-1.134888e+03
8108	-1.134871e+03
8109	-1.115483e+03
8110	-1.133023e+03
8111	-1.145141e+03
8112	-1.140075e+03
8113	-1.125159e+03
8114	-1.130444e+03
8115	-1.144819e+03
8116	-1.114798e+03
8117	-1.140329e+03
8118	-1.143162e+03
8119	-1.136439e+03
8120	-1.114107e+03
8121	-1.136788e+03
8122	-1.121450e+03
8123	-1.128634e+03
8124	-1.126411e+03
8125	-1.125516e+03
8126	-1.133263e+03
8127	-1.143451e+03
8128	-1.122245e+03
8129	-1.124193e+03
8130	-1.130789e+03
8131	-1.135356e+03
8132	-1.136209e+03
8133	-1.126707e+03
8134	-1.137009e+03
8135	-1.132302e+03
8136	-1.109950e+03
8137	-1.139075e+03
8138	-1.135418e+03
8139	-1.116323e+03
8140	-1.110970e+03
8141	-1.134251e+03
8142	-1.120125e+03
8143	-1.129320e+03
8144	-1.141751e+03
8145	-1.123586e+03
8146	-1.143596e+03
8147	-1.125329e+03
8148	-1.122619e+03
8149	-1.135878e+03
8150	-1.126105e+03
8151	-1.148600e+03
8152	-1.135858e+03
8153	-1.114404e+03
8154	-1.121758e+03
8155	-1.115327e+03
8156	-1.125903e+03
8157	-1.123310e+03
8158	-1.138195e+03
8159	-1.131457e+03
8160	-1.121529e+03
8161	-1.152016e+03
8162	-1.118975e+03
8163	-1.150272e+03
8164	-1.136306e+03
8165	-1.118872e+03
8166	-1.136940e+03
8167	-1.134231e+03
8168	-1.163849e+03
8169	-1.142978e+03
8170	-1.126651e+03
8171	-1.145982e+03
8172	-1.128596e+03
8173	-1.137935e+03
8174	-1.140075e+03
8175	-1.129661e+03
8176	-1.135422e+03
8177	-1.135607e+03
8178	-1.106751e+03
8179	-1.120772e+03
8180	-1.128899e+03
8181	-1.124154e+03
8182	-1.135727e+03
8183	-1.153235e+03
8184	-1.095586e+03
8185	-1.111826e+03
8186	-1.137166e+03
8187	-1.105960e+03
8188	-1.134505e+03
8189	-1.111050e+03
8190	-1.137607e+03
8191	-1.134231e+03
8192	-1.115885e+03
8193	-1.132550e+03
8194	-1.143998e+03
8195	-1.139449e+03
8196	-1.118143e+03
8197	-1.130380e+03
8198	-1.120581e+03
8199	-1.135334e+03
8200	-1.128232e+03
8201	-1.145944e+03
8202	-1.121031e+03
8203	-1.127212e+03
8204	-1.124158e+03
8205	-1.132100e+03
8206	-1.121668e+03
8207	-1.143493e+03
8208	-1.136205e+03
8209	-1.132625e+03
8210	-1.127673e+03
8211	-1.131173e+03
8212	-1.143150e+03
8213	-1.134803e+03
8214	-1.108476e+03
8215	-1.138287e+03
8216	-1.140726e+03
8217	-1.121337e+03
8218	-1.152810e+03
8219	-1.126167e+03
8220	-1.127097e+03
8221	-1.139357e+03
8222	-1.137566e+03
8223	-1.128311e+03
8224	-1.130277e+03
8225	-1.158374e+03
8226	-1.129597e+03
8227	-1.126719e+03
8228	-1.141077e+03
8229	-1.146145e+03
8230	-1.112510e+03
8231	-1.119095e+03
8232	-1.134753e+03
8233	-1.130371e+03
8234	-1.134806e+03
8235	-1.144226e+03
8236	-1.134137e+03
8237	-1.128389e+03
8238	-1.140283e+03
8239	-1.125177e+03
8240	-1.132833e+03
8241	-1.127271e+03
8242	-1.129847e+03
8243	-1.129378e+03
8244	-1.122977e+03
8245	-1.138264e+03
8246	-1.133142e+03
8247	-1.116002e+03
8248	-1.137736e+03
8249	-1.128418e+03
8250	-1.124960e+03
8251	-1.140834e+03
8252	-1.151721e+03
8253	-1.131843e+03
8254	-1.121582e+03
8255	-1.141057e+03
8256	-1.136837e+03
8257	-1.134949e+03
8258	-1.126589e+03
8259	-1.126552e+03
8260	-1.131431e+03
8261	-1.138953e+03
8262	-1.152773e+03
8263	-1.119132e+03
8264	-1.111541e+03
8265	-1.113136e+03
8266	-1.130423e+03
8267	-1.138347e+03
8268	-1.129840e+03
8269	-1.138094e+03
8270	-1.120180e+03
8271	-1.103968e+03
8272	-1.124116e+03
8273	-1.117380e+03
8274	-1.128489e+03
8275	-1.120856e+03
8276	-1.121346e+03
8277	-1.133289e+03
8278	-1.129686e+03
8279	-1.112886e+03
8280	-1.122082e+03
8281	-1.118630e+03
8282	-1.135090e+03
8283	-1.121168e+03
8284	-1.124955e+03
8285	-1.133992e+03
8286	-1.122960e+03
8287	-1.140823e+03
8288	-1.132628e+03
8289	-1.147344e+03
8290	-1.131400e+03
8291	-1.148705e+03
8292	-1.126721e+03
8293	-1.140158e+03
8294	-1.123503e+03
8295	-1.143006e+03
8296	-1.137549e+03
8297	-1.143132e+03
8298	-1.136371e+03
8299	-1.110317e+03
8300	-1.124866e+03
8301	-1.112245e+03
8302	-1.141796e+03
8303	-1.126821e+03
8304	-1.134948e+03
8305	-1.129513e+03
8306	-1.146509e+03
8307	-1.154071e+03
8308	-1.131416e+03
8309	-1.133673e+03
8310	-1.125913e+03
8311	-1.116684e+03
8312	-1.138036e+03
8313	-1.115094e+03
8314	-1.115598e+03
8315	-1.143914e+03
8316	-1.133668e+03
8317	-1.112036e+03
8318	-1.131667e+03
8319	-1.130826e+03
8320	-1.112708e+03
8321	-1.142829e+03
8322	-1.130676e+03
8323	-1.122370e+03
8324	-1.130308e+03
8325	-1.139065e+03
8326	-1.136887e+03
8327	-1.123320e+03
8328	-1.107393e+03
8329	-1.111761e+03
8330	-1.101729e+03
8331	-1.118782e+03
8332	-1.124973e+03
8333	-1.137928e+03
8334	-1.129076e+03
8335	-1.130692e+03
8336	-1.125528e+03
8337	-1.138206e+03
8338	-1.132112e+03
8339	-1.127569e+03
8340	-1.134712e+03
8341	-1.129635e+03
8342	-1.124254e+03
8343	-1.138120e+03
8344	-1.148625e+03
8345	-1.130136e+03
8346	-1.128260e+03
8347	-1.121498e+03
8348	-1.157222e+03
8349	-1.123114e+03
8350	-1.143411e+03
8351	-1.139260e+03
8352	-1.127417e+03
8353	-1.127507e+03
8354	-1.133952e+03
8355	-1.122314e+03
8356	-1.130045e+03
8357	-1.136896e+03
8358	-1.127008e+03
8359	-1.103634e+03
8360	-1.125978e+03
8361	-1.131799e+03
8362	-1.143317e+03
8363	-1.123380e+03
8364	-1.131477e+03
8365	-1.110676e+03
8366	-1.139215e+03
8367	-1.114009e+03
8368	-1.139318e+03
8369	-1.137075e+03
8370	-1.120374e+03
8371	-1.114135e+03
8372	-1.118153e+03
8373	-1.129901e+03
8374	-1.125538e+03
8375	-1.123471e+03
8376	-1.113270e+03
8377	-1.130723e+03
8378	-1.118305e+03
8379	-1.114008e+03
8380	-1.121927e+03
8381	-1.137972e+03
8382	-1.124315e+03
8383	-1.137064e+03
8384	-1.135264e+03
8385	-1.115238e+03
8386	-1.130634e+03
8387	-1.130295e+03
8388	-1.122190e+03
8389	-1.122038e+03
8390	-1.141158e+03
8391	-1.141184e+03
8392	-1.126554e+03
8393	-1.130556e+03
8394	-1.141924e+03
8395	-1.129631e+03
8396	-1.134927e+03
8397	-1.120461e+03
8398	-1.125282e+03
8399	-1.118645e+03
8400	-1.125199e+03
8401	-1.105714e+03
8402	-1.120922e+03
8403	-1.119219e+03
8404	-1.122471e+03
8405	-1.135608e+03
8406	-1.125840e+03
8407	-1.125235e+03
8408	-1.136211e+03
8409	-1.131707e+03
8410	-1.123740e+03
8411	-1.121583e+03
8412	-1.135519e+03
8413	-1.163103e+03
8414	-1.113379e+03
8415	-1.136966e+03
8416	-1.118152e+03
8417	-1.134257e+03
8418	-1.112557e+03
8419	-1.127554e+03
8420	-1.122030e+03
8421	-1.138672e+03
8422	-1.146589e+03
8423	-1.123105e+03
8424	-1.121213e+03
8425	-1.138244e+03
8426	-1.139449e+03
8427	-1.171959e+03
8428	-1.126941e+03
8429	-1.142174e+03
8430	-1.103060e+03
8431	-1.141802e+03
8432	-1.140312e+03
8433	-1.119939e+03
8434	-1.124909e+03
8435	-1.117899e+03
8436	-1.139563e+03
8437	-1.122410e+03
8438	-1.132404e+03
8439	-1.149409e+03
8440	-1.128578e+03
8441	-1.139042e+03
8442	-1.105822e+03
8443	-1.149424e+03
8444	-1.119908e+03
8445	-1.101838e+03
8446	-1.141309e+03
8447	-1.130986e+03
8448	-1.129396e+03
8449	-1.139351e+03
8450	-1.115371e+03
8451	-1.155740e+03
8452	-1.144709e+03
8453	-1.126700e+03
8454	-1.122101e+03
8455	-1.108438e+03
8456	-1.137013e+03
8457	-1.125203e+03
8458	-1.127440e+03
8459	-1.139319e+03
8460	-1.118918e+03
8461	-1.128770e+03
8462	-1.129858e+03
8463	-1.128659e+03
8464	-1.131713e+03
8465	-1.122707e+03
8466	-1.144305e+03
8467	-1.117574e+03
8468	-1.136515e+03
8469	-1.129120e+03
8470	-1.128361e+03
8471	-1.136588e+03
8472	-1.134066e+03
8473	-1.105425e+03
8474	-1.149658e+03
8475	-1.133474e+03
8476	-1.130458e+03
8477	-1.108041e+03
8478	-1.111465e+03
8479	-1.124341e+03
8480	-1.128109e+03
8481	-1.124272e+03
8482	-1.130891e+03
8483	-1.122102e+03
8484	-1.139194e+03
8485	-1.134016e+03
8486	-1.135738e+03
8487	-1.116155e+03
8488	-1.124108e+03
8489	-1.117727e+03
8490	-1.106745e+03
8491	-1.138199e+03
8492	-1.135060e+03
8493	-1.142288e+03
8494	-1.134342e+03
8495	-1.139854e+03
8496	-1.122299e+03
8497	-1.112668e+03
8498	-1.136433e+03
8499	-1.135163e+03
8500	-1.114558e+03
8501	-1.144182e+03
8502	-1.127250e+03
8503	-1.115767e+03
8504	-1.113314e+03
8505	-1.121209e+03
8506	-1.112126e+03
8507	-1.146815e+03
8508	-1.137101e+03
8509	-1.121208e+03
8510	-1.122248e+03
8511	-1.122880e+03
8512	-1.115181e+03
8513	-1.129593e+03
8514	-1.113731e+03
8515	-1.123789e+03
8516	-1.145624e+03
8517	-1.115113e+03
8518	-1.137003e+03
8519	-1.134390e+03
8520	-1.136612e+03
8521	-1.153143e+03
8522	-1.130747e+03
8523	-1.130822e+03
8524	-1.120889e+03
8525	-1.125159e+03
8526	-1.122665e+03
8527	-1.122482e+03
8528	-1.144421e+03
8529	-1.117271e+03
8530	-1.136474e+03
8531	-1.131955e+03
8532	-1.123331e+03
8533	-1.123869e+03
8534	-1.108002e+03
8535	-1.111156e+03
8536	-1.116815e+03
8537	-1.131779e+03
8538	-1.118103e+03
8539	-1.143568e+03
8540	-1.148429e+03
8541	-1.138249e+03
8542	-1.129955e+03
8543	-1.137174e+03
8544	-1.121119e+03
8545	-1.143598e+03
8546	-1.112531e+03
8547	-1.122393e+03
8548	-1.137538e+03
8549	-1.118681e+03
8550	-1.141845e+03
8551	-1.144563e+03
8552	-1.109486e+03
8553	-1.117298e+03
8554	-1.118260e+03
8555	-1.146322e+03
8556	-1.122517e+03
8557	-1.144627e+03
8558	-1.110867e+03
8559	-1.122086e+03
8560	-1.132287e+03
8561	-1.151260e+03
8562	-1.129369e+03
8563	-1.130437e+03
8564	-1.138315e+03
8565	-1.134094e+03
8566	-1.108895e+03
8567	-1.130499e+03
8568	-1.139115e+03
8569	-1.150964e+03
8570	-1.119494e+03
8571	-1.114808e+03
8572	-1.117299e+03
8573	-1.142704e+03
8574	-1.115951e+03
8575	-1.141271e+03
8576	-1.135814e+03
8577	-1.134767e+03
8578	-1.116687e+03
8579	-1.120597e+03
8580	-1.121972e+03
8581	-1.134575e+03
8582	-1.147997e+03
8583	-1.151865e+03
8584	-1.143805e+03
8585	-1.132453e+03
8586	-1.121129e+03
8587	-1.146759e+03
8588	-1.156049e+03
8589	-1.128668e+03
8590	-1.136525e+03
8591	-1.132600e+03
8592	-1.133773e+03
8593	-1.109931e+03
8594	-1.124473e+03
8595	-1.119234e+03
8596	-1.115531e+03
8597	-1.119030e+03
8598	-1.129287e+03
8599	-1.138252e+03
8600	-1.130213e+03
8601	-1.117586e+03
8602	-1.140935e+03
8603	-1.112480e+03
8604	-1.145520e+03
8605	-1.136278e+03
8606	-1.110219e+03
8607	-1.128874e+03
8608	-1.130253e+03
8609	-1.124316e+03
8610	-1.139665e+03
8611	-1.110645e+03
8612	-1.136795e+03
8613	-1.136584e+03
8614	-1.124580e+03
8615	-1.136068e+03
8616	-1.125455e+03
8617	-1.139898e+03
8618	-1.131056e+03
8619	-1.127888e+03
8620	-1.098799e+03
8621	-1.122928e+03
8622	-1.140746e+03
8623	-1.114140e+03
8624	-1.128834e+03
8625	-1.109971e+03
8626	-1.127780e+03
8627	-1.151157e+03
8628	-1.113779e+03
8629	-1.110494e+03
8630	-1.123435e+03
8631	-1.120956e+03
8632	-1.119188e+03
8633	-1.122197e+03
8634	-1.125235e+03
8635	-1.143570e+03
8636	-1.114692e+03
8637	-1.136041e+03
8638	-1.109390e+03
8639	-1.131995e+03
8640	-1.129424e+03
8641	-1.120999e+03
8642	-1.123518e+03
8643	-1.130358e+03
8644	-1.101875e+03
8645	-1.113974e+03
8646	-1.124092e+03
8647	-1.126459e+03
8648	-1.120291e+03
8649	-1.116210e+03
8650	-1.126601e+03
8651	-1.130959e+03
8652	-1.146106e+03
8653	-1.124051e+03
8654	-1.136850e+03
8655	-1.122309e+03
8656	-1.119533e+03
8657	-1.130669e+03
8658	-1.132518e+03
8659	-1.119707e+03
8660	-1.167284e+03
8661	-1.132112e+03
8662	-1.125307e+03
8663	-1.142357e+03
8664	-1.121402e+03
8665	-1.129618e+03
8666	-1.128921e+03
8667	-1.137366e+03
8668	-1.128783e+03
8669	-1.114134e+03
8670	-1.128624e+03
8671	-1.144699e+03
8672	-1.138850e+03
8673	-1.142202e+03
8674	-1.130543e+03
8675	-1.120797e+03
8676	-1.137331e+03
8677	-1.140116e+03
8678	-1.122390e+03
8679	-1.133824e+03
8680	-1.113794e+03
8681	-1.119685e+03
8682	-1.139584e+03
8683	-1.115763e+03
8684	-1.123576e+03
8685	-1.121556e+03
8686	-1.136130e+03
8687	-1.143544e+03
8688	-1.151134e+03
8689	-1.130304e+03
8690	-1.118134e+03
8691	-1.125438e+03
8692	-1.130802e+03
8693	-1.132432e+03
8694	-1.129259e+03
8695	-1.118018e+03
8696	-1.125262e+03
8697	-1.127369e+03
8698	-1.121598e+03
8699	-1.118710e+03
8700	-1.120988e+03
8701	-1.117845e+03
8702	-1.142659e+03
8703	-1.130472e+03
8704	-1.121561e+03
8705	-1.135396e+03
8706	-1.138042e+03
8707	-1.129300e+03
8708	-1.128498e+03
8709	-1.120926e+03
8710	-1.116757e+03
8711	-1.120841e+03
8712	-1.148656e+03
8713	-1.133428e+03
8714	-1.125235e+03
8715	-1.119236e+03
8716	-1.133187e+03
8717	-1.140655e+03
8718	-1.132734e+03
8719	-1.137315e+03
8720	-1.111746e+03
8721	-1.116196e+03
8722	-1.145343e+03
8723	-1.130340e+03
8724	-1.134631e+03
8725	-1.131549e+03
8726	-1.153192e+03
8727	-1.152712e+03
8728	-1.139014e+03
8729	-1.132633e+03
8730	-1.113740e+03
8731	-1.128246e+03
8732	-1.115406e+03
8733	-1.114727e+03
8734	-1.122298e+03
8735	-1.132790e+03
8736	-1.135256e+03
8737	-1.134840e+03
8738	-1.137727e+03
8739	-1.125075e+03
8740	-1.133327e+03
8741	-1.142070e+03
8742	-1.128329e+03
8743	-1.134588e+03
8744	-1.138030e+03
8745	-1.127363e+03
8746	-1.131588e+03
8747	-1.138700e+03
8748	-1.121250e+03
8749	-1.114685e+03
8750	-1.125195e+03
8751	-1.113257e+03
8752	-1.126805e+03
8753	-1.123498e+03
8754	-1.136668e+03
8755	-1.117399e+03
8756	-1.135884e+03
8757	-1.111880e+03
8758	-1.120025e+03
8759	-1.141572e+03
8760	-1.127854e+03
8761	-1.120818e+03
8762	-1.111993e+03
8763	-1.136230e+03
8764	-1.116845e+03
8765	-1.121434e+03
8766	-1.138177e+03
8767	-1.141122e+03
8768	-1.129731e+03
8769	-1.128548e+03
8770	-1.124257e+03
8771	-1.128224e+03
8772	-1.137046e+03
8773	-1.123417e+03
8774	-1.141488e+03
8775	-1.128549e+03
8776	-1.131593e+03
8777	-1.126607e+03
8778	-1.123940e+03
8779	-1.129798e+03
8780	-1.125827e+03
8781	-1.109046e+03
8782	-1.117520e+03
8783	-1.122769e+03
8784	-1.152628e+03
8785	-1.127662e+03
8786	-1.148077e+03
8787	-1.125776e+03
8788	-1.127297e+03
8789	-1.142012e+03
8790	-1.138203e+03
8791	-1.150970e+03
8792	-1.130665e+03
8793	-1.131988e+03
8794	-1.128789e+03
8795	-1.131812e+03
8796	-1.121607e+03
8797	-1.152572e+03
8798	-1.141388e+03
8799	-1.149909e+03
8800	-1.126672e+03
8801	-1.116533e+03
8802	-1.109966e+03
8803	-1.114441e+03
8804	-1.129110e+03
8805	-1.108965e+03
8806	-1.139598e+03
8807	-1.130818e+03
8808	-1.125283e+03
8809	-1.126585e+03
8810	-1.132092e+03
8811	-1.132613e+03
8812	-1.125050e+03
8813	-1.143153e+03
8814	-1.109069e+03
8815	-1.126599e+03
8816	-1.140584e+03
8817	-1.154245e+03
8818	-1.119149e+03
8819	-1.147041e+03
8820	-1.122621e+03
8821	-1.119527e+03
8822	-1.129974e+03
8823	-1.106776e+03
8824	-1.118488e+03
8825	-1.140182e+03
8826	-1.149796e+03
8827	-1.135149e+03
8828	-1.118852e+03
8829	-1.126913e+03
8830	-1.129191e+03
8831	-1.123048e+03
8832	-1.128739e+03
8833	-1.127472e+03
8834	-1.117736e+03
8835	-1.113249e+03
8836	-1.127467e+03
8837	-1.147983e+03
8838	-1.123989e+03
8839	-1.129691e+03
8840	-1.110302e+03
8841	-1.141133e+03
8842	-1.134203e+03
8843	-1.125615e+03
8844	-1.134110e+03
8845	-1.122980e+03
8846	-1.115139e+03
8847	-1.136118e+03
8848	-1.130953e+03
8849	-1.125693e+03
8850	-1.132183e+03
8851	-1.124222e+03
8852	-1.126958e+03
8853	-1.137673e+03
8854	-1.117320e+03
8855	-1.129273e+03
8856	-1.130614e+03
8857	-1.120953e+03
8858	-1.129682e+03
8859	-1.139674e+03
8860	-1.115287e+03
8861	-1.135843e+03
8862	-1.129748e+03
8863	-1.100685e+03
8864	-1.124934e+03
8865	-1.128749e+03
8866	-1.128456e+03
8867	-1.119322e+03
8868	-1.130681e+03
8869	-1.144822e+03
8870	-1.111828e+03
8871	-1.130940e+03
8872	-1.137452e+03
8873	-1.114222e+03
8874	-1.143748e+03
8875	-1.126019e+03
8876	-1.098183e+03
8877	-1.117656e+03
8878	-1.121358e+03
8879	-1.144421e+03
8880	-1.135000e+03
8881	-1.145363e+03
8882	-1.130395e+03
8883	-1.124302e+03
8884	-1.130284e+03
8885	-1.146512e+03
8886	-1.106462e+03
8887	-1.136554e+03
8888	-1.119102e+03
8889	-1.145188e+03
8890	-1.128335e+03
8891	-1.121045e+03
8892	-1.138465e+03
8893	-1.136288e+03
8894	-1.130649e+03
8895	-1.116264e+03
8896	-1.146466e+03
8897	-1.118760e+03
8898	-1.137981e+03
8899	-1.135575e+03
8900	-1.126364e+03
8901	-1.123426e+03
8902	-1.130433e+03
8903	-1.151091e+03
8904	-1.121976e+03
8905	-1.134501e+03
8906	-1.122328e+03
8907	-1.097261e+03
8908	-1.136377e+03
8909	-1.135083e+03
8910	-1.133626e+03
8911	-1.134771e+03
8912	-1.131720e+03
8913	-1.137814e+03
8914	-1.127991e+03
8915	-1.116284e+03
8916	-1.146129e+03
8917	-1.142846e+03
8918	-1.137530e+03
8919	-1.123798e+03
8920	-1.136284e+03
8921	-1.154332e+03
8922	-1.135273e+03
8923	-1.125831e+03
8924	-1.112322e+03
8925	-1.124457e+03
8926	-1.112629e+03
8927	-1.120443e+03
8928	-1.132312e+03
8929	-1.144332e+03
8930	-1.134918e+03
8931	-1.107879e+03
8932	-1.123208e+03
8933	-1.136691e+03
8934	-1.122902e+03
8935	-1.139989e+03
8936	-1.129548e+03
8937	-1.130158e+03
8938	-1.156826e+03
8939	-1.133408e+03
8940	-1.148106e+03
8941	-1.115479e+03
8942	-1.146447e+03
8943	-1.121581e+03
8944	-1.132819e+03
8945	-1.115572e+03
8946	-1.130375e+03
8947	-1.134642e+03
8948	-1.125654e+03
8949	-1.133021e+03
8950	-1.120273e+03
8951	-1.117895e+03
8952	-1.141169e+03
8953	-1.121005e+03
8954	-1.123158e+03
8955	-1.119136e+03
8956	-1.128154e+03
8957	-1.124057e+03
8958	-1.118962e+03
8959	-1.114615e+03
8960	-1.128447e+03
8961	-1.122112e+03
8962	-1.132302e+03
8963	-1.111313e+03
8964	-1.131773e+03
8965	-1.131984e+03
8966	-1.124098e+03
8967	-1.123185e+03
8968	-1.140057e+03
8969	-1.112388e+03
8970	-1.119435e+03
8971	-1.122781e+03
8972	-1.121124e+03
8973	-1.145868e+03
8974	-1.123194e+03
8975	-1.126232e+03
8976	-1.131059e+03
8977	-1.116858e+03
8978	-1.123134e+03
8979	-1.133526e+03
8980	-1.132645e+03
8981	-1.137016e+03
8982	-1.122317e+03
8983	-1.112845e+03
8984	-1.129851e+03
8985	-1.116428e+03
8986	-1.136051e+03
8987	-1.120894e+03
8988	-1.117719e+03
8989	-1.131240e+03
8990	-1.141236e+03
8991	-1.117558e+03
8992	-1.117963e+03
8993	-1.128916e+03
8994	-1.127297e+03
8995	-1.126426e+03
8996	-1.116038e+03
8997	-1.123994e+03
8998	-1.119016e+03
8999	-1.141060e+03
9000	-1.130092e+03
9001	-1.133489e+03
9002	-1.137509e+03
9003	-1.135966e+03
9004	-1.127263e+03
9005	-1.109247e+03
9006	-1.120563e+03
9007	-1.122976e+03
9008	-1.116788e+03
9009	-1.135377e+03
9010	-1.132006e+03
9011	-1.137470e+03
9012	-1.138520e+03
9013	-1.125560e+03
9014	-1.121875e+03
9015	-1.142702e+03
9016	-1.109474e+03
9017	-1.119163e+03
9018	-1.120003e+03
9019	-1.135725e+03
9020	-1.136796e+03
9021	-1.129298e+03
9022	-1.119302e+03
9023	-1.125492e+03
9024	-1.131563e+03
9025	-1.130710e+03
9026	-1.122183e+03
9027	-1.124685e+03
9028	-1.119215e+03
9029	-1.120400e+03
9030	-1.115269e+03
9031	-1.128396e+03
9032	-1.134117e+03
9033	-1.126131e+03
9034	-1.131149e+03
9035	-1.115680e+03
9036	-1.138542e+03
9037	-1.146258e+03
9038	-1.144342e+03
9039	-1.141335e+03
9040	-1.120955e+03
9041	-1.140193e+03
9042	-1.119970e+03
9043	-1.115207e+03
9044	-1.135175e+03
9045	-1.125886e+03
9046	-1.124309e+03
9047	-1.132321e+03
9048	-1.128953e+03
9049	-1.123074e+03
9050	-1.140671e+03
9051	-1.128803e+03
9052	-1.132817e+03
9053	-1.135278e+03
9054	-1.131922e+03
9055	-1.111303e+03
9056	-1.130066e+03
9057	-1.148623e+03
9058	-1.141373e+03
9059	-1.144043e+03
9060	-1.115673e+03
9061	-1.146389e+03
9062	-1.131487e+03
9063	-1.151498e+03
9064	-1.119015e+03
9065	-1.121467e+03
9066	-1.129692e+03
9067	-1.136231e+03
9068	-1.149281e+03
9069	-1.123741e+03
9070	-1.145307e+03
9071	-1.138894e+03
9072	-1.133275e+03
9073	-1.130201e+03
9074	-1.143612e+03
9075	-1.122393e+03
9076	-1.118402e+03
9077	-1.132874e+03
9078	-1.132253e+03
9079	-1.101285e+03
9080	-1.129780e+03
9081	-1.136218e+03
9082	-1.129846e+03
9083	-1.130176e+03
9084	-1.136843e+03
9085	-1.130307e+03
9086	-1.115639e+03
9087	-1.138279e+03
9088	-1.137306e+03
9089	-1.126119e+03
9090	-1.132773e+03
9091	-1.122866e+03
9092	-1.119835e+03
9093	-1.131726e+03
9094	-1.148144e+03
9095	-1.135668e+03
9096	-1.126981e+03
9097	-1.141921e+03
9098	-1.147559e+03
9099	-1.139167e+03
9100	-1.132492e+03
9101	-1.124274e+03
9102	-1.134301e+03
9103	-1.129058e+03
9104	-1.128343e+03
9105	-1.141240e+03
9106	-1.114784e+03
9107	-1.112428e+03
9108	-1.141613e+03
9109	-1.120070e+03
9110	-1.131610e+03
9111	-1.136269e+03
9112	-1.105894e+03
9113	-1.125888e+03
9114	-1.127900e+03
9115	-1.139343e+03
9116	-1.154288e+03
9117	-1.138217e+03
9118	-1.132263e+03
9119	-1.140967e+03
9120	-1.127109e+03
9121	-1.131975e+03
9122	-1.128247e+03
9123	-1.128320e+03
9124	-1.124251e+03
9125	-1.141929e+03
9126	-1.135341e+03
9127	-1.123863e+03
9128	-1.151599e+03
9129	-1.091420e+03
9130	-1.117322e+03
9131	-1.138801e+03
9132	-1.125362e+03
9133	-1.136463e+03
9134	-1.140365e+03
9135	-1.127651e+03
9136	-1.126520e+03
9137	-1.122360e+03
9138	-1.134885e+03
9139	-1.147668e+03
9140	-1.107842e+03
9141	-1.133670e+03
9142	-1.119802e+03
9143	-1.109489e+03
9144	-1.132108e+03
9145	-1.109875e+03
9146	-1.125662e+03
9147	-1.136448e+03
9148	-1.142496e+03
9149	-1.129565e+03
9150	-1.138406e+03
9151	-1.138183e+03
9152	-1.128123e+03
9153	-1.113790e+03
9154	-1.130327e+03
9155	-1.123610e+03
9156	-1.127402e+03
9157	-1.121614e+03
9158	-1.118949e+03
9159	-1.107830e+03
9160	-1.116710e+03
9161	-1.132207e+03
9162	-1.130767e+03
9163	-1.133275e+03
9164	-1.125195e+03
9165	-1.119490e+03
9166	-1.138601e+03
9167	-1.127488e+03
9168	-1.130429e+03
9169	-1.137409e+03
9170	-1.129688e+03
9171	-1.124713e+03
9172	-1.140371e+03
9173	-1.108692e+03
9174	-1.116295e+03
9175	-1.118404e+03
9176	-1.129084e+03
9177	-1.137421e+03
9178	-1.124319e+03
9179	-1.125132e+03
9180	-1.129115e+03
9181	-1.139362e+03
9182	-1.122802e+03
9183	-1.123725e+03
9184	-1.139627e+03
9185	-1.117181e+03
9186	-1.137514e+03
9187	-1.141925e+03
9188	-1.131883e+03
9189	-1.131059e+03
9190	-1.136779e+03
9191	-1.142740e+03
9192	-1.132465e+03
9193	-1.136870e+03
9194	-1.140556e+03
9195	-1.138091e+03
9196	-1.147364e+03
9197	-1.128751e+03
9198	-1.124811e+03
9199	-1.121294e+03
9200	-1.138960e+03
9201	-1.115101e+03
9202	-1.120079e+03
9203	-1.147960e+03
9204	-1.119358e+03
9205	-1.153832e+03
9206	-1.130126e+03
9207	-1.125517e+03
9208	-1.135837e+03
9209	-1.134282e+03
9210	-1.136939e+03
9211	-1.121231e+03
9212	-1.143056e+03
9213	-1.133267e+03
9214	-1.121293e+03
9215	-1.145159e+03
9216	-1.112349e+03
9217	-1.125976e+03
9218	-1.123269e+03
9219	-1.145505e+03
9220	-1.119470e+03
9221	-1.130299e+03
9222	-1.131211e+03
9223	-1.133071e+03
9224	-1.125370e+03
9225	-1.106983e+03
9226	-1.138418e+03
9227	-1.112021e+03
9228	-1.120790e+03
9229	-1.110103e+03
9230	-1.108466e+03
9231	-1.152562e+03
9232	-1.141177e+03
9233	-1.131807e+03
9234	-1.132563e+03
9235	-1.122646e+03
9236	-1.142629e+03
9237	-1.127597e+03
9238	-1.141698e+03
9239	-1.142750e+03
9240	-1.125016e+03
9241	-1.147991e+03
9242	-1.133717e+03
9243	-1.117244e+03
9244	-1.128821e+03
9245	-1.130178e+03
9246	-1.124782e+03
9247	-1.125660e+03
9248	-1.151831e+03
9249	-1.119202e+03
9250	-1.141225e+03
9251	-1.145475e+03
9252	-1.127411e+03
9253	-1.127692e+03
9254	-1.147752e+03
9255	-1.137302e+03
9256	-1.135572e+03
9257	-1.116403e+03
9258	-1.139806e+03
9259	-1.130600e+03
9260	-1.138305e+03
9261	-1.119406e+03
9262	-1.116394e+03
9263	-1.132453e+03
9264	-1.132010e+03
9265	-1.130629e+03
9266	-1.108554e+03
9267	-1.143105e+03
9268	-1.143163e+03
9269	-1.128046e+03
9270	-1.124148e+03
9271	-1.166833e+03
9272	-1.122198e+03
9273	-1.124524e+03
9274	-1.122995e+03
9275	-1.116205e+03
9276	-1.122781e+03
9277	-1.114196e+03
9278	-1.122070e+03
9279	-1.139465e+03
9280	-1.126725e+03
9281	-1.134390e+03
9282	-1.135101e+03
9283	-1.138852e+03
9284	-1.147916e+03
9285	-1.124647e+03
9286	-1.121514e+03
9287	-1.120987e+03
9288	-1.121372e+03
9289	-1.127556e+03
9290	-1.125175e+03
9291	-1.134355e+03
9292	-1.129037e+03
9293	-1.132672e+03
9294	-1.128440e+03
9295	-1.125140e+03
9296	-1.126372e+03
9297	-1.123806e+03
9298	-1.114880e+03
9299	-1.131165e+03
9300	-1.145183e+03
9301	-1.113371e+03
9302	-1.127980e+03
9303	-1.137855e+03
9304	-1.133160e+03
9305	-1.143439e+03
9306	-1.133653e+03
9307	-1.124902e+03
9308	-1.143400e+03
9309	-1.144018e+03
9310	-1.134994e+03
9311	-1.119470e+03
9312	-1.114752e+03
9313	-1.118316e+03
9314	-1.113245e+03
9315	-1.136152e+03
9316	-1.118061e+03
9317	-1.112972e+03
9318	-1.123786e+03
9319	-1.128064e+03
9320	-1.123180e+03
9321	-1.139095e+03
9322	-1.127914e+03
9323	-1.142863e+03
9324	-1.134534e+03
9325	-1.138442e+03
9326	-1.132828e+03
9327	-1.121205e+03
9328	-1.126161e+03
9329	-1.136446e+03
9330	-1.143592e+03
9331	-1.156295e+03
9332	-1.120507e+03
9333	-1.142738e+03
9334	-1.143094e+03
9335	-1.120295e+03
9336	-1.117530e+03
9337	-1.121072e+03
9338	-1.115847e+03
9339	-1.138227e+03
9340	-1.119764e+03
9341	-1.107438e+03
9342	-1.111566e+03
9343	-1.145652e+03
9344	-1.137532e+03
9345	-1.132253e+03
9346	-1.121586e+03
9347	-1.109030e+03
9348	-1.146147e+03
9349	-1.145421e+03
9350	-1.129864e+03
9351	-1.119537e+03
9352	-1.124092e+03
9353	-1.109410e+03
9354	-1.108963e+03
9355	-1.127287e+03
9356	-1.121242e+03
9357	-1.137025e+03
9358	-1.141449e+03
9359	-1.116971e+03
9360	-1.129723e+03
9361	-1.144551e+03
9362	-1.136061e+03
9363	-1.118999e+03
9364	-1.136048e+03
9365	-1.139226e+03
9366	-1.122747e+03
9367	-1.131140e+03
9368	-1.110202e+03
9369	-1.147511e+03
9370	-1.126396e+03
9371	-1.140539e+03
9372	-1.132140e+03
9373	-1.122139e+03
9374	-1.131353e+03
9375	-1.115910e+03
9376	-1.125980e+03
9377	-1.123656e+03
9378	-1.139938e+03
9379	-1.124167e+03
9380	-1.128485e+03
9381	-1.128120e+03
9382	-1.143362e+03
9383	-1.132303e+03
9384	-1.117870e+03
9385	-1.109646e+03
9386	-1.136699e+03
9387	-1.140541e+03
9388	-1.142490e+03
9389	-1.120681e+03
9390	-1.114559e+03
9391	-1.122251e+03
9392	-1.136587e+03
9393	-1.116270e+03
9394	-1.138563e+03
9395	-1.142456e+03
9396	-1.126538e+03
9397	-1.142469e+03
9398	-1.123120e+03
9399	-1.134744e+03
9400	-1.130035e+03
9401	-1.126468e+03
9402	-1.144604e+03
9403	-1.138472e+03
9404	-1.135818e+03
9405	-1.123798e+03
9406	-1.138883e+03
9407	-1.110020e+03
9408	-1.126571e+03
9409	-1.127476e+03
9410	-1.115488e+03
9411	-1.149662e+03
9412	-1.115616e+03
9413	-1.116344e+03
9414	-1.111320e+03
9415	-1.133495e+03
9416	-1.119865e+03
9417	-1.140202e+03
9418	-1.151429e+03
9419	-1.141098e+03
9420	-1.122148e+03
9421	-1.133701e+03
9422	-1.134844e+03
9423	-1.111334e+03
9424	-1.128236e+03
9425	-1.095243e+03
9426	-1.131967e+03
9427	-1.141282e+03
9428	-1.113173e+03
9429	-1.119876e+03
9430	-1.143181e+03
9431	-1.129969e+03
9432	-1.114853e+03
9433	-1.122394e+03
9434	-1.152050e+03
9435	-1.134698e+03
9436	-1.123533e+03
9437	-1.113304e+03
9438	-1.141406e+03
9439	-1.118645e+03
9440	-1.142165e+03
9441	-1.126638e+03
9442	-1.110781e+03
9443	-1.132818e+03
9444	-1.140030e+03
9445	-1.113843e+03
9446	-1.099339e+03
9447	-1.128311e+03
9448	-1.125888e+03
9449	-1.135296e+03
9450	-1.127841e+03
9451	-1.121500e+03
9452	-1.120730e+03
9453	-1.130945e+03
9454	-1.123553e+03
9455	-1.125883e+03
9456	-1.117804e+03
9457	-1.126755e+03
9458	-1.104491e+03
9459	-1.120527e+03
9460	-1.126104e+03
9461	-1.124342e+03
9462	-1.111035e+03
9463	-1.115545e+03
9464	-1.123830e+03
9465	-1.132204e+03
9466	-1.143257e+03
9467	-1.125799e+03
9468	-1.129106e+03
9469	-1.143531e+03
9470	-1.129288e+03
9471	-1.128379e+03
9472	-1.140644e+03
9473	-1.135894e+03
9474	-1.127732e+03
9475	-1.128349e+03
9476	-1.122183e+03
9477	-1.124442e+03
9478	-1.128941e+03
9479	-1.138792e+03
9480	-1.132311e+03
9481	-1.136097e+03
9482	-1.118096e+03
9483	-1.126510e+03
9484	-1.136244e+03
9485	-1.156049e+03
9486	-1.130833e+03
9487	-1.125000e+03
9488	-1.118727e+03
9489	-1.108289e+03
9490	-1.111522e+03
9491	-1.136158e+03
9492	-1.140318e+03
9493	-1.124891e+03
9494	-1.115900e+03
9495	-1.131811e+03
9496	-1.133680e+03
9497	-1.126460e+03
9498	-1.126890e+03
9499	-1.129054e+03
9500	-1.130378e+03
9501	-1.121668e+03
9502	-1.125677e+03
9503	-1.137038e+03
9504	-1.138188e+03
9505	-1.133411e+03
9506	-1.121363e+03
9507	-1.127037e+03
9508	-1.129083e+03
9509	-1.120057e+03
9510	-1.111978e+03
9511	-1.129280e+03
9512	-1.115735e+03
9513	-1.145208e+03
9514	-1.129568e+03
9515	-1.131030e+03
9516	-1.151231e+03
9517	-1.149220e+03
9518	-1.138057e+03
9519	-1.151417e+03
9520	-1.129032e+03
9521	-1.140262e+03
9522	-1.150871e+03
9523	-1.136656e+03
9524	-1.135374e+03
9525	-1.131660e+03
9526	-1.113398e+03
9527	-1.129506e+03
9528	-1.133894e+03
9529	-1.134858e+03
9530	-1.121592e+03
9531	-1.135612e+03
9532	-1.110438e+03
9533	-1.110819e+03
9534	-1.123936e+03
9535	-1.141551e+03
9536	-1.122617e+03
9537	-1.131183e+03
9538	-1.120421e+03
9539	-1.130454e+03
9540	-1.142286e+03
9541	-1.147846e+03
9542	-1.143006e+03
9543	-1.102594e+03
9544	-1.114587e+03
9545	-1.122311e+03
9546	-1.129391e+03
9547	-1.137243e+03
9548	-1.132415e+03
9549	-1.129470e+03
9550	-1.127558e+03
9551	-1.098327e+03
9552	-1.137691e+03
9553	-1.132800e+03
9554	-1.130618e+03
9555	-1.142289e+03
9556	-1.133113e+03
9557	-1.131763e+03
9558	-1.150944e+03
9559	-1.127572e+03
9560	-1.140657e+03
9561	-1.135460e+03
9562	-1.126590e+03
9563	-1.103803e+03
9564	-1.116061e+03
9565	-1.124679e+03
9566	-1.127259e+03
9567	-1.138482e+03
9568	-1.136528e+03
9569	-1.125356e+03
9570	-1.122516e+03
9571	-1.106834e+03
9572	-1.148359e+03
9573	-1.132317e+03
9574	-1.140530e+03
9575	-1.139958e+03
9576	-1.106681e+03
9577	-1.130223e+03
9578	-1.127434e+03
9579	-1.119228e+03
9580	-1.148250e+03
9581	-1.132645e+03
9582	-1.143208e+03
9583	-1.149190e+03
9584	-1.137064e+03
9585	-1.150403e+03
9586	-1.135064e+03
9587	-1.134467e+03
9588	-1.127763e+03
9589	-1.124406e+03
9590	-1.111260e+03
9591	-1.129012e+03
9592	-1.137948e+03
9593	-1.143653e+03
9594	-1.133475e+03
9595	-1.132024e+03
9596	-1.117082e+03
9597	-1.116079e+03
9598	-1.123238e+03
9599	-1.152395e+03
9600	-1.127548e+03
9601	-1.149336e+03
9602	-1.126927e+03
9603	-1.138469e+03
9604	-1.130739e+03
9605	-1.134750e+03
9606	-1.125762e+03
9607	-1.121409e+03
9608	-1.117676e+03
9609	-1.131729e+03
9610	-1.142338e+03
9611	-1.118147e+03
9612	-1.121386e+03
9613	-1.128177e+03
9614	-1.147483e+03
9615	-1.123850e+03
9616	-1.121707e+03
9617	-1.130138e+03
9618	-1.112120e+03
9619	-1.141922e+03
9620	-1.150857e+03
9621	-1.101114e+03
9622	-1.123576e+03
9623	-1.159221e+03
9624	-1.126879e+03
9625	-1.111157e+03
9626	-1.131760e+03
9627	-1.130320e+03
9628	-1.133260e+03
9629	-1.113541e+03
9630	-1.123984e+03
9631	-1.113219e+03
9632	-1.125512e+03
9633	-1.131123e+03
9634	-1.109442e+03
9635	-1.118682e+03
9636	-1.137827e+03
9637	-1.122649e+03
9638	-1.125893e+03
9639	-1.126345e+03
9640	-1.133459e+03
9641	-1.135442e+03
9642	-1.146789e+03
9643	-1.129916e+03
9644	-1.140670e+03
9645	-1.117957e+03
9646	-1.099973e+03
9647	-1.125080e+03
9648	-1.131201e+03
9649	-1.120060e+03
9650	-1.127701e+03
9651	-1.140079e+03
9652	-1.126327e+03
9653	-1.137580e+03
9654	-1.135120e+03
9655	-1.133223e+03
9656	-1.126544e+03
9657	-1.111794e+03
9658	-1.138296e+03
9659	-1.134520e+03
9660	-1.142897e+03
9661	-1.111402e+03
9662	-1.124805e+03
9663	-1.106767e+03
9664	-1.109392e+03
9665	-1.107382e+03
9666	-1.152684e+03
9667	-1.137342e+03
9668	-1.137085e+03
9669	-1.112806e+03
9670	-1.123322e+03
9671	-1.134048e+03
9672	-1.116720e+03
9673	-1.141127e+03
9674	-1.106376e+03
9675	-1.134341e+03
9676	-1.134348e+03
9677	-1.132859e+03
9678	-1.131917e+03
9679	-1.099051e+03
9680	-1.132633e+03
9681	-1.127139e+03
9682	-1.118345e+03
9683	-1.129239e+03
9684	-1.154500e+03
9685	-1.126207e+03
9686	-1.113229e+03
9687	-1.128606e+03
9688	-1.115115e+03
9689	-1.125984e+03
9690	-1.134120e+03
9691	-1.121425e+03
9692	-1.142938e+03
9693	-1.142967e+03
9694	-1.122028e+03
9695	-1.115821e+03
9696	-1.129761e+03
9697	-1.123118e+03
9698	-1.133424e+03
9699	-1.135030e+03
9700	-1.123575e+03
9701	-1.124398e+03
9702	-1.136389e+03
9703	-1.123753e+03
9704	-1.128294e+03
9705	-1.142406e+03
9706	-1.106342e+03
9707	-1.145325e+03
9708	-1.126087e+03
9709	-1.131565e+03
9710	-1.135820e+03
9711	-1.121978e+03
9712	-1.128217e+03
9713	-1.107805e+03
9714	-1.118900e+03
9715	-1.112567e+03
9716	-1.142306e+03
9717	-1.126948e+03
9718	-1.132160e+03
9719	-1.125651e+03
9720	-1.144285e+03
9721	-1.128219e+03
9722	-1.123047e+03
9723	-1.129572e+03
9724	-1.121900e+03
9725	-1.128916e+03
9726	-1.109944e+03
9727	-1.110205e+03
9728	-1.131540e+03
9729	-1.120597e+03
9730	-1.119579e+03
9731	-1.141859e+03
9732	-1.129924e+03
9733	-1.139220e+03
9734	-1.122586e+03
9735	-1.116613e+03
9736	-1.132546e+03
9737	-1.140604e+03
9738	-1.126060e+03
9739	-1.125010e+03
9740	-1.127324e+03
9741	-1.140493e+03
9742	-1.135469e+03
9743	-1.121076e+03
9744	-1.117714e+03
9745	-1.127581e+03
9746	-1.123302e+03
9747	-1.129653e+03
9748	-1.147072e+03
9749	-1.131777e+03
9750	-1.127752e+03
9751	-1.134559e+03
9752	-1.113465e+03
9753	-1.133458e+03
9754	-1.133726e+03
9755	-1.151797e+03
9756	-1.142186e+03
9757	-1.117660e+03
9758	-1.120278e+03
9759	-1.118083e+03
9760	-1.137388e+03
9761	-1.154442e+03
9762	-1.135926e+03
9763	-1.112997e+03
9764	-1.137100e+03
9765	-1.104520e+03
9766	-1.116498e+03
9767	-1.120089e+03
9768	-1.140110e+03
9769	-1.119937e+03
9770	-1.105189e+03
9771	-1.130382e+03
9772	-1.138206e+03
9773	-1.132872e+03
9774	-1.138689e+03
9775	-1.128453e+03
9776	-1.102295e+03
9777	-1.128467e+03
9778	-1.113881e+03
9779	-1.135911e+03
9780	-1.129781e+03
9781	-1.120940e+03
9782	-1.139676e+03
9783	-1.153059e+03
9784	-1.151836e+03
9785	-1.125507e+03
9786	-1.132936e+03
9787	-1.108983e+03
9788	-1.147916e+03
9789	-1.137500e+03
9790	-1.129197e+03
9791	-1.134700e+03
9792	-1.145447e+03
9793	-1.121881e+03
9794	-1.131299e+03
9795	-1.124412e+03
9796	-1.114367e+03
9797	-1.148677e+03
9798	-1.122631e+03
9799	-1.133150e+03
9800	-1.126661e+03
9801	-1.119277e+03
9802	-1.147902e+03
9803	-1.137057e+03
9804	-1.134329e+03
9805	-1.144916e+03
9806	-1.130113e+03
9807	-1.133189e+03
9808	-1.125700e+03
9809	-1.135556e+03
9810	-1.128165e+03
9811	-1.132947e+03
9812	-1.158501e+03
9813	-1.151888e+03
9814	-1.154618e+03
9815	-1.132236e+03
9816	-1.121190e+03
9817	-1.142823e+03
9818	-1.117701e+03
9819	-1.134201e+03
9820	-1.136490e+03
9821	-1.141808e+03
9822	-1.132851e+03
9823	-1.115471e+03
9824	-1.113689e+03
9825	-1.108475e+03
9826	-1.127088e+03
9827	-1.134358e+03
9828	-1.136975e+03
9829	-1.119325e+03
9830	-1.142453e+03
9831	-1.124094e+03
9832	-1.128188e+03
9833	-1.113382e+03
9834	-1.127286e+03
9835	-1.139792e+03
9836	-1.128619e+03
9837	-1.108989e+03
9838	-1.139267e+03
9839	-1.122117e+03
9840	-1.145336e+03
9841	-1.140823e+03
9842	-1.128066e+03
9843	-1.125076e+03
9844	-1.117135e+03
9845	-1.140219e+03
9846	-1.141634e+03
9847	-1.136992e+03
9848	-1.149550e+03
9849	-1.111962e+03
9850	-1.138261e+03
9851	-1.127244e+03
9852	-1.123431e+03
9853	-1.132632e+03
9854	-1.123806e+03
9855	-1.146271e+03
9856	-1.127352e+03
9857	-1.106560e+03
9858	-1.130363e+03
9859	-1.114394e+03
9860	-1.136409e+03
9861	-1.121281e+03
9862	-1.131673e+03
9863	-1.114864e+03
9864	-1.122768e+03
9865	-1.138762e+03
9866	-1.116788e+03
9867	-1.101968e+03
9868	-1.121332e+03
9869	-1.127508e+03
9870	-1.118388e+03
9871	-1.131653e+03
9872	-1.151055e+03
9873	-1.127489e+03
9874	-1.143587e+03
9875	-1.105422e+03
9876	-1.120464e+03
9877	-1.145713e+03
9878	-1.131905e+03
9879	-1.142885e+03
9880	-1.124954e+03
9881	-1.124854e+03
9882	-1.139461e+03
9883	-1.127386e+03
9884	-1.122125e+03
9885	-1.120714e+03
9886	-1.128843e+03
9887	-1.140200e+03
9888	-1.156365e+03
9889	-1.121396e+03
9890	-1.121255e+03
9891	-1.109622e+03
9892	-1.123175e+03
9893	-1.133564e+03
9894	-1.150307e+03
9895	-1.129996e+03
9896	-1.128195e+03
9897	-1.151025e+03
9898	-1.128910e+03
9899	-1.136694e+03
9900	-1.121551e+03
9901	-1.146866e+03
9902	-1.118052e+03
9903	-1.135473e+03
9904	-1.121435e+03
9905	-1.121286e+03
9906	-1.119108e+03
9907	-1.122733e+03
9908	-1.128477e+03
9909	-1.136024e+03
9910	-1.138553e+03
9911	-1.125602e+03
9912	-1.129549e+03
9913	-1.127568e+03
9914	-1.139357e+03
9915	-1.141523e+03
9916	-1.110583e+03
9917	-1.144203e+03
9918	-1.118421e+03
9919	-1.131880e+03
9920	-1.141540e+03
9921	-1.118210e+03
9922	-1.113200e+03
9923	-1.136762e+03
9924	-1.138518e+03
9925	-1.124321e+03
9926	-1.137128e+03
9927	-1.130513e+03
9928	-1.145088e+03
9929	-1.142111e+03
9930	-1.126024e+03
9931	-1.116786e+03
9932	-1.143984e+03
9933	-1.127650e+03
9934	-1.151291e+03
9935	-1.122945e+03
9936	-1.120511e+03
9937	-1.146960e+03
9938	-1.122270e+03
9939	-1.112405e+03
9940	-1.140921e+03
9941	-1.130658e+03
9942	-1.129629e+03
9943	-1.124448e+03
9944	-1.119922e+03
9945	-1.126246e+03
9946	-1.112850e+03
9947	-1.120721e+03
9948	-1.127902e+03
9949	-1.139635e+03
9950	-1.134039e+03
9951	-1.135887e+03
9952	-1.149813e+03
9953	-1.120466e+03
9954	-1.140416e+03
9955	-1.138263e+03
9956	-1.126524e+03
9957	-1.125310e+03
9958	-1.147468e+03
9959	-1.135654e+03
9960	-1.146640e+03
9961	-1.137002e+03
9962	-1.123913e+03
9963	-1.111347e+03
9964	-1.131614e+03
9965	-1.128021e+03
9966	-1.131192e+03
9967	-1.117216e+03
9968	-1.151150e+03
9969	-1.131887e+03
9970	-1.106363e+03
9971	-1.131840e+03
9972	-1.134130e+03
9973	-1.130146e+03
9974	-1.137075e+03
9975	-1.122297e+03
9976	-1.125058e+03
9977	-1.131324e+03
9978	-1.109156e+03
9979	-1.148559e+03
9980	-1.123793e+03
9981	-1.101532e+03
9982	-1.113105e+03
9983	-1.139986e+03
9984	-1.139729e+03
9985	-1.113205e+03
9986	-1.138681e+03
9987	-1.142290e+03
9988	-1.138414e+03
9989	-1.133085e+03
9990	-1.130676e+03
9991	-1.124791e+03
9992	-1.122747e+03
9993	-1.143889e+03
9994	-1.121285e+03
9995	-1.123577e+03
9996	-1.139355e+03
9997	-1.123516e+03
9998	-1.131222e+03
9999	-1.133848e+03
10000	-1.130447e+03
