iteration	loss
0	0.000000e+00
1	-7.518466e+01
2	-1.474282e+02
3	-2.146348e+02
4	-2.771401e+02
5	-3.357019e+02
6	-3.913257e+02
7	-4.460578e+02
8	-4.918933e+02
9	-5.431379e+02
10	-5.968928e+02
11	-6.262787e+02
12	-6.719965e+02
13	-7.117367e+02
14	-7.496440e+02
15	-7.767916e+02
16	-8.098134e+02
17	-8.375405e+02
18	-8.648281e+02
19	-8.846841e+02
20	-9.163409e+02
21	-9.267885e+02
22	-9.525994e+02
23	-9.851551e+02
24	-9.700404e+02
25	-1.014362e+03
26	-1.017581e+03
27	-1.012230e+03
28	-1.048722e+03
29	-1.061181e+03
30	-1.051554e+03
31	-1.058018e+03
32	-1.070299e+03
33	-1.080592e+03
34	-1.068641e+03
35	-1.083445e+03
36	-1.090279e+03
37	-1.103527e+03
38	-1.096593e+03
39	-1.086247e+03
40	-1.099037e+03
41	-1.116319e+03
42	-1.093054e+03
43	-1.101587e+03
44	-1.117671e+03
45	-1.095140e+03
46	-1.116224e+03
47	-1.143289e+03
48	-1.108267e+03
49	-1.134748e+03
50	-1.105356e+03
51	-1.105896e+03
52	-1.112800e+03
53	-1.129605e+03
54	-1.136531e+03
55	-1.122812e+03
56	-1.110679e+03
57	-1.121484e+03
58	-1.119631e+03
59	-1.109074e+03
60	-1.129271e+03
61	-1.140022e+03
62	-1.116141e+03
63	-1.125220e+03
64	-1.133375e+03
65	-1.131098e+03
66	-1.116730e+03
67	-1.110732e+03
68	-1.129714e+03
69	-1.129089e+03
70	-1.113221e+03
71	-1.131487e+03
72	-1.127063e+03
73	-1.131079e+03
74	-1.142195e+03
75	-1.131970e+03
76	-1.122849e+03
77	-1.129956e+03
78	-1.131159e+03
79	-1.151583e+03
80	-1.124519e+03
81	-1.124905e+03
82	-1.136174e+03
83	-1.122984e+03
84	-1.135247e+03
85	-1.116657e+03
86	-1.118074e+03
87	-1.154211e+03
88	-1.129247e+03
89	-1.131579e+03
90	-1.121648e+03
91	-1.120264e+03
92	-1.112008e+03
93	-1.111918e+03
94	-1.133677e+03
95	-1.157405e+03
96	-1.142254e+03
97	-1.122510e+03
98	-1.128911e+03
99	-1.129624e+03
100	-1.131998e+03
101	-1.137318e+03
102	-1.107771e+03
103	-1.135649e+03
104	-1.107260e+03
105	-1.125190e+03
106	-1.114980e+03
107	-1.137623e+03
108	-1.126287e+03
109	-1.131168e+03
110	-1.128311e+03
111	-1.125736e+03
112	-1.136582e+03
113	-1.123947e+03
114	-1.137756e+03
115	-1.133450e+03
116	-1.105506e+03
117	-1.142125e+03
118	-1.110680e+03
119	-1.133980e+03
120	-1.121440e+03
121	-1.131645e+03
122	-1.125391e+03
123	-1.128121e+03
124	-1.130309e+03
125	-1.157694e+03
126	-1.141734e+03
127	-1.131145e+03
128	-1.145543e+03
129	-1.133782e+03
130	-1.118107e+03
131	-1.133787e+03
132	-1.131344e+03
133	-1.107100e+03
134	-1.148247e+03
135	-1.127701e+03
136	-1.147951e+03
137	-1.138731e+03
138	-1.132322e+03
139	-1.131628e+03
140	-1.143885e+03
141	-1.121425e+03
142	-1.124306e+03
143	-1.133005e+03
144	-1.134153e+03
145	-1.148859e+03
146	-1.109870e+03
147	-1.128758e+03
148	-1.127947e+03
149	-1.133272e+03
150	-1.123464e+03
151	-1.127338e+03
152	-1.131626e+03
153	-1.134602e+03
154	-1.144612e+03
155	-1.124300e+03
156	-1.110803e+03
157	-1.131172e+03
158	-1.130376e+03
159	-1.127276e+03
160	-1.126690e+03
161	-1.136978e+03
162	-1.106296e+03
163	-1.133864e+03
164	-1.126461e+03
165	-1.148868e+03
166	-1.121485e+03
167	-1.131247e+03
168	-1.126369e+03
169	-1.141050e+03
170	-1.145085e+03
171	-1.131921e+03
172	-1.123203e+03
173	-1.120347e+03
174	-1.133588e+03
175	-1.136631e+03
176	-1.121085e+03
177	-1.103861e+03
178	-1.125858e+03
179	-1.124452e+03
180	-1.119917e+03
181	-1.135436e+03
182	-1.126651e+03
183	-1.131214e+03
184	-1.136742e+03
185	-1.154197e+03
186	-1.122328e+03
187	-1.126161e+03
188	-1.150343e+03
189	-1.125623e+03
190	-1.138058e+03
191	-1.130451e+03
192	-1.125500e+03
193	-1.130684e+03
194	-1.148787e+03
195	-1.131102e+03
196	-1.123724e+03
197	-1.128999e+03
198	-1.147930e+03
199	-1.128609e+03
200	-1.130931e+03
201	-1.125931e+03
202	-1.126496e+03
203	-1.137499e+03
204	-1.124001e+03
205	-1.111711e+03
206	-1.111415e+03
207	-1.124713e+03
208	-1.135344e+03
209	-1.136315e+03
210	-1.125270e+03
211	-1.116618e+03
212	-1.138386e+03
213	-1.132871e+03
214	-1.133545e+03
215	-1.141086e+03
216	-1.134196e+03
217	-1.122839e+03
218	-1.130996e+03
219	-1.119876e+03
220	-1.133439e+03
221	-1.125276e+03
222	-1.128926e+03
223	-1.110224e+03
224	-1.129847e+03
225	-1.118546e+03
226	-1.116930e+03
227	-1.108801e+03
228	-1.130775e+03
229	-1.118967e+03
230	-1.122701e+03
231	-1.130658e+03
232	-1.141962e+03
233	-1.124905e+03
234	-1.132412e+03
235	-1.127488e+03
236	-1.151399e+03
237	-1.127783e+03
238	-1.122155e+03
239	-1.118687e+03
240	-1.133529e+03
241	-1.115642e+03
242	-1.142295e+03
243	-1.103569e+03
244	-1.129337e+03
245	-1.126938e+03
246	-1.146804e+03
247	-1.135076e+03
248	-1.125496e+03
249	-1.128095e+03
250	-1.131193e+03
251	-1.150958e+03
252	-1.104632e+03
253	-1.139304e+03
254	-1.132970e+03
255	-1.126290e+03
256	-1.149174e+03
257	-1.151383e+03
258	-1.121739e+03
259	-1.158823e+03
260	-1.124752e+03
261	-1.132523e+03
262	-1.132607e+03
263	-1.122914e+03
264	-1.123022e+03
265	-1.120955e+03
266	-1.133972e+03
267	-1.135940e+03
268	-1.116206e+03
269	-1.143099e+03
270	-1.143491e+03
271	-1.141472e+03
272	-1.111343e+03
273	-1.112180e+03
274	-1.099248e+03
275	-1.143274e+03
276	-1.138432e+03
277	-1.139230e+03
278	-1.121822e+03
279	-1.146626e+03
280	-1.144444e+03
281	-1.130008e+03
282	-1.139538e+03
283	-1.124154e+03
284	-1.130194e+03
285	-1.116974e+03
286	-1.134336e+03
287	-1.109491e+03
288	-1.125689e+03
289	-1.119968e+03
290	-1.140370e+03
291	-1.136074e+03
292	-1.151298e+03
293	-1.126332e+03
294	-1.126656e+03
295	-1.111059e+03
296	-1.143634e+03
297	-1.141732e+03
298	-1.132665e+03
299	-1.146129e+03
300	-1.135544e+03
301	-1.119462e+03
302	-1.144145e+03
303	-1.137545e+03
304	-1.088183e+03
305	-1.158563e+03
306	-1.132324e+03
307	-1.123847e+03
308	-1.142969e+03
309	-1.149740e+03
310	-1.131616e+03
311	-1.112258e+03
312	-1.129453e+03
313	-1.110626e+03
314	-1.104934e+03
315	-1.118237e+03
316	-1.121429e+03
317	-1.145004e+03
318	-1.137075e+03
319	-1.123550e+03
320	-1.122215e+03
321	-1.124620e+03
322	-1.118676e+03
323	-1.114954e+03
324	-1.142092e+03
325	-1.127248e+03
326	-1.116532e+03
327	-1.155149e+03
328	-1.122003e+03
329	-1.125438e+03
330	-1.138436e+03
331	-1.125498e+03
332	-1.130486e+03
333	-1.129706e+03
334	-1.124367e+03
335	-1.114855e+03
336	-1.138656e+03
337	-1.131351e+03
338	-1.123020e+03
339	-1.107392e+03
340	-1.124553e+03
341	-1.124839e+03
342	-1.128171e+03
343	-1.142081e+03
344	-1.120283e+03
345	-1.132450e+03
346	-1.130646e+03
347	-1.110430e+03
348	-1.135633e+03
349	-1.147217e+03
350	-1.133117e+03
351	-1.142347e+03
352	-1.111298e+03
353	-1.133950e+03
354	-1.142367e+03
355	-1.126533e+03
356	-1.099741e+03
357	-1.129014e+03
358	-1.137940e+03
359	-1.123198e+03
360	-1.127754e+03
361	-1.133443e+03
362	-1.134766e+03
363	-1.124961e+03
364	-1.119728e+03
365	-1.131809e+03
366	-1.114892e+03
367	-1.123428e+03
368	-1.126783e+03
369	-1.137143e+03
370	-1.100745e+03
371	-1.131455e+03
372	-1.116703e+03
373	-1.147850e+03
374	-1.115407e+03
375	-1.138714e+03
376	-1.127395e+03
377	-1.142859e+03
378	-1.152072e+03
379	-1.108859e+03
380	-1.117142e+03
381	-1.126011e+03
382	-1.142976e+03
383	-1.125538e+03
384	-1.122307e+03
385	-1.113806e+03
386	-1.134723e+03
387	-1.114281e+03
388	-1.122190e+03
389	-1.122406e+03
390	-1.106254e+03
391	-1.120589e+03
392	-1.115866e+03
393	-1.137139e+03
394	-1.113906e+03
395	-1.122440e+03
396	-1.130644e+03
397	-1.126026e+03
398	-1.122806e+03
399	-1.134111e+03
400	-1.129784e+03
401	-1.131009e+03
402	-1.132336e+03
403	-1.145418e+03
404	-1.124997e+03
405	-1.114216e+03
406	-1.140666e+03
407	-1.130703e+03
408	-1.153944e+03
409	-1.136957e+03
410	-1.125505e+03
411	-1.133382e+03
412	-1.149423e+03
413	-1.125003e+03
414	-1.135692e+03
415	-1.131710e+03
416	-1.118340e+03
417	-1.144306e+03
418	-1.156337e+03
419	-1.150385e+03
420	-1.147400e+03
421	-1.136585e+03
422	-1.127294e+03
423	-1.134626e+03
424	-1.134938e+03
425	-1.128024e+03
426	-1.136071e+03
427	-1.143037e+03
428	-1.122680e+03
429	-1.134311e+03
430	-1.124464e+03
431	-1.138834e+03
432	-1.135034e+03
433	-1.131255e+03
434	-1.147381e+03
435	-1.128024e+03
436	-1.122647e+03
437	-1.116669e+03
438	-1.129055e+03
439	-1.130013e+03
440	-1.126933e+03
441	-1.116672e+03
442	-1.115764e+03
443	-1.119961e+03
444	-1.114326e+03
445	-1.132607e+03
446	-1.133371e+03
447	-1.135447e+03
448	-1.124946e+03
449	-1.117372e+03
450	-1.118990e+03
451	-1.153183e+03
452	-1.130064e+03
453	-1.128806e+03
454	-1.119891e+03
455	-1.141253e+03
456	-1.132095e+03
457	-1.130913e+03
458	-1.117637e+03
459	-1.147192e+03
460	-1.119724e+03
461	-1.126217e+03
462	-1.128887e+03
463	-1.112050e+03
464	-1.125834e+03
465	-1.130037e+03
466	-1.122391e+03
467	-1.130147e+03
468	-1.116328e+03
469	-1.117250e+03
470	-1.127652e+03
471	-1.141985e+03
472	-1.115326e+03
473	-1.123236e+03
474	-1.135888e+03
475	-1.113802e+03
476	-1.122418e+03
477	-1.140885e+03
478	-1.150944e+03
479	-1.137496e+03
480	-1.141817e+03
481	-1.142534e+03
482	-1.114744e+03
483	-1.150435e+03
484	-1.134581e+03
485	-1.136640e+03
486	-1.117089e+03
487	-1.130191e+03
488	-1.116831e+03
489	-1.150867e+03
490	-1.122036e+03
491	-1.133240e+03
492	-1.146273e+03
493	-1.132363e+03
494	-1.142666e+03
495	-1.126136e+03
496	-1.137324e+03
497	-1.124467e+03
498	-1.126025e+03
499	-1.140365e+03
500	-1.128766e+03
501	-1.141277e+03
502	-1.145966e+03
503	-1.105058e+03
504	-1.112558e+03
505	-1.126183e+03
506	-1.126997e+03
507	-1.135711e+03
508	-1.136563e+03
509	-1.116700e+03
510	-1.121778e+03
511	-1.130036e+03
512	-1.148535e+03
513	-1.116208e+03
514	-1.140964e+03
515	-1.156226e+03
516	-1.122762e+03
517	-1.128718e+03
518	-1.144059e+03
519	-1.128578e+03
520	-1.144949e+03
521	-1.140561e+03
522	-1.129903e+03
523	-1.115594e+03
524	-1.142276e+03
525	-1.114023e+03
526	-1.125038e+03
527	-1.122625e+03
528	-1.130710e+03
529	-1.109653e+03
530	-1.135673e+03
531	-1.107656e+03
532	-1.138979e+03
533	-1.115117e+03
534	-1.142455e+03
535	-1.121663e+03
536	-1.141882e+03
537	-1.131276e+03
538	-1.139348e+03
539	-1.121270e+03
540	-1.120146e+03
541	-1.132520e+03
542	-1.127081e+03
543	-1.137303e+03
544	-1.118504e+03
545	-1.145087e+03
546	-1.134301e+03
547	-1.135520e+03
548	-1.129793e+03
549	-1.147557e+03
550	-1.125251e+03
551	-1.114661e+03
552	-1.117648e+03
553	-1.140991e+03
554	-1.116766e+03
555	-1.124909e+03
556	-1.134866e+03
557	-1.133660e+03
558	-1.111470e+03
559	-1.119606e+03
560	-1.123995e+03
561	-1.104010e+03
562	-1.128798e+03
563	-1.135347e+03
564	-1.123957e+03
565	-1.113074e+03
566	-1.136091e+03
567	-1.134924e+03
568	-1.126049e+03
569	-1.140837e+03
570	-1.110843e+03
571	-1.138870e+03
572	-1.131137e+03
573	-1.129238e+03
574	-1.136010e+03
575	-1.124978e+03
576	-1.119603e+03
577	-1.137662e+03
578	-1.130045e+03
579	-1.130177e+03
580	-1.132865e+03
581	-1.139515e+03
582	-1.138003e+03
583	-1.132940e+03
584	-1.120757e+03
585	-1.126680e+03
586	-1.109854e+03
587	-1.122996e+03
588	-1.132699e+03
589	-1.127389e+03
590	-1.133166e+03
591	-1.134566e+03
592	-1.117163e+03
593	-1.141834e+03
594	-1.117584e+03
595	-1.144079e+03
596	-1.133370e+03
597	-1.135190e+03
598	-1.154275e+03
599	-1.126576e+03
600	-1.124980e+03
601	-1.120608e+03
602	-1.119444e+03
603	-1.129860e+03
604	-1.112724e+03
605	-1.133641e+03
606	-1.143376e+03
607	-1.150837e+03
608	-1.135549e+03
609	-1.107932e+03
610	-1.113825e+03
611	-1.120823e+03
612	-1.151416e+03
613	-1.118078e+03
614	-1.121983e+03
615	-1.124569e+03
616	-1.140113e+03
617	-1.135480e+03
618	-1.154647e+03
619	-1.127711e+03
620	-1.129051e+03
621	-1.120286e+03
622	-1.123675e+03
623	-1.118279e+03
624	-1.138308e+03
625	-1.143930e+03
626	-1.139343e+03
627	-1.140553e+03
628	-1.160166e+03
629	-1.129435e+03
630	-1.150629e+03
631	-1.133883e+03
632	-1.122600e+03
633	-1.136213e+03
634	-1.141390e+03
635	-1.136349e+03
636	-1.122349e+03
637	-1.117986e+03
638	-1.110190e+03
639	-1.138553e+03
640	-1.117162e+03
641	-1.118644e+03
642	-1.128807e+03
643	-1.134330e+03
644	-1.130463e+03
645	-1.130486e+03
646	-1.139124e+03
647	-1.138068e+03
648	-1.129076e+03
649	-1.119832e+03
650	-1.130423e+03
651	-1.125664e+03
652	-1.118329e+03
653	-1.126012e+03
654	-1.112970e+03
655	-1.120007e+03
656	-1.156163e+03
657	-1.135705e+03
658	-1.117399e+03
659	-1.137959e+03
660	-1.115173e+03
661	-1.124812e+03
662	-1.133020e+03
663	-1.120739e+03
664	-1.124197e+03
665	-1.133449e+03
666	-1.129791e+03
667	-1.116162e+03
668	-1.130181e+03
669	-1.133328e+03
670	-1.134376e+03
671	-1.123276e+03
672	-1.126300e+03
673	-1.124566e+03
674	-1.118476e+03
675	-1.136593e+03
676	-1.130432e+03
677	-1.129416e+03
678	-1.125201e+03
679	-1.127452e+03
680	-1.131965e+03
681	-1.130282e+03
682	-1.127619e+03
683	-1.116607e+03
684	-1.135088e+03
685	-1.121700e+03
686	-1.123200e+03
687	-1.144066e+03
688	-1.129706e+03
689	-1.127586e+03
690	-1.141157e+03
691	-1.140060e+03
692	-1.121230e+03
693	-1.115484e+03
694	-1.107726e+03
695	-1.133375e+03
696	-1.124214e+03
697	-1.118402e+03
698	-1.131289e+03
699	-1.136085e+03
700	-1.133149e+03
701	-1.127117e+03
702	-1.121831e+03
703	-1.110986e+03
704	-1.117485e+03
705	-1.135819e+03
706	-1.125320e+03
707	-1.115442e+03
708	-1.135839e+03
709	-1.136451e+03
710	-1.110503e+03
711	-1.109217e+03
712	-1.154978e+03
713	-1.140107e+03
714	-1.121134e+03
715	-1.120472e+03
716	-1.126642e+03
717	-1.115895e+03
718	-1.129324e+03
719	-1.111547e+03
720	-1.135896e+03
721	-1.131135e+03
722	-1.140081e+03
723	-1.133816e+03
724	-1.126233e+03
725	-1.133332e+03
726	-1.136917e+03
727	-1.119068e+03
728	-1.116853e+03
729	-1.148725e+03
730	-1.125582e+03
731	-1.139022e+03
732	-1.147234e+03
733	-1.123373e+03
734	-1.123812e+03
735	-1.131531e+03
736	-1.127377e+03
737	-1.129192e+03
738	-1.122972e+03
739	-1.139637e+03
740	-1.129792e+03
741	-1.125378e+03
742	-1.133043e+03
743	-1.127344e+03
744	-1.135410e+03
745	-1.128010e+03
746	-1.127512e+03
747	-1.126225e+03
748	-1.126332e+03
749	-1.128776e+03
750	-1.133512e+03
751	-1.109454e+03
752	-1.106233e+03
753	-1.131785e+03
754	-1.114253e+03
755	-1.127443e+03
756	-1.136637e+03
757	-1.113769e+03
758	-1.126855e+03
759	-1.123097e+03
760	-1.114798e+03
761	-1.150960e+03
762	-1.139497e+03
763	-1.128221e+03
764	-1.129796e+03
765	-1.138130e+03
766	-1.126703e+03
767	-1.119715e+03
768	-1.129358e+03
769	-1.138378e+03
770	-1.118961e+03
771	-1.131545e+03
772	-1.134602e+03
773	-1.118101e+03
774	-1.126397e+03
775	-1.128092e+03
776	-1.118136e+03
777	-1.128997e+03
778	-1.102266e+03
779	-1.125192e+03
780	-1.135825e+03
781	-1.141351e+03
782	-1.134146e+03
783	-1.138840e+03
784	-1.112535e+03
785	-1.127318e+03
786	-1.136691e+03
787	-1.115131e+03
788	-1.107733e+03
789	-1.121395e+03
790	-1.143995e+03
791	-1.122912e+03
792	-1.113216e+03
793	-1.126059e+03
794	-1.144388e+03
795	-1.138273e+03
796	-1.123143e+03
797	-1.124477e+03
798	-1.103935e+03
799	-1.129520e+03
800	-1.124204e+03
801	-1.140938e+03
802	-1.133096e+03
803	-1.127284e+03
804	-1.122188e+03
805	-1.131950e+03
806	-1.122341e+03
807	-1.110972e+03
808	-1.129060e+03
809	-1.122206e+03
810	-1.152398e+03
811	-1.141992e+03
812	-1.135519e+03
813	-1.127865e+03
814	-1.114780e+03
815	-1.117570e+03
816	-1.129617e+03
817	-1.130119e+03
818	-1.146997e+03
819	-1.133008e+03
820	-1.138377e+03
821	-1.135135e+03
822	-1.149733e+03
823	-1.124929e+03
824	-1.123399e+03
825	-1.144649e+03
826	-1.126184e+03
827	-1.138232e+03
828	-1.129664e+03
829	-1.130526e+03
830	-1.133444e+03
831	-1.120655e+03
832	-1.108663e+03
833	-1.108263e+03
834	-1.126190e+03
835	-1.132823e+03
836	-1.128413e+03
837	-1.139346e+03
838	-1.141751e+03
839	-1.118563e+03
840	-1.129304e+03
841	-1.137513e+03
842	-1.143774e+03
843	-1.123919e+03
844	-1.131501e+03
845	-1.111664e+03
846	-1.134041e+03
847	-1.119175e+03
848	-1.139626e+03
849	-1.133852e+03
850	-1.129234e+03
851	-1.123041e+03
852	-1.124713e+03
853	-1.126512e+03
854	-1.125791e+03
855	-1.103579e+03
856	-1.133638e+03
857	-1.148554e+03
858	-1.115078e+03
859	-1.121867e+03
860	-1.112036e+03
861	-1.135212e+03
862	-1.150319e+03
863	-1.150514e+03
864	-1.121946e+03
865	-1.138131e+03
866	-1.112726e+03
867	-1.116704e+03
868	-1.142292e+03
869	-1.120122e+03
870	-1.121968e+03
871	-1.117899e+03
872	-1.139123e+03
873	-1.126387e+03
874	-1.132700e+03
875	-1.152677e+03
876	-1.119896e+03
877	-1.113293e+03
878	-1.116181e+03
879	-1.133044e+03
880	-1.107116e+03
881	-1.130493e+03
882	-1.121852e+03
883	-1.120508e+03
884	-1.128480e+03
885	-1.116693e+03
886	-1.162275e+03
887	-1.127951e+03
888	-1.130119e+03
889	-1.117438e+03
890	-1.125493e+03
891	-1.118086e+03
892	-1.128504e+03
893	-1.145005e+03
894	-1.131023e+03
895	-1.124498e+03
896	-1.130624e+03
897	-1.133476e+03
898	-1.117612e+03
899	-1.132567e+03
900	-1.141964e+03
901	-1.127645e+03
902	-1.141300e+03
903	-1.128549e+03
904	-1.121619e+03
905	-1.110820e+03
906	-1.126820e+03
907	-1.112587e+03
908	-1.147727e+03
909	-1.107091e+03
910	-1.146057e+03
911	-1.125339e+03
912	-1.141480e+03
913	-1.110523e+03
914	-1.141173e+03
915	-1.125025e+03
916	-1.135428e+03
917	-1.134048e+03
918	-1.135624e+03
919	-1.139176e+03
920	-1.121643e+03
921	-1.136918e+03
922	-1.129943e+03
923	-1.142562e+03
924	-1.120624e+03
925	-1.123788e+03
926	-1.118379e+03
927	-1.144322e+03
928	-1.115043e+03
929	-1.122449e+03
930	-1.122972e+03
931	-1.132281e+03
932	-1.143378e+03
933	-1.139476e+03
934	-1.117692e+03
935	-1.107412e+03
936	-1.113053e+03
937	-1.132272e+03
938	-1.129725e+03
939	-1.144073e+03
940	-1.107915e+03
941	-1.110261e+03
942	-1.131498e+03
943	-1.118742e+03
944	-1.135025e+03
945	-1.143003e+03
946	-1.141146e+03
947	-1.124282e+03
948	-1.115618e+03
949	-1.120272e+03
950	-1.133357e+03
951	-1.142262e+03
952	-1.126803e+03
953	-1.129631e+03
954	-1.135155e+03
955	-1.117661e+03
956	-1.137211e+03
957	-1.120276e+03
958	-1.132774e+03
959	-1.144121e+03
960	-1.129213e+03
961	-1.119611e+03
962	-1.122866e+03
963	-1.131041e+03
964	-1.127253e+03
965	-1.139861e+03
966	-1.114174e+03
967	-1.142014e+03
968	-1.135683e+03
969	-1.130247e+03
970	-1.136334e+03
971	-1.135993e+03
972	-1.132624e+03
973	-1.114485e+03
974	-1.118108e+03
975	-1.142240e+03
976	-1.114692e+03
977	-1.133687e+03
978	-1.132618e+03
979	-1.141872e+03
980	-1.129291e+03
981	-1.132063e+03
982	-1.131839e+03
983	-1.119018e+03
984	-1.128263e+03
985	-1.116122e+03
986	-1.131181e+03
987	-1.124801e+03
988	-1.151313e+03
989	-1.147967e+03
990	-1.121389e+03
991	-1.118830e+03
992	-1.126710e+03
993	-1.123419e+03
994	-1.133331e+03
995	-1.140127e+03
996	-1.142040e+03
997	-1.135388e+03
998	-1.116936e+03
999	-1.130923e+03
1000	-1.129982e+03
1001	-1.129779e+03
1002	-1.147508e+03
1003	-1.139873e+03
1004	-1.125548e+03
1005	-1.126420e+03
1006	-1.135732e+03
1007	-1.129980e+03
1008	-1.120442e+03
1009	-1.136602e+03
1010	-1.127989e+03
1011	-1.136038e+03
1012	-1.119047e+03
1013	-1.125905e+03
1014	-1.129382e+03
1015	-1.118645e+03
1016	-1.123202e+03
1017	-1.118844e+03
1018	-1.140994e+03
1019	-1.138028e+03
1020	-1.131588e+03
1021	-1.117719e+03
1022	-1.123667e+03
1023	-1.143289e+03
1024	-1.132846e+03
1025	-1.111051e+03
1026	-1.137220e+03
1027	-1.116313e+03
1028	-1.125651e+03
1029	-1.135075e+03
1030	-1.145427e+03
1031	-1.130821e+03
1032	-1.110551e+03
1033	-1.136428e+03
1034	-1.116444e+03
1035	-1.122914e+03
1036	-1.128240e+03
1037	-1.125815e+03
1038	-1.127322e+03
1039	-1.143371e+03
1040	-1.118090e+03
1041	-1.117348e+03
1042	-1.120218e+03
1043	-1.127129e+03
1044	-1.119453e+03
1045	-1.137829e+03
1046	-1.137320e+03
1047	-1.130254e+03
1048	-1.118047e+03
1049	-1.130238e+03
1050	-1.127556e+03
1051	-1.121884e+03
1052	-1.138577e+03
1053	-1.141288e+03
1054	-1.142745e+03
1055	-1.133440e+03
1056	-1.126830e+03
1057	-1.129802e+03
1058	-1.108447e+03
1059	-1.112219e+03
1060	-1.129826e+03
1061	-1.116208e+03
1062	-1.116316e+03
1063	-1.118942e+03
1064	-1.149011e+03
1065	-1.104942e+03
1066	-1.127130e+03
1067	-1.124222e+03
1068	-1.135836e+03
1069	-1.114215e+03
1070	-1.136053e+03
1071	-1.132137e+03
1072	-1.141867e+03
1073	-1.133014e+03
1074	-1.127952e+03
1075	-1.120437e+03
1076	-1.129174e+03
1077	-1.129675e+03
1078	-1.110262e+03
1079	-1.137810e+03
1080	-1.111802e+03
1081	-1.110404e+03
1082	-1.123408e+03
1083	-1.147903e+03
1084	-1.128441e+03
1085	-1.140323e+03
1086	-1.105439e+03
1087	-1.137204e+03
1088	-1.127100e+03
1089	-1.144688e+03
1090	-1.132641e+03
1091	-1.135948e+03
1092	-1.133448e+03
1093	-1.131372e+03
1094	-1.113730e+03
1095	-1.132562e+03
1096	-1.109782e+03
1097	-1.120027e+03
1098	-1.147911e+03
1099	-1.126019e+03
1100	-1.110843e+03
1101	-1.135704e+03
1102	-1.145206e+03
1103	-1.113576e+03
1104	-1.137130e+03
1105	-1.131804e+03
1106	-1.142604e+03
1107	-1.124669e+03
1108	-1.120203e+03
1109	-1.128437e+03
1110	-1.129428e+03
1111	-1.116893e+03
1112	-1.137720e+03
1113	-1.122625e+03
1114	-1.128885e+03
1115	-1.118946e+03
1116	-1.126985e+03
1117	-1.111685e+03
1118	-1.129999e+03
1119	-1.136570e+03
1120	-1.118634e+03
1121	-1.134421e+03
1122	-1.147629e+03
1123	-1.113823e+03
1124	-1.119802e+03
1125	-1.132535e+03
1126	-1.111597e+03
1127	-1.101336e+03
1128	-1.147308e+03
1129	-1.124893e+03
1130	-1.132269e+03
1131	-1.097997e+03
1132	-1.128042e+03
1133	-1.141371e+03
1134	-1.118225e+03
1135	-1.131643e+03
1136	-1.131966e+03
1137	-1.122736e+03
1138	-1.129940e+03
1139	-1.129933e+03
1140	-1.135656e+03
1141	-1.123868e+03
1142	-1.134923e+03
1143	-1.113626e+03
1144	-1.151943e+03
1145	-1.114455e+03
1146	-1.114943e+03
1147	-1.140484e+03
1148	-1.118597e+03
1149	-1.118125e+03
1150	-1.130948e+03
1151	-1.118903e+03
1152	-1.129487e+03
1153	-1.127474e+03
1154	-1.137411e+03
1155	-1.166745e+03
1156	-1.115605e+03
1157	-1.139664e+03
1158	-1.129255e+03
1159	-1.106409e+03
1160	-1.121590e+03
1161	-1.126776e+03
1162	-1.120297e+03
1163	-1.129924e+03
1164	-1.127428e+03
1165	-1.114851e+03
1166	-1.152290e+03
1167	-1.119633e+03
1168	-1.141937e+03
1169	-1.132427e+03
1170	-1.116743e+03
1171	-1.112699e+03
1172	-1.135206e+03
1173	-1.132837e+03
1174	-1.150325e+03
1175	-1.124182e+03
1176	-1.145202e+03
1177	-1.145695e+03
1178	-1.130265e+03
1179	-1.139239e+03
1180	-1.133569e+03
1181	-1.144412e+03
1182	-1.121437e+03
1183	-1.146363e+03
1184	-1.127846e+03
1185	-1.128297e+03
1186	-1.120873e+03
1187	-1.137596e+03
1188	-1.126791e+03
1189	-1.140891e+03
1190	-1.123268e+03
1191	-1.123927e+03
1192	-1.145035e+03
1193	-1.145779e+03
1194	-1.123699e+03
1195	-1.124732e+03
1196	-1.130699e+03
1197	-1.133928e+03
1198	-1.141328e+03
1199	-1.137674e+03
1200	-1.118673e+03
1201	-1.127961e+03
1202	-1.119363e+03
1203	-1.113704e+03
1204	-1.144789e+03
1205	-1.122977e+03
1206	-1.129424e+03
1207	-1.135511e+03
1208	-1.136797e+03
1209	-1.142146e+03
1210	-1.135952e+03
1211	-1.128952e+03
1212	-1.116083e+03
1213	-1.122024e+03
1214	-1.110688e+03
1215	-1.142974e+03
1216	-1.122921e+03
1217	-1.120986e+03
1218	-1.136226e+03
1219	-1.133256e+03
1220	-1.138801e+03
1221	-1.119227e+03
1222	-1.129210e+03
1223	-1.113643e+03
1224	-1.134367e+03
1225	-1.126626e+03
1226	-1.143871e+03
1227	-1.117958e+03
1228	-1.123715e+03
1229	-1.126785e+03
1230	-1.108859e+03
1231	-1.138606e+03
1232	-1.128309e+03
1233	-1.108941e+03
1234	-1.139368e+03
1235	-1.108285e+03
1236	-1.134879e+03
1237	-1.115682e+03
1238	-1.130968e+03
1239	-1.125125e+03
1240	-1.139390e+03
1241	-1.125212e+03
1242	-1.123806e+03
1243	-1.137930e+03
1244	-1.138678e+03
1245	-1.134187e+03
1246	-1.148939e+03
1247	-1.147960e+03
1248	-1.133076e+03
1249	-1.134959e+03
1250	-1.118537e+03
1251	-1.111690e+03
1252	-1.121097e+03
1253	-1.131079e+03
1254	-1.144485e+03
1255	-1.117967e+03
1256	-1.137023e+03
1257	-1.124832e+03
1258	-1.140380e+03
1259	-1.115301e+03
1260	-1.132724e+03
1261	-1.155297e+03
1262	-1.113984e+03
1263	-1.112399e+03
1264	-1.148569e+03
1265	-1.119204e+03
1266	-1.115063e+03
1267	-1.136674e+03
1268	-1.105556e+03
1269	-1.121849e+03
1270	-1.129479e+03
1271	-1.127886e+03
1272	-1.144127e+03
1273	-1.125640e+03
1274	-1.121339e+03
1275	-1.123684e+03
1276	-1.131557e+03
1277	-1.134185e+03
1278	-1.132552e+03
1279	-1.151683e+03
1280	-1.123496e+03
1281	-1.135225e+03
1282	-1.114818e+03
1283	-1.126444e+03
1284	-1.132918e+03
1285	-1.131946e+03
1286	-1.133343e+03
1287	-1.131770e+03
1288	-1.128592e+03
1289	-1.113688e+03
1290	-1.125978e+03
1291	-1.135903e+03
1292	-1.144991e+03
1293	-1.123508e+03
1294	-1.131727e+03
1295	-1.123033e+03
1296	-1.135407e+03
1297	-1.138672e+03
1298	-1.139958e+03
1299	-1.128096e+03
1300	-1.136253e+03
1301	-1.134447e+03
1302	-1.140831e+03
1303	-1.117807e+03
1304	-1.128767e+03
1305	-1.116181e+03
1306	-1.132473e+03
1307	-1.130531e+03
1308	-1.116504e+03
1309	-1.129311e+03
1310	-1.130746e+03
1311	-1.131193e+03
1312	-1.135526e+03
1313	-1.119950e+03
1314	-1.141072e+03
1315	-1.111960e+03
1316	-1.133003e+03
1317	-1.143326e+03
1318	-1.143332e+03
1319	-1.141549e+03
1320	-1.137901e+03
1321	-1.118360e+03
1322	-1.123584e+03
1323	-1.109378e+03
1324	-1.135937e+03
1325	-1.135790e+03
1326	-1.123243e+03
1327	-1.129714e+03
1328	-1.136201e+03
1329	-1.144671e+03
1330	-1.127546e+03
1331	-1.141518e+03
1332	-1.140515e+03
1333	-1.137121e+03
1334	-1.125898e+03
1335	-1.140421e+03
1336	-1.131060e+03
1337	-1.125422e+03
1338	-1.128345e+03
1339	-1.129975e+03
1340	-1.126681e+03
1341	-1.144810e+03
1342	-1.161907e+03
1343	-1.128548e+03
1344	-1.151795e+03
1345	-1.117328e+03
1346	-1.145267e+03
1347	-1.142052e+03
1348	-1.135292e+03
1349	-1.120510e+03
1350	-1.118988e+03
1351	-1.127653e+03
1352	-1.139269e+03
1353	-1.147489e+03
1354	-1.128477e+03
1355	-1.139356e+03
1356	-1.129776e+03
1357	-1.124184e+03
1358	-1.119006e+03
1359	-1.124383e+03
1360	-1.132762e+03
1361	-1.117863e+03
1362	-1.126063e+03
1363	-1.123691e+03
1364	-1.113871e+03
1365	-1.141464e+03
1366	-1.119681e+03
1367	-1.137471e+03
1368	-1.134223e+03
1369	-1.151821e+03
1370	-1.142296e+03
1371	-1.128013e+03
1372	-1.123317e+03
1373	-1.129242e+03
1374	-1.166351e+03
1375	-1.133078e+03
1376	-1.125901e+03
1377	-1.120929e+03
1378	-1.121785e+03
1379	-1.115853e+03
1380	-1.127095e+03
1381	-1.112786e+03
1382	-1.133701e+03
1383	-1.151009e+03
1384	-1.139852e+03
1385	-1.133320e+03
1386	-1.131697e+03
1387	-1.141394e+03
1388	-1.117592e+03
1389	-1.129140e+03
1390	-1.130138e+03
1391	-1.145098e+03
1392	-1.130279e+03
1393	-1.141800e+03
1394	-1.120127e+03
1395	-1.123027e+03
1396	-1.120150e+03
1397	-1.118197e+03
1398	-1.126796e+03
1399	-1.144463e+03
1400	-1.146496e+03
1401	-1.132719e+03
1402	-1.126652e+03
1403	-1.126309e+03
1404	-1.148403e+03
1405	-1.128594e+03
1406	-1.121420e+03
1407	-1.131945e+03
1408	-1.119553e+03
1409	-1.114441e+03
1410	-1.147957e+03
1411	-1.121199e+03
1412	-1.142132e+03
1413	-1.127185e+03
1414	-1.122801e+03
1415	-1.148209e+03
1416	-1.144062e+03
1417	-1.120996e+03
1418	-1.116680e+03
1419	-1.149118e+03
1420	-1.114165e+03
1421	-1.144514e+03
1422	-1.147609e+03
1423	-1.128035e+03
1424	-1.134784e+03
1425	-1.138661e+03
1426	-1.142635e+03
1427	-1.126370e+03
1428	-1.138202e+03
1429	-1.119006e+03
1430	-1.119148e+03
1431	-1.133810e+03
1432	-1.115389e+03
1433	-1.132226e+03
1434	-1.140032e+03
1435	-1.128153e+03
1436	-1.134030e+03
1437	-1.125831e+03
1438	-1.135323e+03
1439	-1.128842e+03
1440	-1.113372e+03
1441	-1.120030e+03
1442	-1.151307e+03
1443	-1.134569e+03
1444	-1.128668e+03
1445	-1.116851e+03
1446	-1.136852e+03
1447	-1.137363e+03
1448	-1.134390e+03
1449	-1.131626e+03
1450	-1.124121e+03
1451	-1.120100e+03
1452	-1.136712e+03
1453	-1.109000e+03
1454	-1.112999e+03
1455	-1.126184e+03
1456	-1.121666e+03
1457	-1.136484e+03
1458	-1.141692e+03
1459	-1.139057e+03
1460	-1.112946e+03
1461	-1.133177e+03
1462	-1.116966e+03
1463	-1.138447e+03
1464	-1.136915e+03
1465	-1.140224e+03
1466	-1.115591e+03
1467	-1.117316e+03
1468	-1.128666e+03
1469	-1.117390e+03
1470	-1.137870e+03
1471	-1.132079e+03
1472	-1.125190e+03
1473	-1.145772e+03
1474	-1.135523e+03
1475	-1.142179e+03
1476	-1.125947e+03
1477	-1.132382e+03
1478	-1.119210e+03
1479	-1.123247e+03
1480	-1.132337e+03
1481	-1.122299e+03
1482	-1.141703e+03
1483	-1.131131e+03
1484	-1.129862e+03
1485	-1.132530e+03
1486	-1.141296e+03
1487	-1.140709e+03
1488	-1.140400e+03
1489	-1.134178e+03
1490	-1.120685e+03
1491	-1.118225e+03
1492	-1.129403e+03
1493	-1.113002e+03
1494	-1.137858e+03
1495	-1.144768e+03
1496	-1.124478e+03
1497	-1.121971e+03
1498	-1.140152e+03
1499	-1.134475e+03
1500	-1.135856e+03
1501	-1.119422e+03
1502	-1.129685e+03
1503	-1.105878e+03
1504	-1.125963e+03
1505	-1.125013e+03
1506	-1.106764e+03
1507	-1.144692e+03
1508	-1.126015e+03
1509	-1.112438e+03
1510	-1.122968e+03
1511	-1.126525e+03
1512	-1.145249e+03
1513	-1.129969e+03
1514	-1.117756e+03
1515	-1.139896e+03
1516	-1.134525e+03
1517	-1.136541e+03
1518	-1.126305e+03
1519	-1.130576e+03
1520	-1.136270e+03
1521	-1.150025e+03
1522	-1.127414e+03
1523	-1.118879e+03
1524	-1.120392e+03
1525	-1.111971e+03
1526	-1.130169e+03
1527	-1.129562e+03
1528	-1.123674e+03
1529	-1.142000e+03
1530	-1.128120e+03
1531	-1.128675e+03
1532	-1.119229e+03
1533	-1.135096e+03
1534	-1.127946e+03
1535	-1.111930e+03
1536	-1.122977e+03
1537	-1.122888e+03
1538	-1.127557e+03
1539	-1.140160e+03
1540	-1.128586e+03
1541	-1.149733e+03
1542	-1.142953e+03
1543	-1.127209e+03
1544	-1.138531e+03
1545	-1.128526e+03
1546	-1.122123e+03
1547	-1.122565e+03
1548	-1.122522e+03
1549	-1.119261e+03
1550	-1.123019e+03
1551	-1.126520e+03
1552	-1.132322e+03
1553	-1.128515e+03
1554	-1.121072e+03
1555	-1.128125e+03
1556	-1.134487e+03
1557	-1.133789e+03
1558	-1.130198e+03
1559	-1.130401e+03
1560	-1.126399e+03
1561	-1.125988e+03
1562	-1.118249e+03
1563	-1.125429e+03
1564	-1.128814e+03
1565	-1.154596e+03
1566	-1.173146e+03
1567	-1.118204e+03
1568	-1.148849e+03
1569	-1.114877e+03
1570	-1.132329e+03
1571	-1.131186e+03
1572	-1.130582e+03
1573	-1.134185e+03
1574	-1.126430e+03
1575	-1.139123e+03
1576	-1.118919e+03
1577	-1.134070e+03
1578	-1.138718e+03
1579	-1.137190e+03
1580	-1.133058e+03
1581	-1.139058e+03
1582	-1.144547e+03
1583	-1.142560e+03
1584	-1.127580e+03
1585	-1.120335e+03
1586	-1.132803e+03
1587	-1.122621e+03
1588	-1.135824e+03
1589	-1.135584e+03
1590	-1.122953e+03
1591	-1.127537e+03
1592	-1.103266e+03
1593	-1.128767e+03
1594	-1.133997e+03
1595	-1.113678e+03
1596	-1.118738e+03
1597	-1.144758e+03
1598	-1.133454e+03
1599	-1.120089e+03
1600	-1.130472e+03
1601	-1.135030e+03
1602	-1.122599e+03
1603	-1.107853e+03
1604	-1.119809e+03
1605	-1.125032e+03
1606	-1.133709e+03
1607	-1.119736e+03
1608	-1.120132e+03
1609	-1.134176e+03
1610	-1.130326e+03
1611	-1.131736e+03
1612	-1.128894e+03
1613	-1.103105e+03
1614	-1.098296e+03
1615	-1.125275e+03
1616	-1.123927e+03
1617	-1.139606e+03
1618	-1.137203e+03
1619	-1.123653e+03
1620	-1.142274e+03
1621	-1.124682e+03
1622	-1.150941e+03
1623	-1.140958e+03
1624	-1.128967e+03
1625	-1.132381e+03
1626	-1.123016e+03
1627	-1.133019e+03
1628	-1.110101e+03
1629	-1.129670e+03
1630	-1.129794e+03
1631	-1.129870e+03
1632	-1.128512e+03
1633	-1.126509e+03
1634	-1.140736e+03
1635	-1.146974e+03
1636	-1.116656e+03
1637	-1.145116e+03
1638	-1.126710e+03
1639	-1.121133e+03
1640	-1.117425e+03
1641	-1.127614e+03
1642	-1.143517e+03
1643	-1.128142e+03
1644	-1.115196e+03
1645	-1.132444e+03
1646	-1.129566e+03
1647	-1.145180e+03
1648	-1.115695e+03
1649	-1.121588e+03
1650	-1.142917e+03
1651	-1.129538e+03
1652	-1.138510e+03
1653	-1.130683e+03
1654	-1.138259e+03
1655	-1.136053e+03
1656	-1.121890e+03
1657	-1.132043e+03
1658	-1.124469e+03
1659	-1.129709e+03
1660	-1.125651e+03
1661	-1.126552e+03
1662	-1.121197e+03
1663	-1.132129e+03
1664	-1.121545e+03
1665	-1.115661e+03
1666	-1.123894e+03
1667	-1.139088e+03
1668	-1.136652e+03
1669	-1.131000e+03
1670	-1.126334e+03
1671	-1.119863e+03
1672	-1.135241e+03
1673	-1.116693e+03
1674	-1.126413e+03
1675	-1.139647e+03
1676	-1.113501e+03
1677	-1.151527e+03
1678	-1.126859e+03
1679	-1.123428e+03
1680	-1.132401e+03
1681	-1.105554e+03
1682	-1.129502e+03
1683	-1.138300e+03
1684	-1.129714e+03
1685	-1.124994e+03
1686	-1.124332e+03
1687	-1.129609e+03
1688	-1.135406e+03
1689	-1.118713e+03
1690	-1.134612e+03
1691	-1.123458e+03
1692	-1.123649e+03
1693	-1.116721e+03
1694	-1.132406e+03
1695	-1.122769e+03
1696	-1.130503e+03
1697	-1.111466e+03
1698	-1.105116e+03
1699	-1.128094e+03
1700	-1.126357e+03
1701	-1.116149e+03
1702	-1.110598e+03
1703	-1.138028e+03
1704	-1.129936e+03
1705	-1.132019e+03
1706	-1.127423e+03
1707	-1.132932e+03
1708	-1.138370e+03
1709	-1.121264e+03
1710	-1.141897e+03
1711	-1.123010e+03
1712	-1.124835e+03
1713	-1.131945e+03
1714	-1.110359e+03
1715	-1.128889e+03
1716	-1.105299e+03
1717	-1.124041e+03
1718	-1.136960e+03
1719	-1.132202e+03
1720	-1.135443e+03
1721	-1.134606e+03
1722	-1.114406e+03
1723	-1.126472e+03
1724	-1.132677e+03
1725	-1.136725e+03
1726	-1.151551e+03
1727	-1.133028e+03
1728	-1.145871e+03
1729	-1.138064e+03
1730	-1.120082e+03
1731	-1.127282e+03
1732	-1.119798e+03
1733	-1.143526e+03
1734	-1.137272e+03
1735	-1.130592e+03
1736	-1.131847e+03
1737	-1.164985e+03
1738	-1.120403e+03
1739	-1.143307e+03
1740	-1.128222e+03
1741	-1.117540e+03
1742	-1.122543e+03
1743	-1.134753e+03
1744	-1.120262e+03
1745	-1.146459e+03
1746	-1.117220e+03
1747	-1.118250e+03
1748	-1.129459e+03
1749	-1.134843e+03
1750	-1.142240e+03
1751	-1.124696e+03
1752	-1.124635e+03
1753	-1.127266e+03
1754	-1.144617e+03
1755	-1.117257e+03
1756	-1.133716e+03
1757	-1.143385e+03
1758	-1.123710e+03
1759	-1.134075e+03
1760	-1.134880e+03
1761	-1.115181e+03
1762	-1.130202e+03
1763	-1.130206e+03
1764	-1.126349e+03
1765	-1.126989e+03
1766	-1.124680e+03
1767	-1.132370e+03
1768	-1.115153e+03
1769	-1.127829e+03
1770	-1.143769e+03
1771	-1.135679e+03
1772	-1.117678e+03
1773	-1.137473e+03
1774	-1.127147e+03
1775	-1.131766e+03
1776	-1.152451e+03
1777	-1.131866e+03
1778	-1.150350e+03
1779	-1.124117e+03
1780	-1.097601e+03
1781	-1.127784e+03
1782	-1.142066e+03
1783	-1.135656e+03
1784	-1.132149e+03
1785	-1.141425e+03
1786	-1.136251e+03
1787	-1.142343e+03
1788	-1.115043e+03
1789	-1.145883e+03
1790	-1.124234e+03
1791	-1.121110e+03
1792	-1.153081e+03
1793	-1.140240e+03
1794	-1.151193e+03
1795	-1.150882e+03
1796	-1.129719e+03
1797	-1.141853e+03
1798	-1.123896e+03
1799	-1.122015e+03
1800	-1.119684e+03
1801	-1.139563e+03
1802	-1.140995e+03
1803	-1.126625e+03
1804	-1.127791e+03
1805	-1.115482e+03
1806	-1.112893e+03
1807	-1.132880e+03
1808	-1.140839e+03
1809	-1.129598e+03
1810	-1.121896e+03
1811	-1.127379e+03
1812	-1.113388e+03
1813	-1.120084e+03
1814	-1.142407e+03
1815	-1.145868e+03
1816	-1.146170e+03
1817	-1.123950e+03
1818	-1.128248e+03
1819	-1.115449e+03
1820	-1.135390e+03
1821	-1.134637e+03
1822	-1.144127e+03
1823	-1.132792e+03
1824	-1.132070e+03
1825	-1.127458e+03
1826	-1.141437e+03
1827	-1.122349e+03
1828	-1.125554e+03
1829	-1.123811e+03
1830	-1.135308e+03
1831	-1.116669e+03
1832	-1.126665e+03
1833	-1.124000e+03
1834	-1.134670e+03
1835	-1.135328e+03
1836	-1.119343e+03
1837	-1.122861e+03
1838	-1.135682e+03
1839	-1.117324e+03
1840	-1.142828e+03
1841	-1.121799e+03
1842	-1.126428e+03
1843	-1.128144e+03
1844	-1.123480e+03
1845	-1.126133e+03
1846	-1.120065e+03
1847	-1.134779e+03
1848	-1.139221e+03
1849	-1.120476e+03
1850	-1.112558e+03
1851	-1.119467e+03
1852	-1.127377e+03
1853	-1.124107e+03
1854	-1.123146e+03
1855	-1.122867e+03
1856	-1.123282e+03
1857	-1.100871e+03
1858	-1.128810e+03
1859	-1.141001e+03
1860	-1.145378e+03
1861	-1.134273e+03
1862	-1.112828e+03
1863	-1.111512e+03
1864	-1.145452e+03
1865	-1.123158e+03
1866	-1.136598e+03
1867	-1.144020e+03
1868	-1.134697e+03
1869	-1.142537e+03
1870	-1.128181e+03
1871	-1.122815e+03
1872	-1.121045e+03
1873	-1.118674e+03
1874	-1.141597e+03
1875	-1.105943e+03
1876	-1.139670e+03
1877	-1.119040e+03
1878	-1.131013e+03
1879	-1.141994e+03
1880	-1.120838e+03
1881	-1.144103e+03
1882	-1.140008e+03
1883	-1.119975e+03
1884	-1.138927e+03
1885	-1.132038e+03
1886	-1.133270e+03
1887	-1.140115e+03
1888	-1.134757e+03
1889	-1.122231e+03
1890	-1.122389e+03
1891	-1.138030e+03
1892	-1.121040e+03
1893	-1.142265e+03
1894	-1.124076e+03
1895	-1.130754e+03
1896	-1.127780e+03
1897	-1.140421e+03
1898	-1.154261e+03
1899	-1.138163e+03
1900	-1.135943e+03
1901	-1.136478e+03
1902	-1.138317e+03
1903	-1.139861e+03
1904	-1.125530e+03
1905	-1.141609e+03
1906	-1.145839e+03
1907	-1.138540e+03
1908	-1.134006e+03
1909	-1.126001e+03
1910	-1.145408e+03
1911	-1.128051e+03
1912	-1.136998e+03
1913	-1.127359e+03
1914	-1.132823e+03
1915	-1.135217e+03
1916	-1.134528e+03
1917	-1.136528e+03
1918	-1.136815e+03
1919	-1.153701e+03
1920	-1.112659e+03
1921	-1.112624e+03
1922	-1.122668e+03
1923	-1.121075e+03
1924	-1.140250e+03
1925	-1.136881e+03
1926	-1.111865e+03
1927	-1.171461e+03
1928	-1.135186e+03
1929	-1.104647e+03
1930	-1.135920e+03
1931	-1.129747e+03
1932	-1.126458e+03
1933	-1.129948e+03
1934	-1.137879e+03
1935	-1.126979e+03
1936	-1.116951e+03
1937	-1.127877e+03
1938	-1.130922e+03
1939	-1.129345e+03
1940	-1.144651e+03
1941	-1.107263e+03
1942	-1.117071e+03
1943	-1.127743e+03
1944	-1.129658e+03
1945	-1.146927e+03
1946	-1.137186e+03
1947	-1.115062e+03
1948	-1.138321e+03
1949	-1.125577e+03
1950	-1.130072e+03
1951	-1.128189e+03
1952	-1.132976e+03
1953	-1.122354e+03
1954	-1.137244e+03
1955	-1.108133e+03
1956	-1.152823e+03
1957	-1.126185e+03
1958	-1.110559e+03
1959	-1.119309e+03
1960	-1.114279e+03
1961	-1.148351e+03
1962	-1.113683e+03
1963	-1.136481e+03
1964	-1.107412e+03
1965	-1.120791e+03
1966	-1.138435e+03
1967	-1.151410e+03
1968	-1.123236e+03
1969	-1.138515e+03
1970	-1.134543e+03
1971	-1.154390e+03
1972	-1.119439e+03
1973	-1.123258e+03
1974	-1.130773e+03
1975	-1.124205e+03
1976	-1.126924e+03
1977	-1.104601e+03
1978	-1.140854e+03
1979	-1.117249e+03
1980	-1.115630e+03
1981	-1.144801e+03
1982	-1.139007e+03
1983	-1.140639e+03
1984	-1.122339e+03
1985	-1.119648e+03
1986	-1.143590e+03
1987	-1.121020e+03
1988	-1.134733e+03
1989	-1.125359e+03
1990	-1.122328e+03
1991	-1.127627e+03
1992	-1.132384e+03
1993	-1.127512e+03
1994	-1.133207e+03
1995	-1.129192e+03
1996	-1.145566e+03
1997	-1.123788e+03
1998	-1.148042e+03
1999	-1.129139e+03
2000	-1.145850e+03
2001	-1.138768e+03
2002	-1.134780e+03
2003	-1.115621e+03
2004	-1.110874e+03
2005	-1.139216e+03
2006	-1.129321e+03
2007	-1.139176e+03
2008	-1.139570e+03
2009	-1.137607e+03
2010	-1.124554e+03
2011	-1.110038e+03
2012	-1.129776e+03
2013	-1.137265e+03
2014	-1.131013e+03
2015	-1.139975e+03
2016	-1.126713e+03
2017	-1.118336e+03
2018	-1.125451e+03
2019	-1.127513e+03
2020	-1.139743e+03
2021	-1.126621e+03
2022	-1.133643e+03
2023	-1.135954e+03
2024	-1.157634e+03
2025	-1.143001e+03
2026	-1.124856e+03
2027	-1.118741e+03
2028	-1.117523e+03
2029	-1.140052e+03
2030	-1.135994e+03
2031	-1.133739e+03
2032	-1.123914e+03
2033	-1.123279e+03
2034	-1.130850e+03
2035	-1.147380e+03
2036	-1.141538e+03
2037	-1.094976e+03
2038	-1.129570e+03
2039	-1.143828e+03
2040	-1.121517e+03
2041	-1.135271e+03
2042	-1.135192e+03
2043	-1.126328e+03
2044	-1.123652e+03
2045	-1.154288e+03
2046	-1.137367e+03
2047	-1.120397e+03
2048	-1.128236e+03
2049	-1.111515e+03
2050	-1.114847e+03
2051	-1.132026e+03
2052	-1.141665e+03
2053	-1.135533e+03
2054	-1.118333e+03
2055	-1.147988e+03
2056	-1.147117e+03
2057	-1.134807e+03
2058	-1.113797e+03
2059	-1.151842e+03
2060	-1.124253e+03
2061	-1.124337e+03
2062	-1.118920e+03
2063	-1.134112e+03
2064	-1.129759e+03
2065	-1.125941e+03
2066	-1.157852e+03
2067	-1.123462e+03
2068	-1.110178e+03
2069	-1.142969e+03
2070	-1.141393e+03
2071	-1.124133e+03
2072	-1.134680e+03
2073	-1.136618e+03
2074	-1.128688e+03
2075	-1.124730e+03
2076	-1.129722e+03
2077	-1.116773e+03
2078	-1.134750e+03
2079	-1.125895e+03
2080	-1.146741e+03
2081	-1.108894e+03
2082	-1.104188e+03
2083	-1.141576e+03
2084	-1.150573e+03
2085	-1.118526e+03
2086	-1.144213e+03
2087	-1.150458e+03
2088	-1.137577e+03
2089	-1.159811e+03
2090	-1.149875e+03
2091	-1.121540e+03
2092	-1.115757e+03
2093	-1.143178e+03
2094	-1.142275e+03
2095	-1.145113e+03
2096	-1.151687e+03
2097	-1.117294e+03
2098	-1.123109e+03
2099	-1.127378e+03
2100	-1.137093e+03
2101	-1.140455e+03
2102	-1.115043e+03
2103	-1.107224e+03
2104	-1.132282e+03
2105	-1.142839e+03
2106	-1.116113e+03
2107	-1.125504e+03
2108	-1.134659e+03
2109	-1.114295e+03
2110	-1.126883e+03
2111	-1.114879e+03
2112	-1.155625e+03
2113	-1.129451e+03
2114	-1.124281e+03
2115	-1.129028e+03
2116	-1.138137e+03
2117	-1.113037e+03
2118	-1.122704e+03
2119	-1.119250e+03
2120	-1.116571e+03
2121	-1.135308e+03
2122	-1.101065e+03
2123	-1.124119e+03
2124	-1.119782e+03
2125	-1.129215e+03
2126	-1.141787e+03
2127	-1.153351e+03
2128	-1.133470e+03
2129	-1.114752e+03
2130	-1.126258e+03
2131	-1.143590e+03
2132	-1.128861e+03
2133	-1.141694e+03
2134	-1.139805e+03
2135	-1.124075e+03
2136	-1.131916e+03
2137	-1.118779e+03
2138	-1.131748e+03
2139	-1.139866e+03
2140	-1.124240e+03
2141	-1.103765e+03
2142	-1.137639e+03
2143	-1.131283e+03
2144	-1.111805e+03
2145	-1.127180e+03
2146	-1.120440e+03
2147	-1.111137e+03
2148	-1.133620e+03
2149	-1.115671e+03
2150	-1.108984e+03
2151	-1.150303e+03
2152	-1.112723e+03
2153	-1.117550e+03
2154	-1.126060e+03
2155	-1.133877e+03
2156	-1.122897e+03
2157	-1.111544e+03
2158	-1.118390e+03
2159	-1.141111e+03
2160	-1.138419e+03
2161	-1.125625e+03
2162	-1.126317e+03
2163	-1.142359e+03
2164	-1.132422e+03
2165	-1.114973e+03
2166	-1.141857e+03
2167	-1.126786e+03
2168	-1.108895e+03
2169	-1.120475e+03
2170	-1.127561e+03
2171	-1.135446e+03
2172	-1.122875e+03
2173	-1.119919e+03
2174	-1.123691e+03
2175	-1.141174e+03
2176	-1.111106e+03
2177	-1.132902e+03
2178	-1.110213e+03
2179	-1.118600e+03
2180	-1.136765e+03
2181	-1.144744e+03
2182	-1.129181e+03
2183	-1.109666e+03
2184	-1.117943e+03
2185	-1.124685e+03
2186	-1.137314e+03
2187	-1.116097e+03
2188	-1.128234e+03
2189	-1.127223e+03
2190	-1.113101e+03
2191	-1.139267e+03
2192	-1.138314e+03
2193	-1.135965e+03
2194	-1.141052e+03
2195	-1.126520e+03
2196	-1.102943e+03
2197	-1.127336e+03
2198	-1.133216e+03
2199	-1.129838e+03
2200	-1.137706e+03
2201	-1.128116e+03
2202	-1.114486e+03
2203	-1.124725e+03
2204	-1.111205e+03
2205	-1.116524e+03
2206	-1.121863e+03
2207	-1.138754e+03
2208	-1.114865e+03
2209	-1.134801e+03
2210	-1.121458e+03
2211	-1.131927e+03
2212	-1.130259e+03
2213	-1.145550e+03
2214	-1.124796e+03
2215	-1.120097e+03
2216	-1.115981e+03
2217	-1.133063e+03
2218	-1.142160e+03
2219	-1.130594e+03
2220	-1.127804e+03
2221	-1.125245e+03
2222	-1.123546e+03
2223	-1.133753e+03
2224	-1.149485e+03
2225	-1.115965e+03
2226	-1.127181e+03
2227	-1.118075e+03
2228	-1.127591e+03
2229	-1.123650e+03
2230	-1.146721e+03
2231	-1.135859e+03
2232	-1.119322e+03
2233	-1.143852e+03
2234	-1.126160e+03
2235	-1.120279e+03
2236	-1.122486e+03
2237	-1.116390e+03
2238	-1.145660e+03
2239	-1.135122e+03
2240	-1.119952e+03
2241	-1.138120e+03
2242	-1.142927e+03
2243	-1.150604e+03
2244	-1.135866e+03
2245	-1.128229e+03
2246	-1.133185e+03
2247	-1.140458e+03
2248	-1.125091e+03
2249	-1.143577e+03
2250	-1.115680e+03
2251	-1.141084e+03
2252	-1.130390e+03
2253	-1.123061e+03
2254	-1.126255e+03
2255	-1.125530e+03
2256	-1.145879e+03
2257	-1.118631e+03
2258	-1.139511e+03
2259	-1.131470e+03
2260	-1.149876e+03
2261	-1.139591e+03
2262	-1.132854e+03
2263	-1.136006e+03
2264	-1.135707e+03
2265	-1.126748e+03
2266	-1.137413e+03
2267	-1.136221e+03
2268	-1.117623e+03
2269	-1.122780e+03
2270	-1.108716e+03
2271	-1.134153e+03
2272	-1.119859e+03
2273	-1.127675e+03
2274	-1.142693e+03
2275	-1.130050e+03
2276	-1.151821e+03
2277	-1.141446e+03
2278	-1.123585e+03
2279	-1.116269e+03
2280	-1.135462e+03
2281	-1.133089e+03
2282	-1.119383e+03
2283	-1.145039e+03
2284	-1.117270e+03
2285	-1.147199e+03
2286	-1.136482e+03
2287	-1.138862e+03
2288	-1.129090e+03
2289	-1.118066e+03
2290	-1.111018e+03
2291	-1.117319e+03
2292	-1.118935e+03
2293	-1.096114e+03
2294	-1.134034e+03
2295	-1.138127e+03
2296	-1.119616e+03
2297	-1.123346e+03
2298	-1.131055e+03
2299	-1.130650e+03
2300	-1.128737e+03
2301	-1.106402e+03
2302	-1.134147e+03
2303	-1.129963e+03
2304	-1.115299e+03
2305	-1.126931e+03
2306	-1.153185e+03
2307	-1.123813e+03
2308	-1.126130e+03
2309	-1.146540e+03
2310	-1.120430e+03
2311	-1.121160e+03
2312	-1.116595e+03
2313	-1.120733e+03
2314	-1.135422e+03
2315	-1.158276e+03
2316	-1.130434e+03
2317	-1.129965e+03
2318	-1.130130e+03
2319	-1.134593e+03
2320	-1.127371e+03
2321	-1.136120e+03
2322	-1.129218e+03
2323	-1.134636e+03
2324	-1.143872e+03
2325	-1.132743e+03
2326	-1.158645e+03
2327	-1.121391e+03
2328	-1.140977e+03
2329	-1.134362e+03
2330	-1.123371e+03
2331	-1.099173e+03
2332	-1.122252e+03
2333	-1.115472e+03
2334	-1.119830e+03
2335	-1.147393e+03
2336	-1.121648e+03
2337	-1.130353e+03
2338	-1.113386e+03
2339	-1.137109e+03
2340	-1.135087e+03
2341	-1.122903e+03
2342	-1.115483e+03
2343	-1.132352e+03
2344	-1.122570e+03
2345	-1.115018e+03
2346	-1.135502e+03
2347	-1.127461e+03
2348	-1.126964e+03
2349	-1.128136e+03
2350	-1.117012e+03
2351	-1.113545e+03
2352	-1.129065e+03
2353	-1.127324e+03
2354	-1.128740e+03
2355	-1.118631e+03
2356	-1.130538e+03
2357	-1.140850e+03
2358	-1.127681e+03
2359	-1.128157e+03
2360	-1.115467e+03
2361	-1.152421e+03
2362	-1.109630e+03
2363	-1.140560e+03
2364	-1.125735e+03
2365	-1.128265e+03
2366	-1.125008e+03
2367	-1.121010e+03
2368	-1.118128e+03
2369	-1.124964e+03
2370	-1.132269e+03
2371	-1.134962e+03
2372	-1.130057e+03
2373	-1.129562e+03
2374	-1.120417e+03
2375	-1.125546e+03
2376	-1.114932e+03
2377	-1.150407e+03
2378	-1.131556e+03
2379	-1.149593e+03
2380	-1.135073e+03
2381	-1.124567e+03
2382	-1.138154e+03
2383	-1.138939e+03
2384	-1.128016e+03
2385	-1.129819e+03
2386	-1.112945e+03
2387	-1.130988e+03
2388	-1.129355e+03
2389	-1.126520e+03
2390	-1.124416e+03
2391	-1.129427e+03
2392	-1.129906e+03
2393	-1.115958e+03
2394	-1.124383e+03
2395	-1.150929e+03
2396	-1.128990e+03
2397	-1.126381e+03
2398	-1.124878e+03
2399	-1.114342e+03
2400	-1.138603e+03
2401	-1.130355e+03
2402	-1.114247e+03
2403	-1.130853e+03
2404	-1.140610e+03
2405	-1.125355e+03
2406	-1.124361e+03
2407	-1.143691e+03
2408	-1.108095e+03
2409	-1.112922e+03
2410	-1.142737e+03
2411	-1.137369e+03
2412	-1.130791e+03
2413	-1.112898e+03
2414	-1.129113e+03
2415	-1.124198e+03
2416	-1.118619e+03
2417	-1.115922e+03
2418	-1.133857e+03
2419	-1.127524e+03
2420	-1.129414e+03
2421	-1.112740e+03
2422	-1.141302e+03
2423	-1.138433e+03
2424	-1.104680e+03
2425	-1.126561e+03
2426	-1.134670e+03
2427	-1.116038e+03
2428	-1.139322e+03
2429	-1.129860e+03
2430	-1.107475e+03
2431	-1.141933e+03
2432	-1.134404e+03
2433	-1.131868e+03
2434	-1.152082e+03
2435	-1.137676e+03
2436	-1.132114e+03
2437	-1.150961e+03
2438	-1.128798e+03
2439	-1.126585e+03
2440	-1.125802e+03
2441	-1.113332e+03
2442	-1.129786e+03
2443	-1.127388e+03
2444	-1.129423e+03
2445	-1.139280e+03
2446	-1.129420e+03
2447	-1.134069e+03
2448	-1.117017e+03
2449	-1.124918e+03
2450	-1.116630e+03
2451	-1.108722e+03
2452	-1.102112e+03
2453	-1.116377e+03
2454	-1.137445e+03
2455	-1.113517e+03
2456	-1.124687e+03
2457	-1.132192e+03
2458	-1.136558e+03
2459	-1.130547e+03
2460	-1.113329e+03
2461	-1.124682e+03
2462	-1.133261e+03
2463	-1.117302e+03
2464	-1.132212e+03
2465	-1.114176e+03
2466	-1.133930e+03
2467	-1.147080e+03
2468	-1.148328e+03
2469	-1.145308e+03
2470	-1.121220e+03
2471	-1.132443e+03
2472	-1.127120e+03
2473	-1.116588e+03
2474	-1.136414e+03
2475	-1.150753e+03
2476	-1.134168e+03
2477	-1.134707e+03
2478	-1.120326e+03
2479	-1.137217e+03
2480	-1.134443e+03
2481	-1.124071e+03
2482	-1.119229e+03
2483	-1.113699e+03
2484	-1.134286e+03
2485	-1.135532e+03
2486	-1.133214e+03
2487	-1.131870e+03
2488	-1.133881e+03
2489	-1.114502e+03
2490	-1.136554e+03
2491	-1.116172e+03
2492	-1.136209e+03
2493	-1.130084e+03
2494	-1.132455e+03
2495	-1.129049e+03
2496	-1.109850e+03
2497	-1.131385e+03
2498	-1.145753e+03
2499	-1.112746e+03
2500	-1.112550e+03
2501	-1.138547e+03
2502	-1.111353e+03
2503	-1.124566e+03
2504	-1.117350e+03
2505	-1.123350e+03
2506	-1.118372e+03
2507	-1.133745e+03
2508	-1.122281e+03
2509	-1.127478e+03
2510	-1.131100e+03
2511	-1.113637e+03
2512	-1.110283e+03
2513	-1.111456e+03
2514	-1.137776e+03
2515	-1.125795e+03
2516	-1.140150e+03
2517	-1.124608e+03
2518	-1.125427e+03
2519	-1.127951e+03
2520	-1.125476e+03
2521	-1.126113e+03
2522	-1.126156e+03
2523	-1.137652e+03
2524	-1.116877e+03
2525	-1.138273e+03
2526	-1.128898e+03
2527	-1.133979e+03
2528	-1.138658e+03
2529	-1.121519e+03
2530	-1.144493e+03
2531	-1.116298e+03
2532	-1.145859e+03
2533	-1.140206e+03
2534	-1.112807e+03
2535	-1.140056e+03
2536	-1.134375e+03
2537	-1.123123e+03
2538	-1.130581e+03
2539	-1.118783e+03
2540	-1.131176e+03
2541	-1.134321e+03
2542	-1.144080e+03
2543	-1.118196e+03
2544	-1.131096e+03
2545	-1.122502e+03
2546	-1.133246e+03
2547	-1.129735e+03
2548	-1.120150e+03
2549	-1.120637e+03
2550	-1.134315e+03
2551	-1.118986e+03
2552	-1.132736e+03
2553	-1.146171e+03
2554	-1.131020e+03
2555	-1.140129e+03
2556	-1.139432e+03
2557	-1.135134e+03
2558	-1.125450e+03
2559	-1.131258e+03
2560	-1.129317e+03
2561	-1.117269e+03
2562	-1.113827e+03
2563	-1.141857e+03
2564	-1.129988e+03
2565	-1.130109e+03
2566	-1.124835e+03
2567	-1.127635e+03
2568	-1.143996e+03
2569	-1.107550e+03
2570	-1.121210e+03
2571	-1.115636e+03
2572	-1.117142e+03
2573	-1.128034e+03
2574	-1.129456e+03
2575	-1.141298e+03
2576	-1.117329e+03
2577	-1.126286e+03
2578	-1.128244e+03
2579	-1.139991e+03
2580	-1.140815e+03
2581	-1.120782e+03
2582	-1.122393e+03
2583	-1.125515e+03
2584	-1.124570e+03
2585	-1.126277e+03
2586	-1.152992e+03
2587	-1.122815e+03
2588	-1.150290e+03
2589	-1.139430e+03
2590	-1.149680e+03
2591	-1.137883e+03
2592	-1.112369e+03
2593	-1.133770e+03
2594	-1.124977e+03
2595	-1.137238e+03
2596	-1.143234e+03
2597	-1.154738e+03
2598	-1.100760e+03
2599	-1.115426e+03
2600	-1.125081e+03
2601	-1.131432e+03
2602	-1.127663e+03
2603	-1.129844e+03
2604	-1.132361e+03
2605	-1.113940e+03
2606	-1.133702e+03
2607	-1.138479e+03
2608	-1.110942e+03
2609	-1.131958e+03
2610	-1.142711e+03
2611	-1.129399e+03
2612	-1.131637e+03
2613	-1.116690e+03
2614	-1.123813e+03
2615	-1.136456e+03
2616	-1.133346e+03
2617	-1.134316e+03
2618	-1.138353e+03
2619	-1.131744e+03
2620	-1.116953e+03
2621	-1.118817e+03
2622	-1.139645e+03
2623	-1.119035e+03
2624	-1.138157e+03
2625	-1.127112e+03
2626	-1.141001e+03
2627	-1.124169e+03
2628	-1.123102e+03
2629	-1.127325e+03
2630	-1.147459e+03
2631	-1.141993e+03
2632	-1.115431e+03
2633	-1.128999e+03
2634	-1.146506e+03
2635	-1.127561e+03
2636	-1.134601e+03
2637	-1.106561e+03
2638	-1.117786e+03
2639	-1.144942e+03
2640	-1.140737e+03
2641	-1.115250e+03
2642	-1.133867e+03
2643	-1.149173e+03
2644	-1.118534e+03
2645	-1.132465e+03
2646	-1.125648e+03
2647	-1.133654e+03
2648	-1.112926e+03
2649	-1.134629e+03
2650	-1.144155e+03
2651	-1.106431e+03
2652	-1.124863e+03
2653	-1.137983e+03
2654	-1.134626e+03
2655	-1.130211e+03
2656	-1.122511e+03
2657	-1.125865e+03
2658	-1.144591e+03
2659	-1.139539e+03
2660	-1.127863e+03
2661	-1.116889e+03
2662	-1.136233e+03
2663	-1.139339e+03
2664	-1.140471e+03
2665	-1.159650e+03
2666	-1.134153e+03
2667	-1.121837e+03
2668	-1.126435e+03
2669	-1.114202e+03
2670	-1.121149e+03
2671	-1.123192e+03
2672	-1.141796e+03
2673	-1.129122e+03
2674	-1.114358e+03
2675	-1.135393e+03
2676	-1.148066e+03
2677	-1.130935e+03
2678	-1.117700e+03
2679	-1.145210e+03
2680	-1.121796e+03
2681	-1.147893e+03
2682	-1.132952e+03
2683	-1.112859e+03
2684	-1.126704e+03
2685	-1.143113e+03
2686	-1.127043e+03
2687	-1.131073e+03
2688	-1.124221e+03
2689	-1.137944e+03
2690	-1.116618e+03
2691	-1.121005e+03
2692	-1.119597e+03
2693	-1.128293e+03
2694	-1.128431e+03
2695	-1.118911e+03
2696	-1.131432e+03
2697	-1.128157e+03
2698	-1.118468e+03
2699	-1.139182e+03
2700	-1.126768e+03
2701	-1.135726e+03
2702	-1.140953e+03
2703	-1.118158e+03
2704	-1.130237e+03
2705	-1.130282e+03
2706	-1.130680e+03
2707	-1.142041e+03
2708	-1.113483e+03
2709	-1.128144e+03
2710	-1.118372e+03
2711	-1.124284e+03
2712	-1.148094e+03
2713	-1.135588e+03
2714	-1.127211e+03
2715	-1.141064e+03
2716	-1.123669e+03
2717	-1.120210e+03
2718	-1.116566e+03
2719	-1.127835e+03
2720	-1.119116e+03
2721	-1.119646e+03
2722	-1.131596e+03
2723	-1.116605e+03
2724	-1.137894e+03
2725	-1.116407e+03
2726	-1.127817e+03
2727	-1.119322e+03
2728	-1.140993e+03
2729	-1.136229e+03
2730	-1.132326e+03
2731	-1.128409e+03
2732	-1.112746e+03
2733	-1.144348e+03
2734	-1.130298e+03
2735	-1.104255e+03
2736	-1.140797e+03
2737	-1.115581e+03
2738	-1.132411e+03
2739	-1.109233e+03
2740	-1.137482e+03
2741	-1.139245e+03
2742	-1.141820e+03
2743	-1.135046e+03
2744	-1.130999e+03
2745	-1.137461e+03
2746	-1.149296e+03
2747	-1.140778e+03
2748	-1.130619e+03
2749	-1.124237e+03
2750	-1.123293e+03
2751	-1.131292e+03
2752	-1.139132e+03
2753	-1.144117e+03
2754	-1.144568e+03
2755	-1.112199e+03
2756	-1.118693e+03
2757	-1.135298e+03
2758	-1.118594e+03
2759	-1.129127e+03
2760	-1.136707e+03
2761	-1.125546e+03
2762	-1.140406e+03
2763	-1.134224e+03
2764	-1.138765e+03
2765	-1.110816e+03
2766	-1.138664e+03
2767	-1.122699e+03
2768	-1.119421e+03
2769	-1.133165e+03
2770	-1.141042e+03
2771	-1.154119e+03
2772	-1.143041e+03
2773	-1.102555e+03
2774	-1.115447e+03
2775	-1.136351e+03
2776	-1.133796e+03
2777	-1.145891e+03
2778	-1.125590e+03
2779	-1.138256e+03
2780	-1.132322e+03
2781	-1.123246e+03
2782	-1.130445e+03
2783	-1.128681e+03
2784	-1.131192e+03
2785	-1.143782e+03
2786	-1.138552e+03
2787	-1.121496e+03
2788	-1.130905e+03
2789	-1.123330e+03
2790	-1.124161e+03
2791	-1.143320e+03
2792	-1.146142e+03
2793	-1.119437e+03
2794	-1.138106e+03
2795	-1.103310e+03
2796	-1.132341e+03
2797	-1.145532e+03
2798	-1.132558e+03
2799	-1.125258e+03
2800	-1.124702e+03
2801	-1.106629e+03
2802	-1.124578e+03
2803	-1.137813e+03
2804	-1.125590e+03
2805	-1.119168e+03
2806	-1.116507e+03
2807	-1.131679e+03
2808	-1.120393e+03
2809	-1.128930e+03
2810	-1.146741e+03
2811	-1.137134e+03
2812	-1.132727e+03
2813	-1.129909e+03
2814	-1.115422e+03
2815	-1.119036e+03
2816	-1.115029e+03
2817	-1.141142e+03
2818	-1.142637e+03
2819	-1.120384e+03
2820	-1.139582e+03
2821	-1.136615e+03
2822	-1.129246e+03
2823	-1.127022e+03
2824	-1.123677e+03
2825	-1.151933e+03
2826	-1.144982e+03
2827	-1.131709e+03
2828	-1.129381e+03
2829	-1.114282e+03
2830	-1.124233e+03
2831	-1.131478e+03
2832	-1.152343e+03
2833	-1.139575e+03
2834	-1.117598e+03
2835	-1.123388e+03
2836	-1.134055e+03
2837	-1.125777e+03
2838	-1.125643e+03
2839	-1.124896e+03
2840	-1.122153e+03
2841	-1.118835e+03
2842	-1.120674e+03
2843	-1.134301e+03
2844	-1.147269e+03
2845	-1.122508e+03
2846	-1.119919e+03
2847	-1.121323e+03
2848	-1.134892e+03
2849	-1.138631e+03
2850	-1.132183e+03
2851	-1.116788e+03
2852	-1.132543e+03
2853	-1.131300e+03
2854	-1.134489e+03
2855	-1.140419e+03
2856	-1.155024e+03
2857	-1.157650e+03
2858	-1.135788e+03
2859	-1.119457e+03
2860	-1.116321e+03
2861	-1.125463e+03
2862	-1.126417e+03
2863	-1.134663e+03
2864	-1.115191e+03
2865	-1.135757e+03
2866	-1.128190e+03
2867	-1.118041e+03
2868	-1.124556e+03
2869	-1.146345e+03
2870	-1.102744e+03
2871	-1.129506e+03
2872	-1.142690e+03
2873	-1.111753e+03
2874	-1.140258e+03
2875	-1.113269e+03
2876	-1.123339e+03
2877	-1.108927e+03
2878	-1.117793e+03
2879	-1.127928e+03
2880	-1.143658e+03
2881	-1.117004e+03
2882	-1.130678e+03
2883	-1.125497e+03
2884	-1.124475e+03
2885	-1.139612e+03
2886	-1.132795e+03
2887	-1.136375e+03
2888	-1.131899e+03
2889	-1.136633e+03
2890	-1.124678e+03
2891	-1.126089e+03
2892	-1.139169e+03
2893	-1.130418e+03
2894	-1.134297e+03
2895	-1.121794e+03
2896	-1.116696e+03
2897	-1.131148e+03
2898	-1.113179e+03
2899	-1.134445e+03
2900	-1.136494e+03
2901	-1.140752e+03
2902	-1.128796e+03
2903	-1.116445e+03
2904	-1.126886e+03
2905	-1.148011e+03
2906	-1.135839e+03
2907	-1.122886e+03
2908	-1.128643e+03
2909	-1.136206e+03
2910	-1.122293e+03
2911	-1.118516e+03
2912	-1.121912e+03
2913	-1.125815e+03
2914	-1.141542e+03
2915	-1.125840e+03
2916	-1.138550e+03
2917	-1.127291e+03
2918	-1.120785e+03
2919	-1.135294e+03
2920	-1.142543e+03
2921	-1.126051e+03
2922	-1.122977e+03
2923	-1.135756e+03
2924	-1.128356e+03
2925	-1.131419e+03
2926	-1.138109e+03
2927	-1.146095e+03
2928	-1.132172e+03
2929	-1.117739e+03
2930	-1.130454e+03
2931	-1.137256e+03
2932	-1.128092e+03
2933	-1.140259e+03
2934	-1.113965e+03
2935	-1.139368e+03
2936	-1.127697e+03
2937	-1.138556e+03
2938	-1.121319e+03
2939	-1.130798e+03
2940	-1.132283e+03
2941	-1.104777e+03
2942	-1.132710e+03
2943	-1.114218e+03
2944	-1.121543e+03
2945	-1.133757e+03
2946	-1.139634e+03
2947	-1.129085e+03
2948	-1.115009e+03
2949	-1.141145e+03
2950	-1.144856e+03
2951	-1.124355e+03
2952	-1.130837e+03
2953	-1.113935e+03
2954	-1.126750e+03
2955	-1.150845e+03
2956	-1.133363e+03
2957	-1.145501e+03
2958	-1.121670e+03
2959	-1.143367e+03
2960	-1.136195e+03
2961	-1.126849e+03
2962	-1.135346e+03
2963	-1.153884e+03
2964	-1.130529e+03
2965	-1.119737e+03
2966	-1.131465e+03
2967	-1.125957e+03
2968	-1.129767e+03
2969	-1.121582e+03
2970	-1.121640e+03
2971	-1.135254e+03
2972	-1.124590e+03
2973	-1.142333e+03
2974	-1.136361e+03
2975	-1.116349e+03
2976	-1.135391e+03
2977	-1.123605e+03
2978	-1.140119e+03
2979	-1.110051e+03
2980	-1.131252e+03
2981	-1.136345e+03
2982	-1.114699e+03
2983	-1.138380e+03
2984	-1.121370e+03
2985	-1.133149e+03
2986	-1.127234e+03
2987	-1.132954e+03
2988	-1.114370e+03
2989	-1.133911e+03
2990	-1.160490e+03
2991	-1.140657e+03
2992	-1.140338e+03
2993	-1.125941e+03
2994	-1.110705e+03
2995	-1.095676e+03
2996	-1.135406e+03
2997	-1.114326e+03
2998	-1.111047e+03
2999	-1.120998e+03
3000	-1.131345e+03
3001	-1.105861e+03
3002	-1.142416e+03
3003	-1.136331e+03
3004	-1.139576e+03
3005	-1.143994e+03
3006	-1.110821e+03
3007	-1.119815e+03
3008	-1.126760e+03
3009	-1.135645e+03
3010	-1.128046e+03
3011	-1.142496e+03
3012	-1.122834e+03
3013	-1.134660e+03
3014	-1.120683e+03
3015	-1.123554e+03
3016	-1.135934e+03
3017	-1.119826e+03
3018	-1.135124e+03
3019	-1.133465e+03
3020	-1.141254e+03
3021	-1.134762e+03
3022	-1.135544e+03
3023	-1.118784e+03
3024	-1.123653e+03
3025	-1.095746e+03
3026	-1.119731e+03
3027	-1.120930e+03
3028	-1.138071e+03
3029	-1.127079e+03
3030	-1.151379e+03
3031	-1.129918e+03
3032	-1.129721e+03
3033	-1.129724e+03
3034	-1.154334e+03
3035	-1.135717e+03
3036	-1.122137e+03
3037	-1.116959e+03
3038	-1.127928e+03
3039	-1.119632e+03
3040	-1.111228e+03
3041	-1.145753e+03
3042	-1.144323e+03
3043	-1.124928e+03
3044	-1.126347e+03
3045	-1.155450e+03
3046	-1.124269e+03
3047	-1.116282e+03
3048	-1.115110e+03
3049	-1.127344e+03
3050	-1.128323e+03
3051	-1.133788e+03
3052	-1.140073e+03
3053	-1.131323e+03
3054	-1.116866e+03
3055	-1.130453e+03
3056	-1.124695e+03
3057	-1.131750e+03
3058	-1.123405e+03
3059	-1.132260e+03
3060	-1.121632e+03
3061	-1.156026e+03
3062	-1.122588e+03
3063	-1.117603e+03
3064	-1.126881e+03
3065	-1.123678e+03
3066	-1.131653e+03
3067	-1.120228e+03
3068	-1.129116e+03
3069	-1.151488e+03
3070	-1.123537e+03
3071	-1.123473e+03
3072	-1.132735e+03
3073	-1.129916e+03
3074	-1.133918e+03
3075	-1.133596e+03
3076	-1.113246e+03
3077	-1.115780e+03
3078	-1.121598e+03
3079	-1.116136e+03
3080	-1.136343e+03
3081	-1.116220e+03
3082	-1.146313e+03
3083	-1.146445e+03
3084	-1.138259e+03
3085	-1.136007e+03
3086	-1.114806e+03
3087	-1.140034e+03
3088	-1.123083e+03
3089	-1.125896e+03
3090	-1.087339e+03
3091	-1.120796e+03
3092	-1.115229e+03
3093	-1.143950e+03
3094	-1.130645e+03
3095	-1.128721e+03
3096	-1.120184e+03
3097	-1.125990e+03
3098	-1.115952e+03
3099	-1.138260e+03
3100	-1.114255e+03
3101	-1.123544e+03
3102	-1.136485e+03
3103	-1.109905e+03
3104	-1.141244e+03
3105	-1.137434e+03
3106	-1.120791e+03
3107	-1.125996e+03
3108	-1.135187e+03
3109	-1.132653e+03
3110	-1.126470e+03
3111	-1.111374e+03
3112	-1.145593e+03
3113	-1.119409e+03
3114	-1.121760e+03
3115	-1.133176e+03
3116	-1.126305e+03
3117	-1.122156e+03
3118	-1.119587e+03
3119	-1.127985e+03
3120	-1.126644e+03
3121	-1.126008e+03
3122	-1.135989e+03
3123	-1.134153e+03
3124	-1.118890e+03
3125	-1.149689e+03
3126	-1.135445e+03
3127	-1.128298e+03
3128	-1.136857e+03
3129	-1.131706e+03
3130	-1.139034e+03
3131	-1.130525e+03
3132	-1.121519e+03
3133	-1.148694e+03
3134	-1.111357e+03
3135	-1.138798e+03
3136	-1.124066e+03
3137	-1.133494e+03
3138	-1.131509e+03
3139	-1.135601e+03
3140	-1.134663e+03
3141	-1.139239e+03
3142	-1.143401e+03
3143	-1.137890e+03
3144	-1.141810e+03
3145	-1.115098e+03
3146	-1.139761e+03
3147	-1.147336e+03
3148	-1.126015e+03
3149	-1.136288e+03
3150	-1.125376e+03
3151	-1.118856e+03
3152	-1.118924e+03
3153	-1.137842e+03
3154	-1.118661e+03
3155	-1.127094e+03
3156	-1.124715e+03
3157	-1.111791e+03
3158	-1.120098e+03
3159	-1.112618e+03
3160	-1.123868e+03
3161	-1.131963e+03
3162	-1.120912e+03
3163	-1.107678e+03
3164	-1.125072e+03
3165	-1.127253e+03
3166	-1.136534e+03
3167	-1.137324e+03
3168	-1.106318e+03
3169	-1.093452e+03
3170	-1.131434e+03
3171	-1.120932e+03
3172	-1.129348e+03
3173	-1.120328e+03
3174	-1.130095e+03
3175	-1.143559e+03
3176	-1.135540e+03
3177	-1.147684e+03
3178	-1.124186e+03
3179	-1.137556e+03
3180	-1.141064e+03
3181	-1.134464e+03
3182	-1.112083e+03
3183	-1.137150e+03
3184	-1.128524e+03
3185	-1.126451e+03
3186	-1.119333e+03
3187	-1.159214e+03
3188	-1.133660e+03
3189	-1.140899e+03
3190	-1.122004e+03
3191	-1.130461e+03
3192	-1.134626e+03
3193	-1.134146e+03
3194	-1.140843e+03
3195	-1.134955e+03
3196	-1.117360e+03
3197	-1.116025e+03
3198	-1.126073e+03
3199	-1.128741e+03
3200	-1.126041e+03
3201	-1.120407e+03
3202	-1.126563e+03
3203	-1.132763e+03
3204	-1.139086e+03
3205	-1.125090e+03
3206	-1.149390e+03
3207	-1.149909e+03
3208	-1.148223e+03
3209	-1.135564e+03
3210	-1.115410e+03
3211	-1.129534e+03
3212	-1.127562e+03
3213	-1.114171e+03
3214	-1.151615e+03
3215	-1.139787e+03
3216	-1.127105e+03
3217	-1.110428e+03
3218	-1.144521e+03
3219	-1.121592e+03
3220	-1.124638e+03
3221	-1.127421e+03
3222	-1.123720e+03
3223	-1.131081e+03
3224	-1.134516e+03
3225	-1.129460e+03
3226	-1.121283e+03
3227	-1.138154e+03
3228	-1.121266e+03
3229	-1.105803e+03
3230	-1.130146e+03
3231	-1.124220e+03
3232	-1.118365e+03
3233	-1.135407e+03
3234	-1.147865e+03
3235	-1.132921e+03
3236	-1.123383e+03
3237	-1.119998e+03
3238	-1.129880e+03
3239	-1.122586e+03
3240	-1.117465e+03
3241	-1.148835e+03
3242	-1.126844e+03
3243	-1.119248e+03
3244	-1.120591e+03
3245	-1.126256e+03
3246	-1.124194e+03
3247	-1.131269e+03
3248	-1.125565e+03
3249	-1.146434e+03
3250	-1.111023e+03
3251	-1.138409e+03
3252	-1.121152e+03
3253	-1.140727e+03
3254	-1.143430e+03
3255	-1.123952e+03
3256	-1.130213e+03
3257	-1.127927e+03
3258	-1.129097e+03
3259	-1.130136e+03
3260	-1.138272e+03
3261	-1.124665e+03
3262	-1.135404e+03
3263	-1.131408e+03
3264	-1.121502e+03
3265	-1.135932e+03
3266	-1.124637e+03
3267	-1.123037e+03
3268	-1.125169e+03
3269	-1.142317e+03
3270	-1.126902e+03
3271	-1.123668e+03
3272	-1.136112e+03
3273	-1.111382e+03
3274	-1.114204e+03
3275	-1.138433e+03
3276	-1.129958e+03
3277	-1.138464e+03
3278	-1.121723e+03
3279	-1.130394e+03
3280	-1.155886e+03
3281	-1.110275e+03
3282	-1.127490e+03
3283	-1.157255e+03
3284	-1.105719e+03
3285	-1.131481e+03
3286	-1.121485e+03
3287	-1.152944e+03
3288	-1.125999e+03
3289	-1.139771e+03
3290	-1.130022e+03
3291	-1.136833e+03
3292	-1.137403e+03
3293	-1.139853e+03
3294	-1.114492e+03
3295	-1.157032e+03
3296	-1.130805e+03
3297	-1.142031e+03
3298	-1.120742e+03
3299	-1.123742e+03
3300	-1.145366e+03
3301	-1.141333e+03
3302	-1.133214e+03
3303	-1.135442e+03
3304	-1.125299e+03
3305	-1.118846e+03
3306	-1.135413e+03
3307	-1.129394e+03
3308	-1.125574e+03
3309	-1.124279e+03
3310	-1.124875e+03
3311	-1.117206e+03
3312	-1.128248e+03
3313	-1.130713e+03
3314	-1.109089e+03
3315	-1.127340e+03
3316	-1.132159e+03
3317	-1.136840e+03
3318	-1.120119e+03
3319	-1.139429e+03
3320	-1.135288e+03
3321	-1.111568e+03
3322	-1.142654e+03
3323	-1.132718e+03
3324	-1.129484e+03
3325	-1.133104e+03
3326	-1.129654e+03
3327	-1.125635e+03
3328	-1.152154e+03
3329	-1.121342e+03
3330	-1.131922e+03
3331	-1.155410e+03
3332	-1.114434e+03
3333	-1.138152e+03
3334	-1.138801e+03
3335	-1.120815e+03
3336	-1.127292e+03
3337	-1.133750e+03
3338	-1.115326e+03
3339	-1.114196e+03
3340	-1.146755e+03
3341	-1.129108e+03
3342	-1.134188e+03
3343	-1.132203e+03
3344	-1.139219e+03
3345	-1.126509e+03
3346	-1.155747e+03
3347	-1.132868e+03
3348	-1.126211e+03
3349	-1.129713e+03
3350	-1.128786e+03
3351	-1.131634e+03
3352	-1.150878e+03
3353	-1.125392e+03
3354	-1.132530e+03
3355	-1.120268e+03
3356	-1.120635e+03
3357	-1.126746e+03
3358	-1.135567e+03
3359	-1.128981e+03
3360	-1.115781e+03
3361	-1.113145e+03
3362	-1.119990e+03
3363	-1.118517e+03
3364	-1.125467e+03
3365	-1.135231e+03
3366	-1.127573e+03
3367	-1.145009e+03
3368	-1.120668e+03
3369	-1.150071e+03
3370	-1.133233e+03
3371	-1.128120e+03
3372	-1.131258e+03
3373	-1.135050e+03
3374	-1.115789e+03
3375	-1.132270e+03
3376	-1.127875e+03
3377	-1.128802e+03
3378	-1.123755e+03
3379	-1.118998e+03
3380	-1.139565e+03
3381	-1.123738e+03
3382	-1.119824e+03
3383	-1.126611e+03
3384	-1.141904e+03
3385	-1.109283e+03
3386	-1.126061e+03
3387	-1.118233e+03
3388	-1.140679e+03
3389	-1.141707e+03
3390	-1.133724e+03
3391	-1.120495e+03
3392	-1.133862e+03
3393	-1.132368e+03
3394	-1.130993e+03
3395	-1.127532e+03
3396	-1.119733e+03
3397	-1.128849e+03
3398	-1.132795e+03
3399	-1.134120e+03
3400	-1.136415e+03
3401	-1.153079e+03
3402	-1.134278e+03
3403	-1.119196e+03
3404	-1.118563e+03
3405	-1.142406e+03
3406	-1.123499e+03
3407	-1.142525e+03
3408	-1.139649e+03
3409	-1.139336e+03
3410	-1.107584e+03
3411	-1.127065e+03
3412	-1.137897e+03
3413	-1.113506e+03
3414	-1.112256e+03
3415	-1.120963e+03
3416	-1.114912e+03
3417	-1.131373e+03
3418	-1.113659e+03
3419	-1.134314e+03
3420	-1.123742e+03
3421	-1.110338e+03
3422	-1.131460e+03
3423	-1.132570e+03
3424	-1.139611e+03
3425	-1.126532e+03
3426	-1.111812e+03
3427	-1.124622e+03
3428	-1.126272e+03
3429	-1.137571e+03
3430	-1.128329e+03
3431	-1.120432e+03
3432	-1.137876e+03
3433	-1.124194e+03
3434	-1.130110e+03
3435	-1.120210e+03
3436	-1.106344e+03
3437	-1.139012e+03
3438	-1.126953e+03
3439	-1.131628e+03
3440	-1.124818e+03
3441	-1.145143e+03
3442	-1.137140e+03
3443	-1.129433e+03
3444	-1.101313e+03
3445	-1.126111e+03
3446	-1.108345e+03
3447	-1.149002e+03
3448	-1.118433e+03
3449	-1.136247e+03
3450	-1.109462e+03
3451	-1.130488e+03
3452	-1.143895e+03
3453	-1.132174e+03
3454	-1.114474e+03
3455	-1.127249e+03
3456	-1.130022e+03
3457	-1.130205e+03
3458	-1.121295e+03
3459	-1.147606e+03
3460	-1.134205e+03
3461	-1.119790e+03
3462	-1.130496e+03
3463	-1.126179e+03
3464	-1.128195e+03
3465	-1.130451e+03
3466	-1.117413e+03
3467	-1.133850e+03
3468	-1.110247e+03
3469	-1.123157e+03
3470	-1.113971e+03
3471	-1.126804e+03
3472	-1.123918e+03
3473	-1.137358e+03
3474	-1.113874e+03
3475	-1.138108e+03
3476	-1.117306e+03
3477	-1.130117e+03
3478	-1.143548e+03
3479	-1.138989e+03
3480	-1.130143e+03
3481	-1.129886e+03
3482	-1.137451e+03
3483	-1.122760e+03
3484	-1.129692e+03
3485	-1.119610e+03
3486	-1.121333e+03
3487	-1.124687e+03
3488	-1.110851e+03
3489	-1.133310e+03
3490	-1.137924e+03
3491	-1.128826e+03
3492	-1.107275e+03
3493	-1.136386e+03
3494	-1.115315e+03
3495	-1.126832e+03
3496	-1.143582e+03
3497	-1.136210e+03
3498	-1.119036e+03
3499	-1.110120e+03
3500	-1.126387e+03
3501	-1.125685e+03
3502	-1.144083e+03
3503	-1.124594e+03
3504	-1.141872e+03
3505	-1.131286e+03
3506	-1.126023e+03
3507	-1.128448e+03
3508	-1.108499e+03
3509	-1.126056e+03
3510	-1.108023e+03
3511	-1.137277e+03
3512	-1.130605e+03
3513	-1.133065e+03
3514	-1.139903e+03
3515	-1.131153e+03
3516	-1.142350e+03
3517	-1.144126e+03
3518	-1.128306e+03
3519	-1.139092e+03
3520	-1.126042e+03
3521	-1.139186e+03
3522	-1.136976e+03
3523	-1.128192e+03
3524	-1.134501e+03
3525	-1.109505e+03
3526	-1.128598e+03
3527	-1.128518e+03
3528	-1.132501e+03
3529	-1.131717e+03
3530	-1.146840e+03
3531	-1.104494e+03
3532	-1.138836e+03
3533	-1.132390e+03
3534	-1.117502e+03
3535	-1.126448e+03
3536	-1.129182e+03
3537	-1.100005e+03
3538	-1.129716e+03
3539	-1.123311e+03
3540	-1.125046e+03
3541	-1.120505e+03
3542	-1.126363e+03
3543	-1.136298e+03
3544	-1.125087e+03
3545	-1.126830e+03
3546	-1.125048e+03
3547	-1.148492e+03
3548	-1.137382e+03
3549	-1.134619e+03
3550	-1.148606e+03
3551	-1.133826e+03
3552	-1.122911e+03
3553	-1.120980e+03
3554	-1.126428e+03
3555	-1.122685e+03
3556	-1.131160e+03
3557	-1.120569e+03
3558	-1.107062e+03
3559	-1.107996e+03
3560	-1.131521e+03
3561	-1.135035e+03
3562	-1.128935e+03
3563	-1.128812e+03
3564	-1.129774e+03
3565	-1.114118e+03
3566	-1.124401e+03
3567	-1.139312e+03
3568	-1.134174e+03
3569	-1.119012e+03
3570	-1.120423e+03
3571	-1.120211e+03
3572	-1.133719e+03
3573	-1.140871e+03
3574	-1.127779e+03
3575	-1.120063e+03
3576	-1.145762e+03
3577	-1.129852e+03
3578	-1.110058e+03
3579	-1.129474e+03
3580	-1.135035e+03
3581	-1.148677e+03
3582	-1.136584e+03
3583	-1.136970e+03
3584	-1.145336e+03
3585	-1.106358e+03
3586	-1.122018e+03
3587	-1.121345e+03
3588	-1.128802e+03
3589	-1.109808e+03
3590	-1.140807e+03
3591	-1.142376e+03
3592	-1.132355e+03
3593	-1.137048e+03
3594	-1.118998e+03
3595	-1.135924e+03
3596	-1.130942e+03
3597	-1.125396e+03
3598	-1.127279e+03
3599	-1.115438e+03
3600	-1.131811e+03
3601	-1.135958e+03
3602	-1.113262e+03
3603	-1.135853e+03
3604	-1.131439e+03
3605	-1.146784e+03
3606	-1.128479e+03
3607	-1.146069e+03
3608	-1.144308e+03
3609	-1.135356e+03
3610	-1.143949e+03
3611	-1.140241e+03
3612	-1.120601e+03
3613	-1.143967e+03
3614	-1.110278e+03
3615	-1.102359e+03
3616	-1.134202e+03
3617	-1.122437e+03
3618	-1.139109e+03
3619	-1.129875e+03
3620	-1.129364e+03
3621	-1.147724e+03
3622	-1.144438e+03
3623	-1.134050e+03
3624	-1.124601e+03
3625	-1.148406e+03
3626	-1.123926e+03
3627	-1.111959e+03
3628	-1.124492e+03
3629	-1.131838e+03
3630	-1.145004e+03
3631	-1.113709e+03
3632	-1.137725e+03
3633	-1.128348e+03
3634	-1.125068e+03
3635	-1.130256e+03
3636	-1.131106e+03
3637	-1.129265e+03
3638	-1.143923e+03
3639	-1.149919e+03
3640	-1.121999e+03
3641	-1.126898e+03
3642	-1.120945e+03
3643	-1.130131e+03
3644	-1.147677e+03
3645	-1.119530e+03
3646	-1.131418e+03
3647	-1.125514e+03
3648	-1.128045e+03
3649	-1.122666e+03
3650	-1.127172e+03
3651	-1.140149e+03
3652	-1.137887e+03
3653	-1.123804e+03
3654	-1.127691e+03
3655	-1.100125e+03
3656	-1.126603e+03
3657	-1.151988e+03
3658	-1.140524e+03
3659	-1.126951e+03
3660	-1.136380e+03
3661	-1.122335e+03
3662	-1.134513e+03
3663	-1.129208e+03
3664	-1.126223e+03
3665	-1.113661e+03
3666	-1.112054e+03
3667	-1.114036e+03
3668	-1.139420e+03
3669	-1.134127e+03
3670	-1.154171e+03
3671	-1.117994e+03
3672	-1.155227e+03
3673	-1.116438e+03
3674	-1.129874e+03
3675	-1.145936e+03
3676	-1.136969e+03
3677	-1.139957e+03
3678	-1.139032e+03
3679	-1.127960e+03
3680	-1.118873e+03
3681	-1.123724e+03
3682	-1.135299e+03
3683	-1.119093e+03
3684	-1.117563e+03
3685	-1.132684e+03
3686	-1.129704e+03
3687	-1.145728e+03
3688	-1.136191e+03
3689	-1.128174e+03
3690	-1.132247e+03
3691	-1.138244e+03
3692	-1.106529e+03
3693	-1.130068e+03
3694	-1.107055e+03
3695	-1.124246e+03
3696	-1.124446e+03
3697	-1.112755e+03
3698	-1.131340e+03
3699	-1.122651e+03
3700	-1.165618e+03
3701	-1.149530e+03
3702	-1.142784e+03
3703	-1.138875e+03
3704	-1.127687e+03
3705	-1.132602e+03
3706	-1.114659e+03
3707	-1.132024e+03
3708	-1.123817e+03
3709	-1.110905e+03
3710	-1.129247e+03
3711	-1.131455e+03
3712	-1.135282e+03
3713	-1.136960e+03
3714	-1.130792e+03
3715	-1.137738e+03
3716	-1.110322e+03
3717	-1.139184e+03
3718	-1.121363e+03
3719	-1.104102e+03
3720	-1.140610e+03
3721	-1.116106e+03
3722	-1.131574e+03
3723	-1.136061e+03
3724	-1.112779e+03
3725	-1.147087e+03
3726	-1.131429e+03
3727	-1.130757e+03
3728	-1.133041e+03
3729	-1.141214e+03
3730	-1.129573e+03
3731	-1.112568e+03
3732	-1.139107e+03
3733	-1.120061e+03
3734	-1.112836e+03
3735	-1.126910e+03
3736	-1.119289e+03
3737	-1.117577e+03
3738	-1.138858e+03
3739	-1.125601e+03
3740	-1.138495e+03
3741	-1.146525e+03
3742	-1.114475e+03
3743	-1.117467e+03
3744	-1.134667e+03
3745	-1.142940e+03
3746	-1.128935e+03
3747	-1.152993e+03
3748	-1.132881e+03
3749	-1.112338e+03
3750	-1.133815e+03
3751	-1.118274e+03
3752	-1.146224e+03
3753	-1.132553e+03
3754	-1.116044e+03
3755	-1.131084e+03
3756	-1.123208e+03
3757	-1.108314e+03
3758	-1.157061e+03
3759	-1.122363e+03
3760	-1.115270e+03
3761	-1.114622e+03
3762	-1.145762e+03
3763	-1.128720e+03
3764	-1.131772e+03
3765	-1.124465e+03
3766	-1.118300e+03
3767	-1.124149e+03
3768	-1.146019e+03
3769	-1.128531e+03
3770	-1.135253e+03
3771	-1.127468e+03
3772	-1.139395e+03
3773	-1.125963e+03
3774	-1.129147e+03
3775	-1.138592e+03
3776	-1.119995e+03
3777	-1.132902e+03
3778	-1.124838e+03
3779	-1.104683e+03
3780	-1.122207e+03
3781	-1.132863e+03
3782	-1.120802e+03
3783	-1.126662e+03
3784	-1.133395e+03
3785	-1.145781e+03
3786	-1.128520e+03
3787	-1.125327e+03
3788	-1.130067e+03
3789	-1.137892e+03
3790	-1.113694e+03
3791	-1.120625e+03
3792	-1.141125e+03
3793	-1.132123e+03
3794	-1.143067e+03
3795	-1.129106e+03
3796	-1.141357e+03
3797	-1.131389e+03
3798	-1.134754e+03
3799	-1.127567e+03
3800	-1.113481e+03
3801	-1.133023e+03
3802	-1.114026e+03
3803	-1.136134e+03
3804	-1.130470e+03
3805	-1.123299e+03
3806	-1.120687e+03
3807	-1.131326e+03
3808	-1.138810e+03
3809	-1.124565e+03
3810	-1.121229e+03
3811	-1.127092e+03
3812	-1.125016e+03
3813	-1.116400e+03
3814	-1.130810e+03
3815	-1.151558e+03
3816	-1.146565e+03
3817	-1.127637e+03
3818	-1.124423e+03
3819	-1.132098e+03
3820	-1.146370e+03
3821	-1.132437e+03
3822	-1.140846e+03
3823	-1.127946e+03
3824	-1.141346e+03
3825	-1.136841e+03
3826	-1.125983e+03
3827	-1.144198e+03
3828	-1.093191e+03
3829	-1.136625e+03
3830	-1.139089e+03
3831	-1.131370e+03
3832	-1.111683e+03
3833	-1.130326e+03
3834	-1.120850e+03
3835	-1.126134e+03
3836	-1.123539e+03
3837	-1.135477e+03
3838	-1.139294e+03
3839	-1.127875e+03
3840	-1.132639e+03
3841	-1.135419e+03
3842	-1.130381e+03
3843	-1.125565e+03
3844	-1.112861e+03
3845	-1.135573e+03
3846	-1.120910e+03
3847	-1.148492e+03
3848	-1.126493e+03
3849	-1.140590e+03
3850	-1.129008e+03
3851	-1.142727e+03
3852	-1.134909e+03
3853	-1.119375e+03
3854	-1.128211e+03
3855	-1.130295e+03
3856	-1.115339e+03
3857	-1.113459e+03
3858	-1.099616e+03
3859	-1.115929e+03
3860	-1.138719e+03
3861	-1.131702e+03
3862	-1.128790e+03
3863	-1.125240e+03
3864	-1.126296e+03
3865	-1.139297e+03
3866	-1.134071e+03
3867	-1.129674e+03
3868	-1.140893e+03
3869	-1.124381e+03
3870	-1.114759e+03
3871	-1.125783e+03
3872	-1.121905e+03
3873	-1.134746e+03
3874	-1.121904e+03
3875	-1.126088e+03
3876	-1.153146e+03
3877	-1.135282e+03
3878	-1.129814e+03
3879	-1.150672e+03
3880	-1.136370e+03
3881	-1.120087e+03
3882	-1.140211e+03
3883	-1.135515e+03
3884	-1.143863e+03
3885	-1.112759e+03
3886	-1.128896e+03
3887	-1.160191e+03
3888	-1.129323e+03
3889	-1.130223e+03
3890	-1.123947e+03
3891	-1.113084e+03
3892	-1.125095e+03
3893	-1.108750e+03
3894	-1.113626e+03
3895	-1.126306e+03
3896	-1.141673e+03
3897	-1.141707e+03
3898	-1.117743e+03
3899	-1.106218e+03
3900	-1.132374e+03
3901	-1.143535e+03
3902	-1.118642e+03
3903	-1.132011e+03
3904	-1.127354e+03
3905	-1.111929e+03
3906	-1.139799e+03
3907	-1.140760e+03
3908	-1.143842e+03
3909	-1.111635e+03
3910	-1.124195e+03
3911	-1.131407e+03
3912	-1.113424e+03
3913	-1.122071e+03
3914	-1.114849e+03
3915	-1.131799e+03
3916	-1.147683e+03
3917	-1.119492e+03
3918	-1.128622e+03
3919	-1.119339e+03
3920	-1.121742e+03
3921	-1.116729e+03
3922	-1.113340e+03
3923	-1.141801e+03
3924	-1.114863e+03
3925	-1.137837e+03
3926	-1.102564e+03
3927	-1.149227e+03
3928	-1.103543e+03
3929	-1.125654e+03
3930	-1.136581e+03
3931	-1.142318e+03
3932	-1.139130e+03
3933	-1.126480e+03
3934	-1.133788e+03
3935	-1.126366e+03
3936	-1.129020e+03
3937	-1.135564e+03
3938	-1.117172e+03
3939	-1.130180e+03
3940	-1.124602e+03
3941	-1.156578e+03
3942	-1.121865e+03
3943	-1.128984e+03
3944	-1.122177e+03
3945	-1.135337e+03
3946	-1.122600e+03
3947	-1.140164e+03
3948	-1.132722e+03
3949	-1.143133e+03
3950	-1.129828e+03
3951	-1.134566e+03
3952	-1.129711e+03
3953	-1.139397e+03
3954	-1.116066e+03
3955	-1.107871e+03
3956	-1.128434e+03
3957	-1.110851e+03
3958	-1.133985e+03
3959	-1.114910e+03
3960	-1.114063e+03
3961	-1.121236e+03
3962	-1.131187e+03
3963	-1.144110e+03
3964	-1.116943e+03
3965	-1.135602e+03
3966	-1.126681e+03
3967	-1.124229e+03
3968	-1.133794e+03
3969	-1.139975e+03
3970	-1.128751e+03
3971	-1.139755e+03
3972	-1.129483e+03
3973	-1.157385e+03
3974	-1.137069e+03
3975	-1.106335e+03
3976	-1.135033e+03
3977	-1.133498e+03
3978	-1.119822e+03
3979	-1.122046e+03
3980	-1.137513e+03
3981	-1.132402e+03
3982	-1.135138e+03
3983	-1.122991e+03
3984	-1.129773e+03
3985	-1.137599e+03
3986	-1.129260e+03
3987	-1.144963e+03
3988	-1.118864e+03
3989	-1.131491e+03
3990	-1.127836e+03
3991	-1.130825e+03
3992	-1.154363e+03
3993	-1.123688e+03
3994	-1.125525e+03
3995	-1.137285e+03
3996	-1.143364e+03
3997	-1.122165e+03
3998	-1.123258e+03
3999	-1.116812e+03
4000	-1.124163e+03
4001	-1.134532e+03
4002	-1.126686e+03
4003	-1.122823e+03
4004	-1.128589e+03
4005	-1.131701e+03
4006	-1.119066e+03
4007	-1.146380e+03
4008	-1.120659e+03
4009	-1.139089e+03
4010	-1.143652e+03
4011	-1.132972e+03
4012	-1.119588e+03
4013	-1.139180e+03
4014	-1.125198e+03
4015	-1.138528e+03
4016	-1.117372e+03
4017	-1.132566e+03
4018	-1.126522e+03
4019	-1.123742e+03
4020	-1.136356e+03
4021	-1.142362e+03
4022	-1.131336e+03
4023	-1.144957e+03
4024	-1.140905e+03
4025	-1.116785e+03
4026	-1.142782e+03
4027	-1.115804e+03
4028	-1.144897e+03
4029	-1.128965e+03
4030	-1.128191e+03
4031	-1.132863e+03
4032	-1.152030e+03
4033	-1.106733e+03
4034	-1.124118e+03
4035	-1.144287e+03
4036	-1.130366e+03
4037	-1.099523e+03
4038	-1.117171e+03
4039	-1.142681e+03
4040	-1.143320e+03
4041	-1.128805e+03
4042	-1.130999e+03
4043	-1.115954e+03
4044	-1.116689e+03
4045	-1.111514e+03
4046	-1.135546e+03
4047	-1.117921e+03
4048	-1.132444e+03
4049	-1.135027e+03
4050	-1.133143e+03
4051	-1.123642e+03
4052	-1.116445e+03
4053	-1.119112e+03
4054	-1.135414e+03
4055	-1.135953e+03
4056	-1.114534e+03
4057	-1.128214e+03
4058	-1.120263e+03
4059	-1.115971e+03
4060	-1.141022e+03
4061	-1.136639e+03
4062	-1.117025e+03
4063	-1.119232e+03
4064	-1.122382e+03
4065	-1.157670e+03
4066	-1.130503e+03
4067	-1.114638e+03
4068	-1.124760e+03
4069	-1.116084e+03
4070	-1.114990e+03
4071	-1.128279e+03
4072	-1.137833e+03
4073	-1.133244e+03
4074	-1.124895e+03
4075	-1.125907e+03
4076	-1.126675e+03
4077	-1.139236e+03
4078	-1.139641e+03
4079	-1.126857e+03
4080	-1.122284e+03
4081	-1.127227e+03
4082	-1.130259e+03
4083	-1.118179e+03
4084	-1.116693e+03
4085	-1.122322e+03
4086	-1.133792e+03
4087	-1.120062e+03
4088	-1.131724e+03
4089	-1.137652e+03
4090	-1.135204e+03
4091	-1.140726e+03
4092	-1.135699e+03
4093	-1.119832e+03
4094	-1.135152e+03
4095	-1.121767e+03
4096	-1.146302e+03
4097	-1.135199e+03
4098	-1.128085e+03
4099	-1.139915e+03
4100	-1.150882e+03
4101	-1.133406e+03
4102	-1.132917e+03
4103	-1.121086e+03
4104	-1.110177e+03
4105	-1.125163e+03
4106	-1.118066e+03
4107	-1.133925e+03
4108	-1.136867e+03
4109	-1.128749e+03
4110	-1.117891e+03
4111	-1.152078e+03
4112	-1.128805e+03
4113	-1.130273e+03
4114	-1.127480e+03
4115	-1.159550e+03
4116	-1.143370e+03
4117	-1.144433e+03
4118	-1.145453e+03
4119	-1.114224e+03
4120	-1.127709e+03
4121	-1.123886e+03
4122	-1.129062e+03
4123	-1.140314e+03
4124	-1.144684e+03
4125	-1.099750e+03
4126	-1.105394e+03
4127	-1.123347e+03
4128	-1.144096e+03
4129	-1.124479e+03
4130	-1.137727e+03
4131	-1.143635e+03
4132	-1.125352e+03
4133	-1.127648e+03
4134	-1.120428e+03
4135	-1.125526e+03
4136	-1.115845e+03
4137	-1.145285e+03
4138	-1.134854e+03
4139	-1.122375e+03
4140	-1.149008e+03
4141	-1.144981e+03
4142	-1.129822e+03
4143	-1.115236e+03
4144	-1.138190e+03
4145	-1.116429e+03
4146	-1.141958e+03
4147	-1.143372e+03
4148	-1.121100e+03
4149	-1.136878e+03
4150	-1.105451e+03
4151	-1.136911e+03
4152	-1.158009e+03
4153	-1.136133e+03
4154	-1.138209e+03
4155	-1.120993e+03
4156	-1.123630e+03
4157	-1.108487e+03
4158	-1.125649e+03
4159	-1.134583e+03
4160	-1.133539e+03
4161	-1.130789e+03
4162	-1.126300e+03
4163	-1.111020e+03
4164	-1.112230e+03
4165	-1.131798e+03
4166	-1.125935e+03
4167	-1.146153e+03
4168	-1.117008e+03
4169	-1.139823e+03
4170	-1.115177e+03
4171	-1.127805e+03
4172	-1.116804e+03
4173	-1.109087e+03
4174	-1.135594e+03
4175	-1.129521e+03
4176	-1.134852e+03
4177	-1.117670e+03
4178	-1.139584e+03
4179	-1.140459e+03
4180	-1.144599e+03
4181	-1.137526e+03
4182	-1.108929e+03
4183	-1.132721e+03
4184	-1.121325e+03
4185	-1.126006e+03
4186	-1.130388e+03
4187	-1.126343e+03
4188	-1.109741e+03
4189	-1.129176e+03
4190	-1.112746e+03
4191	-1.145046e+03
4192	-1.139274e+03
4193	-1.137799e+03
4194	-1.130799e+03
4195	-1.123140e+03
4196	-1.132127e+03
4197	-1.135367e+03
4198	-1.156224e+03
4199	-1.124723e+03
4200	-1.132571e+03
4201	-1.117436e+03
4202	-1.110208e+03
4203	-1.115844e+03
4204	-1.141637e+03
4205	-1.123077e+03
4206	-1.116089e+03
4207	-1.146124e+03
4208	-1.132646e+03
4209	-1.118482e+03
4210	-1.144896e+03
4211	-1.100970e+03
4212	-1.125230e+03
4213	-1.130762e+03
4214	-1.110941e+03
4215	-1.137486e+03
4216	-1.128368e+03
4217	-1.153323e+03
4218	-1.124485e+03
4219	-1.118982e+03
4220	-1.138711e+03
4221	-1.110601e+03
4222	-1.140955e+03
4223	-1.134701e+03
4224	-1.127755e+03
4225	-1.133890e+03
4226	-1.133511e+03
4227	-1.128073e+03
4228	-1.138865e+03
4229	-1.111101e+03
4230	-1.114373e+03
4231	-1.137516e+03
4232	-1.146662e+03
4233	-1.122164e+03
4234	-1.131301e+03
4235	-1.125797e+03
4236	-1.122757e+03
4237	-1.127858e+03
4238	-1.160468e+03
4239	-1.133020e+03
4240	-1.143892e+03
4241	-1.123208e+03
4242	-1.127503e+03
4243	-1.128009e+03
4244	-1.141536e+03
4245	-1.137273e+03
4246	-1.117765e+03
4247	-1.144170e+03
4248	-1.126395e+03
4249	-1.123372e+03
4250	-1.138548e+03
4251	-1.114784e+03
4252	-1.155126e+03
4253	-1.101605e+03
4254	-1.113374e+03
4255	-1.157321e+03
4256	-1.124309e+03
4257	-1.112059e+03
4258	-1.125212e+03
4259	-1.142920e+03
4260	-1.107350e+03
4261	-1.146970e+03
4262	-1.115918e+03
4263	-1.113236e+03
4264	-1.146510e+03
4265	-1.148592e+03
4266	-1.159224e+03
4267	-1.136276e+03
4268	-1.156131e+03
4269	-1.122593e+03
4270	-1.127406e+03
4271	-1.129828e+03
4272	-1.107818e+03
4273	-1.113969e+03
4274	-1.126028e+03
4275	-1.115228e+03
4276	-1.119342e+03
4277	-1.124452e+03
4278	-1.124788e+03
4279	-1.145495e+03
4280	-1.104769e+03
4281	-1.122304e+03
4282	-1.126640e+03
4283	-1.126164e+03
4284	-1.143911e+03
4285	-1.145159e+03
4286	-1.113323e+03
4287	-1.123261e+03
4288	-1.142115e+03
4289	-1.142361e+03
4290	-1.121556e+03
4291	-1.142154e+03
4292	-1.112380e+03
4293	-1.114606e+03
4294	-1.129330e+03
4295	-1.133540e+03
4296	-1.133649e+03
4297	-1.119950e+03
4298	-1.122079e+03
4299	-1.129177e+03
4300	-1.126528e+03
4301	-1.102729e+03
4302	-1.127560e+03
4303	-1.112154e+03
4304	-1.119261e+03
4305	-1.116322e+03
4306	-1.122421e+03
4307	-1.143481e+03
4308	-1.122639e+03
4309	-1.127832e+03
4310	-1.144010e+03
4311	-1.134181e+03
4312	-1.141002e+03
4313	-1.114217e+03
4314	-1.106483e+03
4315	-1.117718e+03
4316	-1.120789e+03
4317	-1.113104e+03
4318	-1.136007e+03
4319	-1.116755e+03
4320	-1.126414e+03
4321	-1.135124e+03
4322	-1.131558e+03
4323	-1.121685e+03
4324	-1.126566e+03
4325	-1.129281e+03
4326	-1.124013e+03
4327	-1.130646e+03
4328	-1.134394e+03
4329	-1.122955e+03
4330	-1.124491e+03
4331	-1.129221e+03
4332	-1.117142e+03
4333	-1.127146e+03
4334	-1.160998e+03
4335	-1.136055e+03
4336	-1.125035e+03
4337	-1.103900e+03
4338	-1.100887e+03
4339	-1.140896e+03
4340	-1.126149e+03
4341	-1.128619e+03
4342	-1.115043e+03
4343	-1.152310e+03
4344	-1.105455e+03
4345	-1.143356e+03
4346	-1.129823e+03
4347	-1.118444e+03
4348	-1.114973e+03
4349	-1.115267e+03
4350	-1.138054e+03
4351	-1.131625e+03
4352	-1.111558e+03
4353	-1.118365e+03
4354	-1.142947e+03
4355	-1.113317e+03
4356	-1.129273e+03
4357	-1.136668e+03
4358	-1.117996e+03
4359	-1.091161e+03
4360	-1.120120e+03
4361	-1.117676e+03
4362	-1.122847e+03
4363	-1.129082e+03
4364	-1.131299e+03
4365	-1.141397e+03
4366	-1.133251e+03
4367	-1.124050e+03
4368	-1.153963e+03
4369	-1.123720e+03
4370	-1.128346e+03
4371	-1.148988e+03
4372	-1.146305e+03
4373	-1.124139e+03
4374	-1.131457e+03
4375	-1.135184e+03
4376	-1.126766e+03
4377	-1.125612e+03
4378	-1.144371e+03
4379	-1.118664e+03
4380	-1.126140e+03
4381	-1.144793e+03
4382	-1.128096e+03
4383	-1.115359e+03
4384	-1.128013e+03
4385	-1.140157e+03
4386	-1.120553e+03
4387	-1.108181e+03
4388	-1.139982e+03
4389	-1.122331e+03
4390	-1.137682e+03
4391	-1.110421e+03
4392	-1.140450e+03
4393	-1.139696e+03
4394	-1.158934e+03
4395	-1.132256e+03
4396	-1.131327e+03
4397	-1.116479e+03
4398	-1.126719e+03
4399	-1.120513e+03
4400	-1.121067e+03
4401	-1.122113e+03
4402	-1.128340e+03
4403	-1.120711e+03
4404	-1.120896e+03
4405	-1.122090e+03
4406	-1.145948e+03
4407	-1.110377e+03
4408	-1.144546e+03
4409	-1.153238e+03
4410	-1.129942e+03
4411	-1.121122e+03
4412	-1.125316e+03
4413	-1.120052e+03
4414	-1.136821e+03
4415	-1.131983e+03
4416	-1.135322e+03
4417	-1.122121e+03
4418	-1.144280e+03
4419	-1.112387e+03
4420	-1.134432e+03
4421	-1.136375e+03
4422	-1.122298e+03
4423	-1.126832e+03
4424	-1.121369e+03
4425	-1.142529e+03
4426	-1.124268e+03
4427	-1.135521e+03
4428	-1.114081e+03
4429	-1.122740e+03
4430	-1.138504e+03
4431	-1.120557e+03
4432	-1.135785e+03
4433	-1.135455e+03
4434	-1.110365e+03
4435	-1.129480e+03
4436	-1.140757e+03
4437	-1.146231e+03
4438	-1.125715e+03
4439	-1.138419e+03
4440	-1.135306e+03
4441	-1.122252e+03
4442	-1.107674e+03
4443	-1.137433e+03
4444	-1.138544e+03
4445	-1.128915e+03
4446	-1.138161e+03
4447	-1.121579e+03
4448	-1.128689e+03
4449	-1.127483e+03
4450	-1.127117e+03
4451	-1.141317e+03
4452	-1.146989e+03
4453	-1.122012e+03
4454	-1.140519e+03
4455	-1.110230e+03
4456	-1.136413e+03
4457	-1.135583e+03
4458	-1.141863e+03
4459	-1.117620e+03
4460	-1.110045e+03
4461	-1.123285e+03
4462	-1.146277e+03
4463	-1.130326e+03
4464	-1.132468e+03
4465	-1.133071e+03
4466	-1.139675e+03
4467	-1.129893e+03
4468	-1.101132e+03
4469	-1.116456e+03
4470	-1.127517e+03
4471	-1.136589e+03
4472	-1.135823e+03
4473	-1.117225e+03
4474	-1.105811e+03
4475	-1.125906e+03
4476	-1.127551e+03
4477	-1.134337e+03
4478	-1.111955e+03
4479	-1.123766e+03
4480	-1.146433e+03
4481	-1.127714e+03
4482	-1.131327e+03
4483	-1.115194e+03
4484	-1.119706e+03
4485	-1.129792e+03
4486	-1.126849e+03
4487	-1.140841e+03
4488	-1.131899e+03
4489	-1.121762e+03
4490	-1.125901e+03
4491	-1.124797e+03
4492	-1.123043e+03
4493	-1.144411e+03
4494	-1.111297e+03
4495	-1.133017e+03
4496	-1.123991e+03
4497	-1.127033e+03
4498	-1.124228e+03
4499	-1.128219e+03
4500	-1.147361e+03
4501	-1.115569e+03
4502	-1.116727e+03
4503	-1.123227e+03
4504	-1.101998e+03
4505	-1.132309e+03
4506	-1.131321e+03
4507	-1.120436e+03
4508	-1.119305e+03
4509	-1.137881e+03
4510	-1.142930e+03
4511	-1.124949e+03
4512	-1.128984e+03
4513	-1.140280e+03
4514	-1.125205e+03
4515	-1.118119e+03
4516	-1.115429e+03
4517	-1.126508e+03
4518	-1.122593e+03
4519	-1.124150e+03
4520	-1.117170e+03
4521	-1.122777e+03
4522	-1.122392e+03
4523	-1.126453e+03
4524	-1.136250e+03
4525	-1.136205e+03
4526	-1.130974e+03
4527	-1.137317e+03
4528	-1.117400e+03
4529	-1.141231e+03
4530	-1.133501e+03
4531	-1.126469e+03
4532	-1.109388e+03
4533	-1.125095e+03
4534	-1.125023e+03
4535	-1.134264e+03
4536	-1.126656e+03
4537	-1.149754e+03
4538	-1.145732e+03
4539	-1.125687e+03
4540	-1.129593e+03
4541	-1.147020e+03
4542	-1.127228e+03
4543	-1.138958e+03
4544	-1.109078e+03
4545	-1.136775e+03
4546	-1.138756e+03
4547	-1.130424e+03
4548	-1.123759e+03
4549	-1.124187e+03
4550	-1.146683e+03
4551	-1.139905e+03
4552	-1.131099e+03
4553	-1.130599e+03
4554	-1.116773e+03
4555	-1.136027e+03
4556	-1.120177e+03
4557	-1.129649e+03
4558	-1.134056e+03
4559	-1.137333e+03
4560	-1.129048e+03
4561	-1.119907e+03
4562	-1.127732e+03
4563	-1.144582e+03
4564	-1.108976e+03
4565	-1.119815e+03
4566	-1.120064e+03
4567	-1.114412e+03
4568	-1.122316e+03
4569	-1.124936e+03
4570	-1.123971e+03
4571	-1.142824e+03
4572	-1.149035e+03
4573	-1.116764e+03
4574	-1.147669e+03
4575	-1.134170e+03
4576	-1.139782e+03
4577	-1.140988e+03
4578	-1.110325e+03
4579	-1.130167e+03
4580	-1.146296e+03
4581	-1.133445e+03
4582	-1.117041e+03
4583	-1.135031e+03
4584	-1.112572e+03
4585	-1.127498e+03
4586	-1.118056e+03
4587	-1.129478e+03
4588	-1.145432e+03
4589	-1.150814e+03
4590	-1.116799e+03
4591	-1.156117e+03
4592	-1.141887e+03
4593	-1.138664e+03
4594	-1.138565e+03
4595	-1.105661e+03
4596	-1.129948e+03
4597	-1.143321e+03
4598	-1.141608e+03
4599	-1.138000e+03
4600	-1.138977e+03
4601	-1.134328e+03
4602	-1.116146e+03
4603	-1.140672e+03
4604	-1.119714e+03
4605	-1.119333e+03
4606	-1.114751e+03
4607	-1.148483e+03
4608	-1.147002e+03
4609	-1.134008e+03
4610	-1.124710e+03
4611	-1.136573e+03
4612	-1.135112e+03
4613	-1.147846e+03
4614	-1.130170e+03
4615	-1.142489e+03
4616	-1.122291e+03
4617	-1.133532e+03
4618	-1.146521e+03
4619	-1.150436e+03
4620	-1.132301e+03
4621	-1.113638e+03
4622	-1.134195e+03
4623	-1.123802e+03
4624	-1.123151e+03
4625	-1.125711e+03
4626	-1.128721e+03
4627	-1.141616e+03
4628	-1.114650e+03
4629	-1.125785e+03
4630	-1.147304e+03
4631	-1.136502e+03
4632	-1.134693e+03
4633	-1.125337e+03
4634	-1.118011e+03
4635	-1.118574e+03
4636	-1.135445e+03
4637	-1.146545e+03
4638	-1.119445e+03
4639	-1.140143e+03
4640	-1.124874e+03
4641	-1.130850e+03
4642	-1.126320e+03
4643	-1.133710e+03
4644	-1.128009e+03
4645	-1.135581e+03
4646	-1.122800e+03
4647	-1.130320e+03
4648	-1.122940e+03
4649	-1.116679e+03
4650	-1.134332e+03
4651	-1.141623e+03
4652	-1.138829e+03
4653	-1.117229e+03
4654	-1.128238e+03
4655	-1.120344e+03
4656	-1.126554e+03
4657	-1.129522e+03
4658	-1.144863e+03
4659	-1.122084e+03
4660	-1.133846e+03
4661	-1.128001e+03
4662	-1.135439e+03
4663	-1.130977e+03
4664	-1.125196e+03
4665	-1.142603e+03
4666	-1.127045e+03
4667	-1.127315e+03
4668	-1.154353e+03
4669	-1.133382e+03
4670	-1.163023e+03
4671	-1.130027e+03
4672	-1.115987e+03
4673	-1.136651e+03
4674	-1.142396e+03
4675	-1.120393e+03
4676	-1.137378e+03
4677	-1.143704e+03
4678	-1.123604e+03
4679	-1.125521e+03
4680	-1.136712e+03
4681	-1.131188e+03
4682	-1.132213e+03
4683	-1.129167e+03
4684	-1.142860e+03
4685	-1.138154e+03
4686	-1.130066e+03
4687	-1.120074e+03
4688	-1.120705e+03
4689	-1.126251e+03
4690	-1.139800e+03
4691	-1.132133e+03
4692	-1.112172e+03
4693	-1.137894e+03
4694	-1.145031e+03
4695	-1.140592e+03
4696	-1.130948e+03
4697	-1.126993e+03
4698	-1.121274e+03
4699	-1.130633e+03
4700	-1.126974e+03
4701	-1.133531e+03
4702	-1.121966e+03
4703	-1.123264e+03
4704	-1.125204e+03
4705	-1.114510e+03
4706	-1.129429e+03
4707	-1.134268e+03
4708	-1.128902e+03
4709	-1.138521e+03
4710	-1.146101e+03
4711	-1.130414e+03
4712	-1.132748e+03
4713	-1.146430e+03
4714	-1.127317e+03
4715	-1.112721e+03
4716	-1.121377e+03
4717	-1.132959e+03
4718	-1.157462e+03
4719	-1.113229e+03
4720	-1.126969e+03
4721	-1.107855e+03
4722	-1.113919e+03
4723	-1.129592e+03
4724	-1.154945e+03
4725	-1.134797e+03
4726	-1.112935e+03
4727	-1.129352e+03
4728	-1.118248e+03
4729	-1.141827e+03
4730	-1.138920e+03
4731	-1.133223e+03
4732	-1.123579e+03
4733	-1.117846e+03
4734	-1.129007e+03
4735	-1.123717e+03
4736	-1.131082e+03
4737	-1.111447e+03
4738	-1.114256e+03
4739	-1.125196e+03
4740	-1.125056e+03
4741	-1.139773e+03
4742	-1.151176e+03
4743	-1.134805e+03
4744	-1.101150e+03
4745	-1.116280e+03
4746	-1.128984e+03
4747	-1.114439e+03
4748	-1.124546e+03
4749	-1.113610e+03
4750	-1.139876e+03
4751	-1.131672e+03
4752	-1.128312e+03
4753	-1.123259e+03
4754	-1.112182e+03
4755	-1.113488e+03
4756	-1.144348e+03
4757	-1.130929e+03
4758	-1.125717e+03
4759	-1.113838e+03
4760	-1.130527e+03
4761	-1.132498e+03
4762	-1.128141e+03
4763	-1.118910e+03
4764	-1.137292e+03
4765	-1.124857e+03
4766	-1.141727e+03
4767	-1.128822e+03
4768	-1.135153e+03
4769	-1.127434e+03
4770	-1.154666e+03
4771	-1.144671e+03
4772	-1.116477e+03
4773	-1.126434e+03
4774	-1.140084e+03
4775	-1.101800e+03
4776	-1.126336e+03
4777	-1.126303e+03
4778	-1.115598e+03
4779	-1.123353e+03
4780	-1.131907e+03
4781	-1.124617e+03
4782	-1.148083e+03
4783	-1.143673e+03
4784	-1.134832e+03
4785	-1.100712e+03
4786	-1.140356e+03
4787	-1.107222e+03
4788	-1.147729e+03
4789	-1.128962e+03
4790	-1.117785e+03
4791	-1.141251e+03
4792	-1.131496e+03
4793	-1.131841e+03
4794	-1.141875e+03
4795	-1.127620e+03
4796	-1.099614e+03
4797	-1.131525e+03
4798	-1.129997e+03
4799	-1.128185e+03
4800	-1.114270e+03
4801	-1.123172e+03
4802	-1.121739e+03
4803	-1.125577e+03
4804	-1.118729e+03
4805	-1.134605e+03
4806	-1.114122e+03
4807	-1.117178e+03
4808	-1.116529e+03
4809	-1.130399e+03
4810	-1.128191e+03
4811	-1.127086e+03
4812	-1.126633e+03
4813	-1.127994e+03
4814	-1.122555e+03
4815	-1.139143e+03
4816	-1.147990e+03
4817	-1.147621e+03
4818	-1.140021e+03
4819	-1.115399e+03
4820	-1.116848e+03
4821	-1.102162e+03
4822	-1.121710e+03
4823	-1.126585e+03
4824	-1.144022e+03
4825	-1.122783e+03
4826	-1.150897e+03
4827	-1.134968e+03
4828	-1.135599e+03
4829	-1.114341e+03
4830	-1.124493e+03
4831	-1.134131e+03
4832	-1.111582e+03
4833	-1.140709e+03
4834	-1.146255e+03
4835	-1.143066e+03
4836	-1.133713e+03
4837	-1.116550e+03
4838	-1.127300e+03
4839	-1.140836e+03
4840	-1.144695e+03
4841	-1.119028e+03
4842	-1.130060e+03
4843	-1.145329e+03
4844	-1.106353e+03
4845	-1.115586e+03
4846	-1.136306e+03
4847	-1.120615e+03
4848	-1.122479e+03
4849	-1.124954e+03
4850	-1.138736e+03
4851	-1.124926e+03
4852	-1.122796e+03
4853	-1.153541e+03
4854	-1.132876e+03
4855	-1.141864e+03
4856	-1.123247e+03
4857	-1.119065e+03
4858	-1.109758e+03
4859	-1.105353e+03
4860	-1.129286e+03
4861	-1.120495e+03
4862	-1.134746e+03
4863	-1.136904e+03
4864	-1.133788e+03
4865	-1.154597e+03
4866	-1.109078e+03
4867	-1.122979e+03
4868	-1.112441e+03
4869	-1.122060e+03
4870	-1.132810e+03
4871	-1.109492e+03
4872	-1.119897e+03
4873	-1.138068e+03
4874	-1.118369e+03
4875	-1.120102e+03
4876	-1.134761e+03
4877	-1.132343e+03
4878	-1.124310e+03
4879	-1.133934e+03
4880	-1.140357e+03
4881	-1.130995e+03
4882	-1.128698e+03
4883	-1.125696e+03
4884	-1.124573e+03
4885	-1.112345e+03
4886	-1.127148e+03
4887	-1.127264e+03
4888	-1.140899e+03
4889	-1.118242e+03
4890	-1.131046e+03
4891	-1.141712e+03
4892	-1.129833e+03
4893	-1.130965e+03
4894	-1.118864e+03
4895	-1.133592e+03
4896	-1.149519e+03
4897	-1.143462e+03
4898	-1.151762e+03
4899	-1.138232e+03
4900	-1.109957e+03
4901	-1.121430e+03
4902	-1.121989e+03
4903	-1.136703e+03
4904	-1.119172e+03
4905	-1.140308e+03
4906	-1.136528e+03
4907	-1.133499e+03
4908	-1.111500e+03
4909	-1.116713e+03
4910	-1.119896e+03
4911	-1.135836e+03
4912	-1.116565e+03
4913	-1.121874e+03
4914	-1.135665e+03
4915	-1.115503e+03
4916	-1.125639e+03
4917	-1.103727e+03
4918	-1.125050e+03
4919	-1.114755e+03
4920	-1.123272e+03
4921	-1.125243e+03
4922	-1.143447e+03
4923	-1.120168e+03
4924	-1.135859e+03
4925	-1.112492e+03
4926	-1.110468e+03
4927	-1.136598e+03
4928	-1.123844e+03
4929	-1.145013e+03
4930	-1.123636e+03
4931	-1.130675e+03
4932	-1.123258e+03
4933	-1.140449e+03
4934	-1.119685e+03
4935	-1.136588e+03
4936	-1.121119e+03
4937	-1.130776e+03
4938	-1.123476e+03
4939	-1.132648e+03
4940	-1.137015e+03
4941	-1.122832e+03
4942	-1.106638e+03
4943	-1.145944e+03
4944	-1.128521e+03
4945	-1.131147e+03
4946	-1.119586e+03
4947	-1.126655e+03
4948	-1.117213e+03
4949	-1.132311e+03
4950	-1.125372e+03
4951	-1.149367e+03
4952	-1.135121e+03
4953	-1.143108e+03
4954	-1.127201e+03
4955	-1.112287e+03
4956	-1.127638e+03
4957	-1.130620e+03
4958	-1.145057e+03
4959	-1.117365e+03
4960	-1.098534e+03
4961	-1.127171e+03
4962	-1.128786e+03
4963	-1.129074e+03
4964	-1.119503e+03
4965	-1.124992e+03
4966	-1.132664e+03
4967	-1.130660e+03
4968	-1.130003e+03
4969	-1.138018e+03
4970	-1.126833e+03
4971	-1.135880e+03
4972	-1.140001e+03
4973	-1.146009e+03
4974	-1.115522e+03
4975	-1.141096e+03
4976	-1.127753e+03
4977	-1.133874e+03
4978	-1.125450e+03
4979	-1.118721e+03
4980	-1.122285e+03
4981	-1.119934e+03
4982	-1.156443e+03
4983	-1.104783e+03
4984	-1.126415e+03
4985	-1.120105e+03
4986	-1.136650e+03
4987	-1.132407e+03
4988	-1.128691e+03
4989	-1.140612e+03
4990	-1.135249e+03
4991	-1.109982e+03
4992	-1.112259e+03
4993	-1.137501e+03
4994	-1.150680e+03
4995	-1.142107e+03
4996	-1.130995e+03
4997	-1.116203e+03
4998	-1.137310e+03
4999	-1.139426e+03
5000	-1.135974e+03
5001	-1.124815e+03
5002	-1.143396e+03
5003	-1.150576e+03
5004	-1.125318e+03
5005	-1.119102e+03
5006	-1.140125e+03
5007	-1.134748e+03
5008	-1.150854e+03
5009	-1.126265e+03
5010	-1.128477e+03
5011	-1.143232e+03
5012	-1.139148e+03
5013	-1.105071e+03
5014	-1.130274e+03
5015	-1.144304e+03
5016	-1.121526e+03
5017	-1.145036e+03
5018	-1.135035e+03
5019	-1.123259e+03
5020	-1.137090e+03
5021	-1.141657e+03
5022	-1.126370e+03
5023	-1.148268e+03
5024	-1.151662e+03
5025	-1.124118e+03
5026	-1.134126e+03
5027	-1.164020e+03
5028	-1.138511e+03
5029	-1.148966e+03
5030	-1.138758e+03
5031	-1.111018e+03
5032	-1.136534e+03
5033	-1.103367e+03
5034	-1.128646e+03
5035	-1.141054e+03
5036	-1.135699e+03
5037	-1.129352e+03
5038	-1.118022e+03
5039	-1.157524e+03
5040	-1.139544e+03
5041	-1.116388e+03
5042	-1.139262e+03
5043	-1.113542e+03
5044	-1.125592e+03
5045	-1.122633e+03
5046	-1.125822e+03
5047	-1.144907e+03
5048	-1.128401e+03
5049	-1.109521e+03
5050	-1.134395e+03
5051	-1.127873e+03
5052	-1.109022e+03
5053	-1.113784e+03
5054	-1.132826e+03
5055	-1.135856e+03
5056	-1.115428e+03
5057	-1.131747e+03
5058	-1.131062e+03
5059	-1.117027e+03
5060	-1.141805e+03
5061	-1.131763e+03
5062	-1.139595e+03
5063	-1.123303e+03
5064	-1.146357e+03
5065	-1.158490e+03
5066	-1.156615e+03
5067	-1.128063e+03
5068	-1.123539e+03
5069	-1.131380e+03
5070	-1.129562e+03
5071	-1.128274e+03
5072	-1.136665e+03
5073	-1.131181e+03
5074	-1.113883e+03
5075	-1.134110e+03
5076	-1.127796e+03
5077	-1.139021e+03
5078	-1.139728e+03
5079	-1.140751e+03
5080	-1.132100e+03
5081	-1.134374e+03
5082	-1.135962e+03
5083	-1.113733e+03
5084	-1.132437e+03
5085	-1.123265e+03
5086	-1.127917e+03
5087	-1.148816e+03
5088	-1.135036e+03
5089	-1.114529e+03
5090	-1.140416e+03
5091	-1.124153e+03
5092	-1.125641e+03
5093	-1.128642e+03
5094	-1.123106e+03
5095	-1.139565e+03
5096	-1.143635e+03
5097	-1.136041e+03
5098	-1.113050e+03
5099	-1.134086e+03
5100	-1.131004e+03
5101	-1.120700e+03
5102	-1.134318e+03
5103	-1.118967e+03
5104	-1.129021e+03
5105	-1.155366e+03
5106	-1.116561e+03
5107	-1.124661e+03
5108	-1.128807e+03
5109	-1.140790e+03
5110	-1.129129e+03
5111	-1.140461e+03
5112	-1.148251e+03
5113	-1.135681e+03
5114	-1.132267e+03
5115	-1.118756e+03
5116	-1.134533e+03
5117	-1.114994e+03
5118	-1.137813e+03
5119	-1.134477e+03
5120	-1.119465e+03
5121	-1.113808e+03
5122	-1.130757e+03
5123	-1.125193e+03
5124	-1.105788e+03
5125	-1.153110e+03
5126	-1.129944e+03
5127	-1.140114e+03
5128	-1.126100e+03
5129	-1.129497e+03
5130	-1.117202e+03
5131	-1.120716e+03
5132	-1.123603e+03
5133	-1.144647e+03
5134	-1.127986e+03
5135	-1.123553e+03
5136	-1.115894e+03
5137	-1.136852e+03
5138	-1.132387e+03
5139	-1.137526e+03
5140	-1.131764e+03
5141	-1.156498e+03
5142	-1.120769e+03
5143	-1.122657e+03
5144	-1.131693e+03
5145	-1.128823e+03
5146	-1.120146e+03
5147	-1.133466e+03
5148	-1.113915e+03
5149	-1.143868e+03
5150	-1.121666e+03
5151	-1.154622e+03
5152	-1.132261e+03
5153	-1.126764e+03
5154	-1.133633e+03
5155	-1.106007e+03
5156	-1.139249e+03
5157	-1.133572e+03
5158	-1.126174e+03
5159	-1.107716e+03
5160	-1.114330e+03
5161	-1.120558e+03
5162	-1.145131e+03
5163	-1.105205e+03
5164	-1.139805e+03
5165	-1.134920e+03
5166	-1.131775e+03
5167	-1.135920e+03
5168	-1.132117e+03
5169	-1.121272e+03
5170	-1.139819e+03
5171	-1.122870e+03
5172	-1.128562e+03
5173	-1.122440e+03
5174	-1.138753e+03
5175	-1.135794e+03
5176	-1.120456e+03
5177	-1.139801e+03
5178	-1.118285e+03
5179	-1.133754e+03
5180	-1.144944e+03
5181	-1.107869e+03
5182	-1.137744e+03
5183	-1.140727e+03
5184	-1.126659e+03
5185	-1.130394e+03
5186	-1.153438e+03
5187	-1.139938e+03
5188	-1.121116e+03
5189	-1.127833e+03
5190	-1.122017e+03
5191	-1.132881e+03
5192	-1.131991e+03
5193	-1.137872e+03
5194	-1.129711e+03
5195	-1.123144e+03
5196	-1.128101e+03
5197	-1.124584e+03
5198	-1.156369e+03
5199	-1.133813e+03
5200	-1.121013e+03
5201	-1.121183e+03
5202	-1.130218e+03
5203	-1.129369e+03
5204	-1.135240e+03
5205	-1.120212e+03
5206	-1.117396e+03
5207	-1.114902e+03
5208	-1.134250e+03
5209	-1.106829e+03
5210	-1.130942e+03
5211	-1.115148e+03
5212	-1.131495e+03
5213	-1.123596e+03
5214	-1.126456e+03
5215	-1.117383e+03
5216	-1.135327e+03
5217	-1.147075e+03
5218	-1.137538e+03
5219	-1.126953e+03
5220	-1.136595e+03
5221	-1.115668e+03
5222	-1.141810e+03
5223	-1.127938e+03
5224	-1.138761e+03
5225	-1.120270e+03
5226	-1.146525e+03
5227	-1.134527e+03
5228	-1.133914e+03
5229	-1.116023e+03
5230	-1.138305e+03
5231	-1.125111e+03
5232	-1.130587e+03
5233	-1.119640e+03
5234	-1.132340e+03
5235	-1.118833e+03
5236	-1.143615e+03
5237	-1.121716e+03
5238	-1.133557e+03
5239	-1.126366e+03
5240	-1.168947e+03
5241	-1.105549e+03
5242	-1.124414e+03
5243	-1.128768e+03
5244	-1.120946e+03
5245	-1.131242e+03
5246	-1.115939e+03
5247	-1.139506e+03
5248	-1.121033e+03
5249	-1.139490e+03
5250	-1.129214e+03
5251	-1.121411e+03
5252	-1.125056e+03
5253	-1.146042e+03
5254	-1.124351e+03
5255	-1.142273e+03
5256	-1.130248e+03
5257	-1.123980e+03
5258	-1.131897e+03
5259	-1.151682e+03
5260	-1.127032e+03
5261	-1.121703e+03
5262	-1.116878e+03
5263	-1.112959e+03
5264	-1.146611e+03
5265	-1.123451e+03
5266	-1.134912e+03
5267	-1.132424e+03
5268	-1.120562e+03
5269	-1.121365e+03
5270	-1.133802e+03
5271	-1.150839e+03
5272	-1.120974e+03
5273	-1.147203e+03
5274	-1.127902e+03
5275	-1.130278e+03
5276	-1.143692e+03
5277	-1.134966e+03
5278	-1.123463e+03
5279	-1.142727e+03
5280	-1.119350e+03
5281	-1.126526e+03
5282	-1.135580e+03
5283	-1.127714e+03
5284	-1.128459e+03
5285	-1.108649e+03
5286	-1.131997e+03
5287	-1.125620e+03
5288	-1.125572e+03
5289	-1.115848e+03
5290	-1.117642e+03
5291	-1.145545e+03
5292	-1.122865e+03
5293	-1.123869e+03
5294	-1.141403e+03
5295	-1.132613e+03
5296	-1.121335e+03
5297	-1.135855e+03
5298	-1.141177e+03
5299	-1.130558e+03
5300	-1.130436e+03
5301	-1.131130e+03
5302	-1.118540e+03
5303	-1.134562e+03
5304	-1.107645e+03
5305	-1.103579e+03
5306	-1.108379e+03
5307	-1.115251e+03
5308	-1.131153e+03
5309	-1.125510e+03
5310	-1.128352e+03
5311	-1.125136e+03
5312	-1.107761e+03
5313	-1.113965e+03
5314	-1.120268e+03
5315	-1.137973e+03
5316	-1.108546e+03
5317	-1.127423e+03
5318	-1.136343e+03
5319	-1.144594e+03
5320	-1.136946e+03
5321	-1.133410e+03
5322	-1.121099e+03
5323	-1.106994e+03
5324	-1.117770e+03
5325	-1.142188e+03
5326	-1.121367e+03
5327	-1.122019e+03
5328	-1.109266e+03
5329	-1.113123e+03
5330	-1.130248e+03
5331	-1.125592e+03
5332	-1.129564e+03
5333	-1.145504e+03
5334	-1.113871e+03
5335	-1.122584e+03
5336	-1.114583e+03
5337	-1.137505e+03
5338	-1.140358e+03
5339	-1.140562e+03
5340	-1.127635e+03
5341	-1.133726e+03
5342	-1.149042e+03
5343	-1.111918e+03
5344	-1.106612e+03
5345	-1.099187e+03
5346	-1.132524e+03
5347	-1.133689e+03
5348	-1.112162e+03
5349	-1.127865e+03
5350	-1.113463e+03
5351	-1.138113e+03
5352	-1.139750e+03
5353	-1.131005e+03
5354	-1.134242e+03
5355	-1.111928e+03
5356	-1.118978e+03
5357	-1.105382e+03
5358	-1.134058e+03
5359	-1.108913e+03
5360	-1.138544e+03
5361	-1.118941e+03
5362	-1.120023e+03
5363	-1.129870e+03
5364	-1.130645e+03
5365	-1.136382e+03
5366	-1.128013e+03
5367	-1.122218e+03
5368	-1.113185e+03
5369	-1.126714e+03
5370	-1.123841e+03
5371	-1.139781e+03
5372	-1.122579e+03
5373	-1.110313e+03
5374	-1.122871e+03
5375	-1.121859e+03
5376	-1.124327e+03
5377	-1.124891e+03
5378	-1.142735e+03
5379	-1.132000e+03
5380	-1.136451e+03
5381	-1.128112e+03
5382	-1.111944e+03
5383	-1.133093e+03
5384	-1.129259e+03
5385	-1.130121e+03
5386	-1.136000e+03
5387	-1.136150e+03
5388	-1.141753e+03
5389	-1.119489e+03
5390	-1.137456e+03
5391	-1.127093e+03
5392	-1.143445e+03
5393	-1.112444e+03
5394	-1.100551e+03
5395	-1.145894e+03
5396	-1.150650e+03
5397	-1.119648e+03
5398	-1.152055e+03
5399	-1.126490e+03
5400	-1.136939e+03
5401	-1.130422e+03
5402	-1.122407e+03
5403	-1.116107e+03
5404	-1.128096e+03
5405	-1.119752e+03
5406	-1.153820e+03
5407	-1.126000e+03
5408	-1.137526e+03
5409	-1.126198e+03
5410	-1.136387e+03
5411	-1.110044e+03
5412	-1.129358e+03
5413	-1.125838e+03
5414	-1.114769e+03
5415	-1.137363e+03
5416	-1.130508e+03
5417	-1.118939e+03
5418	-1.125273e+03
5419	-1.148765e+03
5420	-1.113352e+03
5421	-1.127316e+03
5422	-1.142585e+03
5423	-1.115993e+03
5424	-1.119587e+03
5425	-1.109787e+03
5426	-1.129169e+03
5427	-1.139204e+03
5428	-1.131869e+03
5429	-1.122016e+03
5430	-1.121879e+03
5431	-1.126900e+03
5432	-1.150821e+03
5433	-1.122044e+03
5434	-1.125194e+03
5435	-1.126389e+03
5436	-1.128322e+03
5437	-1.134318e+03
5438	-1.107603e+03
5439	-1.130003e+03
5440	-1.134511e+03
5441	-1.102646e+03
5442	-1.148969e+03
5443	-1.124966e+03
5444	-1.134018e+03
5445	-1.126699e+03
5446	-1.129079e+03
5447	-1.151461e+03
5448	-1.131656e+03
5449	-1.139603e+03
5450	-1.124754e+03
5451	-1.138402e+03
5452	-1.141952e+03
5453	-1.131880e+03
5454	-1.143765e+03
5455	-1.120741e+03
5456	-1.136350e+03
5457	-1.122327e+03
5458	-1.125784e+03
5459	-1.124955e+03
5460	-1.137643e+03
5461	-1.139208e+03
5462	-1.140690e+03
5463	-1.127213e+03
5464	-1.121161e+03
5465	-1.126717e+03
5466	-1.145092e+03
5467	-1.122337e+03
5468	-1.118786e+03
5469	-1.153807e+03
5470	-1.118655e+03
5471	-1.123850e+03
5472	-1.111806e+03
5473	-1.137697e+03
5474	-1.131045e+03
5475	-1.113676e+03
5476	-1.135295e+03
5477	-1.122755e+03
5478	-1.123411e+03
5479	-1.125557e+03
5480	-1.124764e+03
5481	-1.132289e+03
5482	-1.138113e+03
5483	-1.125310e+03
5484	-1.126470e+03
5485	-1.152181e+03
5486	-1.130168e+03
5487	-1.125589e+03
5488	-1.124974e+03
5489	-1.125199e+03
5490	-1.118453e+03
5491	-1.131729e+03
5492	-1.116166e+03
5493	-1.121451e+03
5494	-1.128061e+03
5495	-1.129597e+03
5496	-1.122357e+03
5497	-1.129990e+03
5498	-1.147469e+03
5499	-1.157548e+03
5500	-1.115627e+03
5501	-1.119135e+03
5502	-1.115068e+03
5503	-1.109337e+03
5504	-1.121874e+03
5505	-1.132060e+03
5506	-1.129979e+03
5507	-1.132777e+03
5508	-1.106928e+03
5509	-1.129670e+03
5510	-1.120116e+03
5511	-1.136121e+03
5512	-1.125558e+03
5513	-1.119031e+03
5514	-1.126687e+03
5515	-1.133632e+03
5516	-1.136116e+03
5517	-1.128048e+03
5518	-1.144106e+03
5519	-1.137647e+03
5520	-1.115374e+03
5521	-1.142468e+03
5522	-1.132494e+03
5523	-1.113292e+03
5524	-1.121987e+03
5525	-1.124836e+03
5526	-1.136477e+03
5527	-1.125418e+03
5528	-1.115828e+03
5529	-1.132848e+03
5530	-1.130302e+03
5531	-1.142636e+03
5532	-1.114013e+03
5533	-1.128055e+03
5534	-1.142805e+03
5535	-1.118763e+03
5536	-1.128432e+03
5537	-1.119166e+03
5538	-1.129202e+03
5539	-1.141020e+03
5540	-1.132444e+03
5541	-1.108259e+03
5542	-1.129644e+03
5543	-1.130352e+03
5544	-1.129609e+03
5545	-1.114454e+03
5546	-1.154090e+03
5547	-1.137192e+03
5548	-1.136165e+03
5549	-1.129905e+03
5550	-1.151694e+03
5551	-1.144578e+03
5552	-1.136067e+03
5553	-1.120440e+03
5554	-1.135368e+03
5555	-1.140596e+03
5556	-1.115177e+03
5557	-1.112802e+03
5558	-1.146464e+03
5559	-1.123574e+03
5560	-1.136622e+03
5561	-1.131851e+03
5562	-1.119550e+03
5563	-1.136918e+03
5564	-1.140884e+03
5565	-1.117713e+03
5566	-1.105860e+03
5567	-1.128603e+03
5568	-1.112297e+03
5569	-1.129960e+03
5570	-1.147115e+03
5571	-1.120051e+03
5572	-1.145473e+03
5573	-1.132410e+03
5574	-1.129082e+03
5575	-1.140795e+03
5576	-1.136617e+03
5577	-1.130891e+03
5578	-1.123864e+03
5579	-1.143299e+03
5580	-1.130595e+03
5581	-1.145952e+03
5582	-1.121323e+03
5583	-1.139141e+03
5584	-1.137538e+03
5585	-1.135619e+03
5586	-1.136755e+03
5587	-1.120806e+03
5588	-1.134759e+03
5589	-1.130266e+03
5590	-1.137738e+03
5591	-1.123779e+03
5592	-1.150420e+03
5593	-1.133379e+03
5594	-1.119620e+03
5595	-1.136042e+03
5596	-1.137523e+03
5597	-1.143786e+03
5598	-1.139042e+03
5599	-1.149360e+03
5600	-1.129713e+03
5601	-1.143946e+03
5602	-1.126437e+03
5603	-1.159238e+03
5604	-1.138258e+03
5605	-1.120710e+03
5606	-1.123450e+03
5607	-1.134031e+03
5608	-1.131035e+03
5609	-1.126406e+03
5610	-1.130042e+03
5611	-1.144966e+03
5612	-1.133113e+03
5613	-1.137811e+03
5614	-1.115767e+03
5615	-1.134230e+03
5616	-1.134344e+03
5617	-1.131693e+03
5618	-1.133484e+03
5619	-1.113030e+03
5620	-1.120406e+03
5621	-1.115756e+03
5622	-1.126654e+03
5623	-1.125872e+03
5624	-1.131027e+03
5625	-1.141377e+03
5626	-1.146731e+03
5627	-1.105082e+03
5628	-1.135549e+03
5629	-1.134829e+03
5630	-1.131700e+03
5631	-1.120772e+03
5632	-1.118809e+03
5633	-1.119505e+03
5634	-1.138026e+03
5635	-1.115278e+03
5636	-1.112459e+03
5637	-1.124219e+03
5638	-1.121102e+03
5639	-1.115654e+03
5640	-1.141722e+03
5641	-1.111933e+03
5642	-1.116695e+03
5643	-1.118673e+03
5644	-1.149788e+03
5645	-1.113833e+03
5646	-1.119573e+03
5647	-1.133582e+03
5648	-1.133404e+03
5649	-1.118974e+03
5650	-1.116341e+03
5651	-1.141115e+03
5652	-1.122928e+03
5653	-1.115904e+03
5654	-1.137535e+03
5655	-1.127909e+03
5656	-1.144566e+03
5657	-1.118619e+03
5658	-1.143009e+03
5659	-1.115250e+03
5660	-1.136576e+03
5661	-1.113497e+03
5662	-1.137654e+03
5663	-1.139341e+03
5664	-1.118991e+03
5665	-1.125116e+03
5666	-1.131603e+03
5667	-1.116839e+03
5668	-1.138511e+03
5669	-1.125883e+03
5670	-1.134615e+03
5671	-1.126408e+03
5672	-1.125561e+03
5673	-1.133247e+03
5674	-1.136281e+03
5675	-1.124786e+03
5676	-1.119551e+03
5677	-1.126362e+03
5678	-1.116772e+03
5679	-1.151011e+03
5680	-1.150779e+03
5681	-1.105578e+03
5682	-1.120259e+03
5683	-1.113133e+03
5684	-1.108885e+03
5685	-1.147136e+03
5686	-1.137510e+03
5687	-1.136285e+03
5688	-1.137707e+03
5689	-1.140274e+03
5690	-1.119084e+03
5691	-1.148528e+03
5692	-1.143074e+03
5693	-1.135517e+03
5694	-1.112098e+03
5695	-1.146323e+03
5696	-1.115920e+03
5697	-1.139274e+03
5698	-1.138427e+03
5699	-1.139581e+03
5700	-1.126232e+03
5701	-1.125834e+03
5702	-1.115690e+03
5703	-1.130870e+03
5704	-1.118375e+03
5705	-1.121343e+03
5706	-1.126040e+03
5707	-1.115254e+03
5708	-1.105401e+03
5709	-1.116114e+03
5710	-1.127548e+03
5711	-1.143542e+03
5712	-1.135302e+03
5713	-1.117986e+03
5714	-1.135748e+03
5715	-1.140065e+03
5716	-1.131399e+03
5717	-1.114788e+03
5718	-1.103155e+03
5719	-1.153934e+03
5720	-1.115780e+03
5721	-1.139009e+03
5722	-1.131074e+03
5723	-1.152713e+03
5724	-1.147096e+03
5725	-1.133681e+03
5726	-1.141084e+03
5727	-1.143496e+03
5728	-1.131251e+03
5729	-1.139785e+03
5730	-1.101328e+03
5731	-1.125454e+03
5732	-1.101733e+03
5733	-1.135910e+03
5734	-1.119138e+03
5735	-1.137694e+03
5736	-1.125176e+03
5737	-1.135513e+03
5738	-1.119737e+03
5739	-1.116997e+03
5740	-1.114150e+03
5741	-1.143747e+03
5742	-1.124798e+03
5743	-1.116433e+03
5744	-1.108983e+03
5745	-1.129098e+03
5746	-1.132041e+03
5747	-1.127736e+03
5748	-1.138051e+03
5749	-1.121003e+03
5750	-1.133922e+03
5751	-1.114909e+03
5752	-1.132525e+03
5753	-1.129526e+03
5754	-1.150818e+03
5755	-1.117437e+03
5756	-1.111088e+03
5757	-1.122042e+03
5758	-1.135133e+03
5759	-1.138275e+03
5760	-1.123327e+03
5761	-1.132955e+03
5762	-1.139799e+03
5763	-1.135436e+03
5764	-1.125504e+03
5765	-1.135382e+03
5766	-1.141293e+03
5767	-1.133447e+03
5768	-1.118796e+03
5769	-1.128465e+03
5770	-1.129961e+03
5771	-1.141568e+03
5772	-1.146111e+03
5773	-1.143159e+03
5774	-1.130829e+03
5775	-1.139027e+03
5776	-1.138609e+03
5777	-1.134747e+03
5778	-1.134932e+03
5779	-1.131671e+03
5780	-1.127949e+03
5781	-1.135383e+03
5782	-1.140226e+03
5783	-1.124479e+03
5784	-1.116198e+03
5785	-1.127897e+03
5786	-1.125622e+03
5787	-1.143917e+03
5788	-1.124443e+03
5789	-1.119332e+03
5790	-1.132953e+03
5791	-1.138416e+03
5792	-1.127228e+03
5793	-1.115697e+03
5794	-1.122976e+03
5795	-1.141969e+03
5796	-1.139285e+03
5797	-1.141710e+03
5798	-1.132374e+03
5799	-1.125096e+03
5800	-1.137054e+03
5801	-1.149141e+03
5802	-1.123588e+03
5803	-1.137407e+03
5804	-1.125311e+03
5805	-1.130102e+03
5806	-1.149371e+03
5807	-1.133586e+03
5808	-1.138258e+03
5809	-1.122042e+03
5810	-1.122155e+03
5811	-1.131635e+03
5812	-1.116549e+03
5813	-1.144563e+03
5814	-1.130069e+03
5815	-1.124985e+03
5816	-1.104557e+03
5817	-1.100013e+03
5818	-1.121125e+03
5819	-1.118173e+03
5820	-1.147074e+03
5821	-1.145469e+03
5822	-1.127836e+03
5823	-1.138437e+03
5824	-1.103951e+03
5825	-1.128234e+03
5826	-1.148186e+03
5827	-1.129415e+03
5828	-1.122423e+03
5829	-1.122065e+03
5830	-1.116006e+03
5831	-1.110884e+03
5832	-1.121401e+03
5833	-1.155223e+03
5834	-1.139078e+03
5835	-1.148846e+03
5836	-1.118901e+03
5837	-1.122077e+03
5838	-1.122938e+03
5839	-1.131032e+03
5840	-1.115516e+03
5841	-1.113484e+03
5842	-1.131786e+03
5843	-1.134827e+03
5844	-1.111753e+03
5845	-1.135727e+03
5846	-1.135207e+03
5847	-1.144696e+03
5848	-1.137547e+03
5849	-1.127059e+03
5850	-1.141108e+03
5851	-1.130638e+03
5852	-1.125255e+03
5853	-1.146302e+03
5854	-1.128726e+03
5855	-1.122058e+03
5856	-1.121019e+03
5857	-1.124482e+03
5858	-1.132587e+03
5859	-1.137260e+03
5860	-1.113897e+03
5861	-1.127359e+03
5862	-1.125708e+03
5863	-1.125967e+03
5864	-1.117636e+03
5865	-1.139988e+03
5866	-1.126897e+03
5867	-1.142455e+03
5868	-1.143748e+03
5869	-1.135308e+03
5870	-1.137339e+03
5871	-1.145047e+03
5872	-1.129336e+03
5873	-1.121494e+03
5874	-1.108390e+03
5875	-1.119761e+03
5876	-1.131590e+03
5877	-1.138743e+03
5878	-1.120944e+03
5879	-1.118860e+03
5880	-1.123557e+03
5881	-1.124901e+03
5882	-1.143420e+03
5883	-1.136609e+03
5884	-1.119624e+03
5885	-1.154681e+03
5886	-1.130220e+03
5887	-1.138147e+03
5888	-1.129307e+03
5889	-1.137740e+03
5890	-1.127372e+03
5891	-1.136305e+03
5892	-1.123911e+03
5893	-1.106909e+03
5894	-1.130754e+03
5895	-1.139727e+03
5896	-1.131855e+03
5897	-1.139027e+03
5898	-1.113330e+03
5899	-1.117370e+03
5900	-1.115012e+03
5901	-1.130218e+03
5902	-1.115079e+03
5903	-1.119319e+03
5904	-1.128070e+03
5905	-1.109850e+03
5906	-1.133492e+03
5907	-1.117580e+03
5908	-1.134974e+03
5909	-1.116758e+03
5910	-1.120681e+03
5911	-1.131049e+03
5912	-1.130613e+03
5913	-1.119915e+03
5914	-1.137296e+03
5915	-1.126788e+03
5916	-1.128737e+03
5917	-1.116363e+03
5918	-1.134475e+03
5919	-1.136498e+03
5920	-1.131475e+03
5921	-1.119393e+03
5922	-1.129738e+03
5923	-1.125298e+03
5924	-1.126365e+03
5925	-1.135450e+03
5926	-1.151840e+03
5927	-1.125918e+03
5928	-1.140744e+03
5929	-1.130397e+03
5930	-1.143321e+03
5931	-1.139319e+03
5932	-1.123199e+03
5933	-1.134581e+03
5934	-1.150511e+03
5935	-1.120244e+03
5936	-1.145551e+03
5937	-1.140583e+03
5938	-1.128044e+03
5939	-1.155857e+03
5940	-1.148086e+03
5941	-1.113220e+03
5942	-1.122611e+03
5943	-1.136995e+03
5944	-1.112522e+03
5945	-1.126667e+03
5946	-1.122391e+03
5947	-1.122068e+03
5948	-1.125926e+03
5949	-1.111868e+03
5950	-1.134321e+03
5951	-1.118890e+03
5952	-1.129111e+03
5953	-1.133702e+03
5954	-1.128345e+03
5955	-1.144918e+03
5956	-1.113983e+03
5957	-1.138522e+03
5958	-1.122015e+03
5959	-1.111731e+03
5960	-1.124496e+03
5961	-1.117631e+03
5962	-1.132758e+03
5963	-1.134373e+03
5964	-1.151948e+03
5965	-1.131187e+03
5966	-1.131108e+03
5967	-1.123252e+03
5968	-1.140257e+03
5969	-1.135825e+03
5970	-1.105834e+03
5971	-1.143025e+03
5972	-1.130645e+03
5973	-1.122480e+03
5974	-1.120745e+03
5975	-1.113730e+03
5976	-1.106513e+03
5977	-1.120405e+03
5978	-1.121780e+03
5979	-1.123700e+03
5980	-1.131665e+03
5981	-1.130932e+03
5982	-1.122757e+03
5983	-1.118855e+03
5984	-1.127233e+03
5985	-1.122222e+03
5986	-1.143687e+03
5987	-1.143788e+03
5988	-1.133891e+03
5989	-1.120842e+03
5990	-1.144853e+03
5991	-1.137571e+03
5992	-1.122037e+03
5993	-1.116644e+03
5994	-1.114310e+03
5995	-1.128114e+03
5996	-1.110097e+03
5997	-1.132129e+03
5998	-1.132646e+03
5999	-1.125871e+03
6000	-1.128612e+03
6001	-1.102997e+03
6002	-1.135716e+03
6003	-1.125070e+03
6004	-1.130421e+03
6005	-1.136607e+03
6006	-1.137095e+03
6007	-1.120788e+03
6008	-1.120068e+03
6009	-1.134500e+03
6010	-1.137264e+03
6011	-1.127490e+03
6012	-1.114180e+03
6013	-1.125633e+03
6014	-1.138386e+03
6015	-1.121798e+03
6016	-1.139788e+03
6017	-1.130204e+03
6018	-1.129952e+03
6019	-1.131633e+03
6020	-1.141998e+03
6021	-1.123912e+03
6022	-1.127652e+03
6023	-1.127431e+03
6024	-1.130983e+03
6025	-1.126610e+03
6026	-1.146293e+03
6027	-1.127184e+03
6028	-1.139696e+03
6029	-1.134124e+03
6030	-1.112297e+03
6031	-1.137051e+03
6032	-1.124172e+03
6033	-1.135351e+03
6034	-1.133527e+03
6035	-1.125435e+03
6036	-1.127962e+03
6037	-1.116814e+03
6038	-1.127991e+03
6039	-1.132121e+03
6040	-1.123759e+03
6041	-1.127883e+03
6042	-1.148158e+03
6043	-1.127164e+03
6044	-1.141191e+03
6045	-1.142749e+03
6046	-1.119182e+03
6047	-1.126424e+03
6048	-1.131855e+03
6049	-1.122911e+03
6050	-1.123369e+03
6051	-1.124572e+03
6052	-1.140543e+03
6053	-1.119993e+03
6054	-1.130441e+03
6055	-1.116491e+03
6056	-1.137932e+03
6057	-1.132319e+03
6058	-1.118872e+03
6059	-1.124697e+03
6060	-1.129041e+03
6061	-1.117752e+03
6062	-1.136619e+03
6063	-1.140241e+03
6064	-1.101775e+03
6065	-1.120572e+03
6066	-1.141974e+03
6067	-1.132695e+03
6068	-1.134673e+03
6069	-1.128069e+03
6070	-1.126452e+03
6071	-1.133265e+03
6072	-1.135558e+03
6073	-1.117478e+03
6074	-1.132899e+03
6075	-1.121343e+03
6076	-1.127134e+03
6077	-1.136764e+03
6078	-1.123778e+03
6079	-1.107265e+03
6080	-1.150574e+03
6081	-1.142610e+03
6082	-1.140183e+03
6083	-1.125314e+03
6084	-1.119280e+03
6085	-1.135455e+03
6086	-1.135388e+03
6087	-1.118954e+03
6088	-1.128608e+03
6089	-1.127076e+03
6090	-1.119345e+03
6091	-1.133290e+03
6092	-1.130537e+03
6093	-1.113081e+03
6094	-1.124522e+03
6095	-1.137377e+03
6096	-1.138071e+03
6097	-1.115621e+03
6098	-1.154119e+03
6099	-1.114552e+03
6100	-1.138924e+03
6101	-1.133933e+03
6102	-1.119997e+03
6103	-1.139831e+03
6104	-1.126179e+03
6105	-1.118204e+03
6106	-1.146676e+03
6107	-1.149309e+03
6108	-1.124083e+03
6109	-1.142314e+03
6110	-1.124197e+03
6111	-1.143969e+03
6112	-1.122428e+03
6113	-1.145195e+03
6114	-1.135536e+03
6115	-1.113782e+03
6116	-1.122988e+03
6117	-1.113900e+03
6118	-1.127066e+03
6119	-1.132413e+03
6120	-1.123549e+03
6121	-1.127280e+03
6122	-1.133849e+03
6123	-1.128640e+03
6124	-1.128816e+03
6125	-1.133943e+03
6126	-1.135103e+03
6127	-1.138614e+03
6128	-1.119016e+03
6129	-1.117582e+03
6130	-1.135952e+03
6131	-1.139433e+03
6132	-1.146549e+03
6133	-1.109449e+03
6134	-1.126779e+03
6135	-1.109250e+03
6136	-1.119053e+03
6137	-1.120859e+03
6138	-1.122090e+03
6139	-1.129918e+03
6140	-1.130449e+03
6141	-1.113663e+03
6142	-1.133337e+03
6143	-1.115798e+03
6144	-1.130293e+03
6145	-1.123800e+03
6146	-1.115114e+03
6147	-1.120444e+03
6148	-1.122348e+03
6149	-1.135320e+03
6150	-1.116423e+03
6151	-1.116361e+03
6152	-1.129624e+03
6153	-1.124927e+03
6154	-1.139139e+03
6155	-1.118922e+03
6156	-1.127028e+03
6157	-1.115909e+03
6158	-1.126834e+03
6159	-1.124956e+03
6160	-1.135289e+03
6161	-1.120178e+03
6162	-1.136997e+03
6163	-1.136001e+03
6164	-1.130695e+03
6165	-1.123322e+03
6166	-1.130290e+03
6167	-1.140587e+03
6168	-1.120366e+03
6169	-1.114342e+03
6170	-1.145431e+03
6171	-1.122252e+03
6172	-1.126701e+03
6173	-1.121107e+03
6174	-1.113879e+03
6175	-1.134232e+03
6176	-1.102473e+03
6177	-1.142331e+03
6178	-1.125191e+03
6179	-1.133759e+03
6180	-1.133839e+03
6181	-1.115353e+03
6182	-1.117901e+03
6183	-1.127059e+03
6184	-1.144534e+03
6185	-1.126949e+03
6186	-1.117901e+03
6187	-1.123241e+03
6188	-1.122699e+03
6189	-1.119075e+03
6190	-1.131533e+03
6191	-1.117570e+03
6192	-1.137576e+03
6193	-1.147498e+03
6194	-1.141725e+03
6195	-1.134440e+03
6196	-1.132282e+03
6197	-1.114878e+03
6198	-1.148961e+03
6199	-1.119175e+03
6200	-1.132353e+03
6201	-1.117677e+03
6202	-1.116866e+03
6203	-1.120467e+03
6204	-1.124392e+03
6205	-1.134933e+03
6206	-1.133670e+03
6207	-1.123661e+03
6208	-1.122858e+03
6209	-1.124861e+03
6210	-1.118565e+03
6211	-1.138745e+03
6212	-1.143543e+03
6213	-1.112613e+03
6214	-1.121387e+03
6215	-1.127048e+03
6216	-1.126092e+03
6217	-1.128593e+03
6218	-1.130040e+03
6219	-1.129404e+03
6220	-1.133298e+03
6221	-1.125089e+03
6222	-1.117384e+03
6223	-1.131698e+03
6224	-1.137986e+03
6225	-1.120280e+03
6226	-1.125017e+03
6227	-1.125985e+03
6228	-1.156049e+03
6229	-1.130922e+03
6230	-1.117148e+03
6231	-1.120120e+03
6232	-1.124652e+03
6233	-1.115066e+03
6234	-1.115528e+03
6235	-1.148131e+03
6236	-1.139950e+03
6237	-1.123322e+03
6238	-1.108308e+03
6239	-1.141021e+03
6240	-1.140481e+03
6241	-1.141802e+03
6242	-1.131910e+03
6243	-1.137686e+03
6244	-1.134999e+03
6245	-1.121877e+03
6246	-1.136297e+03
6247	-1.137137e+03
6248	-1.132459e+03
6249	-1.101600e+03
6250	-1.119241e+03
6251	-1.134336e+03
6252	-1.125022e+03
6253	-1.133482e+03
6254	-1.124324e+03
6255	-1.129789e+03
6256	-1.138520e+03
6257	-1.115543e+03
6258	-1.129143e+03
6259	-1.132050e+03
6260	-1.138702e+03
6261	-1.138199e+03
6262	-1.125714e+03
6263	-1.124185e+03
6264	-1.141905e+03
6265	-1.116388e+03
6266	-1.126458e+03
6267	-1.127329e+03
6268	-1.131699e+03
6269	-1.131456e+03
6270	-1.127163e+03
6271	-1.120241e+03
6272	-1.107084e+03
6273	-1.125521e+03
6274	-1.114639e+03
6275	-1.133205e+03
6276	-1.126268e+03
6277	-1.136583e+03
6278	-1.124905e+03
6279	-1.127559e+03
6280	-1.110391e+03
6281	-1.145629e+03
6282	-1.147204e+03
6283	-1.132891e+03
6284	-1.136829e+03
6285	-1.151416e+03
6286	-1.118989e+03
6287	-1.132705e+03
6288	-1.127448e+03
6289	-1.127325e+03
6290	-1.099514e+03
6291	-1.123286e+03
6292	-1.151224e+03
6293	-1.112351e+03
6294	-1.137421e+03
6295	-1.119027e+03
6296	-1.133698e+03
6297	-1.140099e+03
6298	-1.126225e+03
6299	-1.146721e+03
6300	-1.113623e+03
6301	-1.120275e+03
6302	-1.133439e+03
6303	-1.128458e+03
6304	-1.127307e+03
6305	-1.133343e+03
6306	-1.134524e+03
6307	-1.129482e+03
6308	-1.146302e+03
6309	-1.135207e+03
6310	-1.121395e+03
6311	-1.146245e+03
6312	-1.109818e+03
6313	-1.135098e+03
6314	-1.095158e+03
6315	-1.122858e+03
6316	-1.152586e+03
6317	-1.125037e+03
6318	-1.114564e+03
6319	-1.118828e+03
6320	-1.143775e+03
6321	-1.129501e+03
6322	-1.146773e+03
6323	-1.117577e+03
6324	-1.137971e+03
6325	-1.128635e+03
6326	-1.120678e+03
6327	-1.116031e+03
6328	-1.118902e+03
6329	-1.138485e+03
6330	-1.127436e+03
6331	-1.138251e+03
6332	-1.142474e+03
6333	-1.140655e+03
6334	-1.130443e+03
6335	-1.126731e+03
6336	-1.126727e+03
6337	-1.125082e+03
6338	-1.117761e+03
6339	-1.110444e+03
6340	-1.115940e+03
6341	-1.117925e+03
6342	-1.133601e+03
6343	-1.125528e+03
6344	-1.135747e+03
6345	-1.135950e+03
6346	-1.132734e+03
6347	-1.122918e+03
6348	-1.148673e+03
6349	-1.118181e+03
6350	-1.130481e+03
6351	-1.133111e+03
6352	-1.128023e+03
6353	-1.127719e+03
6354	-1.120810e+03
6355	-1.127502e+03
6356	-1.149686e+03
6357	-1.151984e+03
6358	-1.141049e+03
6359	-1.132776e+03
6360	-1.140976e+03
6361	-1.124535e+03
6362	-1.134907e+03
6363	-1.115082e+03
6364	-1.123664e+03
6365	-1.131249e+03
6366	-1.112785e+03
6367	-1.141582e+03
6368	-1.137829e+03
6369	-1.126213e+03
6370	-1.140415e+03
6371	-1.144942e+03
6372	-1.138138e+03
6373	-1.114658e+03
6374	-1.137922e+03
6375	-1.126177e+03
6376	-1.136295e+03
6377	-1.133402e+03
6378	-1.129736e+03
6379	-1.129148e+03
6380	-1.128676e+03
6381	-1.137141e+03
6382	-1.105942e+03
6383	-1.135747e+03
6384	-1.117065e+03
6385	-1.119399e+03
6386	-1.128043e+03
6387	-1.125893e+03
6388	-1.131831e+03
6389	-1.135359e+03
6390	-1.127517e+03
6391	-1.131468e+03
6392	-1.136439e+03
6393	-1.141838e+03
6394	-1.120575e+03
6395	-1.111502e+03
6396	-1.115093e+03
6397	-1.127433e+03
6398	-1.121094e+03
6399	-1.136832e+03
6400	-1.132063e+03
6401	-1.117409e+03
6402	-1.139251e+03
6403	-1.119644e+03
6404	-1.132470e+03
6405	-1.137316e+03
6406	-1.137588e+03
6407	-1.155319e+03
6408	-1.126092e+03
6409	-1.132123e+03
6410	-1.132178e+03
6411	-1.127266e+03
6412	-1.142860e+03
6413	-1.156321e+03
6414	-1.131862e+03
6415	-1.118783e+03
6416	-1.140719e+03
6417	-1.153687e+03
6418	-1.118280e+03
6419	-1.129633e+03
6420	-1.130328e+03
6421	-1.113678e+03
6422	-1.117324e+03
6423	-1.130695e+03
6424	-1.124414e+03
6425	-1.121802e+03
6426	-1.107018e+03
6427	-1.135604e+03
6428	-1.129935e+03
6429	-1.138150e+03
6430	-1.154125e+03
6431	-1.119786e+03
6432	-1.145053e+03
6433	-1.116903e+03
6434	-1.122013e+03
6435	-1.126827e+03
6436	-1.133935e+03
6437	-1.130068e+03
6438	-1.122679e+03
6439	-1.134653e+03
6440	-1.121501e+03
6441	-1.116700e+03
6442	-1.133226e+03
6443	-1.120942e+03
6444	-1.133958e+03
6445	-1.145304e+03
6446	-1.132663e+03
6447	-1.143860e+03
6448	-1.127299e+03
6449	-1.127843e+03
6450	-1.122573e+03
6451	-1.121050e+03
6452	-1.126381e+03
6453	-1.130228e+03
6454	-1.128809e+03
6455	-1.133610e+03
6456	-1.144330e+03
6457	-1.129977e+03
6458	-1.140521e+03
6459	-1.142940e+03
6460	-1.120700e+03
6461	-1.127889e+03
6462	-1.120247e+03
6463	-1.141997e+03
6464	-1.129537e+03
6465	-1.122426e+03
6466	-1.132454e+03
6467	-1.129985e+03
6468	-1.144255e+03
6469	-1.131083e+03
6470	-1.136855e+03
6471	-1.143445e+03
6472	-1.127650e+03
6473	-1.136139e+03
6474	-1.127274e+03
6475	-1.142762e+03
6476	-1.130216e+03
6477	-1.131669e+03
6478	-1.112576e+03
6479	-1.122727e+03
6480	-1.120542e+03
6481	-1.140910e+03
6482	-1.135309e+03
6483	-1.126651e+03
6484	-1.119948e+03
6485	-1.133854e+03
6486	-1.119256e+03
6487	-1.118497e+03
6488	-1.120322e+03
6489	-1.133589e+03
6490	-1.138787e+03
6491	-1.132597e+03
6492	-1.128010e+03
6493	-1.131924e+03
6494	-1.130814e+03
6495	-1.142689e+03
6496	-1.126729e+03
6497	-1.137496e+03
6498	-1.129477e+03
6499	-1.130100e+03
6500	-1.116170e+03
6501	-1.118420e+03
6502	-1.114723e+03
6503	-1.134090e+03
6504	-1.131177e+03
6505	-1.118021e+03
6506	-1.120794e+03
6507	-1.134839e+03
6508	-1.126542e+03
6509	-1.125845e+03
6510	-1.110466e+03
6511	-1.140129e+03
6512	-1.117829e+03
6513	-1.127180e+03
6514	-1.129314e+03
6515	-1.147754e+03
6516	-1.132505e+03
6517	-1.106997e+03
6518	-1.129425e+03
6519	-1.116887e+03
6520	-1.127574e+03
6521	-1.139997e+03
6522	-1.138434e+03
6523	-1.124997e+03
6524	-1.117672e+03
6525	-1.122722e+03
6526	-1.134156e+03
6527	-1.125061e+03
6528	-1.137190e+03
6529	-1.118136e+03
6530	-1.147228e+03
6531	-1.133948e+03
6532	-1.131764e+03
6533	-1.128757e+03
6534	-1.112466e+03
6535	-1.128825e+03
6536	-1.114631e+03
6537	-1.142004e+03
6538	-1.128892e+03
6539	-1.140818e+03
6540	-1.128324e+03
6541	-1.133037e+03
6542	-1.117167e+03
6543	-1.127040e+03
6544	-1.136773e+03
6545	-1.131994e+03
6546	-1.120558e+03
6547	-1.133128e+03
6548	-1.131231e+03
6549	-1.126754e+03
6550	-1.139348e+03
6551	-1.138734e+03
6552	-1.117216e+03
6553	-1.121954e+03
6554	-1.105257e+03
6555	-1.120740e+03
6556	-1.120524e+03
6557	-1.126952e+03
6558	-1.126657e+03
6559	-1.130059e+03
6560	-1.127007e+03
6561	-1.127045e+03
6562	-1.135748e+03
6563	-1.133559e+03
6564	-1.138177e+03
6565	-1.145971e+03
6566	-1.123011e+03
6567	-1.127147e+03
6568	-1.126237e+03
6569	-1.144395e+03
6570	-1.126912e+03
6571	-1.120612e+03
6572	-1.130670e+03
6573	-1.139398e+03
6574	-1.126853e+03
6575	-1.131644e+03
6576	-1.114238e+03
6577	-1.118219e+03
6578	-1.144782e+03
6579	-1.125766e+03
6580	-1.129692e+03
6581	-1.133977e+03
6582	-1.143142e+03
6583	-1.126987e+03
6584	-1.150153e+03
6585	-1.141265e+03
6586	-1.152820e+03
6587	-1.132328e+03
6588	-1.122377e+03
6589	-1.117795e+03
6590	-1.121833e+03
6591	-1.120929e+03
6592	-1.138436e+03
6593	-1.132346e+03
6594	-1.144929e+03
6595	-1.130595e+03
6596	-1.130909e+03
6597	-1.116243e+03
6598	-1.115629e+03
6599	-1.121546e+03
6600	-1.127532e+03
6601	-1.126399e+03
6602	-1.108579e+03
6603	-1.138858e+03
6604	-1.128196e+03
6605	-1.129120e+03
6606	-1.143138e+03
6607	-1.105535e+03
6608	-1.142773e+03
6609	-1.132736e+03
6610	-1.123853e+03
6611	-1.145061e+03
6612	-1.136702e+03
6613	-1.135743e+03
6614	-1.138948e+03
6615	-1.125435e+03
6616	-1.134258e+03
6617	-1.117294e+03
6618	-1.118847e+03
6619	-1.132730e+03
6620	-1.134514e+03
6621	-1.127655e+03
6622	-1.124976e+03
6623	-1.130733e+03
6624	-1.131759e+03
6625	-1.135803e+03
6626	-1.148533e+03
6627	-1.121373e+03
6628	-1.127430e+03
6629	-1.123382e+03
6630	-1.109855e+03
6631	-1.134456e+03
6632	-1.157149e+03
6633	-1.132302e+03
6634	-1.111088e+03
6635	-1.138036e+03
6636	-1.121794e+03
6637	-1.134606e+03
6638	-1.157076e+03
6639	-1.159416e+03
6640	-1.136844e+03
6641	-1.143751e+03
6642	-1.147111e+03
6643	-1.131650e+03
6644	-1.113201e+03
6645	-1.151687e+03
6646	-1.118145e+03
6647	-1.138645e+03
6648	-1.128976e+03
6649	-1.115402e+03
6650	-1.139464e+03
6651	-1.137060e+03
6652	-1.125563e+03
6653	-1.129000e+03
6654	-1.119116e+03
6655	-1.124152e+03
6656	-1.132482e+03
6657	-1.122372e+03
6658	-1.126097e+03
6659	-1.112349e+03
6660	-1.119242e+03
6661	-1.110977e+03
6662	-1.141010e+03
6663	-1.120594e+03
6664	-1.132417e+03
6665	-1.133375e+03
6666	-1.122709e+03
6667	-1.111691e+03
6668	-1.114164e+03
6669	-1.122279e+03
6670	-1.126016e+03
6671	-1.143661e+03
6672	-1.137439e+03
6673	-1.132548e+03
6674	-1.139718e+03
6675	-1.144996e+03
6676	-1.141533e+03
6677	-1.147122e+03
6678	-1.140251e+03
6679	-1.138423e+03
6680	-1.124636e+03
6681	-1.127940e+03
6682	-1.124437e+03
6683	-1.134378e+03
6684	-1.118705e+03
6685	-1.132836e+03
6686	-1.144814e+03
6687	-1.128074e+03
6688	-1.135676e+03
6689	-1.127972e+03
6690	-1.127154e+03
6691	-1.129585e+03
6692	-1.115470e+03
6693	-1.126791e+03
6694	-1.138093e+03
6695	-1.121132e+03
6696	-1.137311e+03
6697	-1.132656e+03
6698	-1.129655e+03
6699	-1.131887e+03
6700	-1.137264e+03
6701	-1.127236e+03
6702	-1.119133e+03
6703	-1.128108e+03
6704	-1.141467e+03
6705	-1.132336e+03
6706	-1.107978e+03
6707	-1.117814e+03
6708	-1.107040e+03
6709	-1.130996e+03
6710	-1.123302e+03
6711	-1.130607e+03
6712	-1.121916e+03
6713	-1.137121e+03
6714	-1.142937e+03
6715	-1.116005e+03
6716	-1.124413e+03
6717	-1.128142e+03
6718	-1.127692e+03
6719	-1.118313e+03
6720	-1.117907e+03
6721	-1.124206e+03
6722	-1.135100e+03
6723	-1.127843e+03
6724	-1.110764e+03
6725	-1.130141e+03
6726	-1.145827e+03
6727	-1.146617e+03
6728	-1.114102e+03
6729	-1.141375e+03
6730	-1.137724e+03
6731	-1.136610e+03
6732	-1.122156e+03
6733	-1.111524e+03
6734	-1.133705e+03
6735	-1.122466e+03
6736	-1.110908e+03
6737	-1.130287e+03
6738	-1.121662e+03
6739	-1.142702e+03
6740	-1.115916e+03
6741	-1.134572e+03
6742	-1.099281e+03
6743	-1.123592e+03
6744	-1.143159e+03
6745	-1.138985e+03
6746	-1.113355e+03
6747	-1.150795e+03
6748	-1.143649e+03
6749	-1.128061e+03
6750	-1.137442e+03
6751	-1.125946e+03
6752	-1.098844e+03
6753	-1.125729e+03
6754	-1.124360e+03
6755	-1.121877e+03
6756	-1.124939e+03
6757	-1.128659e+03
6758	-1.116621e+03
6759	-1.120816e+03
6760	-1.140253e+03
6761	-1.135621e+03
6762	-1.128149e+03
6763	-1.110665e+03
6764	-1.124741e+03
6765	-1.138251e+03
6766	-1.133236e+03
6767	-1.142996e+03
6768	-1.130147e+03
6769	-1.116588e+03
6770	-1.134671e+03
6771	-1.136716e+03
6772	-1.140957e+03
6773	-1.120028e+03
6774	-1.151006e+03
6775	-1.135133e+03
6776	-1.127233e+03
6777	-1.128473e+03
6778	-1.131430e+03
6779	-1.135256e+03
6780	-1.113199e+03
6781	-1.124691e+03
6782	-1.129350e+03
6783	-1.134917e+03
6784	-1.130958e+03
6785	-1.135911e+03
6786	-1.135504e+03
6787	-1.116437e+03
6788	-1.116983e+03
6789	-1.112285e+03
6790	-1.134953e+03
6791	-1.136442e+03
6792	-1.123209e+03
6793	-1.123344e+03
6794	-1.132408e+03
6795	-1.129329e+03
6796	-1.125117e+03
6797	-1.128396e+03
6798	-1.115468e+03
6799	-1.124979e+03
6800	-1.128297e+03
6801	-1.132260e+03
6802	-1.134987e+03
6803	-1.143147e+03
6804	-1.123143e+03
6805	-1.128801e+03
6806	-1.153486e+03
6807	-1.135586e+03
6808	-1.134895e+03
6809	-1.128339e+03
6810	-1.129800e+03
6811	-1.139199e+03
6812	-1.137430e+03
6813	-1.121279e+03
6814	-1.131397e+03
6815	-1.107001e+03
6816	-1.124637e+03
6817	-1.119816e+03
6818	-1.117187e+03
6819	-1.119279e+03
6820	-1.141380e+03
6821	-1.118643e+03
6822	-1.118260e+03
6823	-1.116418e+03
6824	-1.135143e+03
6825	-1.130297e+03
6826	-1.125606e+03
6827	-1.123876e+03
6828	-1.131390e+03
6829	-1.133791e+03
6830	-1.137759e+03
6831	-1.145335e+03
6832	-1.115950e+03
6833	-1.131318e+03
6834	-1.123151e+03
6835	-1.123999e+03
6836	-1.129686e+03
6837	-1.127477e+03
6838	-1.153959e+03
6839	-1.135907e+03
6840	-1.123408e+03
6841	-1.124902e+03
6842	-1.144917e+03
6843	-1.122012e+03
6844	-1.129930e+03
6845	-1.133093e+03
6846	-1.130609e+03
6847	-1.128220e+03
6848	-1.104524e+03
6849	-1.134867e+03
6850	-1.134094e+03
6851	-1.137713e+03
6852	-1.127494e+03
6853	-1.119421e+03
6854	-1.135224e+03
6855	-1.138136e+03
6856	-1.131177e+03
6857	-1.145615e+03
6858	-1.136829e+03
6859	-1.123095e+03
6860	-1.129229e+03
6861	-1.129990e+03
6862	-1.116686e+03
6863	-1.132709e+03
6864	-1.136639e+03
6865	-1.122805e+03
6866	-1.130606e+03
6867	-1.128690e+03
6868	-1.128531e+03
6869	-1.120685e+03
6870	-1.127331e+03
6871	-1.135629e+03
6872	-1.134932e+03
6873	-1.145568e+03
6874	-1.126912e+03
6875	-1.132292e+03
6876	-1.109001e+03
6877	-1.132420e+03
6878	-1.117897e+03
6879	-1.136694e+03
6880	-1.132324e+03
6881	-1.141074e+03
6882	-1.124377e+03
6883	-1.130805e+03
6884	-1.149703e+03
6885	-1.132355e+03
6886	-1.129841e+03
6887	-1.140396e+03
6888	-1.119129e+03
6889	-1.123176e+03
6890	-1.125126e+03
6891	-1.135209e+03
6892	-1.128732e+03
6893	-1.129992e+03
6894	-1.113305e+03
6895	-1.131960e+03
6896	-1.138305e+03
6897	-1.134582e+03
6898	-1.125146e+03
6899	-1.120710e+03
6900	-1.122239e+03
6901	-1.137776e+03
6902	-1.135485e+03
6903	-1.147511e+03
6904	-1.128558e+03
6905	-1.138383e+03
6906	-1.109821e+03
6907	-1.119724e+03
6908	-1.142499e+03
6909	-1.133068e+03
6910	-1.133497e+03
6911	-1.109206e+03
6912	-1.128668e+03
6913	-1.131426e+03
6914	-1.123412e+03
6915	-1.129002e+03
6916	-1.128999e+03
6917	-1.117591e+03
6918	-1.141917e+03
6919	-1.139695e+03
6920	-1.135261e+03
6921	-1.119822e+03
6922	-1.140979e+03
6923	-1.131314e+03
6924	-1.131098e+03
6925	-1.117767e+03
6926	-1.131801e+03
6927	-1.127325e+03
6928	-1.115904e+03
6929	-1.144134e+03
6930	-1.134935e+03
6931	-1.138581e+03
6932	-1.139097e+03
6933	-1.129224e+03
6934	-1.127258e+03
6935	-1.126102e+03
6936	-1.136235e+03
6937	-1.122455e+03
6938	-1.119414e+03
6939	-1.128037e+03
6940	-1.109789e+03
6941	-1.145726e+03
6942	-1.149637e+03
6943	-1.124431e+03
6944	-1.133752e+03
6945	-1.116847e+03
6946	-1.127803e+03
6947	-1.144245e+03
6948	-1.135329e+03
6949	-1.137514e+03
6950	-1.140509e+03
6951	-1.138079e+03
6952	-1.127131e+03
6953	-1.120857e+03
6954	-1.149161e+03
6955	-1.118047e+03
6956	-1.129039e+03
6957	-1.112994e+03
6958	-1.141675e+03
6959	-1.115691e+03
6960	-1.144411e+03
6961	-1.126482e+03
6962	-1.131325e+03
6963	-1.123173e+03
6964	-1.130480e+03
6965	-1.134838e+03
6966	-1.114571e+03
6967	-1.140905e+03
6968	-1.133068e+03
6969	-1.129461e+03
6970	-1.131849e+03
6971	-1.128439e+03
6972	-1.126162e+03
6973	-1.122052e+03
6974	-1.142632e+03
6975	-1.118172e+03
6976	-1.124865e+03
6977	-1.150303e+03
6978	-1.152409e+03
6979	-1.122074e+03
6980	-1.132952e+03
6981	-1.129437e+03
6982	-1.142792e+03
6983	-1.130229e+03
6984	-1.118499e+03
6985	-1.140995e+03
6986	-1.132491e+03
6987	-1.122496e+03
6988	-1.115270e+03
6989	-1.125320e+03
6990	-1.130535e+03
6991	-1.142082e+03
6992	-1.132964e+03
6993	-1.127179e+03
6994	-1.143726e+03
6995	-1.149836e+03
6996	-1.135943e+03
6997	-1.137881e+03
6998	-1.148912e+03
6999	-1.130029e+03
7000	-1.117770e+03
7001	-1.122973e+03
7002	-1.116171e+03
7003	-1.137143e+03
7004	-1.135242e+03
7005	-1.123928e+03
7006	-1.124073e+03
7007	-1.121024e+03
7008	-1.127417e+03
7009	-1.120440e+03
7010	-1.113654e+03
7011	-1.145511e+03
7012	-1.120372e+03
7013	-1.136760e+03
7014	-1.107697e+03
7015	-1.118516e+03
7016	-1.120072e+03
7017	-1.135828e+03
7018	-1.129513e+03
7019	-1.143041e+03
7020	-1.146138e+03
7021	-1.127193e+03
7022	-1.107516e+03
7023	-1.122190e+03
7024	-1.134274e+03
7025	-1.117235e+03
7026	-1.146493e+03
7027	-1.100641e+03
7028	-1.126914e+03
7029	-1.141842e+03
7030	-1.131382e+03
7031	-1.137187e+03
7032	-1.124616e+03
7033	-1.155349e+03
7034	-1.139475e+03
7035	-1.134780e+03
7036	-1.151314e+03
7037	-1.136663e+03
7038	-1.132344e+03
7039	-1.145189e+03
7040	-1.131842e+03
7041	-1.126402e+03
7042	-1.131157e+03
7043	-1.140084e+03
7044	-1.132053e+03
7045	-1.137191e+03
7046	-1.156893e+03
7047	-1.123845e+03
7048	-1.146613e+03
7049	-1.131720e+03
7050	-1.133068e+03
7051	-1.112773e+03
7052	-1.126220e+03
7053	-1.129910e+03
7054	-1.124887e+03
7055	-1.129585e+03
7056	-1.144545e+03
7057	-1.149682e+03
7058	-1.130129e+03
7059	-1.115049e+03
7060	-1.139826e+03
7061	-1.125282e+03
7062	-1.139762e+03
7063	-1.110379e+03
7064	-1.125063e+03
7065	-1.138733e+03
7066	-1.127735e+03
7067	-1.131908e+03
7068	-1.133155e+03
7069	-1.115796e+03
7070	-1.150597e+03
7071	-1.148176e+03
7072	-1.125633e+03
7073	-1.127728e+03
7074	-1.114683e+03
7075	-1.133440e+03
7076	-1.135061e+03
7077	-1.127006e+03
7078	-1.133425e+03
7079	-1.131794e+03
7080	-1.127919e+03
7081	-1.124230e+03
7082	-1.119128e+03
7083	-1.130552e+03
7084	-1.126903e+03
7085	-1.133554e+03
7086	-1.138094e+03
7087	-1.141763e+03
7088	-1.131625e+03
7089	-1.127433e+03
7090	-1.140979e+03
7091	-1.134412e+03
7092	-1.125203e+03
7093	-1.118631e+03
7094	-1.132328e+03
7095	-1.098873e+03
7096	-1.121040e+03
7097	-1.104293e+03
7098	-1.124545e+03
7099	-1.130414e+03
7100	-1.136011e+03
7101	-1.128327e+03
7102	-1.116164e+03
7103	-1.125517e+03
7104	-1.126133e+03
7105	-1.149890e+03
7106	-1.123347e+03
7107	-1.121779e+03
7108	-1.143529e+03
7109	-1.122089e+03
7110	-1.111492e+03
7111	-1.147785e+03
7112	-1.143775e+03
7113	-1.147323e+03
7114	-1.109670e+03
7115	-1.120871e+03
7116	-1.128849e+03
7117	-1.135070e+03
7118	-1.129542e+03
7119	-1.112551e+03
7120	-1.127191e+03
7121	-1.143155e+03
7122	-1.139333e+03
7123	-1.107874e+03
7124	-1.141654e+03
7125	-1.164871e+03
7126	-1.127726e+03
7127	-1.129197e+03
7128	-1.134649e+03
7129	-1.136541e+03
7130	-1.145343e+03
7131	-1.153396e+03
7132	-1.126982e+03
7133	-1.125504e+03
7134	-1.140398e+03
7135	-1.127029e+03
7136	-1.127621e+03
7137	-1.138773e+03
7138	-1.113363e+03
7139	-1.135615e+03
7140	-1.121568e+03
7141	-1.142194e+03
7142	-1.106606e+03
7143	-1.130780e+03
7144	-1.129263e+03
7145	-1.137867e+03
7146	-1.116317e+03
7147	-1.123293e+03
7148	-1.122469e+03
7149	-1.115319e+03
7150	-1.139530e+03
7151	-1.110692e+03
7152	-1.114567e+03
7153	-1.138029e+03
7154	-1.137677e+03
7155	-1.141300e+03
7156	-1.121238e+03
7157	-1.133982e+03
7158	-1.117564e+03
7159	-1.127339e+03
7160	-1.110982e+03
7161	-1.129859e+03
7162	-1.130295e+03
7163	-1.127292e+03
7164	-1.147801e+03
7165	-1.145720e+03
7166	-1.134121e+03
7167	-1.131167e+03
7168	-1.114566e+03
7169	-1.139073e+03
7170	-1.123169e+03
7171	-1.130186e+03
7172	-1.121949e+03
7173	-1.128325e+03
7174	-1.127232e+03
7175	-1.145072e+03
7176	-1.145424e+03
7177	-1.126690e+03
7178	-1.119955e+03
7179	-1.134798e+03
7180	-1.142208e+03
7181	-1.125872e+03
7182	-1.122490e+03
7183	-1.131297e+03
7184	-1.136724e+03
7185	-1.132220e+03
7186	-1.124073e+03
7187	-1.135672e+03
7188	-1.142641e+03
7189	-1.130636e+03
7190	-1.125751e+03
7191	-1.122758e+03
7192	-1.143139e+03
7193	-1.136529e+03
7194	-1.132937e+03
7195	-1.117735e+03
7196	-1.120522e+03
7197	-1.139999e+03
7198	-1.127213e+03
7199	-1.127285e+03
7200	-1.118544e+03
7201	-1.123770e+03
7202	-1.126518e+03
7203	-1.128283e+03
7204	-1.131647e+03
7205	-1.138614e+03
7206	-1.118200e+03
7207	-1.140083e+03
7208	-1.136368e+03
7209	-1.130191e+03
7210	-1.121786e+03
7211	-1.116434e+03
7212	-1.134414e+03
7213	-1.119532e+03
7214	-1.139242e+03
7215	-1.138200e+03
7216	-1.110759e+03
7217	-1.129266e+03
7218	-1.148259e+03
7219	-1.128219e+03
7220	-1.126063e+03
7221	-1.130772e+03
7222	-1.137357e+03
7223	-1.119485e+03
7224	-1.123568e+03
7225	-1.134834e+03
7226	-1.117951e+03
7227	-1.128098e+03
7228	-1.124294e+03
7229	-1.138032e+03
7230	-1.147379e+03
7231	-1.138939e+03
7232	-1.137890e+03
7233	-1.147012e+03
7234	-1.132637e+03
7235	-1.123756e+03
7236	-1.150067e+03
7237	-1.122232e+03
7238	-1.117131e+03
7239	-1.108359e+03
7240	-1.134615e+03
7241	-1.126114e+03
7242	-1.113066e+03
7243	-1.109789e+03
7244	-1.098164e+03
7245	-1.130468e+03
7246	-1.110056e+03
7247	-1.140176e+03
7248	-1.129437e+03
7249	-1.134724e+03
7250	-1.109171e+03
7251	-1.125456e+03
7252	-1.140378e+03
7253	-1.135655e+03
7254	-1.126742e+03
7255	-1.135655e+03
7256	-1.110012e+03
7257	-1.131611e+03
7258	-1.155060e+03
7259	-1.117333e+03
7260	-1.124514e+03
7261	-1.125695e+03
7262	-1.137880e+03
7263	-1.133472e+03
7264	-1.119109e+03
7265	-1.121189e+03
7266	-1.108027e+03
7267	-1.118300e+03
7268	-1.131558e+03
7269	-1.133201e+03
7270	-1.136902e+03
7271	-1.118738e+03
7272	-1.123306e+03
7273	-1.143114e+03
7274	-1.118908e+03
7275	-1.113632e+03
7276	-1.134857e+03
7277	-1.128652e+03
7278	-1.132405e+03
7279	-1.117186e+03
7280	-1.117050e+03
7281	-1.124752e+03
7282	-1.121751e+03
7283	-1.143068e+03
7284	-1.136728e+03
7285	-1.111414e+03
7286	-1.124439e+03
7287	-1.145594e+03
7288	-1.108361e+03
7289	-1.126346e+03
7290	-1.122729e+03
7291	-1.122540e+03
7292	-1.129413e+03
7293	-1.121021e+03
7294	-1.137109e+03
7295	-1.133625e+03
7296	-1.120431e+03
7297	-1.126679e+03
7298	-1.145181e+03
7299	-1.119571e+03
7300	-1.152518e+03
7301	-1.128442e+03
7302	-1.131761e+03
7303	-1.151319e+03
7304	-1.131710e+03
7305	-1.118223e+03
7306	-1.122469e+03
7307	-1.138670e+03
7308	-1.125904e+03
7309	-1.136414e+03
7310	-1.116578e+03
7311	-1.126420e+03
7312	-1.123277e+03
7313	-1.125731e+03
7314	-1.139014e+03
7315	-1.119630e+03
7316	-1.134828e+03
7317	-1.144907e+03
7318	-1.131411e+03
7319	-1.099727e+03
7320	-1.152872e+03
7321	-1.128510e+03
7322	-1.138572e+03
7323	-1.138454e+03
7324	-1.130163e+03
7325	-1.150893e+03
7326	-1.112903e+03
7327	-1.123474e+03
7328	-1.125183e+03
7329	-1.125078e+03
7330	-1.130758e+03
7331	-1.152401e+03
7332	-1.126207e+03
7333	-1.112463e+03
7334	-1.142271e+03
7335	-1.136718e+03
7336	-1.137700e+03
7337	-1.116404e+03
7338	-1.116425e+03
7339	-1.126902e+03
7340	-1.140789e+03
7341	-1.130275e+03
7342	-1.126946e+03
7343	-1.139974e+03
7344	-1.145213e+03
7345	-1.126955e+03
7346	-1.121448e+03
7347	-1.129602e+03
7348	-1.106495e+03
7349	-1.154119e+03
7350	-1.142736e+03
7351	-1.126798e+03
7352	-1.122801e+03
7353	-1.114653e+03
7354	-1.143558e+03
7355	-1.132941e+03
7356	-1.142292e+03
7357	-1.135580e+03
7358	-1.131669e+03
7359	-1.128304e+03
7360	-1.125684e+03
7361	-1.118562e+03
7362	-1.107757e+03
7363	-1.136144e+03
7364	-1.125949e+03
7365	-1.148407e+03
7366	-1.149656e+03
7367	-1.135981e+03
7368	-1.146806e+03
7369	-1.120627e+03
7370	-1.104092e+03
7371	-1.135461e+03
7372	-1.129172e+03
7373	-1.116455e+03
7374	-1.121529e+03
7375	-1.138632e+03
7376	-1.127677e+03
7377	-1.115567e+03
7378	-1.124384e+03
7379	-1.133344e+03
7380	-1.134046e+03
7381	-1.140630e+03
7382	-1.113794e+03
7383	-1.133810e+03
7384	-1.151891e+03
7385	-1.131721e+03
7386	-1.138372e+03
7387	-1.121384e+03
7388	-1.121566e+03
7389	-1.136862e+03
7390	-1.127306e+03
7391	-1.134541e+03
7392	-1.137269e+03
7393	-1.106431e+03
7394	-1.106916e+03
7395	-1.139617e+03
7396	-1.126614e+03
7397	-1.132942e+03
7398	-1.137786e+03
7399	-1.133643e+03
7400	-1.120652e+03
7401	-1.124505e+03
7402	-1.129029e+03
7403	-1.117783e+03
7404	-1.143054e+03
7405	-1.123932e+03
7406	-1.130831e+03
7407	-1.128318e+03
7408	-1.122949e+03
7409	-1.143408e+03
7410	-1.115148e+03
7411	-1.133241e+03
7412	-1.128982e+03
7413	-1.124032e+03
7414	-1.114428e+03
7415	-1.114970e+03
7416	-1.142501e+03
7417	-1.141161e+03
7418	-1.143155e+03
7419	-1.133680e+03
7420	-1.147028e+03
7421	-1.131225e+03
7422	-1.132025e+03
7423	-1.132180e+03
7424	-1.126032e+03
7425	-1.118117e+03
7426	-1.133499e+03
7427	-1.122911e+03
7428	-1.126812e+03
7429	-1.117072e+03
7430	-1.143688e+03
7431	-1.134884e+03
7432	-1.121076e+03
7433	-1.133789e+03
7434	-1.130724e+03
7435	-1.120803e+03
7436	-1.150548e+03
7437	-1.111643e+03
7438	-1.117363e+03
7439	-1.137075e+03
7440	-1.129885e+03
7441	-1.144851e+03
7442	-1.129624e+03
7443	-1.112815e+03
7444	-1.140086e+03
7445	-1.112095e+03
7446	-1.121016e+03
7447	-1.128205e+03
7448	-1.123122e+03
7449	-1.130163e+03
7450	-1.128862e+03
7451	-1.139042e+03
7452	-1.117241e+03
7453	-1.138392e+03
7454	-1.117162e+03
7455	-1.132696e+03
7456	-1.129803e+03
7457	-1.113203e+03
7458	-1.152628e+03
7459	-1.122160e+03
7460	-1.137723e+03
7461	-1.132187e+03
7462	-1.120649e+03
7463	-1.136650e+03
7464	-1.135160e+03
7465	-1.145766e+03
7466	-1.115194e+03
7467	-1.136640e+03
7468	-1.124902e+03
7469	-1.132128e+03
7470	-1.142332e+03
7471	-1.135616e+03
7472	-1.130909e+03
7473	-1.128662e+03
7474	-1.128638e+03
7475	-1.111408e+03
7476	-1.109117e+03
7477	-1.133004e+03
7478	-1.126448e+03
7479	-1.137695e+03
7480	-1.127317e+03
7481	-1.094950e+03
7482	-1.099849e+03
7483	-1.135685e+03
7484	-1.122498e+03
7485	-1.125941e+03
7486	-1.125324e+03
7487	-1.133612e+03
7488	-1.118912e+03
7489	-1.129029e+03
7490	-1.131057e+03
7491	-1.116829e+03
7492	-1.142331e+03
7493	-1.142739e+03
7494	-1.135133e+03
7495	-1.144252e+03
7496	-1.143939e+03
7497	-1.141147e+03
7498	-1.132147e+03
7499	-1.148819e+03
7500	-1.124097e+03
7501	-1.118058e+03
7502	-1.135869e+03
7503	-1.129562e+03
7504	-1.123995e+03
7505	-1.145310e+03
7506	-1.117087e+03
7507	-1.125490e+03
7508	-1.122924e+03
7509	-1.151255e+03
7510	-1.137923e+03
7511	-1.110117e+03
7512	-1.120125e+03
7513	-1.124623e+03
7514	-1.124385e+03
7515	-1.139256e+03
7516	-1.126013e+03
7517	-1.143643e+03
7518	-1.128582e+03
7519	-1.132327e+03
7520	-1.127333e+03
7521	-1.149588e+03
7522	-1.132412e+03
7523	-1.118151e+03
7524	-1.145437e+03
7525	-1.117896e+03
7526	-1.150762e+03
7527	-1.115821e+03
7528	-1.136906e+03
7529	-1.133124e+03
7530	-1.140345e+03
7531	-1.130666e+03
7532	-1.113952e+03
7533	-1.111924e+03
7534	-1.138319e+03
7535	-1.123321e+03
7536	-1.115749e+03
7537	-1.126779e+03
7538	-1.116499e+03
7539	-1.145776e+03
7540	-1.118799e+03
7541	-1.120461e+03
7542	-1.134544e+03
7543	-1.132386e+03
7544	-1.133295e+03
7545	-1.123532e+03
7546	-1.129003e+03
7547	-1.126512e+03
7548	-1.121233e+03
7549	-1.147781e+03
7550	-1.112262e+03
7551	-1.141876e+03
7552	-1.146711e+03
7553	-1.147040e+03
7554	-1.126705e+03
7555	-1.137138e+03
7556	-1.117686e+03
7557	-1.124397e+03
7558	-1.107757e+03
7559	-1.100022e+03
7560	-1.130338e+03
7561	-1.101029e+03
7562	-1.124995e+03
7563	-1.131388e+03
7564	-1.127295e+03
7565	-1.140248e+03
7566	-1.138513e+03
7567	-1.143901e+03
7568	-1.137361e+03
7569	-1.129651e+03
7570	-1.133470e+03
7571	-1.116734e+03
7572	-1.117323e+03
7573	-1.113330e+03
7574	-1.143882e+03
7575	-1.137168e+03
7576	-1.124336e+03
7577	-1.138409e+03
7578	-1.144138e+03
7579	-1.142604e+03
7580	-1.130831e+03
7581	-1.127656e+03
7582	-1.121244e+03
7583	-1.149053e+03
7584	-1.122956e+03
7585	-1.136846e+03
7586	-1.130436e+03
7587	-1.153471e+03
7588	-1.130249e+03
7589	-1.120570e+03
7590	-1.141643e+03
7591	-1.131697e+03
7592	-1.147455e+03
7593	-1.132851e+03
7594	-1.119780e+03
7595	-1.140539e+03
7596	-1.118109e+03
7597	-1.133278e+03
7598	-1.140490e+03
7599	-1.134891e+03
7600	-1.120100e+03
7601	-1.128134e+03
7602	-1.130725e+03
7603	-1.122074e+03
7604	-1.128287e+03
7605	-1.134254e+03
7606	-1.142530e+03
7607	-1.134519e+03
7608	-1.133430e+03
7609	-1.134186e+03
7610	-1.131850e+03
7611	-1.121834e+03
7612	-1.131223e+03
7613	-1.126500e+03
7614	-1.129437e+03
7615	-1.116671e+03
7616	-1.137597e+03
7617	-1.128092e+03
7618	-1.129001e+03
7619	-1.138225e+03
7620	-1.129227e+03
7621	-1.115556e+03
7622	-1.132800e+03
7623	-1.132528e+03
7624	-1.114867e+03
7625	-1.127947e+03
7626	-1.135220e+03
7627	-1.133096e+03
7628	-1.154156e+03
7629	-1.120838e+03
7630	-1.119453e+03
7631	-1.126845e+03
7632	-1.142859e+03
7633	-1.147892e+03
7634	-1.122960e+03
7635	-1.120354e+03
7636	-1.109965e+03
7637	-1.157799e+03
7638	-1.141984e+03
7639	-1.135564e+03
7640	-1.119607e+03
7641	-1.126765e+03
7642	-1.146349e+03
7643	-1.140448e+03
7644	-1.137076e+03
7645	-1.133102e+03
7646	-1.104426e+03
7647	-1.149542e+03
7648	-1.138917e+03
7649	-1.132349e+03
7650	-1.136488e+03
7651	-1.122881e+03
7652	-1.107328e+03
7653	-1.121794e+03
7654	-1.132028e+03
7655	-1.134066e+03
7656	-1.154524e+03
7657	-1.119077e+03
7658	-1.122173e+03
7659	-1.141606e+03
7660	-1.127141e+03
7661	-1.127324e+03
7662	-1.118739e+03
7663	-1.109224e+03
7664	-1.119065e+03
7665	-1.118988e+03
7666	-1.137819e+03
7667	-1.132930e+03
7668	-1.128343e+03
7669	-1.134757e+03
7670	-1.138443e+03
7671	-1.136357e+03
7672	-1.117067e+03
7673	-1.119487e+03
7674	-1.117562e+03
7675	-1.118172e+03
7676	-1.114234e+03
7677	-1.119835e+03
7678	-1.127746e+03
7679	-1.122571e+03
7680	-1.147225e+03
7681	-1.135100e+03
7682	-1.137668e+03
7683	-1.135109e+03
7684	-1.121487e+03
7685	-1.123814e+03
7686	-1.131678e+03
7687	-1.123622e+03
7688	-1.115953e+03
7689	-1.136657e+03
7690	-1.118585e+03
7691	-1.127723e+03
7692	-1.126328e+03
7693	-1.149233e+03
7694	-1.126427e+03
7695	-1.147481e+03
7696	-1.106785e+03
7697	-1.098646e+03
7698	-1.116256e+03
7699	-1.124016e+03
7700	-1.128408e+03
7701	-1.137406e+03
7702	-1.111607e+03
7703	-1.142763e+03
7704	-1.126085e+03
7705	-1.153965e+03
7706	-1.129888e+03
7707	-1.122271e+03
7708	-1.130877e+03
7709	-1.145703e+03
7710	-1.126555e+03
7711	-1.127549e+03
7712	-1.131872e+03
7713	-1.126632e+03
7714	-1.130912e+03
7715	-1.141396e+03
7716	-1.134969e+03
7717	-1.127130e+03
7718	-1.116231e+03
7719	-1.134034e+03
7720	-1.136958e+03
7721	-1.110699e+03
7722	-1.121188e+03
7723	-1.117550e+03
7724	-1.126501e+03
7725	-1.117277e+03
7726	-1.132125e+03
7727	-1.132862e+03
7728	-1.136595e+03
7729	-1.133620e+03
7730	-1.118867e+03
7731	-1.118805e+03
7732	-1.140113e+03
7733	-1.123462e+03
7734	-1.126214e+03
7735	-1.140133e+03
7736	-1.111801e+03
7737	-1.136036e+03
7738	-1.131642e+03
7739	-1.135567e+03
7740	-1.112240e+03
7741	-1.143121e+03
7742	-1.129412e+03
7743	-1.115523e+03
7744	-1.144066e+03
7745	-1.119874e+03
7746	-1.122317e+03
7747	-1.118147e+03
7748	-1.119958e+03
7749	-1.130492e+03
7750	-1.130403e+03
7751	-1.122345e+03
7752	-1.126064e+03
7753	-1.114032e+03
7754	-1.126429e+03
7755	-1.140262e+03
7756	-1.136237e+03
7757	-1.101122e+03
7758	-1.126585e+03
7759	-1.129521e+03
7760	-1.114312e+03
7761	-1.132556e+03
7762	-1.162770e+03
7763	-1.137994e+03
7764	-1.132840e+03
7765	-1.111465e+03
7766	-1.136618e+03
7767	-1.142115e+03
7768	-1.138460e+03
7769	-1.122180e+03
7770	-1.142453e+03
7771	-1.117819e+03
7772	-1.123553e+03
7773	-1.115109e+03
7774	-1.131014e+03
7775	-1.136966e+03
7776	-1.145364e+03
7777	-1.132596e+03
7778	-1.128879e+03
7779	-1.133495e+03
7780	-1.150685e+03
7781	-1.115682e+03
7782	-1.114132e+03
7783	-1.111543e+03
7784	-1.135436e+03
7785	-1.111939e+03
7786	-1.124185e+03
7787	-1.138794e+03
7788	-1.123377e+03
7789	-1.106728e+03
7790	-1.139105e+03
7791	-1.128851e+03
7792	-1.093224e+03
7793	-1.112399e+03
7794	-1.129879e+03
7795	-1.129254e+03
7796	-1.151506e+03
7797	-1.126663e+03
7798	-1.130223e+03
7799	-1.116538e+03
7800	-1.119960e+03
7801	-1.124767e+03
7802	-1.137771e+03
7803	-1.101540e+03
7804	-1.137741e+03
7805	-1.123829e+03
7806	-1.129671e+03
7807	-1.125179e+03
7808	-1.126019e+03
7809	-1.151899e+03
7810	-1.109205e+03
7811	-1.154144e+03
7812	-1.140593e+03
7813	-1.126514e+03
7814	-1.132238e+03
7815	-1.139284e+03
7816	-1.124726e+03
7817	-1.139547e+03
7818	-1.134665e+03
7819	-1.133020e+03
7820	-1.110032e+03
7821	-1.129676e+03
7822	-1.130620e+03
7823	-1.123561e+03
7824	-1.112274e+03
7825	-1.125030e+03
7826	-1.130205e+03
7827	-1.124676e+03
7828	-1.139392e+03
7829	-1.125232e+03
7830	-1.140195e+03
7831	-1.126492e+03
7832	-1.152362e+03
7833	-1.119171e+03
7834	-1.139519e+03
7835	-1.158294e+03
7836	-1.135043e+03
7837	-1.130276e+03
7838	-1.134367e+03
7839	-1.137517e+03
7840	-1.146438e+03
7841	-1.128363e+03
7842	-1.120711e+03
7843	-1.151420e+03
7844	-1.132445e+03
7845	-1.140200e+03
7846	-1.135172e+03
7847	-1.133334e+03
7848	-1.116787e+03
7849	-1.131543e+03
7850	-1.149368e+03
7851	-1.130791e+03
7852	-1.136233e+03
7853	-1.142375e+03
7854	-1.120453e+03
7855	-1.124819e+03
7856	-1.126960e+03
7857	-1.127648e+03
7858	-1.117314e+03
7859	-1.139214e+03
7860	-1.142336e+03
7861	-1.138089e+03
7862	-1.128160e+03
7863	-1.128458e+03
7864	-1.115502e+03
7865	-1.132368e+03
7866	-1.136102e+03
7867	-1.140965e+03
7868	-1.099851e+03
7869	-1.140108e+03
7870	-1.125721e+03
7871	-1.128258e+03
7872	-1.147582e+03
7873	-1.126971e+03
7874	-1.136974e+03
7875	-1.131384e+03
7876	-1.135158e+03
7877	-1.128397e+03
7878	-1.142773e+03
7879	-1.124872e+03
7880	-1.149166e+03
7881	-1.117197e+03
7882	-1.107477e+03
7883	-1.139682e+03
7884	-1.132412e+03
7885	-1.135544e+03
7886	-1.131878e+03
7887	-1.131848e+03
7888	-1.133161e+03
7889	-1.142753e+03
7890	-1.108320e+03
7891	-1.116529e+03
7892	-1.123419e+03
7893	-1.137478e+03
7894	-1.125472e+03
7895	-1.136112e+03
7896	-1.118442e+03
7897	-1.121144e+03
7898	-1.123064e+03
7899	-1.133002e+03
7900	-1.127746e+03
7901	-1.121302e+03
7902	-1.134464e+03
7903	-1.127189e+03
7904	-1.127710e+03
7905	-1.137302e+03
7906	-1.146876e+03
7907	-1.149892e+03
7908	-1.129125e+03
7909	-1.120703e+03
7910	-1.135497e+03
7911	-1.125078e+03
7912	-1.136542e+03
7913	-1.138053e+03
7914	-1.146004e+03
7915	-1.140008e+03
7916	-1.127381e+03
7917	-1.129806e+03
7918	-1.133955e+03
7919	-1.140925e+03
7920	-1.137664e+03
7921	-1.134214e+03
7922	-1.157134e+03
7923	-1.133928e+03
7924	-1.111776e+03
7925	-1.116828e+03
7926	-1.106674e+03
7927	-1.140693e+03
7928	-1.115365e+03
7929	-1.142958e+03
7930	-1.117434e+03
7931	-1.134990e+03
7932	-1.129117e+03
7933	-1.140853e+03
7934	-1.133217e+03
7935	-1.133998e+03
7936	-1.136613e+03
7937	-1.110723e+03
7938	-1.141947e+03
7939	-1.133186e+03
7940	-1.121404e+03
7941	-1.116468e+03
7942	-1.131250e+03
7943	-1.111312e+03
7944	-1.106632e+03
7945	-1.124196e+03
7946	-1.142337e+03
7947	-1.121845e+03
7948	-1.143055e+03
7949	-1.118504e+03
7950	-1.137106e+03
7951	-1.106743e+03
7952	-1.138939e+03
7953	-1.159327e+03
7954	-1.114101e+03
7955	-1.126769e+03
7956	-1.126736e+03
7957	-1.128814e+03
7958	-1.139291e+03
7959	-1.132276e+03
7960	-1.112895e+03
7961	-1.118677e+03
7962	-1.142240e+03
7963	-1.114979e+03
7964	-1.137035e+03
7965	-1.120989e+03
7966	-1.130191e+03
7967	-1.120258e+03
7968	-1.120087e+03
7969	-1.136048e+03
7970	-1.125486e+03
7971	-1.143681e+03
7972	-1.122047e+03
7973	-1.128374e+03
7974	-1.121073e+03
7975	-1.127403e+03
7976	-1.128035e+03
7977	-1.128029e+03
7978	-1.106737e+03
7979	-1.135618e+03
7980	-1.144283e+03
7981	-1.129684e+03
7982	-1.131991e+03
7983	-1.117564e+03
7984	-1.133083e+03
7985	-1.143663e+03
7986	-1.125519e+03
7987	-1.127775e+03
7988	-1.129478e+03
7989	-1.114015e+03
7990	-1.134501e+03
7991	-1.127443e+03
7992	-1.111964e+03
7993	-1.136009e+03
7994	-1.109857e+03
7995	-1.152006e+03
7996	-1.124083e+03
7997	-1.132025e+03
7998	-1.149441e+03
7999	-1.104040e+03
8000	-1.134406e+03
8001	-1.133328e+03
8002	-1.133979e+03
8003	-1.118795e+03
8004	-1.126228e+03
8005	-1.125274e+03
8006	-1.129459e+03
8007	-1.137772e+03
8008	-1.148722e+03
8009	-1.141448e+03
8010	-1.130551e+03
8011	-1.138376e+03
8012	-1.142694e+03
8013	-1.129800e+03
8014	-1.119271e+03
8015	-1.128620e+03
8016	-1.133908e+03
8017	-1.131955e+03
8018	-1.118407e+03
8019	-1.130364e+03
8020	-1.107596e+03
8021	-1.113078e+03
8022	-1.126430e+03
8023	-1.124804e+03
8024	-1.118446e+03
8025	-1.136146e+03
8026	-1.123746e+03
8027	-1.135528e+03
8028	-1.136852e+03
8029	-1.128838e+03
8030	-1.124443e+03
8031	-1.116165e+03
8032	-1.138751e+03
8033	-1.146000e+03
8034	-1.116188e+03
8035	-1.131019e+03
8036	-1.116739e+03
8037	-1.140354e+03
8038	-1.131631e+03
8039	-1.136968e+03
8040	-1.147580e+03
8041	-1.135112e+03
8042	-1.135830e+03
8043	-1.140127e+03
8044	-1.127631e+03
8045	-1.124781e+03
8046	-1.127452e+03
8047	-1.141139e+03
8048	-1.127519e+03
8049	-1.131936e+03
8050	-1.104516e+03
8051	-1.127898e+03
8052	-1.120997e+03
8053	-1.137919e+03
8054	-1.130793e+03
8055	-1.135137e+03
8056	-1.123551e+03
8057	-1.129064e+03
8058	-1.129445e+03
8059	-1.128178e+03
8060	-1.138010e+03
8061	-1.141614e+03
8062	-1.138062e+03
8063	-1.127216e+03
8064	-1.132115e+03
8065	-1.147103e+03
8066	-1.130968e+03
8067	-1.120955e+03
8068	-1.104362e+03
8069	-1.139078e+03
8070	-1.127287e+03
8071	-1.135598e+03
8072	-1.112796e+03
8073	-1.126262e+03
8074	-1.152524e+03
8075	-1.118508e+03
8076	-1.141593e+03
8077	-1.167565e+03
8078	-1.122995e+03
8079	-1.138265e+03
8080	-1.131286e+03
8081	-1.130425e+03
8082	-1.124625e+03
8083	-1.104959e+03
8084	-1.128618e+03
8085	-1.133889e+03
8086	-1.136312e+03
8087	-1.116188e+03
8088	-1.135349e+03
8089	-1.143095e+03
8090	-1.132488e+03
8091	-1.120525e+03
8092	-1.132284e+03
8093	-1.125500e+03
8094	-1.126528e+03
8095	-1.121477e+03
8096	-1.124246e+03
8097	-1.157211e+03
8098	-1.111785e+03
8099	-1.132769e+03
8100	-1.151781e+03
8101	-1.122921e+03
8102	-1.133787e+03
8103	-1.146119e+03
8104	-1.133337e+03
8105	-1.104507e+03
8106	-1.139878e+03
8107	-1.141305e+03
8108	-1.116681e+03
8109	-1.145265e+03
8110	-1.115056e+03
8111	-1.145766e+03
8112	-1.126370e+03
8113	-1.129578e+03
8114	-1.111899e+03
8115	-1.137913e+03
8116	-1.138627e+03
8117	-1.120210e+03
8118	-1.122857e+03
8119	-1.137433e+03
8120	-1.125940e+03
8121	-1.124447e+03
8122	-1.107950e+03
8123	-1.129770e+03
8124	-1.131080e+03
8125	-1.119919e+03
8126	-1.119807e+03
8127	-1.129739e+03
8128	-1.122401e+03
8129	-1.136744e+03
8130	-1.143317e+03
8131	-1.121659e+03
8132	-1.134470e+03
8133	-1.126669e+03
8134	-1.127403e+03
8135	-1.130761e+03
8136	-1.113968e+03
8137	-1.116059e+03
8138	-1.127193e+03
8139	-1.128970e+03
8140	-1.136779e+03
8141	-1.127751e+03
8142	-1.141402e+03
8143	-1.120128e+03
8144	-1.130359e+03
8145	-1.118618e+03
8146	-1.136030e+03
8147	-1.126129e+03
8148	-1.126944e+03
8149	-1.139085e+03
8150	-1.117567e+03
8151	-1.135212e+03
8152	-1.125700e+03
8153	-1.117335e+03
8154	-1.127729e+03
8155	-1.137509e+03
8156	-1.143423e+03
8157	-1.106411e+03
8158	-1.144957e+03
8159	-1.126388e+03
8160	-1.146723e+03
8161	-1.138508e+03
8162	-1.126891e+03
8163	-1.114253e+03
8164	-1.119539e+03
8165	-1.120431e+03
8166	-1.124823e+03
8167	-1.114854e+03
8168	-1.121763e+03
8169	-1.128889e+03
8170	-1.133866e+03
8171	-1.134246e+03
8172	-1.125098e+03
8173	-1.125462e+03
8174	-1.115637e+03
8175	-1.121804e+03
8176	-1.127282e+03
8177	-1.124704e+03
8178	-1.128803e+03
8179	-1.144425e+03
8180	-1.129493e+03
8181	-1.124648e+03
8182	-1.142444e+03
8183	-1.115803e+03
8184	-1.158547e+03
8185	-1.139065e+03
8186	-1.126746e+03
8187	-1.117935e+03
8188	-1.126588e+03
8189	-1.136221e+03
8190	-1.136748e+03
8191	-1.124474e+03
8192	-1.135965e+03
8193	-1.127523e+03
8194	-1.112748e+03
8195	-1.156911e+03
8196	-1.153194e+03
8197	-1.133914e+03
8198	-1.142079e+03
8199	-1.136042e+03
8200	-1.128230e+03
8201	-1.130541e+03
8202	-1.135511e+03
8203	-1.128084e+03
8204	-1.132337e+03
8205	-1.122887e+03
8206	-1.139871e+03
8207	-1.128962e+03
8208	-1.124946e+03
8209	-1.150723e+03
8210	-1.112729e+03
8211	-1.133716e+03
8212	-1.147646e+03
8213	-1.119769e+03
8214	-1.132748e+03
8215	-1.129113e+03
8216	-1.112731e+03
8217	-1.129222e+03
8218	-1.131288e+03
8219	-1.139051e+03
8220	-1.129887e+03
8221	-1.138324e+03
8222	-1.130257e+03
8223	-1.131139e+03
8224	-1.128173e+03
8225	-1.127995e+03
8226	-1.111236e+03
8227	-1.140449e+03
8228	-1.114248e+03
8229	-1.126916e+03
8230	-1.119691e+03
8231	-1.130844e+03
8232	-1.108519e+03
8233	-1.131668e+03
8234	-1.144700e+03
8235	-1.127883e+03
8236	-1.117330e+03
8237	-1.119395e+03
8238	-1.134774e+03
8239	-1.144490e+03
8240	-1.142476e+03
8241	-1.138116e+03
8242	-1.124381e+03
8243	-1.124123e+03
8244	-1.132045e+03
8245	-1.134966e+03
8246	-1.135559e+03
8247	-1.135198e+03
8248	-1.128449e+03
8249	-1.120499e+03
8250	-1.113502e+03
8251	-1.130915e+03
8252	-1.132396e+03
8253	-1.131083e+03
8254	-1.131109e+03
8255	-1.118490e+03
8256	-1.116163e+03
8257	-1.139763e+03
8258	-1.130596e+03
8259	-1.120903e+03
8260	-1.121526e+03
8261	-1.102112e+03
8262	-1.145813e+03
8263	-1.106451e+03
8264	-1.140048e+03
8265	-1.133427e+03
8266	-1.129915e+03
8267	-1.122072e+03
8268	-1.147648e+03
8269	-1.132708e+03
8270	-1.122093e+03
8271	-1.120290e+03
8272	-1.118131e+03
8273	-1.129763e+03
8274	-1.121980e+03
8275	-1.136094e+03
8276	-1.151704e+03
8277	-1.137341e+03
8278	-1.120442e+03
8279	-1.132019e+03
8280	-1.135907e+03
8281	-1.100714e+03
8282	-1.123234e+03
8283	-1.122960e+03
8284	-1.129036e+03
8285	-1.132912e+03
8286	-1.126549e+03
8287	-1.131595e+03
8288	-1.124666e+03
8289	-1.118879e+03
8290	-1.135356e+03
8291	-1.142616e+03
8292	-1.139032e+03
8293	-1.136136e+03
8294	-1.130192e+03
8295	-1.129921e+03
8296	-1.122699e+03
8297	-1.122706e+03
8298	-1.131328e+03
8299	-1.127687e+03
8300	-1.120253e+03
8301	-1.133031e+03
8302	-1.146785e+03
8303	-1.109795e+03
8304	-1.127430e+03
8305	-1.104174e+03
8306	-1.126840e+03
8307	-1.133026e+03
8308	-1.131542e+03
8309	-1.155134e+03
8310	-1.126457e+03
8311	-1.123761e+03
8312	-1.124484e+03
8313	-1.122300e+03
8314	-1.133130e+03
8315	-1.115446e+03
8316	-1.130195e+03
8317	-1.128850e+03
8318	-1.126859e+03
8319	-1.129150e+03
8320	-1.147676e+03
8321	-1.127112e+03
8322	-1.146964e+03
8323	-1.133040e+03
8324	-1.136121e+03
8325	-1.106097e+03
8326	-1.113899e+03
8327	-1.139959e+03
8328	-1.139648e+03
8329	-1.120368e+03
8330	-1.154617e+03
8331	-1.146711e+03
8332	-1.132403e+03
8333	-1.154827e+03
8334	-1.161408e+03
8335	-1.128374e+03
8336	-1.127692e+03
8337	-1.135023e+03
8338	-1.121892e+03
8339	-1.125854e+03
8340	-1.134471e+03
8341	-1.120867e+03
8342	-1.137085e+03
8343	-1.121717e+03
8344	-1.126472e+03
8345	-1.129182e+03
8346	-1.145135e+03
8347	-1.098415e+03
8348	-1.141057e+03
8349	-1.114059e+03
8350	-1.132976e+03
8351	-1.137260e+03
8352	-1.135889e+03
8353	-1.137644e+03
8354	-1.127504e+03
8355	-1.125863e+03
8356	-1.140898e+03
8357	-1.109546e+03
8358	-1.107137e+03
8359	-1.123244e+03
8360	-1.131728e+03
8361	-1.139487e+03
8362	-1.110570e+03
8363	-1.138887e+03
8364	-1.138630e+03
8365	-1.142178e+03
8366	-1.136082e+03
8367	-1.130869e+03
8368	-1.114844e+03
8369	-1.131606e+03
8370	-1.134606e+03
8371	-1.136517e+03
8372	-1.144133e+03
8373	-1.100490e+03
8374	-1.144533e+03
8375	-1.144206e+03
8376	-1.128711e+03
8377	-1.127718e+03
8378	-1.135936e+03
8379	-1.118966e+03
8380	-1.151985e+03
8381	-1.138608e+03
8382	-1.119156e+03
8383	-1.134797e+03
8384	-1.129075e+03
8385	-1.110300e+03
8386	-1.124649e+03
8387	-1.126235e+03
8388	-1.120003e+03
8389	-1.131246e+03
8390	-1.134584e+03
8391	-1.149962e+03
8392	-1.130142e+03
8393	-1.118697e+03
8394	-1.135337e+03
8395	-1.121524e+03
8396	-1.124131e+03
8397	-1.154505e+03
8398	-1.133307e+03
8399	-1.140541e+03
8400	-1.136188e+03
8401	-1.128626e+03
8402	-1.140962e+03
8403	-1.129094e+03
8404	-1.126990e+03
8405	-1.127852e+03
8406	-1.114936e+03
8407	-1.134118e+03
8408	-1.118902e+03
8409	-1.136770e+03
8410	-1.118698e+03
8411	-1.126381e+03
8412	-1.131860e+03
8413	-1.120473e+03
8414	-1.132557e+03
8415	-1.126872e+03
8416	-1.120155e+03
8417	-1.129213e+03
8418	-1.116218e+03
8419	-1.140342e+03
8420	-1.142984e+03
8421	-1.131650e+03
8422	-1.148351e+03
8423	-1.112416e+03
8424	-1.120627e+03
8425	-1.144716e+03
8426	-1.124566e+03
8427	-1.136771e+03
8428	-1.117966e+03
8429	-1.139028e+03
8430	-1.129791e+03
8431	-1.128388e+03
8432	-1.141849e+03
8433	-1.129794e+03
8434	-1.137830e+03
8435	-1.133866e+03
8436	-1.148630e+03
8437	-1.141240e+03
8438	-1.137586e+03
8439	-1.130311e+03
8440	-1.111638e+03
8441	-1.138170e+03
8442	-1.120935e+03
8443	-1.133321e+03
8444	-1.121955e+03
8445	-1.137355e+03
8446	-1.149710e+03
8447	-1.146411e+03
8448	-1.130264e+03
8449	-1.151763e+03
8450	-1.146548e+03
8451	-1.121320e+03
8452	-1.136399e+03
8453	-1.136109e+03
8454	-1.115819e+03
8455	-1.130235e+03
8456	-1.127611e+03
8457	-1.125981e+03
8458	-1.130676e+03
8459	-1.124257e+03
8460	-1.112271e+03
8461	-1.112239e+03
8462	-1.124777e+03
8463	-1.140392e+03
8464	-1.133499e+03
8465	-1.140805e+03
8466	-1.119167e+03
8467	-1.103316e+03
8468	-1.140915e+03
8469	-1.131163e+03
8470	-1.136929e+03
8471	-1.133225e+03
8472	-1.139482e+03
8473	-1.106310e+03
8474	-1.155326e+03
8475	-1.115010e+03
8476	-1.151662e+03
8477	-1.132926e+03
8478	-1.128342e+03
8479	-1.131907e+03
8480	-1.139085e+03
8481	-1.129069e+03
8482	-1.133149e+03
8483	-1.139102e+03
8484	-1.143149e+03
8485	-1.125684e+03
8486	-1.143537e+03
8487	-1.141598e+03
8488	-1.140037e+03
8489	-1.149126e+03
8490	-1.133540e+03
8491	-1.119269e+03
8492	-1.142220e+03
8493	-1.134771e+03
8494	-1.140440e+03
8495	-1.112281e+03
8496	-1.146930e+03
8497	-1.128503e+03
8498	-1.131950e+03
8499	-1.137658e+03
8500	-1.125671e+03
8501	-1.124330e+03
8502	-1.117118e+03
8503	-1.129874e+03
8504	-1.129224e+03
8505	-1.110960e+03
8506	-1.146736e+03
8507	-1.115241e+03
8508	-1.131766e+03
8509	-1.138977e+03
8510	-1.123456e+03
8511	-1.121182e+03
8512	-1.125310e+03
8513	-1.118389e+03
8514	-1.136035e+03
8515	-1.150926e+03
8516	-1.111951e+03
8517	-1.130638e+03
8518	-1.136260e+03
8519	-1.136016e+03
8520	-1.150574e+03
8521	-1.139251e+03
8522	-1.134524e+03
8523	-1.132468e+03
8524	-1.122798e+03
8525	-1.139347e+03
8526	-1.122859e+03
8527	-1.128077e+03
8528	-1.133216e+03
8529	-1.142646e+03
8530	-1.134785e+03
8531	-1.110520e+03
8532	-1.136108e+03
8533	-1.128402e+03
8534	-1.138637e+03
8535	-1.148217e+03
8536	-1.131210e+03
8537	-1.136690e+03
8538	-1.146487e+03
8539	-1.140627e+03
8540	-1.118892e+03
8541	-1.145318e+03
8542	-1.138999e+03
8543	-1.144872e+03
8544	-1.128058e+03
8545	-1.126339e+03
8546	-1.132424e+03
8547	-1.138664e+03
8548	-1.105968e+03
8549	-1.134858e+03
8550	-1.131097e+03
8551	-1.124135e+03
8552	-1.132635e+03
8553	-1.149938e+03
8554	-1.139297e+03
8555	-1.119008e+03
8556	-1.133610e+03
8557	-1.122125e+03
8558	-1.126072e+03
8559	-1.129171e+03
8560	-1.123630e+03
8561	-1.144604e+03
8562	-1.111784e+03
8563	-1.118058e+03
8564	-1.139632e+03
8565	-1.122848e+03
8566	-1.136924e+03
8567	-1.122697e+03
8568	-1.121090e+03
8569	-1.145998e+03
8570	-1.125795e+03
8571	-1.127638e+03
8572	-1.133104e+03
8573	-1.120476e+03
8574	-1.130278e+03
8575	-1.123622e+03
8576	-1.144033e+03
8577	-1.112050e+03
8578	-1.138278e+03
8579	-1.145855e+03
8580	-1.133014e+03
8581	-1.142817e+03
8582	-1.147126e+03
8583	-1.125018e+03
8584	-1.154891e+03
8585	-1.148384e+03
8586	-1.125431e+03
8587	-1.144839e+03
8588	-1.136485e+03
8589	-1.129513e+03
8590	-1.127307e+03
8591	-1.135981e+03
8592	-1.126099e+03
8593	-1.128031e+03
8594	-1.149479e+03
8595	-1.128537e+03
8596	-1.136870e+03
8597	-1.131520e+03
8598	-1.114592e+03
8599	-1.126309e+03
8600	-1.110332e+03
8601	-1.130532e+03
8602	-1.103534e+03
8603	-1.123013e+03
8604	-1.136546e+03
8605	-1.127637e+03
8606	-1.122027e+03
8607	-1.115608e+03
8608	-1.108192e+03
8609	-1.111945e+03
8610	-1.131715e+03
8611	-1.142000e+03
8612	-1.119761e+03
8613	-1.134929e+03
8614	-1.147013e+03
8615	-1.137737e+03
8616	-1.139561e+03
8617	-1.099206e+03
8618	-1.137845e+03
8619	-1.134576e+03
8620	-1.139163e+03
8621	-1.128368e+03
8622	-1.144371e+03
8623	-1.139154e+03
8624	-1.140759e+03
8625	-1.146081e+03
8626	-1.139925e+03
8627	-1.125239e+03
8628	-1.130467e+03
8629	-1.127108e+03
8630	-1.140235e+03
8631	-1.129214e+03
8632	-1.129734e+03
8633	-1.148387e+03
8634	-1.107233e+03
8635	-1.135832e+03
8636	-1.152632e+03
8637	-1.120681e+03
8638	-1.126569e+03
8639	-1.135005e+03
8640	-1.125682e+03
8641	-1.150875e+03
8642	-1.134646e+03
8643	-1.100010e+03
8644	-1.144336e+03
8645	-1.113062e+03
8646	-1.128902e+03
8647	-1.132694e+03
8648	-1.122669e+03
8649	-1.146967e+03
8650	-1.122314e+03
8651	-1.112798e+03
8652	-1.119854e+03
8653	-1.131715e+03
8654	-1.131496e+03
8655	-1.126438e+03
8656	-1.128394e+03
8657	-1.147157e+03
8658	-1.139190e+03
8659	-1.116890e+03
8660	-1.135588e+03
8661	-1.130118e+03
8662	-1.133123e+03
8663	-1.134783e+03
8664	-1.130922e+03
8665	-1.124369e+03
8666	-1.135482e+03
8667	-1.121463e+03
8668	-1.133510e+03
8669	-1.131914e+03
8670	-1.123455e+03
8671	-1.117350e+03
8672	-1.110683e+03
8673	-1.138919e+03
8674	-1.119311e+03
8675	-1.122739e+03
8676	-1.122833e+03
8677	-1.129561e+03
8678	-1.117410e+03
8679	-1.136650e+03
8680	-1.125093e+03
8681	-1.143471e+03
8682	-1.126007e+03
8683	-1.131253e+03
8684	-1.152689e+03
8685	-1.125999e+03
8686	-1.134951e+03
8687	-1.127721e+03
8688	-1.134853e+03
8689	-1.119900e+03
8690	-1.126787e+03
8691	-1.131394e+03
8692	-1.141630e+03
8693	-1.131171e+03
8694	-1.125400e+03
8695	-1.126857e+03
8696	-1.136458e+03
8697	-1.137063e+03
8698	-1.143166e+03
8699	-1.115523e+03
8700	-1.126583e+03
8701	-1.143195e+03
8702	-1.121235e+03
8703	-1.133720e+03
8704	-1.122730e+03
8705	-1.128979e+03
8706	-1.121938e+03
8707	-1.124058e+03
8708	-1.127371e+03
8709	-1.112888e+03
8710	-1.127681e+03
8711	-1.137943e+03
8712	-1.145975e+03
8713	-1.143518e+03
8714	-1.120430e+03
8715	-1.120031e+03
8716	-1.128216e+03
8717	-1.133192e+03
8718	-1.119776e+03
8719	-1.107756e+03
8720	-1.120909e+03
8721	-1.147465e+03
8722	-1.141743e+03
8723	-1.107985e+03
8724	-1.128924e+03
8725	-1.130943e+03
8726	-1.111476e+03
8727	-1.131109e+03
8728	-1.146746e+03
8729	-1.120856e+03
8730	-1.136760e+03
8731	-1.147435e+03
8732	-1.123833e+03
8733	-1.129606e+03
8734	-1.135522e+03
8735	-1.128695e+03
8736	-1.138155e+03
8737	-1.154713e+03
8738	-1.117259e+03
8739	-1.123197e+03
8740	-1.134605e+03
8741	-1.140567e+03
8742	-1.120802e+03
8743	-1.113973e+03
8744	-1.154815e+03
8745	-1.139911e+03
8746	-1.123146e+03
8747	-1.120955e+03
8748	-1.133284e+03
8749	-1.129017e+03
8750	-1.117587e+03
8751	-1.134334e+03
8752	-1.125190e+03
8753	-1.138772e+03
8754	-1.135971e+03
8755	-1.123618e+03
8756	-1.154939e+03
8757	-1.125160e+03
8758	-1.134110e+03
8759	-1.140062e+03
8760	-1.133100e+03
8761	-1.138801e+03
8762	-1.114595e+03
8763	-1.126152e+03
8764	-1.131847e+03
8765	-1.130120e+03
8766	-1.134732e+03
8767	-1.128714e+03
8768	-1.150998e+03
8769	-1.122602e+03
8770	-1.103055e+03
8771	-1.112704e+03
8772	-1.157775e+03
8773	-1.127985e+03
8774	-1.126322e+03
8775	-1.134500e+03
8776	-1.114283e+03
8777	-1.140743e+03
8778	-1.129836e+03
8779	-1.140490e+03
8780	-1.127274e+03
8781	-1.122078e+03
8782	-1.139368e+03
8783	-1.128994e+03
8784	-1.122112e+03
8785	-1.121368e+03
8786	-1.118783e+03
8787	-1.131329e+03
8788	-1.129300e+03
8789	-1.133486e+03
8790	-1.120212e+03
8791	-1.145600e+03
8792	-1.104855e+03
8793	-1.129202e+03
8794	-1.154019e+03
8795	-1.132368e+03
8796	-1.143533e+03
8797	-1.145404e+03
8798	-1.129219e+03
8799	-1.119600e+03
8800	-1.132990e+03
8801	-1.105811e+03
8802	-1.119241e+03
8803	-1.122046e+03
8804	-1.141709e+03
8805	-1.128291e+03
8806	-1.118773e+03
8807	-1.128878e+03
8808	-1.141898e+03
8809	-1.120422e+03
8810	-1.143396e+03
8811	-1.141239e+03
8812	-1.152290e+03
8813	-1.145602e+03
8814	-1.117980e+03
8815	-1.150513e+03
8816	-1.113973e+03
8817	-1.131355e+03
8818	-1.144857e+03
8819	-1.122346e+03
8820	-1.129067e+03
8821	-1.121914e+03
8822	-1.135751e+03
8823	-1.114516e+03
8824	-1.143586e+03
8825	-1.132655e+03
8826	-1.126256e+03
8827	-1.131738e+03
8828	-1.117626e+03
8829	-1.126557e+03
8830	-1.112018e+03
8831	-1.133271e+03
8832	-1.126599e+03
8833	-1.145402e+03
8834	-1.128046e+03
8835	-1.121963e+03
8836	-1.137382e+03
8837	-1.139581e+03
8838	-1.120173e+03
8839	-1.130036e+03
8840	-1.118512e+03
8841	-1.130066e+03
8842	-1.127900e+03
8843	-1.131796e+03
8844	-1.126852e+03
8845	-1.124259e+03
8846	-1.124073e+03
8847	-1.125439e+03
8848	-1.110923e+03
8849	-1.125987e+03
8850	-1.115429e+03
8851	-1.119448e+03
8852	-1.135008e+03
8853	-1.126681e+03
8854	-1.115593e+03
8855	-1.112257e+03
8856	-1.110870e+03
8857	-1.125012e+03
8858	-1.121822e+03
8859	-1.143132e+03
8860	-1.127689e+03
8861	-1.127718e+03
8862	-1.137432e+03
8863	-1.119947e+03
8864	-1.109570e+03
8865	-1.128274e+03
8866	-1.123140e+03
8867	-1.141088e+03
8868	-1.150720e+03
8869	-1.116406e+03
8870	-1.130449e+03
8871	-1.110030e+03
8872	-1.116950e+03
8873	-1.126493e+03
8874	-1.123667e+03
8875	-1.124159e+03
8876	-1.136713e+03
8877	-1.132104e+03
8878	-1.131838e+03
8879	-1.127175e+03
8880	-1.143021e+03
8881	-1.131553e+03
8882	-1.141522e+03
8883	-1.122001e+03
8884	-1.126313e+03
8885	-1.137679e+03
8886	-1.130653e+03
8887	-1.110107e+03
8888	-1.142353e+03
8889	-1.119658e+03
8890	-1.121782e+03
8891	-1.140571e+03
8892	-1.136889e+03
8893	-1.104174e+03
8894	-1.119948e+03
8895	-1.142136e+03
8896	-1.132100e+03
8897	-1.110246e+03
8898	-1.113531e+03
8899	-1.131813e+03
8900	-1.094612e+03
8901	-1.121735e+03
8902	-1.113649e+03
8903	-1.130443e+03
8904	-1.125993e+03
8905	-1.119848e+03
8906	-1.145425e+03
8907	-1.131711e+03
8908	-1.133470e+03
8909	-1.121990e+03
8910	-1.127517e+03
8911	-1.149196e+03
8912	-1.125758e+03
8913	-1.125947e+03
8914	-1.141280e+03
8915	-1.122663e+03
8916	-1.124764e+03
8917	-1.125980e+03
8918	-1.119442e+03
8919	-1.136761e+03
8920	-1.143489e+03
8921	-1.132237e+03
8922	-1.103247e+03
8923	-1.145598e+03
8924	-1.123546e+03
8925	-1.109606e+03
8926	-1.126968e+03
8927	-1.127225e+03
8928	-1.139201e+03
8929	-1.140670e+03
8930	-1.130903e+03
8931	-1.143881e+03
8932	-1.131887e+03
8933	-1.134663e+03
8934	-1.135666e+03
8935	-1.131645e+03
8936	-1.129965e+03
8937	-1.133519e+03
8938	-1.110752e+03
8939	-1.117992e+03
8940	-1.123397e+03
8941	-1.130625e+03
8942	-1.129371e+03
8943	-1.124761e+03
8944	-1.126341e+03
8945	-1.131756e+03
8946	-1.121903e+03
8947	-1.129651e+03
8948	-1.124836e+03
8949	-1.140351e+03
8950	-1.150128e+03
8951	-1.137805e+03
8952	-1.124559e+03
8953	-1.132491e+03
8954	-1.128027e+03
8955	-1.125960e+03
8956	-1.136276e+03
8957	-1.121362e+03
8958	-1.120299e+03
8959	-1.125438e+03
8960	-1.133262e+03
8961	-1.107021e+03
8962	-1.133526e+03
8963	-1.130839e+03
8964	-1.129031e+03
8965	-1.136927e+03
8966	-1.127895e+03
8967	-1.125750e+03
8968	-1.121343e+03
8969	-1.130345e+03
8970	-1.134328e+03
8971	-1.129745e+03
8972	-1.146400e+03
8973	-1.134633e+03
8974	-1.148346e+03
8975	-1.121869e+03
8976	-1.117875e+03
8977	-1.134093e+03
8978	-1.126825e+03
8979	-1.111011e+03
8980	-1.127136e+03
8981	-1.101119e+03
8982	-1.137924e+03
8983	-1.144091e+03
8984	-1.150711e+03
8985	-1.122467e+03
8986	-1.135244e+03
8987	-1.128715e+03
8988	-1.146213e+03
8989	-1.142188e+03
8990	-1.121624e+03
8991	-1.141386e+03
8992	-1.125578e+03
8993	-1.110705e+03
8994	-1.128596e+03
8995	-1.132270e+03
8996	-1.116298e+03
8997	-1.123145e+03
8998	-1.137118e+03
8999	-1.129341e+03
9000	-1.132830e+03
9001	-1.130253e+03
9002	-1.124083e+03
9003	-1.117706e+03
9004	-1.127540e+03
9005	-1.121043e+03
9006	-1.117061e+03
9007	-1.135009e+03
9008	-1.125685e+03
9009	-1.140752e+03
9010	-1.100709e+03
9011	-1.137361e+03
9012	-1.132510e+03
9013	-1.125760e+03
9014	-1.123262e+03
9015	-1.121680e+03
9016	-1.136381e+03
9017	-1.131810e+03
9018	-1.131514e+03
9019	-1.125451e+03
9020	-1.141456e+03
9021	-1.153392e+03
9022	-1.131080e+03
9023	-1.120302e+03
9024	-1.121801e+03
9025	-1.130981e+03
9026	-1.125370e+03
9027	-1.131433e+03
9028	-1.124365e+03
9029	-1.126172e+03
9030	-1.127255e+03
9031	-1.147278e+03
9032	-1.133086e+03
9033	-1.139380e+03
9034	-1.121626e+03
9035	-1.102429e+03
9036	-1.156159e+03
9037	-1.131741e+03
9038	-1.132628e+03
9039	-1.131942e+03
9040	-1.118435e+03
9041	-1.125152e+03
9042	-1.152167e+03
9043	-1.129619e+03
9044	-1.132371e+03
9045	-1.116044e+03
9046	-1.135267e+03
9047	-1.123337e+03
9048	-1.130470e+03
9049	-1.131587e+03
9050	-1.138016e+03
9051	-1.131584e+03
9052	-1.146229e+03
9053	-1.131034e+03
9054	-1.134599e+03
9055	-1.140089e+03
9056	-1.117574e+03
9057	-1.117546e+03
9058	-1.142130e+03
9059	-1.117561e+03
9060	-1.155364e+03
9061	-1.129247e+03
9062	-1.104045e+03
9063	-1.131113e+03
9064	-1.119233e+03
9065	-1.114550e+03
9066	-1.129320e+03
9067	-1.127398e+03
9068	-1.112694e+03
9069	-1.130721e+03
9070	-1.130759e+03
9071	-1.127959e+03
9072	-1.130469e+03
9073	-1.111158e+03
9074	-1.119168e+03
9075	-1.139182e+03
9076	-1.127695e+03
9077	-1.127743e+03
9078	-1.115471e+03
9079	-1.116195e+03
9080	-1.132310e+03
9081	-1.128202e+03
9082	-1.113793e+03
9083	-1.131517e+03
9084	-1.124016e+03
9085	-1.143852e+03
9086	-1.140780e+03
9087	-1.121216e+03
9088	-1.141945e+03
9089	-1.123369e+03
9090	-1.139801e+03
9091	-1.124111e+03
9092	-1.115953e+03
9093	-1.142285e+03
9094	-1.135291e+03
9095	-1.133390e+03
9096	-1.137153e+03
9097	-1.127889e+03
9098	-1.136294e+03
9099	-1.122512e+03
9100	-1.136116e+03
9101	-1.117156e+03
9102	-1.128769e+03
9103	-1.126668e+03
9104	-1.122984e+03
9105	-1.129533e+03
9106	-1.118650e+03
9107	-1.121345e+03
9108	-1.152397e+03
9109	-1.113104e+03
9110	-1.125768e+03
9111	-1.117708e+03
9112	-1.114646e+03
9113	-1.115652e+03
9114	-1.130427e+03
9115	-1.141462e+03
9116	-1.139053e+03
9117	-1.128956e+03
9118	-1.126306e+03
9119	-1.122787e+03
9120	-1.125908e+03
9121	-1.113469e+03
9122	-1.127230e+03
9123	-1.117297e+03
9124	-1.123140e+03
9125	-1.116677e+03
9126	-1.118186e+03
9127	-1.122708e+03
9128	-1.129584e+03
9129	-1.132559e+03
9130	-1.138782e+03
9131	-1.128196e+03
9132	-1.138526e+03
9133	-1.134165e+03
9134	-1.114636e+03
9135	-1.122383e+03
9136	-1.138159e+03
9137	-1.114782e+03
9138	-1.127097e+03
9139	-1.138885e+03
9140	-1.118735e+03
9141	-1.131016e+03
9142	-1.132778e+03
9143	-1.135894e+03
9144	-1.155994e+03
9145	-1.123108e+03
9146	-1.122416e+03
9147	-1.090625e+03
9148	-1.123507e+03
9149	-1.120022e+03
9150	-1.125441e+03
9151	-1.115639e+03
9152	-1.143703e+03
9153	-1.124701e+03
9154	-1.115104e+03
9155	-1.120142e+03
9156	-1.120381e+03
9157	-1.113656e+03
9158	-1.144238e+03
9159	-1.122480e+03
9160	-1.116074e+03
9161	-1.139421e+03
9162	-1.123617e+03
9163	-1.137408e+03
9164	-1.115837e+03
9165	-1.131882e+03
9166	-1.116130e+03
9167	-1.133791e+03
9168	-1.121471e+03
9169	-1.137801e+03
9170	-1.137645e+03
9171	-1.138318e+03
9172	-1.119593e+03
9173	-1.129165e+03
9174	-1.120326e+03
9175	-1.122150e+03
9176	-1.118693e+03
9177	-1.131538e+03
9178	-1.105789e+03
9179	-1.129300e+03
9180	-1.125563e+03
9181	-1.130811e+03
9182	-1.107305e+03
9183	-1.141999e+03
9184	-1.140425e+03
9185	-1.131426e+03
9186	-1.126734e+03
9187	-1.137920e+03
9188	-1.148858e+03
9189	-1.135263e+03
9190	-1.147338e+03
9191	-1.158730e+03
9192	-1.119290e+03
9193	-1.130511e+03
9194	-1.142069e+03
9195	-1.137558e+03
9196	-1.147815e+03
9197	-1.124518e+03
9198	-1.128682e+03
9199	-1.118337e+03
9200	-1.135484e+03
9201	-1.129621e+03
9202	-1.150889e+03
9203	-1.141129e+03
9204	-1.119058e+03
9205	-1.149840e+03
9206	-1.145710e+03
9207	-1.098060e+03
9208	-1.144284e+03
9209	-1.112915e+03
9210	-1.135287e+03
9211	-1.132520e+03
9212	-1.125174e+03
9213	-1.131033e+03
9214	-1.125443e+03
9215	-1.113704e+03
9216	-1.127298e+03
9217	-1.115529e+03
9218	-1.123754e+03
9219	-1.117112e+03
9220	-1.121168e+03
9221	-1.136477e+03
9222	-1.117313e+03
9223	-1.138171e+03
9224	-1.137153e+03
9225	-1.131188e+03
9226	-1.132972e+03
9227	-1.127353e+03
9228	-1.120591e+03
9229	-1.133276e+03
9230	-1.135228e+03
9231	-1.142369e+03
9232	-1.136279e+03
9233	-1.139341e+03
9234	-1.139057e+03
9235	-1.134380e+03
9236	-1.137603e+03
9237	-1.111888e+03
9238	-1.130427e+03
9239	-1.139483e+03
9240	-1.122152e+03
9241	-1.146097e+03
9242	-1.135766e+03
9243	-1.119074e+03
9244	-1.119368e+03
9245	-1.153456e+03
9246	-1.117319e+03
9247	-1.133365e+03
9248	-1.114915e+03
9249	-1.135173e+03
9250	-1.140679e+03
9251	-1.150920e+03
9252	-1.138363e+03
9253	-1.169027e+03
9254	-1.127257e+03
9255	-1.125135e+03
9256	-1.114245e+03
9257	-1.128475e+03
9258	-1.131497e+03
9259	-1.117048e+03
9260	-1.154725e+03
9261	-1.141299e+03
9262	-1.129115e+03
9263	-1.116567e+03
9264	-1.113694e+03
9265	-1.134395e+03
9266	-1.149825e+03
9267	-1.134847e+03
9268	-1.149005e+03
9269	-1.117701e+03
9270	-1.125409e+03
9271	-1.114976e+03
9272	-1.135986e+03
9273	-1.123027e+03
9274	-1.113273e+03
9275	-1.144499e+03
9276	-1.124206e+03
9277	-1.121577e+03
9278	-1.126040e+03
9279	-1.118204e+03
9280	-1.127153e+03
9281	-1.116422e+03
9282	-1.136081e+03
9283	-1.131247e+03
9284	-1.130100e+03
9285	-1.143300e+03
9286	-1.098398e+03
9287	-1.135504e+03
9288	-1.140404e+03
9289	-1.116891e+03
9290	-1.118451e+03
9291	-1.133475e+03
9292	-1.131118e+03
9293	-1.112741e+03
9294	-1.129384e+03
9295	-1.130019e+03
9296	-1.129167e+03
9297	-1.131544e+03
9298	-1.132227e+03
9299	-1.160973e+03
9300	-1.132232e+03
9301	-1.132401e+03
9302	-1.132247e+03
9303	-1.120579e+03
9304	-1.116862e+03
9305	-1.128564e+03
9306	-1.111710e+03
9307	-1.128475e+03
9308	-1.138944e+03
9309	-1.137156e+03
9310	-1.117079e+03
9311	-1.137103e+03
9312	-1.112933e+03
9313	-1.108523e+03
9314	-1.115965e+03
9315	-1.114739e+03
9316	-1.133413e+03
9317	-1.131078e+03
9318	-1.128664e+03
9319	-1.137985e+03
9320	-1.141702e+03
9321	-1.110724e+03
9322	-1.123840e+03
9323	-1.113812e+03
9324	-1.128646e+03
9325	-1.123331e+03
9326	-1.120518e+03
9327	-1.117062e+03
9328	-1.130502e+03
9329	-1.103499e+03
9330	-1.123705e+03
9331	-1.124859e+03
9332	-1.110825e+03
9333	-1.133463e+03
9334	-1.150323e+03
9335	-1.129641e+03
9336	-1.126173e+03
9337	-1.126777e+03
9338	-1.168601e+03
9339	-1.135594e+03
9340	-1.127849e+03
9341	-1.122315e+03
9342	-1.108056e+03
9343	-1.130196e+03
9344	-1.129120e+03
9345	-1.113793e+03
9346	-1.128911e+03
9347	-1.142934e+03
9348	-1.133877e+03
9349	-1.144240e+03
9350	-1.120003e+03
9351	-1.129477e+03
9352	-1.155966e+03
9353	-1.137150e+03
9354	-1.141854e+03
9355	-1.124599e+03
9356	-1.132019e+03
9357	-1.126085e+03
9358	-1.117210e+03
9359	-1.130979e+03
9360	-1.132599e+03
9361	-1.129545e+03
9362	-1.125644e+03
9363	-1.125625e+03
9364	-1.139134e+03
9365	-1.122264e+03
9366	-1.121259e+03
9367	-1.132737e+03
9368	-1.138271e+03
9369	-1.134208e+03
9370	-1.109049e+03
9371	-1.118888e+03
9372	-1.134793e+03
9373	-1.125788e+03
9374	-1.116121e+03
9375	-1.111005e+03
9376	-1.132824e+03
9377	-1.118548e+03
9378	-1.133804e+03
9379	-1.124110e+03
9380	-1.136290e+03
9381	-1.122896e+03
9382	-1.127037e+03
9383	-1.111823e+03
9384	-1.143938e+03
9385	-1.120483e+03
9386	-1.145011e+03
9387	-1.120861e+03
9388	-1.127925e+03
9389	-1.125556e+03
9390	-1.131850e+03
9391	-1.130594e+03
9392	-1.113900e+03
9393	-1.129420e+03
9394	-1.134274e+03
9395	-1.124086e+03
9396	-1.140049e+03
9397	-1.140122e+03
9398	-1.144655e+03
9399	-1.123024e+03
9400	-1.126256e+03
9401	-1.131286e+03
9402	-1.116939e+03
9403	-1.118915e+03
9404	-1.123479e+03
9405	-1.135122e+03
9406	-1.128453e+03
9407	-1.137375e+03
9408	-1.130169e+03
9409	-1.127816e+03
9410	-1.134453e+03
9411	-1.126773e+03
9412	-1.133491e+03
9413	-1.135369e+03
9414	-1.118720e+03
9415	-1.118313e+03
9416	-1.131540e+03
9417	-1.130204e+03
9418	-1.121699e+03
9419	-1.130052e+03
9420	-1.130900e+03
9421	-1.132518e+03
9422	-1.138060e+03
9423	-1.129272e+03
9424	-1.123292e+03
9425	-1.148435e+03
9426	-1.150168e+03
9427	-1.127455e+03
9428	-1.121494e+03
9429	-1.137290e+03
9430	-1.126820e+03
9431	-1.145205e+03
9432	-1.127352e+03
9433	-1.143397e+03
9434	-1.131525e+03
9435	-1.134568e+03
9436	-1.130264e+03
9437	-1.134520e+03
9438	-1.136521e+03
9439	-1.126583e+03
9440	-1.124813e+03
9441	-1.135483e+03
9442	-1.124249e+03
9443	-1.130907e+03
9444	-1.138695e+03
9445	-1.141034e+03
9446	-1.121533e+03
9447	-1.133136e+03
9448	-1.130725e+03
9449	-1.130307e+03
9450	-1.130048e+03
9451	-1.124058e+03
9452	-1.100557e+03
9453	-1.143926e+03
9454	-1.109039e+03
9455	-1.124438e+03
9456	-1.123143e+03
9457	-1.130878e+03
9458	-1.137394e+03
9459	-1.134274e+03
9460	-1.131553e+03
9461	-1.139553e+03
9462	-1.117247e+03
9463	-1.113374e+03
9464	-1.135147e+03
9465	-1.127290e+03
9466	-1.128252e+03
9467	-1.126642e+03
9468	-1.127315e+03
9469	-1.119368e+03
9470	-1.132250e+03
9471	-1.129846e+03
9472	-1.127497e+03
9473	-1.122080e+03
9474	-1.113828e+03
9475	-1.126505e+03
9476	-1.153959e+03
9477	-1.128706e+03
9478	-1.115530e+03
9479	-1.131409e+03
9480	-1.139773e+03
9481	-1.106795e+03
9482	-1.136418e+03
9483	-1.111179e+03
9484	-1.143072e+03
9485	-1.144584e+03
9486	-1.145058e+03
9487	-1.129976e+03
9488	-1.102185e+03
9489	-1.125728e+03
9490	-1.130414e+03
9491	-1.130579e+03
9492	-1.118525e+03
9493	-1.145306e+03
9494	-1.127817e+03
9495	-1.128108e+03
9496	-1.137367e+03
9497	-1.124417e+03
9498	-1.118760e+03
9499	-1.142453e+03
9500	-1.151615e+03
9501	-1.126142e+03
9502	-1.123706e+03
9503	-1.151940e+03
9504	-1.119171e+03
9505	-1.125057e+03
9506	-1.148222e+03
9507	-1.123669e+03
9508	-1.132339e+03
9509	-1.127946e+03
9510	-1.123354e+03
9511	-1.135456e+03
9512	-1.139159e+03
9513	-1.135964e+03
9514	-1.150891e+03
9515	-1.124582e+03
9516	-1.130328e+03
9517	-1.146742e+03
9518	-1.134993e+03
9519	-1.124358e+03
9520	-1.133293e+03
9521	-1.140311e+03
9522	-1.134302e+03
9523	-1.136473e+03
9524	-1.117747e+03
9525	-1.129042e+03
9526	-1.107603e+03
9527	-1.113961e+03
9528	-1.168793e+03
9529	-1.125868e+03
9530	-1.138114e+03
9531	-1.122410e+03
9532	-1.124262e+03
9533	-1.135295e+03
9534	-1.114432e+03
9535	-1.142588e+03
9536	-1.129901e+03
9537	-1.126725e+03
9538	-1.128102e+03
9539	-1.128644e+03
9540	-1.129821e+03
9541	-1.123248e+03
9542	-1.127993e+03
9543	-1.125631e+03
9544	-1.142260e+03
9545	-1.143818e+03
9546	-1.121836e+03
9547	-1.138593e+03
9548	-1.118384e+03
9549	-1.110481e+03
9550	-1.124442e+03
9551	-1.107124e+03
9552	-1.115018e+03
9553	-1.117820e+03
9554	-1.130833e+03
9555	-1.130785e+03
9556	-1.135510e+03
9557	-1.134486e+03
9558	-1.107087e+03
9559	-1.114864e+03
9560	-1.129727e+03
9561	-1.129223e+03
9562	-1.121206e+03
9563	-1.126457e+03
9564	-1.127316e+03
9565	-1.144237e+03
9566	-1.130813e+03
9567	-1.134809e+03
9568	-1.110815e+03
9569	-1.136999e+03
9570	-1.123994e+03
9571	-1.128410e+03
9572	-1.115042e+03
9573	-1.149365e+03
9574	-1.120787e+03
9575	-1.142643e+03
9576	-1.149436e+03
9577	-1.133196e+03
9578	-1.137468e+03
9579	-1.125115e+03
9580	-1.132017e+03
9581	-1.126298e+03
9582	-1.143278e+03
9583	-1.130833e+03
9584	-1.132631e+03
9585	-1.144322e+03
9586	-1.111986e+03
9587	-1.130136e+03
9588	-1.116295e+03
9589	-1.143930e+03
9590	-1.109545e+03
9591	-1.114617e+03
9592	-1.130400e+03
9593	-1.109983e+03
9594	-1.151365e+03
9595	-1.142163e+03
9596	-1.135107e+03
9597	-1.126951e+03
9598	-1.114476e+03
9599	-1.154504e+03
9600	-1.134054e+03
9601	-1.140550e+03
9602	-1.117310e+03
9603	-1.118105e+03
9604	-1.134581e+03
9605	-1.104053e+03
9606	-1.117723e+03
9607	-1.130454e+03
9608	-1.141941e+03
9609	-1.126492e+03
9610	-1.147649e+03
9611	-1.131442e+03
9612	-1.130674e+03
9613	-1.120855e+03
9614	-1.119144e+03
9615	-1.135688e+03
9616	-1.130903e+03
9617	-1.139261e+03
9618	-1.125601e+03
9619	-1.113337e+03
9620	-1.122211e+03
9621	-1.144756e+03
9622	-1.133179e+03
9623	-1.133193e+03
9624	-1.136417e+03
9625	-1.148497e+03
9626	-1.154771e+03
9627	-1.133218e+03
9628	-1.130684e+03
9629	-1.126025e+03
9630	-1.121448e+03
9631	-1.122600e+03
9632	-1.100381e+03
9633	-1.129146e+03
9634	-1.129182e+03
9635	-1.133019e+03
9636	-1.122518e+03
9637	-1.130724e+03
9638	-1.146683e+03
9639	-1.152078e+03
9640	-1.117774e+03
9641	-1.104414e+03
9642	-1.128986e+03
9643	-1.149125e+03
9644	-1.123751e+03
9645	-1.120938e+03
9646	-1.127863e+03
9647	-1.135626e+03
9648	-1.131744e+03
9649	-1.125617e+03
9650	-1.136608e+03
9651	-1.133177e+03
9652	-1.114707e+03
9653	-1.135922e+03
9654	-1.140135e+03
9655	-1.124871e+03
9656	-1.133180e+03
9657	-1.158580e+03
9658	-1.126087e+03
9659	-1.140820e+03
9660	-1.135490e+03
9661	-1.147781e+03
9662	-1.134873e+03
9663	-1.122553e+03
9664	-1.148731e+03
9665	-1.137507e+03
9666	-1.129684e+03
9667	-1.137530e+03
9668	-1.139625e+03
9669	-1.134666e+03
9670	-1.145120e+03
9671	-1.139710e+03
9672	-1.126073e+03
9673	-1.128293e+03
9674	-1.153019e+03
9675	-1.139596e+03
9676	-1.141265e+03
9677	-1.131223e+03
9678	-1.126308e+03
9679	-1.138532e+03
9680	-1.132208e+03
9681	-1.118403e+03
9682	-1.123170e+03
9683	-1.130205e+03
9684	-1.110160e+03
9685	-1.122018e+03
9686	-1.130829e+03
9687	-1.123938e+03
9688	-1.134354e+03
9689	-1.136816e+03
9690	-1.125250e+03
9691	-1.128855e+03
9692	-1.108998e+03
9693	-1.121498e+03
9694	-1.125386e+03
9695	-1.131962e+03
9696	-1.138306e+03
9697	-1.147628e+03
9698	-1.136362e+03
9699	-1.115294e+03
9700	-1.122151e+03
9701	-1.141901e+03
9702	-1.147887e+03
9703	-1.128345e+03
9704	-1.132699e+03
9705	-1.109857e+03
9706	-1.126712e+03
9707	-1.106220e+03
9708	-1.152206e+03
9709	-1.105934e+03
9710	-1.111803e+03
9711	-1.112468e+03
9712	-1.130561e+03
9713	-1.120507e+03
9714	-1.115333e+03
9715	-1.132044e+03
9716	-1.134452e+03
9717	-1.099860e+03
9718	-1.131262e+03
9719	-1.126532e+03
9720	-1.124076e+03
9721	-1.118184e+03
9722	-1.134028e+03
9723	-1.117414e+03
9724	-1.126981e+03
9725	-1.128373e+03
9726	-1.118664e+03
9727	-1.131291e+03
9728	-1.120627e+03
9729	-1.127021e+03
9730	-1.120899e+03
9731	-1.142269e+03
9732	-1.137252e+03
9733	-1.140553e+03
9734	-1.144039e+03
9735	-1.129878e+03
9736	-1.120216e+03
9737	-1.131766e+03
9738	-1.129910e+03
9739	-1.109359e+03
9740	-1.117552e+03
9741	-1.126513e+03
9742	-1.118357e+03
9743	-1.110804e+03
9744	-1.123321e+03
9745	-1.117165e+03
9746	-1.106606e+03
9747	-1.143904e+03
9748	-1.122192e+03
9749	-1.112860e+03
9750	-1.130021e+03
9751	-1.135248e+03
9752	-1.118382e+03
9753	-1.126960e+03
9754	-1.130489e+03
9755	-1.153080e+03
9756	-1.126188e+03
9757	-1.140920e+03
9758	-1.129661e+03
9759	-1.122224e+03
9760	-1.134782e+03
9761	-1.134368e+03
9762	-1.114305e+03
9763	-1.124703e+03
9764	-1.121145e+03
9765	-1.117044e+03
9766	-1.129769e+03
9767	-1.138717e+03
9768	-1.134237e+03
9769	-1.138817e+03
9770	-1.137289e+03
9771	-1.125292e+03
9772	-1.134622e+03
9773	-1.126019e+03
9774	-1.144858e+03
9775	-1.141001e+03
9776	-1.118795e+03
9777	-1.124271e+03
9778	-1.111018e+03
9779	-1.123440e+03
9780	-1.139204e+03
9781	-1.147791e+03
9782	-1.116874e+03
9783	-1.125942e+03
9784	-1.118185e+03
9785	-1.123349e+03
9786	-1.106502e+03
9787	-1.131267e+03
9788	-1.118169e+03
9789	-1.128895e+03
9790	-1.125401e+03
9791	-1.116129e+03
9792	-1.123121e+03
9793	-1.135409e+03
9794	-1.118057e+03
9795	-1.146622e+03
9796	-1.132806e+03
9797	-1.126467e+03
9798	-1.137876e+03
9799	-1.128441e+03
9800	-1.125215e+03
9801	-1.130394e+03
9802	-1.141634e+03
9803	-1.111960e+03
9804	-1.112805e+03
9805	-1.125878e+03
9806	-1.125789e+03
9807	-1.125609e+03
9808	-1.115110e+03
9809	-1.121398e+03
9810	-1.127617e+03
9811	-1.126943e+03
9812	-1.125862e+03
9813	-1.145475e+03
9814	-1.134458e+03
9815	-1.129366e+03
9816	-1.123192e+03
9817	-1.123290e+03
9818	-1.114450e+03
9819	-1.136061e+03
9820	-1.126794e+03
9821	-1.130560e+03
9822	-1.127852e+03
9823	-1.135653e+03
9824	-1.116797e+03
9825	-1.131543e+03
9826	-1.137724e+03
9827	-1.132211e+03
9828	-1.123254e+03
9829	-1.119545e+03
9830	-1.126923e+03
9831	-1.127382e+03
9832	-1.135815e+03
9833	-1.130604e+03
9834	-1.131834e+03
9835	-1.119990e+03
9836	-1.123875e+03
9837	-1.133788e+03
9838	-1.115494e+03
9839	-1.125935e+03
9840	-1.120046e+03
9841	-1.142967e+03
9842	-1.109259e+03
9843	-1.139124e+03
9844	-1.133951e+03
9845	-1.119468e+03
9846	-1.119802e+03
9847	-1.143394e+03
9848	-1.142250e+03
9849	-1.128453e+03
9850	-1.123502e+03
9851	-1.132745e+03
9852	-1.137062e+03
9853	-1.130349e+03
9854	-1.137041e+03
9855	-1.120989e+03
9856	-1.103752e+03
9857	-1.117238e+03
9858	-1.124575e+03
9859	-1.129406e+03
9860	-1.140884e+03
9861	-1.138418e+03
9862	-1.112230e+03
9863	-1.117093e+03
9864	-1.122049e+03
9865	-1.124685e+03
9866	-1.130790e+03
9867	-1.126029e+03
9868	-1.126594e+03
9869	-1.120917e+03
9870	-1.120342e+03
9871	-1.121040e+03
9872	-1.134900e+03
9873	-1.129349e+03
9874	-1.143067e+03
9875	-1.127908e+03
9876	-1.129343e+03
9877	-1.124566e+03
9878	-1.124586e+03
9879	-1.134921e+03
9880	-1.107011e+03
9881	-1.107585e+03
9882	-1.137487e+03
9883	-1.123213e+03
9884	-1.141746e+03
9885	-1.115264e+03
9886	-1.109968e+03
9887	-1.125482e+03
9888	-1.149334e+03
9889	-1.133919e+03
9890	-1.131062e+03
9891	-1.127917e+03
9892	-1.114173e+03
9893	-1.134583e+03
9894	-1.153807e+03
9895	-1.118115e+03
9896	-1.135813e+03
9897	-1.126102e+03
9898	-1.110590e+03
9899	-1.121399e+03
9900	-1.127077e+03
9901	-1.129692e+03
9902	-1.153176e+03
9903	-1.114281e+03
9904	-1.127516e+03
9905	-1.114384e+03
9906	-1.137864e+03
9907	-1.135631e+03
9908	-1.126301e+03
9909	-1.124506e+03
9910	-1.126940e+03
9911	-1.140199e+03
9912	-1.127848e+03
9913	-1.130697e+03
9914	-1.117957e+03
9915	-1.138413e+03
9916	-1.144337e+03
9917	-1.133206e+03
9918	-1.120549e+03
9919	-1.142993e+03
9920	-1.118545e+03
9921	-1.125328e+03
9922	-1.120924e+03
9923	-1.133769e+03
9924	-1.134069e+03
9925	-1.131882e+03
9926	-1.145651e+03
9927	-1.124795e+03
9928	-1.126233e+03
9929	-1.133804e+03
9930	-1.106961e+03
9931	-1.139309e+03
9932	-1.120412e+03
9933	-1.133945e+03
9934	-1.116216e+03
9935	-1.119288e+03
9936	-1.136702e+03
9937	-1.142005e+03
9938	-1.138795e+03
9939	-1.135283e+03
9940	-1.144840e+03
9941	-1.136621e+03
9942	-1.145839e+03
9943	-1.136039e+03
9944	-1.152801e+03
9945	-1.115659e+03
9946	-1.133888e+03
9947	-1.117888e+03
9948	-1.143050e+03
9949	-1.129853e+03
9950	-1.141630e+03
9951	-1.135699e+03
9952	-1.140143e+03
9953	-1.124868e+03
9954	-1.123024e+03
9955	-1.113961e+03
9956	-1.116064e+03
9957	-1.141072e+03
9958	-1.124039e+03
9959	-1.116308e+03
9960	-1.120377e+03
9961	-1.130848e+03
9962	-1.123311e+03
9963	-1.141505e+03
9964	-1.135943e+03
9965	-1.140203e+03
9966	-1.132547e+03
9967	-1.119875e+03
9968	-1.129992e+03
9969	-1.142980e+03
9970	-1.130066e+03
9971	-1.136582e+03
9972	-1.118039e+03
9973	-1.130894e+03
9974	-1.123555e+03
9975	-1.105992e+03
9976	-1.132831e+03
9977	-1.137781e+03
9978	-1.117355e+03
9979	-1.130211e+03
9980	-1.130590e+03
9981	-1.119296e+03
9982	-1.109711e+03
9983	-1.114182e+03
9984	-1.130640e+03
9985	-1.138662e+03
9986	-1.132215e+03
9987	-1.133187e+03
9988	-1.130081e+03
9989	-1.133969e+03
9990	-1.142488e+03
9991	-1.112365e+03
9992	-1.145975e+03
9993	-1.141533e+03
9994	-1.139425e+03
9995	-1.116364e+03
9996	-1.118292e+03
9997	-1.113729e+03
9998	-1.133043e+03
9999	-1.115714e+03
10000	-1.103798e+03
