iteration	loss
0	0.000000e+00
1	-7.525286e+01
2	-1.462601e+02
3	-2.143861e+02
4	-2.718337e+02
5	-3.324443e+02
6	-3.906296e+02
7	-4.418644e+02
8	-4.918743e+02
9	-5.396143e+02
10	-5.832494e+02
11	-6.330874e+02
12	-6.747604e+02
13	-7.049997e+02
14	-7.405543e+02
15	-7.706547e+02
16	-8.093494e+02
17	-8.299976e+02
18	-8.621793e+02
19	-8.943774e+02
20	-9.161764e+02
21	-9.211813e+02
22	-9.615163e+02
23	-9.615437e+02
24	-9.826996e+02
25	-9.917571e+02
26	-1.019607e+03
27	-1.020188e+03
28	-1.026061e+03
29	-1.030696e+03
30	-1.050241e+03
31	-1.058363e+03
32	-1.057030e+03
33	-1.080018e+03
34	-1.067671e+03
35	-1.070755e+03
36	-1.088055e+03
37	-1.083464e+03
38	-1.109848e+03
39	-1.111931e+03
40	-1.107268e+03
41	-1.106826e+03
42	-1.107547e+03
43	-1.138098e+03
44	-1.106308e+03
45	-1.134559e+03
46	-1.115949e+03
47	-1.111928e+03
48	-1.117943e+03
49	-1.119105e+03
50	-1.114519e+03
51	-1.110480e+03
52	-1.116014e+03
53	-1.121400e+03
54	-1.104077e+03
55	-1.124240e+03
56	-1.095500e+03
57	-1.116985e+03
58	-1.112113e+03
59	-1.124173e+03
60	-1.138801e+03
61	-1.128856e+03
62	-1.133164e+03
63	-1.119368e+03
64	-1.124882e+03
65	-1.125487e+03
66	-1.133927e+03
67	-1.116891e+03
68	-1.144920e+03
69	-1.136279e+03
70	-1.134870e+03
71	-1.134177e+03
72	-1.119998e+03
73	-1.104624e+03
74	-1.133756e+03
75	-1.119511e+03
76	-1.126812e+03
77	-1.140435e+03
78	-1.120449e+03
79	-1.127856e+03
80	-1.134522e+03
81	-1.119388e+03
82	-1.118862e+03
83	-1.131634e+03
84	-1.142202e+03
85	-1.116021e+03
86	-1.118193e+03
87	-1.123746e+03
88	-1.105254e+03
89	-1.124938e+03
90	-1.109602e+03
91	-1.125374e+03
92	-1.129817e+03
93	-1.139118e+03
94	-1.121887e+03
95	-1.133695e+03
96	-1.126893e+03
97	-1.108174e+03
98	-1.124342e+03
99	-1.129508e+03
100	-1.122357e+03
101	-1.118737e+03
102	-1.131688e+03
103	-1.127197e+03
104	-1.136361e+03
105	-1.125214e+03
106	-1.129517e+03
107	-1.131940e+03
108	-1.147733e+03
109	-1.116830e+03
110	-1.136989e+03
111	-1.138970e+03
112	-1.132261e+03
113	-1.140253e+03
114	-1.129774e+03
115	-1.119049e+03
116	-1.127797e+03
117	-1.125925e+03
118	-1.139928e+03
119	-1.146586e+03
120	-1.147499e+03
121	-1.119701e+03
122	-1.133344e+03
123	-1.137709e+03
124	-1.112120e+03
125	-1.130993e+03
126	-1.116175e+03
127	-1.117992e+03
128	-1.141103e+03
129	-1.129873e+03
130	-1.137468e+03
131	-1.136374e+03
132	-1.115408e+03
133	-1.123130e+03
134	-1.121929e+03
135	-1.134068e+03
136	-1.119378e+03
137	-1.130672e+03
138	-1.127336e+03
139	-1.140076e+03
140	-1.138221e+03
141	-1.121894e+03
142	-1.140937e+03
143	-1.109362e+03
144	-1.122760e+03
145	-1.131044e+03
146	-1.134177e+03
147	-1.141301e+03
148	-1.112757e+03
149	-1.120185e+03
150	-1.127783e+03
151	-1.131356e+03
152	-1.120899e+03
153	-1.126380e+03
154	-1.117350e+03
155	-1.130735e+03
156	-1.107005e+03
157	-1.115067e+03
158	-1.151289e+03
159	-1.114704e+03
160	-1.128924e+03
161	-1.123529e+03
162	-1.126612e+03
163	-1.133361e+03
164	-1.139285e+03
165	-1.130397e+03
166	-1.118884e+03
167	-1.128149e+03
168	-1.109923e+03
169	-1.127800e+03
170	-1.114029e+03
171	-1.120291e+03
172	-1.108146e+03
173	-1.131087e+03
174	-1.115495e+03
175	-1.125210e+03
176	-1.127950e+03
177	-1.156246e+03
178	-1.122266e+03
179	-1.116635e+03
180	-1.146644e+03
181	-1.118932e+03
182	-1.141073e+03
183	-1.154754e+03
184	-1.132010e+03
185	-1.120148e+03
186	-1.143155e+03
187	-1.124027e+03
188	-1.142165e+03
189	-1.125352e+03
190	-1.133622e+03
191	-1.138473e+03
192	-1.108720e+03
193	-1.126715e+03
194	-1.145668e+03
195	-1.129728e+03
196	-1.116655e+03
197	-1.142908e+03
198	-1.145925e+03
199	-1.120355e+03
200	-1.143332e+03
201	-1.140821e+03
202	-1.121215e+03
203	-1.133633e+03
204	-1.128593e+03
205	-1.115817e+03
206	-1.129749e+03
207	-1.138629e+03
208	-1.138928e+03
209	-1.140659e+03
210	-1.149261e+03
211	-1.126041e+03
212	-1.125989e+03
213	-1.132466e+03
214	-1.123430e+03
215	-1.131097e+03
216	-1.131167e+03
217	-1.128955e+03
218	-1.138925e+03
219	-1.119341e+03
220	-1.120804e+03
221	-1.105429e+03
222	-1.122890e+03
223	-1.124477e+03
224	-1.138970e+03
225	-1.136381e+03
226	-1.111586e+03
227	-1.142032e+03
228	-1.129363e+03
229	-1.117928e+03
230	-1.129468e+03
231	-1.142553e+03
232	-1.130618e+03
233	-1.112401e+03
234	-1.121365e+03
235	-1.125323e+03
236	-1.126013e+03
237	-1.116568e+03
238	-1.134552e+03
239	-1.154091e+03
240	-1.146504e+03
241	-1.135773e+03
242	-1.110075e+03
243	-1.146877e+03
244	-1.134696e+03
245	-1.123970e+03
246	-1.129132e+03
247	-1.140903e+03
248	-1.123178e+03
249	-1.121839e+03
250	-1.123914e+03
251	-1.111560e+03
252	-1.118087e+03
253	-1.121747e+03
254	-1.123817e+03
255	-1.136101e+03
256	-1.132237e+03
257	-1.130125e+03
258	-1.127720e+03
259	-1.138582e+03
260	-1.125844e+03
261	-1.122812e+03
262	-1.132649e+03
263	-1.139727e+03
264	-1.126666e+03
265	-1.134881e+03
266	-1.109467e+03
267	-1.121111e+03
268	-1.134455e+03
269	-1.121051e+03
270	-1.130964e+03
271	-1.142583e+03
272	-1.128183e+03
273	-1.108341e+03
274	-1.117315e+03
275	-1.123517e+03
276	-1.135186e+03
277	-1.139998e+03
278	-1.128180e+03
279	-1.118671e+03
280	-1.134818e+03
281	-1.139131e+03
282	-1.131730e+03
283	-1.111543e+03
284	-1.133115e+03
285	-1.144504e+03
286	-1.149503e+03
287	-1.137628e+03
288	-1.107821e+03
289	-1.123286e+03
290	-1.137644e+03
291	-1.125661e+03
292	-1.124761e+03
293	-1.120687e+03
294	-1.132671e+03
295	-1.110410e+03
296	-1.112663e+03
297	-1.130820e+03
298	-1.131065e+03
299	-1.129939e+03
300	-1.130836e+03
301	-1.139386e+03
302	-1.133029e+03
303	-1.133264e+03
304	-1.126085e+03
305	-1.122821e+03
306	-1.137433e+03
307	-1.119728e+03
308	-1.147422e+03
309	-1.134485e+03
310	-1.151068e+03
311	-1.134455e+03
312	-1.138001e+03
313	-1.140943e+03
314	-1.123654e+03
315	-1.135498e+03
316	-1.129828e+03
317	-1.120256e+03
318	-1.148298e+03
319	-1.106287e+03
320	-1.151387e+03
321	-1.121717e+03
322	-1.120814e+03
323	-1.119596e+03
324	-1.133609e+03
325	-1.139315e+03
326	-1.135315e+03
327	-1.106103e+03
328	-1.111948e+03
329	-1.121897e+03
330	-1.132084e+03
331	-1.113906e+03
332	-1.122890e+03
333	-1.116181e+03
334	-1.127723e+03
335	-1.120122e+03
336	-1.129531e+03
337	-1.107063e+03
338	-1.123793e+03
339	-1.131835e+03
340	-1.131237e+03
341	-1.137495e+03
342	-1.101165e+03
343	-1.133215e+03
344	-1.133763e+03
345	-1.141692e+03
346	-1.143940e+03
347	-1.139448e+03
348	-1.136576e+03
349	-1.117604e+03
350	-1.114632e+03
351	-1.120560e+03
352	-1.129565e+03
353	-1.119988e+03
354	-1.111382e+03
355	-1.150628e+03
356	-1.126332e+03
357	-1.164525e+03
358	-1.109969e+03
359	-1.138139e+03
360	-1.139620e+03
361	-1.127430e+03
362	-1.135162e+03
363	-1.124563e+03
364	-1.106589e+03
365	-1.153477e+03
366	-1.120407e+03
367	-1.121020e+03
368	-1.122442e+03
369	-1.118981e+03
370	-1.127858e+03
371	-1.146579e+03
372	-1.136655e+03
373	-1.129399e+03
374	-1.135743e+03
375	-1.136633e+03
376	-1.146266e+03
377	-1.144125e+03
378	-1.138118e+03
379	-1.116561e+03
380	-1.132569e+03
381	-1.113103e+03
382	-1.127309e+03
383	-1.144020e+03
384	-1.114943e+03
385	-1.108293e+03
386	-1.141067e+03
387	-1.141837e+03
388	-1.116026e+03
389	-1.131809e+03
390	-1.102783e+03
391	-1.127965e+03
392	-1.121115e+03
393	-1.144067e+03
394	-1.114140e+03
395	-1.132086e+03
396	-1.125526e+03
397	-1.122730e+03
398	-1.127004e+03
399	-1.133891e+03
400	-1.110627e+03
401	-1.126568e+03
402	-1.123331e+03
403	-1.140901e+03
404	-1.126101e+03
405	-1.124146e+03
406	-1.130057e+03
407	-1.116028e+03
408	-1.131187e+03
409	-1.147420e+03
410	-1.112860e+03
411	-1.120042e+03
412	-1.117563e+03
413	-1.127400e+03
414	-1.119851e+03
415	-1.165800e+03
416	-1.143422e+03
417	-1.126712e+03
418	-1.137073e+03
419	-1.132041e+03
420	-1.132568e+03
421	-1.133881e+03
422	-1.127568e+03
423	-1.149457e+03
424	-1.130519e+03
425	-1.151126e+03
426	-1.119097e+03
427	-1.129025e+03
428	-1.132903e+03
429	-1.141426e+03
430	-1.121564e+03
431	-1.138485e+03
432	-1.135431e+03
433	-1.123951e+03
434	-1.132003e+03
435	-1.108411e+03
436	-1.122423e+03
437	-1.137163e+03
438	-1.125950e+03
439	-1.136843e+03
440	-1.115939e+03
441	-1.140026e+03
442	-1.142406e+03
443	-1.144739e+03
444	-1.139436e+03
445	-1.136831e+03
446	-1.138566e+03
447	-1.130788e+03
448	-1.115916e+03
449	-1.118900e+03
450	-1.134938e+03
451	-1.145605e+03
452	-1.152444e+03
453	-1.140164e+03
454	-1.134379e+03
455	-1.139509e+03
456	-1.131789e+03
457	-1.133691e+03
458	-1.125980e+03
459	-1.142859e+03
460	-1.137727e+03
461	-1.120318e+03
462	-1.115065e+03
463	-1.130763e+03
464	-1.130266e+03
465	-1.124910e+03
466	-1.126688e+03
467	-1.140288e+03
468	-1.132799e+03
469	-1.136210e+03
470	-1.141292e+03
471	-1.133082e+03
472	-1.130008e+03
473	-1.127526e+03
474	-1.115335e+03
475	-1.121163e+03
476	-1.125772e+03
477	-1.123927e+03
478	-1.127642e+03
479	-1.148653e+03
480	-1.134015e+03
481	-1.129723e+03
482	-1.137810e+03
483	-1.127948e+03
484	-1.121615e+03
485	-1.119439e+03
486	-1.145616e+03
487	-1.138704e+03
488	-1.131109e+03
489	-1.119936e+03
490	-1.122233e+03
491	-1.127766e+03
492	-1.122670e+03
493	-1.134377e+03
494	-1.145611e+03
495	-1.106456e+03
496	-1.128008e+03
497	-1.132003e+03
498	-1.119889e+03
499	-1.129819e+03
500	-1.149278e+03
501	-1.146031e+03
502	-1.141894e+03
503	-1.130008e+03
504	-1.131872e+03
505	-1.132576e+03
506	-1.136668e+03
507	-1.126042e+03
508	-1.126483e+03
509	-1.150068e+03
510	-1.121859e+03
511	-1.118917e+03
512	-1.125908e+03
513	-1.131132e+03
514	-1.103613e+03
515	-1.123553e+03
516	-1.136530e+03
517	-1.121600e+03
518	-1.145623e+03
519	-1.128230e+03
520	-1.125812e+03
521	-1.118116e+03
522	-1.146471e+03
523	-1.125621e+03
524	-1.140668e+03
525	-1.132296e+03
526	-1.114820e+03
527	-1.141561e+03
528	-1.118146e+03
529	-1.106648e+03
530	-1.148081e+03
531	-1.133809e+03
532	-1.119746e+03
533	-1.119766e+03
534	-1.115321e+03
535	-1.130868e+03
536	-1.125791e+03
537	-1.118348e+03
538	-1.148545e+03
539	-1.121372e+03
540	-1.115221e+03
541	-1.101711e+03
542	-1.144248e+03
543	-1.131918e+03
544	-1.139410e+03
545	-1.131963e+03
546	-1.136475e+03
547	-1.121412e+03
548	-1.112531e+03
549	-1.139017e+03
550	-1.123870e+03
551	-1.120897e+03
552	-1.127655e+03
553	-1.144580e+03
554	-1.124736e+03
555	-1.146554e+03
556	-1.127332e+03
557	-1.102069e+03
558	-1.118323e+03
559	-1.148291e+03
560	-1.150220e+03
561	-1.123401e+03
562	-1.117377e+03
563	-1.130110e+03
564	-1.118096e+03
565	-1.134768e+03
566	-1.110186e+03
567	-1.127033e+03
568	-1.130680e+03
569	-1.132771e+03
570	-1.123585e+03
571	-1.120343e+03
572	-1.140423e+03
573	-1.122080e+03
574	-1.129544e+03
575	-1.135873e+03
576	-1.116402e+03
577	-1.116951e+03
578	-1.127979e+03
579	-1.137431e+03
580	-1.135418e+03
581	-1.125328e+03
582	-1.139758e+03
583	-1.122737e+03
584	-1.125855e+03
585	-1.130010e+03
586	-1.137900e+03
587	-1.140732e+03
588	-1.130802e+03
589	-1.112873e+03
590	-1.119263e+03
591	-1.128321e+03
592	-1.126962e+03
593	-1.150395e+03
594	-1.122738e+03
595	-1.126453e+03
596	-1.150716e+03
597	-1.144190e+03
598	-1.128078e+03
599	-1.123119e+03
600	-1.144445e+03
601	-1.128695e+03
602	-1.109274e+03
603	-1.131326e+03
604	-1.116970e+03
605	-1.147490e+03
606	-1.129725e+03
607	-1.123622e+03
608	-1.110573e+03
609	-1.135926e+03
610	-1.147630e+03
611	-1.136007e+03
612	-1.111602e+03
613	-1.124490e+03
614	-1.137461e+03
615	-1.145399e+03
616	-1.131207e+03
617	-1.124509e+03
618	-1.133134e+03
619	-1.136883e+03
620	-1.112990e+03
621	-1.135183e+03
622	-1.120234e+03
623	-1.132817e+03
624	-1.152339e+03
625	-1.150326e+03
626	-1.126206e+03
627	-1.136608e+03
628	-1.120560e+03
629	-1.136676e+03
630	-1.136477e+03
631	-1.125622e+03
632	-1.138075e+03
633	-1.134191e+03
634	-1.132210e+03
635	-1.131660e+03
636	-1.112657e+03
637	-1.128819e+03
638	-1.130250e+03
639	-1.140462e+03
640	-1.113214e+03
641	-1.117600e+03
642	-1.134888e+03
643	-1.136086e+03
644	-1.131807e+03
645	-1.132775e+03
646	-1.139827e+03
647	-1.130363e+03
648	-1.118641e+03
649	-1.132805e+03
650	-1.127342e+03
651	-1.109376e+03
652	-1.131627e+03
653	-1.144810e+03
654	-1.129389e+03
655	-1.124859e+03
656	-1.141126e+03
657	-1.135519e+03
658	-1.133723e+03
659	-1.156660e+03
660	-1.139593e+03
661	-1.116427e+03
662	-1.147679e+03
663	-1.143907e+03
664	-1.139057e+03
665	-1.128331e+03
666	-1.132823e+03
667	-1.123353e+03
668	-1.128498e+03
669	-1.135848e+03
670	-1.118092e+03
671	-1.123883e+03
672	-1.136235e+03
673	-1.110159e+03
674	-1.117118e+03
675	-1.130090e+03
676	-1.126863e+03
677	-1.145971e+03
678	-1.138679e+03
679	-1.127414e+03
680	-1.146635e+03
681	-1.139580e+03
682	-1.120548e+03
683	-1.122487e+03
684	-1.129153e+03
685	-1.119946e+03
686	-1.154644e+03
687	-1.126342e+03
688	-1.139433e+03
689	-1.124593e+03
690	-1.115855e+03
691	-1.133699e+03
692	-1.127870e+03
693	-1.132343e+03
694	-1.119699e+03
695	-1.113887e+03
696	-1.149331e+03
697	-1.144635e+03
698	-1.126641e+03
699	-1.127509e+03
700	-1.113346e+03
701	-1.127793e+03
702	-1.129368e+03
703	-1.115000e+03
704	-1.127680e+03
705	-1.132593e+03
706	-1.129850e+03
707	-1.129619e+03
708	-1.153593e+03
709	-1.102467e+03
710	-1.127015e+03
711	-1.126003e+03
712	-1.126865e+03
713	-1.136852e+03
714	-1.128693e+03
715	-1.120091e+03
716	-1.126797e+03
717	-1.120479e+03
718	-1.140612e+03
719	-1.124880e+03
720	-1.117245e+03
721	-1.127447e+03
722	-1.136243e+03
723	-1.132736e+03
724	-1.130987e+03
725	-1.134001e+03
726	-1.140602e+03
727	-1.150313e+03
728	-1.121864e+03
729	-1.130499e+03
730	-1.130666e+03
731	-1.126184e+03
732	-1.147135e+03
733	-1.121699e+03
734	-1.121837e+03
735	-1.136545e+03
736	-1.150464e+03
737	-1.123264e+03
738	-1.114884e+03
739	-1.126579e+03
740	-1.121385e+03
741	-1.135094e+03
742	-1.116571e+03
743	-1.144452e+03
744	-1.135068e+03
745	-1.125442e+03
746	-1.131599e+03
747	-1.127160e+03
748	-1.130541e+03
749	-1.132035e+03
750	-1.129336e+03
751	-1.112123e+03
752	-1.103909e+03
753	-1.116675e+03
754	-1.141119e+03
755	-1.134605e+03
756	-1.125066e+03
757	-1.134678e+03
758	-1.129054e+03
759	-1.131608e+03
760	-1.143140e+03
761	-1.143684e+03
762	-1.138158e+03
763	-1.118229e+03
764	-1.140673e+03
765	-1.143103e+03
766	-1.155035e+03
767	-1.141904e+03
768	-1.147965e+03
769	-1.151541e+03
770	-1.128630e+03
771	-1.136626e+03
772	-1.128626e+03
773	-1.130912e+03
774	-1.133157e+03
775	-1.107632e+03
776	-1.125748e+03
777	-1.152872e+03
778	-1.142233e+03
779	-1.113282e+03
780	-1.119032e+03
781	-1.121538e+03
782	-1.141536e+03
783	-1.141150e+03
784	-1.109070e+03
785	-1.140617e+03
786	-1.121707e+03
787	-1.113861e+03
788	-1.121764e+03
789	-1.112600e+03
790	-1.134955e+03
791	-1.142925e+03
792	-1.109144e+03
793	-1.162453e+03
794	-1.127088e+03
795	-1.141381e+03
796	-1.134312e+03
797	-1.130665e+03
798	-1.151765e+03
799	-1.146307e+03
800	-1.138195e+03
801	-1.160009e+03
802	-1.130766e+03
803	-1.129913e+03
804	-1.123680e+03
805	-1.107277e+03
806	-1.124660e+03
807	-1.125206e+03
808	-1.135295e+03
809	-1.127154e+03
810	-1.127645e+03
811	-1.142766e+03
812	-1.099758e+03
813	-1.128708e+03
814	-1.145888e+03
815	-1.134143e+03
816	-1.113957e+03
817	-1.145811e+03
818	-1.121939e+03
819	-1.099799e+03
820	-1.128118e+03
821	-1.140480e+03
822	-1.118978e+03
823	-1.142845e+03
824	-1.131842e+03
825	-1.137255e+03
826	-1.117719e+03
827	-1.115736e+03
828	-1.139134e+03
829	-1.152128e+03
830	-1.115836e+03
831	-1.147403e+03
832	-1.119271e+03
833	-1.136265e+03
834	-1.120750e+03
835	-1.130916e+03
836	-1.136778e+03
837	-1.134180e+03
838	-1.145228e+03
839	-1.132897e+03
840	-1.115770e+03
841	-1.128371e+03
842	-1.111639e+03
843	-1.112741e+03
844	-1.112637e+03
845	-1.124984e+03
846	-1.145600e+03
847	-1.133213e+03
848	-1.137837e+03
849	-1.144511e+03
850	-1.125623e+03
851	-1.127614e+03
852	-1.118264e+03
853	-1.122502e+03
854	-1.136718e+03
855	-1.123986e+03
856	-1.129761e+03
857	-1.125202e+03
858	-1.121536e+03
859	-1.139066e+03
860	-1.125209e+03
861	-1.135868e+03
862	-1.128302e+03
863	-1.132782e+03
864	-1.129340e+03
865	-1.136083e+03
866	-1.128150e+03
867	-1.133423e+03
868	-1.137936e+03
869	-1.112126e+03
870	-1.126749e+03
871	-1.118578e+03
872	-1.132277e+03
873	-1.138939e+03
874	-1.128845e+03
875	-1.122274e+03
876	-1.127803e+03
877	-1.130957e+03
878	-1.142061e+03
879	-1.115274e+03
880	-1.121585e+03
881	-1.131691e+03
882	-1.142705e+03
883	-1.127990e+03
884	-1.133792e+03
885	-1.148815e+03
886	-1.132698e+03
887	-1.134816e+03
888	-1.140415e+03
889	-1.139369e+03
890	-1.134050e+03
891	-1.122736e+03
892	-1.137340e+03
893	-1.122697e+03
894	-1.116813e+03
895	-1.138902e+03
896	-1.130008e+03
897	-1.133732e+03
898	-1.119755e+03
899	-1.124430e+03
900	-1.141119e+03
901	-1.130886e+03
902	-1.127165e+03
903	-1.155345e+03
904	-1.126188e+03
905	-1.116464e+03
906	-1.123982e+03
907	-1.141323e+03
908	-1.113488e+03
909	-1.138535e+03
910	-1.133127e+03
911	-1.144153e+03
912	-1.125510e+03
913	-1.113359e+03
914	-1.120235e+03
915	-1.136255e+03
916	-1.131799e+03
917	-1.138407e+03
918	-1.147664e+03
919	-1.129791e+03
920	-1.127725e+03
921	-1.144035e+03
922	-1.125119e+03
923	-1.126041e+03
924	-1.130507e+03
925	-1.124358e+03
926	-1.130680e+03
927	-1.127010e+03
928	-1.136811e+03
929	-1.135579e+03
930	-1.136234e+03
931	-1.143236e+03
932	-1.114296e+03
933	-1.126838e+03
934	-1.115896e+03
935	-1.106491e+03
936	-1.140089e+03
937	-1.138894e+03
938	-1.158753e+03
939	-1.116275e+03
940	-1.127427e+03
941	-1.143297e+03
942	-1.125811e+03
943	-1.127550e+03
944	-1.133921e+03
945	-1.119430e+03
946	-1.123737e+03
947	-1.125171e+03
948	-1.130199e+03
949	-1.125982e+03
950	-1.127652e+03
951	-1.117392e+03
952	-1.127386e+03
953	-1.138465e+03
954	-1.122453e+03
955	-1.129168e+03
956	-1.125327e+03
957	-1.116209e+03
958	-1.129717e+03
959	-1.121602e+03
960	-1.118253e+03
961	-1.146400e+03
962	-1.140213e+03
963	-1.143079e+03
964	-1.148101e+03
965	-1.137268e+03
966	-1.133353e+03
967	-1.122260e+03
968	-1.128829e+03
969	-1.137631e+03
970	-1.140684e+03
971	-1.145780e+03
972	-1.126823e+03
973	-1.124855e+03
974	-1.110297e+03
975	-1.134019e+03
976	-1.127778e+03
977	-1.131890e+03
978	-1.126449e+03
979	-1.153768e+03
980	-1.129115e+03
981	-1.138704e+03
982	-1.116236e+03
983	-1.140239e+03
984	-1.145479e+03
985	-1.135223e+03
986	-1.133538e+03
987	-1.120770e+03
988	-1.121302e+03
989	-1.154983e+03
990	-1.125149e+03
991	-1.132478e+03
992	-1.118840e+03
993	-1.133216e+03
994	-1.121256e+03
995	-1.137152e+03
996	-1.129461e+03
997	-1.103341e+03
998	-1.121741e+03
999	-1.124409e+03
1000	-1.153963e+03
1001	-1.121615e+03
1002	-1.128233e+03
1003	-1.115991e+03
1004	-1.134214e+03
1005	-1.130092e+03
1006	-1.117448e+03
1007	-1.132200e+03
1008	-1.128076e+03
1009	-1.143513e+03
1010	-1.119107e+03
1011	-1.113629e+03
1012	-1.118191e+03
1013	-1.133009e+03
1014	-1.114592e+03
1015	-1.118134e+03
1016	-1.131714e+03
1017	-1.152776e+03
1018	-1.111748e+03
1019	-1.144531e+03
1020	-1.146502e+03
1021	-1.119347e+03
1022	-1.110077e+03
1023	-1.129918e+03
1024	-1.119398e+03
1025	-1.125128e+03
1026	-1.124153e+03
1027	-1.129844e+03
1028	-1.139002e+03
1029	-1.148339e+03
1030	-1.112374e+03
1031	-1.159672e+03
1032	-1.125794e+03
1033	-1.127772e+03
1034	-1.120906e+03
1035	-1.131348e+03
1036	-1.134150e+03
1037	-1.145511e+03
1038	-1.137372e+03
1039	-1.122370e+03
1040	-1.135251e+03
1041	-1.138929e+03
1042	-1.122346e+03
1043	-1.149699e+03
1044	-1.130356e+03
1045	-1.130370e+03
1046	-1.112960e+03
1047	-1.122013e+03
1048	-1.131921e+03
1049	-1.128923e+03
1050	-1.120184e+03
1051	-1.134390e+03
1052	-1.114409e+03
1053	-1.120594e+03
1054	-1.123006e+03
1055	-1.121012e+03
1056	-1.134038e+03
1057	-1.148900e+03
1058	-1.144738e+03
1059	-1.128990e+03
1060	-1.124420e+03
1061	-1.138433e+03
1062	-1.132586e+03
1063	-1.121764e+03
1064	-1.128202e+03
1065	-1.124681e+03
1066	-1.120632e+03
1067	-1.134308e+03
1068	-1.142905e+03
1069	-1.134491e+03
1070	-1.133601e+03
1071	-1.134347e+03
1072	-1.126141e+03
1073	-1.142092e+03
1074	-1.144366e+03
1075	-1.149574e+03
1076	-1.120506e+03
1077	-1.115036e+03
1078	-1.131582e+03
1079	-1.144037e+03
1080	-1.127008e+03
1081	-1.157640e+03
1082	-1.152966e+03
1083	-1.124924e+03
1084	-1.108439e+03
1085	-1.128195e+03
1086	-1.133285e+03
1087	-1.131596e+03
1088	-1.118660e+03
1089	-1.114286e+03
1090	-1.129509e+03
1091	-1.122587e+03
1092	-1.128977e+03
1093	-1.123982e+03
1094	-1.123090e+03
1095	-1.136743e+03
1096	-1.121543e+03
1097	-1.140759e+03
1098	-1.126896e+03
1099	-1.127287e+03
1100	-1.111018e+03
1101	-1.135216e+03
1102	-1.124986e+03
1103	-1.131021e+03
1104	-1.126147e+03
1105	-1.140771e+03
1106	-1.118761e+03
1107	-1.133680e+03
1108	-1.127593e+03
1109	-1.158558e+03
1110	-1.134108e+03
1111	-1.115392e+03
1112	-1.137926e+03
1113	-1.134290e+03
1114	-1.131452e+03
1115	-1.134341e+03
1116	-1.125871e+03
1117	-1.122072e+03
1118	-1.128258e+03
1119	-1.122506e+03
1120	-1.118216e+03
1121	-1.134196e+03
1122	-1.137245e+03
1123	-1.128021e+03
1124	-1.136341e+03
1125	-1.142367e+03
1126	-1.109955e+03
1127	-1.138078e+03
1128	-1.120624e+03
1129	-1.115458e+03
1130	-1.136275e+03
1131	-1.128566e+03
1132	-1.136458e+03
1133	-1.111477e+03
1134	-1.134992e+03
1135	-1.122060e+03
1136	-1.143814e+03
1137	-1.106890e+03
1138	-1.135092e+03
1139	-1.109936e+03
1140	-1.138989e+03
1141	-1.119040e+03
1142	-1.133694e+03
1143	-1.106500e+03
1144	-1.152047e+03
1145	-1.126648e+03
1146	-1.133964e+03
1147	-1.111603e+03
1148	-1.131881e+03
1149	-1.136968e+03
1150	-1.141421e+03
1151	-1.113899e+03
1152	-1.131684e+03
1153	-1.142488e+03
1154	-1.122208e+03
1155	-1.132756e+03
1156	-1.111316e+03
1157	-1.140210e+03
1158	-1.127679e+03
1159	-1.124075e+03
1160	-1.137527e+03
1161	-1.128605e+03
1162	-1.122113e+03
1163	-1.103850e+03
1164	-1.130423e+03
1165	-1.136188e+03
1166	-1.135119e+03
1167	-1.133031e+03
1168	-1.129458e+03
1169	-1.131824e+03
1170	-1.112468e+03
1171	-1.123576e+03
1172	-1.123069e+03
1173	-1.109692e+03
1174	-1.127449e+03
1175	-1.137485e+03
1176	-1.137993e+03
1177	-1.112208e+03
1178	-1.140584e+03
1179	-1.148466e+03
1180	-1.132872e+03
1181	-1.146852e+03
1182	-1.143154e+03
1183	-1.122799e+03
1184	-1.144715e+03
1185	-1.137788e+03
1186	-1.127308e+03
1187	-1.138538e+03
1188	-1.143124e+03
1189	-1.123830e+03
1190	-1.150873e+03
1191	-1.113274e+03
1192	-1.118492e+03
1193	-1.135334e+03
1194	-1.153275e+03
1195	-1.146167e+03
1196	-1.121013e+03
1197	-1.149184e+03
1198	-1.130395e+03
1199	-1.113598e+03
1200	-1.122251e+03
1201	-1.143969e+03
1202	-1.108682e+03
1203	-1.122302e+03
1204	-1.115487e+03
1205	-1.129376e+03
1206	-1.132050e+03
1207	-1.123323e+03
1208	-1.134453e+03
1209	-1.127212e+03
1210	-1.124214e+03
1211	-1.132397e+03
1212	-1.115729e+03
1213	-1.147110e+03
1214	-1.120442e+03
1215	-1.141217e+03
1216	-1.111364e+03
1217	-1.149971e+03
1218	-1.114597e+03
1219	-1.118027e+03
1220	-1.129794e+03
1221	-1.125408e+03
1222	-1.157175e+03
1223	-1.094020e+03
1224	-1.129434e+03
1225	-1.140683e+03
1226	-1.122513e+03
1227	-1.123591e+03
1228	-1.133232e+03
1229	-1.135936e+03
1230	-1.113880e+03
1231	-1.141105e+03
1232	-1.116628e+03
1233	-1.113172e+03
1234	-1.126227e+03
1235	-1.115596e+03
1236	-1.130385e+03
1237	-1.137499e+03
1238	-1.111698e+03
1239	-1.135125e+03
1240	-1.134172e+03
1241	-1.112054e+03
1242	-1.122068e+03
1243	-1.149307e+03
1244	-1.107343e+03
1245	-1.129148e+03
1246	-1.134134e+03
1247	-1.120746e+03
1248	-1.159545e+03
1249	-1.139485e+03
1250	-1.124603e+03
1251	-1.116207e+03
1252	-1.146246e+03
1253	-1.139986e+03
1254	-1.127510e+03
1255	-1.107539e+03
1256	-1.108693e+03
1257	-1.125498e+03
1258	-1.132996e+03
1259	-1.120709e+03
1260	-1.121686e+03
1261	-1.123462e+03
1262	-1.134882e+03
1263	-1.126659e+03
1264	-1.133401e+03
1265	-1.116203e+03
1266	-1.120654e+03
1267	-1.120490e+03
1268	-1.123306e+03
1269	-1.133464e+03
1270	-1.124768e+03
1271	-1.124523e+03
1272	-1.146704e+03
1273	-1.126445e+03
1274	-1.139164e+03
1275	-1.117867e+03
1276	-1.135586e+03
1277	-1.140632e+03
1278	-1.144514e+03
1279	-1.110200e+03
1280	-1.115731e+03
1281	-1.145252e+03
1282	-1.142292e+03
1283	-1.116947e+03
1284	-1.129785e+03
1285	-1.136757e+03
1286	-1.133249e+03
1287	-1.120831e+03
1288	-1.118497e+03
1289	-1.130614e+03
1290	-1.125047e+03
1291	-1.123571e+03
1292	-1.121172e+03
1293	-1.115994e+03
1294	-1.144401e+03
1295	-1.127002e+03
1296	-1.135275e+03
1297	-1.120515e+03
1298	-1.122861e+03
1299	-1.139363e+03
1300	-1.150007e+03
1301	-1.135709e+03
1302	-1.132227e+03
1303	-1.120362e+03
1304	-1.120714e+03
1305	-1.133191e+03
1306	-1.144867e+03
1307	-1.140303e+03
1308	-1.138257e+03
1309	-1.118967e+03
1310	-1.124614e+03
1311	-1.118273e+03
1312	-1.131536e+03
1313	-1.134057e+03
1314	-1.114769e+03
1315	-1.134549e+03
1316	-1.141060e+03
1317	-1.115587e+03
1318	-1.113673e+03
1319	-1.110657e+03
1320	-1.133322e+03
1321	-1.134293e+03
1322	-1.123142e+03
1323	-1.134005e+03
1324	-1.136388e+03
1325	-1.121219e+03
1326	-1.147930e+03
1327	-1.151202e+03
1328	-1.147452e+03
1329	-1.137029e+03
1330	-1.136853e+03
1331	-1.144406e+03
1332	-1.127961e+03
1333	-1.112305e+03
1334	-1.112209e+03
1335	-1.117813e+03
1336	-1.123312e+03
1337	-1.120125e+03
1338	-1.115402e+03
1339	-1.129376e+03
1340	-1.126669e+03
1341	-1.122186e+03
1342	-1.126942e+03
1343	-1.145942e+03
1344	-1.118861e+03
1345	-1.143962e+03
1346	-1.108247e+03
1347	-1.130151e+03
1348	-1.104051e+03
1349	-1.137533e+03
1350	-1.121066e+03
1351	-1.131970e+03
1352	-1.106066e+03
1353	-1.143009e+03
1354	-1.137002e+03
1355	-1.134177e+03
1356	-1.103283e+03
1357	-1.136329e+03
1358	-1.121870e+03
1359	-1.124191e+03
1360	-1.109419e+03
1361	-1.141057e+03
1362	-1.151332e+03
1363	-1.131494e+03
1364	-1.137417e+03
1365	-1.140712e+03
1366	-1.134789e+03
1367	-1.112148e+03
1368	-1.122357e+03
1369	-1.116335e+03
1370	-1.146290e+03
1371	-1.130619e+03
1372	-1.138132e+03
1373	-1.131725e+03
1374	-1.153233e+03
1375	-1.131760e+03
1376	-1.134466e+03
1377	-1.140174e+03
1378	-1.125070e+03
1379	-1.143496e+03
1380	-1.128989e+03
1381	-1.128165e+03
1382	-1.113922e+03
1383	-1.121582e+03
1384	-1.138496e+03
1385	-1.123723e+03
1386	-1.125696e+03
1387	-1.138134e+03
1388	-1.139677e+03
1389	-1.162394e+03
1390	-1.128859e+03
1391	-1.161951e+03
1392	-1.141828e+03
1393	-1.154419e+03
1394	-1.146299e+03
1395	-1.113332e+03
1396	-1.137445e+03
1397	-1.141373e+03
1398	-1.141262e+03
1399	-1.119102e+03
1400	-1.128283e+03
1401	-1.119239e+03
1402	-1.146184e+03
1403	-1.130530e+03
1404	-1.130294e+03
1405	-1.127239e+03
1406	-1.130372e+03
1407	-1.136099e+03
1408	-1.120393e+03
1409	-1.123899e+03
1410	-1.125917e+03
1411	-1.119040e+03
1412	-1.151840e+03
1413	-1.119908e+03
1414	-1.142807e+03
1415	-1.120737e+03
1416	-1.131470e+03
1417	-1.126874e+03
1418	-1.147446e+03
1419	-1.123249e+03
1420	-1.146404e+03
1421	-1.134505e+03
1422	-1.117425e+03
1423	-1.127753e+03
1424	-1.114562e+03
1425	-1.123441e+03
1426	-1.089832e+03
1427	-1.120984e+03
1428	-1.105108e+03
1429	-1.117075e+03
1430	-1.126334e+03
1431	-1.118658e+03
1432	-1.129125e+03
1433	-1.129314e+03
1434	-1.116731e+03
1435	-1.104731e+03
1436	-1.133095e+03
1437	-1.146135e+03
1438	-1.138119e+03
1439	-1.145988e+03
1440	-1.117307e+03
1441	-1.123163e+03
1442	-1.125086e+03
1443	-1.141607e+03
1444	-1.109367e+03
1445	-1.145489e+03
1446	-1.148309e+03
1447	-1.133279e+03
1448	-1.120854e+03
1449	-1.127712e+03
1450	-1.134141e+03
1451	-1.125171e+03
1452	-1.129829e+03
1453	-1.130980e+03
1454	-1.120319e+03
1455	-1.120280e+03
1456	-1.114576e+03
1457	-1.156735e+03
1458	-1.127663e+03
1459	-1.138305e+03
1460	-1.123928e+03
1461	-1.137517e+03
1462	-1.127734e+03
1463	-1.115699e+03
1464	-1.135701e+03
1465	-1.137570e+03
1466	-1.128360e+03
1467	-1.130520e+03
1468	-1.118623e+03
1469	-1.121156e+03
1470	-1.120059e+03
1471	-1.125098e+03
1472	-1.135890e+03
1473	-1.131001e+03
1474	-1.112910e+03
1475	-1.139633e+03
1476	-1.120239e+03
1477	-1.124354e+03
1478	-1.145945e+03
1479	-1.133027e+03
1480	-1.130073e+03
1481	-1.148133e+03
1482	-1.127638e+03
1483	-1.118345e+03
1484	-1.124872e+03
1485	-1.124817e+03
1486	-1.140634e+03
1487	-1.138705e+03
1488	-1.131835e+03
1489	-1.149974e+03
1490	-1.120077e+03
1491	-1.101641e+03
1492	-1.130541e+03
1493	-1.118101e+03
1494	-1.134348e+03
1495	-1.125750e+03
1496	-1.143984e+03
1497	-1.131628e+03
1498	-1.116120e+03
1499	-1.164757e+03
1500	-1.143578e+03
1501	-1.134175e+03
1502	-1.113848e+03
1503	-1.133016e+03
1504	-1.132722e+03
1505	-1.132177e+03
1506	-1.132477e+03
1507	-1.128454e+03
1508	-1.127925e+03
1509	-1.128504e+03
1510	-1.128654e+03
1511	-1.146265e+03
1512	-1.114739e+03
1513	-1.127764e+03
1514	-1.121139e+03
1515	-1.134667e+03
1516	-1.143522e+03
1517	-1.112263e+03
1518	-1.133900e+03
1519	-1.130930e+03
1520	-1.137199e+03
1521	-1.131218e+03
1522	-1.095533e+03
1523	-1.142057e+03
1524	-1.116964e+03
1525	-1.115736e+03
1526	-1.139136e+03
1527	-1.129094e+03
1528	-1.105399e+03
1529	-1.136638e+03
1530	-1.114700e+03
1531	-1.134628e+03
1532	-1.117964e+03
1533	-1.139045e+03
1534	-1.104553e+03
1535	-1.125553e+03
1536	-1.109222e+03
1537	-1.129967e+03
1538	-1.121014e+03
1539	-1.127239e+03
1540	-1.132781e+03
1541	-1.113517e+03
1542	-1.126894e+03
1543	-1.129806e+03
1544	-1.126516e+03
1545	-1.133161e+03
1546	-1.133712e+03
1547	-1.128580e+03
1548	-1.120901e+03
1549	-1.129032e+03
1550	-1.115419e+03
1551	-1.125695e+03
1552	-1.124344e+03
1553	-1.136347e+03
1554	-1.138652e+03
1555	-1.145075e+03
1556	-1.134265e+03
1557	-1.136309e+03
1558	-1.124270e+03
1559	-1.119315e+03
1560	-1.136775e+03
1561	-1.090920e+03
1562	-1.118811e+03
1563	-1.124548e+03
1564	-1.149661e+03
1565	-1.136351e+03
1566	-1.140538e+03
1567	-1.144547e+03
1568	-1.118626e+03
1569	-1.135443e+03
1570	-1.112524e+03
1571	-1.123115e+03
1572	-1.138059e+03
1573	-1.121670e+03
1574	-1.118861e+03
1575	-1.123921e+03
1576	-1.129371e+03
1577	-1.114318e+03
1578	-1.123364e+03
1579	-1.133552e+03
1580	-1.127800e+03
1581	-1.116973e+03
1582	-1.118372e+03
1583	-1.148236e+03
1584	-1.105708e+03
1585	-1.127130e+03
1586	-1.146056e+03
1587	-1.135514e+03
1588	-1.132185e+03
1589	-1.135138e+03
1590	-1.139629e+03
1591	-1.134180e+03
1592	-1.140887e+03
1593	-1.150982e+03
1594	-1.125266e+03
1595	-1.143973e+03
1596	-1.134361e+03
1597	-1.148881e+03
1598	-1.127026e+03
1599	-1.126808e+03
1600	-1.120093e+03
1601	-1.113879e+03
1602	-1.135745e+03
1603	-1.135143e+03
1604	-1.136481e+03
1605	-1.120097e+03
1606	-1.139215e+03
1607	-1.131419e+03
1608	-1.116604e+03
1609	-1.146512e+03
1610	-1.130583e+03
1611	-1.114187e+03
1612	-1.123952e+03
1613	-1.143068e+03
1614	-1.118349e+03
1615	-1.108743e+03
1616	-1.117268e+03
1617	-1.122200e+03
1618	-1.127549e+03
1619	-1.139101e+03
1620	-1.134350e+03
1621	-1.137657e+03
1622	-1.139334e+03
1623	-1.125416e+03
1624	-1.130776e+03
1625	-1.146444e+03
1626	-1.136957e+03
1627	-1.135180e+03
1628	-1.108074e+03
1629	-1.120235e+03
1630	-1.123135e+03
1631	-1.119521e+03
1632	-1.128483e+03
1633	-1.118248e+03
1634	-1.135304e+03
1635	-1.129408e+03
1636	-1.142101e+03
1637	-1.125873e+03
1638	-1.120864e+03
1639	-1.118676e+03
1640	-1.146300e+03
1641	-1.135420e+03
1642	-1.117140e+03
1643	-1.139806e+03
1644	-1.120589e+03
1645	-1.139762e+03
1646	-1.134986e+03
1647	-1.113464e+03
1648	-1.107079e+03
1649	-1.115260e+03
1650	-1.143887e+03
1651	-1.152564e+03
1652	-1.124759e+03
1653	-1.130480e+03
1654	-1.132813e+03
1655	-1.139365e+03
1656	-1.141756e+03
1657	-1.128359e+03
1658	-1.122120e+03
1659	-1.117911e+03
1660	-1.134736e+03
1661	-1.133463e+03
1662	-1.138005e+03
1663	-1.142492e+03
1664	-1.114164e+03
1665	-1.145292e+03
1666	-1.115433e+03
1667	-1.119229e+03
1668	-1.118618e+03
1669	-1.121364e+03
1670	-1.130076e+03
1671	-1.147055e+03
1672	-1.136053e+03
1673	-1.141187e+03
1674	-1.111799e+03
1675	-1.135217e+03
1676	-1.139104e+03
1677	-1.133009e+03
1678	-1.125595e+03
1679	-1.120752e+03
1680	-1.122173e+03
1681	-1.132276e+03
1682	-1.137750e+03
1683	-1.138154e+03
1684	-1.125574e+03
1685	-1.132367e+03
1686	-1.135163e+03
1687	-1.128885e+03
1688	-1.132757e+03
1689	-1.114216e+03
1690	-1.130004e+03
1691	-1.139826e+03
1692	-1.136407e+03
1693	-1.128899e+03
1694	-1.123549e+03
1695	-1.130202e+03
1696	-1.110791e+03
1697	-1.137026e+03
1698	-1.145071e+03
1699	-1.117428e+03
1700	-1.120595e+03
1701	-1.115645e+03
1702	-1.155546e+03
1703	-1.155097e+03
1704	-1.157926e+03
1705	-1.138406e+03
1706	-1.135022e+03
1707	-1.145730e+03
1708	-1.121243e+03
1709	-1.139149e+03
1710	-1.120987e+03
1711	-1.139238e+03
1712	-1.117029e+03
1713	-1.129398e+03
1714	-1.116090e+03
1715	-1.121822e+03
1716	-1.126994e+03
1717	-1.117063e+03
1718	-1.132818e+03
1719	-1.123894e+03
1720	-1.123917e+03
1721	-1.144969e+03
1722	-1.117147e+03
1723	-1.126448e+03
1724	-1.127070e+03
1725	-1.123322e+03
1726	-1.136457e+03
1727	-1.128748e+03
1728	-1.136344e+03
1729	-1.127130e+03
1730	-1.122087e+03
1731	-1.140526e+03
1732	-1.129567e+03
1733	-1.126893e+03
1734	-1.150896e+03
1735	-1.120499e+03
1736	-1.127227e+03
1737	-1.136132e+03
1738	-1.136823e+03
1739	-1.142804e+03
1740	-1.130919e+03
1741	-1.127836e+03
1742	-1.141946e+03
1743	-1.131341e+03
1744	-1.134327e+03
1745	-1.143545e+03
1746	-1.138991e+03
1747	-1.129912e+03
1748	-1.131158e+03
1749	-1.125334e+03
1750	-1.123995e+03
1751	-1.133227e+03
1752	-1.117170e+03
1753	-1.135551e+03
1754	-1.139573e+03
1755	-1.118177e+03
1756	-1.110033e+03
1757	-1.157159e+03
1758	-1.125774e+03
1759	-1.152856e+03
1760	-1.157084e+03
1761	-1.129967e+03
1762	-1.116947e+03
1763	-1.125084e+03
1764	-1.138049e+03
1765	-1.121854e+03
1766	-1.105033e+03
1767	-1.125845e+03
1768	-1.121680e+03
1769	-1.142007e+03
1770	-1.134208e+03
1771	-1.124313e+03
1772	-1.137109e+03
1773	-1.142797e+03
1774	-1.132908e+03
1775	-1.146302e+03
1776	-1.131270e+03
1777	-1.121392e+03
1778	-1.136752e+03
1779	-1.129998e+03
1780	-1.130257e+03
1781	-1.127148e+03
1782	-1.126179e+03
1783	-1.122310e+03
1784	-1.131801e+03
1785	-1.137905e+03
1786	-1.148182e+03
1787	-1.129734e+03
1788	-1.134935e+03
1789	-1.124095e+03
1790	-1.144609e+03
1791	-1.136031e+03
1792	-1.128531e+03
1793	-1.127380e+03
1794	-1.137301e+03
1795	-1.130589e+03
1796	-1.143063e+03
1797	-1.124857e+03
1798	-1.124663e+03
1799	-1.129451e+03
1800	-1.137867e+03
1801	-1.111868e+03
1802	-1.115736e+03
1803	-1.127271e+03
1804	-1.111592e+03
1805	-1.131021e+03
1806	-1.123426e+03
1807	-1.130435e+03
1808	-1.119027e+03
1809	-1.140519e+03
1810	-1.142156e+03
1811	-1.122971e+03
1812	-1.122662e+03
1813	-1.142064e+03
1814	-1.143051e+03
1815	-1.132998e+03
1816	-1.116562e+03
1817	-1.117819e+03
1818	-1.118010e+03
1819	-1.138985e+03
1820	-1.141388e+03
1821	-1.145121e+03
1822	-1.127215e+03
1823	-1.141737e+03
1824	-1.116061e+03
1825	-1.127747e+03
1826	-1.144029e+03
1827	-1.133510e+03
1828	-1.124127e+03
1829	-1.134101e+03
1830	-1.126815e+03
1831	-1.129512e+03
1832	-1.129677e+03
1833	-1.143573e+03
1834	-1.111842e+03
1835	-1.125079e+03
1836	-1.128680e+03
1837	-1.113867e+03
1838	-1.130274e+03
1839	-1.136371e+03
1840	-1.135661e+03
1841	-1.139572e+03
1842	-1.127896e+03
1843	-1.131286e+03
1844	-1.140610e+03
1845	-1.139050e+03
1846	-1.149741e+03
1847	-1.130567e+03
1848	-1.137960e+03
1849	-1.113901e+03
1850	-1.139618e+03
1851	-1.134040e+03
1852	-1.126083e+03
1853	-1.110845e+03
1854	-1.125374e+03
1855	-1.141543e+03
1856	-1.117480e+03
1857	-1.135139e+03
1858	-1.122828e+03
1859	-1.130357e+03
1860	-1.131391e+03
1861	-1.117842e+03
1862	-1.131134e+03
1863	-1.102797e+03
1864	-1.111465e+03
1865	-1.108593e+03
1866	-1.103620e+03
1867	-1.114993e+03
1868	-1.120225e+03
1869	-1.110697e+03
1870	-1.130226e+03
1871	-1.116943e+03
1872	-1.106695e+03
1873	-1.126721e+03
1874	-1.144385e+03
1875	-1.103538e+03
1876	-1.127653e+03
1877	-1.136087e+03
1878	-1.133509e+03
1879	-1.116861e+03
1880	-1.129972e+03
1881	-1.143181e+03
1882	-1.143279e+03
1883	-1.138524e+03
1884	-1.138228e+03
1885	-1.140428e+03
1886	-1.133850e+03
1887	-1.111041e+03
1888	-1.122650e+03
1889	-1.137902e+03
1890	-1.135807e+03
1891	-1.121179e+03
1892	-1.130730e+03
1893	-1.134137e+03
1894	-1.127107e+03
1895	-1.139889e+03
1896	-1.125929e+03
1897	-1.130422e+03
1898	-1.128575e+03
1899	-1.139842e+03
1900	-1.120703e+03
1901	-1.136307e+03
1902	-1.116471e+03
1903	-1.104969e+03
1904	-1.123916e+03
1905	-1.133485e+03
1906	-1.120356e+03
1907	-1.119308e+03
1908	-1.132886e+03
1909	-1.132595e+03
1910	-1.139604e+03
1911	-1.123625e+03
1912	-1.140211e+03
1913	-1.131893e+03
1914	-1.137286e+03
1915	-1.141008e+03
1916	-1.128466e+03
1917	-1.127611e+03
1918	-1.097533e+03
1919	-1.136611e+03
1920	-1.128432e+03
1921	-1.136112e+03
1922	-1.127061e+03
1923	-1.130606e+03
1924	-1.101892e+03
1925	-1.127124e+03
1926	-1.154574e+03
1927	-1.112660e+03
1928	-1.127321e+03
1929	-1.122892e+03
1930	-1.119918e+03
1931	-1.136101e+03
1932	-1.137834e+03
1933	-1.130804e+03
1934	-1.132784e+03
1935	-1.126136e+03
1936	-1.141532e+03
1937	-1.135332e+03
1938	-1.118991e+03
1939	-1.139832e+03
1940	-1.136820e+03
1941	-1.150091e+03
1942	-1.148782e+03
1943	-1.117003e+03
1944	-1.147980e+03
1945	-1.126244e+03
1946	-1.121323e+03
1947	-1.137118e+03
1948	-1.133622e+03
1949	-1.127878e+03
1950	-1.144310e+03
1951	-1.144971e+03
1952	-1.128281e+03
1953	-1.139381e+03
1954	-1.147417e+03
1955	-1.115290e+03
1956	-1.119160e+03
1957	-1.123283e+03
1958	-1.139928e+03
1959	-1.132554e+03
1960	-1.132194e+03
1961	-1.131024e+03
1962	-1.136754e+03
1963	-1.126561e+03
1964	-1.120514e+03
1965	-1.124205e+03
1966	-1.129724e+03
1967	-1.120503e+03
1968	-1.119549e+03
1969	-1.151174e+03
1970	-1.132615e+03
1971	-1.133656e+03
1972	-1.113420e+03
1973	-1.117260e+03
1974	-1.123123e+03
1975	-1.135600e+03
1976	-1.133114e+03
1977	-1.142544e+03
1978	-1.133181e+03
1979	-1.134701e+03
1980	-1.123836e+03
1981	-1.113943e+03
1982	-1.119792e+03
1983	-1.139113e+03
1984	-1.134807e+03
1985	-1.134138e+03
1986	-1.132907e+03
1987	-1.143812e+03
1988	-1.110039e+03
1989	-1.135271e+03
1990	-1.135548e+03
1991	-1.137671e+03
1992	-1.112084e+03
1993	-1.137120e+03
1994	-1.121509e+03
1995	-1.114252e+03
1996	-1.140061e+03
1997	-1.149127e+03
1998	-1.130923e+03
1999	-1.137308e+03
2000	-1.117911e+03
2001	-1.124057e+03
2002	-1.127100e+03
2003	-1.135662e+03
2004	-1.123787e+03
2005	-1.134551e+03
2006	-1.112314e+03
2007	-1.139653e+03
2008	-1.128021e+03
2009	-1.114470e+03
2010	-1.127986e+03
2011	-1.131551e+03
2012	-1.134682e+03
2013	-1.135613e+03
2014	-1.133855e+03
2015	-1.144844e+03
2016	-1.112494e+03
2017	-1.122910e+03
2018	-1.133687e+03
2019	-1.112954e+03
2020	-1.144013e+03
2021	-1.123673e+03
2022	-1.135167e+03
2023	-1.125998e+03
2024	-1.139083e+03
2025	-1.134619e+03
2026	-1.120966e+03
2027	-1.126512e+03
2028	-1.151474e+03
2029	-1.124383e+03
2030	-1.126531e+03
2031	-1.154837e+03
2032	-1.132982e+03
2033	-1.135005e+03
2034	-1.141511e+03
2035	-1.139640e+03
2036	-1.121514e+03
2037	-1.142336e+03
2038	-1.130704e+03
2039	-1.139248e+03
2040	-1.119848e+03
2041	-1.128303e+03
2042	-1.137775e+03
2043	-1.124881e+03
2044	-1.124732e+03
2045	-1.133161e+03
2046	-1.134205e+03
2047	-1.130053e+03
2048	-1.145231e+03
2049	-1.154928e+03
2050	-1.118226e+03
2051	-1.140490e+03
2052	-1.134566e+03
2053	-1.141893e+03
2054	-1.137135e+03
2055	-1.122009e+03
2056	-1.134037e+03
2057	-1.138240e+03
2058	-1.137876e+03
2059	-1.129639e+03
2060	-1.138508e+03
2061	-1.122855e+03
2062	-1.136945e+03
2063	-1.129020e+03
2064	-1.115387e+03
2065	-1.132247e+03
2066	-1.133050e+03
2067	-1.126832e+03
2068	-1.124861e+03
2069	-1.129734e+03
2070	-1.115102e+03
2071	-1.144111e+03
2072	-1.123516e+03
2073	-1.141047e+03
2074	-1.129697e+03
2075	-1.122329e+03
2076	-1.130570e+03
2077	-1.135116e+03
2078	-1.136294e+03
2079	-1.131699e+03
2080	-1.134794e+03
2081	-1.148786e+03
2082	-1.128626e+03
2083	-1.117334e+03
2084	-1.120311e+03
2085	-1.153204e+03
2086	-1.121200e+03
2087	-1.137644e+03
2088	-1.124491e+03
2089	-1.134672e+03
2090	-1.140146e+03
2091	-1.115895e+03
2092	-1.121125e+03
2093	-1.131177e+03
2094	-1.120041e+03
2095	-1.124103e+03
2096	-1.131762e+03
2097	-1.119146e+03
2098	-1.131590e+03
2099	-1.129212e+03
2100	-1.145796e+03
2101	-1.130878e+03
2102	-1.122324e+03
2103	-1.121168e+03
2104	-1.116627e+03
2105	-1.135130e+03
2106	-1.131484e+03
2107	-1.141488e+03
2108	-1.124781e+03
2109	-1.121376e+03
2110	-1.138455e+03
2111	-1.133747e+03
2112	-1.117928e+03
2113	-1.136809e+03
2114	-1.140927e+03
2115	-1.127181e+03
2116	-1.135262e+03
2117	-1.154142e+03
2118	-1.131404e+03
2119	-1.130492e+03
2120	-1.124986e+03
2121	-1.124524e+03
2122	-1.137301e+03
2123	-1.108560e+03
2124	-1.115171e+03
2125	-1.139962e+03
2126	-1.150618e+03
2127	-1.119088e+03
2128	-1.110203e+03
2129	-1.148648e+03
2130	-1.115857e+03
2131	-1.129393e+03
2132	-1.122664e+03
2133	-1.143191e+03
2134	-1.135707e+03
2135	-1.111728e+03
2136	-1.135783e+03
2137	-1.121331e+03
2138	-1.125793e+03
2139	-1.121868e+03
2140	-1.143660e+03
2141	-1.124011e+03
2142	-1.119556e+03
2143	-1.139528e+03
2144	-1.112015e+03
2145	-1.112925e+03
2146	-1.128686e+03
2147	-1.131095e+03
2148	-1.132399e+03
2149	-1.123313e+03
2150	-1.136994e+03
2151	-1.118291e+03
2152	-1.146322e+03
2153	-1.133726e+03
2154	-1.116925e+03
2155	-1.122006e+03
2156	-1.128327e+03
2157	-1.130197e+03
2158	-1.134378e+03
2159	-1.117509e+03
2160	-1.130727e+03
2161	-1.141945e+03
2162	-1.123847e+03
2163	-1.139328e+03
2164	-1.121472e+03
2165	-1.115059e+03
2166	-1.142497e+03
2167	-1.124199e+03
2168	-1.152376e+03
2169	-1.100700e+03
2170	-1.106728e+03
2171	-1.116788e+03
2172	-1.152998e+03
2173	-1.118470e+03
2174	-1.130924e+03
2175	-1.134807e+03
2176	-1.123987e+03
2177	-1.137698e+03
2178	-1.120093e+03
2179	-1.127642e+03
2180	-1.107248e+03
2181	-1.119023e+03
2182	-1.119808e+03
2183	-1.112927e+03
2184	-1.128463e+03
2185	-1.126636e+03
2186	-1.123849e+03
2187	-1.132814e+03
2188	-1.142705e+03
2189	-1.139101e+03
2190	-1.141027e+03
2191	-1.139903e+03
2192	-1.126552e+03
2193	-1.121700e+03
2194	-1.133512e+03
2195	-1.138607e+03
2196	-1.138552e+03
2197	-1.153435e+03
2198	-1.135065e+03
2199	-1.133084e+03
2200	-1.131614e+03
2201	-1.136652e+03
2202	-1.118029e+03
2203	-1.140681e+03
2204	-1.137342e+03
2205	-1.122402e+03
2206	-1.130395e+03
2207	-1.145938e+03
2208	-1.137975e+03
2209	-1.128546e+03
2210	-1.102093e+03
2211	-1.126260e+03
2212	-1.120052e+03
2213	-1.142493e+03
2214	-1.152057e+03
2215	-1.141529e+03
2216	-1.125571e+03
2217	-1.136786e+03
2218	-1.113465e+03
2219	-1.147121e+03
2220	-1.140204e+03
2221	-1.120650e+03
2222	-1.128037e+03
2223	-1.158330e+03
2224	-1.141699e+03
2225	-1.147817e+03
2226	-1.115451e+03
2227	-1.129694e+03
2228	-1.129611e+03
2229	-1.137569e+03
2230	-1.132137e+03
2231	-1.134357e+03
2232	-1.122747e+03
2233	-1.148371e+03
2234	-1.117352e+03
2235	-1.119617e+03
2236	-1.129518e+03
2237	-1.118309e+03
2238	-1.141002e+03
2239	-1.128517e+03
2240	-1.139553e+03
2241	-1.131303e+03
2242	-1.127700e+03
2243	-1.135284e+03
2244	-1.122100e+03
2245	-1.119906e+03
2246	-1.126018e+03
2247	-1.115889e+03
2248	-1.138497e+03
2249	-1.122572e+03
2250	-1.113181e+03
2251	-1.136516e+03
2252	-1.126628e+03
2253	-1.124210e+03
2254	-1.127729e+03
2255	-1.133547e+03
2256	-1.129909e+03
2257	-1.144336e+03
2258	-1.120989e+03
2259	-1.118439e+03
2260	-1.128725e+03
2261	-1.117426e+03
2262	-1.126745e+03
2263	-1.129083e+03
2264	-1.132255e+03
2265	-1.118125e+03
2266	-1.126042e+03
2267	-1.109782e+03
2268	-1.120723e+03
2269	-1.150059e+03
2270	-1.141794e+03
2271	-1.120224e+03
2272	-1.112889e+03
2273	-1.130480e+03
2274	-1.118063e+03
2275	-1.138525e+03
2276	-1.143410e+03
2277	-1.132271e+03
2278	-1.142712e+03
2279	-1.139300e+03
2280	-1.130088e+03
2281	-1.137096e+03
2282	-1.136257e+03
2283	-1.114170e+03
2284	-1.115284e+03
2285	-1.136896e+03
2286	-1.153329e+03
2287	-1.138677e+03
2288	-1.138988e+03
2289	-1.144873e+03
2290	-1.147800e+03
2291	-1.113967e+03
2292	-1.128318e+03
2293	-1.133052e+03
2294	-1.144981e+03
2295	-1.130598e+03
2296	-1.126614e+03
2297	-1.125665e+03
2298	-1.131738e+03
2299	-1.148811e+03
2300	-1.126803e+03
2301	-1.129217e+03
2302	-1.133111e+03
2303	-1.148096e+03
2304	-1.118384e+03
2305	-1.138653e+03
2306	-1.153705e+03
2307	-1.138076e+03
2308	-1.127549e+03
2309	-1.137225e+03
2310	-1.117915e+03
2311	-1.148101e+03
2312	-1.126982e+03
2313	-1.111450e+03
2314	-1.120737e+03
2315	-1.133946e+03
2316	-1.133824e+03
2317	-1.147604e+03
2318	-1.163911e+03
2319	-1.125555e+03
2320	-1.134481e+03
2321	-1.126640e+03
2322	-1.110766e+03
2323	-1.136153e+03
2324	-1.145714e+03
2325	-1.145324e+03
2326	-1.121363e+03
2327	-1.111690e+03
2328	-1.127257e+03
2329	-1.107501e+03
2330	-1.132918e+03
2331	-1.126199e+03
2332	-1.134588e+03
2333	-1.136546e+03
2334	-1.146375e+03
2335	-1.140982e+03
2336	-1.126806e+03
2337	-1.120987e+03
2338	-1.137475e+03
2339	-1.125610e+03
2340	-1.142439e+03
2341	-1.153943e+03
2342	-1.120913e+03
2343	-1.130645e+03
2344	-1.145462e+03
2345	-1.141562e+03
2346	-1.127890e+03
2347	-1.127693e+03
2348	-1.143577e+03
2349	-1.114887e+03
2350	-1.132839e+03
2351	-1.121397e+03
2352	-1.127857e+03
2353	-1.124546e+03
2354	-1.138757e+03
2355	-1.118669e+03
2356	-1.118535e+03
2357	-1.132693e+03
2358	-1.135375e+03
2359	-1.136279e+03
2360	-1.144616e+03
2361	-1.141523e+03
2362	-1.121432e+03
2363	-1.146998e+03
2364	-1.123905e+03
2365	-1.127403e+03
2366	-1.145195e+03
2367	-1.156040e+03
2368	-1.136049e+03
2369	-1.104161e+03
2370	-1.146520e+03
2371	-1.134600e+03
2372	-1.139188e+03
2373	-1.129820e+03
2374	-1.125049e+03
2375	-1.137201e+03
2376	-1.122044e+03
2377	-1.131879e+03
2378	-1.120795e+03
2379	-1.101742e+03
2380	-1.125448e+03
2381	-1.148114e+03
2382	-1.126417e+03
2383	-1.132711e+03
2384	-1.130773e+03
2385	-1.124872e+03
2386	-1.140933e+03
2387	-1.146272e+03
2388	-1.135648e+03
2389	-1.131517e+03
2390	-1.138132e+03
2391	-1.133511e+03
2392	-1.143536e+03
2393	-1.141382e+03
2394	-1.130759e+03
2395	-1.110898e+03
2396	-1.109750e+03
2397	-1.124962e+03
2398	-1.123294e+03
2399	-1.125514e+03
2400	-1.134273e+03
2401	-1.124032e+03
2402	-1.141379e+03
2403	-1.120723e+03
2404	-1.124751e+03
2405	-1.118455e+03
2406	-1.125630e+03
2407	-1.129670e+03
2408	-1.123955e+03
2409	-1.131925e+03
2410	-1.130542e+03
2411	-1.131034e+03
2412	-1.143541e+03
2413	-1.127164e+03
2414	-1.134556e+03
2415	-1.133217e+03
2416	-1.118487e+03
2417	-1.139697e+03
2418	-1.137140e+03
2419	-1.151790e+03
2420	-1.123464e+03
2421	-1.146845e+03
2422	-1.127170e+03
2423	-1.124840e+03
2424	-1.120229e+03
2425	-1.124657e+03
2426	-1.133016e+03
2427	-1.152188e+03
2428	-1.109063e+03
2429	-1.142918e+03
2430	-1.151987e+03
2431	-1.123162e+03
2432	-1.140006e+03
2433	-1.146382e+03
2434	-1.131412e+03
2435	-1.129375e+03
2436	-1.149343e+03
2437	-1.115728e+03
2438	-1.133754e+03
2439	-1.121644e+03
2440	-1.134755e+03
2441	-1.122015e+03
2442	-1.119992e+03
2443	-1.139388e+03
2444	-1.113239e+03
2445	-1.146780e+03
2446	-1.142877e+03
2447	-1.139522e+03
2448	-1.132154e+03
2449	-1.118834e+03
2450	-1.121139e+03
2451	-1.147080e+03
2452	-1.131558e+03
2453	-1.132941e+03
2454	-1.120243e+03
2455	-1.120810e+03
2456	-1.111620e+03
2457	-1.117977e+03
2458	-1.136899e+03
2459	-1.129256e+03
2460	-1.118632e+03
2461	-1.126180e+03
2462	-1.131130e+03
2463	-1.124392e+03
2464	-1.129977e+03
2465	-1.107533e+03
2466	-1.142605e+03
2467	-1.133019e+03
2468	-1.140596e+03
2469	-1.134839e+03
2470	-1.131166e+03
2471	-1.127298e+03
2472	-1.132327e+03
2473	-1.131472e+03
2474	-1.134877e+03
2475	-1.147593e+03
2476	-1.138650e+03
2477	-1.139598e+03
2478	-1.126096e+03
2479	-1.125139e+03
2480	-1.117180e+03
2481	-1.122897e+03
2482	-1.149299e+03
2483	-1.130815e+03
2484	-1.113714e+03
2485	-1.141578e+03
2486	-1.139435e+03
2487	-1.119239e+03
2488	-1.125833e+03
2489	-1.144361e+03
2490	-1.091622e+03
2491	-1.119888e+03
2492	-1.130798e+03
2493	-1.119327e+03
2494	-1.146572e+03
2495	-1.115544e+03
2496	-1.118021e+03
2497	-1.119997e+03
2498	-1.144341e+03
2499	-1.126509e+03
2500	-1.134955e+03
2501	-1.135868e+03
2502	-1.122823e+03
2503	-1.114459e+03
2504	-1.116971e+03
2505	-1.125966e+03
2506	-1.125643e+03
2507	-1.130035e+03
2508	-1.144789e+03
2509	-1.124166e+03
2510	-1.110757e+03
2511	-1.114893e+03
2512	-1.114641e+03
2513	-1.117028e+03
2514	-1.121585e+03
2515	-1.104615e+03
2516	-1.125705e+03
2517	-1.134969e+03
2518	-1.133413e+03
2519	-1.118702e+03
2520	-1.107028e+03
2521	-1.130232e+03
2522	-1.109767e+03
2523	-1.132307e+03
2524	-1.159440e+03
2525	-1.119396e+03
2526	-1.125009e+03
2527	-1.139679e+03
2528	-1.139415e+03
2529	-1.129894e+03
2530	-1.122030e+03
2531	-1.127459e+03
2532	-1.130699e+03
2533	-1.143422e+03
2534	-1.144813e+03
2535	-1.119178e+03
2536	-1.097339e+03
2537	-1.135262e+03
2538	-1.125105e+03
2539	-1.132951e+03
2540	-1.119568e+03
2541	-1.121871e+03
2542	-1.139623e+03
2543	-1.123196e+03
2544	-1.117732e+03
2545	-1.123587e+03
2546	-1.133709e+03
2547	-1.133550e+03
2548	-1.141083e+03
2549	-1.138406e+03
2550	-1.128767e+03
2551	-1.137654e+03
2552	-1.153900e+03
2553	-1.135834e+03
2554	-1.131038e+03
2555	-1.123738e+03
2556	-1.126106e+03
2557	-1.123881e+03
2558	-1.129944e+03
2559	-1.120185e+03
2560	-1.127227e+03
2561	-1.132003e+03
2562	-1.116882e+03
2563	-1.132903e+03
2564	-1.145126e+03
2565	-1.130664e+03
2566	-1.133934e+03
2567	-1.119555e+03
2568	-1.135671e+03
2569	-1.119566e+03
2570	-1.140620e+03
2571	-1.114919e+03
2572	-1.129481e+03
2573	-1.140263e+03
2574	-1.108888e+03
2575	-1.130863e+03
2576	-1.130091e+03
2577	-1.121190e+03
2578	-1.137824e+03
2579	-1.135583e+03
2580	-1.133050e+03
2581	-1.149540e+03
2582	-1.153749e+03
2583	-1.118073e+03
2584	-1.134878e+03
2585	-1.135116e+03
2586	-1.117577e+03
2587	-1.137296e+03
2588	-1.129893e+03
2589	-1.138675e+03
2590	-1.133526e+03
2591	-1.143515e+03
2592	-1.120063e+03
2593	-1.135468e+03
2594	-1.120227e+03
2595	-1.136710e+03
2596	-1.144827e+03
2597	-1.135742e+03
2598	-1.124389e+03
2599	-1.107317e+03
2600	-1.142214e+03
2601	-1.123003e+03
2602	-1.130102e+03
2603	-1.130935e+03
2604	-1.141251e+03
2605	-1.134929e+03
2606	-1.122769e+03
2607	-1.134334e+03
2608	-1.125557e+03
2609	-1.132535e+03
2610	-1.117779e+03
2611	-1.129638e+03
2612	-1.120882e+03
2613	-1.103369e+03
2614	-1.153554e+03
2615	-1.148739e+03
2616	-1.120200e+03
2617	-1.132957e+03
2618	-1.116999e+03
2619	-1.134099e+03
2620	-1.152891e+03
2621	-1.127409e+03
2622	-1.117860e+03
2623	-1.119070e+03
2624	-1.123898e+03
2625	-1.120024e+03
2626	-1.129231e+03
2627	-1.107749e+03
2628	-1.135098e+03
2629	-1.123860e+03
2630	-1.116118e+03
2631	-1.113020e+03
2632	-1.122758e+03
2633	-1.128822e+03
2634	-1.136226e+03
2635	-1.108860e+03
2636	-1.130919e+03
2637	-1.129920e+03
2638	-1.131994e+03
2639	-1.122939e+03
2640	-1.115066e+03
2641	-1.106943e+03
2642	-1.114948e+03
2643	-1.126749e+03
2644	-1.141942e+03
2645	-1.117327e+03
2646	-1.109466e+03
2647	-1.129135e+03
2648	-1.137104e+03
2649	-1.147237e+03
2650	-1.140199e+03
2651	-1.139718e+03
2652	-1.125839e+03
2653	-1.138150e+03
2654	-1.136792e+03
2655	-1.129678e+03
2656	-1.149141e+03
2657	-1.136286e+03
2658	-1.114141e+03
2659	-1.103765e+03
2660	-1.111471e+03
2661	-1.116670e+03
2662	-1.126939e+03
2663	-1.128072e+03
2664	-1.120668e+03
2665	-1.121914e+03
2666	-1.134093e+03
2667	-1.138002e+03
2668	-1.134443e+03
2669	-1.124066e+03
2670	-1.105876e+03
2671	-1.115185e+03
2672	-1.144982e+03
2673	-1.138144e+03
2674	-1.134025e+03
2675	-1.123153e+03
2676	-1.114782e+03
2677	-1.131363e+03
2678	-1.124410e+03
2679	-1.117577e+03
2680	-1.139324e+03
2681	-1.137571e+03
2682	-1.128039e+03
2683	-1.137829e+03
2684	-1.127839e+03
2685	-1.137241e+03
2686	-1.140811e+03
2687	-1.115192e+03
2688	-1.124072e+03
2689	-1.125350e+03
2690	-1.117853e+03
2691	-1.147793e+03
2692	-1.101547e+03
2693	-1.140896e+03
2694	-1.145777e+03
2695	-1.126243e+03
2696	-1.125143e+03
2697	-1.144371e+03
2698	-1.111518e+03
2699	-1.125240e+03
2700	-1.124404e+03
2701	-1.115680e+03
2702	-1.134832e+03
2703	-1.112553e+03
2704	-1.123298e+03
2705	-1.138932e+03
2706	-1.113222e+03
2707	-1.093512e+03
2708	-1.122825e+03
2709	-1.150264e+03
2710	-1.149046e+03
2711	-1.132505e+03
2712	-1.140831e+03
2713	-1.144493e+03
2714	-1.127841e+03
2715	-1.149633e+03
2716	-1.150616e+03
2717	-1.134236e+03
2718	-1.142010e+03
2719	-1.138622e+03
2720	-1.136152e+03
2721	-1.146368e+03
2722	-1.126341e+03
2723	-1.126580e+03
2724	-1.124693e+03
2725	-1.127310e+03
2726	-1.138161e+03
2727	-1.123661e+03
2728	-1.119691e+03
2729	-1.143032e+03
2730	-1.129512e+03
2731	-1.122814e+03
2732	-1.148869e+03
2733	-1.146943e+03
2734	-1.134217e+03
2735	-1.135585e+03
2736	-1.112148e+03
2737	-1.131875e+03
2738	-1.136460e+03
2739	-1.113457e+03
2740	-1.140320e+03
2741	-1.134306e+03
2742	-1.120442e+03
2743	-1.122970e+03
2744	-1.127354e+03
2745	-1.152645e+03
2746	-1.133542e+03
2747	-1.132724e+03
2748	-1.136324e+03
2749	-1.122923e+03
2750	-1.118275e+03
2751	-1.114139e+03
2752	-1.124840e+03
2753	-1.122955e+03
2754	-1.124291e+03
2755	-1.120474e+03
2756	-1.134611e+03
2757	-1.121792e+03
2758	-1.145857e+03
2759	-1.126013e+03
2760	-1.137765e+03
2761	-1.131559e+03
2762	-1.140092e+03
2763	-1.135001e+03
2764	-1.131132e+03
2765	-1.127915e+03
2766	-1.138606e+03
2767	-1.125282e+03
2768	-1.134631e+03
2769	-1.127024e+03
2770	-1.129836e+03
2771	-1.145140e+03
2772	-1.142507e+03
2773	-1.126787e+03
2774	-1.139831e+03
2775	-1.136592e+03
2776	-1.142858e+03
2777	-1.158772e+03
2778	-1.145031e+03
2779	-1.141632e+03
2780	-1.126807e+03
2781	-1.123979e+03
2782	-1.117719e+03
2783	-1.140072e+03
2784	-1.137949e+03
2785	-1.140958e+03
2786	-1.133391e+03
2787	-1.136683e+03
2788	-1.121122e+03
2789	-1.128623e+03
2790	-1.119401e+03
2791	-1.133812e+03
2792	-1.127855e+03
2793	-1.137476e+03
2794	-1.118961e+03
2795	-1.116439e+03
2796	-1.153177e+03
2797	-1.117883e+03
2798	-1.144075e+03
2799	-1.110333e+03
2800	-1.131453e+03
2801	-1.117641e+03
2802	-1.127506e+03
2803	-1.140074e+03
2804	-1.115902e+03
2805	-1.132444e+03
2806	-1.144849e+03
2807	-1.131230e+03
2808	-1.115576e+03
2809	-1.137795e+03
2810	-1.101470e+03
2811	-1.129150e+03
2812	-1.110814e+03
2813	-1.129151e+03
2814	-1.105333e+03
2815	-1.125348e+03
2816	-1.117570e+03
2817	-1.145326e+03
2818	-1.118595e+03
2819	-1.145869e+03
2820	-1.121511e+03
2821	-1.146450e+03
2822	-1.124314e+03
2823	-1.123320e+03
2824	-1.140778e+03
2825	-1.153201e+03
2826	-1.143131e+03
2827	-1.128051e+03
2828	-1.148453e+03
2829	-1.127575e+03
2830	-1.129304e+03
2831	-1.125310e+03
2832	-1.125011e+03
2833	-1.117470e+03
2834	-1.144566e+03
2835	-1.116003e+03
2836	-1.134815e+03
2837	-1.134837e+03
2838	-1.115426e+03
2839	-1.123901e+03
2840	-1.140120e+03
2841	-1.128152e+03
2842	-1.122922e+03
2843	-1.140137e+03
2844	-1.130675e+03
2845	-1.137197e+03
2846	-1.142728e+03
2847	-1.123041e+03
2848	-1.133497e+03
2849	-1.147031e+03
2850	-1.139424e+03
2851	-1.110137e+03
2852	-1.120026e+03
2853	-1.118536e+03
2854	-1.118162e+03
2855	-1.146988e+03
2856	-1.126029e+03
2857	-1.127268e+03
2858	-1.142874e+03
2859	-1.144283e+03
2860	-1.127374e+03
2861	-1.137715e+03
2862	-1.145376e+03
2863	-1.148970e+03
2864	-1.113776e+03
2865	-1.131898e+03
2866	-1.139494e+03
2867	-1.136837e+03
2868	-1.116794e+03
2869	-1.141729e+03
2870	-1.116148e+03
2871	-1.114453e+03
2872	-1.137313e+03
2873	-1.143122e+03
2874	-1.128593e+03
2875	-1.146671e+03
2876	-1.147131e+03
2877	-1.153199e+03
2878	-1.113501e+03
2879	-1.136316e+03
2880	-1.097749e+03
2881	-1.128542e+03
2882	-1.125238e+03
2883	-1.129636e+03
2884	-1.122467e+03
2885	-1.124080e+03
2886	-1.131728e+03
2887	-1.109559e+03
2888	-1.124820e+03
2889	-1.115779e+03
2890	-1.119166e+03
2891	-1.110110e+03
2892	-1.111910e+03
2893	-1.148422e+03
2894	-1.132404e+03
2895	-1.157394e+03
2896	-1.141717e+03
2897	-1.148769e+03
2898	-1.123197e+03
2899	-1.129877e+03
2900	-1.127151e+03
2901	-1.140891e+03
2902	-1.126535e+03
2903	-1.118571e+03
2904	-1.125697e+03
2905	-1.112578e+03
2906	-1.133515e+03
2907	-1.135009e+03
2908	-1.115983e+03
2909	-1.124798e+03
2910	-1.139781e+03
2911	-1.144573e+03
2912	-1.136788e+03
2913	-1.131767e+03
2914	-1.135517e+03
2915	-1.148874e+03
2916	-1.119757e+03
2917	-1.126677e+03
2918	-1.126592e+03
2919	-1.123097e+03
2920	-1.112346e+03
2921	-1.137345e+03
2922	-1.138790e+03
2923	-1.129331e+03
2924	-1.138869e+03
2925	-1.123665e+03
2926	-1.126841e+03
2927	-1.109104e+03
2928	-1.118516e+03
2929	-1.131994e+03
2930	-1.143424e+03
2931	-1.139023e+03
2932	-1.129628e+03
2933	-1.147960e+03
2934	-1.128007e+03
2935	-1.145137e+03
2936	-1.128638e+03
2937	-1.130266e+03
2938	-1.139370e+03
2939	-1.126045e+03
2940	-1.132862e+03
2941	-1.149381e+03
2942	-1.140132e+03
2943	-1.119836e+03
2944	-1.128606e+03
2945	-1.140916e+03
2946	-1.129257e+03
2947	-1.130512e+03
2948	-1.125501e+03
2949	-1.112659e+03
2950	-1.130942e+03
2951	-1.116133e+03
2952	-1.155309e+03
2953	-1.155551e+03
2954	-1.136555e+03
2955	-1.128314e+03
2956	-1.113251e+03
2957	-1.131637e+03
2958	-1.111720e+03
2959	-1.142196e+03
2960	-1.128403e+03
2961	-1.122307e+03
2962	-1.124113e+03
2963	-1.110298e+03
2964	-1.119442e+03
2965	-1.158858e+03
2966	-1.139392e+03
2967	-1.140788e+03
2968	-1.134100e+03
2969	-1.139526e+03
2970	-1.136154e+03
2971	-1.136502e+03
2972	-1.111198e+03
2973	-1.125859e+03
2974	-1.137217e+03
2975	-1.126192e+03
2976	-1.145860e+03
2977	-1.128089e+03
2978	-1.119373e+03
2979	-1.128803e+03
2980	-1.125572e+03
2981	-1.119260e+03
2982	-1.117116e+03
2983	-1.120225e+03
2984	-1.124672e+03
2985	-1.129185e+03
2986	-1.120830e+03
2987	-1.129043e+03
2988	-1.141065e+03
2989	-1.124753e+03
2990	-1.125733e+03
2991	-1.130459e+03
2992	-1.136129e+03
2993	-1.131295e+03
2994	-1.117128e+03
2995	-1.136241e+03
2996	-1.140561e+03
2997	-1.134608e+03
2998	-1.122899e+03
2999	-1.114502e+03
3000	-1.126585e+03
3001	-1.138429e+03
3002	-1.127305e+03
3003	-1.130351e+03
3004	-1.136111e+03
3005	-1.137817e+03
3006	-1.138964e+03
3007	-1.130712e+03
3008	-1.105004e+03
3009	-1.143837e+03
3010	-1.123798e+03
3011	-1.139158e+03
3012	-1.126986e+03
3013	-1.135041e+03
3014	-1.120756e+03
3015	-1.122891e+03
3016	-1.150236e+03
3017	-1.134229e+03
3018	-1.119200e+03
3019	-1.134198e+03
3020	-1.145185e+03
3021	-1.123662e+03
3022	-1.131918e+03
3023	-1.138273e+03
3024	-1.121380e+03
3025	-1.132092e+03
3026	-1.130544e+03
3027	-1.140237e+03
3028	-1.126261e+03
3029	-1.122131e+03
3030	-1.125210e+03
3031	-1.139502e+03
3032	-1.118349e+03
3033	-1.118827e+03
3034	-1.137620e+03
3035	-1.124068e+03
3036	-1.123136e+03
3037	-1.118700e+03
3038	-1.131311e+03
3039	-1.112975e+03
3040	-1.129580e+03
3041	-1.118447e+03
3042	-1.116975e+03
3043	-1.144619e+03
3044	-1.142684e+03
3045	-1.130430e+03
3046	-1.117345e+03
3047	-1.126998e+03
3048	-1.149023e+03
3049	-1.123399e+03
3050	-1.132552e+03
3051	-1.117230e+03
3052	-1.126317e+03
3053	-1.109818e+03
3054	-1.143405e+03
3055	-1.123838e+03
3056	-1.127104e+03
3057	-1.115511e+03
3058	-1.115780e+03
3059	-1.139334e+03
3060	-1.123311e+03
3061	-1.128539e+03
3062	-1.116809e+03
3063	-1.137839e+03
3064	-1.153239e+03
3065	-1.126728e+03
3066	-1.140355e+03
3067	-1.130796e+03
3068	-1.132486e+03
3069	-1.134829e+03
3070	-1.113014e+03
3071	-1.126594e+03
3072	-1.110975e+03
3073	-1.131228e+03
3074	-1.123677e+03
3075	-1.123664e+03
3076	-1.138992e+03
3077	-1.112824e+03
3078	-1.117068e+03
3079	-1.135586e+03
3080	-1.116301e+03
3081	-1.119484e+03
3082	-1.126299e+03
3083	-1.130839e+03
3084	-1.114699e+03
3085	-1.127779e+03
3086	-1.128743e+03
3087	-1.121610e+03
3088	-1.119692e+03
3089	-1.110186e+03
3090	-1.141502e+03
3091	-1.123852e+03
3092	-1.131350e+03
3093	-1.128679e+03
3094	-1.137949e+03
3095	-1.122921e+03
3096	-1.131278e+03
3097	-1.126350e+03
3098	-1.132517e+03
3099	-1.142036e+03
3100	-1.135231e+03
3101	-1.118750e+03
3102	-1.134270e+03
3103	-1.130138e+03
3104	-1.125552e+03
3105	-1.121391e+03
3106	-1.143619e+03
3107	-1.114117e+03
3108	-1.137011e+03
3109	-1.145420e+03
3110	-1.108008e+03
3111	-1.126406e+03
3112	-1.116624e+03
3113	-1.129774e+03
3114	-1.143009e+03
3115	-1.098842e+03
3116	-1.126982e+03
3117	-1.109461e+03
3118	-1.132212e+03
3119	-1.120451e+03
3120	-1.136615e+03
3121	-1.118905e+03
3122	-1.120717e+03
3123	-1.138772e+03
3124	-1.119260e+03
3125	-1.130109e+03
3126	-1.135363e+03
3127	-1.116685e+03
3128	-1.132478e+03
3129	-1.123217e+03
3130	-1.125080e+03
3131	-1.120287e+03
3132	-1.118004e+03
3133	-1.126565e+03
3134	-1.139546e+03
3135	-1.127838e+03
3136	-1.140514e+03
3137	-1.145191e+03
3138	-1.134917e+03
3139	-1.125581e+03
3140	-1.128902e+03
3141	-1.151873e+03
3142	-1.127150e+03
3143	-1.135991e+03
3144	-1.129244e+03
3145	-1.136861e+03
3146	-1.116858e+03
3147	-1.135127e+03
3148	-1.112267e+03
3149	-1.124472e+03
3150	-1.128814e+03
3151	-1.126963e+03
3152	-1.128724e+03
3153	-1.135005e+03
3154	-1.127397e+03
3155	-1.136430e+03
3156	-1.132089e+03
3157	-1.145149e+03
3158	-1.114359e+03
3159	-1.125431e+03
3160	-1.119368e+03
3161	-1.147340e+03
3162	-1.131599e+03
3163	-1.129727e+03
3164	-1.137577e+03
3165	-1.133518e+03
3166	-1.118703e+03
3167	-1.142881e+03
3168	-1.122080e+03
3169	-1.142751e+03
3170	-1.112849e+03
3171	-1.139478e+03
3172	-1.142196e+03
3173	-1.127335e+03
3174	-1.134788e+03
3175	-1.129968e+03
3176	-1.144827e+03
3177	-1.139418e+03
3178	-1.140994e+03
3179	-1.134864e+03
3180	-1.111804e+03
3181	-1.121714e+03
3182	-1.134256e+03
3183	-1.118554e+03
3184	-1.150494e+03
3185	-1.142856e+03
3186	-1.136634e+03
3187	-1.136098e+03
3188	-1.136597e+03
3189	-1.133008e+03
3190	-1.137590e+03
3191	-1.114612e+03
3192	-1.148922e+03
3193	-1.127936e+03
3194	-1.116179e+03
3195	-1.130685e+03
3196	-1.129729e+03
3197	-1.128515e+03
3198	-1.118373e+03
3199	-1.133298e+03
3200	-1.126977e+03
3201	-1.154980e+03
3202	-1.117656e+03
3203	-1.118447e+03
3204	-1.128882e+03
3205	-1.113886e+03
3206	-1.138975e+03
3207	-1.143534e+03
3208	-1.125310e+03
3209	-1.114045e+03
3210	-1.115177e+03
3211	-1.137277e+03
3212	-1.131202e+03
3213	-1.112617e+03
3214	-1.128417e+03
3215	-1.128166e+03
3216	-1.136507e+03
3217	-1.123537e+03
3218	-1.139254e+03
3219	-1.137166e+03
3220	-1.135834e+03
3221	-1.117247e+03
3222	-1.120808e+03
3223	-1.135748e+03
3224	-1.119619e+03
3225	-1.125265e+03
3226	-1.125742e+03
3227	-1.130062e+03
3228	-1.116890e+03
3229	-1.116971e+03
3230	-1.140271e+03
3231	-1.132010e+03
3232	-1.140569e+03
3233	-1.127534e+03
3234	-1.134166e+03
3235	-1.125104e+03
3236	-1.132058e+03
3237	-1.123218e+03
3238	-1.132560e+03
3239	-1.123951e+03
3240	-1.129320e+03
3241	-1.128165e+03
3242	-1.118311e+03
3243	-1.126649e+03
3244	-1.129567e+03
3245	-1.126730e+03
3246	-1.133751e+03
3247	-1.114361e+03
3248	-1.115803e+03
3249	-1.149520e+03
3250	-1.143949e+03
3251	-1.108058e+03
3252	-1.120664e+03
3253	-1.121606e+03
3254	-1.119803e+03
3255	-1.140298e+03
3256	-1.130027e+03
3257	-1.114978e+03
3258	-1.147816e+03
3259	-1.131734e+03
3260	-1.128203e+03
3261	-1.156640e+03
3262	-1.137278e+03
3263	-1.132250e+03
3264	-1.133256e+03
3265	-1.139829e+03
3266	-1.135942e+03
3267	-1.142781e+03
3268	-1.126558e+03
3269	-1.134748e+03
3270	-1.139314e+03
3271	-1.142052e+03
3272	-1.124205e+03
3273	-1.140804e+03
3274	-1.130392e+03
3275	-1.125460e+03
3276	-1.123088e+03
3277	-1.127864e+03
3278	-1.120126e+03
3279	-1.125296e+03
3280	-1.119866e+03
3281	-1.124896e+03
3282	-1.117854e+03
3283	-1.126819e+03
3284	-1.133722e+03
3285	-1.128148e+03
3286	-1.130594e+03
3287	-1.118717e+03
3288	-1.115699e+03
3289	-1.115596e+03
3290	-1.131265e+03
3291	-1.120683e+03
3292	-1.127782e+03
3293	-1.107355e+03
3294	-1.111743e+03
3295	-1.137212e+03
3296	-1.124289e+03
3297	-1.145002e+03
3298	-1.134587e+03
3299	-1.137885e+03
3300	-1.135758e+03
3301	-1.141959e+03
3302	-1.138698e+03
3303	-1.142006e+03
3304	-1.152184e+03
3305	-1.122552e+03
3306	-1.126649e+03
3307	-1.118166e+03
3308	-1.117760e+03
3309	-1.133454e+03
3310	-1.133707e+03
3311	-1.119161e+03
3312	-1.118597e+03
3313	-1.137253e+03
3314	-1.134368e+03
3315	-1.131951e+03
3316	-1.130420e+03
3317	-1.123443e+03
3318	-1.135387e+03
3319	-1.111351e+03
3320	-1.113702e+03
3321	-1.118918e+03
3322	-1.123444e+03
3323	-1.123661e+03
3324	-1.130442e+03
3325	-1.150665e+03
3326	-1.108740e+03
3327	-1.119764e+03
3328	-1.109248e+03
3329	-1.118405e+03
3330	-1.139376e+03
3331	-1.129098e+03
3332	-1.121754e+03
3333	-1.145223e+03
3334	-1.140724e+03
3335	-1.143096e+03
3336	-1.115826e+03
3337	-1.132278e+03
3338	-1.121138e+03
3339	-1.111816e+03
3340	-1.128779e+03
3341	-1.106750e+03
3342	-1.142242e+03
3343	-1.133702e+03
3344	-1.120612e+03
3345	-1.130739e+03
3346	-1.120482e+03
3347	-1.133805e+03
3348	-1.117659e+03
3349	-1.140538e+03
3350	-1.130407e+03
3351	-1.136478e+03
3352	-1.131812e+03
3353	-1.123954e+03
3354	-1.131150e+03
3355	-1.116345e+03
3356	-1.142876e+03
3357	-1.112350e+03
3358	-1.114748e+03
3359	-1.135625e+03
3360	-1.127433e+03
3361	-1.147294e+03
3362	-1.119455e+03
3363	-1.154089e+03
3364	-1.122976e+03
3365	-1.142358e+03
3366	-1.144937e+03
3367	-1.123454e+03
3368	-1.121911e+03
3369	-1.130718e+03
3370	-1.137334e+03
3371	-1.128493e+03
3372	-1.143368e+03
3373	-1.133632e+03
3374	-1.120496e+03
3375	-1.132652e+03
3376	-1.131737e+03
3377	-1.143875e+03
3378	-1.120141e+03
3379	-1.135387e+03
3380	-1.120096e+03
3381	-1.116305e+03
3382	-1.150206e+03
3383	-1.119479e+03
3384	-1.116793e+03
3385	-1.128555e+03
3386	-1.117705e+03
3387	-1.114458e+03
3388	-1.131240e+03
3389	-1.151058e+03
3390	-1.136394e+03
3391	-1.124408e+03
3392	-1.128142e+03
3393	-1.121536e+03
3394	-1.118819e+03
3395	-1.132054e+03
3396	-1.103930e+03
3397	-1.114750e+03
3398	-1.132452e+03
3399	-1.126491e+03
3400	-1.092594e+03
3401	-1.124718e+03
3402	-1.133080e+03
3403	-1.132703e+03
3404	-1.110889e+03
3405	-1.144832e+03
3406	-1.111708e+03
3407	-1.119727e+03
3408	-1.123230e+03
3409	-1.125037e+03
3410	-1.120053e+03
3411	-1.142767e+03
3412	-1.130223e+03
3413	-1.132278e+03
3414	-1.139346e+03
3415	-1.125490e+03
3416	-1.115508e+03
3417	-1.121047e+03
3418	-1.122765e+03
3419	-1.115006e+03
3420	-1.125153e+03
3421	-1.142797e+03
3422	-1.133864e+03
3423	-1.146995e+03
3424	-1.132848e+03
3425	-1.124711e+03
3426	-1.138193e+03
3427	-1.134835e+03
3428	-1.140903e+03
3429	-1.145932e+03
3430	-1.142183e+03
3431	-1.137892e+03
3432	-1.128824e+03
3433	-1.138837e+03
3434	-1.162732e+03
3435	-1.132082e+03
3436	-1.145308e+03
3437	-1.123531e+03
3438	-1.105012e+03
3439	-1.134070e+03
3440	-1.130496e+03
3441	-1.139773e+03
3442	-1.140230e+03
3443	-1.126056e+03
3444	-1.132779e+03
3445	-1.141808e+03
3446	-1.116723e+03
3447	-1.155505e+03
3448	-1.134656e+03
3449	-1.120632e+03
3450	-1.125227e+03
3451	-1.132995e+03
3452	-1.115864e+03
3453	-1.119801e+03
3454	-1.122536e+03
3455	-1.134546e+03
3456	-1.143625e+03
3457	-1.122821e+03
3458	-1.136176e+03
3459	-1.116971e+03
3460	-1.144200e+03
3461	-1.136145e+03
3462	-1.134884e+03
3463	-1.132859e+03
3464	-1.138184e+03
3465	-1.137970e+03
3466	-1.135200e+03
3467	-1.130412e+03
3468	-1.130633e+03
3469	-1.122725e+03
3470	-1.125747e+03
3471	-1.117667e+03
3472	-1.124582e+03
3473	-1.124468e+03
3474	-1.117976e+03
3475	-1.137382e+03
3476	-1.123451e+03
3477	-1.120994e+03
3478	-1.149312e+03
3479	-1.157346e+03
3480	-1.146040e+03
3481	-1.130052e+03
3482	-1.120146e+03
3483	-1.127969e+03
3484	-1.124945e+03
3485	-1.141901e+03
3486	-1.118319e+03
3487	-1.139388e+03
3488	-1.128893e+03
3489	-1.140257e+03
3490	-1.130156e+03
3491	-1.138960e+03
3492	-1.130693e+03
3493	-1.112061e+03
3494	-1.127226e+03
3495	-1.121938e+03
3496	-1.120030e+03
3497	-1.111816e+03
3498	-1.106655e+03
3499	-1.136231e+03
3500	-1.132238e+03
3501	-1.123765e+03
3502	-1.124502e+03
3503	-1.134830e+03
3504	-1.132016e+03
3505	-1.145263e+03
3506	-1.148040e+03
3507	-1.116838e+03
3508	-1.142416e+03
3509	-1.123483e+03
3510	-1.112240e+03
3511	-1.137039e+03
3512	-1.115305e+03
3513	-1.119288e+03
3514	-1.138154e+03
3515	-1.144770e+03
3516	-1.146882e+03
3517	-1.125350e+03
3518	-1.144720e+03
3519	-1.135337e+03
3520	-1.145718e+03
3521	-1.112625e+03
3522	-1.134281e+03
3523	-1.113142e+03
3524	-1.122418e+03
3525	-1.150109e+03
3526	-1.129267e+03
3527	-1.133220e+03
3528	-1.107787e+03
3529	-1.120386e+03
3530	-1.130930e+03
3531	-1.138967e+03
3532	-1.114492e+03
3533	-1.128308e+03
3534	-1.133545e+03
3535	-1.136381e+03
3536	-1.117386e+03
3537	-1.139399e+03
3538	-1.124734e+03
3539	-1.131439e+03
3540	-1.124871e+03
3541	-1.153538e+03
3542	-1.159322e+03
3543	-1.133782e+03
3544	-1.103296e+03
3545	-1.135450e+03
3546	-1.127638e+03
3547	-1.146818e+03
3548	-1.130349e+03
3549	-1.120637e+03
3550	-1.120561e+03
3551	-1.118056e+03
3552	-1.149070e+03
3553	-1.156043e+03
3554	-1.113550e+03
3555	-1.129790e+03
3556	-1.119297e+03
3557	-1.139315e+03
3558	-1.121786e+03
3559	-1.129542e+03
3560	-1.129999e+03
3561	-1.128098e+03
3562	-1.122392e+03
3563	-1.123726e+03
3564	-1.124042e+03
3565	-1.132793e+03
3566	-1.124027e+03
3567	-1.138804e+03
3568	-1.142071e+03
3569	-1.127564e+03
3570	-1.115181e+03
3571	-1.130368e+03
3572	-1.136024e+03
3573	-1.121041e+03
3574	-1.131792e+03
3575	-1.128339e+03
3576	-1.128654e+03
3577	-1.115878e+03
3578	-1.136721e+03
3579	-1.136779e+03
3580	-1.140500e+03
3581	-1.127323e+03
3582	-1.128260e+03
3583	-1.124713e+03
3584	-1.136928e+03
3585	-1.140316e+03
3586	-1.125929e+03
3587	-1.122164e+03
3588	-1.149096e+03
3589	-1.123325e+03
3590	-1.118696e+03
3591	-1.126765e+03
3592	-1.116707e+03
3593	-1.130052e+03
3594	-1.119857e+03
3595	-1.117151e+03
3596	-1.127359e+03
3597	-1.140386e+03
3598	-1.136105e+03
3599	-1.117076e+03
3600	-1.135416e+03
3601	-1.136481e+03
3602	-1.137207e+03
3603	-1.131941e+03
3604	-1.116636e+03
3605	-1.134921e+03
3606	-1.122999e+03
3607	-1.116139e+03
3608	-1.127138e+03
3609	-1.131070e+03
3610	-1.128862e+03
3611	-1.117321e+03
3612	-1.124553e+03
3613	-1.127991e+03
3614	-1.133953e+03
3615	-1.121668e+03
3616	-1.131690e+03
3617	-1.127360e+03
3618	-1.128903e+03
3619	-1.117476e+03
3620	-1.141022e+03
3621	-1.117138e+03
3622	-1.125400e+03
3623	-1.127792e+03
3624	-1.122677e+03
3625	-1.141132e+03
3626	-1.134104e+03
3627	-1.124876e+03
3628	-1.125152e+03
3629	-1.128167e+03
3630	-1.141456e+03
3631	-1.133322e+03
3632	-1.145308e+03
3633	-1.125816e+03
3634	-1.131148e+03
3635	-1.117336e+03
3636	-1.153608e+03
3637	-1.143166e+03
3638	-1.113615e+03
3639	-1.102678e+03
3640	-1.146897e+03
3641	-1.134130e+03
3642	-1.112878e+03
3643	-1.119097e+03
3644	-1.115521e+03
3645	-1.125034e+03
3646	-1.127445e+03
3647	-1.134919e+03
3648	-1.130457e+03
3649	-1.115740e+03
3650	-1.153427e+03
3651	-1.129089e+03
3652	-1.105827e+03
3653	-1.133126e+03
3654	-1.157944e+03
3655	-1.152400e+03
3656	-1.138561e+03
3657	-1.130351e+03
3658	-1.118767e+03
3659	-1.138902e+03
3660	-1.144934e+03
3661	-1.136490e+03
3662	-1.134239e+03
3663	-1.122548e+03
3664	-1.121646e+03
3665	-1.140147e+03
3666	-1.146092e+03
3667	-1.122590e+03
3668	-1.123527e+03
3669	-1.123109e+03
3670	-1.130005e+03
3671	-1.145219e+03
3672	-1.130494e+03
3673	-1.126799e+03
3674	-1.153755e+03
3675	-1.122360e+03
3676	-1.148869e+03
3677	-1.122172e+03
3678	-1.141636e+03
3679	-1.143724e+03
3680	-1.126090e+03
3681	-1.122766e+03
3682	-1.114639e+03
3683	-1.134012e+03
3684	-1.129081e+03
3685	-1.125243e+03
3686	-1.123687e+03
3687	-1.147748e+03
3688	-1.105974e+03
3689	-1.127071e+03
3690	-1.127766e+03
3691	-1.133777e+03
3692	-1.126445e+03
3693	-1.117268e+03
3694	-1.145297e+03
3695	-1.139414e+03
3696	-1.121406e+03
3697	-1.121505e+03
3698	-1.136267e+03
3699	-1.146501e+03
3700	-1.141084e+03
3701	-1.133217e+03
3702	-1.117118e+03
3703	-1.121926e+03
3704	-1.124910e+03
3705	-1.142203e+03
3706	-1.133236e+03
3707	-1.129105e+03
3708	-1.129409e+03
3709	-1.147397e+03
3710	-1.131071e+03
3711	-1.125647e+03
3712	-1.112268e+03
3713	-1.133268e+03
3714	-1.143150e+03
3715	-1.120301e+03
3716	-1.133805e+03
3717	-1.116486e+03
3718	-1.120606e+03
3719	-1.121626e+03
3720	-1.121379e+03
3721	-1.136561e+03
3722	-1.106350e+03
3723	-1.129075e+03
3724	-1.119530e+03
3725	-1.124033e+03
3726	-1.142913e+03
3727	-1.117812e+03
3728	-1.111204e+03
3729	-1.136316e+03
3730	-1.111868e+03
3731	-1.130519e+03
3732	-1.153469e+03
3733	-1.126434e+03
3734	-1.109974e+03
3735	-1.141420e+03
3736	-1.119662e+03
3737	-1.137104e+03
3738	-1.134934e+03
3739	-1.133241e+03
3740	-1.128653e+03
3741	-1.121465e+03
3742	-1.135009e+03
3743	-1.132035e+03
3744	-1.146757e+03
3745	-1.132043e+03
3746	-1.127247e+03
3747	-1.132686e+03
3748	-1.143887e+03
3749	-1.132319e+03
3750	-1.136541e+03
3751	-1.128548e+03
3752	-1.127671e+03
3753	-1.125640e+03
3754	-1.130423e+03
3755	-1.132367e+03
3756	-1.140958e+03
3757	-1.135627e+03
3758	-1.143825e+03
3759	-1.130722e+03
3760	-1.123085e+03
3761	-1.133035e+03
3762	-1.120870e+03
3763	-1.145198e+03
3764	-1.129064e+03
3765	-1.122868e+03
3766	-1.146789e+03
3767	-1.132608e+03
3768	-1.147553e+03
3769	-1.139894e+03
3770	-1.135311e+03
3771	-1.136321e+03
3772	-1.131427e+03
3773	-1.115361e+03
3774	-1.128209e+03
3775	-1.141005e+03
3776	-1.131931e+03
3777	-1.132273e+03
3778	-1.132787e+03
3779	-1.131280e+03
3780	-1.130210e+03
3781	-1.141062e+03
3782	-1.137550e+03
3783	-1.138196e+03
3784	-1.135138e+03
3785	-1.138366e+03
3786	-1.144031e+03
3787	-1.135774e+03
3788	-1.117232e+03
3789	-1.128296e+03
3790	-1.132627e+03
3791	-1.135240e+03
3792	-1.104463e+03
3793	-1.120390e+03
3794	-1.128022e+03
3795	-1.140861e+03
3796	-1.115877e+03
3797	-1.141374e+03
3798	-1.131369e+03
3799	-1.130448e+03
3800	-1.130404e+03
3801	-1.134093e+03
3802	-1.130736e+03
3803	-1.126442e+03
3804	-1.152740e+03
3805	-1.132412e+03
3806	-1.112078e+03
3807	-1.151774e+03
3808	-1.122918e+03
3809	-1.131763e+03
3810	-1.120012e+03
3811	-1.127424e+03
3812	-1.147342e+03
3813	-1.130637e+03
3814	-1.128373e+03
3815	-1.131442e+03
3816	-1.121729e+03
3817	-1.137350e+03
3818	-1.107066e+03
3819	-1.114172e+03
3820	-1.125988e+03
3821	-1.135478e+03
3822	-1.130581e+03
3823	-1.138113e+03
3824	-1.109512e+03
3825	-1.119867e+03
3826	-1.124312e+03
3827	-1.119735e+03
3828	-1.144470e+03
3829	-1.127988e+03
3830	-1.132034e+03
3831	-1.136936e+03
3832	-1.148931e+03
3833	-1.122502e+03
3834	-1.137555e+03
3835	-1.131141e+03
3836	-1.127110e+03
3837	-1.128021e+03
3838	-1.126208e+03
3839	-1.138985e+03
3840	-1.115239e+03
3841	-1.120108e+03
3842	-1.142708e+03
3843	-1.113906e+03
3844	-1.150239e+03
3845	-1.144655e+03
3846	-1.131195e+03
3847	-1.129288e+03
3848	-1.139966e+03
3849	-1.133610e+03
3850	-1.130245e+03
3851	-1.140385e+03
3852	-1.129861e+03
3853	-1.145160e+03
3854	-1.128426e+03
3855	-1.117026e+03
3856	-1.125280e+03
3857	-1.151345e+03
3858	-1.145289e+03
3859	-1.123329e+03
3860	-1.134413e+03
3861	-1.097165e+03
3862	-1.137842e+03
3863	-1.143093e+03
3864	-1.132805e+03
3865	-1.126263e+03
3866	-1.119911e+03
3867	-1.117155e+03
3868	-1.110207e+03
3869	-1.142855e+03
3870	-1.118144e+03
3871	-1.123981e+03
3872	-1.127878e+03
3873	-1.145798e+03
3874	-1.106823e+03
3875	-1.131120e+03
3876	-1.145536e+03
3877	-1.115382e+03
3878	-1.143899e+03
3879	-1.113432e+03
3880	-1.141231e+03
3881	-1.120099e+03
3882	-1.113615e+03
3883	-1.123425e+03
3884	-1.125028e+03
3885	-1.130415e+03
3886	-1.122260e+03
3887	-1.126561e+03
3888	-1.120075e+03
3889	-1.130129e+03
3890	-1.128632e+03
3891	-1.139026e+03
3892	-1.117958e+03
3893	-1.121665e+03
3894	-1.114652e+03
3895	-1.130419e+03
3896	-1.117185e+03
3897	-1.129087e+03
3898	-1.121565e+03
3899	-1.140035e+03
3900	-1.114937e+03
3901	-1.127610e+03
3902	-1.125244e+03
3903	-1.134294e+03
3904	-1.139482e+03
3905	-1.126588e+03
3906	-1.118703e+03
3907	-1.119544e+03
3908	-1.144646e+03
3909	-1.106681e+03
3910	-1.125866e+03
3911	-1.132661e+03
3912	-1.127642e+03
3913	-1.134782e+03
3914	-1.142073e+03
3915	-1.144380e+03
3916	-1.123493e+03
3917	-1.118228e+03
3918	-1.139558e+03
3919	-1.129457e+03
3920	-1.139058e+03
3921	-1.130994e+03
3922	-1.134594e+03
3923	-1.115763e+03
3924	-1.134949e+03
3925	-1.142203e+03
3926	-1.132704e+03
3927	-1.139551e+03
3928	-1.146102e+03
3929	-1.130914e+03
3930	-1.118688e+03
3931	-1.136671e+03
3932	-1.130358e+03
3933	-1.139063e+03
3934	-1.123800e+03
3935	-1.123352e+03
3936	-1.111384e+03
3937	-1.138513e+03
3938	-1.129808e+03
3939	-1.146795e+03
3940	-1.138283e+03
3941	-1.109704e+03
3942	-1.131434e+03
3943	-1.130177e+03
3944	-1.140105e+03
3945	-1.135593e+03
3946	-1.135084e+03
3947	-1.142009e+03
3948	-1.125164e+03
3949	-1.133062e+03
3950	-1.129940e+03
3951	-1.149223e+03
3952	-1.118531e+03
3953	-1.128404e+03
3954	-1.134326e+03
3955	-1.135496e+03
3956	-1.127019e+03
3957	-1.135753e+03
3958	-1.127885e+03
3959	-1.101525e+03
3960	-1.123938e+03
3961	-1.144480e+03
3962	-1.145291e+03
3963	-1.132249e+03
3964	-1.122421e+03
3965	-1.130260e+03
3966	-1.142355e+03
3967	-1.110361e+03
3968	-1.132163e+03
3969	-1.105000e+03
3970	-1.130543e+03
3971	-1.121984e+03
3972	-1.122439e+03
3973	-1.137068e+03
3974	-1.124370e+03
3975	-1.124728e+03
3976	-1.115729e+03
3977	-1.126532e+03
3978	-1.114305e+03
3979	-1.120556e+03
3980	-1.140815e+03
3981	-1.128364e+03
3982	-1.122527e+03
3983	-1.145083e+03
3984	-1.106050e+03
3985	-1.126600e+03
3986	-1.137491e+03
3987	-1.123768e+03
3988	-1.133388e+03
3989	-1.129872e+03
3990	-1.133007e+03
3991	-1.116698e+03
3992	-1.130917e+03
3993	-1.134889e+03
3994	-1.137873e+03
3995	-1.120947e+03
3996	-1.139468e+03
3997	-1.123933e+03
3998	-1.123360e+03
3999	-1.148268e+03
4000	-1.138264e+03
4001	-1.145142e+03
4002	-1.123513e+03
4003	-1.135727e+03
4004	-1.123970e+03
4005	-1.128285e+03
4006	-1.136070e+03
4007	-1.123571e+03
4008	-1.118347e+03
4009	-1.117163e+03
4010	-1.122543e+03
4011	-1.130845e+03
4012	-1.122749e+03
4013	-1.141671e+03
4014	-1.128224e+03
4015	-1.125986e+03
4016	-1.125336e+03
4017	-1.124631e+03
4018	-1.148755e+03
4019	-1.128980e+03
4020	-1.132349e+03
4021	-1.131234e+03
4022	-1.144646e+03
4023	-1.126935e+03
4024	-1.145975e+03
4025	-1.145554e+03
4026	-1.116364e+03
4027	-1.145783e+03
4028	-1.122539e+03
4029	-1.113721e+03
4030	-1.131752e+03
4031	-1.144050e+03
4032	-1.129096e+03
4033	-1.136461e+03
4034	-1.125462e+03
4035	-1.131797e+03
4036	-1.132187e+03
4037	-1.119209e+03
4038	-1.119593e+03
4039	-1.137160e+03
4040	-1.120946e+03
4041	-1.131136e+03
4042	-1.147598e+03
4043	-1.139692e+03
4044	-1.121851e+03
4045	-1.133637e+03
4046	-1.106875e+03
4047	-1.126257e+03
4048	-1.138419e+03
4049	-1.124747e+03
4050	-1.118736e+03
4051	-1.115685e+03
4052	-1.112186e+03
4053	-1.110003e+03
4054	-1.135606e+03
4055	-1.141946e+03
4056	-1.105007e+03
4057	-1.125523e+03
4058	-1.135538e+03
4059	-1.144606e+03
4060	-1.136392e+03
4061	-1.155286e+03
4062	-1.137605e+03
4063	-1.124579e+03
4064	-1.149710e+03
4065	-1.139976e+03
4066	-1.103819e+03
4067	-1.117629e+03
4068	-1.149337e+03
4069	-1.124274e+03
4070	-1.114095e+03
4071	-1.139513e+03
4072	-1.139947e+03
4073	-1.133430e+03
4074	-1.144935e+03
4075	-1.127815e+03
4076	-1.122241e+03
4077	-1.145689e+03
4078	-1.149847e+03
4079	-1.126387e+03
4080	-1.121556e+03
4081	-1.130123e+03
4082	-1.143949e+03
4083	-1.128927e+03
4084	-1.139983e+03
4085	-1.105501e+03
4086	-1.117076e+03
4087	-1.138226e+03
4088	-1.133617e+03
4089	-1.145534e+03
4090	-1.125341e+03
4091	-1.141872e+03
4092	-1.135834e+03
4093	-1.145270e+03
4094	-1.132450e+03
4095	-1.126368e+03
4096	-1.135804e+03
4097	-1.141599e+03
4098	-1.133966e+03
4099	-1.114756e+03
4100	-1.123777e+03
4101	-1.124883e+03
4102	-1.123816e+03
4103	-1.132765e+03
4104	-1.133323e+03
4105	-1.125633e+03
4106	-1.138233e+03
4107	-1.112434e+03
4108	-1.110077e+03
4109	-1.142836e+03
4110	-1.134352e+03
4111	-1.114635e+03
4112	-1.116087e+03
4113	-1.130157e+03
4114	-1.143157e+03
4115	-1.134538e+03
4116	-1.111509e+03
4117	-1.138027e+03
4118	-1.143112e+03
4119	-1.150565e+03
4120	-1.122067e+03
4121	-1.119349e+03
4122	-1.120552e+03
4123	-1.131102e+03
4124	-1.129356e+03
4125	-1.128825e+03
4126	-1.136705e+03
4127	-1.133464e+03
4128	-1.120233e+03
4129	-1.107105e+03
4130	-1.145771e+03
4131	-1.124292e+03
4132	-1.106138e+03
4133	-1.122558e+03
4134	-1.120825e+03
4135	-1.121815e+03
4136	-1.132250e+03
4137	-1.137018e+03
4138	-1.117045e+03
4139	-1.126724e+03
4140	-1.113439e+03
4141	-1.137943e+03
4142	-1.131210e+03
4143	-1.125554e+03
4144	-1.122285e+03
4145	-1.117268e+03
4146	-1.117320e+03
4147	-1.107833e+03
4148	-1.122816e+03
4149	-1.135032e+03
4150	-1.130323e+03
4151	-1.119092e+03
4152	-1.116059e+03
4153	-1.136701e+03
4154	-1.142332e+03
4155	-1.128829e+03
4156	-1.136243e+03
4157	-1.150526e+03
4158	-1.121588e+03
4159	-1.115451e+03
4160	-1.125616e+03
4161	-1.112493e+03
4162	-1.127911e+03
4163	-1.138925e+03
4164	-1.128515e+03
4165	-1.125857e+03
4166	-1.130651e+03
4167	-1.136508e+03
4168	-1.117308e+03
4169	-1.128287e+03
4170	-1.113787e+03
4171	-1.125146e+03
4172	-1.133882e+03
4173	-1.125768e+03
4174	-1.146839e+03
4175	-1.114026e+03
4176	-1.129462e+03
4177	-1.119932e+03
4178	-1.142852e+03
4179	-1.119298e+03
4180	-1.123658e+03
4181	-1.124687e+03
4182	-1.141051e+03
4183	-1.140018e+03
4184	-1.140546e+03
4185	-1.115017e+03
4186	-1.137126e+03
4187	-1.111837e+03
4188	-1.114950e+03
4189	-1.121420e+03
4190	-1.127918e+03
4191	-1.138288e+03
4192	-1.131453e+03
4193	-1.110472e+03
4194	-1.119107e+03
4195	-1.118447e+03
4196	-1.142843e+03
4197	-1.123499e+03
4198	-1.124358e+03
4199	-1.124968e+03
4200	-1.140512e+03
4201	-1.127572e+03
4202	-1.130741e+03
4203	-1.138415e+03
4204	-1.121525e+03
4205	-1.111636e+03
4206	-1.131427e+03
4207	-1.129435e+03
4208	-1.127977e+03
4209	-1.130733e+03
4210	-1.141470e+03
4211	-1.126528e+03
4212	-1.111707e+03
4213	-1.135335e+03
4214	-1.143150e+03
4215	-1.131934e+03
4216	-1.143490e+03
4217	-1.141337e+03
4218	-1.108085e+03
4219	-1.123092e+03
4220	-1.134450e+03
4221	-1.133395e+03
4222	-1.137030e+03
4223	-1.135672e+03
4224	-1.142810e+03
4225	-1.131909e+03
4226	-1.137805e+03
4227	-1.127544e+03
4228	-1.139547e+03
4229	-1.142362e+03
4230	-1.144180e+03
4231	-1.134921e+03
4232	-1.127147e+03
4233	-1.146245e+03
4234	-1.127796e+03
4235	-1.116991e+03
4236	-1.139276e+03
4237	-1.118917e+03
4238	-1.137191e+03
4239	-1.133683e+03
4240	-1.115220e+03
4241	-1.129665e+03
4242	-1.141002e+03
4243	-1.131870e+03
4244	-1.125117e+03
4245	-1.135604e+03
4246	-1.130356e+03
4247	-1.139593e+03
4248	-1.131932e+03
4249	-1.141675e+03
4250	-1.145576e+03
4251	-1.146428e+03
4252	-1.141050e+03
4253	-1.139561e+03
4254	-1.132052e+03
4255	-1.125069e+03
4256	-1.117934e+03
4257	-1.121498e+03
4258	-1.129807e+03
4259	-1.115436e+03
4260	-1.113587e+03
4261	-1.116616e+03
4262	-1.131376e+03
4263	-1.136916e+03
4264	-1.120937e+03
4265	-1.113753e+03
4266	-1.117373e+03
4267	-1.123015e+03
4268	-1.121959e+03
4269	-1.137270e+03
4270	-1.139930e+03
4271	-1.131865e+03
4272	-1.148445e+03
4273	-1.128912e+03
4274	-1.127231e+03
4275	-1.112821e+03
4276	-1.129839e+03
4277	-1.127411e+03
4278	-1.144789e+03
4279	-1.127929e+03
4280	-1.139224e+03
4281	-1.124364e+03
4282	-1.156386e+03
4283	-1.128033e+03
4284	-1.138180e+03
4285	-1.132251e+03
4286	-1.118463e+03
4287	-1.129784e+03
4288	-1.145130e+03
4289	-1.144378e+03
4290	-1.122646e+03
4291	-1.133475e+03
4292	-1.139367e+03
4293	-1.140219e+03
4294	-1.135913e+03
4295	-1.112168e+03
4296	-1.141388e+03
4297	-1.129808e+03
4298	-1.140006e+03
4299	-1.134022e+03
4300	-1.145267e+03
4301	-1.134195e+03
4302	-1.135037e+03
4303	-1.129084e+03
4304	-1.142933e+03
4305	-1.136431e+03
4306	-1.124194e+03
4307	-1.111706e+03
4308	-1.137136e+03
4309	-1.120011e+03
4310	-1.126684e+03
4311	-1.140670e+03
4312	-1.144252e+03
4313	-1.127380e+03
4314	-1.127137e+03
4315	-1.125665e+03
4316	-1.126339e+03
4317	-1.108958e+03
4318	-1.114097e+03
4319	-1.114960e+03
4320	-1.127172e+03
4321	-1.134689e+03
4322	-1.124618e+03
4323	-1.140482e+03
4324	-1.142156e+03
4325	-1.132000e+03
4326	-1.131119e+03
4327	-1.123336e+03
4328	-1.138499e+03
4329	-1.144001e+03
4330	-1.148097e+03
4331	-1.125894e+03
4332	-1.129171e+03
4333	-1.137266e+03
4334	-1.127921e+03
4335	-1.133911e+03
4336	-1.153571e+03
4337	-1.127868e+03
4338	-1.124118e+03
4339	-1.121194e+03
4340	-1.152777e+03
4341	-1.118346e+03
4342	-1.128614e+03
4343	-1.119044e+03
4344	-1.133338e+03
4345	-1.135505e+03
4346	-1.118932e+03
4347	-1.110947e+03
4348	-1.135306e+03
4349	-1.128083e+03
4350	-1.119769e+03
4351	-1.131681e+03
4352	-1.139141e+03
4353	-1.121687e+03
4354	-1.141922e+03
4355	-1.157620e+03
4356	-1.123164e+03
4357	-1.120549e+03
4358	-1.122648e+03
4359	-1.139390e+03
4360	-1.136024e+03
4361	-1.129897e+03
4362	-1.123605e+03
4363	-1.128943e+03
4364	-1.115389e+03
4365	-1.133300e+03
4366	-1.117667e+03
4367	-1.136432e+03
4368	-1.132169e+03
4369	-1.122227e+03
4370	-1.114175e+03
4371	-1.112778e+03
4372	-1.130555e+03
4373	-1.124598e+03
4374	-1.130022e+03
4375	-1.132553e+03
4376	-1.127693e+03
4377	-1.152505e+03
4378	-1.135825e+03
4379	-1.125103e+03
4380	-1.127837e+03
4381	-1.115794e+03
4382	-1.104204e+03
4383	-1.130872e+03
4384	-1.143866e+03
4385	-1.122416e+03
4386	-1.125768e+03
4387	-1.123671e+03
4388	-1.125327e+03
4389	-1.149518e+03
4390	-1.119283e+03
4391	-1.135879e+03
4392	-1.127652e+03
4393	-1.132031e+03
4394	-1.149687e+03
4395	-1.137225e+03
4396	-1.140444e+03
4397	-1.136763e+03
4398	-1.142479e+03
4399	-1.122600e+03
4400	-1.107472e+03
4401	-1.132829e+03
4402	-1.124956e+03
4403	-1.137368e+03
4404	-1.123530e+03
4405	-1.126074e+03
4406	-1.112172e+03
4407	-1.143571e+03
4408	-1.131107e+03
4409	-1.145029e+03
4410	-1.129992e+03
4411	-1.144722e+03
4412	-1.140098e+03
4413	-1.142640e+03
4414	-1.144537e+03
4415	-1.142181e+03
4416	-1.125933e+03
4417	-1.127183e+03
4418	-1.117266e+03
4419	-1.124632e+03
4420	-1.117705e+03
4421	-1.146219e+03
4422	-1.138978e+03
4423	-1.130903e+03
4424	-1.147225e+03
4425	-1.127145e+03
4426	-1.122251e+03
4427	-1.123789e+03
4428	-1.122167e+03
4429	-1.110541e+03
4430	-1.108667e+03
4431	-1.113882e+03
4432	-1.144956e+03
4433	-1.116176e+03
4434	-1.146473e+03
4435	-1.128546e+03
4436	-1.145587e+03
4437	-1.124918e+03
4438	-1.137661e+03
4439	-1.129186e+03
4440	-1.132299e+03
4441	-1.136758e+03
4442	-1.127953e+03
4443	-1.137161e+03
4444	-1.130503e+03
4445	-1.130966e+03
4446	-1.145686e+03
4447	-1.133553e+03
4448	-1.136994e+03
4449	-1.114032e+03
4450	-1.137919e+03
4451	-1.124380e+03
4452	-1.121662e+03
4453	-1.147284e+03
4454	-1.122063e+03
4455	-1.121783e+03
4456	-1.118244e+03
4457	-1.118748e+03
4458	-1.131019e+03
4459	-1.120562e+03
4460	-1.136765e+03
4461	-1.117103e+03
4462	-1.129702e+03
4463	-1.117032e+03
4464	-1.129364e+03
4465	-1.136856e+03
4466	-1.129126e+03
4467	-1.148301e+03
4468	-1.123206e+03
4469	-1.110949e+03
4470	-1.134500e+03
4471	-1.125981e+03
4472	-1.135253e+03
4473	-1.124555e+03
4474	-1.137685e+03
4475	-1.135724e+03
4476	-1.134234e+03
4477	-1.128280e+03
4478	-1.120316e+03
4479	-1.114691e+03
4480	-1.115144e+03
4481	-1.140138e+03
4482	-1.120254e+03
4483	-1.144907e+03
4484	-1.142684e+03
4485	-1.133692e+03
4486	-1.136593e+03
4487	-1.138272e+03
4488	-1.143305e+03
4489	-1.127764e+03
4490	-1.129520e+03
4491	-1.134747e+03
4492	-1.116541e+03
4493	-1.134268e+03
4494	-1.140443e+03
4495	-1.114802e+03
4496	-1.119439e+03
4497	-1.137271e+03
4498	-1.129671e+03
4499	-1.122836e+03
4500	-1.122632e+03
4501	-1.123929e+03
4502	-1.146098e+03
4503	-1.147502e+03
4504	-1.135074e+03
4505	-1.136756e+03
4506	-1.137559e+03
4507	-1.135131e+03
4508	-1.142192e+03
4509	-1.143242e+03
4510	-1.118241e+03
4511	-1.119802e+03
4512	-1.129781e+03
4513	-1.156139e+03
4514	-1.140924e+03
4515	-1.142678e+03
4516	-1.131794e+03
4517	-1.128471e+03
4518	-1.147537e+03
4519	-1.134185e+03
4520	-1.158476e+03
4521	-1.133753e+03
4522	-1.145283e+03
4523	-1.115241e+03
4524	-1.132896e+03
4525	-1.130800e+03
4526	-1.137719e+03
4527	-1.149123e+03
4528	-1.134210e+03
4529	-1.143573e+03
4530	-1.128349e+03
4531	-1.132492e+03
4532	-1.136202e+03
4533	-1.149914e+03
4534	-1.139429e+03
4535	-1.115455e+03
4536	-1.116130e+03
4537	-1.124708e+03
4538	-1.135374e+03
4539	-1.134200e+03
4540	-1.115443e+03
4541	-1.122311e+03
4542	-1.124757e+03
4543	-1.140248e+03
4544	-1.121494e+03
4545	-1.130187e+03
4546	-1.132175e+03
4547	-1.124777e+03
4548	-1.125834e+03
4549	-1.143282e+03
4550	-1.115021e+03
4551	-1.114304e+03
4552	-1.131046e+03
4553	-1.097391e+03
4554	-1.126684e+03
4555	-1.128972e+03
4556	-1.135740e+03
4557	-1.137827e+03
4558	-1.125878e+03
4559	-1.109109e+03
4560	-1.116742e+03
4561	-1.125099e+03
4562	-1.126057e+03
4563	-1.128285e+03
4564	-1.131152e+03
4565	-1.132908e+03
4566	-1.125635e+03
4567	-1.148829e+03
4568	-1.125345e+03
4569	-1.133327e+03
4570	-1.134084e+03
4571	-1.125587e+03
4572	-1.117816e+03
4573	-1.129041e+03
4574	-1.139872e+03
4575	-1.130732e+03
4576	-1.130677e+03
4577	-1.151795e+03
4578	-1.117104e+03
4579	-1.147330e+03
4580	-1.141388e+03
4581	-1.144012e+03
4582	-1.132551e+03
4583	-1.136415e+03
4584	-1.123633e+03
4585	-1.127906e+03
4586	-1.129859e+03
4587	-1.106713e+03
4588	-1.123115e+03
4589	-1.139410e+03
4590	-1.122774e+03
4591	-1.112759e+03
4592	-1.138118e+03
4593	-1.128000e+03
4594	-1.121155e+03
4595	-1.126829e+03
4596	-1.115689e+03
4597	-1.126281e+03
4598	-1.092725e+03
4599	-1.116000e+03
4600	-1.107645e+03
4601	-1.116697e+03
4602	-1.121135e+03
4603	-1.125646e+03
4604	-1.134730e+03
4605	-1.133105e+03
4606	-1.141677e+03
4607	-1.126453e+03
4608	-1.121938e+03
4609	-1.107196e+03
4610	-1.125210e+03
4611	-1.141825e+03
4612	-1.106988e+03
4613	-1.120540e+03
4614	-1.123748e+03
4615	-1.114587e+03
4616	-1.113458e+03
4617	-1.138013e+03
4618	-1.146457e+03
4619	-1.131316e+03
4620	-1.106227e+03
4621	-1.140989e+03
4622	-1.141168e+03
4623	-1.132068e+03
4624	-1.122435e+03
4625	-1.132638e+03
4626	-1.122540e+03
4627	-1.146361e+03
4628	-1.129107e+03
4629	-1.117906e+03
4630	-1.152547e+03
4631	-1.117658e+03
4632	-1.146103e+03
4633	-1.127062e+03
4634	-1.129546e+03
4635	-1.142769e+03
4636	-1.119066e+03
4637	-1.136685e+03
4638	-1.112590e+03
4639	-1.155519e+03
4640	-1.134064e+03
4641	-1.134601e+03
4642	-1.111146e+03
4643	-1.139840e+03
4644	-1.123829e+03
4645	-1.132020e+03
4646	-1.120285e+03
4647	-1.138090e+03
4648	-1.131232e+03
4649	-1.137996e+03
4650	-1.132844e+03
4651	-1.122424e+03
4652	-1.137401e+03
4653	-1.138773e+03
4654	-1.130039e+03
4655	-1.141466e+03
4656	-1.133543e+03
4657	-1.140375e+03
4658	-1.116416e+03
4659	-1.113067e+03
4660	-1.126662e+03
4661	-1.113165e+03
4662	-1.127752e+03
4663	-1.121318e+03
4664	-1.129986e+03
4665	-1.143500e+03
4666	-1.120403e+03
4667	-1.114780e+03
4668	-1.149436e+03
4669	-1.132049e+03
4670	-1.105316e+03
4671	-1.142823e+03
4672	-1.124274e+03
4673	-1.108037e+03
4674	-1.130420e+03
4675	-1.133939e+03
4676	-1.109945e+03
4677	-1.136733e+03
4678	-1.119264e+03
4679	-1.124543e+03
4680	-1.117329e+03
4681	-1.126472e+03
4682	-1.134358e+03
4683	-1.134320e+03
4684	-1.115086e+03
4685	-1.135217e+03
4686	-1.127127e+03
4687	-1.153497e+03
4688	-1.150653e+03
4689	-1.104654e+03
4690	-1.139080e+03
4691	-1.131490e+03
4692	-1.117982e+03
4693	-1.141415e+03
4694	-1.149863e+03
4695	-1.144445e+03
4696	-1.131435e+03
4697	-1.130356e+03
4698	-1.126402e+03
4699	-1.132115e+03
4700	-1.141658e+03
4701	-1.132471e+03
4702	-1.133444e+03
4703	-1.123382e+03
4704	-1.117100e+03
4705	-1.135639e+03
4706	-1.125705e+03
4707	-1.121034e+03
4708	-1.112510e+03
4709	-1.116577e+03
4710	-1.135303e+03
4711	-1.136047e+03
4712	-1.130454e+03
4713	-1.124420e+03
4714	-1.123944e+03
4715	-1.130458e+03
4716	-1.120753e+03
4717	-1.153393e+03
4718	-1.127591e+03
4719	-1.149001e+03
4720	-1.133489e+03
4721	-1.104510e+03
4722	-1.106342e+03
4723	-1.130066e+03
4724	-1.120131e+03
4725	-1.124986e+03
4726	-1.122331e+03
4727	-1.127197e+03
4728	-1.113558e+03
4729	-1.118662e+03
4730	-1.148240e+03
4731	-1.114644e+03
4732	-1.129368e+03
4733	-1.120595e+03
4734	-1.121005e+03
4735	-1.138423e+03
4736	-1.147435e+03
4737	-1.136336e+03
4738	-1.131536e+03
4739	-1.131968e+03
4740	-1.105308e+03
4741	-1.140627e+03
4742	-1.122563e+03
4743	-1.127026e+03
4744	-1.141314e+03
4745	-1.136451e+03
4746	-1.123919e+03
4747	-1.131833e+03
4748	-1.140926e+03
4749	-1.134775e+03
4750	-1.113843e+03
4751	-1.137432e+03
4752	-1.129250e+03
4753	-1.116261e+03
4754	-1.123031e+03
4755	-1.141307e+03
4756	-1.134385e+03
4757	-1.119322e+03
4758	-1.146331e+03
4759	-1.134419e+03
4760	-1.137873e+03
4761	-1.121820e+03
4762	-1.130425e+03
4763	-1.138695e+03
4764	-1.136381e+03
4765	-1.122742e+03
4766	-1.139852e+03
4767	-1.136101e+03
4768	-1.135044e+03
4769	-1.132196e+03
4770	-1.137957e+03
4771	-1.133345e+03
4772	-1.127581e+03
4773	-1.121172e+03
4774	-1.118335e+03
4775	-1.123105e+03
4776	-1.122944e+03
4777	-1.126559e+03
4778	-1.124757e+03
4779	-1.132481e+03
4780	-1.120234e+03
4781	-1.107037e+03
4782	-1.106059e+03
4783	-1.127074e+03
4784	-1.125225e+03
4785	-1.119657e+03
4786	-1.121843e+03
4787	-1.138524e+03
4788	-1.134954e+03
4789	-1.122915e+03
4790	-1.121110e+03
4791	-1.123464e+03
4792	-1.112971e+03
4793	-1.118742e+03
4794	-1.151728e+03
4795	-1.130861e+03
4796	-1.123010e+03
4797	-1.128028e+03
4798	-1.143163e+03
4799	-1.103711e+03
4800	-1.120955e+03
4801	-1.140927e+03
4802	-1.127584e+03
4803	-1.136002e+03
4804	-1.116479e+03
4805	-1.131305e+03
4806	-1.115538e+03
4807	-1.145172e+03
4808	-1.115404e+03
4809	-1.143496e+03
4810	-1.116842e+03
4811	-1.140568e+03
4812	-1.136989e+03
4813	-1.137863e+03
4814	-1.127920e+03
4815	-1.143785e+03
4816	-1.125301e+03
4817	-1.127239e+03
4818	-1.113752e+03
4819	-1.111456e+03
4820	-1.130924e+03
4821	-1.135970e+03
4822	-1.143070e+03
4823	-1.134188e+03
4824	-1.138663e+03
4825	-1.133530e+03
4826	-1.118572e+03
4827	-1.136584e+03
4828	-1.111976e+03
4829	-1.142714e+03
4830	-1.127808e+03
4831	-1.135573e+03
4832	-1.140373e+03
4833	-1.134874e+03
4834	-1.126229e+03
4835	-1.119787e+03
4836	-1.141227e+03
4837	-1.126585e+03
4838	-1.134507e+03
4839	-1.147468e+03
4840	-1.115640e+03
4841	-1.108540e+03
4842	-1.113906e+03
4843	-1.127554e+03
4844	-1.125179e+03
4845	-1.118495e+03
4846	-1.127620e+03
4847	-1.146563e+03
4848	-1.130130e+03
4849	-1.096886e+03
4850	-1.117624e+03
4851	-1.123215e+03
4852	-1.140672e+03
4853	-1.109853e+03
4854	-1.131475e+03
4855	-1.124944e+03
4856	-1.149122e+03
4857	-1.136364e+03
4858	-1.105767e+03
4859	-1.121803e+03
4860	-1.130636e+03
4861	-1.133458e+03
4862	-1.127395e+03
4863	-1.143134e+03
4864	-1.130036e+03
4865	-1.138894e+03
4866	-1.137454e+03
4867	-1.121879e+03
4868	-1.145165e+03
4869	-1.141588e+03
4870	-1.118760e+03
4871	-1.127144e+03
4872	-1.148054e+03
4873	-1.123589e+03
4874	-1.127074e+03
4875	-1.149711e+03
4876	-1.127460e+03
4877	-1.130908e+03
4878	-1.129160e+03
4879	-1.135348e+03
4880	-1.105776e+03
4881	-1.141581e+03
4882	-1.123848e+03
4883	-1.118870e+03
4884	-1.114643e+03
4885	-1.126721e+03
4886	-1.132406e+03
4887	-1.125387e+03
4888	-1.128273e+03
4889	-1.124877e+03
4890	-1.122592e+03
4891	-1.136927e+03
4892	-1.120936e+03
4893	-1.126872e+03
4894	-1.135711e+03
4895	-1.110952e+03
4896	-1.127502e+03
4897	-1.145369e+03
4898	-1.130537e+03
4899	-1.116711e+03
4900	-1.123352e+03
4901	-1.107410e+03
4902	-1.131424e+03
4903	-1.136328e+03
4904	-1.119404e+03
4905	-1.106256e+03
4906	-1.137966e+03
4907	-1.128711e+03
4908	-1.154079e+03
4909	-1.125238e+03
4910	-1.135555e+03
4911	-1.129409e+03
4912	-1.149548e+03
4913	-1.128286e+03
4914	-1.114691e+03
4915	-1.136332e+03
4916	-1.133161e+03
4917	-1.128587e+03
4918	-1.110764e+03
4919	-1.136208e+03
4920	-1.130925e+03
4921	-1.119004e+03
4922	-1.112325e+03
4923	-1.119648e+03
4924	-1.135746e+03
4925	-1.121719e+03
4926	-1.137959e+03
4927	-1.133295e+03
4928	-1.124552e+03
4929	-1.120313e+03
4930	-1.144794e+03
4931	-1.117574e+03
4932	-1.117171e+03
4933	-1.132064e+03
4934	-1.116820e+03
4935	-1.098991e+03
4936	-1.123235e+03
4937	-1.107922e+03
4938	-1.127992e+03
4939	-1.131442e+03
4940	-1.153410e+03
4941	-1.129588e+03
4942	-1.115090e+03
4943	-1.124690e+03
4944	-1.141131e+03
4945	-1.140747e+03
4946	-1.133759e+03
4947	-1.100956e+03
4948	-1.126684e+03
4949	-1.124459e+03
4950	-1.138911e+03
4951	-1.129395e+03
4952	-1.153038e+03
4953	-1.127946e+03
4954	-1.124577e+03
4955	-1.108010e+03
4956	-1.131480e+03
4957	-1.125707e+03
4958	-1.140487e+03
4959	-1.138634e+03
4960	-1.143221e+03
4961	-1.133275e+03
4962	-1.121231e+03
4963	-1.143216e+03
4964	-1.121395e+03
4965	-1.138457e+03
4966	-1.127754e+03
4967	-1.111125e+03
4968	-1.147218e+03
4969	-1.144112e+03
4970	-1.125304e+03
4971	-1.130274e+03
4972	-1.149899e+03
4973	-1.146016e+03
4974	-1.139512e+03
4975	-1.145777e+03
4976	-1.121585e+03
4977	-1.137809e+03
4978	-1.120117e+03
4979	-1.125891e+03
4980	-1.126452e+03
4981	-1.120966e+03
4982	-1.130001e+03
4983	-1.121113e+03
4984	-1.134202e+03
4985	-1.142785e+03
4986	-1.143739e+03
4987	-1.136663e+03
4988	-1.115925e+03
4989	-1.126635e+03
4990	-1.132493e+03
4991	-1.117144e+03
4992	-1.142528e+03
4993	-1.133204e+03
4994	-1.132893e+03
4995	-1.122600e+03
4996	-1.102616e+03
4997	-1.133518e+03
4998	-1.149271e+03
4999	-1.144224e+03
5000	-1.140839e+03
5001	-1.135491e+03
5002	-1.136960e+03
5003	-1.125972e+03
5004	-1.121492e+03
5005	-1.121392e+03
5006	-1.118563e+03
5007	-1.104628e+03
5008	-1.143361e+03
5009	-1.140052e+03
5010	-1.137236e+03
5011	-1.134254e+03
5012	-1.125442e+03
5013	-1.113680e+03
5014	-1.099301e+03
5015	-1.120104e+03
5016	-1.116061e+03
5017	-1.129370e+03
5018	-1.141766e+03
5019	-1.122326e+03
5020	-1.143553e+03
5021	-1.130691e+03
5022	-1.114322e+03
5023	-1.138796e+03
5024	-1.100511e+03
5025	-1.126527e+03
5026	-1.130235e+03
5027	-1.123246e+03
5028	-1.123380e+03
5029	-1.124810e+03
5030	-1.126557e+03
5031	-1.152920e+03
5032	-1.108317e+03
5033	-1.131023e+03
5034	-1.128578e+03
5035	-1.111424e+03
5036	-1.113694e+03
5037	-1.132285e+03
5038	-1.130421e+03
5039	-1.141491e+03
5040	-1.137239e+03
5041	-1.125963e+03
5042	-1.134781e+03
5043	-1.122501e+03
5044	-1.121477e+03
5045	-1.132850e+03
5046	-1.126571e+03
5047	-1.128373e+03
5048	-1.116445e+03
5049	-1.121540e+03
5050	-1.116086e+03
5051	-1.115887e+03
5052	-1.128940e+03
5053	-1.125198e+03
5054	-1.108820e+03
5055	-1.146195e+03
5056	-1.144836e+03
5057	-1.129124e+03
5058	-1.134477e+03
5059	-1.129114e+03
5060	-1.142072e+03
5061	-1.127293e+03
5062	-1.137313e+03
5063	-1.131723e+03
5064	-1.133173e+03
5065	-1.116329e+03
5066	-1.145145e+03
5067	-1.145163e+03
5068	-1.135877e+03
5069	-1.146753e+03
5070	-1.113580e+03
5071	-1.134240e+03
5072	-1.112415e+03
5073	-1.125674e+03
5074	-1.139982e+03
5075	-1.133926e+03
5076	-1.122544e+03
5077	-1.127478e+03
5078	-1.132348e+03
5079	-1.134965e+03
5080	-1.107943e+03
5081	-1.115678e+03
5082	-1.140244e+03
5083	-1.138486e+03
5084	-1.135038e+03
5085	-1.128917e+03
5086	-1.116322e+03
5087	-1.136676e+03
5088	-1.125248e+03
5089	-1.138499e+03
5090	-1.140135e+03
5091	-1.140258e+03
5092	-1.126479e+03
5093	-1.138728e+03
5094	-1.120300e+03
5095	-1.124573e+03
5096	-1.106644e+03
5097	-1.129326e+03
5098	-1.110825e+03
5099	-1.148665e+03
5100	-1.125836e+03
5101	-1.139395e+03
5102	-1.119064e+03
5103	-1.120019e+03
5104	-1.118701e+03
5105	-1.119890e+03
5106	-1.122607e+03
5107	-1.132856e+03
5108	-1.132423e+03
5109	-1.140055e+03
5110	-1.137444e+03
5111	-1.129676e+03
5112	-1.114705e+03
5113	-1.138754e+03
5114	-1.140690e+03
5115	-1.132462e+03
5116	-1.141637e+03
5117	-1.103459e+03
5118	-1.126461e+03
5119	-1.111309e+03
5120	-1.134336e+03
5121	-1.140125e+03
5122	-1.140243e+03
5123	-1.128029e+03
5124	-1.121175e+03
5125	-1.147408e+03
5126	-1.145363e+03
5127	-1.131454e+03
5128	-1.133093e+03
5129	-1.140173e+03
5130	-1.147292e+03
5131	-1.138748e+03
5132	-1.124087e+03
5133	-1.146540e+03
5134	-1.150087e+03
5135	-1.120405e+03
5136	-1.118395e+03
5137	-1.123025e+03
5138	-1.138958e+03
5139	-1.141161e+03
5140	-1.149753e+03
5141	-1.126616e+03
5142	-1.146011e+03
5143	-1.132919e+03
5144	-1.147134e+03
5145	-1.114460e+03
5146	-1.136290e+03
5147	-1.161589e+03
5148	-1.109008e+03
5149	-1.114646e+03
5150	-1.110518e+03
5151	-1.128819e+03
5152	-1.129575e+03
5153	-1.141414e+03
5154	-1.135898e+03
5155	-1.127438e+03
5156	-1.137431e+03
5157	-1.110079e+03
5158	-1.127401e+03
5159	-1.126036e+03
5160	-1.134211e+03
5161	-1.122701e+03
5162	-1.147898e+03
5163	-1.114057e+03
5164	-1.139441e+03
5165	-1.112598e+03
5166	-1.132237e+03
5167	-1.121808e+03
5168	-1.103324e+03
5169	-1.131977e+03
5170	-1.133251e+03
5171	-1.122362e+03
5172	-1.131938e+03
5173	-1.121213e+03
5174	-1.143703e+03
5175	-1.140465e+03
5176	-1.116234e+03
5177	-1.117153e+03
5178	-1.114794e+03
5179	-1.120631e+03
5180	-1.115978e+03
5181	-1.139986e+03
5182	-1.137275e+03
5183	-1.136353e+03
5184	-1.153065e+03
5185	-1.117860e+03
5186	-1.120836e+03
5187	-1.144455e+03
5188	-1.119028e+03
5189	-1.146948e+03
5190	-1.110677e+03
5191	-1.121160e+03
5192	-1.113608e+03
5193	-1.129802e+03
5194	-1.128254e+03
5195	-1.127907e+03
5196	-1.145135e+03
5197	-1.138996e+03
5198	-1.138400e+03
5199	-1.117981e+03
5200	-1.133918e+03
5201	-1.135710e+03
5202	-1.117775e+03
5203	-1.130546e+03
5204	-1.124686e+03
5205	-1.136320e+03
5206	-1.137486e+03
5207	-1.124535e+03
5208	-1.113926e+03
5209	-1.131706e+03
5210	-1.115410e+03
5211	-1.145782e+03
5212	-1.131771e+03
5213	-1.112452e+03
5214	-1.138790e+03
5215	-1.118039e+03
5216	-1.129482e+03
5217	-1.124416e+03
5218	-1.119017e+03
5219	-1.139670e+03
5220	-1.131451e+03
5221	-1.114840e+03
5222	-1.124420e+03
5223	-1.149594e+03
5224	-1.137350e+03
5225	-1.131879e+03
5226	-1.142648e+03
5227	-1.136989e+03
5228	-1.136367e+03
5229	-1.124563e+03
5230	-1.130109e+03
5231	-1.117424e+03
5232	-1.118730e+03
5233	-1.120324e+03
5234	-1.134425e+03
5235	-1.115311e+03
5236	-1.134423e+03
5237	-1.134583e+03
5238	-1.120259e+03
5239	-1.122775e+03
5240	-1.129003e+03
5241	-1.144676e+03
5242	-1.122624e+03
5243	-1.130334e+03
5244	-1.136579e+03
5245	-1.116339e+03
5246	-1.122940e+03
5247	-1.138788e+03
5248	-1.125220e+03
5249	-1.121102e+03
5250	-1.153892e+03
5251	-1.122572e+03
5252	-1.111838e+03
5253	-1.125514e+03
5254	-1.126762e+03
5255	-1.114443e+03
5256	-1.143329e+03
5257	-1.136227e+03
5258	-1.122998e+03
5259	-1.128429e+03
5260	-1.153539e+03
5261	-1.126092e+03
5262	-1.147113e+03
5263	-1.132918e+03
5264	-1.125601e+03
5265	-1.104067e+03
5266	-1.141616e+03
5267	-1.134174e+03
5268	-1.142173e+03
5269	-1.116008e+03
5270	-1.132218e+03
5271	-1.149694e+03
5272	-1.126367e+03
5273	-1.115832e+03
5274	-1.125773e+03
5275	-1.130525e+03
5276	-1.143282e+03
5277	-1.129041e+03
5278	-1.107038e+03
5279	-1.126428e+03
5280	-1.151585e+03
5281	-1.125053e+03
5282	-1.124724e+03
5283	-1.115518e+03
5284	-1.142999e+03
5285	-1.107579e+03
5286	-1.135446e+03
5287	-1.115401e+03
5288	-1.146047e+03
5289	-1.128902e+03
5290	-1.115149e+03
5291	-1.127479e+03
5292	-1.129523e+03
5293	-1.131977e+03
5294	-1.136191e+03
5295	-1.133305e+03
5296	-1.134800e+03
5297	-1.135302e+03
5298	-1.121730e+03
5299	-1.116382e+03
5300	-1.120406e+03
5301	-1.124660e+03
5302	-1.134921e+03
5303	-1.139175e+03
5304	-1.139578e+03
5305	-1.129180e+03
5306	-1.123606e+03
5307	-1.130766e+03
5308	-1.116174e+03
5309	-1.134492e+03
5310	-1.133877e+03
5311	-1.111780e+03
5312	-1.126079e+03
5313	-1.130877e+03
5314	-1.125495e+03
5315	-1.125762e+03
5316	-1.133788e+03
5317	-1.145888e+03
5318	-1.126382e+03
5319	-1.127196e+03
5320	-1.121544e+03
5321	-1.132971e+03
5322	-1.130837e+03
5323	-1.111017e+03
5324	-1.140065e+03
5325	-1.142138e+03
5326	-1.114708e+03
5327	-1.134008e+03
5328	-1.120185e+03
5329	-1.132973e+03
5330	-1.132415e+03
5331	-1.117716e+03
5332	-1.131008e+03
5333	-1.134105e+03
5334	-1.148648e+03
5335	-1.121301e+03
5336	-1.114829e+03
5337	-1.126675e+03
5338	-1.109811e+03
5339	-1.123045e+03
5340	-1.122413e+03
5341	-1.098641e+03
5342	-1.122348e+03
5343	-1.143505e+03
5344	-1.132604e+03
5345	-1.132704e+03
5346	-1.126331e+03
5347	-1.136487e+03
5348	-1.139873e+03
5349	-1.119658e+03
5350	-1.114882e+03
5351	-1.120197e+03
5352	-1.133928e+03
5353	-1.131342e+03
5354	-1.129008e+03
5355	-1.121968e+03
5356	-1.126671e+03
5357	-1.115076e+03
5358	-1.150461e+03
5359	-1.139046e+03
5360	-1.135652e+03
5361	-1.144111e+03
5362	-1.128393e+03
5363	-1.129904e+03
5364	-1.104089e+03
5365	-1.125484e+03
5366	-1.126073e+03
5367	-1.125550e+03
5368	-1.111624e+03
5369	-1.120739e+03
5370	-1.125032e+03
5371	-1.131001e+03
5372	-1.123658e+03
5373	-1.121305e+03
5374	-1.117522e+03
5375	-1.126688e+03
5376	-1.133696e+03
5377	-1.136847e+03
5378	-1.130996e+03
5379	-1.130463e+03
5380	-1.133499e+03
5381	-1.113517e+03
5382	-1.124654e+03
5383	-1.127932e+03
5384	-1.139730e+03
5385	-1.131453e+03
5386	-1.145163e+03
5387	-1.136603e+03
5388	-1.127395e+03
5389	-1.141264e+03
5390	-1.140939e+03
5391	-1.119538e+03
5392	-1.106212e+03
5393	-1.115544e+03
5394	-1.132108e+03
5395	-1.145564e+03
5396	-1.138492e+03
5397	-1.128136e+03
5398	-1.135617e+03
5399	-1.134360e+03
5400	-1.143733e+03
5401	-1.140880e+03
5402	-1.130261e+03
5403	-1.136027e+03
5404	-1.125920e+03
5405	-1.134658e+03
5406	-1.133846e+03
5407	-1.118241e+03
5408	-1.116736e+03
5409	-1.145030e+03
5410	-1.141173e+03
5411	-1.150781e+03
5412	-1.123842e+03
5413	-1.135905e+03
5414	-1.138337e+03
5415	-1.135633e+03
5416	-1.135124e+03
5417	-1.125923e+03
5418	-1.135914e+03
5419	-1.122426e+03
5420	-1.134582e+03
5421	-1.135249e+03
5422	-1.111370e+03
5423	-1.149608e+03
5424	-1.124583e+03
5425	-1.110345e+03
5426	-1.118640e+03
5427	-1.140438e+03
5428	-1.144498e+03
5429	-1.128591e+03
5430	-1.123028e+03
5431	-1.124537e+03
5432	-1.127283e+03
5433	-1.096648e+03
5434	-1.137650e+03
5435	-1.131126e+03
5436	-1.133354e+03
5437	-1.124141e+03
5438	-1.119710e+03
5439	-1.138856e+03
5440	-1.128030e+03
5441	-1.116783e+03
5442	-1.138580e+03
5443	-1.124726e+03
5444	-1.122853e+03
5445	-1.150567e+03
5446	-1.120066e+03
5447	-1.131014e+03
5448	-1.125223e+03
5449	-1.142440e+03
5450	-1.144700e+03
5451	-1.142574e+03
5452	-1.115376e+03
5453	-1.125483e+03
5454	-1.119602e+03
5455	-1.157383e+03
5456	-1.122108e+03
5457	-1.120631e+03
5458	-1.118961e+03
5459	-1.109082e+03
5460	-1.122072e+03
5461	-1.112309e+03
5462	-1.128001e+03
5463	-1.149718e+03
5464	-1.136538e+03
5465	-1.124078e+03
5466	-1.126332e+03
5467	-1.131172e+03
5468	-1.127140e+03
5469	-1.118705e+03
5470	-1.127912e+03
5471	-1.139978e+03
5472	-1.133274e+03
5473	-1.108881e+03
5474	-1.129192e+03
5475	-1.115811e+03
5476	-1.129403e+03
5477	-1.125586e+03
5478	-1.145035e+03
5479	-1.128105e+03
5480	-1.137040e+03
5481	-1.121887e+03
5482	-1.140748e+03
5483	-1.136334e+03
5484	-1.138226e+03
5485	-1.148144e+03
5486	-1.145036e+03
5487	-1.127075e+03
5488	-1.143970e+03
5489	-1.115702e+03
5490	-1.128886e+03
5491	-1.126302e+03
5492	-1.131646e+03
5493	-1.125636e+03
5494	-1.135962e+03
5495	-1.137043e+03
5496	-1.132408e+03
5497	-1.142910e+03
5498	-1.129378e+03
5499	-1.140067e+03
5500	-1.122272e+03
5501	-1.138666e+03
5502	-1.117764e+03
5503	-1.139462e+03
5504	-1.143057e+03
5505	-1.116485e+03
5506	-1.135839e+03
5507	-1.142021e+03
5508	-1.115435e+03
5509	-1.128953e+03
5510	-1.131944e+03
5511	-1.123750e+03
5512	-1.120085e+03
5513	-1.123064e+03
5514	-1.128797e+03
5515	-1.149774e+03
5516	-1.132461e+03
5517	-1.110633e+03
5518	-1.119138e+03
5519	-1.131897e+03
5520	-1.137058e+03
5521	-1.126411e+03
5522	-1.115789e+03
5523	-1.124243e+03
5524	-1.126091e+03
5525	-1.154069e+03
5526	-1.118394e+03
5527	-1.151526e+03
5528	-1.119006e+03
5529	-1.142847e+03
5530	-1.144135e+03
5531	-1.137359e+03
5532	-1.138220e+03
5533	-1.139542e+03
5534	-1.132576e+03
5535	-1.135128e+03
5536	-1.111976e+03
5537	-1.131026e+03
5538	-1.131577e+03
5539	-1.141557e+03
5540	-1.140608e+03
5541	-1.120152e+03
5542	-1.138249e+03
5543	-1.137100e+03
5544	-1.127445e+03
5545	-1.107903e+03
5546	-1.126839e+03
5547	-1.138604e+03
5548	-1.136605e+03
5549	-1.113957e+03
5550	-1.132732e+03
5551	-1.134031e+03
5552	-1.139048e+03
5553	-1.137180e+03
5554	-1.140399e+03
5555	-1.146981e+03
5556	-1.134976e+03
5557	-1.138934e+03
5558	-1.125387e+03
5559	-1.142144e+03
5560	-1.137576e+03
5561	-1.127686e+03
5562	-1.127539e+03
5563	-1.116930e+03
5564	-1.129847e+03
5565	-1.131791e+03
5566	-1.141837e+03
5567	-1.138386e+03
5568	-1.124474e+03
5569	-1.121034e+03
5570	-1.114179e+03
5571	-1.128625e+03
5572	-1.110379e+03
5573	-1.138411e+03
5574	-1.119831e+03
5575	-1.146581e+03
5576	-1.131876e+03
5577	-1.144439e+03
5578	-1.126640e+03
5579	-1.152121e+03
5580	-1.139721e+03
5581	-1.133416e+03
5582	-1.122600e+03
5583	-1.141134e+03
5584	-1.123801e+03
5585	-1.121161e+03
5586	-1.138214e+03
5587	-1.148429e+03
5588	-1.149425e+03
5589	-1.138541e+03
5590	-1.116334e+03
5591	-1.131262e+03
5592	-1.121239e+03
5593	-1.125443e+03
5594	-1.115131e+03
5595	-1.119121e+03
5596	-1.117820e+03
5597	-1.126884e+03
5598	-1.138935e+03
5599	-1.118417e+03
5600	-1.131611e+03
5601	-1.141934e+03
5602	-1.148628e+03
5603	-1.126002e+03
5604	-1.116516e+03
5605	-1.123786e+03
5606	-1.117430e+03
5607	-1.123143e+03
5608	-1.150595e+03
5609	-1.124936e+03
5610	-1.118903e+03
5611	-1.128313e+03
5612	-1.114144e+03
5613	-1.121654e+03
5614	-1.098377e+03
5615	-1.135098e+03
5616	-1.109060e+03
5617	-1.138464e+03
5618	-1.137250e+03
5619	-1.140524e+03
5620	-1.149895e+03
5621	-1.113782e+03
5622	-1.124974e+03
5623	-1.138018e+03
5624	-1.112478e+03
5625	-1.125334e+03
5626	-1.119612e+03
5627	-1.132866e+03
5628	-1.118784e+03
5629	-1.150782e+03
5630	-1.112931e+03
5631	-1.129820e+03
5632	-1.141469e+03
5633	-1.139644e+03
5634	-1.115234e+03
5635	-1.145879e+03
5636	-1.142670e+03
5637	-1.134435e+03
5638	-1.141368e+03
5639	-1.135679e+03
5640	-1.147845e+03
5641	-1.138128e+03
5642	-1.156258e+03
5643	-1.126754e+03
5644	-1.116942e+03
5645	-1.133836e+03
5646	-1.125362e+03
5647	-1.142421e+03
5648	-1.137594e+03
5649	-1.110219e+03
5650	-1.149655e+03
5651	-1.135476e+03
5652	-1.135105e+03
5653	-1.126829e+03
5654	-1.120648e+03
5655	-1.140954e+03
5656	-1.142532e+03
5657	-1.135639e+03
5658	-1.141761e+03
5659	-1.120853e+03
5660	-1.128936e+03
5661	-1.130199e+03
5662	-1.123461e+03
5663	-1.137595e+03
5664	-1.124572e+03
5665	-1.117864e+03
5666	-1.137417e+03
5667	-1.136643e+03
5668	-1.114901e+03
5669	-1.125466e+03
5670	-1.140424e+03
5671	-1.144870e+03
5672	-1.119517e+03
5673	-1.088962e+03
5674	-1.150529e+03
5675	-1.138484e+03
5676	-1.126600e+03
5677	-1.128072e+03
5678	-1.117300e+03
5679	-1.146160e+03
5680	-1.151020e+03
5681	-1.126804e+03
5682	-1.130626e+03
5683	-1.121759e+03
5684	-1.132937e+03
5685	-1.134617e+03
5686	-1.130172e+03
5687	-1.131269e+03
5688	-1.140067e+03
5689	-1.122889e+03
5690	-1.134563e+03
5691	-1.127732e+03
5692	-1.131310e+03
5693	-1.150185e+03
5694	-1.108267e+03
5695	-1.125546e+03
5696	-1.128756e+03
5697	-1.123334e+03
5698	-1.131886e+03
5699	-1.116230e+03
5700	-1.097332e+03
5701	-1.120079e+03
5702	-1.136637e+03
5703	-1.129226e+03
5704	-1.128116e+03
5705	-1.142031e+03
5706	-1.130226e+03
5707	-1.139166e+03
5708	-1.124734e+03
5709	-1.121593e+03
5710	-1.117552e+03
5711	-1.130199e+03
5712	-1.114765e+03
5713	-1.132209e+03
5714	-1.103126e+03
5715	-1.136813e+03
5716	-1.136054e+03
5717	-1.111672e+03
5718	-1.133213e+03
5719	-1.151017e+03
5720	-1.127468e+03
5721	-1.127260e+03
5722	-1.142938e+03
5723	-1.114520e+03
5724	-1.131423e+03
5725	-1.104843e+03
5726	-1.125591e+03
5727	-1.124434e+03
5728	-1.120903e+03
5729	-1.125989e+03
5730	-1.132858e+03
5731	-1.116180e+03
5732	-1.132225e+03
5733	-1.128602e+03
5734	-1.110477e+03
5735	-1.132186e+03
5736	-1.121749e+03
5737	-1.119473e+03
5738	-1.119657e+03
5739	-1.149367e+03
5740	-1.140159e+03
5741	-1.137224e+03
5742	-1.153881e+03
5743	-1.120698e+03
5744	-1.119434e+03
5745	-1.148721e+03
5746	-1.132252e+03
5747	-1.127076e+03
5748	-1.131095e+03
5749	-1.120674e+03
5750	-1.123006e+03
5751	-1.146984e+03
5752	-1.133408e+03
5753	-1.124132e+03
5754	-1.138686e+03
5755	-1.124075e+03
5756	-1.121664e+03
5757	-1.139304e+03
5758	-1.131509e+03
5759	-1.136826e+03
5760	-1.142908e+03
5761	-1.137580e+03
5762	-1.127084e+03
5763	-1.121971e+03
5764	-1.128873e+03
5765	-1.140911e+03
5766	-1.152062e+03
5767	-1.130766e+03
5768	-1.146741e+03
5769	-1.127582e+03
5770	-1.136481e+03
5771	-1.127129e+03
5772	-1.119177e+03
5773	-1.125465e+03
5774	-1.127496e+03
5775	-1.130036e+03
5776	-1.120401e+03
5777	-1.131003e+03
5778	-1.119786e+03
5779	-1.117050e+03
5780	-1.131203e+03
5781	-1.138761e+03
5782	-1.113935e+03
5783	-1.132282e+03
5784	-1.134451e+03
5785	-1.154235e+03
5786	-1.127021e+03
5787	-1.129910e+03
5788	-1.140726e+03
5789	-1.106311e+03
5790	-1.132230e+03
5791	-1.126311e+03
5792	-1.136789e+03
5793	-1.129907e+03
5794	-1.120096e+03
5795	-1.128736e+03
5796	-1.128728e+03
5797	-1.124988e+03
5798	-1.102239e+03
5799	-1.114196e+03
5800	-1.131137e+03
5801	-1.138805e+03
5802	-1.114513e+03
5803	-1.124997e+03
5804	-1.131021e+03
5805	-1.140555e+03
5806	-1.126918e+03
5807	-1.123812e+03
5808	-1.133847e+03
5809	-1.137115e+03
5810	-1.120345e+03
5811	-1.114579e+03
5812	-1.121698e+03
5813	-1.108050e+03
5814	-1.107894e+03
5815	-1.129176e+03
5816	-1.107512e+03
5817	-1.129479e+03
5818	-1.136205e+03
5819	-1.126645e+03
5820	-1.140704e+03
5821	-1.120062e+03
5822	-1.135023e+03
5823	-1.108064e+03
5824	-1.110455e+03
5825	-1.124774e+03
5826	-1.114181e+03
5827	-1.124296e+03
5828	-1.120490e+03
5829	-1.138603e+03
5830	-1.121681e+03
5831	-1.115521e+03
5832	-1.117875e+03
5833	-1.127224e+03
5834	-1.120706e+03
5835	-1.147095e+03
5836	-1.136722e+03
5837	-1.137998e+03
5838	-1.120779e+03
5839	-1.117030e+03
5840	-1.148794e+03
5841	-1.119452e+03
5842	-1.133466e+03
5843	-1.141145e+03
5844	-1.128893e+03
5845	-1.126214e+03
5846	-1.122994e+03
5847	-1.129359e+03
5848	-1.131642e+03
5849	-1.132629e+03
5850	-1.125524e+03
5851	-1.130603e+03
5852	-1.154357e+03
5853	-1.138987e+03
5854	-1.126376e+03
5855	-1.130587e+03
5856	-1.116923e+03
5857	-1.117796e+03
5858	-1.132663e+03
5859	-1.124168e+03
5860	-1.107742e+03
5861	-1.132871e+03
5862	-1.130574e+03
5863	-1.107219e+03
5864	-1.136638e+03
5865	-1.125032e+03
5866	-1.125787e+03
5867	-1.154348e+03
5868	-1.130817e+03
5869	-1.133340e+03
5870	-1.128326e+03
5871	-1.135701e+03
5872	-1.137674e+03
5873	-1.140026e+03
5874	-1.119703e+03
5875	-1.150823e+03
5876	-1.121276e+03
5877	-1.120171e+03
5878	-1.146108e+03
5879	-1.110490e+03
5880	-1.163359e+03
5881	-1.126385e+03
5882	-1.119554e+03
5883	-1.142530e+03
5884	-1.150696e+03
5885	-1.131532e+03
5886	-1.137099e+03
5887	-1.124795e+03
5888	-1.135486e+03
5889	-1.141901e+03
5890	-1.089118e+03
5891	-1.147894e+03
5892	-1.162169e+03
5893	-1.125866e+03
5894	-1.106665e+03
5895	-1.148104e+03
5896	-1.131620e+03
5897	-1.146336e+03
5898	-1.137837e+03
5899	-1.118371e+03
5900	-1.131803e+03
5901	-1.118399e+03
5902	-1.125806e+03
5903	-1.139404e+03
5904	-1.130422e+03
5905	-1.152357e+03
5906	-1.144556e+03
5907	-1.147265e+03
5908	-1.138823e+03
5909	-1.136475e+03
5910	-1.121259e+03
5911	-1.155696e+03
5912	-1.134522e+03
5913	-1.136127e+03
5914	-1.130341e+03
5915	-1.125714e+03
5916	-1.120286e+03
5917	-1.129515e+03
5918	-1.121396e+03
5919	-1.134165e+03
5920	-1.119454e+03
5921	-1.132482e+03
5922	-1.129022e+03
5923	-1.125557e+03
5924	-1.111683e+03
5925	-1.123153e+03
5926	-1.137613e+03
5927	-1.154642e+03
5928	-1.124022e+03
5929	-1.135286e+03
5930	-1.137541e+03
5931	-1.122995e+03
5932	-1.143039e+03
5933	-1.126738e+03
5934	-1.137502e+03
5935	-1.130348e+03
5936	-1.136736e+03
5937	-1.145278e+03
5938	-1.130696e+03
5939	-1.119665e+03
5940	-1.134709e+03
5941	-1.124320e+03
5942	-1.144128e+03
5943	-1.120697e+03
5944	-1.143889e+03
5945	-1.119607e+03
5946	-1.136921e+03
5947	-1.138612e+03
5948	-1.129901e+03
5949	-1.135418e+03
5950	-1.135728e+03
5951	-1.116855e+03
5952	-1.152124e+03
5953	-1.131324e+03
5954	-1.114842e+03
5955	-1.125452e+03
5956	-1.124155e+03
5957	-1.119655e+03
5958	-1.151083e+03
5959	-1.108518e+03
5960	-1.122505e+03
5961	-1.133550e+03
5962	-1.121142e+03
5963	-1.138981e+03
5964	-1.102488e+03
5965	-1.121427e+03
5966	-1.133508e+03
5967	-1.144827e+03
5968	-1.103421e+03
5969	-1.157135e+03
5970	-1.138544e+03
5971	-1.132090e+03
5972	-1.115795e+03
5973	-1.154356e+03
5974	-1.133219e+03
5975	-1.110263e+03
5976	-1.125828e+03
5977	-1.124140e+03
5978	-1.115471e+03
5979	-1.133132e+03
5980	-1.136852e+03
5981	-1.129734e+03
5982	-1.137628e+03
5983	-1.128194e+03
5984	-1.127738e+03
5985	-1.132799e+03
5986	-1.147908e+03
5987	-1.136674e+03
5988	-1.122348e+03
5989	-1.147218e+03
5990	-1.115078e+03
5991	-1.126434e+03
5992	-1.147811e+03
5993	-1.129475e+03
5994	-1.128943e+03
5995	-1.130572e+03
5996	-1.135754e+03
5997	-1.131574e+03
5998	-1.144094e+03
5999	-1.146337e+03
6000	-1.142389e+03
6001	-1.136366e+03
6002	-1.136426e+03
6003	-1.140710e+03
6004	-1.145812e+03
6005	-1.143172e+03
6006	-1.125578e+03
6007	-1.140433e+03
6008	-1.151495e+03
6009	-1.103374e+03
6010	-1.128046e+03
6011	-1.128113e+03
6012	-1.139452e+03
6013	-1.127619e+03
6014	-1.133981e+03
6015	-1.124007e+03
6016	-1.121663e+03
6017	-1.128894e+03
6018	-1.137684e+03
6019	-1.111295e+03
6020	-1.134976e+03
6021	-1.145424e+03
6022	-1.153227e+03
6023	-1.133577e+03
6024	-1.138000e+03
6025	-1.130192e+03
6026	-1.130880e+03
6027	-1.147221e+03
6028	-1.122263e+03
6029	-1.136928e+03
6030	-1.130953e+03
6031	-1.119316e+03
6032	-1.118018e+03
6033	-1.130251e+03
6034	-1.138492e+03
6035	-1.123093e+03
6036	-1.124429e+03
6037	-1.135266e+03
6038	-1.132649e+03
6039	-1.129657e+03
6040	-1.117868e+03
6041	-1.130076e+03
6042	-1.132106e+03
6043	-1.125169e+03
6044	-1.128934e+03
6045	-1.119379e+03
6046	-1.125299e+03
6047	-1.136049e+03
6048	-1.135453e+03
6049	-1.139722e+03
6050	-1.123843e+03
6051	-1.136197e+03
6052	-1.140017e+03
6053	-1.122585e+03
6054	-1.123691e+03
6055	-1.137909e+03
6056	-1.128809e+03
6057	-1.127381e+03
6058	-1.119060e+03
6059	-1.126497e+03
6060	-1.137362e+03
6061	-1.132577e+03
6062	-1.141861e+03
6063	-1.125057e+03
6064	-1.132687e+03
6065	-1.130009e+03
6066	-1.130812e+03
6067	-1.138313e+03
6068	-1.121136e+03
6069	-1.128866e+03
6070	-1.133112e+03
6071	-1.143498e+03
6072	-1.119006e+03
6073	-1.139817e+03
6074	-1.134258e+03
6075	-1.126587e+03
6076	-1.125701e+03
6077	-1.119122e+03
6078	-1.112056e+03
6079	-1.127660e+03
6080	-1.129152e+03
6081	-1.120305e+03
6082	-1.139270e+03
6083	-1.144620e+03
6084	-1.110249e+03
6085	-1.127052e+03
6086	-1.116009e+03
6087	-1.145447e+03
6088	-1.128426e+03
6089	-1.116659e+03
6090	-1.140638e+03
6091	-1.126556e+03
6092	-1.141456e+03
6093	-1.149482e+03
6094	-1.108344e+03
6095	-1.122811e+03
6096	-1.144536e+03
6097	-1.140567e+03
6098	-1.120684e+03
6099	-1.124191e+03
6100	-1.112532e+03
6101	-1.133078e+03
6102	-1.127612e+03
6103	-1.129123e+03
6104	-1.134840e+03
6105	-1.141828e+03
6106	-1.160442e+03
6107	-1.133884e+03
6108	-1.113854e+03
6109	-1.133218e+03
6110	-1.126185e+03
6111	-1.126291e+03
6112	-1.115441e+03
6113	-1.110778e+03
6114	-1.133558e+03
6115	-1.115008e+03
6116	-1.126864e+03
6117	-1.120676e+03
6118	-1.139923e+03
6119	-1.111193e+03
6120	-1.138941e+03
6121	-1.121698e+03
6122	-1.121157e+03
6123	-1.151548e+03
6124	-1.135614e+03
6125	-1.123618e+03
6126	-1.153313e+03
6127	-1.112637e+03
6128	-1.120828e+03
6129	-1.131939e+03
6130	-1.154169e+03
6131	-1.120912e+03
6132	-1.136128e+03
6133	-1.134644e+03
6134	-1.132026e+03
6135	-1.116233e+03
6136	-1.114741e+03
6137	-1.123716e+03
6138	-1.142865e+03
6139	-1.128562e+03
6140	-1.125497e+03
6141	-1.128820e+03
6142	-1.133672e+03
6143	-1.128424e+03
6144	-1.121579e+03
6145	-1.124116e+03
6146	-1.132028e+03
6147	-1.131912e+03
6148	-1.122094e+03
6149	-1.145384e+03
6150	-1.134984e+03
6151	-1.101679e+03
6152	-1.123879e+03
6153	-1.134562e+03
6154	-1.132434e+03
6155	-1.135698e+03
6156	-1.130825e+03
6157	-1.116628e+03
6158	-1.131720e+03
6159	-1.121731e+03
6160	-1.136230e+03
6161	-1.118951e+03
6162	-1.119551e+03
6163	-1.127469e+03
6164	-1.134929e+03
6165	-1.125731e+03
6166	-1.116893e+03
6167	-1.131876e+03
6168	-1.147736e+03
6169	-1.130811e+03
6170	-1.144534e+03
6171	-1.135956e+03
6172	-1.112138e+03
6173	-1.122699e+03
6174	-1.114004e+03
6175	-1.122413e+03
6176	-1.120512e+03
6177	-1.114653e+03
6178	-1.120365e+03
6179	-1.136369e+03
6180	-1.133350e+03
6181	-1.126563e+03
6182	-1.127324e+03
6183	-1.126606e+03
6184	-1.125990e+03
6185	-1.145877e+03
6186	-1.147981e+03
6187	-1.117403e+03
6188	-1.137522e+03
6189	-1.100121e+03
6190	-1.137714e+03
6191	-1.120532e+03
6192	-1.127227e+03
6193	-1.119869e+03
6194	-1.121429e+03
6195	-1.135537e+03
6196	-1.121852e+03
6197	-1.142316e+03
6198	-1.124761e+03
6199	-1.131117e+03
6200	-1.115803e+03
6201	-1.125252e+03
6202	-1.144767e+03
6203	-1.125388e+03
6204	-1.116026e+03
6205	-1.107590e+03
6206	-1.120582e+03
6207	-1.115900e+03
6208	-1.140502e+03
6209	-1.145281e+03
6210	-1.138177e+03
6211	-1.114486e+03
6212	-1.136602e+03
6213	-1.145555e+03
6214	-1.124043e+03
6215	-1.131480e+03
6216	-1.144553e+03
6217	-1.134440e+03
6218	-1.135092e+03
6219	-1.135734e+03
6220	-1.140816e+03
6221	-1.132719e+03
6222	-1.123356e+03
6223	-1.131936e+03
6224	-1.149605e+03
6225	-1.131774e+03
6226	-1.138125e+03
6227	-1.140704e+03
6228	-1.126121e+03
6229	-1.133472e+03
6230	-1.152752e+03
6231	-1.119104e+03
6232	-1.131059e+03
6233	-1.107594e+03
6234	-1.131185e+03
6235	-1.129931e+03
6236	-1.131015e+03
6237	-1.119643e+03
6238	-1.122853e+03
6239	-1.149351e+03
6240	-1.122982e+03
6241	-1.129077e+03
6242	-1.124407e+03
6243	-1.113586e+03
6244	-1.121016e+03
6245	-1.114739e+03
6246	-1.129510e+03
6247	-1.136352e+03
6248	-1.152344e+03
6249	-1.116768e+03
6250	-1.114463e+03
6251	-1.115521e+03
6252	-1.125154e+03
6253	-1.127904e+03
6254	-1.113876e+03
6255	-1.122950e+03
6256	-1.124729e+03
6257	-1.142900e+03
6258	-1.133796e+03
6259	-1.131624e+03
6260	-1.145284e+03
6261	-1.160014e+03
6262	-1.115490e+03
6263	-1.157733e+03
6264	-1.157119e+03
6265	-1.133901e+03
6266	-1.125675e+03
6267	-1.136845e+03
6268	-1.128081e+03
6269	-1.136587e+03
6270	-1.131241e+03
6271	-1.142976e+03
6272	-1.123461e+03
6273	-1.130340e+03
6274	-1.151410e+03
6275	-1.133843e+03
6276	-1.134362e+03
6277	-1.138020e+03
6278	-1.119767e+03
6279	-1.133706e+03
6280	-1.153074e+03
6281	-1.135513e+03
6282	-1.131611e+03
6283	-1.126291e+03
6284	-1.125078e+03
6285	-1.128842e+03
6286	-1.135202e+03
6287	-1.123983e+03
6288	-1.133055e+03
6289	-1.131871e+03
6290	-1.097058e+03
6291	-1.136481e+03
6292	-1.133041e+03
6293	-1.139160e+03
6294	-1.130064e+03
6295	-1.124352e+03
6296	-1.119587e+03
6297	-1.129116e+03
6298	-1.144460e+03
6299	-1.121651e+03
6300	-1.135697e+03
6301	-1.117475e+03
6302	-1.132625e+03
6303	-1.111234e+03
6304	-1.114481e+03
6305	-1.146211e+03
6306	-1.127356e+03
6307	-1.125480e+03
6308	-1.148037e+03
6309	-1.136189e+03
6310	-1.118547e+03
6311	-1.132956e+03
6312	-1.111610e+03
6313	-1.120891e+03
6314	-1.156526e+03
6315	-1.120673e+03
6316	-1.141912e+03
6317	-1.145111e+03
6318	-1.120783e+03
6319	-1.134540e+03
6320	-1.136773e+03
6321	-1.143059e+03
6322	-1.147948e+03
6323	-1.122507e+03
6324	-1.141449e+03
6325	-1.119285e+03
6326	-1.109868e+03
6327	-1.118569e+03
6328	-1.129077e+03
6329	-1.128175e+03
6330	-1.106899e+03
6331	-1.139982e+03
6332	-1.137060e+03
6333	-1.118266e+03
6334	-1.133206e+03
6335	-1.132503e+03
6336	-1.121334e+03
6337	-1.132840e+03
6338	-1.146536e+03
6339	-1.126452e+03
6340	-1.133665e+03
6341	-1.132110e+03
6342	-1.114046e+03
6343	-1.128856e+03
6344	-1.135991e+03
6345	-1.129756e+03
6346	-1.118896e+03
6347	-1.140038e+03
6348	-1.124295e+03
6349	-1.124929e+03
6350	-1.109908e+03
6351	-1.157161e+03
6352	-1.132757e+03
6353	-1.123514e+03
6354	-1.142879e+03
6355	-1.125486e+03
6356	-1.140179e+03
6357	-1.118622e+03
6358	-1.143687e+03
6359	-1.144335e+03
6360	-1.131023e+03
6361	-1.138896e+03
6362	-1.138227e+03
6363	-1.125343e+03
6364	-1.126275e+03
6365	-1.138487e+03
6366	-1.126169e+03
6367	-1.113126e+03
6368	-1.147478e+03
6369	-1.108766e+03
6370	-1.122851e+03
6371	-1.125051e+03
6372	-1.147193e+03
6373	-1.139781e+03
6374	-1.125299e+03
6375	-1.129129e+03
6376	-1.157766e+03
6377	-1.123148e+03
6378	-1.137078e+03
6379	-1.118285e+03
6380	-1.125531e+03
6381	-1.129996e+03
6382	-1.122813e+03
6383	-1.127067e+03
6384	-1.132404e+03
6385	-1.126308e+03
6386	-1.137713e+03
6387	-1.152649e+03
6388	-1.141739e+03
6389	-1.131113e+03
6390	-1.154318e+03
6391	-1.124201e+03
6392	-1.120675e+03
6393	-1.117933e+03
6394	-1.142451e+03
6395	-1.139315e+03
6396	-1.124033e+03
6397	-1.130662e+03
6398	-1.128598e+03
6399	-1.113752e+03
6400	-1.130909e+03
6401	-1.105083e+03
6402	-1.121853e+03
6403	-1.116366e+03
6404	-1.145561e+03
6405	-1.144608e+03
6406	-1.142326e+03
6407	-1.138523e+03
6408	-1.120876e+03
6409	-1.139495e+03
6410	-1.118632e+03
6411	-1.138133e+03
6412	-1.144523e+03
6413	-1.127167e+03
6414	-1.109070e+03
6415	-1.149779e+03
6416	-1.132161e+03
6417	-1.138315e+03
6418	-1.120400e+03
6419	-1.118686e+03
6420	-1.132413e+03
6421	-1.109582e+03
6422	-1.148554e+03
6423	-1.112792e+03
6424	-1.140506e+03
6425	-1.122157e+03
6426	-1.129391e+03
6427	-1.116568e+03
6428	-1.143344e+03
6429	-1.137018e+03
6430	-1.131368e+03
6431	-1.151069e+03
6432	-1.125847e+03
6433	-1.141115e+03
6434	-1.127179e+03
6435	-1.147610e+03
6436	-1.132809e+03
6437	-1.120051e+03
6438	-1.125578e+03
6439	-1.119832e+03
6440	-1.137263e+03
6441	-1.124538e+03
6442	-1.154795e+03
6443	-1.116706e+03
6444	-1.122668e+03
6445	-1.149052e+03
6446	-1.135990e+03
6447	-1.114873e+03
6448	-1.119325e+03
6449	-1.131937e+03
6450	-1.123887e+03
6451	-1.119270e+03
6452	-1.148483e+03
6453	-1.114739e+03
6454	-1.106050e+03
6455	-1.117328e+03
6456	-1.134745e+03
6457	-1.129758e+03
6458	-1.136385e+03
6459	-1.125232e+03
6460	-1.138728e+03
6461	-1.119833e+03
6462	-1.149985e+03
6463	-1.132420e+03
6464	-1.131476e+03
6465	-1.122485e+03
6466	-1.124097e+03
6467	-1.133737e+03
6468	-1.138610e+03
6469	-1.139942e+03
6470	-1.113627e+03
6471	-1.115099e+03
6472	-1.124369e+03
6473	-1.111628e+03
6474	-1.125838e+03
6475	-1.124024e+03
6476	-1.118625e+03
6477	-1.146046e+03
6478	-1.128866e+03
6479	-1.130760e+03
6480	-1.144269e+03
6481	-1.143114e+03
6482	-1.144075e+03
6483	-1.136525e+03
6484	-1.133477e+03
6485	-1.142946e+03
6486	-1.117028e+03
6487	-1.134586e+03
6488	-1.137348e+03
6489	-1.139650e+03
6490	-1.131188e+03
6491	-1.127091e+03
6492	-1.136004e+03
6493	-1.117469e+03
6494	-1.125946e+03
6495	-1.100119e+03
6496	-1.137580e+03
6497	-1.125503e+03
6498	-1.131150e+03
6499	-1.128467e+03
6500	-1.115429e+03
6501	-1.124809e+03
6502	-1.146834e+03
6503	-1.129740e+03
6504	-1.105875e+03
6505	-1.147589e+03
6506	-1.133959e+03
6507	-1.114693e+03
6508	-1.115917e+03
6509	-1.135651e+03
6510	-1.152656e+03
6511	-1.130652e+03
6512	-1.120035e+03
6513	-1.140086e+03
6514	-1.105781e+03
6515	-1.129452e+03
6516	-1.134855e+03
6517	-1.137229e+03
6518	-1.133416e+03
6519	-1.118757e+03
6520	-1.140950e+03
6521	-1.129658e+03
6522	-1.123383e+03
6523	-1.128935e+03
6524	-1.120193e+03
6525	-1.116262e+03
6526	-1.142617e+03
6527	-1.133386e+03
6528	-1.129160e+03
6529	-1.144305e+03
6530	-1.139128e+03
6531	-1.120259e+03
6532	-1.114252e+03
6533	-1.153454e+03
6534	-1.129341e+03
6535	-1.153745e+03
6536	-1.118375e+03
6537	-1.130695e+03
6538	-1.147704e+03
6539	-1.146645e+03
6540	-1.118974e+03
6541	-1.128564e+03
6542	-1.124193e+03
6543	-1.128755e+03
6544	-1.140350e+03
6545	-1.117572e+03
6546	-1.154278e+03
6547	-1.102841e+03
6548	-1.129263e+03
6549	-1.123821e+03
6550	-1.137564e+03
6551	-1.132568e+03
6552	-1.117900e+03
6553	-1.119753e+03
6554	-1.119082e+03
6555	-1.122875e+03
6556	-1.102654e+03
6557	-1.128261e+03
6558	-1.114905e+03
6559	-1.126063e+03
6560	-1.138299e+03
6561	-1.119364e+03
6562	-1.128718e+03
6563	-1.110618e+03
6564	-1.112609e+03
6565	-1.118287e+03
6566	-1.140387e+03
6567	-1.122562e+03
6568	-1.135059e+03
6569	-1.144688e+03
6570	-1.121674e+03
6571	-1.129501e+03
6572	-1.118537e+03
6573	-1.119560e+03
6574	-1.132565e+03
6575	-1.137869e+03
6576	-1.125530e+03
6577	-1.135721e+03
6578	-1.138217e+03
6579	-1.137399e+03
6580	-1.109484e+03
6581	-1.154471e+03
6582	-1.124031e+03
6583	-1.129289e+03
6584	-1.129778e+03
6585	-1.144082e+03
6586	-1.140092e+03
6587	-1.121836e+03
6588	-1.139702e+03
6589	-1.152615e+03
6590	-1.134850e+03
6591	-1.130892e+03
6592	-1.136671e+03
6593	-1.122824e+03
6594	-1.131015e+03
6595	-1.136389e+03
6596	-1.121275e+03
6597	-1.148559e+03
6598	-1.130170e+03
6599	-1.138882e+03
6600	-1.143323e+03
6601	-1.126127e+03
6602	-1.108714e+03
6603	-1.132180e+03
6604	-1.125932e+03
6605	-1.144355e+03
6606	-1.139078e+03
6607	-1.141113e+03
6608	-1.147864e+03
6609	-1.118794e+03
6610	-1.115813e+03
6611	-1.103624e+03
6612	-1.114856e+03
6613	-1.127071e+03
6614	-1.122745e+03
6615	-1.119311e+03
6616	-1.103064e+03
6617	-1.106565e+03
6618	-1.126283e+03
6619	-1.146816e+03
6620	-1.128458e+03
6621	-1.145367e+03
6622	-1.130829e+03
6623	-1.127798e+03
6624	-1.119088e+03
6625	-1.126447e+03
6626	-1.139745e+03
6627	-1.130711e+03
6628	-1.130005e+03
6629	-1.146276e+03
6630	-1.105547e+03
6631	-1.126835e+03
6632	-1.163393e+03
6633	-1.123776e+03
6634	-1.123869e+03
6635	-1.124323e+03
6636	-1.133211e+03
6637	-1.131805e+03
6638	-1.121206e+03
6639	-1.128469e+03
6640	-1.120531e+03
6641	-1.120036e+03
6642	-1.154272e+03
6643	-1.153009e+03
6644	-1.125124e+03
6645	-1.120015e+03
6646	-1.121394e+03
6647	-1.131979e+03
6648	-1.117511e+03
6649	-1.110440e+03
6650	-1.133795e+03
6651	-1.137790e+03
6652	-1.127560e+03
6653	-1.137625e+03
6654	-1.122498e+03
6655	-1.111130e+03
6656	-1.114568e+03
6657	-1.134708e+03
6658	-1.150176e+03
6659	-1.123843e+03
6660	-1.136380e+03
6661	-1.150406e+03
6662	-1.122400e+03
6663	-1.132460e+03
6664	-1.140840e+03
6665	-1.122619e+03
6666	-1.121830e+03
6667	-1.125232e+03
6668	-1.138282e+03
6669	-1.092289e+03
6670	-1.132909e+03
6671	-1.121477e+03
6672	-1.137311e+03
6673	-1.154871e+03
6674	-1.132996e+03
6675	-1.108890e+03
6676	-1.121191e+03
6677	-1.122739e+03
6678	-1.135942e+03
6679	-1.120539e+03
6680	-1.124123e+03
6681	-1.135361e+03
6682	-1.118786e+03
6683	-1.145619e+03
6684	-1.128507e+03
6685	-1.123399e+03
6686	-1.140481e+03
6687	-1.142621e+03
6688	-1.141655e+03
6689	-1.140369e+03
6690	-1.117478e+03
6691	-1.131524e+03
6692	-1.121990e+03
6693	-1.118560e+03
6694	-1.125281e+03
6695	-1.123728e+03
6696	-1.112824e+03
6697	-1.128965e+03
6698	-1.110046e+03
6699	-1.137805e+03
6700	-1.123384e+03
6701	-1.126221e+03
6702	-1.135507e+03
6703	-1.143142e+03
6704	-1.115433e+03
6705	-1.126204e+03
6706	-1.133278e+03
6707	-1.134632e+03
6708	-1.121629e+03
6709	-1.135260e+03
6710	-1.123675e+03
6711	-1.111483e+03
6712	-1.128075e+03
6713	-1.132904e+03
6714	-1.130778e+03
6715	-1.133121e+03
6716	-1.129605e+03
6717	-1.132153e+03
6718	-1.108705e+03
6719	-1.117563e+03
6720	-1.137416e+03
6721	-1.131170e+03
6722	-1.139125e+03
6723	-1.129601e+03
6724	-1.152379e+03
6725	-1.121801e+03
6726	-1.153696e+03
6727	-1.132048e+03
6728	-1.128677e+03
6729	-1.131748e+03
6730	-1.126273e+03
6731	-1.137373e+03
6732	-1.131992e+03
6733	-1.127166e+03
6734	-1.142938e+03
6735	-1.135236e+03
6736	-1.102981e+03
6737	-1.121978e+03
6738	-1.126906e+03
6739	-1.126681e+03
6740	-1.135647e+03
6741	-1.152768e+03
6742	-1.118406e+03
6743	-1.134717e+03
6744	-1.122805e+03
6745	-1.127414e+03
6746	-1.131190e+03
6747	-1.141192e+03
6748	-1.125291e+03
6749	-1.130494e+03
6750	-1.125232e+03
6751	-1.144761e+03
6752	-1.137918e+03
6753	-1.120522e+03
6754	-1.143626e+03
6755	-1.136572e+03
6756	-1.130088e+03
6757	-1.114644e+03
6758	-1.138261e+03
6759	-1.132916e+03
6760	-1.127823e+03
6761	-1.126111e+03
6762	-1.127339e+03
6763	-1.118566e+03
6764	-1.126407e+03
6765	-1.115411e+03
6766	-1.137889e+03
6767	-1.119590e+03
6768	-1.130553e+03
6769	-1.128818e+03
6770	-1.116982e+03
6771	-1.131773e+03
6772	-1.131934e+03
6773	-1.126136e+03
6774	-1.142645e+03
6775	-1.129779e+03
6776	-1.142503e+03
6777	-1.137102e+03
6778	-1.125744e+03
6779	-1.134935e+03
6780	-1.147657e+03
6781	-1.152902e+03
6782	-1.120448e+03
6783	-1.128711e+03
6784	-1.114671e+03
6785	-1.142350e+03
6786	-1.132317e+03
6787	-1.133844e+03
6788	-1.133339e+03
6789	-1.121398e+03
6790	-1.135493e+03
6791	-1.140769e+03
6792	-1.112618e+03
6793	-1.127075e+03
6794	-1.143761e+03
6795	-1.128121e+03
6796	-1.129618e+03
6797	-1.131470e+03
6798	-1.133717e+03
6799	-1.105535e+03
6800	-1.120652e+03
6801	-1.128621e+03
6802	-1.128956e+03
6803	-1.126087e+03
6804	-1.138189e+03
6805	-1.116764e+03
6806	-1.127058e+03
6807	-1.124319e+03
6808	-1.138420e+03
6809	-1.133879e+03
6810	-1.123952e+03
6811	-1.142113e+03
6812	-1.130156e+03
6813	-1.127003e+03
6814	-1.130489e+03
6815	-1.130455e+03
6816	-1.108161e+03
6817	-1.139497e+03
6818	-1.118484e+03
6819	-1.128380e+03
6820	-1.125344e+03
6821	-1.126398e+03
6822	-1.153189e+03
6823	-1.137514e+03
6824	-1.125822e+03
6825	-1.141285e+03
6826	-1.128831e+03
6827	-1.115047e+03
6828	-1.120497e+03
6829	-1.131614e+03
6830	-1.140957e+03
6831	-1.130394e+03
6832	-1.118456e+03
6833	-1.110927e+03
6834	-1.134977e+03
6835	-1.126737e+03
6836	-1.140466e+03
6837	-1.127795e+03
6838	-1.120942e+03
6839	-1.113052e+03
6840	-1.142678e+03
6841	-1.124702e+03
6842	-1.121996e+03
6843	-1.129452e+03
6844	-1.138769e+03
6845	-1.138933e+03
6846	-1.132171e+03
6847	-1.105476e+03
6848	-1.138176e+03
6849	-1.111178e+03
6850	-1.123040e+03
6851	-1.127728e+03
6852	-1.113248e+03
6853	-1.122577e+03
6854	-1.121772e+03
6855	-1.114220e+03
6856	-1.143257e+03
6857	-1.128500e+03
6858	-1.132122e+03
6859	-1.139082e+03
6860	-1.117552e+03
6861	-1.122144e+03
6862	-1.119886e+03
6863	-1.135429e+03
6864	-1.131111e+03
6865	-1.126703e+03
6866	-1.130098e+03
6867	-1.151580e+03
6868	-1.142697e+03
6869	-1.125088e+03
6870	-1.125562e+03
6871	-1.127628e+03
6872	-1.139750e+03
6873	-1.131519e+03
6874	-1.117025e+03
6875	-1.138734e+03
6876	-1.133506e+03
6877	-1.140595e+03
6878	-1.110423e+03
6879	-1.115159e+03
6880	-1.132400e+03
6881	-1.135546e+03
6882	-1.126344e+03
6883	-1.121511e+03
6884	-1.134342e+03
6885	-1.145647e+03
6886	-1.137480e+03
6887	-1.124085e+03
6888	-1.128280e+03
6889	-1.133702e+03
6890	-1.124346e+03
6891	-1.131108e+03
6892	-1.127280e+03
6893	-1.150316e+03
6894	-1.124544e+03
6895	-1.141390e+03
6896	-1.119227e+03
6897	-1.147579e+03
6898	-1.139417e+03
6899	-1.139791e+03
6900	-1.119777e+03
6901	-1.118403e+03
6902	-1.129991e+03
6903	-1.131146e+03
6904	-1.114629e+03
6905	-1.140098e+03
6906	-1.122954e+03
6907	-1.128717e+03
6908	-1.128613e+03
6909	-1.138421e+03
6910	-1.141055e+03
6911	-1.135487e+03
6912	-1.144839e+03
6913	-1.120939e+03
6914	-1.128368e+03
6915	-1.130882e+03
6916	-1.115956e+03
6917	-1.138854e+03
6918	-1.114445e+03
6919	-1.141413e+03
6920	-1.142954e+03
6921	-1.117473e+03
6922	-1.129024e+03
6923	-1.146655e+03
6924	-1.113722e+03
6925	-1.110507e+03
6926	-1.112295e+03
6927	-1.126166e+03
6928	-1.124462e+03
6929	-1.138233e+03
6930	-1.140473e+03
6931	-1.135690e+03
6932	-1.124043e+03
6933	-1.130650e+03
6934	-1.136408e+03
6935	-1.120409e+03
6936	-1.142661e+03
6937	-1.147323e+03
6938	-1.117412e+03
6939	-1.123270e+03
6940	-1.146287e+03
6941	-1.138101e+03
6942	-1.140253e+03
6943	-1.134681e+03
6944	-1.133135e+03
6945	-1.149543e+03
6946	-1.138835e+03
6947	-1.126378e+03
6948	-1.137764e+03
6949	-1.117688e+03
6950	-1.141916e+03
6951	-1.119825e+03
6952	-1.118006e+03
6953	-1.104413e+03
6954	-1.135536e+03
6955	-1.133199e+03
6956	-1.119162e+03
6957	-1.135518e+03
6958	-1.129545e+03
6959	-1.143612e+03
6960	-1.110983e+03
6961	-1.127939e+03
6962	-1.114818e+03
6963	-1.097549e+03
6964	-1.122107e+03
6965	-1.133779e+03
6966	-1.118131e+03
6967	-1.124958e+03
6968	-1.134336e+03
6969	-1.134216e+03
6970	-1.120488e+03
6971	-1.124685e+03
6972	-1.110720e+03
6973	-1.115892e+03
6974	-1.139501e+03
6975	-1.153479e+03
6976	-1.116845e+03
6977	-1.116644e+03
6978	-1.127805e+03
6979	-1.144590e+03
6980	-1.127429e+03
6981	-1.131037e+03
6982	-1.112952e+03
6983	-1.113271e+03
6984	-1.116228e+03
6985	-1.122687e+03
6986	-1.134753e+03
6987	-1.126796e+03
6988	-1.116124e+03
6989	-1.124192e+03
6990	-1.142178e+03
6991	-1.131644e+03
6992	-1.122472e+03
6993	-1.122007e+03
6994	-1.137325e+03
6995	-1.125211e+03
6996	-1.119617e+03
6997	-1.124738e+03
6998	-1.115710e+03
6999	-1.124044e+03
7000	-1.140855e+03
7001	-1.145916e+03
7002	-1.119281e+03
7003	-1.138965e+03
7004	-1.147117e+03
7005	-1.121247e+03
7006	-1.121389e+03
7007	-1.145996e+03
7008	-1.131139e+03
7009	-1.120987e+03
7010	-1.129756e+03
7011	-1.114262e+03
7012	-1.124258e+03
7013	-1.140262e+03
7014	-1.123621e+03
7015	-1.156287e+03
7016	-1.133772e+03
7017	-1.127439e+03
7018	-1.143859e+03
7019	-1.127002e+03
7020	-1.144117e+03
7021	-1.111024e+03
7022	-1.124186e+03
7023	-1.142605e+03
7024	-1.123736e+03
7025	-1.126542e+03
7026	-1.131235e+03
7027	-1.138575e+03
7028	-1.149937e+03
7029	-1.117638e+03
7030	-1.154141e+03
7031	-1.117491e+03
7032	-1.140580e+03
7033	-1.128244e+03
7034	-1.133551e+03
7035	-1.137657e+03
7036	-1.130658e+03
7037	-1.133894e+03
7038	-1.132152e+03
7039	-1.130570e+03
7040	-1.119576e+03
7041	-1.118891e+03
7042	-1.131574e+03
7043	-1.132595e+03
7044	-1.109099e+03
7045	-1.130711e+03
7046	-1.134977e+03
7047	-1.155811e+03
7048	-1.126201e+03
7049	-1.126516e+03
7050	-1.146379e+03
7051	-1.125583e+03
7052	-1.128511e+03
7053	-1.118104e+03
7054	-1.130267e+03
7055	-1.138247e+03
7056	-1.146249e+03
7057	-1.116754e+03
7058	-1.131548e+03
7059	-1.127664e+03
7060	-1.152827e+03
7061	-1.115411e+03
7062	-1.121318e+03
7063	-1.113963e+03
7064	-1.139824e+03
7065	-1.109714e+03
7066	-1.150475e+03
7067	-1.109347e+03
7068	-1.132860e+03
7069	-1.114099e+03
7070	-1.117129e+03
7071	-1.121083e+03
7072	-1.142834e+03
7073	-1.124497e+03
7074	-1.142187e+03
7075	-1.128384e+03
7076	-1.133851e+03
7077	-1.150204e+03
7078	-1.134430e+03
7079	-1.136138e+03
7080	-1.126543e+03
7081	-1.117814e+03
7082	-1.138576e+03
7083	-1.126703e+03
7084	-1.144837e+03
7085	-1.134965e+03
7086	-1.137194e+03
7087	-1.146707e+03
7088	-1.122334e+03
7089	-1.123058e+03
7090	-1.134828e+03
7091	-1.127873e+03
7092	-1.130868e+03
7093	-1.140954e+03
7094	-1.142900e+03
7095	-1.126582e+03
7096	-1.116082e+03
7097	-1.130534e+03
7098	-1.133478e+03
7099	-1.141123e+03
7100	-1.101273e+03
7101	-1.140409e+03
7102	-1.111635e+03
7103	-1.134412e+03
7104	-1.112465e+03
7105	-1.116598e+03
7106	-1.140908e+03
7107	-1.153292e+03
7108	-1.110744e+03
7109	-1.129995e+03
7110	-1.134130e+03
7111	-1.119772e+03
7112	-1.141269e+03
7113	-1.124839e+03
7114	-1.127809e+03
7115	-1.128456e+03
7116	-1.141235e+03
7117	-1.143002e+03
7118	-1.123565e+03
7119	-1.117683e+03
7120	-1.123454e+03
7121	-1.127333e+03
7122	-1.122456e+03
7123	-1.116521e+03
7124	-1.164310e+03
7125	-1.117305e+03
7126	-1.115873e+03
7127	-1.139797e+03
7128	-1.132393e+03
7129	-1.137667e+03
7130	-1.121250e+03
7131	-1.133593e+03
7132	-1.132686e+03
7133	-1.125567e+03
7134	-1.126196e+03
7135	-1.135607e+03
7136	-1.128051e+03
7137	-1.123178e+03
7138	-1.105638e+03
7139	-1.136308e+03
7140	-1.132009e+03
7141	-1.134775e+03
7142	-1.127289e+03
7143	-1.131872e+03
7144	-1.138459e+03
7145	-1.132931e+03
7146	-1.129271e+03
7147	-1.123908e+03
7148	-1.137654e+03
7149	-1.132106e+03
7150	-1.124431e+03
7151	-1.133575e+03
7152	-1.136950e+03
7153	-1.115321e+03
7154	-1.104432e+03
7155	-1.132031e+03
7156	-1.132752e+03
7157	-1.116452e+03
7158	-1.113027e+03
7159	-1.141919e+03
7160	-1.145389e+03
7161	-1.129252e+03
7162	-1.115500e+03
7163	-1.136539e+03
7164	-1.139357e+03
7165	-1.132159e+03
7166	-1.124248e+03
7167	-1.128996e+03
7168	-1.145706e+03
7169	-1.140460e+03
7170	-1.130950e+03
7171	-1.138421e+03
7172	-1.144257e+03
7173	-1.108100e+03
7174	-1.137289e+03
7175	-1.152953e+03
7176	-1.116819e+03
7177	-1.117836e+03
7178	-1.152233e+03
7179	-1.123088e+03
7180	-1.153217e+03
7181	-1.111718e+03
7182	-1.140689e+03
7183	-1.112133e+03
7184	-1.132699e+03
7185	-1.142711e+03
7186	-1.130657e+03
7187	-1.141535e+03
7188	-1.118278e+03
7189	-1.122621e+03
7190	-1.135016e+03
7191	-1.137355e+03
7192	-1.130948e+03
7193	-1.112700e+03
7194	-1.105749e+03
7195	-1.100616e+03
7196	-1.140032e+03
7197	-1.126751e+03
7198	-1.131303e+03
7199	-1.136005e+03
7200	-1.135537e+03
7201	-1.128016e+03
7202	-1.131582e+03
7203	-1.137170e+03
7204	-1.132714e+03
7205	-1.123632e+03
7206	-1.116407e+03
7207	-1.115257e+03
7208	-1.123685e+03
7209	-1.145017e+03
7210	-1.132354e+03
7211	-1.141444e+03
7212	-1.133031e+03
7213	-1.117993e+03
7214	-1.115348e+03
7215	-1.135883e+03
7216	-1.152277e+03
7217	-1.129779e+03
7218	-1.138290e+03
7219	-1.136304e+03
7220	-1.102947e+03
7221	-1.135048e+03
7222	-1.120568e+03
7223	-1.119970e+03
7224	-1.132868e+03
7225	-1.111637e+03
7226	-1.131319e+03
7227	-1.126647e+03
7228	-1.109132e+03
7229	-1.123199e+03
7230	-1.135626e+03
7231	-1.108902e+03
7232	-1.131844e+03
7233	-1.161513e+03
7234	-1.123906e+03
7235	-1.133480e+03
7236	-1.147158e+03
7237	-1.131766e+03
7238	-1.108365e+03
7239	-1.131401e+03
7240	-1.115768e+03
7241	-1.112466e+03
7242	-1.118465e+03
7243	-1.126156e+03
7244	-1.125564e+03
7245	-1.137520e+03
7246	-1.133520e+03
7247	-1.124552e+03
7248	-1.142420e+03
7249	-1.129085e+03
7250	-1.129535e+03
7251	-1.142627e+03
7252	-1.130646e+03
7253	-1.121421e+03
7254	-1.112474e+03
7255	-1.135261e+03
7256	-1.135524e+03
7257	-1.151266e+03
7258	-1.130580e+03
7259	-1.147289e+03
7260	-1.142506e+03
7261	-1.127756e+03
7262	-1.122855e+03
7263	-1.134394e+03
7264	-1.137536e+03
7265	-1.134423e+03
7266	-1.117529e+03
7267	-1.121840e+03
7268	-1.150741e+03
7269	-1.095902e+03
7270	-1.148265e+03
7271	-1.120633e+03
7272	-1.140645e+03
7273	-1.122497e+03
7274	-1.132759e+03
7275	-1.141856e+03
7276	-1.134072e+03
7277	-1.129514e+03
7278	-1.119889e+03
7279	-1.124748e+03
7280	-1.124642e+03
7281	-1.128644e+03
7282	-1.138632e+03
7283	-1.119318e+03
7284	-1.159200e+03
7285	-1.122773e+03
7286	-1.136267e+03
7287	-1.138843e+03
7288	-1.116305e+03
7289	-1.127129e+03
7290	-1.133720e+03
7291	-1.130030e+03
7292	-1.137420e+03
7293	-1.135750e+03
7294	-1.156339e+03
7295	-1.114973e+03
7296	-1.129248e+03
7297	-1.133742e+03
7298	-1.126062e+03
7299	-1.126361e+03
7300	-1.143916e+03
7301	-1.117386e+03
7302	-1.139067e+03
7303	-1.125162e+03
7304	-1.123160e+03
7305	-1.127437e+03
7306	-1.124332e+03
7307	-1.142212e+03
7308	-1.155761e+03
7309	-1.111778e+03
7310	-1.127422e+03
7311	-1.131910e+03
7312	-1.124434e+03
7313	-1.135095e+03
7314	-1.093656e+03
7315	-1.133385e+03
7316	-1.129556e+03
7317	-1.112683e+03
7318	-1.135789e+03
7319	-1.112438e+03
7320	-1.128048e+03
7321	-1.154322e+03
7322	-1.127030e+03
7323	-1.139646e+03
7324	-1.123859e+03
7325	-1.120452e+03
7326	-1.133692e+03
7327	-1.115264e+03
7328	-1.144498e+03
7329	-1.110908e+03
7330	-1.114417e+03
7331	-1.129908e+03
7332	-1.130894e+03
7333	-1.138097e+03
7334	-1.114866e+03
7335	-1.130035e+03
7336	-1.127276e+03
7337	-1.128741e+03
7338	-1.132260e+03
7339	-1.124502e+03
7340	-1.140513e+03
7341	-1.134901e+03
7342	-1.135511e+03
7343	-1.140039e+03
7344	-1.109808e+03
7345	-1.141999e+03
7346	-1.117061e+03
7347	-1.113659e+03
7348	-1.132188e+03
7349	-1.154043e+03
7350	-1.133901e+03
7351	-1.137332e+03
7352	-1.143559e+03
7353	-1.123275e+03
7354	-1.107401e+03
7355	-1.139715e+03
7356	-1.134219e+03
7357	-1.122212e+03
7358	-1.139430e+03
7359	-1.107222e+03
7360	-1.134913e+03
7361	-1.118417e+03
7362	-1.150170e+03
7363	-1.110751e+03
7364	-1.114198e+03
7365	-1.134209e+03
7366	-1.133578e+03
7367	-1.143002e+03
7368	-1.133331e+03
7369	-1.124264e+03
7370	-1.115508e+03
7371	-1.149629e+03
7372	-1.141445e+03
7373	-1.118951e+03
7374	-1.136968e+03
7375	-1.125249e+03
7376	-1.132307e+03
7377	-1.139203e+03
7378	-1.108118e+03
7379	-1.137667e+03
7380	-1.146302e+03
7381	-1.122957e+03
7382	-1.134781e+03
7383	-1.125660e+03
7384	-1.134679e+03
7385	-1.140264e+03
7386	-1.128141e+03
7387	-1.139783e+03
7388	-1.128831e+03
7389	-1.139147e+03
7390	-1.106269e+03
7391	-1.105173e+03
7392	-1.135379e+03
7393	-1.119510e+03
7394	-1.128892e+03
7395	-1.128655e+03
7396	-1.116420e+03
7397	-1.121096e+03
7398	-1.108910e+03
7399	-1.149377e+03
7400	-1.127260e+03
7401	-1.142725e+03
7402	-1.140612e+03
7403	-1.122217e+03
7404	-1.137186e+03
7405	-1.132385e+03
7406	-1.123024e+03
7407	-1.125969e+03
7408	-1.123843e+03
7409	-1.133017e+03
7410	-1.140221e+03
7411	-1.106105e+03
7412	-1.134284e+03
7413	-1.128488e+03
7414	-1.117460e+03
7415	-1.131501e+03
7416	-1.129429e+03
7417	-1.131855e+03
7418	-1.137706e+03
7419	-1.115553e+03
7420	-1.128512e+03
7421	-1.120767e+03
7422	-1.124326e+03
7423	-1.144047e+03
7424	-1.121418e+03
7425	-1.124731e+03
7426	-1.125819e+03
7427	-1.121466e+03
7428	-1.140205e+03
7429	-1.120603e+03
7430	-1.128153e+03
7431	-1.132518e+03
7432	-1.135956e+03
7433	-1.122667e+03
7434	-1.112423e+03
7435	-1.123319e+03
7436	-1.115597e+03
7437	-1.122583e+03
7438	-1.137988e+03
7439	-1.103657e+03
7440	-1.142265e+03
7441	-1.132176e+03
7442	-1.115945e+03
7443	-1.109425e+03
7444	-1.129967e+03
7445	-1.120362e+03
7446	-1.129119e+03
7447	-1.124277e+03
7448	-1.126515e+03
7449	-1.124543e+03
7450	-1.151241e+03
7451	-1.123229e+03
7452	-1.129369e+03
7453	-1.120714e+03
7454	-1.134434e+03
7455	-1.159909e+03
7456	-1.113822e+03
7457	-1.133052e+03
7458	-1.117045e+03
7459	-1.105575e+03
7460	-1.133627e+03
7461	-1.158416e+03
7462	-1.130949e+03
7463	-1.141377e+03
7464	-1.116128e+03
7465	-1.129023e+03
7466	-1.127192e+03
7467	-1.148140e+03
7468	-1.127152e+03
7469	-1.106335e+03
7470	-1.125994e+03
7471	-1.151389e+03
7472	-1.125582e+03
7473	-1.140503e+03
7474	-1.134183e+03
7475	-1.114067e+03
7476	-1.139599e+03
7477	-1.144750e+03
7478	-1.130083e+03
7479	-1.130144e+03
7480	-1.103794e+03
7481	-1.148787e+03
7482	-1.128632e+03
7483	-1.117088e+03
7484	-1.148982e+03
7485	-1.131657e+03
7486	-1.128013e+03
7487	-1.130172e+03
7488	-1.147476e+03
7489	-1.125836e+03
7490	-1.116546e+03
7491	-1.111983e+03
7492	-1.147906e+03
7493	-1.119105e+03
7494	-1.147749e+03
7495	-1.135930e+03
7496	-1.113675e+03
7497	-1.118229e+03
7498	-1.140136e+03
7499	-1.125154e+03
7500	-1.108211e+03
7501	-1.140589e+03
7502	-1.117250e+03
7503	-1.151345e+03
7504	-1.145797e+03
7505	-1.130854e+03
7506	-1.129168e+03
7507	-1.122613e+03
7508	-1.117420e+03
7509	-1.120703e+03
7510	-1.138112e+03
7511	-1.124658e+03
7512	-1.116555e+03
7513	-1.127004e+03
7514	-1.121115e+03
7515	-1.152106e+03
7516	-1.130663e+03
7517	-1.131959e+03
7518	-1.123148e+03
7519	-1.122740e+03
7520	-1.133979e+03
7521	-1.126215e+03
7522	-1.121263e+03
7523	-1.130565e+03
7524	-1.145204e+03
7525	-1.134077e+03
7526	-1.127366e+03
7527	-1.127503e+03
7528	-1.120056e+03
7529	-1.136672e+03
7530	-1.148678e+03
7531	-1.145669e+03
7532	-1.121861e+03
7533	-1.133130e+03
7534	-1.147834e+03
7535	-1.138956e+03
7536	-1.125367e+03
7537	-1.131840e+03
7538	-1.118454e+03
7539	-1.132164e+03
7540	-1.144414e+03
7541	-1.130065e+03
7542	-1.146928e+03
7543	-1.121381e+03
7544	-1.132549e+03
7545	-1.133658e+03
7546	-1.116677e+03
7547	-1.129583e+03
7548	-1.138680e+03
7549	-1.149640e+03
7550	-1.125448e+03
7551	-1.129405e+03
7552	-1.152299e+03
7553	-1.135845e+03
7554	-1.121206e+03
7555	-1.143282e+03
7556	-1.107469e+03
7557	-1.132868e+03
7558	-1.120038e+03
7559	-1.123942e+03
7560	-1.138947e+03
7561	-1.125777e+03
7562	-1.128687e+03
7563	-1.118443e+03
7564	-1.144355e+03
7565	-1.117675e+03
7566	-1.133297e+03
7567	-1.110756e+03
7568	-1.133447e+03
7569	-1.134953e+03
7570	-1.107778e+03
7571	-1.123025e+03
7572	-1.122533e+03
7573	-1.156251e+03
7574	-1.120809e+03
7575	-1.130169e+03
7576	-1.129626e+03
7577	-1.112152e+03
7578	-1.127423e+03
7579	-1.124119e+03
7580	-1.129691e+03
7581	-1.134072e+03
7582	-1.129657e+03
7583	-1.113117e+03
7584	-1.148843e+03
7585	-1.124220e+03
7586	-1.144602e+03
7587	-1.106844e+03
7588	-1.133896e+03
7589	-1.147430e+03
7590	-1.130323e+03
7591	-1.111598e+03
7592	-1.130461e+03
7593	-1.142994e+03
7594	-1.126068e+03
7595	-1.131875e+03
7596	-1.126846e+03
7597	-1.127451e+03
7598	-1.130241e+03
7599	-1.121928e+03
7600	-1.136079e+03
7601	-1.120224e+03
7602	-1.130501e+03
7603	-1.133234e+03
7604	-1.136260e+03
7605	-1.122813e+03
7606	-1.122211e+03
7607	-1.098582e+03
7608	-1.108474e+03
7609	-1.137484e+03
7610	-1.116146e+03
7611	-1.133259e+03
7612	-1.136581e+03
7613	-1.124485e+03
7614	-1.138482e+03
7615	-1.103598e+03
7616	-1.125612e+03
7617	-1.133227e+03
7618	-1.121936e+03
7619	-1.134056e+03
7620	-1.114857e+03
7621	-1.121101e+03
7622	-1.130153e+03
7623	-1.138422e+03
7624	-1.130515e+03
7625	-1.133620e+03
7626	-1.107924e+03
7627	-1.137482e+03
7628	-1.133294e+03
7629	-1.139917e+03
7630	-1.140634e+03
7631	-1.126956e+03
7632	-1.137264e+03
7633	-1.133941e+03
7634	-1.136441e+03
7635	-1.128575e+03
7636	-1.128741e+03
7637	-1.132954e+03
7638	-1.129663e+03
7639	-1.125154e+03
7640	-1.136313e+03
7641	-1.135055e+03
7642	-1.124840e+03
7643	-1.142224e+03
7644	-1.130843e+03
7645	-1.126412e+03
7646	-1.125712e+03
7647	-1.152996e+03
7648	-1.123009e+03
7649	-1.152111e+03
7650	-1.145106e+03
7651	-1.122015e+03
7652	-1.132430e+03
7653	-1.131029e+03
7654	-1.120936e+03
7655	-1.143725e+03
7656	-1.118703e+03
7657	-1.124753e+03
7658	-1.143201e+03
7659	-1.139523e+03
7660	-1.142835e+03
7661	-1.134432e+03
7662	-1.144426e+03
7663	-1.119487e+03
7664	-1.143716e+03
7665	-1.124745e+03
7666	-1.101269e+03
7667	-1.123497e+03
7668	-1.157588e+03
7669	-1.122818e+03
7670	-1.120567e+03
7671	-1.125213e+03
7672	-1.134799e+03
7673	-1.105351e+03
7674	-1.142834e+03
7675	-1.110577e+03
7676	-1.117895e+03
7677	-1.118554e+03
7678	-1.125353e+03
7679	-1.132548e+03
7680	-1.128516e+03
7681	-1.124930e+03
7682	-1.128593e+03
7683	-1.124082e+03
7684	-1.129314e+03
7685	-1.109082e+03
7686	-1.133833e+03
7687	-1.129209e+03
7688	-1.128848e+03
7689	-1.097878e+03
7690	-1.112572e+03
7691	-1.126040e+03
7692	-1.118020e+03
7693	-1.147300e+03
7694	-1.129166e+03
7695	-1.132580e+03
7696	-1.126323e+03
7697	-1.116269e+03
7698	-1.134263e+03
7699	-1.145632e+03
7700	-1.121098e+03
7701	-1.142529e+03
7702	-1.122687e+03
7703	-1.146268e+03
7704	-1.146504e+03
7705	-1.119916e+03
7706	-1.127284e+03
7707	-1.126225e+03
7708	-1.145174e+03
7709	-1.134156e+03
7710	-1.124799e+03
7711	-1.150243e+03
7712	-1.144027e+03
7713	-1.114576e+03
7714	-1.118871e+03
7715	-1.126872e+03
7716	-1.111844e+03
7717	-1.122455e+03
7718	-1.128298e+03
7719	-1.128341e+03
7720	-1.125993e+03
7721	-1.129797e+03
7722	-1.126908e+03
7723	-1.119404e+03
7724	-1.132693e+03
7725	-1.141508e+03
7726	-1.129734e+03
7727	-1.101801e+03
7728	-1.123869e+03
7729	-1.121052e+03
7730	-1.129522e+03
7731	-1.141823e+03
7732	-1.122697e+03
7733	-1.115357e+03
7734	-1.121917e+03
7735	-1.112161e+03
7736	-1.139335e+03
7737	-1.152538e+03
7738	-1.129101e+03
7739	-1.142554e+03
7740	-1.119139e+03
7741	-1.143720e+03
7742	-1.133736e+03
7743	-1.117877e+03
7744	-1.125297e+03
7745	-1.113471e+03
7746	-1.118730e+03
7747	-1.129555e+03
7748	-1.115671e+03
7749	-1.125661e+03
7750	-1.149314e+03
7751	-1.139603e+03
7752	-1.132067e+03
7753	-1.124051e+03
7754	-1.108758e+03
7755	-1.139180e+03
7756	-1.135085e+03
7757	-1.120715e+03
7758	-1.124084e+03
7759	-1.113650e+03
7760	-1.116187e+03
7761	-1.133732e+03
7762	-1.124129e+03
7763	-1.135675e+03
7764	-1.137246e+03
7765	-1.112724e+03
7766	-1.108442e+03
7767	-1.121111e+03
7768	-1.127368e+03
7769	-1.113130e+03
7770	-1.119275e+03
7771	-1.131353e+03
7772	-1.136699e+03
7773	-1.126156e+03
7774	-1.130234e+03
7775	-1.132773e+03
7776	-1.119271e+03
7777	-1.135845e+03
7778	-1.128938e+03
7779	-1.134622e+03
7780	-1.145208e+03
7781	-1.117146e+03
7782	-1.125609e+03
7783	-1.125475e+03
7784	-1.131733e+03
7785	-1.138568e+03
7786	-1.136607e+03
7787	-1.128672e+03
7788	-1.125338e+03
7789	-1.149388e+03
7790	-1.114504e+03
7791	-1.135759e+03
7792	-1.119827e+03
7793	-1.115840e+03
7794	-1.102647e+03
7795	-1.125530e+03
7796	-1.129323e+03
7797	-1.137160e+03
7798	-1.124081e+03
7799	-1.128025e+03
7800	-1.128439e+03
7801	-1.139815e+03
7802	-1.146212e+03
7803	-1.114343e+03
7804	-1.122427e+03
7805	-1.136704e+03
7806	-1.131576e+03
7807	-1.139841e+03
7808	-1.146051e+03
7809	-1.133934e+03
7810	-1.128230e+03
7811	-1.129951e+03
7812	-1.122978e+03
7813	-1.128043e+03
7814	-1.124777e+03
7815	-1.110142e+03
7816	-1.127481e+03
7817	-1.119649e+03
7818	-1.130837e+03
7819	-1.143000e+03
7820	-1.112783e+03
7821	-1.122975e+03
7822	-1.112566e+03
7823	-1.100419e+03
7824	-1.142750e+03
7825	-1.131933e+03
7826	-1.126044e+03
7827	-1.137843e+03
7828	-1.128932e+03
7829	-1.134935e+03
7830	-1.139945e+03
7831	-1.123268e+03
7832	-1.110133e+03
7833	-1.148031e+03
7834	-1.125659e+03
7835	-1.133622e+03
7836	-1.124799e+03
7837	-1.123242e+03
7838	-1.117383e+03
7839	-1.116920e+03
7840	-1.143330e+03
7841	-1.134943e+03
7842	-1.122682e+03
7843	-1.153013e+03
7844	-1.127275e+03
7845	-1.120665e+03
7846	-1.127464e+03
7847	-1.122160e+03
7848	-1.115856e+03
7849	-1.152193e+03
7850	-1.115672e+03
7851	-1.128091e+03
7852	-1.139499e+03
7853	-1.111446e+03
7854	-1.127026e+03
7855	-1.108236e+03
7856	-1.131335e+03
7857	-1.125595e+03
7858	-1.128526e+03
7859	-1.118074e+03
7860	-1.124484e+03
7861	-1.136647e+03
7862	-1.142028e+03
7863	-1.137546e+03
7864	-1.144276e+03
7865	-1.115372e+03
7866	-1.120851e+03
7867	-1.112205e+03
7868	-1.128412e+03
7869	-1.128649e+03
7870	-1.114905e+03
7871	-1.137516e+03
7872	-1.136477e+03
7873	-1.124554e+03
7874	-1.133449e+03
7875	-1.120354e+03
7876	-1.113566e+03
7877	-1.134987e+03
7878	-1.122859e+03
7879	-1.123298e+03
7880	-1.137223e+03
7881	-1.132072e+03
7882	-1.138569e+03
7883	-1.149610e+03
7884	-1.134990e+03
7885	-1.131675e+03
7886	-1.126553e+03
7887	-1.120855e+03
7888	-1.135499e+03
7889	-1.135734e+03
7890	-1.124849e+03
7891	-1.122316e+03
7892	-1.140583e+03
7893	-1.127536e+03
7894	-1.135974e+03
7895	-1.129820e+03
7896	-1.117802e+03
7897	-1.143200e+03
7898	-1.130408e+03
7899	-1.102212e+03
7900	-1.131241e+03
7901	-1.112787e+03
7902	-1.134975e+03
7903	-1.117109e+03
7904	-1.134648e+03
7905	-1.129696e+03
7906	-1.127135e+03
7907	-1.154790e+03
7908	-1.145836e+03
7909	-1.107937e+03
7910	-1.130123e+03
7911	-1.109860e+03
7912	-1.146284e+03
7913	-1.139817e+03
7914	-1.140286e+03
7915	-1.144806e+03
7916	-1.130669e+03
7917	-1.123350e+03
7918	-1.147345e+03
7919	-1.134079e+03
7920	-1.124673e+03
7921	-1.126067e+03
7922	-1.137694e+03
7923	-1.128688e+03
7924	-1.124422e+03
7925	-1.117308e+03
7926	-1.126939e+03
7927	-1.110648e+03
7928	-1.136987e+03
7929	-1.125471e+03
7930	-1.125003e+03
7931	-1.130343e+03
7932	-1.125699e+03
7933	-1.120323e+03
7934	-1.143466e+03
7935	-1.123968e+03
7936	-1.118704e+03
7937	-1.130704e+03
7938	-1.117380e+03
7939	-1.112279e+03
7940	-1.143601e+03
7941	-1.134475e+03
7942	-1.144807e+03
7943	-1.124930e+03
7944	-1.100715e+03
7945	-1.115871e+03
7946	-1.130520e+03
7947	-1.140400e+03
7948	-1.136070e+03
7949	-1.145844e+03
7950	-1.127516e+03
7951	-1.126637e+03
7952	-1.133845e+03
7953	-1.128539e+03
7954	-1.129257e+03
7955	-1.140577e+03
7956	-1.122552e+03
7957	-1.133511e+03
7958	-1.128609e+03
7959	-1.118611e+03
7960	-1.139564e+03
7961	-1.150471e+03
7962	-1.135037e+03
7963	-1.134961e+03
7964	-1.128610e+03
7965	-1.138603e+03
7966	-1.114572e+03
7967	-1.127896e+03
7968	-1.137455e+03
7969	-1.142122e+03
7970	-1.138488e+03
7971	-1.112691e+03
7972	-1.132152e+03
7973	-1.135985e+03
7974	-1.118023e+03
7975	-1.115839e+03
7976	-1.129139e+03
7977	-1.117881e+03
7978	-1.140007e+03
7979	-1.132091e+03
7980	-1.122003e+03
7981	-1.120636e+03
7982	-1.110606e+03
7983	-1.139281e+03
7984	-1.125122e+03
7985	-1.123093e+03
7986	-1.123324e+03
7987	-1.139836e+03
7988	-1.123751e+03
7989	-1.133847e+03
7990	-1.146376e+03
7991	-1.121670e+03
7992	-1.131569e+03
7993	-1.122602e+03
7994	-1.127365e+03
7995	-1.109431e+03
7996	-1.120538e+03
7997	-1.134800e+03
7998	-1.120612e+03
7999	-1.142457e+03
8000	-1.141444e+03
8001	-1.137126e+03
8002	-1.122147e+03
8003	-1.124361e+03
8004	-1.139454e+03
8005	-1.118295e+03
8006	-1.133365e+03
8007	-1.117781e+03
8008	-1.125583e+03
8009	-1.117452e+03
8010	-1.128208e+03
8011	-1.149426e+03
8012	-1.109062e+03
8013	-1.112123e+03
8014	-1.128552e+03
8015	-1.136542e+03
8016	-1.137804e+03
8017	-1.124667e+03
8018	-1.113935e+03
8019	-1.111396e+03
8020	-1.122007e+03
8021	-1.119194e+03
8022	-1.138324e+03
8023	-1.132979e+03
8024	-1.129775e+03
8025	-1.132564e+03
8026	-1.138204e+03
8027	-1.133800e+03
8028	-1.134440e+03
8029	-1.138827e+03
8030	-1.125426e+03
8031	-1.121267e+03
8032	-1.129869e+03
8033	-1.131676e+03
8034	-1.129311e+03
8035	-1.142245e+03
8036	-1.133522e+03
8037	-1.125597e+03
8038	-1.129052e+03
8039	-1.112315e+03
8040	-1.127412e+03
8041	-1.135841e+03
8042	-1.131569e+03
8043	-1.141372e+03
8044	-1.141609e+03
8045	-1.133374e+03
8046	-1.124033e+03
8047	-1.125892e+03
8048	-1.129895e+03
8049	-1.130505e+03
8050	-1.133847e+03
8051	-1.147217e+03
8052	-1.108126e+03
8053	-1.135738e+03
8054	-1.124250e+03
8055	-1.121635e+03
8056	-1.127488e+03
8057	-1.137888e+03
8058	-1.130154e+03
8059	-1.134121e+03
8060	-1.137316e+03
8061	-1.136685e+03
8062	-1.116427e+03
8063	-1.125065e+03
8064	-1.125621e+03
8065	-1.177549e+03
8066	-1.127196e+03
8067	-1.135791e+03
8068	-1.128037e+03
8069	-1.116721e+03
8070	-1.144607e+03
8071	-1.133498e+03
8072	-1.132845e+03
8073	-1.130819e+03
8074	-1.134995e+03
8075	-1.135514e+03
8076	-1.135387e+03
8077	-1.153181e+03
8078	-1.117770e+03
8079	-1.139895e+03
8080	-1.132019e+03
8081	-1.123329e+03
8082	-1.124244e+03
8083	-1.144712e+03
8084	-1.130872e+03
8085	-1.125317e+03
8086	-1.139094e+03
8087	-1.133646e+03
8088	-1.135239e+03
8089	-1.128970e+03
8090	-1.142956e+03
8091	-1.122889e+03
8092	-1.115872e+03
8093	-1.145631e+03
8094	-1.133165e+03
8095	-1.117401e+03
8096	-1.143707e+03
8097	-1.115014e+03
8098	-1.124303e+03
8099	-1.103870e+03
8100	-1.133521e+03
8101	-1.121682e+03
8102	-1.137634e+03
8103	-1.143167e+03
8104	-1.119476e+03
8105	-1.130266e+03
8106	-1.145249e+03
8107	-1.131230e+03
8108	-1.126179e+03
8109	-1.143904e+03
8110	-1.130362e+03
8111	-1.151288e+03
8112	-1.139578e+03
8113	-1.129477e+03
8114	-1.123096e+03
8115	-1.118122e+03
8116	-1.133148e+03
8117	-1.132907e+03
8118	-1.125505e+03
8119	-1.124734e+03
8120	-1.126671e+03
8121	-1.130414e+03
8122	-1.115440e+03
8123	-1.123737e+03
8124	-1.130674e+03
8125	-1.116461e+03
8126	-1.131728e+03
8127	-1.132685e+03
8128	-1.124609e+03
8129	-1.119853e+03
8130	-1.134226e+03
8131	-1.131419e+03
8132	-1.142136e+03
8133	-1.123814e+03
8134	-1.130011e+03
8135	-1.122787e+03
8136	-1.120649e+03
8137	-1.140973e+03
8138	-1.109795e+03
8139	-1.131799e+03
8140	-1.139287e+03
8141	-1.126903e+03
8142	-1.128571e+03
8143	-1.121540e+03
8144	-1.135212e+03
8145	-1.130669e+03
8146	-1.114721e+03
8147	-1.119050e+03
8148	-1.110040e+03
8149	-1.149705e+03
8150	-1.124881e+03
8151	-1.113832e+03
8152	-1.135927e+03
8153	-1.123690e+03
8154	-1.165640e+03
8155	-1.149603e+03
8156	-1.114093e+03
8157	-1.136246e+03
8158	-1.123101e+03
8159	-1.128698e+03
8160	-1.129240e+03
8161	-1.113615e+03
8162	-1.135303e+03
8163	-1.134688e+03
8164	-1.132813e+03
8165	-1.130705e+03
8166	-1.094375e+03
8167	-1.114592e+03
8168	-1.128370e+03
8169	-1.130690e+03
8170	-1.135742e+03
8171	-1.127464e+03
8172	-1.121749e+03
8173	-1.134136e+03
8174	-1.138011e+03
8175	-1.138372e+03
8176	-1.124732e+03
8177	-1.113558e+03
8178	-1.121645e+03
8179	-1.147501e+03
8180	-1.126877e+03
8181	-1.131254e+03
8182	-1.123875e+03
8183	-1.127419e+03
8184	-1.131873e+03
8185	-1.148654e+03
8186	-1.131972e+03
8187	-1.134358e+03
8188	-1.135492e+03
8189	-1.157789e+03
8190	-1.111210e+03
8191	-1.145815e+03
8192	-1.134361e+03
8193	-1.125397e+03
8194	-1.130914e+03
8195	-1.123126e+03
8196	-1.135438e+03
8197	-1.126130e+03
8198	-1.135105e+03
8199	-1.117272e+03
8200	-1.117575e+03
8201	-1.145777e+03
8202	-1.124794e+03
8203	-1.120269e+03
8204	-1.120538e+03
8205	-1.133666e+03
8206	-1.148874e+03
8207	-1.140272e+03
8208	-1.139194e+03
8209	-1.120455e+03
8210	-1.130821e+03
8211	-1.129735e+03
8212	-1.137832e+03
8213	-1.104370e+03
8214	-1.135664e+03
8215	-1.132565e+03
8216	-1.121858e+03
8217	-1.112634e+03
8218	-1.136832e+03
8219	-1.146114e+03
8220	-1.107667e+03
8221	-1.134994e+03
8222	-1.109476e+03
8223	-1.137848e+03
8224	-1.146797e+03
8225	-1.124298e+03
8226	-1.134343e+03
8227	-1.138517e+03
8228	-1.144328e+03
8229	-1.130600e+03
8230	-1.134872e+03
8231	-1.133664e+03
8232	-1.127442e+03
8233	-1.143754e+03
8234	-1.134490e+03
8235	-1.121867e+03
8236	-1.124040e+03
8237	-1.119903e+03
8238	-1.119846e+03
8239	-1.136371e+03
8240	-1.112866e+03
8241	-1.144398e+03
8242	-1.149187e+03
8243	-1.128795e+03
8244	-1.130078e+03
8245	-1.133938e+03
8246	-1.128702e+03
8247	-1.124229e+03
8248	-1.152707e+03
8249	-1.102741e+03
8250	-1.136107e+03
8251	-1.134242e+03
8252	-1.118656e+03
8253	-1.129833e+03
8254	-1.150923e+03
8255	-1.134137e+03
8256	-1.140284e+03
8257	-1.117014e+03
8258	-1.126766e+03
8259	-1.109962e+03
8260	-1.116876e+03
8261	-1.130353e+03
8262	-1.117413e+03
8263	-1.118363e+03
8264	-1.129511e+03
8265	-1.122031e+03
8266	-1.122869e+03
8267	-1.109367e+03
8268	-1.129106e+03
8269	-1.118354e+03
8270	-1.136766e+03
8271	-1.142708e+03
8272	-1.135289e+03
8273	-1.118064e+03
8274	-1.136074e+03
8275	-1.151815e+03
8276	-1.125059e+03
8277	-1.132114e+03
8278	-1.121344e+03
8279	-1.108057e+03
8280	-1.105710e+03
8281	-1.162078e+03
8282	-1.104832e+03
8283	-1.128410e+03
8284	-1.125502e+03
8285	-1.120650e+03
8286	-1.119115e+03
8287	-1.136949e+03
8288	-1.150690e+03
8289	-1.131736e+03
8290	-1.120396e+03
8291	-1.128861e+03
8292	-1.122391e+03
8293	-1.143868e+03
8294	-1.140803e+03
8295	-1.148673e+03
8296	-1.140077e+03
8297	-1.123978e+03
8298	-1.142909e+03
8299	-1.104995e+03
8300	-1.141187e+03
8301	-1.140040e+03
8302	-1.113288e+03
8303	-1.129934e+03
8304	-1.130997e+03
8305	-1.135242e+03
8306	-1.111138e+03
8307	-1.130896e+03
8308	-1.131923e+03
8309	-1.122896e+03
8310	-1.131336e+03
8311	-1.129180e+03
8312	-1.128402e+03
8313	-1.127421e+03
8314	-1.108133e+03
8315	-1.128404e+03
8316	-1.135032e+03
8317	-1.145068e+03
8318	-1.107659e+03
8319	-1.112966e+03
8320	-1.122073e+03
8321	-1.123130e+03
8322	-1.137505e+03
8323	-1.123363e+03
8324	-1.119207e+03
8325	-1.127326e+03
8326	-1.123051e+03
8327	-1.124988e+03
8328	-1.127697e+03
8329	-1.130320e+03
8330	-1.112591e+03
8331	-1.115392e+03
8332	-1.111348e+03
8333	-1.141219e+03
8334	-1.134455e+03
8335	-1.131318e+03
8336	-1.149718e+03
8337	-1.118082e+03
8338	-1.130104e+03
8339	-1.143352e+03
8340	-1.148355e+03
8341	-1.105940e+03
8342	-1.131988e+03
8343	-1.123323e+03
8344	-1.123783e+03
8345	-1.132799e+03
8346	-1.116364e+03
8347	-1.127056e+03
8348	-1.133040e+03
8349	-1.131990e+03
8350	-1.101490e+03
8351	-1.142070e+03
8352	-1.128279e+03
8353	-1.124038e+03
8354	-1.154113e+03
8355	-1.103739e+03
8356	-1.138109e+03
8357	-1.159267e+03
8358	-1.138930e+03
8359	-1.126806e+03
8360	-1.142723e+03
8361	-1.121153e+03
8362	-1.140155e+03
8363	-1.113180e+03
8364	-1.116677e+03
8365	-1.094092e+03
8366	-1.134215e+03
8367	-1.121847e+03
8368	-1.123467e+03
8369	-1.143925e+03
8370	-1.131303e+03
8371	-1.125533e+03
8372	-1.121419e+03
8373	-1.142006e+03
8374	-1.128492e+03
8375	-1.114486e+03
8376	-1.138621e+03
8377	-1.118067e+03
8378	-1.136809e+03
8379	-1.131355e+03
8380	-1.123623e+03
8381	-1.140821e+03
8382	-1.127378e+03
8383	-1.139479e+03
8384	-1.138158e+03
8385	-1.125015e+03
8386	-1.124499e+03
8387	-1.137735e+03
8388	-1.131558e+03
8389	-1.110596e+03
8390	-1.124092e+03
8391	-1.138002e+03
8392	-1.150679e+03
8393	-1.131316e+03
8394	-1.100245e+03
8395	-1.145918e+03
8396	-1.140432e+03
8397	-1.105291e+03
8398	-1.165162e+03
8399	-1.116003e+03
8400	-1.118242e+03
8401	-1.134129e+03
8402	-1.144109e+03
8403	-1.120713e+03
8404	-1.120419e+03
8405	-1.136818e+03
8406	-1.150190e+03
8407	-1.135689e+03
8408	-1.113483e+03
8409	-1.134398e+03
8410	-1.119979e+03
8411	-1.115536e+03
8412	-1.113155e+03
8413	-1.131121e+03
8414	-1.097294e+03
8415	-1.135777e+03
8416	-1.128290e+03
8417	-1.135978e+03
8418	-1.130811e+03
8419	-1.126011e+03
8420	-1.116694e+03
8421	-1.115929e+03
8422	-1.126158e+03
8423	-1.135055e+03
8424	-1.146938e+03
8425	-1.121323e+03
8426	-1.120958e+03
8427	-1.116375e+03
8428	-1.137274e+03
8429	-1.146795e+03
8430	-1.128095e+03
8431	-1.130440e+03
8432	-1.124610e+03
8433	-1.134210e+03
8434	-1.129767e+03
8435	-1.118551e+03
8436	-1.146924e+03
8437	-1.124807e+03
8438	-1.145017e+03
8439	-1.126675e+03
8440	-1.132235e+03
8441	-1.134601e+03
8442	-1.140515e+03
8443	-1.119868e+03
8444	-1.142155e+03
8445	-1.141693e+03
8446	-1.112283e+03
8447	-1.127739e+03
8448	-1.151587e+03
8449	-1.131800e+03
8450	-1.132572e+03
8451	-1.124276e+03
8452	-1.136485e+03
8453	-1.146013e+03
8454	-1.113927e+03
8455	-1.129596e+03
8456	-1.128877e+03
8457	-1.142701e+03
8458	-1.135034e+03
8459	-1.137084e+03
8460	-1.133600e+03
8461	-1.130862e+03
8462	-1.130040e+03
8463	-1.136667e+03
8464	-1.152953e+03
8465	-1.127693e+03
8466	-1.119054e+03
8467	-1.141327e+03
8468	-1.127005e+03
8469	-1.125403e+03
8470	-1.106805e+03
8471	-1.130642e+03
8472	-1.139304e+03
8473	-1.147389e+03
8474	-1.127281e+03
8475	-1.131979e+03
8476	-1.152849e+03
8477	-1.132279e+03
8478	-1.136061e+03
8479	-1.146686e+03
8480	-1.142294e+03
8481	-1.120219e+03
8482	-1.144885e+03
8483	-1.125089e+03
8484	-1.147478e+03
8485	-1.135855e+03
8486	-1.108315e+03
8487	-1.139093e+03
8488	-1.131293e+03
8489	-1.129664e+03
8490	-1.134114e+03
8491	-1.108858e+03
8492	-1.139539e+03
8493	-1.114765e+03
8494	-1.125209e+03
8495	-1.129220e+03
8496	-1.138584e+03
8497	-1.114774e+03
8498	-1.128928e+03
8499	-1.123731e+03
8500	-1.125794e+03
8501	-1.151528e+03
8502	-1.132221e+03
8503	-1.118359e+03
8504	-1.120573e+03
8505	-1.133949e+03
8506	-1.154248e+03
8507	-1.135431e+03
8508	-1.138868e+03
8509	-1.134017e+03
8510	-1.137168e+03
8511	-1.144387e+03
8512	-1.126462e+03
8513	-1.143819e+03
8514	-1.125779e+03
8515	-1.131841e+03
8516	-1.126034e+03
8517	-1.137473e+03
8518	-1.131218e+03
8519	-1.110911e+03
8520	-1.138001e+03
8521	-1.114921e+03
8522	-1.122612e+03
8523	-1.114066e+03
8524	-1.136270e+03
8525	-1.150356e+03
8526	-1.142096e+03
8527	-1.141439e+03
8528	-1.120389e+03
8529	-1.137275e+03
8530	-1.143369e+03
8531	-1.142893e+03
8532	-1.129556e+03
8533	-1.134133e+03
8534	-1.108774e+03
8535	-1.131304e+03
8536	-1.129359e+03
8537	-1.136827e+03
8538	-1.116416e+03
8539	-1.130664e+03
8540	-1.120898e+03
8541	-1.145969e+03
8542	-1.126742e+03
8543	-1.161450e+03
8544	-1.115093e+03
8545	-1.120344e+03
8546	-1.119739e+03
8547	-1.119571e+03
8548	-1.126030e+03
8549	-1.135988e+03
8550	-1.134079e+03
8551	-1.131785e+03
8552	-1.134824e+03
8553	-1.125878e+03
8554	-1.123829e+03
8555	-1.145679e+03
8556	-1.136844e+03
8557	-1.127975e+03
8558	-1.135477e+03
8559	-1.119679e+03
8560	-1.109962e+03
8561	-1.126771e+03
8562	-1.109819e+03
8563	-1.138731e+03
8564	-1.139117e+03
8565	-1.141491e+03
8566	-1.138883e+03
8567	-1.147741e+03
8568	-1.125184e+03
8569	-1.136751e+03
8570	-1.124346e+03
8571	-1.144265e+03
8572	-1.138273e+03
8573	-1.129518e+03
8574	-1.142973e+03
8575	-1.113360e+03
8576	-1.143251e+03
8577	-1.138762e+03
8578	-1.128105e+03
8579	-1.115057e+03
8580	-1.117058e+03
8581	-1.130422e+03
8582	-1.136520e+03
8583	-1.140371e+03
8584	-1.137176e+03
8585	-1.144265e+03
8586	-1.147403e+03
8587	-1.109508e+03
8588	-1.127046e+03
8589	-1.141457e+03
8590	-1.135188e+03
8591	-1.141514e+03
8592	-1.127241e+03
8593	-1.132292e+03
8594	-1.125829e+03
8595	-1.143998e+03
8596	-1.131705e+03
8597	-1.119526e+03
8598	-1.126269e+03
8599	-1.128541e+03
8600	-1.125841e+03
8601	-1.126436e+03
8602	-1.134195e+03
8603	-1.136059e+03
8604	-1.116233e+03
8605	-1.134387e+03
8606	-1.107628e+03
8607	-1.136640e+03
8608	-1.145755e+03
8609	-1.128315e+03
8610	-1.132745e+03
8611	-1.116833e+03
8612	-1.126905e+03
8613	-1.129921e+03
8614	-1.122290e+03
8615	-1.130993e+03
8616	-1.140908e+03
8617	-1.134780e+03
8618	-1.117448e+03
8619	-1.132667e+03
8620	-1.145581e+03
8621	-1.143449e+03
8622	-1.160246e+03
8623	-1.123885e+03
8624	-1.102171e+03
8625	-1.128548e+03
8626	-1.134719e+03
8627	-1.131462e+03
8628	-1.121177e+03
8629	-1.127302e+03
8630	-1.118846e+03
8631	-1.129340e+03
8632	-1.127514e+03
8633	-1.135150e+03
8634	-1.136489e+03
8635	-1.134623e+03
8636	-1.144601e+03
8637	-1.130238e+03
8638	-1.141565e+03
8639	-1.113169e+03
8640	-1.109584e+03
8641	-1.110810e+03
8642	-1.131853e+03
8643	-1.136750e+03
8644	-1.139169e+03
8645	-1.112203e+03
8646	-1.147148e+03
8647	-1.144423e+03
8648	-1.135101e+03
8649	-1.134989e+03
8650	-1.129134e+03
8651	-1.120653e+03
8652	-1.136176e+03
8653	-1.138384e+03
8654	-1.109772e+03
8655	-1.132768e+03
8656	-1.111766e+03
8657	-1.130374e+03
8658	-1.139828e+03
8659	-1.128431e+03
8660	-1.135171e+03
8661	-1.124133e+03
8662	-1.142645e+03
8663	-1.114702e+03
8664	-1.153419e+03
8665	-1.147189e+03
8666	-1.128744e+03
8667	-1.111368e+03
8668	-1.142614e+03
8669	-1.117407e+03
8670	-1.135623e+03
8671	-1.136255e+03
8672	-1.132578e+03
8673	-1.147342e+03
8674	-1.134073e+03
8675	-1.126434e+03
8676	-1.121067e+03
8677	-1.117892e+03
8678	-1.120416e+03
8679	-1.142075e+03
8680	-1.117976e+03
8681	-1.128054e+03
8682	-1.142721e+03
8683	-1.130727e+03
8684	-1.135828e+03
8685	-1.134883e+03
8686	-1.154938e+03
8687	-1.117622e+03
8688	-1.125890e+03
8689	-1.147864e+03
8690	-1.126135e+03
8691	-1.144759e+03
8692	-1.139810e+03
8693	-1.113788e+03
8694	-1.135559e+03
8695	-1.124447e+03
8696	-1.154133e+03
8697	-1.116742e+03
8698	-1.124432e+03
8699	-1.141135e+03
8700	-1.133872e+03
8701	-1.120004e+03
8702	-1.132420e+03
8703	-1.129460e+03
8704	-1.141968e+03
8705	-1.101956e+03
8706	-1.113031e+03
8707	-1.131719e+03
8708	-1.123175e+03
8709	-1.133219e+03
8710	-1.142780e+03
8711	-1.130590e+03
8712	-1.127252e+03
8713	-1.120165e+03
8714	-1.120665e+03
8715	-1.118925e+03
8716	-1.120833e+03
8717	-1.118579e+03
8718	-1.148979e+03
8719	-1.114403e+03
8720	-1.128481e+03
8721	-1.139080e+03
8722	-1.124519e+03
8723	-1.142009e+03
8724	-1.135625e+03
8725	-1.116428e+03
8726	-1.132289e+03
8727	-1.118230e+03
8728	-1.128894e+03
8729	-1.121227e+03
8730	-1.113000e+03
8731	-1.131421e+03
8732	-1.139191e+03
8733	-1.147387e+03
8734	-1.134636e+03
8735	-1.102067e+03
8736	-1.155243e+03
8737	-1.136265e+03
8738	-1.138333e+03
8739	-1.125859e+03
8740	-1.135290e+03
8741	-1.119043e+03
8742	-1.124832e+03
8743	-1.138577e+03
8744	-1.113901e+03
8745	-1.136738e+03
8746	-1.136631e+03
8747	-1.120118e+03
8748	-1.144388e+03
8749	-1.148256e+03
8750	-1.140045e+03
8751	-1.130980e+03
8752	-1.133448e+03
8753	-1.100774e+03
8754	-1.128979e+03
8755	-1.129319e+03
8756	-1.131348e+03
8757	-1.122536e+03
8758	-1.122717e+03
8759	-1.121683e+03
8760	-1.150583e+03
8761	-1.137585e+03
8762	-1.131264e+03
8763	-1.122256e+03
8764	-1.133348e+03
8765	-1.108491e+03
8766	-1.154289e+03
8767	-1.136240e+03
8768	-1.122810e+03
8769	-1.120153e+03
8770	-1.127839e+03
8771	-1.120074e+03
8772	-1.112345e+03
8773	-1.124709e+03
8774	-1.112944e+03
8775	-1.126525e+03
8776	-1.133817e+03
8777	-1.147159e+03
8778	-1.138729e+03
8779	-1.136481e+03
8780	-1.138111e+03
8781	-1.113698e+03
8782	-1.147762e+03
8783	-1.116167e+03
8784	-1.118214e+03
8785	-1.131239e+03
8786	-1.117245e+03
8787	-1.126797e+03
8788	-1.119701e+03
8789	-1.123995e+03
8790	-1.143753e+03
8791	-1.125213e+03
8792	-1.128617e+03
8793	-1.136826e+03
8794	-1.139990e+03
8795	-1.123732e+03
8796	-1.120005e+03
8797	-1.123121e+03
8798	-1.148593e+03
8799	-1.140225e+03
8800	-1.112055e+03
8801	-1.131318e+03
8802	-1.122712e+03
8803	-1.129099e+03
8804	-1.117241e+03
8805	-1.113153e+03
8806	-1.135664e+03
8807	-1.121689e+03
8808	-1.131588e+03
8809	-1.130138e+03
8810	-1.129154e+03
8811	-1.117046e+03
8812	-1.114163e+03
8813	-1.132055e+03
8814	-1.131672e+03
8815	-1.127669e+03
8816	-1.117332e+03
8817	-1.127537e+03
8818	-1.126997e+03
8819	-1.144291e+03
8820	-1.128796e+03
8821	-1.134491e+03
8822	-1.114236e+03
8823	-1.124676e+03
8824	-1.120512e+03
8825	-1.133259e+03
8826	-1.141835e+03
8827	-1.141342e+03
8828	-1.130922e+03
8829	-1.119745e+03
8830	-1.155694e+03
8831	-1.126523e+03
8832	-1.142813e+03
8833	-1.137059e+03
8834	-1.137578e+03
8835	-1.122064e+03
8836	-1.140002e+03
8837	-1.132924e+03
8838	-1.116255e+03
8839	-1.131892e+03
8840	-1.139494e+03
8841	-1.140299e+03
8842	-1.136897e+03
8843	-1.126885e+03
8844	-1.127855e+03
8845	-1.131337e+03
8846	-1.134418e+03
8847	-1.149447e+03
8848	-1.140368e+03
8849	-1.109124e+03
8850	-1.125491e+03
8851	-1.151239e+03
8852	-1.141082e+03
8853	-1.143659e+03
8854	-1.122419e+03
8855	-1.129990e+03
8856	-1.116268e+03
8857	-1.118091e+03
8858	-1.132875e+03
8859	-1.132505e+03
8860	-1.118989e+03
8861	-1.106749e+03
8862	-1.108323e+03
8863	-1.122371e+03
8864	-1.117624e+03
8865	-1.150297e+03
8866	-1.109950e+03
8867	-1.130772e+03
8868	-1.114753e+03
8869	-1.150550e+03
8870	-1.120271e+03
8871	-1.130019e+03
8872	-1.122031e+03
8873	-1.154812e+03
8874	-1.126422e+03
8875	-1.109126e+03
8876	-1.127647e+03
8877	-1.135414e+03
8878	-1.127534e+03
8879	-1.132723e+03
8880	-1.131129e+03
8881	-1.111657e+03
8882	-1.140662e+03
8883	-1.117148e+03
8884	-1.136090e+03
8885	-1.142416e+03
8886	-1.129740e+03
8887	-1.133180e+03
8888	-1.119740e+03
8889	-1.148869e+03
8890	-1.122324e+03
8891	-1.126060e+03
8892	-1.133092e+03
8893	-1.144888e+03
8894	-1.120493e+03
8895	-1.143630e+03
8896	-1.118767e+03
8897	-1.141142e+03
8898	-1.130631e+03
8899	-1.130994e+03
8900	-1.142510e+03
8901	-1.124659e+03
8902	-1.134425e+03
8903	-1.146768e+03
8904	-1.124749e+03
8905	-1.117356e+03
8906	-1.121145e+03
8907	-1.122774e+03
8908	-1.149269e+03
8909	-1.137139e+03
8910	-1.112133e+03
8911	-1.132857e+03
8912	-1.129011e+03
8913	-1.139225e+03
8914	-1.121934e+03
8915	-1.109879e+03
8916	-1.130510e+03
8917	-1.138760e+03
8918	-1.124942e+03
8919	-1.130296e+03
8920	-1.133679e+03
8921	-1.143139e+03
8922	-1.120550e+03
8923	-1.135711e+03
8924	-1.127400e+03
8925	-1.134459e+03
8926	-1.134247e+03
8927	-1.119659e+03
8928	-1.126754e+03
8929	-1.125449e+03
8930	-1.115797e+03
8931	-1.131313e+03
8932	-1.111123e+03
8933	-1.129186e+03
8934	-1.134776e+03
8935	-1.149964e+03
8936	-1.145227e+03
8937	-1.134387e+03
8938	-1.104475e+03
8939	-1.134075e+03
8940	-1.113691e+03
8941	-1.149235e+03
8942	-1.128814e+03
8943	-1.120100e+03
8944	-1.110439e+03
8945	-1.141768e+03
8946	-1.128250e+03
8947	-1.113067e+03
8948	-1.137927e+03
8949	-1.119963e+03
8950	-1.139966e+03
8951	-1.112819e+03
8952	-1.124734e+03
8953	-1.129100e+03
8954	-1.129869e+03
8955	-1.120008e+03
8956	-1.145080e+03
8957	-1.144749e+03
8958	-1.125475e+03
8959	-1.148257e+03
8960	-1.126180e+03
8961	-1.131288e+03
8962	-1.111238e+03
8963	-1.119486e+03
8964	-1.151099e+03
8965	-1.144280e+03
8966	-1.140560e+03
8967	-1.121440e+03
8968	-1.123003e+03
8969	-1.120562e+03
8970	-1.136523e+03
8971	-1.142666e+03
8972	-1.131208e+03
8973	-1.143114e+03
8974	-1.111521e+03
8975	-1.144734e+03
8976	-1.122468e+03
8977	-1.115944e+03
8978	-1.135097e+03
8979	-1.151194e+03
8980	-1.133846e+03
8981	-1.136736e+03
8982	-1.127348e+03
8983	-1.125916e+03
8984	-1.130986e+03
8985	-1.157181e+03
8986	-1.125036e+03
8987	-1.120387e+03
8988	-1.113623e+03
8989	-1.142627e+03
8990	-1.134183e+03
8991	-1.131881e+03
8992	-1.134317e+03
8993	-1.129447e+03
8994	-1.143666e+03
8995	-1.134911e+03
8996	-1.132656e+03
8997	-1.121832e+03
8998	-1.131163e+03
8999	-1.138175e+03
9000	-1.125811e+03
9001	-1.136876e+03
9002	-1.149497e+03
9003	-1.123994e+03
9004	-1.146466e+03
9005	-1.139236e+03
9006	-1.152435e+03
9007	-1.132454e+03
9008	-1.138621e+03
9009	-1.118475e+03
9010	-1.122303e+03
9011	-1.134923e+03
9012	-1.126788e+03
9013	-1.146535e+03
9014	-1.132803e+03
9015	-1.144605e+03
9016	-1.121924e+03
9017	-1.132219e+03
9018	-1.120543e+03
9019	-1.125044e+03
9020	-1.151792e+03
9021	-1.130523e+03
9022	-1.112324e+03
9023	-1.124109e+03
9024	-1.145677e+03
9025	-1.139405e+03
9026	-1.124817e+03
9027	-1.124970e+03
9028	-1.131839e+03
9029	-1.142511e+03
9030	-1.131687e+03
9031	-1.110049e+03
9032	-1.138276e+03
9033	-1.148040e+03
9034	-1.134031e+03
9035	-1.120976e+03
9036	-1.112457e+03
9037	-1.149465e+03
9038	-1.130745e+03
9039	-1.134644e+03
9040	-1.121691e+03
9041	-1.139994e+03
9042	-1.138007e+03
9043	-1.133678e+03
9044	-1.138782e+03
9045	-1.144881e+03
9046	-1.141926e+03
9047	-1.121529e+03
9048	-1.112125e+03
9049	-1.139412e+03
9050	-1.146636e+03
9051	-1.113536e+03
9052	-1.117663e+03
9053	-1.126595e+03
9054	-1.142267e+03
9055	-1.108328e+03
9056	-1.124568e+03
9057	-1.140773e+03
9058	-1.112177e+03
9059	-1.121590e+03
9060	-1.126167e+03
9061	-1.138267e+03
9062	-1.128957e+03
9063	-1.126874e+03
9064	-1.124658e+03
9065	-1.135908e+03
9066	-1.120227e+03
9067	-1.128003e+03
9068	-1.118069e+03
9069	-1.136517e+03
9070	-1.123522e+03
9071	-1.115840e+03
9072	-1.123447e+03
9073	-1.107413e+03
9074	-1.103265e+03
9075	-1.108489e+03
9076	-1.134137e+03
9077	-1.139411e+03
9078	-1.127455e+03
9079	-1.124167e+03
9080	-1.122029e+03
9081	-1.135309e+03
9082	-1.127986e+03
9083	-1.128076e+03
9084	-1.130080e+03
9085	-1.111488e+03
9086	-1.123625e+03
9087	-1.119616e+03
9088	-1.118001e+03
9089	-1.135042e+03
9090	-1.124891e+03
9091	-1.132765e+03
9092	-1.124493e+03
9093	-1.121771e+03
9094	-1.124157e+03
9095	-1.118921e+03
9096	-1.136474e+03
9097	-1.132518e+03
9098	-1.109110e+03
9099	-1.119246e+03
9100	-1.124092e+03
9101	-1.136191e+03
9102	-1.136547e+03
9103	-1.134733e+03
9104	-1.129317e+03
9105	-1.129131e+03
9106	-1.137491e+03
9107	-1.109213e+03
9108	-1.119892e+03
9109	-1.121704e+03
9110	-1.135936e+03
9111	-1.153814e+03
9112	-1.142231e+03
9113	-1.147979e+03
9114	-1.132844e+03
9115	-1.133830e+03
9116	-1.131590e+03
9117	-1.103626e+03
9118	-1.133319e+03
9119	-1.133612e+03
9120	-1.141629e+03
9121	-1.128830e+03
9122	-1.133133e+03
9123	-1.125642e+03
9124	-1.141270e+03
9125	-1.136075e+03
9126	-1.126550e+03
9127	-1.132491e+03
9128	-1.116583e+03
9129	-1.138595e+03
9130	-1.127890e+03
9131	-1.138934e+03
9132	-1.139674e+03
9133	-1.139321e+03
9134	-1.146970e+03
9135	-1.141142e+03
9136	-1.115928e+03
9137	-1.141585e+03
9138	-1.119882e+03
9139	-1.129428e+03
9140	-1.134499e+03
9141	-1.133994e+03
9142	-1.135845e+03
9143	-1.121903e+03
9144	-1.127369e+03
9145	-1.109240e+03
9146	-1.135452e+03
9147	-1.120785e+03
9148	-1.127435e+03
9149	-1.110299e+03
9150	-1.115028e+03
9151	-1.120095e+03
9152	-1.142716e+03
9153	-1.116703e+03
9154	-1.118782e+03
9155	-1.133826e+03
9156	-1.124228e+03
9157	-1.128076e+03
9158	-1.118692e+03
9159	-1.132314e+03
9160	-1.131527e+03
9161	-1.103768e+03
9162	-1.148970e+03
9163	-1.117728e+03
9164	-1.113904e+03
9165	-1.117064e+03
9166	-1.132946e+03
9167	-1.137324e+03
9168	-1.139563e+03
9169	-1.113726e+03
9170	-1.147459e+03
9171	-1.122900e+03
9172	-1.136990e+03
9173	-1.126996e+03
9174	-1.124903e+03
9175	-1.135604e+03
9176	-1.132935e+03
9177	-1.127424e+03
9178	-1.128581e+03
9179	-1.121792e+03
9180	-1.124194e+03
9181	-1.123459e+03
9182	-1.124084e+03
9183	-1.129090e+03
9184	-1.134959e+03
9185	-1.127992e+03
9186	-1.106484e+03
9187	-1.127256e+03
9188	-1.129058e+03
9189	-1.127409e+03
9190	-1.124227e+03
9191	-1.115927e+03
9192	-1.128827e+03
9193	-1.122401e+03
9194	-1.141087e+03
9195	-1.139385e+03
9196	-1.107484e+03
9197	-1.120262e+03
9198	-1.126478e+03
9199	-1.132415e+03
9200	-1.126844e+03
9201	-1.122313e+03
9202	-1.096209e+03
9203	-1.134867e+03
9204	-1.141320e+03
9205	-1.140437e+03
9206	-1.141081e+03
9207	-1.130185e+03
9208	-1.135042e+03
9209	-1.123726e+03
9210	-1.151342e+03
9211	-1.106827e+03
9212	-1.121642e+03
9213	-1.151812e+03
9214	-1.137049e+03
9215	-1.145736e+03
9216	-1.114482e+03
9217	-1.115611e+03
9218	-1.153054e+03
9219	-1.140720e+03
9220	-1.130704e+03
9221	-1.135877e+03
9222	-1.143469e+03
9223	-1.124121e+03
9224	-1.134771e+03
9225	-1.142052e+03
9226	-1.118468e+03
9227	-1.132370e+03
9228	-1.125162e+03
9229	-1.115722e+03
9230	-1.119476e+03
9231	-1.115409e+03
9232	-1.138412e+03
9233	-1.132605e+03
9234	-1.140515e+03
9235	-1.133756e+03
9236	-1.111454e+03
9237	-1.109837e+03
9238	-1.143722e+03
9239	-1.124053e+03
9240	-1.126300e+03
9241	-1.126741e+03
9242	-1.130843e+03
9243	-1.137325e+03
9244	-1.122023e+03
9245	-1.122862e+03
9246	-1.120401e+03
9247	-1.136534e+03
9248	-1.128064e+03
9249	-1.131931e+03
9250	-1.107401e+03
9251	-1.128848e+03
9252	-1.132949e+03
9253	-1.128354e+03
9254	-1.129068e+03
9255	-1.103967e+03
9256	-1.118908e+03
9257	-1.140429e+03
9258	-1.127162e+03
9259	-1.144842e+03
9260	-1.120025e+03
9261	-1.095996e+03
9262	-1.128658e+03
9263	-1.110359e+03
9264	-1.145116e+03
9265	-1.132676e+03
9266	-1.132734e+03
9267	-1.145002e+03
9268	-1.143728e+03
9269	-1.115532e+03
9270	-1.139108e+03
9271	-1.124514e+03
9272	-1.154777e+03
9273	-1.134694e+03
9274	-1.151704e+03
9275	-1.125095e+03
9276	-1.144957e+03
9277	-1.125021e+03
9278	-1.131398e+03
9279	-1.119440e+03
9280	-1.129558e+03
9281	-1.146244e+03
9282	-1.121261e+03
9283	-1.147219e+03
9284	-1.124858e+03
9285	-1.145002e+03
9286	-1.130200e+03
9287	-1.130677e+03
9288	-1.127688e+03
9289	-1.142139e+03
9290	-1.137189e+03
9291	-1.113038e+03
9292	-1.142633e+03
9293	-1.136050e+03
9294	-1.130670e+03
9295	-1.137468e+03
9296	-1.147501e+03
9297	-1.131671e+03
9298	-1.125387e+03
9299	-1.129119e+03
9300	-1.101217e+03
9301	-1.128123e+03
9302	-1.131483e+03
9303	-1.135838e+03
9304	-1.144302e+03
9305	-1.135758e+03
9306	-1.107940e+03
9307	-1.124564e+03
9308	-1.098112e+03
9309	-1.124595e+03
9310	-1.125798e+03
9311	-1.125662e+03
9312	-1.140526e+03
9313	-1.134711e+03
9314	-1.139299e+03
9315	-1.114099e+03
9316	-1.129294e+03
9317	-1.126094e+03
9318	-1.128292e+03
9319	-1.135048e+03
9320	-1.125001e+03
9321	-1.142658e+03
9322	-1.109485e+03
9323	-1.121965e+03
9324	-1.128447e+03
9325	-1.138895e+03
9326	-1.131096e+03
9327	-1.143832e+03
9328	-1.142237e+03
9329	-1.129178e+03
9330	-1.128158e+03
9331	-1.131597e+03
9332	-1.131932e+03
9333	-1.131314e+03
9334	-1.143776e+03
9335	-1.132028e+03
9336	-1.128816e+03
9337	-1.139091e+03
9338	-1.125432e+03
9339	-1.144839e+03
9340	-1.106363e+03
9341	-1.140684e+03
9342	-1.140167e+03
9343	-1.125028e+03
9344	-1.119908e+03
9345	-1.130730e+03
9346	-1.122675e+03
9347	-1.138717e+03
9348	-1.136750e+03
9349	-1.124947e+03
9350	-1.154376e+03
9351	-1.115943e+03
9352	-1.112170e+03
9353	-1.140141e+03
9354	-1.138254e+03
9355	-1.124750e+03
9356	-1.109642e+03
9357	-1.125628e+03
9358	-1.144200e+03
9359	-1.119150e+03
9360	-1.118439e+03
9361	-1.141823e+03
9362	-1.142921e+03
9363	-1.125579e+03
9364	-1.130101e+03
9365	-1.142580e+03
9366	-1.139629e+03
9367	-1.135327e+03
9368	-1.133544e+03
9369	-1.131336e+03
9370	-1.127803e+03
9371	-1.127665e+03
9372	-1.132431e+03
9373	-1.129827e+03
9374	-1.114841e+03
9375	-1.124700e+03
9376	-1.133965e+03
9377	-1.132725e+03
9378	-1.113009e+03
9379	-1.154583e+03
9380	-1.130470e+03
9381	-1.133287e+03
9382	-1.140352e+03
9383	-1.128722e+03
9384	-1.131124e+03
9385	-1.126651e+03
9386	-1.138193e+03
9387	-1.158955e+03
9388	-1.129351e+03
9389	-1.149539e+03
9390	-1.140725e+03
9391	-1.135371e+03
9392	-1.110557e+03
9393	-1.133796e+03
9394	-1.124012e+03
9395	-1.135620e+03
9396	-1.139852e+03
9397	-1.110472e+03
9398	-1.132768e+03
9399	-1.143623e+03
9400	-1.134845e+03
9401	-1.132433e+03
9402	-1.122230e+03
9403	-1.120546e+03
9404	-1.121948e+03
9405	-1.115727e+03
9406	-1.126754e+03
9407	-1.125791e+03
9408	-1.127794e+03
9409	-1.140885e+03
9410	-1.139250e+03
9411	-1.133293e+03
9412	-1.121804e+03
9413	-1.129625e+03
9414	-1.113878e+03
9415	-1.112266e+03
9416	-1.127871e+03
9417	-1.142744e+03
9418	-1.123411e+03
9419	-1.124302e+03
9420	-1.130053e+03
9421	-1.118125e+03
9422	-1.114486e+03
9423	-1.143532e+03
9424	-1.110544e+03
9425	-1.137794e+03
9426	-1.122900e+03
9427	-1.118916e+03
9428	-1.121116e+03
9429	-1.120704e+03
9430	-1.145496e+03
9431	-1.120703e+03
9432	-1.137371e+03
9433	-1.127612e+03
9434	-1.119685e+03
9435	-1.136287e+03
9436	-1.117102e+03
9437	-1.129425e+03
9438	-1.146643e+03
9439	-1.133300e+03
9440	-1.143759e+03
9441	-1.138135e+03
9442	-1.119507e+03
9443	-1.124826e+03
9444	-1.133897e+03
9445	-1.122327e+03
9446	-1.149610e+03
9447	-1.135448e+03
9448	-1.133748e+03
9449	-1.156518e+03
9450	-1.127993e+03
9451	-1.128077e+03
9452	-1.146082e+03
9453	-1.118229e+03
9454	-1.152323e+03
9455	-1.131563e+03
9456	-1.134181e+03
9457	-1.129125e+03
9458	-1.141660e+03
9459	-1.127632e+03
9460	-1.105669e+03
9461	-1.118072e+03
9462	-1.112839e+03
9463	-1.107740e+03
9464	-1.136063e+03
9465	-1.153197e+03
9466	-1.124555e+03
9467	-1.117789e+03
9468	-1.118493e+03
9469	-1.122115e+03
9470	-1.133046e+03
9471	-1.129790e+03
9472	-1.121862e+03
9473	-1.141623e+03
9474	-1.148348e+03
9475	-1.121085e+03
9476	-1.129064e+03
9477	-1.135600e+03
9478	-1.119214e+03
9479	-1.127017e+03
9480	-1.113889e+03
9481	-1.145790e+03
9482	-1.104590e+03
9483	-1.116091e+03
9484	-1.128359e+03
9485	-1.146284e+03
9486	-1.127091e+03
9487	-1.124673e+03
9488	-1.135952e+03
9489	-1.146137e+03
9490	-1.139578e+03
9491	-1.148233e+03
9492	-1.127698e+03
9493	-1.153579e+03
9494	-1.124350e+03
9495	-1.126984e+03
9496	-1.137728e+03
9497	-1.134177e+03
9498	-1.135625e+03
9499	-1.118800e+03
9500	-1.116102e+03
9501	-1.149551e+03
9502	-1.107333e+03
9503	-1.127929e+03
9504	-1.136518e+03
9505	-1.132689e+03
9506	-1.128213e+03
9507	-1.132927e+03
9508	-1.138555e+03
9509	-1.131891e+03
9510	-1.121748e+03
9511	-1.129080e+03
9512	-1.136963e+03
9513	-1.162466e+03
9514	-1.124703e+03
9515	-1.150465e+03
9516	-1.120334e+03
9517	-1.131898e+03
9518	-1.137580e+03
9519	-1.133000e+03
9520	-1.118710e+03
9521	-1.126565e+03
9522	-1.130753e+03
9523	-1.130825e+03
9524	-1.123882e+03
9525	-1.127671e+03
9526	-1.139224e+03
9527	-1.134487e+03
9528	-1.102162e+03
9529	-1.116107e+03
9530	-1.114871e+03
9531	-1.135827e+03
9532	-1.121970e+03
9533	-1.130498e+03
9534	-1.117281e+03
9535	-1.113878e+03
9536	-1.126477e+03
9537	-1.110928e+03
9538	-1.133428e+03
9539	-1.129677e+03
9540	-1.141653e+03
9541	-1.128482e+03
9542	-1.140410e+03
9543	-1.123740e+03
9544	-1.112628e+03
9545	-1.123151e+03
9546	-1.105097e+03
9547	-1.137425e+03
9548	-1.142476e+03
9549	-1.140020e+03
9550	-1.129867e+03
9551	-1.129452e+03
9552	-1.136054e+03
9553	-1.150462e+03
9554	-1.138302e+03
9555	-1.132945e+03
9556	-1.138245e+03
9557	-1.126787e+03
9558	-1.132296e+03
9559	-1.103837e+03
9560	-1.116445e+03
9561	-1.144493e+03
9562	-1.129278e+03
9563	-1.109348e+03
9564	-1.138912e+03
9565	-1.134543e+03
9566	-1.140029e+03
9567	-1.114986e+03
9568	-1.121709e+03
9569	-1.119798e+03
9570	-1.134292e+03
9571	-1.117327e+03
9572	-1.117086e+03
9573	-1.122197e+03
9574	-1.134947e+03
9575	-1.144042e+03
9576	-1.139829e+03
9577	-1.124736e+03
9578	-1.142234e+03
9579	-1.127136e+03
9580	-1.129969e+03
9581	-1.112419e+03
9582	-1.111144e+03
9583	-1.113104e+03
9584	-1.141375e+03
9585	-1.099929e+03
9586	-1.144484e+03
9587	-1.144936e+03
9588	-1.132436e+03
9589	-1.120058e+03
9590	-1.120664e+03
9591	-1.146303e+03
9592	-1.120234e+03
9593	-1.133564e+03
9594	-1.136392e+03
9595	-1.108852e+03
9596	-1.109204e+03
9597	-1.123672e+03
9598	-1.135399e+03
9599	-1.124079e+03
9600	-1.121972e+03
9601	-1.113054e+03
9602	-1.127588e+03
9603	-1.145312e+03
9604	-1.127859e+03
9605	-1.124389e+03
9606	-1.120156e+03
9607	-1.126551e+03
9608	-1.122435e+03
9609	-1.128064e+03
9610	-1.145361e+03
9611	-1.135435e+03
9612	-1.134659e+03
9613	-1.127590e+03
9614	-1.142547e+03
9615	-1.142595e+03
9616	-1.122447e+03
9617	-1.146178e+03
9618	-1.106052e+03
9619	-1.128702e+03
9620	-1.142897e+03
9621	-1.135176e+03
9622	-1.141460e+03
9623	-1.142697e+03
9624	-1.130481e+03
9625	-1.143232e+03
9626	-1.135117e+03
9627	-1.148904e+03
9628	-1.129623e+03
9629	-1.139866e+03
9630	-1.130669e+03
9631	-1.151917e+03
9632	-1.132659e+03
9633	-1.123985e+03
9634	-1.116366e+03
9635	-1.121519e+03
9636	-1.142171e+03
9637	-1.130357e+03
9638	-1.133993e+03
9639	-1.124139e+03
9640	-1.135556e+03
9641	-1.137143e+03
9642	-1.113934e+03
9643	-1.117026e+03
9644	-1.118103e+03
9645	-1.129126e+03
9646	-1.118773e+03
9647	-1.123675e+03
9648	-1.133515e+03
9649	-1.133443e+03
9650	-1.108113e+03
9651	-1.133689e+03
9652	-1.138685e+03
9653	-1.136776e+03
9654	-1.114876e+03
9655	-1.118890e+03
9656	-1.129994e+03
9657	-1.123523e+03
9658	-1.129121e+03
9659	-1.135058e+03
9660	-1.138697e+03
9661	-1.122518e+03
9662	-1.141776e+03
9663	-1.122959e+03
9664	-1.143442e+03
9665	-1.126464e+03
9666	-1.140233e+03
9667	-1.111713e+03
9668	-1.132432e+03
9669	-1.139251e+03
9670	-1.139604e+03
9671	-1.121719e+03
9672	-1.122186e+03
9673	-1.138219e+03
9674	-1.131591e+03
9675	-1.139834e+03
9676	-1.148306e+03
9677	-1.153184e+03
9678	-1.129697e+03
9679	-1.140566e+03
9680	-1.122041e+03
9681	-1.108100e+03
9682	-1.127367e+03
9683	-1.122474e+03
9684	-1.136090e+03
9685	-1.124861e+03
9686	-1.129183e+03
9687	-1.132056e+03
9688	-1.118743e+03
9689	-1.125775e+03
9690	-1.110611e+03
9691	-1.142333e+03
9692	-1.137192e+03
9693	-1.139823e+03
9694	-1.125166e+03
9695	-1.154911e+03
9696	-1.125654e+03
9697	-1.126419e+03
9698	-1.130568e+03
9699	-1.117864e+03
9700	-1.130151e+03
9701	-1.122310e+03
9702	-1.120183e+03
9703	-1.122878e+03
9704	-1.139144e+03
9705	-1.149161e+03
9706	-1.124524e+03
9707	-1.116285e+03
9708	-1.133440e+03
9709	-1.127491e+03
9710	-1.105257e+03
9711	-1.125396e+03
9712	-1.114062e+03
9713	-1.120619e+03
9714	-1.122962e+03
9715	-1.121662e+03
9716	-1.130662e+03
9717	-1.123670e+03
9718	-1.139245e+03
9719	-1.140398e+03
9720	-1.144425e+03
9721	-1.126575e+03
9722	-1.132526e+03
9723	-1.135742e+03
9724	-1.144691e+03
9725	-1.137696e+03
9726	-1.154469e+03
9727	-1.140334e+03
9728	-1.141712e+03
9729	-1.143157e+03
9730	-1.105950e+03
9731	-1.141458e+03
9732	-1.121122e+03
9733	-1.147662e+03
9734	-1.121056e+03
9735	-1.127468e+03
9736	-1.113399e+03
9737	-1.146873e+03
9738	-1.147081e+03
9739	-1.148173e+03
9740	-1.119371e+03
9741	-1.136060e+03
9742	-1.130240e+03
9743	-1.135103e+03
9744	-1.137374e+03
9745	-1.130249e+03
9746	-1.139056e+03
9747	-1.132843e+03
9748	-1.143705e+03
9749	-1.112159e+03
9750	-1.116455e+03
9751	-1.137504e+03
9752	-1.131888e+03
9753	-1.129938e+03
9754	-1.129224e+03
9755	-1.117674e+03
9756	-1.133836e+03
9757	-1.136045e+03
9758	-1.139792e+03
9759	-1.128397e+03
9760	-1.127016e+03
9761	-1.136207e+03
9762	-1.134362e+03
9763	-1.132095e+03
9764	-1.126256e+03
9765	-1.129612e+03
9766	-1.153877e+03
9767	-1.140849e+03
9768	-1.137225e+03
9769	-1.133877e+03
9770	-1.120934e+03
9771	-1.136208e+03
9772	-1.102068e+03
9773	-1.121475e+03
9774	-1.119772e+03
9775	-1.128611e+03
9776	-1.141339e+03
9777	-1.138265e+03
9778	-1.130536e+03
9779	-1.146283e+03
9780	-1.110446e+03
9781	-1.104735e+03
9782	-1.146753e+03
9783	-1.135480e+03
9784	-1.137285e+03
9785	-1.133590e+03
9786	-1.111809e+03
9787	-1.123028e+03
9788	-1.119202e+03
9789	-1.154993e+03
9790	-1.127316e+03
9791	-1.119442e+03
9792	-1.136496e+03
9793	-1.109795e+03
9794	-1.129838e+03
9795	-1.133823e+03
9796	-1.120736e+03
9797	-1.128029e+03
9798	-1.120980e+03
9799	-1.127367e+03
9800	-1.141679e+03
9801	-1.121935e+03
9802	-1.123847e+03
9803	-1.121401e+03
9804	-1.132119e+03
9805	-1.163122e+03
9806	-1.118707e+03
9807	-1.140545e+03
9808	-1.121657e+03
9809	-1.129167e+03
9810	-1.129215e+03
9811	-1.123502e+03
9812	-1.107655e+03
9813	-1.140931e+03
9814	-1.130609e+03
9815	-1.134434e+03
9816	-1.150626e+03
9817	-1.130902e+03
9818	-1.134729e+03
9819	-1.157376e+03
9820	-1.128093e+03
9821	-1.130234e+03
9822	-1.145577e+03
9823	-1.112335e+03
9824	-1.141400e+03
9825	-1.126413e+03
9826	-1.141046e+03
9827	-1.131663e+03
9828	-1.126934e+03
9829	-1.114221e+03
9830	-1.134781e+03
9831	-1.126693e+03
9832	-1.132920e+03
9833	-1.122565e+03
9834	-1.114205e+03
9835	-1.136117e+03
9836	-1.144692e+03
9837	-1.128728e+03
9838	-1.112750e+03
9839	-1.129515e+03
9840	-1.135293e+03
9841	-1.135372e+03
9842	-1.122481e+03
9843	-1.102409e+03
9844	-1.123702e+03
9845	-1.134866e+03
9846	-1.119118e+03
9847	-1.110526e+03
9848	-1.138245e+03
9849	-1.139428e+03
9850	-1.119757e+03
9851	-1.122851e+03
9852	-1.138951e+03
9853	-1.141394e+03
9854	-1.122946e+03
9855	-1.147623e+03
9856	-1.126898e+03
9857	-1.133870e+03
9858	-1.132746e+03
9859	-1.121170e+03
9860	-1.116497e+03
9861	-1.122103e+03
9862	-1.148793e+03
9863	-1.135078e+03
9864	-1.122261e+03
9865	-1.122034e+03
9866	-1.116298e+03
9867	-1.128769e+03
9868	-1.128038e+03
9869	-1.126900e+03
9870	-1.131658e+03
9871	-1.139873e+03
9872	-1.120670e+03
9873	-1.123298e+03
9874	-1.133566e+03
9875	-1.126742e+03
9876	-1.120745e+03
9877	-1.144054e+03
9878	-1.120600e+03
9879	-1.137619e+03
9880	-1.129932e+03
9881	-1.139533e+03
9882	-1.127087e+03
9883	-1.140562e+03
9884	-1.125777e+03
9885	-1.114387e+03
9886	-1.118394e+03
9887	-1.113937e+03
9888	-1.131118e+03
9889	-1.138903e+03
9890	-1.130249e+03
9891	-1.102267e+03
9892	-1.125677e+03
9893	-1.141138e+03
9894	-1.125893e+03
9895	-1.155431e+03
9896	-1.124260e+03
9897	-1.124069e+03
9898	-1.123461e+03
9899	-1.121523e+03
9900	-1.116330e+03
9901	-1.133992e+03
9902	-1.125638e+03
9903	-1.150635e+03
9904	-1.136544e+03
9905	-1.111577e+03
9906	-1.137603e+03
9907	-1.132592e+03
9908	-1.140361e+03
9909	-1.122145e+03
9910	-1.135555e+03
9911	-1.112326e+03
9912	-1.135471e+03
9913	-1.119482e+03
9914	-1.136512e+03
9915	-1.148734e+03
9916	-1.127930e+03
9917	-1.129429e+03
9918	-1.129286e+03
9919	-1.130319e+03
9920	-1.135837e+03
9921	-1.148217e+03
9922	-1.116307e+03
9923	-1.127612e+03
9924	-1.111668e+03
9925	-1.122530e+03
9926	-1.131528e+03
9927	-1.127978e+03
9928	-1.144774e+03
9929	-1.126216e+03
9930	-1.109652e+03
9931	-1.131528e+03
9932	-1.122754e+03
9933	-1.130297e+03
9934	-1.122013e+03
9935	-1.120648e+03
9936	-1.133174e+03
9937	-1.150926e+03
9938	-1.127062e+03
9939	-1.129731e+03
9940	-1.140204e+03
9941	-1.133286e+03
9942	-1.109796e+03
9943	-1.144649e+03
9944	-1.120505e+03
9945	-1.133446e+03
9946	-1.118918e+03
9947	-1.141281e+03
9948	-1.134715e+03
9949	-1.124650e+03
9950	-1.116467e+03
9951	-1.107942e+03
9952	-1.132281e+03
9953	-1.107057e+03
9954	-1.157324e+03
9955	-1.130190e+03
9956	-1.127590e+03
9957	-1.148293e+03
9958	-1.114480e+03
9959	-1.125377e+03
9960	-1.125896e+03
9961	-1.126735e+03
9962	-1.110874e+03
9963	-1.143399e+03
9964	-1.120627e+03
9965	-1.145115e+03
9966	-1.127114e+03
9967	-1.126106e+03
9968	-1.111295e+03
9969	-1.132359e+03
9970	-1.148203e+03
9971	-1.108626e+03
9972	-1.106679e+03
9973	-1.138307e+03
9974	-1.135705e+03
9975	-1.131875e+03
9976	-1.124768e+03
9977	-1.133528e+03
9978	-1.126682e+03
9979	-1.116968e+03
9980	-1.113291e+03
9981	-1.133315e+03
9982	-1.128910e+03
9983	-1.118969e+03
9984	-1.134163e+03
9985	-1.126420e+03
9986	-1.131667e+03
9987	-1.127070e+03
9988	-1.138333e+03
9989	-1.135628e+03
9990	-1.118541e+03
9991	-1.115951e+03
9992	-1.144880e+03
9993	-1.123517e+03
9994	-1.111164e+03
9995	-1.118303e+03
9996	-1.126038e+03
9997	-1.142395e+03
9998	-1.138625e+03
9999	-1.113330e+03
10000	-1.149192e+03
