iteration	loss
0	0.000000e+00
1	-7.441956e+01
2	-1.449390e+02
3	-2.141032e+02
4	-2.740864e+02
5	-3.373972e+02
6	-3.922915e+02
7	-4.529538e+02
8	-5.039419e+02
9	-5.542279e+02
10	-6.013732e+02
11	-6.436773e+02
12	-6.830525e+02
13	-7.250038e+02
14	-7.612041e+02
15	-7.917223e+02
16	-8.386335e+02
17	-8.575353e+02
18	-8.938973e+02
19	-9.149146e+02
20	-9.281899e+02
21	-9.526334e+02
22	-9.750934e+02
23	-1.004661e+03
24	-1.016970e+03
25	-1.035658e+03
26	-1.026266e+03
27	-1.050189e+03
28	-1.060779e+03
29	-1.064364e+03
30	-1.079826e+03
31	-1.097120e+03
32	-1.116202e+03
33	-1.090959e+03
34	-1.088223e+03
35	-1.113270e+03
36	-1.093358e+03
37	-1.097972e+03
38	-1.124926e+03
39	-1.102794e+03
40	-1.129828e+03
41	-1.114404e+03
42	-1.111026e+03
43	-1.152382e+03
44	-1.114815e+03
45	-1.115296e+03
46	-1.116992e+03
47	-1.120685e+03
48	-1.119661e+03
49	-1.114534e+03
50	-1.147305e+03
51	-1.119193e+03
52	-1.111455e+03
53	-1.112840e+03
54	-1.126238e+03
55	-1.138639e+03
56	-1.133123e+03
57	-1.126930e+03
58	-1.139663e+03
59	-1.123877e+03
60	-1.122123e+03
61	-1.123115e+03
62	-1.139585e+03
63	-1.119261e+03
64	-1.132561e+03
65	-1.118781e+03
66	-1.124347e+03
67	-1.105372e+03
68	-1.125258e+03
69	-1.106662e+03
70	-1.130892e+03
71	-1.131432e+03
72	-1.126431e+03
73	-1.132861e+03
74	-1.130081e+03
75	-1.128694e+03
76	-1.129816e+03
77	-1.127034e+03
78	-1.127261e+03
79	-1.138774e+03
80	-1.144151e+03
81	-1.113374e+03
82	-1.132478e+03
83	-1.122219e+03
84	-1.118913e+03
85	-1.121684e+03
86	-1.120627e+03
87	-1.139633e+03
88	-1.103463e+03
89	-1.134985e+03
90	-1.136540e+03
91	-1.130277e+03
92	-1.132235e+03
93	-1.113388e+03
94	-1.122764e+03
95	-1.131000e+03
96	-1.125487e+03
97	-1.124424e+03
98	-1.136737e+03
99	-1.130306e+03
100	-1.104118e+03
101	-1.120251e+03
102	-1.112258e+03
103	-1.122767e+03
104	-1.132427e+03
105	-1.122808e+03
106	-1.129976e+03
107	-1.159918e+03
108	-1.119406e+03
109	-1.129370e+03
110	-1.142936e+03
111	-1.127105e+03
112	-1.133860e+03
113	-1.138052e+03
114	-1.130404e+03
115	-1.137201e+03
116	-1.129603e+03
117	-1.149457e+03
118	-1.134481e+03
119	-1.136083e+03
120	-1.147030e+03
121	-1.115304e+03
122	-1.138107e+03
123	-1.130602e+03
124	-1.135868e+03
125	-1.137750e+03
126	-1.124624e+03
127	-1.126733e+03
128	-1.137102e+03
129	-1.112177e+03
130	-1.141077e+03
131	-1.155984e+03
132	-1.121733e+03
133	-1.141413e+03
134	-1.124192e+03
135	-1.134180e+03
136	-1.120222e+03
137	-1.117307e+03
138	-1.134455e+03
139	-1.127440e+03
140	-1.127103e+03
141	-1.122105e+03
142	-1.133195e+03
143	-1.110973e+03
144	-1.112101e+03
145	-1.128230e+03
146	-1.126834e+03
147	-1.138036e+03
148	-1.114686e+03
149	-1.134984e+03
150	-1.135360e+03
151	-1.109443e+03
152	-1.143033e+03
153	-1.120933e+03
154	-1.137804e+03
155	-1.137233e+03
156	-1.139113e+03
157	-1.129897e+03
158	-1.130323e+03
159	-1.131950e+03
160	-1.124325e+03
161	-1.140055e+03
162	-1.115866e+03
163	-1.119862e+03
164	-1.130608e+03
165	-1.145098e+03
166	-1.128334e+03
167	-1.131850e+03
168	-1.102895e+03
169	-1.144782e+03
170	-1.134136e+03
171	-1.118103e+03
172	-1.115766e+03
173	-1.126548e+03
174	-1.105581e+03
175	-1.114279e+03
176	-1.133746e+03
177	-1.120067e+03
178	-1.129043e+03
179	-1.148875e+03
180	-1.131663e+03
181	-1.143078e+03
182	-1.129009e+03
183	-1.127989e+03
184	-1.125572e+03
185	-1.133179e+03
186	-1.118465e+03
187	-1.119790e+03
188	-1.125833e+03
189	-1.102029e+03
190	-1.131572e+03
191	-1.120946e+03
192	-1.131534e+03
193	-1.107513e+03
194	-1.132057e+03
195	-1.138428e+03
196	-1.130937e+03
197	-1.129117e+03
198	-1.105768e+03
199	-1.117861e+03
200	-1.116330e+03
201	-1.136289e+03
202	-1.127945e+03
203	-1.136586e+03
204	-1.143378e+03
205	-1.122822e+03
206	-1.106534e+03
207	-1.147552e+03
208	-1.142758e+03
209	-1.130727e+03
210	-1.132585e+03
211	-1.132702e+03
212	-1.143291e+03
213	-1.134084e+03
214	-1.120513e+03
215	-1.135057e+03
216	-1.121888e+03
217	-1.114044e+03
218	-1.123377e+03
219	-1.142872e+03
220	-1.137846e+03
221	-1.117778e+03
222	-1.132565e+03
223	-1.127231e+03
224	-1.114985e+03
225	-1.132122e+03
226	-1.133072e+03
227	-1.097821e+03
228	-1.130735e+03
229	-1.120687e+03
230	-1.123112e+03
231	-1.144470e+03
232	-1.133253e+03
233	-1.150690e+03
234	-1.123124e+03
235	-1.133521e+03
236	-1.126718e+03
237	-1.121781e+03
238	-1.113756e+03
239	-1.134422e+03
240	-1.133721e+03
241	-1.129017e+03
242	-1.108320e+03
243	-1.132440e+03
244	-1.103369e+03
245	-1.107583e+03
246	-1.142101e+03
247	-1.139858e+03
248	-1.119887e+03
249	-1.131675e+03
250	-1.126328e+03
251	-1.124938e+03
252	-1.117206e+03
253	-1.132295e+03
254	-1.137349e+03
255	-1.117912e+03
256	-1.123085e+03
257	-1.128347e+03
258	-1.129389e+03
259	-1.117321e+03
260	-1.145384e+03
261	-1.144544e+03
262	-1.138548e+03
263	-1.111077e+03
264	-1.125943e+03
265	-1.125107e+03
266	-1.138154e+03
267	-1.125921e+03
268	-1.136885e+03
269	-1.142500e+03
270	-1.137120e+03
271	-1.121671e+03
272	-1.137165e+03
273	-1.148744e+03
274	-1.144475e+03
275	-1.117668e+03
276	-1.135622e+03
277	-1.142607e+03
278	-1.137285e+03
279	-1.112875e+03
280	-1.137135e+03
281	-1.143805e+03
282	-1.141723e+03
283	-1.115381e+03
284	-1.126568e+03
285	-1.128563e+03
286	-1.128266e+03
287	-1.131240e+03
288	-1.128932e+03
289	-1.125682e+03
290	-1.105910e+03
291	-1.128818e+03
292	-1.109356e+03
293	-1.119309e+03
294	-1.124321e+03
295	-1.119382e+03
296	-1.117955e+03
297	-1.126424e+03
298	-1.125059e+03
299	-1.141281e+03
300	-1.118658e+03
301	-1.146885e+03
302	-1.130978e+03
303	-1.122225e+03
304	-1.129507e+03
305	-1.142763e+03
306	-1.122017e+03
307	-1.133213e+03
308	-1.128282e+03
309	-1.131310e+03
310	-1.120300e+03
311	-1.128651e+03
312	-1.120954e+03
313	-1.123223e+03
314	-1.135412e+03
315	-1.125583e+03
316	-1.121234e+03
317	-1.123710e+03
318	-1.128032e+03
319	-1.135540e+03
320	-1.116673e+03
321	-1.148194e+03
322	-1.136622e+03
323	-1.132844e+03
324	-1.141072e+03
325	-1.139743e+03
326	-1.122459e+03
327	-1.122630e+03
328	-1.125070e+03
329	-1.112684e+03
330	-1.125752e+03
331	-1.133621e+03
332	-1.149724e+03
333	-1.126225e+03
334	-1.138849e+03
335	-1.120953e+03
336	-1.138084e+03
337	-1.141757e+03
338	-1.127429e+03
339	-1.130585e+03
340	-1.119127e+03
341	-1.129767e+03
342	-1.129178e+03
343	-1.111392e+03
344	-1.138383e+03
345	-1.125327e+03
346	-1.129484e+03
347	-1.122423e+03
348	-1.136875e+03
349	-1.123709e+03
350	-1.128893e+03
351	-1.129619e+03
352	-1.139700e+03
353	-1.134764e+03
354	-1.139618e+03
355	-1.143551e+03
356	-1.125288e+03
357	-1.138687e+03
358	-1.127646e+03
359	-1.124312e+03
360	-1.121902e+03
361	-1.133543e+03
362	-1.125991e+03
363	-1.149718e+03
364	-1.129561e+03
365	-1.117709e+03
366	-1.114097e+03
367	-1.127982e+03
368	-1.128657e+03
369	-1.139511e+03
370	-1.132281e+03
371	-1.139859e+03
372	-1.140627e+03
373	-1.151845e+03
374	-1.163300e+03
375	-1.140477e+03
376	-1.130188e+03
377	-1.139793e+03
378	-1.131219e+03
379	-1.138042e+03
380	-1.125742e+03
381	-1.132977e+03
382	-1.128188e+03
383	-1.124827e+03
384	-1.130335e+03
385	-1.138680e+03
386	-1.138831e+03
387	-1.123052e+03
388	-1.108059e+03
389	-1.142856e+03
390	-1.134406e+03
391	-1.136972e+03
392	-1.124596e+03
393	-1.120497e+03
394	-1.126441e+03
395	-1.129488e+03
396	-1.109548e+03
397	-1.118310e+03
398	-1.115150e+03
399	-1.121571e+03
400	-1.140144e+03
401	-1.130055e+03
402	-1.132120e+03
403	-1.134846e+03
404	-1.129762e+03
405	-1.139173e+03
406	-1.137531e+03
407	-1.112769e+03
408	-1.124752e+03
409	-1.131946e+03
410	-1.134069e+03
411	-1.134502e+03
412	-1.141644e+03
413	-1.125306e+03
414	-1.138328e+03
415	-1.131578e+03
416	-1.106932e+03
417	-1.149298e+03
418	-1.134886e+03
419	-1.113854e+03
420	-1.123907e+03
421	-1.110525e+03
422	-1.132407e+03
423	-1.129400e+03
424	-1.129351e+03
425	-1.124091e+03
426	-1.142003e+03
427	-1.121570e+03
428	-1.133543e+03
429	-1.128347e+03
430	-1.131736e+03
431	-1.124875e+03
432	-1.133218e+03
433	-1.125252e+03
434	-1.126264e+03
435	-1.133723e+03
436	-1.129736e+03
437	-1.124457e+03
438	-1.125553e+03
439	-1.116952e+03
440	-1.131636e+03
441	-1.139306e+03
442	-1.130111e+03
443	-1.132460e+03
444	-1.123366e+03
445	-1.141418e+03
446	-1.139161e+03
447	-1.133412e+03
448	-1.123413e+03
449	-1.116120e+03
450	-1.137996e+03
451	-1.126451e+03
452	-1.142782e+03
453	-1.129026e+03
454	-1.160562e+03
455	-1.124825e+03
456	-1.134405e+03
457	-1.112675e+03
458	-1.124210e+03
459	-1.128973e+03
460	-1.137681e+03
461	-1.122073e+03
462	-1.147287e+03
463	-1.128230e+03
464	-1.122105e+03
465	-1.149298e+03
466	-1.119876e+03
467	-1.126338e+03
468	-1.117109e+03
469	-1.139123e+03
470	-1.143629e+03
471	-1.128421e+03
472	-1.129208e+03
473	-1.118228e+03
474	-1.122716e+03
475	-1.120875e+03
476	-1.144925e+03
477	-1.133668e+03
478	-1.132370e+03
479	-1.139151e+03
480	-1.131672e+03
481	-1.107663e+03
482	-1.117458e+03
483	-1.141378e+03
484	-1.136551e+03
485	-1.116294e+03
486	-1.104823e+03
487	-1.136541e+03
488	-1.135217e+03
489	-1.137521e+03
490	-1.122567e+03
491	-1.122062e+03
492	-1.149278e+03
493	-1.141528e+03
494	-1.144747e+03
495	-1.108502e+03
496	-1.142736e+03
497	-1.130391e+03
498	-1.132602e+03
499	-1.122708e+03
500	-1.110708e+03
501	-1.137477e+03
502	-1.135205e+03
503	-1.122700e+03
504	-1.139420e+03
505	-1.146727e+03
506	-1.116464e+03
507	-1.124687e+03
508	-1.150236e+03
509	-1.133156e+03
510	-1.126365e+03
511	-1.148871e+03
512	-1.131766e+03
513	-1.133106e+03
514	-1.124237e+03
515	-1.111291e+03
516	-1.115121e+03
517	-1.128053e+03
518	-1.118982e+03
519	-1.121558e+03
520	-1.134803e+03
521	-1.140991e+03
522	-1.129264e+03
523	-1.124136e+03
524	-1.106779e+03
525	-1.128889e+03
526	-1.120692e+03
527	-1.140991e+03
528	-1.124087e+03
529	-1.102696e+03
530	-1.118265e+03
531	-1.129986e+03
532	-1.144463e+03
533	-1.114659e+03
534	-1.138434e+03
535	-1.115180e+03
536	-1.107211e+03
537	-1.124347e+03
538	-1.141757e+03
539	-1.116448e+03
540	-1.136337e+03
541	-1.114909e+03
542	-1.128294e+03
543	-1.121441e+03
544	-1.132548e+03
545	-1.129408e+03
546	-1.139606e+03
547	-1.124315e+03
548	-1.130992e+03
549	-1.118020e+03
550	-1.121160e+03
551	-1.127550e+03
552	-1.128473e+03
553	-1.144203e+03
554	-1.107979e+03
555	-1.113547e+03
556	-1.139666e+03
557	-1.132710e+03
558	-1.141161e+03
559	-1.124992e+03
560	-1.118211e+03
561	-1.138687e+03
562	-1.135313e+03
563	-1.122677e+03
564	-1.129275e+03
565	-1.146391e+03
566	-1.148126e+03
567	-1.120183e+03
568	-1.129386e+03
569	-1.114839e+03
570	-1.145693e+03
571	-1.140817e+03
572	-1.101146e+03
573	-1.134201e+03
574	-1.112863e+03
575	-1.128189e+03
576	-1.123113e+03
577	-1.126236e+03
578	-1.115508e+03
579	-1.133020e+03
580	-1.128276e+03
581	-1.147219e+03
582	-1.118381e+03
583	-1.110718e+03
584	-1.114514e+03
585	-1.136739e+03
586	-1.132732e+03
587	-1.119044e+03
588	-1.134100e+03
589	-1.135807e+03
590	-1.137894e+03
591	-1.111161e+03
592	-1.114089e+03
593	-1.134238e+03
594	-1.147703e+03
595	-1.118756e+03
596	-1.125683e+03
597	-1.104771e+03
598	-1.121480e+03
599	-1.117040e+03
600	-1.139062e+03
601	-1.137352e+03
602	-1.118166e+03
603	-1.140798e+03
604	-1.126706e+03
605	-1.140172e+03
606	-1.117245e+03
607	-1.127438e+03
608	-1.124477e+03
609	-1.134296e+03
610	-1.128831e+03
611	-1.131759e+03
612	-1.103605e+03
613	-1.128208e+03
614	-1.122835e+03
615	-1.122688e+03
616	-1.148453e+03
617	-1.136432e+03
618	-1.128966e+03
619	-1.132553e+03
620	-1.114056e+03
621	-1.128216e+03
622	-1.139254e+03
623	-1.132634e+03
624	-1.142762e+03
625	-1.133082e+03
626	-1.133753e+03
627	-1.129817e+03
628	-1.134290e+03
629	-1.126403e+03
630	-1.131338e+03
631	-1.130475e+03
632	-1.140416e+03
633	-1.122092e+03
634	-1.123112e+03
635	-1.133214e+03
636	-1.116144e+03
637	-1.140612e+03
638	-1.112380e+03
639	-1.126878e+03
640	-1.115851e+03
641	-1.137710e+03
642	-1.133709e+03
643	-1.136025e+03
644	-1.132749e+03
645	-1.140470e+03
646	-1.130803e+03
647	-1.122966e+03
648	-1.121138e+03
649	-1.146763e+03
650	-1.121547e+03
651	-1.133091e+03
652	-1.114341e+03
653	-1.130641e+03
654	-1.135372e+03
655	-1.132179e+03
656	-1.123655e+03
657	-1.115392e+03
658	-1.129502e+03
659	-1.114454e+03
660	-1.125507e+03
661	-1.133972e+03
662	-1.133219e+03
663	-1.155868e+03
664	-1.122580e+03
665	-1.121527e+03
666	-1.137512e+03
667	-1.105328e+03
668	-1.140231e+03
669	-1.127680e+03
670	-1.117462e+03
671	-1.126443e+03
672	-1.131751e+03
673	-1.120003e+03
674	-1.134264e+03
675	-1.138321e+03
676	-1.144296e+03
677	-1.121966e+03
678	-1.129562e+03
679	-1.120705e+03
680	-1.120325e+03
681	-1.131251e+03
682	-1.113264e+03
683	-1.127734e+03
684	-1.104356e+03
685	-1.103985e+03
686	-1.112138e+03
687	-1.125416e+03
688	-1.131753e+03
689	-1.133573e+03
690	-1.140776e+03
691	-1.133724e+03
692	-1.113549e+03
693	-1.113908e+03
694	-1.126234e+03
695	-1.141167e+03
696	-1.111497e+03
697	-1.122578e+03
698	-1.160802e+03
699	-1.134931e+03
700	-1.133005e+03
701	-1.135890e+03
702	-1.144296e+03
703	-1.138468e+03
704	-1.134089e+03
705	-1.118400e+03
706	-1.147060e+03
707	-1.140517e+03
708	-1.129437e+03
709	-1.135512e+03
710	-1.119816e+03
711	-1.118693e+03
712	-1.133481e+03
713	-1.123763e+03
714	-1.126655e+03
715	-1.135141e+03
716	-1.136701e+03
717	-1.120771e+03
718	-1.137855e+03
719	-1.129798e+03
720	-1.126325e+03
721	-1.126911e+03
722	-1.131278e+03
723	-1.117339e+03
724	-1.133298e+03
725	-1.144964e+03
726	-1.114225e+03
727	-1.129576e+03
728	-1.140136e+03
729	-1.121294e+03
730	-1.132985e+03
731	-1.125322e+03
732	-1.135063e+03
733	-1.127290e+03
734	-1.130966e+03
735	-1.128831e+03
736	-1.123302e+03
737	-1.125886e+03
738	-1.127190e+03
739	-1.142323e+03
740	-1.125261e+03
741	-1.146581e+03
742	-1.140942e+03
743	-1.122248e+03
744	-1.119016e+03
745	-1.131912e+03
746	-1.109034e+03
747	-1.148585e+03
748	-1.127076e+03
749	-1.116356e+03
750	-1.130089e+03
751	-1.129027e+03
752	-1.138895e+03
753	-1.137290e+03
754	-1.140705e+03
755	-1.132460e+03
756	-1.122251e+03
757	-1.142632e+03
758	-1.126201e+03
759	-1.124970e+03
760	-1.127874e+03
761	-1.107229e+03
762	-1.130309e+03
763	-1.132231e+03
764	-1.118181e+03
765	-1.130973e+03
766	-1.118831e+03
767	-1.122005e+03
768	-1.123130e+03
769	-1.144332e+03
770	-1.129101e+03
771	-1.152928e+03
772	-1.126129e+03
773	-1.129197e+03
774	-1.115461e+03
775	-1.123714e+03
776	-1.130999e+03
777	-1.134913e+03
778	-1.130141e+03
779	-1.130560e+03
780	-1.129364e+03
781	-1.110416e+03
782	-1.141338e+03
783	-1.133519e+03
784	-1.107290e+03
785	-1.127243e+03
786	-1.127390e+03
787	-1.133069e+03
788	-1.109866e+03
789	-1.145990e+03
790	-1.127048e+03
791	-1.125759e+03
792	-1.135333e+03
793	-1.131739e+03
794	-1.101761e+03
795	-1.105297e+03
796	-1.142241e+03
797	-1.148216e+03
798	-1.135960e+03
799	-1.131219e+03
800	-1.105274e+03
801	-1.131641e+03
802	-1.131329e+03
803	-1.121732e+03
804	-1.138393e+03
805	-1.122801e+03
806	-1.106139e+03
807	-1.119453e+03
808	-1.133336e+03
809	-1.116373e+03
810	-1.112500e+03
811	-1.144266e+03
812	-1.132687e+03
813	-1.119964e+03
814	-1.125288e+03
815	-1.144058e+03
816	-1.131711e+03
817	-1.115357e+03
818	-1.124326e+03
819	-1.116527e+03
820	-1.140929e+03
821	-1.121377e+03
822	-1.134778e+03
823	-1.116972e+03
824	-1.131080e+03
825	-1.125174e+03
826	-1.125180e+03
827	-1.108221e+03
828	-1.117837e+03
829	-1.099457e+03
830	-1.121519e+03
831	-1.116727e+03
832	-1.146755e+03
833	-1.144402e+03
834	-1.139335e+03
835	-1.132040e+03
836	-1.102804e+03
837	-1.131162e+03
838	-1.124620e+03
839	-1.139244e+03
840	-1.123584e+03
841	-1.115440e+03
842	-1.111203e+03
843	-1.122574e+03
844	-1.125623e+03
845	-1.114162e+03
846	-1.139000e+03
847	-1.110322e+03
848	-1.113037e+03
849	-1.128401e+03
850	-1.134299e+03
851	-1.125129e+03
852	-1.135594e+03
853	-1.140652e+03
854	-1.138563e+03
855	-1.121738e+03
856	-1.131261e+03
857	-1.129381e+03
858	-1.115887e+03
859	-1.122266e+03
860	-1.141135e+03
861	-1.126428e+03
862	-1.108211e+03
863	-1.119217e+03
864	-1.111850e+03
865	-1.142610e+03
866	-1.143051e+03
867	-1.142630e+03
868	-1.137173e+03
869	-1.129796e+03
870	-1.123007e+03
871	-1.127046e+03
872	-1.141942e+03
873	-1.129031e+03
874	-1.122841e+03
875	-1.138011e+03
876	-1.136244e+03
877	-1.122159e+03
878	-1.122245e+03
879	-1.136107e+03
880	-1.148966e+03
881	-1.116610e+03
882	-1.143613e+03
883	-1.141380e+03
884	-1.113907e+03
885	-1.116749e+03
886	-1.129796e+03
887	-1.124476e+03
888	-1.139454e+03
889	-1.114427e+03
890	-1.126050e+03
891	-1.145726e+03
892	-1.123264e+03
893	-1.137996e+03
894	-1.128003e+03
895	-1.139687e+03
896	-1.135318e+03
897	-1.130331e+03
898	-1.112317e+03
899	-1.146579e+03
900	-1.121803e+03
901	-1.112437e+03
902	-1.139950e+03
903	-1.120838e+03
904	-1.132969e+03
905	-1.139844e+03
906	-1.120554e+03
907	-1.142200e+03
908	-1.128515e+03
909	-1.122625e+03
910	-1.120594e+03
911	-1.136667e+03
912	-1.126191e+03
913	-1.133376e+03
914	-1.122918e+03
915	-1.123102e+03
916	-1.155209e+03
917	-1.123854e+03
918	-1.125619e+03
919	-1.119796e+03
920	-1.132067e+03
921	-1.124036e+03
922	-1.125787e+03
923	-1.123408e+03
924	-1.125816e+03
925	-1.139622e+03
926	-1.143448e+03
927	-1.121072e+03
928	-1.147983e+03
929	-1.109114e+03
930	-1.149369e+03
931	-1.120050e+03
932	-1.140239e+03
933	-1.134966e+03
934	-1.133677e+03
935	-1.158194e+03
936	-1.140459e+03
937	-1.126464e+03
938	-1.143151e+03
939	-1.116713e+03
940	-1.141576e+03
941	-1.134813e+03
942	-1.120124e+03
943	-1.118109e+03
944	-1.147349e+03
945	-1.131610e+03
946	-1.119783e+03
947	-1.144224e+03
948	-1.111409e+03
949	-1.134141e+03
950	-1.118294e+03
951	-1.150634e+03
952	-1.148994e+03
953	-1.145020e+03
954	-1.136270e+03
955	-1.135564e+03
956	-1.132112e+03
957	-1.140466e+03
958	-1.131677e+03
959	-1.127057e+03
960	-1.124028e+03
961	-1.132724e+03
962	-1.130251e+03
963	-1.123237e+03
964	-1.116173e+03
965	-1.131778e+03
966	-1.144554e+03
967	-1.140934e+03
968	-1.142154e+03
969	-1.122269e+03
970	-1.116068e+03
971	-1.124478e+03
972	-1.141207e+03
973	-1.127285e+03
974	-1.129151e+03
975	-1.107906e+03
976	-1.101494e+03
977	-1.125795e+03
978	-1.113775e+03
979	-1.131441e+03
980	-1.121743e+03
981	-1.142996e+03
982	-1.148191e+03
983	-1.097802e+03
984	-1.135619e+03
985	-1.141997e+03
986	-1.152702e+03
987	-1.137786e+03
988	-1.138923e+03
989	-1.128843e+03
990	-1.145994e+03
991	-1.136483e+03
992	-1.127118e+03
993	-1.126302e+03
994	-1.128034e+03
995	-1.129402e+03
996	-1.132864e+03
997	-1.138461e+03
998	-1.119979e+03
999	-1.130344e+03
1000	-1.117723e+03
1001	-1.129277e+03
1002	-1.132875e+03
1003	-1.132264e+03
1004	-1.146223e+03
1005	-1.115921e+03
1006	-1.131169e+03
1007	-1.114611e+03
1008	-1.137965e+03
1009	-1.137257e+03
1010	-1.090452e+03
1011	-1.134191e+03
1012	-1.130747e+03
1013	-1.126431e+03
1014	-1.141471e+03
1015	-1.123025e+03
1016	-1.127379e+03
1017	-1.126015e+03
1018	-1.122464e+03
1019	-1.121393e+03
1020	-1.113352e+03
1021	-1.138922e+03
1022	-1.131266e+03
1023	-1.118948e+03
1024	-1.135390e+03
1025	-1.128143e+03
1026	-1.129735e+03
1027	-1.117168e+03
1028	-1.104077e+03
1029	-1.128559e+03
1030	-1.121233e+03
1031	-1.104961e+03
1032	-1.139639e+03
1033	-1.134762e+03
1034	-1.137784e+03
1035	-1.121239e+03
1036	-1.142641e+03
1037	-1.137011e+03
1038	-1.152960e+03
1039	-1.115785e+03
1040	-1.121871e+03
1041	-1.139554e+03
1042	-1.137071e+03
1043	-1.139369e+03
1044	-1.118538e+03
1045	-1.121698e+03
1046	-1.153474e+03
1047	-1.118503e+03
1048	-1.142244e+03
1049	-1.119930e+03
1050	-1.127895e+03
1051	-1.147593e+03
1052	-1.154773e+03
1053	-1.136273e+03
1054	-1.130802e+03
1055	-1.130432e+03
1056	-1.150939e+03
1057	-1.141976e+03
1058	-1.136974e+03
1059	-1.133836e+03
1060	-1.145754e+03
1061	-1.128423e+03
1062	-1.128006e+03
1063	-1.134374e+03
1064	-1.141517e+03
1065	-1.141896e+03
1066	-1.110252e+03
1067	-1.151156e+03
1068	-1.126416e+03
1069	-1.135614e+03
1070	-1.113052e+03
1071	-1.128273e+03
1072	-1.123609e+03
1073	-1.133266e+03
1074	-1.132688e+03
1075	-1.146006e+03
1076	-1.127657e+03
1077	-1.119921e+03
1078	-1.129170e+03
1079	-1.143846e+03
1080	-1.150859e+03
1081	-1.128951e+03
1082	-1.123088e+03
1083	-1.126643e+03
1084	-1.136750e+03
1085	-1.114058e+03
1086	-1.139594e+03
1087	-1.130640e+03
1088	-1.129112e+03
1089	-1.134724e+03
1090	-1.117027e+03
1091	-1.141126e+03
1092	-1.115601e+03
1093	-1.122869e+03
1094	-1.126803e+03
1095	-1.128837e+03
1096	-1.130016e+03
1097	-1.124276e+03
1098	-1.142718e+03
1099	-1.132705e+03
1100	-1.134413e+03
1101	-1.112367e+03
1102	-1.126597e+03
1103	-1.139912e+03
1104	-1.121465e+03
1105	-1.138296e+03
1106	-1.153364e+03
1107	-1.142561e+03
1108	-1.121644e+03
1109	-1.125521e+03
1110	-1.119478e+03
1111	-1.119131e+03
1112	-1.136394e+03
1113	-1.116335e+03
1114	-1.120949e+03
1115	-1.142221e+03
1116	-1.132034e+03
1117	-1.115852e+03
1118	-1.124556e+03
1119	-1.114445e+03
1120	-1.136921e+03
1121	-1.129840e+03
1122	-1.137405e+03
1123	-1.123122e+03
1124	-1.130833e+03
1125	-1.131880e+03
1126	-1.119361e+03
1127	-1.127272e+03
1128	-1.122724e+03
1129	-1.138450e+03
1130	-1.124061e+03
1131	-1.106912e+03
1132	-1.110625e+03
1133	-1.146282e+03
1134	-1.137270e+03
1135	-1.118340e+03
1136	-1.141774e+03
1137	-1.152749e+03
1138	-1.124333e+03
1139	-1.112660e+03
1140	-1.128311e+03
1141	-1.119567e+03
1142	-1.138358e+03
1143	-1.122602e+03
1144	-1.132329e+03
1145	-1.146037e+03
1146	-1.129639e+03
1147	-1.124286e+03
1148	-1.120165e+03
1149	-1.145632e+03
1150	-1.133756e+03
1151	-1.143622e+03
1152	-1.117904e+03
1153	-1.109251e+03
1154	-1.139705e+03
1155	-1.150414e+03
1156	-1.126256e+03
1157	-1.145672e+03
1158	-1.126106e+03
1159	-1.122379e+03
1160	-1.131362e+03
1161	-1.127987e+03
1162	-1.132093e+03
1163	-1.146175e+03
1164	-1.141298e+03
1165	-1.140690e+03
1166	-1.127075e+03
1167	-1.138275e+03
1168	-1.137738e+03
1169	-1.140412e+03
1170	-1.129616e+03
1171	-1.138533e+03
1172	-1.124303e+03
1173	-1.135176e+03
1174	-1.148658e+03
1175	-1.126536e+03
1176	-1.145905e+03
1177	-1.140171e+03
1178	-1.138271e+03
1179	-1.143768e+03
1180	-1.136235e+03
1181	-1.126532e+03
1182	-1.120433e+03
1183	-1.109025e+03
1184	-1.147000e+03
1185	-1.122652e+03
1186	-1.116889e+03
1187	-1.129807e+03
1188	-1.106240e+03
1189	-1.116576e+03
1190	-1.139181e+03
1191	-1.139944e+03
1192	-1.148481e+03
1193	-1.125112e+03
1194	-1.136546e+03
1195	-1.105585e+03
1196	-1.111709e+03
1197	-1.125865e+03
1198	-1.130069e+03
1199	-1.146045e+03
1200	-1.117004e+03
1201	-1.146974e+03
1202	-1.127902e+03
1203	-1.130511e+03
1204	-1.158220e+03
1205	-1.117447e+03
1206	-1.121128e+03
1207	-1.105209e+03
1208	-1.127525e+03
1209	-1.129879e+03
1210	-1.132805e+03
1211	-1.140177e+03
1212	-1.118180e+03
1213	-1.138345e+03
1214	-1.115331e+03
1215	-1.137199e+03
1216	-1.117194e+03
1217	-1.148785e+03
1218	-1.151303e+03
1219	-1.134089e+03
1220	-1.136551e+03
1221	-1.138479e+03
1222	-1.126281e+03
1223	-1.119443e+03
1224	-1.134584e+03
1225	-1.111204e+03
1226	-1.119091e+03
1227	-1.116693e+03
1228	-1.151318e+03
1229	-1.127393e+03
1230	-1.130005e+03
1231	-1.143226e+03
1232	-1.122531e+03
1233	-1.134087e+03
1234	-1.127275e+03
1235	-1.126026e+03
1236	-1.138042e+03
1237	-1.132935e+03
1238	-1.122890e+03
1239	-1.107117e+03
1240	-1.123002e+03
1241	-1.132596e+03
1242	-1.137445e+03
1243	-1.112200e+03
1244	-1.136318e+03
1245	-1.115794e+03
1246	-1.129650e+03
1247	-1.115863e+03
1248	-1.137364e+03
1249	-1.135168e+03
1250	-1.139488e+03
1251	-1.137722e+03
1252	-1.125309e+03
1253	-1.138063e+03
1254	-1.141605e+03
1255	-1.129474e+03
1256	-1.106643e+03
1257	-1.135042e+03
1258	-1.129555e+03
1259	-1.113209e+03
1260	-1.134501e+03
1261	-1.125449e+03
1262	-1.124706e+03
1263	-1.113524e+03
1264	-1.131371e+03
1265	-1.143062e+03
1266	-1.114851e+03
1267	-1.127653e+03
1268	-1.127421e+03
1269	-1.123175e+03
1270	-1.128127e+03
1271	-1.129574e+03
1272	-1.131441e+03
1273	-1.119416e+03
1274	-1.129622e+03
1275	-1.135559e+03
1276	-1.119723e+03
1277	-1.127986e+03
1278	-1.132279e+03
1279	-1.132972e+03
1280	-1.140895e+03
1281	-1.132634e+03
1282	-1.114536e+03
1283	-1.132199e+03
1284	-1.133937e+03
1285	-1.126733e+03
1286	-1.132316e+03
1287	-1.123882e+03
1288	-1.135196e+03
1289	-1.132081e+03
1290	-1.115369e+03
1291	-1.126685e+03
1292	-1.117272e+03
1293	-1.101768e+03
1294	-1.112854e+03
1295	-1.149436e+03
1296	-1.134441e+03
1297	-1.130437e+03
1298	-1.145052e+03
1299	-1.150529e+03
1300	-1.114616e+03
1301	-1.130707e+03
1302	-1.135820e+03
1303	-1.134184e+03
1304	-1.145424e+03
1305	-1.116976e+03
1306	-1.130023e+03
1307	-1.140171e+03
1308	-1.130674e+03
1309	-1.133060e+03
1310	-1.114128e+03
1311	-1.114100e+03
1312	-1.113915e+03
1313	-1.124571e+03
1314	-1.117506e+03
1315	-1.125684e+03
1316	-1.131613e+03
1317	-1.137637e+03
1318	-1.120844e+03
1319	-1.133163e+03
1320	-1.129637e+03
1321	-1.137922e+03
1322	-1.138699e+03
1323	-1.126903e+03
1324	-1.135996e+03
1325	-1.133765e+03
1326	-1.134150e+03
1327	-1.126842e+03
1328	-1.131382e+03
1329	-1.126621e+03
1330	-1.126087e+03
1331	-1.143918e+03
1332	-1.128959e+03
1333	-1.137616e+03
1334	-1.112809e+03
1335	-1.123462e+03
1336	-1.102415e+03
1337	-1.106495e+03
1338	-1.121102e+03
1339	-1.117819e+03
1340	-1.114365e+03
1341	-1.134287e+03
1342	-1.120225e+03
1343	-1.135393e+03
1344	-1.122892e+03
1345	-1.142946e+03
1346	-1.107233e+03
1347	-1.146340e+03
1348	-1.114630e+03
1349	-1.122185e+03
1350	-1.144834e+03
1351	-1.141987e+03
1352	-1.138087e+03
1353	-1.139362e+03
1354	-1.129044e+03
1355	-1.123550e+03
1356	-1.146013e+03
1357	-1.125456e+03
1358	-1.143412e+03
1359	-1.132109e+03
1360	-1.123334e+03
1361	-1.125436e+03
1362	-1.134918e+03
1363	-1.137366e+03
1364	-1.130646e+03
1365	-1.128077e+03
1366	-1.107044e+03
1367	-1.150822e+03
1368	-1.153685e+03
1369	-1.125218e+03
1370	-1.145862e+03
1371	-1.139404e+03
1372	-1.139733e+03
1373	-1.125625e+03
1374	-1.132822e+03
1375	-1.122756e+03
1376	-1.151047e+03
1377	-1.116190e+03
1378	-1.129175e+03
1379	-1.124841e+03
1380	-1.131034e+03
1381	-1.137272e+03
1382	-1.151404e+03
1383	-1.116268e+03
1384	-1.136012e+03
1385	-1.120752e+03
1386	-1.127675e+03
1387	-1.110246e+03
1388	-1.134745e+03
1389	-1.109115e+03
1390	-1.106646e+03
1391	-1.120949e+03
1392	-1.126499e+03
1393	-1.116866e+03
1394	-1.107664e+03
1395	-1.135587e+03
1396	-1.125657e+03
1397	-1.131040e+03
1398	-1.134971e+03
1399	-1.130223e+03
1400	-1.136347e+03
1401	-1.140925e+03
1402	-1.145691e+03
1403	-1.117620e+03
1404	-1.122961e+03
1405	-1.125403e+03
1406	-1.129873e+03
1407	-1.115021e+03
1408	-1.130798e+03
1409	-1.125597e+03
1410	-1.103220e+03
1411	-1.120879e+03
1412	-1.109489e+03
1413	-1.130035e+03
1414	-1.129419e+03
1415	-1.129359e+03
1416	-1.139885e+03
1417	-1.132293e+03
1418	-1.137922e+03
1419	-1.125533e+03
1420	-1.146227e+03
1421	-1.130209e+03
1422	-1.104279e+03
1423	-1.131228e+03
1424	-1.113018e+03
1425	-1.126139e+03
1426	-1.136017e+03
1427	-1.131453e+03
1428	-1.164303e+03
1429	-1.105728e+03
1430	-1.132194e+03
1431	-1.123659e+03
1432	-1.132126e+03
1433	-1.130832e+03
1434	-1.109367e+03
1435	-1.132220e+03
1436	-1.133782e+03
1437	-1.130924e+03
1438	-1.114007e+03
1439	-1.137877e+03
1440	-1.138348e+03
1441	-1.132392e+03
1442	-1.131304e+03
1443	-1.105723e+03
1444	-1.132850e+03
1445	-1.132261e+03
1446	-1.143532e+03
1447	-1.140614e+03
1448	-1.130463e+03
1449	-1.131896e+03
1450	-1.114209e+03
1451	-1.125170e+03
1452	-1.124397e+03
1453	-1.125292e+03
1454	-1.141323e+03
1455	-1.132959e+03
1456	-1.126584e+03
1457	-1.143650e+03
1458	-1.123410e+03
1459	-1.115015e+03
1460	-1.110646e+03
1461	-1.143387e+03
1462	-1.142604e+03
1463	-1.123784e+03
1464	-1.097290e+03
1465	-1.108827e+03
1466	-1.122624e+03
1467	-1.143664e+03
1468	-1.130539e+03
1469	-1.129687e+03
1470	-1.116031e+03
1471	-1.133572e+03
1472	-1.130735e+03
1473	-1.111893e+03
1474	-1.110607e+03
1475	-1.138246e+03
1476	-1.145100e+03
1477	-1.135921e+03
1478	-1.138336e+03
1479	-1.134365e+03
1480	-1.126621e+03
1481	-1.144207e+03
1482	-1.122221e+03
1483	-1.111416e+03
1484	-1.134824e+03
1485	-1.127449e+03
1486	-1.124063e+03
1487	-1.124047e+03
1488	-1.120864e+03
1489	-1.114236e+03
1490	-1.140667e+03
1491	-1.129810e+03
1492	-1.134200e+03
1493	-1.126882e+03
1494	-1.098983e+03
1495	-1.134126e+03
1496	-1.119546e+03
1497	-1.130634e+03
1498	-1.120824e+03
1499	-1.117151e+03
1500	-1.141693e+03
1501	-1.126732e+03
1502	-1.135783e+03
1503	-1.155403e+03
1504	-1.130514e+03
1505	-1.130694e+03
1506	-1.124043e+03
1507	-1.124077e+03
1508	-1.124196e+03
1509	-1.112188e+03
1510	-1.142941e+03
1511	-1.141917e+03
1512	-1.131694e+03
1513	-1.115628e+03
1514	-1.103892e+03
1515	-1.130433e+03
1516	-1.133760e+03
1517	-1.145603e+03
1518	-1.118798e+03
1519	-1.121500e+03
1520	-1.115589e+03
1521	-1.130209e+03
1522	-1.127940e+03
1523	-1.123249e+03
1524	-1.135935e+03
1525	-1.123651e+03
1526	-1.116441e+03
1527	-1.113202e+03
1528	-1.115889e+03
1529	-1.125019e+03
1530	-1.122809e+03
1531	-1.140055e+03
1532	-1.145595e+03
1533	-1.141335e+03
1534	-1.112735e+03
1535	-1.113640e+03
1536	-1.130707e+03
1537	-1.133260e+03
1538	-1.116951e+03
1539	-1.122123e+03
1540	-1.116266e+03
1541	-1.112751e+03
1542	-1.122630e+03
1543	-1.107875e+03
1544	-1.137664e+03
1545	-1.140818e+03
1546	-1.137274e+03
1547	-1.141039e+03
1548	-1.129293e+03
1549	-1.140257e+03
1550	-1.127226e+03
1551	-1.141884e+03
1552	-1.137942e+03
1553	-1.128653e+03
1554	-1.132771e+03
1555	-1.108181e+03
1556	-1.122676e+03
1557	-1.113859e+03
1558	-1.135469e+03
1559	-1.121590e+03
1560	-1.104715e+03
1561	-1.120825e+03
1562	-1.138411e+03
1563	-1.132700e+03
1564	-1.111889e+03
1565	-1.112598e+03
1566	-1.129092e+03
1567	-1.128176e+03
1568	-1.133716e+03
1569	-1.116100e+03
1570	-1.116883e+03
1571	-1.125669e+03
1572	-1.101596e+03
1573	-1.118825e+03
1574	-1.155097e+03
1575	-1.136108e+03
1576	-1.137830e+03
1577	-1.123757e+03
1578	-1.114485e+03
1579	-1.135464e+03
1580	-1.120955e+03
1581	-1.117900e+03
1582	-1.129072e+03
1583	-1.130636e+03
1584	-1.126604e+03
1585	-1.114928e+03
1586	-1.136690e+03
1587	-1.129159e+03
1588	-1.126212e+03
1589	-1.112432e+03
1590	-1.129589e+03
1591	-1.124838e+03
1592	-1.123943e+03
1593	-1.144330e+03
1594	-1.134548e+03
1595	-1.139845e+03
1596	-1.131135e+03
1597	-1.135798e+03
1598	-1.128376e+03
1599	-1.128365e+03
1600	-1.130385e+03
1601	-1.140528e+03
1602	-1.135672e+03
1603	-1.127041e+03
1604	-1.108214e+03
1605	-1.111091e+03
1606	-1.121959e+03
1607	-1.131476e+03
1608	-1.144780e+03
1609	-1.130154e+03
1610	-1.127851e+03
1611	-1.106139e+03
1612	-1.102210e+03
1613	-1.117004e+03
1614	-1.108545e+03
1615	-1.141380e+03
1616	-1.142576e+03
1617	-1.136644e+03
1618	-1.136223e+03
1619	-1.131303e+03
1620	-1.116794e+03
1621	-1.126020e+03
1622	-1.116522e+03
1623	-1.153017e+03
1624	-1.126934e+03
1625	-1.117704e+03
1626	-1.150205e+03
1627	-1.120919e+03
1628	-1.124928e+03
1629	-1.125089e+03
1630	-1.116915e+03
1631	-1.137539e+03
1632	-1.136581e+03
1633	-1.139934e+03
1634	-1.136849e+03
1635	-1.131175e+03
1636	-1.129981e+03
1637	-1.156912e+03
1638	-1.133772e+03
1639	-1.126719e+03
1640	-1.131642e+03
1641	-1.123989e+03
1642	-1.146050e+03
1643	-1.109633e+03
1644	-1.122526e+03
1645	-1.110648e+03
1646	-1.103919e+03
1647	-1.142498e+03
1648	-1.135524e+03
1649	-1.125966e+03
1650	-1.119562e+03
1651	-1.132791e+03
1652	-1.148521e+03
1653	-1.138735e+03
1654	-1.119753e+03
1655	-1.138944e+03
1656	-1.123229e+03
1657	-1.151043e+03
1658	-1.131562e+03
1659	-1.108597e+03
1660	-1.142560e+03
1661	-1.127288e+03
1662	-1.116433e+03
1663	-1.131667e+03
1664	-1.111684e+03
1665	-1.138200e+03
1666	-1.107124e+03
1667	-1.116577e+03
1668	-1.114923e+03
1669	-1.139051e+03
1670	-1.127255e+03
1671	-1.131635e+03
1672	-1.108784e+03
1673	-1.109271e+03
1674	-1.123397e+03
1675	-1.120068e+03
1676	-1.124649e+03
1677	-1.120227e+03
1678	-1.124147e+03
1679	-1.117647e+03
1680	-1.136696e+03
1681	-1.117667e+03
1682	-1.134470e+03
1683	-1.148745e+03
1684	-1.135484e+03
1685	-1.100434e+03
1686	-1.120237e+03
1687	-1.147545e+03
1688	-1.115641e+03
1689	-1.124449e+03
1690	-1.121963e+03
1691	-1.128373e+03
1692	-1.123082e+03
1693	-1.134998e+03
1694	-1.124658e+03
1695	-1.120104e+03
1696	-1.138583e+03
1697	-1.132095e+03
1698	-1.123616e+03
1699	-1.129909e+03
1700	-1.104800e+03
1701	-1.140312e+03
1702	-1.130324e+03
1703	-1.140218e+03
1704	-1.135732e+03
1705	-1.126103e+03
1706	-1.140799e+03
1707	-1.134074e+03
1708	-1.131410e+03
1709	-1.130601e+03
1710	-1.120129e+03
1711	-1.106819e+03
1712	-1.128678e+03
1713	-1.119921e+03
1714	-1.137623e+03
1715	-1.143834e+03
1716	-1.131004e+03
1717	-1.121778e+03
1718	-1.128054e+03
1719	-1.122325e+03
1720	-1.123080e+03
1721	-1.132163e+03
1722	-1.133235e+03
1723	-1.121050e+03
1724	-1.130518e+03
1725	-1.117788e+03
1726	-1.140826e+03
1727	-1.120211e+03
1728	-1.130640e+03
1729	-1.131008e+03
1730	-1.148865e+03
1731	-1.128621e+03
1732	-1.151180e+03
1733	-1.118185e+03
1734	-1.122036e+03
1735	-1.120901e+03
1736	-1.123800e+03
1737	-1.120053e+03
1738	-1.133341e+03
1739	-1.141599e+03
1740	-1.146314e+03
1741	-1.127654e+03
1742	-1.123568e+03
1743	-1.145043e+03
1744	-1.112937e+03
1745	-1.136384e+03
1746	-1.128842e+03
1747	-1.138250e+03
1748	-1.150128e+03
1749	-1.146582e+03
1750	-1.127789e+03
1751	-1.130509e+03
1752	-1.118508e+03
1753	-1.119293e+03
1754	-1.128893e+03
1755	-1.130197e+03
1756	-1.118836e+03
1757	-1.128647e+03
1758	-1.131032e+03
1759	-1.114311e+03
1760	-1.130449e+03
1761	-1.143025e+03
1762	-1.128711e+03
1763	-1.150941e+03
1764	-1.108431e+03
1765	-1.128895e+03
1766	-1.130539e+03
1767	-1.125575e+03
1768	-1.116768e+03
1769	-1.135821e+03
1770	-1.141137e+03
1771	-1.132040e+03
1772	-1.142130e+03
1773	-1.156548e+03
1774	-1.150779e+03
1775	-1.121846e+03
1776	-1.153220e+03
1777	-1.126229e+03
1778	-1.117681e+03
1779	-1.140680e+03
1780	-1.133994e+03
1781	-1.126408e+03
1782	-1.118254e+03
1783	-1.106646e+03
1784	-1.133607e+03
1785	-1.121061e+03
1786	-1.123237e+03
1787	-1.135213e+03
1788	-1.151983e+03
1789	-1.115239e+03
1790	-1.114571e+03
1791	-1.143948e+03
1792	-1.139730e+03
1793	-1.112347e+03
1794	-1.140651e+03
1795	-1.142379e+03
1796	-1.122229e+03
1797	-1.111830e+03
1798	-1.126737e+03
1799	-1.131113e+03
1800	-1.138080e+03
1801	-1.152293e+03
1802	-1.143796e+03
1803	-1.145360e+03
1804	-1.127161e+03
1805	-1.131027e+03
1806	-1.110430e+03
1807	-1.137882e+03
1808	-1.124379e+03
1809	-1.142982e+03
1810	-1.106563e+03
1811	-1.124510e+03
1812	-1.124985e+03
1813	-1.133983e+03
1814	-1.128018e+03
1815	-1.139680e+03
1816	-1.125106e+03
1817	-1.147355e+03
1818	-1.107664e+03
1819	-1.131189e+03
1820	-1.114789e+03
1821	-1.116467e+03
1822	-1.129992e+03
1823	-1.109906e+03
1824	-1.111517e+03
1825	-1.128982e+03
1826	-1.116536e+03
1827	-1.125282e+03
1828	-1.138194e+03
1829	-1.119059e+03
1830	-1.131187e+03
1831	-1.143355e+03
1832	-1.119234e+03
1833	-1.130489e+03
1834	-1.165719e+03
1835	-1.133912e+03
1836	-1.110408e+03
1837	-1.124635e+03
1838	-1.135152e+03
1839	-1.147067e+03
1840	-1.130316e+03
1841	-1.125175e+03
1842	-1.122589e+03
1843	-1.126699e+03
1844	-1.115024e+03
1845	-1.152286e+03
1846	-1.144930e+03
1847	-1.141227e+03
1848	-1.116160e+03
1849	-1.130927e+03
1850	-1.125166e+03
1851	-1.135500e+03
1852	-1.133862e+03
1853	-1.127887e+03
1854	-1.130374e+03
1855	-1.134126e+03
1856	-1.132929e+03
1857	-1.113518e+03
1858	-1.110738e+03
1859	-1.131307e+03
1860	-1.131626e+03
1861	-1.129331e+03
1862	-1.120209e+03
1863	-1.128098e+03
1864	-1.137448e+03
1865	-1.138513e+03
1866	-1.119864e+03
1867	-1.121827e+03
1868	-1.155561e+03
1869	-1.152428e+03
1870	-1.123049e+03
1871	-1.125323e+03
1872	-1.115939e+03
1873	-1.144582e+03
1874	-1.125083e+03
1875	-1.124884e+03
1876	-1.135260e+03
1877	-1.126098e+03
1878	-1.142278e+03
1879	-1.108745e+03
1880	-1.128697e+03
1881	-1.138733e+03
1882	-1.145247e+03
1883	-1.123471e+03
1884	-1.119118e+03
1885	-1.128490e+03
1886	-1.144690e+03
1887	-1.129275e+03
1888	-1.120610e+03
1889	-1.123983e+03
1890	-1.129748e+03
1891	-1.137019e+03
1892	-1.127694e+03
1893	-1.150132e+03
1894	-1.129846e+03
1895	-1.141947e+03
1896	-1.120706e+03
1897	-1.121756e+03
1898	-1.124139e+03
1899	-1.110650e+03
1900	-1.107323e+03
1901	-1.118597e+03
1902	-1.120257e+03
1903	-1.135209e+03
1904	-1.103281e+03
1905	-1.141137e+03
1906	-1.126868e+03
1907	-1.124557e+03
1908	-1.121798e+03
1909	-1.113433e+03
1910	-1.129953e+03
1911	-1.130478e+03
1912	-1.149378e+03
1913	-1.115692e+03
1914	-1.112754e+03
1915	-1.140276e+03
1916	-1.120914e+03
1917	-1.127508e+03
1918	-1.140150e+03
1919	-1.137091e+03
1920	-1.143338e+03
1921	-1.129987e+03
1922	-1.126414e+03
1923	-1.131414e+03
1924	-1.141076e+03
1925	-1.115640e+03
1926	-1.123084e+03
1927	-1.129633e+03
1928	-1.139934e+03
1929	-1.131521e+03
1930	-1.145384e+03
1931	-1.130081e+03
1932	-1.136221e+03
1933	-1.131009e+03
1934	-1.117422e+03
1935	-1.142481e+03
1936	-1.150043e+03
1937	-1.124394e+03
1938	-1.121746e+03
1939	-1.124740e+03
1940	-1.143220e+03
1941	-1.142984e+03
1942	-1.135526e+03
1943	-1.121018e+03
1944	-1.121481e+03
1945	-1.105610e+03
1946	-1.135669e+03
1947	-1.109849e+03
1948	-1.133591e+03
1949	-1.145382e+03
1950	-1.134368e+03
1951	-1.113333e+03
1952	-1.123562e+03
1953	-1.134340e+03
1954	-1.131496e+03
1955	-1.136425e+03
1956	-1.126258e+03
1957	-1.121778e+03
1958	-1.115106e+03
1959	-1.136836e+03
1960	-1.130430e+03
1961	-1.117765e+03
1962	-1.132150e+03
1963	-1.135378e+03
1964	-1.154983e+03
1965	-1.120534e+03
1966	-1.118030e+03
1967	-1.113091e+03
1968	-1.135971e+03
1969	-1.133007e+03
1970	-1.110143e+03
1971	-1.118937e+03
1972	-1.136171e+03
1973	-1.118211e+03
1974	-1.129537e+03
1975	-1.134332e+03
1976	-1.134669e+03
1977	-1.113777e+03
1978	-1.142008e+03
1979	-1.136297e+03
1980	-1.143167e+03
1981	-1.137513e+03
1982	-1.131223e+03
1983	-1.121671e+03
1984	-1.131515e+03
1985	-1.133563e+03
1986	-1.133838e+03
1987	-1.119765e+03
1988	-1.129136e+03
1989	-1.130195e+03
1990	-1.142967e+03
1991	-1.135173e+03
1992	-1.120390e+03
1993	-1.116374e+03
1994	-1.130532e+03
1995	-1.119695e+03
1996	-1.117179e+03
1997	-1.119589e+03
1998	-1.114684e+03
1999	-1.120377e+03
2000	-1.128559e+03
2001	-1.108266e+03
2002	-1.119607e+03
2003	-1.115185e+03
2004	-1.142545e+03
2005	-1.124886e+03
2006	-1.115798e+03
2007	-1.110239e+03
2008	-1.106284e+03
2009	-1.126368e+03
2010	-1.126780e+03
2011	-1.143800e+03
2012	-1.140665e+03
2013	-1.119525e+03
2014	-1.133535e+03
2015	-1.124502e+03
2016	-1.144885e+03
2017	-1.142844e+03
2018	-1.125710e+03
2019	-1.119404e+03
2020	-1.117691e+03
2021	-1.131546e+03
2022	-1.135116e+03
2023	-1.136148e+03
2024	-1.133210e+03
2025	-1.117394e+03
2026	-1.136997e+03
2027	-1.126536e+03
2028	-1.123692e+03
2029	-1.113042e+03
2030	-1.112026e+03
2031	-1.130986e+03
2032	-1.121740e+03
2033	-1.110748e+03
2034	-1.105412e+03
2035	-1.148690e+03
2036	-1.124833e+03
2037	-1.106262e+03
2038	-1.116262e+03
2039	-1.121368e+03
2040	-1.111363e+03
2041	-1.142364e+03
2042	-1.124370e+03
2043	-1.104060e+03
2044	-1.141871e+03
2045	-1.126257e+03
2046	-1.120842e+03
2047	-1.151113e+03
2048	-1.124385e+03
2049	-1.137673e+03
2050	-1.129110e+03
2051	-1.120664e+03
2052	-1.134602e+03
2053	-1.130639e+03
2054	-1.142906e+03
2055	-1.117180e+03
2056	-1.144624e+03
2057	-1.142495e+03
2058	-1.131882e+03
2059	-1.124236e+03
2060	-1.121954e+03
2061	-1.125738e+03
2062	-1.117528e+03
2063	-1.114983e+03
2064	-1.118230e+03
2065	-1.115910e+03
2066	-1.122919e+03
2067	-1.104499e+03
2068	-1.154963e+03
2069	-1.150950e+03
2070	-1.121275e+03
2071	-1.119205e+03
2072	-1.127492e+03
2073	-1.154151e+03
2074	-1.137292e+03
2075	-1.151397e+03
2076	-1.123379e+03
2077	-1.117992e+03
2078	-1.142910e+03
2079	-1.095991e+03
2080	-1.132179e+03
2081	-1.119383e+03
2082	-1.118274e+03
2083	-1.126082e+03
2084	-1.123073e+03
2085	-1.143201e+03
2086	-1.141269e+03
2087	-1.120390e+03
2088	-1.140161e+03
2089	-1.136169e+03
2090	-1.131402e+03
2091	-1.132037e+03
2092	-1.149995e+03
2093	-1.125827e+03
2094	-1.134917e+03
2095	-1.136811e+03
2096	-1.126737e+03
2097	-1.126262e+03
2098	-1.122120e+03
2099	-1.130144e+03
2100	-1.148919e+03
2101	-1.121115e+03
2102	-1.129117e+03
2103	-1.121428e+03
2104	-1.137484e+03
2105	-1.131975e+03
2106	-1.120667e+03
2107	-1.135137e+03
2108	-1.127683e+03
2109	-1.130795e+03
2110	-1.140839e+03
2111	-1.115471e+03
2112	-1.121743e+03
2113	-1.138741e+03
2114	-1.115678e+03
2115	-1.125609e+03
2116	-1.123752e+03
2117	-1.118072e+03
2118	-1.118391e+03
2119	-1.122356e+03
2120	-1.105449e+03
2121	-1.114408e+03
2122	-1.117140e+03
2123	-1.115173e+03
2124	-1.115455e+03
2125	-1.128308e+03
2126	-1.129683e+03
2127	-1.130779e+03
2128	-1.116963e+03
2129	-1.134457e+03
2130	-1.130015e+03
2131	-1.154920e+03
2132	-1.138016e+03
2133	-1.119999e+03
2134	-1.101472e+03
2135	-1.116622e+03
2136	-1.126934e+03
2137	-1.129501e+03
2138	-1.147301e+03
2139	-1.124037e+03
2140	-1.128477e+03
2141	-1.146108e+03
2142	-1.121227e+03
2143	-1.136733e+03
2144	-1.139312e+03
2145	-1.119267e+03
2146	-1.140356e+03
2147	-1.130684e+03
2148	-1.140554e+03
2149	-1.113705e+03
2150	-1.120285e+03
2151	-1.138983e+03
2152	-1.124851e+03
2153	-1.121470e+03
2154	-1.119160e+03
2155	-1.120368e+03
2156	-1.143765e+03
2157	-1.104413e+03
2158	-1.132679e+03
2159	-1.120272e+03
2160	-1.138180e+03
2161	-1.134712e+03
2162	-1.115700e+03
2163	-1.113262e+03
2164	-1.120480e+03
2165	-1.115738e+03
2166	-1.151036e+03
2167	-1.108652e+03
2168	-1.128966e+03
2169	-1.108751e+03
2170	-1.127620e+03
2171	-1.111343e+03
2172	-1.133942e+03
2173	-1.129754e+03
2174	-1.120648e+03
2175	-1.127547e+03
2176	-1.128371e+03
2177	-1.126998e+03
2178	-1.112676e+03
2179	-1.145158e+03
2180	-1.122038e+03
2181	-1.124828e+03
2182	-1.100873e+03
2183	-1.127556e+03
2184	-1.132168e+03
2185	-1.129069e+03
2186	-1.131889e+03
2187	-1.133622e+03
2188	-1.127749e+03
2189	-1.143920e+03
2190	-1.125042e+03
2191	-1.116718e+03
2192	-1.122159e+03
2193	-1.113633e+03
2194	-1.124680e+03
2195	-1.113973e+03
2196	-1.128494e+03
2197	-1.127713e+03
2198	-1.104286e+03
2199	-1.129248e+03
2200	-1.117185e+03
2201	-1.149717e+03
2202	-1.125964e+03
2203	-1.143896e+03
2204	-1.127967e+03
2205	-1.126767e+03
2206	-1.159901e+03
2207	-1.132364e+03
2208	-1.122020e+03
2209	-1.118728e+03
2210	-1.095630e+03
2211	-1.126235e+03
2212	-1.163126e+03
2213	-1.127220e+03
2214	-1.142493e+03
2215	-1.131909e+03
2216	-1.127036e+03
2217	-1.131281e+03
2218	-1.109820e+03
2219	-1.151733e+03
2220	-1.111517e+03
2221	-1.140325e+03
2222	-1.131947e+03
2223	-1.122565e+03
2224	-1.127725e+03
2225	-1.120130e+03
2226	-1.137617e+03
2227	-1.134813e+03
2228	-1.104611e+03
2229	-1.117736e+03
2230	-1.145765e+03
2231	-1.125864e+03
2232	-1.120497e+03
2233	-1.130182e+03
2234	-1.127304e+03
2235	-1.135352e+03
2236	-1.124703e+03
2237	-1.123963e+03
2238	-1.128610e+03
2239	-1.119664e+03
2240	-1.128932e+03
2241	-1.150151e+03
2242	-1.119353e+03
2243	-1.133505e+03
2244	-1.145724e+03
2245	-1.130867e+03
2246	-1.137492e+03
2247	-1.137869e+03
2248	-1.147028e+03
2249	-1.134636e+03
2250	-1.133718e+03
2251	-1.136549e+03
2252	-1.143046e+03
2253	-1.131264e+03
2254	-1.133442e+03
2255	-1.142733e+03
2256	-1.141462e+03
2257	-1.116403e+03
2258	-1.116620e+03
2259	-1.129044e+03
2260	-1.136708e+03
2261	-1.137346e+03
2262	-1.122891e+03
2263	-1.128762e+03
2264	-1.118047e+03
2265	-1.134645e+03
2266	-1.105598e+03
2267	-1.128876e+03
2268	-1.125832e+03
2269	-1.140018e+03
2270	-1.132452e+03
2271	-1.122061e+03
2272	-1.125700e+03
2273	-1.150852e+03
2274	-1.122241e+03
2275	-1.126900e+03
2276	-1.127196e+03
2277	-1.119563e+03
2278	-1.126970e+03
2279	-1.129637e+03
2280	-1.131790e+03
2281	-1.121316e+03
2282	-1.118842e+03
2283	-1.121009e+03
2284	-1.135862e+03
2285	-1.136748e+03
2286	-1.133739e+03
2287	-1.115487e+03
2288	-1.124824e+03
2289	-1.131775e+03
2290	-1.134338e+03
2291	-1.137409e+03
2292	-1.135803e+03
2293	-1.137398e+03
2294	-1.118769e+03
2295	-1.116706e+03
2296	-1.138257e+03
2297	-1.140231e+03
2298	-1.133512e+03
2299	-1.120923e+03
2300	-1.130221e+03
2301	-1.120724e+03
2302	-1.134233e+03
2303	-1.133291e+03
2304	-1.121010e+03
2305	-1.143573e+03
2306	-1.140097e+03
2307	-1.138590e+03
2308	-1.121863e+03
2309	-1.135823e+03
2310	-1.138197e+03
2311	-1.126716e+03
2312	-1.119617e+03
2313	-1.100907e+03
2314	-1.117446e+03
2315	-1.108971e+03
2316	-1.108505e+03
2317	-1.117157e+03
2318	-1.123507e+03
2319	-1.137520e+03
2320	-1.127534e+03
2321	-1.129510e+03
2322	-1.124546e+03
2323	-1.144933e+03
2324	-1.124567e+03
2325	-1.140888e+03
2326	-1.130152e+03
2327	-1.142089e+03
2328	-1.139272e+03
2329	-1.113733e+03
2330	-1.118287e+03
2331	-1.131158e+03
2332	-1.117839e+03
2333	-1.123218e+03
2334	-1.125999e+03
2335	-1.138021e+03
2336	-1.121240e+03
2337	-1.135613e+03
2338	-1.134684e+03
2339	-1.161897e+03
2340	-1.130058e+03
2341	-1.118426e+03
2342	-1.138790e+03
2343	-1.133373e+03
2344	-1.144725e+03
2345	-1.110467e+03
2346	-1.134330e+03
2347	-1.125323e+03
2348	-1.116666e+03
2349	-1.133004e+03
2350	-1.137211e+03
2351	-1.128779e+03
2352	-1.132703e+03
2353	-1.133894e+03
2354	-1.119403e+03
2355	-1.108215e+03
2356	-1.134124e+03
2357	-1.129857e+03
2358	-1.135685e+03
2359	-1.123750e+03
2360	-1.130469e+03
2361	-1.132763e+03
2362	-1.123053e+03
2363	-1.120733e+03
2364	-1.136456e+03
2365	-1.148374e+03
2366	-1.110139e+03
2367	-1.123131e+03
2368	-1.127053e+03
2369	-1.140394e+03
2370	-1.121757e+03
2371	-1.124180e+03
2372	-1.131602e+03
2373	-1.118794e+03
2374	-1.137694e+03
2375	-1.133735e+03
2376	-1.109860e+03
2377	-1.133426e+03
2378	-1.141035e+03
2379	-1.143240e+03
2380	-1.141478e+03
2381	-1.134594e+03
2382	-1.136717e+03
2383	-1.132589e+03
2384	-1.118389e+03
2385	-1.129639e+03
2386	-1.133281e+03
2387	-1.153399e+03
2388	-1.141158e+03
2389	-1.126420e+03
2390	-1.155680e+03
2391	-1.138103e+03
2392	-1.136123e+03
2393	-1.124649e+03
2394	-1.136156e+03
2395	-1.127503e+03
2396	-1.122516e+03
2397	-1.142892e+03
2398	-1.140336e+03
2399	-1.118192e+03
2400	-1.141621e+03
2401	-1.132810e+03
2402	-1.126843e+03
2403	-1.137369e+03
2404	-1.105741e+03
2405	-1.126849e+03
2406	-1.127986e+03
2407	-1.121635e+03
2408	-1.135936e+03
2409	-1.137491e+03
2410	-1.136948e+03
2411	-1.154264e+03
2412	-1.123853e+03
2413	-1.136730e+03
2414	-1.146632e+03
2415	-1.137913e+03
2416	-1.129183e+03
2417	-1.131326e+03
2418	-1.117808e+03
2419	-1.135971e+03
2420	-1.121199e+03
2421	-1.103521e+03
2422	-1.142349e+03
2423	-1.142243e+03
2424	-1.137672e+03
2425	-1.155065e+03
2426	-1.133647e+03
2427	-1.139275e+03
2428	-1.113209e+03
2429	-1.116968e+03
2430	-1.139393e+03
2431	-1.136049e+03
2432	-1.139925e+03
2433	-1.140226e+03
2434	-1.143087e+03
2435	-1.127102e+03
2436	-1.161529e+03
2437	-1.136019e+03
2438	-1.125373e+03
2439	-1.127381e+03
2440	-1.138576e+03
2441	-1.136080e+03
2442	-1.134736e+03
2443	-1.141257e+03
2444	-1.096602e+03
2445	-1.143536e+03
2446	-1.121568e+03
2447	-1.121980e+03
2448	-1.128703e+03
2449	-1.132681e+03
2450	-1.112040e+03
2451	-1.099519e+03
2452	-1.132133e+03
2453	-1.131016e+03
2454	-1.140865e+03
2455	-1.104863e+03
2456	-1.129036e+03
2457	-1.121727e+03
2458	-1.136488e+03
2459	-1.117782e+03
2460	-1.134399e+03
2461	-1.141485e+03
2462	-1.131487e+03
2463	-1.108429e+03
2464	-1.116755e+03
2465	-1.134567e+03
2466	-1.145241e+03
2467	-1.139561e+03
2468	-1.113356e+03
2469	-1.114124e+03
2470	-1.123784e+03
2471	-1.121240e+03
2472	-1.126627e+03
2473	-1.120881e+03
2474	-1.122694e+03
2475	-1.118512e+03
2476	-1.139410e+03
2477	-1.104756e+03
2478	-1.127082e+03
2479	-1.116688e+03
2480	-1.157408e+03
2481	-1.132216e+03
2482	-1.147829e+03
2483	-1.115690e+03
2484	-1.130338e+03
2485	-1.138405e+03
2486	-1.124709e+03
2487	-1.124366e+03
2488	-1.128014e+03
2489	-1.130152e+03
2490	-1.130912e+03
2491	-1.127859e+03
2492	-1.112174e+03
2493	-1.129503e+03
2494	-1.134609e+03
2495	-1.130645e+03
2496	-1.125927e+03
2497	-1.132892e+03
2498	-1.126860e+03
2499	-1.108200e+03
2500	-1.123217e+03
2501	-1.124175e+03
2502	-1.148724e+03
2503	-1.122713e+03
2504	-1.134487e+03
2505	-1.133910e+03
2506	-1.128169e+03
2507	-1.139786e+03
2508	-1.122677e+03
2509	-1.133829e+03
2510	-1.131718e+03
2511	-1.125377e+03
2512	-1.137427e+03
2513	-1.119797e+03
2514	-1.122990e+03
2515	-1.130743e+03
2516	-1.125530e+03
2517	-1.099456e+03
2518	-1.142738e+03
2519	-1.119203e+03
2520	-1.139789e+03
2521	-1.118048e+03
2522	-1.122629e+03
2523	-1.141981e+03
2524	-1.132378e+03
2525	-1.126495e+03
2526	-1.126388e+03
2527	-1.140281e+03
2528	-1.149036e+03
2529	-1.138284e+03
2530	-1.136273e+03
2531	-1.121220e+03
2532	-1.107531e+03
2533	-1.115627e+03
2534	-1.128894e+03
2535	-1.150555e+03
2536	-1.124180e+03
2537	-1.141799e+03
2538	-1.128623e+03
2539	-1.120483e+03
2540	-1.122518e+03
2541	-1.125104e+03
2542	-1.129733e+03
2543	-1.127046e+03
2544	-1.107522e+03
2545	-1.116757e+03
2546	-1.126084e+03
2547	-1.133997e+03
2548	-1.134107e+03
2549	-1.126879e+03
2550	-1.117674e+03
2551	-1.121813e+03
2552	-1.129567e+03
2553	-1.125792e+03
2554	-1.109389e+03
2555	-1.122071e+03
2556	-1.121867e+03
2557	-1.122562e+03
2558	-1.118882e+03
2559	-1.131461e+03
2560	-1.129688e+03
2561	-1.123107e+03
2562	-1.120300e+03
2563	-1.124073e+03
2564	-1.134948e+03
2565	-1.129848e+03
2566	-1.119060e+03
2567	-1.111040e+03
2568	-1.111960e+03
2569	-1.118046e+03
2570	-1.125063e+03
2571	-1.128910e+03
2572	-1.142236e+03
2573	-1.132150e+03
2574	-1.140467e+03
2575	-1.126412e+03
2576	-1.143953e+03
2577	-1.144079e+03
2578	-1.123061e+03
2579	-1.129783e+03
2580	-1.152579e+03
2581	-1.122602e+03
2582	-1.122633e+03
2583	-1.109790e+03
2584	-1.116822e+03
2585	-1.133396e+03
2586	-1.128245e+03
2587	-1.129400e+03
2588	-1.131452e+03
2589	-1.131233e+03
2590	-1.147443e+03
2591	-1.128061e+03
2592	-1.130620e+03
2593	-1.128672e+03
2594	-1.142699e+03
2595	-1.120205e+03
2596	-1.129571e+03
2597	-1.125038e+03
2598	-1.147380e+03
2599	-1.127857e+03
2600	-1.114702e+03
2601	-1.131699e+03
2602	-1.123718e+03
2603	-1.118044e+03
2604	-1.146124e+03
2605	-1.135476e+03
2606	-1.126446e+03
2607	-1.126973e+03
2608	-1.131486e+03
2609	-1.125664e+03
2610	-1.113926e+03
2611	-1.145671e+03
2612	-1.130440e+03
2613	-1.114568e+03
2614	-1.125840e+03
2615	-1.114881e+03
2616	-1.115006e+03
2617	-1.120275e+03
2618	-1.125134e+03
2619	-1.126631e+03
2620	-1.136165e+03
2621	-1.131034e+03
2622	-1.128912e+03
2623	-1.117644e+03
2624	-1.138610e+03
2625	-1.147441e+03
2626	-1.145031e+03
2627	-1.117240e+03
2628	-1.147271e+03
2629	-1.155138e+03
2630	-1.111490e+03
2631	-1.132159e+03
2632	-1.136138e+03
2633	-1.118009e+03
2634	-1.141102e+03
2635	-1.129009e+03
2636	-1.133573e+03
2637	-1.119812e+03
2638	-1.132107e+03
2639	-1.127175e+03
2640	-1.150130e+03
2641	-1.132447e+03
2642	-1.124037e+03
2643	-1.128041e+03
2644	-1.126727e+03
2645	-1.144474e+03
2646	-1.144323e+03
2647	-1.098538e+03
2648	-1.140999e+03
2649	-1.130145e+03
2650	-1.138602e+03
2651	-1.119498e+03
2652	-1.121896e+03
2653	-1.135668e+03
2654	-1.132509e+03
2655	-1.132006e+03
2656	-1.103719e+03
2657	-1.120704e+03
2658	-1.152234e+03
2659	-1.138918e+03
2660	-1.132229e+03
2661	-1.113730e+03
2662	-1.133835e+03
2663	-1.117819e+03
2664	-1.119919e+03
2665	-1.118925e+03
2666	-1.148520e+03
2667	-1.129024e+03
2668	-1.143508e+03
2669	-1.127050e+03
2670	-1.135118e+03
2671	-1.140310e+03
2672	-1.147350e+03
2673	-1.119675e+03
2674	-1.145196e+03
2675	-1.113834e+03
2676	-1.119794e+03
2677	-1.125785e+03
2678	-1.113099e+03
2679	-1.153786e+03
2680	-1.120658e+03
2681	-1.145466e+03
2682	-1.144871e+03
2683	-1.101482e+03
2684	-1.137969e+03
2685	-1.121106e+03
2686	-1.140963e+03
2687	-1.140588e+03
2688	-1.139270e+03
2689	-1.119489e+03
2690	-1.135792e+03
2691	-1.130647e+03
2692	-1.118573e+03
2693	-1.128586e+03
2694	-1.130168e+03
2695	-1.121163e+03
2696	-1.123718e+03
2697	-1.121924e+03
2698	-1.120089e+03
2699	-1.106375e+03
2700	-1.116237e+03
2701	-1.142749e+03
2702	-1.143788e+03
2703	-1.126006e+03
2704	-1.133026e+03
2705	-1.124035e+03
2706	-1.118404e+03
2707	-1.143571e+03
2708	-1.114439e+03
2709	-1.125765e+03
2710	-1.122515e+03
2711	-1.115122e+03
2712	-1.122713e+03
2713	-1.139874e+03
2714	-1.123151e+03
2715	-1.133738e+03
2716	-1.122030e+03
2717	-1.128575e+03
2718	-1.125231e+03
2719	-1.091032e+03
2720	-1.121669e+03
2721	-1.116367e+03
2722	-1.120434e+03
2723	-1.129938e+03
2724	-1.122654e+03
2725	-1.134933e+03
2726	-1.118560e+03
2727	-1.129962e+03
2728	-1.121160e+03
2729	-1.143877e+03
2730	-1.121684e+03
2731	-1.132424e+03
2732	-1.138896e+03
2733	-1.126658e+03
2734	-1.137536e+03
2735	-1.113555e+03
2736	-1.133809e+03
2737	-1.131446e+03
2738	-1.125423e+03
2739	-1.132679e+03
2740	-1.134069e+03
2741	-1.095573e+03
2742	-1.103621e+03
2743	-1.127696e+03
2744	-1.117459e+03
2745	-1.124396e+03
2746	-1.131729e+03
2747	-1.128943e+03
2748	-1.123754e+03
2749	-1.131039e+03
2750	-1.124793e+03
2751	-1.134272e+03
2752	-1.108475e+03
2753	-1.128613e+03
2754	-1.134053e+03
2755	-1.131004e+03
2756	-1.128963e+03
2757	-1.121848e+03
2758	-1.137690e+03
2759	-1.131093e+03
2760	-1.121573e+03
2761	-1.097353e+03
2762	-1.124716e+03
2763	-1.125028e+03
2764	-1.135702e+03
2765	-1.145519e+03
2766	-1.113100e+03
2767	-1.131456e+03
2768	-1.127827e+03
2769	-1.126140e+03
2770	-1.132913e+03
2771	-1.125124e+03
2772	-1.134041e+03
2773	-1.134352e+03
2774	-1.121660e+03
2775	-1.124649e+03
2776	-1.099733e+03
2777	-1.149750e+03
2778	-1.141768e+03
2779	-1.132407e+03
2780	-1.130417e+03
2781	-1.137445e+03
2782	-1.142295e+03
2783	-1.126712e+03
2784	-1.139668e+03
2785	-1.124763e+03
2786	-1.114577e+03
2787	-1.150151e+03
2788	-1.125010e+03
2789	-1.121847e+03
2790	-1.129049e+03
2791	-1.134378e+03
2792	-1.133210e+03
2793	-1.122217e+03
2794	-1.136293e+03
2795	-1.130999e+03
2796	-1.108351e+03
2797	-1.144366e+03
2798	-1.110951e+03
2799	-1.132431e+03
2800	-1.122791e+03
2801	-1.135470e+03
2802	-1.139362e+03
2803	-1.142324e+03
2804	-1.127248e+03
2805	-1.130137e+03
2806	-1.121513e+03
2807	-1.144746e+03
2808	-1.135469e+03
2809	-1.105394e+03
2810	-1.131650e+03
2811	-1.126079e+03
2812	-1.126093e+03
2813	-1.123512e+03
2814	-1.125826e+03
2815	-1.128828e+03
2816	-1.130423e+03
2817	-1.124308e+03
2818	-1.130798e+03
2819	-1.122661e+03
2820	-1.123607e+03
2821	-1.135758e+03
2822	-1.112546e+03
2823	-1.147924e+03
2824	-1.114239e+03
2825	-1.110643e+03
2826	-1.128000e+03
2827	-1.129576e+03
2828	-1.145378e+03
2829	-1.141336e+03
2830	-1.127715e+03
2831	-1.132366e+03
2832	-1.117113e+03
2833	-1.141091e+03
2834	-1.129995e+03
2835	-1.153198e+03
2836	-1.142861e+03
2837	-1.129140e+03
2838	-1.144086e+03
2839	-1.116474e+03
2840	-1.131302e+03
2841	-1.125127e+03
2842	-1.134954e+03
2843	-1.115788e+03
2844	-1.138375e+03
2845	-1.136771e+03
2846	-1.123701e+03
2847	-1.118641e+03
2848	-1.131197e+03
2849	-1.129351e+03
2850	-1.153969e+03
2851	-1.122578e+03
2852	-1.132746e+03
2853	-1.123375e+03
2854	-1.105577e+03
2855	-1.108983e+03
2856	-1.141738e+03
2857	-1.125359e+03
2858	-1.133573e+03
2859	-1.126545e+03
2860	-1.135531e+03
2861	-1.142612e+03
2862	-1.115173e+03
2863	-1.143641e+03
2864	-1.119275e+03
2865	-1.132212e+03
2866	-1.127582e+03
2867	-1.117053e+03
2868	-1.125589e+03
2869	-1.127729e+03
2870	-1.121991e+03
2871	-1.123936e+03
2872	-1.135158e+03
2873	-1.127347e+03
2874	-1.125215e+03
2875	-1.109576e+03
2876	-1.117470e+03
2877	-1.130063e+03
2878	-1.135158e+03
2879	-1.131476e+03
2880	-1.113797e+03
2881	-1.142492e+03
2882	-1.130742e+03
2883	-1.142884e+03
2884	-1.133544e+03
2885	-1.108795e+03
2886	-1.138415e+03
2887	-1.115275e+03
2888	-1.138991e+03
2889	-1.148829e+03
2890	-1.124723e+03
2891	-1.124045e+03
2892	-1.130945e+03
2893	-1.136992e+03
2894	-1.119403e+03
2895	-1.122990e+03
2896	-1.132396e+03
2897	-1.119455e+03
2898	-1.116217e+03
2899	-1.131602e+03
2900	-1.116496e+03
2901	-1.125870e+03
2902	-1.113403e+03
2903	-1.126296e+03
2904	-1.137421e+03
2905	-1.133727e+03
2906	-1.151525e+03
2907	-1.128740e+03
2908	-1.107753e+03
2909	-1.109874e+03
2910	-1.125475e+03
2911	-1.115045e+03
2912	-1.117330e+03
2913	-1.144417e+03
2914	-1.111891e+03
2915	-1.138712e+03
2916	-1.124866e+03
2917	-1.140287e+03
2918	-1.120421e+03
2919	-1.116498e+03
2920	-1.122625e+03
2921	-1.126757e+03
2922	-1.100085e+03
2923	-1.133119e+03
2924	-1.123870e+03
2925	-1.129003e+03
2926	-1.137707e+03
2927	-1.145142e+03
2928	-1.127170e+03
2929	-1.113267e+03
2930	-1.131991e+03
2931	-1.115024e+03
2932	-1.114469e+03
2933	-1.138251e+03
2934	-1.135674e+03
2935	-1.143674e+03
2936	-1.126376e+03
2937	-1.134843e+03
2938	-1.139599e+03
2939	-1.132508e+03
2940	-1.136823e+03
2941	-1.130965e+03
2942	-1.112415e+03
2943	-1.119083e+03
2944	-1.120428e+03
2945	-1.113716e+03
2946	-1.121217e+03
2947	-1.114514e+03
2948	-1.120665e+03
2949	-1.133136e+03
2950	-1.110923e+03
2951	-1.143396e+03
2952	-1.121984e+03
2953	-1.157075e+03
2954	-1.117850e+03
2955	-1.120702e+03
2956	-1.144610e+03
2957	-1.125926e+03
2958	-1.126546e+03
2959	-1.118178e+03
2960	-1.108438e+03
2961	-1.140411e+03
2962	-1.135324e+03
2963	-1.109170e+03
2964	-1.137385e+03
2965	-1.134618e+03
2966	-1.121282e+03
2967	-1.123461e+03
2968	-1.158033e+03
2969	-1.134712e+03
2970	-1.117542e+03
2971	-1.115810e+03
2972	-1.147300e+03
2973	-1.110379e+03
2974	-1.132103e+03
2975	-1.124925e+03
2976	-1.137989e+03
2977	-1.118899e+03
2978	-1.123039e+03
2979	-1.143745e+03
2980	-1.142154e+03
2981	-1.130541e+03
2982	-1.135552e+03
2983	-1.149034e+03
2984	-1.124834e+03
2985	-1.120988e+03
2986	-1.134141e+03
2987	-1.117607e+03
2988	-1.135702e+03
2989	-1.142087e+03
2990	-1.131879e+03
2991	-1.133890e+03
2992	-1.133014e+03
2993	-1.116532e+03
2994	-1.116793e+03
2995	-1.133843e+03
2996	-1.116906e+03
2997	-1.137089e+03
2998	-1.128062e+03
2999	-1.136472e+03
3000	-1.123159e+03
3001	-1.136704e+03
3002	-1.135530e+03
3003	-1.117014e+03
3004	-1.126837e+03
3005	-1.130376e+03
3006	-1.129383e+03
3007	-1.144207e+03
3008	-1.112428e+03
3009	-1.126182e+03
3010	-1.125889e+03
3011	-1.127833e+03
3012	-1.152573e+03
3013	-1.113991e+03
3014	-1.122659e+03
3015	-1.135318e+03
3016	-1.138625e+03
3017	-1.146090e+03
3018	-1.126367e+03
3019	-1.142757e+03
3020	-1.122646e+03
3021	-1.148547e+03
3022	-1.107035e+03
3023	-1.133794e+03
3024	-1.128353e+03
3025	-1.122495e+03
3026	-1.137766e+03
3027	-1.125338e+03
3028	-1.138380e+03
3029	-1.133502e+03
3030	-1.133604e+03
3031	-1.128167e+03
3032	-1.135177e+03
3033	-1.107090e+03
3034	-1.138459e+03
3035	-1.134182e+03
3036	-1.118838e+03
3037	-1.125084e+03
3038	-1.137891e+03
3039	-1.125951e+03
3040	-1.137494e+03
3041	-1.105061e+03
3042	-1.113876e+03
3043	-1.147298e+03
3044	-1.137314e+03
3045	-1.132317e+03
3046	-1.137501e+03
3047	-1.125895e+03
3048	-1.129558e+03
3049	-1.117908e+03
3050	-1.136003e+03
3051	-1.123618e+03
3052	-1.118856e+03
3053	-1.132875e+03
3054	-1.137911e+03
3055	-1.129685e+03
3056	-1.129481e+03
3057	-1.122284e+03
3058	-1.125844e+03
3059	-1.132131e+03
3060	-1.128821e+03
3061	-1.136933e+03
3062	-1.130290e+03
3063	-1.144734e+03
3064	-1.134551e+03
3065	-1.130329e+03
3066	-1.108868e+03
3067	-1.120244e+03
3068	-1.120834e+03
3069	-1.130471e+03
3070	-1.121570e+03
3071	-1.139927e+03
3072	-1.141498e+03
3073	-1.147918e+03
3074	-1.137559e+03
3075	-1.120270e+03
3076	-1.132265e+03
3077	-1.126595e+03
3078	-1.144008e+03
3079	-1.111732e+03
3080	-1.126488e+03
3081	-1.130455e+03
3082	-1.126014e+03
3083	-1.125880e+03
3084	-1.126332e+03
3085	-1.127336e+03
3086	-1.122825e+03
3087	-1.128301e+03
3088	-1.138402e+03
3089	-1.140379e+03
3090	-1.153904e+03
3091	-1.115217e+03
3092	-1.121247e+03
3093	-1.128613e+03
3094	-1.118898e+03
3095	-1.120110e+03
3096	-1.137034e+03
3097	-1.108152e+03
3098	-1.114694e+03
3099	-1.110310e+03
3100	-1.123915e+03
3101	-1.128947e+03
3102	-1.131838e+03
3103	-1.103598e+03
3104	-1.125569e+03
3105	-1.116217e+03
3106	-1.146455e+03
3107	-1.133999e+03
3108	-1.142132e+03
3109	-1.136970e+03
3110	-1.112586e+03
3111	-1.126389e+03
3112	-1.128691e+03
3113	-1.140869e+03
3114	-1.139319e+03
3115	-1.133744e+03
3116	-1.124834e+03
3117	-1.122105e+03
3118	-1.116589e+03
3119	-1.107004e+03
3120	-1.132302e+03
3121	-1.129808e+03
3122	-1.134174e+03
3123	-1.123879e+03
3124	-1.129675e+03
3125	-1.118366e+03
3126	-1.115422e+03
3127	-1.125064e+03
3128	-1.142891e+03
3129	-1.129506e+03
3130	-1.144811e+03
3131	-1.135033e+03
3132	-1.139434e+03
3133	-1.150966e+03
3134	-1.116821e+03
3135	-1.141066e+03
3136	-1.109489e+03
3137	-1.124958e+03
3138	-1.118686e+03
3139	-1.136716e+03
3140	-1.118397e+03
3141	-1.120123e+03
3142	-1.124276e+03
3143	-1.128026e+03
3144	-1.133819e+03
3145	-1.146273e+03
3146	-1.142167e+03
3147	-1.133267e+03
3148	-1.137969e+03
3149	-1.120588e+03
3150	-1.119781e+03
3151	-1.124719e+03
3152	-1.135224e+03
3153	-1.130875e+03
3154	-1.115238e+03
3155	-1.129593e+03
3156	-1.128289e+03
3157	-1.129507e+03
3158	-1.112599e+03
3159	-1.120535e+03
3160	-1.115356e+03
3161	-1.115775e+03
3162	-1.114607e+03
3163	-1.113740e+03
3164	-1.137837e+03
3165	-1.138740e+03
3166	-1.120792e+03
3167	-1.140938e+03
3168	-1.108780e+03
3169	-1.122713e+03
3170	-1.130479e+03
3171	-1.122621e+03
3172	-1.134793e+03
3173	-1.134988e+03
3174	-1.109579e+03
3175	-1.130321e+03
3176	-1.120098e+03
3177	-1.124221e+03
3178	-1.111264e+03
3179	-1.125084e+03
3180	-1.132048e+03
3181	-1.116255e+03
3182	-1.122851e+03
3183	-1.131879e+03
3184	-1.122300e+03
3185	-1.126358e+03
3186	-1.136711e+03
3187	-1.125682e+03
3188	-1.150324e+03
3189	-1.125739e+03
3190	-1.139101e+03
3191	-1.143691e+03
3192	-1.118075e+03
3193	-1.132008e+03
3194	-1.146315e+03
3195	-1.115496e+03
3196	-1.139536e+03
3197	-1.141552e+03
3198	-1.141064e+03
3199	-1.109929e+03
3200	-1.123920e+03
3201	-1.145693e+03
3202	-1.139911e+03
3203	-1.128158e+03
3204	-1.133408e+03
3205	-1.159856e+03
3206	-1.130671e+03
3207	-1.124152e+03
3208	-1.107592e+03
3209	-1.135195e+03
3210	-1.139008e+03
3211	-1.117514e+03
3212	-1.125769e+03
3213	-1.118942e+03
3214	-1.114611e+03
3215	-1.125108e+03
3216	-1.135989e+03
3217	-1.131514e+03
3218	-1.120914e+03
3219	-1.130638e+03
3220	-1.129264e+03
3221	-1.129729e+03
3222	-1.147393e+03
3223	-1.134026e+03
3224	-1.129074e+03
3225	-1.145540e+03
3226	-1.138543e+03
3227	-1.126258e+03
3228	-1.112953e+03
3229	-1.127500e+03
3230	-1.115234e+03
3231	-1.121929e+03
3232	-1.132177e+03
3233	-1.122077e+03
3234	-1.116889e+03
3235	-1.130880e+03
3236	-1.132032e+03
3237	-1.145885e+03
3238	-1.158858e+03
3239	-1.138319e+03
3240	-1.121800e+03
3241	-1.122194e+03
3242	-1.140317e+03
3243	-1.137766e+03
3244	-1.130547e+03
3245	-1.124065e+03
3246	-1.124828e+03
3247	-1.139287e+03
3248	-1.124144e+03
3249	-1.128141e+03
3250	-1.112445e+03
3251	-1.138431e+03
3252	-1.126392e+03
3253	-1.115902e+03
3254	-1.114782e+03
3255	-1.141125e+03
3256	-1.120100e+03
3257	-1.126036e+03
3258	-1.132235e+03
3259	-1.132736e+03
3260	-1.125761e+03
3261	-1.134964e+03
3262	-1.137151e+03
3263	-1.128207e+03
3264	-1.131577e+03
3265	-1.135064e+03
3266	-1.132454e+03
3267	-1.120084e+03
3268	-1.128330e+03
3269	-1.141009e+03
3270	-1.133164e+03
3271	-1.111495e+03
3272	-1.130580e+03
3273	-1.154329e+03
3274	-1.131111e+03
3275	-1.141213e+03
3276	-1.133266e+03
3277	-1.124044e+03
3278	-1.124179e+03
3279	-1.139220e+03
3280	-1.127358e+03
3281	-1.137965e+03
3282	-1.137196e+03
3283	-1.129775e+03
3284	-1.131910e+03
3285	-1.140013e+03
3286	-1.124797e+03
3287	-1.136965e+03
3288	-1.126906e+03
3289	-1.120215e+03
3290	-1.113598e+03
3291	-1.141576e+03
3292	-1.144764e+03
3293	-1.128525e+03
3294	-1.126378e+03
3295	-1.122995e+03
3296	-1.129473e+03
3297	-1.142527e+03
3298	-1.124002e+03
3299	-1.130393e+03
3300	-1.138060e+03
3301	-1.142474e+03
3302	-1.151182e+03
3303	-1.150005e+03
3304	-1.110633e+03
3305	-1.138867e+03
3306	-1.121080e+03
3307	-1.113254e+03
3308	-1.126183e+03
3309	-1.109147e+03
3310	-1.101669e+03
3311	-1.134063e+03
3312	-1.136359e+03
3313	-1.131908e+03
3314	-1.137776e+03
3315	-1.113804e+03
3316	-1.111837e+03
3317	-1.128878e+03
3318	-1.112106e+03
3319	-1.139576e+03
3320	-1.138401e+03
3321	-1.138905e+03
3322	-1.143033e+03
3323	-1.137225e+03
3324	-1.148875e+03
3325	-1.132019e+03
3326	-1.124442e+03
3327	-1.124471e+03
3328	-1.146484e+03
3329	-1.138926e+03
3330	-1.116533e+03
3331	-1.126363e+03
3332	-1.113940e+03
3333	-1.140318e+03
3334	-1.132608e+03
3335	-1.122280e+03
3336	-1.111302e+03
3337	-1.112233e+03
3338	-1.141481e+03
3339	-1.122862e+03
3340	-1.132432e+03
3341	-1.137643e+03
3342	-1.110693e+03
3343	-1.132946e+03
3344	-1.161296e+03
3345	-1.136833e+03
3346	-1.106885e+03
3347	-1.127613e+03
3348	-1.137046e+03
3349	-1.127449e+03
3350	-1.146963e+03
3351	-1.149662e+03
3352	-1.112407e+03
3353	-1.158118e+03
3354	-1.111895e+03
3355	-1.123649e+03
3356	-1.131332e+03
3357	-1.141176e+03
3358	-1.126493e+03
3359	-1.130524e+03
3360	-1.120888e+03
3361	-1.129503e+03
3362	-1.131776e+03
3363	-1.121080e+03
3364	-1.126927e+03
3365	-1.138965e+03
3366	-1.141776e+03
3367	-1.121751e+03
3368	-1.137350e+03
3369	-1.129217e+03
3370	-1.124672e+03
3371	-1.129192e+03
3372	-1.125848e+03
3373	-1.127076e+03
3374	-1.128714e+03
3375	-1.128144e+03
3376	-1.112880e+03
3377	-1.141656e+03
3378	-1.154488e+03
3379	-1.122093e+03
3380	-1.119739e+03
3381	-1.126096e+03
3382	-1.126557e+03
3383	-1.124491e+03
3384	-1.153107e+03
3385	-1.115534e+03
3386	-1.126282e+03
3387	-1.129782e+03
3388	-1.132339e+03
3389	-1.117481e+03
3390	-1.129992e+03
3391	-1.111730e+03
3392	-1.142809e+03
3393	-1.138105e+03
3394	-1.126150e+03
3395	-1.110667e+03
3396	-1.140665e+03
3397	-1.132765e+03
3398	-1.137020e+03
3399	-1.134658e+03
3400	-1.116681e+03
3401	-1.115483e+03
3402	-1.136926e+03
3403	-1.124665e+03
3404	-1.120920e+03
3405	-1.121459e+03
3406	-1.117481e+03
3407	-1.112028e+03
3408	-1.140329e+03
3409	-1.118529e+03
3410	-1.136092e+03
3411	-1.133932e+03
3412	-1.151185e+03
3413	-1.138275e+03
3414	-1.131400e+03
3415	-1.130480e+03
3416	-1.128233e+03
3417	-1.131213e+03
3418	-1.139298e+03
3419	-1.119364e+03
3420	-1.111264e+03
3421	-1.130864e+03
3422	-1.131329e+03
3423	-1.131740e+03
3424	-1.108731e+03
3425	-1.121925e+03
3426	-1.130238e+03
3427	-1.118021e+03
3428	-1.139135e+03
3429	-1.120051e+03
3430	-1.135349e+03
3431	-1.120182e+03
3432	-1.130909e+03
3433	-1.127695e+03
3434	-1.117487e+03
3435	-1.127061e+03
3436	-1.130455e+03
3437	-1.130798e+03
3438	-1.128607e+03
3439	-1.115586e+03
3440	-1.123718e+03
3441	-1.135257e+03
3442	-1.137097e+03
3443	-1.118672e+03
3444	-1.129144e+03
3445	-1.150137e+03
3446	-1.143569e+03
3447	-1.139208e+03
3448	-1.140995e+03
3449	-1.122768e+03
3450	-1.128071e+03
3451	-1.116786e+03
3452	-1.130401e+03
3453	-1.131616e+03
3454	-1.139282e+03
3455	-1.129710e+03
3456	-1.127849e+03
3457	-1.124920e+03
3458	-1.136564e+03
3459	-1.119961e+03
3460	-1.132681e+03
3461	-1.117457e+03
3462	-1.143438e+03
3463	-1.126188e+03
3464	-1.128379e+03
3465	-1.123449e+03
3466	-1.107465e+03
3467	-1.143351e+03
3468	-1.137220e+03
3469	-1.137397e+03
3470	-1.130300e+03
3471	-1.129279e+03
3472	-1.123061e+03
3473	-1.135499e+03
3474	-1.136333e+03
3475	-1.124697e+03
3476	-1.139652e+03
3477	-1.125076e+03
3478	-1.118658e+03
3479	-1.111429e+03
3480	-1.101982e+03
3481	-1.124710e+03
3482	-1.133467e+03
3483	-1.128824e+03
3484	-1.132584e+03
3485	-1.144321e+03
3486	-1.130139e+03
3487	-1.111010e+03
3488	-1.136211e+03
3489	-1.114012e+03
3490	-1.153443e+03
3491	-1.141498e+03
3492	-1.129232e+03
3493	-1.118127e+03
3494	-1.122475e+03
3495	-1.153235e+03
3496	-1.121023e+03
3497	-1.128780e+03
3498	-1.129199e+03
3499	-1.103200e+03
3500	-1.133831e+03
3501	-1.108423e+03
3502	-1.129148e+03
3503	-1.126323e+03
3504	-1.138922e+03
3505	-1.148747e+03
3506	-1.109163e+03
3507	-1.126557e+03
3508	-1.123999e+03
3509	-1.124718e+03
3510	-1.124431e+03
3511	-1.130851e+03
3512	-1.136206e+03
3513	-1.129363e+03
3514	-1.119470e+03
3515	-1.116353e+03
3516	-1.149225e+03
3517	-1.136680e+03
3518	-1.116395e+03
3519	-1.135069e+03
3520	-1.139903e+03
3521	-1.117760e+03
3522	-1.108897e+03
3523	-1.148102e+03
3524	-1.145132e+03
3525	-1.133726e+03
3526	-1.134174e+03
3527	-1.128958e+03
3528	-1.137628e+03
3529	-1.123047e+03
3530	-1.129722e+03
3531	-1.122238e+03
3532	-1.133960e+03
3533	-1.128587e+03
3534	-1.130958e+03
3535	-1.123522e+03
3536	-1.127503e+03
3537	-1.141976e+03
3538	-1.138415e+03
3539	-1.103430e+03
3540	-1.126674e+03
3541	-1.131783e+03
3542	-1.130199e+03
3543	-1.127217e+03
3544	-1.141614e+03
3545	-1.138213e+03
3546	-1.124198e+03
3547	-1.127028e+03
3548	-1.140603e+03
3549	-1.138076e+03
3550	-1.124883e+03
3551	-1.152064e+03
3552	-1.124248e+03
3553	-1.125429e+03
3554	-1.136136e+03
3555	-1.137095e+03
3556	-1.136794e+03
3557	-1.143512e+03
3558	-1.137985e+03
3559	-1.130310e+03
3560	-1.118254e+03
3561	-1.128841e+03
3562	-1.151438e+03
3563	-1.132524e+03
3564	-1.118465e+03
3565	-1.140218e+03
3566	-1.126122e+03
3567	-1.133764e+03
3568	-1.128955e+03
3569	-1.122579e+03
3570	-1.128860e+03
3571	-1.150064e+03
3572	-1.129323e+03
3573	-1.140587e+03
3574	-1.162639e+03
3575	-1.144735e+03
3576	-1.119672e+03
3577	-1.143428e+03
3578	-1.110722e+03
3579	-1.120322e+03
3580	-1.115755e+03
3581	-1.122798e+03
3582	-1.136121e+03
3583	-1.136076e+03
3584	-1.121548e+03
3585	-1.127854e+03
3586	-1.123896e+03
3587	-1.137571e+03
3588	-1.138020e+03
3589	-1.112978e+03
3590	-1.124988e+03
3591	-1.126007e+03
3592	-1.134861e+03
3593	-1.145432e+03
3594	-1.131504e+03
3595	-1.125302e+03
3596	-1.123928e+03
3597	-1.135186e+03
3598	-1.119800e+03
3599	-1.123757e+03
3600	-1.126795e+03
3601	-1.125500e+03
3602	-1.130428e+03
3603	-1.128620e+03
3604	-1.123184e+03
3605	-1.131835e+03
3606	-1.125230e+03
3607	-1.108966e+03
3608	-1.138599e+03
3609	-1.141340e+03
3610	-1.116335e+03
3611	-1.143260e+03
3612	-1.119989e+03
3613	-1.147544e+03
3614	-1.114049e+03
3615	-1.125328e+03
3616	-1.124792e+03
3617	-1.127076e+03
3618	-1.148967e+03
3619	-1.138866e+03
3620	-1.113858e+03
3621	-1.140896e+03
3622	-1.128921e+03
3623	-1.111614e+03
3624	-1.120043e+03
3625	-1.135454e+03
3626	-1.106415e+03
3627	-1.133476e+03
3628	-1.139277e+03
3629	-1.123929e+03
3630	-1.165990e+03
3631	-1.135760e+03
3632	-1.142711e+03
3633	-1.128536e+03
3634	-1.143652e+03
3635	-1.132641e+03
3636	-1.131891e+03
3637	-1.135805e+03
3638	-1.124825e+03
3639	-1.118838e+03
3640	-1.127578e+03
3641	-1.133470e+03
3642	-1.127877e+03
3643	-1.125884e+03
3644	-1.120597e+03
3645	-1.129928e+03
3646	-1.102321e+03
3647	-1.118867e+03
3648	-1.135802e+03
3649	-1.122386e+03
3650	-1.132714e+03
3651	-1.118728e+03
3652	-1.160982e+03
3653	-1.134742e+03
3654	-1.127229e+03
3655	-1.126716e+03
3656	-1.120052e+03
3657	-1.130128e+03
3658	-1.142954e+03
3659	-1.141526e+03
3660	-1.125743e+03
3661	-1.135045e+03
3662	-1.134294e+03
3663	-1.108941e+03
3664	-1.124831e+03
3665	-1.130517e+03
3666	-1.114097e+03
3667	-1.135249e+03
3668	-1.129567e+03
3669	-1.127489e+03
3670	-1.120730e+03
3671	-1.119971e+03
3672	-1.127460e+03
3673	-1.133626e+03
3674	-1.103858e+03
3675	-1.119783e+03
3676	-1.138505e+03
3677	-1.126350e+03
3678	-1.135437e+03
3679	-1.152573e+03
3680	-1.134702e+03
3681	-1.140247e+03
3682	-1.134147e+03
3683	-1.143623e+03
3684	-1.123237e+03
3685	-1.133807e+03
3686	-1.130207e+03
3687	-1.133405e+03
3688	-1.126411e+03
3689	-1.131896e+03
3690	-1.128285e+03
3691	-1.116091e+03
3692	-1.112252e+03
3693	-1.132862e+03
3694	-1.126988e+03
3695	-1.126610e+03
3696	-1.129056e+03
3697	-1.115602e+03
3698	-1.130412e+03
3699	-1.140751e+03
3700	-1.104021e+03
3701	-1.130341e+03
3702	-1.147366e+03
3703	-1.128956e+03
3704	-1.124108e+03
3705	-1.129741e+03
3706	-1.122344e+03
3707	-1.130771e+03
3708	-1.135445e+03
3709	-1.134226e+03
3710	-1.126022e+03
3711	-1.118498e+03
3712	-1.119962e+03
3713	-1.138139e+03
3714	-1.142364e+03
3715	-1.116511e+03
3716	-1.135785e+03
3717	-1.137936e+03
3718	-1.109212e+03
3719	-1.117448e+03
3720	-1.151063e+03
3721	-1.138949e+03
3722	-1.141738e+03
3723	-1.119102e+03
3724	-1.121782e+03
3725	-1.165466e+03
3726	-1.128902e+03
3727	-1.125922e+03
3728	-1.141082e+03
3729	-1.141622e+03
3730	-1.129821e+03
3731	-1.139708e+03
3732	-1.124643e+03
3733	-1.115703e+03
3734	-1.118791e+03
3735	-1.132685e+03
3736	-1.116726e+03
3737	-1.119245e+03
3738	-1.134303e+03
3739	-1.119881e+03
3740	-1.139918e+03
3741	-1.114225e+03
3742	-1.113329e+03
3743	-1.138069e+03
3744	-1.139682e+03
3745	-1.162149e+03
3746	-1.133133e+03
3747	-1.119776e+03
3748	-1.131173e+03
3749	-1.132964e+03
3750	-1.132715e+03
3751	-1.129824e+03
3752	-1.144060e+03
3753	-1.120851e+03
3754	-1.130313e+03
3755	-1.121216e+03
3756	-1.148736e+03
3757	-1.133266e+03
3758	-1.132618e+03
3759	-1.124109e+03
3760	-1.115440e+03
3761	-1.114099e+03
3762	-1.130028e+03
3763	-1.128871e+03
3764	-1.110740e+03
3765	-1.116975e+03
3766	-1.127276e+03
3767	-1.137075e+03
3768	-1.143125e+03
3769	-1.125952e+03
3770	-1.120084e+03
3771	-1.133868e+03
3772	-1.111075e+03
3773	-1.123050e+03
3774	-1.136277e+03
3775	-1.128915e+03
3776	-1.122049e+03
3777	-1.129574e+03
3778	-1.117599e+03
3779	-1.133791e+03
3780	-1.112187e+03
3781	-1.132431e+03
3782	-1.154254e+03
3783	-1.147974e+03
3784	-1.135827e+03
3785	-1.125233e+03
3786	-1.117792e+03
3787	-1.124276e+03
3788	-1.134147e+03
3789	-1.136847e+03
3790	-1.118028e+03
3791	-1.120960e+03
3792	-1.115773e+03
3793	-1.135224e+03
3794	-1.139562e+03
3795	-1.129345e+03
3796	-1.144730e+03
3797	-1.101339e+03
3798	-1.129032e+03
3799	-1.133728e+03
3800	-1.126040e+03
3801	-1.129929e+03
3802	-1.136805e+03
3803	-1.125081e+03
3804	-1.123105e+03
3805	-1.116240e+03
3806	-1.125956e+03
3807	-1.136552e+03
3808	-1.141005e+03
3809	-1.122720e+03
3810	-1.141890e+03
3811	-1.124104e+03
3812	-1.120886e+03
3813	-1.126814e+03
3814	-1.117559e+03
3815	-1.122555e+03
3816	-1.146736e+03
3817	-1.120641e+03
3818	-1.119328e+03
3819	-1.138253e+03
3820	-1.127158e+03
3821	-1.133163e+03
3822	-1.129757e+03
3823	-1.131398e+03
3824	-1.126152e+03
3825	-1.135490e+03
3826	-1.109326e+03
3827	-1.130172e+03
3828	-1.128738e+03
3829	-1.140001e+03
3830	-1.130424e+03
3831	-1.128378e+03
3832	-1.120973e+03
3833	-1.109475e+03
3834	-1.129137e+03
3835	-1.141955e+03
3836	-1.117517e+03
3837	-1.119247e+03
3838	-1.129140e+03
3839	-1.117146e+03
3840	-1.134275e+03
3841	-1.112553e+03
3842	-1.144312e+03
3843	-1.130521e+03
3844	-1.138980e+03
3845	-1.141929e+03
3846	-1.125394e+03
3847	-1.127772e+03
3848	-1.125819e+03
3849	-1.136446e+03
3850	-1.147717e+03
3851	-1.122741e+03
3852	-1.117165e+03
3853	-1.126373e+03
3854	-1.121413e+03
3855	-1.117731e+03
3856	-1.131688e+03
3857	-1.132234e+03
3858	-1.146903e+03
3859	-1.134100e+03
3860	-1.134030e+03
3861	-1.145745e+03
3862	-1.129793e+03
3863	-1.149025e+03
3864	-1.125223e+03
3865	-1.131107e+03
3866	-1.114821e+03
3867	-1.116646e+03
3868	-1.114670e+03
3869	-1.124879e+03
3870	-1.128613e+03
3871	-1.121859e+03
3872	-1.126781e+03
3873	-1.113052e+03
3874	-1.131798e+03
3875	-1.112224e+03
3876	-1.130830e+03
3877	-1.143587e+03
3878	-1.134988e+03
3879	-1.145088e+03
3880	-1.122541e+03
3881	-1.138587e+03
3882	-1.146646e+03
3883	-1.130532e+03
3884	-1.121904e+03
3885	-1.126993e+03
3886	-1.134702e+03
3887	-1.119745e+03
3888	-1.124947e+03
3889	-1.134357e+03
3890	-1.136291e+03
3891	-1.128388e+03
3892	-1.144649e+03
3893	-1.129738e+03
3894	-1.129681e+03
3895	-1.131525e+03
3896	-1.128363e+03
3897	-1.133438e+03
3898	-1.138678e+03
3899	-1.134336e+03
3900	-1.130627e+03
3901	-1.124186e+03
3902	-1.124833e+03
3903	-1.127622e+03
3904	-1.128872e+03
3905	-1.120009e+03
3906	-1.142699e+03
3907	-1.103295e+03
3908	-1.119133e+03
3909	-1.127964e+03
3910	-1.147440e+03
3911	-1.124319e+03
3912	-1.118174e+03
3913	-1.121316e+03
3914	-1.117481e+03
3915	-1.138546e+03
3916	-1.132184e+03
3917	-1.106941e+03
3918	-1.119490e+03
3919	-1.116911e+03
3920	-1.144624e+03
3921	-1.121344e+03
3922	-1.128047e+03
3923	-1.140929e+03
3924	-1.147054e+03
3925	-1.138664e+03
3926	-1.133934e+03
3927	-1.143102e+03
3928	-1.136015e+03
3929	-1.116368e+03
3930	-1.121425e+03
3931	-1.140137e+03
3932	-1.120195e+03
3933	-1.149459e+03
3934	-1.133702e+03
3935	-1.141233e+03
3936	-1.130279e+03
3937	-1.115792e+03
3938	-1.127819e+03
3939	-1.115981e+03
3940	-1.141405e+03
3941	-1.127606e+03
3942	-1.118911e+03
3943	-1.136293e+03
3944	-1.121365e+03
3945	-1.127580e+03
3946	-1.131697e+03
3947	-1.114676e+03
3948	-1.120718e+03
3949	-1.108260e+03
3950	-1.137848e+03
3951	-1.120747e+03
3952	-1.146207e+03
3953	-1.141656e+03
3954	-1.118513e+03
3955	-1.118866e+03
3956	-1.133525e+03
3957	-1.116366e+03
3958	-1.135370e+03
3959	-1.116791e+03
3960	-1.123418e+03
3961	-1.119936e+03
3962	-1.138251e+03
3963	-1.144906e+03
3964	-1.116340e+03
3965	-1.123830e+03
3966	-1.134042e+03
3967	-1.135030e+03
3968	-1.135274e+03
3969	-1.125706e+03
3970	-1.111717e+03
3971	-1.123349e+03
3972	-1.121795e+03
3973	-1.116715e+03
3974	-1.133882e+03
3975	-1.133461e+03
3976	-1.112933e+03
3977	-1.111272e+03
3978	-1.121556e+03
3979	-1.123967e+03
3980	-1.126168e+03
3981	-1.123908e+03
3982	-1.119240e+03
3983	-1.121005e+03
3984	-1.130914e+03
3985	-1.143031e+03
3986	-1.130909e+03
3987	-1.141218e+03
3988	-1.112769e+03
3989	-1.121565e+03
3990	-1.117809e+03
3991	-1.142179e+03
3992	-1.138346e+03
3993	-1.112978e+03
3994	-1.131453e+03
3995	-1.133104e+03
3996	-1.130519e+03
3997	-1.116698e+03
3998	-1.128329e+03
3999	-1.131455e+03
4000	-1.118378e+03
4001	-1.123646e+03
4002	-1.122723e+03
4003	-1.115626e+03
4004	-1.127068e+03
4005	-1.132542e+03
4006	-1.132098e+03
4007	-1.141117e+03
4008	-1.125944e+03
4009	-1.102653e+03
4010	-1.118749e+03
4011	-1.121962e+03
4012	-1.145580e+03
4013	-1.140939e+03
4014	-1.125309e+03
4015	-1.129561e+03
4016	-1.115543e+03
4017	-1.117871e+03
4018	-1.122248e+03
4019	-1.128711e+03
4020	-1.132065e+03
4021	-1.119342e+03
4022	-1.138177e+03
4023	-1.107159e+03
4024	-1.116208e+03
4025	-1.137486e+03
4026	-1.137046e+03
4027	-1.134436e+03
4028	-1.093504e+03
4029	-1.128798e+03
4030	-1.124590e+03
4031	-1.127222e+03
4032	-1.129271e+03
4033	-1.122703e+03
4034	-1.105708e+03
4035	-1.121070e+03
4036	-1.141548e+03
4037	-1.131601e+03
4038	-1.142367e+03
4039	-1.137383e+03
4040	-1.136494e+03
4041	-1.129939e+03
4042	-1.135896e+03
4043	-1.127200e+03
4044	-1.137055e+03
4045	-1.123206e+03
4046	-1.117624e+03
4047	-1.124099e+03
4048	-1.127141e+03
4049	-1.142047e+03
4050	-1.141401e+03
4051	-1.121099e+03
4052	-1.124764e+03
4053	-1.131127e+03
4054	-1.126388e+03
4055	-1.133443e+03
4056	-1.118210e+03
4057	-1.129327e+03
4058	-1.129516e+03
4059	-1.142207e+03
4060	-1.130374e+03
4061	-1.134901e+03
4062	-1.142195e+03
4063	-1.111008e+03
4064	-1.111707e+03
4065	-1.132127e+03
4066	-1.137604e+03
4067	-1.140351e+03
4068	-1.133548e+03
4069	-1.129143e+03
4070	-1.122668e+03
4071	-1.120609e+03
4072	-1.118994e+03
4073	-1.119191e+03
4074	-1.102265e+03
4075	-1.148070e+03
4076	-1.120167e+03
4077	-1.125937e+03
4078	-1.121146e+03
4079	-1.135037e+03
4080	-1.132014e+03
4081	-1.113185e+03
4082	-1.136204e+03
4083	-1.122230e+03
4084	-1.112484e+03
4085	-1.140305e+03
4086	-1.109903e+03
4087	-1.112310e+03
4088	-1.144493e+03
4089	-1.119912e+03
4090	-1.119878e+03
4091	-1.114489e+03
4092	-1.112360e+03
4093	-1.120878e+03
4094	-1.127554e+03
4095	-1.096655e+03
4096	-1.115713e+03
4097	-1.128094e+03
4098	-1.136024e+03
4099	-1.119189e+03
4100	-1.106255e+03
4101	-1.123112e+03
4102	-1.135494e+03
4103	-1.126084e+03
4104	-1.130085e+03
4105	-1.135132e+03
4106	-1.140666e+03
4107	-1.122946e+03
4108	-1.124716e+03
4109	-1.123771e+03
4110	-1.111442e+03
4111	-1.129830e+03
4112	-1.118885e+03
4113	-1.116733e+03
4114	-1.126644e+03
4115	-1.144373e+03
4116	-1.123180e+03
4117	-1.128375e+03
4118	-1.146380e+03
4119	-1.127354e+03
4120	-1.115947e+03
4121	-1.125331e+03
4122	-1.134332e+03
4123	-1.122556e+03
4124	-1.148557e+03
4125	-1.112017e+03
4126	-1.134743e+03
4127	-1.124668e+03
4128	-1.137981e+03
4129	-1.144185e+03
4130	-1.128360e+03
4131	-1.121198e+03
4132	-1.118659e+03
4133	-1.123944e+03
4134	-1.135599e+03
4135	-1.123053e+03
4136	-1.142908e+03
4137	-1.134125e+03
4138	-1.131735e+03
4139	-1.126795e+03
4140	-1.111261e+03
4141	-1.126371e+03
4142	-1.126071e+03
4143	-1.119042e+03
4144	-1.120337e+03
4145	-1.136018e+03
4146	-1.116655e+03
4147	-1.112228e+03
4148	-1.145494e+03
4149	-1.117454e+03
4150	-1.121025e+03
4151	-1.125263e+03
4152	-1.136206e+03
4153	-1.139505e+03
4154	-1.122287e+03
4155	-1.137547e+03
4156	-1.120000e+03
4157	-1.140268e+03
4158	-1.130778e+03
4159	-1.114676e+03
4160	-1.119712e+03
4161	-1.160201e+03
4162	-1.134539e+03
4163	-1.116598e+03
4164	-1.132194e+03
4165	-1.138134e+03
4166	-1.134209e+03
4167	-1.111264e+03
4168	-1.125127e+03
4169	-1.141232e+03
4170	-1.130312e+03
4171	-1.112544e+03
4172	-1.132282e+03
4173	-1.132018e+03
4174	-1.127706e+03
4175	-1.117118e+03
4176	-1.131909e+03
4177	-1.133861e+03
4178	-1.158609e+03
4179	-1.126511e+03
4180	-1.143135e+03
4181	-1.143976e+03
4182	-1.113080e+03
4183	-1.131894e+03
4184	-1.129710e+03
4185	-1.107822e+03
4186	-1.122435e+03
4187	-1.130779e+03
4188	-1.132491e+03
4189	-1.122404e+03
4190	-1.116240e+03
4191	-1.118890e+03
4192	-1.127406e+03
4193	-1.123507e+03
4194	-1.126236e+03
4195	-1.120016e+03
4196	-1.116110e+03
4197	-1.120425e+03
4198	-1.119344e+03
4199	-1.130755e+03
4200	-1.144246e+03
4201	-1.131905e+03
4202	-1.123390e+03
4203	-1.129127e+03
4204	-1.158637e+03
4205	-1.124665e+03
4206	-1.129039e+03
4207	-1.127094e+03
4208	-1.124417e+03
4209	-1.135066e+03
4210	-1.130708e+03
4211	-1.135423e+03
4212	-1.138691e+03
4213	-1.113476e+03
4214	-1.158424e+03
4215	-1.136139e+03
4216	-1.115695e+03
4217	-1.126362e+03
4218	-1.125652e+03
4219	-1.128088e+03
4220	-1.129981e+03
4221	-1.133097e+03
4222	-1.138101e+03
4223	-1.122519e+03
4224	-1.130471e+03
4225	-1.113511e+03
4226	-1.126570e+03
4227	-1.116294e+03
4228	-1.106393e+03
4229	-1.133244e+03
4230	-1.120805e+03
4231	-1.105953e+03
4232	-1.106699e+03
4233	-1.127186e+03
4234	-1.140941e+03
4235	-1.123267e+03
4236	-1.157294e+03
4237	-1.112094e+03
4238	-1.106775e+03
4239	-1.118197e+03
4240	-1.124820e+03
4241	-1.110911e+03
4242	-1.142170e+03
4243	-1.128077e+03
4244	-1.124771e+03
4245	-1.130033e+03
4246	-1.123829e+03
4247	-1.117725e+03
4248	-1.131846e+03
4249	-1.129593e+03
4250	-1.123740e+03
4251	-1.127460e+03
4252	-1.124717e+03
4253	-1.125632e+03
4254	-1.147858e+03
4255	-1.110068e+03
4256	-1.127415e+03
4257	-1.125535e+03
4258	-1.122804e+03
4259	-1.132391e+03
4260	-1.139732e+03
4261	-1.137364e+03
4262	-1.123428e+03
4263	-1.148668e+03
4264	-1.126043e+03
4265	-1.125147e+03
4266	-1.117555e+03
4267	-1.111528e+03
4268	-1.134744e+03
4269	-1.129163e+03
4270	-1.136330e+03
4271	-1.145336e+03
4272	-1.130110e+03
4273	-1.140197e+03
4274	-1.141680e+03
4275	-1.125991e+03
4276	-1.133542e+03
4277	-1.132334e+03
4278	-1.117728e+03
4279	-1.135342e+03
4280	-1.116841e+03
4281	-1.131999e+03
4282	-1.138128e+03
4283	-1.118739e+03
4284	-1.128945e+03
4285	-1.127868e+03
4286	-1.126893e+03
4287	-1.118541e+03
4288	-1.144896e+03
4289	-1.138005e+03
4290	-1.126427e+03
4291	-1.124929e+03
4292	-1.135087e+03
4293	-1.123592e+03
4294	-1.130680e+03
4295	-1.136713e+03
4296	-1.125438e+03
4297	-1.116029e+03
4298	-1.136087e+03
4299	-1.144701e+03
4300	-1.145476e+03
4301	-1.128000e+03
4302	-1.130375e+03
4303	-1.147269e+03
4304	-1.134057e+03
4305	-1.148513e+03
4306	-1.145874e+03
4307	-1.132131e+03
4308	-1.121810e+03
4309	-1.130819e+03
4310	-1.124779e+03
4311	-1.114867e+03
4312	-1.130463e+03
4313	-1.131639e+03
4314	-1.120481e+03
4315	-1.131143e+03
4316	-1.127038e+03
4317	-1.135016e+03
4318	-1.122472e+03
4319	-1.145012e+03
4320	-1.129206e+03
4321	-1.143558e+03
4322	-1.116390e+03
4323	-1.113022e+03
4324	-1.111694e+03
4325	-1.119336e+03
4326	-1.105061e+03
4327	-1.119671e+03
4328	-1.133939e+03
4329	-1.124242e+03
4330	-1.127483e+03
4331	-1.119768e+03
4332	-1.125678e+03
4333	-1.122995e+03
4334	-1.115317e+03
4335	-1.126873e+03
4336	-1.127121e+03
4337	-1.127948e+03
4338	-1.125756e+03
4339	-1.131229e+03
4340	-1.137640e+03
4341	-1.096527e+03
4342	-1.114167e+03
4343	-1.128166e+03
4344	-1.122847e+03
4345	-1.137703e+03
4346	-1.146874e+03
4347	-1.137755e+03
4348	-1.129053e+03
4349	-1.125359e+03
4350	-1.089036e+03
4351	-1.136298e+03
4352	-1.119077e+03
4353	-1.119679e+03
4354	-1.138265e+03
4355	-1.132334e+03
4356	-1.115144e+03
4357	-1.136126e+03
4358	-1.111592e+03
4359	-1.121127e+03
4360	-1.124380e+03
4361	-1.133538e+03
4362	-1.129847e+03
4363	-1.125518e+03
4364	-1.130834e+03
4365	-1.142484e+03
4366	-1.143763e+03
4367	-1.129773e+03
4368	-1.125355e+03
4369	-1.120131e+03
4370	-1.127174e+03
4371	-1.115531e+03
4372	-1.122903e+03
4373	-1.128711e+03
4374	-1.137036e+03
4375	-1.120659e+03
4376	-1.117658e+03
4377	-1.131532e+03
4378	-1.149777e+03
4379	-1.124200e+03
4380	-1.127548e+03
4381	-1.151531e+03
4382	-1.130708e+03
4383	-1.112568e+03
4384	-1.113095e+03
4385	-1.124152e+03
4386	-1.148158e+03
4387	-1.107597e+03
4388	-1.116856e+03
4389	-1.114008e+03
4390	-1.106009e+03
4391	-1.130059e+03
4392	-1.146122e+03
4393	-1.123888e+03
4394	-1.124707e+03
4395	-1.138923e+03
4396	-1.144124e+03
4397	-1.118709e+03
4398	-1.111973e+03
4399	-1.134567e+03
4400	-1.137419e+03
4401	-1.150480e+03
4402	-1.135936e+03
4403	-1.133640e+03
4404	-1.113314e+03
4405	-1.130155e+03
4406	-1.160239e+03
4407	-1.141864e+03
4408	-1.122784e+03
4409	-1.113368e+03
4410	-1.126985e+03
4411	-1.116708e+03
4412	-1.123752e+03
4413	-1.143599e+03
4414	-1.115578e+03
4415	-1.137839e+03
4416	-1.125122e+03
4417	-1.151617e+03
4418	-1.141611e+03
4419	-1.134222e+03
4420	-1.139869e+03
4421	-1.121516e+03
4422	-1.125443e+03
4423	-1.138523e+03
4424	-1.129446e+03
4425	-1.156745e+03
4426	-1.122500e+03
4427	-1.125641e+03
4428	-1.130053e+03
4429	-1.139950e+03
4430	-1.123415e+03
4431	-1.145600e+03
4432	-1.121861e+03
4433	-1.126262e+03
4434	-1.160001e+03
4435	-1.122646e+03
4436	-1.108940e+03
4437	-1.128677e+03
4438	-1.140506e+03
4439	-1.117077e+03
4440	-1.128041e+03
4441	-1.133135e+03
4442	-1.137365e+03
4443	-1.118191e+03
4444	-1.125607e+03
4445	-1.119441e+03
4446	-1.154247e+03
4447	-1.123869e+03
4448	-1.136361e+03
4449	-1.134770e+03
4450	-1.127906e+03
4451	-1.129380e+03
4452	-1.137120e+03
4453	-1.128506e+03
4454	-1.129846e+03
4455	-1.115919e+03
4456	-1.137915e+03
4457	-1.150265e+03
4458	-1.144007e+03
4459	-1.153999e+03
4460	-1.108744e+03
4461	-1.102101e+03
4462	-1.128312e+03
4463	-1.139256e+03
4464	-1.138964e+03
4465	-1.139478e+03
4466	-1.150137e+03
4467	-1.114032e+03
4468	-1.130284e+03
4469	-1.126394e+03
4470	-1.131851e+03
4471	-1.150344e+03
4472	-1.125571e+03
4473	-1.126493e+03
4474	-1.150815e+03
4475	-1.126610e+03
4476	-1.114815e+03
4477	-1.114155e+03
4478	-1.116947e+03
4479	-1.145936e+03
4480	-1.126922e+03
4481	-1.115196e+03
4482	-1.128482e+03
4483	-1.119961e+03
4484	-1.159706e+03
4485	-1.117206e+03
4486	-1.130283e+03
4487	-1.127902e+03
4488	-1.140955e+03
4489	-1.126485e+03
4490	-1.131430e+03
4491	-1.121357e+03
4492	-1.129377e+03
4493	-1.124078e+03
4494	-1.137265e+03
4495	-1.133249e+03
4496	-1.117790e+03
4497	-1.126389e+03
4498	-1.140969e+03
4499	-1.144051e+03
4500	-1.136153e+03
4501	-1.132455e+03
4502	-1.121092e+03
4503	-1.128767e+03
4504	-1.130146e+03
4505	-1.124189e+03
4506	-1.116797e+03
4507	-1.120868e+03
4508	-1.144902e+03
4509	-1.130674e+03
4510	-1.134888e+03
4511	-1.140033e+03
4512	-1.125453e+03
4513	-1.110800e+03
4514	-1.138944e+03
4515	-1.136062e+03
4516	-1.124010e+03
4517	-1.122597e+03
4518	-1.129471e+03
4519	-1.129257e+03
4520	-1.125006e+03
4521	-1.127390e+03
4522	-1.132214e+03
4523	-1.133501e+03
4524	-1.125897e+03
4525	-1.123351e+03
4526	-1.131700e+03
4527	-1.146521e+03
4528	-1.113516e+03
4529	-1.129144e+03
4530	-1.138833e+03
4531	-1.101900e+03
4532	-1.143456e+03
4533	-1.126767e+03
4534	-1.135665e+03
4535	-1.097112e+03
4536	-1.105370e+03
4537	-1.126372e+03
4538	-1.124535e+03
4539	-1.127823e+03
4540	-1.127660e+03
4541	-1.101021e+03
4542	-1.117614e+03
4543	-1.131094e+03
4544	-1.132960e+03
4545	-1.146380e+03
4546	-1.122603e+03
4547	-1.109431e+03
4548	-1.129754e+03
4549	-1.136595e+03
4550	-1.138885e+03
4551	-1.121552e+03
4552	-1.126786e+03
4553	-1.105714e+03
4554	-1.108441e+03
4555	-1.133535e+03
4556	-1.123604e+03
4557	-1.115961e+03
4558	-1.134334e+03
4559	-1.112840e+03
4560	-1.142823e+03
4561	-1.138674e+03
4562	-1.125912e+03
4563	-1.146762e+03
4564	-1.124722e+03
4565	-1.135523e+03
4566	-1.136533e+03
4567	-1.109328e+03
4568	-1.138721e+03
4569	-1.122515e+03
4570	-1.132448e+03
4571	-1.111071e+03
4572	-1.110311e+03
4573	-1.122585e+03
4574	-1.130746e+03
4575	-1.146544e+03
4576	-1.128464e+03
4577	-1.124587e+03
4578	-1.125393e+03
4579	-1.120492e+03
4580	-1.126186e+03
4581	-1.134964e+03
4582	-1.124177e+03
4583	-1.125800e+03
4584	-1.151799e+03
4585	-1.127491e+03
4586	-1.141808e+03
4587	-1.151874e+03
4588	-1.139623e+03
4589	-1.131806e+03
4590	-1.145757e+03
4591	-1.126679e+03
4592	-1.144172e+03
4593	-1.141057e+03
4594	-1.146781e+03
4595	-1.151774e+03
4596	-1.126451e+03
4597	-1.129625e+03
4598	-1.128058e+03
4599	-1.126773e+03
4600	-1.122037e+03
4601	-1.144702e+03
4602	-1.124692e+03
4603	-1.122426e+03
4604	-1.121128e+03
4605	-1.138561e+03
4606	-1.128570e+03
4607	-1.150632e+03
4608	-1.118062e+03
4609	-1.159338e+03
4610	-1.121619e+03
4611	-1.134984e+03
4612	-1.128871e+03
4613	-1.127155e+03
4614	-1.127792e+03
4615	-1.140761e+03
4616	-1.119930e+03
4617	-1.123176e+03
4618	-1.125077e+03
4619	-1.134981e+03
4620	-1.136180e+03
4621	-1.116423e+03
4622	-1.136931e+03
4623	-1.118977e+03
4624	-1.130749e+03
4625	-1.127640e+03
4626	-1.136896e+03
4627	-1.113827e+03
4628	-1.134155e+03
4629	-1.145634e+03
4630	-1.134734e+03
4631	-1.120217e+03
4632	-1.140132e+03
4633	-1.138892e+03
4634	-1.129189e+03
4635	-1.120232e+03
4636	-1.122712e+03
4637	-1.130612e+03
4638	-1.133573e+03
4639	-1.147909e+03
4640	-1.127662e+03
4641	-1.119304e+03
4642	-1.143710e+03
4643	-1.122904e+03
4644	-1.121026e+03
4645	-1.136513e+03
4646	-1.129551e+03
4647	-1.133404e+03
4648	-1.115977e+03
4649	-1.124701e+03
4650	-1.125696e+03
4651	-1.120305e+03
4652	-1.144999e+03
4653	-1.148679e+03
4654	-1.137334e+03
4655	-1.115402e+03
4656	-1.117512e+03
4657	-1.137661e+03
4658	-1.123720e+03
4659	-1.136841e+03
4660	-1.120430e+03
4661	-1.128456e+03
4662	-1.114403e+03
4663	-1.127656e+03
4664	-1.137284e+03
4665	-1.134648e+03
4666	-1.137933e+03
4667	-1.130448e+03
4668	-1.121330e+03
4669	-1.128010e+03
4670	-1.131996e+03
4671	-1.149589e+03
4672	-1.133477e+03
4673	-1.144710e+03
4674	-1.142931e+03
4675	-1.118619e+03
4676	-1.125670e+03
4677	-1.129428e+03
4678	-1.129963e+03
4679	-1.155894e+03
4680	-1.131901e+03
4681	-1.136172e+03
4682	-1.131941e+03
4683	-1.152242e+03
4684	-1.130681e+03
4685	-1.130855e+03
4686	-1.115625e+03
4687	-1.124526e+03
4688	-1.138871e+03
4689	-1.112511e+03
4690	-1.127917e+03
4691	-1.127221e+03
4692	-1.123545e+03
4693	-1.118369e+03
4694	-1.130118e+03
4695	-1.149736e+03
4696	-1.138413e+03
4697	-1.123476e+03
4698	-1.123948e+03
4699	-1.147312e+03
4700	-1.141426e+03
4701	-1.120071e+03
4702	-1.111805e+03
4703	-1.111307e+03
4704	-1.141371e+03
4705	-1.128746e+03
4706	-1.131759e+03
4707	-1.142529e+03
4708	-1.122412e+03
4709	-1.134261e+03
4710	-1.139269e+03
4711	-1.125098e+03
4712	-1.152272e+03
4713	-1.131732e+03
4714	-1.121829e+03
4715	-1.128050e+03
4716	-1.127344e+03
4717	-1.128662e+03
4718	-1.119184e+03
4719	-1.111128e+03
4720	-1.125005e+03
4721	-1.123723e+03
4722	-1.132424e+03
4723	-1.139856e+03
4724	-1.137848e+03
4725	-1.122713e+03
4726	-1.107997e+03
4727	-1.122733e+03
4728	-1.134835e+03
4729	-1.116524e+03
4730	-1.134081e+03
4731	-1.148227e+03
4732	-1.122225e+03
4733	-1.122374e+03
4734	-1.121629e+03
4735	-1.139800e+03
4736	-1.095311e+03
4737	-1.120500e+03
4738	-1.136643e+03
4739	-1.128134e+03
4740	-1.127087e+03
4741	-1.115227e+03
4742	-1.128088e+03
4743	-1.125144e+03
4744	-1.146422e+03
4745	-1.124084e+03
4746	-1.129313e+03
4747	-1.124253e+03
4748	-1.118830e+03
4749	-1.137647e+03
4750	-1.122971e+03
4751	-1.137337e+03
4752	-1.117593e+03
4753	-1.111231e+03
4754	-1.139785e+03
4755	-1.134453e+03
4756	-1.132455e+03
4757	-1.117447e+03
4758	-1.131405e+03
4759	-1.114070e+03
4760	-1.122032e+03
4761	-1.136851e+03
4762	-1.137979e+03
4763	-1.139463e+03
4764	-1.136207e+03
4765	-1.110944e+03
4766	-1.114733e+03
4767	-1.115474e+03
4768	-1.122955e+03
4769	-1.143073e+03
4770	-1.142087e+03
4771	-1.118716e+03
4772	-1.130386e+03
4773	-1.128569e+03
4774	-1.129533e+03
4775	-1.117460e+03
4776	-1.116841e+03
4777	-1.142395e+03
4778	-1.118823e+03
4779	-1.129471e+03
4780	-1.126036e+03
4781	-1.142690e+03
4782	-1.127733e+03
4783	-1.130725e+03
4784	-1.133764e+03
4785	-1.132940e+03
4786	-1.123304e+03
4787	-1.113157e+03
4788	-1.123474e+03
4789	-1.135220e+03
4790	-1.138462e+03
4791	-1.150819e+03
4792	-1.135755e+03
4793	-1.126706e+03
4794	-1.121795e+03
4795	-1.118882e+03
4796	-1.141063e+03
4797	-1.127230e+03
4798	-1.135498e+03
4799	-1.139823e+03
4800	-1.122238e+03
4801	-1.144158e+03
4802	-1.116840e+03
4803	-1.114519e+03
4804	-1.124373e+03
4805	-1.136303e+03
4806	-1.133035e+03
4807	-1.119989e+03
4808	-1.114395e+03
4809	-1.132031e+03
4810	-1.162627e+03
4811	-1.114194e+03
4812	-1.133757e+03
4813	-1.122344e+03
4814	-1.132981e+03
4815	-1.117028e+03
4816	-1.127283e+03
4817	-1.121197e+03
4818	-1.135491e+03
4819	-1.119302e+03
4820	-1.142247e+03
4821	-1.122173e+03
4822	-1.122870e+03
4823	-1.110166e+03
4824	-1.135828e+03
4825	-1.129810e+03
4826	-1.149414e+03
4827	-1.117770e+03
4828	-1.141836e+03
4829	-1.131821e+03
4830	-1.123979e+03
4831	-1.134092e+03
4832	-1.149177e+03
4833	-1.129795e+03
4834	-1.124422e+03
4835	-1.119815e+03
4836	-1.117212e+03
4837	-1.126809e+03
4838	-1.132058e+03
4839	-1.132050e+03
4840	-1.119443e+03
4841	-1.109329e+03
4842	-1.132604e+03
4843	-1.127746e+03
4844	-1.143885e+03
4845	-1.116832e+03
4846	-1.141740e+03
4847	-1.148150e+03
4848	-1.117320e+03
4849	-1.118410e+03
4850	-1.101390e+03
4851	-1.120910e+03
4852	-1.110859e+03
4853	-1.123257e+03
4854	-1.129525e+03
4855	-1.123342e+03
4856	-1.152215e+03
4857	-1.127667e+03
4858	-1.125872e+03
4859	-1.128659e+03
4860	-1.123219e+03
4861	-1.125856e+03
4862	-1.130671e+03
4863	-1.123856e+03
4864	-1.131932e+03
4865	-1.147987e+03
4866	-1.145854e+03
4867	-1.138890e+03
4868	-1.133072e+03
4869	-1.131502e+03
4870	-1.125522e+03
4871	-1.139754e+03
4872	-1.120525e+03
4873	-1.108967e+03
4874	-1.137904e+03
4875	-1.126107e+03
4876	-1.123260e+03
4877	-1.125907e+03
4878	-1.119530e+03
4879	-1.134074e+03
4880	-1.124906e+03
4881	-1.121114e+03
4882	-1.129511e+03
4883	-1.121712e+03
4884	-1.123801e+03
4885	-1.119151e+03
4886	-1.110530e+03
4887	-1.124574e+03
4888	-1.134645e+03
4889	-1.120475e+03
4890	-1.122114e+03
4891	-1.124114e+03
4892	-1.128247e+03
4893	-1.126584e+03
4894	-1.138924e+03
4895	-1.124889e+03
4896	-1.135804e+03
4897	-1.113526e+03
4898	-1.119231e+03
4899	-1.140197e+03
4900	-1.143942e+03
4901	-1.136392e+03
4902	-1.126423e+03
4903	-1.125642e+03
4904	-1.129541e+03
4905	-1.111899e+03
4906	-1.156350e+03
4907	-1.125049e+03
4908	-1.119949e+03
4909	-1.142643e+03
4910	-1.127379e+03
4911	-1.126497e+03
4912	-1.118719e+03
4913	-1.121137e+03
4914	-1.146636e+03
4915	-1.130562e+03
4916	-1.123633e+03
4917	-1.127849e+03
4918	-1.126508e+03
4919	-1.104702e+03
4920	-1.140141e+03
4921	-1.123822e+03
4922	-1.123244e+03
4923	-1.127819e+03
4924	-1.142333e+03
4925	-1.125392e+03
4926	-1.143860e+03
4927	-1.142440e+03
4928	-1.136779e+03
4929	-1.118626e+03
4930	-1.126344e+03
4931	-1.125419e+03
4932	-1.112488e+03
4933	-1.129389e+03
4934	-1.120777e+03
4935	-1.128818e+03
4936	-1.142401e+03
4937	-1.128843e+03
4938	-1.130179e+03
4939	-1.130054e+03
4940	-1.120048e+03
4941	-1.123306e+03
4942	-1.132810e+03
4943	-1.119130e+03
4944	-1.110685e+03
4945	-1.142221e+03
4946	-1.115489e+03
4947	-1.165448e+03
4948	-1.121576e+03
4949	-1.141671e+03
4950	-1.125065e+03
4951	-1.126209e+03
4952	-1.118290e+03
4953	-1.129296e+03
4954	-1.143229e+03
4955	-1.128797e+03
4956	-1.122813e+03
4957	-1.120125e+03
4958	-1.122997e+03
4959	-1.135428e+03
4960	-1.143202e+03
4961	-1.140644e+03
4962	-1.143900e+03
4963	-1.128991e+03
4964	-1.151073e+03
4965	-1.130750e+03
4966	-1.142303e+03
4967	-1.111857e+03
4968	-1.131707e+03
4969	-1.128322e+03
4970	-1.160601e+03
4971	-1.115583e+03
4972	-1.154126e+03
4973	-1.108867e+03
4974	-1.125499e+03
4975	-1.149180e+03
4976	-1.123590e+03
4977	-1.123470e+03
4978	-1.103254e+03
4979	-1.107600e+03
4980	-1.141874e+03
4981	-1.123466e+03
4982	-1.115198e+03
4983	-1.121659e+03
4984	-1.121918e+03
4985	-1.130087e+03
4986	-1.144727e+03
4987	-1.127645e+03
4988	-1.114863e+03
4989	-1.131308e+03
4990	-1.116199e+03
4991	-1.109893e+03
4992	-1.115062e+03
4993	-1.138191e+03
4994	-1.123540e+03
4995	-1.118861e+03
4996	-1.140101e+03
4997	-1.125671e+03
4998	-1.149084e+03
4999	-1.131864e+03
5000	-1.135882e+03
5001	-1.129030e+03
5002	-1.139556e+03
5003	-1.097851e+03
5004	-1.127973e+03
5005	-1.112908e+03
5006	-1.125610e+03
5007	-1.132824e+03
5008	-1.135412e+03
5009	-1.138627e+03
5010	-1.131368e+03
5011	-1.119019e+03
5012	-1.139077e+03
5013	-1.130627e+03
5014	-1.149135e+03
5015	-1.127191e+03
5016	-1.123643e+03
5017	-1.136106e+03
5018	-1.132142e+03
5019	-1.118716e+03
5020	-1.124094e+03
5021	-1.105761e+03
5022	-1.133689e+03
5023	-1.127920e+03
5024	-1.114822e+03
5025	-1.117214e+03
5026	-1.104336e+03
5027	-1.111407e+03
5028	-1.117106e+03
5029	-1.113776e+03
5030	-1.102654e+03
5031	-1.130301e+03
5032	-1.122155e+03
5033	-1.142314e+03
5034	-1.125624e+03
5035	-1.139516e+03
5036	-1.108609e+03
5037	-1.108419e+03
5038	-1.119966e+03
5039	-1.114326e+03
5040	-1.115642e+03
5041	-1.121590e+03
5042	-1.104301e+03
5043	-1.132806e+03
5044	-1.118202e+03
5045	-1.133301e+03
5046	-1.134721e+03
5047	-1.112777e+03
5048	-1.143006e+03
5049	-1.153439e+03
5050	-1.127377e+03
5051	-1.136984e+03
5052	-1.128406e+03
5053	-1.135489e+03
5054	-1.128537e+03
5055	-1.133932e+03
5056	-1.132336e+03
5057	-1.143872e+03
5058	-1.135798e+03
5059	-1.124385e+03
5060	-1.124928e+03
5061	-1.142362e+03
5062	-1.129269e+03
5063	-1.135262e+03
5064	-1.117906e+03
5065	-1.114266e+03
5066	-1.106428e+03
5067	-1.123368e+03
5068	-1.132849e+03
5069	-1.131773e+03
5070	-1.142296e+03
5071	-1.149791e+03
5072	-1.138598e+03
5073	-1.152076e+03
5074	-1.125359e+03
5075	-1.123593e+03
5076	-1.128015e+03
5077	-1.126101e+03
5078	-1.137320e+03
5079	-1.140149e+03
5080	-1.145610e+03
5081	-1.111423e+03
5082	-1.120337e+03
5083	-1.145052e+03
5084	-1.137289e+03
5085	-1.150665e+03
5086	-1.118520e+03
5087	-1.134450e+03
5088	-1.131510e+03
5089	-1.138606e+03
5090	-1.116084e+03
5091	-1.114475e+03
5092	-1.129772e+03
5093	-1.121827e+03
5094	-1.140601e+03
5095	-1.126286e+03
5096	-1.128873e+03
5097	-1.144375e+03
5098	-1.109611e+03
5099	-1.122696e+03
5100	-1.152005e+03
5101	-1.150217e+03
5102	-1.124231e+03
5103	-1.112671e+03
5104	-1.146622e+03
5105	-1.143368e+03
5106	-1.129339e+03
5107	-1.134680e+03
5108	-1.131267e+03
5109	-1.135608e+03
5110	-1.124455e+03
5111	-1.136438e+03
5112	-1.113003e+03
5113	-1.124209e+03
5114	-1.125992e+03
5115	-1.130792e+03
5116	-1.127571e+03
5117	-1.112052e+03
5118	-1.113793e+03
5119	-1.127277e+03
5120	-1.123710e+03
5121	-1.126435e+03
5122	-1.145042e+03
5123	-1.125920e+03
5124	-1.135911e+03
5125	-1.122023e+03
5126	-1.106595e+03
5127	-1.120410e+03
5128	-1.131448e+03
5129	-1.134708e+03
5130	-1.127788e+03
5131	-1.121926e+03
5132	-1.125110e+03
5133	-1.122331e+03
5134	-1.116758e+03
5135	-1.142835e+03
5136	-1.138626e+03
5137	-1.124424e+03
5138	-1.134361e+03
5139	-1.116451e+03
5140	-1.123490e+03
5141	-1.130315e+03
5142	-1.129138e+03
5143	-1.145083e+03
5144	-1.111834e+03
5145	-1.123022e+03
5146	-1.139416e+03
5147	-1.135164e+03
5148	-1.123951e+03
5149	-1.108091e+03
5150	-1.120108e+03
5151	-1.117561e+03
5152	-1.129735e+03
5153	-1.127386e+03
5154	-1.141744e+03
5155	-1.121045e+03
5156	-1.133755e+03
5157	-1.108320e+03
5158	-1.134313e+03
5159	-1.120083e+03
5160	-1.136260e+03
5161	-1.122023e+03
5162	-1.105693e+03
5163	-1.108628e+03
5164	-1.117390e+03
5165	-1.138832e+03
5166	-1.130318e+03
5167	-1.143436e+03
5168	-1.121982e+03
5169	-1.130999e+03
5170	-1.132266e+03
5171	-1.127072e+03
5172	-1.125601e+03
5173	-1.132143e+03
5174	-1.132015e+03
5175	-1.129049e+03
5176	-1.142074e+03
5177	-1.143480e+03
5178	-1.131405e+03
5179	-1.149932e+03
5180	-1.124182e+03
5181	-1.130844e+03
5182	-1.126791e+03
5183	-1.105862e+03
5184	-1.146013e+03
5185	-1.137718e+03
5186	-1.113072e+03
5187	-1.119233e+03
5188	-1.134459e+03
5189	-1.108707e+03
5190	-1.130788e+03
5191	-1.118643e+03
5192	-1.128934e+03
5193	-1.110439e+03
5194	-1.123983e+03
5195	-1.130176e+03
5196	-1.137197e+03
5197	-1.126375e+03
5198	-1.113694e+03
5199	-1.138284e+03
5200	-1.134371e+03
5201	-1.116836e+03
5202	-1.120787e+03
5203	-1.127189e+03
5204	-1.127759e+03
5205	-1.136450e+03
5206	-1.109269e+03
5207	-1.134084e+03
5208	-1.134664e+03
5209	-1.114481e+03
5210	-1.134221e+03
5211	-1.129704e+03
5212	-1.144699e+03
5213	-1.116916e+03
5214	-1.129996e+03
5215	-1.124806e+03
5216	-1.127922e+03
5217	-1.132229e+03
5218	-1.137561e+03
5219	-1.145290e+03
5220	-1.151620e+03
5221	-1.138418e+03
5222	-1.139124e+03
5223	-1.121106e+03
5224	-1.111835e+03
5225	-1.102101e+03
5226	-1.109516e+03
5227	-1.137012e+03
5228	-1.145303e+03
5229	-1.124269e+03
5230	-1.128704e+03
5231	-1.138702e+03
5232	-1.123720e+03
5233	-1.117336e+03
5234	-1.125410e+03
5235	-1.133726e+03
5236	-1.112953e+03
5237	-1.140969e+03
5238	-1.124127e+03
5239	-1.115342e+03
5240	-1.126207e+03
5241	-1.122455e+03
5242	-1.141264e+03
5243	-1.133478e+03
5244	-1.130358e+03
5245	-1.120055e+03
5246	-1.114595e+03
5247	-1.101582e+03
5248	-1.121407e+03
5249	-1.135188e+03
5250	-1.141971e+03
5251	-1.135794e+03
5252	-1.141700e+03
5253	-1.157067e+03
5254	-1.123846e+03
5255	-1.131773e+03
5256	-1.126740e+03
5257	-1.134147e+03
5258	-1.119305e+03
5259	-1.120228e+03
5260	-1.131510e+03
5261	-1.154054e+03
5262	-1.125856e+03
5263	-1.147174e+03
5264	-1.132136e+03
5265	-1.132140e+03
5266	-1.132382e+03
5267	-1.130821e+03
5268	-1.136054e+03
5269	-1.104517e+03
5270	-1.133348e+03
5271	-1.135414e+03
5272	-1.136064e+03
5273	-1.147183e+03
5274	-1.135201e+03
5275	-1.127248e+03
5276	-1.134296e+03
5277	-1.146373e+03
5278	-1.125894e+03
5279	-1.125032e+03
5280	-1.124111e+03
5281	-1.120166e+03
5282	-1.128623e+03
5283	-1.119710e+03
5284	-1.142454e+03
5285	-1.126032e+03
5286	-1.110228e+03
5287	-1.124348e+03
5288	-1.130069e+03
5289	-1.118030e+03
5290	-1.113508e+03
5291	-1.133451e+03
5292	-1.123779e+03
5293	-1.112302e+03
5294	-1.140086e+03
5295	-1.110007e+03
5296	-1.134646e+03
5297	-1.134959e+03
5298	-1.119734e+03
5299	-1.113564e+03
5300	-1.118054e+03
5301	-1.138753e+03
5302	-1.110215e+03
5303	-1.144497e+03
5304	-1.133340e+03
5305	-1.127855e+03
5306	-1.130339e+03
5307	-1.125348e+03
5308	-1.129188e+03
5309	-1.115603e+03
5310	-1.150420e+03
5311	-1.122992e+03
5312	-1.120845e+03
5313	-1.133560e+03
5314	-1.108658e+03
5315	-1.121028e+03
5316	-1.149719e+03
5317	-1.133769e+03
5318	-1.123049e+03
5319	-1.115487e+03
5320	-1.130272e+03
5321	-1.104761e+03
5322	-1.127133e+03
5323	-1.099475e+03
5324	-1.107060e+03
5325	-1.143170e+03
5326	-1.132551e+03
5327	-1.133438e+03
5328	-1.124186e+03
5329	-1.127482e+03
5330	-1.120873e+03
5331	-1.128459e+03
5332	-1.138842e+03
5333	-1.133982e+03
5334	-1.114226e+03
5335	-1.131245e+03
5336	-1.125585e+03
5337	-1.113966e+03
5338	-1.126091e+03
5339	-1.116877e+03
5340	-1.132174e+03
5341	-1.152718e+03
5342	-1.133054e+03
5343	-1.133394e+03
5344	-1.110526e+03
5345	-1.129620e+03
5346	-1.134406e+03
5347	-1.127791e+03
5348	-1.120562e+03
5349	-1.130398e+03
5350	-1.121191e+03
5351	-1.160540e+03
5352	-1.122586e+03
5353	-1.117270e+03
5354	-1.132701e+03
5355	-1.123193e+03
5356	-1.138111e+03
5357	-1.140512e+03
5358	-1.122916e+03
5359	-1.130802e+03
5360	-1.135696e+03
5361	-1.116721e+03
5362	-1.140427e+03
5363	-1.121832e+03
5364	-1.124190e+03
5365	-1.151302e+03
5366	-1.144088e+03
5367	-1.151907e+03
5368	-1.145380e+03
5369	-1.126270e+03
5370	-1.151826e+03
5371	-1.119240e+03
5372	-1.129896e+03
5373	-1.133824e+03
5374	-1.129562e+03
5375	-1.132455e+03
5376	-1.128886e+03
5377	-1.111588e+03
5378	-1.105127e+03
5379	-1.118530e+03
5380	-1.123997e+03
5381	-1.117770e+03
5382	-1.132181e+03
5383	-1.159034e+03
5384	-1.128424e+03
5385	-1.132482e+03
5386	-1.118562e+03
5387	-1.126492e+03
5388	-1.136309e+03
5389	-1.141930e+03
5390	-1.127312e+03
5391	-1.137141e+03
5392	-1.119745e+03
5393	-1.131941e+03
5394	-1.114549e+03
5395	-1.145232e+03
5396	-1.116216e+03
5397	-1.138147e+03
5398	-1.134353e+03
5399	-1.127089e+03
5400	-1.119701e+03
5401	-1.123534e+03
5402	-1.132982e+03
5403	-1.104898e+03
5404	-1.159548e+03
5405	-1.120636e+03
5406	-1.112514e+03
5407	-1.120685e+03
5408	-1.138667e+03
5409	-1.128956e+03
5410	-1.127923e+03
5411	-1.111285e+03
5412	-1.119537e+03
5413	-1.128624e+03
5414	-1.121121e+03
5415	-1.127922e+03
5416	-1.130353e+03
5417	-1.114434e+03
5418	-1.123844e+03
5419	-1.153424e+03
5420	-1.113175e+03
5421	-1.139127e+03
5422	-1.126504e+03
5423	-1.135984e+03
5424	-1.122151e+03
5425	-1.151407e+03
5426	-1.119678e+03
5427	-1.123223e+03
5428	-1.137454e+03
5429	-1.121067e+03
5430	-1.113507e+03
5431	-1.129174e+03
5432	-1.124056e+03
5433	-1.112035e+03
5434	-1.120346e+03
5435	-1.110965e+03
5436	-1.115655e+03
5437	-1.113904e+03
5438	-1.129246e+03
5439	-1.103911e+03
5440	-1.139688e+03
5441	-1.110566e+03
5442	-1.133571e+03
5443	-1.136482e+03
5444	-1.133536e+03
5445	-1.137870e+03
5446	-1.144986e+03
5447	-1.136815e+03
5448	-1.138149e+03
5449	-1.134853e+03
5450	-1.126273e+03
5451	-1.147457e+03
5452	-1.127188e+03
5453	-1.123225e+03
5454	-1.135618e+03
5455	-1.120743e+03
5456	-1.126322e+03
5457	-1.133798e+03
5458	-1.113065e+03
5459	-1.120838e+03
5460	-1.127023e+03
5461	-1.124034e+03
5462	-1.121296e+03
5463	-1.126265e+03
5464	-1.124003e+03
5465	-1.131442e+03
5466	-1.118179e+03
5467	-1.134282e+03
5468	-1.134895e+03
5469	-1.137630e+03
5470	-1.127324e+03
5471	-1.133692e+03
5472	-1.125518e+03
5473	-1.101911e+03
5474	-1.136131e+03
5475	-1.133054e+03
5476	-1.135907e+03
5477	-1.126917e+03
5478	-1.123246e+03
5479	-1.132558e+03
5480	-1.102291e+03
5481	-1.142564e+03
5482	-1.114212e+03
5483	-1.121060e+03
5484	-1.134076e+03
5485	-1.128058e+03
5486	-1.127451e+03
5487	-1.129097e+03
5488	-1.131926e+03
5489	-1.117999e+03
5490	-1.128753e+03
5491	-1.140414e+03
5492	-1.128816e+03
5493	-1.136226e+03
5494	-1.131014e+03
5495	-1.115606e+03
5496	-1.129221e+03
5497	-1.113153e+03
5498	-1.125067e+03
5499	-1.128538e+03
5500	-1.116112e+03
5501	-1.120232e+03
5502	-1.134060e+03
5503	-1.136297e+03
5504	-1.131517e+03
5505	-1.131035e+03
5506	-1.148371e+03
5507	-1.119392e+03
5508	-1.113090e+03
5509	-1.113127e+03
5510	-1.131831e+03
5511	-1.136998e+03
5512	-1.095426e+03
5513	-1.112776e+03
5514	-1.111380e+03
5515	-1.119245e+03
5516	-1.120261e+03
5517	-1.154708e+03
5518	-1.120159e+03
5519	-1.111380e+03
5520	-1.134406e+03
5521	-1.130503e+03
5522	-1.113186e+03
5523	-1.141515e+03
5524	-1.132554e+03
5525	-1.143478e+03
5526	-1.118569e+03
5527	-1.116705e+03
5528	-1.112449e+03
5529	-1.143321e+03
5530	-1.117335e+03
5531	-1.119990e+03
5532	-1.142887e+03
5533	-1.125702e+03
5534	-1.109250e+03
5535	-1.123526e+03
5536	-1.163489e+03
5537	-1.134051e+03
5538	-1.124977e+03
5539	-1.112239e+03
5540	-1.119432e+03
5541	-1.107558e+03
5542	-1.122055e+03
5543	-1.107051e+03
5544	-1.133983e+03
5545	-1.126622e+03
5546	-1.137560e+03
5547	-1.146507e+03
5548	-1.132413e+03
5549	-1.145138e+03
5550	-1.126544e+03
5551	-1.126766e+03
5552	-1.151215e+03
5553	-1.134895e+03
5554	-1.122459e+03
5555	-1.143809e+03
5556	-1.115755e+03
5557	-1.137690e+03
5558	-1.136552e+03
5559	-1.145644e+03
5560	-1.136176e+03
5561	-1.121143e+03
5562	-1.108888e+03
5563	-1.136557e+03
5564	-1.137010e+03
5565	-1.138842e+03
5566	-1.143124e+03
5567	-1.102479e+03
5568	-1.111084e+03
5569	-1.118728e+03
5570	-1.109214e+03
5571	-1.120178e+03
5572	-1.120929e+03
5573	-1.138502e+03
5574	-1.121006e+03
5575	-1.147195e+03
5576	-1.130210e+03
5577	-1.113295e+03
5578	-1.130279e+03
5579	-1.131518e+03
5580	-1.117579e+03
5581	-1.133610e+03
5582	-1.143298e+03
5583	-1.128564e+03
5584	-1.148922e+03
5585	-1.135788e+03
5586	-1.134163e+03
5587	-1.156889e+03
5588	-1.130159e+03
5589	-1.139731e+03
5590	-1.137561e+03
5591	-1.123752e+03
5592	-1.131514e+03
5593	-1.122835e+03
5594	-1.117232e+03
5595	-1.118224e+03
5596	-1.122888e+03
5597	-1.140493e+03
5598	-1.117946e+03
5599	-1.151421e+03
5600	-1.140979e+03
5601	-1.117768e+03
5602	-1.132343e+03
5603	-1.139932e+03
5604	-1.120388e+03
5605	-1.110383e+03
5606	-1.124511e+03
5607	-1.128960e+03
5608	-1.123621e+03
5609	-1.126293e+03
5610	-1.134243e+03
5611	-1.122428e+03
5612	-1.140687e+03
5613	-1.112738e+03
5614	-1.138479e+03
5615	-1.135994e+03
5616	-1.132622e+03
5617	-1.127189e+03
5618	-1.114093e+03
5619	-1.121337e+03
5620	-1.126045e+03
5621	-1.116504e+03
5622	-1.121918e+03
5623	-1.140990e+03
5624	-1.134043e+03
5625	-1.129396e+03
5626	-1.135347e+03
5627	-1.109817e+03
5628	-1.121465e+03
5629	-1.154193e+03
5630	-1.106116e+03
5631	-1.108727e+03
5632	-1.129230e+03
5633	-1.136095e+03
5634	-1.130677e+03
5635	-1.130681e+03
5636	-1.115351e+03
5637	-1.127196e+03
5638	-1.136604e+03
5639	-1.128206e+03
5640	-1.135796e+03
5641	-1.135639e+03
5642	-1.116493e+03
5643	-1.140737e+03
5644	-1.147460e+03
5645	-1.126037e+03
5646	-1.122865e+03
5647	-1.124128e+03
5648	-1.147633e+03
5649	-1.121819e+03
5650	-1.128637e+03
5651	-1.126580e+03
5652	-1.134737e+03
5653	-1.121737e+03
5654	-1.127813e+03
5655	-1.109547e+03
5656	-1.132572e+03
5657	-1.149567e+03
5658	-1.142947e+03
5659	-1.126859e+03
5660	-1.128178e+03
5661	-1.125728e+03
5662	-1.127708e+03
5663	-1.132895e+03
5664	-1.131835e+03
5665	-1.146416e+03
5666	-1.121835e+03
5667	-1.124138e+03
5668	-1.130491e+03
5669	-1.113180e+03
5670	-1.145883e+03
5671	-1.132593e+03
5672	-1.133260e+03
5673	-1.113928e+03
5674	-1.131999e+03
5675	-1.133907e+03
5676	-1.137701e+03
5677	-1.089835e+03
5678	-1.110934e+03
5679	-1.130288e+03
5680	-1.122213e+03
5681	-1.119892e+03
5682	-1.147296e+03
5683	-1.141293e+03
5684	-1.136984e+03
5685	-1.113479e+03
5686	-1.138801e+03
5687	-1.120494e+03
5688	-1.138747e+03
5689	-1.113910e+03
5690	-1.120295e+03
5691	-1.138387e+03
5692	-1.127535e+03
5693	-1.129149e+03
5694	-1.142698e+03
5695	-1.116417e+03
5696	-1.121851e+03
5697	-1.143368e+03
5698	-1.125319e+03
5699	-1.141564e+03
5700	-1.121239e+03
5701	-1.110234e+03
5702	-1.121770e+03
5703	-1.103133e+03
5704	-1.116986e+03
5705	-1.132955e+03
5706	-1.137102e+03
5707	-1.131821e+03
5708	-1.131132e+03
5709	-1.119682e+03
5710	-1.112626e+03
5711	-1.124186e+03
5712	-1.107313e+03
5713	-1.129941e+03
5714	-1.126808e+03
5715	-1.130770e+03
5716	-1.146947e+03
5717	-1.110140e+03
5718	-1.117796e+03
5719	-1.120236e+03
5720	-1.128869e+03
5721	-1.138571e+03
5722	-1.113249e+03
5723	-1.133313e+03
5724	-1.131207e+03
5725	-1.135195e+03
5726	-1.140346e+03
5727	-1.144877e+03
5728	-1.146117e+03
5729	-1.140752e+03
5730	-1.121081e+03
5731	-1.113575e+03
5732	-1.125652e+03
5733	-1.144916e+03
5734	-1.144996e+03
5735	-1.134812e+03
5736	-1.132686e+03
5737	-1.112891e+03
5738	-1.122495e+03
5739	-1.132524e+03
5740	-1.132098e+03
5741	-1.124315e+03
5742	-1.125161e+03
5743	-1.139882e+03
5744	-1.131299e+03
5745	-1.136329e+03
5746	-1.118758e+03
5747	-1.123070e+03
5748	-1.119686e+03
5749	-1.132289e+03
5750	-1.131695e+03
5751	-1.124162e+03
5752	-1.142722e+03
5753	-1.132824e+03
5754	-1.134500e+03
5755	-1.138635e+03
5756	-1.147513e+03
5757	-1.112735e+03
5758	-1.131698e+03
5759	-1.122508e+03
5760	-1.133314e+03
5761	-1.118456e+03
5762	-1.122691e+03
5763	-1.123703e+03
5764	-1.112934e+03
5765	-1.128387e+03
5766	-1.136318e+03
5767	-1.120353e+03
5768	-1.121226e+03
5769	-1.139874e+03
5770	-1.123095e+03
5771	-1.133056e+03
5772	-1.127385e+03
5773	-1.121982e+03
5774	-1.136168e+03
5775	-1.150885e+03
5776	-1.134889e+03
5777	-1.154007e+03
5778	-1.119541e+03
5779	-1.133131e+03
5780	-1.125402e+03
5781	-1.119195e+03
5782	-1.130253e+03
5783	-1.114843e+03
5784	-1.125162e+03
5785	-1.144514e+03
5786	-1.113482e+03
5787	-1.121544e+03
5788	-1.127391e+03
5789	-1.110018e+03
5790	-1.125512e+03
5791	-1.124065e+03
5792	-1.134101e+03
5793	-1.129560e+03
5794	-1.114530e+03
5795	-1.107441e+03
5796	-1.122454e+03
5797	-1.145039e+03
5798	-1.144183e+03
5799	-1.119481e+03
5800	-1.119808e+03
5801	-1.136534e+03
5802	-1.131260e+03
5803	-1.130121e+03
5804	-1.124981e+03
5805	-1.124121e+03
5806	-1.124208e+03
5807	-1.151685e+03
5808	-1.124945e+03
5809	-1.120135e+03
5810	-1.112899e+03
5811	-1.117803e+03
5812	-1.149705e+03
5813	-1.117687e+03
5814	-1.115133e+03
5815	-1.147886e+03
5816	-1.138669e+03
5817	-1.137360e+03
5818	-1.139449e+03
5819	-1.125035e+03
5820	-1.124780e+03
5821	-1.137134e+03
5822	-1.120294e+03
5823	-1.143302e+03
5824	-1.140922e+03
5825	-1.138866e+03
5826	-1.134239e+03
5827	-1.129148e+03
5828	-1.140791e+03
5829	-1.138233e+03
5830	-1.126168e+03
5831	-1.134424e+03
5832	-1.141057e+03
5833	-1.116985e+03
5834	-1.136483e+03
5835	-1.132776e+03
5836	-1.131729e+03
5837	-1.138123e+03
5838	-1.111158e+03
5839	-1.138629e+03
5840	-1.117454e+03
5841	-1.131086e+03
5842	-1.129694e+03
5843	-1.127053e+03
5844	-1.113083e+03
5845	-1.131454e+03
5846	-1.114164e+03
5847	-1.110655e+03
5848	-1.142415e+03
5849	-1.134822e+03
5850	-1.122124e+03
5851	-1.126763e+03
5852	-1.143811e+03
5853	-1.111665e+03
5854	-1.111770e+03
5855	-1.142707e+03
5856	-1.133848e+03
5857	-1.133939e+03
5858	-1.132097e+03
5859	-1.117968e+03
5860	-1.122874e+03
5861	-1.131090e+03
5862	-1.122428e+03
5863	-1.130868e+03
5864	-1.123811e+03
5865	-1.125873e+03
5866	-1.137032e+03
5867	-1.125672e+03
5868	-1.132198e+03
5869	-1.152079e+03
5870	-1.117399e+03
5871	-1.121018e+03
5872	-1.119768e+03
5873	-1.141347e+03
5874	-1.115694e+03
5875	-1.147580e+03
5876	-1.135526e+03
5877	-1.147664e+03
5878	-1.126933e+03
5879	-1.132934e+03
5880	-1.129308e+03
5881	-1.109757e+03
5882	-1.141261e+03
5883	-1.126707e+03
5884	-1.130230e+03
5885	-1.118568e+03
5886	-1.122417e+03
5887	-1.145197e+03
5888	-1.137632e+03
5889	-1.109143e+03
5890	-1.139055e+03
5891	-1.123438e+03
5892	-1.127116e+03
5893	-1.135437e+03
5894	-1.119123e+03
5895	-1.156501e+03
5896	-1.125338e+03
5897	-1.139011e+03
5898	-1.112535e+03
5899	-1.121015e+03
5900	-1.116563e+03
5901	-1.147311e+03
5902	-1.136502e+03
5903	-1.139373e+03
5904	-1.117909e+03
5905	-1.111450e+03
5906	-1.128266e+03
5907	-1.126390e+03
5908	-1.121334e+03
5909	-1.137061e+03
5910	-1.134475e+03
5911	-1.139389e+03
5912	-1.110106e+03
5913	-1.143636e+03
5914	-1.115333e+03
5915	-1.134174e+03
5916	-1.134091e+03
5917	-1.128856e+03
5918	-1.118174e+03
5919	-1.101298e+03
5920	-1.142761e+03
5921	-1.133254e+03
5922	-1.121130e+03
5923	-1.143674e+03
5924	-1.121180e+03
5925	-1.118686e+03
5926	-1.127976e+03
5927	-1.116768e+03
5928	-1.119635e+03
5929	-1.122542e+03
5930	-1.136309e+03
5931	-1.125120e+03
5932	-1.136929e+03
5933	-1.111042e+03
5934	-1.139913e+03
5935	-1.133568e+03
5936	-1.125732e+03
5937	-1.145348e+03
5938	-1.138629e+03
5939	-1.127808e+03
5940	-1.142298e+03
5941	-1.118002e+03
5942	-1.115766e+03
5943	-1.129646e+03
5944	-1.119280e+03
5945	-1.124948e+03
5946	-1.132471e+03
5947	-1.150526e+03
5948	-1.142943e+03
5949	-1.137491e+03
5950	-1.136000e+03
5951	-1.129457e+03
5952	-1.156633e+03
5953	-1.130624e+03
5954	-1.120854e+03
5955	-1.140833e+03
5956	-1.126626e+03
5957	-1.134324e+03
5958	-1.131072e+03
5959	-1.093295e+03
5960	-1.127714e+03
5961	-1.138691e+03
5962	-1.134580e+03
5963	-1.144233e+03
5964	-1.143815e+03
5965	-1.131086e+03
5966	-1.139990e+03
5967	-1.126581e+03
5968	-1.135007e+03
5969	-1.134075e+03
5970	-1.130085e+03
5971	-1.142056e+03
5972	-1.131948e+03
5973	-1.109710e+03
5974	-1.133443e+03
5975	-1.134590e+03
5976	-1.145879e+03
5977	-1.136910e+03
5978	-1.132977e+03
5979	-1.137462e+03
5980	-1.133874e+03
5981	-1.106229e+03
5982	-1.104150e+03
5983	-1.089696e+03
5984	-1.121715e+03
5985	-1.135636e+03
5986	-1.133981e+03
5987	-1.122964e+03
5988	-1.139661e+03
5989	-1.123661e+03
5990	-1.123643e+03
5991	-1.140464e+03
5992	-1.122214e+03
5993	-1.117948e+03
5994	-1.112944e+03
5995	-1.135310e+03
5996	-1.107187e+03
5997	-1.112201e+03
5998	-1.128553e+03
5999	-1.113544e+03
6000	-1.138611e+03
6001	-1.128240e+03
6002	-1.116594e+03
6003	-1.147647e+03
6004	-1.136975e+03
6005	-1.121218e+03
6006	-1.122127e+03
6007	-1.143773e+03
6008	-1.122627e+03
6009	-1.125273e+03
6010	-1.142604e+03
6011	-1.127389e+03
6012	-1.137195e+03
6013	-1.137367e+03
6014	-1.125918e+03
6015	-1.115854e+03
6016	-1.134561e+03
6017	-1.121217e+03
6018	-1.126202e+03
6019	-1.124586e+03
6020	-1.143449e+03
6021	-1.144478e+03
6022	-1.110009e+03
6023	-1.130107e+03
6024	-1.148945e+03
6025	-1.149573e+03
6026	-1.146354e+03
6027	-1.136499e+03
6028	-1.118127e+03
6029	-1.110027e+03
6030	-1.121207e+03
6031	-1.126998e+03
6032	-1.118450e+03
6033	-1.140027e+03
6034	-1.123870e+03
6035	-1.131315e+03
6036	-1.105322e+03
6037	-1.109937e+03
6038	-1.122498e+03
6039	-1.152568e+03
6040	-1.127183e+03
6041	-1.135868e+03
6042	-1.131181e+03
6043	-1.135007e+03
6044	-1.126956e+03
6045	-1.106272e+03
6046	-1.128661e+03
6047	-1.138893e+03
6048	-1.137427e+03
6049	-1.116965e+03
6050	-1.134724e+03
6051	-1.112249e+03
6052	-1.154647e+03
6053	-1.123544e+03
6054	-1.125144e+03
6055	-1.132605e+03
6056	-1.128119e+03
6057	-1.123481e+03
6058	-1.128573e+03
6059	-1.124931e+03
6060	-1.136888e+03
6061	-1.147472e+03
6062	-1.128370e+03
6063	-1.121455e+03
6064	-1.136414e+03
6065	-1.121031e+03
6066	-1.121698e+03
6067	-1.119946e+03
6068	-1.111304e+03
6069	-1.112159e+03
6070	-1.130242e+03
6071	-1.140841e+03
6072	-1.141669e+03
6073	-1.116002e+03
6074	-1.143495e+03
6075	-1.132908e+03
6076	-1.133660e+03
6077	-1.134591e+03
6078	-1.138986e+03
6079	-1.150182e+03
6080	-1.129379e+03
6081	-1.136972e+03
6082	-1.138915e+03
6083	-1.134727e+03
6084	-1.124276e+03
6085	-1.127119e+03
6086	-1.133856e+03
6087	-1.143157e+03
6088	-1.114429e+03
6089	-1.144293e+03
6090	-1.129377e+03
6091	-1.133567e+03
6092	-1.132612e+03
6093	-1.136892e+03
6094	-1.114270e+03
6095	-1.145850e+03
6096	-1.121129e+03
6097	-1.122661e+03
6098	-1.129600e+03
6099	-1.123901e+03
6100	-1.146513e+03
6101	-1.134967e+03
6102	-1.142931e+03
6103	-1.137243e+03
6104	-1.107561e+03
6105	-1.113061e+03
6106	-1.142963e+03
6107	-1.124329e+03
6108	-1.136699e+03
6109	-1.130230e+03
6110	-1.119515e+03
6111	-1.144539e+03
6112	-1.130676e+03
6113	-1.141928e+03
6114	-1.126485e+03
6115	-1.123200e+03
6116	-1.126686e+03
6117	-1.124533e+03
6118	-1.108083e+03
6119	-1.121054e+03
6120	-1.125834e+03
6121	-1.102627e+03
6122	-1.121406e+03
6123	-1.122252e+03
6124	-1.137027e+03
6125	-1.114425e+03
6126	-1.131033e+03
6127	-1.122779e+03
6128	-1.126340e+03
6129	-1.133087e+03
6130	-1.128898e+03
6131	-1.128166e+03
6132	-1.108519e+03
6133	-1.143373e+03
6134	-1.121169e+03
6135	-1.122414e+03
6136	-1.137668e+03
6137	-1.160582e+03
6138	-1.128503e+03
6139	-1.130734e+03
6140	-1.142803e+03
6141	-1.123958e+03
6142	-1.122146e+03
6143	-1.123554e+03
6144	-1.122785e+03
6145	-1.140305e+03
6146	-1.135490e+03
6147	-1.107300e+03
6148	-1.130261e+03
6149	-1.136337e+03
6150	-1.105347e+03
6151	-1.131272e+03
6152	-1.124784e+03
6153	-1.134229e+03
6154	-1.126902e+03
6155	-1.127626e+03
6156	-1.152154e+03
6157	-1.128201e+03
6158	-1.126813e+03
6159	-1.144049e+03
6160	-1.130871e+03
6161	-1.103603e+03
6162	-1.118081e+03
6163	-1.127985e+03
6164	-1.125518e+03
6165	-1.116522e+03
6166	-1.144197e+03
6167	-1.124705e+03
6168	-1.129160e+03
6169	-1.149119e+03
6170	-1.128861e+03
6171	-1.128291e+03
6172	-1.143339e+03
6173	-1.122537e+03
6174	-1.119034e+03
6175	-1.142266e+03
6176	-1.122836e+03
6177	-1.130506e+03
6178	-1.157221e+03
6179	-1.131057e+03
6180	-1.140717e+03
6181	-1.124243e+03
6182	-1.138181e+03
6183	-1.125873e+03
6184	-1.131400e+03
6185	-1.121154e+03
6186	-1.135415e+03
6187	-1.122007e+03
6188	-1.121949e+03
6189	-1.119208e+03
6190	-1.125531e+03
6191	-1.132602e+03
6192	-1.119053e+03
6193	-1.140439e+03
6194	-1.130897e+03
6195	-1.141008e+03
6196	-1.120481e+03
6197	-1.130166e+03
6198	-1.114322e+03
6199	-1.102515e+03
6200	-1.123874e+03
6201	-1.115692e+03
6202	-1.139698e+03
6203	-1.133912e+03
6204	-1.147143e+03
6205	-1.120927e+03
6206	-1.142202e+03
6207	-1.132737e+03
6208	-1.151751e+03
6209	-1.145364e+03
6210	-1.127093e+03
6211	-1.121547e+03
6212	-1.133872e+03
6213	-1.126554e+03
6214	-1.122986e+03
6215	-1.133312e+03
6216	-1.127136e+03
6217	-1.136715e+03
6218	-1.122638e+03
6219	-1.131601e+03
6220	-1.146859e+03
6221	-1.138251e+03
6222	-1.146507e+03
6223	-1.120574e+03
6224	-1.137945e+03
6225	-1.137451e+03
6226	-1.126949e+03
6227	-1.113810e+03
6228	-1.129788e+03
6229	-1.108642e+03
6230	-1.131013e+03
6231	-1.109345e+03
6232	-1.125687e+03
6233	-1.119368e+03
6234	-1.122053e+03
6235	-1.126885e+03
6236	-1.125951e+03
6237	-1.104295e+03
6238	-1.138338e+03
6239	-1.145368e+03
6240	-1.134677e+03
6241	-1.114314e+03
6242	-1.114467e+03
6243	-1.091663e+03
6244	-1.131589e+03
6245	-1.144420e+03
6246	-1.130821e+03
6247	-1.135059e+03
6248	-1.141260e+03
6249	-1.131534e+03
6250	-1.136646e+03
6251	-1.119979e+03
6252	-1.120790e+03
6253	-1.117167e+03
6254	-1.156037e+03
6255	-1.121564e+03
6256	-1.117408e+03
6257	-1.130773e+03
6258	-1.112644e+03
6259	-1.119230e+03
6260	-1.119403e+03
6261	-1.136829e+03
6262	-1.128024e+03
6263	-1.122714e+03
6264	-1.128276e+03
6265	-1.128660e+03
6266	-1.113518e+03
6267	-1.134139e+03
6268	-1.144606e+03
6269	-1.131108e+03
6270	-1.148773e+03
6271	-1.130215e+03
6272	-1.117882e+03
6273	-1.113450e+03
6274	-1.116328e+03
6275	-1.118567e+03
6276	-1.117453e+03
6277	-1.095683e+03
6278	-1.129409e+03
6279	-1.129083e+03
6280	-1.089589e+03
6281	-1.122656e+03
6282	-1.125641e+03
6283	-1.140399e+03
6284	-1.134731e+03
6285	-1.124864e+03
6286	-1.142199e+03
6287	-1.130378e+03
6288	-1.118075e+03
6289	-1.109624e+03
6290	-1.137105e+03
6291	-1.132476e+03
6292	-1.136013e+03
6293	-1.122103e+03
6294	-1.123673e+03
6295	-1.136857e+03
6296	-1.123225e+03
6297	-1.109357e+03
6298	-1.139757e+03
6299	-1.111915e+03
6300	-1.136843e+03
6301	-1.146129e+03
6302	-1.142844e+03
6303	-1.140338e+03
6304	-1.136309e+03
6305	-1.129430e+03
6306	-1.135651e+03
6307	-1.134464e+03
6308	-1.117435e+03
6309	-1.142206e+03
6310	-1.135016e+03
6311	-1.116328e+03
6312	-1.132004e+03
6313	-1.120329e+03
6314	-1.109977e+03
6315	-1.119951e+03
6316	-1.125326e+03
6317	-1.130011e+03
6318	-1.106566e+03
6319	-1.134986e+03
6320	-1.137855e+03
6321	-1.119200e+03
6322	-1.134864e+03
6323	-1.119729e+03
6324	-1.133707e+03
6325	-1.124723e+03
6326	-1.110273e+03
6327	-1.118214e+03
6328	-1.136103e+03
6329	-1.134919e+03
6330	-1.129064e+03
6331	-1.133046e+03
6332	-1.137561e+03
6333	-1.136846e+03
6334	-1.126583e+03
6335	-1.131346e+03
6336	-1.114000e+03
6337	-1.137956e+03
6338	-1.143463e+03
6339	-1.139782e+03
6340	-1.099532e+03
6341	-1.144917e+03
6342	-1.124905e+03
6343	-1.149934e+03
6344	-1.129449e+03
6345	-1.133487e+03
6346	-1.122536e+03
6347	-1.144733e+03
6348	-1.117631e+03
6349	-1.131422e+03
6350	-1.137651e+03
6351	-1.153667e+03
6352	-1.140411e+03
6353	-1.126866e+03
6354	-1.152765e+03
6355	-1.132421e+03
6356	-1.113934e+03
6357	-1.131876e+03
6358	-1.108846e+03
6359	-1.129048e+03
6360	-1.128145e+03
6361	-1.126954e+03
6362	-1.122534e+03
6363	-1.136188e+03
6364	-1.118382e+03
6365	-1.134071e+03
6366	-1.136581e+03
6367	-1.109333e+03
6368	-1.130837e+03
6369	-1.134911e+03
6370	-1.120142e+03
6371	-1.124654e+03
6372	-1.138865e+03
6373	-1.141211e+03
6374	-1.123417e+03
6375	-1.134837e+03
6376	-1.114035e+03
6377	-1.136751e+03
6378	-1.141889e+03
6379	-1.130414e+03
6380	-1.138492e+03
6381	-1.115020e+03
6382	-1.127819e+03
6383	-1.131204e+03
6384	-1.142513e+03
6385	-1.118788e+03
6386	-1.120718e+03
6387	-1.119435e+03
6388	-1.111275e+03
6389	-1.122953e+03
6390	-1.109351e+03
6391	-1.139176e+03
6392	-1.140734e+03
6393	-1.129176e+03
6394	-1.137251e+03
6395	-1.106137e+03
6396	-1.132576e+03
6397	-1.124058e+03
6398	-1.144755e+03
6399	-1.125770e+03
6400	-1.135833e+03
6401	-1.132962e+03
6402	-1.124392e+03
6403	-1.113552e+03
6404	-1.129558e+03
6405	-1.122498e+03
6406	-1.134533e+03
6407	-1.144827e+03
6408	-1.133801e+03
6409	-1.131128e+03
6410	-1.150324e+03
6411	-1.134264e+03
6412	-1.140537e+03
6413	-1.105142e+03
6414	-1.140657e+03
6415	-1.123941e+03
6416	-1.142779e+03
6417	-1.117896e+03
6418	-1.143618e+03
6419	-1.130674e+03
6420	-1.120925e+03
6421	-1.118332e+03
6422	-1.104216e+03
6423	-1.109756e+03
6424	-1.136761e+03
6425	-1.133672e+03
6426	-1.124680e+03
6427	-1.131828e+03
6428	-1.126795e+03
6429	-1.122532e+03
6430	-1.148610e+03
6431	-1.137039e+03
6432	-1.116430e+03
6433	-1.127891e+03
6434	-1.128908e+03
6435	-1.142052e+03
6436	-1.127942e+03
6437	-1.113904e+03
6438	-1.129274e+03
6439	-1.133750e+03
6440	-1.142055e+03
6441	-1.143354e+03
6442	-1.116771e+03
6443	-1.131752e+03
6444	-1.134039e+03
6445	-1.114969e+03
6446	-1.116362e+03
6447	-1.116569e+03
6448	-1.154717e+03
6449	-1.131756e+03
6450	-1.133470e+03
6451	-1.122709e+03
6452	-1.138263e+03
6453	-1.135830e+03
6454	-1.116173e+03
6455	-1.134147e+03
6456	-1.128711e+03
6457	-1.125290e+03
6458	-1.137478e+03
6459	-1.114945e+03
6460	-1.135310e+03
6461	-1.129889e+03
6462	-1.119013e+03
6463	-1.136431e+03
6464	-1.123021e+03
6465	-1.132258e+03
6466	-1.127565e+03
6467	-1.119283e+03
6468	-1.119499e+03
6469	-1.129714e+03
6470	-1.118861e+03
6471	-1.119914e+03
6472	-1.133251e+03
6473	-1.117242e+03
6474	-1.113815e+03
6475	-1.136334e+03
6476	-1.126406e+03
6477	-1.127618e+03
6478	-1.119628e+03
6479	-1.129530e+03
6480	-1.136296e+03
6481	-1.131073e+03
6482	-1.122318e+03
6483	-1.124211e+03
6484	-1.131448e+03
6485	-1.128523e+03
6486	-1.139510e+03
6487	-1.142045e+03
6488	-1.146196e+03
6489	-1.129756e+03
6490	-1.127497e+03
6491	-1.132260e+03
6492	-1.134476e+03
6493	-1.135502e+03
6494	-1.130254e+03
6495	-1.127298e+03
6496	-1.118739e+03
6497	-1.121812e+03
6498	-1.138991e+03
6499	-1.111039e+03
6500	-1.121538e+03
6501	-1.143814e+03
6502	-1.130692e+03
6503	-1.128494e+03
6504	-1.114802e+03
6505	-1.119925e+03
6506	-1.117271e+03
6507	-1.134144e+03
6508	-1.146818e+03
6509	-1.125297e+03
6510	-1.112614e+03
6511	-1.116993e+03
6512	-1.133209e+03
6513	-1.132372e+03
6514	-1.136329e+03
6515	-1.131985e+03
6516	-1.139939e+03
6517	-1.118091e+03
6518	-1.143091e+03
6519	-1.133149e+03
6520	-1.100128e+03
6521	-1.111981e+03
6522	-1.116940e+03
6523	-1.136275e+03
6524	-1.131763e+03
6525	-1.137816e+03
6526	-1.153679e+03
6527	-1.110849e+03
6528	-1.125181e+03
6529	-1.127459e+03
6530	-1.136543e+03
6531	-1.117236e+03
6532	-1.112659e+03
6533	-1.122433e+03
6534	-1.118475e+03
6535	-1.122864e+03
6536	-1.134184e+03
6537	-1.118060e+03
6538	-1.137169e+03
6539	-1.137495e+03
6540	-1.153445e+03
6541	-1.127039e+03
6542	-1.134753e+03
6543	-1.119527e+03
6544	-1.131241e+03
6545	-1.122620e+03
6546	-1.130694e+03
6547	-1.125746e+03
6548	-1.114800e+03
6549	-1.138717e+03
6550	-1.128670e+03
6551	-1.141590e+03
6552	-1.121862e+03
6553	-1.117500e+03
6554	-1.130370e+03
6555	-1.146278e+03
6556	-1.129384e+03
6557	-1.139233e+03
6558	-1.123309e+03
6559	-1.139294e+03
6560	-1.141092e+03
6561	-1.136703e+03
6562	-1.141065e+03
6563	-1.128610e+03
6564	-1.120400e+03
6565	-1.119664e+03
6566	-1.121329e+03
6567	-1.124226e+03
6568	-1.133275e+03
6569	-1.128445e+03
6570	-1.129717e+03
6571	-1.104689e+03
6572	-1.135905e+03
6573	-1.128347e+03
6574	-1.152435e+03
6575	-1.118526e+03
6576	-1.131664e+03
6577	-1.121313e+03
6578	-1.112350e+03
6579	-1.135006e+03
6580	-1.115806e+03
6581	-1.126154e+03
6582	-1.137012e+03
6583	-1.110961e+03
6584	-1.107212e+03
6585	-1.156321e+03
6586	-1.118587e+03
6587	-1.129312e+03
6588	-1.124299e+03
6589	-1.114067e+03
6590	-1.139613e+03
6591	-1.125222e+03
6592	-1.134796e+03
6593	-1.141339e+03
6594	-1.124130e+03
6595	-1.130515e+03
6596	-1.129586e+03
6597	-1.124213e+03
6598	-1.129900e+03
6599	-1.135014e+03
6600	-1.138862e+03
6601	-1.150773e+03
6602	-1.120915e+03
6603	-1.145004e+03
6604	-1.128555e+03
6605	-1.105752e+03
6606	-1.139885e+03
6607	-1.130249e+03
6608	-1.124461e+03
6609	-1.125976e+03
6610	-1.117384e+03
6611	-1.124235e+03
6612	-1.135969e+03
6613	-1.131733e+03
6614	-1.143681e+03
6615	-1.147163e+03
6616	-1.112473e+03
6617	-1.125673e+03
6618	-1.134390e+03
6619	-1.107453e+03
6620	-1.140518e+03
6621	-1.119929e+03
6622	-1.129293e+03
6623	-1.124922e+03
6624	-1.117418e+03
6625	-1.111877e+03
6626	-1.124877e+03
6627	-1.127583e+03
6628	-1.120985e+03
6629	-1.127610e+03
6630	-1.130737e+03
6631	-1.116593e+03
6632	-1.121034e+03
6633	-1.129304e+03
6634	-1.122492e+03
6635	-1.127739e+03
6636	-1.136761e+03
6637	-1.138904e+03
6638	-1.125382e+03
6639	-1.126010e+03
6640	-1.109598e+03
6641	-1.116389e+03
6642	-1.131012e+03
6643	-1.143089e+03
6644	-1.120683e+03
6645	-1.103743e+03
6646	-1.133058e+03
6647	-1.117700e+03
6648	-1.132796e+03
6649	-1.139354e+03
6650	-1.130670e+03
6651	-1.106603e+03
6652	-1.141090e+03
6653	-1.115211e+03
6654	-1.134458e+03
6655	-1.119695e+03
6656	-1.133223e+03
6657	-1.130043e+03
6658	-1.144765e+03
6659	-1.126643e+03
6660	-1.111508e+03
6661	-1.117843e+03
6662	-1.134278e+03
6663	-1.114624e+03
6664	-1.136181e+03
6665	-1.127995e+03
6666	-1.128031e+03
6667	-1.131667e+03
6668	-1.119215e+03
6669	-1.131326e+03
6670	-1.098755e+03
6671	-1.132249e+03
6672	-1.140818e+03
6673	-1.142915e+03
6674	-1.107240e+03
6675	-1.145899e+03
6676	-1.111595e+03
6677	-1.112144e+03
6678	-1.150929e+03
6679	-1.109765e+03
6680	-1.149327e+03
6681	-1.120986e+03
6682	-1.127266e+03
6683	-1.131607e+03
6684	-1.147472e+03
6685	-1.127308e+03
6686	-1.148384e+03
6687	-1.134665e+03
6688	-1.153324e+03
6689	-1.108176e+03
6690	-1.130975e+03
6691	-1.124005e+03
6692	-1.116550e+03
6693	-1.133656e+03
6694	-1.109173e+03
6695	-1.113687e+03
6696	-1.137688e+03
6697	-1.134038e+03
6698	-1.125993e+03
6699	-1.145530e+03
6700	-1.118512e+03
6701	-1.115054e+03
6702	-1.126217e+03
6703	-1.130080e+03
6704	-1.125746e+03
6705	-1.123271e+03
6706	-1.139072e+03
6707	-1.151834e+03
6708	-1.117831e+03
6709	-1.105340e+03
6710	-1.121378e+03
6711	-1.132428e+03
6712	-1.139344e+03
6713	-1.145943e+03
6714	-1.142397e+03
6715	-1.135398e+03
6716	-1.120685e+03
6717	-1.119378e+03
6718	-1.139562e+03
6719	-1.123804e+03
6720	-1.119152e+03
6721	-1.128271e+03
6722	-1.137779e+03
6723	-1.148250e+03
6724	-1.143683e+03
6725	-1.118141e+03
6726	-1.129468e+03
6727	-1.124867e+03
6728	-1.110958e+03
6729	-1.132736e+03
6730	-1.144886e+03
6731	-1.102181e+03
6732	-1.143957e+03
6733	-1.127272e+03
6734	-1.140384e+03
6735	-1.119815e+03
6736	-1.136308e+03
6737	-1.114987e+03
6738	-1.125466e+03
6739	-1.131446e+03
6740	-1.135097e+03
6741	-1.146000e+03
6742	-1.108986e+03
6743	-1.128952e+03
6744	-1.123053e+03
6745	-1.119655e+03
6746	-1.126336e+03
6747	-1.143924e+03
6748	-1.152720e+03
6749	-1.110189e+03
6750	-1.137745e+03
6751	-1.119416e+03
6752	-1.141191e+03
6753	-1.117998e+03
6754	-1.135580e+03
6755	-1.114914e+03
6756	-1.138926e+03
6757	-1.113541e+03
6758	-1.125293e+03
6759	-1.143986e+03
6760	-1.129050e+03
6761	-1.113997e+03
6762	-1.150206e+03
6763	-1.118610e+03
6764	-1.101566e+03
6765	-1.135433e+03
6766	-1.136417e+03
6767	-1.122161e+03
6768	-1.135777e+03
6769	-1.129181e+03
6770	-1.130123e+03
6771	-1.133754e+03
6772	-1.135396e+03
6773	-1.136686e+03
6774	-1.146776e+03
6775	-1.116451e+03
6776	-1.132632e+03
6777	-1.124123e+03
6778	-1.127022e+03
6779	-1.138809e+03
6780	-1.123468e+03
6781	-1.122846e+03
6782	-1.117128e+03
6783	-1.127459e+03
6784	-1.148697e+03
6785	-1.132250e+03
6786	-1.149035e+03
6787	-1.133765e+03
6788	-1.118947e+03
6789	-1.117889e+03
6790	-1.129946e+03
6791	-1.116888e+03
6792	-1.121872e+03
6793	-1.106127e+03
6794	-1.125664e+03
6795	-1.133621e+03
6796	-1.134342e+03
6797	-1.140214e+03
6798	-1.128130e+03
6799	-1.133753e+03
6800	-1.114609e+03
6801	-1.119299e+03
6802	-1.115084e+03
6803	-1.133831e+03
6804	-1.133884e+03
6805	-1.129199e+03
6806	-1.134164e+03
6807	-1.148597e+03
6808	-1.143793e+03
6809	-1.124918e+03
6810	-1.133508e+03
6811	-1.126566e+03
6812	-1.117208e+03
6813	-1.132298e+03
6814	-1.134130e+03
6815	-1.130766e+03
6816	-1.124603e+03
6817	-1.121208e+03
6818	-1.139623e+03
6819	-1.132889e+03
6820	-1.131572e+03
6821	-1.127244e+03
6822	-1.117430e+03
6823	-1.113912e+03
6824	-1.126231e+03
6825	-1.110380e+03
6826	-1.140224e+03
6827	-1.145032e+03
6828	-1.131037e+03
6829	-1.127674e+03
6830	-1.125918e+03
6831	-1.114455e+03
6832	-1.131354e+03
6833	-1.121630e+03
6834	-1.129760e+03
6835	-1.137085e+03
6836	-1.116222e+03
6837	-1.141335e+03
6838	-1.119565e+03
6839	-1.142433e+03
6840	-1.112621e+03
6841	-1.138702e+03
6842	-1.116276e+03
6843	-1.138469e+03
6844	-1.133905e+03
6845	-1.120404e+03
6846	-1.126867e+03
6847	-1.123058e+03
6848	-1.120790e+03
6849	-1.113577e+03
6850	-1.099803e+03
6851	-1.112785e+03
6852	-1.139888e+03
6853	-1.138124e+03
6854	-1.118812e+03
6855	-1.134139e+03
6856	-1.118006e+03
6857	-1.137207e+03
6858	-1.141670e+03
6859	-1.138177e+03
6860	-1.131051e+03
6861	-1.134067e+03
6862	-1.117597e+03
6863	-1.136463e+03
6864	-1.123396e+03
6865	-1.122309e+03
6866	-1.113994e+03
6867	-1.125078e+03
6868	-1.116241e+03
6869	-1.133554e+03
6870	-1.117995e+03
6871	-1.143161e+03
6872	-1.137748e+03
6873	-1.142809e+03
6874	-1.123978e+03
6875	-1.146284e+03
6876	-1.129833e+03
6877	-1.153911e+03
6878	-1.115443e+03
6879	-1.125631e+03
6880	-1.117661e+03
6881	-1.131549e+03
6882	-1.135219e+03
6883	-1.136951e+03
6884	-1.127725e+03
6885	-1.124392e+03
6886	-1.116318e+03
6887	-1.135781e+03
6888	-1.129801e+03
6889	-1.127819e+03
6890	-1.132322e+03
6891	-1.149017e+03
6892	-1.131577e+03
6893	-1.104252e+03
6894	-1.128044e+03
6895	-1.153842e+03
6896	-1.135818e+03
6897	-1.127083e+03
6898	-1.107432e+03
6899	-1.124957e+03
6900	-1.114517e+03
6901	-1.142963e+03
6902	-1.115993e+03
6903	-1.140708e+03
6904	-1.122675e+03
6905	-1.141981e+03
6906	-1.133574e+03
6907	-1.119351e+03
6908	-1.121293e+03
6909	-1.133511e+03
6910	-1.132560e+03
6911	-1.113864e+03
6912	-1.149332e+03
6913	-1.133254e+03
6914	-1.113610e+03
6915	-1.128676e+03
6916	-1.138305e+03
6917	-1.124999e+03
6918	-1.126383e+03
6919	-1.132435e+03
6920	-1.132946e+03
6921	-1.125859e+03
6922	-1.115144e+03
6923	-1.126812e+03
6924	-1.139713e+03
6925	-1.127913e+03
6926	-1.130491e+03
6927	-1.138421e+03
6928	-1.121942e+03
6929	-1.133774e+03
6930	-1.108561e+03
6931	-1.127785e+03
6932	-1.107978e+03
6933	-1.155242e+03
6934	-1.113437e+03
6935	-1.138338e+03
6936	-1.116763e+03
6937	-1.160556e+03
6938	-1.130654e+03
6939	-1.157387e+03
6940	-1.133230e+03
6941	-1.145773e+03
6942	-1.132313e+03
6943	-1.123197e+03
6944	-1.125868e+03
6945	-1.137245e+03
6946	-1.127167e+03
6947	-1.114843e+03
6948	-1.136279e+03
6949	-1.122827e+03
6950	-1.120379e+03
6951	-1.154288e+03
6952	-1.134106e+03
6953	-1.131895e+03
6954	-1.127911e+03
6955	-1.120790e+03
6956	-1.137820e+03
6957	-1.126652e+03
6958	-1.131429e+03
6959	-1.115822e+03
6960	-1.120125e+03
6961	-1.130457e+03
6962	-1.129174e+03
6963	-1.133494e+03
6964	-1.124158e+03
6965	-1.148610e+03
6966	-1.116536e+03
6967	-1.127605e+03
6968	-1.123607e+03
6969	-1.133474e+03
6970	-1.114592e+03
6971	-1.126468e+03
6972	-1.120096e+03
6973	-1.120377e+03
6974	-1.138195e+03
6975	-1.142970e+03
6976	-1.124644e+03
6977	-1.136536e+03
6978	-1.116701e+03
6979	-1.136487e+03
6980	-1.136085e+03
6981	-1.120116e+03
6982	-1.143836e+03
6983	-1.113297e+03
6984	-1.109264e+03
6985	-1.123933e+03
6986	-1.121583e+03
6987	-1.121556e+03
6988	-1.125041e+03
6989	-1.135061e+03
6990	-1.128538e+03
6991	-1.116605e+03
6992	-1.106146e+03
6993	-1.129951e+03
6994	-1.140800e+03
6995	-1.124888e+03
6996	-1.136752e+03
6997	-1.157843e+03
6998	-1.119025e+03
6999	-1.125303e+03
7000	-1.111321e+03
7001	-1.115955e+03
7002	-1.114937e+03
7003	-1.135663e+03
7004	-1.134279e+03
7005	-1.129650e+03
7006	-1.137520e+03
7007	-1.127333e+03
7008	-1.142725e+03
7009	-1.121974e+03
7010	-1.137469e+03
7011	-1.120543e+03
7012	-1.147185e+03
7013	-1.124110e+03
7014	-1.127645e+03
7015	-1.144825e+03
7016	-1.139236e+03
7017	-1.108455e+03
7018	-1.134377e+03
7019	-1.136225e+03
7020	-1.120108e+03
7021	-1.123306e+03
7022	-1.119853e+03
7023	-1.130262e+03
7024	-1.122605e+03
7025	-1.115130e+03
7026	-1.125785e+03
7027	-1.128783e+03
7028	-1.114414e+03
7029	-1.108163e+03
7030	-1.155590e+03
7031	-1.140860e+03
7032	-1.131280e+03
7033	-1.115817e+03
7034	-1.120509e+03
7035	-1.119097e+03
7036	-1.112947e+03
7037	-1.140540e+03
7038	-1.116399e+03
7039	-1.121548e+03
7040	-1.134862e+03
7041	-1.132098e+03
7042	-1.119894e+03
7043	-1.131035e+03
7044	-1.129331e+03
7045	-1.118698e+03
7046	-1.136891e+03
7047	-1.143876e+03
7048	-1.121581e+03
7049	-1.135822e+03
7050	-1.137122e+03
7051	-1.131322e+03
7052	-1.137357e+03
7053	-1.121119e+03
7054	-1.124855e+03
7055	-1.127625e+03
7056	-1.131380e+03
7057	-1.142127e+03
7058	-1.149006e+03
7059	-1.121213e+03
7060	-1.146654e+03
7061	-1.122685e+03
7062	-1.142631e+03
7063	-1.130579e+03
7064	-1.099033e+03
7065	-1.129247e+03
7066	-1.134375e+03
7067	-1.110609e+03
7068	-1.131718e+03
7069	-1.105414e+03
7070	-1.140502e+03
7071	-1.135189e+03
7072	-1.132153e+03
7073	-1.116468e+03
7074	-1.127256e+03
7075	-1.134124e+03
7076	-1.107103e+03
7077	-1.133671e+03
7078	-1.106211e+03
7079	-1.123386e+03
7080	-1.126400e+03
7081	-1.132512e+03
7082	-1.121892e+03
7083	-1.158017e+03
7084	-1.122714e+03
7085	-1.127046e+03
7086	-1.137143e+03
7087	-1.123164e+03
7088	-1.128454e+03
7089	-1.113558e+03
7090	-1.116893e+03
7091	-1.126950e+03
7092	-1.139603e+03
7093	-1.138507e+03
7094	-1.134513e+03
7095	-1.123941e+03
7096	-1.123072e+03
7097	-1.125655e+03
7098	-1.110301e+03
7099	-1.125544e+03
7100	-1.122255e+03
7101	-1.118609e+03
7102	-1.119647e+03
7103	-1.148144e+03
7104	-1.137597e+03
7105	-1.142071e+03
7106	-1.118350e+03
7107	-1.116083e+03
7108	-1.106996e+03
7109	-1.099919e+03
7110	-1.134369e+03
7111	-1.129066e+03
7112	-1.116053e+03
7113	-1.125846e+03
7114	-1.142105e+03
7115	-1.149518e+03
7116	-1.112380e+03
7117	-1.129358e+03
7118	-1.141401e+03
7119	-1.141103e+03
7120	-1.127799e+03
7121	-1.131821e+03
7122	-1.135875e+03
7123	-1.151951e+03
7124	-1.119016e+03
7125	-1.106735e+03
7126	-1.131778e+03
7127	-1.126014e+03
7128	-1.118470e+03
7129	-1.124034e+03
7130	-1.146889e+03
7131	-1.127519e+03
7132	-1.134512e+03
7133	-1.132641e+03
7134	-1.131901e+03
7135	-1.142351e+03
7136	-1.113702e+03
7137	-1.136377e+03
7138	-1.110492e+03
7139	-1.121038e+03
7140	-1.136238e+03
7141	-1.145947e+03
7142	-1.127439e+03
7143	-1.127390e+03
7144	-1.113009e+03
7145	-1.112696e+03
7146	-1.140801e+03
7147	-1.124594e+03
7148	-1.133952e+03
7149	-1.127494e+03
7150	-1.108657e+03
7151	-1.126176e+03
7152	-1.127537e+03
7153	-1.131826e+03
7154	-1.131480e+03
7155	-1.145629e+03
7156	-1.133599e+03
7157	-1.114375e+03
7158	-1.098950e+03
7159	-1.128364e+03
7160	-1.125113e+03
7161	-1.127912e+03
7162	-1.136600e+03
7163	-1.121073e+03
7164	-1.124714e+03
7165	-1.125604e+03
7166	-1.126214e+03
7167	-1.116854e+03
7168	-1.129922e+03
7169	-1.135337e+03
7170	-1.144473e+03
7171	-1.116990e+03
7172	-1.121749e+03
7173	-1.104948e+03
7174	-1.130188e+03
7175	-1.117005e+03
7176	-1.133402e+03
7177	-1.140943e+03
7178	-1.138723e+03
7179	-1.120159e+03
7180	-1.123311e+03
7181	-1.135180e+03
7182	-1.120097e+03
7183	-1.132020e+03
7184	-1.117182e+03
7185	-1.145253e+03
7186	-1.110213e+03
7187	-1.150352e+03
7188	-1.134660e+03
7189	-1.117162e+03
7190	-1.144137e+03
7191	-1.146605e+03
7192	-1.116741e+03
7193	-1.135150e+03
7194	-1.125142e+03
7195	-1.126798e+03
7196	-1.119650e+03
7197	-1.132654e+03
7198	-1.111517e+03
7199	-1.122253e+03
7200	-1.110019e+03
7201	-1.132639e+03
7202	-1.122331e+03
7203	-1.128780e+03
7204	-1.117947e+03
7205	-1.133976e+03
7206	-1.116840e+03
7207	-1.134264e+03
7208	-1.136406e+03
7209	-1.115483e+03
7210	-1.128280e+03
7211	-1.119641e+03
7212	-1.117396e+03
7213	-1.116153e+03
7214	-1.127675e+03
7215	-1.120834e+03
7216	-1.128907e+03
7217	-1.136555e+03
7218	-1.122974e+03
7219	-1.131537e+03
7220	-1.145577e+03
7221	-1.141304e+03
7222	-1.124169e+03
7223	-1.131348e+03
7224	-1.130775e+03
7225	-1.127849e+03
7226	-1.130458e+03
7227	-1.115131e+03
7228	-1.110240e+03
7229	-1.138644e+03
7230	-1.137983e+03
7231	-1.117719e+03
7232	-1.129487e+03
7233	-1.121904e+03
7234	-1.145922e+03
7235	-1.126341e+03
7236	-1.119063e+03
7237	-1.127667e+03
7238	-1.134580e+03
7239	-1.152959e+03
7240	-1.130723e+03
7241	-1.142775e+03
7242	-1.135305e+03
7243	-1.157236e+03
7244	-1.135147e+03
7245	-1.147635e+03
7246	-1.131885e+03
7247	-1.145175e+03
7248	-1.114554e+03
7249	-1.136955e+03
7250	-1.115721e+03
7251	-1.123666e+03
7252	-1.132083e+03
7253	-1.136869e+03
7254	-1.130496e+03
7255	-1.120998e+03
7256	-1.123968e+03
7257	-1.142059e+03
7258	-1.125190e+03
7259	-1.141094e+03
7260	-1.126634e+03
7261	-1.135473e+03
7262	-1.148961e+03
7263	-1.132812e+03
7264	-1.121322e+03
7265	-1.121424e+03
7266	-1.103620e+03
7267	-1.120612e+03
7268	-1.110998e+03
7269	-1.132877e+03
7270	-1.125395e+03
7271	-1.113922e+03
7272	-1.118850e+03
7273	-1.126737e+03
7274	-1.133048e+03
7275	-1.122378e+03
7276	-1.127348e+03
7277	-1.140328e+03
7278	-1.150645e+03
7279	-1.137224e+03
7280	-1.141327e+03
7281	-1.126632e+03
7282	-1.141557e+03
7283	-1.142643e+03
7284	-1.132841e+03
7285	-1.129005e+03
7286	-1.124978e+03
7287	-1.148572e+03
7288	-1.137969e+03
7289	-1.132302e+03
7290	-1.115965e+03
7291	-1.137389e+03
7292	-1.138756e+03
7293	-1.125667e+03
7294	-1.134533e+03
7295	-1.132926e+03
7296	-1.124868e+03
7297	-1.140708e+03
7298	-1.133056e+03
7299	-1.121367e+03
7300	-1.120204e+03
7301	-1.144189e+03
7302	-1.120257e+03
7303	-1.114867e+03
7304	-1.134002e+03
7305	-1.112171e+03
7306	-1.135224e+03
7307	-1.138530e+03
7308	-1.135187e+03
7309	-1.126317e+03
7310	-1.147813e+03
7311	-1.119560e+03
7312	-1.130954e+03
7313	-1.143614e+03
7314	-1.138533e+03
7315	-1.137780e+03
7316	-1.136449e+03
7317	-1.131714e+03
7318	-1.137233e+03
7319	-1.141367e+03
7320	-1.125262e+03
7321	-1.123939e+03
7322	-1.123813e+03
7323	-1.123227e+03
7324	-1.118345e+03
7325	-1.132964e+03
7326	-1.115573e+03
7327	-1.117547e+03
7328	-1.125574e+03
7329	-1.119701e+03
7330	-1.133483e+03
7331	-1.133603e+03
7332	-1.131036e+03
7333	-1.126742e+03
7334	-1.117835e+03
7335	-1.145312e+03
7336	-1.136246e+03
7337	-1.122098e+03
7338	-1.142126e+03
7339	-1.121499e+03
7340	-1.129817e+03
7341	-1.128979e+03
7342	-1.130448e+03
7343	-1.118885e+03
7344	-1.120449e+03
7345	-1.124132e+03
7346	-1.138021e+03
7347	-1.126334e+03
7348	-1.138520e+03
7349	-1.133216e+03
7350	-1.123600e+03
7351	-1.120882e+03
7352	-1.123547e+03
7353	-1.149765e+03
7354	-1.135351e+03
7355	-1.134540e+03
7356	-1.125156e+03
7357	-1.113257e+03
7358	-1.131415e+03
7359	-1.145507e+03
7360	-1.122877e+03
7361	-1.131824e+03
7362	-1.127401e+03
7363	-1.129799e+03
7364	-1.144631e+03
7365	-1.120621e+03
7366	-1.136807e+03
7367	-1.128047e+03
7368	-1.120214e+03
7369	-1.125222e+03
7370	-1.152087e+03
7371	-1.135586e+03
7372	-1.133976e+03
7373	-1.093344e+03
7374	-1.134330e+03
7375	-1.136656e+03
7376	-1.138993e+03
7377	-1.112254e+03
7378	-1.150671e+03
7379	-1.119406e+03
7380	-1.126177e+03
7381	-1.115609e+03
7382	-1.141734e+03
7383	-1.121657e+03
7384	-1.110013e+03
7385	-1.099614e+03
7386	-1.130102e+03
7387	-1.133664e+03
7388	-1.122525e+03
7389	-1.152814e+03
7390	-1.118421e+03
7391	-1.139367e+03
7392	-1.129526e+03
7393	-1.141211e+03
7394	-1.114247e+03
7395	-1.145205e+03
7396	-1.130771e+03
7397	-1.141926e+03
7398	-1.116682e+03
7399	-1.113147e+03
7400	-1.124985e+03
7401	-1.121055e+03
7402	-1.131715e+03
7403	-1.127326e+03
7404	-1.120203e+03
7405	-1.143957e+03
7406	-1.101386e+03
7407	-1.139094e+03
7408	-1.122951e+03
7409	-1.127444e+03
7410	-1.131636e+03
7411	-1.137135e+03
7412	-1.134626e+03
7413	-1.127555e+03
7414	-1.137544e+03
7415	-1.125299e+03
7416	-1.159602e+03
7417	-1.121301e+03
7418	-1.137113e+03
7419	-1.133408e+03
7420	-1.132152e+03
7421	-1.123697e+03
7422	-1.124586e+03
7423	-1.132927e+03
7424	-1.112794e+03
7425	-1.121738e+03
7426	-1.130319e+03
7427	-1.134991e+03
7428	-1.135438e+03
7429	-1.144314e+03
7430	-1.127235e+03
7431	-1.131515e+03
7432	-1.128394e+03
7433	-1.143663e+03
7434	-1.112523e+03
7435	-1.097210e+03
7436	-1.135896e+03
7437	-1.128315e+03
7438	-1.142978e+03
7439	-1.150521e+03
7440	-1.127134e+03
7441	-1.151274e+03
7442	-1.131770e+03
7443	-1.125603e+03
7444	-1.129882e+03
7445	-1.126203e+03
7446	-1.144905e+03
7447	-1.132582e+03
7448	-1.118917e+03
7449	-1.127402e+03
7450	-1.133079e+03
7451	-1.133874e+03
7452	-1.156915e+03
7453	-1.134956e+03
7454	-1.119740e+03
7455	-1.130066e+03
7456	-1.113937e+03
7457	-1.116766e+03
7458	-1.125291e+03
7459	-1.121669e+03
7460	-1.126906e+03
7461	-1.126192e+03
7462	-1.128419e+03
7463	-1.124795e+03
7464	-1.169398e+03
7465	-1.138617e+03
7466	-1.139834e+03
7467	-1.122365e+03
7468	-1.108127e+03
7469	-1.131916e+03
7470	-1.134453e+03
7471	-1.133537e+03
7472	-1.119421e+03
7473	-1.131619e+03
7474	-1.136464e+03
7475	-1.139789e+03
7476	-1.135670e+03
7477	-1.136987e+03
7478	-1.125890e+03
7479	-1.134387e+03
7480	-1.143147e+03
7481	-1.119713e+03
7482	-1.150972e+03
7483	-1.130002e+03
7484	-1.127671e+03
7485	-1.127649e+03
7486	-1.146391e+03
7487	-1.122743e+03
7488	-1.135737e+03
7489	-1.125095e+03
7490	-1.121054e+03
7491	-1.123501e+03
7492	-1.138025e+03
7493	-1.126149e+03
7494	-1.135674e+03
7495	-1.115228e+03
7496	-1.147964e+03
7497	-1.120263e+03
7498	-1.118802e+03
7499	-1.132313e+03
7500	-1.124418e+03
7501	-1.131977e+03
7502	-1.114392e+03
7503	-1.121820e+03
7504	-1.134727e+03
7505	-1.120865e+03
7506	-1.136575e+03
7507	-1.138050e+03
7508	-1.129352e+03
7509	-1.116918e+03
7510	-1.127110e+03
7511	-1.129105e+03
7512	-1.117333e+03
7513	-1.133945e+03
7514	-1.136386e+03
7515	-1.121082e+03
7516	-1.139228e+03
7517	-1.130959e+03
7518	-1.144236e+03
7519	-1.110100e+03
7520	-1.145651e+03
7521	-1.120401e+03
7522	-1.128391e+03
7523	-1.134982e+03
7524	-1.143630e+03
7525	-1.149358e+03
7526	-1.120086e+03
7527	-1.122148e+03
7528	-1.127631e+03
7529	-1.128605e+03
7530	-1.156329e+03
7531	-1.131773e+03
7532	-1.121017e+03
7533	-1.121172e+03
7534	-1.144353e+03
7535	-1.140393e+03
7536	-1.120894e+03
7537	-1.117209e+03
7538	-1.113696e+03
7539	-1.132089e+03
7540	-1.122119e+03
7541	-1.123316e+03
7542	-1.134658e+03
7543	-1.130929e+03
7544	-1.131912e+03
7545	-1.121259e+03
7546	-1.136912e+03
7547	-1.130580e+03
7548	-1.135033e+03
7549	-1.121723e+03
7550	-1.140513e+03
7551	-1.135640e+03
7552	-1.120885e+03
7553	-1.134327e+03
7554	-1.139933e+03
7555	-1.122659e+03
7556	-1.143353e+03
7557	-1.134888e+03
7558	-1.130029e+03
7559	-1.153954e+03
7560	-1.136941e+03
7561	-1.133011e+03
7562	-1.122011e+03
7563	-1.139836e+03
7564	-1.130726e+03
7565	-1.121859e+03
7566	-1.125482e+03
7567	-1.122204e+03
7568	-1.131449e+03
7569	-1.157243e+03
7570	-1.138429e+03
7571	-1.125125e+03
7572	-1.144130e+03
7573	-1.141709e+03
7574	-1.117208e+03
7575	-1.111391e+03
7576	-1.139018e+03
7577	-1.138561e+03
7578	-1.135969e+03
7579	-1.132430e+03
7580	-1.125705e+03
7581	-1.132684e+03
7582	-1.143297e+03
7583	-1.133532e+03
7584	-1.132270e+03
7585	-1.135790e+03
7586	-1.135848e+03
7587	-1.141768e+03
7588	-1.123204e+03
7589	-1.148832e+03
7590	-1.129136e+03
7591	-1.108487e+03
7592	-1.102699e+03
7593	-1.125194e+03
7594	-1.125695e+03
7595	-1.142719e+03
7596	-1.119445e+03
7597	-1.135938e+03
7598	-1.120270e+03
7599	-1.126363e+03
7600	-1.122616e+03
7601	-1.151230e+03
7602	-1.135630e+03
7603	-1.151600e+03
7604	-1.135519e+03
7605	-1.147503e+03
7606	-1.120020e+03
7607	-1.130518e+03
7608	-1.118189e+03
7609	-1.116814e+03
7610	-1.112857e+03
7611	-1.122074e+03
7612	-1.140203e+03
7613	-1.137150e+03
7614	-1.113645e+03
7615	-1.139485e+03
7616	-1.111358e+03
7617	-1.120031e+03
7618	-1.144058e+03
7619	-1.117033e+03
7620	-1.127345e+03
7621	-1.134825e+03
7622	-1.137051e+03
7623	-1.117126e+03
7624	-1.114586e+03
7625	-1.118881e+03
7626	-1.127460e+03
7627	-1.120035e+03
7628	-1.127147e+03
7629	-1.118213e+03
7630	-1.128573e+03
7631	-1.119248e+03
7632	-1.125815e+03
7633	-1.121160e+03
7634	-1.112455e+03
7635	-1.134075e+03
7636	-1.127123e+03
7637	-1.130629e+03
7638	-1.122668e+03
7639	-1.123072e+03
7640	-1.145573e+03
7641	-1.139988e+03
7642	-1.121534e+03
7643	-1.133150e+03
7644	-1.135592e+03
7645	-1.138452e+03
7646	-1.112641e+03
7647	-1.133881e+03
7648	-1.107104e+03
7649	-1.120845e+03
7650	-1.139388e+03
7651	-1.124195e+03
7652	-1.126925e+03
7653	-1.138884e+03
7654	-1.131862e+03
7655	-1.138900e+03
7656	-1.148756e+03
7657	-1.126647e+03
7658	-1.140121e+03
7659	-1.143040e+03
7660	-1.125885e+03
7661	-1.126021e+03
7662	-1.131973e+03
7663	-1.133136e+03
7664	-1.117226e+03
7665	-1.132210e+03
7666	-1.144750e+03
7667	-1.124807e+03
7668	-1.108815e+03
7669	-1.131064e+03
7670	-1.135701e+03
7671	-1.138201e+03
7672	-1.117204e+03
7673	-1.139511e+03
7674	-1.127615e+03
7675	-1.132964e+03
7676	-1.126291e+03
7677	-1.133496e+03
7678	-1.120034e+03
7679	-1.134290e+03
7680	-1.128946e+03
7681	-1.145973e+03
7682	-1.130073e+03
7683	-1.129049e+03
7684	-1.144425e+03
7685	-1.130350e+03
7686	-1.130914e+03
7687	-1.130652e+03
7688	-1.126650e+03
7689	-1.130441e+03
7690	-1.120316e+03
7691	-1.137206e+03
7692	-1.129316e+03
7693	-1.128769e+03
7694	-1.116689e+03
7695	-1.136504e+03
7696	-1.134148e+03
7697	-1.121527e+03
7698	-1.137095e+03
7699	-1.117127e+03
7700	-1.139161e+03
7701	-1.114520e+03
7702	-1.130501e+03
7703	-1.139425e+03
7704	-1.117934e+03
7705	-1.137831e+03
7706	-1.132676e+03
7707	-1.133949e+03
7708	-1.112218e+03
7709	-1.142709e+03
7710	-1.129369e+03
7711	-1.126426e+03
7712	-1.131178e+03
7713	-1.128883e+03
7714	-1.125563e+03
7715	-1.124882e+03
7716	-1.112162e+03
7717	-1.132215e+03
7718	-1.127322e+03
7719	-1.122281e+03
7720	-1.127240e+03
7721	-1.133219e+03
7722	-1.141852e+03
7723	-1.126120e+03
7724	-1.138017e+03
7725	-1.104181e+03
7726	-1.137387e+03
7727	-1.120728e+03
7728	-1.122504e+03
7729	-1.122225e+03
7730	-1.126842e+03
7731	-1.115623e+03
7732	-1.129682e+03
7733	-1.108715e+03
7734	-1.133186e+03
7735	-1.115635e+03
7736	-1.131395e+03
7737	-1.125197e+03
7738	-1.121287e+03
7739	-1.139552e+03
7740	-1.121072e+03
7741	-1.143063e+03
7742	-1.133994e+03
7743	-1.127105e+03
7744	-1.119771e+03
7745	-1.104880e+03
7746	-1.121595e+03
7747	-1.144868e+03
7748	-1.126240e+03
7749	-1.121168e+03
7750	-1.134360e+03
7751	-1.103419e+03
7752	-1.133728e+03
7753	-1.107672e+03
7754	-1.132505e+03
7755	-1.138201e+03
7756	-1.130213e+03
7757	-1.147220e+03
7758	-1.145518e+03
7759	-1.113881e+03
7760	-1.138523e+03
7761	-1.140184e+03
7762	-1.132838e+03
7763	-1.138686e+03
7764	-1.144737e+03
7765	-1.116193e+03
7766	-1.129153e+03
7767	-1.149793e+03
7768	-1.122565e+03
7769	-1.128661e+03
7770	-1.115613e+03
7771	-1.132326e+03
7772	-1.124229e+03
7773	-1.147064e+03
7774	-1.118417e+03
7775	-1.142463e+03
7776	-1.103131e+03
7777	-1.134393e+03
7778	-1.127940e+03
7779	-1.122451e+03
7780	-1.134457e+03
7781	-1.132620e+03
7782	-1.124307e+03
7783	-1.117920e+03
7784	-1.120205e+03
7785	-1.128463e+03
7786	-1.141815e+03
7787	-1.149116e+03
7788	-1.136258e+03
7789	-1.134519e+03
7790	-1.143643e+03
7791	-1.118406e+03
7792	-1.118557e+03
7793	-1.114844e+03
7794	-1.129331e+03
7795	-1.138078e+03
7796	-1.139993e+03
7797	-1.121718e+03
7798	-1.132813e+03
7799	-1.112619e+03
7800	-1.120345e+03
7801	-1.116568e+03
7802	-1.135154e+03
7803	-1.106932e+03
7804	-1.115606e+03
7805	-1.138119e+03
7806	-1.118869e+03
7807	-1.120359e+03
7808	-1.117332e+03
7809	-1.127893e+03
7810	-1.136734e+03
7811	-1.120942e+03
7812	-1.133545e+03
7813	-1.143823e+03
7814	-1.134754e+03
7815	-1.145682e+03
7816	-1.130353e+03
7817	-1.115473e+03
7818	-1.130475e+03
7819	-1.104622e+03
7820	-1.123057e+03
7821	-1.135454e+03
7822	-1.136821e+03
7823	-1.126864e+03
7824	-1.122303e+03
7825	-1.128019e+03
7826	-1.104648e+03
7827	-1.135156e+03
7828	-1.125293e+03
7829	-1.129792e+03
7830	-1.127144e+03
7831	-1.123775e+03
7832	-1.132709e+03
7833	-1.119147e+03
7834	-1.119722e+03
7835	-1.117135e+03
7836	-1.121902e+03
7837	-1.110908e+03
7838	-1.135238e+03
7839	-1.131424e+03
7840	-1.123858e+03
7841	-1.122956e+03
7842	-1.141506e+03
7843	-1.122982e+03
7844	-1.147545e+03
7845	-1.125450e+03
7846	-1.113705e+03
7847	-1.134631e+03
7848	-1.118017e+03
7849	-1.129769e+03
7850	-1.131150e+03
7851	-1.142380e+03
7852	-1.123637e+03
7853	-1.134306e+03
7854	-1.109832e+03
7855	-1.138288e+03
7856	-1.136440e+03
7857	-1.109940e+03
7858	-1.135235e+03
7859	-1.145538e+03
7860	-1.135936e+03
7861	-1.128742e+03
7862	-1.131533e+03
7863	-1.124528e+03
7864	-1.118513e+03
7865	-1.107233e+03
7866	-1.117932e+03
7867	-1.135307e+03
7868	-1.128846e+03
7869	-1.121725e+03
7870	-1.130808e+03
7871	-1.127385e+03
7872	-1.118260e+03
7873	-1.147066e+03
7874	-1.131645e+03
7875	-1.138287e+03
7876	-1.136308e+03
7877	-1.143127e+03
7878	-1.114534e+03
7879	-1.133117e+03
7880	-1.142677e+03
7881	-1.150149e+03
7882	-1.134113e+03
7883	-1.135570e+03
7884	-1.135430e+03
7885	-1.115135e+03
7886	-1.134044e+03
7887	-1.133984e+03
7888	-1.117608e+03
7889	-1.138040e+03
7890	-1.142171e+03
7891	-1.145103e+03
7892	-1.125883e+03
7893	-1.127405e+03
7894	-1.150821e+03
7895	-1.151592e+03
7896	-1.137766e+03
7897	-1.108160e+03
7898	-1.136130e+03
7899	-1.136288e+03
7900	-1.132547e+03
7901	-1.138751e+03
7902	-1.132583e+03
7903	-1.136712e+03
7904	-1.121434e+03
7905	-1.113307e+03
7906	-1.124266e+03
7907	-1.152548e+03
7908	-1.131494e+03
7909	-1.132509e+03
7910	-1.131905e+03
7911	-1.117928e+03
7912	-1.132047e+03
7913	-1.132633e+03
7914	-1.127823e+03
7915	-1.136744e+03
7916	-1.127510e+03
7917	-1.128704e+03
7918	-1.127823e+03
7919	-1.109938e+03
7920	-1.133579e+03
7921	-1.130884e+03
7922	-1.122239e+03
7923	-1.130928e+03
7924	-1.122859e+03
7925	-1.115194e+03
7926	-1.137997e+03
7927	-1.134004e+03
7928	-1.122864e+03
7929	-1.138353e+03
7930	-1.147128e+03
7931	-1.119223e+03
7932	-1.126323e+03
7933	-1.114529e+03
7934	-1.129234e+03
7935	-1.130596e+03
7936	-1.119367e+03
7937	-1.133894e+03
7938	-1.134740e+03
7939	-1.133128e+03
7940	-1.127101e+03
7941	-1.123638e+03
7942	-1.132258e+03
7943	-1.135739e+03
7944	-1.155506e+03
7945	-1.134944e+03
7946	-1.147786e+03
7947	-1.128556e+03
7948	-1.124738e+03
7949	-1.133571e+03
7950	-1.137145e+03
7951	-1.140557e+03
7952	-1.137420e+03
7953	-1.106026e+03
7954	-1.134683e+03
7955	-1.149292e+03
7956	-1.122332e+03
7957	-1.142837e+03
7958	-1.146131e+03
7959	-1.143097e+03
7960	-1.149304e+03
7961	-1.149689e+03
7962	-1.115366e+03
7963	-1.121012e+03
7964	-1.133041e+03
7965	-1.117957e+03
7966	-1.130113e+03
7967	-1.123285e+03
7968	-1.128674e+03
7969	-1.137736e+03
7970	-1.107514e+03
7971	-1.126660e+03
7972	-1.107357e+03
7973	-1.149148e+03
7974	-1.133836e+03
7975	-1.132840e+03
7976	-1.117026e+03
7977	-1.129606e+03
7978	-1.104982e+03
7979	-1.133386e+03
7980	-1.125089e+03
7981	-1.140150e+03
7982	-1.151469e+03
7983	-1.130498e+03
7984	-1.125068e+03
7985	-1.138134e+03
7986	-1.134243e+03
7987	-1.140656e+03
7988	-1.116780e+03
7989	-1.134060e+03
7990	-1.144876e+03
7991	-1.136933e+03
7992	-1.131571e+03
7993	-1.118813e+03
7994	-1.112657e+03
7995	-1.103246e+03
7996	-1.139868e+03
7997	-1.138012e+03
7998	-1.116020e+03
7999	-1.121722e+03
8000	-1.123130e+03
8001	-1.129170e+03
8002	-1.136091e+03
8003	-1.120337e+03
8004	-1.128537e+03
8005	-1.132064e+03
8006	-1.128741e+03
8007	-1.117386e+03
8008	-1.136074e+03
8009	-1.134010e+03
8010	-1.115192e+03
8011	-1.122368e+03
8012	-1.119952e+03
8013	-1.110920e+03
8014	-1.145664e+03
8015	-1.109814e+03
8016	-1.125021e+03
8017	-1.114981e+03
8018	-1.135316e+03
8019	-1.101401e+03
8020	-1.117774e+03
8021	-1.119968e+03
8022	-1.133367e+03
8023	-1.126381e+03
8024	-1.111266e+03
8025	-1.113781e+03
8026	-1.138393e+03
8027	-1.124616e+03
8028	-1.107737e+03
8029	-1.140585e+03
8030	-1.118247e+03
8031	-1.140396e+03
8032	-1.104541e+03
8033	-1.154541e+03
8034	-1.122795e+03
8035	-1.124418e+03
8036	-1.117774e+03
8037	-1.127836e+03
8038	-1.134489e+03
8039	-1.147878e+03
8040	-1.119144e+03
8041	-1.120504e+03
8042	-1.130444e+03
8043	-1.121178e+03
8044	-1.127484e+03
8045	-1.135620e+03
8046	-1.149855e+03
8047	-1.142533e+03
8048	-1.125887e+03
8049	-1.132768e+03
8050	-1.121088e+03
8051	-1.124349e+03
8052	-1.124650e+03
8053	-1.107721e+03
8054	-1.133388e+03
8055	-1.125119e+03
8056	-1.130215e+03
8057	-1.115565e+03
8058	-1.124676e+03
8059	-1.121273e+03
8060	-1.115541e+03
8061	-1.119219e+03
8062	-1.113944e+03
8063	-1.113537e+03
8064	-1.122995e+03
8065	-1.129452e+03
8066	-1.147103e+03
8067	-1.122368e+03
8068	-1.131172e+03
8069	-1.098246e+03
8070	-1.126897e+03
8071	-1.127701e+03
8072	-1.129397e+03
8073	-1.132101e+03
8074	-1.137841e+03
8075	-1.114511e+03
8076	-1.134399e+03
8077	-1.126608e+03
8078	-1.123657e+03
8079	-1.133568e+03
8080	-1.126531e+03
8081	-1.129915e+03
8082	-1.127106e+03
8083	-1.137387e+03
8084	-1.131802e+03
8085	-1.158423e+03
8086	-1.116132e+03
8087	-1.109962e+03
8088	-1.137569e+03
8089	-1.134309e+03
8090	-1.150612e+03
8091	-1.156977e+03
8092	-1.111524e+03
8093	-1.124488e+03
8094	-1.128246e+03
8095	-1.132061e+03
8096	-1.122929e+03
8097	-1.135885e+03
8098	-1.125068e+03
8099	-1.105269e+03
8100	-1.112323e+03
8101	-1.138576e+03
8102	-1.131552e+03
8103	-1.127526e+03
8104	-1.130863e+03
8105	-1.131023e+03
8106	-1.142769e+03
8107	-1.134323e+03
8108	-1.134268e+03
8109	-1.114881e+03
8110	-1.132471e+03
8111	-1.144572e+03
8112	-1.139519e+03
8113	-1.124580e+03
8114	-1.129869e+03
8115	-1.144239e+03
8116	-1.114228e+03
8117	-1.139755e+03
8118	-1.142598e+03
8119	-1.135836e+03
8120	-1.113545e+03
8121	-1.136198e+03
8122	-1.120879e+03
8123	-1.128040e+03
8124	-1.125839e+03
8125	-1.124911e+03
8126	-1.132699e+03
8127	-1.142890e+03
8128	-1.121677e+03
8129	-1.123637e+03
8130	-1.130244e+03
8131	-1.134778e+03
8132	-1.135621e+03
8133	-1.126131e+03
8134	-1.136422e+03
8135	-1.131722e+03
8136	-1.109384e+03
8137	-1.138500e+03
8138	-1.134846e+03
8139	-1.115717e+03
8140	-1.110382e+03
8141	-1.133655e+03
8142	-1.119537e+03
8143	-1.128728e+03
8144	-1.141182e+03
8145	-1.123027e+03
8146	-1.143022e+03
8147	-1.124701e+03
8148	-1.122078e+03
8149	-1.135320e+03
8150	-1.125540e+03
8151	-1.148029e+03
8152	-1.135294e+03
8153	-1.113823e+03
8154	-1.121183e+03
8155	-1.114736e+03
8156	-1.125323e+03
8157	-1.122737e+03
8158	-1.137600e+03
8159	-1.130894e+03
8160	-1.120952e+03
8161	-1.151434e+03
8162	-1.118412e+03
8163	-1.149677e+03
8164	-1.135742e+03
8165	-1.118324e+03
8166	-1.136366e+03
8167	-1.133671e+03
8168	-1.163271e+03
8169	-1.142415e+03
8170	-1.126090e+03
8171	-1.145397e+03
8172	-1.128039e+03
8173	-1.137366e+03
8174	-1.139508e+03
8175	-1.129094e+03
8176	-1.134860e+03
8177	-1.135038e+03
8178	-1.106162e+03
8179	-1.120181e+03
8180	-1.128343e+03
8181	-1.123599e+03
8182	-1.135151e+03
8183	-1.152665e+03
8184	-1.095005e+03
8185	-1.111244e+03
8186	-1.136568e+03
8187	-1.105382e+03
8188	-1.133936e+03
8189	-1.110464e+03
8190	-1.137032e+03
8191	-1.133643e+03
8192	-1.115295e+03
8193	-1.131966e+03
8194	-1.143423e+03
8195	-1.138868e+03
8196	-1.117585e+03
8197	-1.129779e+03
8198	-1.119972e+03
8199	-1.134759e+03
8200	-1.127653e+03
8201	-1.145393e+03
8202	-1.120445e+03
8203	-1.126602e+03
8204	-1.123603e+03
8205	-1.131533e+03
8206	-1.121114e+03
8207	-1.142916e+03
8208	-1.135652e+03
8209	-1.132048e+03
8210	-1.127089e+03
8211	-1.130610e+03
8212	-1.142562e+03
8213	-1.134246e+03
8214	-1.107890e+03
8215	-1.137702e+03
8216	-1.140151e+03
8217	-1.120767e+03
8218	-1.152230e+03
8219	-1.125605e+03
8220	-1.126520e+03
8221	-1.138794e+03
8222	-1.136976e+03
8223	-1.127716e+03
8224	-1.129690e+03
8225	-1.157769e+03
8226	-1.129014e+03
8227	-1.126135e+03
8228	-1.140515e+03
8229	-1.145571e+03
8230	-1.111950e+03
8231	-1.118523e+03
8232	-1.134158e+03
8233	-1.129793e+03
8234	-1.134229e+03
8235	-1.143659e+03
8236	-1.133542e+03
8237	-1.127804e+03
8238	-1.139710e+03
8239	-1.124584e+03
8240	-1.132242e+03
8241	-1.126681e+03
8242	-1.129279e+03
8243	-1.128783e+03
8244	-1.122408e+03
8245	-1.137710e+03
8246	-1.132572e+03
8247	-1.115433e+03
8248	-1.137162e+03
8249	-1.127828e+03
8250	-1.124403e+03
8251	-1.140296e+03
8252	-1.151145e+03
8253	-1.131270e+03
8254	-1.120999e+03
8255	-1.140486e+03
8256	-1.136261e+03
8257	-1.134378e+03
8258	-1.126011e+03
8259	-1.125969e+03
8260	-1.130844e+03
8261	-1.138388e+03
8262	-1.152169e+03
8263	-1.118553e+03
8264	-1.110977e+03
8265	-1.112594e+03
8266	-1.129866e+03
8267	-1.137763e+03
8268	-1.129246e+03
8269	-1.137524e+03
8270	-1.119587e+03
8271	-1.103404e+03
8272	-1.123562e+03
8273	-1.116804e+03
8274	-1.127893e+03
8275	-1.120265e+03
8276	-1.120789e+03
8277	-1.132709e+03
8278	-1.129111e+03
8279	-1.112311e+03
8280	-1.121488e+03
8281	-1.118045e+03
8282	-1.134528e+03
8283	-1.120599e+03
8284	-1.124365e+03
8285	-1.133427e+03
8286	-1.122392e+03
8287	-1.140220e+03
8288	-1.132059e+03
8289	-1.146785e+03
8290	-1.130842e+03
8291	-1.148145e+03
8292	-1.126159e+03
8293	-1.139589e+03
8294	-1.122915e+03
8295	-1.142434e+03
8296	-1.136999e+03
8297	-1.142554e+03
8298	-1.135819e+03
8299	-1.109730e+03
8300	-1.124329e+03
8301	-1.111673e+03
8302	-1.141244e+03
8303	-1.126263e+03
8304	-1.134351e+03
8305	-1.128927e+03
8306	-1.145912e+03
8307	-1.153496e+03
8308	-1.130849e+03
8309	-1.133118e+03
8310	-1.125357e+03
8311	-1.116083e+03
8312	-1.137465e+03
8313	-1.114511e+03
8314	-1.115020e+03
8315	-1.143349e+03
8316	-1.133104e+03
8317	-1.111462e+03
8318	-1.131104e+03
8319	-1.130236e+03
8320	-1.112111e+03
8321	-1.142245e+03
8322	-1.130100e+03
8323	-1.121821e+03
8324	-1.129729e+03
8325	-1.138495e+03
8326	-1.136334e+03
8327	-1.122738e+03
8328	-1.106810e+03
8329	-1.111184e+03
8330	-1.101157e+03
8331	-1.118221e+03
8332	-1.124397e+03
8333	-1.137357e+03
8334	-1.128502e+03
8335	-1.130108e+03
8336	-1.124970e+03
8337	-1.137639e+03
8338	-1.131569e+03
8339	-1.126988e+03
8340	-1.134111e+03
8341	-1.129065e+03
8342	-1.123701e+03
8343	-1.137554e+03
8344	-1.148053e+03
8345	-1.129577e+03
8346	-1.127697e+03
8347	-1.120940e+03
8348	-1.156644e+03
8349	-1.122512e+03
8350	-1.142822e+03
8351	-1.138663e+03
8352	-1.126823e+03
8353	-1.126924e+03
8354	-1.133378e+03
8355	-1.121761e+03
8356	-1.129491e+03
8357	-1.136317e+03
8358	-1.126440e+03
8359	-1.103061e+03
8360	-1.125414e+03
8361	-1.131231e+03
8362	-1.142754e+03
8363	-1.122783e+03
8364	-1.130915e+03
8365	-1.110129e+03
8366	-1.138641e+03
8367	-1.113417e+03
8368	-1.138752e+03
8369	-1.136505e+03
8370	-1.119817e+03
8371	-1.113559e+03
8372	-1.117553e+03
8373	-1.129314e+03
8374	-1.124964e+03
8375	-1.122901e+03
8376	-1.112708e+03
8377	-1.130149e+03
8378	-1.117702e+03
8379	-1.113441e+03
8380	-1.121349e+03
8381	-1.137383e+03
8382	-1.123745e+03
8383	-1.136510e+03
8384	-1.134694e+03
8385	-1.114657e+03
8386	-1.130046e+03
8387	-1.129726e+03
8388	-1.121631e+03
8389	-1.121467e+03
8390	-1.140575e+03
8391	-1.140589e+03
8392	-1.126004e+03
8393	-1.129959e+03
8394	-1.141350e+03
8395	-1.129069e+03
8396	-1.134330e+03
8397	-1.119870e+03
8398	-1.124709e+03
8399	-1.118050e+03
8400	-1.124631e+03
8401	-1.105111e+03
8402	-1.120343e+03
8403	-1.118652e+03
8404	-1.121877e+03
8405	-1.135021e+03
8406	-1.125293e+03
8407	-1.124654e+03
8408	-1.135639e+03
8409	-1.131117e+03
8410	-1.123149e+03
8411	-1.121009e+03
8412	-1.134950e+03
8413	-1.162524e+03
8414	-1.112825e+03
8415	-1.136410e+03
8416	-1.117583e+03
8417	-1.133688e+03
8418	-1.111998e+03
8419	-1.126992e+03
8420	-1.121442e+03
8421	-1.138101e+03
8422	-1.145995e+03
8423	-1.122533e+03
8424	-1.120640e+03
8425	-1.137645e+03
8426	-1.138891e+03
8427	-1.171369e+03
8428	-1.126370e+03
8429	-1.141607e+03
8430	-1.102487e+03
8431	-1.141255e+03
8432	-1.139741e+03
8433	-1.119365e+03
8434	-1.124331e+03
8435	-1.117323e+03
8436	-1.139013e+03
8437	-1.121794e+03
8438	-1.131818e+03
8439	-1.148830e+03
8440	-1.127998e+03
8441	-1.138472e+03
8442	-1.105232e+03
8443	-1.148840e+03
8444	-1.119328e+03
8445	-1.101283e+03
8446	-1.140743e+03
8447	-1.130426e+03
8448	-1.128810e+03
8449	-1.138769e+03
8450	-1.114811e+03
8451	-1.155147e+03
8452	-1.144124e+03
8453	-1.126123e+03
8454	-1.121543e+03
8455	-1.107863e+03
8456	-1.136452e+03
8457	-1.124620e+03
8458	-1.126868e+03
8459	-1.138745e+03
8460	-1.118366e+03
8461	-1.128198e+03
8462	-1.129302e+03
8463	-1.128078e+03
8464	-1.131118e+03
8465	-1.122143e+03
8466	-1.143722e+03
8467	-1.116997e+03
8468	-1.135937e+03
8469	-1.128545e+03
8470	-1.127796e+03
8471	-1.136037e+03
8472	-1.133467e+03
8473	-1.104841e+03
8474	-1.149067e+03
8475	-1.132890e+03
8476	-1.129863e+03
8477	-1.107479e+03
8478	-1.110887e+03
8479	-1.123775e+03
8480	-1.127526e+03
8481	-1.123731e+03
8482	-1.130311e+03
8483	-1.121502e+03
8484	-1.138629e+03
8485	-1.133437e+03
8486	-1.135169e+03
8487	-1.115578e+03
8488	-1.123553e+03
8489	-1.117130e+03
8490	-1.106184e+03
8491	-1.137625e+03
8492	-1.134487e+03
8493	-1.141701e+03
8494	-1.133775e+03
8495	-1.139266e+03
8496	-1.121720e+03
8497	-1.112100e+03
8498	-1.135852e+03
8499	-1.134603e+03
8500	-1.113998e+03
8501	-1.143615e+03
8502	-1.126662e+03
8503	-1.115176e+03
8504	-1.112738e+03
8505	-1.120600e+03
8506	-1.111566e+03
8507	-1.146224e+03
8508	-1.136531e+03
8509	-1.120647e+03
8510	-1.121659e+03
8511	-1.122328e+03
8512	-1.114597e+03
8513	-1.129026e+03
8514	-1.113134e+03
8515	-1.123228e+03
8516	-1.145050e+03
8517	-1.114546e+03
8518	-1.136432e+03
8519	-1.133840e+03
8520	-1.136074e+03
8521	-1.152572e+03
8522	-1.130152e+03
8523	-1.130246e+03
8524	-1.120320e+03
8525	-1.124588e+03
8526	-1.122094e+03
8527	-1.121886e+03
8528	-1.143841e+03
8529	-1.116720e+03
8530	-1.135875e+03
8531	-1.131388e+03
8532	-1.122769e+03
8533	-1.123303e+03
8534	-1.107410e+03
8535	-1.110567e+03
8536	-1.116262e+03
8537	-1.131195e+03
8538	-1.117528e+03
8539	-1.142973e+03
8540	-1.147832e+03
8541	-1.137680e+03
8542	-1.129381e+03
8543	-1.136593e+03
8544	-1.120552e+03
8545	-1.143037e+03
8546	-1.111966e+03
8547	-1.121820e+03
8548	-1.136984e+03
8549	-1.118086e+03
8550	-1.141244e+03
8551	-1.144001e+03
8552	-1.108902e+03
8553	-1.116706e+03
8554	-1.117708e+03
8555	-1.145762e+03
8556	-1.121950e+03
8557	-1.144053e+03
8558	-1.110292e+03
8559	-1.121518e+03
8560	-1.131695e+03
8561	-1.150694e+03
8562	-1.128781e+03
8563	-1.129855e+03
8564	-1.137731e+03
8565	-1.133533e+03
8566	-1.108315e+03
8567	-1.129926e+03
8568	-1.138567e+03
8569	-1.150372e+03
8570	-1.118923e+03
8571	-1.114248e+03
8572	-1.116733e+03
8573	-1.142143e+03
8574	-1.115371e+03
8575	-1.140704e+03
8576	-1.135227e+03
8577	-1.134207e+03
8578	-1.116112e+03
8579	-1.120048e+03
8580	-1.121369e+03
8581	-1.134005e+03
8582	-1.147431e+03
8583	-1.151314e+03
8584	-1.143244e+03
8585	-1.131857e+03
8586	-1.120516e+03
8587	-1.146206e+03
8588	-1.155460e+03
8589	-1.128106e+03
8590	-1.135964e+03
8591	-1.132024e+03
8592	-1.133168e+03
8593	-1.109367e+03
8594	-1.123904e+03
8595	-1.118679e+03
8596	-1.114961e+03
8597	-1.118467e+03
8598	-1.128725e+03
8599	-1.137686e+03
8600	-1.129671e+03
8601	-1.117011e+03
8602	-1.140379e+03
8603	-1.111894e+03
8604	-1.144936e+03
8605	-1.135708e+03
8606	-1.109631e+03
8607	-1.128299e+03
8608	-1.129645e+03
8609	-1.123755e+03
8610	-1.139088e+03
8611	-1.110075e+03
8612	-1.136227e+03
8613	-1.135997e+03
8614	-1.124003e+03
8615	-1.135514e+03
8616	-1.124857e+03
8617	-1.139348e+03
8618	-1.130504e+03
8619	-1.127318e+03
8620	-1.098244e+03
8621	-1.122344e+03
8622	-1.140194e+03
8623	-1.113579e+03
8624	-1.128273e+03
8625	-1.109414e+03
8626	-1.127216e+03
8627	-1.150584e+03
8628	-1.113207e+03
8629	-1.109934e+03
8630	-1.122862e+03
8631	-1.120370e+03
8632	-1.118604e+03
8633	-1.121631e+03
8634	-1.124681e+03
8635	-1.142980e+03
8636	-1.114134e+03
8637	-1.135489e+03
8638	-1.108822e+03
8639	-1.131409e+03
8640	-1.128883e+03
8641	-1.120408e+03
8642	-1.122928e+03
8643	-1.129782e+03
8644	-1.101287e+03
8645	-1.113412e+03
8646	-1.123521e+03
8647	-1.125872e+03
8648	-1.119735e+03
8649	-1.115669e+03
8650	-1.126038e+03
8651	-1.130392e+03
8652	-1.145547e+03
8653	-1.123455e+03
8654	-1.136266e+03
8655	-1.121724e+03
8656	-1.118951e+03
8657	-1.130068e+03
8658	-1.131938e+03
8659	-1.119129e+03
8660	-1.166721e+03
8661	-1.131538e+03
8662	-1.124720e+03
8663	-1.141785e+03
8664	-1.120831e+03
8665	-1.129046e+03
8666	-1.128344e+03
8667	-1.136790e+03
8668	-1.128208e+03
8669	-1.113578e+03
8670	-1.128057e+03
8671	-1.144128e+03
8672	-1.138253e+03
8673	-1.141618e+03
8674	-1.129978e+03
8675	-1.120241e+03
8676	-1.136755e+03
8677	-1.139545e+03
8678	-1.121810e+03
8679	-1.133242e+03
8680	-1.113217e+03
8681	-1.119133e+03
8682	-1.138997e+03
8683	-1.115212e+03
8684	-1.122999e+03
8685	-1.120958e+03
8686	-1.135539e+03
8687	-1.142967e+03
8688	-1.150565e+03
8689	-1.129743e+03
8690	-1.117541e+03
8691	-1.124868e+03
8692	-1.130218e+03
8693	-1.131826e+03
8694	-1.128673e+03
8695	-1.117452e+03
8696	-1.124708e+03
8697	-1.126779e+03
8698	-1.121004e+03
8699	-1.118131e+03
8700	-1.120401e+03
8701	-1.117271e+03
8702	-1.142067e+03
8703	-1.129891e+03
8704	-1.120977e+03
8705	-1.134813e+03
8706	-1.137478e+03
8707	-1.128737e+03
8708	-1.127932e+03
8709	-1.120351e+03
8710	-1.116163e+03
8711	-1.120276e+03
8712	-1.148083e+03
8713	-1.132849e+03
8714	-1.124671e+03
8715	-1.118663e+03
8716	-1.132602e+03
8717	-1.140075e+03
8718	-1.132179e+03
8719	-1.136733e+03
8720	-1.111133e+03
8721	-1.115622e+03
8722	-1.144774e+03
8723	-1.129773e+03
8724	-1.134079e+03
8725	-1.130988e+03
8726	-1.152622e+03
8727	-1.152146e+03
8728	-1.138418e+03
8729	-1.132043e+03
8730	-1.113184e+03
8731	-1.127662e+03
8732	-1.114856e+03
8733	-1.114142e+03
8734	-1.121717e+03
8735	-1.132214e+03
8736	-1.134685e+03
8737	-1.134254e+03
8738	-1.137171e+03
8739	-1.124504e+03
8740	-1.132741e+03
8741	-1.141520e+03
8742	-1.127736e+03
8743	-1.134001e+03
8744	-1.137460e+03
8745	-1.126803e+03
8746	-1.130996e+03
8747	-1.138120e+03
8748	-1.120665e+03
8749	-1.114112e+03
8750	-1.124652e+03
8751	-1.112691e+03
8752	-1.126235e+03
8753	-1.122910e+03
8754	-1.136089e+03
8755	-1.116825e+03
8756	-1.135310e+03
8757	-1.111263e+03
8758	-1.119453e+03
8759	-1.141014e+03
8760	-1.127283e+03
8761	-1.120236e+03
8762	-1.111445e+03
8763	-1.135662e+03
8764	-1.116264e+03
8765	-1.120878e+03
8766	-1.137584e+03
8767	-1.140543e+03
8768	-1.129163e+03
8769	-1.127936e+03
8770	-1.123702e+03
8771	-1.127658e+03
8772	-1.136487e+03
8773	-1.122839e+03
8774	-1.140915e+03
8775	-1.127957e+03
8776	-1.131016e+03
8777	-1.126024e+03
8778	-1.123357e+03
8779	-1.129227e+03
8780	-1.125263e+03
8781	-1.108493e+03
8782	-1.116940e+03
8783	-1.122184e+03
8784	-1.152064e+03
8785	-1.127086e+03
8786	-1.147495e+03
8787	-1.125212e+03
8788	-1.126732e+03
8789	-1.141440e+03
8790	-1.137627e+03
8791	-1.150403e+03
8792	-1.130129e+03
8793	-1.131425e+03
8794	-1.128224e+03
8795	-1.131239e+03
8796	-1.121035e+03
8797	-1.151996e+03
8798	-1.140837e+03
8799	-1.149337e+03
8800	-1.126092e+03
8801	-1.115963e+03
8802	-1.109408e+03
8803	-1.113865e+03
8804	-1.128538e+03
8805	-1.108406e+03
8806	-1.139010e+03
8807	-1.130241e+03
8808	-1.124696e+03
8809	-1.126016e+03
8810	-1.131513e+03
8811	-1.132024e+03
8812	-1.124484e+03
8813	-1.142551e+03
8814	-1.108498e+03
8815	-1.126000e+03
8816	-1.140030e+03
8817	-1.153670e+03
8818	-1.118554e+03
8819	-1.146482e+03
8820	-1.122064e+03
8821	-1.118931e+03
8822	-1.129403e+03
8823	-1.106207e+03
8824	-1.117912e+03
8825	-1.139626e+03
8826	-1.149234e+03
8827	-1.134555e+03
8828	-1.118286e+03
8829	-1.126336e+03
8830	-1.128632e+03
8831	-1.122481e+03
8832	-1.128151e+03
8833	-1.126907e+03
8834	-1.117174e+03
8835	-1.112678e+03
8836	-1.126886e+03
8837	-1.147410e+03
8838	-1.123429e+03
8839	-1.129127e+03
8840	-1.109726e+03
8841	-1.140565e+03
8842	-1.133644e+03
8843	-1.125059e+03
8844	-1.133548e+03
8845	-1.122424e+03
8846	-1.114561e+03
8847	-1.135535e+03
8848	-1.130368e+03
8849	-1.125134e+03
8850	-1.131603e+03
8851	-1.123650e+03
8852	-1.126376e+03
8853	-1.137109e+03
8854	-1.116743e+03
8855	-1.128708e+03
8856	-1.130066e+03
8857	-1.120368e+03
8858	-1.129128e+03
8859	-1.139101e+03
8860	-1.114723e+03
8861	-1.135292e+03
8862	-1.129197e+03
8863	-1.100105e+03
8864	-1.124381e+03
8865	-1.128172e+03
8866	-1.127892e+03
8867	-1.118733e+03
8868	-1.130101e+03
8869	-1.144241e+03
8870	-1.111259e+03
8871	-1.130375e+03
8872	-1.136862e+03
8873	-1.113676e+03
8874	-1.143158e+03
8875	-1.125460e+03
8876	-1.097597e+03
8877	-1.117082e+03
8878	-1.120770e+03
8879	-1.143826e+03
8880	-1.134435e+03
8881	-1.144794e+03
8882	-1.129841e+03
8883	-1.123726e+03
8884	-1.129707e+03
8885	-1.145946e+03
8886	-1.105883e+03
8887	-1.135981e+03
8888	-1.118535e+03
8889	-1.144608e+03
8890	-1.127748e+03
8891	-1.120440e+03
8892	-1.137862e+03
8893	-1.135713e+03
8894	-1.130104e+03
8895	-1.115664e+03
8896	-1.145887e+03
8897	-1.118170e+03
8898	-1.137402e+03
8899	-1.134979e+03
8900	-1.125782e+03
8901	-1.122869e+03
8902	-1.129849e+03
8903	-1.150519e+03
8904	-1.121420e+03
8905	-1.133923e+03
8906	-1.121746e+03
8907	-1.096663e+03
8908	-1.135789e+03
8909	-1.134509e+03
8910	-1.133034e+03
8911	-1.134218e+03
8912	-1.131140e+03
8913	-1.137240e+03
8914	-1.127422e+03
8915	-1.115700e+03
8916	-1.145550e+03
8917	-1.142285e+03
8918	-1.136948e+03
8919	-1.123206e+03
8920	-1.135704e+03
8921	-1.153748e+03
8922	-1.134703e+03
8923	-1.125246e+03
8924	-1.111726e+03
8925	-1.123878e+03
8926	-1.112055e+03
8927	-1.119882e+03
8928	-1.131736e+03
8929	-1.143756e+03
8930	-1.134341e+03
8931	-1.107313e+03
8932	-1.122653e+03
8933	-1.136118e+03
8934	-1.122321e+03
8935	-1.139394e+03
8936	-1.128988e+03
8937	-1.129606e+03
8938	-1.156235e+03
8939	-1.132832e+03
8940	-1.147546e+03
8941	-1.114887e+03
8942	-1.145862e+03
8943	-1.121025e+03
8944	-1.132254e+03
8945	-1.114992e+03
8946	-1.129811e+03
8947	-1.134074e+03
8948	-1.125081e+03
8949	-1.132454e+03
8950	-1.119682e+03
8951	-1.117314e+03
8952	-1.140595e+03
8953	-1.120438e+03
8954	-1.122600e+03
8955	-1.118564e+03
8956	-1.127586e+03
8957	-1.123477e+03
8958	-1.118379e+03
8959	-1.114034e+03
8960	-1.127895e+03
8961	-1.121535e+03
8962	-1.131741e+03
8963	-1.110746e+03
8964	-1.131191e+03
8965	-1.131416e+03
8966	-1.123528e+03
8967	-1.122621e+03
8968	-1.139490e+03
8969	-1.111812e+03
8970	-1.118861e+03
8971	-1.122193e+03
8972	-1.120531e+03
8973	-1.145306e+03
8974	-1.122608e+03
8975	-1.125645e+03
8976	-1.130489e+03
8977	-1.116297e+03
8978	-1.122545e+03
8979	-1.132925e+03
8980	-1.132087e+03
8981	-1.136436e+03
8982	-1.121756e+03
8983	-1.112273e+03
8984	-1.129306e+03
8985	-1.115845e+03
8986	-1.135474e+03
8987	-1.120329e+03
8988	-1.117139e+03
8989	-1.130676e+03
8990	-1.140670e+03
8991	-1.116979e+03
8992	-1.117406e+03
8993	-1.128348e+03
8994	-1.126724e+03
8995	-1.125843e+03
8996	-1.115473e+03
8997	-1.123420e+03
8998	-1.118468e+03
8999	-1.140477e+03
9000	-1.129502e+03
9001	-1.132914e+03
9002	-1.136933e+03
9003	-1.135393e+03
9004	-1.126698e+03
9005	-1.108652e+03
9006	-1.119987e+03
9007	-1.122402e+03
9008	-1.116207e+03
9009	-1.134816e+03
9010	-1.131440e+03
9011	-1.136905e+03
9012	-1.137965e+03
9013	-1.124991e+03
9014	-1.121301e+03
9015	-1.142133e+03
9016	-1.108914e+03
9017	-1.118583e+03
9018	-1.119421e+03
9019	-1.135137e+03
9020	-1.136194e+03
9021	-1.128715e+03
9022	-1.118739e+03
9023	-1.124906e+03
9024	-1.130982e+03
9025	-1.130132e+03
9026	-1.121606e+03
9027	-1.124123e+03
9028	-1.118635e+03
9029	-1.119826e+03
9030	-1.114686e+03
9031	-1.127829e+03
9032	-1.133570e+03
9033	-1.125553e+03
9034	-1.130584e+03
9035	-1.115098e+03
9036	-1.137984e+03
9037	-1.145684e+03
9038	-1.143741e+03
9039	-1.140760e+03
9040	-1.120384e+03
9041	-1.139599e+03
9042	-1.119360e+03
9043	-1.114619e+03
9044	-1.134601e+03
9045	-1.125329e+03
9046	-1.123736e+03
9047	-1.131757e+03
9048	-1.128389e+03
9049	-1.122483e+03
9050	-1.140101e+03
9051	-1.128230e+03
9052	-1.132238e+03
9053	-1.134711e+03
9054	-1.131345e+03
9055	-1.110720e+03
9056	-1.129510e+03
9057	-1.148040e+03
9058	-1.140805e+03
9059	-1.143474e+03
9060	-1.115109e+03
9061	-1.145819e+03
9062	-1.130910e+03
9063	-1.150925e+03
9064	-1.118464e+03
9065	-1.120901e+03
9066	-1.129116e+03
9067	-1.135643e+03
9068	-1.148708e+03
9069	-1.123178e+03
9070	-1.144739e+03
9071	-1.138334e+03
9072	-1.132703e+03
9073	-1.129628e+03
9074	-1.143038e+03
9075	-1.121806e+03
9076	-1.117839e+03
9077	-1.132276e+03
9078	-1.131688e+03
9079	-1.100701e+03
9080	-1.129201e+03
9081	-1.135630e+03
9082	-1.129283e+03
9083	-1.129608e+03
9084	-1.136273e+03
9085	-1.129724e+03
9086	-1.115063e+03
9087	-1.137710e+03
9088	-1.136741e+03
9089	-1.125515e+03
9090	-1.132188e+03
9091	-1.122281e+03
9092	-1.119242e+03
9093	-1.131156e+03
9094	-1.147548e+03
9095	-1.135093e+03
9096	-1.126404e+03
9097	-1.141364e+03
9098	-1.147010e+03
9099	-1.138586e+03
9100	-1.131903e+03
9101	-1.123711e+03
9102	-1.133759e+03
9103	-1.128487e+03
9104	-1.127758e+03
9105	-1.140672e+03
9106	-1.114207e+03
9107	-1.111876e+03
9108	-1.141028e+03
9109	-1.119512e+03
9110	-1.131051e+03
9111	-1.135699e+03
9112	-1.105325e+03
9113	-1.125308e+03
9114	-1.127305e+03
9115	-1.138756e+03
9116	-1.153711e+03
9117	-1.137654e+03
9118	-1.131709e+03
9119	-1.140398e+03
9120	-1.126544e+03
9121	-1.131393e+03
9122	-1.127671e+03
9123	-1.127750e+03
9124	-1.123654e+03
9125	-1.141340e+03
9126	-1.134765e+03
9127	-1.123269e+03
9128	-1.151010e+03
9129	-1.090863e+03
9130	-1.116761e+03
9131	-1.138230e+03
9132	-1.124800e+03
9133	-1.135901e+03
9134	-1.139777e+03
9135	-1.127090e+03
9136	-1.125967e+03
9137	-1.121785e+03
9138	-1.134284e+03
9139	-1.147102e+03
9140	-1.107273e+03
9141	-1.133107e+03
9142	-1.119221e+03
9143	-1.108910e+03
9144	-1.131508e+03
9145	-1.109275e+03
9146	-1.125086e+03
9147	-1.135893e+03
9148	-1.141919e+03
9149	-1.128996e+03
9150	-1.137836e+03
9151	-1.137604e+03
9152	-1.127551e+03
9153	-1.113224e+03
9154	-1.129742e+03
9155	-1.123015e+03
9156	-1.126853e+03
9157	-1.121049e+03
9158	-1.118393e+03
9159	-1.107265e+03
9160	-1.116126e+03
9161	-1.131624e+03
9162	-1.130142e+03
9163	-1.132694e+03
9164	-1.124626e+03
9165	-1.118933e+03
9166	-1.138027e+03
9167	-1.126950e+03
9168	-1.129853e+03
9169	-1.136832e+03
9170	-1.129110e+03
9171	-1.124155e+03
9172	-1.139768e+03
9173	-1.108112e+03
9174	-1.115716e+03
9175	-1.117848e+03
9176	-1.128486e+03
9177	-1.136857e+03
9178	-1.123750e+03
9179	-1.124531e+03
9180	-1.128530e+03
9181	-1.138787e+03
9182	-1.122216e+03
9183	-1.123154e+03
9184	-1.139034e+03
9185	-1.116604e+03
9186	-1.136931e+03
9187	-1.141338e+03
9188	-1.131313e+03
9189	-1.130488e+03
9190	-1.136212e+03
9191	-1.142171e+03
9192	-1.131898e+03
9193	-1.136308e+03
9194	-1.139996e+03
9195	-1.137511e+03
9196	-1.146777e+03
9197	-1.128196e+03
9198	-1.124214e+03
9199	-1.120719e+03
9200	-1.138388e+03
9201	-1.114539e+03
9202	-1.119494e+03
9203	-1.147369e+03
9204	-1.118800e+03
9205	-1.153262e+03
9206	-1.129565e+03
9207	-1.124957e+03
9208	-1.135256e+03
9209	-1.133727e+03
9210	-1.136381e+03
9211	-1.120641e+03
9212	-1.142467e+03
9213	-1.132701e+03
9214	-1.120745e+03
9215	-1.144557e+03
9216	-1.111773e+03
9217	-1.125365e+03
9218	-1.122686e+03
9219	-1.144928e+03
9220	-1.118860e+03
9221	-1.129737e+03
9222	-1.130636e+03
9223	-1.132491e+03
9224	-1.124797e+03
9225	-1.106393e+03
9226	-1.137861e+03
9227	-1.111415e+03
9228	-1.120208e+03
9229	-1.109565e+03
9230	-1.107892e+03
9231	-1.151975e+03
9232	-1.140586e+03
9233	-1.131216e+03
9234	-1.131970e+03
9235	-1.122053e+03
9236	-1.142100e+03
9237	-1.127046e+03
9238	-1.141134e+03
9239	-1.142173e+03
9240	-1.124431e+03
9241	-1.147401e+03
9242	-1.133139e+03
9243	-1.116654e+03
9244	-1.128245e+03
9245	-1.129598e+03
9246	-1.124212e+03
9247	-1.125093e+03
9248	-1.151241e+03
9249	-1.118623e+03
9250	-1.140662e+03
9251	-1.144879e+03
9252	-1.126857e+03
9253	-1.127108e+03
9254	-1.147200e+03
9255	-1.136717e+03
9256	-1.134998e+03
9257	-1.115809e+03
9258	-1.139250e+03
9259	-1.130041e+03
9260	-1.137740e+03
9261	-1.118825e+03
9262	-1.115796e+03
9263	-1.131864e+03
9264	-1.131409e+03
9265	-1.130059e+03
9266	-1.107983e+03
9267	-1.142536e+03
9268	-1.142599e+03
9269	-1.127481e+03
9270	-1.123594e+03
9271	-1.166261e+03
9272	-1.121639e+03
9273	-1.123944e+03
9274	-1.122442e+03
9275	-1.115635e+03
9276	-1.122196e+03
9277	-1.113636e+03
9278	-1.121464e+03
9279	-1.138902e+03
9280	-1.126161e+03
9281	-1.133812e+03
9282	-1.134526e+03
9283	-1.138269e+03
9284	-1.147343e+03
9285	-1.124056e+03
9286	-1.120945e+03
9287	-1.120402e+03
9288	-1.120790e+03
9289	-1.126972e+03
9290	-1.124621e+03
9291	-1.133780e+03
9292	-1.128479e+03
9293	-1.132063e+03
9294	-1.127872e+03
9295	-1.124580e+03
9296	-1.125778e+03
9297	-1.123250e+03
9298	-1.114299e+03
9299	-1.130552e+03
9300	-1.144610e+03
9301	-1.112811e+03
9302	-1.127410e+03
9303	-1.137294e+03
9304	-1.132578e+03
9305	-1.142860e+03
9306	-1.133090e+03
9307	-1.124313e+03
9308	-1.142848e+03
9309	-1.143434e+03
9310	-1.134395e+03
9311	-1.118871e+03
9312	-1.114181e+03
9313	-1.117753e+03
9314	-1.112674e+03
9315	-1.135571e+03
9316	-1.117486e+03
9317	-1.112419e+03
9318	-1.123169e+03
9319	-1.127504e+03
9320	-1.122575e+03
9321	-1.138493e+03
9322	-1.127353e+03
9323	-1.142294e+03
9324	-1.133956e+03
9325	-1.137880e+03
9326	-1.132259e+03
9327	-1.120626e+03
9328	-1.125591e+03
9329	-1.135864e+03
9330	-1.143016e+03
9331	-1.155717e+03
9332	-1.119936e+03
9333	-1.142167e+03
9334	-1.142503e+03
9335	-1.119721e+03
9336	-1.116962e+03
9337	-1.120530e+03
9338	-1.115267e+03
9339	-1.137665e+03
9340	-1.119217e+03
9341	-1.106893e+03
9342	-1.110991e+03
9343	-1.145076e+03
9344	-1.136970e+03
9345	-1.131684e+03
9346	-1.121009e+03
9347	-1.108482e+03
9348	-1.145574e+03
9349	-1.144840e+03
9350	-1.129289e+03
9351	-1.118957e+03
9352	-1.123520e+03
9353	-1.108821e+03
9354	-1.108364e+03
9355	-1.126706e+03
9356	-1.120657e+03
9357	-1.136459e+03
9358	-1.140856e+03
9359	-1.116407e+03
9360	-1.129150e+03
9361	-1.143999e+03
9362	-1.135499e+03
9363	-1.118429e+03
9364	-1.135445e+03
9365	-1.138654e+03
9366	-1.122177e+03
9367	-1.130573e+03
9368	-1.109636e+03
9369	-1.146922e+03
9370	-1.125835e+03
9371	-1.139971e+03
9372	-1.131556e+03
9373	-1.121571e+03
9374	-1.130758e+03
9375	-1.115331e+03
9376	-1.125413e+03
9377	-1.123051e+03
9378	-1.139378e+03
9379	-1.123582e+03
9380	-1.127918e+03
9381	-1.127526e+03
9382	-1.142789e+03
9383	-1.131720e+03
9384	-1.117284e+03
9385	-1.109083e+03
9386	-1.136129e+03
9387	-1.139967e+03
9388	-1.141916e+03
9389	-1.120080e+03
9390	-1.113984e+03
9391	-1.121674e+03
9392	-1.136012e+03
9393	-1.115720e+03
9394	-1.137976e+03
9395	-1.141881e+03
9396	-1.125950e+03
9397	-1.141905e+03
9398	-1.122546e+03
9399	-1.134190e+03
9400	-1.129465e+03
9401	-1.125904e+03
9402	-1.144019e+03
9403	-1.137898e+03
9404	-1.135237e+03
9405	-1.123198e+03
9406	-1.138286e+03
9407	-1.109427e+03
9408	-1.125996e+03
9409	-1.126896e+03
9410	-1.114899e+03
9411	-1.149092e+03
9412	-1.115025e+03
9413	-1.115773e+03
9414	-1.110764e+03
9415	-1.132941e+03
9416	-1.119313e+03
9417	-1.139622e+03
9418	-1.150874e+03
9419	-1.140533e+03
9420	-1.121577e+03
9421	-1.133130e+03
9422	-1.134262e+03
9423	-1.110772e+03
9424	-1.127652e+03
9425	-1.094670e+03
9426	-1.131413e+03
9427	-1.140697e+03
9428	-1.112610e+03
9429	-1.119287e+03
9430	-1.142604e+03
9431	-1.129411e+03
9432	-1.114297e+03
9433	-1.121828e+03
9434	-1.151491e+03
9435	-1.134124e+03
9436	-1.122949e+03
9437	-1.112750e+03
9438	-1.140838e+03
9439	-1.118083e+03
9440	-1.141599e+03
9441	-1.126052e+03
9442	-1.110232e+03
9443	-1.132252e+03
9444	-1.139449e+03
9445	-1.113268e+03
9446	-1.098776e+03
9447	-1.127748e+03
9448	-1.125305e+03
9449	-1.134726e+03
9450	-1.127278e+03
9451	-1.120930e+03
9452	-1.120157e+03
9453	-1.130381e+03
9454	-1.122963e+03
9455	-1.125314e+03
9456	-1.117230e+03
9457	-1.126184e+03
9458	-1.103941e+03
9459	-1.119934e+03
9460	-1.125565e+03
9461	-1.123781e+03
9462	-1.110462e+03
9463	-1.114978e+03
9464	-1.123266e+03
9465	-1.131630e+03
9466	-1.142682e+03
9467	-1.125221e+03
9468	-1.128520e+03
9469	-1.142962e+03
9470	-1.128721e+03
9471	-1.127804e+03
9472	-1.140085e+03
9473	-1.135353e+03
9474	-1.127159e+03
9475	-1.127767e+03
9476	-1.121588e+03
9477	-1.123874e+03
9478	-1.128345e+03
9479	-1.138229e+03
9480	-1.131747e+03
9481	-1.135553e+03
9482	-1.117518e+03
9483	-1.125938e+03
9484	-1.135690e+03
9485	-1.155476e+03
9486	-1.130260e+03
9487	-1.124414e+03
9488	-1.118148e+03
9489	-1.107741e+03
9490	-1.110955e+03
9491	-1.135567e+03
9492	-1.139755e+03
9493	-1.124320e+03
9494	-1.115314e+03
9495	-1.131230e+03
9496	-1.133143e+03
9497	-1.125866e+03
9498	-1.126318e+03
9499	-1.128490e+03
9500	-1.129813e+03
9501	-1.121104e+03
9502	-1.125104e+03
9503	-1.136433e+03
9504	-1.137597e+03
9505	-1.132860e+03
9506	-1.120793e+03
9507	-1.126487e+03
9508	-1.128508e+03
9509	-1.119489e+03
9510	-1.111399e+03
9511	-1.128697e+03
9512	-1.115144e+03
9513	-1.144637e+03
9514	-1.128981e+03
9515	-1.130435e+03
9516	-1.150660e+03
9517	-1.148651e+03
9518	-1.137466e+03
9519	-1.150822e+03
9520	-1.128462e+03
9521	-1.139713e+03
9522	-1.150303e+03
9523	-1.136087e+03
9524	-1.134803e+03
9525	-1.131096e+03
9526	-1.112822e+03
9527	-1.128931e+03
9528	-1.133303e+03
9529	-1.134299e+03
9530	-1.121032e+03
9531	-1.135012e+03
9532	-1.109847e+03
9533	-1.110254e+03
9534	-1.123352e+03
9535	-1.140957e+03
9536	-1.122069e+03
9537	-1.130605e+03
9538	-1.119835e+03
9539	-1.129887e+03
9540	-1.141710e+03
9541	-1.147236e+03
9542	-1.142445e+03
9543	-1.102004e+03
9544	-1.114026e+03
9545	-1.121753e+03
9546	-1.128825e+03
9547	-1.136665e+03
9548	-1.131839e+03
9549	-1.128901e+03
9550	-1.127004e+03
9551	-1.097770e+03
9552	-1.137113e+03
9553	-1.132206e+03
9554	-1.130023e+03
9555	-1.141720e+03
9556	-1.132530e+03
9557	-1.131193e+03
9558	-1.150370e+03
9559	-1.126975e+03
9560	-1.140071e+03
9561	-1.134891e+03
9562	-1.126021e+03
9563	-1.103241e+03
9564	-1.115498e+03
9565	-1.124103e+03
9566	-1.126691e+03
9567	-1.137884e+03
9568	-1.135937e+03
9569	-1.124795e+03
9570	-1.121932e+03
9571	-1.106262e+03
9572	-1.147776e+03
9573	-1.131740e+03
9574	-1.139960e+03
9575	-1.139381e+03
9576	-1.106126e+03
9577	-1.129633e+03
9578	-1.126860e+03
9579	-1.118649e+03
9580	-1.147655e+03
9581	-1.132054e+03
9582	-1.142647e+03
9583	-1.148592e+03
9584	-1.136490e+03
9585	-1.149831e+03
9586	-1.134465e+03
9587	-1.133869e+03
9588	-1.127169e+03
9589	-1.123817e+03
9590	-1.110673e+03
9591	-1.128441e+03
9592	-1.137383e+03
9593	-1.143110e+03
9594	-1.132885e+03
9595	-1.131453e+03
9596	-1.116503e+03
9597	-1.115514e+03
9598	-1.122674e+03
9599	-1.151826e+03
9600	-1.126941e+03
9601	-1.148740e+03
9602	-1.126354e+03
9603	-1.137874e+03
9604	-1.130169e+03
9605	-1.134170e+03
9606	-1.125199e+03
9607	-1.120834e+03
9608	-1.117088e+03
9609	-1.131125e+03
9610	-1.141784e+03
9611	-1.117572e+03
9612	-1.120798e+03
9613	-1.127608e+03
9614	-1.146894e+03
9615	-1.123269e+03
9616	-1.121130e+03
9617	-1.129592e+03
9618	-1.111530e+03
9619	-1.141335e+03
9620	-1.150278e+03
9621	-1.100543e+03
9622	-1.122960e+03
9623	-1.158643e+03
9624	-1.126323e+03
9625	-1.110589e+03
9626	-1.131184e+03
9627	-1.129733e+03
9628	-1.132713e+03
9629	-1.112958e+03
9630	-1.123412e+03
9631	-1.112621e+03
9632	-1.124961e+03
9633	-1.130574e+03
9634	-1.108857e+03
9635	-1.118104e+03
9636	-1.137263e+03
9637	-1.122047e+03
9638	-1.125322e+03
9639	-1.125756e+03
9640	-1.132882e+03
9641	-1.134880e+03
9642	-1.146196e+03
9643	-1.129332e+03
9644	-1.140092e+03
9645	-1.117388e+03
9646	-1.099404e+03
9647	-1.124504e+03
9648	-1.130634e+03
9649	-1.119479e+03
9650	-1.127092e+03
9651	-1.139499e+03
9652	-1.125728e+03
9653	-1.136989e+03
9654	-1.134543e+03
9655	-1.132638e+03
9656	-1.125982e+03
9657	-1.111201e+03
9658	-1.137731e+03
9659	-1.133938e+03
9660	-1.142335e+03
9661	-1.110853e+03
9662	-1.124243e+03
9663	-1.106202e+03
9664	-1.108819e+03
9665	-1.106833e+03
9666	-1.152104e+03
9667	-1.136775e+03
9668	-1.136500e+03
9669	-1.112217e+03
9670	-1.122763e+03
9671	-1.133483e+03
9672	-1.116145e+03
9673	-1.140553e+03
9674	-1.105766e+03
9675	-1.133751e+03
9676	-1.133770e+03
9677	-1.132284e+03
9678	-1.131350e+03
9679	-1.098479e+03
9680	-1.132069e+03
9681	-1.126548e+03
9682	-1.117772e+03
9683	-1.128663e+03
9684	-1.153901e+03
9685	-1.125622e+03
9686	-1.112662e+03
9687	-1.128033e+03
9688	-1.114531e+03
9689	-1.125397e+03
9690	-1.133560e+03
9691	-1.120844e+03
9692	-1.142367e+03
9693	-1.142376e+03
9694	-1.121442e+03
9695	-1.115239e+03
9696	-1.129221e+03
9697	-1.122547e+03
9698	-1.132856e+03
9699	-1.134447e+03
9700	-1.123011e+03
9701	-1.123811e+03
9702	-1.135792e+03
9703	-1.123153e+03
9704	-1.127708e+03
9705	-1.141824e+03
9706	-1.105769e+03
9707	-1.144760e+03
9708	-1.125525e+03
9709	-1.130997e+03
9710	-1.135221e+03
9711	-1.121382e+03
9712	-1.127646e+03
9713	-1.107231e+03
9714	-1.118325e+03
9715	-1.111985e+03
9716	-1.141740e+03
9717	-1.126393e+03
9718	-1.131591e+03
9719	-1.125065e+03
9720	-1.143699e+03
9721	-1.127661e+03
9722	-1.122450e+03
9723	-1.129015e+03
9724	-1.121359e+03
9725	-1.128343e+03
9726	-1.109382e+03
9727	-1.109649e+03
9728	-1.130966e+03
9729	-1.120021e+03
9730	-1.119011e+03
9731	-1.141313e+03
9732	-1.129343e+03
9733	-1.138648e+03
9734	-1.122035e+03
9735	-1.116051e+03
9736	-1.131952e+03
9737	-1.140036e+03
9738	-1.125472e+03
9739	-1.124460e+03
9740	-1.126774e+03
9741	-1.139914e+03
9742	-1.134904e+03
9743	-1.120505e+03
9744	-1.117123e+03
9745	-1.127017e+03
9746	-1.122712e+03
9747	-1.129072e+03
9748	-1.146497e+03
9749	-1.131199e+03
9750	-1.127191e+03
9751	-1.133980e+03
9752	-1.112905e+03
9753	-1.132891e+03
9754	-1.133121e+03
9755	-1.151217e+03
9756	-1.141606e+03
9757	-1.117075e+03
9758	-1.119698e+03
9759	-1.117511e+03
9760	-1.136821e+03
9761	-1.153867e+03
9762	-1.135347e+03
9763	-1.112408e+03
9764	-1.136509e+03
9765	-1.103923e+03
9766	-1.115912e+03
9767	-1.119521e+03
9768	-1.139537e+03
9769	-1.119388e+03
9770	-1.104620e+03
9771	-1.129818e+03
9772	-1.137626e+03
9773	-1.132293e+03
9774	-1.138115e+03
9775	-1.127866e+03
9776	-1.101720e+03
9777	-1.127898e+03
9778	-1.113308e+03
9779	-1.135346e+03
9780	-1.129238e+03
9781	-1.120364e+03
9782	-1.139094e+03
9783	-1.152474e+03
9784	-1.151269e+03
9785	-1.124941e+03
9786	-1.132364e+03
9787	-1.108406e+03
9788	-1.147324e+03
9789	-1.136940e+03
9790	-1.128624e+03
9791	-1.134125e+03
9792	-1.144873e+03
9793	-1.121307e+03
9794	-1.130716e+03
9795	-1.123838e+03
9796	-1.113821e+03
9797	-1.148094e+03
9798	-1.122060e+03
9799	-1.132561e+03
9800	-1.126081e+03
9801	-1.118702e+03
9802	-1.147361e+03
9803	-1.136494e+03
9804	-1.133741e+03
9805	-1.144361e+03
9806	-1.129550e+03
9807	-1.132591e+03
9808	-1.125120e+03
9809	-1.134954e+03
9810	-1.127603e+03
9811	-1.132369e+03
9812	-1.157916e+03
9813	-1.151310e+03
9814	-1.154061e+03
9815	-1.131648e+03
9816	-1.120609e+03
9817	-1.142264e+03
9818	-1.117149e+03
9819	-1.133632e+03
9820	-1.135916e+03
9821	-1.141203e+03
9822	-1.132275e+03
9823	-1.114894e+03
9824	-1.113115e+03
9825	-1.107893e+03
9826	-1.126514e+03
9827	-1.133775e+03
9828	-1.136397e+03
9829	-1.118751e+03
9830	-1.141853e+03
9831	-1.123526e+03
9832	-1.127637e+03
9833	-1.112817e+03
9834	-1.126702e+03
9835	-1.139233e+03
9836	-1.128045e+03
9837	-1.108397e+03
9838	-1.138705e+03
9839	-1.121543e+03
9840	-1.144750e+03
9841	-1.140247e+03
9842	-1.127473e+03
9843	-1.124529e+03
9844	-1.116565e+03
9845	-1.139664e+03
9846	-1.141054e+03
9847	-1.136431e+03
9848	-1.149011e+03
9849	-1.111358e+03
9850	-1.137701e+03
9851	-1.126672e+03
9852	-1.122825e+03
9853	-1.132061e+03
9854	-1.123226e+03
9855	-1.145663e+03
9856	-1.126766e+03
9857	-1.105979e+03
9858	-1.129780e+03
9859	-1.113794e+03
9860	-1.135842e+03
9861	-1.120699e+03
9862	-1.131119e+03
9863	-1.114292e+03
9864	-1.122178e+03
9865	-1.138197e+03
9866	-1.116210e+03
9867	-1.101373e+03
9868	-1.120771e+03
9869	-1.126934e+03
9870	-1.117827e+03
9871	-1.131072e+03
9872	-1.150513e+03
9873	-1.126903e+03
9874	-1.143011e+03
9875	-1.104841e+03
9876	-1.119884e+03
9877	-1.145133e+03
9878	-1.131334e+03
9879	-1.142291e+03
9880	-1.124394e+03
9881	-1.124257e+03
9882	-1.138871e+03
9883	-1.126799e+03
9884	-1.121548e+03
9885	-1.120152e+03
9886	-1.128264e+03
9887	-1.139640e+03
9888	-1.155784e+03
9889	-1.120818e+03
9890	-1.120677e+03
9891	-1.109060e+03
9892	-1.122599e+03
9893	-1.132995e+03
9894	-1.149730e+03
9895	-1.129406e+03
9896	-1.127605e+03
9897	-1.150448e+03
9898	-1.128331e+03
9899	-1.136149e+03
9900	-1.121007e+03
9901	-1.146287e+03
9902	-1.117504e+03
9903	-1.134910e+03
9904	-1.120841e+03
9905	-1.120718e+03
9906	-1.118528e+03
9907	-1.122147e+03
9908	-1.127875e+03
9909	-1.135445e+03
9910	-1.137970e+03
9911	-1.125033e+03
9912	-1.128970e+03
9913	-1.126978e+03
9914	-1.138793e+03
9915	-1.140924e+03
9916	-1.110040e+03
9917	-1.143597e+03
9918	-1.117883e+03
9919	-1.131319e+03
9920	-1.140934e+03
9921	-1.117612e+03
9922	-1.112613e+03
9923	-1.136173e+03
9924	-1.137968e+03
9925	-1.123736e+03
9926	-1.136564e+03
9927	-1.129917e+03
9928	-1.144500e+03
9929	-1.141535e+03
9930	-1.125436e+03
9931	-1.116202e+03
9932	-1.143395e+03
9933	-1.127049e+03
9934	-1.150706e+03
9935	-1.122384e+03
9936	-1.119923e+03
9937	-1.146377e+03
9938	-1.121683e+03
9939	-1.111834e+03
9940	-1.140338e+03
9941	-1.130070e+03
9942	-1.129065e+03
9943	-1.123886e+03
9944	-1.119338e+03
9945	-1.125629e+03
9946	-1.112261e+03
9947	-1.120145e+03
9948	-1.127303e+03
9949	-1.139082e+03
9950	-1.133450e+03
9951	-1.135293e+03
9952	-1.149244e+03
9953	-1.119887e+03
9954	-1.139832e+03
9955	-1.137700e+03
9956	-1.125925e+03
9957	-1.124726e+03
9958	-1.146920e+03
9959	-1.135083e+03
9960	-1.146058e+03
9961	-1.136457e+03
9962	-1.123328e+03
9963	-1.110780e+03
9964	-1.131040e+03
9965	-1.127442e+03
9966	-1.130614e+03
9967	-1.116630e+03
9968	-1.150590e+03
9969	-1.131325e+03
9970	-1.105800e+03
9971	-1.131235e+03
9972	-1.133570e+03
9973	-1.129541e+03
9974	-1.136484e+03
9975	-1.121741e+03
9976	-1.124472e+03
9977	-1.130755e+03
9978	-1.108565e+03
9979	-1.147997e+03
9980	-1.123221e+03
9981	-1.100969e+03
9982	-1.112533e+03
9983	-1.139422e+03
9984	-1.139172e+03
9985	-1.112636e+03
9986	-1.138108e+03
9987	-1.141710e+03
9988	-1.137834e+03
9989	-1.132499e+03
9990	-1.130109e+03
9991	-1.124199e+03
9992	-1.122191e+03
9993	-1.143322e+03
9994	-1.120711e+03
9995	-1.122974e+03
9996	-1.138778e+03
9997	-1.122972e+03
9998	-1.130638e+03
9999	-1.133251e+03
10000	-1.129868e+03
