iteration	loss
0	0.000000e+00
1	-7.422202e+01
2	-1.451698e+02
3	-2.122979e+02
4	-2.757619e+02
5	-3.345332e+02
6	-3.920325e+02
7	-4.478877e+02
8	-5.084804e+02
9	-5.532481e+02
10	-6.008691e+02
11	-6.449211e+02
12	-6.925127e+02
13	-7.412933e+02
14	-7.633524e+02
15	-7.974993e+02
16	-8.312798e+02
17	-8.690185e+02
18	-9.062935e+02
19	-9.191014e+02
20	-9.456033e+02
21	-9.607917e+02
22	-9.701704e+02
23	-1.003069e+03
24	-1.012615e+03
25	-1.015536e+03
26	-1.052366e+03
27	-1.039467e+03
28	-1.069589e+03
29	-1.056705e+03
30	-1.077147e+03
31	-1.075003e+03
32	-1.090316e+03
33	-1.094650e+03
34	-1.092658e+03
35	-1.095712e+03
36	-1.117304e+03
37	-1.114262e+03
38	-1.127788e+03
39	-1.113639e+03
40	-1.105656e+03
41	-1.137872e+03
42	-1.107274e+03
43	-1.117643e+03
44	-1.123794e+03
45	-1.120503e+03
46	-1.107055e+03
47	-1.127882e+03
48	-1.106195e+03
49	-1.146816e+03
50	-1.126011e+03
51	-1.114759e+03
52	-1.122091e+03
53	-1.112243e+03
54	-1.136240e+03
55	-1.129177e+03
56	-1.131683e+03
57	-1.133400e+03
58	-1.135087e+03
59	-1.134459e+03
60	-1.116021e+03
61	-1.124996e+03
62	-1.131684e+03
63	-1.121501e+03
64	-1.112898e+03
65	-1.142096e+03
66	-1.111402e+03
67	-1.134225e+03
68	-1.117290e+03
69	-1.139030e+03
70	-1.118340e+03
71	-1.138579e+03
72	-1.132258e+03
73	-1.136438e+03
74	-1.140937e+03
75	-1.126632e+03
76	-1.128961e+03
77	-1.129089e+03
78	-1.124433e+03
79	-1.126343e+03
80	-1.129027e+03
81	-1.119103e+03
82	-1.123520e+03
83	-1.149832e+03
84	-1.137861e+03
85	-1.127716e+03
86	-1.137859e+03
87	-1.118501e+03
88	-1.111097e+03
89	-1.145335e+03
90	-1.142711e+03
91	-1.135569e+03
92	-1.137216e+03
93	-1.147821e+03
94	-1.140134e+03
95	-1.128669e+03
96	-1.130015e+03
97	-1.122257e+03
98	-1.146479e+03
99	-1.134990e+03
100	-1.127421e+03
101	-1.124350e+03
102	-1.138173e+03
103	-1.115612e+03
104	-1.130984e+03
105	-1.147878e+03
106	-1.133381e+03
107	-1.136974e+03
108	-1.131377e+03
109	-1.128839e+03
110	-1.132346e+03
111	-1.135703e+03
112	-1.130776e+03
113	-1.133381e+03
114	-1.140042e+03
115	-1.116743e+03
116	-1.116069e+03
117	-1.101929e+03
118	-1.140328e+03
119	-1.131696e+03
120	-1.130647e+03
121	-1.112022e+03
122	-1.120202e+03
123	-1.137082e+03
124	-1.143161e+03
125	-1.121681e+03
126	-1.121336e+03
127	-1.119447e+03
128	-1.107720e+03
129	-1.148519e+03
130	-1.124726e+03
131	-1.127759e+03
132	-1.099717e+03
133	-1.125226e+03
134	-1.119045e+03
135	-1.138800e+03
136	-1.128958e+03
137	-1.125519e+03
138	-1.127437e+03
139	-1.134011e+03
140	-1.147234e+03
141	-1.123430e+03
142	-1.121812e+03
143	-1.110580e+03
144	-1.128455e+03
145	-1.126295e+03
146	-1.103728e+03
147	-1.134288e+03
148	-1.129227e+03
149	-1.129517e+03
150	-1.118242e+03
151	-1.133712e+03
152	-1.130204e+03
153	-1.127628e+03
154	-1.126751e+03
155	-1.132745e+03
156	-1.130293e+03
157	-1.130755e+03
158	-1.127665e+03
159	-1.121079e+03
160	-1.114707e+03
161	-1.123753e+03
162	-1.130673e+03
163	-1.134756e+03
164	-1.128678e+03
165	-1.155707e+03
166	-1.120146e+03
167	-1.101734e+03
168	-1.138601e+03
169	-1.121672e+03
170	-1.146385e+03
171	-1.122245e+03
172	-1.134899e+03
173	-1.132906e+03
174	-1.136532e+03
175	-1.150147e+03
176	-1.102715e+03
177	-1.111914e+03
178	-1.134878e+03
179	-1.130036e+03
180	-1.147349e+03
181	-1.139090e+03
182	-1.138084e+03
183	-1.122459e+03
184	-1.108756e+03
185	-1.125594e+03
186	-1.143389e+03
187	-1.135453e+03
188	-1.131383e+03
189	-1.112598e+03
190	-1.136442e+03
191	-1.128433e+03
192	-1.142692e+03
193	-1.116982e+03
194	-1.145747e+03
195	-1.135406e+03
196	-1.134964e+03
197	-1.135920e+03
198	-1.140543e+03
199	-1.127079e+03
200	-1.135043e+03
201	-1.141941e+03
202	-1.132150e+03
203	-1.133140e+03
204	-1.135353e+03
205	-1.113511e+03
206	-1.144559e+03
207	-1.149672e+03
208	-1.134279e+03
209	-1.131551e+03
210	-1.138427e+03
211	-1.115295e+03
212	-1.139138e+03
213	-1.134989e+03
214	-1.140817e+03
215	-1.138946e+03
216	-1.151585e+03
217	-1.125714e+03
218	-1.108842e+03
219	-1.131178e+03
220	-1.140230e+03
221	-1.132551e+03
222	-1.120131e+03
223	-1.117975e+03
224	-1.135230e+03
225	-1.125397e+03
226	-1.139505e+03
227	-1.127545e+03
228	-1.126408e+03
229	-1.151922e+03
230	-1.122423e+03
231	-1.115984e+03
232	-1.133479e+03
233	-1.128488e+03
234	-1.129783e+03
235	-1.143266e+03
236	-1.134445e+03
237	-1.133616e+03
238	-1.134857e+03
239	-1.143786e+03
240	-1.121174e+03
241	-1.132070e+03
242	-1.125596e+03
243	-1.123953e+03
244	-1.113567e+03
245	-1.121198e+03
246	-1.128386e+03
247	-1.126459e+03
248	-1.128840e+03
249	-1.153260e+03
250	-1.133979e+03
251	-1.130730e+03
252	-1.133499e+03
253	-1.140124e+03
254	-1.124068e+03
255	-1.145396e+03
256	-1.131525e+03
257	-1.130182e+03
258	-1.127495e+03
259	-1.135323e+03
260	-1.143813e+03
261	-1.136434e+03
262	-1.145111e+03
263	-1.118950e+03
264	-1.116937e+03
265	-1.136322e+03
266	-1.119831e+03
267	-1.118304e+03
268	-1.101245e+03
269	-1.131177e+03
270	-1.139949e+03
271	-1.124661e+03
272	-1.134977e+03
273	-1.121803e+03
274	-1.119874e+03
275	-1.101372e+03
276	-1.130532e+03
277	-1.120530e+03
278	-1.135295e+03
279	-1.132852e+03
280	-1.115724e+03
281	-1.143670e+03
282	-1.137417e+03
283	-1.112433e+03
284	-1.097233e+03
285	-1.133303e+03
286	-1.120347e+03
287	-1.138291e+03
288	-1.145027e+03
289	-1.126660e+03
290	-1.128687e+03
291	-1.137679e+03
292	-1.132776e+03
293	-1.115471e+03
294	-1.107483e+03
295	-1.116330e+03
296	-1.119608e+03
297	-1.135988e+03
298	-1.132399e+03
299	-1.114902e+03
300	-1.145862e+03
301	-1.129099e+03
302	-1.117640e+03
303	-1.145512e+03
304	-1.114245e+03
305	-1.115417e+03
306	-1.123351e+03
307	-1.121725e+03
308	-1.130029e+03
309	-1.146537e+03
310	-1.128028e+03
311	-1.145551e+03
312	-1.130693e+03
313	-1.134978e+03
314	-1.112191e+03
315	-1.122477e+03
316	-1.132563e+03
317	-1.102000e+03
318	-1.128440e+03
319	-1.131626e+03
320	-1.123900e+03
321	-1.115514e+03
322	-1.119400e+03
323	-1.109242e+03
324	-1.128297e+03
325	-1.138713e+03
326	-1.119035e+03
327	-1.135465e+03
328	-1.127343e+03
329	-1.124028e+03
330	-1.106775e+03
331	-1.134180e+03
332	-1.128609e+03
333	-1.139973e+03
334	-1.109560e+03
335	-1.135012e+03
336	-1.116061e+03
337	-1.117020e+03
338	-1.124336e+03
339	-1.122576e+03
340	-1.120248e+03
341	-1.135002e+03
342	-1.131194e+03
343	-1.119387e+03
344	-1.123730e+03
345	-1.132734e+03
346	-1.135267e+03
347	-1.123749e+03
348	-1.134673e+03
349	-1.131000e+03
350	-1.135752e+03
351	-1.153478e+03
352	-1.116455e+03
353	-1.118188e+03
354	-1.140494e+03
355	-1.132011e+03
356	-1.129754e+03
357	-1.126857e+03
358	-1.142620e+03
359	-1.124585e+03
360	-1.151406e+03
361	-1.138922e+03
362	-1.123959e+03
363	-1.146861e+03
364	-1.136682e+03
365	-1.119351e+03
366	-1.114919e+03
367	-1.117542e+03
368	-1.128969e+03
369	-1.130542e+03
370	-1.141937e+03
371	-1.123540e+03
372	-1.116849e+03
373	-1.144925e+03
374	-1.124425e+03
375	-1.139291e+03
376	-1.136475e+03
377	-1.136437e+03
378	-1.136944e+03
379	-1.136497e+03
380	-1.148519e+03
381	-1.114233e+03
382	-1.145316e+03
383	-1.124494e+03
384	-1.114300e+03
385	-1.113190e+03
386	-1.126696e+03
387	-1.138716e+03
388	-1.128120e+03
389	-1.125110e+03
390	-1.145281e+03
391	-1.121215e+03
392	-1.135701e+03
393	-1.123187e+03
394	-1.137372e+03
395	-1.118583e+03
396	-1.125874e+03
397	-1.100354e+03
398	-1.143913e+03
399	-1.146837e+03
400	-1.110069e+03
401	-1.136296e+03
402	-1.115848e+03
403	-1.133698e+03
404	-1.129317e+03
405	-1.143839e+03
406	-1.136035e+03
407	-1.129172e+03
408	-1.130556e+03
409	-1.130679e+03
410	-1.140428e+03
411	-1.130401e+03
412	-1.121107e+03
413	-1.115996e+03
414	-1.123538e+03
415	-1.141942e+03
416	-1.104720e+03
417	-1.117159e+03
418	-1.129043e+03
419	-1.126482e+03
420	-1.125429e+03
421	-1.125154e+03
422	-1.139427e+03
423	-1.124841e+03
424	-1.117850e+03
425	-1.118612e+03
426	-1.116333e+03
427	-1.129340e+03
428	-1.124928e+03
429	-1.145840e+03
430	-1.138743e+03
431	-1.118151e+03
432	-1.130983e+03
433	-1.129352e+03
434	-1.123632e+03
435	-1.136058e+03
436	-1.141985e+03
437	-1.143082e+03
438	-1.120522e+03
439	-1.127171e+03
440	-1.134006e+03
441	-1.130444e+03
442	-1.120892e+03
443	-1.128473e+03
444	-1.121447e+03
445	-1.125031e+03
446	-1.132001e+03
447	-1.109673e+03
448	-1.152807e+03
449	-1.146865e+03
450	-1.128208e+03
451	-1.129931e+03
452	-1.118519e+03
453	-1.151019e+03
454	-1.120626e+03
455	-1.139007e+03
456	-1.123546e+03
457	-1.139854e+03
458	-1.143652e+03
459	-1.132340e+03
460	-1.146481e+03
461	-1.140675e+03
462	-1.135179e+03
463	-1.147207e+03
464	-1.141573e+03
465	-1.131354e+03
466	-1.130559e+03
467	-1.126062e+03
468	-1.107183e+03
469	-1.113704e+03
470	-1.123805e+03
471	-1.130120e+03
472	-1.127351e+03
473	-1.125578e+03
474	-1.127297e+03
475	-1.126801e+03
476	-1.126802e+03
477	-1.118136e+03
478	-1.136795e+03
479	-1.122553e+03
480	-1.133287e+03
481	-1.135798e+03
482	-1.146603e+03
483	-1.144414e+03
484	-1.122412e+03
485	-1.106954e+03
486	-1.129001e+03
487	-1.114361e+03
488	-1.114135e+03
489	-1.124261e+03
490	-1.135876e+03
491	-1.119618e+03
492	-1.137305e+03
493	-1.125607e+03
494	-1.131740e+03
495	-1.151377e+03
496	-1.136034e+03
497	-1.126023e+03
498	-1.106939e+03
499	-1.134012e+03
500	-1.111873e+03
501	-1.129134e+03
502	-1.121759e+03
503	-1.131337e+03
504	-1.102390e+03
505	-1.114549e+03
506	-1.126399e+03
507	-1.163462e+03
508	-1.097862e+03
509	-1.126450e+03
510	-1.130408e+03
511	-1.136129e+03
512	-1.136702e+03
513	-1.137651e+03
514	-1.135505e+03
515	-1.123921e+03
516	-1.127915e+03
517	-1.125856e+03
518	-1.101684e+03
519	-1.139367e+03
520	-1.116682e+03
521	-1.144923e+03
522	-1.137566e+03
523	-1.134216e+03
524	-1.108325e+03
525	-1.119943e+03
526	-1.126413e+03
527	-1.125293e+03
528	-1.136610e+03
529	-1.127201e+03
530	-1.130685e+03
531	-1.127373e+03
532	-1.129389e+03
533	-1.126108e+03
534	-1.143038e+03
535	-1.117552e+03
536	-1.134014e+03
537	-1.124834e+03
538	-1.142047e+03
539	-1.125239e+03
540	-1.152269e+03
541	-1.118762e+03
542	-1.138470e+03
543	-1.116340e+03
544	-1.129424e+03
545	-1.112151e+03
546	-1.129635e+03
547	-1.134231e+03
548	-1.142198e+03
549	-1.120755e+03
550	-1.118684e+03
551	-1.122225e+03
552	-1.127783e+03
553	-1.119789e+03
554	-1.111934e+03
555	-1.122291e+03
556	-1.142872e+03
557	-1.117017e+03
558	-1.127046e+03
559	-1.132421e+03
560	-1.140368e+03
561	-1.121446e+03
562	-1.142989e+03
563	-1.109028e+03
564	-1.131221e+03
565	-1.142190e+03
566	-1.114243e+03
567	-1.137165e+03
568	-1.119511e+03
569	-1.150711e+03
570	-1.135992e+03
571	-1.120750e+03
572	-1.118676e+03
573	-1.130798e+03
574	-1.132767e+03
575	-1.141792e+03
576	-1.130743e+03
577	-1.108347e+03
578	-1.132912e+03
579	-1.146673e+03
580	-1.119385e+03
581	-1.124284e+03
582	-1.135932e+03
583	-1.126764e+03
584	-1.125932e+03
585	-1.113214e+03
586	-1.120695e+03
587	-1.117937e+03
588	-1.122589e+03
589	-1.123380e+03
590	-1.128653e+03
591	-1.154152e+03
592	-1.139897e+03
593	-1.115816e+03
594	-1.146257e+03
595	-1.127711e+03
596	-1.115672e+03
597	-1.111655e+03
598	-1.127886e+03
599	-1.126897e+03
600	-1.121909e+03
601	-1.134078e+03
602	-1.135743e+03
603	-1.118700e+03
604	-1.129994e+03
605	-1.121807e+03
606	-1.123085e+03
607	-1.135009e+03
608	-1.139677e+03
609	-1.112324e+03
610	-1.110272e+03
611	-1.132083e+03
612	-1.146328e+03
613	-1.133170e+03
614	-1.124877e+03
615	-1.123262e+03
616	-1.120712e+03
617	-1.127369e+03
618	-1.149442e+03
619	-1.124783e+03
620	-1.136762e+03
621	-1.125168e+03
622	-1.139732e+03
623	-1.110599e+03
624	-1.129567e+03
625	-1.111248e+03
626	-1.136134e+03
627	-1.102695e+03
628	-1.132146e+03
629	-1.153933e+03
630	-1.136006e+03
631	-1.123067e+03
632	-1.118406e+03
633	-1.125455e+03
634	-1.126647e+03
635	-1.140920e+03
636	-1.130667e+03
637	-1.128739e+03
638	-1.134016e+03
639	-1.117976e+03
640	-1.136911e+03
641	-1.112248e+03
642	-1.111502e+03
643	-1.134702e+03
644	-1.136508e+03
645	-1.126632e+03
646	-1.116882e+03
647	-1.135367e+03
648	-1.133676e+03
649	-1.139266e+03
650	-1.116489e+03
651	-1.143162e+03
652	-1.123166e+03
653	-1.143026e+03
654	-1.117865e+03
655	-1.115719e+03
656	-1.135071e+03
657	-1.110970e+03
658	-1.148453e+03
659	-1.114914e+03
660	-1.111908e+03
661	-1.118397e+03
662	-1.134089e+03
663	-1.130238e+03
664	-1.127365e+03
665	-1.122575e+03
666	-1.126410e+03
667	-1.105360e+03
668	-1.119937e+03
669	-1.122223e+03
670	-1.129015e+03
671	-1.130356e+03
672	-1.139091e+03
673	-1.127847e+03
674	-1.143639e+03
675	-1.130029e+03
676	-1.121051e+03
677	-1.127878e+03
678	-1.128492e+03
679	-1.133589e+03
680	-1.110786e+03
681	-1.122074e+03
682	-1.140116e+03
683	-1.130057e+03
684	-1.139609e+03
685	-1.126062e+03
686	-1.142200e+03
687	-1.114022e+03
688	-1.131860e+03
689	-1.120398e+03
690	-1.123083e+03
691	-1.129400e+03
692	-1.138977e+03
693	-1.132421e+03
694	-1.124018e+03
695	-1.118016e+03
696	-1.130540e+03
697	-1.127541e+03
698	-1.120886e+03
699	-1.133265e+03
700	-1.117809e+03
701	-1.125384e+03
702	-1.121221e+03
703	-1.103908e+03
704	-1.107224e+03
705	-1.134479e+03
706	-1.133046e+03
707	-1.118292e+03
708	-1.139250e+03
709	-1.127668e+03
710	-1.142038e+03
711	-1.116297e+03
712	-1.126107e+03
713	-1.139921e+03
714	-1.150187e+03
715	-1.138764e+03
716	-1.132352e+03
717	-1.121622e+03
718	-1.113982e+03
719	-1.137137e+03
720	-1.120748e+03
721	-1.119318e+03
722	-1.124195e+03
723	-1.115123e+03
724	-1.134329e+03
725	-1.111835e+03
726	-1.109802e+03
727	-1.124262e+03
728	-1.133048e+03
729	-1.123294e+03
730	-1.123469e+03
731	-1.130380e+03
732	-1.116937e+03
733	-1.124378e+03
734	-1.111625e+03
735	-1.148121e+03
736	-1.121053e+03
737	-1.137802e+03
738	-1.131056e+03
739	-1.110976e+03
740	-1.137678e+03
741	-1.123909e+03
742	-1.111789e+03
743	-1.109738e+03
744	-1.122550e+03
745	-1.121140e+03
746	-1.137052e+03
747	-1.116111e+03
748	-1.143337e+03
749	-1.129338e+03
750	-1.149153e+03
751	-1.105992e+03
752	-1.133396e+03
753	-1.141111e+03
754	-1.132278e+03
755	-1.120146e+03
756	-1.135207e+03
757	-1.116473e+03
758	-1.122393e+03
759	-1.122092e+03
760	-1.133771e+03
761	-1.113100e+03
762	-1.161312e+03
763	-1.133872e+03
764	-1.135068e+03
765	-1.128814e+03
766	-1.122168e+03
767	-1.126150e+03
768	-1.132490e+03
769	-1.133406e+03
770	-1.116230e+03
771	-1.124489e+03
772	-1.119481e+03
773	-1.139023e+03
774	-1.122396e+03
775	-1.134896e+03
776	-1.127180e+03
777	-1.125098e+03
778	-1.136349e+03
779	-1.147749e+03
780	-1.124065e+03
781	-1.118971e+03
782	-1.128037e+03
783	-1.118378e+03
784	-1.130047e+03
785	-1.129094e+03
786	-1.136981e+03
787	-1.141742e+03
788	-1.136034e+03
789	-1.141688e+03
790	-1.129962e+03
791	-1.132461e+03
792	-1.137230e+03
793	-1.130703e+03
794	-1.132853e+03
795	-1.130504e+03
796	-1.148982e+03
797	-1.146958e+03
798	-1.128301e+03
799	-1.123442e+03
800	-1.127400e+03
801	-1.105881e+03
802	-1.123307e+03
803	-1.119909e+03
804	-1.142710e+03
805	-1.114173e+03
806	-1.144872e+03
807	-1.152681e+03
808	-1.127671e+03
809	-1.139081e+03
810	-1.106790e+03
811	-1.133486e+03
812	-1.131739e+03
813	-1.138936e+03
814	-1.127674e+03
815	-1.128318e+03
816	-1.120470e+03
817	-1.140344e+03
818	-1.121481e+03
819	-1.118608e+03
820	-1.106347e+03
821	-1.118384e+03
822	-1.133396e+03
823	-1.134295e+03
824	-1.145124e+03
825	-1.139854e+03
826	-1.138185e+03
827	-1.111047e+03
828	-1.114355e+03
829	-1.128706e+03
830	-1.116889e+03
831	-1.106108e+03
832	-1.121827e+03
833	-1.130649e+03
834	-1.143624e+03
835	-1.125814e+03
836	-1.138662e+03
837	-1.129561e+03
838	-1.126218e+03
839	-1.129892e+03
840	-1.130632e+03
841	-1.116846e+03
842	-1.133187e+03
843	-1.122373e+03
844	-1.135158e+03
845	-1.129005e+03
846	-1.114633e+03
847	-1.144317e+03
848	-1.126578e+03
849	-1.120136e+03
850	-1.120268e+03
851	-1.116084e+03
852	-1.101340e+03
853	-1.124461e+03
854	-1.130719e+03
855	-1.137244e+03
856	-1.126773e+03
857	-1.136121e+03
858	-1.126978e+03
859	-1.131467e+03
860	-1.135524e+03
861	-1.123392e+03
862	-1.115664e+03
863	-1.119673e+03
864	-1.139337e+03
865	-1.124071e+03
866	-1.139352e+03
867	-1.139356e+03
868	-1.133062e+03
869	-1.112919e+03
870	-1.149181e+03
871	-1.125998e+03
872	-1.142063e+03
873	-1.124141e+03
874	-1.124524e+03
875	-1.130427e+03
876	-1.124201e+03
877	-1.138503e+03
878	-1.116403e+03
879	-1.118095e+03
880	-1.122172e+03
881	-1.123273e+03
882	-1.135812e+03
883	-1.137531e+03
884	-1.134375e+03
885	-1.135978e+03
886	-1.119210e+03
887	-1.116507e+03
888	-1.140797e+03
889	-1.130220e+03
890	-1.139794e+03
891	-1.118873e+03
892	-1.120336e+03
893	-1.144117e+03
894	-1.138766e+03
895	-1.100431e+03
896	-1.132970e+03
897	-1.127368e+03
898	-1.130388e+03
899	-1.137078e+03
900	-1.135350e+03
901	-1.124883e+03
902	-1.148160e+03
903	-1.124158e+03
904	-1.147408e+03
905	-1.125013e+03
906	-1.135370e+03
907	-1.126202e+03
908	-1.113558e+03
909	-1.141686e+03
910	-1.130781e+03
911	-1.135433e+03
912	-1.117210e+03
913	-1.123752e+03
914	-1.131965e+03
915	-1.115070e+03
916	-1.135411e+03
917	-1.105036e+03
918	-1.142992e+03
919	-1.126114e+03
920	-1.137110e+03
921	-1.120607e+03
922	-1.156668e+03
923	-1.140556e+03
924	-1.131926e+03
925	-1.118480e+03
926	-1.120068e+03
927	-1.126741e+03
928	-1.123831e+03
929	-1.131895e+03
930	-1.122926e+03
931	-1.153376e+03
932	-1.116520e+03
933	-1.123922e+03
934	-1.115321e+03
935	-1.144870e+03
936	-1.113956e+03
937	-1.140282e+03
938	-1.128227e+03
939	-1.107209e+03
940	-1.136914e+03
941	-1.140720e+03
942	-1.120022e+03
943	-1.123676e+03
944	-1.136607e+03
945	-1.099822e+03
946	-1.124411e+03
947	-1.116592e+03
948	-1.127595e+03
949	-1.128879e+03
950	-1.142747e+03
951	-1.126664e+03
952	-1.140222e+03
953	-1.135392e+03
954	-1.129495e+03
955	-1.127391e+03
956	-1.159111e+03
957	-1.130778e+03
958	-1.122987e+03
959	-1.135550e+03
960	-1.141438e+03
961	-1.122578e+03
962	-1.133152e+03
963	-1.141151e+03
964	-1.138997e+03
965	-1.146290e+03
966	-1.130941e+03
967	-1.137904e+03
968	-1.123054e+03
969	-1.120474e+03
970	-1.140234e+03
971	-1.110537e+03
972	-1.122326e+03
973	-1.112220e+03
974	-1.134513e+03
975	-1.143026e+03
976	-1.128346e+03
977	-1.128267e+03
978	-1.147776e+03
979	-1.122247e+03
980	-1.121192e+03
981	-1.119496e+03
982	-1.136594e+03
983	-1.130740e+03
984	-1.114944e+03
985	-1.131226e+03
986	-1.125226e+03
987	-1.125288e+03
988	-1.148834e+03
989	-1.116701e+03
990	-1.127646e+03
991	-1.124809e+03
992	-1.115952e+03
993	-1.133245e+03
994	-1.116703e+03
995	-1.108159e+03
996	-1.130474e+03
997	-1.126288e+03
998	-1.130928e+03
999	-1.146528e+03
1000	-1.109053e+03
1001	-1.135674e+03
1002	-1.130926e+03
1003	-1.147804e+03
1004	-1.128495e+03
1005	-1.134549e+03
1006	-1.134882e+03
1007	-1.136065e+03
1008	-1.118845e+03
1009	-1.111216e+03
1010	-1.127616e+03
1011	-1.138512e+03
1012	-1.134782e+03
1013	-1.131688e+03
1014	-1.134285e+03
1015	-1.146227e+03
1016	-1.142858e+03
1017	-1.135686e+03
1018	-1.126958e+03
1019	-1.148060e+03
1020	-1.133191e+03
1021	-1.136285e+03
1022	-1.115240e+03
1023	-1.114120e+03
1024	-1.146051e+03
1025	-1.117225e+03
1026	-1.123258e+03
1027	-1.138063e+03
1028	-1.136193e+03
1029	-1.141389e+03
1030	-1.123657e+03
1031	-1.113061e+03
1032	-1.115455e+03
1033	-1.140885e+03
1034	-1.141642e+03
1035	-1.122898e+03
1036	-1.111445e+03
1037	-1.136608e+03
1038	-1.132030e+03
1039	-1.138955e+03
1040	-1.153037e+03
1041	-1.117087e+03
1042	-1.132744e+03
1043	-1.142797e+03
1044	-1.143915e+03
1045	-1.143050e+03
1046	-1.124199e+03
1047	-1.132374e+03
1048	-1.116089e+03
1049	-1.139093e+03
1050	-1.136077e+03
1051	-1.145900e+03
1052	-1.111558e+03
1053	-1.126184e+03
1054	-1.125807e+03
1055	-1.143547e+03
1056	-1.114181e+03
1057	-1.110255e+03
1058	-1.121973e+03
1059	-1.120604e+03
1060	-1.125486e+03
1061	-1.122833e+03
1062	-1.119771e+03
1063	-1.110954e+03
1064	-1.140805e+03
1065	-1.115425e+03
1066	-1.127164e+03
1067	-1.141674e+03
1068	-1.119373e+03
1069	-1.140905e+03
1070	-1.146509e+03
1071	-1.121369e+03
1072	-1.136819e+03
1073	-1.130303e+03
1074	-1.120316e+03
1075	-1.130329e+03
1076	-1.117808e+03
1077	-1.131626e+03
1078	-1.112426e+03
1079	-1.119685e+03
1080	-1.127240e+03
1081	-1.127745e+03
1082	-1.129254e+03
1083	-1.116346e+03
1084	-1.122715e+03
1085	-1.126326e+03
1086	-1.131680e+03
1087	-1.109102e+03
1088	-1.120296e+03
1089	-1.137222e+03
1090	-1.132128e+03
1091	-1.128282e+03
1092	-1.118258e+03
1093	-1.102046e+03
1094	-1.106105e+03
1095	-1.115222e+03
1096	-1.124550e+03
1097	-1.130277e+03
1098	-1.125852e+03
1099	-1.138066e+03
1100	-1.140782e+03
1101	-1.132683e+03
1102	-1.128127e+03
1103	-1.105438e+03
1104	-1.126603e+03
1105	-1.138887e+03
1106	-1.120587e+03
1107	-1.105203e+03
1108	-1.123048e+03
1109	-1.129490e+03
1110	-1.124943e+03
1111	-1.131640e+03
1112	-1.129729e+03
1113	-1.131228e+03
1114	-1.124548e+03
1115	-1.122208e+03
1116	-1.122906e+03
1117	-1.130158e+03
1118	-1.119690e+03
1119	-1.139053e+03
1120	-1.140498e+03
1121	-1.137053e+03
1122	-1.124017e+03
1123	-1.143177e+03
1124	-1.127567e+03
1125	-1.131801e+03
1126	-1.131089e+03
1127	-1.138859e+03
1128	-1.128337e+03
1129	-1.133174e+03
1130	-1.124938e+03
1131	-1.113604e+03
1132	-1.118714e+03
1133	-1.107498e+03
1134	-1.135283e+03
1135	-1.129581e+03
1136	-1.142811e+03
1137	-1.141897e+03
1138	-1.121037e+03
1139	-1.136624e+03
1140	-1.132171e+03
1141	-1.143717e+03
1142	-1.135548e+03
1143	-1.148019e+03
1144	-1.131963e+03
1145	-1.142304e+03
1146	-1.125617e+03
1147	-1.128253e+03
1148	-1.136566e+03
1149	-1.132485e+03
1150	-1.142576e+03
1151	-1.123409e+03
1152	-1.144019e+03
1153	-1.111440e+03
1154	-1.112510e+03
1155	-1.140045e+03
1156	-1.127373e+03
1157	-1.112467e+03
1158	-1.140648e+03
1159	-1.132778e+03
1160	-1.128534e+03
1161	-1.138891e+03
1162	-1.122953e+03
1163	-1.130785e+03
1164	-1.119377e+03
1165	-1.146993e+03
1166	-1.104565e+03
1167	-1.124711e+03
1168	-1.140621e+03
1169	-1.138578e+03
1170	-1.125856e+03
1171	-1.130435e+03
1172	-1.143423e+03
1173	-1.128139e+03
1174	-1.118002e+03
1175	-1.126007e+03
1176	-1.140096e+03
1177	-1.116874e+03
1178	-1.135925e+03
1179	-1.102981e+03
1180	-1.128614e+03
1181	-1.136233e+03
1182	-1.120415e+03
1183	-1.120194e+03
1184	-1.140839e+03
1185	-1.165953e+03
1186	-1.121235e+03
1187	-1.117417e+03
1188	-1.122828e+03
1189	-1.128633e+03
1190	-1.136738e+03
1191	-1.139155e+03
1192	-1.106957e+03
1193	-1.115787e+03
1194	-1.137387e+03
1195	-1.151807e+03
1196	-1.117563e+03
1197	-1.104194e+03
1198	-1.140626e+03
1199	-1.126923e+03
1200	-1.116010e+03
1201	-1.132135e+03
1202	-1.144103e+03
1203	-1.134858e+03
1204	-1.139839e+03
1205	-1.125111e+03
1206	-1.132552e+03
1207	-1.119903e+03
1208	-1.145465e+03
1209	-1.110888e+03
1210	-1.115449e+03
1211	-1.146161e+03
1212	-1.121194e+03
1213	-1.141558e+03
1214	-1.130946e+03
1215	-1.131916e+03
1216	-1.146142e+03
1217	-1.108530e+03
1218	-1.123998e+03
1219	-1.138859e+03
1220	-1.135921e+03
1221	-1.140575e+03
1222	-1.126110e+03
1223	-1.120481e+03
1224	-1.119639e+03
1225	-1.129991e+03
1226	-1.111735e+03
1227	-1.120386e+03
1228	-1.121740e+03
1229	-1.131907e+03
1230	-1.108566e+03
1231	-1.127398e+03
1232	-1.142154e+03
1233	-1.120507e+03
1234	-1.114150e+03
1235	-1.115311e+03
1236	-1.115937e+03
1237	-1.127518e+03
1238	-1.137072e+03
1239	-1.134335e+03
1240	-1.148891e+03
1241	-1.121717e+03
1242	-1.121836e+03
1243	-1.126264e+03
1244	-1.124305e+03
1245	-1.119219e+03
1246	-1.128165e+03
1247	-1.139386e+03
1248	-1.122424e+03
1249	-1.133279e+03
1250	-1.125852e+03
1251	-1.143760e+03
1252	-1.147144e+03
1253	-1.148102e+03
1254	-1.109917e+03
1255	-1.122324e+03
1256	-1.124273e+03
1257	-1.159525e+03
1258	-1.133621e+03
1259	-1.138955e+03
1260	-1.143357e+03
1261	-1.123492e+03
1262	-1.119896e+03
1263	-1.107366e+03
1264	-1.116741e+03
1265	-1.142487e+03
1266	-1.134628e+03
1267	-1.132892e+03
1268	-1.109984e+03
1269	-1.123779e+03
1270	-1.140540e+03
1271	-1.139105e+03
1272	-1.112410e+03
1273	-1.132115e+03
1274	-1.119067e+03
1275	-1.126733e+03
1276	-1.137699e+03
1277	-1.118031e+03
1278	-1.152133e+03
1279	-1.125530e+03
1280	-1.100869e+03
1281	-1.114698e+03
1282	-1.127704e+03
1283	-1.119338e+03
1284	-1.128768e+03
1285	-1.136874e+03
1286	-1.142889e+03
1287	-1.118892e+03
1288	-1.133242e+03
1289	-1.123625e+03
1290	-1.122032e+03
1291	-1.131464e+03
1292	-1.126858e+03
1293	-1.138133e+03
1294	-1.126748e+03
1295	-1.139828e+03
1296	-1.132718e+03
1297	-1.104705e+03
1298	-1.144551e+03
1299	-1.115484e+03
1300	-1.127968e+03
1301	-1.124000e+03
1302	-1.112820e+03
1303	-1.108830e+03
1304	-1.127993e+03
1305	-1.133483e+03
1306	-1.107294e+03
1307	-1.126029e+03
1308	-1.136573e+03
1309	-1.125521e+03
1310	-1.118894e+03
1311	-1.140513e+03
1312	-1.109634e+03
1313	-1.123409e+03
1314	-1.131720e+03
1315	-1.136158e+03
1316	-1.120127e+03
1317	-1.136455e+03
1318	-1.131850e+03
1319	-1.135724e+03
1320	-1.111215e+03
1321	-1.105148e+03
1322	-1.116442e+03
1323	-1.130055e+03
1324	-1.131027e+03
1325	-1.136645e+03
1326	-1.133045e+03
1327	-1.139299e+03
1328	-1.143893e+03
1329	-1.136893e+03
1330	-1.128286e+03
1331	-1.115787e+03
1332	-1.126933e+03
1333	-1.136785e+03
1334	-1.137304e+03
1335	-1.141260e+03
1336	-1.124059e+03
1337	-1.120284e+03
1338	-1.117013e+03
1339	-1.145961e+03
1340	-1.128050e+03
1341	-1.136785e+03
1342	-1.133403e+03
1343	-1.124776e+03
1344	-1.132918e+03
1345	-1.135775e+03
1346	-1.115928e+03
1347	-1.122020e+03
1348	-1.116409e+03
1349	-1.147008e+03
1350	-1.138985e+03
1351	-1.128067e+03
1352	-1.135431e+03
1353	-1.122981e+03
1354	-1.098811e+03
1355	-1.129600e+03
1356	-1.139561e+03
1357	-1.138649e+03
1358	-1.133383e+03
1359	-1.128031e+03
1360	-1.137363e+03
1361	-1.136539e+03
1362	-1.115461e+03
1363	-1.127487e+03
1364	-1.125290e+03
1365	-1.132426e+03
1366	-1.139719e+03
1367	-1.135997e+03
1368	-1.124106e+03
1369	-1.127811e+03
1370	-1.135217e+03
1371	-1.112453e+03
1372	-1.147377e+03
1373	-1.084398e+03
1374	-1.122535e+03
1375	-1.139185e+03
1376	-1.128348e+03
1377	-1.127336e+03
1378	-1.101998e+03
1379	-1.141818e+03
1380	-1.119068e+03
1381	-1.132692e+03
1382	-1.135324e+03
1383	-1.112172e+03
1384	-1.133545e+03
1385	-1.121809e+03
1386	-1.122833e+03
1387	-1.120702e+03
1388	-1.119423e+03
1389	-1.135408e+03
1390	-1.131788e+03
1391	-1.111729e+03
1392	-1.118179e+03
1393	-1.128970e+03
1394	-1.143871e+03
1395	-1.123730e+03
1396	-1.147237e+03
1397	-1.138944e+03
1398	-1.122231e+03
1399	-1.149696e+03
1400	-1.151995e+03
1401	-1.127964e+03
1402	-1.134163e+03
1403	-1.132683e+03
1404	-1.129060e+03
1405	-1.136347e+03
1406	-1.123713e+03
1407	-1.139337e+03
1408	-1.127971e+03
1409	-1.136627e+03
1410	-1.125516e+03
1411	-1.117582e+03
1412	-1.146215e+03
1413	-1.124061e+03
1414	-1.120673e+03
1415	-1.127188e+03
1416	-1.140378e+03
1417	-1.121735e+03
1418	-1.122045e+03
1419	-1.152024e+03
1420	-1.124606e+03
1421	-1.131850e+03
1422	-1.143087e+03
1423	-1.133552e+03
1424	-1.132678e+03
1425	-1.129016e+03
1426	-1.115208e+03
1427	-1.142693e+03
1428	-1.143418e+03
1429	-1.106573e+03
1430	-1.128620e+03
1431	-1.125280e+03
1432	-1.132328e+03
1433	-1.123971e+03
1434	-1.144866e+03
1435	-1.118413e+03
1436	-1.136785e+03
1437	-1.142084e+03
1438	-1.116374e+03
1439	-1.132801e+03
1440	-1.126545e+03
1441	-1.124996e+03
1442	-1.138288e+03
1443	-1.099442e+03
1444	-1.128896e+03
1445	-1.143185e+03
1446	-1.131854e+03
1447	-1.121901e+03
1448	-1.121649e+03
1449	-1.117373e+03
1450	-1.144435e+03
1451	-1.118646e+03
1452	-1.141617e+03
1453	-1.135091e+03
1454	-1.114964e+03
1455	-1.130855e+03
1456	-1.116318e+03
1457	-1.146476e+03
1458	-1.130252e+03
1459	-1.142112e+03
1460	-1.125199e+03
1461	-1.121202e+03
1462	-1.153510e+03
1463	-1.127798e+03
1464	-1.131083e+03
1465	-1.151297e+03
1466	-1.135915e+03
1467	-1.130344e+03
1468	-1.116623e+03
1469	-1.130140e+03
1470	-1.146291e+03
1471	-1.143241e+03
1472	-1.117293e+03
1473	-1.144865e+03
1474	-1.117054e+03
1475	-1.147705e+03
1476	-1.135710e+03
1477	-1.126977e+03
1478	-1.109804e+03
1479	-1.123589e+03
1480	-1.144444e+03
1481	-1.109465e+03
1482	-1.112914e+03
1483	-1.121344e+03
1484	-1.106483e+03
1485	-1.153188e+03
1486	-1.124475e+03
1487	-1.133819e+03
1488	-1.134979e+03
1489	-1.148256e+03
1490	-1.138356e+03
1491	-1.128003e+03
1492	-1.124272e+03
1493	-1.129685e+03
1494	-1.118253e+03
1495	-1.149610e+03
1496	-1.140846e+03
1497	-1.138588e+03
1498	-1.145120e+03
1499	-1.114927e+03
1500	-1.135565e+03
1501	-1.120922e+03
1502	-1.136216e+03
1503	-1.132471e+03
1504	-1.125845e+03
1505	-1.136835e+03
1506	-1.121744e+03
1507	-1.142517e+03
1508	-1.135152e+03
1509	-1.129199e+03
1510	-1.125780e+03
1511	-1.128284e+03
1512	-1.108996e+03
1513	-1.143729e+03
1514	-1.115815e+03
1515	-1.110587e+03
1516	-1.138194e+03
1517	-1.136664e+03
1518	-1.117799e+03
1519	-1.128315e+03
1520	-1.121898e+03
1521	-1.108692e+03
1522	-1.126057e+03
1523	-1.126958e+03
1524	-1.124868e+03
1525	-1.118365e+03
1526	-1.123120e+03
1527	-1.129153e+03
1528	-1.116939e+03
1529	-1.129453e+03
1530	-1.130105e+03
1531	-1.113752e+03
1532	-1.124519e+03
1533	-1.126362e+03
1534	-1.125096e+03
1535	-1.132153e+03
1536	-1.119395e+03
1537	-1.139013e+03
1538	-1.135739e+03
1539	-1.125726e+03
1540	-1.148505e+03
1541	-1.103195e+03
1542	-1.122230e+03
1543	-1.152600e+03
1544	-1.136836e+03
1545	-1.152300e+03
1546	-1.143366e+03
1547	-1.135645e+03
1548	-1.134553e+03
1549	-1.113198e+03
1550	-1.129534e+03
1551	-1.115974e+03
1552	-1.132677e+03
1553	-1.121110e+03
1554	-1.137998e+03
1555	-1.123369e+03
1556	-1.144743e+03
1557	-1.126335e+03
1558	-1.133524e+03
1559	-1.114692e+03
1560	-1.126937e+03
1561	-1.131106e+03
1562	-1.120837e+03
1563	-1.128066e+03
1564	-1.125702e+03
1565	-1.113783e+03
1566	-1.146783e+03
1567	-1.128476e+03
1568	-1.128430e+03
1569	-1.114706e+03
1570	-1.146058e+03
1571	-1.134171e+03
1572	-1.108706e+03
1573	-1.107108e+03
1574	-1.105075e+03
1575	-1.149622e+03
1576	-1.122967e+03
1577	-1.116163e+03
1578	-1.120571e+03
1579	-1.128538e+03
1580	-1.124420e+03
1581	-1.123900e+03
1582	-1.114972e+03
1583	-1.129235e+03
1584	-1.117480e+03
1585	-1.120040e+03
1586	-1.137339e+03
1587	-1.117163e+03
1588	-1.103571e+03
1589	-1.132347e+03
1590	-1.119407e+03
1591	-1.119521e+03
1592	-1.123387e+03
1593	-1.128793e+03
1594	-1.147784e+03
1595	-1.129681e+03
1596	-1.111176e+03
1597	-1.122761e+03
1598	-1.130653e+03
1599	-1.125414e+03
1600	-1.118290e+03
1601	-1.129872e+03
1602	-1.131688e+03
1603	-1.121701e+03
1604	-1.131864e+03
1605	-1.126903e+03
1606	-1.142228e+03
1607	-1.145946e+03
1608	-1.106650e+03
1609	-1.131954e+03
1610	-1.114016e+03
1611	-1.157164e+03
1612	-1.111601e+03
1613	-1.121547e+03
1614	-1.137714e+03
1615	-1.126391e+03
1616	-1.120411e+03
1617	-1.136197e+03
1618	-1.132588e+03
1619	-1.124901e+03
1620	-1.106616e+03
1621	-1.125865e+03
1622	-1.152034e+03
1623	-1.130655e+03
1624	-1.137869e+03
1625	-1.120690e+03
1626	-1.147426e+03
1627	-1.111942e+03
1628	-1.099656e+03
1629	-1.135021e+03
1630	-1.106919e+03
1631	-1.127615e+03
1632	-1.121082e+03
1633	-1.130295e+03
1634	-1.135860e+03
1635	-1.125497e+03
1636	-1.143944e+03
1637	-1.117140e+03
1638	-1.113765e+03
1639	-1.124228e+03
1640	-1.113356e+03
1641	-1.134399e+03
1642	-1.117846e+03
1643	-1.136774e+03
1644	-1.112861e+03
1645	-1.120390e+03
1646	-1.123464e+03
1647	-1.133931e+03
1648	-1.135847e+03
1649	-1.098092e+03
1650	-1.155625e+03
1651	-1.117235e+03
1652	-1.120315e+03
1653	-1.135086e+03
1654	-1.136373e+03
1655	-1.130252e+03
1656	-1.128933e+03
1657	-1.150541e+03
1658	-1.129526e+03
1659	-1.117143e+03
1660	-1.127515e+03
1661	-1.123353e+03
1662	-1.130184e+03
1663	-1.136431e+03
1664	-1.128508e+03
1665	-1.132840e+03
1666	-1.130658e+03
1667	-1.120829e+03
1668	-1.126752e+03
1669	-1.116404e+03
1670	-1.134431e+03
1671	-1.116334e+03
1672	-1.125030e+03
1673	-1.118011e+03
1674	-1.125363e+03
1675	-1.115120e+03
1676	-1.138427e+03
1677	-1.137670e+03
1678	-1.115733e+03
1679	-1.123792e+03
1680	-1.123551e+03
1681	-1.120103e+03
1682	-1.138479e+03
1683	-1.129621e+03
1684	-1.106665e+03
1685	-1.140532e+03
1686	-1.121563e+03
1687	-1.114016e+03
1688	-1.142141e+03
1689	-1.123577e+03
1690	-1.130133e+03
1691	-1.120221e+03
1692	-1.128864e+03
1693	-1.116258e+03
1694	-1.147288e+03
1695	-1.126425e+03
1696	-1.108966e+03
1697	-1.123720e+03
1698	-1.138454e+03
1699	-1.124870e+03
1700	-1.152814e+03
1701	-1.127455e+03
1702	-1.120732e+03
1703	-1.112572e+03
1704	-1.116628e+03
1705	-1.128821e+03
1706	-1.133999e+03
1707	-1.126590e+03
1708	-1.116949e+03
1709	-1.126239e+03
1710	-1.135937e+03
1711	-1.141684e+03
1712	-1.120151e+03
1713	-1.114069e+03
1714	-1.114820e+03
1715	-1.145711e+03
1716	-1.128601e+03
1717	-1.108533e+03
1718	-1.130667e+03
1719	-1.137722e+03
1720	-1.120703e+03
1721	-1.114033e+03
1722	-1.138933e+03
1723	-1.138796e+03
1724	-1.141367e+03
1725	-1.135289e+03
1726	-1.127825e+03
1727	-1.130401e+03
1728	-1.112068e+03
1729	-1.122891e+03
1730	-1.106741e+03
1731	-1.129032e+03
1732	-1.136286e+03
1733	-1.142363e+03
1734	-1.127517e+03
1735	-1.102604e+03
1736	-1.124381e+03
1737	-1.140157e+03
1738	-1.125180e+03
1739	-1.104674e+03
1740	-1.122058e+03
1741	-1.129564e+03
1742	-1.133139e+03
1743	-1.133336e+03
1744	-1.146605e+03
1745	-1.145246e+03
1746	-1.122807e+03
1747	-1.132823e+03
1748	-1.132274e+03
1749	-1.119833e+03
1750	-1.131864e+03
1751	-1.118441e+03
1752	-1.101431e+03
1753	-1.137615e+03
1754	-1.132476e+03
1755	-1.134686e+03
1756	-1.123504e+03
1757	-1.122973e+03
1758	-1.133295e+03
1759	-1.131005e+03
1760	-1.123401e+03
1761	-1.133604e+03
1762	-1.134040e+03
1763	-1.127968e+03
1764	-1.143314e+03
1765	-1.117705e+03
1766	-1.120420e+03
1767	-1.118486e+03
1768	-1.120566e+03
1769	-1.134677e+03
1770	-1.133945e+03
1771	-1.146817e+03
1772	-1.127258e+03
1773	-1.141652e+03
1774	-1.130262e+03
1775	-1.112110e+03
1776	-1.126969e+03
1777	-1.136971e+03
1778	-1.135294e+03
1779	-1.120452e+03
1780	-1.120921e+03
1781	-1.109289e+03
1782	-1.111448e+03
1783	-1.134314e+03
1784	-1.129348e+03
1785	-1.133774e+03
1786	-1.108876e+03
1787	-1.140011e+03
1788	-1.133372e+03
1789	-1.109398e+03
1790	-1.137235e+03
1791	-1.121639e+03
1792	-1.117359e+03
1793	-1.111048e+03
1794	-1.119960e+03
1795	-1.120419e+03
1796	-1.129790e+03
1797	-1.131184e+03
1798	-1.133242e+03
1799	-1.123459e+03
1800	-1.111155e+03
1801	-1.115392e+03
1802	-1.119215e+03
1803	-1.120445e+03
1804	-1.129995e+03
1805	-1.117530e+03
1806	-1.108557e+03
1807	-1.143286e+03
1808	-1.139135e+03
1809	-1.130562e+03
1810	-1.136218e+03
1811	-1.133309e+03
1812	-1.128489e+03
1813	-1.114871e+03
1814	-1.125207e+03
1815	-1.139190e+03
1816	-1.119930e+03
1817	-1.135180e+03
1818	-1.112004e+03
1819	-1.107967e+03
1820	-1.117229e+03
1821	-1.132506e+03
1822	-1.129749e+03
1823	-1.120329e+03
1824	-1.133175e+03
1825	-1.127842e+03
1826	-1.134495e+03
1827	-1.122624e+03
1828	-1.127150e+03
1829	-1.119603e+03
1830	-1.111009e+03
1831	-1.141157e+03
1832	-1.118791e+03
1833	-1.119671e+03
1834	-1.119227e+03
1835	-1.124814e+03
1836	-1.107965e+03
1837	-1.127575e+03
1838	-1.143211e+03
1839	-1.120672e+03
1840	-1.145057e+03
1841	-1.114122e+03
1842	-1.130255e+03
1843	-1.142326e+03
1844	-1.140195e+03
1845	-1.163895e+03
1846	-1.120623e+03
1847	-1.141983e+03
1848	-1.123824e+03
1849	-1.125505e+03
1850	-1.126192e+03
1851	-1.139180e+03
1852	-1.130936e+03
1853	-1.121900e+03
1854	-1.125262e+03
1855	-1.136846e+03
1856	-1.123604e+03
1857	-1.125082e+03
1858	-1.123888e+03
1859	-1.138575e+03
1860	-1.124449e+03
1861	-1.124204e+03
1862	-1.138154e+03
1863	-1.106982e+03
1864	-1.123100e+03
1865	-1.138556e+03
1866	-1.141346e+03
1867	-1.137890e+03
1868	-1.124825e+03
1869	-1.130627e+03
1870	-1.146508e+03
1871	-1.136683e+03
1872	-1.135639e+03
1873	-1.125413e+03
1874	-1.127823e+03
1875	-1.124384e+03
1876	-1.127541e+03
1877	-1.120107e+03
1878	-1.124624e+03
1879	-1.131623e+03
1880	-1.140776e+03
1881	-1.110162e+03
1882	-1.134294e+03
1883	-1.134425e+03
1884	-1.112331e+03
1885	-1.124228e+03
1886	-1.128740e+03
1887	-1.122283e+03
1888	-1.118931e+03
1889	-1.129400e+03
1890	-1.104544e+03
1891	-1.135394e+03
1892	-1.120029e+03
1893	-1.139075e+03
1894	-1.117677e+03
1895	-1.131159e+03
1896	-1.123989e+03
1897	-1.123685e+03
1898	-1.140179e+03
1899	-1.122717e+03
1900	-1.124760e+03
1901	-1.121560e+03
1902	-1.124858e+03
1903	-1.120193e+03
1904	-1.122529e+03
1905	-1.111346e+03
1906	-1.135583e+03
1907	-1.153339e+03
1908	-1.124236e+03
1909	-1.142806e+03
1910	-1.126627e+03
1911	-1.136601e+03
1912	-1.135079e+03
1913	-1.116259e+03
1914	-1.118057e+03
1915	-1.120899e+03
1916	-1.129097e+03
1917	-1.130912e+03
1918	-1.118913e+03
1919	-1.126724e+03
1920	-1.117318e+03
1921	-1.114892e+03
1922	-1.133162e+03
1923	-1.121804e+03
1924	-1.131548e+03
1925	-1.126598e+03
1926	-1.133831e+03
1927	-1.137945e+03
1928	-1.127283e+03
1929	-1.145997e+03
1930	-1.133616e+03
1931	-1.124438e+03
1932	-1.111293e+03
1933	-1.116135e+03
1934	-1.128092e+03
1935	-1.129889e+03
1936	-1.114482e+03
1937	-1.107457e+03
1938	-1.128428e+03
1939	-1.135193e+03
1940	-1.118376e+03
1941	-1.120962e+03
1942	-1.135443e+03
1943	-1.126228e+03
1944	-1.116300e+03
1945	-1.143046e+03
1946	-1.097197e+03
1947	-1.126039e+03
1948	-1.128462e+03
1949	-1.120024e+03
1950	-1.125174e+03
1951	-1.134695e+03
1952	-1.133413e+03
1953	-1.122096e+03
1954	-1.113260e+03
1955	-1.111187e+03
1956	-1.128196e+03
1957	-1.128450e+03
1958	-1.136056e+03
1959	-1.141139e+03
1960	-1.135704e+03
1961	-1.129605e+03
1962	-1.127761e+03
1963	-1.126728e+03
1964	-1.118683e+03
1965	-1.122981e+03
1966	-1.110343e+03
1967	-1.126183e+03
1968	-1.121001e+03
1969	-1.133129e+03
1970	-1.125421e+03
1971	-1.121820e+03
1972	-1.105785e+03
1973	-1.116977e+03
1974	-1.128533e+03
1975	-1.118033e+03
1976	-1.148100e+03
1977	-1.115989e+03
1978	-1.107472e+03
1979	-1.142354e+03
1980	-1.120319e+03
1981	-1.145315e+03
1982	-1.122113e+03
1983	-1.120233e+03
1984	-1.122561e+03
1985	-1.135522e+03
1986	-1.132308e+03
1987	-1.133622e+03
1988	-1.121069e+03
1989	-1.117713e+03
1990	-1.120488e+03
1991	-1.128704e+03
1992	-1.128033e+03
1993	-1.126851e+03
1994	-1.131734e+03
1995	-1.125889e+03
1996	-1.115103e+03
1997	-1.138956e+03
1998	-1.116442e+03
1999	-1.120090e+03
2000	-1.131796e+03
2001	-1.135652e+03
2002	-1.110786e+03
2003	-1.117827e+03
2004	-1.134003e+03
2005	-1.132746e+03
2006	-1.132146e+03
2007	-1.126386e+03
2008	-1.132534e+03
2009	-1.110986e+03
2010	-1.135382e+03
2011	-1.141876e+03
2012	-1.123416e+03
2013	-1.136597e+03
2014	-1.108226e+03
2015	-1.126220e+03
2016	-1.138754e+03
2017	-1.122412e+03
2018	-1.134961e+03
2019	-1.116372e+03
2020	-1.130299e+03
2021	-1.127015e+03
2022	-1.111911e+03
2023	-1.125678e+03
2024	-1.120886e+03
2025	-1.109440e+03
2026	-1.135169e+03
2027	-1.128267e+03
2028	-1.139506e+03
2029	-1.132797e+03
2030	-1.133223e+03
2031	-1.133745e+03
2032	-1.131638e+03
2033	-1.116245e+03
2034	-1.145120e+03
2035	-1.117656e+03
2036	-1.134432e+03
2037	-1.127320e+03
2038	-1.115368e+03
2039	-1.138301e+03
2040	-1.127608e+03
2041	-1.129096e+03
2042	-1.110629e+03
2043	-1.119860e+03
2044	-1.126465e+03
2045	-1.126992e+03
2046	-1.112036e+03
2047	-1.118581e+03
2048	-1.120981e+03
2049	-1.138863e+03
2050	-1.137410e+03
2051	-1.117971e+03
2052	-1.111413e+03
2053	-1.123305e+03
2054	-1.119547e+03
2055	-1.145460e+03
2056	-1.115963e+03
2057	-1.118597e+03
2058	-1.122102e+03
2059	-1.119599e+03
2060	-1.129828e+03
2061	-1.134704e+03
2062	-1.117783e+03
2063	-1.130652e+03
2064	-1.141056e+03
2065	-1.128205e+03
2066	-1.143301e+03
2067	-1.126849e+03
2068	-1.127480e+03
2069	-1.142170e+03
2070	-1.127215e+03
2071	-1.126808e+03
2072	-1.148744e+03
2073	-1.136244e+03
2074	-1.121660e+03
2075	-1.118395e+03
2076	-1.102367e+03
2077	-1.127407e+03
2078	-1.121572e+03
2079	-1.141308e+03
2080	-1.133125e+03
2081	-1.127731e+03
2082	-1.106909e+03
2083	-1.127716e+03
2084	-1.123537e+03
2085	-1.141235e+03
2086	-1.140024e+03
2087	-1.124775e+03
2088	-1.106871e+03
2089	-1.129817e+03
2090	-1.117912e+03
2091	-1.122501e+03
2092	-1.130547e+03
2093	-1.123568e+03
2094	-1.126397e+03
2095	-1.130731e+03
2096	-1.113951e+03
2097	-1.139951e+03
2098	-1.132822e+03
2099	-1.126778e+03
2100	-1.129125e+03
2101	-1.137111e+03
2102	-1.104295e+03
2103	-1.118977e+03
2104	-1.108471e+03
2105	-1.115082e+03
2106	-1.118118e+03
2107	-1.131957e+03
2108	-1.146642e+03
2109	-1.124164e+03
2110	-1.126523e+03
2111	-1.113028e+03
2112	-1.124356e+03
2113	-1.135010e+03
2114	-1.130496e+03
2115	-1.123765e+03
2116	-1.134672e+03
2117	-1.110992e+03
2118	-1.135245e+03
2119	-1.139077e+03
2120	-1.125921e+03
2121	-1.146783e+03
2122	-1.130630e+03
2123	-1.123058e+03
2124	-1.133206e+03
2125	-1.130687e+03
2126	-1.106276e+03
2127	-1.133545e+03
2128	-1.132567e+03
2129	-1.139222e+03
2130	-1.127007e+03
2131	-1.122997e+03
2132	-1.120331e+03
2133	-1.136751e+03
2134	-1.131038e+03
2135	-1.128058e+03
2136	-1.119088e+03
2137	-1.109016e+03
2138	-1.114249e+03
2139	-1.118035e+03
2140	-1.121531e+03
2141	-1.145914e+03
2142	-1.119935e+03
2143	-1.104017e+03
2144	-1.131573e+03
2145	-1.114012e+03
2146	-1.125248e+03
2147	-1.130903e+03
2148	-1.116252e+03
2149	-1.139595e+03
2150	-1.138215e+03
2151	-1.137807e+03
2152	-1.124065e+03
2153	-1.142107e+03
2154	-1.120352e+03
2155	-1.149043e+03
2156	-1.141765e+03
2157	-1.152816e+03
2158	-1.123401e+03
2159	-1.134309e+03
2160	-1.128102e+03
2161	-1.131136e+03
2162	-1.140961e+03
2163	-1.107664e+03
2164	-1.140737e+03
2165	-1.140045e+03
2166	-1.122369e+03
2167	-1.119623e+03
2168	-1.133541e+03
2169	-1.135759e+03
2170	-1.107780e+03
2171	-1.118454e+03
2172	-1.116745e+03
2173	-1.137955e+03
2174	-1.132452e+03
2175	-1.115080e+03
2176	-1.148156e+03
2177	-1.134911e+03
2178	-1.118449e+03
2179	-1.124348e+03
2180	-1.139058e+03
2181	-1.127348e+03
2182	-1.110648e+03
2183	-1.124688e+03
2184	-1.117112e+03
2185	-1.138361e+03
2186	-1.133538e+03
2187	-1.125067e+03
2188	-1.113822e+03
2189	-1.143400e+03
2190	-1.134335e+03
2191	-1.128353e+03
2192	-1.141455e+03
2193	-1.118826e+03
2194	-1.114039e+03
2195	-1.111207e+03
2196	-1.139296e+03
2197	-1.131566e+03
2198	-1.114996e+03
2199	-1.128905e+03
2200	-1.117565e+03
2201	-1.118561e+03
2202	-1.134550e+03
2203	-1.137308e+03
2204	-1.120158e+03
2205	-1.105932e+03
2206	-1.131613e+03
2207	-1.122655e+03
2208	-1.141204e+03
2209	-1.113870e+03
2210	-1.139700e+03
2211	-1.130060e+03
2212	-1.132844e+03
2213	-1.126708e+03
2214	-1.116423e+03
2215	-1.116401e+03
2216	-1.132494e+03
2217	-1.125402e+03
2218	-1.134602e+03
2219	-1.124427e+03
2220	-1.133504e+03
2221	-1.131899e+03
2222	-1.105561e+03
2223	-1.138583e+03
2224	-1.114934e+03
2225	-1.128943e+03
2226	-1.138205e+03
2227	-1.139945e+03
2228	-1.130133e+03
2229	-1.140524e+03
2230	-1.129954e+03
2231	-1.122939e+03
2232	-1.125181e+03
2233	-1.120794e+03
2234	-1.132815e+03
2235	-1.130161e+03
2236	-1.118209e+03
2237	-1.141475e+03
2238	-1.124709e+03
2239	-1.138263e+03
2240	-1.154629e+03
2241	-1.118312e+03
2242	-1.126469e+03
2243	-1.141854e+03
2244	-1.129715e+03
2245	-1.125783e+03
2246	-1.126445e+03
2247	-1.125830e+03
2248	-1.132738e+03
2249	-1.130553e+03
2250	-1.144523e+03
2251	-1.129335e+03
2252	-1.133778e+03
2253	-1.134337e+03
2254	-1.114358e+03
2255	-1.124408e+03
2256	-1.116160e+03
2257	-1.131897e+03
2258	-1.105859e+03
2259	-1.137103e+03
2260	-1.125446e+03
2261	-1.126962e+03
2262	-1.128350e+03
2263	-1.114179e+03
2264	-1.145009e+03
2265	-1.113558e+03
2266	-1.120547e+03
2267	-1.131833e+03
2268	-1.119932e+03
2269	-1.114669e+03
2270	-1.126500e+03
2271	-1.116490e+03
2272	-1.100826e+03
2273	-1.123895e+03
2274	-1.121309e+03
2275	-1.126092e+03
2276	-1.112314e+03
2277	-1.131620e+03
2278	-1.147638e+03
2279	-1.119763e+03
2280	-1.118607e+03
2281	-1.124315e+03
2282	-1.151131e+03
2283	-1.132622e+03
2284	-1.141666e+03
2285	-1.134977e+03
2286	-1.121392e+03
2287	-1.115279e+03
2288	-1.129213e+03
2289	-1.125792e+03
2290	-1.109034e+03
2291	-1.116326e+03
2292	-1.141961e+03
2293	-1.127981e+03
2294	-1.118404e+03
2295	-1.118824e+03
2296	-1.144375e+03
2297	-1.126828e+03
2298	-1.135496e+03
2299	-1.143319e+03
2300	-1.129447e+03
2301	-1.113662e+03
2302	-1.114446e+03
2303	-1.122900e+03
2304	-1.126234e+03
2305	-1.126116e+03
2306	-1.141160e+03
2307	-1.134509e+03
2308	-1.116603e+03
2309	-1.113664e+03
2310	-1.140106e+03
2311	-1.125101e+03
2312	-1.156150e+03
2313	-1.150019e+03
2314	-1.132473e+03
2315	-1.137710e+03
2316	-1.143918e+03
2317	-1.135917e+03
2318	-1.121815e+03
2319	-1.152303e+03
2320	-1.124223e+03
2321	-1.117411e+03
2322	-1.107122e+03
2323	-1.140678e+03
2324	-1.125175e+03
2325	-1.119033e+03
2326	-1.121470e+03
2327	-1.128456e+03
2328	-1.125666e+03
2329	-1.141493e+03
2330	-1.136603e+03
2331	-1.135580e+03
2332	-1.138892e+03
2333	-1.112340e+03
2334	-1.131046e+03
2335	-1.127097e+03
2336	-1.116730e+03
2337	-1.128976e+03
2338	-1.118351e+03
2339	-1.124623e+03
2340	-1.128028e+03
2341	-1.100412e+03
2342	-1.122590e+03
2343	-1.133124e+03
2344	-1.123231e+03
2345	-1.113555e+03
2346	-1.134104e+03
2347	-1.118854e+03
2348	-1.124684e+03
2349	-1.124102e+03
2350	-1.154387e+03
2351	-1.126430e+03
2352	-1.140443e+03
2353	-1.130679e+03
2354	-1.128348e+03
2355	-1.127267e+03
2356	-1.117584e+03
2357	-1.132046e+03
2358	-1.137038e+03
2359	-1.136881e+03
2360	-1.129421e+03
2361	-1.126876e+03
2362	-1.148011e+03
2363	-1.132216e+03
2364	-1.136052e+03
2365	-1.138096e+03
2366	-1.127955e+03
2367	-1.116986e+03
2368	-1.131775e+03
2369	-1.126195e+03
2370	-1.128423e+03
2371	-1.111221e+03
2372	-1.127233e+03
2373	-1.127535e+03
2374	-1.120645e+03
2375	-1.126901e+03
2376	-1.124617e+03
2377	-1.132461e+03
2378	-1.137468e+03
2379	-1.132013e+03
2380	-1.139086e+03
2381	-1.126483e+03
2382	-1.144595e+03
2383	-1.130662e+03
2384	-1.116225e+03
2385	-1.123164e+03
2386	-1.119441e+03
2387	-1.139979e+03
2388	-1.126073e+03
2389	-1.124255e+03
2390	-1.137456e+03
2391	-1.130612e+03
2392	-1.128769e+03
2393	-1.139888e+03
2394	-1.128458e+03
2395	-1.122669e+03
2396	-1.137217e+03
2397	-1.145195e+03
2398	-1.121987e+03
2399	-1.135764e+03
2400	-1.125065e+03
2401	-1.130575e+03
2402	-1.115408e+03
2403	-1.117180e+03
2404	-1.134002e+03
2405	-1.143049e+03
2406	-1.119490e+03
2407	-1.108864e+03
2408	-1.129837e+03
2409	-1.149596e+03
2410	-1.120161e+03
2411	-1.117154e+03
2412	-1.134729e+03
2413	-1.121147e+03
2414	-1.128813e+03
2415	-1.118410e+03
2416	-1.154992e+03
2417	-1.117801e+03
2418	-1.107622e+03
2419	-1.128760e+03
2420	-1.127819e+03
2421	-1.140733e+03
2422	-1.141694e+03
2423	-1.128991e+03
2424	-1.138446e+03
2425	-1.133201e+03
2426	-1.132011e+03
2427	-1.121677e+03
2428	-1.109914e+03
2429	-1.126535e+03
2430	-1.118590e+03
2431	-1.130930e+03
2432	-1.124181e+03
2433	-1.144908e+03
2434	-1.134493e+03
2435	-1.133896e+03
2436	-1.137156e+03
2437	-1.116500e+03
2438	-1.141273e+03
2439	-1.121715e+03
2440	-1.122580e+03
2441	-1.117175e+03
2442	-1.141929e+03
2443	-1.125977e+03
2444	-1.133479e+03
2445	-1.134144e+03
2446	-1.150682e+03
2447	-1.125047e+03
2448	-1.135555e+03
2449	-1.131064e+03
2450	-1.118119e+03
2451	-1.108447e+03
2452	-1.119794e+03
2453	-1.133933e+03
2454	-1.136858e+03
2455	-1.146844e+03
2456	-1.148958e+03
2457	-1.132373e+03
2458	-1.133396e+03
2459	-1.122335e+03
2460	-1.140330e+03
2461	-1.127668e+03
2462	-1.126155e+03
2463	-1.126892e+03
2464	-1.133586e+03
2465	-1.142927e+03
2466	-1.125891e+03
2467	-1.134080e+03
2468	-1.105084e+03
2469	-1.143504e+03
2470	-1.131034e+03
2471	-1.116842e+03
2472	-1.118932e+03
2473	-1.117574e+03
2474	-1.128596e+03
2475	-1.129177e+03
2476	-1.107460e+03
2477	-1.109223e+03
2478	-1.128109e+03
2479	-1.120575e+03
2480	-1.123419e+03
2481	-1.129414e+03
2482	-1.126157e+03
2483	-1.124049e+03
2484	-1.114981e+03
2485	-1.118076e+03
2486	-1.136572e+03
2487	-1.114879e+03
2488	-1.142019e+03
2489	-1.139609e+03
2490	-1.110668e+03
2491	-1.112876e+03
2492	-1.108951e+03
2493	-1.129899e+03
2494	-1.121840e+03
2495	-1.131777e+03
2496	-1.122614e+03
2497	-1.121541e+03
2498	-1.118308e+03
2499	-1.128485e+03
2500	-1.106817e+03
2501	-1.125767e+03
2502	-1.131984e+03
2503	-1.137105e+03
2504	-1.138886e+03
2505	-1.134927e+03
2506	-1.154893e+03
2507	-1.120529e+03
2508	-1.102244e+03
2509	-1.108397e+03
2510	-1.137978e+03
2511	-1.116119e+03
2512	-1.124557e+03
2513	-1.127049e+03
2514	-1.141653e+03
2515	-1.121610e+03
2516	-1.128999e+03
2517	-1.136662e+03
2518	-1.127281e+03
2519	-1.142338e+03
2520	-1.137820e+03
2521	-1.140475e+03
2522	-1.132483e+03
2523	-1.115463e+03
2524	-1.122263e+03
2525	-1.126983e+03
2526	-1.113689e+03
2527	-1.109846e+03
2528	-1.157751e+03
2529	-1.141273e+03
2530	-1.133917e+03
2531	-1.127286e+03
2532	-1.133355e+03
2533	-1.157264e+03
2534	-1.111925e+03
2535	-1.133007e+03
2536	-1.141073e+03
2537	-1.121011e+03
2538	-1.129344e+03
2539	-1.120872e+03
2540	-1.120765e+03
2541	-1.126977e+03
2542	-1.125824e+03
2543	-1.142187e+03
2544	-1.123220e+03
2545	-1.121569e+03
2546	-1.129804e+03
2547	-1.116850e+03
2548	-1.138265e+03
2549	-1.141373e+03
2550	-1.124784e+03
2551	-1.126550e+03
2552	-1.122413e+03
2553	-1.124759e+03
2554	-1.132761e+03
2555	-1.136052e+03
2556	-1.124286e+03
2557	-1.142744e+03
2558	-1.111334e+03
2559	-1.145958e+03
2560	-1.142919e+03
2561	-1.113088e+03
2562	-1.099907e+03
2563	-1.137334e+03
2564	-1.123795e+03
2565	-1.128007e+03
2566	-1.128816e+03
2567	-1.125880e+03
2568	-1.131103e+03
2569	-1.107348e+03
2570	-1.113121e+03
2571	-1.142543e+03
2572	-1.121083e+03
2573	-1.099705e+03
2574	-1.110458e+03
2575	-1.154297e+03
2576	-1.127764e+03
2577	-1.120159e+03
2578	-1.128030e+03
2579	-1.136421e+03
2580	-1.120197e+03
2581	-1.127386e+03
2582	-1.134261e+03
2583	-1.111874e+03
2584	-1.129879e+03
2585	-1.132802e+03
2586	-1.114934e+03
2587	-1.139759e+03
2588	-1.128012e+03
2589	-1.121785e+03
2590	-1.132216e+03
2591	-1.112280e+03
2592	-1.135693e+03
2593	-1.130293e+03
2594	-1.119826e+03
2595	-1.111974e+03
2596	-1.120566e+03
2597	-1.148045e+03
2598	-1.124735e+03
2599	-1.131982e+03
2600	-1.131131e+03
2601	-1.132791e+03
2602	-1.147721e+03
2603	-1.111564e+03
2604	-1.111929e+03
2605	-1.117020e+03
2606	-1.147709e+03
2607	-1.137920e+03
2608	-1.131553e+03
2609	-1.129255e+03
2610	-1.109380e+03
2611	-1.127591e+03
2612	-1.143845e+03
2613	-1.120269e+03
2614	-1.138196e+03
2615	-1.128286e+03
2616	-1.140925e+03
2617	-1.134879e+03
2618	-1.144093e+03
2619	-1.119895e+03
2620	-1.125763e+03
2621	-1.138267e+03
2622	-1.117643e+03
2623	-1.142546e+03
2624	-1.123701e+03
2625	-1.129877e+03
2626	-1.127131e+03
2627	-1.126742e+03
2628	-1.117231e+03
2629	-1.143962e+03
2630	-1.128062e+03
2631	-1.161192e+03
2632	-1.136368e+03
2633	-1.140497e+03
2634	-1.121034e+03
2635	-1.140672e+03
2636	-1.108376e+03
2637	-1.141500e+03
2638	-1.133582e+03
2639	-1.120740e+03
2640	-1.123667e+03
2641	-1.117988e+03
2642	-1.139257e+03
2643	-1.091325e+03
2644	-1.122804e+03
2645	-1.128545e+03
2646	-1.101283e+03
2647	-1.126779e+03
2648	-1.132439e+03
2649	-1.128186e+03
2650	-1.110888e+03
2651	-1.117886e+03
2652	-1.136565e+03
2653	-1.137310e+03
2654	-1.137347e+03
2655	-1.126516e+03
2656	-1.114093e+03
2657	-1.122898e+03
2658	-1.146200e+03
2659	-1.131514e+03
2660	-1.126863e+03
2661	-1.127740e+03
2662	-1.124071e+03
2663	-1.129317e+03
2664	-1.128078e+03
2665	-1.125534e+03
2666	-1.145188e+03
2667	-1.155272e+03
2668	-1.133891e+03
2669	-1.129539e+03
2670	-1.131594e+03
2671	-1.117604e+03
2672	-1.121081e+03
2673	-1.117703e+03
2674	-1.124382e+03
2675	-1.124324e+03
2676	-1.123408e+03
2677	-1.135819e+03
2678	-1.131641e+03
2679	-1.137521e+03
2680	-1.127501e+03
2681	-1.135280e+03
2682	-1.140731e+03
2683	-1.113675e+03
2684	-1.140939e+03
2685	-1.135543e+03
2686	-1.122901e+03
2687	-1.130271e+03
2688	-1.135794e+03
2689	-1.142214e+03
2690	-1.137508e+03
2691	-1.129666e+03
2692	-1.124125e+03
2693	-1.128683e+03
2694	-1.137258e+03
2695	-1.120476e+03
2696	-1.123200e+03
2697	-1.127062e+03
2698	-1.134324e+03
2699	-1.111596e+03
2700	-1.129903e+03
2701	-1.117616e+03
2702	-1.134955e+03
2703	-1.136154e+03
2704	-1.126958e+03
2705	-1.125094e+03
2706	-1.132353e+03
2707	-1.111931e+03
2708	-1.121271e+03
2709	-1.137315e+03
2710	-1.119645e+03
2711	-1.125717e+03
2712	-1.141398e+03
2713	-1.129418e+03
2714	-1.125694e+03
2715	-1.109984e+03
2716	-1.130136e+03
2717	-1.138672e+03
2718	-1.130165e+03
2719	-1.123854e+03
2720	-1.127075e+03
2721	-1.125596e+03
2722	-1.123897e+03
2723	-1.137115e+03
2724	-1.115204e+03
2725	-1.102319e+03
2726	-1.133962e+03
2727	-1.135418e+03
2728	-1.105281e+03
2729	-1.137459e+03
2730	-1.136915e+03
2731	-1.132676e+03
2732	-1.103072e+03
2733	-1.129150e+03
2734	-1.127470e+03
2735	-1.128742e+03
2736	-1.129513e+03
2737	-1.121753e+03
2738	-1.110376e+03
2739	-1.134853e+03
2740	-1.147277e+03
2741	-1.122716e+03
2742	-1.117380e+03
2743	-1.151575e+03
2744	-1.119773e+03
2745	-1.124689e+03
2746	-1.152439e+03
2747	-1.127868e+03
2748	-1.123231e+03
2749	-1.132096e+03
2750	-1.137534e+03
2751	-1.125596e+03
2752	-1.127934e+03
2753	-1.126205e+03
2754	-1.130731e+03
2755	-1.108690e+03
2756	-1.131904e+03
2757	-1.115031e+03
2758	-1.118695e+03
2759	-1.135003e+03
2760	-1.128477e+03
2761	-1.130068e+03
2762	-1.139236e+03
2763	-1.138822e+03
2764	-1.132859e+03
2765	-1.149637e+03
2766	-1.131233e+03
2767	-1.128040e+03
2768	-1.138770e+03
2769	-1.128901e+03
2770	-1.125633e+03
2771	-1.142020e+03
2772	-1.119168e+03
2773	-1.144235e+03
2774	-1.134234e+03
2775	-1.119690e+03
2776	-1.133069e+03
2777	-1.138314e+03
2778	-1.120966e+03
2779	-1.136842e+03
2780	-1.128935e+03
2781	-1.119005e+03
2782	-1.134025e+03
2783	-1.122183e+03
2784	-1.141284e+03
2785	-1.125843e+03
2786	-1.124535e+03
2787	-1.117006e+03
2788	-1.113879e+03
2789	-1.152945e+03
2790	-1.140492e+03
2791	-1.140778e+03
2792	-1.119207e+03
2793	-1.125197e+03
2794	-1.126476e+03
2795	-1.137996e+03
2796	-1.114489e+03
2797	-1.124786e+03
2798	-1.100806e+03
2799	-1.123084e+03
2800	-1.106397e+03
2801	-1.127506e+03
2802	-1.125108e+03
2803	-1.106250e+03
2804	-1.121307e+03
2805	-1.128198e+03
2806	-1.137808e+03
2807	-1.148511e+03
2808	-1.134876e+03
2809	-1.113487e+03
2810	-1.129268e+03
2811	-1.116956e+03
2812	-1.109553e+03
2813	-1.134325e+03
2814	-1.136561e+03
2815	-1.120189e+03
2816	-1.113570e+03
2817	-1.126033e+03
2818	-1.140542e+03
2819	-1.131339e+03
2820	-1.128629e+03
2821	-1.127903e+03
2822	-1.130485e+03
2823	-1.130942e+03
2824	-1.107917e+03
2825	-1.142306e+03
2826	-1.131283e+03
2827	-1.109518e+03
2828	-1.127153e+03
2829	-1.139673e+03
2830	-1.124925e+03
2831	-1.119031e+03
2832	-1.131934e+03
2833	-1.138938e+03
2834	-1.118806e+03
2835	-1.145088e+03
2836	-1.134241e+03
2837	-1.140554e+03
2838	-1.134033e+03
2839	-1.141123e+03
2840	-1.117857e+03
2841	-1.116829e+03
2842	-1.120196e+03
2843	-1.125606e+03
2844	-1.131642e+03
2845	-1.118504e+03
2846	-1.136249e+03
2847	-1.127503e+03
2848	-1.140276e+03
2849	-1.145772e+03
2850	-1.135384e+03
2851	-1.119021e+03
2852	-1.125879e+03
2853	-1.132519e+03
2854	-1.127539e+03
2855	-1.127455e+03
2856	-1.131716e+03
2857	-1.115339e+03
2858	-1.143050e+03
2859	-1.156961e+03
2860	-1.106051e+03
2861	-1.121793e+03
2862	-1.111629e+03
2863	-1.125802e+03
2864	-1.110486e+03
2865	-1.128745e+03
2866	-1.147057e+03
2867	-1.118838e+03
2868	-1.115873e+03
2869	-1.117116e+03
2870	-1.116019e+03
2871	-1.135133e+03
2872	-1.145814e+03
2873	-1.142047e+03
2874	-1.129209e+03
2875	-1.124042e+03
2876	-1.137367e+03
2877	-1.135112e+03
2878	-1.134159e+03
2879	-1.135182e+03
2880	-1.133906e+03
2881	-1.115860e+03
2882	-1.141248e+03
2883	-1.122729e+03
2884	-1.140792e+03
2885	-1.136862e+03
2886	-1.131624e+03
2887	-1.133045e+03
2888	-1.143865e+03
2889	-1.117300e+03
2890	-1.130417e+03
2891	-1.134980e+03
2892	-1.133821e+03
2893	-1.119053e+03
2894	-1.134958e+03
2895	-1.131666e+03
2896	-1.127046e+03
2897	-1.123481e+03
2898	-1.136956e+03
2899	-1.164930e+03
2900	-1.106897e+03
2901	-1.145033e+03
2902	-1.112320e+03
2903	-1.134650e+03
2904	-1.136913e+03
2905	-1.128753e+03
2906	-1.137846e+03
2907	-1.120769e+03
2908	-1.106807e+03
2909	-1.125426e+03
2910	-1.126214e+03
2911	-1.104934e+03
2912	-1.125688e+03
2913	-1.127863e+03
2914	-1.137232e+03
2915	-1.129669e+03
2916	-1.147768e+03
2917	-1.131507e+03
2918	-1.119455e+03
2919	-1.124748e+03
2920	-1.116529e+03
2921	-1.136516e+03
2922	-1.119977e+03
2923	-1.127351e+03
2924	-1.112940e+03
2925	-1.137245e+03
2926	-1.118003e+03
2927	-1.133279e+03
2928	-1.117511e+03
2929	-1.115874e+03
2930	-1.111430e+03
2931	-1.135556e+03
2932	-1.129727e+03
2933	-1.122215e+03
2934	-1.121473e+03
2935	-1.136312e+03
2936	-1.117208e+03
2937	-1.128162e+03
2938	-1.120934e+03
2939	-1.123474e+03
2940	-1.124702e+03
2941	-1.109542e+03
2942	-1.133879e+03
2943	-1.123850e+03
2944	-1.149480e+03
2945	-1.134689e+03
2946	-1.129136e+03
2947	-1.127116e+03
2948	-1.115948e+03
2949	-1.116709e+03
2950	-1.141152e+03
2951	-1.129494e+03
2952	-1.137806e+03
2953	-1.124852e+03
2954	-1.129768e+03
2955	-1.134710e+03
2956	-1.133130e+03
2957	-1.133094e+03
2958	-1.127185e+03
2959	-1.133892e+03
2960	-1.122061e+03
2961	-1.147843e+03
2962	-1.123550e+03
2963	-1.153369e+03
2964	-1.118833e+03
2965	-1.112008e+03
2966	-1.135665e+03
2967	-1.141488e+03
2968	-1.126108e+03
2969	-1.128463e+03
2970	-1.129737e+03
2971	-1.135036e+03
2972	-1.127068e+03
2973	-1.123255e+03
2974	-1.148413e+03
2975	-1.112672e+03
2976	-1.130157e+03
2977	-1.119602e+03
2978	-1.131645e+03
2979	-1.104896e+03
2980	-1.123288e+03
2981	-1.139602e+03
2982	-1.114859e+03
2983	-1.113109e+03
2984	-1.125268e+03
2985	-1.116913e+03
2986	-1.113265e+03
2987	-1.126506e+03
2988	-1.143856e+03
2989	-1.124056e+03
2990	-1.145676e+03
2991	-1.114697e+03
2992	-1.128926e+03
2993	-1.116201e+03
2994	-1.128605e+03
2995	-1.130078e+03
2996	-1.122010e+03
2997	-1.143527e+03
2998	-1.134846e+03
2999	-1.116210e+03
3000	-1.122483e+03
3001	-1.136235e+03
3002	-1.129920e+03
3003	-1.128393e+03
3004	-1.148320e+03
3005	-1.142873e+03
3006	-1.121775e+03
3007	-1.123785e+03
3008	-1.127654e+03
3009	-1.113976e+03
3010	-1.120000e+03
3011	-1.131226e+03
3012	-1.139394e+03
3013	-1.105412e+03
3014	-1.126758e+03
3015	-1.089546e+03
3016	-1.136576e+03
3017	-1.134673e+03
3018	-1.122766e+03
3019	-1.125008e+03
3020	-1.145629e+03
3021	-1.109220e+03
3022	-1.120651e+03
3023	-1.142844e+03
3024	-1.130198e+03
3025	-1.144279e+03
3026	-1.135201e+03
3027	-1.130739e+03
3028	-1.117068e+03
3029	-1.124087e+03
3030	-1.122622e+03
3031	-1.137862e+03
3032	-1.120984e+03
3033	-1.111828e+03
3034	-1.131686e+03
3035	-1.144470e+03
3036	-1.106539e+03
3037	-1.131939e+03
3038	-1.122933e+03
3039	-1.112643e+03
3040	-1.128135e+03
3041	-1.123573e+03
3042	-1.119795e+03
3043	-1.113504e+03
3044	-1.139348e+03
3045	-1.129818e+03
3046	-1.128024e+03
3047	-1.138503e+03
3048	-1.144020e+03
3049	-1.118309e+03
3050	-1.119096e+03
3051	-1.109157e+03
3052	-1.115220e+03
3053	-1.149626e+03
3054	-1.119778e+03
3055	-1.118808e+03
3056	-1.114170e+03
3057	-1.131138e+03
3058	-1.119374e+03
3059	-1.128762e+03
3060	-1.132704e+03
3061	-1.116143e+03
3062	-1.134755e+03
3063	-1.125773e+03
3064	-1.123318e+03
3065	-1.136097e+03
3066	-1.108232e+03
3067	-1.142874e+03
3068	-1.124779e+03
3069	-1.141436e+03
3070	-1.113770e+03
3071	-1.115197e+03
3072	-1.118206e+03
3073	-1.122112e+03
3074	-1.133566e+03
3075	-1.124847e+03
3076	-1.134220e+03
3077	-1.119794e+03
3078	-1.127917e+03
3079	-1.113404e+03
3080	-1.127518e+03
3081	-1.132150e+03
3082	-1.118011e+03
3083	-1.127416e+03
3084	-1.137229e+03
3085	-1.120013e+03
3086	-1.128313e+03
3087	-1.121952e+03
3088	-1.129981e+03
3089	-1.137116e+03
3090	-1.130378e+03
3091	-1.137711e+03
3092	-1.126500e+03
3093	-1.142061e+03
3094	-1.142228e+03
3095	-1.135547e+03
3096	-1.144027e+03
3097	-1.105708e+03
3098	-1.130940e+03
3099	-1.119016e+03
3100	-1.143490e+03
3101	-1.152117e+03
3102	-1.131283e+03
3103	-1.129849e+03
3104	-1.120137e+03
3105	-1.132194e+03
3106	-1.142565e+03
3107	-1.123408e+03
3108	-1.128419e+03
3109	-1.116608e+03
3110	-1.138768e+03
3111	-1.129504e+03
3112	-1.126712e+03
3113	-1.137653e+03
3114	-1.133214e+03
3115	-1.138095e+03
3116	-1.126028e+03
3117	-1.130114e+03
3118	-1.125909e+03
3119	-1.122858e+03
3120	-1.126884e+03
3121	-1.134256e+03
3122	-1.108029e+03
3123	-1.131916e+03
3124	-1.135307e+03
3125	-1.141388e+03
3126	-1.135712e+03
3127	-1.124143e+03
3128	-1.124652e+03
3129	-1.105126e+03
3130	-1.119839e+03
3131	-1.121804e+03
3132	-1.135817e+03
3133	-1.132168e+03
3134	-1.142245e+03
3135	-1.129165e+03
3136	-1.114556e+03
3137	-1.131928e+03
3138	-1.111340e+03
3139	-1.126414e+03
3140	-1.123532e+03
3141	-1.126106e+03
3142	-1.122424e+03
3143	-1.119288e+03
3144	-1.123961e+03
3145	-1.126180e+03
3146	-1.135759e+03
3147	-1.130685e+03
3148	-1.143704e+03
3149	-1.128977e+03
3150	-1.140692e+03
3151	-1.118343e+03
3152	-1.131455e+03
3153	-1.138523e+03
3154	-1.122704e+03
3155	-1.145160e+03
3156	-1.111031e+03
3157	-1.136142e+03
3158	-1.121591e+03
3159	-1.133495e+03
3160	-1.129080e+03
3161	-1.153470e+03
3162	-1.136525e+03
3163	-1.130094e+03
3164	-1.107500e+03
3165	-1.120850e+03
3166	-1.128527e+03
3167	-1.132851e+03
3168	-1.147145e+03
3169	-1.123197e+03
3170	-1.140353e+03
3171	-1.114335e+03
3172	-1.126894e+03
3173	-1.126344e+03
3174	-1.155267e+03
3175	-1.100278e+03
3176	-1.141281e+03
3177	-1.145741e+03
3178	-1.130029e+03
3179	-1.126817e+03
3180	-1.125490e+03
3181	-1.134033e+03
3182	-1.119369e+03
3183	-1.126140e+03
3184	-1.111203e+03
3185	-1.129126e+03
3186	-1.127736e+03
3187	-1.128801e+03
3188	-1.147987e+03
3189	-1.137854e+03
3190	-1.099113e+03
3191	-1.123139e+03
3192	-1.143624e+03
3193	-1.124563e+03
3194	-1.143270e+03
3195	-1.134772e+03
3196	-1.132286e+03
3197	-1.130643e+03
3198	-1.134576e+03
3199	-1.129873e+03
3200	-1.125574e+03
3201	-1.110110e+03
3202	-1.138490e+03
3203	-1.124386e+03
3204	-1.124684e+03
3205	-1.116404e+03
3206	-1.124028e+03
3207	-1.154827e+03
3208	-1.132024e+03
3209	-1.136541e+03
3210	-1.133133e+03
3211	-1.147002e+03
3212	-1.117428e+03
3213	-1.118201e+03
3214	-1.139648e+03
3215	-1.141609e+03
3216	-1.109631e+03
3217	-1.111449e+03
3218	-1.123600e+03
3219	-1.125679e+03
3220	-1.135804e+03
3221	-1.123489e+03
3222	-1.129902e+03
3223	-1.133375e+03
3224	-1.134843e+03
3225	-1.142793e+03
3226	-1.122414e+03
3227	-1.104490e+03
3228	-1.119440e+03
3229	-1.122174e+03
3230	-1.112573e+03
3231	-1.137804e+03
3232	-1.126114e+03
3233	-1.092988e+03
3234	-1.133792e+03
3235	-1.142481e+03
3236	-1.141755e+03
3237	-1.118170e+03
3238	-1.138382e+03
3239	-1.127046e+03
3240	-1.119037e+03
3241	-1.133754e+03
3242	-1.133151e+03
3243	-1.143405e+03
3244	-1.116630e+03
3245	-1.126761e+03
3246	-1.105138e+03
3247	-1.131236e+03
3248	-1.141282e+03
3249	-1.134450e+03
3250	-1.116113e+03
3251	-1.151519e+03
3252	-1.135382e+03
3253	-1.117450e+03
3254	-1.124194e+03
3255	-1.120123e+03
3256	-1.124264e+03
3257	-1.135139e+03
3258	-1.136462e+03
3259	-1.145138e+03
3260	-1.150964e+03
3261	-1.121980e+03
3262	-1.117938e+03
3263	-1.150708e+03
3264	-1.121177e+03
3265	-1.121125e+03
3266	-1.130358e+03
3267	-1.113490e+03
3268	-1.105248e+03
3269	-1.128917e+03
3270	-1.141985e+03
3271	-1.129781e+03
3272	-1.119553e+03
3273	-1.109019e+03
3274	-1.124732e+03
3275	-1.127493e+03
3276	-1.127659e+03
3277	-1.132566e+03
3278	-1.135377e+03
3279	-1.117726e+03
3280	-1.131627e+03
3281	-1.132708e+03
3282	-1.154111e+03
3283	-1.144400e+03
3284	-1.143217e+03
3285	-1.116752e+03
3286	-1.133449e+03
3287	-1.115671e+03
3288	-1.123216e+03
3289	-1.125542e+03
3290	-1.128143e+03
3291	-1.109101e+03
3292	-1.131766e+03
3293	-1.117661e+03
3294	-1.140833e+03
3295	-1.142951e+03
3296	-1.125122e+03
3297	-1.122811e+03
3298	-1.128795e+03
3299	-1.112545e+03
3300	-1.113841e+03
3301	-1.124368e+03
3302	-1.135226e+03
3303	-1.104667e+03
3304	-1.130749e+03
3305	-1.142035e+03
3306	-1.122449e+03
3307	-1.121976e+03
3308	-1.132041e+03
3309	-1.141598e+03
3310	-1.095552e+03
3311	-1.117939e+03
3312	-1.132156e+03
3313	-1.107796e+03
3314	-1.129621e+03
3315	-1.147386e+03
3316	-1.123511e+03
3317	-1.123093e+03
3318	-1.143067e+03
3319	-1.131946e+03
3320	-1.124105e+03
3321	-1.116624e+03
3322	-1.125660e+03
3323	-1.154007e+03
3324	-1.133454e+03
3325	-1.121083e+03
3326	-1.133150e+03
3327	-1.130185e+03
3328	-1.114157e+03
3329	-1.122618e+03
3330	-1.134420e+03
3331	-1.141838e+03
3332	-1.113402e+03
3333	-1.136558e+03
3334	-1.139656e+03
3335	-1.148370e+03
3336	-1.128664e+03
3337	-1.131294e+03
3338	-1.126604e+03
3339	-1.122315e+03
3340	-1.124947e+03
3341	-1.131982e+03
3342	-1.125044e+03
3343	-1.128060e+03
3344	-1.138184e+03
3345	-1.109599e+03
3346	-1.101543e+03
3347	-1.134599e+03
3348	-1.129071e+03
3349	-1.115771e+03
3350	-1.112695e+03
3351	-1.134942e+03
3352	-1.127005e+03
3353	-1.142668e+03
3354	-1.122430e+03
3355	-1.132056e+03
3356	-1.108727e+03
3357	-1.121861e+03
3358	-1.121795e+03
3359	-1.132218e+03
3360	-1.124615e+03
3361	-1.128212e+03
3362	-1.125551e+03
3363	-1.123091e+03
3364	-1.131799e+03
3365	-1.129040e+03
3366	-1.132120e+03
3367	-1.097764e+03
3368	-1.109838e+03
3369	-1.134916e+03
3370	-1.111429e+03
3371	-1.129348e+03
3372	-1.119213e+03
3373	-1.127322e+03
3374	-1.117537e+03
3375	-1.142741e+03
3376	-1.130582e+03
3377	-1.132539e+03
3378	-1.124488e+03
3379	-1.133675e+03
3380	-1.144704e+03
3381	-1.132550e+03
3382	-1.111692e+03
3383	-1.135396e+03
3384	-1.124478e+03
3385	-1.113482e+03
3386	-1.117935e+03
3387	-1.132069e+03
3388	-1.133635e+03
3389	-1.126529e+03
3390	-1.123388e+03
3391	-1.116484e+03
3392	-1.112404e+03
3393	-1.122839e+03
3394	-1.140213e+03
3395	-1.133150e+03
3396	-1.119432e+03
3397	-1.121220e+03
3398	-1.132607e+03
3399	-1.115288e+03
3400	-1.147530e+03
3401	-1.115180e+03
3402	-1.125573e+03
3403	-1.132763e+03
3404	-1.127617e+03
3405	-1.114087e+03
3406	-1.143244e+03
3407	-1.147557e+03
3408	-1.147697e+03
3409	-1.110765e+03
3410	-1.116363e+03
3411	-1.131703e+03
3412	-1.110447e+03
3413	-1.124612e+03
3414	-1.138366e+03
3415	-1.128389e+03
3416	-1.128664e+03
3417	-1.124758e+03
3418	-1.123234e+03
3419	-1.121634e+03
3420	-1.132385e+03
3421	-1.118603e+03
3422	-1.128339e+03
3423	-1.127442e+03
3424	-1.117238e+03
3425	-1.129163e+03
3426	-1.122850e+03
3427	-1.132361e+03
3428	-1.128591e+03
3429	-1.126621e+03
3430	-1.112195e+03
3431	-1.133009e+03
3432	-1.134124e+03
3433	-1.159869e+03
3434	-1.139062e+03
3435	-1.146543e+03
3436	-1.137792e+03
3437	-1.112614e+03
3438	-1.116743e+03
3439	-1.130199e+03
3440	-1.137099e+03
3441	-1.137462e+03
3442	-1.130424e+03
3443	-1.118580e+03
3444	-1.139429e+03
3445	-1.115609e+03
3446	-1.145721e+03
3447	-1.127301e+03
3448	-1.159437e+03
3449	-1.113875e+03
3450	-1.124612e+03
3451	-1.122038e+03
3452	-1.129639e+03
3453	-1.132577e+03
3454	-1.146305e+03
3455	-1.131811e+03
3456	-1.129008e+03
3457	-1.121328e+03
3458	-1.132539e+03
3459	-1.116714e+03
3460	-1.123015e+03
3461	-1.116578e+03
3462	-1.121288e+03
3463	-1.132459e+03
3464	-1.120011e+03
3465	-1.103560e+03
3466	-1.115273e+03
3467	-1.134137e+03
3468	-1.127076e+03
3469	-1.147873e+03
3470	-1.104618e+03
3471	-1.121959e+03
3472	-1.107591e+03
3473	-1.125155e+03
3474	-1.127441e+03
3475	-1.124041e+03
3476	-1.136215e+03
3477	-1.128430e+03
3478	-1.111503e+03
3479	-1.132344e+03
3480	-1.121424e+03
3481	-1.133425e+03
3482	-1.123778e+03
3483	-1.139722e+03
3484	-1.136711e+03
3485	-1.126776e+03
3486	-1.121196e+03
3487	-1.150344e+03
3488	-1.126078e+03
3489	-1.136237e+03
3490	-1.137540e+03
3491	-1.118914e+03
3492	-1.148116e+03
3493	-1.108218e+03
3494	-1.125974e+03
3495	-1.129634e+03
3496	-1.123606e+03
3497	-1.112127e+03
3498	-1.107766e+03
3499	-1.127273e+03
3500	-1.133061e+03
3501	-1.130173e+03
3502	-1.101179e+03
3503	-1.126747e+03
3504	-1.124338e+03
3505	-1.116634e+03
3506	-1.124668e+03
3507	-1.104940e+03
3508	-1.139950e+03
3509	-1.125644e+03
3510	-1.128216e+03
3511	-1.116718e+03
3512	-1.145135e+03
3513	-1.134584e+03
3514	-1.126565e+03
3515	-1.140680e+03
3516	-1.129775e+03
3517	-1.127138e+03
3518	-1.143880e+03
3519	-1.129220e+03
3520	-1.141726e+03
3521	-1.130769e+03
3522	-1.135917e+03
3523	-1.116608e+03
3524	-1.144722e+03
3525	-1.128607e+03
3526	-1.104410e+03
3527	-1.108470e+03
3528	-1.136542e+03
3529	-1.105922e+03
3530	-1.146566e+03
3531	-1.131672e+03
3532	-1.141005e+03
3533	-1.142009e+03
3534	-1.125537e+03
3535	-1.117951e+03
3536	-1.129316e+03
3537	-1.108137e+03
3538	-1.123351e+03
3539	-1.126749e+03
3540	-1.110975e+03
3541	-1.135386e+03
3542	-1.136114e+03
3543	-1.122687e+03
3544	-1.129316e+03
3545	-1.128222e+03
3546	-1.117131e+03
3547	-1.122110e+03
3548	-1.107643e+03
3549	-1.137526e+03
3550	-1.122414e+03
3551	-1.122170e+03
3552	-1.137918e+03
3553	-1.130148e+03
3554	-1.109639e+03
3555	-1.115175e+03
3556	-1.123798e+03
3557	-1.122227e+03
3558	-1.121839e+03
3559	-1.133849e+03
3560	-1.126204e+03
3561	-1.143310e+03
3562	-1.118526e+03
3563	-1.113166e+03
3564	-1.137991e+03
3565	-1.120383e+03
3566	-1.119056e+03
3567	-1.145622e+03
3568	-1.115095e+03
3569	-1.134380e+03
3570	-1.119849e+03
3571	-1.113184e+03
3572	-1.125274e+03
3573	-1.148012e+03
3574	-1.137221e+03
3575	-1.124510e+03
3576	-1.121125e+03
3577	-1.142011e+03
3578	-1.149242e+03
3579	-1.136195e+03
3580	-1.128883e+03
3581	-1.124935e+03
3582	-1.116209e+03
3583	-1.102164e+03
3584	-1.128956e+03
3585	-1.126124e+03
3586	-1.119790e+03
3587	-1.128114e+03
3588	-1.102172e+03
3589	-1.131486e+03
3590	-1.122906e+03
3591	-1.134152e+03
3592	-1.142631e+03
3593	-1.114135e+03
3594	-1.139274e+03
3595	-1.122494e+03
3596	-1.117690e+03
3597	-1.121491e+03
3598	-1.147620e+03
3599	-1.138514e+03
3600	-1.112372e+03
3601	-1.128224e+03
3602	-1.125463e+03
3603	-1.136896e+03
3604	-1.129712e+03
3605	-1.130607e+03
3606	-1.143505e+03
3607	-1.122344e+03
3608	-1.128036e+03
3609	-1.137470e+03
3610	-1.155082e+03
3611	-1.134491e+03
3612	-1.123470e+03
3613	-1.113133e+03
3614	-1.130646e+03
3615	-1.118487e+03
3616	-1.135912e+03
3617	-1.129485e+03
3618	-1.133395e+03
3619	-1.152755e+03
3620	-1.122331e+03
3621	-1.131697e+03
3622	-1.130920e+03
3623	-1.126428e+03
3624	-1.112905e+03
3625	-1.118451e+03
3626	-1.136981e+03
3627	-1.121032e+03
3628	-1.109237e+03
3629	-1.115969e+03
3630	-1.119021e+03
3631	-1.119951e+03
3632	-1.143946e+03
3633	-1.139682e+03
3634	-1.134519e+03
3635	-1.139867e+03
3636	-1.138041e+03
3637	-1.137225e+03
3638	-1.125967e+03
3639	-1.121376e+03
3640	-1.115285e+03
3641	-1.142372e+03
3642	-1.130888e+03
3643	-1.114662e+03
3644	-1.125294e+03
3645	-1.131186e+03
3646	-1.132915e+03
3647	-1.119371e+03
3648	-1.136494e+03
3649	-1.151559e+03
3650	-1.135465e+03
3651	-1.130697e+03
3652	-1.142192e+03
3653	-1.146586e+03
3654	-1.136545e+03
3655	-1.133872e+03
3656	-1.148812e+03
3657	-1.116626e+03
3658	-1.133144e+03
3659	-1.113041e+03
3660	-1.112220e+03
3661	-1.129833e+03
3662	-1.111113e+03
3663	-1.154263e+03
3664	-1.137161e+03
3665	-1.149647e+03
3666	-1.133565e+03
3667	-1.119643e+03
3668	-1.138786e+03
3669	-1.123907e+03
3670	-1.120978e+03
3671	-1.113424e+03
3672	-1.127534e+03
3673	-1.131804e+03
3674	-1.121115e+03
3675	-1.118222e+03
3676	-1.116883e+03
3677	-1.127249e+03
3678	-1.127000e+03
3679	-1.111806e+03
3680	-1.138146e+03
3681	-1.124851e+03
3682	-1.124990e+03
3683	-1.127016e+03
3684	-1.125056e+03
3685	-1.130346e+03
3686	-1.130430e+03
3687	-1.145419e+03
3688	-1.114721e+03
3689	-1.117234e+03
3690	-1.124254e+03
3691	-1.127567e+03
3692	-1.130785e+03
3693	-1.130575e+03
3694	-1.150063e+03
3695	-1.116940e+03
3696	-1.139980e+03
3697	-1.133995e+03
3698	-1.140153e+03
3699	-1.126479e+03
3700	-1.135153e+03
3701	-1.126171e+03
3702	-1.138052e+03
3703	-1.118303e+03
3704	-1.120742e+03
3705	-1.129315e+03
3706	-1.120094e+03
3707	-1.119713e+03
3708	-1.135472e+03
3709	-1.129576e+03
3710	-1.138531e+03
3711	-1.137904e+03
3712	-1.125900e+03
3713	-1.113291e+03
3714	-1.127573e+03
3715	-1.136685e+03
3716	-1.136954e+03
3717	-1.125196e+03
3718	-1.136185e+03
3719	-1.124624e+03
3720	-1.121468e+03
3721	-1.149991e+03
3722	-1.127361e+03
3723	-1.118100e+03
3724	-1.131286e+03
3725	-1.134507e+03
3726	-1.125846e+03
3727	-1.143630e+03
3728	-1.118389e+03
3729	-1.122100e+03
3730	-1.143915e+03
3731	-1.142245e+03
3732	-1.133001e+03
3733	-1.145224e+03
3734	-1.119865e+03
3735	-1.152797e+03
3736	-1.144055e+03
3737	-1.139497e+03
3738	-1.113438e+03
3739	-1.133627e+03
3740	-1.119193e+03
3741	-1.131366e+03
3742	-1.136988e+03
3743	-1.123751e+03
3744	-1.137627e+03
3745	-1.115120e+03
3746	-1.138670e+03
3747	-1.132466e+03
3748	-1.128744e+03
3749	-1.125335e+03
3750	-1.140085e+03
3751	-1.130921e+03
3752	-1.144019e+03
3753	-1.123237e+03
3754	-1.132723e+03
3755	-1.109195e+03
3756	-1.134041e+03
3757	-1.117561e+03
3758	-1.127263e+03
3759	-1.140826e+03
3760	-1.132906e+03
3761	-1.143990e+03
3762	-1.114555e+03
3763	-1.133144e+03
3764	-1.128857e+03
3765	-1.117761e+03
3766	-1.130927e+03
3767	-1.121402e+03
3768	-1.117036e+03
3769	-1.135135e+03
3770	-1.131062e+03
3771	-1.121516e+03
3772	-1.123318e+03
3773	-1.128292e+03
3774	-1.128104e+03
3775	-1.137152e+03
3776	-1.128183e+03
3777	-1.120862e+03
3778	-1.139037e+03
3779	-1.133608e+03
3780	-1.124014e+03
3781	-1.128614e+03
3782	-1.117864e+03
3783	-1.124382e+03
3784	-1.109947e+03
3785	-1.122999e+03
3786	-1.135556e+03
3787	-1.121467e+03
3788	-1.142895e+03
3789	-1.118447e+03
3790	-1.119662e+03
3791	-1.145471e+03
3792	-1.111583e+03
3793	-1.138420e+03
3794	-1.099652e+03
3795	-1.120818e+03
3796	-1.117326e+03
3797	-1.122511e+03
3798	-1.121207e+03
3799	-1.137201e+03
3800	-1.120065e+03
3801	-1.125061e+03
3802	-1.123700e+03
3803	-1.114466e+03
3804	-1.121932e+03
3805	-1.130538e+03
3806	-1.115951e+03
3807	-1.113555e+03
3808	-1.129039e+03
3809	-1.120755e+03
3810	-1.154732e+03
3811	-1.127397e+03
3812	-1.126807e+03
3813	-1.133840e+03
3814	-1.120834e+03
3815	-1.122879e+03
3816	-1.143487e+03
3817	-1.129232e+03
3818	-1.118534e+03
3819	-1.140177e+03
3820	-1.114917e+03
3821	-1.117448e+03
3822	-1.134457e+03
3823	-1.117692e+03
3824	-1.118866e+03
3825	-1.108264e+03
3826	-1.130304e+03
3827	-1.137968e+03
3828	-1.117610e+03
3829	-1.124636e+03
3830	-1.144711e+03
3831	-1.110309e+03
3832	-1.145262e+03
3833	-1.122764e+03
3834	-1.097319e+03
3835	-1.120285e+03
3836	-1.118904e+03
3837	-1.135046e+03
3838	-1.122969e+03
3839	-1.149204e+03
3840	-1.117687e+03
3841	-1.130076e+03
3842	-1.120927e+03
3843	-1.115046e+03
3844	-1.133194e+03
3845	-1.128784e+03
3846	-1.108155e+03
3847	-1.130526e+03
3848	-1.102575e+03
3849	-1.133727e+03
3850	-1.136090e+03
3851	-1.112605e+03
3852	-1.116339e+03
3853	-1.144233e+03
3854	-1.123352e+03
3855	-1.109558e+03
3856	-1.126624e+03
3857	-1.125048e+03
3858	-1.119040e+03
3859	-1.119557e+03
3860	-1.121681e+03
3861	-1.137633e+03
3862	-1.125707e+03
3863	-1.135836e+03
3864	-1.153390e+03
3865	-1.135196e+03
3866	-1.154042e+03
3867	-1.145751e+03
3868	-1.159669e+03
3869	-1.108435e+03
3870	-1.127697e+03
3871	-1.123524e+03
3872	-1.131377e+03
3873	-1.116254e+03
3874	-1.134510e+03
3875	-1.130613e+03
3876	-1.128526e+03
3877	-1.123166e+03
3878	-1.110246e+03
3879	-1.131543e+03
3880	-1.140308e+03
3881	-1.132038e+03
3882	-1.112769e+03
3883	-1.142767e+03
3884	-1.113375e+03
3885	-1.121036e+03
3886	-1.116342e+03
3887	-1.112081e+03
3888	-1.142256e+03
3889	-1.116669e+03
3890	-1.134223e+03
3891	-1.140056e+03
3892	-1.112213e+03
3893	-1.111863e+03
3894	-1.131508e+03
3895	-1.118466e+03
3896	-1.126864e+03
3897	-1.128524e+03
3898	-1.123551e+03
3899	-1.106896e+03
3900	-1.124246e+03
3901	-1.126691e+03
3902	-1.132056e+03
3903	-1.119653e+03
3904	-1.142310e+03
3905	-1.134614e+03
3906	-1.141176e+03
3907	-1.143076e+03
3908	-1.144236e+03
3909	-1.112560e+03
3910	-1.122093e+03
3911	-1.116344e+03
3912	-1.141091e+03
3913	-1.150229e+03
3914	-1.119624e+03
3915	-1.120417e+03
3916	-1.122518e+03
3917	-1.116314e+03
3918	-1.128909e+03
3919	-1.115218e+03
3920	-1.135037e+03
3921	-1.145350e+03
3922	-1.117289e+03
3923	-1.114899e+03
3924	-1.147689e+03
3925	-1.112121e+03
3926	-1.120438e+03
3927	-1.127381e+03
3928	-1.111538e+03
3929	-1.113490e+03
3930	-1.131474e+03
3931	-1.118739e+03
3932	-1.119003e+03
3933	-1.138598e+03
3934	-1.146560e+03
3935	-1.117007e+03
3936	-1.122117e+03
3937	-1.127118e+03
3938	-1.128183e+03
3939	-1.142969e+03
3940	-1.132032e+03
3941	-1.127550e+03
3942	-1.142148e+03
3943	-1.133250e+03
3944	-1.131342e+03
3945	-1.113662e+03
3946	-1.125796e+03
3947	-1.134431e+03
3948	-1.140511e+03
3949	-1.135542e+03
3950	-1.125527e+03
3951	-1.135764e+03
3952	-1.128465e+03
3953	-1.099652e+03
3954	-1.133902e+03
3955	-1.138178e+03
3956	-1.139149e+03
3957	-1.146243e+03
3958	-1.136539e+03
3959	-1.154662e+03
3960	-1.122484e+03
3961	-1.136755e+03
3962	-1.126305e+03
3963	-1.148086e+03
3964	-1.124377e+03
3965	-1.133309e+03
3966	-1.112165e+03
3967	-1.124058e+03
3968	-1.149985e+03
3969	-1.116842e+03
3970	-1.122394e+03
3971	-1.130463e+03
3972	-1.111605e+03
3973	-1.131314e+03
3974	-1.134400e+03
3975	-1.139064e+03
3976	-1.125823e+03
3977	-1.130989e+03
3978	-1.119073e+03
3979	-1.143593e+03
3980	-1.139893e+03
3981	-1.129851e+03
3982	-1.127888e+03
3983	-1.150274e+03
3984	-1.130234e+03
3985	-1.129407e+03
3986	-1.128645e+03
3987	-1.112793e+03
3988	-1.130669e+03
3989	-1.132568e+03
3990	-1.127321e+03
3991	-1.142702e+03
3992	-1.131780e+03
3993	-1.140654e+03
3994	-1.109223e+03
3995	-1.113668e+03
3996	-1.122178e+03
3997	-1.132299e+03
3998	-1.139466e+03
3999	-1.141677e+03
4000	-1.136832e+03
4001	-1.130809e+03
4002	-1.116320e+03
4003	-1.126470e+03
4004	-1.138852e+03
4005	-1.119027e+03
4006	-1.129325e+03
4007	-1.145760e+03
4008	-1.122252e+03
4009	-1.129251e+03
4010	-1.122712e+03
4011	-1.132721e+03
4012	-1.137743e+03
4013	-1.130569e+03
4014	-1.144512e+03
4015	-1.126537e+03
4016	-1.111844e+03
4017	-1.135640e+03
4018	-1.139375e+03
4019	-1.119024e+03
4020	-1.123441e+03
4021	-1.111673e+03
4022	-1.137115e+03
4023	-1.123719e+03
4024	-1.146258e+03
4025	-1.133193e+03
4026	-1.140055e+03
4027	-1.154428e+03
4028	-1.138410e+03
4029	-1.129413e+03
4030	-1.117363e+03
4031	-1.121555e+03
4032	-1.119893e+03
4033	-1.135529e+03
4034	-1.119549e+03
4035	-1.121175e+03
4036	-1.130309e+03
4037	-1.134128e+03
4038	-1.127775e+03
4039	-1.125029e+03
4040	-1.143108e+03
4041	-1.125395e+03
4042	-1.137513e+03
4043	-1.131100e+03
4044	-1.097048e+03
4045	-1.125117e+03
4046	-1.129053e+03
4047	-1.117944e+03
4048	-1.143873e+03
4049	-1.118989e+03
4050	-1.129171e+03
4051	-1.143616e+03
4052	-1.122403e+03
4053	-1.135288e+03
4054	-1.113634e+03
4055	-1.132032e+03
4056	-1.121271e+03
4057	-1.134454e+03
4058	-1.148630e+03
4059	-1.139817e+03
4060	-1.154274e+03
4061	-1.124601e+03
4062	-1.128956e+03
4063	-1.132676e+03
4064	-1.136099e+03
4065	-1.133427e+03
4066	-1.141552e+03
4067	-1.119925e+03
4068	-1.119567e+03
4069	-1.138305e+03
4070	-1.128448e+03
4071	-1.105163e+03
4072	-1.115121e+03
4073	-1.135669e+03
4074	-1.137281e+03
4075	-1.115942e+03
4076	-1.129331e+03
4077	-1.143113e+03
4078	-1.128717e+03
4079	-1.133943e+03
4080	-1.145921e+03
4081	-1.123415e+03
4082	-1.115119e+03
4083	-1.127533e+03
4084	-1.125121e+03
4085	-1.113090e+03
4086	-1.119162e+03
4087	-1.126181e+03
4088	-1.149909e+03
4089	-1.133820e+03
4090	-1.143238e+03
4091	-1.107885e+03
4092	-1.144238e+03
4093	-1.126420e+03
4094	-1.108118e+03
4095	-1.123997e+03
4096	-1.131149e+03
4097	-1.140687e+03
4098	-1.110209e+03
4099	-1.134346e+03
4100	-1.128870e+03
4101	-1.121495e+03
4102	-1.133135e+03
4103	-1.123509e+03
4104	-1.142316e+03
4105	-1.128242e+03
4106	-1.117690e+03
4107	-1.113306e+03
4108	-1.139569e+03
4109	-1.102691e+03
4110	-1.119739e+03
4111	-1.144759e+03
4112	-1.128645e+03
4113	-1.115257e+03
4114	-1.138696e+03
4115	-1.124057e+03
4116	-1.096946e+03
4117	-1.129520e+03
4118	-1.134498e+03
4119	-1.124326e+03
4120	-1.124768e+03
4121	-1.124706e+03
4122	-1.107873e+03
4123	-1.115106e+03
4124	-1.116610e+03
4125	-1.111353e+03
4126	-1.120228e+03
4127	-1.126036e+03
4128	-1.128868e+03
4129	-1.128581e+03
4130	-1.127729e+03
4131	-1.126642e+03
4132	-1.115798e+03
4133	-1.114922e+03
4134	-1.126263e+03
4135	-1.120854e+03
4136	-1.125255e+03
4137	-1.123078e+03
4138	-1.127049e+03
4139	-1.134628e+03
4140	-1.110205e+03
4141	-1.145378e+03
4142	-1.138249e+03
4143	-1.123099e+03
4144	-1.141659e+03
4145	-1.123896e+03
4146	-1.138611e+03
4147	-1.122236e+03
4148	-1.119870e+03
4149	-1.134087e+03
4150	-1.106449e+03
4151	-1.135847e+03
4152	-1.137804e+03
4153	-1.100337e+03
4154	-1.140118e+03
4155	-1.132420e+03
4156	-1.105248e+03
4157	-1.129399e+03
4158	-1.113746e+03
4159	-1.127184e+03
4160	-1.147714e+03
4161	-1.125865e+03
4162	-1.127375e+03
4163	-1.135426e+03
4164	-1.111976e+03
4165	-1.142996e+03
4166	-1.111873e+03
4167	-1.139802e+03
4168	-1.127306e+03
4169	-1.118384e+03
4170	-1.143278e+03
4171	-1.124548e+03
4172	-1.118685e+03
4173	-1.134224e+03
4174	-1.151108e+03
4175	-1.120552e+03
4176	-1.118755e+03
4177	-1.124530e+03
4178	-1.130928e+03
4179	-1.111794e+03
4180	-1.124217e+03
4181	-1.109135e+03
4182	-1.138482e+03
4183	-1.135934e+03
4184	-1.123240e+03
4185	-1.145355e+03
4186	-1.099535e+03
4187	-1.118954e+03
4188	-1.145189e+03
4189	-1.138004e+03
4190	-1.142449e+03
4191	-1.125560e+03
4192	-1.123117e+03
4193	-1.094238e+03
4194	-1.122701e+03
4195	-1.128079e+03
4196	-1.133979e+03
4197	-1.128375e+03
4198	-1.153758e+03
4199	-1.117423e+03
4200	-1.127842e+03
4201	-1.123251e+03
4202	-1.129082e+03
4203	-1.136295e+03
4204	-1.129130e+03
4205	-1.145452e+03
4206	-1.132680e+03
4207	-1.142715e+03
4208	-1.141264e+03
4209	-1.139536e+03
4210	-1.118957e+03
4211	-1.122531e+03
4212	-1.137791e+03
4213	-1.101836e+03
4214	-1.126744e+03
4215	-1.104745e+03
4216	-1.125586e+03
4217	-1.125373e+03
4218	-1.143087e+03
4219	-1.112455e+03
4220	-1.119211e+03
4221	-1.152070e+03
4222	-1.135663e+03
4223	-1.123464e+03
4224	-1.133102e+03
4225	-1.125148e+03
4226	-1.140568e+03
4227	-1.134806e+03
4228	-1.124404e+03
4229	-1.118646e+03
4230	-1.147077e+03
4231	-1.134848e+03
4232	-1.140861e+03
4233	-1.116100e+03
4234	-1.125477e+03
4235	-1.122454e+03
4236	-1.138159e+03
4237	-1.159271e+03
4238	-1.108646e+03
4239	-1.138547e+03
4240	-1.131665e+03
4241	-1.110931e+03
4242	-1.118870e+03
4243	-1.113837e+03
4244	-1.147117e+03
4245	-1.123302e+03
4246	-1.143526e+03
4247	-1.134981e+03
4248	-1.139789e+03
4249	-1.136164e+03
4250	-1.143879e+03
4251	-1.156240e+03
4252	-1.122575e+03
4253	-1.123767e+03
4254	-1.132409e+03
4255	-1.134918e+03
4256	-1.116737e+03
4257	-1.125680e+03
4258	-1.132936e+03
4259	-1.149047e+03
4260	-1.136046e+03
4261	-1.127470e+03
4262	-1.113929e+03
4263	-1.119201e+03
4264	-1.110776e+03
4265	-1.127630e+03
4266	-1.114185e+03
4267	-1.125084e+03
4268	-1.117655e+03
4269	-1.131953e+03
4270	-1.129102e+03
4271	-1.122113e+03
4272	-1.114823e+03
4273	-1.139531e+03
4274	-1.123965e+03
4275	-1.129098e+03
4276	-1.136612e+03
4277	-1.116241e+03
4278	-1.134217e+03
4279	-1.116692e+03
4280	-1.132187e+03
4281	-1.111983e+03
4282	-1.122390e+03
4283	-1.138177e+03
4284	-1.138946e+03
4285	-1.120733e+03
4286	-1.141259e+03
4287	-1.126081e+03
4288	-1.131555e+03
4289	-1.136703e+03
4290	-1.105770e+03
4291	-1.132255e+03
4292	-1.149738e+03
4293	-1.133621e+03
4294	-1.143025e+03
4295	-1.129667e+03
4296	-1.141236e+03
4297	-1.113670e+03
4298	-1.133869e+03
4299	-1.139563e+03
4300	-1.112377e+03
4301	-1.128632e+03
4302	-1.129995e+03
4303	-1.098278e+03
4304	-1.115585e+03
4305	-1.131950e+03
4306	-1.137076e+03
4307	-1.132310e+03
4308	-1.132041e+03
4309	-1.123269e+03
4310	-1.131284e+03
4311	-1.120273e+03
4312	-1.137402e+03
4313	-1.144178e+03
4314	-1.157477e+03
4315	-1.139013e+03
4316	-1.121875e+03
4317	-1.132412e+03
4318	-1.135089e+03
4319	-1.116559e+03
4320	-1.118787e+03
4321	-1.127881e+03
4322	-1.130460e+03
4323	-1.133018e+03
4324	-1.133406e+03
4325	-1.128651e+03
4326	-1.110576e+03
4327	-1.116781e+03
4328	-1.111675e+03
4329	-1.137013e+03
4330	-1.126979e+03
4331	-1.116282e+03
4332	-1.134246e+03
4333	-1.132975e+03
4334	-1.109808e+03
4335	-1.128142e+03
4336	-1.122834e+03
4337	-1.132839e+03
4338	-1.105053e+03
4339	-1.142156e+03
4340	-1.120766e+03
4341	-1.123332e+03
4342	-1.116161e+03
4343	-1.129673e+03
4344	-1.139830e+03
4345	-1.122596e+03
4346	-1.145790e+03
4347	-1.122256e+03
4348	-1.128195e+03
4349	-1.116963e+03
4350	-1.128442e+03
4351	-1.134168e+03
4352	-1.142315e+03
4353	-1.125001e+03
4354	-1.100762e+03
4355	-1.138010e+03
4356	-1.126721e+03
4357	-1.105906e+03
4358	-1.129280e+03
4359	-1.137368e+03
4360	-1.105570e+03
4361	-1.140918e+03
4362	-1.133081e+03
4363	-1.119275e+03
4364	-1.124114e+03
4365	-1.151066e+03
4366	-1.111576e+03
4367	-1.121966e+03
4368	-1.121910e+03
4369	-1.123301e+03
4370	-1.128025e+03
4371	-1.136515e+03
4372	-1.122423e+03
4373	-1.132844e+03
4374	-1.122344e+03
4375	-1.126211e+03
4376	-1.135561e+03
4377	-1.110522e+03
4378	-1.128785e+03
4379	-1.122489e+03
4380	-1.127766e+03
4381	-1.144268e+03
4382	-1.128076e+03
4383	-1.122220e+03
4384	-1.117216e+03
4385	-1.155639e+03
4386	-1.111733e+03
4387	-1.129488e+03
4388	-1.151611e+03
4389	-1.135699e+03
4390	-1.126511e+03
4391	-1.134156e+03
4392	-1.117665e+03
4393	-1.120794e+03
4394	-1.099543e+03
4395	-1.121421e+03
4396	-1.138646e+03
4397	-1.119331e+03
4398	-1.138042e+03
4399	-1.129940e+03
4400	-1.123950e+03
4401	-1.119613e+03
4402	-1.118264e+03
4403	-1.134224e+03
4404	-1.121463e+03
4405	-1.127434e+03
4406	-1.124165e+03
4407	-1.122779e+03
4408	-1.112838e+03
4409	-1.140576e+03
4410	-1.116940e+03
4411	-1.125047e+03
4412	-1.126117e+03
4413	-1.131402e+03
4414	-1.121624e+03
4415	-1.127199e+03
4416	-1.119655e+03
4417	-1.114950e+03
4418	-1.129751e+03
4419	-1.118302e+03
4420	-1.132816e+03
4421	-1.119020e+03
4422	-1.141381e+03
4423	-1.139929e+03
4424	-1.127804e+03
4425	-1.112797e+03
4426	-1.130974e+03
4427	-1.108783e+03
4428	-1.128671e+03
4429	-1.130550e+03
4430	-1.123006e+03
4431	-1.144708e+03
4432	-1.122583e+03
4433	-1.121402e+03
4434	-1.121544e+03
4435	-1.131830e+03
4436	-1.130000e+03
4437	-1.127248e+03
4438	-1.115281e+03
4439	-1.115347e+03
4440	-1.127912e+03
4441	-1.088242e+03
4442	-1.121161e+03
4443	-1.135606e+03
4444	-1.122763e+03
4445	-1.119587e+03
4446	-1.124168e+03
4447	-1.143057e+03
4448	-1.114665e+03
4449	-1.147193e+03
4450	-1.130997e+03
4451	-1.129713e+03
4452	-1.119322e+03
4453	-1.116986e+03
4454	-1.125785e+03
4455	-1.118859e+03
4456	-1.145189e+03
4457	-1.114857e+03
4458	-1.140280e+03
4459	-1.124172e+03
4460	-1.136841e+03
4461	-1.135623e+03
4462	-1.117955e+03
4463	-1.127109e+03
4464	-1.120584e+03
4465	-1.115206e+03
4466	-1.131195e+03
4467	-1.119316e+03
4468	-1.111019e+03
4469	-1.124094e+03
4470	-1.114058e+03
4471	-1.120609e+03
4472	-1.132201e+03
4473	-1.131906e+03
4474	-1.138515e+03
4475	-1.140604e+03
4476	-1.122126e+03
4477	-1.138245e+03
4478	-1.126942e+03
4479	-1.116575e+03
4480	-1.125842e+03
4481	-1.120258e+03
4482	-1.139208e+03
4483	-1.119142e+03
4484	-1.124066e+03
4485	-1.120189e+03
4486	-1.123314e+03
4487	-1.132802e+03
4488	-1.128283e+03
4489	-1.137747e+03
4490	-1.139032e+03
4491	-1.159692e+03
4492	-1.115205e+03
4493	-1.131968e+03
4494	-1.138291e+03
4495	-1.121279e+03
4496	-1.137690e+03
4497	-1.114462e+03
4498	-1.124814e+03
4499	-1.162144e+03
4500	-1.118856e+03
4501	-1.117163e+03
4502	-1.134949e+03
4503	-1.130956e+03
4504	-1.117543e+03
4505	-1.100512e+03
4506	-1.142738e+03
4507	-1.127381e+03
4508	-1.112699e+03
4509	-1.128951e+03
4510	-1.112232e+03
4511	-1.129131e+03
4512	-1.119024e+03
4513	-1.116906e+03
4514	-1.143660e+03
4515	-1.116602e+03
4516	-1.131592e+03
4517	-1.144517e+03
4518	-1.135913e+03
4519	-1.127734e+03
4520	-1.132235e+03
4521	-1.109226e+03
4522	-1.136090e+03
4523	-1.124739e+03
4524	-1.139128e+03
4525	-1.144035e+03
4526	-1.121035e+03
4527	-1.139959e+03
4528	-1.110148e+03
4529	-1.116297e+03
4530	-1.141488e+03
4531	-1.126218e+03
4532	-1.123355e+03
4533	-1.136327e+03
4534	-1.133654e+03
4535	-1.106415e+03
4536	-1.136632e+03
4537	-1.128458e+03
4538	-1.132307e+03
4539	-1.137535e+03
4540	-1.148480e+03
4541	-1.119559e+03
4542	-1.124034e+03
4543	-1.112906e+03
4544	-1.132032e+03
4545	-1.124853e+03
4546	-1.124117e+03
4547	-1.138051e+03
4548	-1.132916e+03
4549	-1.111369e+03
4550	-1.140281e+03
4551	-1.121028e+03
4552	-1.128869e+03
4553	-1.128329e+03
4554	-1.124501e+03
4555	-1.119010e+03
4556	-1.140905e+03
4557	-1.134222e+03
4558	-1.142319e+03
4559	-1.131128e+03
4560	-1.118511e+03
4561	-1.133526e+03
4562	-1.116569e+03
4563	-1.109442e+03
4564	-1.133153e+03
4565	-1.115152e+03
4566	-1.123380e+03
4567	-1.134877e+03
4568	-1.143255e+03
4569	-1.139154e+03
4570	-1.152439e+03
4571	-1.129929e+03
4572	-1.124725e+03
4573	-1.118048e+03
4574	-1.136044e+03
4575	-1.110127e+03
4576	-1.114299e+03
4577	-1.140271e+03
4578	-1.144530e+03
4579	-1.141456e+03
4580	-1.105372e+03
4581	-1.123020e+03
4582	-1.129634e+03
4583	-1.114927e+03
4584	-1.122290e+03
4585	-1.124797e+03
4586	-1.110300e+03
4587	-1.125107e+03
4588	-1.122499e+03
4589	-1.131635e+03
4590	-1.128085e+03
4591	-1.117416e+03
4592	-1.121491e+03
4593	-1.151152e+03
4594	-1.122399e+03
4595	-1.140202e+03
4596	-1.133769e+03
4597	-1.133026e+03
4598	-1.132548e+03
4599	-1.130911e+03
4600	-1.113967e+03
4601	-1.140534e+03
4602	-1.127272e+03
4603	-1.136773e+03
4604	-1.134785e+03
4605	-1.138621e+03
4606	-1.141588e+03
4607	-1.120197e+03
4608	-1.129630e+03
4609	-1.120071e+03
4610	-1.140148e+03
4611	-1.125650e+03
4612	-1.124827e+03
4613	-1.128666e+03
4614	-1.126692e+03
4615	-1.154882e+03
4616	-1.141117e+03
4617	-1.139697e+03
4618	-1.114423e+03
4619	-1.137145e+03
4620	-1.126669e+03
4621	-1.118093e+03
4622	-1.138384e+03
4623	-1.119861e+03
4624	-1.140458e+03
4625	-1.141929e+03
4626	-1.135091e+03
4627	-1.124208e+03
4628	-1.107589e+03
4629	-1.136727e+03
4630	-1.124726e+03
4631	-1.132577e+03
4632	-1.115826e+03
4633	-1.129346e+03
4634	-1.136537e+03
4635	-1.115579e+03
4636	-1.133476e+03
4637	-1.114600e+03
4638	-1.120056e+03
4639	-1.118072e+03
4640	-1.126953e+03
4641	-1.123378e+03
4642	-1.124283e+03
4643	-1.132220e+03
4644	-1.129197e+03
4645	-1.127374e+03
4646	-1.112198e+03
4647	-1.142930e+03
4648	-1.138458e+03
4649	-1.125152e+03
4650	-1.141867e+03
4651	-1.121175e+03
4652	-1.129271e+03
4653	-1.123550e+03
4654	-1.120412e+03
4655	-1.138620e+03
4656	-1.133323e+03
4657	-1.110404e+03
4658	-1.137987e+03
4659	-1.115851e+03
4660	-1.125900e+03
4661	-1.124451e+03
4662	-1.128723e+03
4663	-1.126245e+03
4664	-1.114888e+03
4665	-1.134942e+03
4666	-1.106742e+03
4667	-1.128373e+03
4668	-1.137450e+03
4669	-1.139861e+03
4670	-1.130230e+03
4671	-1.115256e+03
4672	-1.155875e+03
4673	-1.129065e+03
4674	-1.153327e+03
4675	-1.127943e+03
4676	-1.112714e+03
4677	-1.117469e+03
4678	-1.129418e+03
4679	-1.128825e+03
4680	-1.130687e+03
4681	-1.127930e+03
4682	-1.119738e+03
4683	-1.123429e+03
4684	-1.112366e+03
4685	-1.129352e+03
4686	-1.120250e+03
4687	-1.120137e+03
4688	-1.132860e+03
4689	-1.108336e+03
4690	-1.154020e+03
4691	-1.132782e+03
4692	-1.120983e+03
4693	-1.125159e+03
4694	-1.135477e+03
4695	-1.116735e+03
4696	-1.116046e+03
4697	-1.132485e+03
4698	-1.128310e+03
4699	-1.124032e+03
4700	-1.113830e+03
4701	-1.121218e+03
4702	-1.128842e+03
4703	-1.122435e+03
4704	-1.133698e+03
4705	-1.125257e+03
4706	-1.127481e+03
4707	-1.138050e+03
4708	-1.114378e+03
4709	-1.133323e+03
4710	-1.139377e+03
4711	-1.123440e+03
4712	-1.116212e+03
4713	-1.124262e+03
4714	-1.117812e+03
4715	-1.125748e+03
4716	-1.127567e+03
4717	-1.122602e+03
4718	-1.107323e+03
4719	-1.134640e+03
4720	-1.148438e+03
4721	-1.118990e+03
4722	-1.119473e+03
4723	-1.120874e+03
4724	-1.130867e+03
4725	-1.108938e+03
4726	-1.134673e+03
4727	-1.134949e+03
4728	-1.122711e+03
4729	-1.124148e+03
4730	-1.115613e+03
4731	-1.121789e+03
4732	-1.111222e+03
4733	-1.107577e+03
4734	-1.142765e+03
4735	-1.137952e+03
4736	-1.124706e+03
4737	-1.126255e+03
4738	-1.118487e+03
4739	-1.118470e+03
4740	-1.123236e+03
4741	-1.148927e+03
4742	-1.119014e+03
4743	-1.137428e+03
4744	-1.125910e+03
4745	-1.131474e+03
4746	-1.125931e+03
4747	-1.126621e+03
4748	-1.142086e+03
4749	-1.139647e+03
4750	-1.140076e+03
4751	-1.109635e+03
4752	-1.140267e+03
4753	-1.126711e+03
4754	-1.124742e+03
4755	-1.132740e+03
4756	-1.130409e+03
4757	-1.127739e+03
4758	-1.126233e+03
4759	-1.106605e+03
4760	-1.117765e+03
4761	-1.126597e+03
4762	-1.124049e+03
4763	-1.110090e+03
4764	-1.128128e+03
4765	-1.125976e+03
4766	-1.110032e+03
4767	-1.142570e+03
4768	-1.123327e+03
4769	-1.107546e+03
4770	-1.139130e+03
4771	-1.136852e+03
4772	-1.142247e+03
4773	-1.142141e+03
4774	-1.121975e+03
4775	-1.128419e+03
4776	-1.144560e+03
4777	-1.124454e+03
4778	-1.149750e+03
4779	-1.128050e+03
4780	-1.142502e+03
4781	-1.123296e+03
4782	-1.122260e+03
4783	-1.147197e+03
4784	-1.124234e+03
4785	-1.123286e+03
4786	-1.148815e+03
4787	-1.142046e+03
4788	-1.138480e+03
4789	-1.146907e+03
4790	-1.101613e+03
4791	-1.130487e+03
4792	-1.137783e+03
4793	-1.143644e+03
4794	-1.118210e+03
4795	-1.107121e+03
4796	-1.121393e+03
4797	-1.124661e+03
4798	-1.141144e+03
4799	-1.118421e+03
4800	-1.132860e+03
4801	-1.120003e+03
4802	-1.127267e+03
4803	-1.153925e+03
4804	-1.124315e+03
4805	-1.132129e+03
4806	-1.132910e+03
4807	-1.135508e+03
4808	-1.109840e+03
4809	-1.117152e+03
4810	-1.140152e+03
4811	-1.131618e+03
4812	-1.096015e+03
4813	-1.125912e+03
4814	-1.107718e+03
4815	-1.137098e+03
4816	-1.148505e+03
4817	-1.109927e+03
4818	-1.137068e+03
4819	-1.121106e+03
4820	-1.124102e+03
4821	-1.131321e+03
4822	-1.129866e+03
4823	-1.135797e+03
4824	-1.122623e+03
4825	-1.133471e+03
4826	-1.112425e+03
4827	-1.116500e+03
4828	-1.111101e+03
4829	-1.142009e+03
4830	-1.125601e+03
4831	-1.125206e+03
4832	-1.121790e+03
4833	-1.129680e+03
4834	-1.140668e+03
4835	-1.128455e+03
4836	-1.140599e+03
4837	-1.128005e+03
4838	-1.128015e+03
4839	-1.120822e+03
4840	-1.127023e+03
4841	-1.122253e+03
4842	-1.123020e+03
4843	-1.128840e+03
4844	-1.138213e+03
4845	-1.108579e+03
4846	-1.122584e+03
4847	-1.110433e+03
4848	-1.131821e+03
4849	-1.132627e+03
4850	-1.133115e+03
4851	-1.129853e+03
4852	-1.107581e+03
4853	-1.127901e+03
4854	-1.116482e+03
4855	-1.121308e+03
4856	-1.141527e+03
4857	-1.111783e+03
4858	-1.117191e+03
4859	-1.130853e+03
4860	-1.111229e+03
4861	-1.114043e+03
4862	-1.128036e+03
4863	-1.111805e+03
4864	-1.135652e+03
4865	-1.116078e+03
4866	-1.122932e+03
4867	-1.111026e+03
4868	-1.117196e+03
4869	-1.133771e+03
4870	-1.119242e+03
4871	-1.122694e+03
4872	-1.137660e+03
4873	-1.116620e+03
4874	-1.127853e+03
4875	-1.113719e+03
4876	-1.138715e+03
4877	-1.123685e+03
4878	-1.130099e+03
4879	-1.117724e+03
4880	-1.126081e+03
4881	-1.125426e+03
4882	-1.125298e+03
4883	-1.135244e+03
4884	-1.130257e+03
4885	-1.145739e+03
4886	-1.142802e+03
4887	-1.136000e+03
4888	-1.099745e+03
4889	-1.131985e+03
4890	-1.135695e+03
4891	-1.123576e+03
4892	-1.122726e+03
4893	-1.128335e+03
4894	-1.125409e+03
4895	-1.132216e+03
4896	-1.136698e+03
4897	-1.111499e+03
4898	-1.139083e+03
4899	-1.152502e+03
4900	-1.121547e+03
4901	-1.144998e+03
4902	-1.134990e+03
4903	-1.105696e+03
4904	-1.127653e+03
4905	-1.125576e+03
4906	-1.128261e+03
4907	-1.135929e+03
4908	-1.133658e+03
4909	-1.124715e+03
4910	-1.108230e+03
4911	-1.116277e+03
4912	-1.142888e+03
4913	-1.108752e+03
4914	-1.126071e+03
4915	-1.128682e+03
4916	-1.119787e+03
4917	-1.147123e+03
4918	-1.111646e+03
4919	-1.125592e+03
4920	-1.122399e+03
4921	-1.139533e+03
4922	-1.130736e+03
4923	-1.121343e+03
4924	-1.115927e+03
4925	-1.124868e+03
4926	-1.131250e+03
4927	-1.129583e+03
4928	-1.121421e+03
4929	-1.138197e+03
4930	-1.144552e+03
4931	-1.142010e+03
4932	-1.099020e+03
4933	-1.137371e+03
4934	-1.131215e+03
4935	-1.123455e+03
4936	-1.119001e+03
4937	-1.129242e+03
4938	-1.139226e+03
4939	-1.111443e+03
4940	-1.135733e+03
4941	-1.126194e+03
4942	-1.120393e+03
4943	-1.133809e+03
4944	-1.116608e+03
4945	-1.141616e+03
4946	-1.120709e+03
4947	-1.130530e+03
4948	-1.128441e+03
4949	-1.117642e+03
4950	-1.124650e+03
4951	-1.129281e+03
4952	-1.109321e+03
4953	-1.128041e+03
4954	-1.128244e+03
4955	-1.129437e+03
4956	-1.109861e+03
4957	-1.119387e+03
4958	-1.116436e+03
4959	-1.119921e+03
4960	-1.125641e+03
4961	-1.133021e+03
4962	-1.138786e+03
4963	-1.108847e+03
4964	-1.102827e+03
4965	-1.138543e+03
4966	-1.116670e+03
4967	-1.097959e+03
4968	-1.121725e+03
4969	-1.113977e+03
4970	-1.137762e+03
4971	-1.116430e+03
4972	-1.121368e+03
4973	-1.124696e+03
4974	-1.133156e+03
4975	-1.118409e+03
4976	-1.133162e+03
4977	-1.140494e+03
4978	-1.110968e+03
4979	-1.102707e+03
4980	-1.138687e+03
4981	-1.105295e+03
4982	-1.125772e+03
4983	-1.104922e+03
4984	-1.136471e+03
4985	-1.104320e+03
4986	-1.142421e+03
4987	-1.122847e+03
4988	-1.131544e+03
4989	-1.120303e+03
4990	-1.136679e+03
4991	-1.126898e+03
4992	-1.134871e+03
4993	-1.139793e+03
4994	-1.131936e+03
4995	-1.126775e+03
4996	-1.115243e+03
4997	-1.117420e+03
4998	-1.099961e+03
4999	-1.122489e+03
5000	-1.122406e+03
5001	-1.121374e+03
5002	-1.127860e+03
5003	-1.143461e+03
5004	-1.132955e+03
5005	-1.111744e+03
5006	-1.122218e+03
5007	-1.136003e+03
5008	-1.136804e+03
5009	-1.129540e+03
5010	-1.116162e+03
5011	-1.135071e+03
5012	-1.125315e+03
5013	-1.141379e+03
5014	-1.139198e+03
5015	-1.129835e+03
5016	-1.144098e+03
5017	-1.142551e+03
5018	-1.115914e+03
5019	-1.125906e+03
5020	-1.141247e+03
5021	-1.134093e+03
5022	-1.123414e+03
5023	-1.124182e+03
5024	-1.124769e+03
5025	-1.134533e+03
5026	-1.122381e+03
5027	-1.113665e+03
5028	-1.132323e+03
5029	-1.131582e+03
5030	-1.120510e+03
5031	-1.134439e+03
5032	-1.130621e+03
5033	-1.138860e+03
5034	-1.144977e+03
5035	-1.121955e+03
5036	-1.134951e+03
5037	-1.138012e+03
5038	-1.110089e+03
5039	-1.116679e+03
5040	-1.123424e+03
5041	-1.130194e+03
5042	-1.113408e+03
5043	-1.117210e+03
5044	-1.135238e+03
5045	-1.136415e+03
5046	-1.121065e+03
5047	-1.127800e+03
5048	-1.125833e+03
5049	-1.128109e+03
5050	-1.126179e+03
5051	-1.142981e+03
5052	-1.094466e+03
5053	-1.134786e+03
5054	-1.123414e+03
5055	-1.121625e+03
5056	-1.130510e+03
5057	-1.141423e+03
5058	-1.142873e+03
5059	-1.112614e+03
5060	-1.151378e+03
5061	-1.139524e+03
5062	-1.115873e+03
5063	-1.134941e+03
5064	-1.121117e+03
5065	-1.113913e+03
5066	-1.131958e+03
5067	-1.134436e+03
5068	-1.122395e+03
5069	-1.132293e+03
5070	-1.109901e+03
5071	-1.126639e+03
5072	-1.143614e+03
5073	-1.119363e+03
5074	-1.137554e+03
5075	-1.130496e+03
5076	-1.114722e+03
5077	-1.124249e+03
5078	-1.132610e+03
5079	-1.122964e+03
5080	-1.129924e+03
5081	-1.151875e+03
5082	-1.140175e+03
5083	-1.123687e+03
5084	-1.111304e+03
5085	-1.150995e+03
5086	-1.127606e+03
5087	-1.123494e+03
5088	-1.115667e+03
5089	-1.119562e+03
5090	-1.128602e+03
5091	-1.134872e+03
5092	-1.122465e+03
5093	-1.134813e+03
5094	-1.123611e+03
5095	-1.134048e+03
5096	-1.117437e+03
5097	-1.120324e+03
5098	-1.117894e+03
5099	-1.119990e+03
5100	-1.115292e+03
5101	-1.122396e+03
5102	-1.122192e+03
5103	-1.119600e+03
5104	-1.116810e+03
5105	-1.132783e+03
5106	-1.108961e+03
5107	-1.131736e+03
5108	-1.119568e+03
5109	-1.112476e+03
5110	-1.133101e+03
5111	-1.143348e+03
5112	-1.119397e+03
5113	-1.122049e+03
5114	-1.120362e+03
5115	-1.127022e+03
5116	-1.130365e+03
5117	-1.103468e+03
5118	-1.113902e+03
5119	-1.126575e+03
5120	-1.111694e+03
5121	-1.101844e+03
5122	-1.114774e+03
5123	-1.146055e+03
5124	-1.121352e+03
5125	-1.129713e+03
5126	-1.140416e+03
5127	-1.118350e+03
5128	-1.123072e+03
5129	-1.124186e+03
5130	-1.117062e+03
5131	-1.129289e+03
5132	-1.122802e+03
5133	-1.128152e+03
5134	-1.123961e+03
5135	-1.120627e+03
5136	-1.127152e+03
5137	-1.126948e+03
5138	-1.121393e+03
5139	-1.130154e+03
5140	-1.126959e+03
5141	-1.139801e+03
5142	-1.119623e+03
5143	-1.132332e+03
5144	-1.122449e+03
5145	-1.151772e+03
5146	-1.117944e+03
5147	-1.122208e+03
5148	-1.111890e+03
5149	-1.126310e+03
5150	-1.139025e+03
5151	-1.109402e+03
5152	-1.126942e+03
5153	-1.124279e+03
5154	-1.143002e+03
5155	-1.127905e+03
5156	-1.098220e+03
5157	-1.128763e+03
5158	-1.118621e+03
5159	-1.136104e+03
5160	-1.107518e+03
5161	-1.109724e+03
5162	-1.131377e+03
5163	-1.132824e+03
5164	-1.133016e+03
5165	-1.114698e+03
5166	-1.145830e+03
5167	-1.112518e+03
5168	-1.126959e+03
5169	-1.133172e+03
5170	-1.144249e+03
5171	-1.150302e+03
5172	-1.142592e+03
5173	-1.124044e+03
5174	-1.123660e+03
5175	-1.123450e+03
5176	-1.138034e+03
5177	-1.117055e+03
5178	-1.140495e+03
5179	-1.112787e+03
5180	-1.109054e+03
5181	-1.134462e+03
5182	-1.126242e+03
5183	-1.131514e+03
5184	-1.118230e+03
5185	-1.132951e+03
5186	-1.135407e+03
5187	-1.152886e+03
5188	-1.114066e+03
5189	-1.136874e+03
5190	-1.136167e+03
5191	-1.112841e+03
5192	-1.125596e+03
5193	-1.132963e+03
5194	-1.128111e+03
5195	-1.139584e+03
5196	-1.124547e+03
5197	-1.130889e+03
5198	-1.118102e+03
5199	-1.106832e+03
5200	-1.126892e+03
5201	-1.125350e+03
5202	-1.147885e+03
5203	-1.119726e+03
5204	-1.137015e+03
5205	-1.131005e+03
5206	-1.119919e+03
5207	-1.130480e+03
5208	-1.136770e+03
5209	-1.124479e+03
5210	-1.111673e+03
5211	-1.127074e+03
5212	-1.131590e+03
5213	-1.119743e+03
5214	-1.117939e+03
5215	-1.153124e+03
5216	-1.138721e+03
5217	-1.141888e+03
5218	-1.127958e+03
5219	-1.126855e+03
5220	-1.120846e+03
5221	-1.129235e+03
5222	-1.112201e+03
5223	-1.137968e+03
5224	-1.125107e+03
5225	-1.106752e+03
5226	-1.117813e+03
5227	-1.140520e+03
5228	-1.127967e+03
5229	-1.132479e+03
5230	-1.134811e+03
5231	-1.130146e+03
5232	-1.132658e+03
5233	-1.130077e+03
5234	-1.117419e+03
5235	-1.140557e+03
5236	-1.121881e+03
5237	-1.110083e+03
5238	-1.142431e+03
5239	-1.134689e+03
5240	-1.139153e+03
5241	-1.115432e+03
5242	-1.146886e+03
5243	-1.150403e+03
5244	-1.125372e+03
5245	-1.117194e+03
5246	-1.129647e+03
5247	-1.142380e+03
5248	-1.150671e+03
5249	-1.116444e+03
5250	-1.113947e+03
5251	-1.144451e+03
5252	-1.129568e+03
5253	-1.125468e+03
5254	-1.153976e+03
5255	-1.137352e+03
5256	-1.123590e+03
5257	-1.119661e+03
5258	-1.122020e+03
5259	-1.128793e+03
5260	-1.120452e+03
5261	-1.118092e+03
5262	-1.118989e+03
5263	-1.122598e+03
5264	-1.116743e+03
5265	-1.120694e+03
5266	-1.091803e+03
5267	-1.131556e+03
5268	-1.123876e+03
5269	-1.132900e+03
5270	-1.138312e+03
5271	-1.143923e+03
5272	-1.126542e+03
5273	-1.128885e+03
5274	-1.121582e+03
5275	-1.126096e+03
5276	-1.130798e+03
5277	-1.131876e+03
5278	-1.110651e+03
5279	-1.150820e+03
5280	-1.118751e+03
5281	-1.108143e+03
5282	-1.144712e+03
5283	-1.123586e+03
5284	-1.130468e+03
5285	-1.114003e+03
5286	-1.145066e+03
5287	-1.119444e+03
5288	-1.118352e+03
5289	-1.130441e+03
5290	-1.144888e+03
5291	-1.130327e+03
5292	-1.135802e+03
5293	-1.122818e+03
5294	-1.131069e+03
5295	-1.113205e+03
5296	-1.125670e+03
5297	-1.134732e+03
5298	-1.140128e+03
5299	-1.131419e+03
5300	-1.140243e+03
5301	-1.102287e+03
5302	-1.130540e+03
5303	-1.121248e+03
5304	-1.122808e+03
5305	-1.123881e+03
5306	-1.138315e+03
5307	-1.136296e+03
5308	-1.139280e+03
5309	-1.113299e+03
5310	-1.130173e+03
5311	-1.128262e+03
5312	-1.134423e+03
5313	-1.120524e+03
5314	-1.123073e+03
5315	-1.102481e+03
5316	-1.126608e+03
5317	-1.126622e+03
5318	-1.123051e+03
5319	-1.134394e+03
5320	-1.122391e+03
5321	-1.124993e+03
5322	-1.149249e+03
5323	-1.125500e+03
5324	-1.126057e+03
5325	-1.131413e+03
5326	-1.135965e+03
5327	-1.131647e+03
5328	-1.140115e+03
5329	-1.105775e+03
5330	-1.146063e+03
5331	-1.116997e+03
5332	-1.145431e+03
5333	-1.105975e+03
5334	-1.132256e+03
5335	-1.125629e+03
5336	-1.116515e+03
5337	-1.113144e+03
5338	-1.132862e+03
5339	-1.129021e+03
5340	-1.135332e+03
5341	-1.154685e+03
5342	-1.122122e+03
5343	-1.121338e+03
5344	-1.131260e+03
5345	-1.124837e+03
5346	-1.136468e+03
5347	-1.131684e+03
5348	-1.113726e+03
5349	-1.129471e+03
5350	-1.107177e+03
5351	-1.129893e+03
5352	-1.128029e+03
5353	-1.146320e+03
5354	-1.137289e+03
5355	-1.116538e+03
5356	-1.136838e+03
5357	-1.123548e+03
5358	-1.132787e+03
5359	-1.152011e+03
5360	-1.122464e+03
5361	-1.120847e+03
5362	-1.133286e+03
5363	-1.135160e+03
5364	-1.140268e+03
5365	-1.117512e+03
5366	-1.140054e+03
5367	-1.134376e+03
5368	-1.111969e+03
5369	-1.141452e+03
5370	-1.132968e+03
5371	-1.109948e+03
5372	-1.117468e+03
5373	-1.126948e+03
5374	-1.133688e+03
5375	-1.123009e+03
5376	-1.135123e+03
5377	-1.130013e+03
5378	-1.129821e+03
5379	-1.120607e+03
5380	-1.127166e+03
5381	-1.153232e+03
5382	-1.114750e+03
5383	-1.114034e+03
5384	-1.146119e+03
5385	-1.147649e+03
5386	-1.133975e+03
5387	-1.137373e+03
5388	-1.119463e+03
5389	-1.139270e+03
5390	-1.126253e+03
5391	-1.136695e+03
5392	-1.108996e+03
5393	-1.116059e+03
5394	-1.150747e+03
5395	-1.122380e+03
5396	-1.128060e+03
5397	-1.127798e+03
5398	-1.121070e+03
5399	-1.130738e+03
5400	-1.102800e+03
5401	-1.131191e+03
5402	-1.116576e+03
5403	-1.140073e+03
5404	-1.133413e+03
5405	-1.130364e+03
5406	-1.121890e+03
5407	-1.123931e+03
5408	-1.120150e+03
5409	-1.119956e+03
5410	-1.141280e+03
5411	-1.119972e+03
5412	-1.122454e+03
5413	-1.101662e+03
5414	-1.143328e+03
5415	-1.136632e+03
5416	-1.121111e+03
5417	-1.128963e+03
5418	-1.131761e+03
5419	-1.128899e+03
5420	-1.132055e+03
5421	-1.125145e+03
5422	-1.130027e+03
5423	-1.119873e+03
5424	-1.134833e+03
5425	-1.113176e+03
5426	-1.138127e+03
5427	-1.119438e+03
5428	-1.132863e+03
5429	-1.113276e+03
5430	-1.112476e+03
5431	-1.104283e+03
5432	-1.121666e+03
5433	-1.118024e+03
5434	-1.134279e+03
5435	-1.116068e+03
5436	-1.119993e+03
5437	-1.127733e+03
5438	-1.126907e+03
5439	-1.128925e+03
5440	-1.121358e+03
5441	-1.127102e+03
5442	-1.141415e+03
5443	-1.119411e+03
5444	-1.127060e+03
5445	-1.119988e+03
5446	-1.136702e+03
5447	-1.135052e+03
5448	-1.121160e+03
5449	-1.127006e+03
5450	-1.129099e+03
5451	-1.125874e+03
5452	-1.125605e+03
5453	-1.118605e+03
5454	-1.109683e+03
5455	-1.122476e+03
5456	-1.137031e+03
5457	-1.126180e+03
5458	-1.121065e+03
5459	-1.126613e+03
5460	-1.120672e+03
5461	-1.140200e+03
5462	-1.111957e+03
5463	-1.123525e+03
5464	-1.118565e+03
5465	-1.114303e+03
5466	-1.133451e+03
5467	-1.122995e+03
5468	-1.140339e+03
5469	-1.136326e+03
5470	-1.131843e+03
5471	-1.115740e+03
5472	-1.121405e+03
5473	-1.122728e+03
5474	-1.113567e+03
5475	-1.118405e+03
5476	-1.134046e+03
5477	-1.127883e+03
5478	-1.132211e+03
5479	-1.134096e+03
5480	-1.127193e+03
5481	-1.122019e+03
5482	-1.149312e+03
5483	-1.120026e+03
5484	-1.129832e+03
5485	-1.133982e+03
5486	-1.132935e+03
5487	-1.130203e+03
5488	-1.113158e+03
5489	-1.100776e+03
5490	-1.111613e+03
5491	-1.127849e+03
5492	-1.133318e+03
5493	-1.126652e+03
5494	-1.124586e+03
5495	-1.146322e+03
5496	-1.127854e+03
5497	-1.151161e+03
5498	-1.134871e+03
5499	-1.132523e+03
5500	-1.100590e+03
5501	-1.114189e+03
5502	-1.123825e+03
5503	-1.108385e+03
5504	-1.126199e+03
5505	-1.130368e+03
5506	-1.141914e+03
5507	-1.121889e+03
5508	-1.129395e+03
5509	-1.143265e+03
5510	-1.120738e+03
5511	-1.132241e+03
5512	-1.132669e+03
5513	-1.131983e+03
5514	-1.112212e+03
5515	-1.150342e+03
5516	-1.121887e+03
5517	-1.115004e+03
5518	-1.105697e+03
5519	-1.152496e+03
5520	-1.112321e+03
5521	-1.139626e+03
5522	-1.133521e+03
5523	-1.137231e+03
5524	-1.127645e+03
5525	-1.122483e+03
5526	-1.137191e+03
5527	-1.139743e+03
5528	-1.124684e+03
5529	-1.118862e+03
5530	-1.125425e+03
5531	-1.122560e+03
5532	-1.126200e+03
5533	-1.106545e+03
5534	-1.122195e+03
5535	-1.124476e+03
5536	-1.130939e+03
5537	-1.125750e+03
5538	-1.126848e+03
5539	-1.133529e+03
5540	-1.116108e+03
5541	-1.116082e+03
5542	-1.125255e+03
5543	-1.118602e+03
5544	-1.137504e+03
5545	-1.132173e+03
5546	-1.138928e+03
5547	-1.133329e+03
5548	-1.165653e+03
5549	-1.141267e+03
5550	-1.125248e+03
5551	-1.143523e+03
5552	-1.125050e+03
5553	-1.119499e+03
5554	-1.151391e+03
5555	-1.124542e+03
5556	-1.143609e+03
5557	-1.123157e+03
5558	-1.122780e+03
5559	-1.136468e+03
5560	-1.124003e+03
5561	-1.135544e+03
5562	-1.112174e+03
5563	-1.118952e+03
5564	-1.123389e+03
5565	-1.125975e+03
5566	-1.121613e+03
5567	-1.125848e+03
5568	-1.140189e+03
5569	-1.128589e+03
5570	-1.127850e+03
5571	-1.153342e+03
5572	-1.133215e+03
5573	-1.133041e+03
5574	-1.127325e+03
5575	-1.114456e+03
5576	-1.126561e+03
5577	-1.120775e+03
5578	-1.116922e+03
5579	-1.135365e+03
5580	-1.121384e+03
5581	-1.114308e+03
5582	-1.124332e+03
5583	-1.121337e+03
5584	-1.121697e+03
5585	-1.113582e+03
5586	-1.119456e+03
5587	-1.131175e+03
5588	-1.147480e+03
5589	-1.122988e+03
5590	-1.128920e+03
5591	-1.126929e+03
5592	-1.143817e+03
5593	-1.133662e+03
5594	-1.108891e+03
5595	-1.118313e+03
5596	-1.126832e+03
5597	-1.124299e+03
5598	-1.123206e+03
5599	-1.125007e+03
5600	-1.129323e+03
5601	-1.132461e+03
5602	-1.130446e+03
5603	-1.136176e+03
5604	-1.127893e+03
5605	-1.125180e+03
5606	-1.149815e+03
5607	-1.125459e+03
5608	-1.130608e+03
5609	-1.134739e+03
5610	-1.152297e+03
5611	-1.126082e+03
5612	-1.146591e+03
5613	-1.131749e+03
5614	-1.145322e+03
5615	-1.153895e+03
5616	-1.119322e+03
5617	-1.148962e+03
5618	-1.108664e+03
5619	-1.124254e+03
5620	-1.132618e+03
5621	-1.123290e+03
5622	-1.142399e+03
5623	-1.118780e+03
5624	-1.107269e+03
5625	-1.119891e+03
5626	-1.123848e+03
5627	-1.146631e+03
5628	-1.123714e+03
5629	-1.120372e+03
5630	-1.129149e+03
5631	-1.127047e+03
5632	-1.141259e+03
5633	-1.117843e+03
5634	-1.127267e+03
5635	-1.115938e+03
5636	-1.137262e+03
5637	-1.135822e+03
5638	-1.120041e+03
5639	-1.120237e+03
5640	-1.115911e+03
5641	-1.143574e+03
5642	-1.154811e+03
5643	-1.143353e+03
5644	-1.125393e+03
5645	-1.134243e+03
5646	-1.131636e+03
5647	-1.114036e+03
5648	-1.129200e+03
5649	-1.136573e+03
5650	-1.126883e+03
5651	-1.122015e+03
5652	-1.116480e+03
5653	-1.131988e+03
5654	-1.128880e+03
5655	-1.146287e+03
5656	-1.122321e+03
5657	-1.128995e+03
5658	-1.125602e+03
5659	-1.082971e+03
5660	-1.117460e+03
5661	-1.147752e+03
5662	-1.128401e+03
5663	-1.123271e+03
5664	-1.100924e+03
5665	-1.139581e+03
5666	-1.122062e+03
5667	-1.121702e+03
5668	-1.137256e+03
5669	-1.123190e+03
5670	-1.131417e+03
5671	-1.115292e+03
5672	-1.149136e+03
5673	-1.133255e+03
5674	-1.132646e+03
5675	-1.110318e+03
5676	-1.105536e+03
5677	-1.132527e+03
5678	-1.106983e+03
5679	-1.137273e+03
5680	-1.121053e+03
5681	-1.137307e+03
5682	-1.134504e+03
5683	-1.123806e+03
5684	-1.135074e+03
5685	-1.130161e+03
5686	-1.127101e+03
5687	-1.128061e+03
5688	-1.124119e+03
5689	-1.134983e+03
5690	-1.123707e+03
5691	-1.147481e+03
5692	-1.139085e+03
5693	-1.128447e+03
5694	-1.134762e+03
5695	-1.146788e+03
5696	-1.138704e+03
5697	-1.134525e+03
5698	-1.139917e+03
5699	-1.126259e+03
5700	-1.113125e+03
5701	-1.121865e+03
5702	-1.156387e+03
5703	-1.126851e+03
5704	-1.110884e+03
5705	-1.125025e+03
5706	-1.141943e+03
5707	-1.159001e+03
5708	-1.111524e+03
5709	-1.116676e+03
5710	-1.118091e+03
5711	-1.124924e+03
5712	-1.112084e+03
5713	-1.119985e+03
5714	-1.124966e+03
5715	-1.128069e+03
5716	-1.124813e+03
5717	-1.139859e+03
5718	-1.124788e+03
5719	-1.150893e+03
5720	-1.112916e+03
5721	-1.108037e+03
5722	-1.126359e+03
5723	-1.120778e+03
5724	-1.136043e+03
5725	-1.121830e+03
5726	-1.136357e+03
5727	-1.131129e+03
5728	-1.127596e+03
5729	-1.130557e+03
5730	-1.123418e+03
5731	-1.131317e+03
5732	-1.114427e+03
5733	-1.135514e+03
5734	-1.131957e+03
5735	-1.146073e+03
5736	-1.137025e+03
5737	-1.139397e+03
5738	-1.130240e+03
5739	-1.124086e+03
5740	-1.117731e+03
5741	-1.139669e+03
5742	-1.126054e+03
5743	-1.137308e+03
5744	-1.148040e+03
5745	-1.120445e+03
5746	-1.139789e+03
5747	-1.122813e+03
5748	-1.115665e+03
5749	-1.120832e+03
5750	-1.141114e+03
5751	-1.129305e+03
5752	-1.128303e+03
5753	-1.132581e+03
5754	-1.137103e+03
5755	-1.123598e+03
5756	-1.142884e+03
5757	-1.115062e+03
5758	-1.125976e+03
5759	-1.137098e+03
5760	-1.137186e+03
5761	-1.107333e+03
5762	-1.118865e+03
5763	-1.126082e+03
5764	-1.124281e+03
5765	-1.143015e+03
5766	-1.109080e+03
5767	-1.138674e+03
5768	-1.125060e+03
5769	-1.114180e+03
5770	-1.130487e+03
5771	-1.144970e+03
5772	-1.121908e+03
5773	-1.120636e+03
5774	-1.116927e+03
5775	-1.126441e+03
5776	-1.135181e+03
5777	-1.103373e+03
5778	-1.118543e+03
5779	-1.136324e+03
5780	-1.133977e+03
5781	-1.136728e+03
5782	-1.126465e+03
5783	-1.137274e+03
5784	-1.150426e+03
5785	-1.115507e+03
5786	-1.143997e+03
5787	-1.136010e+03
5788	-1.118380e+03
5789	-1.122750e+03
5790	-1.118094e+03
5791	-1.144917e+03
5792	-1.117140e+03
5793	-1.115166e+03
5794	-1.127315e+03
5795	-1.130167e+03
5796	-1.138094e+03
5797	-1.124255e+03
5798	-1.122888e+03
5799	-1.115520e+03
5800	-1.132124e+03
5801	-1.129812e+03
5802	-1.124197e+03
5803	-1.127251e+03
5804	-1.131335e+03
5805	-1.130923e+03
5806	-1.130841e+03
5807	-1.131524e+03
5808	-1.137016e+03
5809	-1.135431e+03
5810	-1.119634e+03
5811	-1.137268e+03
5812	-1.118579e+03
5813	-1.118902e+03
5814	-1.147958e+03
5815	-1.112127e+03
5816	-1.125518e+03
5817	-1.125194e+03
5818	-1.130159e+03
5819	-1.108548e+03
5820	-1.121913e+03
5821	-1.139307e+03
5822	-1.137077e+03
5823	-1.130022e+03
5824	-1.131581e+03
5825	-1.106275e+03
5826	-1.150423e+03
5827	-1.147104e+03
5828	-1.123197e+03
5829	-1.104065e+03
5830	-1.150703e+03
5831	-1.113884e+03
5832	-1.123695e+03
5833	-1.137395e+03
5834	-1.138653e+03
5835	-1.131900e+03
5836	-1.141277e+03
5837	-1.132884e+03
5838	-1.118481e+03
5839	-1.119475e+03
5840	-1.123511e+03
5841	-1.119421e+03
5842	-1.121721e+03
5843	-1.126012e+03
5844	-1.132826e+03
5845	-1.124751e+03
5846	-1.121049e+03
5847	-1.118052e+03
5848	-1.126297e+03
5849	-1.132703e+03
5850	-1.122030e+03
5851	-1.145255e+03
5852	-1.132547e+03
5853	-1.126977e+03
5854	-1.154997e+03
5855	-1.127404e+03
5856	-1.143970e+03
5857	-1.125687e+03
5858	-1.133815e+03
5859	-1.141384e+03
5860	-1.125629e+03
5861	-1.113069e+03
5862	-1.113134e+03
5863	-1.126969e+03
5864	-1.134568e+03
5865	-1.124162e+03
5866	-1.122499e+03
5867	-1.119247e+03
5868	-1.114411e+03
5869	-1.123519e+03
5870	-1.148201e+03
5871	-1.143684e+03
5872	-1.116466e+03
5873	-1.149030e+03
5874	-1.118589e+03
5875	-1.116409e+03
5876	-1.115073e+03
5877	-1.130523e+03
5878	-1.122339e+03
5879	-1.138059e+03
5880	-1.130234e+03
5881	-1.124805e+03
5882	-1.119913e+03
5883	-1.128793e+03
5884	-1.131191e+03
5885	-1.138629e+03
5886	-1.127973e+03
5887	-1.148893e+03
5888	-1.129814e+03
5889	-1.124195e+03
5890	-1.118336e+03
5891	-1.140779e+03
5892	-1.121707e+03
5893	-1.130075e+03
5894	-1.130693e+03
5895	-1.125239e+03
5896	-1.139891e+03
5897	-1.110757e+03
5898	-1.121878e+03
5899	-1.132195e+03
5900	-1.146125e+03
5901	-1.142094e+03
5902	-1.145219e+03
5903	-1.117146e+03
5904	-1.113195e+03
5905	-1.127313e+03
5906	-1.137400e+03
5907	-1.124831e+03
5908	-1.119198e+03
5909	-1.118215e+03
5910	-1.129820e+03
5911	-1.148178e+03
5912	-1.148336e+03
5913	-1.112704e+03
5914	-1.136466e+03
5915	-1.129796e+03
5916	-1.139334e+03
5917	-1.123033e+03
5918	-1.125355e+03
5919	-1.129104e+03
5920	-1.105806e+03
5921	-1.115049e+03
5922	-1.124807e+03
5923	-1.140431e+03
5924	-1.115419e+03
5925	-1.128695e+03
5926	-1.125488e+03
5927	-1.133828e+03
5928	-1.108141e+03
5929	-1.139009e+03
5930	-1.128735e+03
5931	-1.121992e+03
5932	-1.112432e+03
5933	-1.122397e+03
5934	-1.129961e+03
5935	-1.127399e+03
5936	-1.127720e+03
5937	-1.131908e+03
5938	-1.142411e+03
5939	-1.117108e+03
5940	-1.128269e+03
5941	-1.123706e+03
5942	-1.143199e+03
5943	-1.121595e+03
5944	-1.122949e+03
5945	-1.130707e+03
5946	-1.142277e+03
5947	-1.130864e+03
5948	-1.134452e+03
5949	-1.124130e+03
5950	-1.125359e+03
5951	-1.143133e+03
5952	-1.118470e+03
5953	-1.129775e+03
5954	-1.116192e+03
5955	-1.136060e+03
5956	-1.142525e+03
5957	-1.135160e+03
5958	-1.129421e+03
5959	-1.124095e+03
5960	-1.127821e+03
5961	-1.122680e+03
5962	-1.143813e+03
5963	-1.116409e+03
5964	-1.095796e+03
5965	-1.155015e+03
5966	-1.130862e+03
5967	-1.137402e+03
5968	-1.136917e+03
5969	-1.121244e+03
5970	-1.123013e+03
5971	-1.105085e+03
5972	-1.145266e+03
5973	-1.113384e+03
5974	-1.096144e+03
5975	-1.126172e+03
5976	-1.129441e+03
5977	-1.115410e+03
5978	-1.132418e+03
5979	-1.121319e+03
5980	-1.126112e+03
5981	-1.119805e+03
5982	-1.119336e+03
5983	-1.124877e+03
5984	-1.126934e+03
5985	-1.133001e+03
5986	-1.126937e+03
5987	-1.145936e+03
5988	-1.100435e+03
5989	-1.113660e+03
5990	-1.104914e+03
5991	-1.130358e+03
5992	-1.121182e+03
5993	-1.126482e+03
5994	-1.108152e+03
5995	-1.111332e+03
5996	-1.148057e+03
5997	-1.134199e+03
5998	-1.150097e+03
5999	-1.114495e+03
6000	-1.137140e+03
6001	-1.114028e+03
6002	-1.118220e+03
6003	-1.116699e+03
6004	-1.111243e+03
6005	-1.117069e+03
6006	-1.127865e+03
6007	-1.123678e+03
6008	-1.132871e+03
6009	-1.135217e+03
6010	-1.113328e+03
6011	-1.147742e+03
6012	-1.127788e+03
6013	-1.134129e+03
6014	-1.124073e+03
6015	-1.119188e+03
6016	-1.127515e+03
6017	-1.129979e+03
6018	-1.116595e+03
6019	-1.124868e+03
6020	-1.113373e+03
6021	-1.127859e+03
6022	-1.125335e+03
6023	-1.116908e+03
6024	-1.141020e+03
6025	-1.113691e+03
6026	-1.110559e+03
6027	-1.126361e+03
6028	-1.133172e+03
6029	-1.127762e+03
6030	-1.127328e+03
6031	-1.130225e+03
6032	-1.142019e+03
6033	-1.121529e+03
6034	-1.119688e+03
6035	-1.136497e+03
6036	-1.139913e+03
6037	-1.122661e+03
6038	-1.145856e+03
6039	-1.105164e+03
6040	-1.107938e+03
6041	-1.131923e+03
6042	-1.120896e+03
6043	-1.122760e+03
6044	-1.124072e+03
6045	-1.111764e+03
6046	-1.137345e+03
6047	-1.122300e+03
6048	-1.132771e+03
6049	-1.112011e+03
6050	-1.123790e+03
6051	-1.118376e+03
6052	-1.136950e+03
6053	-1.121588e+03
6054	-1.125961e+03
6055	-1.102699e+03
6056	-1.128946e+03
6057	-1.133847e+03
6058	-1.121927e+03
6059	-1.111441e+03
6060	-1.116155e+03
6061	-1.139853e+03
6062	-1.137206e+03
6063	-1.118935e+03
6064	-1.132886e+03
6065	-1.116076e+03
6066	-1.131234e+03
6067	-1.107814e+03
6068	-1.101155e+03
6069	-1.138425e+03
6070	-1.141217e+03
6071	-1.123670e+03
6072	-1.145430e+03
6073	-1.135648e+03
6074	-1.130118e+03
6075	-1.136778e+03
6076	-1.121829e+03
6077	-1.149315e+03
6078	-1.118921e+03
6079	-1.127798e+03
6080	-1.122975e+03
6081	-1.130171e+03
6082	-1.143643e+03
6083	-1.116285e+03
6084	-1.147403e+03
6085	-1.107713e+03
6086	-1.132192e+03
6087	-1.123539e+03
6088	-1.105425e+03
6089	-1.135469e+03
6090	-1.113231e+03
6091	-1.136027e+03
6092	-1.129569e+03
6093	-1.119446e+03
6094	-1.123370e+03
6095	-1.113581e+03
6096	-1.135811e+03
6097	-1.114966e+03
6098	-1.114643e+03
6099	-1.116894e+03
6100	-1.126442e+03
6101	-1.121824e+03
6102	-1.141757e+03
6103	-1.129726e+03
6104	-1.147058e+03
6105	-1.129553e+03
6106	-1.136386e+03
6107	-1.111412e+03
6108	-1.141627e+03
6109	-1.144838e+03
6110	-1.112563e+03
6111	-1.148062e+03
6112	-1.126568e+03
6113	-1.150340e+03
6114	-1.107685e+03
6115	-1.136107e+03
6116	-1.133977e+03
6117	-1.142241e+03
6118	-1.115912e+03
6119	-1.114092e+03
6120	-1.110976e+03
6121	-1.123342e+03
6122	-1.140721e+03
6123	-1.136015e+03
6124	-1.129438e+03
6125	-1.129092e+03
6126	-1.109336e+03
6127	-1.136711e+03
6128	-1.128659e+03
6129	-1.148767e+03
6130	-1.118892e+03
6131	-1.123552e+03
6132	-1.127743e+03
6133	-1.119958e+03
6134	-1.127453e+03
6135	-1.114461e+03
6136	-1.134548e+03
6137	-1.132811e+03
6138	-1.114218e+03
6139	-1.121741e+03
6140	-1.106673e+03
6141	-1.102494e+03
6142	-1.126481e+03
6143	-1.131463e+03
6144	-1.142318e+03
6145	-1.127730e+03
6146	-1.125111e+03
6147	-1.127441e+03
6148	-1.147419e+03
6149	-1.116706e+03
6150	-1.117207e+03
6151	-1.133632e+03
6152	-1.130183e+03
6153	-1.116133e+03
6154	-1.138194e+03
6155	-1.137048e+03
6156	-1.123689e+03
6157	-1.126565e+03
6158	-1.130275e+03
6159	-1.129093e+03
6160	-1.146281e+03
6161	-1.137939e+03
6162	-1.131994e+03
6163	-1.123945e+03
6164	-1.116978e+03
6165	-1.140165e+03
6166	-1.123995e+03
6167	-1.130776e+03
6168	-1.113333e+03
6169	-1.137690e+03
6170	-1.123438e+03
6171	-1.142574e+03
6172	-1.142988e+03
6173	-1.134755e+03
6174	-1.138315e+03
6175	-1.120994e+03
6176	-1.124570e+03
6177	-1.116121e+03
6178	-1.142752e+03
6179	-1.126611e+03
6180	-1.115757e+03
6181	-1.124515e+03
6182	-1.118016e+03
6183	-1.129132e+03
6184	-1.148049e+03
6185	-1.147455e+03
6186	-1.136130e+03
6187	-1.155205e+03
6188	-1.118625e+03
6189	-1.111204e+03
6190	-1.112539e+03
6191	-1.118658e+03
6192	-1.133387e+03
6193	-1.096033e+03
6194	-1.133714e+03
6195	-1.122307e+03
6196	-1.129669e+03
6197	-1.131435e+03
6198	-1.125725e+03
6199	-1.134509e+03
6200	-1.132874e+03
6201	-1.130605e+03
6202	-1.132690e+03
6203	-1.125100e+03
6204	-1.115255e+03
6205	-1.135315e+03
6206	-1.111345e+03
6207	-1.132328e+03
6208	-1.130658e+03
6209	-1.114719e+03
6210	-1.126560e+03
6211	-1.113420e+03
6212	-1.140001e+03
6213	-1.144189e+03
6214	-1.131028e+03
6215	-1.123281e+03
6216	-1.114137e+03
6217	-1.128268e+03
6218	-1.106821e+03
6219	-1.139703e+03
6220	-1.153872e+03
6221	-1.108839e+03
6222	-1.124544e+03
6223	-1.123529e+03
6224	-1.144619e+03
6225	-1.116424e+03
6226	-1.094461e+03
6227	-1.111283e+03
6228	-1.114962e+03
6229	-1.126561e+03
6230	-1.137566e+03
6231	-1.117844e+03
6232	-1.129589e+03
6233	-1.143824e+03
6234	-1.110488e+03
6235	-1.143487e+03
6236	-1.132876e+03
6237	-1.123372e+03
6238	-1.131047e+03
6239	-1.135295e+03
6240	-1.126987e+03
6241	-1.119921e+03
6242	-1.110470e+03
6243	-1.121499e+03
6244	-1.134919e+03
6245	-1.137144e+03
6246	-1.133732e+03
6247	-1.121034e+03
6248	-1.126813e+03
6249	-1.110666e+03
6250	-1.136153e+03
6251	-1.143165e+03
6252	-1.113111e+03
6253	-1.129926e+03
6254	-1.112230e+03
6255	-1.137980e+03
6256	-1.112019e+03
6257	-1.129048e+03
6258	-1.109645e+03
6259	-1.111833e+03
6260	-1.131483e+03
6261	-1.126670e+03
6262	-1.124797e+03
6263	-1.117495e+03
6264	-1.148144e+03
6265	-1.113355e+03
6266	-1.155897e+03
6267	-1.135016e+03
6268	-1.134139e+03
6269	-1.124779e+03
6270	-1.135798e+03
6271	-1.126687e+03
6272	-1.125940e+03
6273	-1.122775e+03
6274	-1.130809e+03
6275	-1.125624e+03
6276	-1.116841e+03
6277	-1.121622e+03
6278	-1.115051e+03
6279	-1.100381e+03
6280	-1.133751e+03
6281	-1.105217e+03
6282	-1.125171e+03
6283	-1.135776e+03
6284	-1.127510e+03
6285	-1.108290e+03
6286	-1.121984e+03
6287	-1.125677e+03
6288	-1.141570e+03
6289	-1.125961e+03
6290	-1.120638e+03
6291	-1.125232e+03
6292	-1.127074e+03
6293	-1.120584e+03
6294	-1.136773e+03
6295	-1.138275e+03
6296	-1.153523e+03
6297	-1.116573e+03
6298	-1.106319e+03
6299	-1.119671e+03
6300	-1.112996e+03
6301	-1.135685e+03
6302	-1.123233e+03
6303	-1.113375e+03
6304	-1.127420e+03
6305	-1.109331e+03
6306	-1.130973e+03
6307	-1.111412e+03
6308	-1.129370e+03
6309	-1.100759e+03
6310	-1.131976e+03
6311	-1.095106e+03
6312	-1.126088e+03
6313	-1.118010e+03
6314	-1.140940e+03
6315	-1.148902e+03
6316	-1.132161e+03
6317	-1.134654e+03
6318	-1.125433e+03
6319	-1.135330e+03
6320	-1.120766e+03
6321	-1.131971e+03
6322	-1.121897e+03
6323	-1.149406e+03
6324	-1.137653e+03
6325	-1.114228e+03
6326	-1.136758e+03
6327	-1.141856e+03
6328	-1.124778e+03
6329	-1.141557e+03
6330	-1.126654e+03
6331	-1.146613e+03
6332	-1.133215e+03
6333	-1.125351e+03
6334	-1.135828e+03
6335	-1.103660e+03
6336	-1.123228e+03
6337	-1.126623e+03
6338	-1.139365e+03
6339	-1.132810e+03
6340	-1.129183e+03
6341	-1.114938e+03
6342	-1.094739e+03
6343	-1.121224e+03
6344	-1.120658e+03
6345	-1.117386e+03
6346	-1.118700e+03
6347	-1.144012e+03
6348	-1.126155e+03
6349	-1.119292e+03
6350	-1.119514e+03
6351	-1.106968e+03
6352	-1.134652e+03
6353	-1.141386e+03
6354	-1.132615e+03
6355	-1.109260e+03
6356	-1.131736e+03
6357	-1.134698e+03
6358	-1.141097e+03
6359	-1.154740e+03
6360	-1.108990e+03
6361	-1.150388e+03
6362	-1.136653e+03
6363	-1.128830e+03
6364	-1.137344e+03
6365	-1.126981e+03
6366	-1.137148e+03
6367	-1.117478e+03
6368	-1.130083e+03
6369	-1.113853e+03
6370	-1.139199e+03
6371	-1.142317e+03
6372	-1.119976e+03
6373	-1.111876e+03
6374	-1.139432e+03
6375	-1.141653e+03
6376	-1.127075e+03
6377	-1.119615e+03
6378	-1.129521e+03
6379	-1.116382e+03
6380	-1.117764e+03
6381	-1.115386e+03
6382	-1.133357e+03
6383	-1.122245e+03
6384	-1.146302e+03
6385	-1.111457e+03
6386	-1.112109e+03
6387	-1.130436e+03
6388	-1.140636e+03
6389	-1.140203e+03
6390	-1.133015e+03
6391	-1.129218e+03
6392	-1.127417e+03
6393	-1.121390e+03
6394	-1.138314e+03
6395	-1.116924e+03
6396	-1.124972e+03
6397	-1.147807e+03
6398	-1.131595e+03
6399	-1.117841e+03
6400	-1.132796e+03
6401	-1.136286e+03
6402	-1.118561e+03
6403	-1.122552e+03
6404	-1.135036e+03
6405	-1.115464e+03
6406	-1.140687e+03
6407	-1.135678e+03
6408	-1.097664e+03
6409	-1.133056e+03
6410	-1.133045e+03
6411	-1.121711e+03
6412	-1.152543e+03
6413	-1.145074e+03
6414	-1.143948e+03
6415	-1.122334e+03
6416	-1.117228e+03
6417	-1.111095e+03
6418	-1.127552e+03
6419	-1.128506e+03
6420	-1.115777e+03
6421	-1.143881e+03
6422	-1.114763e+03
6423	-1.121954e+03
6424	-1.131028e+03
6425	-1.134507e+03
6426	-1.135331e+03
6427	-1.121083e+03
6428	-1.128370e+03
6429	-1.120368e+03
6430	-1.120574e+03
6431	-1.137075e+03
6432	-1.143076e+03
6433	-1.120677e+03
6434	-1.124889e+03
6435	-1.119040e+03
6436	-1.129601e+03
6437	-1.144217e+03
6438	-1.153026e+03
6439	-1.137176e+03
6440	-1.144494e+03
6441	-1.137469e+03
6442	-1.151081e+03
6443	-1.114879e+03
6444	-1.127037e+03
6445	-1.123122e+03
6446	-1.150753e+03
6447	-1.135424e+03
6448	-1.133327e+03
6449	-1.131643e+03
6450	-1.153388e+03
6451	-1.126520e+03
6452	-1.105455e+03
6453	-1.130290e+03
6454	-1.114563e+03
6455	-1.134948e+03
6456	-1.125117e+03
6457	-1.134328e+03
6458	-1.114459e+03
6459	-1.132777e+03
6460	-1.106480e+03
6461	-1.121203e+03
6462	-1.155709e+03
6463	-1.134453e+03
6464	-1.112400e+03
6465	-1.120512e+03
6466	-1.129546e+03
6467	-1.123821e+03
6468	-1.139190e+03
6469	-1.112665e+03
6470	-1.091792e+03
6471	-1.131839e+03
6472	-1.130690e+03
6473	-1.131107e+03
6474	-1.117542e+03
6475	-1.128110e+03
6476	-1.137110e+03
6477	-1.117655e+03
6478	-1.101407e+03
6479	-1.124064e+03
6480	-1.114041e+03
6481	-1.113454e+03
6482	-1.130033e+03
6483	-1.134226e+03
6484	-1.114508e+03
6485	-1.106869e+03
6486	-1.105800e+03
6487	-1.144701e+03
6488	-1.124571e+03
6489	-1.127757e+03
6490	-1.163823e+03
6491	-1.136898e+03
6492	-1.121593e+03
6493	-1.120278e+03
6494	-1.147276e+03
6495	-1.116802e+03
6496	-1.124602e+03
6497	-1.136854e+03
6498	-1.127631e+03
6499	-1.117159e+03
6500	-1.104737e+03
6501	-1.130560e+03
6502	-1.131041e+03
6503	-1.135366e+03
6504	-1.131168e+03
6505	-1.142738e+03
6506	-1.131163e+03
6507	-1.112771e+03
6508	-1.129606e+03
6509	-1.121277e+03
6510	-1.118991e+03
6511	-1.107785e+03
6512	-1.120017e+03
6513	-1.135887e+03
6514	-1.125831e+03
6515	-1.135210e+03
6516	-1.121876e+03
6517	-1.140178e+03
6518	-1.126937e+03
6519	-1.137268e+03
6520	-1.122157e+03
6521	-1.094039e+03
6522	-1.120374e+03
6523	-1.117196e+03
6524	-1.116348e+03
6525	-1.135272e+03
6526	-1.140238e+03
6527	-1.147859e+03
6528	-1.128762e+03
6529	-1.139654e+03
6530	-1.129609e+03
6531	-1.121337e+03
6532	-1.115204e+03
6533	-1.124089e+03
6534	-1.131190e+03
6535	-1.129507e+03
6536	-1.130756e+03
6537	-1.138421e+03
6538	-1.100507e+03
6539	-1.128690e+03
6540	-1.132768e+03
6541	-1.113594e+03
6542	-1.132652e+03
6543	-1.138737e+03
6544	-1.129807e+03
6545	-1.131863e+03
6546	-1.113409e+03
6547	-1.123997e+03
6548	-1.134731e+03
6549	-1.109760e+03
6550	-1.129595e+03
6551	-1.125080e+03
6552	-1.144456e+03
6553	-1.108349e+03
6554	-1.125266e+03
6555	-1.146064e+03
6556	-1.145005e+03
6557	-1.129849e+03
6558	-1.128230e+03
6559	-1.128445e+03
6560	-1.128763e+03
6561	-1.137626e+03
6562	-1.125171e+03
6563	-1.135837e+03
6564	-1.107402e+03
6565	-1.127296e+03
6566	-1.116233e+03
6567	-1.122384e+03
6568	-1.123887e+03
6569	-1.132628e+03
6570	-1.127049e+03
6571	-1.114860e+03
6572	-1.121644e+03
6573	-1.125823e+03
6574	-1.130811e+03
6575	-1.133681e+03
6576	-1.140808e+03
6577	-1.134492e+03
6578	-1.125790e+03
6579	-1.127050e+03
6580	-1.140561e+03
6581	-1.125541e+03
6582	-1.124687e+03
6583	-1.137243e+03
6584	-1.131761e+03
6585	-1.124157e+03
6586	-1.125078e+03
6587	-1.112140e+03
6588	-1.130014e+03
6589	-1.150815e+03
6590	-1.121699e+03
6591	-1.115086e+03
6592	-1.129834e+03
6593	-1.117897e+03
6594	-1.124813e+03
6595	-1.115193e+03
6596	-1.114317e+03
6597	-1.117402e+03
6598	-1.110707e+03
6599	-1.124870e+03
6600	-1.135731e+03
6601	-1.132164e+03
6602	-1.126274e+03
6603	-1.134994e+03
6604	-1.139827e+03
6605	-1.128360e+03
6606	-1.118017e+03
6607	-1.115991e+03
6608	-1.131441e+03
6609	-1.131888e+03
6610	-1.133027e+03
6611	-1.124956e+03
6612	-1.124788e+03
6613	-1.121832e+03
6614	-1.124422e+03
6615	-1.139149e+03
6616	-1.140015e+03
6617	-1.110108e+03
6618	-1.107772e+03
6619	-1.136796e+03
6620	-1.120640e+03
6621	-1.131388e+03
6622	-1.126293e+03
6623	-1.115277e+03
6624	-1.132077e+03
6625	-1.116477e+03
6626	-1.134282e+03
6627	-1.136208e+03
6628	-1.122468e+03
6629	-1.111625e+03
6630	-1.139795e+03
6631	-1.128327e+03
6632	-1.135572e+03
6633	-1.115823e+03
6634	-1.125756e+03
6635	-1.128247e+03
6636	-1.134976e+03
6637	-1.125514e+03
6638	-1.131405e+03
6639	-1.093819e+03
6640	-1.124160e+03
6641	-1.123351e+03
6642	-1.135179e+03
6643	-1.138797e+03
6644	-1.147078e+03
6645	-1.139615e+03
6646	-1.128402e+03
6647	-1.131605e+03
6648	-1.128214e+03
6649	-1.135326e+03
6650	-1.118233e+03
6651	-1.119447e+03
6652	-1.130818e+03
6653	-1.122620e+03
6654	-1.120904e+03
6655	-1.132982e+03
6656	-1.120825e+03
6657	-1.142269e+03
6658	-1.124552e+03
6659	-1.125983e+03
6660	-1.127634e+03
6661	-1.121549e+03
6662	-1.131708e+03
6663	-1.142912e+03
6664	-1.120276e+03
6665	-1.115813e+03
6666	-1.119211e+03
6667	-1.123434e+03
6668	-1.102347e+03
6669	-1.095551e+03
6670	-1.121276e+03
6671	-1.137044e+03
6672	-1.123872e+03
6673	-1.131050e+03
6674	-1.139044e+03
6675	-1.127824e+03
6676	-1.127199e+03
6677	-1.119851e+03
6678	-1.139760e+03
6679	-1.137646e+03
6680	-1.131242e+03
6681	-1.130256e+03
6682	-1.127223e+03
6683	-1.130947e+03
6684	-1.129573e+03
6685	-1.121154e+03
6686	-1.127715e+03
6687	-1.117868e+03
6688	-1.123145e+03
6689	-1.115262e+03
6690	-1.116781e+03
6691	-1.132463e+03
6692	-1.134127e+03
6693	-1.118588e+03
6694	-1.134232e+03
6695	-1.122536e+03
6696	-1.138061e+03
6697	-1.134625e+03
6698	-1.101233e+03
6699	-1.127906e+03
6700	-1.130603e+03
6701	-1.106681e+03
6702	-1.137941e+03
6703	-1.128261e+03
6704	-1.135362e+03
6705	-1.140980e+03
6706	-1.137804e+03
6707	-1.119395e+03
6708	-1.105994e+03
6709	-1.124039e+03
6710	-1.133261e+03
6711	-1.122708e+03
6712	-1.125021e+03
6713	-1.131311e+03
6714	-1.127877e+03
6715	-1.116987e+03
6716	-1.149847e+03
6717	-1.123124e+03
6718	-1.115906e+03
6719	-1.137100e+03
6720	-1.131661e+03
6721	-1.107706e+03
6722	-1.126338e+03
6723	-1.128801e+03
6724	-1.130337e+03
6725	-1.149049e+03
6726	-1.125165e+03
6727	-1.138946e+03
6728	-1.137556e+03
6729	-1.123192e+03
6730	-1.115233e+03
6731	-1.125165e+03
6732	-1.116051e+03
6733	-1.114454e+03
6734	-1.117854e+03
6735	-1.111256e+03
6736	-1.120733e+03
6737	-1.117887e+03
6738	-1.146389e+03
6739	-1.113224e+03
6740	-1.143121e+03
6741	-1.119935e+03
6742	-1.124341e+03
6743	-1.125458e+03
6744	-1.145654e+03
6745	-1.128961e+03
6746	-1.138785e+03
6747	-1.134548e+03
6748	-1.120483e+03
6749	-1.119102e+03
6750	-1.133213e+03
6751	-1.122880e+03
6752	-1.145494e+03
6753	-1.144361e+03
6754	-1.129063e+03
6755	-1.132427e+03
6756	-1.131513e+03
6757	-1.143590e+03
6758	-1.125578e+03
6759	-1.122004e+03
6760	-1.119542e+03
6761	-1.113231e+03
6762	-1.139262e+03
6763	-1.116562e+03
6764	-1.116604e+03
6765	-1.125273e+03
6766	-1.101588e+03
6767	-1.131597e+03
6768	-1.151245e+03
6769	-1.125522e+03
6770	-1.123145e+03
6771	-1.127806e+03
6772	-1.112557e+03
6773	-1.107662e+03
6774	-1.142531e+03
6775	-1.120343e+03
6776	-1.131205e+03
6777	-1.126442e+03
6778	-1.121547e+03
6779	-1.120464e+03
6780	-1.108063e+03
6781	-1.120109e+03
6782	-1.126678e+03
6783	-1.123417e+03
6784	-1.114222e+03
6785	-1.137001e+03
6786	-1.134197e+03
6787	-1.116050e+03
6788	-1.130437e+03
6789	-1.127241e+03
6790	-1.134462e+03
6791	-1.142055e+03
6792	-1.138266e+03
6793	-1.132477e+03
6794	-1.125291e+03
6795	-1.141337e+03
6796	-1.135662e+03
6797	-1.123147e+03
6798	-1.136783e+03
6799	-1.124764e+03
6800	-1.132121e+03
6801	-1.131091e+03
6802	-1.134292e+03
6803	-1.129168e+03
6804	-1.137208e+03
6805	-1.117004e+03
6806	-1.113184e+03
6807	-1.136924e+03
6808	-1.130555e+03
6809	-1.125488e+03
6810	-1.125169e+03
6811	-1.117977e+03
6812	-1.117645e+03
6813	-1.135524e+03
6814	-1.102299e+03
6815	-1.132966e+03
6816	-1.132386e+03
6817	-1.116904e+03
6818	-1.096936e+03
6819	-1.141717e+03
6820	-1.128487e+03
6821	-1.128117e+03
6822	-1.144416e+03
6823	-1.162884e+03
6824	-1.129862e+03
6825	-1.140213e+03
6826	-1.119909e+03
6827	-1.144498e+03
6828	-1.125146e+03
6829	-1.126933e+03
6830	-1.109926e+03
6831	-1.140703e+03
6832	-1.133342e+03
6833	-1.129809e+03
6834	-1.125392e+03
6835	-1.125371e+03
6836	-1.129227e+03
6837	-1.126599e+03
6838	-1.122926e+03
6839	-1.151754e+03
6840	-1.126661e+03
6841	-1.131863e+03
6842	-1.124365e+03
6843	-1.119140e+03
6844	-1.127710e+03
6845	-1.119209e+03
6846	-1.127828e+03
6847	-1.138727e+03
6848	-1.130199e+03
6849	-1.114025e+03
6850	-1.132673e+03
6851	-1.131797e+03
6852	-1.124970e+03
6853	-1.112801e+03
6854	-1.142699e+03
6855	-1.124971e+03
6856	-1.124231e+03
6857	-1.126511e+03
6858	-1.134106e+03
6859	-1.137125e+03
6860	-1.130073e+03
6861	-1.119550e+03
6862	-1.131875e+03
6863	-1.127273e+03
6864	-1.117934e+03
6865	-1.133234e+03
6866	-1.128855e+03
6867	-1.121873e+03
6868	-1.142541e+03
6869	-1.135530e+03
6870	-1.137314e+03
6871	-1.116734e+03
6872	-1.156673e+03
6873	-1.147559e+03
6874	-1.137789e+03
6875	-1.131254e+03
6876	-1.134496e+03
6877	-1.128405e+03
6878	-1.102983e+03
6879	-1.159106e+03
6880	-1.121592e+03
6881	-1.129276e+03
6882	-1.115843e+03
6883	-1.133775e+03
6884	-1.123072e+03
6885	-1.101685e+03
6886	-1.124022e+03
6887	-1.101332e+03
6888	-1.129623e+03
6889	-1.147656e+03
6890	-1.124988e+03
6891	-1.105256e+03
6892	-1.122040e+03
6893	-1.122928e+03
6894	-1.128421e+03
6895	-1.146192e+03
6896	-1.115055e+03
6897	-1.143540e+03
6898	-1.124890e+03
6899	-1.125086e+03
6900	-1.126545e+03
6901	-1.127053e+03
6902	-1.143718e+03
6903	-1.124419e+03
6904	-1.149137e+03
6905	-1.145074e+03
6906	-1.120581e+03
6907	-1.132395e+03
6908	-1.130944e+03
6909	-1.132820e+03
6910	-1.134287e+03
6911	-1.129003e+03
6912	-1.121051e+03
6913	-1.127424e+03
6914	-1.138134e+03
6915	-1.147176e+03
6916	-1.121030e+03
6917	-1.117646e+03
6918	-1.127063e+03
6919	-1.128446e+03
6920	-1.116905e+03
6921	-1.135982e+03
6922	-1.134889e+03
6923	-1.130135e+03
6924	-1.130961e+03
6925	-1.127349e+03
6926	-1.101646e+03
6927	-1.124560e+03
6928	-1.115240e+03
6929	-1.146062e+03
6930	-1.122629e+03
6931	-1.117953e+03
6932	-1.147596e+03
6933	-1.123036e+03
6934	-1.121915e+03
6935	-1.117075e+03
6936	-1.117957e+03
6937	-1.128880e+03
6938	-1.132967e+03
6939	-1.136826e+03
6940	-1.113513e+03
6941	-1.134928e+03
6942	-1.136976e+03
6943	-1.147185e+03
6944	-1.124789e+03
6945	-1.135417e+03
6946	-1.127368e+03
6947	-1.130024e+03
6948	-1.131344e+03
6949	-1.142905e+03
6950	-1.122980e+03
6951	-1.135710e+03
6952	-1.128489e+03
6953	-1.122691e+03
6954	-1.145932e+03
6955	-1.132111e+03
6956	-1.115879e+03
6957	-1.139611e+03
6958	-1.135027e+03
6959	-1.118949e+03
6960	-1.146101e+03
6961	-1.139413e+03
6962	-1.129880e+03
6963	-1.125433e+03
6964	-1.125956e+03
6965	-1.126502e+03
6966	-1.118285e+03
6967	-1.126192e+03
6968	-1.132329e+03
6969	-1.123792e+03
6970	-1.109977e+03
6971	-1.134228e+03
6972	-1.131269e+03
6973	-1.146772e+03
6974	-1.135425e+03
6975	-1.108735e+03
6976	-1.101430e+03
6977	-1.136045e+03
6978	-1.116619e+03
6979	-1.138057e+03
6980	-1.126172e+03
6981	-1.119170e+03
6982	-1.134498e+03
6983	-1.112269e+03
6984	-1.119763e+03
6985	-1.143540e+03
6986	-1.125131e+03
6987	-1.126939e+03
6988	-1.143322e+03
6989	-1.117266e+03
6990	-1.129781e+03
6991	-1.126427e+03
6992	-1.130037e+03
6993	-1.118850e+03
6994	-1.143203e+03
6995	-1.127481e+03
6996	-1.133589e+03
6997	-1.137375e+03
6998	-1.130186e+03
6999	-1.127448e+03
7000	-1.129561e+03
7001	-1.108052e+03
7002	-1.124660e+03
7003	-1.135793e+03
7004	-1.119372e+03
7005	-1.116203e+03
7006	-1.117537e+03
7007	-1.120195e+03
7008	-1.142401e+03
7009	-1.124151e+03
7010	-1.117674e+03
7011	-1.143423e+03
7012	-1.113719e+03
7013	-1.113401e+03
7014	-1.102779e+03
7015	-1.112764e+03
7016	-1.123461e+03
7017	-1.124564e+03
7018	-1.142542e+03
7019	-1.119477e+03
7020	-1.142356e+03
7021	-1.129250e+03
7022	-1.134641e+03
7023	-1.122815e+03
7024	-1.122068e+03
7025	-1.121124e+03
7026	-1.115746e+03
7027	-1.115079e+03
7028	-1.118037e+03
7029	-1.117826e+03
7030	-1.141417e+03
7031	-1.113801e+03
7032	-1.132176e+03
7033	-1.149329e+03
7034	-1.104488e+03
7035	-1.133772e+03
7036	-1.131436e+03
7037	-1.103399e+03
7038	-1.119052e+03
7039	-1.131214e+03
7040	-1.128619e+03
7041	-1.143854e+03
7042	-1.136271e+03
7043	-1.125354e+03
7044	-1.110983e+03
7045	-1.121571e+03
7046	-1.118636e+03
7047	-1.107992e+03
7048	-1.151942e+03
7049	-1.136606e+03
7050	-1.126658e+03
7051	-1.136786e+03
7052	-1.135669e+03
7053	-1.141151e+03
7054	-1.129526e+03
7055	-1.129495e+03
7056	-1.130533e+03
7057	-1.130156e+03
7058	-1.119393e+03
7059	-1.121038e+03
7060	-1.130005e+03
7061	-1.124451e+03
7062	-1.116798e+03
7063	-1.123140e+03
7064	-1.130238e+03
7065	-1.129538e+03
7066	-1.111460e+03
7067	-1.140311e+03
7068	-1.120110e+03
7069	-1.122987e+03
7070	-1.123094e+03
7071	-1.130587e+03
7072	-1.121870e+03
7073	-1.147028e+03
7074	-1.139437e+03
7075	-1.104556e+03
7076	-1.152535e+03
7077	-1.129326e+03
7078	-1.138337e+03
7079	-1.118072e+03
7080	-1.144949e+03
7081	-1.118217e+03
7082	-1.137594e+03
7083	-1.140178e+03
7084	-1.119794e+03
7085	-1.138191e+03
7086	-1.121835e+03
7087	-1.140687e+03
7088	-1.125868e+03
7089	-1.126588e+03
7090	-1.119528e+03
7091	-1.138357e+03
7092	-1.117494e+03
7093	-1.139970e+03
7094	-1.115744e+03
7095	-1.131045e+03
7096	-1.112009e+03
7097	-1.120056e+03
7098	-1.120779e+03
7099	-1.122055e+03
7100	-1.129194e+03
7101	-1.131086e+03
7102	-1.123137e+03
7103	-1.147608e+03
7104	-1.126246e+03
7105	-1.125671e+03
7106	-1.115364e+03
7107	-1.125740e+03
7108	-1.130493e+03
7109	-1.121431e+03
7110	-1.120008e+03
7111	-1.129220e+03
7112	-1.106214e+03
7113	-1.131293e+03
7114	-1.128296e+03
7115	-1.134094e+03
7116	-1.116368e+03
7117	-1.124473e+03
7118	-1.114271e+03
7119	-1.112128e+03
7120	-1.125846e+03
7121	-1.117430e+03
7122	-1.116284e+03
7123	-1.113469e+03
7124	-1.137444e+03
7125	-1.128726e+03
7126	-1.122696e+03
7127	-1.120068e+03
7128	-1.129781e+03
7129	-1.137503e+03
7130	-1.121270e+03
7131	-1.121766e+03
7132	-1.123176e+03
7133	-1.139864e+03
7134	-1.143445e+03
7135	-1.135944e+03
7136	-1.118616e+03
7137	-1.111875e+03
7138	-1.150682e+03
7139	-1.112665e+03
7140	-1.119941e+03
7141	-1.125876e+03
7142	-1.148401e+03
7143	-1.123747e+03
7144	-1.125534e+03
7145	-1.144595e+03
7146	-1.120856e+03
7147	-1.128052e+03
7148	-1.115260e+03
7149	-1.127408e+03
7150	-1.118163e+03
7151	-1.109323e+03
7152	-1.131461e+03
7153	-1.134798e+03
7154	-1.113186e+03
7155	-1.130157e+03
7156	-1.133806e+03
7157	-1.128180e+03
7158	-1.116842e+03
7159	-1.140692e+03
7160	-1.139884e+03
7161	-1.130898e+03
7162	-1.137956e+03
7163	-1.116441e+03
7164	-1.123542e+03
7165	-1.127935e+03
7166	-1.100414e+03
7167	-1.150448e+03
7168	-1.128591e+03
7169	-1.133045e+03
7170	-1.142951e+03
7171	-1.141804e+03
7172	-1.127120e+03
7173	-1.131278e+03
7174	-1.128503e+03
7175	-1.132338e+03
7176	-1.118295e+03
7177	-1.134707e+03
7178	-1.122034e+03
7179	-1.141951e+03
7180	-1.125657e+03
7181	-1.130210e+03
7182	-1.118583e+03
7183	-1.126698e+03
7184	-1.134097e+03
7185	-1.119606e+03
7186	-1.133313e+03
7187	-1.118834e+03
7188	-1.142476e+03
7189	-1.147165e+03
7190	-1.109925e+03
7191	-1.101830e+03
7192	-1.129018e+03
7193	-1.130540e+03
7194	-1.131545e+03
7195	-1.134467e+03
7196	-1.136364e+03
7197	-1.124751e+03
7198	-1.149308e+03
7199	-1.141187e+03
7200	-1.139678e+03
7201	-1.129569e+03
7202	-1.105287e+03
7203	-1.137943e+03
7204	-1.128610e+03
7205	-1.117864e+03
7206	-1.120317e+03
7207	-1.125619e+03
7208	-1.136590e+03
7209	-1.127210e+03
7210	-1.113127e+03
7211	-1.150014e+03
7212	-1.136447e+03
7213	-1.136515e+03
7214	-1.141053e+03
7215	-1.136477e+03
7216	-1.121608e+03
7217	-1.119986e+03
7218	-1.111975e+03
7219	-1.120022e+03
7220	-1.140003e+03
7221	-1.125809e+03
7222	-1.120180e+03
7223	-1.118929e+03
7224	-1.123699e+03
7225	-1.121277e+03
7226	-1.133949e+03
7227	-1.135868e+03
7228	-1.110374e+03
7229	-1.132792e+03
7230	-1.126007e+03
7231	-1.121330e+03
7232	-1.110044e+03
7233	-1.129989e+03
7234	-1.123882e+03
7235	-1.123784e+03
7236	-1.115780e+03
7237	-1.105891e+03
7238	-1.126273e+03
7239	-1.140823e+03
7240	-1.115735e+03
7241	-1.128759e+03
7242	-1.125544e+03
7243	-1.125645e+03
7244	-1.127456e+03
7245	-1.125109e+03
7246	-1.121545e+03
7247	-1.128818e+03
7248	-1.147798e+03
7249	-1.108619e+03
7250	-1.141637e+03
7251	-1.117727e+03
7252	-1.144004e+03
7253	-1.121123e+03
7254	-1.122966e+03
7255	-1.137005e+03
7256	-1.145123e+03
7257	-1.117590e+03
7258	-1.118757e+03
7259	-1.145393e+03
7260	-1.157281e+03
7261	-1.124408e+03
7262	-1.133850e+03
7263	-1.103983e+03
7264	-1.111406e+03
7265	-1.123950e+03
7266	-1.142896e+03
7267	-1.127063e+03
7268	-1.110247e+03
7269	-1.119282e+03
7270	-1.134105e+03
7271	-1.122589e+03
7272	-1.134010e+03
7273	-1.118947e+03
7274	-1.128168e+03
7275	-1.103507e+03
7276	-1.120129e+03
7277	-1.132243e+03
7278	-1.106261e+03
7279	-1.121324e+03
7280	-1.140049e+03
7281	-1.137389e+03
7282	-1.146544e+03
7283	-1.160553e+03
7284	-1.121608e+03
7285	-1.131784e+03
7286	-1.113867e+03
7287	-1.125280e+03
7288	-1.129502e+03
7289	-1.132148e+03
7290	-1.136017e+03
7291	-1.143513e+03
7292	-1.132007e+03
7293	-1.120814e+03
7294	-1.124878e+03
7295	-1.139860e+03
7296	-1.124694e+03
7297	-1.131848e+03
7298	-1.123731e+03
7299	-1.137696e+03
7300	-1.116838e+03
7301	-1.117505e+03
7302	-1.141541e+03
7303	-1.124880e+03
7304	-1.121823e+03
7305	-1.136477e+03
7306	-1.130998e+03
7307	-1.118695e+03
7308	-1.132750e+03
7309	-1.146797e+03
7310	-1.117296e+03
7311	-1.138003e+03
7312	-1.134170e+03
7313	-1.123233e+03
7314	-1.133556e+03
7315	-1.122246e+03
7316	-1.126117e+03
7317	-1.137400e+03
7318	-1.121588e+03
7319	-1.128231e+03
7320	-1.121809e+03
7321	-1.131598e+03
7322	-1.116041e+03
7323	-1.130219e+03
7324	-1.116550e+03
7325	-1.121560e+03
7326	-1.127835e+03
7327	-1.137013e+03
7328	-1.118573e+03
7329	-1.113966e+03
7330	-1.127375e+03
7331	-1.112548e+03
7332	-1.116910e+03
7333	-1.115095e+03
7334	-1.130993e+03
7335	-1.152425e+03
7336	-1.115456e+03
7337	-1.142817e+03
7338	-1.139340e+03
7339	-1.121310e+03
7340	-1.157159e+03
7341	-1.148958e+03
7342	-1.129671e+03
7343	-1.125154e+03
7344	-1.124197e+03
7345	-1.109466e+03
7346	-1.119158e+03
7347	-1.144993e+03
7348	-1.118083e+03
7349	-1.151934e+03
7350	-1.133168e+03
7351	-1.136939e+03
7352	-1.112603e+03
7353	-1.125060e+03
7354	-1.139715e+03
7355	-1.117347e+03
7356	-1.133166e+03
7357	-1.127602e+03
7358	-1.124273e+03
7359	-1.127693e+03
7360	-1.136922e+03
7361	-1.113533e+03
7362	-1.129825e+03
7363	-1.141349e+03
7364	-1.124023e+03
7365	-1.113801e+03
7366	-1.137360e+03
7367	-1.111146e+03
7368	-1.132888e+03
7369	-1.104485e+03
7370	-1.137608e+03
7371	-1.125923e+03
7372	-1.138117e+03
7373	-1.133629e+03
7374	-1.148295e+03
7375	-1.138274e+03
7376	-1.109951e+03
7377	-1.141445e+03
7378	-1.125205e+03
7379	-1.129002e+03
7380	-1.119807e+03
7381	-1.127783e+03
7382	-1.104239e+03
7383	-1.121322e+03
7384	-1.119466e+03
7385	-1.127462e+03
7386	-1.152355e+03
7387	-1.149494e+03
7388	-1.127755e+03
7389	-1.133066e+03
7390	-1.126886e+03
7391	-1.136836e+03
7392	-1.132096e+03
7393	-1.120937e+03
7394	-1.153694e+03
7395	-1.120898e+03
7396	-1.144925e+03
7397	-1.135485e+03
7398	-1.130126e+03
7399	-1.136003e+03
7400	-1.132152e+03
7401	-1.141118e+03
7402	-1.137335e+03
7403	-1.119541e+03
7404	-1.124432e+03
7405	-1.145833e+03
7406	-1.141310e+03
7407	-1.132314e+03
7408	-1.146940e+03
7409	-1.123432e+03
7410	-1.127292e+03
7411	-1.129229e+03
7412	-1.132605e+03
7413	-1.125297e+03
7414	-1.138629e+03
7415	-1.125282e+03
7416	-1.129415e+03
7417	-1.118606e+03
7418	-1.136900e+03
7419	-1.131584e+03
7420	-1.130141e+03
7421	-1.113451e+03
7422	-1.124789e+03
7423	-1.137321e+03
7424	-1.130316e+03
7425	-1.118697e+03
7426	-1.131800e+03
7427	-1.120656e+03
7428	-1.127750e+03
7429	-1.129883e+03
7430	-1.129146e+03
7431	-1.135116e+03
7432	-1.134809e+03
7433	-1.135597e+03
7434	-1.130624e+03
7435	-1.143487e+03
7436	-1.145284e+03
7437	-1.134433e+03
7438	-1.126678e+03
7439	-1.122769e+03
7440	-1.119727e+03
7441	-1.142112e+03
7442	-1.141850e+03
7443	-1.135259e+03
7444	-1.106377e+03
7445	-1.129056e+03
7446	-1.129399e+03
7447	-1.114544e+03
7448	-1.145130e+03
7449	-1.130548e+03
7450	-1.127171e+03
7451	-1.124245e+03
7452	-1.124491e+03
7453	-1.110015e+03
7454	-1.109135e+03
7455	-1.129444e+03
7456	-1.136554e+03
7457	-1.127792e+03
7458	-1.134103e+03
7459	-1.139586e+03
7460	-1.137774e+03
7461	-1.122410e+03
7462	-1.131412e+03
7463	-1.132445e+03
7464	-1.139764e+03
7465	-1.116152e+03
7466	-1.150079e+03
7467	-1.146840e+03
7468	-1.121503e+03
7469	-1.132007e+03
7470	-1.101053e+03
7471	-1.115491e+03
7472	-1.138893e+03
7473	-1.130874e+03
7474	-1.121859e+03
7475	-1.105745e+03
7476	-1.129514e+03
7477	-1.130610e+03
7478	-1.126748e+03
7479	-1.134350e+03
7480	-1.123648e+03
7481	-1.136509e+03
7482	-1.124089e+03
7483	-1.131650e+03
7484	-1.123714e+03
7485	-1.126801e+03
7486	-1.126985e+03
7487	-1.129005e+03
7488	-1.136083e+03
7489	-1.137101e+03
7490	-1.124572e+03
7491	-1.126790e+03
7492	-1.140115e+03
7493	-1.135955e+03
7494	-1.104714e+03
7495	-1.125144e+03
7496	-1.119888e+03
7497	-1.121190e+03
7498	-1.134666e+03
7499	-1.122167e+03
7500	-1.132422e+03
7501	-1.126105e+03
7502	-1.105538e+03
7503	-1.124189e+03
7504	-1.122949e+03
7505	-1.124103e+03
7506	-1.122248e+03
7507	-1.133476e+03
7508	-1.132131e+03
7509	-1.132686e+03
7510	-1.120320e+03
7511	-1.124563e+03
7512	-1.136403e+03
7513	-1.136755e+03
7514	-1.135951e+03
7515	-1.127273e+03
7516	-1.112848e+03
7517	-1.121582e+03
7518	-1.112598e+03
7519	-1.125625e+03
7520	-1.134751e+03
7521	-1.138337e+03
7522	-1.129277e+03
7523	-1.105986e+03
7524	-1.145657e+03
7525	-1.132961e+03
7526	-1.125996e+03
7527	-1.130040e+03
7528	-1.112111e+03
7529	-1.109030e+03
7530	-1.143556e+03
7531	-1.127955e+03
7532	-1.124811e+03
7533	-1.113730e+03
7534	-1.126566e+03
7535	-1.129009e+03
7536	-1.141755e+03
7537	-1.128043e+03
7538	-1.107452e+03
7539	-1.141963e+03
7540	-1.120214e+03
7541	-1.116516e+03
7542	-1.128251e+03
7543	-1.135736e+03
7544	-1.117813e+03
7545	-1.107682e+03
7546	-1.123131e+03
7547	-1.127973e+03
7548	-1.136936e+03
7549	-1.113225e+03
7550	-1.116488e+03
7551	-1.116505e+03
7552	-1.125154e+03
7553	-1.130021e+03
7554	-1.130687e+03
7555	-1.131784e+03
7556	-1.111343e+03
7557	-1.120787e+03
7558	-1.121765e+03
7559	-1.124217e+03
7560	-1.113112e+03
7561	-1.108996e+03
7562	-1.137221e+03
7563	-1.134643e+03
7564	-1.110023e+03
7565	-1.129499e+03
7566	-1.138587e+03
7567	-1.139137e+03
7568	-1.120140e+03
7569	-1.115866e+03
7570	-1.146850e+03
7571	-1.113982e+03
7572	-1.117485e+03
7573	-1.133639e+03
7574	-1.125062e+03
7575	-1.141971e+03
7576	-1.120227e+03
7577	-1.128633e+03
7578	-1.125879e+03
7579	-1.130317e+03
7580	-1.127868e+03
7581	-1.145442e+03
7582	-1.117571e+03
7583	-1.126347e+03
7584	-1.132924e+03
7585	-1.132049e+03
7586	-1.121283e+03
7587	-1.125273e+03
7588	-1.136795e+03
7589	-1.130677e+03
7590	-1.131269e+03
7591	-1.136708e+03
7592	-1.103391e+03
7593	-1.112273e+03
7594	-1.140815e+03
7595	-1.139914e+03
7596	-1.135860e+03
7597	-1.150096e+03
7598	-1.150403e+03
7599	-1.117934e+03
7600	-1.134604e+03
7601	-1.138330e+03
7602	-1.140266e+03
7603	-1.132622e+03
7604	-1.146892e+03
7605	-1.123955e+03
7606	-1.124359e+03
7607	-1.124737e+03
7608	-1.120987e+03
7609	-1.124807e+03
7610	-1.121725e+03
7611	-1.115177e+03
7612	-1.121461e+03
7613	-1.144308e+03
7614	-1.114600e+03
7615	-1.131140e+03
7616	-1.130432e+03
7617	-1.140181e+03
7618	-1.115779e+03
7619	-1.113736e+03
7620	-1.112349e+03
7621	-1.114808e+03
7622	-1.147794e+03
7623	-1.125446e+03
7624	-1.114333e+03
7625	-1.122431e+03
7626	-1.131554e+03
7627	-1.103111e+03
7628	-1.122116e+03
7629	-1.142042e+03
7630	-1.124635e+03
7631	-1.135679e+03
7632	-1.132456e+03
7633	-1.121182e+03
7634	-1.131058e+03
7635	-1.121992e+03
7636	-1.133238e+03
7637	-1.138045e+03
7638	-1.119701e+03
7639	-1.129863e+03
7640	-1.128323e+03
7641	-1.117669e+03
7642	-1.146086e+03
7643	-1.137850e+03
7644	-1.124731e+03
7645	-1.116301e+03
7646	-1.150800e+03
7647	-1.138294e+03
7648	-1.146046e+03
7649	-1.111289e+03
7650	-1.123375e+03
7651	-1.122838e+03
7652	-1.150033e+03
7653	-1.119332e+03
7654	-1.139519e+03
7655	-1.127415e+03
7656	-1.108460e+03
7657	-1.126030e+03
7658	-1.129627e+03
7659	-1.140013e+03
7660	-1.131156e+03
7661	-1.123648e+03
7662	-1.118098e+03
7663	-1.127214e+03
7664	-1.130957e+03
7665	-1.115731e+03
7666	-1.123716e+03
7667	-1.150139e+03
7668	-1.134890e+03
7669	-1.125079e+03
7670	-1.131777e+03
7671	-1.132747e+03
7672	-1.148027e+03
7673	-1.128240e+03
7674	-1.114822e+03
7675	-1.136732e+03
7676	-1.139182e+03
7677	-1.117907e+03
7678	-1.129271e+03
7679	-1.123473e+03
7680	-1.124422e+03
7681	-1.138654e+03
7682	-1.122596e+03
7683	-1.114656e+03
7684	-1.128991e+03
7685	-1.125270e+03
7686	-1.140331e+03
7687	-1.129182e+03
7688	-1.125714e+03
7689	-1.121907e+03
7690	-1.133595e+03
7691	-1.126057e+03
7692	-1.118433e+03
7693	-1.117626e+03
7694	-1.134159e+03
7695	-1.128974e+03
7696	-1.112091e+03
7697	-1.132736e+03
7698	-1.118551e+03
7699	-1.117289e+03
7700	-1.126203e+03
7701	-1.139382e+03
7702	-1.143314e+03
7703	-1.116278e+03
7704	-1.130930e+03
7705	-1.127195e+03
7706	-1.133185e+03
7707	-1.111806e+03
7708	-1.126973e+03
7709	-1.110642e+03
7710	-1.131485e+03
7711	-1.132302e+03
7712	-1.120516e+03
7713	-1.127230e+03
7714	-1.120323e+03
7715	-1.125269e+03
7716	-1.133822e+03
7717	-1.136377e+03
7718	-1.144012e+03
7719	-1.131759e+03
7720	-1.141777e+03
7721	-1.136013e+03
7722	-1.144360e+03
7723	-1.119058e+03
7724	-1.125451e+03
7725	-1.119908e+03
7726	-1.124732e+03
7727	-1.100854e+03
7728	-1.118536e+03
7729	-1.130326e+03
7730	-1.129181e+03
7731	-1.114263e+03
7732	-1.126562e+03
7733	-1.125764e+03
7734	-1.133817e+03
7735	-1.124911e+03
7736	-1.120965e+03
7737	-1.129630e+03
7738	-1.132842e+03
7739	-1.118115e+03
7740	-1.122565e+03
7741	-1.116081e+03
7742	-1.133929e+03
7743	-1.126725e+03
7744	-1.136716e+03
7745	-1.139662e+03
7746	-1.126445e+03
7747	-1.127141e+03
7748	-1.114191e+03
7749	-1.137458e+03
7750	-1.128572e+03
7751	-1.153106e+03
7752	-1.122607e+03
7753	-1.146130e+03
7754	-1.131587e+03
7755	-1.147732e+03
7756	-1.146895e+03
7757	-1.120768e+03
7758	-1.110011e+03
7759	-1.131747e+03
7760	-1.112634e+03
7761	-1.136709e+03
7762	-1.126279e+03
7763	-1.144923e+03
7764	-1.150159e+03
7765	-1.138368e+03
7766	-1.115645e+03
7767	-1.123124e+03
7768	-1.125344e+03
7769	-1.141741e+03
7770	-1.137295e+03
7771	-1.137399e+03
7772	-1.132965e+03
7773	-1.127520e+03
7774	-1.121570e+03
7775	-1.126041e+03
7776	-1.105577e+03
7777	-1.130198e+03
7778	-1.147015e+03
7779	-1.143372e+03
7780	-1.114201e+03
7781	-1.132613e+03
7782	-1.132560e+03
7783	-1.123511e+03
7784	-1.120549e+03
7785	-1.121792e+03
7786	-1.113956e+03
7787	-1.122546e+03
7788	-1.114239e+03
7789	-1.119851e+03
7790	-1.148610e+03
7791	-1.129171e+03
7792	-1.127196e+03
7793	-1.145212e+03
7794	-1.118129e+03
7795	-1.118131e+03
7796	-1.123299e+03
7797	-1.115787e+03
7798	-1.133068e+03
7799	-1.143952e+03
7800	-1.134037e+03
7801	-1.119021e+03
7802	-1.135945e+03
7803	-1.122209e+03
7804	-1.145687e+03
7805	-1.131433e+03
7806	-1.156253e+03
7807	-1.138667e+03
7808	-1.129498e+03
7809	-1.138656e+03
7810	-1.136072e+03
7811	-1.121532e+03
7812	-1.128378e+03
7813	-1.129134e+03
7814	-1.117458e+03
7815	-1.120547e+03
7816	-1.124079e+03
7817	-1.136455e+03
7818	-1.106623e+03
7819	-1.133365e+03
7820	-1.116500e+03
7821	-1.153951e+03
7822	-1.122665e+03
7823	-1.125400e+03
7824	-1.126874e+03
7825	-1.115624e+03
7826	-1.135705e+03
7827	-1.131509e+03
7828	-1.122827e+03
7829	-1.138637e+03
7830	-1.120852e+03
7831	-1.127543e+03
7832	-1.130069e+03
7833	-1.132745e+03
7834	-1.097009e+03
7835	-1.110251e+03
7836	-1.128826e+03
7837	-1.125177e+03
7838	-1.113649e+03
7839	-1.125008e+03
7840	-1.127151e+03
7841	-1.142138e+03
7842	-1.137282e+03
7843	-1.115268e+03
7844	-1.131494e+03
7845	-1.109756e+03
7846	-1.139599e+03
7847	-1.125840e+03
7848	-1.125909e+03
7849	-1.122999e+03
7850	-1.128796e+03
7851	-1.134464e+03
7852	-1.138405e+03
7853	-1.133574e+03
7854	-1.120838e+03
7855	-1.112422e+03
7856	-1.120843e+03
7857	-1.124318e+03
7858	-1.120880e+03
7859	-1.120383e+03
7860	-1.129652e+03
7861	-1.115391e+03
7862	-1.131084e+03
7863	-1.120143e+03
7864	-1.125580e+03
7865	-1.135492e+03
7866	-1.107833e+03
7867	-1.140392e+03
7868	-1.129114e+03
7869	-1.108566e+03
7870	-1.130364e+03
7871	-1.136968e+03
7872	-1.130987e+03
7873	-1.123773e+03
7874	-1.126143e+03
7875	-1.124082e+03
7876	-1.118948e+03
7877	-1.119011e+03
7878	-1.120503e+03
7879	-1.137243e+03
7880	-1.150362e+03
7881	-1.137029e+03
7882	-1.128765e+03
7883	-1.149266e+03
7884	-1.114978e+03
7885	-1.127416e+03
7886	-1.147125e+03
7887	-1.106169e+03
7888	-1.135327e+03
7889	-1.114181e+03
7890	-1.132084e+03
7891	-1.121156e+03
7892	-1.111800e+03
7893	-1.122417e+03
7894	-1.137023e+03
7895	-1.140198e+03
7896	-1.111597e+03
7897	-1.133326e+03
7898	-1.122378e+03
7899	-1.115183e+03
7900	-1.139346e+03
7901	-1.123567e+03
7902	-1.146823e+03
7903	-1.139465e+03
7904	-1.127712e+03
7905	-1.141140e+03
7906	-1.116369e+03
7907	-1.143173e+03
7908	-1.139381e+03
7909	-1.125345e+03
7910	-1.119972e+03
7911	-1.130376e+03
7912	-1.139096e+03
7913	-1.120465e+03
7914	-1.133000e+03
7915	-1.111084e+03
7916	-1.132831e+03
7917	-1.129537e+03
7918	-1.135476e+03
7919	-1.136064e+03
7920	-1.143350e+03
7921	-1.119626e+03
7922	-1.119107e+03
7923	-1.129950e+03
7924	-1.134556e+03
7925	-1.129452e+03
7926	-1.121397e+03
7927	-1.099824e+03
7928	-1.123387e+03
7929	-1.122336e+03
7930	-1.110938e+03
7931	-1.117968e+03
7932	-1.127512e+03
7933	-1.148689e+03
7934	-1.133883e+03
7935	-1.118119e+03
7936	-1.117382e+03
7937	-1.146197e+03
7938	-1.121979e+03
7939	-1.138255e+03
7940	-1.155739e+03
7941	-1.139368e+03
7942	-1.120286e+03
7943	-1.118696e+03
7944	-1.137847e+03
7945	-1.121842e+03
7946	-1.135946e+03
7947	-1.125361e+03
7948	-1.137472e+03
7949	-1.136434e+03
7950	-1.112075e+03
7951	-1.128325e+03
7952	-1.124585e+03
7953	-1.125121e+03
7954	-1.114798e+03
7955	-1.139131e+03
7956	-1.123690e+03
7957	-1.131057e+03
7958	-1.124251e+03
7959	-1.129699e+03
7960	-1.110696e+03
7961	-1.127093e+03
7962	-1.130678e+03
7963	-1.121228e+03
7964	-1.113555e+03
7965	-1.128788e+03
7966	-1.127096e+03
7967	-1.142431e+03
7968	-1.129200e+03
7969	-1.144141e+03
7970	-1.122788e+03
7971	-1.122723e+03
7972	-1.125221e+03
7973	-1.134980e+03
7974	-1.135521e+03
7975	-1.138143e+03
7976	-1.123324e+03
7977	-1.113683e+03
7978	-1.140663e+03
7979	-1.103844e+03
7980	-1.143090e+03
7981	-1.128043e+03
7982	-1.105244e+03
7983	-1.140012e+03
7984	-1.103548e+03
7985	-1.129178e+03
7986	-1.146199e+03
7987	-1.137106e+03
7988	-1.133937e+03
7989	-1.121137e+03
7990	-1.153151e+03
7991	-1.120333e+03
7992	-1.122443e+03
7993	-1.123505e+03
7994	-1.138993e+03
7995	-1.117672e+03
7996	-1.129134e+03
7997	-1.136628e+03
7998	-1.130062e+03
7999	-1.123654e+03
8000	-1.138435e+03
8001	-1.130816e+03
8002	-1.141596e+03
8003	-1.146469e+03
8004	-1.143937e+03
8005	-1.121505e+03
8006	-1.124670e+03
8007	-1.136460e+03
8008	-1.151405e+03
8009	-1.135265e+03
8010	-1.115058e+03
8011	-1.127947e+03
8012	-1.145322e+03
8013	-1.147203e+03
8014	-1.142421e+03
8015	-1.109014e+03
8016	-1.106985e+03
8017	-1.131047e+03
8018	-1.139983e+03
8019	-1.145413e+03
8020	-1.119315e+03
8021	-1.145759e+03
8022	-1.158619e+03
8023	-1.123859e+03
8024	-1.120645e+03
8025	-1.136870e+03
8026	-1.123514e+03
8027	-1.121484e+03
8028	-1.130825e+03
8029	-1.117307e+03
8030	-1.115952e+03
8031	-1.133036e+03
8032	-1.130236e+03
8033	-1.135045e+03
8034	-1.127630e+03
8035	-1.121045e+03
8036	-1.134177e+03
8037	-1.108606e+03
8038	-1.147049e+03
8039	-1.132950e+03
8040	-1.120086e+03
8041	-1.117724e+03
8042	-1.124396e+03
8043	-1.130931e+03
8044	-1.144399e+03
8045	-1.120932e+03
8046	-1.131279e+03
8047	-1.119647e+03
8048	-1.127918e+03
8049	-1.133805e+03
8050	-1.119352e+03
8051	-1.120295e+03
8052	-1.122133e+03
8053	-1.123978e+03
8054	-1.134237e+03
8055	-1.131946e+03
8056	-1.123180e+03
8057	-1.124674e+03
8058	-1.124519e+03
8059	-1.126046e+03
8060	-1.127230e+03
8061	-1.129325e+03
8062	-1.106699e+03
8063	-1.129842e+03
8064	-1.138480e+03
8065	-1.139906e+03
8066	-1.134255e+03
8067	-1.129985e+03
8068	-1.127363e+03
8069	-1.158310e+03
8070	-1.154646e+03
8071	-1.120589e+03
8072	-1.126646e+03
8073	-1.122358e+03
8074	-1.125279e+03
8075	-1.136960e+03
8076	-1.100135e+03
8077	-1.121587e+03
8078	-1.136564e+03
8079	-1.111163e+03
8080	-1.126623e+03
8081	-1.137728e+03
8082	-1.144411e+03
8083	-1.134037e+03
8084	-1.140979e+03
8085	-1.125860e+03
8086	-1.122696e+03
8087	-1.137215e+03
8088	-1.132188e+03
8089	-1.152520e+03
8090	-1.116509e+03
8091	-1.129832e+03
8092	-1.133551e+03
8093	-1.116856e+03
8094	-1.143361e+03
8095	-1.123449e+03
8096	-1.126934e+03
8097	-1.149724e+03
8098	-1.134834e+03
8099	-1.156530e+03
8100	-1.107823e+03
8101	-1.111091e+03
8102	-1.129989e+03
8103	-1.134204e+03
8104	-1.106276e+03
8105	-1.125426e+03
8106	-1.157668e+03
8107	-1.125442e+03
8108	-1.135374e+03
8109	-1.116269e+03
8110	-1.113068e+03
8111	-1.137981e+03
8112	-1.127858e+03
8113	-1.117067e+03
8114	-1.114856e+03
8115	-1.141609e+03
8116	-1.122274e+03
8117	-1.110803e+03
8118	-1.137742e+03
8119	-1.130148e+03
8120	-1.124217e+03
8121	-1.139018e+03
8122	-1.123893e+03
8123	-1.133577e+03
8124	-1.116443e+03
8125	-1.122064e+03
8126	-1.150192e+03
8127	-1.122994e+03
8128	-1.134131e+03
8129	-1.122871e+03
8130	-1.120280e+03
8131	-1.141418e+03
8132	-1.110876e+03
8133	-1.126546e+03
8134	-1.127891e+03
8135	-1.142587e+03
8136	-1.129073e+03
8137	-1.128559e+03
8138	-1.108131e+03
8139	-1.124464e+03
8140	-1.121459e+03
8141	-1.096935e+03
8142	-1.129374e+03
8143	-1.144868e+03
8144	-1.102138e+03
8145	-1.132060e+03
8146	-1.109550e+03
8147	-1.126067e+03
8148	-1.131045e+03
8149	-1.128316e+03
8150	-1.146593e+03
8151	-1.134168e+03
8152	-1.132493e+03
8153	-1.139495e+03
8154	-1.129345e+03
8155	-1.128377e+03
8156	-1.123748e+03
8157	-1.111342e+03
8158	-1.122653e+03
8159	-1.144976e+03
8160	-1.124391e+03
8161	-1.127533e+03
8162	-1.134543e+03
8163	-1.134675e+03
8164	-1.136202e+03
8165	-1.121836e+03
8166	-1.125980e+03
8167	-1.131963e+03
8168	-1.122563e+03
8169	-1.125057e+03
8170	-1.131474e+03
8171	-1.129277e+03
8172	-1.110700e+03
8173	-1.096773e+03
8174	-1.139748e+03
8175	-1.134431e+03
8176	-1.149601e+03
8177	-1.130047e+03
8178	-1.131061e+03
8179	-1.122127e+03
8180	-1.124083e+03
8181	-1.127900e+03
8182	-1.120527e+03
8183	-1.129935e+03
8184	-1.129214e+03
8185	-1.126000e+03
8186	-1.129249e+03
8187	-1.139814e+03
8188	-1.146130e+03
8189	-1.126078e+03
8190	-1.131845e+03
8191	-1.136461e+03
8192	-1.126376e+03
8193	-1.129560e+03
8194	-1.115743e+03
8195	-1.143353e+03
8196	-1.133060e+03
8197	-1.133993e+03
8198	-1.109729e+03
8199	-1.143788e+03
8200	-1.138329e+03
8201	-1.123461e+03
8202	-1.139851e+03
8203	-1.130524e+03
8204	-1.128153e+03
8205	-1.144039e+03
8206	-1.129675e+03
8207	-1.118560e+03
8208	-1.111114e+03
8209	-1.131681e+03
8210	-1.145870e+03
8211	-1.137667e+03
8212	-1.124925e+03
8213	-1.126518e+03
8214	-1.119222e+03
8215	-1.118479e+03
8216	-1.128897e+03
8217	-1.145685e+03
8218	-1.135413e+03
8219	-1.133891e+03
8220	-1.132564e+03
8221	-1.120810e+03
8222	-1.135228e+03
8223	-1.127854e+03
8224	-1.128447e+03
8225	-1.147213e+03
8226	-1.120037e+03
8227	-1.157491e+03
8228	-1.152357e+03
8229	-1.141383e+03
8230	-1.117709e+03
8231	-1.120329e+03
8232	-1.130408e+03
8233	-1.123642e+03
8234	-1.134305e+03
8235	-1.137687e+03
8236	-1.117649e+03
8237	-1.142517e+03
8238	-1.130536e+03
8239	-1.122065e+03
8240	-1.126910e+03
8241	-1.134288e+03
8242	-1.127806e+03
8243	-1.125221e+03
8244	-1.134340e+03
8245	-1.121725e+03
8246	-1.134630e+03
8247	-1.138014e+03
8248	-1.134344e+03
8249	-1.136275e+03
8250	-1.121869e+03
8251	-1.136889e+03
8252	-1.126770e+03
8253	-1.131664e+03
8254	-1.132280e+03
8255	-1.122055e+03
8256	-1.119508e+03
8257	-1.110563e+03
8258	-1.117694e+03
8259	-1.153616e+03
8260	-1.127639e+03
8261	-1.140401e+03
8262	-1.124967e+03
8263	-1.122525e+03
8264	-1.120471e+03
8265	-1.136713e+03
8266	-1.129597e+03
8267	-1.125425e+03
8268	-1.128012e+03
8269	-1.104696e+03
8270	-1.129761e+03
8271	-1.130939e+03
8272	-1.120752e+03
8273	-1.128318e+03
8274	-1.134729e+03
8275	-1.117739e+03
8276	-1.122721e+03
8277	-1.122727e+03
8278	-1.124771e+03
8279	-1.118005e+03
8280	-1.160861e+03
8281	-1.129725e+03
8282	-1.127179e+03
8283	-1.132979e+03
8284	-1.144331e+03
8285	-1.129423e+03
8286	-1.140517e+03
8287	-1.128447e+03
8288	-1.151787e+03
8289	-1.117102e+03
8290	-1.128143e+03
8291	-1.127416e+03
8292	-1.116371e+03
8293	-1.130105e+03
8294	-1.118683e+03
8295	-1.141598e+03
8296	-1.142510e+03
8297	-1.125716e+03
8298	-1.125484e+03
8299	-1.118186e+03
8300	-1.102821e+03
8301	-1.131715e+03
8302	-1.132187e+03
8303	-1.135994e+03
8304	-1.152541e+03
8305	-1.138344e+03
8306	-1.141766e+03
8307	-1.117342e+03
8308	-1.118185e+03
8309	-1.105938e+03
8310	-1.119277e+03
8311	-1.124082e+03
8312	-1.143400e+03
8313	-1.126678e+03
8314	-1.134248e+03
8315	-1.139097e+03
8316	-1.132032e+03
8317	-1.129623e+03
8318	-1.140153e+03
8319	-1.105188e+03
8320	-1.120304e+03
8321	-1.118320e+03
8322	-1.131882e+03
8323	-1.135184e+03
8324	-1.122856e+03
8325	-1.129140e+03
8326	-1.126681e+03
8327	-1.123658e+03
8328	-1.134610e+03
8329	-1.139198e+03
8330	-1.136515e+03
8331	-1.134901e+03
8332	-1.150094e+03
8333	-1.123363e+03
8334	-1.125052e+03
8335	-1.117519e+03
8336	-1.113337e+03
8337	-1.141826e+03
8338	-1.129292e+03
8339	-1.126553e+03
8340	-1.120835e+03
8341	-1.143407e+03
8342	-1.132137e+03
8343	-1.138468e+03
8344	-1.116386e+03
8345	-1.133571e+03
8346	-1.142755e+03
8347	-1.126065e+03
8348	-1.126130e+03
8349	-1.141509e+03
8350	-1.138463e+03
8351	-1.106803e+03
8352	-1.132500e+03
8353	-1.122234e+03
8354	-1.124658e+03
8355	-1.117330e+03
8356	-1.127076e+03
8357	-1.133693e+03
8358	-1.115928e+03
8359	-1.118930e+03
8360	-1.123298e+03
8361	-1.130236e+03
8362	-1.108586e+03
8363	-1.108709e+03
8364	-1.150164e+03
8365	-1.145563e+03
8366	-1.128380e+03
8367	-1.134418e+03
8368	-1.128513e+03
8369	-1.132502e+03
8370	-1.118452e+03
8371	-1.141179e+03
8372	-1.133044e+03
8373	-1.137000e+03
8374	-1.142026e+03
8375	-1.120857e+03
8376	-1.115226e+03
8377	-1.122071e+03
8378	-1.115988e+03
8379	-1.137265e+03
8380	-1.131026e+03
8381	-1.143264e+03
8382	-1.126094e+03
8383	-1.124632e+03
8384	-1.129176e+03
8385	-1.146996e+03
8386	-1.125401e+03
8387	-1.121957e+03
8388	-1.133583e+03
8389	-1.107915e+03
8390	-1.135401e+03
8391	-1.122423e+03
8392	-1.113683e+03
8393	-1.131775e+03
8394	-1.112323e+03
8395	-1.109600e+03
8396	-1.133376e+03
8397	-1.128441e+03
8398	-1.134916e+03
8399	-1.122947e+03
8400	-1.132985e+03
8401	-1.124933e+03
8402	-1.112845e+03
8403	-1.133048e+03
8404	-1.111880e+03
8405	-1.134305e+03
8406	-1.125109e+03
8407	-1.123761e+03
8408	-1.126479e+03
8409	-1.117310e+03
8410	-1.121894e+03
8411	-1.127819e+03
8412	-1.130356e+03
8413	-1.114216e+03
8414	-1.114654e+03
8415	-1.125580e+03
8416	-1.147590e+03
8417	-1.113079e+03
8418	-1.129096e+03
8419	-1.138944e+03
8420	-1.130616e+03
8421	-1.127373e+03
8422	-1.110429e+03
8423	-1.128874e+03
8424	-1.112185e+03
8425	-1.147432e+03
8426	-1.118422e+03
8427	-1.125219e+03
8428	-1.126889e+03
8429	-1.129772e+03
8430	-1.138612e+03
8431	-1.116800e+03
8432	-1.138163e+03
8433	-1.119263e+03
8434	-1.123428e+03
8435	-1.126967e+03
8436	-1.139583e+03
8437	-1.155546e+03
8438	-1.115063e+03
8439	-1.123296e+03
8440	-1.135741e+03
8441	-1.115970e+03
8442	-1.136226e+03
8443	-1.134694e+03
8444	-1.133005e+03
8445	-1.134249e+03
8446	-1.119137e+03
8447	-1.125725e+03
8448	-1.126528e+03
8449	-1.120891e+03
8450	-1.132923e+03
8451	-1.127985e+03
8452	-1.129171e+03
8453	-1.135237e+03
8454	-1.120927e+03
8455	-1.131351e+03
8456	-1.137257e+03
8457	-1.141352e+03
8458	-1.130091e+03
8459	-1.147139e+03
8460	-1.154370e+03
8461	-1.128003e+03
8462	-1.127808e+03
8463	-1.136015e+03
8464	-1.121268e+03
8465	-1.128404e+03
8466	-1.117712e+03
8467	-1.110140e+03
8468	-1.102581e+03
8469	-1.112951e+03
8470	-1.129678e+03
8471	-1.115500e+03
8472	-1.134218e+03
8473	-1.143059e+03
8474	-1.128757e+03
8475	-1.106639e+03
8476	-1.121537e+03
8477	-1.132273e+03
8478	-1.128944e+03
8479	-1.138268e+03
8480	-1.129992e+03
8481	-1.128671e+03
8482	-1.109959e+03
8483	-1.122268e+03
8484	-1.123146e+03
8485	-1.170931e+03
8486	-1.137729e+03
8487	-1.114877e+03
8488	-1.120260e+03
8489	-1.122677e+03
8490	-1.120873e+03
8491	-1.135289e+03
8492	-1.153437e+03
8493	-1.126828e+03
8494	-1.119082e+03
8495	-1.140973e+03
8496	-1.122759e+03
8497	-1.137190e+03
8498	-1.143124e+03
8499	-1.109230e+03
8500	-1.138060e+03
8501	-1.130007e+03
8502	-1.113026e+03
8503	-1.119922e+03
8504	-1.133569e+03
8505	-1.141065e+03
8506	-1.126444e+03
8507	-1.133075e+03
8508	-1.138550e+03
8509	-1.120231e+03
8510	-1.145386e+03
8511	-1.120272e+03
8512	-1.129782e+03
8513	-1.128681e+03
8514	-1.120411e+03
8515	-1.123572e+03
8516	-1.115958e+03
8517	-1.140906e+03
8518	-1.130167e+03
8519	-1.130046e+03
8520	-1.116512e+03
8521	-1.115125e+03
8522	-1.119362e+03
8523	-1.133447e+03
8524	-1.126169e+03
8525	-1.154135e+03
8526	-1.117663e+03
8527	-1.145198e+03
8528	-1.135743e+03
8529	-1.135731e+03
8530	-1.137505e+03
8531	-1.124677e+03
8532	-1.146247e+03
8533	-1.126747e+03
8534	-1.125516e+03
8535	-1.148602e+03
8536	-1.135827e+03
8537	-1.125169e+03
8538	-1.113960e+03
8539	-1.130980e+03
8540	-1.123169e+03
8541	-1.106187e+03
8542	-1.128068e+03
8543	-1.132964e+03
8544	-1.110996e+03
8545	-1.139806e+03
8546	-1.126999e+03
8547	-1.116512e+03
8548	-1.128930e+03
8549	-1.135717e+03
8550	-1.089358e+03
8551	-1.122522e+03
8552	-1.126803e+03
8553	-1.129327e+03
8554	-1.125903e+03
8555	-1.136449e+03
8556	-1.125563e+03
8557	-1.126701e+03
8558	-1.136203e+03
8559	-1.136984e+03
8560	-1.130030e+03
8561	-1.142182e+03
8562	-1.129505e+03
8563	-1.137617e+03
8564	-1.122930e+03
8565	-1.129723e+03
8566	-1.134574e+03
8567	-1.129692e+03
8568	-1.120035e+03
8569	-1.104537e+03
8570	-1.126629e+03
8571	-1.108115e+03
8572	-1.130043e+03
8573	-1.140926e+03
8574	-1.128106e+03
8575	-1.127859e+03
8576	-1.132423e+03
8577	-1.142924e+03
8578	-1.123351e+03
8579	-1.125932e+03
8580	-1.125363e+03
8581	-1.140226e+03
8582	-1.127364e+03
8583	-1.126990e+03
8584	-1.132054e+03
8585	-1.111761e+03
8586	-1.122257e+03
8587	-1.145693e+03
8588	-1.143875e+03
8589	-1.145044e+03
8590	-1.143617e+03
8591	-1.124763e+03
8592	-1.109643e+03
8593	-1.115302e+03
8594	-1.127290e+03
8595	-1.131694e+03
8596	-1.137832e+03
8597	-1.141748e+03
8598	-1.125100e+03
8599	-1.136012e+03
8600	-1.145493e+03
8601	-1.111531e+03
8602	-1.114752e+03
8603	-1.137598e+03
8604	-1.139084e+03
8605	-1.133174e+03
8606	-1.121220e+03
8607	-1.133463e+03
8608	-1.122174e+03
8609	-1.131415e+03
8610	-1.119193e+03
8611	-1.115741e+03
8612	-1.105551e+03
8613	-1.131442e+03
8614	-1.116577e+03
8615	-1.130730e+03
8616	-1.150170e+03
8617	-1.118426e+03
8618	-1.143394e+03
8619	-1.133010e+03
8620	-1.135847e+03
8621	-1.133716e+03
8622	-1.133398e+03
8623	-1.123962e+03
8624	-1.123435e+03
8625	-1.099124e+03
8626	-1.107466e+03
8627	-1.130116e+03
8628	-1.144878e+03
8629	-1.126269e+03
8630	-1.126596e+03
8631	-1.132141e+03
8632	-1.140411e+03
8633	-1.148544e+03
8634	-1.130355e+03
8635	-1.138466e+03
8636	-1.118960e+03
8637	-1.126888e+03
8638	-1.127232e+03
8639	-1.136442e+03
8640	-1.142264e+03
8641	-1.109889e+03
8642	-1.134224e+03
8643	-1.119233e+03
8644	-1.125557e+03
8645	-1.131674e+03
8646	-1.157652e+03
8647	-1.134851e+03
8648	-1.124700e+03
8649	-1.131616e+03
8650	-1.118056e+03
8651	-1.134992e+03
8652	-1.122985e+03
8653	-1.139240e+03
8654	-1.127857e+03
8655	-1.119949e+03
8656	-1.152132e+03
8657	-1.130072e+03
8658	-1.150142e+03
8659	-1.118287e+03
8660	-1.116643e+03
8661	-1.109105e+03
8662	-1.143582e+03
8663	-1.125582e+03
8664	-1.135744e+03
8665	-1.131001e+03
8666	-1.112958e+03
8667	-1.123721e+03
8668	-1.112464e+03
8669	-1.141806e+03
8670	-1.146789e+03
8671	-1.134426e+03
8672	-1.118272e+03
8673	-1.133731e+03
8674	-1.129137e+03
8675	-1.128640e+03
8676	-1.146617e+03
8677	-1.122803e+03
8678	-1.143028e+03
8679	-1.128093e+03
8680	-1.127163e+03
8681	-1.142670e+03
8682	-1.139095e+03
8683	-1.116079e+03
8684	-1.115601e+03
8685	-1.140173e+03
8686	-1.125238e+03
8687	-1.121925e+03
8688	-1.124242e+03
8689	-1.138516e+03
8690	-1.127117e+03
8691	-1.135791e+03
8692	-1.142834e+03
8693	-1.144941e+03
8694	-1.120821e+03
8695	-1.108068e+03
8696	-1.133342e+03
8697	-1.125882e+03
8698	-1.126454e+03
8699	-1.121682e+03
8700	-1.126286e+03
8701	-1.132793e+03
8702	-1.121301e+03
8703	-1.129290e+03
8704	-1.135191e+03
8705	-1.133375e+03
8706	-1.126043e+03
8707	-1.108653e+03
8708	-1.106754e+03
8709	-1.126418e+03
8710	-1.123273e+03
8711	-1.114361e+03
8712	-1.122877e+03
8713	-1.117340e+03
8714	-1.118397e+03
8715	-1.122766e+03
8716	-1.143805e+03
8717	-1.134360e+03
8718	-1.132317e+03
8719	-1.107533e+03
8720	-1.119893e+03
8721	-1.124574e+03
8722	-1.134663e+03
8723	-1.133736e+03
8724	-1.130254e+03
8725	-1.121962e+03
8726	-1.125046e+03
8727	-1.126177e+03
8728	-1.123537e+03
8729	-1.133480e+03
8730	-1.135711e+03
8731	-1.144058e+03
8732	-1.137649e+03
8733	-1.127599e+03
8734	-1.115781e+03
8735	-1.148647e+03
8736	-1.130413e+03
8737	-1.128894e+03
8738	-1.139574e+03
8739	-1.129249e+03
8740	-1.119947e+03
8741	-1.125064e+03
8742	-1.142355e+03
8743	-1.130631e+03
8744	-1.118479e+03
8745	-1.127579e+03
8746	-1.141067e+03
8747	-1.125454e+03
8748	-1.135492e+03
8749	-1.123051e+03
8750	-1.131299e+03
8751	-1.132772e+03
8752	-1.114173e+03
8753	-1.150730e+03
8754	-1.134555e+03
8755	-1.142737e+03
8756	-1.128964e+03
8757	-1.128962e+03
8758	-1.113154e+03
8759	-1.117207e+03
8760	-1.152540e+03
8761	-1.135416e+03
8762	-1.123070e+03
8763	-1.138764e+03
8764	-1.123998e+03
8765	-1.121594e+03
8766	-1.135450e+03
8767	-1.136280e+03
8768	-1.160397e+03
8769	-1.120667e+03
8770	-1.134027e+03
8771	-1.105950e+03
8772	-1.130385e+03
8773	-1.122447e+03
8774	-1.125688e+03
8775	-1.120154e+03
8776	-1.135955e+03
8777	-1.135799e+03
8778	-1.145053e+03
8779	-1.119424e+03
8780	-1.136763e+03
8781	-1.133689e+03
8782	-1.138825e+03
8783	-1.143414e+03
8784	-1.131122e+03
8785	-1.136668e+03
8786	-1.137977e+03
8787	-1.118307e+03
8788	-1.129932e+03
8789	-1.109627e+03
8790	-1.105230e+03
8791	-1.105547e+03
8792	-1.115119e+03
8793	-1.133767e+03
8794	-1.128316e+03
8795	-1.126609e+03
8796	-1.117032e+03
8797	-1.117273e+03
8798	-1.128328e+03
8799	-1.137030e+03
8800	-1.131591e+03
8801	-1.130570e+03
8802	-1.109095e+03
8803	-1.143105e+03
8804	-1.141350e+03
8805	-1.128666e+03
8806	-1.118726e+03
8807	-1.124252e+03
8808	-1.120969e+03
8809	-1.124564e+03
8810	-1.127343e+03
8811	-1.121170e+03
8812	-1.138042e+03
8813	-1.126468e+03
8814	-1.138620e+03
8815	-1.123484e+03
8816	-1.122366e+03
8817	-1.115742e+03
8818	-1.126926e+03
8819	-1.153782e+03
8820	-1.122947e+03
8821	-1.117568e+03
8822	-1.131052e+03
8823	-1.127311e+03
8824	-1.115029e+03
8825	-1.134716e+03
8826	-1.139003e+03
8827	-1.128683e+03
8828	-1.116940e+03
8829	-1.136703e+03
8830	-1.137329e+03
8831	-1.126913e+03
8832	-1.139258e+03
8833	-1.134538e+03
8834	-1.134996e+03
8835	-1.118019e+03
8836	-1.111972e+03
8837	-1.111271e+03
8838	-1.128039e+03
8839	-1.133318e+03
8840	-1.127361e+03
8841	-1.128967e+03
8842	-1.150622e+03
8843	-1.121988e+03
8844	-1.125083e+03
8845	-1.141397e+03
8846	-1.132823e+03
8847	-1.145954e+03
8848	-1.124347e+03
8849	-1.132730e+03
8850	-1.128641e+03
8851	-1.148719e+03
8852	-1.134395e+03
8853	-1.122892e+03
8854	-1.117289e+03
8855	-1.113515e+03
8856	-1.125464e+03
8857	-1.127668e+03
8858	-1.134308e+03
8859	-1.126337e+03
8860	-1.105744e+03
8861	-1.117613e+03
8862	-1.128584e+03
8863	-1.134987e+03
8864	-1.150253e+03
8865	-1.131640e+03
8866	-1.113640e+03
8867	-1.117928e+03
8868	-1.129223e+03
8869	-1.113197e+03
8870	-1.122271e+03
8871	-1.133130e+03
8872	-1.117588e+03
8873	-1.143153e+03
8874	-1.120330e+03
8875	-1.131518e+03
8876	-1.108319e+03
8877	-1.136714e+03
8878	-1.120593e+03
8879	-1.132428e+03
8880	-1.127558e+03
8881	-1.118034e+03
8882	-1.129806e+03
8883	-1.115455e+03
8884	-1.126396e+03
8885	-1.105935e+03
8886	-1.125282e+03
8887	-1.127570e+03
8888	-1.130068e+03
8889	-1.130617e+03
8890	-1.127224e+03
8891	-1.126449e+03
8892	-1.126355e+03
8893	-1.137344e+03
8894	-1.148126e+03
8895	-1.120046e+03
8896	-1.129114e+03
8897	-1.114700e+03
8898	-1.114975e+03
8899	-1.134515e+03
8900	-1.131087e+03
8901	-1.131811e+03
8902	-1.129256e+03
8903	-1.136942e+03
8904	-1.119038e+03
8905	-1.133418e+03
8906	-1.123278e+03
8907	-1.123919e+03
8908	-1.120263e+03
8909	-1.131433e+03
8910	-1.124776e+03
8911	-1.137670e+03
8912	-1.145738e+03
8913	-1.147795e+03
8914	-1.101972e+03
8915	-1.123997e+03
8916	-1.134224e+03
8917	-1.128426e+03
8918	-1.124321e+03
8919	-1.118488e+03
8920	-1.139264e+03
8921	-1.136499e+03
8922	-1.124090e+03
8923	-1.123805e+03
8924	-1.126514e+03
8925	-1.109368e+03
8926	-1.142697e+03
8927	-1.139611e+03
8928	-1.143892e+03
8929	-1.126861e+03
8930	-1.139998e+03
8931	-1.121111e+03
8932	-1.134479e+03
8933	-1.143109e+03
8934	-1.116286e+03
8935	-1.114981e+03
8936	-1.137844e+03
8937	-1.121134e+03
8938	-1.123958e+03
8939	-1.125634e+03
8940	-1.112760e+03
8941	-1.135951e+03
8942	-1.127480e+03
8943	-1.120316e+03
8944	-1.112519e+03
8945	-1.133468e+03
8946	-1.143987e+03
8947	-1.133785e+03
8948	-1.122502e+03
8949	-1.111861e+03
8950	-1.131473e+03
8951	-1.102544e+03
8952	-1.146145e+03
8953	-1.135306e+03
8954	-1.146702e+03
8955	-1.136932e+03
8956	-1.116381e+03
8957	-1.112642e+03
8958	-1.130961e+03
8959	-1.122591e+03
8960	-1.134370e+03
8961	-1.124434e+03
8962	-1.116445e+03
8963	-1.136428e+03
8964	-1.121753e+03
8965	-1.125334e+03
8966	-1.125973e+03
8967	-1.132283e+03
8968	-1.129409e+03
8969	-1.138538e+03
8970	-1.144789e+03
8971	-1.129336e+03
8972	-1.127519e+03
8973	-1.117329e+03
8974	-1.121094e+03
8975	-1.126942e+03
8976	-1.131181e+03
8977	-1.137043e+03
8978	-1.138257e+03
8979	-1.134222e+03
8980	-1.139562e+03
8981	-1.132156e+03
8982	-1.124715e+03
8983	-1.117618e+03
8984	-1.111453e+03
8985	-1.117619e+03
8986	-1.129710e+03
8987	-1.110006e+03
8988	-1.128006e+03
8989	-1.124645e+03
8990	-1.128757e+03
8991	-1.131720e+03
8992	-1.133251e+03
8993	-1.117359e+03
8994	-1.124900e+03
8995	-1.130061e+03
8996	-1.131746e+03
8997	-1.126429e+03
8998	-1.133722e+03
8999	-1.120198e+03
9000	-1.131064e+03
9001	-1.164385e+03
9002	-1.107626e+03
9003	-1.128874e+03
9004	-1.129516e+03
9005	-1.131977e+03
9006	-1.132758e+03
9007	-1.115515e+03
9008	-1.106526e+03
9009	-1.130450e+03
9010	-1.127791e+03
9011	-1.138248e+03
9012	-1.116606e+03
9013	-1.134693e+03
9014	-1.122665e+03
9015	-1.133397e+03
9016	-1.120136e+03
9017	-1.125584e+03
9018	-1.121341e+03
9019	-1.103268e+03
9020	-1.135124e+03
9021	-1.123104e+03
9022	-1.123198e+03
9023	-1.130495e+03
9024	-1.130746e+03
9025	-1.132642e+03
9026	-1.140992e+03
9027	-1.119446e+03
9028	-1.122508e+03
9029	-1.113069e+03
9030	-1.122467e+03
9031	-1.137531e+03
9032	-1.110150e+03
9033	-1.127600e+03
9034	-1.127447e+03
9035	-1.109465e+03
9036	-1.121680e+03
9037	-1.129368e+03
9038	-1.135399e+03
9039	-1.131624e+03
9040	-1.128416e+03
9041	-1.133830e+03
9042	-1.154851e+03
9043	-1.118659e+03
9044	-1.120628e+03
9045	-1.127914e+03
9046	-1.127903e+03
9047	-1.138675e+03
9048	-1.137448e+03
9049	-1.121142e+03
9050	-1.132508e+03
9051	-1.142908e+03
9052	-1.115285e+03
9053	-1.150011e+03
9054	-1.124724e+03
9055	-1.124875e+03
9056	-1.128773e+03
9057	-1.130611e+03
9058	-1.113120e+03
9059	-1.111312e+03
9060	-1.126352e+03
9061	-1.116899e+03
9062	-1.119850e+03
9063	-1.136409e+03
9064	-1.129377e+03
9065	-1.126468e+03
9066	-1.129817e+03
9067	-1.128909e+03
9068	-1.122191e+03
9069	-1.122492e+03
9070	-1.128088e+03
9071	-1.138729e+03
9072	-1.130812e+03
9073	-1.141586e+03
9074	-1.116967e+03
9075	-1.137147e+03
9076	-1.117326e+03
9077	-1.124225e+03
9078	-1.128408e+03
9079	-1.134007e+03
9080	-1.126298e+03
9081	-1.139860e+03
9082	-1.128419e+03
9083	-1.134449e+03
9084	-1.113038e+03
9085	-1.135409e+03
9086	-1.122395e+03
9087	-1.124374e+03
9088	-1.125390e+03
9089	-1.149125e+03
9090	-1.127075e+03
9091	-1.143556e+03
9092	-1.121769e+03
9093	-1.126133e+03
9094	-1.119148e+03
9095	-1.135984e+03
9096	-1.120618e+03
9097	-1.124653e+03
9098	-1.105939e+03
9099	-1.113051e+03
9100	-1.115550e+03
9101	-1.108899e+03
9102	-1.155934e+03
9103	-1.127279e+03
9104	-1.145739e+03
9105	-1.120566e+03
9106	-1.144259e+03
9107	-1.129258e+03
9108	-1.134651e+03
9109	-1.136774e+03
9110	-1.127215e+03
9111	-1.106193e+03
9112	-1.121513e+03
9113	-1.137993e+03
9114	-1.138737e+03
9115	-1.118375e+03
9116	-1.138683e+03
9117	-1.138180e+03
9118	-1.140192e+03
9119	-1.125326e+03
9120	-1.118348e+03
9121	-1.127949e+03
9122	-1.117047e+03
9123	-1.134370e+03
9124	-1.130163e+03
9125	-1.122331e+03
9126	-1.125167e+03
9127	-1.135193e+03
9128	-1.128171e+03
9129	-1.126529e+03
9130	-1.122362e+03
9131	-1.110784e+03
9132	-1.123595e+03
9133	-1.123963e+03
9134	-1.128936e+03
9135	-1.128176e+03
9136	-1.156566e+03
9137	-1.124480e+03
9138	-1.133657e+03
9139	-1.124484e+03
9140	-1.130127e+03
9141	-1.147625e+03
9142	-1.137380e+03
9143	-1.122966e+03
9144	-1.133432e+03
9145	-1.130033e+03
9146	-1.136876e+03
9147	-1.129243e+03
9148	-1.118549e+03
9149	-1.124414e+03
9150	-1.121300e+03
9151	-1.128801e+03
9152	-1.141283e+03
9153	-1.121758e+03
9154	-1.127773e+03
9155	-1.116796e+03
9156	-1.129020e+03
9157	-1.118112e+03
9158	-1.141118e+03
9159	-1.123813e+03
9160	-1.130518e+03
9161	-1.135025e+03
9162	-1.126155e+03
9163	-1.130964e+03
9164	-1.138720e+03
9165	-1.129173e+03
9166	-1.104043e+03
9167	-1.133357e+03
9168	-1.136204e+03
9169	-1.128987e+03
9170	-1.105645e+03
9171	-1.134755e+03
9172	-1.121809e+03
9173	-1.150364e+03
9174	-1.124726e+03
9175	-1.129722e+03
9176	-1.112258e+03
9177	-1.124106e+03
9178	-1.111595e+03
9179	-1.107621e+03
9180	-1.123658e+03
9181	-1.120810e+03
9182	-1.104196e+03
9183	-1.131672e+03
9184	-1.136570e+03
9185	-1.134858e+03
9186	-1.125015e+03
9187	-1.105702e+03
9188	-1.124214e+03
9189	-1.126693e+03
9190	-1.131794e+03
9191	-1.123940e+03
9192	-1.113549e+03
9193	-1.131514e+03
9194	-1.128047e+03
9195	-1.112082e+03
9196	-1.132926e+03
9197	-1.128972e+03
9198	-1.120863e+03
9199	-1.136282e+03
9200	-1.155895e+03
9201	-1.139547e+03
9202	-1.128257e+03
9203	-1.127119e+03
9204	-1.144539e+03
9205	-1.114113e+03
9206	-1.121505e+03
9207	-1.139124e+03
9208	-1.134919e+03
9209	-1.139787e+03
9210	-1.122329e+03
9211	-1.148941e+03
9212	-1.121795e+03
9213	-1.125564e+03
9214	-1.124686e+03
9215	-1.126520e+03
9216	-1.129271e+03
9217	-1.130054e+03
9218	-1.132465e+03
9219	-1.137127e+03
9220	-1.155660e+03
9221	-1.116892e+03
9222	-1.129856e+03
9223	-1.132525e+03
9224	-1.128402e+03
9225	-1.132935e+03
9226	-1.122207e+03
9227	-1.125297e+03
9228	-1.122818e+03
9229	-1.133447e+03
9230	-1.117319e+03
9231	-1.109563e+03
9232	-1.108716e+03
9233	-1.132360e+03
9234	-1.121436e+03
9235	-1.108807e+03
9236	-1.124517e+03
9237	-1.127565e+03
9238	-1.144865e+03
9239	-1.119101e+03
9240	-1.107158e+03
9241	-1.134264e+03
9242	-1.126289e+03
9243	-1.128664e+03
9244	-1.129967e+03
9245	-1.122829e+03
9246	-1.109201e+03
9247	-1.110100e+03
9248	-1.130073e+03
9249	-1.123033e+03
9250	-1.099840e+03
9251	-1.128619e+03
9252	-1.111350e+03
9253	-1.113720e+03
9254	-1.125545e+03
9255	-1.132729e+03
9256	-1.116601e+03
9257	-1.101041e+03
9258	-1.129766e+03
9259	-1.145417e+03
9260	-1.139417e+03
9261	-1.132997e+03
9262	-1.126122e+03
9263	-1.139193e+03
9264	-1.124330e+03
9265	-1.124785e+03
9266	-1.097144e+03
9267	-1.121779e+03
9268	-1.120355e+03
9269	-1.116736e+03
9270	-1.101595e+03
9271	-1.125631e+03
9272	-1.114715e+03
9273	-1.117290e+03
9274	-1.128358e+03
9275	-1.134455e+03
9276	-1.128351e+03
9277	-1.127406e+03
9278	-1.114707e+03
9279	-1.137526e+03
9280	-1.116447e+03
9281	-1.120517e+03
9282	-1.119757e+03
9283	-1.119369e+03
9284	-1.129188e+03
9285	-1.135332e+03
9286	-1.135999e+03
9287	-1.136891e+03
9288	-1.156488e+03
9289	-1.134020e+03
9290	-1.107945e+03
9291	-1.137474e+03
9292	-1.119527e+03
9293	-1.126048e+03
9294	-1.133594e+03
9295	-1.133417e+03
9296	-1.126511e+03
9297	-1.130555e+03
9298	-1.142104e+03
9299	-1.124035e+03
9300	-1.117719e+03
9301	-1.111362e+03
9302	-1.140819e+03
9303	-1.099281e+03
9304	-1.129243e+03
9305	-1.113088e+03
9306	-1.133214e+03
9307	-1.142173e+03
9308	-1.127649e+03
9309	-1.135497e+03
9310	-1.128803e+03
9311	-1.133366e+03
9312	-1.114597e+03
9313	-1.116251e+03
9314	-1.118892e+03
9315	-1.139657e+03
9316	-1.120153e+03
9317	-1.134225e+03
9318	-1.128381e+03
9319	-1.123095e+03
9320	-1.141126e+03
9321	-1.104487e+03
9322	-1.129593e+03
9323	-1.144335e+03
9324	-1.119815e+03
9325	-1.127546e+03
9326	-1.134230e+03
9327	-1.116143e+03
9328	-1.126839e+03
9329	-1.113638e+03
9330	-1.105759e+03
9331	-1.137776e+03
9332	-1.130033e+03
9333	-1.130677e+03
9334	-1.126992e+03
9335	-1.135530e+03
9336	-1.131004e+03
9337	-1.121992e+03
9338	-1.127920e+03
9339	-1.129569e+03
9340	-1.155890e+03
9341	-1.143591e+03
9342	-1.127727e+03
9343	-1.096004e+03
9344	-1.133618e+03
9345	-1.134133e+03
9346	-1.145572e+03
9347	-1.115595e+03
9348	-1.104122e+03
9349	-1.137723e+03
9350	-1.127845e+03
9351	-1.124350e+03
9352	-1.111510e+03
9353	-1.141179e+03
9354	-1.130145e+03
9355	-1.114393e+03
9356	-1.144559e+03
9357	-1.114569e+03
9358	-1.113404e+03
9359	-1.110354e+03
9360	-1.121555e+03
9361	-1.136574e+03
9362	-1.127401e+03
9363	-1.113930e+03
9364	-1.120961e+03
9365	-1.115006e+03
9366	-1.142088e+03
9367	-1.128311e+03
9368	-1.118918e+03
9369	-1.122254e+03
9370	-1.130924e+03
9371	-1.110794e+03
9372	-1.122398e+03
9373	-1.126354e+03
9374	-1.133772e+03
9375	-1.115367e+03
9376	-1.143276e+03
9377	-1.159053e+03
9378	-1.124445e+03
9379	-1.130073e+03
9380	-1.131790e+03
9381	-1.124501e+03
9382	-1.122366e+03
9383	-1.129579e+03
9384	-1.134898e+03
9385	-1.150429e+03
9386	-1.128316e+03
9387	-1.120897e+03
9388	-1.133013e+03
9389	-1.131791e+03
9390	-1.130894e+03
9391	-1.133625e+03
9392	-1.142242e+03
9393	-1.130906e+03
9394	-1.116056e+03
9395	-1.113667e+03
9396	-1.127212e+03
9397	-1.113153e+03
9398	-1.122202e+03
9399	-1.120497e+03
9400	-1.137030e+03
9401	-1.122889e+03
9402	-1.112367e+03
9403	-1.136375e+03
9404	-1.127132e+03
9405	-1.127934e+03
9406	-1.128861e+03
9407	-1.124427e+03
9408	-1.127997e+03
9409	-1.148436e+03
9410	-1.127275e+03
9411	-1.120077e+03
9412	-1.131234e+03
9413	-1.120295e+03
9414	-1.124504e+03
9415	-1.128193e+03
9416	-1.121762e+03
9417	-1.132284e+03
9418	-1.140469e+03
9419	-1.112993e+03
9420	-1.127881e+03
9421	-1.127544e+03
9422	-1.129903e+03
9423	-1.129236e+03
9424	-1.129834e+03
9425	-1.143256e+03
9426	-1.139013e+03
9427	-1.116621e+03
9428	-1.120607e+03
9429	-1.119294e+03
9430	-1.126355e+03
9431	-1.131935e+03
9432	-1.132977e+03
9433	-1.138467e+03
9434	-1.113122e+03
9435	-1.120478e+03
9436	-1.143478e+03
9437	-1.111539e+03
9438	-1.131689e+03
9439	-1.132371e+03
9440	-1.107382e+03
9441	-1.130247e+03
9442	-1.121249e+03
9443	-1.128436e+03
9444	-1.137669e+03
9445	-1.120845e+03
9446	-1.096674e+03
9447	-1.156680e+03
9448	-1.127005e+03
9449	-1.157310e+03
9450	-1.123261e+03
9451	-1.120288e+03
9452	-1.123271e+03
9453	-1.115881e+03
9454	-1.134615e+03
9455	-1.115325e+03
9456	-1.140799e+03
9457	-1.120695e+03
9458	-1.123644e+03
9459	-1.120505e+03
9460	-1.124918e+03
9461	-1.110861e+03
9462	-1.129812e+03
9463	-1.118402e+03
9464	-1.127095e+03
9465	-1.109581e+03
9466	-1.134380e+03
9467	-1.129339e+03
9468	-1.148354e+03
9469	-1.121913e+03
9470	-1.123356e+03
9471	-1.108784e+03
9472	-1.137297e+03
9473	-1.119303e+03
9474	-1.135822e+03
9475	-1.110193e+03
9476	-1.156579e+03
9477	-1.112642e+03
9478	-1.130139e+03
9479	-1.124007e+03
9480	-1.131165e+03
9481	-1.113018e+03
9482	-1.147205e+03
9483	-1.122274e+03
9484	-1.136620e+03
9485	-1.139562e+03
9486	-1.147563e+03
9487	-1.103077e+03
9488	-1.128767e+03
9489	-1.149422e+03
9490	-1.113591e+03
9491	-1.138317e+03
9492	-1.126715e+03
9493	-1.140643e+03
9494	-1.130839e+03
9495	-1.105886e+03
9496	-1.125874e+03
9497	-1.116531e+03
9498	-1.121511e+03
9499	-1.127570e+03
9500	-1.125073e+03
9501	-1.120005e+03
9502	-1.135025e+03
9503	-1.117699e+03
9504	-1.123870e+03
9505	-1.130072e+03
9506	-1.120636e+03
9507	-1.116789e+03
9508	-1.113134e+03
9509	-1.137865e+03
9510	-1.132483e+03
9511	-1.127911e+03
9512	-1.107273e+03
9513	-1.141945e+03
9514	-1.134523e+03
9515	-1.110017e+03
9516	-1.144706e+03
9517	-1.142660e+03
9518	-1.129928e+03
9519	-1.107904e+03
9520	-1.127341e+03
9521	-1.145005e+03
9522	-1.135103e+03
9523	-1.139722e+03
9524	-1.136521e+03
9525	-1.111645e+03
9526	-1.152754e+03
9527	-1.131537e+03
9528	-1.133930e+03
9529	-1.145941e+03
9530	-1.128911e+03
9531	-1.122037e+03
9532	-1.137597e+03
9533	-1.118090e+03
9534	-1.115053e+03
9535	-1.136685e+03
9536	-1.143231e+03
9537	-1.111440e+03
9538	-1.122175e+03
9539	-1.131730e+03
9540	-1.135037e+03
9541	-1.142188e+03
9542	-1.126716e+03
9543	-1.128053e+03
9544	-1.113278e+03
9545	-1.120836e+03
9546	-1.114310e+03
9547	-1.126632e+03
9548	-1.114083e+03
9549	-1.135330e+03
9550	-1.132409e+03
9551	-1.135933e+03
9552	-1.124744e+03
9553	-1.118483e+03
9554	-1.141945e+03
9555	-1.101828e+03
9556	-1.107863e+03
9557	-1.126445e+03
9558	-1.135194e+03
9559	-1.135482e+03
9560	-1.128393e+03
9561	-1.142062e+03
9562	-1.125246e+03
9563	-1.098285e+03
9564	-1.128405e+03
9565	-1.143686e+03
9566	-1.126078e+03
9567	-1.129904e+03
9568	-1.120350e+03
9569	-1.140088e+03
9570	-1.128221e+03
9571	-1.138594e+03
9572	-1.112579e+03
9573	-1.137197e+03
9574	-1.143876e+03
9575	-1.135274e+03
9576	-1.124309e+03
9577	-1.117368e+03
9578	-1.120495e+03
9579	-1.116480e+03
9580	-1.140434e+03
9581	-1.111975e+03
9582	-1.143560e+03
9583	-1.116748e+03
9584	-1.139720e+03
9585	-1.149684e+03
9586	-1.119722e+03
9587	-1.137521e+03
9588	-1.147356e+03
9589	-1.114685e+03
9590	-1.125628e+03
9591	-1.134405e+03
9592	-1.131469e+03
9593	-1.119352e+03
9594	-1.137412e+03
9595	-1.119827e+03
9596	-1.122744e+03
9597	-1.146626e+03
9598	-1.134750e+03
9599	-1.151879e+03
9600	-1.127618e+03
9601	-1.120979e+03
9602	-1.134003e+03
9603	-1.137502e+03
9604	-1.117624e+03
9605	-1.126078e+03
9606	-1.123040e+03
9607	-1.129062e+03
9608	-1.128562e+03
9609	-1.125599e+03
9610	-1.119633e+03
9611	-1.130241e+03
9612	-1.147034e+03
9613	-1.110106e+03
9614	-1.127632e+03
9615	-1.129127e+03
9616	-1.128329e+03
9617	-1.124479e+03
9618	-1.123989e+03
9619	-1.119891e+03
9620	-1.125336e+03
9621	-1.134888e+03
9622	-1.136861e+03
9623	-1.147144e+03
9624	-1.116966e+03
9625	-1.131684e+03
9626	-1.132218e+03
9627	-1.133404e+03
9628	-1.129954e+03
9629	-1.124486e+03
9630	-1.111137e+03
9631	-1.110277e+03
9632	-1.113185e+03
9633	-1.126965e+03
9634	-1.114542e+03
9635	-1.107204e+03
9636	-1.141249e+03
9637	-1.117978e+03
9638	-1.116524e+03
9639	-1.128881e+03
9640	-1.129936e+03
9641	-1.109882e+03
9642	-1.139234e+03
9643	-1.117265e+03
9644	-1.125480e+03
9645	-1.119997e+03
9646	-1.128358e+03
9647	-1.116233e+03
9648	-1.124211e+03
9649	-1.134066e+03
9650	-1.121224e+03
9651	-1.124438e+03
9652	-1.133102e+03
9653	-1.139035e+03
9654	-1.116341e+03
9655	-1.136222e+03
9656	-1.120641e+03
9657	-1.125283e+03
9658	-1.132647e+03
9659	-1.145938e+03
9660	-1.107137e+03
9661	-1.132523e+03
9662	-1.129264e+03
9663	-1.136620e+03
9664	-1.146511e+03
9665	-1.133649e+03
9666	-1.133712e+03
9667	-1.134750e+03
9668	-1.140378e+03
9669	-1.125928e+03
9670	-1.103406e+03
9671	-1.133781e+03
9672	-1.121522e+03
9673	-1.131653e+03
9674	-1.123991e+03
9675	-1.117241e+03
9676	-1.140163e+03
9677	-1.128381e+03
9678	-1.127038e+03
9679	-1.125469e+03
9680	-1.123302e+03
9681	-1.127929e+03
9682	-1.149048e+03
9683	-1.148497e+03
9684	-1.113927e+03
9685	-1.134719e+03
9686	-1.132423e+03
9687	-1.125458e+03
9688	-1.139994e+03
9689	-1.114665e+03
9690	-1.134764e+03
9691	-1.129069e+03
9692	-1.109008e+03
9693	-1.113681e+03
9694	-1.137772e+03
9695	-1.137459e+03
9696	-1.136731e+03
9697	-1.133673e+03
9698	-1.119691e+03
9699	-1.126496e+03
9700	-1.133062e+03
9701	-1.117839e+03
9702	-1.123781e+03
9703	-1.136657e+03
9704	-1.110357e+03
9705	-1.124717e+03
9706	-1.134289e+03
9707	-1.128017e+03
9708	-1.139455e+03
9709	-1.126724e+03
9710	-1.126836e+03
9711	-1.113829e+03
9712	-1.135030e+03
9713	-1.122748e+03
9714	-1.122746e+03
9715	-1.125290e+03
9716	-1.141898e+03
9717	-1.129158e+03
9718	-1.138814e+03
9719	-1.114897e+03
9720	-1.099969e+03
9721	-1.145319e+03
9722	-1.118064e+03
9723	-1.124902e+03
9724	-1.139759e+03
9725	-1.132036e+03
9726	-1.121702e+03
9727	-1.145615e+03
9728	-1.133515e+03
9729	-1.119761e+03
9730	-1.145151e+03
9731	-1.139939e+03
9732	-1.109664e+03
9733	-1.133743e+03
9734	-1.129078e+03
9735	-1.121026e+03
9736	-1.128619e+03
9737	-1.148770e+03
9738	-1.120764e+03
9739	-1.124418e+03
9740	-1.132731e+03
9741	-1.142536e+03
9742	-1.117567e+03
9743	-1.131038e+03
9744	-1.137315e+03
9745	-1.143530e+03
9746	-1.134795e+03
9747	-1.120455e+03
9748	-1.138780e+03
9749	-1.139938e+03
9750	-1.125334e+03
9751	-1.135551e+03
9752	-1.139328e+03
9753	-1.121520e+03
9754	-1.121949e+03
9755	-1.117490e+03
9756	-1.125617e+03
9757	-1.137808e+03
9758	-1.134976e+03
9759	-1.120522e+03
9760	-1.130562e+03
9761	-1.130833e+03
9762	-1.137483e+03
9763	-1.117064e+03
9764	-1.118430e+03
9765	-1.131296e+03
9766	-1.112829e+03
9767	-1.113527e+03
9768	-1.114882e+03
9769	-1.129329e+03
9770	-1.141393e+03
9771	-1.110902e+03
9772	-1.122611e+03
9773	-1.124414e+03
9774	-1.135349e+03
9775	-1.148998e+03
9776	-1.143162e+03
9777	-1.115578e+03
9778	-1.124669e+03
9779	-1.117583e+03
9780	-1.126779e+03
9781	-1.125128e+03
9782	-1.132381e+03
9783	-1.119581e+03
9784	-1.149730e+03
9785	-1.124835e+03
9786	-1.109780e+03
9787	-1.122097e+03
9788	-1.111436e+03
9789	-1.116315e+03
9790	-1.107287e+03
9791	-1.123371e+03
9792	-1.124380e+03
9793	-1.117153e+03
9794	-1.126094e+03
9795	-1.120029e+03
9796	-1.110242e+03
9797	-1.121069e+03
9798	-1.125127e+03
9799	-1.118284e+03
9800	-1.125894e+03
9801	-1.134896e+03
9802	-1.132907e+03
9803	-1.130655e+03
9804	-1.124802e+03
9805	-1.142087e+03
9806	-1.112504e+03
9807	-1.122569e+03
9808	-1.140198e+03
9809	-1.125648e+03
9810	-1.132738e+03
9811	-1.132968e+03
9812	-1.135830e+03
9813	-1.130251e+03
9814	-1.149570e+03
9815	-1.128878e+03
9816	-1.122056e+03
9817	-1.136944e+03
9818	-1.120493e+03
9819	-1.121582e+03
9820	-1.130008e+03
9821	-1.147803e+03
9822	-1.142298e+03
9823	-1.131302e+03
9824	-1.123094e+03
9825	-1.127672e+03
9826	-1.141437e+03
9827	-1.143866e+03
9828	-1.120313e+03
9829	-1.134234e+03
9830	-1.142895e+03
9831	-1.142320e+03
9832	-1.136942e+03
9833	-1.108199e+03
9834	-1.130369e+03
9835	-1.115364e+03
9836	-1.137661e+03
9837	-1.140349e+03
9838	-1.145727e+03
9839	-1.119196e+03
9840	-1.144261e+03
9841	-1.131468e+03
9842	-1.113225e+03
9843	-1.118117e+03
9844	-1.120154e+03
9845	-1.122570e+03
9846	-1.145378e+03
9847	-1.127457e+03
9848	-1.129967e+03
9849	-1.133322e+03
9850	-1.142898e+03
9851	-1.132422e+03
9852	-1.117100e+03
9853	-1.092198e+03
9854	-1.144728e+03
9855	-1.129926e+03
9856	-1.127515e+03
9857	-1.117225e+03
9858	-1.120542e+03
9859	-1.144572e+03
9860	-1.139638e+03
9861	-1.146808e+03
9862	-1.118784e+03
9863	-1.106858e+03
9864	-1.142617e+03
9865	-1.144319e+03
9866	-1.127079e+03
9867	-1.119541e+03
9868	-1.138922e+03
9869	-1.149203e+03
9870	-1.122982e+03
9871	-1.133251e+03
9872	-1.140353e+03
9873	-1.118493e+03
9874	-1.124912e+03
9875	-1.120600e+03
9876	-1.127182e+03
9877	-1.143625e+03
9878	-1.119011e+03
9879	-1.129489e+03
9880	-1.146987e+03
9881	-1.117356e+03
9882	-1.109793e+03
9883	-1.131014e+03
9884	-1.142187e+03
9885	-1.140238e+03
9886	-1.123683e+03
9887	-1.138223e+03
9888	-1.112697e+03
9889	-1.115196e+03
9890	-1.139644e+03
9891	-1.136091e+03
9892	-1.130033e+03
9893	-1.125100e+03
9894	-1.140701e+03
9895	-1.122655e+03
9896	-1.127322e+03
9897	-1.153219e+03
9898	-1.129838e+03
9899	-1.129821e+03
9900	-1.127443e+03
9901	-1.150175e+03
9902	-1.143853e+03
9903	-1.118147e+03
9904	-1.124734e+03
9905	-1.129166e+03
9906	-1.153369e+03
9907	-1.133218e+03
9908	-1.119534e+03
9909	-1.140527e+03
9910	-1.121897e+03
9911	-1.108958e+03
9912	-1.128660e+03
9913	-1.132967e+03
9914	-1.125333e+03
9915	-1.131460e+03
9916	-1.112247e+03
9917	-1.125355e+03
9918	-1.124118e+03
9919	-1.144921e+03
9920	-1.119454e+03
9921	-1.131137e+03
9922	-1.147717e+03
9923	-1.125680e+03
9924	-1.129171e+03
9925	-1.120301e+03
9926	-1.126951e+03
9927	-1.146304e+03
9928	-1.119724e+03
9929	-1.107748e+03
9930	-1.132105e+03
9931	-1.134412e+03
9932	-1.125541e+03
9933	-1.126187e+03
9934	-1.123955e+03
9935	-1.120289e+03
9936	-1.129999e+03
9937	-1.113607e+03
9938	-1.125343e+03
9939	-1.123207e+03
9940	-1.126737e+03
9941	-1.108790e+03
9942	-1.134357e+03
9943	-1.121795e+03
9944	-1.146773e+03
9945	-1.127701e+03
9946	-1.125776e+03
9947	-1.131327e+03
9948	-1.120799e+03
9949	-1.149981e+03
9950	-1.134082e+03
9951	-1.134944e+03
9952	-1.124423e+03
9953	-1.142799e+03
9954	-1.117682e+03
9955	-1.124344e+03
9956	-1.136920e+03
9957	-1.150300e+03
9958	-1.115101e+03
9959	-1.121495e+03
9960	-1.130855e+03
9961	-1.141663e+03
9962	-1.133687e+03
9963	-1.126596e+03
9964	-1.142447e+03
9965	-1.119970e+03
9966	-1.133687e+03
9967	-1.126958e+03
9968	-1.111034e+03
9969	-1.123014e+03
9970	-1.128042e+03
9971	-1.132197e+03
9972	-1.147358e+03
9973	-1.127454e+03
9974	-1.128790e+03
9975	-1.127178e+03
9976	-1.119758e+03
9977	-1.118568e+03
9978	-1.140393e+03
9979	-1.132699e+03
9980	-1.115293e+03
9981	-1.138337e+03
9982	-1.132525e+03
9983	-1.132131e+03
9984	-1.121932e+03
9985	-1.122356e+03
9986	-1.139776e+03
9987	-1.118967e+03
9988	-1.118884e+03
9989	-1.107575e+03
9990	-1.120793e+03
9991	-1.145690e+03
9992	-1.139916e+03
9993	-1.127363e+03
9994	-1.128468e+03
9995	-1.128062e+03
9996	-1.095767e+03
9997	-1.131700e+03
9998	-1.141472e+03
9999	-1.142323e+03
10000	-1.137633e+03
