iteration	loss
0	0.000000e+00
1	-1.007785e+01
2	-1.882652e+01
3	-2.708442e+01
4	-3.386123e+01
5	-4.032067e+01
6	-4.480183e+01
7	-4.704730e+01
8	-5.479146e+01
9	-5.620475e+01
10	-5.890979e+01
11	-6.406282e+01
12	-6.307874e+01
13	-6.645636e+01
14	-6.740731e+01
15	-6.814161e+01
16	-7.074930e+01
17	-7.475862e+01
18	-6.982880e+01
19	-7.502120e+01
20	-7.140318e+01
21	-7.165868e+01
22	-7.198552e+01
23	-7.061491e+01
24	-7.376118e+01
25	-7.196744e+01
26	-6.906240e+01
27	-7.323452e+01
28	-6.935254e+01
29	-7.157102e+01
30	-7.173692e+01
31	-7.149052e+01
32	-7.371717e+01
33	-6.905785e+01
34	-7.121098e+01
35	-7.196194e+01
36	-7.319166e+01
37	-7.304621e+01
38	-7.666516e+01
39	-7.653564e+01
40	-7.146200e+01
41	-7.368811e+01
42	-7.324252e+01
43	-7.324455e+01
44	-7.524558e+01
45	-7.252646e+01
46	-7.278483e+01
47	-7.552383e+01
48	-7.256224e+01
49	-7.406195e+01
50	-7.468943e+01
51	-7.396583e+01
52	-7.443017e+01
53	-6.936350e+01
54	-7.415279e+01
55	-7.157249e+01
56	-7.310507e+01
57	-7.247203e+01
58	-7.226229e+01
59	-7.523015e+01
60	-7.285098e+01
61	-7.113975e+01
62	-7.062824e+01
63	-7.394081e+01
64	-7.378839e+01
65	-7.306850e+01
66	-7.410557e+01
67	-7.070658e+01
68	-7.584924e+01
69	-7.430227e+01
70	-7.424496e+01
71	-7.231532e+01
72	-7.136504e+01
73	-7.739933e+01
74	-7.289873e+01
75	-7.423858e+01
76	-7.443700e+01
77	-7.116804e+01
78	-7.387797e+01
79	-7.538990e+01
80	-7.381182e+01
81	-7.496716e+01
82	-7.319684e+01
83	-7.586963e+01
84	-7.146456e+01
85	-7.397074e+01
86	-7.539571e+01
87	-6.967126e+01
88	-7.189061e+01
89	-7.380545e+01
90	-7.476445e+01
91	-7.192897e+01
92	-7.294663e+01
93	-7.152819e+01
94	-7.161803e+01
95	-7.523387e+01
96	-7.316077e+01
97	-7.551431e+01
98	-7.021620e+01
99	-7.149580e+01
100	-7.345110e+01
101	-7.242252e+01
102	-6.994200e+01
103	-7.463217e+01
104	-7.368295e+01
105	-7.371918e+01
106	-7.411958e+01
107	-7.274726e+01
108	-7.244692e+01
109	-7.228820e+01
110	-7.309459e+01
111	-7.317251e+01
112	-7.592589e+01
113	-7.028121e+01
114	-7.092107e+01
115	-7.404592e+01
116	-7.164193e+01
117	-7.227772e+01
118	-7.139307e+01
119	-7.457173e+01
120	-7.153998e+01
121	-7.349436e+01
122	-7.028646e+01
123	-7.152837e+01
124	-7.196504e+01
125	-7.516170e+01
126	-7.150141e+01
127	-7.353616e+01
128	-7.058402e+01
129	-7.309243e+01
130	-7.375065e+01
131	-7.437438e+01
132	-7.516472e+01
133	-7.521147e+01
134	-6.986753e+01
135	-7.301633e+01
136	-7.321861e+01
137	-7.588974e+01
138	-7.148236e+01
139	-7.340841e+01
140	-7.590683e+01
141	-7.529466e+01
142	-7.181647e+01
143	-7.264470e+01
144	-7.344966e+01
145	-7.549238e+01
146	-7.139622e+01
147	-7.053648e+01
148	-7.575923e+01
149	-7.515545e+01
150	-7.622739e+01
151	-7.268332e+01
152	-7.302253e+01
153	-7.412343e+01
154	-7.411812e+01
155	-7.471308e+01
156	-7.317466e+01
157	-7.553479e+01
158	-7.603020e+01
159	-7.299536e+01
160	-7.194184e+01
161	-7.040232e+01
162	-7.602850e+01
163	-7.576772e+01
164	-7.423639e+01
165	-7.396690e+01
166	-7.312506e+01
167	-7.183173e+01
168	-7.396239e+01
169	-7.252022e+01
170	-7.733826e+01
171	-7.361972e+01
172	-7.256334e+01
173	-7.059147e+01
174	-7.204005e+01
175	-7.194724e+01
176	-7.424173e+01
177	-7.437961e+01
178	-7.119072e+01
179	-7.083965e+01
180	-7.193878e+01
181	-7.216593e+01
182	-7.598613e+01
183	-7.197397e+01
184	-7.040602e+01
185	-7.357569e+01
186	-7.678802e+01
187	-7.547591e+01
188	-7.786910e+01
189	-7.130051e+01
190	-7.400717e+01
191	-7.379684e+01
192	-7.254636e+01
193	-7.463738e+01
194	-7.440185e+01
195	-7.559348e+01
196	-7.310227e+01
197	-7.590924e+01
198	-7.132005e+01
199	-6.837208e+01
200	-7.406933e+01
201	-7.377315e+01
202	-6.984989e+01
203	-7.009467e+01
204	-7.593661e+01
205	-7.748361e+01
206	-7.262904e+01
207	-7.354812e+01
208	-7.099347e+01
209	-7.597562e+01
210	-7.230799e+01
211	-7.424184e+01
212	-7.493357e+01
213	-7.417710e+01
214	-7.586321e+01
215	-7.621896e+01
216	-7.455817e+01
217	-7.242790e+01
218	-7.257104e+01
219	-7.301686e+01
220	-7.352244e+01
221	-7.534444e+01
222	-7.500323e+01
223	-7.057892e+01
224	-7.352819e+01
225	-7.483230e+01
226	-7.423958e+01
227	-7.158096e+01
228	-7.623000e+01
229	-7.304987e+01
230	-7.278501e+01
231	-7.281550e+01
232	-7.062200e+01
233	-7.084540e+01
234	-6.825042e+01
235	-7.315074e+01
236	-7.396422e+01
237	-7.506182e+01
238	-7.305448e+01
239	-7.441364e+01
240	-7.228186e+01
241	-7.309362e+01
242	-7.201819e+01
243	-7.041122e+01
244	-7.451658e+01
245	-7.011056e+01
246	-7.680301e+01
247	-7.224878e+01
248	-7.252570e+01
249	-7.503842e+01
250	-7.183660e+01
251	-7.292712e+01
252	-7.442793e+01
253	-6.960510e+01
254	-7.510436e+01
255	-7.418083e+01
256	-7.516924e+01
257	-7.137047e+01
258	-7.552291e+01
259	-7.413692e+01
260	-7.077882e+01
261	-7.429597e+01
262	-7.463136e+01
263	-7.459772e+01
264	-7.292446e+01
265	-7.232577e+01
266	-7.067153e+01
267	-7.217406e+01
268	-7.400407e+01
269	-7.518223e+01
270	-7.350719e+01
271	-6.764494e+01
272	-7.288711e+01
273	-7.105926e+01
274	-7.272511e+01
275	-7.464856e+01
276	-7.704250e+01
277	-7.309379e+01
278	-7.513826e+01
279	-7.309796e+01
280	-7.311042e+01
281	-7.123449e+01
282	-6.978647e+01
283	-7.272323e+01
284	-7.085599e+01
285	-7.412055e+01
286	-7.584622e+01
287	-7.342693e+01
288	-7.530893e+01
289	-7.472109e+01
290	-7.157028e+01
291	-6.856031e+01
292	-7.393616e+01
293	-7.317983e+01
294	-7.144723e+01
295	-7.298360e+01
296	-7.766634e+01
297	-7.326040e+01
298	-7.021182e+01
299	-7.303326e+01
300	-7.190981e+01
301	-7.381463e+01
302	-7.506356e+01
303	-7.614686e+01
304	-7.623325e+01
305	-7.329041e+01
306	-7.042175e+01
307	-7.155049e+01
308	-7.103183e+01
309	-7.519692e+01
310	-7.115068e+01
311	-7.569956e+01
312	-7.093002e+01
313	-7.311066e+01
314	-7.667626e+01
315	-7.266643e+01
316	-7.284676e+01
317	-6.995928e+01
318	-7.611781e+01
319	-7.445392e+01
320	-7.267247e+01
321	-7.301361e+01
322	-7.354303e+01
323	-7.212514e+01
324	-7.462513e+01
325	-7.192826e+01
326	-7.524019e+01
327	-7.348890e+01
328	-7.250102e+01
329	-7.046758e+01
330	-7.550749e+01
331	-7.528486e+01
332	-7.616931e+01
333	-7.173556e+01
334	-7.452597e+01
335	-7.172178e+01
336	-7.441998e+01
337	-7.293738e+01
338	-7.250092e+01
339	-7.232605e+01
340	-7.194251e+01
341	-7.246819e+01
342	-7.515857e+01
343	-7.365396e+01
344	-7.323550e+01
345	-7.344638e+01
346	-7.395762e+01
347	-7.363176e+01
348	-7.228071e+01
349	-7.001379e+01
350	-7.223303e+01
351	-7.588841e+01
352	-7.250210e+01
353	-7.341075e+01
354	-7.451011e+01
355	-7.203534e+01
356	-7.191398e+01
357	-7.353128e+01
358	-7.129508e+01
359	-7.242121e+01
360	-7.504325e+01
361	-7.240197e+01
362	-7.594727e+01
363	-7.351925e+01
364	-7.411937e+01
365	-7.718534e+01
366	-7.559952e+01
367	-7.342706e+01
368	-7.404243e+01
369	-7.245141e+01
370	-7.271373e+01
371	-7.254933e+01
372	-7.766537e+01
373	-7.316919e+01
374	-7.123508e+01
375	-7.379208e+01
376	-7.376794e+01
377	-6.962530e+01
378	-7.229672e+01
379	-7.272449e+01
380	-7.490866e+01
381	-7.331521e+01
382	-7.681879e+01
383	-7.519250e+01
384	-7.056379e+01
385	-7.064011e+01
386	-7.193411e+01
387	-7.610707e+01
388	-7.278964e+01
389	-7.250669e+01
390	-7.535720e+01
391	-7.591144e+01
392	-7.337459e+01
393	-7.533940e+01
394	-7.262718e+01
395	-7.326649e+01
396	-7.684580e+01
397	-7.380487e+01
398	-7.424007e+01
399	-7.108511e+01
400	-7.466067e+01
401	-7.462735e+01
402	-7.503269e+01
403	-7.261605e+01
404	-7.282075e+01
405	-6.853188e+01
406	-7.229851e+01
407	-7.275610e+01
408	-7.495137e+01
409	-7.036801e+01
410	-7.266862e+01
411	-7.121785e+01
412	-7.453994e+01
413	-7.150363e+01
414	-7.364670e+01
415	-7.524420e+01
416	-7.728809e+01
417	-6.945326e+01
418	-7.381123e+01
419	-7.813393e+01
420	-7.296560e+01
421	-7.275179e+01
422	-7.373219e+01
423	-7.112045e+01
424	-7.286158e+01
425	-7.231335e+01
426	-7.566532e+01
427	-7.478605e+01
428	-7.530388e+01
429	-7.305715e+01
430	-7.305368e+01
431	-7.679959e+01
432	-7.307944e+01
433	-7.192146e+01
434	-7.300929e+01
435	-7.659803e+01
436	-7.549299e+01
437	-7.330230e+01
438	-7.316562e+01
439	-7.606037e+01
440	-7.300297e+01
441	-7.139881e+01
442	-7.256846e+01
443	-7.376772e+01
444	-7.086916e+01
445	-7.557657e+01
446	-7.159925e+01
447	-7.325502e+01
448	-7.109662e+01
449	-7.231616e+01
450	-7.078817e+01
451	-6.969371e+01
452	-7.183457e+01
453	-7.126519e+01
454	-7.565788e+01
455	-7.560909e+01
456	-7.421791e+01
457	-7.444072e+01
458	-7.291205e+01
459	-7.564643e+01
460	-7.176074e+01
461	-7.396091e+01
462	-6.858705e+01
463	-6.988930e+01
464	-7.110564e+01
465	-7.317197e+01
466	-7.074253e+01
467	-7.273408e+01
468	-7.526754e+01
469	-7.218849e+01
470	-7.303135e+01
471	-7.108592e+01
472	-7.071940e+01
473	-7.297245e+01
474	-7.343333e+01
475	-7.324799e+01
476	-7.250065e+01
477	-7.188065e+01
478	-7.041711e+01
479	-7.636279e+01
480	-7.420379e+01
481	-7.247465e+01
482	-7.184451e+01
483	-6.879376e+01
484	-7.304885e+01
485	-7.398232e+01
486	-7.267590e+01
487	-7.535154e+01
488	-7.193942e+01
489	-7.165380e+01
490	-7.146981e+01
491	-7.303595e+01
492	-7.210698e+01
493	-7.709235e+01
494	-7.294414e+01
495	-7.173063e+01
496	-7.257103e+01
497	-6.907898e+01
498	-7.199109e+01
499	-7.134520e+01
500	-7.325862e+01
501	-7.553956e+01
502	-7.308582e+01
503	-7.304395e+01
504	-7.002713e+01
505	-7.732899e+01
506	-7.384309e+01
507	-7.351026e+01
508	-7.376043e+01
509	-7.275115e+01
510	-7.276339e+01
511	-7.718387e+01
512	-7.513898e+01
513	-7.396978e+01
514	-7.593421e+01
515	-7.922272e+01
516	-7.299592e+01
517	-6.975376e+01
518	-7.295992e+01
519	-7.292943e+01
520	-7.213081e+01
521	-7.642187e+01
522	-7.586482e+01
523	-7.288727e+01
524	-7.645323e+01
525	-7.302282e+01
526	-7.282899e+01
527	-7.035613e+01
528	-7.452898e+01
529	-7.501229e+01
530	-7.289139e+01
531	-7.588051e+01
532	-7.032882e+01
533	-7.182332e+01
534	-7.557951e+01
535	-7.382768e+01
536	-7.655496e+01
537	-7.424986e+01
538	-6.843428e+01
539	-7.544397e+01
540	-6.933448e+01
541	-7.452121e+01
542	-7.543488e+01
543	-7.323105e+01
544	-7.209399e+01
545	-7.640446e+01
546	-7.431879e+01
547	-7.249580e+01
548	-7.354621e+01
549	-7.544268e+01
550	-7.468015e+01
551	-7.326757e+01
552	-7.165243e+01
553	-7.456982e+01
554	-6.802856e+01
555	-7.481109e+01
556	-7.492758e+01
557	-7.185811e+01
558	-6.905262e+01
559	-6.983832e+01
560	-7.462180e+01
561	-7.086826e+01
562	-7.340884e+01
563	-7.464579e+01
564	-7.309691e+01
565	-7.295351e+01
566	-7.155736e+01
567	-7.194530e+01
568	-7.677218e+01
569	-7.583523e+01
570	-7.435053e+01
571	-7.233757e+01
572	-7.368310e+01
573	-6.974671e+01
574	-7.274716e+01
575	-7.461336e+01
576	-7.744971e+01
577	-7.327286e+01
578	-7.314423e+01
579	-7.316749e+01
580	-7.280224e+01
581	-7.449444e+01
582	-7.318306e+01
583	-7.314873e+01
584	-7.465673e+01
585	-7.073983e+01
586	-7.260700e+01
587	-7.456431e+01
588	-7.262928e+01
589	-7.100430e+01
590	-7.499296e+01
591	-7.414069e+01
592	-7.246504e+01
593	-6.885745e+01
594	-7.292541e+01
595	-6.815952e+01
596	-7.268258e+01
597	-7.123138e+01
598	-7.440852e+01
599	-7.656519e+01
600	-7.334727e+01
601	-7.343897e+01
602	-7.147905e+01
603	-7.502929e+01
604	-7.385024e+01
605	-7.752797e+01
606	-7.544845e+01
607	-7.460755e+01
608	-7.606585e+01
609	-7.442989e+01
610	-7.402374e+01
611	-7.094222e+01
612	-7.267741e+01
613	-7.482362e+01
614	-7.076339e+01
615	-7.496603e+01
616	-7.421642e+01
617	-6.912477e+01
618	-7.774069e+01
619	-7.535085e+01
620	-7.153298e+01
621	-7.429460e+01
622	-7.440352e+01
623	-7.231687e+01
624	-7.191456e+01
625	-7.303874e+01
626	-7.485909e+01
627	-7.321655e+01
628	-7.150159e+01
629	-7.384500e+01
630	-7.879904e+01
631	-7.632108e+01
632	-7.647053e+01
633	-7.585767e+01
634	-7.073379e+01
635	-7.264952e+01
636	-7.403940e+01
637	-7.499735e+01
638	-7.144779e+01
639	-7.379164e+01
640	-7.561540e+01
641	-7.496653e+01
642	-6.898937e+01
643	-7.234564e+01
644	-7.166655e+01
645	-7.525196e+01
646	-7.236557e+01
647	-7.335277e+01
648	-7.569400e+01
649	-7.367106e+01
650	-7.549273e+01
651	-7.198698e+01
652	-7.276587e+01
653	-7.176906e+01
654	-7.652046e+01
655	-7.191907e+01
656	-7.073692e+01
657	-7.216584e+01
658	-7.339882e+01
659	-7.437023e+01
660	-7.277818e+01
661	-7.157092e+01
662	-7.302103e+01
663	-7.171856e+01
664	-7.434689e+01
665	-7.351330e+01
666	-7.359983e+01
667	-7.624130e+01
668	-7.623931e+01
669	-7.430110e+01
670	-7.241621e+01
671	-6.787048e+01
672	-7.475239e+01
673	-7.333657e+01
674	-7.220130e+01
675	-7.408584e+01
676	-7.466955e+01
677	-7.515085e+01
678	-7.180919e+01
679	-7.618766e+01
680	-7.059872e+01
681	-7.069171e+01
682	-7.106440e+01
683	-7.187830e+01
684	-7.192056e+01
685	-7.642766e+01
686	-7.440593e+01
687	-7.330653e+01
688	-7.435751e+01
689	-6.803037e+01
690	-7.395553e+01
691	-7.435124e+01
692	-7.296901e+01
693	-7.195948e+01
694	-7.285714e+01
695	-7.348120e+01
696	-7.318535e+01
697	-7.177002e+01
698	-7.169619e+01
699	-7.525289e+01
700	-7.481354e+01
701	-6.905635e+01
702	-7.065297e+01
703	-7.389530e+01
704	-7.380005e+01
705	-7.225654e+01
706	-7.218675e+01
707	-7.316046e+01
708	-7.129534e+01
709	-7.586520e+01
710	-7.263685e+01
711	-7.419024e+01
712	-7.302574e+01
713	-7.517826e+01
714	-6.900326e+01
715	-7.246484e+01
716	-7.011828e+01
717	-7.194810e+01
718	-7.546537e+01
719	-7.405514e+01
720	-7.138472e+01
721	-7.586662e+01
722	-7.067613e+01
723	-6.951416e+01
724	-7.198907e+01
725	-7.451691e+01
726	-7.177229e+01
727	-7.102287e+01
728	-7.410355e+01
729	-7.718491e+01
730	-7.460707e+01
731	-7.210694e+01
732	-7.025399e+01
733	-7.061164e+01
734	-7.340579e+01
735	-7.174996e+01
736	-7.204613e+01
737	-6.977771e+01
738	-7.578248e+01
739	-7.568600e+01
740	-7.290449e+01
741	-7.363108e+01
742	-7.279815e+01
743	-7.404389e+01
744	-7.313058e+01
745	-7.261317e+01
746	-6.795349e+01
747	-7.583588e+01
748	-7.531677e+01
749	-7.392457e+01
750	-7.217855e+01
751	-7.127324e+01
752	-6.873944e+01
753	-7.391591e+01
754	-7.149914e+01
755	-7.307764e+01
756	-7.448798e+01
757	-7.287213e+01
758	-7.570971e+01
759	-7.012454e+01
760	-7.120514e+01
761	-7.394897e+01
762	-7.447187e+01
763	-7.178458e+01
764	-7.512099e+01
765	-7.284085e+01
766	-7.329573e+01
767	-7.115842e+01
768	-7.176378e+01
769	-7.206719e+01
770	-7.185272e+01
771	-7.042262e+01
772	-6.727679e+01
773	-7.687429e+01
774	-7.414816e+01
775	-7.311662e+01
776	-7.328997e+01
777	-7.365149e+01
778	-7.405201e+01
779	-7.279489e+01
780	-7.221298e+01
781	-7.497385e+01
782	-6.947234e+01
783	-7.402681e+01
784	-7.045761e+01
785	-7.710279e+01
786	-7.265429e+01
787	-7.259656e+01
788	-7.386538e+01
789	-7.430520e+01
790	-7.784336e+01
791	-7.287790e+01
792	-7.260608e+01
793	-7.180455e+01
794	-7.282034e+01
795	-7.507949e+01
796	-7.027023e+01
797	-7.378888e+01
798	-7.044658e+01
799	-7.361146e+01
800	-7.537184e+01
801	-7.594101e+01
802	-7.148376e+01
803	-7.180041e+01
804	-7.594367e+01
805	-7.205407e+01
806	-7.466752e+01
807	-7.438524e+01
808	-7.449855e+01
809	-7.200775e+01
810	-7.369117e+01
811	-6.915984e+01
812	-7.458972e+01
813	-6.981566e+01
814	-7.274725e+01
815	-6.967747e+01
816	-7.652131e+01
817	-7.142362e+01
818	-7.576103e+01
819	-6.923550e+01
820	-7.328684e+01
821	-7.437281e+01
822	-7.378846e+01
823	-7.399183e+01
824	-7.450543e+01
825	-7.348629e+01
826	-7.236517e+01
827	-7.305074e+01
828	-7.283212e+01
829	-7.192279e+01
830	-7.573379e+01
831	-7.193796e+01
832	-7.483800e+01
833	-7.411717e+01
834	-7.568243e+01
835	-7.411241e+01
836	-7.155129e+01
837	-7.086043e+01
838	-7.345172e+01
839	-7.122250e+01
840	-7.460254e+01
841	-7.675269e+01
842	-6.916127e+01
843	-7.250858e+01
844	-7.563138e+01
845	-7.230147e+01
846	-7.369592e+01
847	-7.305531e+01
848	-6.748004e+01
849	-7.115055e+01
850	-7.247254e+01
851	-7.135830e+01
852	-7.068936e+01
853	-7.370693e+01
854	-7.479829e+01
855	-7.432399e+01
856	-7.355219e+01
857	-7.233713e+01
858	-7.288681e+01
859	-7.351088e+01
860	-7.470912e+01
861	-7.117943e+01
862	-7.659336e+01
863	-7.257827e+01
864	-7.630616e+01
865	-7.551736e+01
866	-7.220461e+01
867	-7.813609e+01
868	-7.031920e+01
869	-7.168616e+01
870	-7.403365e+01
871	-7.472537e+01
872	-7.491331e+01
873	-7.210876e+01
874	-7.118463e+01
875	-7.534766e+01
876	-7.285064e+01
877	-7.792995e+01
878	-7.617319e+01
879	-7.424880e+01
880	-7.176784e+01
881	-7.401542e+01
882	-7.470491e+01
883	-7.023907e+01
884	-7.131060e+01
885	-7.067966e+01
886	-7.646376e+01
887	-7.565495e+01
888	-7.207080e+01
889	-7.407357e+01
890	-7.555201e+01
891	-7.536909e+01
892	-7.191108e+01
893	-7.409534e+01
894	-7.332268e+01
895	-7.307304e+01
896	-7.753960e+01
897	-7.047541e+01
898	-7.578011e+01
899	-7.344144e+01
900	-7.235624e+01
901	-7.535842e+01
902	-7.269978e+01
903	-7.503255e+01
904	-7.204998e+01
905	-7.580192e+01
906	-7.432948e+01
907	-7.327463e+01
908	-7.557552e+01
909	-7.038666e+01
910	-7.438182e+01
911	-7.357325e+01
912	-6.801719e+01
913	-7.403487e+01
914	-7.328212e+01
915	-7.097094e+01
916	-7.091777e+01
917	-7.259557e+01
918	-7.620628e+01
919	-7.090863e+01
920	-7.494435e+01
921	-7.318310e+01
922	-7.334535e+01
923	-7.498114e+01
924	-7.361218e+01
925	-7.019964e+01
926	-7.499331e+01
927	-7.403469e+01
928	-7.136514e+01
929	-7.642373e+01
930	-7.430328e+01
931	-7.343638e+01
932	-7.518979e+01
933	-7.736416e+01
934	-7.390496e+01
935	-7.101720e+01
936	-7.305606e+01
937	-7.369136e+01
938	-7.421794e+01
939	-7.167501e+01
940	-7.529153e+01
941	-7.013503e+01
942	-6.967927e+01
943	-7.034722e+01
944	-7.144231e+01
945	-7.292038e+01
946	-7.498986e+01
947	-7.491487e+01
948	-7.171288e+01
949	-7.376933e+01
950	-6.815769e+01
951	-7.435936e+01
952	-7.227668e+01
953	-7.470119e+01
954	-7.482933e+01
955	-7.162102e+01
956	-7.135386e+01
957	-7.381483e+01
958	-7.457423e+01
959	-7.517671e+01
960	-7.085121e+01
961	-7.454253e+01
962	-7.329641e+01
963	-7.757152e+01
964	-7.359931e+01
965	-7.341441e+01
966	-7.298756e+01
967	-7.413250e+01
968	-7.714193e+01
969	-7.520163e+01
970	-7.226646e+01
971	-7.374076e+01
972	-7.287875e+01
973	-7.645841e+01
974	-7.063943e+01
975	-7.204703e+01
976	-7.259393e+01
977	-7.256782e+01
978	-6.988326e+01
979	-7.083410e+01
980	-7.252231e+01
981	-7.256661e+01
982	-7.012268e+01
983	-7.285177e+01
984	-7.067709e+01
985	-7.520767e+01
986	-7.205803e+01
987	-7.274001e+01
988	-7.574004e+01
989	-7.410491e+01
990	-6.870578e+01
991	-7.588558e+01
992	-7.190351e+01
993	-7.609067e+01
994	-7.612647e+01
995	-7.384042e+01
996	-7.634050e+01
997	-7.320869e+01
998	-7.571309e+01
999	-7.423050e+01
1000	-7.151530e+01
1001	-7.514316e+01
1002	-6.871319e+01
1003	-7.637469e+01
1004	-7.465081e+01
1005	-7.268523e+01
1006	-7.167348e+01
1007	-7.407380e+01
1008	-7.313970e+01
1009	-7.381123e+01
1010	-7.414330e+01
1011	-7.552078e+01
1012	-7.489201e+01
1013	-7.185469e+01
1014	-7.653779e+01
1015	-7.386087e+01
1016	-7.393829e+01
1017	-7.082632e+01
1018	-7.124616e+01
1019	-7.526776e+01
1020	-7.285569e+01
1021	-7.352897e+01
1022	-7.215241e+01
1023	-7.277476e+01
1024	-7.264983e+01
1025	-7.612323e+01
1026	-7.457766e+01
1027	-7.085549e+01
1028	-7.609599e+01
1029	-7.567695e+01
1030	-7.419676e+01
1031	-7.358317e+01
1032	-7.141556e+01
1033	-7.201552e+01
1034	-7.097878e+01
1035	-7.294146e+01
1036	-7.227395e+01
1037	-7.144698e+01
1038	-7.548977e+01
1039	-6.946486e+01
1040	-7.509713e+01
1041	-7.297324e+01
1042	-7.523289e+01
1043	-7.055820e+01
1044	-7.551515e+01
1045	-7.592605e+01
1046	-7.250304e+01
1047	-7.332576e+01
1048	-7.442804e+01
1049	-7.526713e+01
1050	-7.270882e+01
1051	-7.334353e+01
1052	-7.239617e+01
1053	-7.291328e+01
1054	-7.193972e+01
1055	-7.313614e+01
1056	-7.188412e+01
1057	-7.283056e+01
1058	-7.097804e+01
1059	-7.464475e+01
1060	-7.473943e+01
1061	-7.216166e+01
1062	-7.058316e+01
1063	-7.268187e+01
1064	-7.359571e+01
1065	-7.248629e+01
1066	-7.272036e+01
1067	-7.443467e+01
1068	-7.150881e+01
1069	-7.178158e+01
1070	-7.353017e+01
1071	-7.407808e+01
1072	-7.298741e+01
1073	-7.302186e+01
1074	-7.397527e+01
1075	-7.517016e+01
1076	-7.534232e+01
1077	-7.300625e+01
1078	-7.513115e+01
1079	-7.043109e+01
1080	-7.427947e+01
1081	-7.605201e+01
1082	-7.510717e+01
1083	-7.480794e+01
1084	-7.577596e+01
1085	-7.623915e+01
1086	-7.444091e+01
1087	-7.109428e+01
1088	-7.324351e+01
1089	-7.083308e+01
1090	-7.277077e+01
1091	-7.174248e+01
1092	-7.208016e+01
1093	-7.674821e+01
1094	-7.215550e+01
1095	-7.380725e+01
1096	-7.647911e+01
1097	-7.711400e+01
1098	-7.385435e+01
1099	-7.353483e+01
1100	-7.417436e+01
1101	-7.353666e+01
1102	-7.259708e+01
1103	-7.405764e+01
1104	-7.435447e+01
1105	-7.361895e+01
1106	-7.235202e+01
1107	-7.212419e+01
1108	-7.946084e+01
1109	-7.672952e+01
1110	-7.229380e+01
1111	-7.409099e+01
1112	-7.181018e+01
1113	-7.570855e+01
1114	-7.142197e+01
1115	-7.207409e+01
1116	-7.422549e+01
1117	-6.961694e+01
1118	-7.314556e+01
1119	-7.527051e+01
1120	-7.534761e+01
1121	-7.121447e+01
1122	-7.201862e+01
1123	-6.921725e+01
1124	-7.552591e+01
1125	-7.496352e+01
1126	-7.596160e+01
1127	-7.046563e+01
1128	-7.528530e+01
1129	-7.528099e+01
1130	-6.947725e+01
1131	-7.430794e+01
1132	-7.130812e+01
1133	-7.234129e+01
1134	-7.447624e+01
1135	-7.091913e+01
1136	-7.563143e+01
1137	-7.336464e+01
1138	-7.338549e+01
1139	-7.156873e+01
1140	-7.412808e+01
1141	-7.637423e+01
1142	-7.010924e+01
1143	-7.223644e+01
1144	-7.374673e+01
1145	-7.157108e+01
1146	-7.607111e+01
1147	-7.275588e+01
1148	-6.960789e+01
1149	-7.626498e+01
1150	-7.350244e+01
1151	-7.026580e+01
1152	-7.407869e+01
1153	-7.209592e+01
1154	-7.017232e+01
1155	-7.328397e+01
1156	-7.106352e+01
1157	-7.207715e+01
1158	-7.129495e+01
1159	-7.193241e+01
1160	-7.250999e+01
1161	-7.341377e+01
1162	-7.362326e+01
1163	-7.312985e+01
1164	-7.776276e+01
1165	-7.428543e+01
1166	-7.961922e+01
1167	-7.521909e+01
1168	-7.188797e+01
1169	-7.505427e+01
1170	-7.621264e+01
1171	-7.287443e+01
1172	-7.346929e+01
1173	-7.544490e+01
1174	-7.125219e+01
1175	-7.313186e+01
1176	-7.283709e+01
1177	-7.458514e+01
1178	-7.445886e+01
1179	-7.130014e+01
1180	-7.638721e+01
1181	-7.302941e+01
1182	-7.345437e+01
1183	-7.151913e+01
1184	-7.440189e+01
1185	-7.368104e+01
1186	-7.810245e+01
1187	-7.043522e+01
1188	-7.427340e+01
1189	-7.171063e+01
1190	-7.470856e+01
1191	-7.658411e+01
1192	-7.341086e+01
1193	-7.242844e+01
1194	-7.428507e+01
1195	-7.616593e+01
1196	-7.240298e+01
1197	-7.342759e+01
1198	-7.185140e+01
1199	-7.383685e+01
1200	-7.435595e+01
1201	-7.251640e+01
1202	-7.202233e+01
1203	-7.736948e+01
1204	-7.162438e+01
1205	-7.303212e+01
1206	-7.205921e+01
1207	-7.328048e+01
1208	-7.382719e+01
1209	-7.114345e+01
1210	-7.286028e+01
1211	-7.593777e+01
1212	-7.193838e+01
1213	-7.292611e+01
1214	-7.174920e+01
1215	-7.154417e+01
1216	-7.252817e+01
1217	-7.797323e+01
1218	-7.162596e+01
1219	-7.367844e+01
1220	-7.295686e+01
1221	-7.559134e+01
1222	-7.519530e+01
1223	-7.190864e+01
1224	-7.153491e+01
1225	-7.827367e+01
1226	-6.865884e+01
1227	-7.283092e+01
1228	-7.193253e+01
1229	-7.646462e+01
1230	-7.071044e+01
1231	-6.853141e+01
1232	-7.466794e+01
1233	-7.087992e+01
1234	-7.303231e+01
1235	-7.249267e+01
1236	-7.139652e+01
1237	-7.383819e+01
1238	-7.315988e+01
1239	-6.925718e+01
1240	-7.117837e+01
1241	-7.163252e+01
1242	-7.550714e+01
1243	-7.489389e+01
1244	-7.429493e+01
1245	-6.903187e+01
1246	-7.536830e+01
1247	-7.110978e+01
1248	-7.075734e+01
1249	-7.193162e+01
1250	-7.354675e+01
1251	-7.030431e+01
1252	-7.274548e+01
1253	-7.211592e+01
1254	-7.556819e+01
1255	-7.457164e+01
1256	-7.434706e+01
1257	-7.558766e+01
1258	-7.563183e+01
1259	-7.391030e+01
1260	-7.201757e+01
1261	-7.189574e+01
1262	-7.021352e+01
1263	-7.362357e+01
1264	-7.118434e+01
1265	-7.350496e+01
1266	-7.249258e+01
1267	-7.534677e+01
1268	-7.364749e+01
1269	-7.286552e+01
1270	-7.061669e+01
1271	-7.126459e+01
1272	-7.388050e+01
1273	-7.364787e+01
1274	-7.266168e+01
1275	-7.588617e+01
1276	-7.332856e+01
1277	-7.079925e+01
1278	-7.136352e+01
1279	-7.444763e+01
1280	-7.399375e+01
1281	-7.422011e+01
1282	-7.383550e+01
1283	-7.817297e+01
1284	-7.556135e+01
1285	-7.327854e+01
1286	-7.369639e+01
1287	-7.225510e+01
1288	-7.305870e+01
1289	-7.682049e+01
1290	-7.434877e+01
1291	-7.445550e+01
1292	-7.563782e+01
1293	-7.287722e+01
1294	-7.431184e+01
1295	-7.205645e+01
1296	-7.335680e+01
1297	-6.977012e+01
1298	-7.475843e+01
1299	-7.375253e+01
1300	-7.641576e+01
1301	-6.955942e+01
1302	-7.565963e+01
1303	-7.094617e+01
1304	-7.621725e+01
1305	-7.534801e+01
1306	-7.093241e+01
1307	-7.285456e+01
1308	-7.475206e+01
1309	-7.584544e+01
1310	-7.268018e+01
1311	-7.234945e+01
1312	-7.248414e+01
1313	-7.149996e+01
1314	-7.277653e+01
1315	-7.251623e+01
1316	-7.194138e+01
1317	-7.060168e+01
1318	-7.584789e+01
1319	-7.417951e+01
1320	-7.618783e+01
1321	-7.375705e+01
1322	-7.456609e+01
1323	-7.598348e+01
1324	-7.105090e+01
1325	-7.209959e+01
1326	-6.978721e+01
1327	-7.590044e+01
1328	-7.427617e+01
1329	-7.858800e+01
1330	-7.207135e+01
1331	-7.058362e+01
1332	-7.575653e+01
1333	-7.579948e+01
1334	-7.520376e+01
1335	-7.412344e+01
1336	-7.408577e+01
1337	-7.076088e+01
1338	-7.101581e+01
1339	-7.602778e+01
1340	-7.436439e+01
1341	-7.266752e+01
1342	-7.345091e+01
1343	-7.847905e+01
1344	-7.183011e+01
1345	-7.178607e+01
1346	-7.509756e+01
1347	-7.377203e+01
1348	-7.544516e+01
1349	-7.202830e+01
1350	-7.310309e+01
1351	-7.435054e+01
1352	-6.953173e+01
1353	-7.487466e+01
1354	-7.214295e+01
1355	-7.233967e+01
1356	-7.527289e+01
1357	-6.985077e+01
1358	-7.359240e+01
1359	-7.061865e+01
1360	-7.504840e+01
1361	-7.425634e+01
1362	-7.358985e+01
1363	-7.713563e+01
1364	-7.424583e+01
1365	-7.404595e+01
1366	-7.436611e+01
1367	-7.306660e+01
1368	-7.258047e+01
1369	-7.145670e+01
1370	-7.424695e+01
1371	-7.494205e+01
1372	-7.344337e+01
1373	-7.315742e+01
1374	-7.278701e+01
1375	-7.358623e+01
1376	-7.026244e+01
1377	-7.116051e+01
1378	-7.365203e+01
1379	-7.272830e+01
1380	-7.201740e+01
1381	-7.304997e+01
1382	-7.402351e+01
1383	-7.379703e+01
1384	-7.175539e+01
1385	-7.480377e+01
1386	-7.024545e+01
1387	-7.114447e+01
1388	-7.440490e+01
1389	-7.385759e+01
1390	-6.984590e+01
1391	-6.893819e+01
1392	-7.340343e+01
1393	-7.112876e+01
1394	-6.937340e+01
1395	-7.316150e+01
1396	-7.452468e+01
1397	-7.347345e+01
1398	-7.413229e+01
1399	-7.173790e+01
1400	-7.119562e+01
1401	-7.337635e+01
1402	-7.465387e+01
1403	-7.323112e+01
1404	-7.172523e+01
1405	-7.436713e+01
1406	-7.298715e+01
1407	-7.347276e+01
1408	-7.623911e+01
1409	-7.278612e+01
1410	-6.913707e+01
1411	-7.168443e+01
1412	-7.316877e+01
1413	-7.081788e+01
1414	-7.304272e+01
1415	-7.343662e+01
1416	-7.413453e+01
1417	-7.361523e+01
1418	-7.386342e+01
1419	-7.486012e+01
1420	-7.405542e+01
1421	-7.558138e+01
1422	-7.144752e+01
1423	-7.376962e+01
1424	-7.227680e+01
1425	-7.023877e+01
1426	-7.068029e+01
1427	-7.342255e+01
1428	-7.437084e+01
1429	-7.383418e+01
1430	-7.474095e+01
1431	-7.347179e+01
1432	-7.575879e+01
1433	-7.320261e+01
1434	-7.311818e+01
1435	-7.031333e+01
1436	-6.950083e+01
1437	-7.094508e+01
1438	-7.142356e+01
1439	-7.193884e+01
1440	-7.209340e+01
1441	-7.201454e+01
1442	-6.984451e+01
1443	-7.097220e+01
1444	-6.806905e+01
1445	-7.461566e+01
1446	-7.482093e+01
1447	-6.916824e+01
1448	-7.366452e+01
1449	-7.313579e+01
1450	-7.174525e+01
1451	-7.149935e+01
1452	-7.355207e+01
1453	-7.522577e+01
1454	-7.392835e+01
1455	-7.687845e+01
1456	-7.417556e+01
1457	-7.336797e+01
1458	-7.044955e+01
1459	-7.680848e+01
1460	-7.533642e+01
1461	-7.250371e+01
1462	-6.968061e+01
1463	-7.478491e+01
1464	-7.168819e+01
1465	-7.445849e+01
1466	-7.308473e+01
1467	-7.394524e+01
1468	-7.212852e+01
1469	-7.142978e+01
1470	-7.137387e+01
1471	-7.250101e+01
1472	-7.207776e+01
1473	-7.535886e+01
1474	-7.345995e+01
1475	-6.845775e+01
1476	-7.480129e+01
1477	-7.635581e+01
1478	-7.527564e+01
1479	-7.066683e+01
1480	-7.190820e+01
1481	-7.268865e+01
1482	-7.238254e+01
1483	-7.206923e+01
1484	-7.307932e+01
1485	-7.690223e+01
1486	-7.591717e+01
1487	-7.086258e+01
1488	-7.164362e+01
1489	-7.087974e+01
1490	-7.175799e+01
1491	-7.475763e+01
1492	-6.980408e+01
1493	-7.258998e+01
1494	-7.210667e+01
1495	-7.363315e+01
1496	-7.676992e+01
1497	-7.341825e+01
1498	-7.068355e+01
1499	-7.677494e+01
1500	-7.481410e+01
1501	-7.574999e+01
1502	-7.502564e+01
1503	-7.367260e+01
1504	-6.990697e+01
1505	-6.995420e+01
1506	-7.093522e+01
1507	-7.102914e+01
1508	-7.467223e+01
1509	-7.208458e+01
1510	-7.303229e+01
1511	-7.452909e+01
1512	-7.266345e+01
1513	-7.141239e+01
1514	-7.285477e+01
1515	-7.513685e+01
1516	-7.256564e+01
1517	-7.026310e+01
1518	-7.398479e+01
1519	-7.571491e+01
1520	-6.995635e+01
1521	-7.147250e+01
1522	-7.334779e+01
1523	-7.179554e+01
1524	-7.236643e+01
1525	-7.055881e+01
1526	-7.342290e+01
1527	-7.460664e+01
1528	-7.541205e+01
1529	-6.816405e+01
1530	-6.955208e+01
1531	-7.083095e+01
1532	-7.370647e+01
1533	-7.576478e+01
1534	-6.996021e+01
1535	-7.226555e+01
1536	-7.384325e+01
1537	-6.992890e+01
1538	-7.666665e+01
1539	-7.447784e+01
1540	-7.390942e+01
1541	-7.231108e+01
1542	-7.351578e+01
1543	-7.466611e+01
1544	-7.507255e+01
1545	-7.324668e+01
1546	-7.220437e+01
1547	-7.164224e+01
1548	-7.012820e+01
1549	-7.303336e+01
1550	-7.213889e+01
1551	-7.296417e+01
1552	-7.299151e+01
1553	-7.520646e+01
1554	-6.947067e+01
1555	-7.125778e+01
1556	-7.072696e+01
1557	-7.439662e+01
1558	-7.256660e+01
1559	-7.161755e+01
1560	-7.311000e+01
1561	-7.436686e+01
1562	-7.183282e+01
1563	-7.297582e+01
1564	-6.981532e+01
1565	-7.383754e+01
1566	-7.327335e+01
1567	-7.141996e+01
1568	-7.362518e+01
1569	-7.211748e+01
1570	-7.253356e+01
1571	-7.511576e+01
1572	-7.153381e+01
1573	-7.415919e+01
1574	-7.613685e+01
1575	-7.421142e+01
1576	-7.338837e+01
1577	-7.205197e+01
1578	-7.743612e+01
1579	-7.174943e+01
1580	-7.461865e+01
1581	-7.431385e+01
1582	-7.334752e+01
1583	-7.529109e+01
1584	-7.428051e+01
1585	-7.412476e+01
1586	-7.565937e+01
1587	-7.520730e+01
1588	-7.322457e+01
1589	-7.398230e+01
1590	-7.765091e+01
1591	-7.379315e+01
1592	-7.342347e+01
1593	-7.382574e+01
1594	-6.900993e+01
1595	-7.419980e+01
1596	-7.209164e+01
1597	-7.179439e+01
1598	-7.613686e+01
1599	-7.402627e+01
1600	-7.438715e+01
1601	-7.136906e+01
1602	-7.507412e+01
1603	-7.439692e+01
1604	-7.625764e+01
1605	-7.476971e+01
1606	-7.425293e+01
1607	-7.134900e+01
1608	-7.613485e+01
1609	-7.317788e+01
1610	-7.454165e+01
1611	-7.057439e+01
1612	-7.458318e+01
1613	-7.292887e+01
1614	-7.451700e+01
1615	-7.469672e+01
1616	-7.561297e+01
1617	-7.260681e+01
1618	-7.395168e+01
1619	-7.355248e+01
1620	-7.293783e+01
1621	-7.255273e+01
1622	-6.974231e+01
1623	-7.490988e+01
1624	-7.364349e+01
1625	-7.290779e+01
1626	-7.631231e+01
1627	-7.150105e+01
1628	-7.469880e+01
1629	-7.326483e+01
1630	-7.326101e+01
1631	-7.150084e+01
1632	-7.284232e+01
1633	-7.489745e+01
1634	-7.290369e+01
1635	-7.400754e+01
1636	-7.206038e+01
1637	-7.132208e+01
1638	-6.953601e+01
1639	-7.380395e+01
1640	-7.081860e+01
1641	-6.921796e+01
1642	-7.090010e+01
1643	-7.316420e+01
1644	-7.657454e+01
1645	-7.050729e+01
1646	-7.099049e+01
1647	-7.258624e+01
1648	-7.620161e+01
1649	-7.245173e+01
1650	-7.710092e+01
1651	-7.159659e+01
1652	-7.089267e+01
1653	-7.350563e+01
1654	-7.462360e+01
1655	-7.357300e+01
1656	-7.165484e+01
1657	-7.158302e+01
1658	-7.555127e+01
1659	-7.343733e+01
1660	-7.495767e+01
1661	-7.530553e+01
1662	-7.098495e+01
1663	-7.137171e+01
1664	-7.545486e+01
1665	-7.125547e+01
1666	-7.448121e+01
1667	-7.240315e+01
1668	-7.346756e+01
1669	-7.026064e+01
1670	-7.084270e+01
1671	-7.359628e+01
1672	-7.605644e+01
1673	-7.300951e+01
1674	-7.206938e+01
1675	-7.442409e+01
1676	-7.413302e+01
1677	-7.075320e+01
1678	-7.371074e+01
1679	-7.156828e+01
1680	-7.268732e+01
1681	-7.453571e+01
1682	-7.481958e+01
1683	-7.087206e+01
1684	-7.260533e+01
1685	-7.575349e+01
1686	-7.132147e+01
1687	-6.844768e+01
1688	-7.443989e+01
1689	-7.379439e+01
1690	-6.948350e+01
1691	-7.383124e+01
1692	-7.542275e+01
1693	-7.317777e+01
1694	-7.606193e+01
1695	-7.143063e+01
1696	-7.316397e+01
1697	-7.011750e+01
1698	-7.482343e+01
1699	-7.510600e+01
1700	-7.451631e+01
1701	-7.097488e+01
1702	-7.331116e+01
1703	-7.232221e+01
1704	-7.230093e+01
1705	-7.336636e+01
1706	-7.269632e+01
1707	-7.579441e+01
1708	-7.266276e+01
1709	-7.480758e+01
1710	-7.350890e+01
1711	-7.012908e+01
1712	-7.484216e+01
1713	-7.201750e+01
1714	-7.493906e+01
1715	-7.558619e+01
1716	-7.453070e+01
1717	-7.177948e+01
1718	-7.241041e+01
1719	-7.369160e+01
1720	-7.225937e+01
1721	-7.576399e+01
1722	-7.186035e+01
1723	-7.303558e+01
1724	-7.435583e+01
1725	-7.495882e+01
1726	-7.060397e+01
1727	-7.239745e+01
1728	-7.290543e+01
1729	-7.443701e+01
1730	-7.591260e+01
1731	-7.460017e+01
1732	-7.332315e+01
1733	-6.999554e+01
1734	-7.157602e+01
1735	-7.345691e+01
1736	-7.023815e+01
1737	-7.374186e+01
1738	-7.481668e+01
1739	-7.558414e+01
1740	-7.571090e+01
1741	-7.485635e+01
1742	-7.024958e+01
1743	-7.231030e+01
1744	-7.604576e+01
1745	-7.154545e+01
1746	-7.174998e+01
1747	-7.189145e+01
1748	-7.303856e+01
1749	-7.695043e+01
1750	-7.092508e+01
1751	-7.207531e+01
1752	-7.443956e+01
1753	-7.544998e+01
1754	-7.520541e+01
1755	-7.561844e+01
1756	-7.179277e+01
1757	-7.455175e+01
1758	-7.258231e+01
1759	-7.364376e+01
1760	-7.214973e+01
1761	-7.529549e+01
1762	-7.480776e+01
1763	-7.629690e+01
1764	-7.017394e+01
1765	-7.061290e+01
1766	-7.190895e+01
1767	-7.530501e+01
1768	-7.222226e+01
1769	-7.161449e+01
1770	-7.622722e+01
1771	-7.293940e+01
1772	-7.395022e+01
1773	-7.479486e+01
1774	-7.203730e+01
1775	-7.124791e+01
1776	-7.098125e+01
1777	-7.186326e+01
1778	-7.644598e+01
1779	-7.407912e+01
1780	-7.384338e+01
1781	-7.275393e+01
1782	-7.337779e+01
1783	-7.205714e+01
1784	-7.381002e+01
1785	-7.315259e+01
1786	-7.390102e+01
1787	-7.107173e+01
1788	-7.228473e+01
1789	-7.377091e+01
1790	-7.161483e+01
1791	-7.660538e+01
1792	-7.150606e+01
1793	-7.271631e+01
1794	-6.870503e+01
1795	-7.396160e+01
1796	-7.344955e+01
1797	-7.187505e+01
1798	-7.317184e+01
1799	-7.439344e+01
1800	-7.483840e+01
1801	-7.503077e+01
1802	-7.567830e+01
1803	-7.271561e+01
1804	-7.361306e+01
1805	-7.683037e+01
1806	-7.133096e+01
1807	-7.290311e+01
1808	-7.265752e+01
1809	-7.430211e+01
1810	-7.248086e+01
1811	-7.344636e+01
1812	-7.308374e+01
1813	-7.082947e+01
1814	-7.408717e+01
1815	-7.655305e+01
1816	-7.185455e+01
1817	-7.857961e+01
1818	-7.007244e+01
1819	-7.509765e+01
1820	-6.962265e+01
1821	-6.806340e+01
1822	-7.422384e+01
1823	-7.355194e+01
1824	-7.224022e+01
1825	-7.680193e+01
1826	-7.303406e+01
1827	-7.764792e+01
1828	-7.479480e+01
1829	-7.249868e+01
1830	-7.477814e+01
1831	-7.383206e+01
1832	-7.653377e+01
1833	-7.340281e+01
1834	-7.475383e+01
1835	-6.880943e+01
1836	-7.158313e+01
1837	-7.256026e+01
1838	-7.400078e+01
1839	-7.193843e+01
1840	-7.463382e+01
1841	-7.424003e+01
1842	-7.410300e+01
1843	-6.919659e+01
1844	-7.368997e+01
1845	-7.511505e+01
1846	-7.748182e+01
1847	-7.469189e+01
1848	-7.064680e+01
1849	-7.054036e+01
1850	-7.038378e+01
1851	-7.111574e+01
1852	-7.242633e+01
1853	-7.569780e+01
1854	-7.164378e+01
1855	-7.224245e+01
1856	-7.451236e+01
1857	-7.290816e+01
1858	-7.223003e+01
1859	-7.690378e+01
1860	-7.452314e+01
1861	-7.253992e+01
1862	-7.556378e+01
1863	-7.458717e+01
1864	-7.344581e+01
1865	-7.051331e+01
1866	-7.154943e+01
1867	-7.531269e+01
1868	-7.121713e+01
1869	-7.127719e+01
1870	-7.351008e+01
1871	-7.130661e+01
1872	-7.560248e+01
1873	-7.210503e+01
1874	-7.277036e+01
1875	-7.338426e+01
1876	-7.528868e+01
1877	-7.274021e+01
1878	-7.215300e+01
1879	-7.696284e+01
1880	-7.248281e+01
1881	-7.339363e+01
1882	-7.422792e+01
1883	-7.436135e+01
1884	-7.464511e+01
1885	-7.397747e+01
1886	-7.344373e+01
1887	-7.579761e+01
1888	-7.329415e+01
1889	-7.455866e+01
1890	-7.305802e+01
1891	-7.234434e+01
1892	-7.334376e+01
1893	-7.337144e+01
1894	-7.055527e+01
1895	-7.255174e+01
1896	-7.752927e+01
1897	-7.161501e+01
1898	-7.425461e+01
1899	-7.221421e+01
1900	-7.240054e+01
1901	-7.337669e+01
1902	-7.317922e+01
1903	-7.354607e+01
1904	-7.335889e+01
1905	-7.316176e+01
1906	-7.164870e+01
1907	-7.483888e+01
1908	-7.423252e+01
1909	-7.310066e+01
1910	-7.314558e+01
1911	-7.298072e+01
1912	-7.226616e+01
1913	-7.174646e+01
1914	-7.398234e+01
1915	-7.287163e+01
1916	-7.747795e+01
1917	-7.016156e+01
1918	-7.012781e+01
1919	-7.254601e+01
1920	-7.187946e+01
1921	-7.518278e+01
1922	-7.282349e+01
1923	-7.279282e+01
1924	-7.217120e+01
1925	-7.431239e+01
1926	-7.457788e+01
1927	-7.329066e+01
1928	-7.343799e+01
1929	-7.431322e+01
1930	-7.481593e+01
1931	-7.418275e+01
1932	-7.108646e+01
1933	-7.307055e+01
1934	-7.371570e+01
1935	-7.599005e+01
1936	-7.450729e+01
1937	-7.166342e+01
1938	-6.987574e+01
1939	-7.126465e+01
1940	-7.349669e+01
1941	-7.347378e+01
1942	-7.113243e+01
1943	-7.179124e+01
1944	-7.159050e+01
1945	-7.373926e+01
1946	-7.776113e+01
1947	-7.067555e+01
1948	-7.422455e+01
1949	-7.119905e+01
1950	-7.319280e+01
1951	-7.771007e+01
1952	-7.133328e+01
1953	-7.459902e+01
1954	-7.389719e+01
1955	-7.507065e+01
1956	-7.478967e+01
1957	-7.428023e+01
1958	-7.381009e+01
1959	-7.527047e+01
1960	-7.414258e+01
1961	-7.472021e+01
1962	-7.519397e+01
1963	-7.249440e+01
1964	-7.467339e+01
1965	-7.419846e+01
1966	-7.443633e+01
1967	-7.305939e+01
1968	-7.177501e+01
1969	-7.308028e+01
1970	-7.538464e+01
1971	-6.977261e+01
1972	-7.132275e+01
1973	-7.678364e+01
1974	-7.298068e+01
1975	-7.545851e+01
1976	-7.256201e+01
1977	-7.345296e+01
1978	-7.458496e+01
1979	-7.091339e+01
1980	-7.255758e+01
1981	-7.292132e+01
1982	-7.076071e+01
1983	-7.436130e+01
1984	-7.471988e+01
1985	-7.843052e+01
1986	-7.387694e+01
1987	-7.349589e+01
1988	-7.372750e+01
1989	-7.378367e+01
1990	-7.313711e+01
1991	-7.144714e+01
1992	-7.284713e+01
1993	-7.569028e+01
1994	-7.004549e+01
1995	-7.313158e+01
1996	-7.230399e+01
1997	-7.348641e+01
1998	-7.165258e+01
1999	-7.017062e+01
2000	-7.375123e+01
2001	-7.465765e+01
2002	-7.206202e+01
2003	-7.398092e+01
2004	-7.660626e+01
2005	-7.193461e+01
2006	-6.855234e+01
2007	-7.076082e+01
2008	-7.145617e+01
2009	-7.525145e+01
2010	-6.938645e+01
2011	-7.260361e+01
2012	-7.296694e+01
2013	-6.789352e+01
2014	-7.246168e+01
2015	-7.195162e+01
2016	-6.864314e+01
2017	-7.467464e+01
2018	-7.107221e+01
2019	-7.445082e+01
2020	-6.973549e+01
2021	-7.078488e+01
2022	-7.274406e+01
2023	-7.344994e+01
2024	-7.119956e+01
2025	-7.444255e+01
2026	-7.264648e+01
2027	-7.277991e+01
2028	-7.230195e+01
2029	-7.254685e+01
2030	-7.012960e+01
2031	-7.389968e+01
2032	-7.688492e+01
2033	-7.483250e+01
2034	-7.043373e+01
2035	-7.185508e+01
2036	-7.597307e+01
2037	-7.381366e+01
2038	-7.241173e+01
2039	-7.562803e+01
2040	-7.211031e+01
2041	-6.945999e+01
2042	-6.966261e+01
2043	-7.597712e+01
2044	-7.394419e+01
2045	-7.487552e+01
2046	-7.418926e+01
2047	-7.596863e+01
2048	-7.267107e+01
2049	-7.756399e+01
2050	-7.088993e+01
2051	-7.371009e+01
2052	-7.178827e+01
2053	-7.584383e+01
2054	-7.466613e+01
2055	-7.661448e+01
2056	-7.318605e+01
2057	-7.392494e+01
2058	-7.497976e+01
2059	-7.126633e+01
2060	-7.216915e+01
2061	-7.541378e+01
2062	-7.200710e+01
2063	-7.390349e+01
2064	-7.250550e+01
2065	-7.175200e+01
2066	-7.389105e+01
2067	-7.598410e+01
2068	-7.317467e+01
2069	-7.673177e+01
2070	-7.193362e+01
2071	-7.692451e+01
2072	-7.185949e+01
2073	-7.363266e+01
2074	-7.347093e+01
2075	-7.594608e+01
2076	-7.460638e+01
2077	-7.421710e+01
2078	-7.504564e+01
2079	-7.617741e+01
2080	-7.173846e+01
2081	-7.481484e+01
2082	-7.342057e+01
2083	-7.714081e+01
2084	-7.539846e+01
2085	-7.394028e+01
2086	-7.192894e+01
2087	-7.074043e+01
2088	-7.595975e+01
2089	-7.171082e+01
2090	-7.453060e+01
2091	-7.349162e+01
2092	-7.115649e+01
2093	-7.087648e+01
2094	-7.447330e+01
2095	-7.207364e+01
2096	-7.051214e+01
2097	-7.573612e+01
2098	-7.513176e+01
2099	-7.311900e+01
2100	-7.259374e+01
2101	-7.274606e+01
2102	-7.239063e+01
2103	-7.495668e+01
2104	-7.383258e+01
2105	-7.447844e+01
2106	-7.401085e+01
2107	-7.178915e+01
2108	-7.138948e+01
2109	-7.227739e+01
2110	-7.579407e+01
2111	-7.139654e+01
2112	-7.493736e+01
2113	-7.276422e+01
2114	-7.692831e+01
2115	-6.973417e+01
2116	-7.442220e+01
2117	-7.253005e+01
2118	-7.303010e+01
2119	-7.438022e+01
2120	-7.452576e+01
2121	-7.107224e+01
2122	-7.460969e+01
2123	-7.631650e+01
2124	-7.602482e+01
2125	-7.406391e+01
2126	-7.186104e+01
2127	-7.194734e+01
2128	-7.684998e+01
2129	-7.225086e+01
2130	-7.259133e+01
2131	-7.742699e+01
2132	-7.600790e+01
2133	-7.278855e+01
2134	-7.383664e+01
2135	-7.514701e+01
2136	-7.292618e+01
2137	-7.483739e+01
2138	-7.453248e+01
2139	-7.462759e+01
2140	-7.422329e+01
2141	-7.288276e+01
2142	-7.370404e+01
2143	-7.273315e+01
2144	-7.002296e+01
2145	-7.395532e+01
2146	-7.245607e+01
2147	-7.344061e+01
2148	-7.131128e+01
2149	-7.316044e+01
2150	-7.241467e+01
2151	-7.278976e+01
2152	-6.822254e+01
2153	-6.885687e+01
2154	-7.277416e+01
2155	-7.215623e+01
2156	-7.512419e+01
2157	-7.460563e+01
2158	-7.151446e+01
2159	-7.119519e+01
2160	-7.150992e+01
2161	-7.292487e+01
2162	-7.329608e+01
2163	-7.426804e+01
2164	-7.189149e+01
2165	-7.447839e+01
2166	-6.846627e+01
2167	-7.424543e+01
2168	-7.221964e+01
2169	-7.322968e+01
2170	-7.176453e+01
2171	-7.568147e+01
2172	-7.480330e+01
2173	-7.181668e+01
2174	-7.580412e+01
2175	-7.518933e+01
2176	-7.213776e+01
2177	-7.272955e+01
2178	-7.091867e+01
2179	-7.157886e+01
2180	-7.116282e+01
2181	-7.489777e+01
2182	-7.329450e+01
2183	-7.185063e+01
2184	-7.093099e+01
2185	-7.483522e+01
2186	-7.262934e+01
2187	-7.110138e+01
2188	-7.535069e+01
2189	-7.261903e+01
2190	-7.313057e+01
2191	-7.302893e+01
2192	-7.357112e+01
2193	-7.335615e+01
2194	-7.380098e+01
2195	-7.145185e+01
2196	-7.154743e+01
2197	-7.193490e+01
2198	-7.649602e+01
2199	-7.422739e+01
2200	-7.308854e+01
2201	-7.512872e+01
2202	-7.269765e+01
2203	-7.262307e+01
2204	-7.330095e+01
2205	-7.579410e+01
2206	-7.630395e+01
2207	-7.241385e+01
2208	-7.265901e+01
2209	-7.285032e+01
2210	-7.310605e+01
2211	-6.876623e+01
2212	-7.372404e+01
2213	-7.244359e+01
2214	-7.343179e+01
2215	-7.634026e+01
2216	-7.323157e+01
2217	-7.310190e+01
2218	-7.343740e+01
2219	-7.535064e+01
2220	-7.673066e+01
2221	-7.292941e+01
2222	-6.979197e+01
2223	-7.268554e+01
2224	-7.152776e+01
2225	-7.507770e+01
2226	-7.330157e+01
2227	-7.767974e+01
2228	-7.377079e+01
2229	-7.192805e+01
2230	-7.517273e+01
2231	-7.819051e+01
2232	-7.529637e+01
2233	-7.510242e+01
2234	-7.229862e+01
2235	-7.344484e+01
2236	-6.967583e+01
2237	-7.458877e+01
2238	-7.287918e+01
2239	-7.749090e+01
2240	-7.254876e+01
2241	-7.327949e+01
2242	-7.154640e+01
2243	-7.158983e+01
2244	-7.321977e+01
2245	-7.438881e+01
2246	-7.419623e+01
2247	-7.167653e+01
2248	-7.425946e+01
2249	-7.398349e+01
2250	-7.262520e+01
2251	-7.355435e+01
2252	-7.378634e+01
2253	-7.288546e+01
2254	-7.587734e+01
2255	-7.444737e+01
2256	-7.185447e+01
2257	-7.493343e+01
2258	-7.653164e+01
2259	-7.138236e+01
2260	-7.363519e+01
2261	-7.046645e+01
2262	-7.084668e+01
2263	-7.675005e+01
2264	-7.482966e+01
2265	-7.549672e+01
2266	-7.061834e+01
2267	-7.481896e+01
2268	-7.348958e+01
2269	-7.337842e+01
2270	-7.490558e+01
2271	-7.374269e+01
2272	-7.380710e+01
2273	-7.251222e+01
2274	-7.633800e+01
2275	-7.307594e+01
2276	-7.113355e+01
2277	-7.340744e+01
2278	-7.181314e+01
2279	-7.235339e+01
2280	-7.129117e+01
2281	-7.629133e+01
2282	-7.470748e+01
2283	-7.288286e+01
2284	-7.214692e+01
2285	-7.673370e+01
2286	-7.065829e+01
2287	-7.420214e+01
2288	-7.141936e+01
2289	-7.203743e+01
2290	-7.037173e+01
2291	-7.413459e+01
2292	-7.162672e+01
2293	-7.383084e+01
2294	-7.421025e+01
2295	-6.965125e+01
2296	-7.535197e+01
2297	-7.240121e+01
2298	-7.192384e+01
2299	-7.382642e+01
2300	-7.151807e+01
2301	-7.155955e+01
2302	-7.405357e+01
2303	-7.222830e+01
2304	-7.175067e+01
2305	-7.422587e+01
2306	-7.479787e+01
2307	-7.164007e+01
2308	-7.115846e+01
2309	-7.329341e+01
2310	-7.518531e+01
2311	-7.348486e+01
2312	-7.557838e+01
2313	-7.126917e+01
2314	-7.499759e+01
2315	-7.554609e+01
2316	-7.251452e+01
2317	-7.236285e+01
2318	-7.561941e+01
2319	-7.220337e+01
2320	-7.401606e+01
2321	-7.485598e+01
2322	-7.338859e+01
2323	-7.426581e+01
2324	-7.545936e+01
2325	-7.212311e+01
2326	-7.152369e+01
2327	-7.650782e+01
2328	-7.371504e+01
2329	-7.564069e+01
2330	-6.912777e+01
2331	-7.176167e+01
2332	-7.417294e+01
2333	-7.393497e+01
2334	-7.285217e+01
2335	-7.459295e+01
2336	-7.232689e+01
2337	-7.388899e+01
2338	-7.642259e+01
2339	-7.259944e+01
2340	-7.390662e+01
2341	-7.657457e+01
2342	-7.488780e+01
2343	-7.540714e+01
2344	-6.874527e+01
2345	-7.011033e+01
2346	-7.544208e+01
2347	-7.251620e+01
2348	-7.057580e+01
2349	-7.811649e+01
2350	-7.207053e+01
2351	-7.132232e+01
2352	-7.593026e+01
2353	-7.299663e+01
2354	-6.928376e+01
2355	-7.256346e+01
2356	-7.225094e+01
2357	-7.200113e+01
2358	-7.374301e+01
2359	-7.774562e+01
2360	-7.415901e+01
2361	-7.320333e+01
2362	-7.359162e+01
2363	-7.444640e+01
2364	-7.441163e+01
2365	-7.738684e+01
2366	-7.119764e+01
2367	-7.529833e+01
2368	-7.454637e+01
2369	-7.163047e+01
2370	-7.235708e+01
2371	-6.916235e+01
2372	-7.369064e+01
2373	-7.791745e+01
2374	-7.247205e+01
2375	-7.842182e+01
2376	-7.321824e+01
2377	-6.989746e+01
2378	-7.198946e+01
2379	-7.670522e+01
2380	-7.366907e+01
2381	-7.281743e+01
2382	-7.422210e+01
2383	-7.470021e+01
2384	-7.246645e+01
2385	-7.582868e+01
2386	-7.740826e+01
2387	-7.325921e+01
2388	-7.157411e+01
2389	-7.261649e+01
2390	-7.299435e+01
2391	-7.474982e+01
2392	-7.288027e+01
2393	-7.347941e+01
2394	-7.298357e+01
2395	-7.065523e+01
2396	-7.252576e+01
2397	-7.027303e+01
2398	-7.273930e+01
2399	-7.532186e+01
2400	-7.264392e+01
2401	-7.236835e+01
2402	-7.457056e+01
2403	-7.392828e+01
2404	-7.297098e+01
2405	-7.177043e+01
2406	-7.262821e+01
2407	-7.383637e+01
2408	-7.364923e+01
2409	-7.098392e+01
2410	-7.416571e+01
2411	-7.420365e+01
2412	-7.662775e+01
2413	-7.480270e+01
2414	-7.242035e+01
2415	-7.524343e+01
2416	-7.358902e+01
2417	-7.770954e+01
2418	-7.077980e+01
2419	-7.346528e+01
2420	-7.428301e+01
2421	-7.188236e+01
2422	-7.716227e+01
2423	-7.600308e+01
2424	-7.288215e+01
2425	-7.248962e+01
2426	-7.411737e+01
2427	-7.393717e+01
2428	-7.486764e+01
2429	-7.594091e+01
2430	-7.548164e+01
2431	-6.952594e+01
2432	-7.261770e+01
2433	-7.378478e+01
2434	-7.328073e+01
2435	-7.184431e+01
2436	-7.148890e+01
2437	-7.214031e+01
2438	-7.419276e+01
2439	-7.333173e+01
2440	-7.290057e+01
2441	-7.417439e+01
2442	-7.402432e+01
2443	-7.706847e+01
2444	-7.388242e+01
2445	-7.512560e+01
2446	-7.549859e+01
2447	-7.568740e+01
2448	-7.391546e+01
2449	-7.488206e+01
2450	-7.244040e+01
2451	-7.236488e+01
2452	-7.203132e+01
2453	-7.328313e+01
2454	-7.478483e+01
2455	-7.314763e+01
2456	-7.263544e+01
2457	-7.030586e+01
2458	-7.501314e+01
2459	-7.199077e+01
2460	-7.370964e+01
2461	-7.390836e+01
2462	-7.530894e+01
2463	-7.418204e+01
2464	-7.083947e+01
2465	-7.681734e+01
2466	-7.274625e+01
2467	-7.386639e+01
2468	-7.205243e+01
2469	-6.977160e+01
2470	-7.246510e+01
2471	-7.290545e+01
2472	-7.323996e+01
2473	-7.342041e+01
2474	-7.468140e+01
2475	-7.057504e+01
2476	-7.371780e+01
2477	-7.298764e+01
2478	-7.268164e+01
2479	-7.411094e+01
2480	-7.439578e+01
2481	-7.454401e+01
2482	-7.441827e+01
2483	-7.367772e+01
2484	-7.371447e+01
2485	-7.272782e+01
2486	-7.231761e+01
2487	-7.114088e+01
2488	-7.143830e+01
2489	-7.382831e+01
2490	-7.758570e+01
2491	-7.148532e+01
2492	-7.192939e+01
2493	-7.398737e+01
2494	-6.997695e+01
2495	-7.378980e+01
2496	-7.303203e+01
2497	-7.383346e+01
2498	-7.693624e+01
2499	-7.122003e+01
2500	-7.221066e+01
2501	-7.564762e+01
2502	-6.937461e+01
2503	-7.267912e+01
2504	-7.109999e+01
2505	-7.607892e+01
2506	-7.548196e+01
2507	-6.768788e+01
2508	-7.122438e+01
2509	-7.531238e+01
2510	-7.387592e+01
2511	-7.176674e+01
2512	-7.373735e+01
2513	-7.085547e+01
2514	-7.461201e+01
2515	-7.309205e+01
2516	-7.336748e+01
2517	-7.190728e+01
2518	-7.125105e+01
2519	-7.641981e+01
2520	-7.673004e+01
2521	-7.320340e+01
2522	-7.284614e+01
2523	-7.043292e+01
2524	-7.312896e+01
2525	-7.219044e+01
2526	-7.132888e+01
2527	-7.243959e+01
2528	-7.529255e+01
2529	-7.445980e+01
2530	-7.313567e+01
2531	-7.303761e+01
2532	-7.410993e+01
2533	-7.626920e+01
2534	-7.175106e+01
2535	-7.461154e+01
2536	-7.006731e+01
2537	-6.909203e+01
2538	-6.846371e+01
2539	-7.119028e+01
2540	-7.223286e+01
2541	-7.401472e+01
2542	-7.501586e+01
2543	-7.105042e+01
2544	-7.384565e+01
2545	-7.605939e+01
2546	-7.408983e+01
2547	-7.222410e+01
2548	-7.473688e+01
2549	-7.469687e+01
2550	-7.037182e+01
2551	-7.302254e+01
2552	-7.313179e+01
2553	-7.696464e+01
2554	-7.309529e+01
2555	-7.266139e+01
2556	-7.231126e+01
2557	-6.993199e+01
2558	-7.266652e+01
2559	-7.099548e+01
2560	-7.012394e+01
2561	-7.620039e+01
2562	-7.468167e+01
2563	-7.156560e+01
2564	-6.986954e+01
2565	-6.968798e+01
2566	-6.846539e+01
2567	-7.440733e+01
2568	-7.032155e+01
2569	-7.577162e+01
2570	-7.628727e+01
2571	-7.119414e+01
2572	-7.026525e+01
2573	-7.301895e+01
2574	-7.247201e+01
2575	-7.478148e+01
2576	-6.851879e+01
2577	-7.517561e+01
2578	-7.454088e+01
2579	-7.595961e+01
2580	-7.360339e+01
2581	-7.067255e+01
2582	-7.115549e+01
2583	-7.205144e+01
2584	-7.692200e+01
2585	-7.261220e+01
2586	-7.287281e+01
2587	-7.294055e+01
2588	-6.958259e+01
2589	-7.536505e+01
2590	-7.285557e+01
2591	-6.827609e+01
2592	-7.479887e+01
2593	-7.447136e+01
2594	-7.493529e+01
2595	-7.338807e+01
2596	-7.169091e+01
2597	-7.018150e+01
2598	-7.228888e+01
2599	-7.276055e+01
2600	-7.005427e+01
2601	-7.071853e+01
2602	-7.327115e+01
2603	-7.521455e+01
2604	-7.352974e+01
2605	-7.319768e+01
2606	-7.325657e+01
2607	-7.102286e+01
2608	-7.319934e+01
2609	-7.442853e+01
2610	-7.121742e+01
2611	-7.822147e+01
2612	-7.252764e+01
2613	-7.517129e+01
2614	-7.526289e+01
2615	-7.300142e+01
2616	-6.956899e+01
2617	-7.632420e+01
2618	-7.326473e+01
2619	-7.508123e+01
2620	-7.582008e+01
2621	-6.998647e+01
2622	-7.625014e+01
2623	-7.194882e+01
2624	-7.549198e+01
2625	-7.233630e+01
2626	-7.260040e+01
2627	-7.185158e+01
2628	-7.279006e+01
2629	-7.272532e+01
2630	-7.392996e+01
2631	-7.745925e+01
2632	-7.393998e+01
2633	-7.150830e+01
2634	-7.394243e+01
2635	-7.580040e+01
2636	-7.140433e+01
2637	-7.580385e+01
2638	-6.953610e+01
2639	-7.409280e+01
2640	-7.450164e+01
2641	-7.011615e+01
2642	-7.180261e+01
2643	-7.357438e+01
2644	-7.492313e+01
2645	-7.321235e+01
2646	-7.425223e+01
2647	-7.310639e+01
2648	-7.283429e+01
2649	-7.432861e+01
2650	-7.034127e+01
2651	-7.513324e+01
2652	-7.954052e+01
2653	-7.250879e+01
2654	-7.619157e+01
2655	-7.087990e+01
2656	-7.209301e+01
2657	-7.310306e+01
2658	-7.424385e+01
2659	-7.447592e+01
2660	-7.235187e+01
2661	-7.262642e+01
2662	-7.198773e+01
2663	-7.293967e+01
2664	-6.914003e+01
2665	-7.221861e+01
2666	-7.210582e+01
2667	-7.186367e+01
2668	-7.009311e+01
2669	-7.288346e+01
2670	-7.365491e+01
2671	-7.453875e+01
2672	-7.642587e+01
2673	-7.438257e+01
2674	-7.478335e+01
2675	-7.310993e+01
2676	-7.390313e+01
2677	-7.544925e+01
2678	-7.326329e+01
2679	-7.111996e+01
2680	-7.595647e+01
2681	-7.226942e+01
2682	-7.356131e+01
2683	-7.323251e+01
2684	-7.353815e+01
2685	-7.639669e+01
2686	-7.684558e+01
2687	-6.960842e+01
2688	-7.488432e+01
2689	-7.115702e+01
2690	-7.535266e+01
2691	-7.305039e+01
2692	-7.233321e+01
2693	-7.186286e+01
2694	-6.903276e+01
2695	-7.405114e+01
2696	-7.234367e+01
2697	-6.948825e+01
2698	-7.300653e+01
2699	-7.356751e+01
2700	-7.298491e+01
2701	-7.100824e+01
2702	-7.108991e+01
2703	-7.350256e+01
2704	-7.246706e+01
2705	-7.122119e+01
2706	-7.518306e+01
2707	-7.372592e+01
2708	-7.466850e+01
2709	-7.280083e+01
2710	-7.373352e+01
2711	-7.298476e+01
2712	-7.324244e+01
2713	-7.523677e+01
2714	-7.083575e+01
2715	-7.319006e+01
2716	-7.351532e+01
2717	-7.426212e+01
2718	-7.407533e+01
2719	-7.469296e+01
2720	-7.142278e+01
2721	-7.345757e+01
2722	-7.227758e+01
2723	-7.333986e+01
2724	-7.159758e+01
2725	-7.324659e+01
2726	-7.436556e+01
2727	-7.183644e+01
2728	-7.307223e+01
2729	-7.445283e+01
2730	-7.289094e+01
2731	-6.952770e+01
2732	-7.117940e+01
2733	-7.324289e+01
2734	-7.404674e+01
2735	-7.138586e+01
2736	-7.469283e+01
2737	-7.561834e+01
2738	-7.347579e+01
2739	-7.209148e+01
2740	-7.414952e+01
2741	-7.303231e+01
2742	-7.483892e+01
2743	-7.432525e+01
2744	-7.238303e+01
2745	-7.566709e+01
2746	-7.441407e+01
2747	-6.793305e+01
2748	-7.265908e+01
2749	-7.565887e+01
2750	-7.617820e+01
2751	-7.132861e+01
2752	-7.174004e+01
2753	-7.852121e+01
2754	-7.174076e+01
2755	-7.480961e+01
2756	-7.344741e+01
2757	-7.442157e+01
2758	-7.311522e+01
2759	-7.622162e+01
2760	-6.984973e+01
2761	-7.061046e+01
2762	-7.445571e+01
2763	-7.177240e+01
2764	-7.024942e+01
2765	-7.309313e+01
2766	-7.460091e+01
2767	-7.357590e+01
2768	-7.377750e+01
2769	-7.287047e+01
2770	-7.061653e+01
2771	-7.250483e+01
2772	-7.251913e+01
2773	-7.425635e+01
2774	-7.536407e+01
2775	-7.199770e+01
2776	-7.167697e+01
2777	-7.127746e+01
2778	-7.453205e+01
2779	-7.547175e+01
2780	-7.652020e+01
2781	-7.592086e+01
2782	-7.404712e+01
2783	-7.262380e+01
2784	-7.097922e+01
2785	-7.467944e+01
2786	-7.331834e+01
2787	-7.272383e+01
2788	-7.095600e+01
2789	-7.269544e+01
2790	-7.222088e+01
2791	-7.156203e+01
2792	-7.467284e+01
2793	-7.167553e+01
2794	-7.215781e+01
2795	-7.155636e+01
2796	-7.102131e+01
2797	-7.257494e+01
2798	-7.396298e+01
2799	-7.448165e+01
2800	-7.212370e+01
2801	-7.551310e+01
2802	-7.276337e+01
2803	-7.409720e+01
2804	-6.838987e+01
2805	-7.462220e+01
2806	-7.616554e+01
2807	-7.390925e+01
2808	-7.535872e+01
2809	-7.237723e+01
2810	-7.171925e+01
2811	-7.772554e+01
2812	-7.366623e+01
2813	-7.219625e+01
2814	-7.138130e+01
2815	-7.183946e+01
2816	-7.209907e+01
2817	-7.273554e+01
2818	-7.335745e+01
2819	-7.498507e+01
2820	-7.336865e+01
2821	-7.309514e+01
2822	-7.059150e+01
2823	-7.655715e+01
2824	-7.176717e+01
2825	-7.593898e+01
2826	-7.199448e+01
2827	-7.119100e+01
2828	-7.271562e+01
2829	-7.549413e+01
2830	-7.283491e+01
2831	-7.074257e+01
2832	-7.331761e+01
2833	-6.935858e+01
2834	-7.334273e+01
2835	-7.408071e+01
2836	-7.293824e+01
2837	-7.458742e+01
2838	-7.467112e+01
2839	-7.558899e+01
2840	-7.519379e+01
2841	-7.297694e+01
2842	-7.064647e+01
2843	-7.303328e+01
2844	-7.093993e+01
2845	-6.775711e+01
2846	-7.507837e+01
2847	-7.599840e+01
2848	-7.243797e+01
2849	-7.188621e+01
2850	-7.408936e+01
2851	-7.389488e+01
2852	-6.936756e+01
2853	-7.269446e+01
2854	-7.483112e+01
2855	-7.163133e+01
2856	-7.474044e+01
2857	-7.330224e+01
2858	-7.659010e+01
2859	-7.293501e+01
2860	-7.472023e+01
2861	-7.331947e+01
2862	-7.468397e+01
2863	-7.205056e+01
2864	-7.492085e+01
2865	-7.165863e+01
2866	-7.458668e+01
2867	-7.479688e+01
2868	-7.266663e+01
2869	-7.209514e+01
2870	-7.060794e+01
2871	-7.585752e+01
2872	-7.269732e+01
2873	-7.493515e+01
2874	-7.456909e+01
2875	-7.691396e+01
2876	-7.601169e+01
2877	-7.248257e+01
2878	-7.220171e+01
2879	-7.169769e+01
2880	-7.198047e+01
2881	-7.574032e+01
2882	-7.080419e+01
2883	-7.268606e+01
2884	-7.043000e+01
2885	-7.143734e+01
2886	-7.880930e+01
2887	-7.408403e+01
2888	-7.221652e+01
2889	-7.425674e+01
2890	-7.294894e+01
2891	-7.417966e+01
2892	-7.516852e+01
2893	-7.302909e+01
2894	-7.115834e+01
2895	-7.509234e+01
2896	-7.260427e+01
2897	-7.232882e+01
2898	-7.254386e+01
2899	-7.121316e+01
2900	-7.449453e+01
2901	-7.058691e+01
2902	-7.240000e+01
2903	-7.303833e+01
2904	-7.188900e+01
2905	-7.406216e+01
2906	-7.333586e+01
2907	-7.196379e+01
2908	-7.489934e+01
2909	-7.533623e+01
2910	-7.317501e+01
2911	-7.364664e+01
2912	-7.565441e+01
2913	-7.088799e+01
2914	-7.435944e+01
2915	-7.404595e+01
2916	-7.374356e+01
2917	-7.433675e+01
2918	-7.375951e+01
2919	-7.193475e+01
2920	-6.921542e+01
2921	-7.436963e+01
2922	-7.273234e+01
2923	-7.419265e+01
2924	-7.301940e+01
2925	-7.241778e+01
2926	-7.221274e+01
2927	-7.577878e+01
2928	-7.706511e+01
2929	-7.275441e+01
2930	-7.364957e+01
2931	-7.207364e+01
2932	-7.500189e+01
2933	-7.776307e+01
2934	-7.213363e+01
2935	-7.213262e+01
2936	-7.446902e+01
2937	-7.662230e+01
2938	-7.362641e+01
2939	-7.373559e+01
2940	-7.475156e+01
2941	-7.423759e+01
2942	-7.569981e+01
2943	-7.169812e+01
2944	-7.153172e+01
2945	-7.169224e+01
2946	-7.340415e+01
2947	-7.420181e+01
2948	-7.168381e+01
2949	-7.054932e+01
2950	-7.510271e+01
2951	-7.673002e+01
2952	-7.308442e+01
2953	-7.287041e+01
2954	-7.494880e+01
2955	-7.291081e+01
2956	-7.674739e+01
2957	-7.596590e+01
2958	-7.636684e+01
2959	-7.237590e+01
2960	-7.579122e+01
2961	-7.359743e+01
2962	-7.281166e+01
2963	-7.771549e+01
2964	-7.417632e+01
2965	-7.655136e+01
2966	-7.495136e+01
2967	-7.403782e+01
2968	-7.443533e+01
2969	-7.422179e+01
2970	-7.833658e+01
2971	-7.181301e+01
2972	-7.526527e+01
2973	-7.237330e+01
2974	-7.560276e+01
2975	-7.480901e+01
2976	-7.067032e+01
2977	-7.472034e+01
2978	-7.290138e+01
2979	-7.372349e+01
2980	-7.338589e+01
2981	-7.481494e+01
2982	-7.271454e+01
2983	-7.113809e+01
2984	-7.078262e+01
2985	-7.317150e+01
2986	-7.146828e+01
2987	-7.329536e+01
2988	-7.255811e+01
2989	-7.050346e+01
2990	-7.273707e+01
2991	-7.346164e+01
2992	-7.228347e+01
2993	-7.397341e+01
2994	-7.676704e+01
2995	-7.438490e+01
2996	-7.306825e+01
2997	-7.160269e+01
2998	-7.262877e+01
2999	-7.300987e+01
3000	-7.247081e+01
3001	-6.987492e+01
3002	-7.362696e+01
3003	-7.458811e+01
3004	-7.391049e+01
3005	-7.095519e+01
3006	-7.385970e+01
3007	-7.484674e+01
3008	-7.247799e+01
3009	-7.007874e+01
3010	-7.520945e+01
3011	-7.345454e+01
3012	-7.279018e+01
3013	-6.818052e+01
3014	-7.365760e+01
3015	-7.397222e+01
3016	-7.329710e+01
3017	-7.206933e+01
3018	-7.098593e+01
3019	-7.487585e+01
3020	-7.117572e+01
3021	-7.365765e+01
3022	-7.118087e+01
3023	-7.424523e+01
3024	-7.364461e+01
3025	-7.253938e+01
3026	-7.610917e+01
3027	-7.648205e+01
3028	-7.303924e+01
3029	-7.253490e+01
3030	-7.231349e+01
3031	-7.433019e+01
3032	-7.349532e+01
3033	-7.521418e+01
3034	-7.354666e+01
3035	-7.600915e+01
3036	-6.986091e+01
3037	-7.286112e+01
3038	-7.069585e+01
3039	-7.341570e+01
3040	-7.151173e+01
3041	-7.311525e+01
3042	-7.101089e+01
3043	-7.612439e+01
3044	-7.332347e+01
3045	-7.189639e+01
3046	-7.175649e+01
3047	-7.052950e+01
3048	-7.113447e+01
3049	-7.185425e+01
3050	-7.469872e+01
3051	-7.147960e+01
3052	-7.376552e+01
3053	-7.035107e+01
3054	-7.266692e+01
3055	-7.316785e+01
3056	-7.256076e+01
3057	-7.228693e+01
3058	-7.268509e+01
3059	-7.055912e+01
3060	-7.315671e+01
3061	-7.134720e+01
3062	-7.447602e+01
3063	-7.428576e+01
3064	-7.270324e+01
3065	-7.417983e+01
3066	-7.311470e+01
3067	-7.356915e+01
3068	-7.077332e+01
3069	-7.157967e+01
3070	-7.255981e+01
3071	-7.526612e+01
3072	-7.198569e+01
3073	-7.704398e+01
3074	-7.323625e+01
3075	-7.260933e+01
3076	-7.355915e+01
3077	-7.097075e+01
3078	-7.383795e+01
3079	-7.541686e+01
3080	-7.162560e+01
3081	-7.318727e+01
3082	-7.698843e+01
3083	-7.567937e+01
3084	-7.519248e+01
3085	-7.189288e+01
3086	-7.178098e+01
3087	-7.738871e+01
3088	-7.598453e+01
3089	-7.508093e+01
3090	-7.343193e+01
3091	-7.313805e+01
3092	-7.047327e+01
3093	-7.107909e+01
3094	-7.141754e+01
3095	-7.087994e+01
3096	-7.372766e+01
3097	-7.543440e+01
3098	-7.354928e+01
3099	-7.744542e+01
3100	-7.378728e+01
3101	-7.251371e+01
3102	-7.200110e+01
3103	-7.440189e+01
3104	-7.264012e+01
3105	-7.021722e+01
3106	-7.904633e+01
3107	-7.020827e+01
3108	-7.136597e+01
3109	-7.515147e+01
3110	-7.567573e+01
3111	-7.137576e+01
3112	-7.108001e+01
3113	-6.869317e+01
3114	-7.515690e+01
3115	-7.431267e+01
3116	-7.458401e+01
3117	-7.376633e+01
3118	-7.216120e+01
3119	-7.242026e+01
3120	-7.376515e+01
3121	-7.373707e+01
3122	-7.513868e+01
3123	-7.666003e+01
3124	-7.093780e+01
3125	-7.003534e+01
3126	-7.569822e+01
3127	-7.435540e+01
3128	-6.972240e+01
3129	-7.170536e+01
3130	-7.392860e+01
3131	-7.241923e+01
3132	-7.200805e+01
3133	-7.378752e+01
3134	-7.552823e+01
3135	-7.447769e+01
3136	-7.486111e+01
3137	-7.119399e+01
3138	-7.203263e+01
3139	-7.388920e+01
3140	-7.067473e+01
3141	-7.185930e+01
3142	-7.389267e+01
3143	-7.366944e+01
3144	-7.345928e+01
3145	-7.315349e+01
3146	-7.557967e+01
3147	-7.083623e+01
3148	-7.268321e+01
3149	-7.332305e+01
3150	-7.878679e+01
3151	-7.142785e+01
3152	-7.096105e+01
3153	-7.413774e+01
3154	-7.289716e+01
3155	-7.382359e+01
3156	-7.491697e+01
3157	-7.196724e+01
3158	-7.759122e+01
3159	-7.382619e+01
3160	-7.028674e+01
3161	-7.770740e+01
3162	-7.065593e+01
3163	-7.479033e+01
3164	-7.196780e+01
3165	-7.181913e+01
3166	-7.475367e+01
3167	-7.100152e+01
3168	-7.371149e+01
3169	-7.097543e+01
3170	-7.486214e+01
3171	-7.479575e+01
3172	-7.509000e+01
3173	-7.447341e+01
3174	-7.649184e+01
3175	-7.278691e+01
3176	-7.359690e+01
3177	-7.290253e+01
3178	-7.659872e+01
3179	-7.766660e+01
3180	-7.407094e+01
3181	-7.218676e+01
3182	-7.319273e+01
3183	-7.138417e+01
3184	-7.126314e+01
3185	-7.525975e+01
3186	-7.088631e+01
3187	-7.460599e+01
3188	-7.510274e+01
3189	-7.482734e+01
3190	-7.028198e+01
3191	-7.165406e+01
3192	-7.323466e+01
3193	-7.498721e+01
3194	-7.583381e+01
3195	-7.815571e+01
3196	-7.487914e+01
3197	-7.384379e+01
3198	-7.299064e+01
3199	-7.284396e+01
3200	-6.975065e+01
3201	-7.424603e+01
3202	-7.130315e+01
3203	-7.205138e+01
3204	-7.283174e+01
3205	-7.315433e+01
3206	-7.550969e+01
3207	-7.640957e+01
3208	-7.743797e+01
3209	-7.378980e+01
3210	-7.151737e+01
3211	-6.787556e+01
3212	-7.059242e+01
3213	-7.302450e+01
3214	-7.715752e+01
3215	-7.187006e+01
3216	-7.370118e+01
3217	-7.356546e+01
3218	-7.329810e+01
3219	-7.656758e+01
3220	-7.324245e+01
3221	-7.308470e+01
3222	-7.427010e+01
3223	-7.536702e+01
3224	-7.006474e+01
3225	-7.367423e+01
3226	-7.335494e+01
3227	-7.506033e+01
3228	-7.148551e+01
3229	-7.630349e+01
3230	-7.461556e+01
3231	-7.450911e+01
3232	-7.087659e+01
3233	-7.450279e+01
3234	-7.295895e+01
3235	-7.284663e+01
3236	-7.169819e+01
3237	-7.408551e+01
3238	-7.144187e+01
3239	-7.289667e+01
3240	-7.620597e+01
3241	-7.350003e+01
3242	-7.412669e+01
3243	-7.458022e+01
3244	-7.466053e+01
3245	-7.184236e+01
3246	-7.289001e+01
3247	-7.330825e+01
3248	-7.417616e+01
3249	-7.325063e+01
3250	-7.260941e+01
3251	-7.641107e+01
3252	-7.270144e+01
3253	-7.565719e+01
3254	-7.377731e+01
3255	-7.267941e+01
3256	-7.379013e+01
3257	-7.363236e+01
3258	-7.199992e+01
3259	-7.119139e+01
3260	-7.272086e+01
3261	-6.768327e+01
3262	-7.546430e+01
3263	-6.996907e+01
3264	-7.407635e+01
3265	-7.087210e+01
3266	-7.401225e+01
3267	-7.375826e+01
3268	-7.477240e+01
3269	-7.359585e+01
3270	-7.363420e+01
3271	-7.304658e+01
3272	-7.337290e+01
3273	-7.062752e+01
3274	-7.577968e+01
3275	-7.005045e+01
3276	-7.199164e+01
3277	-7.146016e+01
3278	-7.366092e+01
3279	-7.119804e+01
3280	-7.432024e+01
3281	-7.294000e+01
3282	-6.950866e+01
3283	-7.358754e+01
3284	-7.081433e+01
3285	-7.263867e+01
3286	-7.464611e+01
3287	-7.470654e+01
3288	-7.358233e+01
3289	-7.614249e+01
3290	-7.504312e+01
3291	-7.306996e+01
3292	-7.201460e+01
3293	-7.781713e+01
3294	-7.284630e+01
3295	-7.347214e+01
3296	-7.115241e+01
3297	-7.290547e+01
3298	-7.116590e+01
3299	-7.309855e+01
3300	-7.404915e+01
3301	-6.910592e+01
3302	-7.786601e+01
3303	-7.373592e+01
3304	-7.223122e+01
3305	-7.177902e+01
3306	-7.084135e+01
3307	-7.332051e+01
3308	-7.333153e+01
3309	-7.259735e+01
3310	-7.057800e+01
3311	-7.348034e+01
3312	-7.351064e+01
3313	-7.758946e+01
3314	-7.352715e+01
3315	-7.215266e+01
3316	-7.772306e+01
3317	-7.508846e+01
3318	-7.247642e+01
3319	-7.308272e+01
3320	-7.524977e+01
3321	-7.428441e+01
3322	-7.696906e+01
3323	-7.216880e+01
3324	-7.363504e+01
3325	-7.305606e+01
3326	-7.656469e+01
3327	-7.313423e+01
3328	-7.021541e+01
3329	-7.177066e+01
3330	-7.143845e+01
3331	-7.390097e+01
3332	-7.472405e+01
3333	-7.552280e+01
3334	-7.363868e+01
3335	-7.401866e+01
3336	-7.383635e+01
3337	-7.305973e+01
3338	-7.252790e+01
3339	-7.330426e+01
3340	-7.136067e+01
3341	-7.234813e+01
3342	-7.078539e+01
3343	-7.276818e+01
3344	-7.609133e+01
3345	-7.380814e+01
3346	-6.838831e+01
3347	-7.095197e+01
3348	-7.470645e+01
3349	-7.152050e+01
3350	-7.364875e+01
3351	-7.240620e+01
3352	-7.515331e+01
3353	-7.261061e+01
3354	-7.565214e+01
3355	-7.049642e+01
3356	-7.354228e+01
3357	-7.544492e+01
3358	-7.217942e+01
3359	-7.300282e+01
3360	-7.126158e+01
3361	-7.321604e+01
3362	-7.579009e+01
3363	-7.573962e+01
3364	-7.484720e+01
3365	-7.294793e+01
3366	-7.460353e+01
3367	-7.395941e+01
3368	-7.597525e+01
3369	-7.081356e+01
3370	-7.290099e+01
3371	-7.188947e+01
3372	-7.401855e+01
3373	-7.491953e+01
3374	-7.701707e+01
3375	-7.125009e+01
3376	-7.391280e+01
3377	-7.336365e+01
3378	-7.582968e+01
3379	-7.457967e+01
3380	-7.336606e+01
3381	-7.399563e+01
3382	-7.224759e+01
3383	-7.505830e+01
3384	-7.252436e+01
3385	-7.185551e+01
3386	-6.955580e+01
3387	-6.987729e+01
3388	-7.767533e+01
3389	-7.438243e+01
3390	-6.917494e+01
3391	-7.765423e+01
3392	-7.133221e+01
3393	-7.505630e+01
3394	-7.421062e+01
3395	-7.045855e+01
3396	-7.248202e+01
3397	-7.238412e+01
3398	-7.472556e+01
3399	-7.103643e+01
3400	-7.235212e+01
3401	-7.320525e+01
3402	-7.630775e+01
3403	-7.781743e+01
3404	-7.403803e+01
3405	-7.547274e+01
3406	-7.204079e+01
3407	-7.521564e+01
3408	-7.339929e+01
3409	-7.060070e+01
3410	-7.127848e+01
3411	-7.115341e+01
3412	-7.231109e+01
3413	-7.236811e+01
3414	-7.466702e+01
3415	-7.380165e+01
3416	-6.901437e+01
3417	-7.348579e+01
3418	-7.294980e+01
3419	-7.263128e+01
3420	-7.350949e+01
3421	-7.481907e+01
3422	-7.098208e+01
3423	-7.332043e+01
3424	-7.391733e+01
3425	-7.091117e+01
3426	-7.291582e+01
3427	-7.472664e+01
3428	-7.331694e+01
3429	-7.358105e+01
3430	-7.542675e+01
3431	-7.404540e+01
3432	-7.676365e+01
3433	-7.380372e+01
3434	-7.243653e+01
3435	-7.102914e+01
3436	-7.132136e+01
3437	-7.427817e+01
3438	-7.270189e+01
3439	-7.090582e+01
3440	-7.368171e+01
3441	-7.156755e+01
3442	-7.708576e+01
3443	-7.194270e+01
3444	-7.453181e+01
3445	-7.293432e+01
3446	-7.192273e+01
3447	-7.531232e+01
3448	-7.238437e+01
3449	-7.536649e+01
3450	-7.280390e+01
3451	-7.316838e+01
3452	-7.343107e+01
3453	-7.454473e+01
3454	-7.696868e+01
3455	-7.177778e+01
3456	-7.244949e+01
3457	-7.269871e+01
3458	-8.014351e+01
3459	-7.386912e+01
3460	-7.226026e+01
3461	-7.350688e+01
3462	-7.284680e+01
3463	-7.611028e+01
3464	-7.182562e+01
3465	-7.387175e+01
3466	-7.269501e+01
3467	-7.456432e+01
3468	-7.058016e+01
3469	-7.572194e+01
3470	-7.130220e+01
3471	-7.533820e+01
3472	-7.658395e+01
3473	-7.033241e+01
3474	-7.222697e+01
3475	-6.896260e+01
3476	-7.448667e+01
3477	-7.452793e+01
3478	-7.276776e+01
3479	-7.583049e+01
3480	-6.925569e+01
3481	-7.251491e+01
3482	-7.050866e+01
3483	-7.394254e+01
3484	-7.089119e+01
3485	-7.351954e+01
3486	-7.116285e+01
3487	-7.760743e+01
3488	-7.522874e+01
3489	-7.163905e+01
3490	-7.395657e+01
3491	-7.488951e+01
3492	-7.608339e+01
3493	-7.478420e+01
3494	-7.043863e+01
3495	-7.143723e+01
3496	-7.455149e+01
3497	-7.259445e+01
3498	-7.314553e+01
3499	-7.330983e+01
3500	-7.248531e+01
3501	-7.182903e+01
3502	-7.119701e+01
3503	-7.447917e+01
3504	-7.026113e+01
3505	-7.226250e+01
3506	-7.051284e+01
3507	-7.351644e+01
3508	-7.267996e+01
3509	-6.838887e+01
3510	-7.256645e+01
3511	-7.056935e+01
3512	-7.191049e+01
3513	-7.185390e+01
3514	-7.439220e+01
3515	-7.521457e+01
3516	-7.280811e+01
3517	-7.359856e+01
3518	-7.568906e+01
3519	-7.382620e+01
3520	-7.496792e+01
3521	-7.345424e+01
3522	-7.295793e+01
3523	-7.445822e+01
3524	-7.120078e+01
3525	-7.087386e+01
3526	-7.409192e+01
3527	-7.471342e+01
3528	-7.150232e+01
3529	-7.351865e+01
3530	-7.530609e+01
3531	-7.376036e+01
3532	-7.198000e+01
3533	-7.360388e+01
3534	-7.290504e+01
3535	-7.440675e+01
3536	-7.236291e+01
3537	-7.156614e+01
3538	-7.315292e+01
3539	-7.383400e+01
3540	-7.055992e+01
3541	-7.458300e+01
3542	-7.417789e+01
3543	-7.565411e+01
3544	-7.313430e+01
3545	-7.285608e+01
3546	-7.610093e+01
3547	-7.711833e+01
3548	-7.221580e+01
3549	-7.412128e+01
3550	-7.229907e+01
3551	-7.572255e+01
3552	-7.258824e+01
3553	-7.595313e+01
3554	-7.160591e+01
3555	-7.684579e+01
3556	-7.384770e+01
3557	-7.085918e+01
3558	-7.371406e+01
3559	-7.364522e+01
3560	-7.218731e+01
3561	-7.287590e+01
3562	-7.188690e+01
3563	-6.957776e+01
3564	-7.435621e+01
3565	-7.215054e+01
3566	-7.536099e+01
3567	-7.525557e+01
3568	-7.245500e+01
3569	-7.376765e+01
3570	-6.990748e+01
3571	-7.143386e+01
3572	-7.690676e+01
3573	-7.521406e+01
3574	-7.599264e+01
3575	-7.549095e+01
3576	-7.537695e+01
3577	-7.227256e+01
3578	-7.342896e+01
3579	-7.373477e+01
3580	-7.417690e+01
3581	-7.247461e+01
3582	-7.248121e+01
3583	-7.431011e+01
3584	-6.995815e+01
3585	-7.297035e+01
3586	-7.338410e+01
3587	-7.262615e+01
3588	-7.716231e+01
3589	-7.553268e+01
3590	-7.353869e+01
3591	-7.207680e+01
3592	-7.483151e+01
3593	-7.437986e+01
3594	-7.337350e+01
3595	-7.542831e+01
3596	-7.685637e+01
3597	-7.470681e+01
3598	-7.594646e+01
3599	-7.099025e+01
3600	-7.461971e+01
3601	-7.425534e+01
3602	-7.263442e+01
3603	-7.570825e+01
3604	-7.520015e+01
3605	-7.066051e+01
3606	-7.701863e+01
3607	-7.198633e+01
3608	-7.651758e+01
3609	-7.348082e+01
3610	-7.521239e+01
3611	-7.342950e+01
3612	-7.357352e+01
3613	-7.132607e+01
3614	-7.640142e+01
3615	-7.028903e+01
3616	-7.580247e+01
3617	-7.539952e+01
3618	-7.091464e+01
3619	-7.629848e+01
3620	-7.273795e+01
3621	-7.431709e+01
3622	-7.238187e+01
3623	-7.272264e+01
3624	-7.338073e+01
3625	-7.542369e+01
3626	-7.427893e+01
3627	-7.429848e+01
3628	-7.440742e+01
3629	-7.167688e+01
3630	-7.070001e+01
3631	-7.567743e+01
3632	-7.487813e+01
3633	-7.540423e+01
3634	-6.789998e+01
3635	-7.584371e+01
3636	-7.587740e+01
3637	-7.225832e+01
3638	-7.403133e+01
3639	-7.727117e+01
3640	-7.383317e+01
3641	-6.860733e+01
3642	-7.032695e+01
3643	-7.655551e+01
3644	-7.450912e+01
3645	-7.587068e+01
3646	-6.885230e+01
3647	-7.378229e+01
3648	-7.402338e+01
3649	-7.542477e+01
3650	-7.283880e+01
3651	-7.427582e+01
3652	-7.218837e+01
3653	-7.711373e+01
3654	-7.537452e+01
3655	-7.082228e+01
3656	-7.005734e+01
3657	-7.159315e+01
3658	-7.456864e+01
3659	-7.037503e+01
3660	-7.203183e+01
3661	-7.514662e+01
3662	-7.148314e+01
3663	-7.197982e+01
3664	-7.924138e+01
3665	-7.195244e+01
3666	-7.162581e+01
3667	-7.556652e+01
3668	-7.030520e+01
3669	-7.529893e+01
3670	-7.207062e+01
3671	-7.558122e+01
3672	-7.165368e+01
3673	-7.509598e+01
3674	-7.146787e+01
3675	-7.511085e+01
3676	-7.507036e+01
3677	-7.156743e+01
3678	-7.497168e+01
3679	-7.146404e+01
3680	-7.330496e+01
3681	-7.657629e+01
3682	-6.943228e+01
3683	-7.109568e+01
3684	-7.410486e+01
3685	-7.114413e+01
3686	-7.345631e+01
3687	-7.420675e+01
3688	-7.137193e+01
3689	-6.853183e+01
3690	-7.353790e+01
3691	-7.315035e+01
3692	-7.001498e+01
3693	-7.266337e+01
3694	-7.203082e+01
3695	-7.649719e+01
3696	-7.551684e+01
3697	-7.512631e+01
3698	-7.345627e+01
3699	-7.514414e+01
3700	-7.304258e+01
3701	-7.165708e+01
3702	-7.354355e+01
3703	-7.212724e+01
3704	-7.086630e+01
3705	-7.287252e+01
3706	-7.223167e+01
3707	-7.481652e+01
3708	-7.362849e+01
3709	-7.364685e+01
3710	-7.179624e+01
3711	-7.314787e+01
3712	-7.307163e+01
3713	-7.357433e+01
3714	-7.176644e+01
3715	-7.389431e+01
3716	-7.061423e+01
3717	-7.046648e+01
3718	-7.615178e+01
3719	-7.605061e+01
3720	-7.079271e+01
3721	-7.215827e+01
3722	-7.585275e+01
3723	-7.111709e+01
3724	-7.121809e+01
3725	-7.321075e+01
3726	-7.084497e+01
3727	-7.287982e+01
3728	-7.351554e+01
3729	-7.434943e+01
3730	-7.304788e+01
3731	-7.309168e+01
3732	-7.403797e+01
3733	-7.305856e+01
3734	-7.062705e+01
3735	-7.281280e+01
3736	-7.368144e+01
3737	-7.680214e+01
3738	-7.209436e+01
3739	-7.278572e+01
3740	-7.467945e+01
3741	-7.291090e+01
3742	-7.214454e+01
3743	-7.427467e+01
3744	-7.243922e+01
3745	-6.818431e+01
3746	-7.288396e+01
3747	-7.231503e+01
3748	-7.470706e+01
3749	-7.316293e+01
3750	-7.441524e+01
3751	-7.551231e+01
3752	-7.649297e+01
3753	-7.561884e+01
3754	-6.926857e+01
3755	-7.205533e+01
3756	-7.346932e+01
3757	-7.195182e+01
3758	-7.470337e+01
3759	-7.525690e+01
3760	-7.322557e+01
3761	-7.395866e+01
3762	-7.263418e+01
3763	-7.114760e+01
3764	-7.331530e+01
3765	-7.385649e+01
3766	-7.284064e+01
3767	-6.939641e+01
3768	-7.337658e+01
3769	-7.351039e+01
3770	-7.597768e+01
3771	-7.376898e+01
3772	-7.222937e+01
3773	-7.223445e+01
3774	-7.373589e+01
3775	-7.266434e+01
3776	-7.184064e+01
3777	-7.427205e+01
3778	-7.164251e+01
3779	-7.340688e+01
3780	-7.018069e+01
3781	-7.373872e+01
3782	-7.800163e+01
3783	-7.500505e+01
3784	-7.390415e+01
3785	-7.213834e+01
3786	-7.117890e+01
3787	-7.447381e+01
3788	-7.199348e+01
3789	-7.085638e+01
3790	-7.536318e+01
3791	-7.218642e+01
3792	-7.102438e+01
3793	-7.089292e+01
3794	-7.619704e+01
3795	-7.133304e+01
3796	-7.242056e+01
3797	-7.206150e+01
3798	-7.153923e+01
3799	-7.230171e+01
3800	-7.244709e+01
3801	-7.345659e+01
3802	-6.999747e+01
3803	-7.208919e+01
3804	-7.313738e+01
3805	-7.296436e+01
3806	-7.085848e+01
3807	-7.213269e+01
3808	-7.016472e+01
3809	-7.343927e+01
3810	-7.158978e+01
3811	-7.174517e+01
3812	-7.278420e+01
3813	-7.594903e+01
3814	-7.694993e+01
3815	-7.377343e+01
3816	-7.209716e+01
3817	-7.196605e+01
3818	-7.081377e+01
3819	-7.493804e+01
3820	-7.192577e+01
3821	-7.411357e+01
3822	-7.228483e+01
3823	-7.394607e+01
3824	-7.184991e+01
3825	-7.527495e+01
3826	-7.414162e+01
3827	-7.388265e+01
3828	-7.376856e+01
3829	-7.476553e+01
3830	-7.164075e+01
3831	-7.626572e+01
3832	-7.413387e+01
3833	-7.158797e+01
3834	-7.502924e+01
3835	-7.390402e+01
3836	-7.292826e+01
3837	-7.480779e+01
3838	-7.019763e+01
3839	-7.506171e+01
3840	-7.500686e+01
3841	-7.150171e+01
3842	-7.608576e+01
3843	-7.041655e+01
3844	-7.212249e+01
3845	-7.067343e+01
3846	-7.486288e+01
3847	-7.270877e+01
3848	-7.032286e+01
3849	-7.008216e+01
3850	-7.665452e+01
3851	-7.563205e+01
3852	-7.232044e+01
3853	-7.983582e+01
3854	-7.185225e+01
3855	-7.809860e+01
3856	-7.201190e+01
3857	-7.691957e+01
3858	-7.557233e+01
3859	-7.521135e+01
3860	-7.572736e+01
3861	-7.172022e+01
3862	-7.196792e+01
3863	-6.973354e+01
3864	-7.570357e+01
3865	-7.539462e+01
3866	-7.201200e+01
3867	-7.544244e+01
3868	-7.319466e+01
3869	-7.235644e+01
3870	-7.172996e+01
3871	-7.401688e+01
3872	-7.650701e+01
3873	-7.608801e+01
3874	-7.341783e+01
3875	-7.154799e+01
3876	-7.253433e+01
3877	-7.387764e+01
3878	-7.414066e+01
3879	-7.565489e+01
3880	-7.482957e+01
3881	-7.524738e+01
3882	-7.121978e+01
3883	-7.675098e+01
3884	-7.120463e+01
3885	-7.393778e+01
3886	-7.589176e+01
3887	-7.592845e+01
3888	-7.405660e+01
3889	-7.200332e+01
3890	-7.751697e+01
3891	-6.804018e+01
3892	-7.041306e+01
3893	-7.118573e+01
3894	-7.324774e+01
3895	-7.325616e+01
3896	-7.117854e+01
3897	-7.504969e+01
3898	-7.635619e+01
3899	-7.039829e+01
3900	-7.565222e+01
3901	-7.352641e+01
3902	-7.133996e+01
3903	-7.430884e+01
3904	-7.889951e+01
3905	-7.258253e+01
3906	-7.102457e+01
3907	-7.093397e+01
3908	-7.605686e+01
3909	-7.443509e+01
3910	-7.327898e+01
3911	-7.284891e+01
3912	-7.416930e+01
3913	-7.334840e+01
3914	-7.758456e+01
3915	-6.954914e+01
3916	-7.508828e+01
3917	-7.202706e+01
3918	-7.534279e+01
3919	-7.887615e+01
3920	-7.242672e+01
3921	-7.341738e+01
3922	-7.388791e+01
3923	-7.400796e+01
3924	-6.948739e+01
3925	-7.219498e+01
3926	-7.166797e+01
3927	-7.324442e+01
3928	-7.436903e+01
3929	-6.958653e+01
3930	-7.122603e+01
3931	-7.557718e+01
3932	-7.481104e+01
3933	-7.202106e+01
3934	-7.681854e+01
3935	-7.303946e+01
3936	-7.489169e+01
3937	-6.977013e+01
3938	-7.421466e+01
3939	-7.092590e+01
3940	-7.211292e+01
3941	-7.270848e+01
3942	-7.632564e+01
3943	-7.422174e+01
3944	-7.431877e+01
3945	-7.280127e+01
3946	-7.609576e+01
3947	-7.431501e+01
3948	-7.159218e+01
3949	-7.677714e+01
3950	-7.299514e+01
3951	-7.499499e+01
3952	-7.667945e+01
3953	-7.572909e+01
3954	-7.109976e+01
3955	-7.350725e+01
3956	-7.745674e+01
3957	-7.224152e+01
3958	-7.049119e+01
3959	-7.571091e+01
3960	-7.417872e+01
3961	-7.361845e+01
3962	-7.269088e+01
3963	-7.529221e+01
3964	-7.702937e+01
3965	-7.058106e+01
3966	-7.398748e+01
3967	-7.577355e+01
3968	-7.528484e+01
3969	-7.217771e+01
3970	-7.392074e+01
3971	-7.479098e+01
3972	-7.278135e+01
3973	-7.161975e+01
3974	-7.731197e+01
3975	-7.730474e+01
3976	-7.653879e+01
3977	-6.987533e+01
3978	-7.276723e+01
3979	-7.779563e+01
3980	-7.599370e+01
3981	-6.944975e+01
3982	-7.011459e+01
3983	-7.035361e+01
3984	-7.483436e+01
3985	-7.295086e+01
3986	-7.252837e+01
3987	-7.293359e+01
3988	-7.279111e+01
3989	-7.439695e+01
3990	-7.388520e+01
3991	-7.200082e+01
3992	-7.282036e+01
3993	-7.091483e+01
3994	-7.439695e+01
3995	-7.107179e+01
3996	-7.669885e+01
3997	-7.078751e+01
3998	-6.929002e+01
3999	-7.639194e+01
4000	-7.454291e+01
4001	-7.159964e+01
4002	-7.556431e+01
4003	-7.227269e+01
4004	-7.557139e+01
4005	-7.167648e+01
4006	-7.004433e+01
4007	-7.026978e+01
4008	-7.662737e+01
4009	-7.136404e+01
4010	-6.961880e+01
4011	-7.315022e+01
4012	-7.531392e+01
4013	-7.367441e+01
4014	-7.463894e+01
4015	-7.501034e+01
4016	-7.423123e+01
4017	-7.068116e+01
4018	-7.521872e+01
4019	-7.136123e+01
4020	-7.194193e+01
4021	-7.350543e+01
4022	-7.358398e+01
4023	-7.317643e+01
4024	-7.753571e+01
4025	-7.259248e+01
4026	-7.180782e+01
4027	-7.329046e+01
4028	-7.307897e+01
4029	-7.431494e+01
4030	-7.340449e+01
4031	-7.589101e+01
4032	-7.437514e+01
4033	-7.250952e+01
4034	-7.404410e+01
4035	-7.508811e+01
4036	-7.208148e+01
4037	-7.435771e+01
4038	-7.378394e+01
4039	-7.436015e+01
4040	-7.548525e+01
4041	-6.966912e+01
4042	-7.499738e+01
4043	-7.346215e+01
4044	-7.407606e+01
4045	-7.479645e+01
4046	-7.018375e+01
4047	-7.460111e+01
4048	-7.457811e+01
4049	-7.591277e+01
4050	-7.407748e+01
4051	-7.473518e+01
4052	-7.573979e+01
4053	-7.271893e+01
4054	-7.085624e+01
4055	-7.302133e+01
4056	-6.779840e+01
4057	-7.199977e+01
4058	-7.005165e+01
4059	-7.244006e+01
4060	-7.001196e+01
4061	-7.324505e+01
4062	-7.191899e+01
4063	-7.212986e+01
4064	-6.890968e+01
4065	-7.223237e+01
4066	-7.585129e+01
4067	-7.427148e+01
4068	-7.275463e+01
4069	-7.217223e+01
4070	-7.185531e+01
4071	-7.287285e+01
4072	-7.570089e+01
4073	-7.302740e+01
4074	-7.813931e+01
4075	-7.332850e+01
4076	-7.183926e+01
4077	-7.116610e+01
4078	-7.647546e+01
4079	-6.845333e+01
4080	-7.406413e+01
4081	-7.542764e+01
4082	-6.856248e+01
4083	-7.256172e+01
4084	-7.413595e+01
4085	-7.565076e+01
4086	-7.400640e+01
4087	-7.415887e+01
4088	-7.260309e+01
4089	-7.336497e+01
4090	-7.558732e+01
4091	-7.418516e+01
4092	-7.234665e+01
4093	-7.174822e+01
4094	-7.062459e+01
4095	-7.339399e+01
4096	-7.642888e+01
4097	-7.382188e+01
4098	-7.061963e+01
4099	-6.896622e+01
4100	-7.098533e+01
4101	-7.364721e+01
4102	-7.405487e+01
4103	-6.969470e+01
4104	-7.503012e+01
4105	-7.106869e+01
4106	-7.153520e+01
4107	-7.599309e+01
4108	-7.359056e+01
4109	-7.192891e+01
4110	-6.974413e+01
4111	-7.286757e+01
4112	-7.480332e+01
4113	-7.047490e+01
4114	-7.299889e+01
4115	-7.404641e+01
4116	-7.328428e+01
4117	-7.829295e+01
4118	-7.310026e+01
4119	-7.039597e+01
4120	-7.119658e+01
4121	-7.429854e+01
4122	-7.145348e+01
4123	-7.431361e+01
4124	-7.232086e+01
4125	-7.341613e+01
4126	-7.372198e+01
4127	-7.687908e+01
4128	-7.236419e+01
4129	-7.264781e+01
4130	-7.254296e+01
4131	-7.442831e+01
4132	-7.367668e+01
4133	-6.929050e+01
4134	-7.190161e+01
4135	-7.555006e+01
4136	-7.138866e+01
4137	-7.436383e+01
4138	-6.913814e+01
4139	-7.537106e+01
4140	-7.738221e+01
4141	-7.644504e+01
4142	-7.401972e+01
4143	-6.912672e+01
4144	-7.242611e+01
4145	-7.741532e+01
4146	-7.062189e+01
4147	-7.202833e+01
4148	-7.257725e+01
4149	-7.029595e+01
4150	-7.087007e+01
4151	-7.388519e+01
4152	-7.547740e+01
4153	-7.353201e+01
4154	-7.347518e+01
4155	-7.354437e+01
4156	-7.322226e+01
4157	-7.501641e+01
4158	-7.360394e+01
4159	-7.213178e+01
4160	-7.381382e+01
4161	-7.543748e+01
4162	-7.255684e+01
4163	-7.256319e+01
4164	-7.398671e+01
4165	-7.213815e+01
4166	-7.489712e+01
4167	-7.393871e+01
4168	-7.229700e+01
4169	-7.056368e+01
4170	-7.109606e+01
4171	-7.326595e+01
4172	-7.276697e+01
4173	-7.462664e+01
4174	-7.152238e+01
4175	-7.551163e+01
4176	-7.476216e+01
4177	-7.568896e+01
4178	-7.191288e+01
4179	-7.374382e+01
4180	-7.243651e+01
4181	-7.327090e+01
4182	-7.665253e+01
4183	-6.869971e+01
4184	-7.354816e+01
4185	-7.268516e+01
4186	-7.501590e+01
4187	-7.563018e+01
4188	-7.380122e+01
4189	-6.930209e+01
4190	-7.285237e+01
4191	-7.351936e+01
4192	-7.188557e+01
4193	-6.989416e+01
4194	-7.408891e+01
4195	-7.415895e+01
4196	-7.069738e+01
4197	-7.308273e+01
4198	-7.145884e+01
4199	-7.036656e+01
4200	-7.154642e+01
4201	-7.002488e+01
4202	-6.529512e+01
4203	-7.090053e+01
4204	-7.359763e+01
4205	-7.478932e+01
4206	-7.442440e+01
4207	-7.205158e+01
4208	-7.219003e+01
4209	-7.298566e+01
4210	-7.304656e+01
4211	-7.774092e+01
4212	-7.261806e+01
4213	-7.322299e+01
4214	-7.353651e+01
4215	-7.225429e+01
4216	-7.202383e+01
4217	-7.276684e+01
4218	-7.182460e+01
4219	-7.501825e+01
4220	-7.555697e+01
4221	-7.098483e+01
4222	-7.473842e+01
4223	-7.302627e+01
4224	-7.263442e+01
4225	-6.972703e+01
4226	-7.357448e+01
4227	-7.064626e+01
4228	-7.422266e+01
4229	-7.075272e+01
4230	-7.251313e+01
4231	-7.238562e+01
4232	-7.630931e+01
4233	-7.497985e+01
4234	-7.161441e+01
4235	-7.272181e+01
4236	-7.410364e+01
4237	-7.147648e+01
4238	-7.283418e+01
4239	-7.414904e+01
4240	-7.476774e+01
4241	-7.157438e+01
4242	-7.321526e+01
4243	-7.388866e+01
4244	-7.562558e+01
4245	-7.504339e+01
4246	-7.730593e+01
4247	-7.550929e+01
4248	-7.650592e+01
4249	-7.466901e+01
4250	-7.582907e+01
4251	-7.439285e+01
4252	-7.394682e+01
4253	-7.616900e+01
4254	-7.070834e+01
4255	-7.312486e+01
4256	-7.524361e+01
4257	-7.374712e+01
4258	-7.666512e+01
4259	-7.290863e+01
4260	-7.344213e+01
4261	-7.215935e+01
4262	-7.109125e+01
4263	-6.940421e+01
4264	-7.096463e+01
4265	-7.117462e+01
4266	-7.308732e+01
4267	-7.465945e+01
4268	-7.322314e+01
4269	-7.025189e+01
4270	-7.188306e+01
4271	-7.090001e+01
4272	-7.189257e+01
4273	-7.380706e+01
4274	-7.825944e+01
4275	-7.374969e+01
4276	-7.311640e+01
4277	-7.470661e+01
4278	-7.789160e+01
4279	-7.530016e+01
4280	-7.258017e+01
4281	-7.212371e+01
4282	-7.233350e+01
4283	-7.468081e+01
4284	-7.603734e+01
4285	-7.319001e+01
4286	-7.297812e+01
4287	-7.455519e+01
4288	-7.483509e+01
4289	-7.222009e+01
4290	-7.315271e+01
4291	-7.202275e+01
4292	-7.491377e+01
4293	-7.521428e+01
4294	-7.338111e+01
4295	-7.072102e+01
4296	-7.476174e+01
4297	-7.725728e+01
4298	-7.284259e+01
4299	-7.165810e+01
4300	-7.600177e+01
4301	-7.272214e+01
4302	-7.051648e+01
4303	-7.305144e+01
4304	-7.358555e+01
4305	-7.549708e+01
4306	-7.483516e+01
4307	-7.485884e+01
4308	-7.445997e+01
4309	-7.128644e+01
4310	-7.484229e+01
4311	-7.365476e+01
4312	-7.188283e+01
4313	-7.122668e+01
4314	-7.051334e+01
4315	-7.403070e+01
4316	-6.942953e+01
4317	-7.231405e+01
4318	-7.677175e+01
4319	-7.079338e+01
4320	-7.488535e+01
4321	-7.366599e+01
4322	-7.235805e+01
4323	-7.142111e+01
4324	-7.519302e+01
4325	-7.438302e+01
4326	-7.187017e+01
4327	-7.295178e+01
4328	-7.583544e+01
4329	-7.333706e+01
4330	-7.355819e+01
4331	-7.497658e+01
4332	-7.368240e+01
4333	-7.532503e+01
4334	-7.295332e+01
4335	-7.067016e+01
4336	-7.524234e+01
4337	-7.183820e+01
4338	-7.338324e+01
4339	-7.431928e+01
4340	-7.184796e+01
4341	-7.858392e+01
4342	-7.690476e+01
4343	-7.333202e+01
4344	-7.197810e+01
4345	-7.147958e+01
4346	-7.057020e+01
4347	-7.218062e+01
4348	-7.321683e+01
4349	-7.567197e+01
4350	-7.265752e+01
4351	-7.519561e+01
4352	-7.405355e+01
4353	-7.471395e+01
4354	-7.704729e+01
4355	-7.610960e+01
4356	-7.268127e+01
4357	-7.521830e+01
4358	-7.923191e+01
4359	-7.185732e+01
4360	-6.971804e+01
4361	-7.347431e+01
4362	-7.072262e+01
4363	-7.452430e+01
4364	-7.170205e+01
4365	-7.259994e+01
4366	-7.412180e+01
4367	-7.603378e+01
4368	-7.441929e+01
4369	-7.116592e+01
4370	-7.461154e+01
4371	-7.398932e+01
4372	-7.146788e+01
4373	-7.472694e+01
4374	-7.347430e+01
4375	-7.360566e+01
4376	-6.990251e+01
4377	-7.265797e+01
4378	-6.989359e+01
4379	-7.394880e+01
4380	-7.402186e+01
4381	-6.889981e+01
4382	-7.469832e+01
4383	-7.427490e+01
4384	-7.290709e+01
4385	-7.197633e+01
4386	-7.349166e+01
4387	-7.338130e+01
4388	-7.190487e+01
4389	-7.588927e+01
4390	-6.995941e+01
4391	-7.194078e+01
4392	-7.629750e+01
4393	-7.194360e+01
4394	-7.463766e+01
4395	-7.252983e+01
4396	-7.178267e+01
4397	-7.375778e+01
4398	-7.838796e+01
4399	-7.205842e+01
4400	-7.419960e+01
4401	-7.245519e+01
4402	-7.455916e+01
4403	-7.458517e+01
4404	-7.483931e+01
4405	-7.440461e+01
4406	-7.234932e+01
4407	-7.373829e+01
4408	-6.849392e+01
4409	-7.294758e+01
4410	-7.361762e+01
4411	-7.410283e+01
4412	-7.402582e+01
4413	-7.332298e+01
4414	-6.977088e+01
4415	-7.135520e+01
4416	-7.381848e+01
4417	-7.152817e+01
4418	-7.151094e+01
4419	-7.329374e+01
4420	-7.287722e+01
4421	-7.646065e+01
4422	-7.514651e+01
4423	-7.417510e+01
4424	-7.620993e+01
4425	-7.564113e+01
4426	-7.811805e+01
4427	-7.529905e+01
4428	-7.378097e+01
4429	-7.201552e+01
4430	-7.699498e+01
4431	-7.157626e+01
4432	-7.143789e+01
4433	-7.448207e+01
4434	-7.077129e+01
4435	-7.520270e+01
4436	-7.638016e+01
4437	-7.278693e+01
4438	-7.574836e+01
4439	-7.190939e+01
4440	-7.560736e+01
4441	-7.321592e+01
4442	-7.287367e+01
4443	-7.393160e+01
4444	-7.413108e+01
4445	-7.423267e+01
4446	-6.943728e+01
4447	-7.139311e+01
4448	-7.666416e+01
4449	-7.659506e+01
4450	-7.524258e+01
4451	-7.452970e+01
4452	-7.600488e+01
4453	-6.910375e+01
4454	-7.310205e+01
4455	-7.367454e+01
4456	-7.531841e+01
4457	-7.491808e+01
4458	-7.132774e+01
4459	-7.349471e+01
4460	-6.985316e+01
4461	-7.461221e+01
4462	-6.824220e+01
4463	-7.432429e+01
4464	-7.509424e+01
4465	-7.579146e+01
4466	-7.382283e+01
4467	-7.441186e+01
4468	-7.739130e+01
4469	-7.714704e+01
4470	-7.298109e+01
4471	-7.485344e+01
4472	-7.269529e+01
4473	-7.323840e+01
4474	-7.324141e+01
4475	-7.299155e+01
4476	-7.355265e+01
4477	-7.439308e+01
4478	-7.565792e+01
4479	-7.150700e+01
4480	-7.211658e+01
4481	-7.516718e+01
4482	-6.960281e+01
4483	-7.434390e+01
4484	-7.454187e+01
4485	-7.203462e+01
4486	-7.299874e+01
4487	-7.221175e+01
4488	-7.726213e+01
4489	-7.004707e+01
4490	-7.426914e+01
4491	-7.487385e+01
4492	-7.286718e+01
4493	-6.989275e+01
4494	-7.300515e+01
4495	-7.012352e+01
4496	-7.393987e+01
4497	-7.526434e+01
4498	-7.272536e+01
4499	-7.398429e+01
4500	-7.216668e+01
4501	-7.556111e+01
4502	-7.328382e+01
4503	-7.009146e+01
4504	-7.615950e+01
4505	-7.196899e+01
4506	-7.464781e+01
4507	-6.893196e+01
4508	-7.380548e+01
4509	-7.426666e+01
4510	-7.342411e+01
4511	-7.096996e+01
4512	-7.642446e+01
4513	-7.598068e+01
4514	-7.491903e+01
4515	-7.410107e+01
4516	-7.426013e+01
4517	-7.085416e+01
4518	-7.508740e+01
4519	-7.313551e+01
4520	-7.286219e+01
4521	-7.458960e+01
4522	-7.341960e+01
4523	-7.484586e+01
4524	-7.241961e+01
4525	-7.095966e+01
4526	-7.429523e+01
4527	-7.198743e+01
4528	-7.138010e+01
4529	-7.432845e+01
4530	-7.553653e+01
4531	-7.238000e+01
4532	-7.630981e+01
4533	-7.278001e+01
4534	-6.912790e+01
4535	-7.273857e+01
4536	-7.607279e+01
4537	-7.625731e+01
4538	-7.481749e+01
4539	-7.116274e+01
4540	-7.711716e+01
4541	-7.430172e+01
4542	-7.297366e+01
4543	-7.094341e+01
4544	-7.516611e+01
4545	-7.512249e+01
4546	-7.380710e+01
4547	-7.276109e+01
4548	-7.239428e+01
4549	-7.346446e+01
4550	-7.429134e+01
4551	-7.271433e+01
4552	-7.454701e+01
4553	-7.705704e+01
4554	-7.177054e+01
4555	-7.633120e+01
4556	-7.761590e+01
4557	-7.006722e+01
4558	-7.376201e+01
4559	-7.468991e+01
4560	-7.160465e+01
4561	-7.639501e+01
4562	-7.330108e+01
4563	-7.428301e+01
4564	-7.613533e+01
4565	-7.337184e+01
4566	-7.093425e+01
4567	-7.288141e+01
4568	-7.305174e+01
4569	-7.569261e+01
4570	-7.572204e+01
4571	-7.615150e+01
4572	-7.138114e+01
4573	-7.235872e+01
4574	-7.303150e+01
4575	-7.359961e+01
4576	-6.969453e+01
4577	-7.240779e+01
4578	-7.289382e+01
4579	-7.634189e+01
4580	-7.501176e+01
4581	-6.993509e+01
4582	-7.130458e+01
4583	-7.512257e+01
4584	-7.570985e+01
4585	-7.392558e+01
4586	-7.527147e+01
4587	-7.157202e+01
4588	-7.375420e+01
4589	-7.168584e+01
4590	-7.384185e+01
4591	-7.485323e+01
4592	-7.430869e+01
4593	-7.226416e+01
4594	-7.678804e+01
4595	-7.508040e+01
4596	-7.237974e+01
4597	-7.385287e+01
4598	-7.189854e+01
4599	-7.415974e+01
4600	-7.156830e+01
4601	-7.756258e+01
4602	-7.003886e+01
4603	-7.348245e+01
4604	-7.307993e+01
4605	-7.061521e+01
4606	-7.359988e+01
4607	-7.448943e+01
4608	-7.557425e+01
4609	-7.235923e+01
4610	-7.801985e+01
4611	-7.518773e+01
4612	-7.276602e+01
4613	-6.758210e+01
4614	-6.991644e+01
4615	-7.186646e+01
4616	-6.976018e+01
4617	-7.220479e+01
4618	-7.096994e+01
4619	-7.263470e+01
4620	-7.206234e+01
4621	-7.287583e+01
4622	-7.576846e+01
4623	-6.651167e+01
4624	-7.491424e+01
4625	-7.744952e+01
4626	-7.123937e+01
4627	-7.272938e+01
4628	-7.406454e+01
4629	-7.406657e+01
4630	-7.344263e+01
4631	-7.106211e+01
4632	-7.172429e+01
4633	-7.514958e+01
4634	-7.781050e+01
4635	-7.241986e+01
4636	-7.250669e+01
4637	-7.426956e+01
4638	-7.543795e+01
4639	-7.404335e+01
4640	-7.554995e+01
4641	-7.141894e+01
4642	-7.416129e+01
4643	-7.097028e+01
4644	-7.230990e+01
4645	-7.666905e+01
4646	-6.993869e+01
4647	-7.498646e+01
4648	-7.363301e+01
4649	-7.332827e+01
4650	-7.088369e+01
4651	-7.484651e+01
4652	-7.369031e+01
4653	-7.768836e+01
4654	-7.138889e+01
4655	-7.238789e+01
4656	-7.427789e+01
4657	-7.539644e+01
4658	-7.512292e+01
4659	-7.134380e+01
4660	-7.325710e+01
4661	-7.314296e+01
4662	-7.630251e+01
4663	-7.389306e+01
4664	-7.062009e+01
4665	-7.267527e+01
4666	-7.394235e+01
4667	-7.013692e+01
4668	-7.292958e+01
4669	-6.928637e+01
4670	-7.233561e+01
4671	-7.415219e+01
4672	-7.387929e+01
4673	-7.087035e+01
4674	-7.243452e+01
4675	-7.290302e+01
4676	-7.438247e+01
4677	-7.107527e+01
4678	-7.322062e+01
4679	-7.334525e+01
4680	-7.658191e+01
4681	-7.425544e+01
4682	-7.260378e+01
4683	-7.273681e+01
4684	-7.067873e+01
4685	-7.087946e+01
4686	-7.385142e+01
4687	-7.257353e+01
4688	-7.388171e+01
4689	-7.259977e+01
4690	-7.131050e+01
4691	-7.215220e+01
4692	-7.371306e+01
4693	-7.172591e+01
4694	-7.366697e+01
4695	-7.211654e+01
4696	-7.417782e+01
4697	-7.598803e+01
4698	-7.084528e+01
4699	-7.176294e+01
4700	-7.351060e+01
4701	-7.213917e+01
4702	-7.580220e+01
4703	-7.171511e+01
4704	-7.279773e+01
4705	-6.999180e+01
4706	-7.186005e+01
4707	-7.503883e+01
4708	-7.201573e+01
4709	-7.302298e+01
4710	-7.405206e+01
4711	-7.275535e+01
4712	-7.157224e+01
4713	-7.267486e+01
4714	-7.084166e+01
4715	-7.447101e+01
4716	-7.325402e+01
4717	-7.198088e+01
4718	-7.498417e+01
4719	-7.350434e+01
4720	-7.354607e+01
4721	-7.377436e+01
4722	-7.293501e+01
4723	-7.870074e+01
4724	-7.336830e+01
4725	-7.497206e+01
4726	-6.962023e+01
4727	-7.196881e+01
4728	-7.321353e+01
4729	-6.921105e+01
4730	-7.559701e+01
4731	-7.310086e+01
4732	-7.397756e+01
4733	-7.211135e+01
4734	-7.548693e+01
4735	-7.375054e+01
4736	-7.445480e+01
4737	-7.247486e+01
4738	-7.163557e+01
4739	-7.161389e+01
4740	-7.499870e+01
4741	-7.531358e+01
4742	-7.511092e+01
4743	-7.402448e+01
4744	-7.243519e+01
4745	-7.463924e+01
4746	-7.129994e+01
4747	-7.443640e+01
4748	-7.407070e+01
4749	-7.326440e+01
4750	-7.471744e+01
4751	-7.441783e+01
4752	-7.315888e+01
4753	-7.303040e+01
4754	-7.519012e+01
4755	-7.076267e+01
4756	-7.335247e+01
4757	-7.208737e+01
4758	-6.972721e+01
4759	-7.128783e+01
4760	-7.287281e+01
4761	-7.438854e+01
4762	-7.251906e+01
4763	-7.445733e+01
4764	-7.563301e+01
4765	-7.258518e+01
4766	-7.641781e+01
4767	-7.278383e+01
4768	-7.415944e+01
4769	-7.327199e+01
4770	-7.142799e+01
4771	-7.487481e+01
4772	-7.111337e+01
4773	-6.954849e+01
4774	-7.538863e+01
4775	-7.309130e+01
4776	-6.941741e+01
4777	-7.461213e+01
4778	-7.340789e+01
4779	-7.475363e+01
4780	-6.872118e+01
4781	-7.725239e+01
4782	-7.618232e+01
4783	-7.554051e+01
4784	-6.997758e+01
4785	-7.287702e+01
4786	-7.392286e+01
4787	-7.103974e+01
4788	-7.505461e+01
4789	-7.178739e+01
4790	-7.200321e+01
4791	-7.424427e+01
4792	-7.366029e+01
4793	-7.049299e+01
4794	-7.477987e+01
4795	-7.369384e+01
4796	-7.058335e+01
4797	-7.225808e+01
4798	-7.173751e+01
4799	-7.160244e+01
4800	-7.073760e+01
4801	-7.248976e+01
4802	-7.498888e+01
4803	-7.239725e+01
4804	-7.442155e+01
4805	-7.319218e+01
4806	-7.399236e+01
4807	-7.337268e+01
4808	-7.570040e+01
4809	-7.333263e+01
4810	-7.379874e+01
4811	-7.497310e+01
4812	-7.309318e+01
4813	-7.269345e+01
4814	-7.208601e+01
4815	-7.406727e+01
4816	-7.353500e+01
4817	-7.319745e+01
4818	-7.375689e+01
4819	-7.524813e+01
4820	-7.050513e+01
4821	-7.248645e+01
4822	-7.602464e+01
4823	-7.027760e+01
4824	-7.220493e+01
4825	-7.607277e+01
4826	-7.178395e+01
4827	-7.245221e+01
4828	-7.516446e+01
4829	-7.213493e+01
4830	-7.299838e+01
4831	-7.487163e+01
4832	-7.068154e+01
4833	-7.699943e+01
4834	-7.820676e+01
4835	-7.298453e+01
4836	-7.353691e+01
4837	-7.031378e+01
4838	-7.158850e+01
4839	-7.588951e+01
4840	-7.499150e+01
4841	-7.616839e+01
4842	-7.360321e+01
4843	-7.090409e+01
4844	-7.441494e+01
4845	-7.330452e+01
4846	-7.794419e+01
4847	-7.509473e+01
4848	-7.284346e+01
4849	-7.478575e+01
4850	-7.398090e+01
4851	-7.138874e+01
4852	-7.413822e+01
4853	-7.172276e+01
4854	-7.100726e+01
4855	-7.081881e+01
4856	-7.270415e+01
4857	-7.761753e+01
4858	-7.441953e+01
4859	-7.440808e+01
4860	-7.139551e+01
4861	-7.532176e+01
4862	-7.417178e+01
4863	-7.337198e+01
4864	-7.567481e+01
4865	-7.409031e+01
4866	-7.333121e+01
4867	-7.310755e+01
4868	-7.315185e+01
4869	-7.545034e+01
4870	-7.559801e+01
4871	-7.477702e+01
4872	-7.891973e+01
4873	-7.445921e+01
4874	-7.616924e+01
4875	-7.300162e+01
4876	-7.713074e+01
4877	-7.765028e+01
4878	-7.192995e+01
4879	-7.172040e+01
4880	-7.529113e+01
4881	-7.348775e+01
4882	-7.359729e+01
4883	-7.518365e+01
4884	-7.088139e+01
4885	-7.401841e+01
4886	-7.265738e+01
4887	-7.579582e+01
4888	-7.291168e+01
4889	-7.664317e+01
4890	-7.740462e+01
4891	-7.238809e+01
4892	-7.258278e+01
4893	-7.122525e+01
4894	-7.057317e+01
4895	-7.252473e+01
4896	-6.895010e+01
4897	-7.076672e+01
4898	-7.091066e+01
4899	-7.223344e+01
4900	-7.382854e+01
4901	-7.354593e+01
4902	-7.656122e+01
4903	-7.497766e+01
4904	-7.143051e+01
4905	-7.483907e+01
4906	-7.364520e+01
4907	-7.220215e+01
4908	-7.445731e+01
4909	-7.096629e+01
4910	-7.187284e+01
4911	-7.056938e+01
4912	-7.398391e+01
4913	-7.246105e+01
4914	-7.473777e+01
4915	-7.760365e+01
4916	-7.627408e+01
4917	-7.254188e+01
4918	-7.071769e+01
4919	-7.421561e+01
4920	-7.303150e+01
4921	-6.949631e+01
4922	-7.298903e+01
4923	-7.561797e+01
4924	-7.302976e+01
4925	-7.489081e+01
4926	-7.406502e+01
4927	-7.353008e+01
4928	-7.519251e+01
4929	-7.503630e+01
4930	-7.444712e+01
4931	-7.205211e+01
4932	-7.266243e+01
4933	-7.160386e+01
4934	-7.403809e+01
4935	-7.265778e+01
4936	-7.084260e+01
4937	-7.262614e+01
4938	-6.923831e+01
4939	-7.486529e+01
4940	-7.351678e+01
4941	-7.256701e+01
4942	-7.335024e+01
4943	-7.405658e+01
4944	-7.390662e+01
4945	-7.260438e+01
4946	-6.887828e+01
4947	-7.489233e+01
4948	-7.570341e+01
4949	-7.275929e+01
4950	-7.376666e+01
4951	-7.562111e+01
4952	-7.244414e+01
4953	-7.190995e+01
4954	-7.429773e+01
4955	-7.473041e+01
4956	-7.285565e+01
4957	-7.563036e+01
4958	-7.447990e+01
4959	-7.467303e+01
4960	-7.357927e+01
4961	-7.546921e+01
4962	-7.147037e+01
4963	-7.604650e+01
4964	-7.652836e+01
4965	-7.409951e+01
4966	-7.382209e+01
4967	-7.121732e+01
4968	-7.383044e+01
4969	-7.637297e+01
4970	-7.532219e+01
4971	-7.620704e+01
4972	-7.450447e+01
4973	-7.182012e+01
4974	-6.995028e+01
4975	-7.219882e+01
4976	-7.463608e+01
4977	-7.764569e+01
4978	-7.123554e+01
4979	-7.473540e+01
4980	-7.284083e+01
4981	-7.165116e+01
4982	-7.274035e+01
4983	-7.324039e+01
4984	-7.340195e+01
4985	-7.251484e+01
4986	-7.352918e+01
4987	-7.381462e+01
4988	-7.573837e+01
4989	-7.120516e+01
4990	-7.387622e+01
4991	-7.638586e+01
4992	-6.895848e+01
4993	-7.285554e+01
4994	-7.311183e+01
4995	-7.548214e+01
4996	-7.247512e+01
4997	-7.300467e+01
4998	-7.266615e+01
4999	-7.310447e+01
5000	-7.487494e+01
5001	-7.463650e+01
5002	-7.352690e+01
5003	-6.998190e+01
5004	-7.448586e+01
5005	-7.121543e+01
5006	-7.197100e+01
5007	-7.144147e+01
5008	-7.240794e+01
5009	-7.370500e+01
5010	-7.509391e+01
5011	-7.310628e+01
5012	-7.218042e+01
5013	-7.490733e+01
5014	-7.058394e+01
5015	-7.473145e+01
5016	-7.154619e+01
5017	-7.624430e+01
5018	-7.228655e+01
5019	-7.040228e+01
5020	-7.255938e+01
5021	-7.684972e+01
5022	-7.678771e+01
5023	-7.087363e+01
5024	-7.313832e+01
5025	-7.295348e+01
5026	-7.336738e+01
5027	-7.089786e+01
5028	-7.207253e+01
5029	-7.550503e+01
5030	-7.315288e+01
5031	-7.492846e+01
5032	-7.428020e+01
5033	-7.468826e+01
5034	-7.601601e+01
5035	-6.978406e+01
5036	-7.408170e+01
5037	-7.299677e+01
5038	-7.280967e+01
5039	-7.465836e+01
5040	-7.291793e+01
5041	-7.059733e+01
5042	-7.333255e+01
5043	-7.307019e+01
5044	-7.354687e+01
5045	-7.530542e+01
5046	-7.415647e+01
5047	-7.307635e+01
5048	-7.614163e+01
5049	-7.079277e+01
5050	-7.221982e+01
5051	-7.623889e+01
5052	-7.185584e+01
5053	-7.394216e+01
5054	-7.192029e+01
5055	-7.195417e+01
5056	-7.342998e+01
5057	-7.457298e+01
5058	-7.356823e+01
5059	-7.276780e+01
5060	-7.262688e+01
5061	-7.334551e+01
5062	-7.592511e+01
5063	-7.448785e+01
5064	-7.522395e+01
5065	-7.454111e+01
5066	-7.568609e+01
5067	-7.513180e+01
5068	-7.241228e+01
5069	-7.645459e+01
5070	-7.274748e+01
5071	-7.217743e+01
5072	-7.196372e+01
5073	-7.537181e+01
5074	-7.340254e+01
5075	-7.210788e+01
5076	-7.415043e+01
5077	-7.256147e+01
5078	-7.032008e+01
5079	-7.017756e+01
5080	-7.053223e+01
5081	-7.425451e+01
5082	-7.664560e+01
5083	-7.452184e+01
5084	-7.363372e+01
5085	-7.182987e+01
5086	-7.247521e+01
5087	-7.483555e+01
5088	-7.228868e+01
5089	-7.320585e+01
5090	-7.605560e+01
5091	-7.254720e+01
5092	-7.505604e+01
5093	-7.065899e+01
5094	-7.463417e+01
5095	-7.268990e+01
5096	-7.285095e+01
5097	-7.623336e+01
5098	-7.320918e+01
5099	-7.222992e+01
5100	-7.416409e+01
5101	-7.031868e+01
5102	-7.636587e+01
5103	-7.548012e+01
5104	-7.451135e+01
5105	-7.370188e+01
5106	-7.054327e+01
5107	-7.251170e+01
5108	-7.121593e+01
5109	-7.010581e+01
5110	-6.996265e+01
5111	-7.060090e+01
5112	-7.307806e+01
5113	-7.326796e+01
5114	-7.369417e+01
5115	-7.384023e+01
5116	-7.438338e+01
5117	-7.323479e+01
5118	-7.577776e+01
5119	-6.652088e+01
5120	-7.327590e+01
5121	-7.360265e+01
5122	-7.222871e+01
5123	-7.251086e+01
5124	-7.105409e+01
5125	-7.494378e+01
5126	-7.024332e+01
5127	-7.296988e+01
5128	-7.220080e+01
5129	-7.324699e+01
5130	-7.367620e+01
5131	-7.207006e+01
5132	-7.060678e+01
5133	-7.404318e+01
5134	-7.015704e+01
5135	-7.370866e+01
5136	-7.259750e+01
5137	-7.410239e+01
5138	-7.763340e+01
5139	-7.430904e+01
5140	-7.486716e+01
5141	-6.975122e+01
5142	-7.369910e+01
5143	-7.178242e+01
5144	-7.327033e+01
5145	-7.308726e+01
5146	-7.400323e+01
5147	-7.576799e+01
5148	-7.402685e+01
5149	-7.288327e+01
5150	-7.525895e+01
5151	-7.251153e+01
5152	-7.435093e+01
5153	-7.649257e+01
5154	-7.430457e+01
5155	-7.120610e+01
5156	-7.302343e+01
5157	-7.124833e+01
5158	-7.446198e+01
5159	-7.094979e+01
5160	-7.280401e+01
5161	-7.604865e+01
5162	-7.643407e+01
5163	-7.198128e+01
5164	-7.563976e+01
5165	-7.309952e+01
5166	-7.132260e+01
5167	-7.429664e+01
5168	-7.521429e+01
5169	-7.412058e+01
5170	-6.909094e+01
5171	-7.489309e+01
5172	-7.508312e+01
5173	-7.362857e+01
5174	-7.346078e+01
5175	-6.928088e+01
5176	-7.305495e+01
5177	-7.554032e+01
5178	-7.424677e+01
5179	-7.521614e+01
5180	-7.645505e+01
5181	-7.356629e+01
5182	-7.043146e+01
5183	-7.102185e+01
5184	-7.339922e+01
5185	-7.293097e+01
5186	-7.611158e+01
5187	-7.203661e+01
5188	-7.817847e+01
5189	-7.577905e+01
5190	-7.505826e+01
5191	-7.346720e+01
5192	-7.576494e+01
5193	-7.375930e+01
5194	-7.246168e+01
5195	-7.730354e+01
5196	-6.994667e+01
5197	-7.521391e+01
5198	-7.461117e+01
5199	-7.374320e+01
5200	-7.236124e+01
5201	-7.221680e+01
5202	-7.548825e+01
5203	-7.398672e+01
5204	-7.430593e+01
5205	-7.416041e+01
5206	-7.634871e+01
5207	-7.361411e+01
5208	-7.008302e+01
5209	-7.313695e+01
5210	-7.381720e+01
5211	-7.322585e+01
5212	-7.257030e+01
5213	-7.279597e+01
5214	-7.287094e+01
5215	-7.362484e+01
5216	-7.495322e+01
5217	-7.223072e+01
5218	-7.303550e+01
5219	-7.272481e+01
5220	-7.104394e+01
5221	-7.533628e+01
5222	-6.949124e+01
5223	-7.014094e+01
5224	-7.191561e+01
5225	-7.538944e+01
5226	-7.204010e+01
5227	-7.193570e+01
5228	-7.199979e+01
5229	-7.691565e+01
5230	-7.332688e+01
5231	-7.100301e+01
5232	-7.447120e+01
5233	-7.341481e+01
5234	-7.509997e+01
5235	-7.373802e+01
5236	-7.347893e+01
5237	-7.443520e+01
5238	-7.613596e+01
5239	-7.381010e+01
5240	-7.065323e+01
5241	-7.324211e+01
5242	-7.344199e+01
5243	-7.344769e+01
5244	-7.249677e+01
5245	-7.247911e+01
5246	-7.216043e+01
5247	-6.995305e+01
5248	-7.453537e+01
5249	-7.176330e+01
5250	-7.338853e+01
5251	-7.212544e+01
5252	-7.428823e+01
5253	-7.360743e+01
5254	-7.586914e+01
5255	-7.123836e+01
5256	-7.468453e+01
5257	-7.379957e+01
5258	-7.347563e+01
5259	-7.609760e+01
5260	-7.039078e+01
5261	-7.776122e+01
5262	-7.442404e+01
5263	-7.584055e+01
5264	-7.263829e+01
5265	-7.385325e+01
5266	-7.495540e+01
5267	-7.324341e+01
5268	-7.145093e+01
5269	-7.905343e+01
5270	-7.212134e+01
5271	-7.186474e+01
5272	-7.508186e+01
5273	-7.050704e+01
5274	-7.225465e+01
5275	-7.485845e+01
5276	-7.176733e+01
5277	-7.500929e+01
5278	-7.470735e+01
5279	-7.111164e+01
5280	-7.348116e+01
5281	-7.354825e+01
5282	-7.235673e+01
5283	-7.193331e+01
5284	-7.341552e+01
5285	-7.690102e+01
5286	-7.432591e+01
5287	-7.271986e+01
5288	-7.352799e+01
5289	-7.243598e+01
5290	-7.399999e+01
5291	-7.183946e+01
5292	-7.264471e+01
5293	-7.518932e+01
5294	-7.211758e+01
5295	-7.102788e+01
5296	-7.246066e+01
5297	-7.449137e+01
5298	-7.538702e+01
5299	-7.384311e+01
5300	-7.383080e+01
5301	-7.419275e+01
5302	-7.262907e+01
5303	-7.582957e+01
5304	-7.310220e+01
5305	-7.214174e+01
5306	-7.386756e+01
5307	-7.141954e+01
5308	-7.147840e+01
5309	-7.228638e+01
5310	-7.335337e+01
5311	-7.308311e+01
5312	-6.928200e+01
5313	-7.370835e+01
5314	-7.339685e+01
5315	-7.704149e+01
5316	-7.205201e+01
5317	-7.410771e+01
5318	-7.388476e+01
5319	-7.378115e+01
5320	-7.116679e+01
5321	-7.419682e+01
5322	-7.587425e+01
5323	-7.171429e+01
5324	-7.296613e+01
5325	-7.409762e+01
5326	-7.327936e+01
5327	-7.427202e+01
5328	-7.443040e+01
5329	-7.139410e+01
5330	-7.223622e+01
5331	-7.404209e+01
5332	-7.526946e+01
5333	-7.195290e+01
5334	-7.031883e+01
5335	-7.224448e+01
5336	-7.755782e+01
5337	-7.370015e+01
5338	-7.351229e+01
5339	-7.310046e+01
5340	-7.124559e+01
5341	-7.034030e+01
5342	-7.128143e+01
5343	-7.115460e+01
5344	-7.355135e+01
5345	-6.998642e+01
5346	-7.345094e+01
5347	-7.156654e+01
5348	-7.360303e+01
5349	-6.889492e+01
5350	-7.385183e+01
5351	-7.506203e+01
5352	-7.332546e+01
5353	-7.114257e+01
5354	-7.393339e+01
5355	-7.188708e+01
5356	-7.231916e+01
5357	-7.054619e+01
5358	-7.476399e+01
5359	-7.389085e+01
5360	-7.142092e+01
5361	-7.290768e+01
5362	-7.273262e+01
5363	-7.077128e+01
5364	-7.378800e+01
5365	-7.576270e+01
5366	-7.546419e+01
5367	-7.680436e+01
5368	-7.506894e+01
5369	-7.416120e+01
5370	-7.313914e+01
5371	-6.906210e+01
5372	-7.205893e+01
5373	-7.164516e+01
5374	-7.371289e+01
5375	-7.049698e+01
5376	-7.016525e+01
5377	-7.104998e+01
5378	-6.965330e+01
5379	-7.188739e+01
5380	-7.341177e+01
5381	-7.164220e+01
5382	-7.508625e+01
5383	-7.473473e+01
5384	-7.130627e+01
5385	-7.175155e+01
5386	-7.607058e+01
5387	-6.826153e+01
5388	-7.248061e+01
5389	-7.170126e+01
5390	-7.132329e+01
5391	-7.495507e+01
5392	-7.454151e+01
5393	-7.430069e+01
5394	-7.254320e+01
5395	-7.485490e+01
5396	-7.433138e+01
5397	-7.417399e+01
5398	-7.525766e+01
5399	-7.323295e+01
5400	-7.188628e+01
5401	-7.756531e+01
5402	-7.438474e+01
5403	-7.068996e+01
5404	-7.268996e+01
5405	-7.391910e+01
5406	-7.155681e+01
5407	-7.265482e+01
5408	-7.606443e+01
5409	-7.258451e+01
5410	-7.470051e+01
5411	-7.373234e+01
5412	-7.423482e+01
5413	-7.212018e+01
5414	-7.503183e+01
5415	-7.462109e+01
5416	-7.546743e+01
5417	-7.753724e+01
5418	-7.382798e+01
5419	-7.385480e+01
5420	-7.560393e+01
5421	-7.655729e+01
5422	-7.484480e+01
5423	-7.389708e+01
5424	-7.085910e+01
5425	-7.260803e+01
5426	-7.152102e+01
5427	-6.946583e+01
5428	-7.419475e+01
5429	-7.058037e+01
5430	-7.473646e+01
5431	-7.284466e+01
5432	-7.326130e+01
5433	-7.590621e+01
5434	-7.511371e+01
5435	-7.157221e+01
5436	-7.427422e+01
5437	-7.325900e+01
5438	-7.493908e+01
5439	-7.585582e+01
5440	-6.761071e+01
5441	-7.105563e+01
5442	-7.614641e+01
5443	-7.240846e+01
5444	-7.507453e+01
5445	-7.421759e+01
5446	-7.239435e+01
5447	-7.063675e+01
5448	-7.500679e+01
5449	-7.285879e+01
5450	-7.425554e+01
5451	-7.447827e+01
5452	-7.489381e+01
5453	-7.223813e+01
5454	-7.482000e+01
5455	-7.470959e+01
5456	-6.924871e+01
5457	-7.570950e+01
5458	-7.149766e+01
5459	-6.983416e+01
5460	-7.409554e+01
5461	-6.826738e+01
5462	-7.443245e+01
5463	-7.190191e+01
5464	-7.290404e+01
5465	-7.206852e+01
5466	-7.432635e+01
5467	-7.484136e+01
5468	-7.410983e+01
5469	-7.357520e+01
5470	-7.247197e+01
5471	-7.600698e+01
5472	-7.591668e+01
5473	-7.400486e+01
5474	-7.302945e+01
5475	-7.257439e+01
5476	-7.486234e+01
5477	-7.219019e+01
5478	-7.086416e+01
5479	-7.265380e+01
5480	-7.016199e+01
5481	-7.492705e+01
5482	-7.486552e+01
5483	-7.120915e+01
5484	-7.276326e+01
5485	-7.056208e+01
5486	-7.262655e+01
5487	-7.384085e+01
5488	-7.339662e+01
5489	-7.033537e+01
5490	-6.802700e+01
5491	-7.598166e+01
5492	-7.195043e+01
5493	-7.144632e+01
5494	-7.125833e+01
5495	-7.324528e+01
5496	-7.451534e+01
5497	-7.744531e+01
5498	-7.470124e+01
5499	-7.149542e+01
5500	-7.330257e+01
5501	-7.426790e+01
5502	-7.529978e+01
5503	-7.166236e+01
5504	-7.376489e+01
5505	-7.251983e+01
5506	-7.254149e+01
5507	-7.347900e+01
5508	-7.264455e+01
5509	-7.503306e+01
5510	-7.413167e+01
5511	-7.278274e+01
5512	-7.071801e+01
5513	-7.464281e+01
5514	-7.171423e+01
5515	-7.574206e+01
5516	-7.167335e+01
5517	-7.463535e+01
5518	-7.597882e+01
5519	-7.474382e+01
5520	-7.042089e+01
5521	-7.241325e+01
5522	-7.591759e+01
5523	-7.647906e+01
5524	-7.478500e+01
5525	-7.423147e+01
5526	-7.166531e+01
5527	-7.416530e+01
5528	-7.307403e+01
5529	-7.534190e+01
5530	-7.343520e+01
5531	-7.376803e+01
5532	-7.249019e+01
5533	-7.304780e+01
5534	-6.965907e+01
5535	-7.339669e+01
5536	-7.153449e+01
5537	-7.306901e+01
5538	-7.794447e+01
5539	-7.360073e+01
5540	-7.163816e+01
5541	-7.175256e+01
5542	-7.442025e+01
5543	-7.115095e+01
5544	-7.211326e+01
5545	-7.171786e+01
5546	-7.627152e+01
5547	-7.357642e+01
5548	-7.220903e+01
5549	-7.207701e+01
5550	-7.571409e+01
5551	-7.229114e+01
5552	-7.343249e+01
5553	-7.190004e+01
5554	-7.135097e+01
5555	-7.569549e+01
5556	-7.188003e+01
5557	-7.472915e+01
5558	-7.127784e+01
5559	-7.395539e+01
5560	-7.515779e+01
5561	-7.436087e+01
5562	-7.334128e+01
5563	-7.424945e+01
5564	-7.486227e+01
5565	-7.500813e+01
5566	-7.367208e+01
5567	-6.919447e+01
5568	-6.951071e+01
5569	-7.614094e+01
5570	-7.183489e+01
5571	-7.366421e+01
5572	-7.090352e+01
5573	-7.030975e+01
5574	-7.255967e+01
5575	-6.951913e+01
5576	-7.197569e+01
5577	-7.055426e+01
5578	-7.169477e+01
5579	-7.431040e+01
5580	-7.329932e+01
5581	-7.479196e+01
5582	-7.992995e+01
5583	-7.264920e+01
5584	-7.266829e+01
5585	-7.474174e+01
5586	-7.684329e+01
5587	-6.853994e+01
5588	-7.506621e+01
5589	-7.292071e+01
5590	-7.117487e+01
5591	-7.487602e+01
5592	-7.165803e+01
5593	-7.156825e+01
5594	-7.277437e+01
5595	-7.220626e+01
5596	-7.195065e+01
5597	-7.606638e+01
5598	-7.400409e+01
5599	-7.689555e+01
5600	-7.675227e+01
5601	-7.197586e+01
5602	-7.465657e+01
5603	-7.299254e+01
5604	-7.338223e+01
5605	-7.045840e+01
5606	-6.771078e+01
5607	-7.546914e+01
5608	-7.213070e+01
5609	-7.509804e+01
5610	-7.611548e+01
5611	-7.578789e+01
5612	-7.226324e+01
5613	-7.096171e+01
5614	-7.535220e+01
5615	-7.063302e+01
5616	-7.395572e+01
5617	-7.143182e+01
5618	-7.413644e+01
5619	-7.145372e+01
5620	-7.400263e+01
5621	-6.800213e+01
5622	-7.392199e+01
5623	-7.245535e+01
5624	-7.537951e+01
5625	-7.817933e+01
5626	-7.539038e+01
5627	-7.061633e+01
5628	-7.220754e+01
5629	-7.357575e+01
5630	-7.273582e+01
5631	-7.412759e+01
5632	-7.283854e+01
5633	-7.084106e+01
5634	-7.168769e+01
5635	-7.184798e+01
5636	-7.534229e+01
5637	-7.614517e+01
5638	-7.428102e+01
5639	-7.488138e+01
5640	-7.492216e+01
5641	-7.504949e+01
5642	-7.500941e+01
5643	-7.665984e+01
5644	-7.225758e+01
5645	-7.641649e+01
5646	-7.291821e+01
5647	-7.068515e+01
5648	-7.246177e+01
5649	-7.483101e+01
5650	-7.314586e+01
5651	-7.434626e+01
5652	-7.454448e+01
5653	-7.378278e+01
5654	-7.702879e+01
5655	-7.454488e+01
5656	-7.409317e+01
5657	-7.137353e+01
5658	-6.859126e+01
5659	-7.174387e+01
5660	-7.224819e+01
5661	-7.740930e+01
5662	-7.331433e+01
5663	-7.431186e+01
5664	-6.975916e+01
5665	-7.476435e+01
5666	-6.862441e+01
5667	-7.333979e+01
5668	-7.161538e+01
5669	-7.130832e+01
5670	-7.168780e+01
5671	-7.388148e+01
5672	-7.172711e+01
5673	-7.118890e+01
5674	-7.509551e+01
5675	-7.439034e+01
5676	-7.283574e+01
5677	-7.289965e+01
5678	-7.427630e+01
5679	-7.407927e+01
5680	-7.173027e+01
5681	-7.706055e+01
5682	-7.115501e+01
5683	-7.214774e+01
5684	-7.128278e+01
5685	-7.252648e+01
5686	-7.485768e+01
5687	-7.477757e+01
5688	-7.267989e+01
5689	-7.394055e+01
5690	-7.311031e+01
5691	-7.234481e+01
5692	-7.021361e+01
5693	-6.841820e+01
5694	-7.065234e+01
5695	-7.074073e+01
5696	-7.372279e+01
5697	-7.438995e+01
5698	-7.154801e+01
5699	-7.459261e+01
5700	-7.242914e+01
5701	-7.157864e+01
5702	-7.080802e+01
5703	-7.226960e+01
5704	-7.402072e+01
5705	-7.508313e+01
5706	-7.177179e+01
5707	-7.571582e+01
5708	-7.286234e+01
5709	-7.542298e+01
5710	-7.171440e+01
5711	-7.399662e+01
5712	-7.151228e+01
5713	-7.542546e+01
5714	-7.144361e+01
5715	-7.079901e+01
5716	-7.414556e+01
5717	-7.270510e+01
5718	-7.312934e+01
5719	-7.034845e+01
5720	-7.115967e+01
5721	-7.552665e+01
5722	-7.171155e+01
5723	-7.637177e+01
5724	-6.938291e+01
5725	-7.383741e+01
5726	-7.245523e+01
5727	-7.580760e+01
5728	-7.444861e+01
5729	-7.151193e+01
5730	-7.470601e+01
5731	-7.324215e+01
5732	-7.634724e+01
5733	-7.343785e+01
5734	-7.190891e+01
5735	-7.219929e+01
5736	-7.296787e+01
5737	-7.630717e+01
5738	-7.618328e+01
5739	-7.670179e+01
5740	-7.273590e+01
5741	-7.306288e+01
5742	-7.460926e+01
5743	-6.937208e+01
5744	-7.170496e+01
5745	-7.473081e+01
5746	-7.111120e+01
5747	-7.328813e+01
5748	-7.222873e+01
5749	-7.370705e+01
5750	-7.380760e+01
5751	-7.235151e+01
5752	-7.114632e+01
5753	-7.004637e+01
5754	-7.298709e+01
5755	-7.559327e+01
5756	-7.179991e+01
5757	-7.200777e+01
5758	-7.537586e+01
5759	-7.287377e+01
5760	-7.406254e+01
5761	-6.996023e+01
5762	-7.483117e+01
5763	-7.163314e+01
5764	-7.531489e+01
5765	-7.203953e+01
5766	-7.362979e+01
5767	-7.297138e+01
5768	-7.250280e+01
5769	-7.409379e+01
5770	-7.251920e+01
5771	-7.299771e+01
5772	-7.518950e+01
5773	-7.269510e+01
5774	-7.484859e+01
5775	-7.340613e+01
5776	-7.311025e+01
5777	-7.379875e+01
5778	-7.730953e+01
5779	-7.338748e+01
5780	-7.520486e+01
5781	-7.253187e+01
5782	-7.466318e+01
5783	-7.431039e+01
5784	-7.145135e+01
5785	-7.050231e+01
5786	-7.136066e+01
5787	-7.302630e+01
5788	-6.946840e+01
5789	-7.383219e+01
5790	-7.198453e+01
5791	-7.305983e+01
5792	-7.493006e+01
5793	-7.411953e+01
5794	-7.285235e+01
5795	-7.225912e+01
5796	-7.081763e+01
5797	-7.358525e+01
5798	-7.679253e+01
5799	-7.507232e+01
5800	-7.331388e+01
5801	-7.282207e+01
5802	-7.553837e+01
5803	-7.230063e+01
5804	-7.375996e+01
5805	-6.965934e+01
5806	-7.245999e+01
5807	-7.607581e+01
5808	-7.093758e+01
5809	-7.496794e+01
5810	-7.207468e+01
5811	-7.396122e+01
5812	-6.890160e+01
5813	-7.209270e+01
5814	-7.042237e+01
5815	-7.363791e+01
5816	-7.655609e+01
5817	-7.532362e+01
5818	-7.596958e+01
5819	-7.332919e+01
5820	-7.381690e+01
5821	-7.076983e+01
5822	-7.463366e+01
5823	-7.194496e+01
5824	-7.231834e+01
5825	-7.482369e+01
5826	-7.417581e+01
5827	-7.612553e+01
5828	-7.375258e+01
5829	-7.369477e+01
5830	-7.248645e+01
5831	-7.263463e+01
5832	-7.661521e+01
5833	-7.060674e+01
5834	-7.338601e+01
5835	-7.296325e+01
5836	-7.151875e+01
5837	-7.467144e+01
5838	-7.327949e+01
5839	-7.040200e+01
5840	-7.369421e+01
5841	-7.379287e+01
5842	-7.440292e+01
5843	-7.230381e+01
5844	-7.503927e+01
5845	-7.639623e+01
5846	-7.238815e+01
5847	-7.576743e+01
5848	-7.617230e+01
5849	-7.428585e+01
5850	-7.429984e+01
5851	-7.286287e+01
5852	-7.369481e+01
5853	-6.978277e+01
5854	-7.147135e+01
5855	-7.134384e+01
5856	-7.006091e+01
5857	-7.457216e+01
5858	-7.033363e+01
5859	-7.342288e+01
5860	-7.551825e+01
5861	-7.257629e+01
5862	-7.375597e+01
5863	-7.207447e+01
5864	-6.981735e+01
5865	-7.072889e+01
5866	-7.575068e+01
5867	-7.343091e+01
5868	-7.485176e+01
5869	-7.301115e+01
5870	-7.172599e+01
5871	-7.163811e+01
5872	-7.363178e+01
5873	-7.190564e+01
5874	-7.386582e+01
5875	-7.422427e+01
5876	-6.790643e+01
5877	-7.386580e+01
5878	-7.277029e+01
5879	-7.461974e+01
5880	-7.570756e+01
5881	-7.082288e+01
5882	-7.320611e+01
5883	-7.011919e+01
5884	-7.502640e+01
5885	-7.115628e+01
5886	-7.318234e+01
5887	-7.424872e+01
5888	-7.337003e+01
5889	-7.509622e+01
5890	-7.315847e+01
5891	-7.083488e+01
5892	-7.490095e+01
5893	-7.211177e+01
5894	-7.471719e+01
5895	-7.337161e+01
5896	-7.257488e+01
5897	-7.567306e+01
5898	-7.268383e+01
5899	-7.450774e+01
5900	-7.219721e+01
5901	-7.405933e+01
5902	-7.343263e+01
5903	-7.380508e+01
5904	-7.314508e+01
5905	-7.280189e+01
5906	-7.636141e+01
5907	-7.496790e+01
5908	-7.317365e+01
5909	-7.216211e+01
5910	-7.449279e+01
5911	-7.530165e+01
5912	-7.434285e+01
5913	-7.242932e+01
5914	-7.420832e+01
5915	-7.314578e+01
5916	-7.546759e+01
5917	-7.188730e+01
5918	-7.252332e+01
5919	-7.194756e+01
5920	-7.607623e+01
5921	-7.443996e+01
5922	-7.351773e+01
5923	-7.185876e+01
5924	-7.225487e+01
5925	-6.984108e+01
5926	-7.224565e+01
5927	-7.349351e+01
5928	-6.783656e+01
5929	-7.478498e+01
5930	-7.476032e+01
5931	-7.358552e+01
5932	-7.458558e+01
5933	-7.204896e+01
5934	-7.547973e+01
5935	-7.395735e+01
5936	-7.722367e+01
5937	-7.570669e+01
5938	-7.624554e+01
5939	-7.281481e+01
5940	-7.308222e+01
5941	-7.158846e+01
5942	-7.342024e+01
5943	-7.225560e+01
5944	-7.303557e+01
5945	-7.512626e+01
5946	-7.174104e+01
5947	-7.308654e+01
5948	-7.772568e+01
5949	-7.790427e+01
5950	-7.249009e+01
5951	-7.117223e+01
5952	-7.578872e+01
5953	-7.066872e+01
5954	-7.350515e+01
5955	-7.450977e+01
5956	-7.443190e+01
5957	-7.122038e+01
5958	-7.494509e+01
5959	-7.306430e+01
5960	-7.268324e+01
5961	-7.025752e+01
5962	-7.724847e+01
5963	-7.257607e+01
5964	-7.536692e+01
5965	-7.416059e+01
5966	-7.734612e+01
5967	-7.341323e+01
5968	-7.142082e+01
5969	-7.367337e+01
5970	-7.479751e+01
5971	-7.451691e+01
5972	-7.887380e+01
5973	-7.142180e+01
5974	-7.335669e+01
5975	-7.360864e+01
5976	-7.503202e+01
5977	-7.561240e+01
5978	-7.458922e+01
5979	-7.596078e+01
5980	-7.231442e+01
5981	-7.229292e+01
5982	-7.675051e+01
5983	-7.149904e+01
5984	-7.324132e+01
5985	-7.384557e+01
5986	-7.241766e+01
5987	-7.181593e+01
5988	-7.456658e+01
5989	-7.746023e+01
5990	-7.611664e+01
5991	-7.256989e+01
5992	-7.302699e+01
5993	-7.263344e+01
5994	-7.650614e+01
5995	-7.424739e+01
5996	-7.058055e+01
5997	-7.306187e+01
5998	-7.596578e+01
5999	-7.448136e+01
6000	-7.524573e+01
6001	-7.206274e+01
6002	-7.422180e+01
6003	-7.715895e+01
6004	-7.181188e+01
6005	-7.889029e+01
6006	-7.366662e+01
6007	-7.292082e+01
6008	-7.345298e+01
6009	-7.549246e+01
6010	-7.497053e+01
6011	-7.048891e+01
6012	-7.105035e+01
6013	-7.135747e+01
6014	-7.070679e+01
6015	-7.503760e+01
6016	-7.028325e+01
6017	-7.326350e+01
6018	-7.666553e+01
6019	-7.761209e+01
6020	-7.786325e+01
6021	-7.433381e+01
6022	-7.672216e+01
6023	-7.180561e+01
6024	-7.731521e+01
6025	-7.194720e+01
6026	-7.231752e+01
6027	-7.343410e+01
6028	-7.511559e+01
6029	-7.033844e+01
6030	-7.421399e+01
6031	-7.371107e+01
6032	-7.430986e+01
6033	-6.935193e+01
6034	-7.145430e+01
6035	-7.266536e+01
6036	-7.380278e+01
6037	-7.269044e+01
6038	-7.640436e+01
6039	-7.668449e+01
6040	-7.356163e+01
6041	-6.856264e+01
6042	-7.177774e+01
6043	-7.277892e+01
6044	-7.275067e+01
6045	-7.572923e+01
6046	-7.480264e+01
6047	-7.198875e+01
6048	-7.403854e+01
6049	-7.560602e+01
6050	-7.090944e+01
6051	-7.380995e+01
6052	-7.612541e+01
6053	-7.088049e+01
6054	-7.359557e+01
6055	-7.336704e+01
6056	-7.632466e+01
6057	-7.139940e+01
6058	-7.154998e+01
6059	-7.588961e+01
6060	-7.142402e+01
6061	-7.537739e+01
6062	-7.425410e+01
6063	-7.175602e+01
6064	-7.271893e+01
6065	-7.180545e+01
6066	-7.531775e+01
6067	-7.140626e+01
6068	-6.987977e+01
6069	-7.328029e+01
6070	-7.270759e+01
6071	-7.668814e+01
6072	-7.392247e+01
6073	-7.479879e+01
6074	-7.504143e+01
6075	-7.247862e+01
6076	-7.497294e+01
6077	-7.578396e+01
6078	-7.523144e+01
6079	-7.458884e+01
6080	-7.268264e+01
6081	-7.362050e+01
6082	-7.178467e+01
6083	-7.436561e+01
6084	-7.305994e+01
6085	-7.194054e+01
6086	-7.464101e+01
6087	-7.437082e+01
6088	-7.485679e+01
6089	-6.975508e+01
6090	-7.422459e+01
6091	-7.355379e+01
6092	-7.150287e+01
6093	-6.940366e+01
6094	-7.231617e+01
6095	-7.375913e+01
6096	-6.785317e+01
6097	-7.233846e+01
6098	-7.180821e+01
6099	-6.943030e+01
6100	-7.473899e+01
6101	-7.073644e+01
6102	-7.486787e+01
6103	-7.304842e+01
6104	-7.318578e+01
6105	-7.301590e+01
6106	-7.354343e+01
6107	-7.450146e+01
6108	-7.552112e+01
6109	-7.676104e+01
6110	-7.179327e+01
6111	-7.294969e+01
6112	-7.193944e+01
6113	-7.036339e+01
6114	-7.141202e+01
6115	-7.385023e+01
6116	-7.582282e+01
6117	-6.975438e+01
6118	-7.271551e+01
6119	-6.984805e+01
6120	-7.650579e+01
6121	-7.486941e+01
6122	-7.367994e+01
6123	-7.114127e+01
6124	-7.084752e+01
6125	-7.573575e+01
6126	-7.481478e+01
6127	-7.349250e+01
6128	-7.566607e+01
6129	-7.322109e+01
6130	-7.044949e+01
6131	-7.432803e+01
6132	-7.998859e+01
6133	-7.548764e+01
6134	-7.278161e+01
6135	-6.942418e+01
6136	-7.198530e+01
6137	-7.315030e+01
6138	-7.183152e+01
6139	-7.153472e+01
6140	-7.357300e+01
6141	-7.677981e+01
6142	-7.254694e+01
6143	-6.992956e+01
6144	-7.405281e+01
6145	-7.465077e+01
6146	-7.065384e+01
6147	-7.165671e+01
6148	-7.025933e+01
6149	-7.431384e+01
6150	-7.380909e+01
6151	-7.140723e+01
6152	-7.324162e+01
6153	-7.207885e+01
6154	-6.993806e+01
6155	-7.329374e+01
6156	-7.348481e+01
6157	-7.417675e+01
6158	-7.580780e+01
6159	-7.540570e+01
6160	-7.583683e+01
6161	-7.318122e+01
6162	-7.165235e+01
6163	-7.473492e+01
6164	-7.577837e+01
6165	-7.546819e+01
6166	-7.535811e+01
6167	-7.341110e+01
6168	-7.218310e+01
6169	-7.297440e+01
6170	-7.149265e+01
6171	-7.459179e+01
6172	-7.322980e+01
6173	-7.637193e+01
6174	-7.651353e+01
6175	-7.456339e+01
6176	-6.860522e+01
6177	-7.227082e+01
6178	-7.132191e+01
6179	-7.244819e+01
6180	-7.712231e+01
6181	-7.609551e+01
6182	-7.356803e+01
6183	-7.475293e+01
6184	-7.259704e+01
6185	-7.477300e+01
6186	-6.941969e+01
6187	-7.299439e+01
6188	-7.431797e+01
6189	-7.443810e+01
6190	-7.179519e+01
6191	-7.437969e+01
6192	-7.249673e+01
6193	-7.191223e+01
6194	-7.531050e+01
6195	-7.150972e+01
6196	-7.149756e+01
6197	-7.071052e+01
6198	-7.186165e+01
6199	-7.397898e+01
6200	-7.629858e+01
6201	-6.969274e+01
6202	-7.314394e+01
6203	-7.566657e+01
6204	-7.149792e+01
6205	-7.742617e+01
6206	-7.266107e+01
6207	-6.911096e+01
6208	-7.104855e+01
6209	-7.281941e+01
6210	-7.139471e+01
6211	-7.639047e+01
6212	-7.281102e+01
6213	-7.064121e+01
6214	-7.322409e+01
6215	-7.914542e+01
6216	-7.592649e+01
6217	-7.339440e+01
6218	-7.164918e+01
6219	-7.115625e+01
6220	-7.439141e+01
6221	-7.285625e+01
6222	-7.349107e+01
6223	-7.423838e+01
6224	-7.354265e+01
6225	-7.152530e+01
6226	-7.144701e+01
6227	-6.954787e+01
6228	-7.446479e+01
6229	-7.291682e+01
6230	-7.033224e+01
6231	-7.311551e+01
6232	-7.384189e+01
6233	-7.157574e+01
6234	-7.331205e+01
6235	-8.003217e+01
6236	-7.078019e+01
6237	-6.970453e+01
6238	-7.081812e+01
6239	-7.377460e+01
6240	-7.179959e+01
6241	-7.764181e+01
6242	-7.500325e+01
6243	-7.551319e+01
6244	-7.432589e+01
6245	-6.955850e+01
6246	-7.475992e+01
6247	-7.364979e+01
6248	-7.483814e+01
6249	-7.230780e+01
6250	-7.171657e+01
6251	-7.047848e+01
6252	-7.344863e+01
6253	-7.213496e+01
6254	-7.331080e+01
6255	-7.367041e+01
6256	-7.165428e+01
6257	-7.107204e+01
6258	-7.162498e+01
6259	-7.299702e+01
6260	-7.145827e+01
6261	-7.321888e+01
6262	-7.388943e+01
6263	-7.465053e+01
6264	-7.156554e+01
6265	-7.649198e+01
6266	-7.343718e+01
6267	-7.410768e+01
6268	-7.352672e+01
6269	-7.141376e+01
6270	-7.062995e+01
6271	-7.084572e+01
6272	-7.470148e+01
6273	-7.200190e+01
6274	-7.454098e+01
6275	-7.020868e+01
6276	-7.306889e+01
6277	-7.204692e+01
6278	-7.203553e+01
6279	-7.103072e+01
6280	-7.074629e+01
6281	-7.263523e+01
6282	-7.526805e+01
6283	-7.527956e+01
6284	-7.440029e+01
6285	-7.462042e+01
6286	-6.923394e+01
6287	-7.641899e+01
6288	-7.253193e+01
6289	-7.329477e+01
6290	-7.602901e+01
6291	-7.292981e+01
6292	-7.907772e+01
6293	-7.122700e+01
6294	-7.100003e+01
6295	-7.378902e+01
6296	-7.416515e+01
6297	-7.487228e+01
6298	-7.307907e+01
6299	-7.364722e+01
6300	-7.404689e+01
6301	-6.986946e+01
6302	-7.253532e+01
6303	-7.555063e+01
6304	-7.493381e+01
6305	-7.551194e+01
6306	-7.161646e+01
6307	-7.219781e+01
6308	-7.473203e+01
6309	-7.440634e+01
6310	-7.237537e+01
6311	-7.327756e+01
6312	-7.464689e+01
6313	-6.819687e+01
6314	-7.653263e+01
6315	-7.514314e+01
6316	-7.620821e+01
6317	-6.830791e+01
6318	-7.482631e+01
6319	-7.462020e+01
6320	-7.146370e+01
6321	-7.276461e+01
6322	-7.576939e+01
6323	-7.092185e+01
6324	-7.217505e+01
6325	-6.926637e+01
6326	-7.050023e+01
6327	-7.383892e+01
6328	-7.177054e+01
6329	-7.179789e+01
6330	-7.484385e+01
6331	-7.000542e+01
6332	-7.340724e+01
6333	-7.494038e+01
6334	-7.287886e+01
6335	-7.055881e+01
6336	-7.214581e+01
6337	-7.408882e+01
6338	-7.418791e+01
6339	-7.206461e+01
6340	-7.075045e+01
6341	-7.197451e+01
6342	-7.522227e+01
6343	-7.364596e+01
6344	-6.822776e+01
6345	-7.181971e+01
6346	-7.452374e+01
6347	-7.248741e+01
6348	-7.140808e+01
6349	-7.195896e+01
6350	-7.536166e+01
6351	-7.428473e+01
6352	-7.472128e+01
6353	-7.502682e+01
6354	-7.293463e+01
6355	-7.580238e+01
6356	-7.247523e+01
6357	-7.263128e+01
6358	-7.364078e+01
6359	-7.514472e+01
6360	-7.337907e+01
6361	-7.278679e+01
6362	-7.524270e+01
6363	-7.371674e+01
6364	-7.023358e+01
6365	-7.489805e+01
6366	-7.267125e+01
6367	-7.541247e+01
6368	-7.422598e+01
6369	-7.581726e+01
6370	-7.139033e+01
6371	-7.152359e+01
6372	-7.292016e+01
6373	-7.345344e+01
6374	-7.128456e+01
6375	-7.320839e+01
6376	-7.340977e+01
6377	-7.544422e+01
6378	-7.323451e+01
6379	-7.373409e+01
6380	-7.158757e+01
6381	-7.146601e+01
6382	-7.356528e+01
6383	-7.080059e+01
6384	-7.387253e+01
6385	-7.489533e+01
6386	-6.956892e+01
6387	-7.366322e+01
6388	-6.885524e+01
6389	-7.459942e+01
6390	-7.447627e+01
6391	-7.353005e+01
6392	-7.243123e+01
6393	-6.897616e+01
6394	-7.317001e+01
6395	-7.432166e+01
6396	-7.099541e+01
6397	-7.512722e+01
6398	-6.964662e+01
6399	-7.355233e+01
6400	-7.401906e+01
6401	-7.511724e+01
6402	-7.104553e+01
6403	-7.277145e+01
6404	-7.325246e+01
6405	-7.134030e+01
6406	-7.027922e+01
6407	-7.261319e+01
6408	-7.271743e+01
6409	-7.669004e+01
6410	-7.422299e+01
6411	-7.420125e+01
6412	-7.214012e+01
6413	-7.154658e+01
6414	-7.158256e+01
6415	-6.962885e+01
6416	-7.249795e+01
6417	-7.754961e+01
6418	-7.226186e+01
6419	-7.464772e+01
6420	-7.226794e+01
6421	-7.314553e+01
6422	-7.066230e+01
6423	-7.570533e+01
6424	-7.288064e+01
6425	-7.425569e+01
6426	-7.351050e+01
6427	-7.284753e+01
6428	-7.035581e+01
6429	-7.105286e+01
6430	-6.877261e+01
6431	-7.249842e+01
6432	-7.255356e+01
6433	-7.163095e+01
6434	-7.320496e+01
6435	-7.598352e+01
6436	-7.260442e+01
6437	-7.689748e+01
6438	-7.300612e+01
6439	-7.476085e+01
6440	-7.247619e+01
6441	-6.965784e+01
6442	-7.370498e+01
6443	-7.291632e+01
6444	-7.232665e+01
6445	-7.587714e+01
6446	-7.136851e+01
6447	-7.265598e+01
6448	-7.434424e+01
6449	-6.906523e+01
6450	-7.448875e+01
6451	-7.471103e+01
6452	-7.176647e+01
6453	-7.017469e+01
6454	-7.086838e+01
6455	-7.433219e+01
6456	-6.956261e+01
6457	-7.587347e+01
6458	-7.711195e+01
6459	-7.254628e+01
6460	-7.369689e+01
6461	-7.320687e+01
6462	-7.375614e+01
6463	-7.158549e+01
6464	-7.175606e+01
6465	-7.305095e+01
6466	-7.524396e+01
6467	-7.353884e+01
6468	-7.625108e+01
6469	-7.480973e+01
6470	-7.304676e+01
6471	-7.525534e+01
6472	-7.235821e+01
6473	-7.267202e+01
6474	-7.193881e+01
6475	-7.260633e+01
6476	-7.188717e+01
6477	-7.457987e+01
6478	-7.176474e+01
6479	-7.332453e+01
6480	-7.317893e+01
6481	-7.449943e+01
6482	-7.478201e+01
6483	-7.391750e+01
6484	-7.529988e+01
6485	-7.376112e+01
6486	-7.211226e+01
6487	-7.441789e+01
6488	-6.787991e+01
6489	-7.353029e+01
6490	-7.251772e+01
6491	-7.467380e+01
6492	-7.332477e+01
6493	-7.504757e+01
6494	-7.485981e+01
6495	-7.345482e+01
6496	-7.435131e+01
6497	-7.097605e+01
6498	-7.180330e+01
6499	-7.277555e+01
6500	-7.683915e+01
6501	-7.270300e+01
6502	-7.427549e+01
6503	-7.284502e+01
6504	-7.460703e+01
6505	-7.151317e+01
6506	-7.383269e+01
6507	-7.683512e+01
6508	-7.465780e+01
6509	-7.305762e+01
6510	-6.815996e+01
6511	-7.169035e+01
6512	-7.135606e+01
6513	-7.668220e+01
6514	-7.398791e+01
6515	-7.286298e+01
6516	-7.217309e+01
6517	-7.379453e+01
6518	-7.241380e+01
6519	-7.444236e+01
6520	-7.318833e+01
6521	-7.472662e+01
6522	-7.806786e+01
6523	-7.247013e+01
6524	-7.428866e+01
6525	-7.222591e+01
6526	-7.735091e+01
6527	-7.706375e+01
6528	-6.866362e+01
6529	-7.678049e+01
6530	-7.550869e+01
6531	-7.374460e+01
6532	-7.402045e+01
6533	-7.220026e+01
6534	-7.297022e+01
6535	-7.448688e+01
6536	-7.318240e+01
6537	-7.387617e+01
6538	-7.181831e+01
6539	-7.411893e+01
6540	-6.818679e+01
6541	-7.398192e+01
6542	-6.919550e+01
6543	-7.292215e+01
6544	-7.333200e+01
6545	-7.149497e+01
6546	-7.751329e+01
6547	-7.727270e+01
6548	-7.149073e+01
6549	-7.500284e+01
6550	-7.304539e+01
6551	-7.434722e+01
6552	-7.480634e+01
6553	-7.137923e+01
6554	-7.053492e+01
6555	-7.466351e+01
6556	-7.355502e+01
6557	-7.593589e+01
6558	-7.585618e+01
6559	-7.090042e+01
6560	-7.412784e+01
6561	-7.581642e+01
6562	-7.328880e+01
6563	-7.362994e+01
6564	-7.519368e+01
6565	-7.306570e+01
6566	-6.964517e+01
6567	-7.097136e+01
6568	-7.151560e+01
6569	-7.220175e+01
6570	-7.527706e+01
6571	-7.447840e+01
6572	-7.357336e+01
6573	-7.374054e+01
6574	-7.841834e+01
6575	-7.187759e+01
6576	-7.681991e+01
6577	-7.511884e+01
6578	-7.583096e+01
6579	-7.380053e+01
6580	-7.358935e+01
6581	-7.300155e+01
6582	-7.150861e+01
6583	-7.272424e+01
6584	-7.302189e+01
6585	-6.908088e+01
6586	-7.298560e+01
6587	-6.951585e+01
6588	-7.160476e+01
6589	-6.908214e+01
6590	-7.069039e+01
6591	-7.343313e+01
6592	-7.026095e+01
6593	-7.306321e+01
6594	-7.676609e+01
6595	-7.382090e+01
6596	-7.159241e+01
6597	-7.360158e+01
6598	-7.409145e+01
6599	-7.005468e+01
6600	-7.647495e+01
6601	-7.209051e+01
6602	-7.454067e+01
6603	-7.130520e+01
6604	-7.204482e+01
6605	-7.398427e+01
6606	-7.352757e+01
6607	-7.145386e+01
6608	-7.241170e+01
6609	-6.808787e+01
6610	-7.326332e+01
6611	-7.357029e+01
6612	-7.104938e+01
6613	-7.233634e+01
6614	-7.422109e+01
6615	-7.811430e+01
6616	-7.262732e+01
6617	-7.144852e+01
6618	-7.312842e+01
6619	-7.400454e+01
6620	-7.098764e+01
6621	-7.606241e+01
6622	-7.049869e+01
6623	-7.446566e+01
6624	-7.482454e+01
6625	-7.037834e+01
6626	-7.812048e+01
6627	-7.144694e+01
6628	-7.236036e+01
6629	-7.252367e+01
6630	-7.304981e+01
6631	-7.502746e+01
6632	-7.398765e+01
6633	-7.307940e+01
6634	-7.474715e+01
6635	-7.459171e+01
6636	-7.328435e+01
6637	-7.331143e+01
6638	-7.308906e+01
6639	-7.132723e+01
6640	-7.249784e+01
6641	-7.326883e+01
6642	-7.612953e+01
6643	-7.195986e+01
6644	-7.377345e+01
6645	-6.899694e+01
6646	-7.070457e+01
6647	-7.399919e+01
6648	-6.953172e+01
6649	-7.198995e+01
6650	-7.307424e+01
6651	-7.735734e+01
6652	-7.416147e+01
6653	-7.234865e+01
6654	-7.506757e+01
6655	-7.678674e+01
6656	-7.666865e+01
6657	-7.222038e+01
6658	-7.213854e+01
6659	-7.430117e+01
6660	-7.570782e+01
6661	-7.252350e+01
6662	-7.202347e+01
6663	-7.179410e+01
6664	-7.511673e+01
6665	-7.495371e+01
6666	-7.655074e+01
6667	-7.075892e+01
6668	-7.082012e+01
6669	-7.570576e+01
6670	-7.555676e+01
6671	-7.225548e+01
6672	-7.233623e+01
6673	-7.616571e+01
6674	-7.098993e+01
6675	-7.538362e+01
6676	-7.415773e+01
6677	-6.978564e+01
6678	-7.172718e+01
6679	-7.241118e+01
6680	-7.401959e+01
6681	-7.720312e+01
6682	-7.425592e+01
6683	-7.386937e+01
6684	-7.399794e+01
6685	-7.082128e+01
6686	-7.211423e+01
6687	-7.381770e+01
6688	-7.425664e+01
6689	-7.368394e+01
6690	-7.334682e+01
6691	-7.228700e+01
6692	-7.411573e+01
6693	-7.325079e+01
6694	-7.211301e+01
6695	-7.063927e+01
6696	-7.516610e+01
6697	-7.080956e+01
6698	-7.277712e+01
6699	-7.615388e+01
6700	-7.160714e+01
6701	-7.249322e+01
6702	-6.775692e+01
6703	-7.165752e+01
6704	-7.378355e+01
6705	-7.619860e+01
6706	-7.245803e+01
6707	-7.354817e+01
6708	-6.984400e+01
6709	-7.139176e+01
6710	-6.930174e+01
6711	-7.492114e+01
6712	-7.350206e+01
6713	-7.669705e+01
6714	-7.171364e+01
6715	-7.609280e+01
6716	-7.404458e+01
6717	-7.278209e+01
6718	-7.352558e+01
6719	-7.333670e+01
6720	-7.786022e+01
6721	-7.443210e+01
6722	-7.314619e+01
6723	-7.547381e+01
6724	-7.513388e+01
6725	-7.323041e+01
6726	-7.169922e+01
6727	-7.164165e+01
6728	-6.964782e+01
6729	-7.748209e+01
6730	-7.099302e+01
6731	-7.050341e+01
6732	-7.370971e+01
6733	-7.504023e+01
6734	-7.243898e+01
6735	-7.294353e+01
6736	-7.254639e+01
6737	-7.791661e+01
6738	-7.308114e+01
6739	-7.439242e+01
6740	-6.813193e+01
6741	-7.586354e+01
6742	-7.412142e+01
6743	-7.521092e+01
6744	-7.245453e+01
6745	-7.199370e+01
6746	-7.093483e+01
6747	-7.171391e+01
6748	-7.096040e+01
6749	-7.422234e+01
6750	-7.233699e+01
6751	-7.720047e+01
6752	-7.333372e+01
6753	-7.009439e+01
6754	-7.116845e+01
6755	-7.437810e+01
6756	-7.547335e+01
6757	-7.035831e+01
6758	-7.385539e+01
6759	-7.469676e+01
6760	-7.807661e+01
6761	-7.180889e+01
6762	-7.179600e+01
6763	-7.062278e+01
6764	-7.197478e+01
6765	-7.197322e+01
6766	-7.160610e+01
6767	-7.335205e+01
6768	-7.278645e+01
6769	-7.239352e+01
6770	-7.740286e+01
6771	-7.575446e+01
6772	-7.388945e+01
6773	-7.337602e+01
6774	-7.292179e+01
6775	-7.409240e+01
6776	-7.430062e+01
6777	-7.494579e+01
6778	-7.011383e+01
6779	-7.394707e+01
6780	-7.193387e+01
6781	-7.449648e+01
6782	-7.230431e+01
6783	-7.095170e+01
6784	-6.831449e+01
6785	-7.641896e+01
6786	-7.078293e+01
6787	-7.392900e+01
6788	-7.601551e+01
6789	-7.604555e+01
6790	-7.452242e+01
6791	-7.255701e+01
6792	-7.178766e+01
6793	-7.422230e+01
6794	-7.353085e+01
6795	-7.548630e+01
6796	-7.042452e+01
6797	-7.358072e+01
6798	-6.946856e+01
6799	-7.718452e+01
6800	-7.115798e+01
6801	-7.509930e+01
6802	-7.215780e+01
6803	-7.268865e+01
6804	-7.482509e+01
6805	-7.031402e+01
6806	-7.110653e+01
6807	-7.146028e+01
6808	-7.349119e+01
6809	-7.337644e+01
6810	-7.523901e+01
6811	-7.403678e+01
6812	-7.536021e+01
6813	-7.095446e+01
6814	-7.272312e+01
6815	-7.196886e+01
6816	-7.531551e+01
6817	-7.291102e+01
6818	-7.285546e+01
6819	-7.045322e+01
6820	-7.676162e+01
6821	-6.995630e+01
6822	-7.094646e+01
6823	-7.204181e+01
6824	-7.312607e+01
6825	-7.453534e+01
6826	-7.299649e+01
6827	-7.435196e+01
6828	-7.230498e+01
6829	-7.511089e+01
6830	-7.164408e+01
6831	-7.538846e+01
6832	-7.323442e+01
6833	-7.264713e+01
6834	-7.688531e+01
6835	-7.579536e+01
6836	-6.934731e+01
6837	-7.495052e+01
6838	-7.348986e+01
6839	-6.904320e+01
6840	-7.281921e+01
6841	-7.048822e+01
6842	-7.223351e+01
6843	-7.449227e+01
6844	-7.259383e+01
6845	-7.120852e+01
6846	-7.259229e+01
6847	-7.222447e+01
6848	-7.315901e+01
6849	-7.557941e+01
6850	-7.794574e+01
6851	-7.475119e+01
6852	-6.895831e+01
6853	-7.290305e+01
6854	-7.346474e+01
6855	-6.970843e+01
6856	-7.825392e+01
6857	-7.354631e+01
6858	-7.232654e+01
6859	-7.081415e+01
6860	-7.501562e+01
6861	-7.437912e+01
6862	-7.604927e+01
6863	-7.308635e+01
6864	-6.950801e+01
6865	-7.321611e+01
6866	-7.006427e+01
6867	-7.359801e+01
6868	-7.424151e+01
6869	-7.477862e+01
6870	-7.384372e+01
6871	-7.099750e+01
6872	-7.072224e+01
6873	-7.305879e+01
6874	-7.501736e+01
6875	-7.083647e+01
6876	-7.411440e+01
6877	-7.304461e+01
6878	-7.421784e+01
6879	-7.297581e+01
6880	-7.050139e+01
6881	-7.028401e+01
6882	-7.450122e+01
6883	-7.246731e+01
6884	-7.414431e+01
6885	-7.178382e+01
6886	-7.249416e+01
6887	-7.003168e+01
6888	-7.283557e+01
6889	-6.928242e+01
6890	-7.290157e+01
6891	-7.479506e+01
6892	-7.447671e+01
6893	-7.241005e+01
6894	-7.407930e+01
6895	-7.417859e+01
6896	-7.172508e+01
6897	-7.716714e+01
6898	-7.366549e+01
6899	-7.393794e+01
6900	-7.337481e+01
6901	-7.340196e+01
6902	-6.883738e+01
6903	-7.319766e+01
6904	-7.614172e+01
6905	-7.688977e+01
6906	-7.115338e+01
6907	-7.060517e+01
6908	-7.398828e+01
6909	-7.620453e+01
6910	-7.292957e+01
6911	-7.552857e+01
6912	-7.252148e+01
6913	-7.246740e+01
6914	-7.717265e+01
6915	-7.345039e+01
6916	-7.667797e+01
6917	-7.607789e+01
6918	-7.293163e+01
6919	-7.205464e+01
6920	-7.320908e+01
6921	-7.678925e+01
6922	-7.069981e+01
6923	-7.313439e+01
6924	-7.140735e+01
6925	-7.495298e+01
6926	-7.445112e+01
6927	-7.861687e+01
6928	-7.352411e+01
6929	-7.666172e+01
6930	-7.155447e+01
6931	-7.200632e+01
6932	-7.205390e+01
6933	-7.111907e+01
6934	-7.306294e+01
6935	-7.151505e+01
6936	-7.322900e+01
6937	-7.323034e+01
6938	-6.998208e+01
6939	-7.307076e+01
6940	-7.842648e+01
6941	-7.244476e+01
6942	-7.461315e+01
6943	-7.238802e+01
6944	-7.402003e+01
6945	-7.185933e+01
6946	-7.068259e+01
6947	-7.388483e+01
6948	-7.156711e+01
6949	-7.167795e+01
6950	-7.458829e+01
6951	-7.404671e+01
6952	-7.121617e+01
6953	-7.745824e+01
6954	-7.415987e+01
6955	-7.498569e+01
6956	-7.199335e+01
6957	-7.639385e+01
6958	-7.336681e+01
6959	-7.564011e+01
6960	-7.041919e+01
6961	-7.382668e+01
6962	-7.418241e+01
6963	-7.009983e+01
6964	-7.394258e+01
6965	-7.330835e+01
6966	-7.285052e+01
6967	-7.368512e+01
6968	-7.494538e+01
6969	-7.124981e+01
6970	-7.432381e+01
6971	-7.089374e+01
6972	-7.176502e+01
6973	-7.298917e+01
6974	-7.274446e+01
6975	-7.141924e+01
6976	-7.394866e+01
6977	-7.460725e+01
6978	-7.249414e+01
6979	-7.013013e+01
6980	-7.179347e+01
6981	-7.439091e+01
6982	-7.336668e+01
6983	-7.092922e+01
6984	-7.166757e+01
6985	-7.066394e+01
6986	-7.488120e+01
6987	-7.575391e+01
6988	-7.627485e+01
6989	-7.314697e+01
6990	-7.410689e+01
6991	-7.509269e+01
6992	-7.485838e+01
6993	-7.677665e+01
6994	-7.398652e+01
6995	-7.205644e+01
6996	-7.137588e+01
6997	-7.325370e+01
6998	-7.030227e+01
6999	-7.243891e+01
7000	-7.260536e+01
7001	-7.577444e+01
7002	-7.377576e+01
7003	-7.050124e+01
7004	-7.248083e+01
7005	-7.357802e+01
7006	-7.714802e+01
7007	-7.412847e+01
7008	-7.127990e+01
7009	-7.512765e+01
7010	-7.276395e+01
7011	-7.483071e+01
7012	-7.337716e+01
7013	-7.139177e+01
7014	-7.436761e+01
7015	-7.686595e+01
7016	-7.387634e+01
7017	-7.362455e+01
7018	-6.907215e+01
7019	-7.287836e+01
7020	-7.211711e+01
7021	-7.445622e+01
7022	-7.377961e+01
7023	-7.700993e+01
7024	-7.351894e+01
7025	-7.205146e+01
7026	-7.430834e+01
7027	-7.233374e+01
7028	-7.615895e+01
7029	-7.427464e+01
7030	-7.292935e+01
7031	-7.796806e+01
7032	-7.498211e+01
7033	-7.321487e+01
7034	-7.402053e+01
7035	-7.239281e+01
7036	-7.299944e+01
7037	-7.229387e+01
7038	-7.343689e+01
7039	-7.565885e+01
7040	-7.332385e+01
7041	-7.249064e+01
7042	-7.265992e+01
7043	-7.799607e+01
7044	-7.347576e+01
7045	-7.343767e+01
7046	-7.134049e+01
7047	-7.504547e+01
7048	-7.643210e+01
7049	-7.647134e+01
7050	-7.206025e+01
7051	-7.346188e+01
7052	-7.278394e+01
7053	-7.197801e+01
7054	-7.210558e+01
7055	-7.025276e+01
7056	-7.296474e+01
7057	-7.468780e+01
7058	-6.951756e+01
7059	-7.396923e+01
7060	-7.456522e+01
7061	-7.141070e+01
7062	-7.237507e+01
7063	-6.875775e+01
7064	-7.565237e+01
7065	-7.479939e+01
7066	-7.235010e+01
7067	-7.473303e+01
7068	-7.778669e+01
7069	-7.356872e+01
7070	-7.365238e+01
7071	-7.515672e+01
7072	-6.937193e+01
7073	-7.318708e+01
7074	-7.735410e+01
7075	-7.199897e+01
7076	-7.206370e+01
7077	-7.221621e+01
7078	-7.677857e+01
7079	-7.289376e+01
7080	-7.634244e+01
7081	-7.158690e+01
7082	-7.505412e+01
7083	-7.281201e+01
7084	-7.325492e+01
7085	-7.720774e+01
7086	-7.229689e+01
7087	-7.544626e+01
7088	-7.122074e+01
7089	-7.166376e+01
7090	-7.510984e+01
7091	-7.294020e+01
7092	-7.349428e+01
7093	-7.434778e+01
7094	-7.634856e+01
7095	-7.013637e+01
7096	-7.167781e+01
7097	-7.103446e+01
7098	-7.347883e+01
7099	-7.294175e+01
7100	-7.264286e+01
7101	-7.147159e+01
7102	-7.195111e+01
7103	-7.291739e+01
7104	-7.284971e+01
7105	-7.480702e+01
7106	-6.950174e+01
7107	-6.995976e+01
7108	-7.227067e+01
7109	-7.422737e+01
7110	-6.716198e+01
7111	-7.385449e+01
7112	-7.348682e+01
7113	-7.015872e+01
7114	-7.351672e+01
7115	-7.023334e+01
7116	-7.163157e+01
7117	-7.667364e+01
7118	-7.128775e+01
7119	-7.269583e+01
7120	-7.231952e+01
7121	-7.191777e+01
7122	-7.424487e+01
7123	-7.169099e+01
7124	-7.384550e+01
7125	-7.157844e+01
7126	-7.462160e+01
7127	-7.578933e+01
7128	-7.576873e+01
7129	-7.537667e+01
7130	-7.603828e+01
7131	-7.152177e+01
7132	-7.463815e+01
7133	-7.399646e+01
7134	-7.451093e+01
7135	-7.043618e+01
7136	-7.319781e+01
7137	-7.446780e+01
7138	-7.080625e+01
7139	-7.388875e+01
7140	-7.404249e+01
7141	-7.194825e+01
7142	-7.428871e+01
7143	-7.790515e+01
7144	-7.168644e+01
7145	-6.806736e+01
7146	-7.530276e+01
7147	-7.165934e+01
7148	-7.365882e+01
7149	-7.232664e+01
7150	-7.230135e+01
7151	-7.452811e+01
7152	-7.347074e+01
7153	-7.310914e+01
7154	-7.360570e+01
7155	-7.557453e+01
7156	-7.060905e+01
7157	-7.143928e+01
7158	-6.992132e+01
7159	-7.395248e+01
7160	-7.381458e+01
7161	-7.444138e+01
7162	-7.444279e+01
7163	-7.333231e+01
7164	-7.448669e+01
7165	-7.290242e+01
7166	-7.432698e+01
7167	-7.360967e+01
7168	-7.368818e+01
7169	-7.228263e+01
7170	-7.305367e+01
7171	-7.280867e+01
7172	-7.145868e+01
7173	-7.059972e+01
7174	-7.150933e+01
7175	-7.404407e+01
7176	-7.393814e+01
7177	-7.218021e+01
7178	-7.515248e+01
7179	-7.226792e+01
7180	-7.482471e+01
7181	-7.238242e+01
7182	-7.370387e+01
7183	-7.693961e+01
7184	-7.665929e+01
7185	-6.959963e+01
7186	-7.755750e+01
7187	-7.275256e+01
7188	-7.490776e+01
7189	-7.187463e+01
7190	-7.513928e+01
7191	-7.240187e+01
7192	-7.348272e+01
7193	-7.225093e+01
7194	-7.384725e+01
7195	-7.059252e+01
7196	-7.562385e+01
7197	-7.523788e+01
7198	-7.712331e+01
7199	-7.338958e+01
7200	-7.163835e+01
7201	-7.250978e+01
7202	-7.342891e+01
7203	-7.145774e+01
7204	-7.420844e+01
7205	-7.194553e+01
7206	-7.578308e+01
7207	-7.374553e+01
7208	-7.400938e+01
7209	-7.154455e+01
7210	-7.524031e+01
7211	-7.088454e+01
7212	-7.150829e+01
7213	-7.433042e+01
7214	-7.677614e+01
7215	-7.579993e+01
7216	-7.098104e+01
7217	-7.561934e+01
7218	-7.123136e+01
7219	-7.676974e+01
7220	-7.287054e+01
7221	-6.805795e+01
7222	-7.344742e+01
7223	-7.077647e+01
7224	-7.027971e+01
7225	-7.404179e+01
7226	-7.456438e+01
7227	-7.111446e+01
7228	-7.752600e+01
7229	-7.182377e+01
7230	-7.454760e+01
7231	-7.446625e+01
7232	-7.336637e+01
7233	-7.063123e+01
7234	-7.252263e+01
7235	-7.264980e+01
7236	-7.251426e+01
7237	-6.964408e+01
7238	-7.231046e+01
7239	-7.168182e+01
7240	-7.416020e+01
7241	-7.495682e+01
7242	-7.487502e+01
7243	-7.305651e+01
7244	-7.448571e+01
7245	-7.313535e+01
7246	-7.263419e+01
7247	-7.544365e+01
7248	-7.227661e+01
7249	-7.473700e+01
7250	-7.564567e+01
7251	-7.315060e+01
7252	-7.111789e+01
7253	-7.324218e+01
7254	-7.206070e+01
7255	-7.361970e+01
7256	-7.819083e+01
7257	-7.236363e+01
7258	-7.571131e+01
7259	-7.025564e+01
7260	-7.371442e+01
7261	-7.037180e+01
7262	-7.312976e+01
7263	-7.251522e+01
7264	-7.036222e+01
7265	-7.558195e+01
7266	-7.448510e+01
7267	-7.500156e+01
7268	-7.657321e+01
7269	-7.336051e+01
7270	-7.316002e+01
7271	-7.521559e+01
7272	-7.533968e+01
7273	-7.312589e+01
7274	-7.382584e+01
7275	-7.641582e+01
7276	-6.819373e+01
7277	-7.240373e+01
7278	-7.261618e+01
7279	-7.352771e+01
7280	-7.540362e+01
7281	-7.110530e+01
7282	-7.479171e+01
7283	-7.578237e+01
7284	-7.486237e+01
7285	-7.032684e+01
7286	-7.370733e+01
7287	-7.554653e+01
7288	-7.249232e+01
7289	-7.367398e+01
7290	-7.410390e+01
7291	-7.439536e+01
7292	-7.320364e+01
7293	-7.695556e+01
7294	-6.925886e+01
7295	-7.182784e+01
7296	-6.941353e+01
7297	-7.466018e+01
7298	-7.197694e+01
7299	-7.537330e+01
7300	-7.319622e+01
7301	-7.386997e+01
7302	-7.397965e+01
7303	-7.478652e+01
7304	-6.890131e+01
7305	-7.379125e+01
7306	-7.196700e+01
7307	-7.700933e+01
7308	-7.521759e+01
7309	-7.276733e+01
7310	-7.339405e+01
7311	-7.320317e+01
7312	-7.140249e+01
7313	-7.407698e+01
7314	-7.025848e+01
7315	-7.347901e+01
7316	-7.247456e+01
7317	-7.733883e+01
7318	-7.524854e+01
7319	-7.484626e+01
7320	-7.103627e+01
7321	-7.698458e+01
7322	-7.231401e+01
7323	-7.355135e+01
7324	-7.397968e+01
7325	-7.372588e+01
7326	-7.490476e+01
7327	-7.738120e+01
7328	-7.397791e+01
7329	-6.938972e+01
7330	-7.659655e+01
7331	-7.627285e+01
7332	-7.188429e+01
7333	-7.166290e+01
7334	-7.670539e+01
7335	-7.704699e+01
7336	-7.538973e+01
7337	-7.580151e+01
7338	-7.531947e+01
7339	-7.109324e+01
7340	-7.118893e+01
7341	-7.503118e+01
7342	-7.258138e+01
7343	-7.371899e+01
7344	-7.215268e+01
7345	-7.400215e+01
7346	-7.368533e+01
7347	-7.379950e+01
7348	-7.413720e+01
7349	-7.464706e+01
7350	-7.291042e+01
7351	-7.356124e+01
7352	-7.568521e+01
7353	-7.333077e+01
7354	-7.633940e+01
7355	-7.539250e+01
7356	-7.554431e+01
7357	-7.556053e+01
7358	-7.166242e+01
7359	-7.415357e+01
7360	-7.527552e+01
7361	-7.379828e+01
7362	-7.525851e+01
7363	-7.350381e+01
7364	-7.514020e+01
7365	-7.148724e+01
7366	-7.154302e+01
7367	-6.968758e+01
7368	-7.131258e+01
7369	-6.950634e+01
7370	-7.266144e+01
7371	-7.041594e+01
7372	-7.488047e+01
7373	-7.391000e+01
7374	-7.276901e+01
7375	-6.949546e+01
7376	-7.231759e+01
7377	-7.748511e+01
7378	-7.633712e+01
7379	-7.243786e+01
7380	-7.308512e+01
7381	-7.154929e+01
7382	-7.502266e+01
7383	-7.332303e+01
7384	-7.494502e+01
7385	-7.441877e+01
7386	-7.075580e+01
7387	-7.163308e+01
7388	-7.293949e+01
7389	-7.524829e+01
7390	-7.381823e+01
7391	-7.423313e+01
7392	-7.912145e+01
7393	-7.219741e+01
7394	-7.373423e+01
7395	-7.196571e+01
7396	-6.912430e+01
7397	-7.407542e+01
7398	-7.419792e+01
7399	-7.245598e+01
7400	-7.359803e+01
7401	-7.701153e+01
7402	-7.563144e+01
7403	-7.456603e+01
7404	-7.336183e+01
7405	-7.517639e+01
7406	-7.334893e+01
7407	-7.115245e+01
7408	-7.841784e+01
7409	-6.680842e+01
7410	-6.981335e+01
7411	-7.377919e+01
7412	-6.950223e+01
7413	-7.260781e+01
7414	-7.092610e+01
7415	-7.294961e+01
7416	-7.234727e+01
7417	-7.834422e+01
7418	-7.077069e+01
7419	-7.066754e+01
7420	-7.153852e+01
7421	-7.514270e+01
7422	-7.357960e+01
7423	-7.442703e+01
7424	-7.362840e+01
7425	-7.159568e+01
7426	-6.999664e+01
7427	-7.324590e+01
7428	-7.836036e+01
7429	-7.705845e+01
7430	-7.204813e+01
7431	-7.227629e+01
7432	-7.442489e+01
7433	-7.334063e+01
7434	-7.254514e+01
7435	-7.647894e+01
7436	-7.643141e+01
7437	-7.224638e+01
7438	-7.204062e+01
7439	-7.464570e+01
7440	-7.442747e+01
7441	-7.261707e+01
7442	-7.297322e+01
7443	-6.982296e+01
7444	-7.442268e+01
7445	-7.041206e+01
7446	-7.575882e+01
7447	-7.167185e+01
7448	-7.392644e+01
7449	-7.388692e+01
7450	-7.427840e+01
7451	-7.362192e+01
7452	-7.249441e+01
7453	-7.187735e+01
7454	-7.777847e+01
7455	-7.438409e+01
7456	-7.183957e+01
7457	-7.336123e+01
7458	-7.395992e+01
7459	-7.475522e+01
7460	-7.152258e+01
7461	-7.301864e+01
7462	-7.478396e+01
7463	-7.721630e+01
7464	-7.558639e+01
7465	-7.417052e+01
7466	-7.361833e+01
7467	-7.377777e+01
7468	-7.386466e+01
7469	-7.469436e+01
7470	-7.127844e+01
7471	-7.465622e+01
7472	-7.353829e+01
7473	-7.490678e+01
7474	-7.365148e+01
7475	-7.412910e+01
7476	-7.346430e+01
7477	-7.616190e+01
7478	-7.573787e+01
7479	-7.635673e+01
7480	-7.226213e+01
7481	-7.356021e+01
7482	-7.119296e+01
7483	-7.164293e+01
7484	-7.475708e+01
7485	-7.352098e+01
7486	-7.019136e+01
7487	-7.631049e+01
7488	-7.101846e+01
7489	-7.520532e+01
7490	-7.714274e+01
7491	-7.656990e+01
7492	-7.211267e+01
7493	-7.438015e+01
7494	-7.509957e+01
7495	-7.210291e+01
7496	-7.192145e+01
7497	-7.056124e+01
7498	-7.407365e+01
7499	-7.669627e+01
7500	-7.518829e+01
7501	-7.191448e+01
7502	-6.972543e+01
7503	-7.503178e+01
7504	-7.206835e+01
7505	-7.145654e+01
7506	-7.562238e+01
7507	-7.537114e+01
7508	-7.532389e+01
7509	-7.347078e+01
7510	-7.235726e+01
7511	-7.397814e+01
7512	-7.191888e+01
7513	-7.375436e+01
7514	-7.171568e+01
7515	-7.490033e+01
7516	-7.125545e+01
7517	-7.101881e+01
7518	-7.361183e+01
7519	-7.551988e+01
7520	-7.421375e+01
7521	-7.092858e+01
7522	-7.291281e+01
7523	-7.625915e+01
7524	-7.326499e+01
7525	-7.446877e+01
7526	-7.170107e+01
7527	-7.155103e+01
7528	-7.274781e+01
7529	-7.492934e+01
7530	-7.150747e+01
7531	-7.345598e+01
7532	-6.955830e+01
7533	-7.498977e+01
7534	-7.326506e+01
7535	-7.214211e+01
7536	-7.612386e+01
7537	-7.369891e+01
7538	-7.285509e+01
7539	-7.307568e+01
7540	-7.393986e+01
7541	-7.585435e+01
7542	-7.085650e+01
7543	-7.403283e+01
7544	-7.273628e+01
7545	-7.442103e+01
7546	-7.274033e+01
7547	-7.593205e+01
7548	-7.534653e+01
7549	-7.281870e+01
7550	-7.373759e+01
7551	-7.626951e+01
7552	-7.294662e+01
7553	-7.194957e+01
7554	-7.476152e+01
7555	-6.980853e+01
7556	-7.337564e+01
7557	-7.280865e+01
7558	-7.390938e+01
7559	-7.619883e+01
7560	-7.706066e+01
7561	-7.508544e+01
7562	-7.541491e+01
7563	-7.444929e+01
7564	-7.337822e+01
7565	-7.425007e+01
7566	-7.148617e+01
7567	-7.203011e+01
7568	-7.178021e+01
7569	-7.445344e+01
7570	-7.318217e+01
7571	-7.393250e+01
7572	-7.305961e+01
7573	-7.657887e+01
7574	-7.455751e+01
7575	-7.318063e+01
7576	-7.497528e+01
7577	-7.492442e+01
7578	-7.124958e+01
7579	-7.101082e+01
7580	-7.210514e+01
7581	-7.409081e+01
7582	-7.521300e+01
7583	-7.279484e+01
7584	-7.036478e+01
7585	-7.477288e+01
7586	-7.298900e+01
7587	-7.484941e+01
7588	-7.360328e+01
7589	-7.475908e+01
7590	-7.566100e+01
7591	-7.166665e+01
7592	-6.874520e+01
7593	-7.091043e+01
7594	-7.257044e+01
7595	-7.053696e+01
7596	-7.289060e+01
7597	-7.187475e+01
7598	-7.610852e+01
7599	-7.551499e+01
7600	-7.253793e+01
7601	-7.338938e+01
7602	-7.543257e+01
7603	-7.231509e+01
7604	-7.091714e+01
7605	-7.350051e+01
7606	-7.132263e+01
7607	-7.206716e+01
7608	-7.447342e+01
7609	-7.120026e+01
7610	-7.408177e+01
7611	-6.740284e+01
7612	-7.355380e+01
7613	-7.214180e+01
7614	-7.645173e+01
7615	-7.441538e+01
7616	-7.389755e+01
7617	-7.258896e+01
7618	-7.386864e+01
7619	-7.319759e+01
7620	-7.392474e+01
7621	-7.312668e+01
7622	-7.533254e+01
7623	-7.502630e+01
7624	-7.332965e+01
7625	-6.800986e+01
7626	-7.029874e+01
7627	-7.116884e+01
7628	-7.211992e+01
7629	-7.718890e+01
7630	-7.279483e+01
7631	-7.406475e+01
7632	-7.170010e+01
7633	-7.264903e+01
7634	-7.288282e+01
7635	-6.966834e+01
7636	-7.025428e+01
7637	-7.385764e+01
7638	-7.459945e+01
7639	-7.141539e+01
7640	-7.445007e+01
7641	-7.167506e+01
7642	-7.478451e+01
7643	-7.479385e+01
7644	-7.199087e+01
7645	-7.327565e+01
7646	-7.468793e+01
7647	-7.142262e+01
7648	-7.078303e+01
7649	-7.350275e+01
7650	-7.013238e+01
7651	-7.232997e+01
7652	-7.399986e+01
7653	-7.386466e+01
7654	-7.218524e+01
7655	-7.157972e+01
7656	-7.014499e+01
7657	-7.029510e+01
7658	-7.100701e+01
7659	-7.247269e+01
7660	-6.742711e+01
7661	-7.361726e+01
7662	-7.353940e+01
7663	-7.089732e+01
7664	-7.581230e+01
7665	-7.269555e+01
7666	-7.325374e+01
7667	-7.501495e+01
7668	-7.626499e+01
7669	-7.351967e+01
7670	-7.164507e+01
7671	-7.163597e+01
7672	-7.092395e+01
7673	-7.263656e+01
7674	-7.083070e+01
7675	-7.564790e+01
7676	-7.660328e+01
7677	-7.619210e+01
7678	-7.704035e+01
7679	-7.347641e+01
7680	-7.297264e+01
7681	-7.533761e+01
7682	-7.384087e+01
7683	-7.564412e+01
7684	-7.511627e+01
7685	-7.260113e+01
7686	-7.296995e+01
7687	-6.968561e+01
7688	-7.118172e+01
7689	-7.221568e+01
7690	-7.400227e+01
7691	-7.301880e+01
7692	-7.497350e+01
7693	-7.368079e+01
7694	-7.322760e+01
7695	-7.193406e+01
7696	-7.183982e+01
7697	-7.291434e+01
7698	-6.944098e+01
7699	-7.687533e+01
7700	-7.343139e+01
7701	-7.398889e+01
7702	-7.209721e+01
7703	-7.330284e+01
7704	-7.694036e+01
7705	-7.475660e+01
7706	-7.209589e+01
7707	-6.930591e+01
7708	-7.493912e+01
7709	-7.511921e+01
7710	-7.315542e+01
7711	-7.239572e+01
7712	-7.357448e+01
7713	-7.046265e+01
7714	-7.747333e+01
7715	-7.204541e+01
7716	-7.474543e+01
7717	-7.708982e+01
7718	-7.010659e+01
7719	-7.814498e+01
7720	-7.507977e+01
7721	-7.383863e+01
7722	-7.711432e+01
7723	-7.430454e+01
7724	-7.681620e+01
7725	-6.989806e+01
7726	-7.258564e+01
7727	-7.325077e+01
7728	-7.226630e+01
7729	-7.304731e+01
7730	-7.197093e+01
7731	-7.410646e+01
7732	-7.437804e+01
7733	-7.322344e+01
7734	-7.720268e+01
7735	-7.354028e+01
7736	-7.468523e+01
7737	-7.187037e+01
7738	-7.850460e+01
7739	-7.406798e+01
7740	-7.007157e+01
7741	-7.250678e+01
7742	-7.637547e+01
7743	-7.447747e+01
7744	-7.288720e+01
7745	-7.201066e+01
7746	-6.970217e+01
7747	-7.572681e+01
7748	-7.156610e+01
7749	-7.178735e+01
7750	-7.120182e+01
7751	-7.143239e+01
7752	-6.980272e+01
7753	-7.132856e+01
7754	-7.207925e+01
7755	-7.360085e+01
7756	-7.676032e+01
7757	-7.145215e+01
7758	-7.683523e+01
7759	-7.305104e+01
7760	-7.368992e+01
7761	-7.439811e+01
7762	-7.276040e+01
7763	-7.304860e+01
7764	-7.578662e+01
7765	-7.247403e+01
7766	-6.775305e+01
7767	-7.218809e+01
7768	-7.037011e+01
7769	-6.986122e+01
7770	-7.236206e+01
7771	-7.596049e+01
7772	-7.265626e+01
7773	-7.496903e+01
7774	-7.218930e+01
7775	-7.301319e+01
7776	-7.003340e+01
7777	-7.141192e+01
7778	-7.408452e+01
7779	-7.028321e+01
7780	-7.277359e+01
7781	-7.358611e+01
7782	-7.413075e+01
7783	-7.375347e+01
7784	-7.306081e+01
7785	-6.886284e+01
7786	-7.575113e+01
7787	-7.275956e+01
7788	-7.324447e+01
7789	-7.555387e+01
7790	-7.530869e+01
7791	-7.633671e+01
7792	-7.437608e+01
7793	-6.865709e+01
7794	-7.573809e+01
7795	-7.275873e+01
7796	-7.229266e+01
7797	-6.999404e+01
7798	-7.286115e+01
7799	-7.185967e+01
7800	-7.556624e+01
7801	-7.508081e+01
7802	-7.023893e+01
7803	-7.522225e+01
7804	-7.561263e+01
7805	-7.504875e+01
7806	-7.510409e+01
7807	-7.307727e+01
7808	-7.560564e+01
7809	-7.368131e+01
7810	-7.277359e+01
7811	-7.207701e+01
7812	-7.145148e+01
7813	-7.289520e+01
7814	-7.365031e+01
7815	-7.483160e+01
7816	-7.478139e+01
7817	-7.206962e+01
7818	-7.378342e+01
7819	-7.308798e+01
7820	-7.264036e+01
7821	-7.261375e+01
7822	-7.377127e+01
7823	-6.987446e+01
7824	-7.040160e+01
7825	-7.618044e+01
7826	-7.378450e+01
7827	-7.329244e+01
7828	-7.362836e+01
7829	-7.332144e+01
7830	-7.242112e+01
7831	-7.197150e+01
7832	-7.244219e+01
7833	-7.518770e+01
7834	-7.292291e+01
7835	-7.332860e+01
7836	-7.529619e+01
7837	-7.443082e+01
7838	-7.550761e+01
7839	-7.311830e+01
7840	-7.527472e+01
7841	-7.291933e+01
7842	-7.412265e+01
7843	-7.479466e+01
7844	-7.676222e+01
7845	-7.464314e+01
7846	-6.832274e+01
7847	-7.300497e+01
7848	-7.320467e+01
7849	-7.154801e+01
7850	-7.123727e+01
7851	-7.475884e+01
7852	-7.040985e+01
7853	-7.563251e+01
7854	-7.105090e+01
7855	-7.047719e+01
7856	-7.407749e+01
7857	-7.660044e+01
7858	-7.224984e+01
7859	-7.364100e+01
7860	-7.285620e+01
7861	-7.200012e+01
7862	-7.490678e+01
7863	-7.348491e+01
7864	-7.316910e+01
7865	-7.665425e+01
7866	-7.314337e+01
7867	-7.386389e+01
7868	-7.088978e+01
7869	-7.419559e+01
7870	-7.355924e+01
7871	-7.380295e+01
7872	-7.338522e+01
7873	-7.312825e+01
7874	-7.522543e+01
7875	-7.380126e+01
7876	-7.408991e+01
7877	-7.182813e+01
7878	-7.264245e+01
7879	-7.695329e+01
7880	-7.061754e+01
7881	-7.483965e+01
7882	-7.229014e+01
7883	-7.254075e+01
7884	-7.066125e+01
7885	-7.626764e+01
7886	-7.660743e+01
7887	-7.420479e+01
7888	-7.579954e+01
7889	-7.312074e+01
7890	-7.402902e+01
7891	-7.517497e+01
7892	-7.046436e+01
7893	-7.464172e+01
7894	-7.485679e+01
7895	-6.967775e+01
7896	-7.155600e+01
7897	-7.153012e+01
7898	-7.362858e+01
7899	-7.120081e+01
7900	-7.461892e+01
7901	-7.250721e+01
7902	-7.738673e+01
7903	-7.151038e+01
7904	-7.524601e+01
7905	-7.373059e+01
7906	-7.405619e+01
7907	-7.604228e+01
7908	-7.049923e+01
7909	-7.068275e+01
7910	-7.327435e+01
7911	-7.498227e+01
7912	-7.350558e+01
7913	-7.433925e+01
7914	-7.278529e+01
7915	-7.445847e+01
7916	-7.212336e+01
7917	-7.552497e+01
7918	-7.766626e+01
7919	-7.845597e+01
7920	-7.171407e+01
7921	-7.527305e+01
7922	-7.386325e+01
7923	-6.957383e+01
7924	-7.474272e+01
7925	-7.443422e+01
7926	-7.359292e+01
7927	-7.025528e+01
7928	-7.886524e+01
7929	-7.279550e+01
7930	-7.320430e+01
7931	-7.154785e+01
7932	-7.391630e+01
7933	-7.216328e+01
7934	-7.386310e+01
7935	-7.154706e+01
7936	-7.387380e+01
7937	-7.100543e+01
7938	-7.127929e+01
7939	-7.466145e+01
7940	-7.136382e+01
7941	-7.008280e+01
7942	-7.450772e+01
7943	-7.256927e+01
7944	-7.489983e+01
7945	-7.333766e+01
7946	-7.504462e+01
7947	-7.138251e+01
7948	-7.605978e+01
7949	-7.288908e+01
7950	-7.210127e+01
7951	-7.244370e+01
7952	-7.606042e+01
7953	-7.211649e+01
7954	-7.237644e+01
7955	-7.452014e+01
7956	-7.162203e+01
7957	-7.301063e+01
7958	-7.204384e+01
7959	-6.772400e+01
7960	-7.256509e+01
7961	-7.332093e+01
7962	-7.241042e+01
7963	-7.252229e+01
7964	-7.225978e+01
7965	-7.360665e+01
7966	-7.518921e+01
7967	-7.360521e+01
7968	-7.161910e+01
7969	-6.981229e+01
7970	-7.060981e+01
7971	-7.111316e+01
7972	-7.279895e+01
7973	-7.426720e+01
7974	-7.124020e+01
7975	-7.346703e+01
7976	-7.189680e+01
7977	-7.209348e+01
7978	-7.286837e+01
7979	-7.495213e+01
7980	-7.447271e+01
7981	-7.238732e+01
7982	-7.364732e+01
7983	-7.487859e+01
7984	-7.580759e+01
7985	-7.217741e+01
7986	-7.200231e+01
7987	-7.316714e+01
7988	-7.583957e+01
7989	-7.516323e+01
7990	-7.594314e+01
7991	-7.436016e+01
7992	-7.618805e+01
7993	-7.454435e+01
7994	-7.513809e+01
7995	-7.217674e+01
7996	-7.280591e+01
7997	-7.737267e+01
7998	-7.211997e+01
7999	-7.167380e+01
8000	-7.486697e+01
8001	-7.202388e+01
8002	-7.139708e+01
8003	-7.129820e+01
8004	-7.337233e+01
8005	-7.155154e+01
8006	-7.245286e+01
8007	-7.487143e+01
8008	-7.221859e+01
8009	-7.471347e+01
8010	-7.218942e+01
8011	-6.909901e+01
8012	-7.425778e+01
8013	-7.621664e+01
8014	-7.138151e+01
8015	-7.316981e+01
8016	-7.494824e+01
8017	-7.806158e+01
8018	-7.329137e+01
8019	-7.326124e+01
8020	-7.181479e+01
8021	-7.053474e+01
8022	-7.406544e+01
8023	-7.219318e+01
8024	-7.183001e+01
8025	-7.205655e+01
8026	-6.887187e+01
8027	-7.357487e+01
8028	-7.326968e+01
8029	-6.874084e+01
8030	-7.346241e+01
8031	-7.529953e+01
8032	-7.261037e+01
8033	-7.340636e+01
8034	-7.439749e+01
8035	-7.035580e+01
8036	-7.850474e+01
8037	-7.145818e+01
8038	-7.387781e+01
8039	-7.384035e+01
8040	-7.325041e+01
8041	-7.579141e+01
8042	-7.630665e+01
8043	-7.561628e+01
8044	-7.342419e+01
8045	-7.457630e+01
8046	-7.634899e+01
8047	-7.424287e+01
8048	-7.095035e+01
8049	-7.108482e+01
8050	-7.555516e+01
8051	-7.511412e+01
8052	-7.231009e+01
8053	-7.589263e+01
8054	-7.172579e+01
8055	-7.259966e+01
8056	-7.517393e+01
8057	-7.387415e+01
8058	-7.216844e+01
8059	-7.313246e+01
8060	-7.413330e+01
8061	-7.005564e+01
8062	-7.398540e+01
8063	-7.460723e+01
8064	-6.989343e+01
8065	-7.125617e+01
8066	-7.339941e+01
8067	-7.413661e+01
8068	-7.089564e+01
8069	-7.326702e+01
8070	-7.352619e+01
8071	-7.357393e+01
8072	-7.091957e+01
8073	-7.694413e+01
8074	-7.310010e+01
8075	-7.192516e+01
8076	-7.634556e+01
8077	-7.473853e+01
8078	-7.223193e+01
8079	-7.514751e+01
8080	-7.540509e+01
8081	-7.540449e+01
8082	-7.300384e+01
8083	-7.581528e+01
8084	-7.409403e+01
8085	-7.352240e+01
8086	-7.501543e+01
8087	-7.499233e+01
8088	-6.873724e+01
8089	-7.412159e+01
8090	-7.335428e+01
8091	-7.117159e+01
8092	-7.468465e+01
8093	-7.201545e+01
8094	-7.057623e+01
8095	-7.549805e+01
8096	-7.264519e+01
8097	-7.130391e+01
8098	-7.424332e+01
8099	-7.363591e+01
8100	-7.435240e+01
8101	-7.343977e+01
8102	-7.290033e+01
8103	-7.419988e+01
8104	-7.569947e+01
8105	-7.122035e+01
8106	-7.409173e+01
8107	-7.201423e+01
8108	-7.082920e+01
8109	-7.637123e+01
8110	-7.047505e+01
8111	-7.045360e+01
8112	-7.677146e+01
8113	-7.094855e+01
8114	-7.599161e+01
8115	-7.351468e+01
8116	-7.409518e+01
8117	-7.202349e+01
8118	-7.112302e+01
8119	-7.224231e+01
8120	-7.030164e+01
8121	-7.696624e+01
8122	-7.148260e+01
8123	-7.243850e+01
8124	-7.397820e+01
8125	-7.401464e+01
8126	-7.410843e+01
8127	-7.110986e+01
8128	-7.199556e+01
8129	-7.253048e+01
8130	-7.229102e+01
8131	-7.343544e+01
8132	-7.426028e+01
8133	-7.177438e+01
8134	-7.470552e+01
8135	-6.930186e+01
8136	-7.321121e+01
8137	-7.100906e+01
8138	-7.078989e+01
8139	-7.458848e+01
8140	-6.978790e+01
8141	-7.250048e+01
8142	-7.351836e+01
8143	-7.203992e+01
8144	-7.342453e+01
8145	-7.277543e+01
8146	-7.383675e+01
8147	-7.188681e+01
8148	-7.164053e+01
8149	-7.688281e+01
8150	-7.186339e+01
8151	-7.625365e+01
8152	-7.329125e+01
8153	-7.445828e+01
8154	-7.075998e+01
8155	-7.328657e+01
8156	-7.452788e+01
8157	-7.339065e+01
8158	-7.396072e+01
8159	-7.467814e+01
8160	-7.434331e+01
8161	-7.401533e+01
8162	-7.307088e+01
8163	-7.068831e+01
8164	-7.434478e+01
8165	-7.107206e+01
8166	-7.358336e+01
8167	-7.339958e+01
8168	-7.538780e+01
8169	-7.145678e+01
8170	-7.254319e+01
8171	-7.309433e+01
8172	-7.429567e+01
8173	-7.130697e+01
8174	-7.265219e+01
8175	-7.155188e+01
8176	-7.260811e+01
8177	-7.377712e+01
8178	-7.461103e+01
8179	-7.158843e+01
8180	-7.579777e+01
8181	-7.323771e+01
8182	-7.216983e+01
8183	-7.513765e+01
8184	-7.185167e+01
8185	-7.169759e+01
8186	-7.338276e+01
8187	-7.411402e+01
8188	-7.152432e+01
8189	-6.963416e+01
8190	-7.085274e+01
8191	-7.593196e+01
8192	-7.046080e+01
8193	-7.516696e+01
8194	-7.386852e+01
8195	-7.271085e+01
8196	-7.569100e+01
8197	-7.341660e+01
8198	-7.471618e+01
8199	-7.177048e+01
8200	-7.253611e+01
8201	-7.348013e+01
8202	-7.455838e+01
8203	-7.199579e+01
8204	-7.124214e+01
8205	-7.177842e+01
8206	-7.647264e+01
8207	-7.703570e+01
8208	-7.115019e+01
8209	-7.182818e+01
8210	-7.071950e+01
8211	-7.521476e+01
8212	-7.332241e+01
8213	-7.483629e+01
8214	-7.140050e+01
8215	-7.430913e+01
8216	-7.343969e+01
8217	-7.475086e+01
8218	-7.305762e+01
8219	-7.205677e+01
8220	-7.323297e+01
8221	-7.271245e+01
8222	-7.549217e+01
8223	-7.232119e+01
8224	-7.532784e+01
8225	-7.696782e+01
8226	-7.166160e+01
8227	-7.652575e+01
8228	-7.044100e+01
8229	-7.535937e+01
8230	-7.140931e+01
8231	-7.397980e+01
8232	-7.434712e+01
8233	-7.351696e+01
8234	-7.481783e+01
8235	-6.915298e+01
8236	-7.470624e+01
8237	-7.607973e+01
8238	-7.210384e+01
8239	-7.466022e+01
8240	-7.368903e+01
8241	-7.192417e+01
8242	-7.259012e+01
8243	-6.940762e+01
8244	-7.641726e+01
8245	-7.345799e+01
8246	-7.581858e+01
8247	-7.511264e+01
8248	-7.312130e+01
8249	-7.406817e+01
8250	-7.304697e+01
8251	-7.398718e+01
8252	-7.374587e+01
8253	-7.358243e+01
8254	-6.959097e+01
8255	-7.306224e+01
8256	-7.133510e+01
8257	-7.405738e+01
8258	-7.346016e+01
8259	-7.398756e+01
8260	-6.987291e+01
8261	-7.209130e+01
8262	-7.331154e+01
8263	-7.441710e+01
8264	-7.130869e+01
8265	-7.607743e+01
8266	-7.655012e+01
8267	-7.224834e+01
8268	-6.958247e+01
8269	-7.448175e+01
8270	-7.415186e+01
8271	-7.011482e+01
8272	-7.290776e+01
8273	-7.347867e+01
8274	-7.097108e+01
8275	-7.271347e+01
8276	-7.527155e+01
8277	-7.313762e+01
8278	-7.326754e+01
8279	-7.187294e+01
8280	-7.184261e+01
8281	-7.248490e+01
8282	-7.191519e+01
8283	-7.176629e+01
8284	-7.387251e+01
8285	-7.532687e+01
8286	-7.604588e+01
8287	-7.322512e+01
8288	-7.534862e+01
8289	-7.333385e+01
8290	-7.608899e+01
8291	-7.426694e+01
8292	-7.063917e+01
8293	-7.277535e+01
8294	-7.275874e+01
8295	-7.400160e+01
8296	-7.419834e+01
8297	-7.049535e+01
8298	-7.161265e+01
8299	-7.196225e+01
8300	-7.014631e+01
8301	-7.479855e+01
8302	-7.455118e+01
8303	-7.469921e+01
8304	-7.357152e+01
8305	-7.596148e+01
8306	-6.961360e+01
8307	-7.339950e+01
8308	-7.425463e+01
8309	-6.912261e+01
8310	-7.255449e+01
8311	-7.166835e+01
8312	-7.318449e+01
8313	-6.943506e+01
8314	-7.193933e+01
8315	-7.548609e+01
8316	-7.618601e+01
8317	-7.474016e+01
8318	-7.017130e+01
8319	-7.510410e+01
8320	-7.558385e+01
8321	-7.189192e+01
8322	-7.179230e+01
8323	-7.438693e+01
8324	-7.416601e+01
8325	-7.008567e+01
8326	-7.449766e+01
8327	-7.528911e+01
8328	-7.351279e+01
8329	-7.201849e+01
8330	-7.300477e+01
8331	-6.970390e+01
8332	-7.059215e+01
8333	-7.495825e+01
8334	-7.158359e+01
8335	-7.333595e+01
8336	-7.142180e+01
8337	-6.970939e+01
8338	-7.535111e+01
8339	-7.349253e+01
8340	-7.502697e+01
8341	-7.294528e+01
8342	-7.034617e+01
8343	-7.110865e+01
8344	-7.119994e+01
8345	-7.231911e+01
8346	-7.396581e+01
8347	-7.190122e+01
8348	-7.105370e+01
8349	-7.148296e+01
8350	-7.002509e+01
8351	-7.313662e+01
8352	-6.874124e+01
8353	-7.179118e+01
8354	-7.313317e+01
8355	-7.415820e+01
8356	-7.602080e+01
8357	-7.360422e+01
8358	-7.266754e+01
8359	-7.261324e+01
8360	-7.035885e+01
8361	-7.011071e+01
8362	-7.420918e+01
8363	-7.413314e+01
8364	-7.467638e+01
8365	-7.393819e+01
8366	-7.541013e+01
8367	-7.422110e+01
8368	-7.083155e+01
8369	-7.138480e+01
8370	-7.179692e+01
8371	-7.351495e+01
8372	-7.050529e+01
8373	-7.622686e+01
8374	-7.208884e+01
8375	-7.317924e+01
8376	-7.318894e+01
8377	-7.221729e+01
8378	-7.447047e+01
8379	-7.626378e+01
8380	-7.061388e+01
8381	-7.029010e+01
8382	-6.812757e+01
8383	-7.227438e+01
8384	-7.252047e+01
8385	-7.218981e+01
8386	-7.195926e+01
8387	-7.388184e+01
8388	-7.766603e+01
8389	-7.400282e+01
8390	-7.306154e+01
8391	-7.282802e+01
8392	-7.133464e+01
8393	-7.164042e+01
8394	-7.516982e+01
8395	-7.416815e+01
8396	-7.631758e+01
8397	-7.378511e+01
8398	-7.386669e+01
8399	-7.110860e+01
8400	-7.636683e+01
8401	-7.641887e+01
8402	-7.663717e+01
8403	-7.268514e+01
8404	-7.526639e+01
8405	-7.688653e+01
8406	-7.289701e+01
8407	-7.400942e+01
8408	-7.160476e+01
8409	-7.408497e+01
8410	-7.409917e+01
8411	-7.494722e+01
8412	-7.263412e+01
8413	-7.620577e+01
8414	-7.184833e+01
8415	-7.488624e+01
8416	-7.230387e+01
8417	-7.333076e+01
8418	-7.245858e+01
8419	-7.468042e+01
8420	-7.436216e+01
8421	-7.228191e+01
8422	-7.191490e+01
8423	-7.127663e+01
8424	-7.290209e+01
8425	-7.548614e+01
8426	-7.198182e+01
8427	-7.334645e+01
8428	-7.530587e+01
8429	-7.284195e+01
8430	-7.259687e+01
8431	-6.945560e+01
8432	-7.208169e+01
8433	-7.339880e+01
8434	-7.163299e+01
8435	-7.448154e+01
8436	-7.431412e+01
8437	-7.244143e+01
8438	-7.062354e+01
8439	-7.059170e+01
8440	-7.178329e+01
8441	-7.660119e+01
8442	-7.217016e+01
8443	-7.461515e+01
8444	-7.277194e+01
8445	-7.157787e+01
8446	-7.472928e+01
8447	-7.429403e+01
8448	-7.166213e+01
8449	-7.327867e+01
8450	-7.185951e+01
8451	-7.696769e+01
8452	-7.630306e+01
8453	-7.444906e+01
8454	-7.035380e+01
8455	-7.426661e+01
8456	-7.306856e+01
8457	-7.148186e+01
8458	-7.373364e+01
8459	-7.691939e+01
8460	-7.518178e+01
8461	-7.207321e+01
8462	-7.103802e+01
8463	-7.292692e+01
8464	-7.322074e+01
8465	-7.437902e+01
8466	-7.091142e+01
8467	-7.368330e+01
8468	-6.990984e+01
8469	-7.315326e+01
8470	-7.182736e+01
8471	-7.086274e+01
8472	-7.475741e+01
8473	-7.009430e+01
8474	-7.427078e+01
8475	-6.987665e+01
8476	-7.732079e+01
8477	-7.597403e+01
8478	-7.628467e+01
8479	-7.597595e+01
8480	-7.159445e+01
8481	-7.085576e+01
8482	-7.338733e+01
8483	-7.441047e+01
8484	-7.492470e+01
8485	-7.428568e+01
8486	-7.379222e+01
8487	-7.589330e+01
8488	-7.388092e+01
8489	-7.249643e+01
8490	-7.422032e+01
8491	-7.197761e+01
8492	-7.334708e+01
8493	-7.022539e+01
8494	-7.578608e+01
8495	-7.715143e+01
8496	-7.322186e+01
8497	-7.274876e+01
8498	-7.452656e+01
8499	-7.300706e+01
8500	-7.279900e+01
8501	-7.214299e+01
8502	-6.957033e+01
8503	-7.498670e+01
8504	-7.243253e+01
8505	-7.178904e+01
8506	-7.359600e+01
8507	-7.253045e+01
8508	-7.384566e+01
8509	-7.597030e+01
8510	-7.504121e+01
8511	-6.929665e+01
8512	-7.741541e+01
8513	-7.343376e+01
8514	-7.121163e+01
8515	-7.297915e+01
8516	-7.527483e+01
8517	-7.409363e+01
8518	-7.357755e+01
8519	-7.110470e+01
8520	-7.277631e+01
8521	-7.587802e+01
8522	-7.008752e+01
8523	-7.592144e+01
8524	-7.375374e+01
8525	-7.297869e+01
8526	-7.565025e+01
8527	-7.207123e+01
8528	-7.698359e+01
8529	-7.626271e+01
8530	-7.190722e+01
8531	-7.258565e+01
8532	-7.459184e+01
8533	-7.414410e+01
8534	-7.215150e+01
8535	-7.112073e+01
8536	-7.245573e+01
8537	-7.656644e+01
8538	-7.148230e+01
8539	-7.464940e+01
8540	-7.284914e+01
8541	-7.572519e+01
8542	-7.562954e+01
8543	-7.654853e+01
8544	-7.033703e+01
8545	-7.337857e+01
8546	-7.219712e+01
8547	-7.292203e+01
8548	-7.187766e+01
8549	-7.254852e+01
8550	-7.219273e+01
8551	-7.327027e+01
8552	-7.454191e+01
8553	-6.976719e+01
8554	-7.342000e+01
8555	-7.282234e+01
8556	-7.379332e+01
8557	-6.948149e+01
8558	-7.376528e+01
8559	-7.421053e+01
8560	-7.531820e+01
8561	-7.532536e+01
8562	-7.166044e+01
8563	-7.221950e+01
8564	-7.334964e+01
8565	-7.333475e+01
8566	-7.232208e+01
8567	-7.195871e+01
8568	-7.287745e+01
8569	-7.535148e+01
8570	-7.378368e+01
8571	-7.613529e+01
8572	-7.541007e+01
8573	-7.451617e+01
8574	-7.568575e+01
8575	-7.498836e+01
8576	-7.553535e+01
8577	-7.403619e+01
8578	-7.420217e+01
8579	-7.254205e+01
8580	-7.561738e+01
8581	-7.223592e+01
8582	-7.745338e+01
8583	-7.024278e+01
8584	-7.468978e+01
8585	-7.321441e+01
8586	-7.291451e+01
8587	-7.390415e+01
8588	-7.240735e+01
8589	-7.092006e+01
8590	-7.429370e+01
8591	-7.605963e+01
8592	-7.286608e+01
8593	-7.303905e+01
8594	-7.392803e+01
8595	-7.700122e+01
8596	-7.520584e+01
8597	-7.401351e+01
8598	-6.981403e+01
8599	-7.421354e+01
8600	-6.957553e+01
8601	-7.135146e+01
8602	-7.299099e+01
8603	-7.314986e+01
8604	-7.564120e+01
8605	-7.259977e+01
8606	-7.510954e+01
8607	-7.362005e+01
8608	-7.354182e+01
8609	-7.420108e+01
8610	-6.899675e+01
8611	-7.588705e+01
8612	-7.208064e+01
8613	-7.295266e+01
8614	-7.213011e+01
8615	-7.023871e+01
8616	-7.291669e+01
8617	-7.319072e+01
8618	-7.484522e+01
8619	-7.604160e+01
8620	-7.372562e+01
8621	-7.154200e+01
8622	-7.332515e+01
8623	-7.485799e+01
8624	-7.143276e+01
8625	-7.141899e+01
8626	-7.291379e+01
8627	-7.376770e+01
8628	-7.486314e+01
8629	-7.358641e+01
8630	-7.509676e+01
8631	-7.541094e+01
8632	-7.180672e+01
8633	-7.721106e+01
8634	-7.112781e+01
8635	-7.803920e+01
8636	-7.233983e+01
8637	-6.879148e+01
8638	-7.191531e+01
8639	-7.314571e+01
8640	-6.894439e+01
8641	-7.160495e+01
8642	-7.589051e+01
8643	-7.402793e+01
8644	-7.211296e+01
8645	-7.113662e+01
8646	-7.114186e+01
8647	-7.387608e+01
8648	-6.885752e+01
8649	-7.385217e+01
8650	-7.236192e+01
8651	-7.344674e+01
8652	-7.712813e+01
8653	-7.477490e+01
8654	-7.371880e+01
8655	-7.179486e+01
8656	-7.460960e+01
8657	-7.540039e+01
8658	-7.545772e+01
8659	-7.122091e+01
8660	-7.347541e+01
8661	-7.271018e+01
8662	-7.245279e+01
8663	-7.305957e+01
8664	-7.560869e+01
8665	-7.343308e+01
8666	-7.050868e+01
8667	-7.262301e+01
8668	-7.355095e+01
8669	-7.344667e+01
8670	-6.795463e+01
8671	-7.796545e+01
8672	-7.505487e+01
8673	-7.454281e+01
8674	-7.365699e+01
8675	-7.542738e+01
8676	-7.211892e+01
8677	-7.347188e+01
8678	-7.260826e+01
8679	-7.287723e+01
8680	-7.525847e+01
8681	-7.499463e+01
8682	-7.266852e+01
8683	-7.506173e+01
8684	-7.312373e+01
8685	-7.555764e+01
8686	-7.004400e+01
8687	-7.667132e+01
8688	-7.263576e+01
8689	-7.284298e+01
8690	-7.244581e+01
8691	-7.257724e+01
8692	-7.656518e+01
8693	-7.059439e+01
8694	-7.004634e+01
8695	-7.441877e+01
8696	-7.408065e+01
8697	-7.325822e+01
8698	-7.142694e+01
8699	-7.061963e+01
8700	-7.140509e+01
8701	-7.520333e+01
8702	-7.530398e+01
8703	-7.697167e+01
8704	-7.486388e+01
8705	-7.585062e+01
8706	-7.534462e+01
8707	-7.085320e+01
8708	-7.292033e+01
8709	-7.134378e+01
8710	-7.456505e+01
8711	-7.293443e+01
8712	-6.989133e+01
8713	-7.004317e+01
8714	-7.535465e+01
8715	-7.516169e+01
8716	-7.316699e+01
8717	-7.379485e+01
8718	-7.141897e+01
8719	-7.332623e+01
8720	-7.157559e+01
8721	-7.579335e+01
8722	-7.221632e+01
8723	-7.209507e+01
8724	-7.099991e+01
8725	-7.467032e+01
8726	-7.399862e+01
8727	-7.142321e+01
8728	-7.548583e+01
8729	-7.468669e+01
8730	-7.365635e+01
8731	-7.531177e+01
8732	-7.465175e+01
8733	-7.416626e+01
8734	-6.979642e+01
8735	-7.419404e+01
8736	-7.515494e+01
8737	-7.186442e+01
8738	-7.226551e+01
8739	-7.330665e+01
8740	-7.738714e+01
8741	-7.545039e+01
8742	-7.223853e+01
8743	-7.598407e+01
8744	-7.626407e+01
8745	-7.208676e+01
8746	-7.129249e+01
8747	-7.253772e+01
8748	-7.353446e+01
8749	-7.202486e+01
8750	-7.219262e+01
8751	-7.561346e+01
8752	-7.578020e+01
8753	-7.341380e+01
8754	-7.383869e+01
8755	-7.543185e+01
8756	-7.309388e+01
8757	-7.333962e+01
8758	-7.236356e+01
8759	-7.660863e+01
8760	-7.263089e+01
8761	-6.975476e+01
8762	-7.495391e+01
8763	-6.872987e+01
8764	-7.354279e+01
8765	-7.271233e+01
8766	-7.196908e+01
8767	-7.368490e+01
8768	-7.335288e+01
8769	-7.271522e+01
8770	-7.469372e+01
8771	-7.488774e+01
8772	-7.547002e+01
8773	-6.962095e+01
8774	-7.474366e+01
8775	-7.098841e+01
8776	-7.359803e+01
8777	-7.515720e+01
8778	-7.336532e+01
8779	-7.454011e+01
8780	-7.020737e+01
8781	-7.114592e+01
8782	-7.117507e+01
8783	-7.460030e+01
8784	-7.117088e+01
8785	-7.699974e+01
8786	-7.203036e+01
8787	-7.547566e+01
8788	-7.541428e+01
8789	-7.361462e+01
8790	-7.589838e+01
8791	-7.233143e+01
8792	-7.341665e+01
8793	-7.445122e+01
8794	-7.605718e+01
8795	-7.266202e+01
8796	-7.319219e+01
8797	-7.302956e+01
8798	-7.459747e+01
8799	-7.186557e+01
8800	-7.222887e+01
8801	-7.435812e+01
8802	-7.181018e+01
8803	-7.579026e+01
8804	-7.518571e+01
8805	-7.265801e+01
8806	-7.295007e+01
8807	-7.204465e+01
8808	-7.353092e+01
8809	-7.280368e+01
8810	-7.588723e+01
8811	-7.550050e+01
8812	-7.234086e+01
8813	-7.507139e+01
8814	-7.343830e+01
8815	-7.344296e+01
8816	-7.717505e+01
8817	-7.393925e+01
8818	-7.406753e+01
8819	-7.764406e+01
8820	-7.153204e+01
8821	-7.193703e+01
8822	-7.447641e+01
8823	-7.016692e+01
8824	-7.508186e+01
8825	-7.169930e+01
8826	-7.112140e+01
8827	-7.193651e+01
8828	-7.226311e+01
8829	-7.259505e+01
8830	-7.571317e+01
8831	-7.180193e+01
8832	-7.558299e+01
8833	-7.001209e+01
8834	-7.267790e+01
8835	-7.168149e+01
8836	-7.148037e+01
8837	-7.416271e+01
8838	-7.360696e+01
8839	-7.530838e+01
8840	-7.575456e+01
8841	-7.507006e+01
8842	-7.413689e+01
8843	-7.133947e+01
8844	-7.396079e+01
8845	-7.420625e+01
8846	-7.583389e+01
8847	-7.083518e+01
8848	-7.544203e+01
8849	-7.035913e+01
8850	-7.042268e+01
8851	-7.704326e+01
8852	-7.159189e+01
8853	-7.330898e+01
8854	-7.330240e+01
8855	-7.509307e+01
8856	-7.283048e+01
8857	-7.141042e+01
8858	-7.653304e+01
8859	-7.537971e+01
8860	-7.148104e+01
8861	-7.524245e+01
8862	-7.181629e+01
8863	-7.339158e+01
8864	-7.151234e+01
8865	-7.628073e+01
8866	-7.358664e+01
8867	-7.682925e+01
8868	-7.479012e+01
8869	-7.240999e+01
8870	-7.561942e+01
8871	-7.310742e+01
8872	-7.346260e+01
8873	-7.565106e+01
8874	-7.065417e+01
8875	-7.180065e+01
8876	-7.533165e+01
8877	-7.834236e+01
8878	-7.132120e+01
8879	-7.557465e+01
8880	-7.455544e+01
8881	-7.131075e+01
8882	-7.350153e+01
8883	-7.324142e+01
8884	-7.188491e+01
8885	-7.268869e+01
8886	-7.706908e+01
8887	-7.340393e+01
8888	-7.148805e+01
8889	-7.337607e+01
8890	-7.469766e+01
8891	-7.413698e+01
8892	-7.487996e+01
8893	-6.854393e+01
8894	-7.319470e+01
8895	-7.284872e+01
8896	-7.111599e+01
8897	-7.438794e+01
8898	-7.265738e+01
8899	-7.091439e+01
8900	-7.183348e+01
8901	-7.210307e+01
8902	-7.221631e+01
8903	-7.401281e+01
8904	-7.469006e+01
8905	-7.484987e+01
8906	-7.413908e+01
8907	-7.467576e+01
8908	-7.560598e+01
8909	-7.180281e+01
8910	-7.409573e+01
8911	-6.736593e+01
8912	-7.220574e+01
8913	-7.373324e+01
8914	-6.924200e+01
8915	-7.506892e+01
8916	-7.129241e+01
8917	-7.546064e+01
8918	-7.092751e+01
8919	-7.359967e+01
8920	-7.241027e+01
8921	-7.373276e+01
8922	-7.694226e+01
8923	-7.278658e+01
8924	-7.383104e+01
8925	-7.118378e+01
8926	-7.225336e+01
8927	-7.601139e+01
8928	-7.355322e+01
8929	-7.252919e+01
8930	-7.314538e+01
8931	-7.256798e+01
8932	-7.463310e+01
8933	-7.338262e+01
8934	-7.548304e+01
8935	-7.254922e+01
8936	-7.567703e+01
8937	-7.394136e+01
8938	-7.582031e+01
8939	-6.990953e+01
8940	-7.511657e+01
8941	-7.343652e+01
8942	-7.188185e+01
8943	-7.400118e+01
8944	-7.043645e+01
8945	-7.577566e+01
8946	-7.752802e+01
8947	-7.349399e+01
8948	-7.304526e+01
8949	-7.092813e+01
8950	-7.547815e+01
8951	-7.342329e+01
8952	-7.392144e+01
8953	-7.185978e+01
8954	-7.585685e+01
8955	-7.474821e+01
8956	-7.533448e+01
8957	-7.166635e+01
8958	-7.718711e+01
8959	-7.293202e+01
8960	-7.529207e+01
8961	-7.532144e+01
8962	-7.200205e+01
8963	-7.153088e+01
8964	-7.149479e+01
8965	-7.429386e+01
8966	-7.144428e+01
8967	-7.139550e+01
8968	-7.348838e+01
8969	-7.331103e+01
8970	-7.162234e+01
8971	-7.214278e+01
8972	-7.334552e+01
8973	-6.858209e+01
8974	-7.611539e+01
8975	-7.246329e+01
8976	-7.442973e+01
8977	-7.371512e+01
8978	-7.457373e+01
8979	-7.041277e+01
8980	-7.314853e+01
8981	-7.370080e+01
8982	-7.549124e+01
8983	-7.198741e+01
8984	-7.494976e+01
8985	-7.167871e+01
8986	-6.765921e+01
8987	-7.391316e+01
8988	-7.172114e+01
8989	-7.092865e+01
8990	-7.503976e+01
8991	-7.289510e+01
8992	-7.343511e+01
8993	-7.608220e+01
8994	-7.433907e+01
8995	-7.040685e+01
8996	-7.375732e+01
8997	-7.284975e+01
8998	-7.652608e+01
8999	-8.169038e+01
9000	-7.641031e+01
9001	-7.146214e+01
9002	-7.524870e+01
9003	-7.513541e+01
9004	-7.189187e+01
9005	-7.511409e+01
9006	-7.321213e+01
9007	-7.145251e+01
9008	-7.390693e+01
9009	-7.487670e+01
9010	-7.588147e+01
9011	-6.900654e+01
9012	-7.206703e+01
9013	-7.369778e+01
9014	-7.101883e+01
9015	-7.235489e+01
9016	-7.185564e+01
9017	-7.396644e+01
9018	-7.178632e+01
9019	-7.455702e+01
9020	-7.667407e+01
9021	-7.067199e+01
9022	-7.321700e+01
9023	-7.308981e+01
9024	-7.209495e+01
9025	-7.221668e+01
9026	-7.124285e+01
9027	-7.470731e+01
9028	-7.240697e+01
9029	-7.247937e+01
9030	-7.353393e+01
9031	-7.455711e+01
9032	-7.259497e+01
9033	-7.426682e+01
9034	-7.190169e+01
9035	-7.262348e+01
9036	-7.284660e+01
9037	-7.362486e+01
9038	-7.324589e+01
9039	-7.344719e+01
9040	-7.530606e+01
9041	-7.674345e+01
9042	-7.365771e+01
9043	-7.483803e+01
9044	-7.195775e+01
9045	-7.657250e+01
9046	-7.184258e+01
9047	-7.724560e+01
9048	-7.266343e+01
9049	-7.304479e+01
9050	-7.550858e+01
9051	-7.301279e+01
9052	-7.218118e+01
9053	-7.260940e+01
9054	-7.319317e+01
9055	-7.607420e+01
9056	-7.517612e+01
9057	-7.331321e+01
9058	-7.445507e+01
9059	-7.441374e+01
9060	-7.377456e+01
9061	-7.285192e+01
9062	-7.481124e+01
9063	-7.194575e+01
9064	-7.495093e+01
9065	-7.672949e+01
9066	-7.202171e+01
9067	-7.513999e+01
9068	-7.528139e+01
9069	-7.569715e+01
9070	-7.187930e+01
9071	-7.129066e+01
9072	-7.086482e+01
9073	-7.394009e+01
9074	-7.595055e+01
9075	-6.973262e+01
9076	-7.248058e+01
9077	-7.174820e+01
9078	-7.253547e+01
9079	-7.324210e+01
9080	-7.590524e+01
9081	-7.268790e+01
9082	-7.528681e+01
9083	-7.396575e+01
9084	-7.089545e+01
9085	-7.567250e+01
9086	-7.318022e+01
9087	-7.380202e+01
9088	-7.444430e+01
9089	-7.404417e+01
9090	-7.429715e+01
9091	-7.264923e+01
9092	-7.117731e+01
9093	-7.192690e+01
9094	-7.452479e+01
9095	-7.517179e+01
9096	-7.421066e+01
9097	-7.358168e+01
9098	-7.498965e+01
9099	-6.977127e+01
9100	-7.383680e+01
9101	-7.263128e+01
9102	-7.314687e+01
9103	-7.327053e+01
9104	-7.660223e+01
9105	-7.129969e+01
9106	-7.496276e+01
9107	-6.888993e+01
9108	-7.276743e+01
9109	-6.799195e+01
9110	-7.186185e+01
9111	-7.785368e+01
9112	-7.210578e+01
9113	-7.521510e+01
9114	-7.226247e+01
9115	-7.405351e+01
9116	-7.466894e+01
9117	-7.188304e+01
9118	-7.371097e+01
9119	-7.306558e+01
9120	-7.843494e+01
9121	-7.171032e+01
9122	-7.668835e+01
9123	-7.517984e+01
9124	-7.061361e+01
9125	-7.261822e+01
9126	-7.377532e+01
9127	-7.412929e+01
9128	-7.479421e+01
9129	-7.549079e+01
9130	-7.465123e+01
9131	-7.813114e+01
9132	-7.461230e+01
9133	-7.362397e+01
9134	-7.506525e+01
9135	-7.228444e+01
9136	-7.078706e+01
9137	-7.121844e+01
9138	-7.375524e+01
9139	-7.751976e+01
9140	-7.276241e+01
9141	-7.367568e+01
9142	-7.299256e+01
9143	-7.053847e+01
9144	-7.217646e+01
9145	-6.914996e+01
9146	-7.124496e+01
9147	-7.302848e+01
9148	-7.237605e+01
9149	-7.151121e+01
9150	-7.412306e+01
9151	-7.190265e+01
9152	-7.187425e+01
9153	-7.202319e+01
9154	-7.167575e+01
9155	-7.695329e+01
9156	-7.492002e+01
9157	-7.413078e+01
9158	-7.333502e+01
9159	-7.251111e+01
9160	-7.213979e+01
9161	-7.455322e+01
9162	-7.113501e+01
9163	-7.396090e+01
9164	-7.585303e+01
9165	-7.054035e+01
9166	-7.213895e+01
9167	-7.415516e+01
9168	-7.575978e+01
9169	-7.177345e+01
9170	-7.417592e+01
9171	-7.312513e+01
9172	-7.337895e+01
9173	-7.110329e+01
9174	-7.395805e+01
9175	-7.009667e+01
9176	-7.432512e+01
9177	-7.521670e+01
9178	-7.512197e+01
9179	-7.399375e+01
9180	-7.716170e+01
9181	-7.644159e+01
9182	-7.149762e+01
9183	-7.346980e+01
9184	-7.388938e+01
9185	-7.498202e+01
9186	-6.986300e+01
9187	-7.073933e+01
9188	-7.032986e+01
9189	-7.189777e+01
9190	-7.394382e+01
9191	-7.646397e+01
9192	-7.158673e+01
9193	-7.344579e+01
9194	-7.015522e+01
9195	-7.000943e+01
9196	-7.315649e+01
9197	-7.032505e+01
9198	-7.570666e+01
9199	-7.508748e+01
9200	-7.457701e+01
9201	-7.305128e+01
9202	-7.329666e+01
9203	-7.611597e+01
9204	-7.346444e+01
9205	-7.572541e+01
9206	-7.169673e+01
9207	-7.394434e+01
9208	-7.685644e+01
9209	-7.173884e+01
9210	-7.523049e+01
9211	-7.012986e+01
9212	-7.404751e+01
9213	-7.644823e+01
9214	-7.104308e+01
9215	-7.318456e+01
9216	-7.305540e+01
9217	-7.542535e+01
9218	-6.737782e+01
9219	-7.566030e+01
9220	-7.239530e+01
9221	-7.650423e+01
9222	-7.162278e+01
9223	-7.465003e+01
9224	-7.390620e+01
9225	-7.317902e+01
9226	-7.594954e+01
9227	-6.966819e+01
9228	-7.376130e+01
9229	-7.091739e+01
9230	-7.451152e+01
9231	-7.381850e+01
9232	-7.238273e+01
9233	-7.528609e+01
9234	-7.187979e+01
9235	-6.928158e+01
9236	-7.034329e+01
9237	-7.270848e+01
9238	-7.403368e+01
9239	-7.360520e+01
9240	-7.526929e+01
9241	-7.435743e+01
9242	-7.437407e+01
9243	-7.337237e+01
9244	-7.340740e+01
9245	-7.163070e+01
9246	-7.092109e+01
9247	-7.245784e+01
9248	-7.411500e+01
9249	-7.126376e+01
9250	-7.132517e+01
9251	-7.574345e+01
9252	-7.399571e+01
9253	-7.589058e+01
9254	-7.291698e+01
9255	-7.346273e+01
9256	-7.252762e+01
9257	-7.499490e+01
9258	-7.288615e+01
9259	-7.263021e+01
9260	-7.298520e+01
9261	-7.216635e+01
9262	-7.229568e+01
9263	-7.123931e+01
9264	-7.139998e+01
9265	-7.410103e+01
9266	-7.549508e+01
9267	-7.368428e+01
9268	-7.330264e+01
9269	-7.364312e+01
9270	-7.233134e+01
9271	-7.179741e+01
9272	-7.672879e+01
9273	-7.305284e+01
9274	-7.068633e+01
9275	-7.393628e+01
9276	-7.090856e+01
9277	-7.312466e+01
9278	-7.163491e+01
9279	-7.532778e+01
9280	-7.510100e+01
9281	-7.895520e+01
9282	-6.926742e+01
9283	-7.558985e+01
9284	-7.301341e+01
9285	-7.162183e+01
9286	-7.007198e+01
9287	-6.954486e+01
9288	-7.441772e+01
9289	-7.054773e+01
9290	-7.278606e+01
9291	-7.190330e+01
9292	-7.291614e+01
9293	-7.374169e+01
9294	-7.534197e+01
9295	-7.358738e+01
9296	-6.813348e+01
9297	-7.465209e+01
9298	-7.541040e+01
9299	-7.042044e+01
9300	-7.262737e+01
9301	-7.268423e+01
9302	-7.340096e+01
9303	-7.185237e+01
9304	-7.492915e+01
9305	-7.401061e+01
9306	-7.546088e+01
9307	-7.853920e+01
9308	-7.393543e+01
9309	-7.557805e+01
9310	-7.327046e+01
9311	-7.437150e+01
9312	-7.491568e+01
9313	-7.247870e+01
9314	-7.331970e+01
9315	-7.242162e+01
9316	-7.300189e+01
9317	-7.227265e+01
9318	-7.534907e+01
9319	-7.173249e+01
9320	-7.070079e+01
9321	-7.459574e+01
9322	-7.363581e+01
9323	-7.392708e+01
9324	-7.038904e+01
9325	-7.473829e+01
9326	-7.337336e+01
9327	-7.525919e+01
9328	-7.397756e+01
9329	-7.443185e+01
9330	-6.948545e+01
9331	-7.677406e+01
9332	-7.064783e+01
9333	-7.112955e+01
9334	-7.304777e+01
9335	-7.505525e+01
9336	-7.071961e+01
9337	-7.507819e+01
9338	-7.534041e+01
9339	-7.818410e+01
9340	-7.611609e+01
9341	-7.090963e+01
9342	-7.439260e+01
9343	-7.394712e+01
9344	-7.582587e+01
9345	-7.387663e+01
9346	-7.073920e+01
9347	-7.286388e+01
9348	-7.406431e+01
9349	-7.250608e+01
9350	-7.588968e+01
9351	-6.928179e+01
9352	-7.259077e+01
9353	-7.602416e+01
9354	-7.140050e+01
9355	-7.407357e+01
9356	-7.635126e+01
9357	-7.232348e+01
9358	-7.549053e+01
9359	-7.409549e+01
9360	-7.284982e+01
9361	-7.134824e+01
9362	-7.333174e+01
9363	-7.074581e+01
9364	-7.140413e+01
9365	-7.559623e+01
9366	-7.465598e+01
9367	-7.208972e+01
9368	-7.202769e+01
9369	-7.494586e+01
9370	-7.176238e+01
9371	-7.668826e+01
9372	-7.209872e+01
9373	-7.240062e+01
9374	-7.000336e+01
9375	-7.155269e+01
9376	-7.155593e+01
9377	-7.001860e+01
9378	-7.283641e+01
9379	-7.070825e+01
9380	-7.409418e+01
9381	-7.605478e+01
9382	-7.373997e+01
9383	-7.244293e+01
9384	-7.317656e+01
9385	-7.660118e+01
9386	-7.179636e+01
9387	-7.359524e+01
9388	-7.041564e+01
9389	-7.516556e+01
9390	-7.141553e+01
9391	-7.273657e+01
9392	-7.611121e+01
9393	-7.240679e+01
9394	-7.050942e+01
9395	-7.032238e+01
9396	-7.263497e+01
9397	-7.007146e+01
9398	-7.425188e+01
9399	-7.162245e+01
9400	-7.476431e+01
9401	-7.358360e+01
9402	-7.464823e+01
9403	-7.667477e+01
9404	-7.479270e+01
9405	-7.381706e+01
9406	-7.408001e+01
9407	-7.049572e+01
9408	-7.333041e+01
9409	-7.229922e+01
9410	-7.046348e+01
9411	-7.492930e+01
9412	-7.338569e+01
9413	-7.141216e+01
9414	-7.554190e+01
9415	-7.096846e+01
9416	-7.232605e+01
9417	-7.161103e+01
9418	-7.455069e+01
9419	-7.596867e+01
9420	-7.553292e+01
9421	-7.086045e+01
9422	-7.284115e+01
9423	-7.594050e+01
9424	-7.633970e+01
9425	-7.395746e+01
9426	-7.114609e+01
9427	-7.378082e+01
9428	-7.245764e+01
9429	-7.364998e+01
9430	-7.579108e+01
9431	-7.479107e+01
9432	-7.092595e+01
9433	-7.316743e+01
9434	-7.316471e+01
9435	-7.342020e+01
9436	-7.334431e+01
9437	-7.110181e+01
9438	-7.458198e+01
9439	-7.041212e+01
9440	-7.410895e+01
9441	-7.610788e+01
9442	-7.007329e+01
9443	-7.306774e+01
9444	-6.922502e+01
9445	-7.020897e+01
9446	-7.408760e+01
9447	-7.507221e+01
9448	-7.174286e+01
9449	-7.292446e+01
9450	-7.197502e+01
9451	-7.267149e+01
9452	-7.313090e+01
9453	-7.689350e+01
9454	-7.238778e+01
9455	-7.193599e+01
9456	-7.696486e+01
9457	-7.489406e+01
9458	-7.398958e+01
9459	-7.499393e+01
9460	-7.364849e+01
9461	-7.266401e+01
9462	-7.300560e+01
9463	-7.539392e+01
9464	-7.271274e+01
9465	-7.292699e+01
9466	-7.273358e+01
9467	-7.234662e+01
9468	-7.458570e+01
9469	-7.526652e+01
9470	-7.357977e+01
9471	-7.382113e+01
9472	-7.583146e+01
9473	-7.432366e+01
9474	-7.337390e+01
9475	-7.353887e+01
9476	-7.323873e+01
9477	-7.466665e+01
9478	-7.155981e+01
9479	-7.079916e+01
9480	-7.280923e+01
9481	-7.393604e+01
9482	-7.538290e+01
9483	-7.158433e+01
9484	-7.270293e+01
9485	-7.141963e+01
9486	-7.119196e+01
9487	-7.271117e+01
9488	-7.039632e+01
9489	-7.418485e+01
9490	-7.152061e+01
9491	-7.444325e+01
9492	-7.091227e+01
9493	-7.247714e+01
9494	-7.507898e+01
9495	-7.483806e+01
9496	-7.217788e+01
9497	-7.102898e+01
9498	-7.308724e+01
9499	-6.906438e+01
9500	-7.293676e+01
9501	-7.230639e+01
9502	-7.258951e+01
9503	-7.350082e+01
9504	-7.366655e+01
9505	-7.637580e+01
9506	-7.439774e+01
9507	-7.172049e+01
9508	-7.791247e+01
9509	-7.066497e+01
9510	-7.215785e+01
9511	-7.006497e+01
9512	-7.417760e+01
9513	-7.482326e+01
9514	-7.247848e+01
9515	-7.177253e+01
9516	-7.246777e+01
9517	-7.426814e+01
9518	-7.511705e+01
9519	-7.000241e+01
9520	-7.606006e+01
9521	-7.507324e+01
9522	-6.940037e+01
9523	-7.105389e+01
9524	-7.179822e+01
9525	-7.085503e+01
9526	-7.209100e+01
9527	-7.203424e+01
9528	-7.057775e+01
9529	-7.189023e+01
9530	-7.661683e+01
9531	-7.231581e+01
9532	-6.960852e+01
9533	-7.406507e+01
9534	-7.587884e+01
9535	-7.372418e+01
9536	-7.334917e+01
9537	-7.238847e+01
9538	-7.276905e+01
9539	-7.254370e+01
9540	-7.364576e+01
9541	-7.663443e+01
9542	-7.496914e+01
9543	-7.559936e+01
9544	-7.425044e+01
9545	-7.112696e+01
9546	-7.318662e+01
9547	-7.509360e+01
9548	-7.381607e+01
9549	-7.506744e+01
9550	-7.155949e+01
9551	-7.265461e+01
9552	-7.352507e+01
9553	-7.313602e+01
9554	-7.520410e+01
9555	-7.073255e+01
9556	-7.396505e+01
9557	-7.502978e+01
9558	-7.156450e+01
9559	-7.175517e+01
9560	-7.284071e+01
9561	-7.578497e+01
9562	-6.965643e+01
9563	-7.232721e+01
9564	-7.209374e+01
9565	-7.548295e+01
9566	-7.551826e+01
9567	-7.366104e+01
9568	-7.160480e+01
9569	-7.410360e+01
9570	-7.380643e+01
9571	-7.160221e+01
9572	-7.021382e+01
9573	-7.452861e+01
9574	-7.078138e+01
9575	-7.315935e+01
9576	-7.503465e+01
9577	-7.077323e+01
9578	-7.117631e+01
9579	-7.228155e+01
9580	-7.440120e+01
9581	-7.101309e+01
9582	-7.313242e+01
9583	-7.505023e+01
9584	-7.415035e+01
9585	-7.491023e+01
9586	-7.316692e+01
9587	-7.349325e+01
9588	-7.315307e+01
9589	-7.282508e+01
9590	-7.192829e+01
9591	-7.381209e+01
9592	-7.265570e+01
9593	-7.350498e+01
9594	-7.424922e+01
9595	-7.146216e+01
9596	-7.203362e+01
9597	-7.613259e+01
9598	-7.160234e+01
9599	-7.470347e+01
9600	-7.357622e+01
9601	-7.241629e+01
9602	-7.075511e+01
9603	-7.378752e+01
9604	-7.230336e+01
9605	-7.488667e+01
9606	-7.566643e+01
9607	-7.302618e+01
9608	-7.411996e+01
9609	-7.434611e+01
9610	-7.034293e+01
9611	-7.556743e+01
9612	-7.335582e+01
9613	-7.378752e+01
9614	-7.257180e+01
9615	-7.094490e+01
9616	-7.433738e+01
9617	-7.215177e+01
9618	-7.581296e+01
9619	-7.255114e+01
9620	-7.275199e+01
9621	-7.637467e+01
9622	-7.029263e+01
9623	-7.536422e+01
9624	-7.193312e+01
9625	-7.682775e+01
9626	-7.176865e+01
9627	-7.345409e+01
9628	-7.293421e+01
9629	-7.395049e+01
9630	-7.375955e+01
9631	-7.002420e+01
9632	-7.428396e+01
9633	-7.271521e+01
9634	-7.269591e+01
9635	-7.691360e+01
9636	-7.307830e+01
9637	-7.399645e+01
9638	-7.248683e+01
9639	-7.224061e+01
9640	-7.216191e+01
9641	-7.468326e+01
9642	-7.789658e+01
9643	-7.066308e+01
9644	-7.207457e+01
9645	-7.473662e+01
9646	-7.450511e+01
9647	-7.480250e+01
9648	-7.391516e+01
9649	-6.588372e+01
9650	-7.203515e+01
9651	-7.475951e+01
9652	-6.966182e+01
9653	-7.201597e+01
9654	-7.349927e+01
9655	-7.422107e+01
9656	-7.414445e+01
9657	-7.255096e+01
9658	-7.275179e+01
9659	-7.361234e+01
9660	-7.301444e+01
9661	-7.304814e+01
9662	-7.794333e+01
9663	-7.007808e+01
9664	-7.314521e+01
9665	-7.214683e+01
9666	-7.362554e+01
9667	-7.076852e+01
9668	-7.362557e+01
9669	-7.481424e+01
9670	-7.252046e+01
9671	-7.213201e+01
9672	-7.686288e+01
9673	-7.012659e+01
9674	-7.366349e+01
9675	-7.091837e+01
9676	-7.092671e+01
9677	-7.319795e+01
9678	-7.305662e+01
9679	-7.468416e+01
9680	-7.206896e+01
9681	-7.457401e+01
9682	-7.330209e+01
9683	-7.211290e+01
9684	-7.429336e+01
9685	-7.534630e+01
9686	-7.912125e+01
9687	-7.219663e+01
9688	-7.350522e+01
9689	-7.460326e+01
9690	-7.188204e+01
9691	-7.438578e+01
9692	-7.150030e+01
9693	-7.047962e+01
9694	-7.785209e+01
9695	-7.271061e+01
9696	-6.765184e+01
9697	-7.527093e+01
9698	-7.865767e+01
9699	-7.368124e+01
9700	-7.099118e+01
9701	-7.442932e+01
9702	-7.447264e+01
9703	-7.311206e+01
9704	-7.206929e+01
9705	-7.692579e+01
9706	-7.660805e+01
9707	-7.367559e+01
9708	-7.495291e+01
9709	-7.490409e+01
9710	-7.325508e+01
9711	-7.580141e+01
9712	-7.442229e+01
9713	-7.103061e+01
9714	-7.118344e+01
9715	-7.249773e+01
9716	-7.255514e+01
9717	-7.457675e+01
9718	-7.265341e+01
9719	-7.407870e+01
9720	-7.303340e+01
9721	-7.384173e+01
9722	-6.983694e+01
9723	-6.971447e+01
9724	-7.470081e+01
9725	-7.274182e+01
9726	-7.124399e+01
9727	-7.426670e+01
9728	-7.339617e+01
9729	-7.584769e+01
9730	-7.289761e+01
9731	-7.487772e+01
9732	-7.176131e+01
9733	-7.200091e+01
9734	-7.244450e+01
9735	-7.717167e+01
9736	-7.230985e+01
9737	-7.363724e+01
9738	-7.271536e+01
9739	-7.220077e+01
9740	-7.210453e+01
9741	-7.064588e+01
9742	-7.453156e+01
9743	-6.992804e+01
9744	-7.093143e+01
9745	-7.401856e+01
9746	-7.490245e+01
9747	-7.436658e+01
9748	-7.341803e+01
9749	-7.262845e+01
9750	-7.278853e+01
9751	-7.575885e+01
9752	-7.183712e+01
9753	-7.277863e+01
9754	-7.425846e+01
9755	-7.367443e+01
9756	-7.513418e+01
9757	-7.156509e+01
9758	-7.280948e+01
9759	-7.258067e+01
9760	-6.961420e+01
9761	-7.132276e+01
9762	-7.464003e+01
9763	-7.215778e+01
9764	-7.413528e+01
9765	-7.249129e+01
9766	-6.960567e+01
9767	-7.246886e+01
9768	-7.260240e+01
9769	-7.066317e+01
9770	-7.249255e+01
9771	-7.170044e+01
9772	-7.104889e+01
9773	-7.667878e+01
9774	-7.554548e+01
9775	-7.506804e+01
9776	-7.521232e+01
9777	-7.289537e+01
9778	-7.158242e+01
9779	-7.756125e+01
9780	-7.306895e+01
9781	-7.221826e+01
9782	-7.429149e+01
9783	-7.537314e+01
9784	-7.207223e+01
9785	-7.353988e+01
9786	-7.092145e+01
9787	-7.553774e+01
9788	-7.212871e+01
9789	-7.322816e+01
9790	-7.259886e+01
9791	-7.287635e+01
9792	-7.705985e+01
9793	-7.293325e+01
9794	-7.152544e+01
9795	-7.149542e+01
9796	-7.331816e+01
9797	-7.303936e+01
9798	-7.397517e+01
9799	-7.787554e+01
9800	-7.352331e+01
9801	-7.408636e+01
9802	-7.688533e+01
9803	-7.294684e+01
9804	-7.639393e+01
9805	-7.576738e+01
9806	-7.495520e+01
9807	-7.214766e+01
9808	-7.144081e+01
9809	-7.553186e+01
9810	-7.227693e+01
9811	-7.245517e+01
9812	-7.612863e+01
9813	-7.348990e+01
9814	-7.215584e+01
9815	-7.134089e+01
9816	-7.402049e+01
9817	-7.370901e+01
9818	-7.493951e+01
9819	-7.445815e+01
9820	-7.085848e+01
9821	-7.322980e+01
9822	-7.380651e+01
9823	-7.656169e+01
9824	-7.338801e+01
9825	-7.505610e+01
9826	-7.334185e+01
9827	-7.095927e+01
9828	-7.160347e+01
9829	-7.105803e+01
9830	-6.849790e+01
9831	-7.296888e+01
9832	-7.655382e+01
9833	-7.512743e+01
9834	-7.351513e+01
9835	-7.375938e+01
9836	-6.974093e+01
9837	-7.547654e+01
9838	-7.200931e+01
9839	-6.939234e+01
9840	-7.336840e+01
9841	-7.280823e+01
9842	-7.197523e+01
9843	-7.215954e+01
9844	-7.398491e+01
9845	-7.444411e+01
9846	-7.386212e+01
9847	-7.251715e+01
9848	-7.376917e+01
9849	-7.485258e+01
9850	-7.674019e+01
9851	-7.686409e+01
9852	-7.412179e+01
9853	-7.318914e+01
9854	-7.132690e+01
9855	-7.252838e+01
9856	-7.158422e+01
9857	-7.590163e+01
9858	-7.365527e+01
9859	-7.254051e+01
9860	-7.113820e+01
9861	-7.426245e+01
9862	-6.942370e+01
9863	-7.460991e+01
9864	-7.158884e+01
9865	-7.266963e+01
9866	-7.634326e+01
9867	-7.282475e+01
9868	-7.517675e+01
9869	-7.521457e+01
9870	-7.372941e+01
9871	-7.271235e+01
9872	-7.539034e+01
9873	-7.323157e+01
9874	-7.321178e+01
9875	-7.354930e+01
9876	-7.337249e+01
9877	-7.168040e+01
9878	-7.452719e+01
9879	-7.632356e+01
9880	-7.415410e+01
9881	-7.576845e+01
9882	-7.490852e+01
9883	-7.413257e+01
9884	-7.091608e+01
9885	-7.092314e+01
9886	-7.502806e+01
9887	-7.426068e+01
9888	-7.281768e+01
9889	-7.616943e+01
9890	-6.855972e+01
9891	-7.399523e+01
9892	-7.642689e+01
9893	-7.574102e+01
9894	-7.305404e+01
9895	-7.273799e+01
9896	-7.052559e+01
9897	-7.057060e+01
9898	-7.032413e+01
9899	-7.306432e+01
9900	-7.282060e+01
9901	-7.185907e+01
9902	-7.387509e+01
9903	-7.167567e+01
9904	-7.140874e+01
9905	-7.545356e+01
9906	-7.273901e+01
9907	-7.428205e+01
9908	-7.274352e+01
9909	-7.471701e+01
9910	-7.541501e+01
9911	-7.255028e+01
9912	-7.496114e+01
9913	-7.402875e+01
9914	-7.302319e+01
9915	-7.637930e+01
9916	-7.603594e+01
9917	-7.198932e+01
9918	-7.459401e+01
9919	-7.490684e+01
9920	-7.439007e+01
9921	-7.193592e+01
9922	-7.065202e+01
9923	-7.580655e+01
9924	-7.051470e+01
9925	-7.359144e+01
9926	-7.130465e+01
9927	-7.609050e+01
9928	-7.403807e+01
9929	-7.288830e+01
9930	-7.257411e+01
9931	-7.480668e+01
9932	-7.473789e+01
9933	-7.094751e+01
9934	-7.287463e+01
9935	-7.395626e+01
9936	-7.539880e+01
9937	-7.518379e+01
9938	-7.557381e+01
9939	-7.353520e+01
9940	-7.442311e+01
9941	-7.554478e+01
9942	-7.044964e+01
9943	-7.246490e+01
9944	-7.401062e+01
9945	-7.298736e+01
9946	-7.341689e+01
9947	-7.231734e+01
9948	-6.907056e+01
9949	-7.397906e+01
9950	-7.531072e+01
9951	-7.370835e+01
9952	-7.379740e+01
9953	-7.229481e+01
9954	-7.659757e+01
9955	-7.186033e+01
9956	-7.315588e+01
9957	-7.288604e+01
9958	-7.542077e+01
9959	-7.324923e+01
9960	-7.538117e+01
9961	-7.340327e+01
9962	-7.657669e+01
9963	-7.767187e+01
9964	-7.615393e+01
9965	-7.264356e+01
9966	-7.305629e+01
9967	-7.246585e+01
9968	-7.124569e+01
9969	-7.140687e+01
9970	-7.243612e+01
9971	-7.415616e+01
9972	-7.143613e+01
9973	-7.057464e+01
9974	-7.282278e+01
9975	-7.597501e+01
9976	-7.600855e+01
9977	-7.490895e+01
9978	-7.140415e+01
9979	-7.369652e+01
9980	-7.450430e+01
9981	-7.462265e+01
9982	-7.419739e+01
9983	-7.405958e+01
9984	-7.495076e+01
9985	-7.236083e+01
9986	-7.128295e+01
9987	-7.144886e+01
9988	-7.465670e+01
9989	-7.400071e+01
9990	-7.192101e+01
9991	-7.070051e+01
9992	-7.708424e+01
9993	-7.290693e+01
9994	-7.368916e+01
9995	-6.973651e+01
9996	-7.194353e+01
9997	-7.246945e+01
9998	-7.303553e+01
9999	-7.488253e+01
10000	-7.408249e+01
