iteration	loss
0	0.000000e+00
1	-1.059699e+01
2	-2.072646e+01
3	-2.742798e+01
4	-3.407388e+01
5	-4.033151e+01
6	-4.345614e+01
7	-4.787335e+01
8	-5.162189e+01
9	-5.474630e+01
10	-5.822558e+01
11	-5.904413e+01
12	-6.321409e+01
13	-6.443301e+01
14	-6.575420e+01
15	-6.405900e+01
16	-6.739647e+01
17	-6.877277e+01
18	-6.830046e+01
19	-6.981349e+01
20	-6.760120e+01
21	-7.170738e+01
22	-6.620750e+01
23	-7.331025e+01
24	-7.118702e+01
25	-7.015319e+01
26	-6.976144e+01
27	-6.781196e+01
28	-7.156686e+01
29	-6.965584e+01
30	-7.120828e+01
31	-7.188778e+01
32	-7.150097e+01
33	-6.941035e+01
34	-6.833076e+01
35	-7.309135e+01
36	-7.223348e+01
37	-6.889837e+01
38	-7.073824e+01
39	-7.324451e+01
40	-7.074094e+01
41	-7.008297e+01
42	-7.370788e+01
43	-7.371905e+01
44	-7.194097e+01
45	-7.173258e+01
46	-7.112972e+01
47	-7.222751e+01
48	-7.161199e+01
49	-7.216118e+01
50	-7.301674e+01
51	-7.660872e+01
52	-7.486236e+01
53	-7.452580e+01
54	-7.346791e+01
55	-7.259968e+01
56	-7.632697e+01
57	-7.276262e+01
58	-7.251311e+01
59	-7.206272e+01
60	-7.245566e+01
61	-7.445130e+01
62	-7.396141e+01
63	-7.576300e+01
64	-7.608061e+01
65	-6.919861e+01
66	-7.225323e+01
67	-6.916622e+01
68	-7.114096e+01
69	-7.121067e+01
70	-7.435967e+01
71	-7.396312e+01
72	-7.163942e+01
73	-7.218602e+01
74	-7.288373e+01
75	-7.415508e+01
76	-7.562894e+01
77	-7.191725e+01
78	-7.279500e+01
79	-7.280602e+01
80	-7.526121e+01
81	-7.368832e+01
82	-7.369059e+01
83	-7.057202e+01
84	-7.763971e+01
85	-7.036619e+01
86	-7.148794e+01
87	-7.379854e+01
88	-6.996537e+01
89	-7.218362e+01
90	-6.928696e+01
91	-7.753335e+01
92	-7.279518e+01
93	-7.059938e+01
94	-7.161739e+01
95	-7.462807e+01
96	-6.955944e+01
97	-7.088730e+01
98	-7.254602e+01
99	-7.523302e+01
100	-7.005796e+01
101	-7.172741e+01
102	-7.816107e+01
103	-7.348367e+01
104	-7.556316e+01
105	-7.134903e+01
106	-7.241587e+01
107	-7.204059e+01
108	-7.038499e+01
109	-7.500806e+01
110	-7.409852e+01
111	-7.553228e+01
112	-6.784799e+01
113	-7.315511e+01
114	-7.317171e+01
115	-7.282046e+01
116	-7.543126e+01
117	-7.250905e+01
118	-7.243632e+01
119	-7.396991e+01
120	-7.935854e+01
121	-6.963482e+01
122	-7.412862e+01
123	-7.693821e+01
124	-7.111839e+01
125	-7.269087e+01
126	-7.446130e+01
127	-7.180845e+01
128	-7.391339e+01
129	-7.382680e+01
130	-7.372048e+01
131	-7.331756e+01
132	-7.196517e+01
133	-7.400588e+01
134	-7.074345e+01
135	-7.488217e+01
136	-7.131471e+01
137	-6.923434e+01
138	-7.443660e+01
139	-7.638616e+01
140	-7.294414e+01
141	-7.429764e+01
142	-7.016155e+01
143	-6.934671e+01
144	-7.493756e+01
145	-7.252658e+01
146	-7.311420e+01
147	-7.468583e+01
148	-7.462079e+01
149	-7.723575e+01
150	-7.440961e+01
151	-7.525929e+01
152	-7.527416e+01
153	-7.388514e+01
154	-7.599884e+01
155	-7.543557e+01
156	-7.883779e+01
157	-7.123347e+01
158	-7.702146e+01
159	-7.732868e+01
160	-7.266462e+01
161	-7.511290e+01
162	-6.999805e+01
163	-7.481557e+01
164	-7.212259e+01
165	-7.664492e+01
166	-7.115030e+01
167	-7.333510e+01
168	-7.012162e+01
169	-7.477214e+01
170	-7.089680e+01
171	-7.153684e+01
172	-7.147987e+01
173	-7.172612e+01
174	-6.870218e+01
175	-7.400831e+01
176	-7.504846e+01
177	-7.235690e+01
178	-7.265181e+01
179	-7.315667e+01
180	-7.375755e+01
181	-7.395194e+01
182	-7.048096e+01
183	-7.415844e+01
184	-7.432572e+01
185	-7.213495e+01
186	-7.298974e+01
187	-7.216499e+01
188	-7.891459e+01
189	-7.352680e+01
190	-7.418105e+01
191	-7.235832e+01
192	-7.388066e+01
193	-7.170314e+01
194	-7.323414e+01
195	-7.687074e+01
196	-7.046471e+01
197	-7.436783e+01
198	-7.186573e+01
199	-7.286652e+01
200	-7.230558e+01
201	-7.280368e+01
202	-7.847476e+01
203	-7.467371e+01
204	-7.157263e+01
205	-7.154297e+01
206	-7.431528e+01
207	-7.600052e+01
208	-7.720362e+01
209	-7.292423e+01
210	-7.105971e+01
211	-7.090588e+01
212	-7.457191e+01
213	-7.662064e+01
214	-7.197043e+01
215	-7.444715e+01
216	-6.991044e+01
217	-7.625963e+01
218	-7.378880e+01
219	-7.350286e+01
220	-7.325046e+01
221	-7.400784e+01
222	-7.236036e+01
223	-7.411344e+01
224	-7.356798e+01
225	-7.253687e+01
226	-7.119934e+01
227	-7.222007e+01
228	-7.337252e+01
229	-7.294985e+01
230	-7.497733e+01
231	-7.440765e+01
232	-7.439586e+01
233	-7.529673e+01
234	-7.040207e+01
235	-7.078203e+01
236	-7.400128e+01
237	-6.908320e+01
238	-7.249403e+01
239	-7.409630e+01
240	-7.632143e+01
241	-7.342410e+01
242	-7.448677e+01
243	-7.193806e+01
244	-7.415483e+01
245	-6.993834e+01
246	-7.521532e+01
247	-7.893509e+01
248	-7.186928e+01
249	-7.324826e+01
250	-7.504627e+01
251	-7.066282e+01
252	-7.263630e+01
253	-7.485034e+01
254	-7.315422e+01
255	-7.685958e+01
256	-7.202215e+01
257	-7.502883e+01
258	-7.130099e+01
259	-7.532367e+01
260	-7.769923e+01
261	-7.627282e+01
262	-7.286533e+01
263	-6.993829e+01
264	-7.289561e+01
265	-7.231506e+01
266	-7.474006e+01
267	-7.239954e+01
268	-7.618271e+01
269	-7.159211e+01
270	-7.309238e+01
271	-7.178459e+01
272	-7.633299e+01
273	-7.315700e+01
274	-7.095389e+01
275	-7.296941e+01
276	-7.303979e+01
277	-7.378336e+01
278	-7.020236e+01
279	-6.972791e+01
280	-7.289287e+01
281	-7.435599e+01
282	-7.547886e+01
283	-7.266089e+01
284	-7.060475e+01
285	-7.062307e+01
286	-7.450271e+01
287	-7.242341e+01
288	-7.296432e+01
289	-7.344721e+01
290	-7.295357e+01
291	-7.333562e+01
292	-7.387331e+01
293	-7.283866e+01
294	-7.288942e+01
295	-7.325134e+01
296	-7.241587e+01
297	-7.523576e+01
298	-7.677471e+01
299	-7.244039e+01
300	-7.192117e+01
301	-7.568637e+01
302	-7.356811e+01
303	-7.206938e+01
304	-7.262614e+01
305	-7.110628e+01
306	-7.059682e+01
307	-7.262133e+01
308	-7.429396e+01
309	-7.571015e+01
310	-7.282248e+01
311	-7.192154e+01
312	-7.397587e+01
313	-7.470066e+01
314	-7.415982e+01
315	-7.137907e+01
316	-7.754883e+01
317	-7.371786e+01
318	-7.390864e+01
319	-7.458633e+01
320	-7.532703e+01
321	-7.805970e+01
322	-7.366524e+01
323	-7.296822e+01
324	-7.265317e+01
325	-7.528786e+01
326	-7.482810e+01
327	-7.176966e+01
328	-7.310156e+01
329	-7.038771e+01
330	-7.187361e+01
331	-7.176340e+01
332	-7.246465e+01
333	-7.246727e+01
334	-7.178859e+01
335	-7.248194e+01
336	-7.417916e+01
337	-7.685021e+01
338	-7.626173e+01
339	-7.438475e+01
340	-7.153987e+01
341	-7.108962e+01
342	-7.432907e+01
343	-7.005118e+01
344	-7.379770e+01
345	-7.688725e+01
346	-7.247783e+01
347	-7.282365e+01
348	-7.270387e+01
349	-7.285202e+01
350	-7.412919e+01
351	-7.275523e+01
352	-7.397592e+01
353	-7.366048e+01
354	-7.478658e+01
355	-7.489052e+01
356	-7.663749e+01
357	-7.318435e+01
358	-6.855370e+01
359	-7.494322e+01
360	-7.214242e+01
361	-7.356724e+01
362	-7.111690e+01
363	-7.436606e+01
364	-7.437162e+01
365	-7.191215e+01
366	-6.991362e+01
367	-7.438149e+01
368	-7.238166e+01
369	-7.568773e+01
370	-7.698556e+01
371	-7.477872e+01
372	-7.502470e+01
373	-7.478949e+01
374	-7.330551e+01
375	-7.443678e+01
376	-7.328816e+01
377	-7.283835e+01
378	-7.636609e+01
379	-7.518047e+01
380	-7.060539e+01
381	-7.082925e+01
382	-7.065227e+01
383	-7.070035e+01
384	-7.303743e+01
385	-7.273804e+01
386	-7.433674e+01
387	-7.558034e+01
388	-7.254721e+01
389	-6.968775e+01
390	-7.459309e+01
391	-7.740956e+01
392	-7.336709e+01
393	-7.196014e+01
394	-7.397634e+01
395	-7.471756e+01
396	-7.122242e+01
397	-7.158059e+01
398	-7.114061e+01
399	-7.210555e+01
400	-7.197278e+01
401	-7.537527e+01
402	-7.246022e+01
403	-7.210885e+01
404	-7.172163e+01
405	-7.118702e+01
406	-7.131602e+01
407	-7.332931e+01
408	-7.529783e+01
409	-7.655403e+01
410	-7.120576e+01
411	-7.473612e+01
412	-7.361299e+01
413	-7.253190e+01
414	-7.115775e+01
415	-7.196391e+01
416	-7.186893e+01
417	-7.359089e+01
418	-7.282900e+01
419	-7.207157e+01
420	-7.229135e+01
421	-7.165775e+01
422	-7.294652e+01
423	-7.464162e+01
424	-7.247900e+01
425	-7.165487e+01
426	-7.345452e+01
427	-6.969484e+01
428	-7.039494e+01
429	-7.345519e+01
430	-7.236693e+01
431	-7.241430e+01
432	-7.585558e+01
433	-7.320974e+01
434	-7.475667e+01
435	-7.566861e+01
436	-7.356363e+01
437	-7.581332e+01
438	-7.334822e+01
439	-6.803552e+01
440	-7.266812e+01
441	-6.921022e+01
442	-7.471880e+01
443	-7.300283e+01
444	-7.162306e+01
445	-7.202699e+01
446	-7.369998e+01
447	-7.454616e+01
448	-7.118794e+01
449	-7.826137e+01
450	-7.539189e+01
451	-7.405702e+01
452	-7.426057e+01
453	-7.280176e+01
454	-7.647799e+01
455	-7.356162e+01
456	-7.286489e+01
457	-7.155873e+01
458	-7.275806e+01
459	-7.393582e+01
460	-7.492920e+01
461	-7.619561e+01
462	-7.151258e+01
463	-6.941463e+01
464	-7.160334e+01
465	-7.583030e+01
466	-7.420006e+01
467	-7.393737e+01
468	-7.226737e+01
469	-7.199184e+01
470	-7.433405e+01
471	-7.192797e+01
472	-7.132470e+01
473	-7.351034e+01
474	-7.184017e+01
475	-7.450569e+01
476	-7.377188e+01
477	-7.386684e+01
478	-7.517526e+01
479	-7.444387e+01
480	-7.350493e+01
481	-7.476521e+01
482	-7.257894e+01
483	-7.827599e+01
484	-7.225622e+01
485	-7.310891e+01
486	-6.890975e+01
487	-7.414642e+01
488	-7.437124e+01
489	-7.518799e+01
490	-7.137375e+01
491	-7.021362e+01
492	-7.356271e+01
493	-6.878886e+01
494	-7.537154e+01
495	-7.261143e+01
496	-7.667241e+01
497	-7.140633e+01
498	-7.632218e+01
499	-7.301759e+01
500	-7.077656e+01
501	-7.582000e+01
502	-7.224999e+01
503	-7.207113e+01
504	-7.311048e+01
505	-7.495379e+01
506	-6.914906e+01
507	-7.357607e+01
508	-7.137369e+01
509	-7.245070e+01
510	-7.019634e+01
511	-7.698899e+01
512	-7.226215e+01
513	-7.444691e+01
514	-7.486779e+01
515	-7.525792e+01
516	-7.089639e+01
517	-7.231810e+01
518	-7.391617e+01
519	-7.144157e+01
520	-7.405696e+01
521	-7.528373e+01
522	-7.227013e+01
523	-7.676175e+01
524	-7.477849e+01
525	-7.405978e+01
526	-7.310784e+01
527	-7.575777e+01
528	-7.306121e+01
529	-7.562921e+01
530	-7.091806e+01
531	-7.323166e+01
532	-7.440246e+01
533	-6.961684e+01
534	-7.764406e+01
535	-7.452151e+01
536	-7.215885e+01
537	-7.275837e+01
538	-7.423550e+01
539	-7.347898e+01
540	-7.333635e+01
541	-7.455390e+01
542	-7.506702e+01
543	-7.357544e+01
544	-7.323143e+01
545	-7.015652e+01
546	-7.746939e+01
547	-7.198349e+01
548	-7.718469e+01
549	-7.116091e+01
550	-7.276329e+01
551	-7.188276e+01
552	-7.197575e+01
553	-7.303819e+01
554	-7.570885e+01
555	-7.282765e+01
556	-7.130625e+01
557	-7.347399e+01
558	-7.485537e+01
559	-7.074547e+01
560	-7.299478e+01
561	-7.353766e+01
562	-7.417078e+01
563	-7.485401e+01
564	-7.284606e+01
565	-6.884393e+01
566	-7.281201e+01
567	-7.258894e+01
568	-7.319804e+01
569	-7.361124e+01
570	-7.479127e+01
571	-7.385690e+01
572	-7.301245e+01
573	-7.533848e+01
574	-7.013827e+01
575	-7.371394e+01
576	-7.391397e+01
577	-7.249607e+01
578	-7.175092e+01
579	-7.710774e+01
580	-7.289578e+01
581	-7.422713e+01
582	-7.207840e+01
583	-7.027132e+01
584	-7.187531e+01
585	-7.384452e+01
586	-7.380270e+01
587	-7.395298e+01
588	-7.290249e+01
589	-7.668610e+01
590	-7.620042e+01
591	-7.317199e+01
592	-7.377153e+01
593	-7.487858e+01
594	-7.444471e+01
595	-7.265489e+01
596	-6.938397e+01
597	-7.386433e+01
598	-7.225559e+01
599	-7.185045e+01
600	-7.442642e+01
601	-7.510815e+01
602	-7.135939e+01
603	-7.125901e+01
604	-7.152990e+01
605	-7.275878e+01
606	-7.434397e+01
607	-7.279352e+01
608	-7.182252e+01
609	-7.591034e+01
610	-7.450638e+01
611	-7.478378e+01
612	-7.225939e+01
613	-7.250474e+01
614	-7.063058e+01
615	-6.890658e+01
616	-7.296315e+01
617	-7.347128e+01
618	-7.138680e+01
619	-7.387788e+01
620	-7.362393e+01
621	-7.375456e+01
622	-7.331246e+01
623	-7.370740e+01
624	-7.135425e+01
625	-7.200462e+01
626	-7.530893e+01
627	-7.534886e+01
628	-7.618905e+01
629	-7.515160e+01
630	-7.754124e+01
631	-7.170009e+01
632	-7.413040e+01
633	-7.347517e+01
634	-7.455062e+01
635	-7.603573e+01
636	-7.455088e+01
637	-7.305564e+01
638	-7.084134e+01
639	-7.406730e+01
640	-7.587333e+01
641	-7.369072e+01
642	-6.909058e+01
643	-7.156059e+01
644	-7.488889e+01
645	-7.447435e+01
646	-7.240371e+01
647	-7.357496e+01
648	-7.315581e+01
649	-7.320646e+01
650	-7.292252e+01
651	-7.183062e+01
652	-7.392710e+01
653	-7.344836e+01
654	-7.362496e+01
655	-7.283641e+01
656	-7.231165e+01
657	-7.075854e+01
658	-7.104084e+01
659	-7.507494e+01
660	-6.992230e+01
661	-7.433642e+01
662	-7.309722e+01
663	-7.548090e+01
664	-7.175991e+01
665	-7.147768e+01
666	-7.518538e+01
667	-7.318655e+01
668	-7.261601e+01
669	-7.202807e+01
670	-7.170743e+01
671	-7.221993e+01
672	-7.571130e+01
673	-7.342843e+01
674	-7.149898e+01
675	-7.355151e+01
676	-7.311865e+01
677	-7.859036e+01
678	-7.008547e+01
679	-7.300730e+01
680	-7.006800e+01
681	-7.533679e+01
682	-7.321557e+01
683	-7.179282e+01
684	-7.372673e+01
685	-7.222766e+01
686	-7.317418e+01
687	-7.149002e+01
688	-7.267757e+01
689	-7.312504e+01
690	-6.938342e+01
691	-7.585854e+01
692	-6.910637e+01
693	-7.217658e+01
694	-7.418263e+01
695	-6.985656e+01
696	-7.227130e+01
697	-7.313947e+01
698	-7.741732e+01
699	-7.310829e+01
700	-7.300331e+01
701	-7.646644e+01
702	-7.537569e+01
703	-7.160252e+01
704	-7.330909e+01
705	-7.461593e+01
706	-7.547728e+01
707	-7.476205e+01
708	-7.287740e+01
709	-7.185371e+01
710	-7.295043e+01
711	-7.302530e+01
712	-7.268568e+01
713	-7.310698e+01
714	-7.282040e+01
715	-7.610144e+01
716	-7.506496e+01
717	-7.619617e+01
718	-7.084418e+01
719	-7.113279e+01
720	-7.291657e+01
721	-7.534142e+01
722	-7.445405e+01
723	-7.335074e+01
724	-7.325958e+01
725	-7.460608e+01
726	-7.314995e+01
727	-7.184934e+01
728	-7.135890e+01
729	-7.040587e+01
730	-7.657972e+01
731	-7.246870e+01
732	-7.502186e+01
733	-7.259213e+01
734	-7.523918e+01
735	-7.339115e+01
736	-7.241351e+01
737	-7.290259e+01
738	-7.515203e+01
739	-7.431986e+01
740	-7.414711e+01
741	-7.446125e+01
742	-7.510474e+01
743	-7.622892e+01
744	-7.613442e+01
745	-7.342347e+01
746	-7.341866e+01
747	-7.670443e+01
748	-7.121160e+01
749	-7.294195e+01
750	-7.211734e+01
751	-7.310886e+01
752	-7.298590e+01
753	-7.282694e+01
754	-7.278581e+01
755	-7.231470e+01
756	-7.166777e+01
757	-7.489136e+01
758	-7.349599e+01
759	-7.312135e+01
760	-7.265356e+01
761	-7.166072e+01
762	-7.423300e+01
763	-7.642824e+01
764	-6.964335e+01
765	-7.538498e+01
766	-7.296357e+01
767	-7.145595e+01
768	-6.993275e+01
769	-7.093259e+01
770	-7.665014e+01
771	-7.509225e+01
772	-7.430455e+01
773	-6.977689e+01
774	-7.272493e+01
775	-7.324380e+01
776	-7.298074e+01
777	-7.314303e+01
778	-7.390367e+01
779	-7.191178e+01
780	-7.201330e+01
781	-7.186269e+01
782	-7.047529e+01
783	-7.438362e+01
784	-7.028917e+01
785	-7.446706e+01
786	-6.982132e+01
787	-7.018890e+01
788	-6.852792e+01
789	-7.182632e+01
790	-7.208668e+01
791	-7.323065e+01
792	-7.438987e+01
793	-7.071533e+01
794	-7.413176e+01
795	-7.280375e+01
796	-7.520869e+01
797	-7.147349e+01
798	-7.487607e+01
799	-7.719691e+01
800	-7.460821e+01
801	-7.611972e+01
802	-7.211335e+01
803	-7.624043e+01
804	-7.789467e+01
805	-7.274581e+01
806	-7.466096e+01
807	-7.375233e+01
808	-7.519009e+01
809	-7.287788e+01
810	-7.376567e+01
811	-7.422884e+01
812	-7.286487e+01
813	-7.251152e+01
814	-7.288222e+01
815	-7.689707e+01
816	-7.060954e+01
817	-7.245375e+01
818	-7.240293e+01
819	-7.171487e+01
820	-7.542831e+01
821	-7.270537e+01
822	-7.352336e+01
823	-7.163809e+01
824	-7.407874e+01
825	-7.619302e+01
826	-7.764172e+01
827	-7.164635e+01
828	-7.375080e+01
829	-7.349198e+01
830	-7.438150e+01
831	-7.454392e+01
832	-7.481910e+01
833	-7.751202e+01
834	-7.239724e+01
835	-7.168509e+01
836	-7.181769e+01
837	-7.611740e+01
838	-7.304801e+01
839	-7.585910e+01
840	-7.177644e+01
841	-6.946267e+01
842	-6.891119e+01
843	-7.485869e+01
844	-7.182115e+01
845	-7.355463e+01
846	-7.624864e+01
847	-7.216312e+01
848	-7.014829e+01
849	-6.905003e+01
850	-7.635531e+01
851	-6.979569e+01
852	-7.771761e+01
853	-7.681269e+01
854	-7.434240e+01
855	-7.260534e+01
856	-7.564080e+01
857	-7.259016e+01
858	-7.511077e+01
859	-7.538510e+01
860	-7.228962e+01
861	-7.208760e+01
862	-7.245805e+01
863	-7.268743e+01
864	-7.395788e+01
865	-7.077006e+01
866	-6.947345e+01
867	-7.296087e+01
868	-7.295436e+01
869	-6.829492e+01
870	-7.445392e+01
871	-7.164943e+01
872	-7.420725e+01
873	-7.467561e+01
874	-6.772469e+01
875	-7.442086e+01
876	-7.204176e+01
877	-7.541032e+01
878	-7.548752e+01
879	-7.607256e+01
880	-7.059474e+01
881	-7.083949e+01
882	-7.425088e+01
883	-7.289073e+01
884	-7.487130e+01
885	-7.239928e+01
886	-7.531611e+01
887	-7.428148e+01
888	-7.341570e+01
889	-7.204763e+01
890	-7.404132e+01
891	-7.116799e+01
892	-7.161160e+01
893	-7.201648e+01
894	-7.569887e+01
895	-7.700563e+01
896	-7.381186e+01
897	-7.280097e+01
898	-7.055246e+01
899	-7.114942e+01
900	-7.085896e+01
901	-7.319191e+01
902	-7.498200e+01
903	-7.335699e+01
904	-7.578327e+01
905	-7.289888e+01
906	-7.116113e+01
907	-7.203362e+01
908	-7.430326e+01
909	-7.510194e+01
910	-7.312940e+01
911	-7.380444e+01
912	-7.493999e+01
913	-7.028262e+01
914	-7.202421e+01
915	-7.288551e+01
916	-7.526706e+01
917	-6.962885e+01
918	-7.294099e+01
919	-7.572299e+01
920	-7.327830e+01
921	-7.344599e+01
922	-7.194373e+01
923	-7.445475e+01
924	-7.423704e+01
925	-7.346323e+01
926	-7.337725e+01
927	-7.462971e+01
928	-7.573890e+01
929	-7.664050e+01
930	-7.492256e+01
931	-7.087739e+01
932	-7.578112e+01
933	-7.568436e+01
934	-7.214072e+01
935	-7.700028e+01
936	-7.254437e+01
937	-7.242107e+01
938	-7.322185e+01
939	-7.209167e+01
940	-7.564002e+01
941	-7.179918e+01
942	-7.438344e+01
943	-7.570308e+01
944	-7.469594e+01
945	-7.739363e+01
946	-7.003759e+01
947	-7.827792e+01
948	-6.977994e+01
949	-7.464719e+01
950	-7.367898e+01
951	-7.230757e+01
952	-7.419325e+01
953	-7.299514e+01
954	-7.600860e+01
955	-7.105304e+01
956	-7.616946e+01
957	-7.302485e+01
958	-7.276388e+01
959	-7.184576e+01
960	-7.324775e+01
961	-7.112194e+01
962	-7.069539e+01
963	-7.617374e+01
964	-7.119465e+01
965	-7.636598e+01
966	-7.450248e+01
967	-7.326417e+01
968	-7.257004e+01
969	-7.408840e+01
970	-7.467577e+01
971	-7.293583e+01
972	-7.603772e+01
973	-7.280865e+01
974	-7.033429e+01
975	-6.785524e+01
976	-7.286106e+01
977	-7.179889e+01
978	-7.108167e+01
979	-7.488015e+01
980	-7.315470e+01
981	-7.340879e+01
982	-7.513857e+01
983	-7.049447e+01
984	-7.273404e+01
985	-7.456251e+01
986	-7.386856e+01
987	-7.178427e+01
988	-7.357457e+01
989	-7.842688e+01
990	-7.718465e+01
991	-7.053174e+01
992	-7.113114e+01
993	-7.555956e+01
994	-6.894254e+01
995	-7.010406e+01
996	-7.425934e+01
997	-7.511610e+01
998	-7.283509e+01
999	-7.215749e+01
1000	-7.472011e+01
1001	-7.634541e+01
1002	-7.351594e+01
1003	-7.221199e+01
1004	-7.657783e+01
1005	-7.223782e+01
1006	-7.124112e+01
1007	-6.960767e+01
1008	-7.490040e+01
1009	-7.465585e+01
1010	-7.116258e+01
1011	-7.085959e+01
1012	-7.799145e+01
1013	-7.325988e+01
1014	-7.445499e+01
1015	-7.179019e+01
1016	-7.579359e+01
1017	-7.296784e+01
1018	-7.366776e+01
1019	-7.393921e+01
1020	-7.140015e+01
1021	-7.383280e+01
1022	-7.522875e+01
1023	-7.334231e+01
1024	-7.091406e+01
1025	-7.232220e+01
1026	-7.175836e+01
1027	-7.282477e+01
1028	-6.987652e+01
1029	-7.303882e+01
1030	-7.494438e+01
1031	-7.190967e+01
1032	-7.446133e+01
1033	-7.449242e+01
1034	-7.294506e+01
1035	-7.353967e+01
1036	-7.395978e+01
1037	-7.270461e+01
1038	-7.470504e+01
1039	-7.627159e+01
1040	-7.365776e+01
1041	-7.447288e+01
1042	-7.256536e+01
1043	-7.333672e+01
1044	-7.607695e+01
1045	-7.030977e+01
1046	-7.285345e+01
1047	-7.392116e+01
1048	-7.408546e+01
1049	-7.453596e+01
1050	-7.537556e+01
1051	-7.228017e+01
1052	-7.601228e+01
1053	-7.122741e+01
1054	-7.340410e+01
1055	-7.094923e+01
1056	-7.658713e+01
1057	-7.358262e+01
1058	-7.645228e+01
1059	-7.700058e+01
1060	-7.395316e+01
1061	-7.145969e+01
1062	-7.244445e+01
1063	-7.326339e+01
1064	-7.263535e+01
1065	-7.523632e+01
1066	-7.170913e+01
1067	-8.010410e+01
1068	-7.230919e+01
1069	-7.707203e+01
1070	-7.276005e+01
1071	-7.394369e+01
1072	-7.418829e+01
1073	-7.492599e+01
1074	-7.514924e+01
1075	-7.254667e+01
1076	-7.151319e+01
1077	-7.182555e+01
1078	-7.158991e+01
1079	-7.426096e+01
1080	-7.243985e+01
1081	-7.562287e+01
1082	-6.987780e+01
1083	-7.240239e+01
1084	-7.335730e+01
1085	-7.544802e+01
1086	-7.254543e+01
1087	-7.461804e+01
1088	-7.493670e+01
1089	-7.342305e+01
1090	-7.332263e+01
1091	-7.180469e+01
1092	-7.355836e+01
1093	-7.390679e+01
1094	-7.510010e+01
1095	-7.311583e+01
1096	-7.616385e+01
1097	-7.439235e+01
1098	-7.216032e+01
1099	-7.174578e+01
1100	-7.344650e+01
1101	-7.039398e+01
1102	-7.370852e+01
1103	-7.403917e+01
1104	-7.628201e+01
1105	-7.325717e+01
1106	-7.610956e+01
1107	-7.372386e+01
1108	-7.304741e+01
1109	-7.312951e+01
1110	-7.315560e+01
1111	-6.878702e+01
1112	-7.530207e+01
1113	-7.154944e+01
1114	-7.549666e+01
1115	-7.185738e+01
1116	-7.178913e+01
1117	-7.267031e+01
1118	-7.112851e+01
1119	-7.371543e+01
1120	-7.240612e+01
1121	-7.445845e+01
1122	-7.017530e+01
1123	-7.518670e+01
1124	-7.306101e+01
1125	-7.553113e+01
1126	-7.133965e+01
1127	-7.645381e+01
1128	-7.480854e+01
1129	-7.312962e+01
1130	-7.542713e+01
1131	-7.029873e+01
1132	-7.259573e+01
1133	-7.609667e+01
1134	-7.262622e+01
1135	-7.130189e+01
1136	-7.384750e+01
1137	-7.204954e+01
1138	-7.348900e+01
1139	-7.058884e+01
1140	-7.467502e+01
1141	-7.445057e+01
1142	-7.568530e+01
1143	-7.487239e+01
1144	-7.368992e+01
1145	-6.989541e+01
1146	-7.052282e+01
1147	-7.613290e+01
1148	-7.501755e+01
1149	-7.185822e+01
1150	-7.207444e+01
1151	-7.510075e+01
1152	-7.083237e+01
1153	-7.139756e+01
1154	-7.288303e+01
1155	-7.547663e+01
1156	-7.301377e+01
1157	-7.533801e+01
1158	-7.200463e+01
1159	-7.508000e+01
1160	-7.439156e+01
1161	-7.437931e+01
1162	-7.483845e+01
1163	-7.369369e+01
1164	-7.303150e+01
1165	-7.390214e+01
1166	-7.587146e+01
1167	-7.093098e+01
1168	-7.221948e+01
1169	-7.542919e+01
1170	-7.351597e+01
1171	-7.101194e+01
1172	-7.409270e+01
1173	-7.257980e+01
1174	-7.576298e+01
1175	-7.341764e+01
1176	-7.615778e+01
1177	-7.130846e+01
1178	-7.608430e+01
1179	-7.260756e+01
1180	-7.539501e+01
1181	-7.281678e+01
1182	-6.999510e+01
1183	-7.273927e+01
1184	-7.329811e+01
1185	-7.211982e+01
1186	-7.163591e+01
1187	-7.369256e+01
1188	-7.497834e+01
1189	-7.314385e+01
1190	-7.450205e+01
1191	-7.187065e+01
1192	-7.423599e+01
1193	-7.038055e+01
1194	-7.517009e+01
1195	-7.374273e+01
1196	-7.390907e+01
1197	-7.088380e+01
1198	-7.253313e+01
1199	-7.358792e+01
1200	-7.606236e+01
1201	-7.381168e+01
1202	-7.358427e+01
1203	-7.527780e+01
1204	-7.299886e+01
1205	-7.187092e+01
1206	-6.826131e+01
1207	-7.510574e+01
1208	-7.450973e+01
1209	-7.404931e+01
1210	-7.280840e+01
1211	-7.376487e+01
1212	-7.322821e+01
1213	-7.277655e+01
1214	-7.404101e+01
1215	-7.413645e+01
1216	-7.432451e+01
1217	-7.061074e+01
1218	-7.297853e+01
1219	-7.241564e+01
1220	-7.215750e+01
1221	-7.483930e+01
1222	-7.507511e+01
1223	-7.618305e+01
1224	-7.482125e+01
1225	-7.263080e+01
1226	-7.517907e+01
1227	-7.235433e+01
1228	-7.440968e+01
1229	-7.395397e+01
1230	-7.632846e+01
1231	-7.614900e+01
1232	-7.373540e+01
1233	-7.332576e+01
1234	-7.479674e+01
1235	-7.373236e+01
1236	-7.287473e+01
1237	-7.236614e+01
1238	-7.374384e+01
1239	-7.418584e+01
1240	-7.121238e+01
1241	-7.449403e+01
1242	-7.085347e+01
1243	-7.175829e+01
1244	-7.598115e+01
1245	-7.362174e+01
1246	-7.057949e+01
1247	-7.433870e+01
1248	-7.338971e+01
1249	-7.259281e+01
1250	-7.584919e+01
1251	-7.397961e+01
1252	-7.332339e+01
1253	-7.173967e+01
1254	-7.451052e+01
1255	-7.400144e+01
1256	-7.191144e+01
1257	-7.275771e+01
1258	-7.246549e+01
1259	-7.334074e+01
1260	-6.863423e+01
1261	-7.463558e+01
1262	-7.343157e+01
1263	-7.688907e+01
1264	-7.653395e+01
1265	-7.361555e+01
1266	-7.471747e+01
1267	-7.481867e+01
1268	-7.344590e+01
1269	-7.408388e+01
1270	-7.462762e+01
1271	-7.056104e+01
1272	-7.292508e+01
1273	-7.373138e+01
1274	-7.295811e+01
1275	-7.318292e+01
1276	-7.322744e+01
1277	-7.345365e+01
1278	-7.565123e+01
1279	-6.939336e+01
1280	-7.484751e+01
1281	-7.447724e+01
1282	-7.118277e+01
1283	-7.298064e+01
1284	-7.428505e+01
1285	-7.182826e+01
1286	-7.231564e+01
1287	-7.374325e+01
1288	-7.354976e+01
1289	-7.516762e+01
1290	-7.369161e+01
1291	-7.215323e+01
1292	-7.188639e+01
1293	-7.146819e+01
1294	-7.273505e+01
1295	-7.529211e+01
1296	-7.497993e+01
1297	-7.813517e+01
1298	-7.274746e+01
1299	-7.513434e+01
1300	-7.421514e+01
1301	-6.922874e+01
1302	-7.454710e+01
1303	-7.315940e+01
1304	-7.338242e+01
1305	-7.355683e+01
1306	-7.745420e+01
1307	-7.398217e+01
1308	-7.241890e+01
1309	-7.158534e+01
1310	-7.173145e+01
1311	-7.378701e+01
1312	-7.583536e+01
1313	-7.431752e+01
1314	-7.300486e+01
1315	-7.063521e+01
1316	-6.997157e+01
1317	-7.366595e+01
1318	-7.810659e+01
1319	-7.429116e+01
1320	-7.568252e+01
1321	-7.318908e+01
1322	-7.493519e+01
1323	-7.279471e+01
1324	-7.454907e+01
1325	-7.091039e+01
1326	-7.287424e+01
1327	-7.620074e+01
1328	-7.402313e+01
1329	-6.978045e+01
1330	-7.355040e+01
1331	-7.514903e+01
1332	-7.419945e+01
1333	-7.173744e+01
1334	-7.370821e+01
1335	-7.351718e+01
1336	-7.204316e+01
1337	-7.053110e+01
1338	-7.516961e+01
1339	-7.031043e+01
1340	-7.395041e+01
1341	-7.272176e+01
1342	-7.560466e+01
1343	-7.016471e+01
1344	-7.331745e+01
1345	-7.374112e+01
1346	-7.466819e+01
1347	-7.667327e+01
1348	-7.207159e+01
1349	-7.105802e+01
1350	-7.475282e+01
1351	-7.074754e+01
1352	-7.765702e+01
1353	-7.358785e+01
1354	-7.185136e+01
1355	-7.414206e+01
1356	-7.366782e+01
1357	-7.270971e+01
1358	-7.335556e+01
1359	-6.829087e+01
1360	-7.332132e+01
1361	-7.253575e+01
1362	-7.234552e+01
1363	-7.268635e+01
1364	-7.862454e+01
1365	-7.326179e+01
1366	-7.374438e+01
1367	-7.565962e+01
1368	-7.525452e+01
1369	-7.184744e+01
1370	-7.371664e+01
1371	-7.602773e+01
1372	-7.282273e+01
1373	-7.069867e+01
1374	-7.294548e+01
1375	-7.400097e+01
1376	-7.457125e+01
1377	-6.913374e+01
1378	-7.430643e+01
1379	-7.390081e+01
1380	-7.223810e+01
1381	-7.401064e+01
1382	-7.553876e+01
1383	-7.143730e+01
1384	-7.525573e+01
1385	-7.229512e+01
1386	-7.353759e+01
1387	-7.170042e+01
1388	-7.175341e+01
1389	-7.059854e+01
1390	-7.162233e+01
1391	-7.218084e+01
1392	-7.547682e+01
1393	-7.066988e+01
1394	-7.109316e+01
1395	-7.490178e+01
1396	-7.352369e+01
1397	-7.267257e+01
1398	-7.355072e+01
1399	-7.409872e+01
1400	-7.228061e+01
1401	-7.254843e+01
1402	-7.182090e+01
1403	-7.203518e+01
1404	-7.066751e+01
1405	-6.734606e+01
1406	-7.176360e+01
1407	-7.237717e+01
1408	-7.473718e+01
1409	-7.296865e+01
1410	-7.076109e+01
1411	-7.484454e+01
1412	-7.024895e+01
1413	-7.554157e+01
1414	-7.202771e+01
1415	-7.254186e+01
1416	-7.181792e+01
1417	-7.554556e+01
1418	-7.366302e+01
1419	-7.202835e+01
1420	-7.497986e+01
1421	-7.153407e+01
1422	-7.209058e+01
1423	-7.406897e+01
1424	-7.341968e+01
1425	-7.437713e+01
1426	-7.630233e+01
1427	-7.656751e+01
1428	-7.438770e+01
1429	-7.123420e+01
1430	-7.158363e+01
1431	-7.916134e+01
1432	-7.287601e+01
1433	-7.218035e+01
1434	-7.246485e+01
1435	-7.196609e+01
1436	-7.256486e+01
1437	-7.719414e+01
1438	-7.477766e+01
1439	-7.233273e+01
1440	-7.305294e+01
1441	-6.921357e+01
1442	-7.428031e+01
1443	-7.021322e+01
1444	-7.430172e+01
1445	-7.411874e+01
1446	-7.426303e+01
1447	-7.366958e+01
1448	-7.227699e+01
1449	-7.283889e+01
1450	-7.337081e+01
1451	-7.389049e+01
1452	-6.933001e+01
1453	-7.311393e+01
1454	-7.071763e+01
1455	-7.506170e+01
1456	-7.074942e+01
1457	-7.590236e+01
1458	-7.432974e+01
1459	-7.441835e+01
1460	-7.477085e+01
1461	-7.226144e+01
1462	-7.294482e+01
1463	-7.439973e+01
1464	-7.192961e+01
1465	-7.433507e+01
1466	-7.391559e+01
1467	-7.526096e+01
1468	-7.270342e+01
1469	-7.480618e+01
1470	-7.106591e+01
1471	-7.416424e+01
1472	-7.596531e+01
1473	-7.259612e+01
1474	-7.164468e+01
1475	-7.628029e+01
1476	-7.515898e+01
1477	-7.573599e+01
1478	-7.405783e+01
1479	-6.821769e+01
1480	-7.617637e+01
1481	-7.788741e+01
1482	-7.379514e+01
1483	-7.305218e+01
1484	-7.254481e+01
1485	-7.266165e+01
1486	-7.242783e+01
1487	-7.364921e+01
1488	-7.578821e+01
1489	-7.240650e+01
1490	-7.124501e+01
1491	-7.438613e+01
1492	-7.185538e+01
1493	-7.317857e+01
1494	-7.166186e+01
1495	-6.760384e+01
1496	-7.232087e+01
1497	-7.233101e+01
1498	-7.156914e+01
1499	-7.006008e+01
1500	-7.118483e+01
1501	-7.106747e+01
1502	-7.281741e+01
1503	-7.665714e+01
1504	-7.379828e+01
1505	-7.284819e+01
1506	-7.612402e+01
1507	-7.130765e+01
1508	-7.586059e+01
1509	-7.280703e+01
1510	-7.704876e+01
1511	-7.274641e+01
1512	-7.301270e+01
1513	-6.919973e+01
1514	-7.364090e+01
1515	-7.422746e+01
1516	-7.635948e+01
1517	-7.519037e+01
1518	-7.444019e+01
1519	-7.325335e+01
1520	-6.982120e+01
1521	-7.497483e+01
1522	-7.103946e+01
1523	-7.183519e+01
1524	-7.485769e+01
1525	-7.230074e+01
1526	-7.614564e+01
1527	-7.250432e+01
1528	-7.000700e+01
1529	-7.222162e+01
1530	-7.410589e+01
1531	-7.154257e+01
1532	-7.498547e+01
1533	-6.954976e+01
1534	-7.115408e+01
1535	-7.079021e+01
1536	-7.409276e+01
1537	-7.181772e+01
1538	-7.614459e+01
1539	-6.808650e+01
1540	-7.394353e+01
1541	-7.312312e+01
1542	-7.247501e+01
1543	-7.326489e+01
1544	-7.403885e+01
1545	-7.584882e+01
1546	-7.326565e+01
1547	-7.340988e+01
1548	-7.518952e+01
1549	-7.540754e+01
1550	-7.046646e+01
1551	-7.352806e+01
1552	-7.247364e+01
1553	-7.508495e+01
1554	-7.581841e+01
1555	-7.357038e+01
1556	-7.310203e+01
1557	-7.261910e+01
1558	-7.039345e+01
1559	-7.211774e+01
1560	-6.918624e+01
1561	-7.463095e+01
1562	-7.139303e+01
1563	-7.148122e+01
1564	-7.164096e+01
1565	-7.201420e+01
1566	-7.079840e+01
1567	-7.435705e+01
1568	-7.393539e+01
1569	-7.521797e+01
1570	-7.205038e+01
1571	-7.322953e+01
1572	-7.162931e+01
1573	-7.188381e+01
1574	-7.295056e+01
1575	-7.224937e+01
1576	-7.267587e+01
1577	-7.250103e+01
1578	-7.517576e+01
1579	-7.152858e+01
1580	-7.447929e+01
1581	-7.300635e+01
1582	-7.346893e+01
1583	-7.309383e+01
1584	-7.401572e+01
1585	-7.483719e+01
1586	-7.515873e+01
1587	-7.642183e+01
1588	-7.143034e+01
1589	-7.299525e+01
1590	-7.102303e+01
1591	-7.467864e+01
1592	-7.189954e+01
1593	-7.436675e+01
1594	-7.318087e+01
1595	-7.372336e+01
1596	-7.124008e+01
1597	-7.311641e+01
1598	-7.470549e+01
1599	-7.200444e+01
1600	-7.313504e+01
1601	-7.397615e+01
1602	-7.391041e+01
1603	-7.105866e+01
1604	-7.219456e+01
1605	-7.350877e+01
1606	-7.581707e+01
1607	-7.219647e+01
1608	-7.545078e+01
1609	-7.770403e+01
1610	-7.455738e+01
1611	-7.099226e+01
1612	-7.086436e+01
1613	-7.032299e+01
1614	-7.382754e+01
1615	-7.606706e+01
1616	-7.253573e+01
1617	-6.921627e+01
1618	-7.109173e+01
1619	-7.341072e+01
1620	-7.228860e+01
1621	-7.045275e+01
1622	-7.038188e+01
1623	-7.323844e+01
1624	-7.472138e+01
1625	-7.265643e+01
1626	-7.476010e+01
1627	-7.168023e+01
1628	-7.433049e+01
1629	-6.989386e+01
1630	-7.396603e+01
1631	-7.440620e+01
1632	-7.543241e+01
1633	-7.627281e+01
1634	-7.481116e+01
1635	-7.169355e+01
1636	-7.067406e+01
1637	-7.090629e+01
1638	-6.899259e+01
1639	-7.316204e+01
1640	-7.330676e+01
1641	-7.306470e+01
1642	-7.386386e+01
1643	-7.156287e+01
1644	-7.411170e+01
1645	-7.516640e+01
1646	-7.380114e+01
1647	-7.176920e+01
1648	-7.010789e+01
1649	-7.312643e+01
1650	-7.193806e+01
1651	-7.390233e+01
1652	-7.253756e+01
1653	-7.309740e+01
1654	-6.979535e+01
1655	-6.959531e+01
1656	-7.347055e+01
1657	-7.037218e+01
1658	-7.665815e+01
1659	-6.859397e+01
1660	-7.213392e+01
1661	-7.195909e+01
1662	-7.480559e+01
1663	-7.435302e+01
1664	-7.150620e+01
1665	-7.549654e+01
1666	-7.300918e+01
1667	-7.353776e+01
1668	-7.444689e+01
1669	-7.419922e+01
1670	-7.225953e+01
1671	-7.423613e+01
1672	-7.320574e+01
1673	-7.223265e+01
1674	-7.414181e+01
1675	-7.331688e+01
1676	-7.706195e+01
1677	-7.303819e+01
1678	-7.358137e+01
1679	-7.090588e+01
1680	-7.150043e+01
1681	-7.241540e+01
1682	-7.330435e+01
1683	-7.319858e+01
1684	-7.519812e+01
1685	-7.069328e+01
1686	-7.413309e+01
1687	-7.293061e+01
1688	-6.982494e+01
1689	-7.174350e+01
1690	-7.297188e+01
1691	-7.070507e+01
1692	-7.547664e+01
1693	-7.349883e+01
1694	-7.435714e+01
1695	-7.550931e+01
1696	-7.355397e+01
1697	-7.191684e+01
1698	-7.226339e+01
1699	-7.004849e+01
1700	-6.948763e+01
1701	-7.241748e+01
1702	-7.233030e+01
1703	-7.368355e+01
1704	-7.718075e+01
1705	-7.260832e+01
1706	-7.172277e+01
1707	-7.363926e+01
1708	-7.163497e+01
1709	-6.896428e+01
1710	-7.582895e+01
1711	-7.030936e+01
1712	-7.375222e+01
1713	-7.524869e+01
1714	-7.293487e+01
1715	-7.154590e+01
1716	-7.041086e+01
1717	-7.800837e+01
1718	-7.563202e+01
1719	-7.551527e+01
1720	-7.481299e+01
1721	-7.213102e+01
1722	-7.464006e+01
1723	-7.627618e+01
1724	-7.363859e+01
1725	-7.422869e+01
1726	-7.247854e+01
1727	-6.915623e+01
1728	-7.421300e+01
1729	-7.331938e+01
1730	-7.214270e+01
1731	-7.255411e+01
1732	-7.479660e+01
1733	-7.379252e+01
1734	-7.482114e+01
1735	-7.894387e+01
1736	-7.483943e+01
1737	-7.101685e+01
1738	-7.398484e+01
1739	-7.471518e+01
1740	-7.360950e+01
1741	-7.376002e+01
1742	-7.554331e+01
1743	-7.307775e+01
1744	-7.424791e+01
1745	-7.276149e+01
1746	-7.455608e+01
1747	-7.326461e+01
1748	-7.492224e+01
1749	-7.426357e+01
1750	-7.273902e+01
1751	-6.874607e+01
1752	-7.392471e+01
1753	-6.976057e+01
1754	-7.481477e+01
1755	-7.345666e+01
1756	-7.415847e+01
1757	-7.721528e+01
1758	-7.540382e+01
1759	-7.278230e+01
1760	-7.461540e+01
1761	-7.512359e+01
1762	-7.364399e+01
1763	-7.540501e+01
1764	-7.133916e+01
1765	-7.562879e+01
1766	-7.415874e+01
1767	-7.092723e+01
1768	-7.147411e+01
1769	-7.062718e+01
1770	-7.377192e+01
1771	-7.142994e+01
1772	-7.418562e+01
1773	-7.745927e+01
1774	-7.389996e+01
1775	-7.531756e+01
1776	-7.452666e+01
1777	-7.299454e+01
1778	-7.357155e+01
1779	-7.481328e+01
1780	-7.382230e+01
1781	-7.501392e+01
1782	-7.349634e+01
1783	-7.067587e+01
1784	-7.459195e+01
1785	-7.036592e+01
1786	-7.067785e+01
1787	-7.396714e+01
1788	-7.241487e+01
1789	-7.160420e+01
1790	-7.430207e+01
1791	-7.481806e+01
1792	-7.596908e+01
1793	-7.619100e+01
1794	-7.479456e+01
1795	-6.934547e+01
1796	-7.207655e+01
1797	-7.288399e+01
1798	-7.572746e+01
1799	-7.474659e+01
1800	-7.844721e+01
1801	-7.677400e+01
1802	-7.160100e+01
1803	-7.343692e+01
1804	-7.233958e+01
1805	-7.530752e+01
1806	-7.480907e+01
1807	-7.518338e+01
1808	-7.317291e+01
1809	-7.351157e+01
1810	-7.481244e+01
1811	-7.309997e+01
1812	-7.767560e+01
1813	-7.359854e+01
1814	-7.102626e+01
1815	-7.532052e+01
1816	-7.358584e+01
1817	-7.551010e+01
1818	-7.065043e+01
1819	-7.748972e+01
1820	-7.253309e+01
1821	-7.426065e+01
1822	-7.233697e+01
1823	-7.134353e+01
1824	-7.471484e+01
1825	-7.421560e+01
1826	-7.567341e+01
1827	-7.460048e+01
1828	-6.922077e+01
1829	-7.554189e+01
1830	-7.269351e+01
1831	-7.110357e+01
1832	-7.520809e+01
1833	-7.227884e+01
1834	-7.625004e+01
1835	-7.201847e+01
1836	-7.248852e+01
1837	-6.976272e+01
1838	-7.675261e+01
1839	-7.750820e+01
1840	-7.361916e+01
1841	-7.332798e+01
1842	-7.170107e+01
1843	-7.508324e+01
1844	-7.171876e+01
1845	-7.778900e+01
1846	-7.582541e+01
1847	-7.490534e+01
1848	-7.297994e+01
1849	-7.437155e+01
1850	-7.256017e+01
1851	-7.074930e+01
1852	-7.061294e+01
1853	-7.535822e+01
1854	-7.196818e+01
1855	-7.323833e+01
1856	-7.115626e+01
1857	-7.132272e+01
1858	-7.297275e+01
1859	-7.027052e+01
1860	-7.460486e+01
1861	-7.521274e+01
1862	-7.153399e+01
1863	-6.993263e+01
1864	-7.376392e+01
1865	-7.333837e+01
1866	-7.294636e+01
1867	-7.340260e+01
1868	-7.306619e+01
1869	-7.343672e+01
1870	-7.199732e+01
1871	-7.717481e+01
1872	-7.407073e+01
1873	-7.533857e+01
1874	-7.380164e+01
1875	-7.374297e+01
1876	-7.380007e+01
1877	-7.519272e+01
1878	-7.621933e+01
1879	-7.328224e+01
1880	-7.258405e+01
1881	-7.478037e+01
1882	-7.240520e+01
1883	-7.550944e+01
1884	-7.072048e+01
1885	-7.492013e+01
1886	-7.296852e+01
1887	-7.120015e+01
1888	-7.060909e+01
1889	-7.475571e+01
1890	-7.564920e+01
1891	-7.547473e+01
1892	-7.129299e+01
1893	-7.745281e+01
1894	-7.383083e+01
1895	-7.352054e+01
1896	-7.383870e+01
1897	-7.042541e+01
1898	-7.434849e+01
1899	-7.164185e+01
1900	-7.482932e+01
1901	-7.434084e+01
1902	-7.360416e+01
1903	-7.213696e+01
1904	-7.190655e+01
1905	-7.583876e+01
1906	-7.150397e+01
1907	-7.257803e+01
1908	-7.210632e+01
1909	-7.325787e+01
1910	-7.327916e+01
1911	-7.294140e+01
1912	-7.586813e+01
1913	-7.096941e+01
1914	-7.148202e+01
1915	-7.570426e+01
1916	-7.278753e+01
1917	-7.099721e+01
1918	-7.113453e+01
1919	-7.259494e+01
1920	-7.200557e+01
1921	-7.217323e+01
1922	-7.579357e+01
1923	-7.221134e+01
1924	-7.510580e+01
1925	-7.136439e+01
1926	-7.137656e+01
1927	-7.397838e+01
1928	-7.383664e+01
1929	-7.465793e+01
1930	-7.100986e+01
1931	-7.089597e+01
1932	-7.110401e+01
1933	-7.540731e+01
1934	-7.486046e+01
1935	-7.486848e+01
1936	-7.556392e+01
1937	-7.698760e+01
1938	-7.243316e+01
1939	-7.457527e+01
1940	-7.515198e+01
1941	-7.526350e+01
1942	-7.351778e+01
1943	-7.030181e+01
1944	-6.970046e+01
1945	-7.173748e+01
1946	-7.151462e+01
1947	-7.364120e+01
1948	-7.294272e+01
1949	-7.334079e+01
1950	-7.510005e+01
1951	-6.963158e+01
1952	-7.448048e+01
1953	-7.256761e+01
1954	-7.505743e+01
1955	-7.093296e+01
1956	-7.340907e+01
1957	-7.227688e+01
1958	-7.290349e+01
1959	-7.272893e+01
1960	-7.206235e+01
1961	-7.130246e+01
1962	-7.349163e+01
1963	-7.424406e+01
1964	-7.581060e+01
1965	-7.767111e+01
1966	-7.230814e+01
1967	-7.337867e+01
1968	-7.508284e+01
1969	-7.284026e+01
1970	-7.403493e+01
1971	-7.156208e+01
1972	-7.104188e+01
1973	-7.431055e+01
1974	-7.335967e+01
1975	-6.936960e+01
1976	-7.569744e+01
1977	-7.436368e+01
1978	-7.243017e+01
1979	-7.280334e+01
1980	-7.225607e+01
1981	-7.290981e+01
1982	-7.315830e+01
1983	-7.213823e+01
1984	-7.541793e+01
1985	-7.518141e+01
1986	-7.303868e+01
1987	-7.286397e+01
1988	-7.168552e+01
1989	-7.337400e+01
1990	-7.445531e+01
1991	-7.376973e+01
1992	-7.250391e+01
1993	-7.415618e+01
1994	-7.477140e+01
1995	-7.192115e+01
1996	-7.308036e+01
1997	-7.138866e+01
1998	-7.052690e+01
1999	-7.082697e+01
2000	-7.218556e+01
2001	-7.092010e+01
2002	-7.073301e+01
2003	-7.284216e+01
2004	-7.080377e+01
2005	-7.612830e+01
2006	-7.130813e+01
2007	-7.265787e+01
2008	-6.901224e+01
2009	-7.323924e+01
2010	-7.281804e+01
2011	-6.915184e+01
2012	-7.333982e+01
2013	-7.306142e+01
2014	-7.292108e+01
2015	-7.444618e+01
2016	-7.758353e+01
2017	-7.553488e+01
2018	-7.338145e+01
2019	-7.642243e+01
2020	-7.237807e+01
2021	-7.213219e+01
2022	-7.267141e+01
2023	-7.814783e+01
2024	-7.548775e+01
2025	-7.119657e+01
2026	-7.820989e+01
2027	-6.953346e+01
2028	-7.188384e+01
2029	-7.250040e+01
2030	-7.421194e+01
2031	-7.304218e+01
2032	-7.410565e+01
2033	-7.480708e+01
2034	-6.898886e+01
2035	-7.343217e+01
2036	-7.453602e+01
2037	-7.641656e+01
2038	-7.089096e+01
2039	-7.334104e+01
2040	-7.069179e+01
2041	-7.700565e+01
2042	-7.065617e+01
2043	-7.187063e+01
2044	-7.155174e+01
2045	-7.358188e+01
2046	-7.282162e+01
2047	-7.526046e+01
2048	-7.319314e+01
2049	-7.284887e+01
2050	-7.169024e+01
2051	-7.310637e+01
2052	-7.194033e+01
2053	-7.408260e+01
2054	-7.589698e+01
2055	-7.221256e+01
2056	-7.467266e+01
2057	-7.570174e+01
2058	-7.168962e+01
2059	-7.092387e+01
2060	-7.538749e+01
2061	-7.501727e+01
2062	-7.321963e+01
2063	-6.943179e+01
2064	-7.378680e+01
2065	-7.210290e+01
2066	-7.115863e+01
2067	-6.778903e+01
2068	-7.860413e+01
2069	-7.609156e+01
2070	-7.304896e+01
2071	-7.261785e+01
2072	-7.578871e+01
2073	-7.507761e+01
2074	-7.615038e+01
2075	-7.324730e+01
2076	-7.641113e+01
2077	-7.351894e+01
2078	-7.375649e+01
2079	-6.958019e+01
2080	-7.193373e+01
2081	-6.975457e+01
2082	-7.137438e+01
2083	-7.234506e+01
2084	-7.336868e+01
2085	-7.613369e+01
2086	-7.488084e+01
2087	-7.416590e+01
2088	-7.446645e+01
2089	-7.436304e+01
2090	-7.257395e+01
2091	-7.305626e+01
2092	-7.558288e+01
2093	-6.993409e+01
2094	-7.187884e+01
2095	-7.375775e+01
2096	-7.905550e+01
2097	-7.184079e+01
2098	-7.521313e+01
2099	-7.496848e+01
2100	-7.199077e+01
2101	-7.406441e+01
2102	-7.436713e+01
2103	-7.428247e+01
2104	-7.372949e+01
2105	-7.062856e+01
2106	-7.279157e+01
2107	-7.201355e+01
2108	-7.403723e+01
2109	-7.456913e+01
2110	-7.081950e+01
2111	-7.012708e+01
2112	-7.260056e+01
2113	-7.441458e+01
2114	-7.077854e+01
2115	-6.967316e+01
2116	-7.350575e+01
2117	-7.446487e+01
2118	-7.001245e+01
2119	-6.962532e+01
2120	-7.235692e+01
2121	-7.435144e+01
2122	-6.976932e+01
2123	-7.422162e+01
2124	-7.478961e+01
2125	-7.629562e+01
2126	-7.535859e+01
2127	-7.281361e+01
2128	-6.984893e+01
2129	-7.588968e+01
2130	-7.285967e+01
2131	-7.582442e+01
2132	-7.299505e+01
2133	-7.323938e+01
2134	-6.993565e+01
2135	-7.327072e+01
2136	-7.122073e+01
2137	-7.603080e+01
2138	-7.366552e+01
2139	-7.094428e+01
2140	-7.323287e+01
2141	-7.540028e+01
2142	-7.047280e+01
2143	-7.458743e+01
2144	-7.481792e+01
2145	-7.586262e+01
2146	-7.415581e+01
2147	-7.395465e+01
2148	-7.183550e+01
2149	-7.100809e+01
2150	-7.293027e+01
2151	-7.453029e+01
2152	-7.390050e+01
2153	-7.352414e+01
2154	-7.190025e+01
2155	-7.206930e+01
2156	-7.093790e+01
2157	-7.143003e+01
2158	-7.240044e+01
2159	-7.083754e+01
2160	-7.811733e+01
2161	-7.268004e+01
2162	-7.671198e+01
2163	-7.048051e+01
2164	-7.678839e+01
2165	-7.548110e+01
2166	-7.266809e+01
2167	-7.619777e+01
2168	-7.235391e+01
2169	-7.477003e+01
2170	-7.565667e+01
2171	-7.706442e+01
2172	-7.214332e+01
2173	-7.289289e+01
2174	-7.481224e+01
2175	-7.412306e+01
2176	-7.480982e+01
2177	-7.225406e+01
2178	-7.163318e+01
2179	-7.522047e+01
2180	-6.994573e+01
2181	-7.108541e+01
2182	-7.110156e+01
2183	-7.513710e+01
2184	-7.358462e+01
2185	-7.145632e+01
2186	-7.330729e+01
2187	-7.316026e+01
2188	-7.379060e+01
2189	-7.412506e+01
2190	-7.242539e+01
2191	-7.258256e+01
2192	-7.441790e+01
2193	-7.558887e+01
2194	-7.572374e+01
2195	-7.086779e+01
2196	-7.474810e+01
2197	-7.401148e+01
2198	-7.313350e+01
2199	-6.836365e+01
2200	-7.318656e+01
2201	-7.702743e+01
2202	-7.437525e+01
2203	-7.162400e+01
2204	-6.824439e+01
2205	-7.103240e+01
2206	-7.684333e+01
2207	-7.274669e+01
2208	-7.755253e+01
2209	-7.211211e+01
2210	-6.927924e+01
2211	-6.639561e+01
2212	-7.236280e+01
2213	-6.940059e+01
2214	-7.620646e+01
2215	-7.424205e+01
2216	-7.649369e+01
2217	-7.117723e+01
2218	-7.118257e+01
2219	-7.499038e+01
2220	-7.537880e+01
2221	-7.656110e+01
2222	-7.509192e+01
2223	-7.184212e+01
2224	-7.222741e+01
2225	-7.227846e+01
2226	-7.452987e+01
2227	-7.293399e+01
2228	-7.402179e+01
2229	-7.063110e+01
2230	-7.347903e+01
2231	-7.348987e+01
2232	-7.149599e+01
2233	-7.198652e+01
2234	-7.443181e+01
2235	-7.185154e+01
2236	-7.198860e+01
2237	-7.156193e+01
2238	-7.357212e+01
2239	-7.248789e+01
2240	-7.226696e+01
2241	-7.638320e+01
2242	-6.981519e+01
2243	-7.516892e+01
2244	-7.279813e+01
2245	-7.089317e+01
2246	-7.357827e+01
2247	-7.426892e+01
2248	-7.507677e+01
2249	-7.079916e+01
2250	-7.294976e+01
2251	-7.170537e+01
2252	-7.764163e+01
2253	-7.608051e+01
2254	-7.391443e+01
2255	-7.254166e+01
2256	-7.582326e+01
2257	-7.447728e+01
2258	-6.917825e+01
2259	-7.369613e+01
2260	-7.445282e+01
2261	-7.176470e+01
2262	-7.426975e+01
2263	-7.286189e+01
2264	-7.225411e+01
2265	-7.187632e+01
2266	-7.444873e+01
2267	-7.192226e+01
2268	-7.293610e+01
2269	-7.420447e+01
2270	-7.435520e+01
2271	-7.087824e+01
2272	-7.601806e+01
2273	-7.379617e+01
2274	-7.500688e+01
2275	-7.708478e+01
2276	-7.216573e+01
2277	-7.454654e+01
2278	-7.106189e+01
2279	-7.397188e+01
2280	-7.419567e+01
2281	-6.953185e+01
2282	-7.181303e+01
2283	-7.364866e+01
2284	-7.473557e+01
2285	-7.471339e+01
2286	-7.157840e+01
2287	-7.364034e+01
2288	-7.051228e+01
2289	-7.125894e+01
2290	-7.246505e+01
2291	-7.187155e+01
2292	-7.468481e+01
2293	-7.315031e+01
2294	-7.240571e+01
2295	-7.355239e+01
2296	-7.193768e+01
2297	-7.435403e+01
2298	-7.304417e+01
2299	-7.293910e+01
2300	-7.316909e+01
2301	-7.270335e+01
2302	-7.291235e+01
2303	-7.589206e+01
2304	-7.302085e+01
2305	-7.215794e+01
2306	-7.567631e+01
2307	-7.345477e+01
2308	-7.170220e+01
2309	-7.752426e+01
2310	-7.614478e+01
2311	-7.207115e+01
2312	-7.409448e+01
2313	-7.207887e+01
2314	-7.340605e+01
2315	-7.144215e+01
2316	-7.254521e+01
2317	-7.065438e+01
2318	-7.018573e+01
2319	-7.404560e+01
2320	-7.361780e+01
2321	-7.398351e+01
2322	-7.421716e+01
2323	-7.333651e+01
2324	-7.329083e+01
2325	-7.777514e+01
2326	-7.491706e+01
2327	-7.302098e+01
2328	-7.617879e+01
2329	-7.328193e+01
2330	-7.366264e+01
2331	-7.590137e+01
2332	-7.386565e+01
2333	-7.312794e+01
2334	-7.463308e+01
2335	-7.270194e+01
2336	-7.082481e+01
2337	-7.205663e+01
2338	-7.336248e+01
2339	-7.514778e+01
2340	-7.071448e+01
2341	-7.313077e+01
2342	-7.601613e+01
2343	-7.588346e+01
2344	-7.460890e+01
2345	-7.041082e+01
2346	-7.238982e+01
2347	-7.411385e+01
2348	-7.263534e+01
2349	-7.233479e+01
2350	-7.822901e+01
2351	-7.362406e+01
2352	-7.458721e+01
2353	-7.559848e+01
2354	-7.048623e+01
2355	-7.411611e+01
2356	-7.345917e+01
2357	-7.276791e+01
2358	-7.444894e+01
2359	-7.316911e+01
2360	-7.380222e+01
2361	-7.631958e+01
2362	-7.139184e+01
2363	-7.221151e+01
2364	-7.332194e+01
2365	-7.671363e+01
2366	-7.088093e+01
2367	-7.155050e+01
2368	-7.303218e+01
2369	-7.526071e+01
2370	-7.519258e+01
2371	-7.370043e+01
2372	-7.606786e+01
2373	-7.139681e+01
2374	-7.778688e+01
2375	-7.423999e+01
2376	-7.161261e+01
2377	-7.289842e+01
2378	-7.303705e+01
2379	-7.515440e+01
2380	-7.572919e+01
2381	-7.389011e+01
2382	-7.594958e+01
2383	-7.437801e+01
2384	-7.135587e+01
2385	-7.423500e+01
2386	-7.570304e+01
2387	-7.593664e+01
2388	-7.264040e+01
2389	-7.485260e+01
2390	-7.154370e+01
2391	-7.181567e+01
2392	-7.462456e+01
2393	-7.377225e+01
2394	-7.493839e+01
2395	-7.554431e+01
2396	-7.528098e+01
2397	-7.829107e+01
2398	-7.204214e+01
2399	-6.905626e+01
2400	-7.925383e+01
2401	-7.294691e+01
2402	-7.301976e+01
2403	-7.253971e+01
2404	-7.275121e+01
2405	-7.356534e+01
2406	-7.162964e+01
2407	-7.354103e+01
2408	-7.367494e+01
2409	-7.549407e+01
2410	-7.362657e+01
2411	-7.588564e+01
2412	-7.383059e+01
2413	-7.366935e+01
2414	-7.181706e+01
2415	-7.404563e+01
2416	-7.288166e+01
2417	-7.510353e+01
2418	-7.424249e+01
2419	-7.169493e+01
2420	-7.087453e+01
2421	-7.224712e+01
2422	-7.452873e+01
2423	-7.186188e+01
2424	-7.027295e+01
2425	-7.389499e+01
2426	-7.571787e+01
2427	-7.523127e+01
2428	-7.062148e+01
2429	-7.360442e+01
2430	-7.581670e+01
2431	-7.294184e+01
2432	-7.167921e+01
2433	-7.513430e+01
2434	-7.360450e+01
2435	-7.204340e+01
2436	-7.749483e+01
2437	-7.545281e+01
2438	-7.435238e+01
2439	-7.696951e+01
2440	-7.129759e+01
2441	-7.402567e+01
2442	-7.604399e+01
2443	-7.459905e+01
2444	-7.335152e+01
2445	-7.218047e+01
2446	-7.347267e+01
2447	-7.543446e+01
2448	-7.439462e+01
2449	-7.515551e+01
2450	-7.387138e+01
2451	-7.086423e+01
2452	-7.106298e+01
2453	-7.125808e+01
2454	-7.446854e+01
2455	-7.001457e+01
2456	-7.722778e+01
2457	-7.331040e+01
2458	-7.256516e+01
2459	-6.980296e+01
2460	-7.343301e+01
2461	-7.321386e+01
2462	-6.964814e+01
2463	-7.315058e+01
2464	-7.311735e+01
2465	-7.277794e+01
2466	-7.287349e+01
2467	-7.081168e+01
2468	-7.186085e+01
2469	-7.607908e+01
2470	-7.327413e+01
2471	-7.297811e+01
2472	-6.891426e+01
2473	-7.304309e+01
2474	-7.131998e+01
2475	-7.482222e+01
2476	-7.091300e+01
2477	-7.169214e+01
2478	-7.424453e+01
2479	-7.712701e+01
2480	-7.733715e+01
2481	-7.616273e+01
2482	-7.273240e+01
2483	-7.175121e+01
2484	-7.420540e+01
2485	-7.080243e+01
2486	-7.016863e+01
2487	-7.796196e+01
2488	-6.954337e+01
2489	-7.534236e+01
2490	-7.484289e+01
2491	-7.515014e+01
2492	-7.179889e+01
2493	-7.143706e+01
2494	-7.578020e+01
2495	-7.307956e+01
2496	-7.384303e+01
2497	-7.295747e+01
2498	-7.225223e+01
2499	-7.453075e+01
2500	-7.529050e+01
2501	-7.074104e+01
2502	-7.665235e+01
2503	-7.254310e+01
2504	-7.316606e+01
2505	-7.202480e+01
2506	-7.132805e+01
2507	-7.326343e+01
2508	-7.529291e+01
2509	-7.272931e+01
2510	-7.193018e+01
2511	-6.977820e+01
2512	-7.410160e+01
2513	-7.229183e+01
2514	-7.514781e+01
2515	-7.349290e+01
2516	-7.118020e+01
2517	-7.137124e+01
2518	-7.299447e+01
2519	-7.004924e+01
2520	-7.737917e+01
2521	-7.303381e+01
2522	-7.737502e+01
2523	-7.825175e+01
2524	-7.120387e+01
2525	-7.162096e+01
2526	-7.547749e+01
2527	-7.502787e+01
2528	-7.368714e+01
2529	-7.394984e+01
2530	-7.158590e+01
2531	-7.115237e+01
2532	-7.101009e+01
2533	-7.285502e+01
2534	-7.139879e+01
2535	-7.457744e+01
2536	-7.211053e+01
2537	-7.289109e+01
2538	-7.102370e+01
2539	-7.015410e+01
2540	-7.866789e+01
2541	-7.557816e+01
2542	-7.450080e+01
2543	-7.410527e+01
2544	-7.424758e+01
2545	-7.326955e+01
2546	-7.610628e+01
2547	-7.502509e+01
2548	-7.037740e+01
2549	-7.368121e+01
2550	-7.065796e+01
2551	-7.382962e+01
2552	-7.416875e+01
2553	-7.196360e+01
2554	-7.748076e+01
2555	-7.296114e+01
2556	-7.020422e+01
2557	-7.180639e+01
2558	-7.008117e+01
2559	-7.586881e+01
2560	-7.441296e+01
2561	-7.192134e+01
2562	-7.255707e+01
2563	-7.255072e+01
2564	-6.962549e+01
2565	-7.152858e+01
2566	-7.270584e+01
2567	-6.964496e+01
2568	-7.326425e+01
2569	-7.258005e+01
2570	-7.340784e+01
2571	-7.233927e+01
2572	-7.205094e+01
2573	-7.532764e+01
2574	-7.239096e+01
2575	-7.544071e+01
2576	-7.080304e+01
2577	-7.109096e+01
2578	-7.046082e+01
2579	-7.553037e+01
2580	-7.438866e+01
2581	-7.270040e+01
2582	-7.541124e+01
2583	-7.246767e+01
2584	-7.002170e+01
2585	-7.157721e+01
2586	-7.160851e+01
2587	-7.146948e+01
2588	-7.460418e+01
2589	-7.020328e+01
2590	-7.406538e+01
2591	-7.304717e+01
2592	-7.203809e+01
2593	-7.247845e+01
2594	-7.212320e+01
2595	-7.436293e+01
2596	-7.238434e+01
2597	-6.994954e+01
2598	-7.254635e+01
2599	-7.727600e+01
2600	-7.475222e+01
2601	-7.485762e+01
2602	-7.503420e+01
2603	-7.554300e+01
2604	-7.404095e+01
2605	-7.622515e+01
2606	-7.577096e+01
2607	-7.456108e+01
2608	-7.511504e+01
2609	-7.058339e+01
2610	-7.086361e+01
2611	-7.297862e+01
2612	-7.397762e+01
2613	-7.111446e+01
2614	-7.400564e+01
2615	-7.598255e+01
2616	-7.277298e+01
2617	-7.108869e+01
2618	-7.230376e+01
2619	-7.529443e+01
2620	-7.350334e+01
2621	-7.544776e+01
2622	-7.596723e+01
2623	-7.591707e+01
2624	-6.965803e+01
2625	-7.940472e+01
2626	-7.484796e+01
2627	-7.321037e+01
2628	-7.668836e+01
2629	-7.388052e+01
2630	-7.148045e+01
2631	-7.334497e+01
2632	-7.283833e+01
2633	-7.135566e+01
2634	-7.409267e+01
2635	-7.352253e+01
2636	-7.590386e+01
2637	-7.022327e+01
2638	-7.134626e+01
2639	-7.522373e+01
2640	-7.555462e+01
2641	-7.736715e+01
2642	-7.138056e+01
2643	-7.288428e+01
2644	-7.234972e+01
2645	-7.208071e+01
2646	-7.661139e+01
2647	-7.195250e+01
2648	-7.600545e+01
2649	-7.248038e+01
2650	-7.512640e+01
2651	-7.158816e+01
2652	-7.212388e+01
2653	-7.080308e+01
2654	-7.202163e+01
2655	-7.433353e+01
2656	-7.298535e+01
2657	-7.399541e+01
2658	-7.552273e+01
2659	-7.472905e+01
2660	-7.414341e+01
2661	-7.063970e+01
2662	-7.310231e+01
2663	-7.744451e+01
2664	-7.384738e+01
2665	-7.437463e+01
2666	-7.120331e+01
2667	-7.436121e+01
2668	-7.542966e+01
2669	-7.547963e+01
2670	-7.530305e+01
2671	-7.008033e+01
2672	-7.575206e+01
2673	-7.286174e+01
2674	-7.275446e+01
2675	-7.159790e+01
2676	-7.158096e+01
2677	-7.105433e+01
2678	-7.154969e+01
2679	-7.678714e+01
2680	-6.878998e+01
2681	-7.626735e+01
2682	-7.288520e+01
2683	-7.233764e+01
2684	-7.285363e+01
2685	-7.318705e+01
2686	-7.765106e+01
2687	-7.394601e+01
2688	-7.554684e+01
2689	-7.309598e+01
2690	-7.077444e+01
2691	-7.465160e+01
2692	-7.092241e+01
2693	-7.239991e+01
2694	-7.331710e+01
2695	-7.540935e+01
2696	-7.181044e+01
2697	-7.153003e+01
2698	-7.262120e+01
2699	-7.207342e+01
2700	-7.364827e+01
2701	-7.464009e+01
2702	-7.176948e+01
2703	-7.127455e+01
2704	-7.500156e+01
2705	-7.443422e+01
2706	-7.266255e+01
2707	-7.229348e+01
2708	-7.425739e+01
2709	-7.158727e+01
2710	-7.194170e+01
2711	-7.310335e+01
2712	-7.414076e+01
2713	-7.241942e+01
2714	-7.313981e+01
2715	-7.353428e+01
2716	-7.198005e+01
2717	-7.261018e+01
2718	-7.226950e+01
2719	-7.373972e+01
2720	-7.139898e+01
2721	-7.088894e+01
2722	-7.303130e+01
2723	-7.207026e+01
2724	-7.190663e+01
2725	-7.667365e+01
2726	-7.098304e+01
2727	-7.300264e+01
2728	-7.358436e+01
2729	-7.109081e+01
2730	-7.228275e+01
2731	-7.458299e+01
2732	-7.116198e+01
2733	-7.394352e+01
2734	-7.351351e+01
2735	-7.210320e+01
2736	-7.443410e+01
2737	-7.334406e+01
2738	-7.486302e+01
2739	-7.642881e+01
2740	-7.546633e+01
2741	-7.223387e+01
2742	-7.160274e+01
2743	-7.800978e+01
2744	-7.287951e+01
2745	-7.334969e+01
2746	-7.598690e+01
2747	-7.652983e+01
2748	-7.076154e+01
2749	-7.347161e+01
2750	-7.242401e+01
2751	-7.293558e+01
2752	-7.490390e+01
2753	-7.283869e+01
2754	-7.634517e+01
2755	-7.199297e+01
2756	-7.203625e+01
2757	-6.987512e+01
2758	-7.159671e+01
2759	-7.024330e+01
2760	-7.363410e+01
2761	-7.334088e+01
2762	-7.339550e+01
2763	-7.405739e+01
2764	-7.133032e+01
2765	-7.770952e+01
2766	-7.213800e+01
2767	-7.324046e+01
2768	-6.863280e+01
2769	-7.139896e+01
2770	-7.191746e+01
2771	-7.325266e+01
2772	-7.025345e+01
2773	-7.365207e+01
2774	-7.330775e+01
2775	-7.331712e+01
2776	-7.141544e+01
2777	-7.564949e+01
2778	-7.654887e+01
2779	-7.316053e+01
2780	-7.419361e+01
2781	-7.404975e+01
2782	-7.502553e+01
2783	-7.124759e+01
2784	-6.787631e+01
2785	-7.143514e+01
2786	-7.070552e+01
2787	-7.395432e+01
2788	-7.345843e+01
2789	-7.062088e+01
2790	-7.537344e+01
2791	-7.492912e+01
2792	-7.228039e+01
2793	-7.539818e+01
2794	-7.421097e+01
2795	-7.391178e+01
2796	-7.254404e+01
2797	-7.270937e+01
2798	-7.452140e+01
2799	-7.680031e+01
2800	-7.282118e+01
2801	-7.132094e+01
2802	-7.783530e+01
2803	-7.247123e+01
2804	-7.480254e+01
2805	-7.328895e+01
2806	-7.194808e+01
2807	-7.622846e+01
2808	-7.101483e+01
2809	-7.352683e+01
2810	-7.310700e+01
2811	-7.518596e+01
2812	-7.173184e+01
2813	-7.330526e+01
2814	-7.594436e+01
2815	-7.357784e+01
2816	-7.381016e+01
2817	-7.616112e+01
2818	-7.566188e+01
2819	-7.079171e+01
2820	-7.071046e+01
2821	-7.446012e+01
2822	-7.264581e+01
2823	-7.120760e+01
2824	-7.424455e+01
2825	-7.016400e+01
2826	-7.581229e+01
2827	-7.413238e+01
2828	-7.574671e+01
2829	-7.771663e+01
2830	-7.801564e+01
2831	-7.456680e+01
2832	-7.155980e+01
2833	-7.574416e+01
2834	-7.401418e+01
2835	-7.582510e+01
2836	-7.362223e+01
2837	-7.306605e+01
2838	-7.345617e+01
2839	-7.374755e+01
2840	-7.563680e+01
2841	-7.155536e+01
2842	-7.406373e+01
2843	-7.284501e+01
2844	-7.388981e+01
2845	-7.525081e+01
2846	-7.196201e+01
2847	-7.162052e+01
2848	-7.353607e+01
2849	-7.107364e+01
2850	-7.133042e+01
2851	-7.168151e+01
2852	-7.545839e+01
2853	-7.369730e+01
2854	-7.020513e+01
2855	-7.573373e+01
2856	-7.464466e+01
2857	-7.179018e+01
2858	-7.185852e+01
2859	-7.155545e+01
2860	-7.713766e+01
2861	-7.346356e+01
2862	-7.305729e+01
2863	-7.204485e+01
2864	-7.238730e+01
2865	-7.683918e+01
2866	-7.307844e+01
2867	-7.256010e+01
2868	-7.217981e+01
2869	-7.318676e+01
2870	-7.193591e+01
2871	-7.453134e+01
2872	-7.115254e+01
2873	-6.969940e+01
2874	-7.409996e+01
2875	-7.114729e+01
2876	-7.385882e+01
2877	-7.178184e+01
2878	-7.436276e+01
2879	-7.305921e+01
2880	-7.386355e+01
2881	-7.481282e+01
2882	-7.373414e+01
2883	-7.461261e+01
2884	-7.523576e+01
2885	-7.408245e+01
2886	-7.744842e+01
2887	-7.275213e+01
2888	-7.575092e+01
2889	-7.146275e+01
2890	-7.160146e+01
2891	-7.156171e+01
2892	-7.519454e+01
2893	-7.336449e+01
2894	-7.512661e+01
2895	-7.285563e+01
2896	-7.623257e+01
2897	-7.363290e+01
2898	-7.008249e+01
2899	-7.408578e+01
2900	-7.125662e+01
2901	-7.135256e+01
2902	-7.327524e+01
2903	-7.393890e+01
2904	-7.409763e+01
2905	-7.627901e+01
2906	-7.242714e+01
2907	-7.210540e+01
2908	-7.427516e+01
2909	-7.462876e+01
2910	-7.337111e+01
2911	-7.022703e+01
2912	-7.496524e+01
2913	-7.288123e+01
2914	-6.966581e+01
2915	-7.341339e+01
2916	-7.270242e+01
2917	-7.080211e+01
2918	-7.435222e+01
2919	-7.335409e+01
2920	-7.051504e+01
2921	-7.409021e+01
2922	-7.328805e+01
2923	-6.970997e+01
2924	-7.066588e+01
2925	-7.208064e+01
2926	-7.269429e+01
2927	-7.577392e+01
2928	-7.451200e+01
2929	-6.907365e+01
2930	-7.185327e+01
2931	-7.033729e+01
2932	-7.417995e+01
2933	-7.349575e+01
2934	-7.423831e+01
2935	-7.199214e+01
2936	-7.098928e+01
2937	-7.514923e+01
2938	-7.437623e+01
2939	-7.398266e+01
2940	-7.363539e+01
2941	-7.290105e+01
2942	-7.099794e+01
2943	-7.078418e+01
2944	-7.222145e+01
2945	-7.358757e+01
2946	-7.551237e+01
2947	-7.043896e+01
2948	-7.250847e+01
2949	-7.634414e+01
2950	-7.204051e+01
2951	-7.298254e+01
2952	-7.094075e+01
2953	-7.261561e+01
2954	-7.457446e+01
2955	-7.347567e+01
2956	-7.412287e+01
2957	-7.576733e+01
2958	-7.093196e+01
2959	-7.215966e+01
2960	-7.211822e+01
2961	-7.305895e+01
2962	-7.329628e+01
2963	-7.143373e+01
2964	-7.462293e+01
2965	-7.181523e+01
2966	-7.126213e+01
2967	-7.499185e+01
2968	-7.471492e+01
2969	-7.332922e+01
2970	-7.268724e+01
2971	-7.244344e+01
2972	-7.600134e+01
2973	-7.213706e+01
2974	-7.467266e+01
2975	-7.580723e+01
2976	-7.593985e+01
2977	-7.208836e+01
2978	-7.259658e+01
2979	-7.283305e+01
2980	-7.544950e+01
2981	-7.522861e+01
2982	-6.984035e+01
2983	-7.270564e+01
2984	-7.568463e+01
2985	-7.197345e+01
2986	-7.746255e+01
2987	-7.143474e+01
2988	-7.359614e+01
2989	-7.076758e+01
2990	-7.601291e+01
2991	-7.277399e+01
2992	-7.583134e+01
2993	-7.489524e+01
2994	-7.097069e+01
2995	-7.416231e+01
2996	-7.458105e+01
2997	-7.347551e+01
2998	-7.430939e+01
2999	-7.761154e+01
3000	-6.988592e+01
3001	-7.444347e+01
3002	-7.237938e+01
3003	-7.250686e+01
3004	-7.549285e+01
3005	-7.541137e+01
3006	-7.656723e+01
3007	-7.252682e+01
3008	-7.063499e+01
3009	-7.575415e+01
3010	-7.153895e+01
3011	-7.278628e+01
3012	-7.686973e+01
3013	-7.152479e+01
3014	-7.647009e+01
3015	-7.216108e+01
3016	-7.381857e+01
3017	-7.123928e+01
3018	-7.354178e+01
3019	-7.597935e+01
3020	-7.027325e+01
3021	-7.779132e+01
3022	-7.184947e+01
3023	-7.516725e+01
3024	-7.463061e+01
3025	-7.478210e+01
3026	-7.302571e+01
3027	-7.312793e+01
3028	-7.420513e+01
3029	-7.517856e+01
3030	-7.284224e+01
3031	-7.422110e+01
3032	-7.609596e+01
3033	-7.291836e+01
3034	-7.633873e+01
3035	-7.251152e+01
3036	-7.054375e+01
3037	-7.646993e+01
3038	-7.685469e+01
3039	-7.077261e+01
3040	-7.116091e+01
3041	-7.096197e+01
3042	-7.183606e+01
3043	-7.743447e+01
3044	-7.710906e+01
3045	-7.514139e+01
3046	-7.194823e+01
3047	-7.336497e+01
3048	-7.485127e+01
3049	-7.165913e+01
3050	-7.151012e+01
3051	-7.182458e+01
3052	-7.059989e+01
3053	-7.165791e+01
3054	-7.186698e+01
3055	-7.365435e+01
3056	-7.214906e+01
3057	-7.343782e+01
3058	-7.179738e+01
3059	-7.084036e+01
3060	-7.456602e+01
3061	-7.400793e+01
3062	-7.415274e+01
3063	-7.576221e+01
3064	-7.392093e+01
3065	-7.193104e+01
3066	-7.333163e+01
3067	-7.315260e+01
3068	-7.255413e+01
3069	-7.726927e+01
3070	-7.381128e+01
3071	-7.515321e+01
3072	-7.477864e+01
3073	-7.414020e+01
3074	-7.292391e+01
3075	-7.454065e+01
3076	-7.172722e+01
3077	-7.195769e+01
3078	-7.390101e+01
3079	-7.356238e+01
3080	-7.203299e+01
3081	-7.430103e+01
3082	-7.251422e+01
3083	-7.348050e+01
3084	-7.143827e+01
3085	-7.268075e+01
3086	-7.371595e+01
3087	-7.392043e+01
3088	-7.800111e+01
3089	-7.294351e+01
3090	-7.650642e+01
3091	-7.294900e+01
3092	-7.329071e+01
3093	-7.304358e+01
3094	-7.596970e+01
3095	-7.415226e+01
3096	-7.228337e+01
3097	-7.041995e+01
3098	-7.345208e+01
3099	-7.264282e+01
3100	-7.318676e+01
3101	-7.261399e+01
3102	-7.028668e+01
3103	-6.965614e+01
3104	-7.330986e+01
3105	-7.015026e+01
3106	-7.748489e+01
3107	-6.956998e+01
3108	-7.373672e+01
3109	-7.508757e+01
3110	-7.409669e+01
3111	-7.333100e+01
3112	-7.139769e+01
3113	-7.550351e+01
3114	-7.433521e+01
3115	-7.635752e+01
3116	-7.521647e+01
3117	-7.166264e+01
3118	-7.225991e+01
3119	-7.639500e+01
3120	-7.122321e+01
3121	-7.405689e+01
3122	-7.459678e+01
3123	-7.392618e+01
3124	-7.429819e+01
3125	-7.327536e+01
3126	-7.411826e+01
3127	-7.216649e+01
3128	-7.078646e+01
3129	-7.403249e+01
3130	-7.422354e+01
3131	-7.378814e+01
3132	-7.578460e+01
3133	-7.484668e+01
3134	-7.124969e+01
3135	-7.167085e+01
3136	-7.666021e+01
3137	-7.771256e+01
3138	-7.485419e+01
3139	-7.095651e+01
3140	-7.306615e+01
3141	-7.331651e+01
3142	-7.559690e+01
3143	-7.252554e+01
3144	-7.394636e+01
3145	-7.297745e+01
3146	-7.578261e+01
3147	-7.220240e+01
3148	-7.477929e+01
3149	-7.324167e+01
3150	-7.065112e+01
3151	-7.323505e+01
3152	-7.584177e+01
3153	-7.252776e+01
3154	-7.222082e+01
3155	-7.149789e+01
3156	-6.987389e+01
3157	-6.950679e+01
3158	-7.167965e+01
3159	-7.327994e+01
3160	-7.293325e+01
3161	-7.065770e+01
3162	-7.429819e+01
3163	-7.344452e+01
3164	-7.191536e+01
3165	-7.284020e+01
3166	-7.408592e+01
3167	-7.292376e+01
3168	-7.330027e+01
3169	-7.201948e+01
3170	-7.039837e+01
3171	-7.328317e+01
3172	-7.739720e+01
3173	-7.226925e+01
3174	-7.519839e+01
3175	-7.338797e+01
3176	-7.155468e+01
3177	-7.746010e+01
3178	-7.124241e+01
3179	-7.687788e+01
3180	-7.418499e+01
3181	-7.081799e+01
3182	-7.595716e+01
3183	-7.493802e+01
3184	-7.287308e+01
3185	-7.348789e+01
3186	-7.632107e+01
3187	-7.295204e+01
3188	-7.320933e+01
3189	-7.256345e+01
3190	-7.636573e+01
3191	-7.311347e+01
3192	-7.466144e+01
3193	-7.400651e+01
3194	-7.441308e+01
3195	-7.183241e+01
3196	-7.684941e+01
3197	-7.354135e+01
3198	-7.559318e+01
3199	-7.432445e+01
3200	-7.019384e+01
3201	-7.583964e+01
3202	-7.414421e+01
3203	-7.282328e+01
3204	-7.407761e+01
3205	-7.650413e+01
3206	-7.309655e+01
3207	-7.161878e+01
3208	-7.358991e+01
3209	-7.652452e+01
3210	-7.491264e+01
3211	-7.624809e+01
3212	-7.254561e+01
3213	-6.985903e+01
3214	-7.235697e+01
3215	-7.190019e+01
3216	-7.475767e+01
3217	-7.322894e+01
3218	-7.298780e+01
3219	-7.379492e+01
3220	-7.712698e+01
3221	-7.216989e+01
3222	-7.303551e+01
3223	-7.257457e+01
3224	-7.012320e+01
3225	-7.352513e+01
3226	-7.249444e+01
3227	-7.249386e+01
3228	-7.414324e+01
3229	-7.305024e+01
3230	-7.323682e+01
3231	-7.453098e+01
3232	-7.157745e+01
3233	-7.217963e+01
3234	-7.221227e+01
3235	-7.442310e+01
3236	-7.122606e+01
3237	-7.390531e+01
3238	-7.479335e+01
3239	-7.036575e+01
3240	-7.499951e+01
3241	-7.257172e+01
3242	-7.730752e+01
3243	-7.424676e+01
3244	-7.326614e+01
3245	-7.473112e+01
3246	-7.413857e+01
3247	-7.430273e+01
3248	-7.301788e+01
3249	-7.308032e+01
3250	-7.130795e+01
3251	-7.781543e+01
3252	-7.121386e+01
3253	-7.463206e+01
3254	-6.875996e+01
3255	-7.091952e+01
3256	-7.207754e+01
3257	-7.255123e+01
3258	-7.331200e+01
3259	-7.392253e+01
3260	-7.284339e+01
3261	-7.449410e+01
3262	-7.301760e+01
3263	-7.332192e+01
3264	-7.805483e+01
3265	-7.658922e+01
3266	-7.521382e+01
3267	-7.391902e+01
3268	-7.326262e+01
3269	-7.488519e+01
3270	-7.414520e+01
3271	-7.066809e+01
3272	-7.604972e+01
3273	-7.810030e+01
3274	-7.218877e+01
3275	-7.177395e+01
3276	-7.053963e+01
3277	-7.285826e+01
3278	-7.812828e+01
3279	-7.334877e+01
3280	-7.364360e+01
3281	-7.182726e+01
3282	-7.532579e+01
3283	-7.068045e+01
3284	-7.469069e+01
3285	-7.517710e+01
3286	-7.190623e+01
3287	-7.285487e+01
3288	-7.337244e+01
3289	-7.299974e+01
3290	-6.903251e+01
3291	-7.512231e+01
3292	-7.658777e+01
3293	-7.533902e+01
3294	-7.228477e+01
3295	-7.286997e+01
3296	-7.200698e+01
3297	-7.529636e+01
3298	-7.218476e+01
3299	-7.434880e+01
3300	-7.252781e+01
3301	-7.645628e+01
3302	-7.643959e+01
3303	-7.273423e+01
3304	-7.362133e+01
3305	-7.204919e+01
3306	-7.270157e+01
3307	-7.288792e+01
3308	-7.394922e+01
3309	-7.245216e+01
3310	-7.359997e+01
3311	-7.202488e+01
3312	-7.252544e+01
3313	-7.491514e+01
3314	-7.414232e+01
3315	-7.164563e+01
3316	-7.185882e+01
3317	-7.030925e+01
3318	-7.188954e+01
3319	-7.542361e+01
3320	-7.300789e+01
3321	-7.720968e+01
3322	-7.375296e+01
3323	-7.566777e+01
3324	-7.516462e+01
3325	-7.452421e+01
3326	-6.855067e+01
3327	-7.232608e+01
3328	-7.552377e+01
3329	-7.298649e+01
3330	-7.085681e+01
3331	-7.421062e+01
3332	-7.639793e+01
3333	-7.252843e+01
3334	-7.728387e+01
3335	-7.201899e+01
3336	-7.309936e+01
3337	-6.972908e+01
3338	-7.347532e+01
3339	-6.971210e+01
3340	-7.153534e+01
3341	-7.589663e+01
3342	-7.094114e+01
3343	-7.405556e+01
3344	-7.127238e+01
3345	-7.561849e+01
3346	-6.997516e+01
3347	-7.370429e+01
3348	-7.274020e+01
3349	-7.340973e+01
3350	-7.776290e+01
3351	-7.334722e+01
3352	-7.128323e+01
3353	-7.136393e+01
3354	-7.287883e+01
3355	-7.451197e+01
3356	-7.133963e+01
3357	-7.500309e+01
3358	-7.408463e+01
3359	-7.277341e+01
3360	-7.339497e+01
3361	-7.134392e+01
3362	-7.087110e+01
3363	-6.997423e+01
3364	-7.289873e+01
3365	-7.589061e+01
3366	-7.126047e+01
3367	-7.031542e+01
3368	-7.085904e+01
3369	-7.499325e+01
3370	-7.487192e+01
3371	-7.619650e+01
3372	-7.070647e+01
3373	-7.324144e+01
3374	-7.477258e+01
3375	-7.297146e+01
3376	-7.152123e+01
3377	-7.225216e+01
3378	-8.196297e+01
3379	-7.076444e+01
3380	-7.427056e+01
3381	-7.616840e+01
3382	-7.277421e+01
3383	-7.396658e+01
3384	-7.259561e+01
3385	-7.306447e+01
3386	-6.886498e+01
3387	-7.502556e+01
3388	-7.682995e+01
3389	-7.402748e+01
3390	-7.224213e+01
3391	-7.080290e+01
3392	-7.750831e+01
3393	-7.570845e+01
3394	-7.462425e+01
3395	-7.282804e+01
3396	-7.814726e+01
3397	-7.580299e+01
3398	-7.166162e+01
3399	-7.567035e+01
3400	-7.059826e+01
3401	-7.189788e+01
3402	-7.243250e+01
3403	-7.489766e+01
3404	-7.323837e+01
3405	-7.180460e+01
3406	-7.011099e+01
3407	-6.942855e+01
3408	-7.605468e+01
3409	-6.914080e+01
3410	-7.322889e+01
3411	-7.612523e+01
3412	-7.480619e+01
3413	-7.417943e+01
3414	-7.323983e+01
3415	-7.229847e+01
3416	-7.106268e+01
3417	-7.050529e+01
3418	-7.338988e+01
3419	-7.056730e+01
3420	-7.301883e+01
3421	-7.504530e+01
3422	-7.249391e+01
3423	-7.433213e+01
3424	-7.195597e+01
3425	-7.025697e+01
3426	-7.237570e+01
3427	-6.883047e+01
3428	-7.784228e+01
3429	-7.364140e+01
3430	-7.249253e+01
3431	-7.413447e+01
3432	-7.370833e+01
3433	-7.479038e+01
3434	-7.407015e+01
3435	-7.103920e+01
3436	-7.284424e+01
3437	-7.460977e+01
3438	-7.226938e+01
3439	-7.720605e+01
3440	-7.036368e+01
3441	-7.415061e+01
3442	-7.254763e+01
3443	-7.456154e+01
3444	-7.380030e+01
3445	-7.390220e+01
3446	-7.584405e+01
3447	-7.450351e+01
3448	-7.524446e+01
3449	-7.494702e+01
3450	-7.529956e+01
3451	-7.176286e+01
3452	-7.562665e+01
3453	-7.244344e+01
3454	-7.490415e+01
3455	-7.410826e+01
3456	-7.078068e+01
3457	-7.261851e+01
3458	-7.002894e+01
3459	-7.499999e+01
3460	-7.084168e+01
3461	-7.114949e+01
3462	-7.063390e+01
3463	-7.354833e+01
3464	-7.309307e+01
3465	-7.315245e+01
3466	-6.918251e+01
3467	-7.393541e+01
3468	-7.123899e+01
3469	-7.308325e+01
3470	-7.407789e+01
3471	-7.488415e+01
3472	-7.391645e+01
3473	-7.295033e+01
3474	-7.434962e+01
3475	-7.368000e+01
3476	-7.704652e+01
3477	-7.528287e+01
3478	-7.375609e+01
3479	-7.192000e+01
3480	-6.878011e+01
3481	-7.366255e+01
3482	-7.454420e+01
3483	-7.419975e+01
3484	-7.630837e+01
3485	-7.258688e+01
3486	-7.338095e+01
3487	-7.097910e+01
3488	-7.174254e+01
3489	-7.196633e+01
3490	-7.753020e+01
3491	-7.387701e+01
3492	-7.743049e+01
3493	-7.349078e+01
3494	-7.194330e+01
3495	-7.442150e+01
3496	-7.562951e+01
3497	-7.252208e+01
3498	-7.107457e+01
3499	-7.126766e+01
3500	-7.305678e+01
3501	-7.467981e+01
3502	-7.539374e+01
3503	-7.409431e+01
3504	-7.439114e+01
3505	-7.486593e+01
3506	-7.156985e+01
3507	-7.421283e+01
3508	-7.201476e+01
3509	-6.995759e+01
3510	-7.407288e+01
3511	-7.375481e+01
3512	-7.380644e+01
3513	-7.351907e+01
3514	-7.061868e+01
3515	-7.301262e+01
3516	-7.274440e+01
3517	-7.134834e+01
3518	-7.426576e+01
3519	-7.348109e+01
3520	-7.450165e+01
3521	-7.155921e+01
3522	-7.473644e+01
3523	-7.499460e+01
3524	-7.428905e+01
3525	-7.409248e+01
3526	-7.058237e+01
3527	-7.247848e+01
3528	-7.497453e+01
3529	-7.113386e+01
3530	-7.244480e+01
3531	-7.423092e+01
3532	-7.451258e+01
3533	-7.731338e+01
3534	-7.149235e+01
3535	-6.931425e+01
3536	-7.557100e+01
3537	-7.587588e+01
3538	-7.686443e+01
3539	-7.530795e+01
3540	-7.206130e+01
3541	-7.452214e+01
3542	-7.206736e+01
3543	-7.419365e+01
3544	-7.335767e+01
3545	-7.412179e+01
3546	-7.286336e+01
3547	-7.171279e+01
3548	-7.259130e+01
3549	-7.468589e+01
3550	-7.499574e+01
3551	-7.110709e+01
3552	-7.588272e+01
3553	-7.650672e+01
3554	-7.192070e+01
3555	-7.355092e+01
3556	-7.038030e+01
3557	-7.195413e+01
3558	-7.436655e+01
3559	-7.255491e+01
3560	-7.313026e+01
3561	-7.323790e+01
3562	-7.285272e+01
3563	-7.557238e+01
3564	-7.397984e+01
3565	-7.277133e+01
3566	-6.918765e+01
3567	-7.562294e+01
3568	-7.441421e+01
3569	-6.913517e+01
3570	-7.370544e+01
3571	-7.493061e+01
3572	-7.313137e+01
3573	-7.321377e+01
3574	-7.581191e+01
3575	-7.781964e+01
3576	-7.504036e+01
3577	-7.172284e+01
3578	-7.696522e+01
3579	-7.286514e+01
3580	-7.325322e+01
3581	-7.165353e+01
3582	-7.425723e+01
3583	-7.649266e+01
3584	-7.290951e+01
3585	-7.305235e+01
3586	-7.188978e+01
3587	-7.777985e+01
3588	-7.321088e+01
3589	-7.178048e+01
3590	-7.008393e+01
3591	-7.352442e+01
3592	-7.633207e+01
3593	-7.361539e+01
3594	-7.568461e+01
3595	-7.460819e+01
3596	-7.141082e+01
3597	-7.476866e+01
3598	-7.154951e+01
3599	-7.077719e+01
3600	-7.128083e+01
3601	-7.194278e+01
3602	-7.255610e+01
3603	-7.617146e+01
3604	-7.093070e+01
3605	-6.993358e+01
3606	-7.218675e+01
3607	-7.481533e+01
3608	-7.171847e+01
3609	-7.094512e+01
3610	-7.182551e+01
3611	-7.332045e+01
3612	-7.324663e+01
3613	-7.424102e+01
3614	-7.096425e+01
3615	-7.413139e+01
3616	-7.554047e+01
3617	-7.656395e+01
3618	-7.357489e+01
3619	-7.307450e+01
3620	-7.314315e+01
3621	-7.581499e+01
3622	-7.585032e+01
3623	-7.555413e+01
3624	-7.324140e+01
3625	-7.184007e+01
3626	-7.261016e+01
3627	-7.035756e+01
3628	-7.206561e+01
3629	-7.293099e+01
3630	-7.763845e+01
3631	-7.091618e+01
3632	-7.364348e+01
3633	-7.316587e+01
3634	-7.196736e+01
3635	-7.285547e+01
3636	-7.443386e+01
3637	-7.310580e+01
3638	-7.167570e+01
3639	-7.454471e+01
3640	-7.244517e+01
3641	-7.205619e+01
3642	-7.326021e+01
3643	-7.263190e+01
3644	-7.448436e+01
3645	-7.552505e+01
3646	-7.152485e+01
3647	-7.285550e+01
3648	-7.159522e+01
3649	-7.472137e+01
3650	-7.205013e+01
3651	-7.202187e+01
3652	-7.126154e+01
3653	-7.494170e+01
3654	-7.668572e+01
3655	-7.481242e+01
3656	-7.328562e+01
3657	-7.375818e+01
3658	-7.495846e+01
3659	-7.337264e+01
3660	-7.129642e+01
3661	-7.189680e+01
3662	-7.183095e+01
3663	-7.135689e+01
3664	-7.051411e+01
3665	-7.098256e+01
3666	-7.126806e+01
3667	-7.207961e+01
3668	-7.511880e+01
3669	-7.478064e+01
3670	-7.447978e+01
3671	-7.480413e+01
3672	-7.202825e+01
3673	-7.431830e+01
3674	-7.171673e+01
3675	-7.201920e+01
3676	-7.259635e+01
3677	-7.100928e+01
3678	-6.997453e+01
3679	-7.340130e+01
3680	-7.282436e+01
3681	-7.286507e+01
3682	-7.541906e+01
3683	-7.508025e+01
3684	-7.480492e+01
3685	-7.290192e+01
3686	-7.249683e+01
3687	-7.279990e+01
3688	-7.278303e+01
3689	-6.934924e+01
3690	-7.471851e+01
3691	-7.266356e+01
3692	-7.424808e+01
3693	-7.094175e+01
3694	-7.201161e+01
3695	-7.205043e+01
3696	-7.238737e+01
3697	-7.230765e+01
3698	-7.363805e+01
3699	-7.404804e+01
3700	-7.494341e+01
3701	-7.455761e+01
3702	-7.548947e+01
3703	-7.375150e+01
3704	-7.596724e+01
3705	-7.739366e+01
3706	-7.764328e+01
3707	-7.192295e+01
3708	-7.488840e+01
3709	-7.485188e+01
3710	-7.105950e+01
3711	-7.409955e+01
3712	-7.168102e+01
3713	-7.091702e+01
3714	-7.357215e+01
3715	-7.177212e+01
3716	-7.284060e+01
3717	-7.505736e+01
3718	-7.225966e+01
3719	-7.220350e+01
3720	-7.223173e+01
3721	-7.263881e+01
3722	-7.426488e+01
3723	-6.739231e+01
3724	-7.313104e+01
3725	-7.488482e+01
3726	-7.586374e+01
3727	-7.116145e+01
3728	-7.127512e+01
3729	-7.612350e+01
3730	-7.304422e+01
3731	-7.144194e+01
3732	-6.920171e+01
3733	-7.201989e+01
3734	-7.358413e+01
3735	-7.056879e+01
3736	-6.956172e+01
3737	-7.528555e+01
3738	-7.140940e+01
3739	-7.056320e+01
3740	-7.118330e+01
3741	-7.317507e+01
3742	-7.296906e+01
3743	-7.315971e+01
3744	-7.346627e+01
3745	-7.281074e+01
3746	-7.623001e+01
3747	-7.090312e+01
3748	-7.069572e+01
3749	-7.808347e+01
3750	-7.397349e+01
3751	-7.105311e+01
3752	-7.133778e+01
3753	-7.648121e+01
3754	-7.519593e+01
3755	-7.597991e+01
3756	-7.441215e+01
3757	-7.065179e+01
3758	-7.255166e+01
3759	-7.426716e+01
3760	-7.083435e+01
3761	-7.107036e+01
3762	-7.381510e+01
3763	-7.385233e+01
3764	-7.368342e+01
3765	-7.004139e+01
3766	-7.086931e+01
3767	-7.477696e+01
3768	-7.370499e+01
3769	-6.796309e+01
3770	-7.287331e+01
3771	-7.392198e+01
3772	-7.221322e+01
3773	-7.361849e+01
3774	-7.069448e+01
3775	-7.521017e+01
3776	-7.381014e+01
3777	-7.244229e+01
3778	-7.287758e+01
3779	-7.195765e+01
3780	-7.075485e+01
3781	-7.410096e+01
3782	-7.539564e+01
3783	-7.141326e+01
3784	-7.668230e+01
3785	-7.637001e+01
3786	-7.261571e+01
3787	-7.597446e+01
3788	-7.299842e+01
3789	-7.457960e+01
3790	-7.143572e+01
3791	-7.418652e+01
3792	-7.328609e+01
3793	-7.217145e+01
3794	-7.485327e+01
3795	-7.249671e+01
3796	-7.301462e+01
3797	-7.147182e+01
3798	-7.313572e+01
3799	-7.350983e+01
3800	-7.028755e+01
3801	-7.496216e+01
3802	-7.143243e+01
3803	-7.009589e+01
3804	-7.310744e+01
3805	-7.380397e+01
3806	-7.128563e+01
3807	-7.510342e+01
3808	-7.534701e+01
3809	-7.242190e+01
3810	-7.313810e+01
3811	-7.158259e+01
3812	-7.426941e+01
3813	-7.486295e+01
3814	-7.464232e+01
3815	-7.530081e+01
3816	-7.266707e+01
3817	-7.187271e+01
3818	-7.421930e+01
3819	-7.529156e+01
3820	-7.540170e+01
3821	-7.878396e+01
3822	-7.190720e+01
3823	-7.454146e+01
3824	-7.458197e+01
3825	-7.452789e+01
3826	-7.431453e+01
3827	-7.410250e+01
3828	-7.380617e+01
3829	-7.019345e+01
3830	-7.343695e+01
3831	-7.237168e+01
3832	-7.376355e+01
3833	-6.956235e+01
3834	-7.267178e+01
3835	-7.329633e+01
3836	-7.354393e+01
3837	-6.860951e+01
3838	-7.327159e+01
3839	-7.392338e+01
3840	-7.312558e+01
3841	-7.321625e+01
3842	-7.407500e+01
3843	-7.004332e+01
3844	-7.780854e+01
3845	-7.321505e+01
3846	-7.711894e+01
3847	-7.436344e+01
3848	-7.246061e+01
3849	-7.257831e+01
3850	-7.426420e+01
3851	-6.991789e+01
3852	-7.253199e+01
3853	-7.578462e+01
3854	-7.391811e+01
3855	-7.806604e+01
3856	-7.464581e+01
3857	-7.391647e+01
3858	-7.229217e+01
3859	-7.115478e+01
3860	-7.123306e+01
3861	-7.194551e+01
3862	-7.002966e+01
3863	-7.262969e+01
3864	-7.069676e+01
3865	-7.190615e+01
3866	-7.200373e+01
3867	-7.184811e+01
3868	-7.278067e+01
3869	-7.623371e+01
3870	-7.587723e+01
3871	-7.134093e+01
3872	-7.090669e+01
3873	-7.132580e+01
3874	-7.273951e+01
3875	-7.300521e+01
3876	-7.322721e+01
3877	-7.555191e+01
3878	-7.338735e+01
3879	-7.194401e+01
3880	-7.008405e+01
3881	-7.076590e+01
3882	-7.827416e+01
3883	-7.358300e+01
3884	-7.605274e+01
3885	-7.550252e+01
3886	-7.552421e+01
3887	-7.259528e+01
3888	-7.325660e+01
3889	-7.254846e+01
3890	-7.482186e+01
3891	-7.587137e+01
3892	-7.408535e+01
3893	-7.599010e+01
3894	-7.450060e+01
3895	-7.296181e+01
3896	-7.480455e+01
3897	-7.404866e+01
3898	-7.246321e+01
3899	-7.041529e+01
3900	-7.112029e+01
3901	-7.330094e+01
3902	-7.199358e+01
3903	-7.518931e+01
3904	-7.385917e+01
3905	-7.166107e+01
3906	-7.185919e+01
3907	-7.124447e+01
3908	-7.390494e+01
3909	-7.380658e+01
3910	-7.594656e+01
3911	-7.145585e+01
3912	-7.223446e+01
3913	-7.311687e+01
3914	-7.411666e+01
3915	-7.588567e+01
3916	-7.466790e+01
3917	-7.195733e+01
3918	-7.128370e+01
3919	-7.284703e+01
3920	-7.187417e+01
3921	-7.035266e+01
3922	-7.155352e+01
3923	-7.544567e+01
3924	-7.500169e+01
3925	-7.563108e+01
3926	-6.886195e+01
3927	-7.409856e+01
3928	-7.600751e+01
3929	-7.345538e+01
3930	-7.361098e+01
3931	-7.222928e+01
3932	-7.660467e+01
3933	-7.391842e+01
3934	-7.651854e+01
3935	-7.560450e+01
3936	-7.209505e+01
3937	-6.956678e+01
3938	-7.308374e+01
3939	-7.216565e+01
3940	-7.422690e+01
3941	-7.425482e+01
3942	-7.135129e+01
3943	-7.471567e+01
3944	-7.031824e+01
3945	-7.603604e+01
3946	-7.449513e+01
3947	-7.521773e+01
3948	-7.253881e+01
3949	-7.321108e+01
3950	-7.418768e+01
3951	-7.408232e+01
3952	-7.375904e+01
3953	-7.287589e+01
3954	-7.327290e+01
3955	-6.999947e+01
3956	-7.562534e+01
3957	-7.420830e+01
3958	-7.704581e+01
3959	-7.339028e+01
3960	-6.861583e+01
3961	-7.105219e+01
3962	-7.193323e+01
3963	-7.124777e+01
3964	-7.674348e+01
3965	-6.774804e+01
3966	-7.113791e+01
3967	-7.252540e+01
3968	-7.384267e+01
3969	-7.142359e+01
3970	-7.139854e+01
3971	-7.560701e+01
3972	-7.561273e+01
3973	-7.268819e+01
3974	-7.513838e+01
3975	-7.078643e+01
3976	-7.309189e+01
3977	-7.563981e+01
3978	-7.229085e+01
3979	-7.191006e+01
3980	-7.477669e+01
3981	-7.306381e+01
3982	-7.116273e+01
3983	-7.116124e+01
3984	-7.723089e+01
3985	-7.311163e+01
3986	-7.146457e+01
3987	-7.394078e+01
3988	-7.100435e+01
3989	-7.205618e+01
3990	-7.376751e+01
3991	-7.327911e+01
3992	-7.062253e+01
3993	-7.295717e+01
3994	-7.520032e+01
3995	-7.257254e+01
3996	-7.591094e+01
3997	-7.451043e+01
3998	-7.423763e+01
3999	-7.202122e+01
4000	-7.342357e+01
4001	-7.355277e+01
4002	-7.320736e+01
4003	-7.466874e+01
4004	-7.077603e+01
4005	-7.461295e+01
4006	-7.397515e+01
4007	-7.542260e+01
4008	-7.046926e+01
4009	-6.986752e+01
4010	-7.451680e+01
4011	-7.215851e+01
4012	-7.359823e+01
4013	-7.566512e+01
4014	-7.365344e+01
4015	-7.194648e+01
4016	-7.305176e+01
4017	-7.496848e+01
4018	-7.446411e+01
4019	-7.242788e+01
4020	-7.361937e+01
4021	-7.384072e+01
4022	-7.349820e+01
4023	-7.199154e+01
4024	-7.227521e+01
4025	-7.777096e+01
4026	-7.196080e+01
4027	-7.253511e+01
4028	-6.884290e+01
4029	-7.625443e+01
4030	-7.158916e+01
4031	-7.379921e+01
4032	-7.410770e+01
4033	-7.079278e+01
4034	-7.040674e+01
4035	-6.976731e+01
4036	-7.200850e+01
4037	-7.271268e+01
4038	-7.680748e+01
4039	-7.622350e+01
4040	-7.360287e+01
4041	-7.061214e+01
4042	-7.469396e+01
4043	-7.437249e+01
4044	-7.733783e+01
4045	-7.200960e+01
4046	-7.023021e+01
4047	-7.410734e+01
4048	-7.334846e+01
4049	-7.264112e+01
4050	-7.131646e+01
4051	-7.291463e+01
4052	-6.958404e+01
4053	-7.305479e+01
4054	-7.241816e+01
4055	-7.124533e+01
4056	-7.428387e+01
4057	-7.251246e+01
4058	-7.107939e+01
4059	-7.235833e+01
4060	-7.342948e+01
4061	-7.296905e+01
4062	-7.280800e+01
4063	-6.932146e+01
4064	-7.380278e+01
4065	-7.185915e+01
4066	-7.379011e+01
4067	-7.608074e+01
4068	-7.189969e+01
4069	-7.330473e+01
4070	-7.056479e+01
4071	-7.571859e+01
4072	-7.457656e+01
4073	-7.215030e+01
4074	-7.421737e+01
4075	-7.316991e+01
4076	-6.887917e+01
4077	-7.363627e+01
4078	-7.348385e+01
4079	-7.555013e+01
4080	-7.070487e+01
4081	-7.056494e+01
4082	-7.273202e+01
4083	-7.451787e+01
4084	-7.344527e+01
4085	-7.409629e+01
4086	-7.400619e+01
4087	-7.277682e+01
4088	-7.202214e+01
4089	-7.376289e+01
4090	-7.292135e+01
4091	-7.117521e+01
4092	-6.810293e+01
4093	-7.322203e+01
4094	-7.549991e+01
4095	-6.958162e+01
4096	-7.445444e+01
4097	-7.141332e+01
4098	-7.342633e+01
4099	-7.613335e+01
4100	-7.122661e+01
4101	-7.296598e+01
4102	-7.504390e+01
4103	-7.196570e+01
4104	-7.178320e+01
4105	-7.385359e+01
4106	-7.726897e+01
4107	-7.386233e+01
4108	-7.108697e+01
4109	-7.359089e+01
4110	-7.430235e+01
4111	-7.151161e+01
4112	-7.333420e+01
4113	-7.325171e+01
4114	-7.341463e+01
4115	-7.389147e+01
4116	-7.588880e+01
4117	-7.096969e+01
4118	-7.458815e+01
4119	-7.350844e+01
4120	-7.199631e+01
4121	-7.434596e+01
4122	-7.494844e+01
4123	-7.267824e+01
4124	-7.466931e+01
4125	-7.420399e+01
4126	-7.073591e+01
4127	-7.612531e+01
4128	-7.501050e+01
4129	-7.929050e+01
4130	-7.297377e+01
4131	-7.188554e+01
4132	-7.200077e+01
4133	-7.498445e+01
4134	-7.581591e+01
4135	-7.742901e+01
4136	-7.067733e+01
4137	-7.315762e+01
4138	-7.534047e+01
4139	-7.373716e+01
4140	-7.059180e+01
4141	-7.359653e+01
4142	-7.747193e+01
4143	-7.182676e+01
4144	-7.392478e+01
4145	-7.586628e+01
4146	-7.303442e+01
4147	-7.409158e+01
4148	-7.413980e+01
4149	-7.221329e+01
4150	-7.332949e+01
4151	-7.367541e+01
4152	-7.365587e+01
4153	-7.475070e+01
4154	-7.320683e+01
4155	-7.189436e+01
4156	-7.311389e+01
4157	-7.473566e+01
4158	-7.465221e+01
4159	-7.150822e+01
4160	-7.519516e+01
4161	-7.458235e+01
4162	-7.665013e+01
4163	-7.267323e+01
4164	-7.298316e+01
4165	-7.260919e+01
4166	-7.037114e+01
4167	-7.342744e+01
4168	-6.876383e+01
4169	-7.461220e+01
4170	-7.657288e+01
4171	-7.177494e+01
4172	-7.391993e+01
4173	-7.264892e+01
4174	-7.308426e+01
4175	-6.934282e+01
4176	-7.402307e+01
4177	-7.368495e+01
4178	-7.529982e+01
4179	-6.922683e+01
4180	-7.342881e+01
4181	-7.536495e+01
4182	-7.319752e+01
4183	-7.663632e+01
4184	-7.734581e+01
4185	-7.458721e+01
4186	-7.347250e+01
4187	-7.585551e+01
4188	-7.049377e+01
4189	-7.067232e+01
4190	-7.182178e+01
4191	-7.521567e+01
4192	-7.059534e+01
4193	-7.271105e+01
4194	-7.092457e+01
4195	-7.404151e+01
4196	-7.243903e+01
4197	-7.393179e+01
4198	-7.463552e+01
4199	-7.064217e+01
4200	-7.518979e+01
4201	-7.146538e+01
4202	-7.344322e+01
4203	-7.321730e+01
4204	-7.760169e+01
4205	-6.996176e+01
4206	-6.989728e+01
4207	-7.261890e+01
4208	-7.193397e+01
4209	-7.075836e+01
4210	-7.156493e+01
4211	-7.618399e+01
4212	-7.344232e+01
4213	-7.338026e+01
4214	-7.263728e+01
4215	-7.244043e+01
4216	-6.970148e+01
4217	-7.458013e+01
4218	-7.293590e+01
4219	-7.514097e+01
4220	-7.128133e+01
4221	-7.193103e+01
4222	-7.260623e+01
4223	-7.626028e+01
4224	-7.180001e+01
4225	-7.330590e+01
4226	-7.497450e+01
4227	-7.039613e+01
4228	-7.007128e+01
4229	-7.379297e+01
4230	-7.295657e+01
4231	-7.291073e+01
4232	-7.261260e+01
4233	-7.573104e+01
4234	-7.148176e+01
4235	-7.371631e+01
4236	-7.363248e+01
4237	-7.283429e+01
4238	-7.525040e+01
4239	-7.091592e+01
4240	-7.328834e+01
4241	-7.451265e+01
4242	-7.279192e+01
4243	-7.496333e+01
4244	-7.520641e+01
4245	-7.870454e+01
4246	-7.311770e+01
4247	-7.126512e+01
4248	-7.459719e+01
4249	-7.438368e+01
4250	-6.863156e+01
4251	-7.388362e+01
4252	-7.381064e+01
4253	-7.588386e+01
4254	-7.482588e+01
4255	-7.066617e+01
4256	-7.646783e+01
4257	-7.517942e+01
4258	-7.127486e+01
4259	-7.156727e+01
4260	-7.113602e+01
4261	-7.174207e+01
4262	-7.241890e+01
4263	-7.444089e+01
4264	-7.323085e+01
4265	-6.949303e+01
4266	-7.285960e+01
4267	-6.998654e+01
4268	-7.391210e+01
4269	-7.704188e+01
4270	-7.479370e+01
4271	-7.498752e+01
4272	-7.291641e+01
4273	-7.488074e+01
4274	-7.391138e+01
4275	-7.223136e+01
4276	-7.443020e+01
4277	-7.497949e+01
4278	-7.274012e+01
4279	-7.476843e+01
4280	-6.826209e+01
4281	-7.425704e+01
4282	-7.390644e+01
4283	-7.443324e+01
4284	-7.512685e+01
4285	-7.240657e+01
4286	-7.196804e+01
4287	-7.303734e+01
4288	-7.586273e+01
4289	-7.410721e+01
4290	-7.251350e+01
4291	-7.456462e+01
4292	-7.416771e+01
4293	-7.202598e+01
4294	-7.428268e+01
4295	-7.239487e+01
4296	-7.003815e+01
4297	-7.517994e+01
4298	-7.465238e+01
4299	-7.539623e+01
4300	-7.637396e+01
4301	-7.217336e+01
4302	-7.273050e+01
4303	-7.093454e+01
4304	-7.120211e+01
4305	-7.396018e+01
4306	-7.382709e+01
4307	-7.045231e+01
4308	-7.506690e+01
4309	-7.389081e+01
4310	-7.302431e+01
4311	-6.944761e+01
4312	-7.291363e+01
4313	-7.315194e+01
4314	-7.456261e+01
4315	-7.571742e+01
4316	-7.097136e+01
4317	-7.158100e+01
4318	-7.339095e+01
4319	-7.475976e+01
4320	-7.170689e+01
4321	-7.307405e+01
4322	-7.388463e+01
4323	-7.151084e+01
4324	-6.947535e+01
4325	-7.336806e+01
4326	-6.862696e+01
4327	-7.416547e+01
4328	-7.346595e+01
4329	-7.527219e+01
4330	-7.209554e+01
4331	-7.454505e+01
4332	-7.048290e+01
4333	-7.510062e+01
4334	-7.367842e+01
4335	-7.270188e+01
4336	-6.842170e+01
4337	-7.481153e+01
4338	-7.619470e+01
4339	-7.236052e+01
4340	-7.224371e+01
4341	-7.055459e+01
4342	-7.103568e+01
4343	-7.281346e+01
4344	-7.389700e+01
4345	-7.512736e+01
4346	-7.097272e+01
4347	-7.302434e+01
4348	-7.343843e+01
4349	-7.547952e+01
4350	-7.055303e+01
4351	-7.481224e+01
4352	-7.227604e+01
4353	-7.349369e+01
4354	-6.957977e+01
4355	-7.200559e+01
4356	-7.413976e+01
4357	-7.509515e+01
4358	-7.356808e+01
4359	-7.437610e+01
4360	-7.758280e+01
4361	-7.288673e+01
4362	-7.084983e+01
4363	-7.384931e+01
4364	-7.395625e+01
4365	-7.372930e+01
4366	-7.697187e+01
4367	-7.093467e+01
4368	-7.130841e+01
4369	-7.468300e+01
4370	-7.482387e+01
4371	-7.466305e+01
4372	-7.251101e+01
4373	-7.273450e+01
4374	-7.362659e+01
4375	-7.066931e+01
4376	-7.341586e+01
4377	-7.263342e+01
4378	-7.282592e+01
4379	-7.420520e+01
4380	-7.318595e+01
4381	-7.425714e+01
4382	-7.356684e+01
4383	-6.945575e+01
4384	-7.350744e+01
4385	-7.412881e+01
4386	-7.278779e+01
4387	-7.598144e+01
4388	-7.047886e+01
4389	-7.144878e+01
4390	-6.987777e+01
4391	-7.224717e+01
4392	-7.524829e+01
4393	-7.148356e+01
4394	-7.618867e+01
4395	-7.679512e+01
4396	-7.317019e+01
4397	-7.380747e+01
4398	-7.161226e+01
4399	-7.491919e+01
4400	-7.414190e+01
4401	-7.403845e+01
4402	-7.258725e+01
4403	-7.477635e+01
4404	-7.058749e+01
4405	-7.260977e+01
4406	-7.342370e+01
4407	-7.620686e+01
4408	-7.217584e+01
4409	-7.283848e+01
4410	-7.440439e+01
4411	-6.827620e+01
4412	-7.275071e+01
4413	-7.281317e+01
4414	-7.155431e+01
4415	-7.144774e+01
4416	-7.189459e+01
4417	-7.511009e+01
4418	-7.231559e+01
4419	-7.615785e+01
4420	-7.422397e+01
4421	-7.360334e+01
4422	-7.277973e+01
4423	-7.331859e+01
4424	-7.284802e+01
4425	-7.404445e+01
4426	-7.343754e+01
4427	-7.432810e+01
4428	-7.621702e+01
4429	-7.475027e+01
4430	-7.176766e+01
4431	-7.493818e+01
4432	-7.194772e+01
4433	-7.248280e+01
4434	-7.605125e+01
4435	-7.493434e+01
4436	-7.561007e+01
4437	-7.045826e+01
4438	-7.444495e+01
4439	-7.336127e+01
4440	-7.041592e+01
4441	-7.275322e+01
4442	-7.343721e+01
4443	-7.120883e+01
4444	-7.057704e+01
4445	-7.270669e+01
4446	-7.299919e+01
4447	-7.338137e+01
4448	-7.045502e+01
4449	-7.213822e+01
4450	-7.245508e+01
4451	-7.199025e+01
4452	-7.357454e+01
4453	-7.486682e+01
4454	-7.217609e+01
4455	-7.146065e+01
4456	-7.838865e+01
4457	-7.611245e+01
4458	-7.527528e+01
4459	-7.573940e+01
4460	-7.240210e+01
4461	-7.156233e+01
4462	-7.587242e+01
4463	-7.134391e+01
4464	-7.698173e+01
4465	-7.115203e+01
4466	-7.053708e+01
4467	-7.383536e+01
4468	-7.177799e+01
4469	-7.341165e+01
4470	-7.546202e+01
4471	-7.628609e+01
4472	-7.577948e+01
4473	-7.430305e+01
4474	-7.579475e+01
4475	-7.223564e+01
4476	-7.190629e+01
4477	-7.491272e+01
4478	-7.114703e+01
4479	-7.149608e+01
4480	-7.412485e+01
4481	-7.008978e+01
4482	-7.090514e+01
4483	-7.417795e+01
4484	-7.466176e+01
4485	-7.220199e+01
4486	-7.425100e+01
4487	-7.543505e+01
4488	-7.560479e+01
4489	-7.240686e+01
4490	-7.589970e+01
4491	-7.023803e+01
4492	-7.353132e+01
4493	-7.803929e+01
4494	-7.433013e+01
4495	-7.662282e+01
4496	-7.445972e+01
4497	-7.331822e+01
4498	-7.469625e+01
4499	-7.345189e+01
4500	-7.199382e+01
4501	-7.692655e+01
4502	-7.242097e+01
4503	-7.073788e+01
4504	-7.702467e+01
4505	-7.245667e+01
4506	-7.058601e+01
4507	-7.359877e+01
4508	-7.434778e+01
4509	-7.468923e+01
4510	-7.167184e+01
4511	-7.317422e+01
4512	-7.102639e+01
4513	-7.374016e+01
4514	-7.212973e+01
4515	-7.041001e+01
4516	-7.098739e+01
4517	-7.398407e+01
4518	-7.547808e+01
4519	-7.482840e+01
4520	-7.180731e+01
4521	-7.480757e+01
4522	-7.368007e+01
4523	-7.575413e+01
4524	-7.417100e+01
4525	-7.371544e+01
4526	-7.537140e+01
4527	-7.682914e+01
4528	-7.433630e+01
4529	-7.084790e+01
4530	-7.117143e+01
4531	-7.549990e+01
4532	-7.490742e+01
4533	-7.517945e+01
4534	-7.765055e+01
4535	-7.108648e+01
4536	-7.656954e+01
4537	-7.959204e+01
4538	-7.631703e+01
4539	-7.237026e+01
4540	-7.437946e+01
4541	-7.257232e+01
4542	-7.156282e+01
4543	-7.123888e+01
4544	-7.269669e+01
4545	-7.342508e+01
4546	-7.365198e+01
4547	-7.317919e+01
4548	-7.132147e+01
4549	-6.940666e+01
4550	-7.094829e+01
4551	-7.271420e+01
4552	-7.431620e+01
4553	-7.459742e+01
4554	-7.126806e+01
4555	-7.437032e+01
4556	-7.352592e+01
4557	-7.165113e+01
4558	-7.459756e+01
4559	-7.449737e+01
4560	-7.227481e+01
4561	-7.756471e+01
4562	-7.176851e+01
4563	-7.554882e+01
4564	-7.271603e+01
4565	-7.362145e+01
4566	-7.314103e+01
4567	-7.235595e+01
4568	-7.529299e+01
4569	-7.374024e+01
4570	-7.437513e+01
4571	-7.228566e+01
4572	-7.194849e+01
4573	-7.325228e+01
4574	-7.269496e+01
4575	-7.841447e+01
4576	-7.376229e+01
4577	-7.594508e+01
4578	-7.278660e+01
4579	-7.372648e+01
4580	-7.575963e+01
4581	-7.447074e+01
4582	-7.408816e+01
4583	-7.269450e+01
4584	-7.481247e+01
4585	-7.162652e+01
4586	-7.145417e+01
4587	-7.624930e+01
4588	-7.440370e+01
4589	-7.388510e+01
4590	-7.390603e+01
4591	-7.229594e+01
4592	-7.243624e+01
4593	-7.802068e+01
4594	-7.671477e+01
4595	-7.933840e+01
4596	-7.582663e+01
4597	-7.423607e+01
4598	-7.648365e+01
4599	-7.267864e+01
4600	-7.491158e+01
4601	-7.417365e+01
4602	-7.628722e+01
4603	-7.097587e+01
4604	-7.423054e+01
4605	-7.333301e+01
4606	-7.509888e+01
4607	-7.117310e+01
4608	-7.579849e+01
4609	-7.677377e+01
4610	-7.375602e+01
4611	-7.211113e+01
4612	-7.059826e+01
4613	-7.191745e+01
4614	-7.718005e+01
4615	-7.538471e+01
4616	-7.431558e+01
4617	-7.315602e+01
4618	-7.649339e+01
4619	-7.216351e+01
4620	-7.518924e+01
4621	-7.485410e+01
4622	-7.163821e+01
4623	-7.454000e+01
4624	-7.361425e+01
4625	-7.558328e+01
4626	-7.153315e+01
4627	-7.185160e+01
4628	-7.278464e+01
4629	-7.607405e+01
4630	-7.331243e+01
4631	-7.528390e+01
4632	-7.837638e+01
4633	-7.076258e+01
4634	-7.052209e+01
4635	-7.247831e+01
4636	-7.700304e+01
4637	-7.044641e+01
4638	-7.814971e+01
4639	-7.403483e+01
4640	-7.537545e+01
4641	-7.381988e+01
4642	-7.386113e+01
4643	-7.338695e+01
4644	-7.355302e+01
4645	-7.709654e+01
4646	-6.980510e+01
4647	-7.517119e+01
4648	-7.217731e+01
4649	-7.273903e+01
4650	-7.490003e+01
4651	-7.405022e+01
4652	-7.121731e+01
4653	-7.445905e+01
4654	-7.512126e+01
4655	-7.231237e+01
4656	-6.896385e+01
4657	-7.388595e+01
4658	-7.691208e+01
4659	-7.302540e+01
4660	-7.079426e+01
4661	-7.344452e+01
4662	-7.474472e+01
4663	-7.465214e+01
4664	-7.415824e+01
4665	-7.254527e+01
4666	-7.473470e+01
4667	-7.253528e+01
4668	-7.296272e+01
4669	-7.279842e+01
4670	-7.685469e+01
4671	-7.219429e+01
4672	-7.265223e+01
4673	-7.396969e+01
4674	-7.391866e+01
4675	-7.115236e+01
4676	-7.084212e+01
4677	-7.134489e+01
4678	-7.302417e+01
4679	-7.688509e+01
4680	-7.639945e+01
4681	-7.192195e+01
4682	-7.340954e+01
4683	-7.220300e+01
4684	-7.102170e+01
4685	-7.195883e+01
4686	-7.101604e+01
4687	-7.255386e+01
4688	-7.440295e+01
4689	-7.519823e+01
4690	-7.254661e+01
4691	-7.718554e+01
4692	-7.319583e+01
4693	-7.261421e+01
4694	-7.608830e+01
4695	-8.012114e+01
4696	-7.650845e+01
4697	-7.078703e+01
4698	-7.113281e+01
4699	-7.372457e+01
4700	-7.460000e+01
4701	-7.087890e+01
4702	-7.110862e+01
4703	-7.415038e+01
4704	-7.399531e+01
4705	-7.183820e+01
4706	-6.996629e+01
4707	-7.650240e+01
4708	-7.031627e+01
4709	-7.071170e+01
4710	-7.525549e+01
4711	-7.307752e+01
4712	-7.314885e+01
4713	-7.135226e+01
4714	-7.382084e+01
4715	-7.244008e+01
4716	-7.501628e+01
4717	-7.896202e+01
4718	-7.552639e+01
4719	-7.154436e+01
4720	-7.272543e+01
4721	-7.108707e+01
4722	-7.467083e+01
4723	-7.154695e+01
4724	-7.616346e+01
4725	-7.098006e+01
4726	-7.278848e+01
4727	-7.471183e+01
4728	-7.668051e+01
4729	-6.937481e+01
4730	-7.428666e+01
4731	-7.456341e+01
4732	-6.993342e+01
4733	-7.093097e+01
4734	-7.584769e+01
4735	-7.596746e+01
4736	-7.273769e+01
4737	-6.975989e+01
4738	-7.428576e+01
4739	-7.286932e+01
4740	-7.354904e+01
4741	-7.465671e+01
4742	-7.049651e+01
4743	-7.307250e+01
4744	-7.292986e+01
4745	-7.224921e+01
4746	-7.534610e+01
4747	-7.525536e+01
4748	-7.075428e+01
4749	-7.076590e+01
4750	-7.230476e+01
4751	-7.733881e+01
4752	-7.515742e+01
4753	-7.385225e+01
4754	-7.337129e+01
4755	-7.167258e+01
4756	-7.434450e+01
4757	-7.429949e+01
4758	-7.318057e+01
4759	-7.219337e+01
4760	-7.313515e+01
4761	-7.693393e+01
4762	-7.560066e+01
4763	-7.120233e+01
4764	-7.134829e+01
4765	-7.137964e+01
4766	-6.966004e+01
4767	-7.194888e+01
4768	-7.485564e+01
4769	-7.454295e+01
4770	-7.406727e+01
4771	-7.212841e+01
4772	-7.275179e+01
4773	-7.493259e+01
4774	-7.223446e+01
4775	-7.251332e+01
4776	-7.116302e+01
4777	-7.634342e+01
4778	-7.533190e+01
4779	-7.206140e+01
4780	-7.286201e+01
4781	-7.316261e+01
4782	-7.140107e+01
4783	-7.238906e+01
4784	-7.330763e+01
4785	-7.348146e+01
4786	-7.208044e+01
4787	-7.042876e+01
4788	-7.116851e+01
4789	-7.370990e+01
4790	-7.366528e+01
4791	-7.250830e+01
4792	-7.185946e+01
4793	-7.361153e+01
4794	-7.100779e+01
4795	-7.360905e+01
4796	-7.316335e+01
4797	-7.336662e+01
4798	-7.411385e+01
4799	-7.309006e+01
4800	-7.187086e+01
4801	-7.298613e+01
4802	-7.298476e+01
4803	-7.515614e+01
4804	-7.365211e+01
4805	-6.925160e+01
4806	-7.210934e+01
4807	-7.385181e+01
4808	-7.153332e+01
4809	-7.415749e+01
4810	-7.524248e+01
4811	-7.218808e+01
4812	-7.389552e+01
4813	-7.327448e+01
4814	-7.616979e+01
4815	-7.328213e+01
4816	-7.131238e+01
4817	-7.501457e+01
4818	-7.291571e+01
4819	-7.394547e+01
4820	-7.313537e+01
4821	-7.336751e+01
4822	-7.038082e+01
4823	-7.009964e+01
4824	-7.670370e+01
4825	-7.217849e+01
4826	-7.427083e+01
4827	-6.898238e+01
4828	-7.259440e+01
4829	-7.476209e+01
4830	-7.299288e+01
4831	-7.238282e+01
4832	-7.417482e+01
4833	-6.904978e+01
4834	-6.939094e+01
4835	-7.546133e+01
4836	-7.182388e+01
4837	-7.585567e+01
4838	-7.097119e+01
4839	-7.100094e+01
4840	-7.056624e+01
4841	-7.145904e+01
4842	-7.599744e+01
4843	-7.183800e+01
4844	-7.602668e+01
4845	-7.447607e+01
4846	-7.408714e+01
4847	-7.105409e+01
4848	-7.416707e+01
4849	-6.963877e+01
4850	-7.099627e+01
4851	-7.232010e+01
4852	-7.128181e+01
4853	-7.086941e+01
4854	-7.628733e+01
4855	-7.201560e+01
4856	-7.014487e+01
4857	-7.424185e+01
4858	-7.155419e+01
4859	-7.218507e+01
4860	-7.380395e+01
4861	-7.229233e+01
4862	-7.127002e+01
4863	-7.269924e+01
4864	-7.173041e+01
4865	-7.554774e+01
4866	-7.333923e+01
4867	-7.319626e+01
4868	-7.229538e+01
4869	-7.422504e+01
4870	-7.459615e+01
4871	-7.227619e+01
4872	-7.397069e+01
4873	-7.365464e+01
4874	-7.426658e+01
4875	-7.280733e+01
4876	-7.325156e+01
4877	-7.046875e+01
4878	-7.213289e+01
4879	-7.707842e+01
4880	-7.648819e+01
4881	-7.204429e+01
4882	-7.319777e+01
4883	-7.186357e+01
4884	-7.205831e+01
4885	-7.358497e+01
4886	-7.109372e+01
4887	-7.513525e+01
4888	-6.951305e+01
4889	-7.224447e+01
4890	-7.313809e+01
4891	-7.203195e+01
4892	-7.330564e+01
4893	-7.133076e+01
4894	-7.562611e+01
4895	-7.192737e+01
4896	-7.616838e+01
4897	-7.484148e+01
4898	-7.451719e+01
4899	-7.575449e+01
4900	-7.343376e+01
4901	-7.289585e+01
4902	-6.986512e+01
4903	-7.266763e+01
4904	-7.171718e+01
4905	-6.658396e+01
4906	-7.497885e+01
4907	-7.674158e+01
4908	-7.297761e+01
4909	-7.171166e+01
4910	-7.076003e+01
4911	-7.160967e+01
4912	-7.270568e+01
4913	-7.524616e+01
4914	-7.733438e+01
4915	-7.455874e+01
4916	-7.579348e+01
4917	-7.160507e+01
4918	-7.123434e+01
4919	-7.193586e+01
4920	-7.096496e+01
4921	-7.188412e+01
4922	-7.388212e+01
4923	-7.254134e+01
4924	-7.070934e+01
4925	-7.414915e+01
4926	-7.143817e+01
4927	-7.284649e+01
4928	-7.010908e+01
4929	-7.407267e+01
4930	-6.888722e+01
4931	-7.133936e+01
4932	-7.160389e+01
4933	-7.524523e+01
4934	-7.597447e+01
4935	-7.100327e+01
4936	-7.685174e+01
4937	-7.674449e+01
4938	-7.391235e+01
4939	-7.498243e+01
4940	-7.389381e+01
4941	-7.510757e+01
4942	-7.738263e+01
4943	-7.236405e+01
4944	-7.397271e+01
4945	-7.497982e+01
4946	-7.344406e+01
4947	-7.556515e+01
4948	-7.210229e+01
4949	-7.306102e+01
4950	-7.039775e+01
4951	-7.213539e+01
4952	-7.304515e+01
4953	-7.613146e+01
4954	-7.498348e+01
4955	-7.349308e+01
4956	-7.453916e+01
4957	-7.321430e+01
4958	-7.419610e+01
4959	-7.541832e+01
4960	-7.549681e+01
4961	-7.990689e+01
4962	-7.521797e+01
4963	-7.413383e+01
4964	-7.131673e+01
4965	-7.414705e+01
4966	-7.483720e+01
4967	-7.155006e+01
4968	-7.724923e+01
4969	-7.290712e+01
4970	-7.518680e+01
4971	-7.507773e+01
4972	-7.202881e+01
4973	-7.318497e+01
4974	-7.674409e+01
4975	-7.210538e+01
4976	-7.238619e+01
4977	-7.677139e+01
4978	-7.186177e+01
4979	-7.104989e+01
4980	-7.583124e+01
4981	-7.113515e+01
4982	-7.139878e+01
4983	-7.606587e+01
4984	-7.124945e+01
4985	-7.654698e+01
4986	-7.149936e+01
4987	-7.508371e+01
4988	-7.385504e+01
4989	-7.355149e+01
4990	-7.566957e+01
4991	-7.542112e+01
4992	-7.412940e+01
4993	-7.468898e+01
4994	-7.351008e+01
4995	-7.318678e+01
4996	-7.327715e+01
4997	-7.181529e+01
4998	-7.664523e+01
4999	-7.566755e+01
5000	-7.446125e+01
5001	-7.139625e+01
5002	-7.317197e+01
5003	-7.673021e+01
5004	-7.557563e+01
5005	-7.165173e+01
5006	-7.227789e+01
5007	-7.597808e+01
5008	-7.280330e+01
5009	-7.394315e+01
5010	-7.164728e+01
5011	-7.100265e+01
5012	-7.416430e+01
5013	-7.631021e+01
5014	-7.417035e+01
5015	-7.035310e+01
5016	-7.664901e+01
5017	-7.581831e+01
5018	-7.357817e+01
5019	-7.077753e+01
5020	-7.106984e+01
5021	-7.000358e+01
5022	-7.050826e+01
5023	-7.405599e+01
5024	-7.361217e+01
5025	-7.160778e+01
5026	-7.082212e+01
5027	-7.129262e+01
5028	-7.422220e+01
5029	-7.328979e+01
5030	-7.226584e+01
5031	-7.485322e+01
5032	-7.342811e+01
5033	-7.441247e+01
5034	-7.345225e+01
5035	-7.170135e+01
5036	-7.359716e+01
5037	-7.102747e+01
5038	-7.454564e+01
5039	-7.124146e+01
5040	-7.474820e+01
5041	-6.855821e+01
5042	-7.424463e+01
5043	-7.296404e+01
5044	-7.406266e+01
5045	-7.661803e+01
5046	-7.274572e+01
5047	-7.522310e+01
5048	-7.377382e+01
5049	-7.768237e+01
5050	-7.674626e+01
5051	-7.554784e+01
5052	-7.088676e+01
5053	-7.491205e+01
5054	-7.190295e+01
5055	-7.721021e+01
5056	-7.725112e+01
5057	-7.383702e+01
5058	-7.312992e+01
5059	-7.378430e+01
5060	-7.050957e+01
5061	-7.503856e+01
5062	-7.272490e+01
5063	-7.552305e+01
5064	-7.608586e+01
5065	-7.022123e+01
5066	-7.521844e+01
5067	-7.136436e+01
5068	-7.162218e+01
5069	-7.342336e+01
5070	-7.408343e+01
5071	-7.591475e+01
5072	-7.350770e+01
5073	-7.533764e+01
5074	-7.781596e+01
5075	-7.118031e+01
5076	-7.411686e+01
5077	-7.461682e+01
5078	-7.300660e+01
5079	-7.802875e+01
5080	-7.419069e+01
5081	-7.299120e+01
5082	-7.640584e+01
5083	-7.791767e+01
5084	-7.545054e+01
5085	-7.518258e+01
5086	-7.338015e+01
5087	-7.402000e+01
5088	-7.628312e+01
5089	-7.137282e+01
5090	-7.300919e+01
5091	-7.451520e+01
5092	-7.575640e+01
5093	-7.219189e+01
5094	-7.454895e+01
5095	-7.193947e+01
5096	-7.393133e+01
5097	-7.504138e+01
5098	-7.010941e+01
5099	-7.443379e+01
5100	-7.325133e+01
5101	-7.240986e+01
5102	-7.693660e+01
5103	-7.278756e+01
5104	-7.479222e+01
5105	-6.691474e+01
5106	-7.543557e+01
5107	-7.547747e+01
5108	-7.607739e+01
5109	-7.219793e+01
5110	-7.507563e+01
5111	-7.306001e+01
5112	-7.238566e+01
5113	-6.931275e+01
5114	-6.732832e+01
5115	-7.588139e+01
5116	-7.345466e+01
5117	-7.436747e+01
5118	-7.122878e+01
5119	-7.328455e+01
5120	-6.896227e+01
5121	-7.689114e+01
5122	-7.688550e+01
5123	-7.213127e+01
5124	-7.430618e+01
5125	-7.408913e+01
5126	-6.992804e+01
5127	-7.230784e+01
5128	-7.057177e+01
5129	-7.317350e+01
5130	-7.312787e+01
5131	-7.389177e+01
5132	-7.368871e+01
5133	-7.094252e+01
5134	-7.617323e+01
5135	-7.474714e+01
5136	-7.276851e+01
5137	-7.261782e+01
5138	-7.294972e+01
5139	-7.700743e+01
5140	-7.476244e+01
5141	-7.401947e+01
5142	-7.525388e+01
5143	-7.404372e+01
5144	-6.980814e+01
5145	-7.171941e+01
5146	-7.453059e+01
5147	-7.224514e+01
5148	-7.135159e+01
5149	-7.546594e+01
5150	-7.636721e+01
5151	-7.073095e+01
5152	-7.442377e+01
5153	-7.104658e+01
5154	-7.883673e+01
5155	-7.254789e+01
5156	-7.277996e+01
5157	-7.402549e+01
5158	-7.685252e+01
5159	-7.402494e+01
5160	-7.114245e+01
5161	-7.411222e+01
5162	-7.144645e+01
5163	-7.248850e+01
5164	-6.973390e+01
5165	-7.239129e+01
5166	-7.213735e+01
5167	-7.400052e+01
5168	-7.279864e+01
5169	-7.359062e+01
5170	-7.239829e+01
5171	-7.075691e+01
5172	-7.337378e+01
5173	-7.190881e+01
5174	-7.546604e+01
5175	-7.104160e+01
5176	-7.574985e+01
5177	-7.265061e+01
5178	-7.183954e+01
5179	-7.410726e+01
5180	-7.438678e+01
5181	-7.197540e+01
5182	-7.483160e+01
5183	-7.308129e+01
5184	-7.429495e+01
5185	-7.373213e+01
5186	-7.445618e+01
5187	-7.466255e+01
5188	-7.415100e+01
5189	-7.044652e+01
5190	-7.476354e+01
5191	-7.287419e+01
5192	-7.303275e+01
5193	-7.231592e+01
5194	-7.158171e+01
5195	-7.254103e+01
5196	-7.585405e+01
5197	-7.288602e+01
5198	-7.335305e+01
5199	-7.395022e+01
5200	-7.069262e+01
5201	-6.985404e+01
5202	-6.985925e+01
5203	-7.576026e+01
5204	-7.526571e+01
5205	-6.913824e+01
5206	-6.894325e+01
5207	-7.235378e+01
5208	-7.523667e+01
5209	-7.340792e+01
5210	-7.093585e+01
5211	-7.624872e+01
5212	-7.194214e+01
5213	-7.422638e+01
5214	-7.492725e+01
5215	-7.278004e+01
5216	-7.161784e+01
5217	-7.500513e+01
5218	-7.483097e+01
5219	-7.503070e+01
5220	-7.706241e+01
5221	-7.122702e+01
5222	-7.579873e+01
5223	-7.167353e+01
5224	-7.263787e+01
5225	-7.273041e+01
5226	-7.119255e+01
5227	-7.906218e+01
5228	-7.505777e+01
5229	-6.962024e+01
5230	-7.240208e+01
5231	-7.077140e+01
5232	-7.236324e+01
5233	-7.243489e+01
5234	-7.162996e+01
5235	-7.443508e+01
5236	-7.427908e+01
5237	-7.348909e+01
5238	-7.233934e+01
5239	-7.469138e+01
5240	-7.354716e+01
5241	-7.294788e+01
5242	-7.533067e+01
5243	-7.412137e+01
5244	-7.557882e+01
5245	-7.240524e+01
5246	-7.191930e+01
5247	-7.254464e+01
5248	-7.595849e+01
5249	-7.299428e+01
5250	-7.612177e+01
5251	-7.441964e+01
5252	-7.327404e+01
5253	-7.471260e+01
5254	-7.085786e+01
5255	-7.085872e+01
5256	-7.277779e+01
5257	-7.215821e+01
5258	-7.324315e+01
5259	-7.402997e+01
5260	-7.250812e+01
5261	-7.470104e+01
5262	-7.390419e+01
5263	-7.221740e+01
5264	-7.406841e+01
5265	-7.437475e+01
5266	-7.076618e+01
5267	-7.378650e+01
5268	-7.480668e+01
5269	-7.058615e+01
5270	-7.892523e+01
5271	-7.114724e+01
5272	-7.268693e+01
5273	-7.185115e+01
5274	-7.070823e+01
5275	-7.210505e+01
5276	-7.341400e+01
5277	-7.488065e+01
5278	-7.546307e+01
5279	-7.375473e+01
5280	-7.050263e+01
5281	-7.544515e+01
5282	-7.363277e+01
5283	-7.180960e+01
5284	-7.178728e+01
5285	-7.255652e+01
5286	-7.288118e+01
5287	-7.016886e+01
5288	-7.672733e+01
5289	-7.046852e+01
5290	-7.289159e+01
5291	-7.313854e+01
5292	-7.207311e+01
5293	-7.350764e+01
5294	-7.445955e+01
5295	-7.272814e+01
5296	-7.509910e+01
5297	-7.335150e+01
5298	-7.355075e+01
5299	-7.152018e+01
5300	-7.140365e+01
5301	-7.419764e+01
5302	-7.091257e+01
5303	-7.433452e+01
5304	-6.988471e+01
5305	-7.504171e+01
5306	-7.179680e+01
5307	-7.041516e+01
5308	-7.284912e+01
5309	-7.394888e+01
5310	-7.222152e+01
5311	-7.334692e+01
5312	-7.376574e+01
5313	-7.144607e+01
5314	-6.925072e+01
5315	-7.499563e+01
5316	-7.435137e+01
5317	-7.368850e+01
5318	-7.161196e+01
5319	-7.255661e+01
5320	-7.392417e+01
5321	-7.278869e+01
5322	-7.283237e+01
5323	-7.315954e+01
5324	-7.288422e+01
5325	-7.235032e+01
5326	-7.529632e+01
5327	-7.229373e+01
5328	-7.166432e+01
5329	-7.358541e+01
5330	-7.200856e+01
5331	-7.330473e+01
5332	-7.451145e+01
5333	-7.266489e+01
5334	-7.100157e+01
5335	-7.391883e+01
5336	-7.234086e+01
5337	-7.446839e+01
5338	-7.516241e+01
5339	-7.128923e+01
5340	-7.306076e+01
5341	-7.600814e+01
5342	-7.115810e+01
5343	-7.381633e+01
5344	-7.431023e+01
5345	-7.551579e+01
5346	-7.380161e+01
5347	-6.886307e+01
5348	-7.465070e+01
5349	-7.350196e+01
5350	-7.035985e+01
5351	-7.305260e+01
5352	-7.166335e+01
5353	-7.536382e+01
5354	-7.701588e+01
5355	-7.413139e+01
5356	-7.197190e+01
5357	-7.317425e+01
5358	-6.739021e+01
5359	-7.091740e+01
5360	-7.285737e+01
5361	-7.333742e+01
5362	-7.410572e+01
5363	-7.647997e+01
5364	-7.511424e+01
5365	-7.402966e+01
5366	-7.546904e+01
5367	-7.561489e+01
5368	-7.323623e+01
5369	-7.527570e+01
5370	-7.470685e+01
5371	-7.157822e+01
5372	-7.488753e+01
5373	-7.488655e+01
5374	-7.537085e+01
5375	-7.115009e+01
5376	-7.281410e+01
5377	-7.237717e+01
5378	-6.789222e+01
5379	-7.298083e+01
5380	-7.449063e+01
5381	-7.260494e+01
5382	-7.368347e+01
5383	-7.526790e+01
5384	-7.851623e+01
5385	-7.276304e+01
5386	-7.542007e+01
5387	-7.349820e+01
5388	-7.291924e+01
5389	-7.283645e+01
5390	-6.911020e+01
5391	-7.496325e+01
5392	-7.347237e+01
5393	-7.280110e+01
5394	-7.217829e+01
5395	-7.834917e+01
5396	-7.490793e+01
5397	-7.359826e+01
5398	-7.318106e+01
5399	-7.197579e+01
5400	-7.007397e+01
5401	-7.769804e+01
5402	-7.326217e+01
5403	-7.174527e+01
5404	-7.346969e+01
5405	-7.454365e+01
5406	-7.604316e+01
5407	-7.268123e+01
5408	-7.380701e+01
5409	-7.574286e+01
5410	-7.389809e+01
5411	-6.985162e+01
5412	-7.261169e+01
5413	-7.360987e+01
5414	-7.117848e+01
5415	-7.256325e+01
5416	-7.380734e+01
5417	-7.327055e+01
5418	-7.186671e+01
5419	-7.560807e+01
5420	-7.444555e+01
5421	-7.310146e+01
5422	-7.288065e+01
5423	-7.342676e+01
5424	-7.310242e+01
5425	-7.152674e+01
5426	-7.469529e+01
5427	-7.352437e+01
5428	-7.044057e+01
5429	-7.364629e+01
5430	-7.201041e+01
5431	-7.270554e+01
5432	-7.229507e+01
5433	-7.180005e+01
5434	-7.366268e+01
5435	-7.117469e+01
5436	-7.380878e+01
5437	-7.419898e+01
5438	-7.270174e+01
5439	-6.776374e+01
5440	-7.093746e+01
5441	-7.207716e+01
5442	-7.298698e+01
5443	-7.617236e+01
5444	-7.279186e+01
5445	-7.351524e+01
5446	-7.377140e+01
5447	-7.667634e+01
5448	-7.419565e+01
5449	-7.382600e+01
5450	-7.394971e+01
5451	-7.589764e+01
5452	-7.287872e+01
5453	-7.044940e+01
5454	-6.940774e+01
5455	-7.173149e+01
5456	-7.681595e+01
5457	-7.229364e+01
5458	-7.315213e+01
5459	-7.230218e+01
5460	-7.439330e+01
5461	-7.486643e+01
5462	-7.182828e+01
5463	-7.058910e+01
5464	-7.333428e+01
5465	-7.475288e+01
5466	-7.061259e+01
5467	-7.522898e+01
5468	-7.528195e+01
5469	-7.657597e+01
5470	-7.272128e+01
5471	-7.487582e+01
5472	-7.124528e+01
5473	-6.993821e+01
5474	-7.246790e+01
5475	-7.554571e+01
5476	-7.548249e+01
5477	-7.320073e+01
5478	-7.463719e+01
5479	-7.705571e+01
5480	-7.063069e+01
5481	-7.619979e+01
5482	-7.317033e+01
5483	-6.834475e+01
5484	-7.613685e+01
5485	-7.256507e+01
5486	-7.281078e+01
5487	-7.224188e+01
5488	-7.287382e+01
5489	-6.685585e+01
5490	-7.370547e+01
5491	-6.933012e+01
5492	-7.250683e+01
5493	-7.457576e+01
5494	-7.669848e+01
5495	-6.982722e+01
5496	-7.407965e+01
5497	-7.232272e+01
5498	-7.182485e+01
5499	-7.579050e+01
5500	-7.438313e+01
5501	-7.785702e+01
5502	-7.608419e+01
5503	-7.471178e+01
5504	-7.498535e+01
5505	-7.430513e+01
5506	-7.291470e+01
5507	-7.398431e+01
5508	-7.273688e+01
5509	-7.332649e+01
5510	-7.563856e+01
5511	-7.510587e+01
5512	-7.221822e+01
5513	-7.511563e+01
5514	-7.124237e+01
5515	-7.252626e+01
5516	-7.110827e+01
5517	-7.798712e+01
5518	-7.428119e+01
5519	-6.884905e+01
5520	-7.449730e+01
5521	-7.526579e+01
5522	-7.298754e+01
5523	-7.384239e+01
5524	-7.717528e+01
5525	-7.313390e+01
5526	-7.557625e+01
5527	-7.350675e+01
5528	-7.247981e+01
5529	-7.481554e+01
5530	-7.351767e+01
5531	-7.155891e+01
5532	-7.281377e+01
5533	-7.257579e+01
5534	-7.514742e+01
5535	-6.927519e+01
5536	-7.404715e+01
5537	-7.630201e+01
5538	-7.452629e+01
5539	-7.196490e+01
5540	-7.045677e+01
5541	-6.918833e+01
5542	-7.241028e+01
5543	-6.973144e+01
5544	-7.316149e+01
5545	-6.960808e+01
5546	-7.033553e+01
5547	-7.628575e+01
5548	-7.459657e+01
5549	-7.515073e+01
5550	-7.305452e+01
5551	-7.667199e+01
5552	-7.400375e+01
5553	-7.196192e+01
5554	-7.522741e+01
5555	-7.437793e+01
5556	-7.151810e+01
5557	-7.674945e+01
5558	-7.538435e+01
5559	-7.181382e+01
5560	-7.323806e+01
5561	-7.221804e+01
5562	-7.469098e+01
5563	-6.910033e+01
5564	-7.447988e+01
5565	-7.407601e+01
5566	-7.316475e+01
5567	-6.974593e+01
5568	-7.035424e+01
5569	-7.305479e+01
5570	-7.048056e+01
5571	-7.184587e+01
5572	-7.308593e+01
5573	-7.304260e+01
5574	-7.513582e+01
5575	-7.386520e+01
5576	-7.542942e+01
5577	-7.146333e+01
5578	-7.599626e+01
5579	-7.374893e+01
5580	-7.121394e+01
5581	-7.316254e+01
5582	-7.654921e+01
5583	-7.338303e+01
5584	-7.286260e+01
5585	-7.582317e+01
5586	-7.440360e+01
5587	-7.804505e+01
5588	-7.157056e+01
5589	-7.929949e+01
5590	-7.385676e+01
5591	-7.239703e+01
5592	-7.169134e+01
5593	-7.677908e+01
5594	-7.658249e+01
5595	-7.029639e+01
5596	-7.045955e+01
5597	-7.451218e+01
5598	-7.220978e+01
5599	-7.469320e+01
5600	-7.547709e+01
5601	-7.088839e+01
5602	-7.356295e+01
5603	-7.239270e+01
5604	-7.333339e+01
5605	-7.200780e+01
5606	-7.346927e+01
5607	-7.425298e+01
5608	-7.277311e+01
5609	-7.515790e+01
5610	-7.355805e+01
5611	-7.503283e+01
5612	-7.276017e+01
5613	-6.873890e+01
5614	-7.388634e+01
5615	-7.377171e+01
5616	-7.432669e+01
5617	-7.454447e+01
5618	-7.102536e+01
5619	-7.454685e+01
5620	-7.662691e+01
5621	-7.139106e+01
5622	-7.350410e+01
5623	-7.177924e+01
5624	-7.364915e+01
5625	-7.386404e+01
5626	-7.152266e+01
5627	-7.615688e+01
5628	-7.253461e+01
5629	-7.440115e+01
5630	-7.475531e+01
5631	-7.374199e+01
5632	-7.023981e+01
5633	-7.634365e+01
5634	-7.369253e+01
5635	-7.239291e+01
5636	-7.256443e+01
5637	-7.593377e+01
5638	-7.349263e+01
5639	-7.130563e+01
5640	-7.564176e+01
5641	-7.379846e+01
5642	-7.306477e+01
5643	-7.311021e+01
5644	-7.677607e+01
5645	-7.170456e+01
5646	-7.375020e+01
5647	-7.155870e+01
5648	-7.181767e+01
5649	-7.223209e+01
5650	-7.410250e+01
5651	-7.286287e+01
5652	-7.235148e+01
5653	-7.241058e+01
5654	-7.324438e+01
5655	-7.359665e+01
5656	-7.467124e+01
5657	-7.378687e+01
5658	-7.657595e+01
5659	-7.419258e+01
5660	-7.120784e+01
5661	-7.143413e+01
5662	-7.463094e+01
5663	-7.369719e+01
5664	-7.628454e+01
5665	-7.199776e+01
5666	-7.453640e+01
5667	-7.175913e+01
5668	-7.179249e+01
5669	-7.412143e+01
5670	-7.584533e+01
5671	-7.405979e+01
5672	-7.167773e+01
5673	-7.252665e+01
5674	-7.771541e+01
5675	-7.450050e+01
5676	-7.299080e+01
5677	-7.035118e+01
5678	-7.468760e+01
5679	-7.592558e+01
5680	-7.427857e+01
5681	-7.125319e+01
5682	-7.419717e+01
5683	-7.091086e+01
5684	-7.491594e+01
5685	-7.486910e+01
5686	-7.582066e+01
5687	-7.166247e+01
5688	-7.048667e+01
5689	-7.075784e+01
5690	-7.482397e+01
5691	-7.584331e+01
5692	-7.226918e+01
5693	-7.098223e+01
5694	-7.460601e+01
5695	-7.049418e+01
5696	-7.314360e+01
5697	-7.646422e+01
5698	-7.475866e+01
5699	-7.300078e+01
5700	-7.342482e+01
5701	-7.040962e+01
5702	-7.155812e+01
5703	-7.502575e+01
5704	-7.195496e+01
5705	-7.556529e+01
5706	-7.391260e+01
5707	-7.494518e+01
5708	-7.577676e+01
5709	-7.267851e+01
5710	-7.150823e+01
5711	-7.356553e+01
5712	-7.046605e+01
5713	-7.363891e+01
5714	-6.954227e+01
5715	-7.293517e+01
5716	-7.495268e+01
5717	-7.239907e+01
5718	-7.241777e+01
5719	-7.314170e+01
5720	-7.618978e+01
5721	-7.192866e+01
5722	-7.090892e+01
5723	-7.217990e+01
5724	-7.251494e+01
5725	-7.396188e+01
5726	-7.675569e+01
5727	-7.376276e+01
5728	-7.584433e+01
5729	-7.455203e+01
5730	-7.337198e+01
5731	-7.499523e+01
5732	-7.246097e+01
5733	-7.731468e+01
5734	-7.458612e+01
5735	-7.803321e+01
5736	-7.159992e+01
5737	-7.333707e+01
5738	-7.356720e+01
5739	-7.669355e+01
5740	-7.215463e+01
5741	-7.287589e+01
5742	-7.597971e+01
5743	-7.790592e+01
5744	-7.115317e+01
5745	-7.531087e+01
5746	-7.515118e+01
5747	-7.389065e+01
5748	-7.119730e+01
5749	-7.461881e+01
5750	-7.270418e+01
5751	-7.335301e+01
5752	-7.433652e+01
5753	-7.500082e+01
5754	-7.433773e+01
5755	-7.359769e+01
5756	-7.932810e+01
5757	-7.416081e+01
5758	-7.210098e+01
5759	-6.969836e+01
5760	-7.368554e+01
5761	-7.304302e+01
5762	-7.099010e+01
5763	-7.540962e+01
5764	-7.099837e+01
5765	-7.278005e+01
5766	-7.278451e+01
5767	-7.579643e+01
5768	-7.572275e+01
5769	-7.255544e+01
5770	-6.987524e+01
5771	-7.323491e+01
5772	-7.341695e+01
5773	-7.474442e+01
5774	-7.385844e+01
5775	-7.503582e+01
5776	-7.474900e+01
5777	-7.798241e+01
5778	-7.395868e+01
5779	-7.348742e+01
5780	-7.292873e+01
5781	-7.061334e+01
5782	-7.323742e+01
5783	-7.519237e+01
5784	-7.053728e+01
5785	-7.404036e+01
5786	-7.068332e+01
5787	-7.332860e+01
5788	-7.332810e+01
5789	-7.250400e+01
5790	-7.155816e+01
5791	-7.262892e+01
5792	-7.168658e+01
5793	-7.544091e+01
5794	-7.194303e+01
5795	-7.337180e+01
5796	-7.393311e+01
5797	-7.319365e+01
5798	-7.656790e+01
5799	-7.340390e+01
5800	-7.147566e+01
5801	-7.433259e+01
5802	-7.468904e+01
5803	-7.401612e+01
5804	-7.232826e+01
5805	-6.883957e+01
5806	-7.210160e+01
5807	-7.203644e+01
5808	-7.701559e+01
5809	-7.376311e+01
5810	-7.172649e+01
5811	-7.324913e+01
5812	-7.308136e+01
5813	-7.204505e+01
5814	-7.292915e+01
5815	-7.293741e+01
5816	-7.592034e+01
5817	-7.423399e+01
5818	-7.084997e+01
5819	-7.655101e+01
5820	-7.208925e+01
5821	-7.764553e+01
5822	-7.508848e+01
5823	-7.475734e+01
5824	-7.159750e+01
5825	-7.129390e+01
5826	-7.302082e+01
5827	-7.346478e+01
5828	-7.104235e+01
5829	-7.228956e+01
5830	-7.602087e+01
5831	-7.412322e+01
5832	-7.421225e+01
5833	-7.094169e+01
5834	-7.198878e+01
5835	-7.549185e+01
5836	-7.413714e+01
5837	-7.105262e+01
5838	-7.265397e+01
5839	-7.101843e+01
5840	-7.185491e+01
5841	-7.465342e+01
5842	-7.252768e+01
5843	-7.242187e+01
5844	-6.913761e+01
5845	-7.272286e+01
5846	-7.179290e+01
5847	-6.932445e+01
5848	-7.499836e+01
5849	-7.374101e+01
5850	-7.421623e+01
5851	-7.218942e+01
5852	-7.635097e+01
5853	-7.176812e+01
5854	-7.684005e+01
5855	-7.054415e+01
5856	-7.347931e+01
5857	-7.300384e+01
5858	-7.396490e+01
5859	-7.270788e+01
5860	-7.523658e+01
5861	-7.366899e+01
5862	-7.460697e+01
5863	-7.307681e+01
5864	-7.200194e+01
5865	-7.375466e+01
5866	-7.281774e+01
5867	-7.357334e+01
5868	-7.149041e+01
5869	-7.409146e+01
5870	-7.100716e+01
5871	-7.943945e+01
5872	-7.216798e+01
5873	-7.574238e+01
5874	-7.090889e+01
5875	-7.482376e+01
5876	-7.398738e+01
5877	-7.499010e+01
5878	-7.313539e+01
5879	-7.625844e+01
5880	-7.382393e+01
5881	-7.214594e+01
5882	-7.438010e+01
5883	-7.266016e+01
5884	-7.281341e+01
5885	-7.410376e+01
5886	-7.104119e+01
5887	-7.721214e+01
5888	-7.312431e+01
5889	-6.920323e+01
5890	-7.544095e+01
5891	-7.226633e+01
5892	-7.348083e+01
5893	-7.165514e+01
5894	-7.339753e+01
5895	-7.641021e+01
5896	-7.339676e+01
5897	-7.136726e+01
5898	-7.205949e+01
5899	-7.304799e+01
5900	-7.325648e+01
5901	-6.852017e+01
5902	-7.324012e+01
5903	-7.243207e+01
5904	-7.195876e+01
5905	-7.191113e+01
5906	-7.067724e+01
5907	-7.152491e+01
5908	-7.057717e+01
5909	-7.596602e+01
5910	-7.065545e+01
5911	-7.447994e+01
5912	-7.023306e+01
5913	-7.337469e+01
5914	-7.340544e+01
5915	-7.368024e+01
5916	-7.295700e+01
5917	-7.400085e+01
5918	-7.544002e+01
5919	-7.186531e+01
5920	-7.472886e+01
5921	-7.286448e+01
5922	-7.537328e+01
5923	-7.477370e+01
5924	-7.422253e+01
5925	-7.352606e+01
5926	-7.441968e+01
5927	-7.178782e+01
5928	-7.345991e+01
5929	-7.136690e+01
5930	-7.135018e+01
5931	-7.466841e+01
5932	-7.281554e+01
5933	-7.357959e+01
5934	-7.540581e+01
5935	-7.289133e+01
5936	-7.248691e+01
5937	-7.381916e+01
5938	-7.459075e+01
5939	-7.724715e+01
5940	-7.480067e+01
5941	-7.298200e+01
5942	-7.614938e+01
5943	-7.466500e+01
5944	-7.527708e+01
5945	-7.090261e+01
5946	-7.306397e+01
5947	-7.431077e+01
5948	-7.100164e+01
5949	-7.382452e+01
5950	-7.425896e+01
5951	-7.621645e+01
5952	-7.422439e+01
5953	-7.331926e+01
5954	-7.525676e+01
5955	-7.829012e+01
5956	-7.415152e+01
5957	-7.300949e+01
5958	-7.045724e+01
5959	-7.359146e+01
5960	-7.403814e+01
5961	-7.249115e+01
5962	-7.522348e+01
5963	-7.302619e+01
5964	-7.430869e+01
5965	-7.553582e+01
5966	-7.254634e+01
5967	-7.442436e+01
5968	-7.187736e+01
5969	-7.331643e+01
5970	-7.493550e+01
5971	-7.524473e+01
5972	-7.451069e+01
5973	-7.020637e+01
5974	-7.451109e+01
5975	-7.406594e+01
5976	-7.395708e+01
5977	-7.375984e+01
5978	-7.087110e+01
5979	-7.140302e+01
5980	-7.698901e+01
5981	-7.235972e+01
5982	-7.024589e+01
5983	-7.457518e+01
5984	-7.201535e+01
5985	-7.141326e+01
5986	-7.500552e+01
5987	-7.474722e+01
5988	-7.246701e+01
5989	-7.440347e+01
5990	-7.363198e+01
5991	-7.072955e+01
5992	-6.925756e+01
5993	-7.065438e+01
5994	-7.015019e+01
5995	-7.163776e+01
5996	-7.262766e+01
5997	-7.209518e+01
5998	-7.345438e+01
5999	-7.500721e+01
6000	-7.228666e+01
6001	-6.957649e+01
6002	-7.182025e+01
6003	-7.536063e+01
6004	-7.202888e+01
6005	-7.195689e+01
6006	-7.179544e+01
6007	-7.325940e+01
6008	-7.303311e+01
6009	-7.438545e+01
6010	-7.707912e+01
6011	-7.242008e+01
6012	-7.288411e+01
6013	-7.444343e+01
6014	-7.539728e+01
6015	-7.502769e+01
6016	-7.327216e+01
6017	-7.182776e+01
6018	-7.438608e+01
6019	-7.707052e+01
6020	-7.427487e+01
6021	-7.208749e+01
6022	-7.498053e+01
6023	-7.283089e+01
6024	-7.597437e+01
6025	-7.371136e+01
6026	-7.596957e+01
6027	-7.443175e+01
6028	-7.244867e+01
6029	-7.282419e+01
6030	-7.565898e+01
6031	-7.392883e+01
6032	-7.278723e+01
6033	-7.592590e+01
6034	-7.288821e+01
6035	-7.454780e+01
6036	-7.328346e+01
6037	-7.490629e+01
6038	-7.065593e+01
6039	-7.131515e+01
6040	-7.254762e+01
6041	-7.589974e+01
6042	-7.301288e+01
6043	-7.309062e+01
6044	-7.216940e+01
6045	-7.307786e+01
6046	-7.333816e+01
6047	-7.720766e+01
6048	-7.181430e+01
6049	-7.045673e+01
6050	-7.577500e+01
6051	-7.090628e+01
6052	-7.176139e+01
6053	-7.451649e+01
6054	-7.151235e+01
6055	-7.314582e+01
6056	-7.253518e+01
6057	-7.083021e+01
6058	-7.209238e+01
6059	-7.402850e+01
6060	-7.212411e+01
6061	-7.451994e+01
6062	-7.378021e+01
6063	-7.119771e+01
6064	-7.549269e+01
6065	-7.122616e+01
6066	-7.272758e+01
6067	-7.208194e+01
6068	-7.428174e+01
6069	-7.499100e+01
6070	-7.217350e+01
6071	-7.478245e+01
6072	-7.372749e+01
6073	-7.177129e+01
6074	-7.714531e+01
6075	-7.100428e+01
6076	-7.379553e+01
6077	-7.539487e+01
6078	-7.477663e+01
6079	-7.203381e+01
6080	-7.504513e+01
6081	-7.502075e+01
6082	-7.362161e+01
6083	-7.045659e+01
6084	-7.370596e+01
6085	-7.344264e+01
6086	-7.526606e+01
6087	-7.327208e+01
6088	-7.344832e+01
6089	-7.603670e+01
6090	-7.687645e+01
6091	-7.585926e+01
6092	-7.292958e+01
6093	-7.350261e+01
6094	-7.511343e+01
6095	-7.462246e+01
6096	-7.293024e+01
6097	-7.283993e+01
6098	-7.165841e+01
6099	-7.697003e+01
6100	-7.515241e+01
6101	-7.192625e+01
6102	-7.431009e+01
6103	-7.604985e+01
6104	-7.212425e+01
6105	-7.032782e+01
6106	-7.322468e+01
6107	-7.337719e+01
6108	-7.436119e+01
6109	-7.476281e+01
6110	-7.511628e+01
6111	-7.433225e+01
6112	-7.336087e+01
6113	-7.330474e+01
6114	-7.041015e+01
6115	-7.634849e+01
6116	-7.422131e+01
6117	-7.728705e+01
6118	-7.205975e+01
6119	-7.455446e+01
6120	-7.532535e+01
6121	-7.250865e+01
6122	-7.389809e+01
6123	-7.462100e+01
6124	-7.727565e+01
6125	-7.495755e+01
6126	-7.248320e+01
6127	-7.303669e+01
6128	-7.153100e+01
6129	-7.604621e+01
6130	-7.269747e+01
6131	-6.977558e+01
6132	-6.986993e+01
6133	-7.544221e+01
6134	-7.501707e+01
6135	-7.490327e+01
6136	-7.501273e+01
6137	-7.594178e+01
6138	-7.310848e+01
6139	-7.255138e+01
6140	-7.412897e+01
6141	-7.360150e+01
6142	-7.482289e+01
6143	-7.430764e+01
6144	-7.359205e+01
6145	-7.505483e+01
6146	-7.306018e+01
6147	-7.478482e+01
6148	-7.313734e+01
6149	-7.594430e+01
6150	-7.196468e+01
6151	-7.462687e+01
6152	-6.942491e+01
6153	-7.344511e+01
6154	-7.803754e+01
6155	-7.151876e+01
6156	-7.279256e+01
6157	-7.350926e+01
6158	-7.335333e+01
6159	-7.695993e+01
6160	-7.322628e+01
6161	-7.189035e+01
6162	-7.360661e+01
6163	-7.047482e+01
6164	-7.068098e+01
6165	-7.212234e+01
6166	-7.286271e+01
6167	-7.071485e+01
6168	-7.148240e+01
6169	-7.098805e+01
6170	-7.512302e+01
6171	-7.494126e+01
6172	-7.008833e+01
6173	-7.305948e+01
6174	-7.344480e+01
6175	-7.457171e+01
6176	-7.250669e+01
6177	-7.133072e+01
6178	-7.652895e+01
6179	-7.291648e+01
6180	-7.447651e+01
6181	-7.346013e+01
6182	-7.839217e+01
6183	-7.079250e+01
6184	-7.268679e+01
6185	-7.434893e+01
6186	-7.214786e+01
6187	-6.960922e+01
6188	-7.238876e+01
6189	-7.125163e+01
6190	-7.083071e+01
6191	-7.186947e+01
6192	-7.132926e+01
6193	-7.318890e+01
6194	-7.532974e+01
6195	-7.211918e+01
6196	-7.550568e+01
6197	-7.104143e+01
6198	-7.297866e+01
6199	-7.178147e+01
6200	-7.461230e+01
6201	-7.311059e+01
6202	-7.302637e+01
6203	-7.280814e+01
6204	-7.477459e+01
6205	-7.376371e+01
6206	-7.236089e+01
6207	-7.380092e+01
6208	-7.472091e+01
6209	-7.376984e+01
6210	-7.482834e+01
6211	-7.622188e+01
6212	-7.478285e+01
6213	-7.462032e+01
6214	-7.629195e+01
6215	-7.258309e+01
6216	-7.570903e+01
6217	-7.646566e+01
6218	-7.103037e+01
6219	-7.330484e+01
6220	-7.409866e+01
6221	-7.360857e+01
6222	-7.285923e+01
6223	-7.590557e+01
6224	-7.601195e+01
6225	-7.224883e+01
6226	-7.255719e+01
6227	-7.282170e+01
6228	-7.026559e+01
6229	-7.253595e+01
6230	-7.596200e+01
6231	-7.341359e+01
6232	-7.162175e+01
6233	-7.181697e+01
6234	-7.200851e+01
6235	-7.274391e+01
6236	-7.291761e+01
6237	-7.279809e+01
6238	-6.914231e+01
6239	-7.330040e+01
6240	-7.283792e+01
6241	-7.174343e+01
6242	-7.273780e+01
6243	-7.182589e+01
6244	-7.406479e+01
6245	-7.347161e+01
6246	-7.443230e+01
6247	-7.480194e+01
6248	-7.418868e+01
6249	-7.144149e+01
6250	-7.414342e+01
6251	-7.442495e+01
6252	-7.282116e+01
6253	-7.097213e+01
6254	-7.195470e+01
6255	-7.265654e+01
6256	-7.468907e+01
6257	-7.556406e+01
6258	-7.498070e+01
6259	-7.444190e+01
6260	-7.168156e+01
6261	-7.136004e+01
6262	-7.567632e+01
6263	-7.304308e+01
6264	-7.413817e+01
6265	-7.530259e+01
6266	-7.372222e+01
6267	-7.682014e+01
6268	-7.362171e+01
6269	-7.385402e+01
6270	-7.689144e+01
6271	-7.074935e+01
6272	-7.653365e+01
6273	-7.293261e+01
6274	-7.444674e+01
6275	-7.227737e+01
6276	-7.330109e+01
6277	-7.157418e+01
6278	-7.223254e+01
6279	-7.105815e+01
6280	-7.009798e+01
6281	-7.192405e+01
6282	-7.452341e+01
6283	-7.484188e+01
6284	-7.501154e+01
6285	-7.446241e+01
6286	-7.271774e+01
6287	-7.599042e+01
6288	-6.944409e+01
6289	-6.974491e+01
6290	-7.305203e+01
6291	-7.424632e+01
6292	-7.450076e+01
6293	-7.120607e+01
6294	-7.025034e+01
6295	-7.417880e+01
6296	-7.100992e+01
6297	-7.351992e+01
6298	-7.210158e+01
6299	-7.129447e+01
6300	-7.326278e+01
6301	-7.474422e+01
6302	-7.517666e+01
6303	-7.134779e+01
6304	-7.051300e+01
6305	-7.559798e+01
6306	-7.356204e+01
6307	-7.320047e+01
6308	-7.151082e+01
6309	-7.240315e+01
6310	-7.344496e+01
6311	-7.579720e+01
6312	-7.627810e+01
6313	-7.447674e+01
6314	-7.179210e+01
6315	-7.094934e+01
6316	-7.244408e+01
6317	-7.525162e+01
6318	-7.033601e+01
6319	-7.423795e+01
6320	-7.396690e+01
6321	-7.328799e+01
6322	-7.394976e+01
6323	-7.392029e+01
6324	-7.628126e+01
6325	-7.584688e+01
6326	-7.236833e+01
6327	-6.907892e+01
6328	-7.799386e+01
6329	-7.703211e+01
6330	-7.441261e+01
6331	-7.538654e+01
6332	-7.545201e+01
6333	-7.092145e+01
6334	-7.851670e+01
6335	-7.243724e+01
6336	-7.139010e+01
6337	-7.075585e+01
6338	-7.472214e+01
6339	-7.334451e+01
6340	-7.204927e+01
6341	-7.746557e+01
6342	-7.378500e+01
6343	-7.705657e+01
6344	-7.317411e+01
6345	-7.641251e+01
6346	-7.226463e+01
6347	-7.524746e+01
6348	-7.141600e+01
6349	-7.583670e+01
6350	-7.044487e+01
6351	-7.673418e+01
6352	-7.697285e+01
6353	-7.455620e+01
6354	-7.704675e+01
6355	-7.496437e+01
6356	-7.215405e+01
6357	-7.635724e+01
6358	-6.854978e+01
6359	-7.652684e+01
6360	-7.126971e+01
6361	-7.247526e+01
6362	-7.194298e+01
6363	-7.478889e+01
6364	-6.904930e+01
6365	-7.585806e+01
6366	-7.339357e+01
6367	-7.213068e+01
6368	-7.610467e+01
6369	-7.327932e+01
6370	-7.330457e+01
6371	-7.115339e+01
6372	-7.154671e+01
6373	-7.845844e+01
6374	-7.356439e+01
6375	-6.915596e+01
6376	-7.399527e+01
6377	-7.409859e+01
6378	-7.373473e+01
6379	-7.172876e+01
6380	-7.403433e+01
6381	-7.364986e+01
6382	-7.032055e+01
6383	-7.370052e+01
6384	-7.492185e+01
6385	-7.639275e+01
6386	-7.279705e+01
6387	-7.562463e+01
6388	-7.139914e+01
6389	-7.099992e+01
6390	-6.970446e+01
6391	-7.494696e+01
6392	-7.697275e+01
6393	-7.304438e+01
6394	-7.386901e+01
6395	-6.910716e+01
6396	-7.152987e+01
6397	-7.213474e+01
6398	-7.305766e+01
6399	-7.266398e+01
6400	-7.311315e+01
6401	-7.458754e+01
6402	-7.287640e+01
6403	-7.192149e+01
6404	-7.393362e+01
6405	-7.201325e+01
6406	-7.353387e+01
6407	-7.385334e+01
6408	-7.504617e+01
6409	-7.340643e+01
6410	-7.461743e+01
6411	-7.438942e+01
6412	-7.304146e+01
6413	-7.234059e+01
6414	-7.482406e+01
6415	-7.120638e+01
6416	-7.052822e+01
6417	-7.111862e+01
6418	-7.407532e+01
6419	-7.606396e+01
6420	-7.555873e+01
6421	-7.064066e+01
6422	-7.545492e+01
6423	-7.376474e+01
6424	-7.112690e+01
6425	-7.315783e+01
6426	-7.114563e+01
6427	-7.413796e+01
6428	-7.488654e+01
6429	-7.079817e+01
6430	-7.237531e+01
6431	-7.360517e+01
6432	-7.096067e+01
6433	-7.430385e+01
6434	-7.400345e+01
6435	-7.012543e+01
6436	-7.168862e+01
6437	-7.333946e+01
6438	-7.067281e+01
6439	-7.141948e+01
6440	-7.329650e+01
6441	-7.583381e+01
6442	-7.665544e+01
6443	-7.357029e+01
6444	-7.509228e+01
6445	-7.005696e+01
6446	-7.023184e+01
6447	-7.390351e+01
6448	-7.855117e+01
6449	-7.214248e+01
6450	-6.951759e+01
6451	-7.282598e+01
6452	-7.774069e+01
6453	-7.889002e+01
6454	-7.316657e+01
6455	-7.408454e+01
6456	-7.449285e+01
6457	-7.030614e+01
6458	-7.652405e+01
6459	-7.474549e+01
6460	-7.212412e+01
6461	-7.360282e+01
6462	-6.975314e+01
6463	-7.034165e+01
6464	-7.180626e+01
6465	-7.051752e+01
6466	-7.446736e+01
6467	-7.629859e+01
6468	-7.382231e+01
6469	-7.418481e+01
6470	-7.235613e+01
6471	-7.683898e+01
6472	-7.566229e+01
6473	-7.159391e+01
6474	-7.242036e+01
6475	-7.431265e+01
6476	-7.194658e+01
6477	-6.959996e+01
6478	-7.240437e+01
6479	-7.406567e+01
6480	-7.318946e+01
6481	-7.247915e+01
6482	-7.172360e+01
6483	-7.394405e+01
6484	-7.398763e+01
6485	-7.491930e+01
6486	-7.066601e+01
6487	-7.157457e+01
6488	-7.173852e+01
6489	-7.320979e+01
6490	-7.382310e+01
6491	-7.365731e+01
6492	-7.448438e+01
6493	-7.820097e+01
6494	-7.616044e+01
6495	-7.231531e+01
6496	-7.284135e+01
6497	-7.164822e+01
6498	-7.665012e+01
6499	-7.231783e+01
6500	-7.063304e+01
6501	-7.285043e+01
6502	-7.256702e+01
6503	-7.293578e+01
6504	-7.368287e+01
6505	-6.965465e+01
6506	-7.502528e+01
6507	-7.506518e+01
6508	-7.041799e+01
6509	-7.219460e+01
6510	-7.269082e+01
6511	-7.672845e+01
6512	-7.364720e+01
6513	-7.476342e+01
6514	-7.209062e+01
6515	-7.265076e+01
6516	-7.492302e+01
6517	-7.465597e+01
6518	-7.679944e+01
6519	-7.188755e+01
6520	-6.973614e+01
6521	-7.517338e+01
6522	-7.383779e+01
6523	-7.473579e+01
6524	-7.192894e+01
6525	-7.375384e+01
6526	-7.570766e+01
6527	-7.479296e+01
6528	-7.271594e+01
6529	-6.963430e+01
6530	-7.399080e+01
6531	-7.483042e+01
6532	-7.287272e+01
6533	-7.664567e+01
6534	-7.347634e+01
6535	-7.002548e+01
6536	-7.189975e+01
6537	-7.195270e+01
6538	-7.193912e+01
6539	-7.477025e+01
6540	-7.456149e+01
6541	-7.384096e+01
6542	-7.494640e+01
6543	-7.368815e+01
6544	-7.054757e+01
6545	-7.403776e+01
6546	-7.105540e+01
6547	-7.398244e+01
6548	-7.476285e+01
6549	-7.416592e+01
6550	-7.033498e+01
6551	-7.196704e+01
6552	-7.768563e+01
6553	-7.326492e+01
6554	-6.966124e+01
6555	-7.395014e+01
6556	-6.952884e+01
6557	-7.345607e+01
6558	-7.384149e+01
6559	-6.982550e+01
6560	-7.290351e+01
6561	-7.229968e+01
6562	-7.345546e+01
6563	-7.311604e+01
6564	-7.343377e+01
6565	-7.571810e+01
6566	-7.197451e+01
6567	-7.078409e+01
6568	-7.274068e+01
6569	-7.223535e+01
6570	-7.471018e+01
6571	-7.539427e+01
6572	-7.295599e+01
6573	-7.358491e+01
6574	-7.712651e+01
6575	-7.089294e+01
6576	-7.071357e+01
6577	-7.658464e+01
6578	-7.260810e+01
6579	-7.171930e+01
6580	-7.009977e+01
6581	-7.396747e+01
6582	-7.353259e+01
6583	-7.478350e+01
6584	-7.084938e+01
6585	-7.532518e+01
6586	-7.212772e+01
6587	-7.287089e+01
6588	-7.325467e+01
6589	-7.436280e+01
6590	-7.356949e+01
6591	-7.464347e+01
6592	-7.215534e+01
6593	-7.315936e+01
6594	-7.698317e+01
6595	-7.055601e+01
6596	-7.601664e+01
6597	-7.464088e+01
6598	-6.980130e+01
6599	-7.522976e+01
6600	-6.938763e+01
6601	-7.436860e+01
6602	-7.521828e+01
6603	-7.301678e+01
6604	-7.318014e+01
6605	-7.356165e+01
6606	-7.546079e+01
6607	-7.106901e+01
6608	-7.276541e+01
6609	-7.294059e+01
6610	-7.384732e+01
6611	-6.966809e+01
6612	-7.204256e+01
6613	-7.289244e+01
6614	-7.571962e+01
6615	-7.746970e+01
6616	-7.235692e+01
6617	-7.423550e+01
6618	-7.271478e+01
6619	-6.745229e+01
6620	-7.308602e+01
6621	-7.387409e+01
6622	-7.860758e+01
6623	-7.205702e+01
6624	-6.785783e+01
6625	-7.199668e+01
6626	-7.172284e+01
6627	-7.138850e+01
6628	-7.627474e+01
6629	-7.316706e+01
6630	-7.449571e+01
6631	-7.064911e+01
6632	-7.070882e+01
6633	-7.433088e+01
6634	-7.013219e+01
6635	-7.127926e+01
6636	-7.318547e+01
6637	-7.399679e+01
6638	-7.222403e+01
6639	-7.319053e+01
6640	-7.449151e+01
6641	-7.110582e+01
6642	-6.946102e+01
6643	-7.157228e+01
6644	-7.460664e+01
6645	-7.294450e+01
6646	-7.387665e+01
6647	-7.078794e+01
6648	-7.110035e+01
6649	-7.634144e+01
6650	-7.779900e+01
6651	-7.184458e+01
6652	-7.631508e+01
6653	-7.512056e+01
6654	-7.495237e+01
6655	-7.289283e+01
6656	-7.194723e+01
6657	-7.179831e+01
6658	-7.525802e+01
6659	-7.267789e+01
6660	-7.492494e+01
6661	-7.167302e+01
6662	-7.384129e+01
6663	-7.128763e+01
6664	-7.127944e+01
6665	-7.365830e+01
6666	-7.322987e+01
6667	-7.250177e+01
6668	-7.421240e+01
6669	-7.344988e+01
6670	-7.073799e+01
6671	-7.309077e+01
6672	-7.651972e+01
6673	-7.575083e+01
6674	-6.906316e+01
6675	-7.305882e+01
6676	-7.107662e+01
6677	-7.082648e+01
6678	-7.438264e+01
6679	-6.972006e+01
6680	-7.588819e+01
6681	-7.104643e+01
6682	-7.726951e+01
6683	-7.271571e+01
6684	-7.578829e+01
6685	-7.710105e+01
6686	-7.650089e+01
6687	-6.921626e+01
6688	-7.427586e+01
6689	-7.463233e+01
6690	-7.380978e+01
6691	-7.329944e+01
6692	-7.164195e+01
6693	-7.422139e+01
6694	-6.983881e+01
6695	-7.159236e+01
6696	-7.236604e+01
6697	-7.485708e+01
6698	-7.031151e+01
6699	-7.360203e+01
6700	-7.443763e+01
6701	-7.125458e+01
6702	-7.649283e+01
6703	-7.461991e+01
6704	-7.033796e+01
6705	-7.138661e+01
6706	-7.691168e+01
6707	-7.447246e+01
6708	-7.248779e+01
6709	-7.268979e+01
6710	-7.116687e+01
6711	-7.143945e+01
6712	-7.150186e+01
6713	-7.274689e+01
6714	-7.270804e+01
6715	-7.565203e+01
6716	-7.243732e+01
6717	-7.299156e+01
6718	-7.468711e+01
6719	-7.130897e+01
6720	-6.612804e+01
6721	-7.461874e+01
6722	-7.201122e+01
6723	-7.320737e+01
6724	-7.656853e+01
6725	-7.069433e+01
6726	-7.439753e+01
6727	-6.939251e+01
6728	-6.905136e+01
6729	-7.607783e+01
6730	-7.466076e+01
6731	-7.177239e+01
6732	-7.163333e+01
6733	-7.089823e+01
6734	-7.597349e+01
6735	-7.475663e+01
6736	-7.245100e+01
6737	-7.504836e+01
6738	-7.206318e+01
6739	-7.538489e+01
6740	-7.458085e+01
6741	-7.194544e+01
6742	-7.374832e+01
6743	-7.483995e+01
6744	-7.314435e+01
6745	-7.568229e+01
6746	-7.534182e+01
6747	-7.065159e+01
6748	-7.565987e+01
6749	-7.110018e+01
6750	-7.407468e+01
6751	-7.030791e+01
6752	-7.708907e+01
6753	-7.560520e+01
6754	-7.294084e+01
6755	-7.501450e+01
6756	-7.583226e+01
6757	-6.932079e+01
6758	-7.017653e+01
6759	-7.495395e+01
6760	-7.091877e+01
6761	-7.247743e+01
6762	-7.592224e+01
6763	-6.963966e+01
6764	-7.299629e+01
6765	-7.525746e+01
6766	-7.053786e+01
6767	-7.264534e+01
6768	-7.056176e+01
6769	-7.172480e+01
6770	-7.238283e+01
6771	-7.362579e+01
6772	-7.261772e+01
6773	-7.465535e+01
6774	-7.633309e+01
6775	-7.421928e+01
6776	-7.061677e+01
6777	-7.226494e+01
6778	-7.160453e+01
6779	-7.478637e+01
6780	-6.999394e+01
6781	-7.047258e+01
6782	-7.297730e+01
6783	-7.240130e+01
6784	-7.591383e+01
6785	-7.107515e+01
6786	-7.570035e+01
6787	-7.235647e+01
6788	-7.322843e+01
6789	-7.505642e+01
6790	-7.489919e+01
6791	-7.339429e+01
6792	-7.392167e+01
6793	-7.214766e+01
6794	-7.277117e+01
6795	-7.054693e+01
6796	-7.565487e+01
6797	-7.276261e+01
6798	-7.020144e+01
6799	-7.270075e+01
6800	-6.973361e+01
6801	-7.307840e+01
6802	-7.134220e+01
6803	-7.349358e+01
6804	-7.522058e+01
6805	-7.442873e+01
6806	-7.055457e+01
6807	-7.111099e+01
6808	-7.652642e+01
6809	-7.347785e+01
6810	-7.502490e+01
6811	-7.321982e+01
6812	-7.533420e+01
6813	-6.890560e+01
6814	-7.391597e+01
6815	-7.450001e+01
6816	-6.889630e+01
6817	-7.212157e+01
6818	-7.224941e+01
6819	-7.275171e+01
6820	-7.274118e+01
6821	-7.561614e+01
6822	-7.132589e+01
6823	-7.285604e+01
6824	-7.294801e+01
6825	-7.393024e+01
6826	-7.617273e+01
6827	-7.470436e+01
6828	-7.431884e+01
6829	-7.340453e+01
6830	-7.366245e+01
6831	-7.048484e+01
6832	-7.301602e+01
6833	-7.368176e+01
6834	-7.300941e+01
6835	-7.733872e+01
6836	-7.147363e+01
6837	-7.468284e+01
6838	-7.178666e+01
6839	-7.609622e+01
6840	-7.193233e+01
6841	-7.896025e+01
6842	-7.777191e+01
6843	-7.369762e+01
6844	-7.661485e+01
6845	-7.136205e+01
6846	-7.381264e+01
6847	-7.406974e+01
6848	-7.253006e+01
6849	-7.057649e+01
6850	-7.269477e+01
6851	-7.437113e+01
6852	-7.260077e+01
6853	-7.677904e+01
6854	-7.188721e+01
6855	-7.660103e+01
6856	-7.634576e+01
6857	-7.048821e+01
6858	-7.615198e+01
6859	-7.395072e+01
6860	-7.313347e+01
6861	-7.596186e+01
6862	-7.000095e+01
6863	-7.599404e+01
6864	-7.144711e+01
6865	-7.588849e+01
6866	-7.164341e+01
6867	-7.528231e+01
6868	-7.386123e+01
6869	-7.359240e+01
6870	-7.230287e+01
6871	-7.656661e+01
6872	-7.404789e+01
6873	-7.568149e+01
6874	-7.178158e+01
6875	-7.484406e+01
6876	-7.408514e+01
6877	-7.746426e+01
6878	-7.501574e+01
6879	-7.390119e+01
6880	-7.093488e+01
6881	-7.265729e+01
6882	-7.629292e+01
6883	-7.774755e+01
6884	-7.443258e+01
6885	-7.514195e+01
6886	-7.019731e+01
6887	-7.297510e+01
6888	-7.114404e+01
6889	-7.210799e+01
6890	-7.222149e+01
6891	-7.356123e+01
6892	-7.077763e+01
6893	-7.114205e+01
6894	-7.097009e+01
6895	-7.350458e+01
6896	-7.366081e+01
6897	-7.453114e+01
6898	-7.451615e+01
6899	-7.640045e+01
6900	-7.301689e+01
6901	-7.275185e+01
6902	-7.428174e+01
6903	-7.175385e+01
6904	-7.189326e+01
6905	-7.321218e+01
6906	-7.736666e+01
6907	-7.235830e+01
6908	-6.953810e+01
6909	-7.230060e+01
6910	-7.744271e+01
6911	-7.453095e+01
6912	-7.355739e+01
6913	-7.289625e+01
6914	-7.160874e+01
6915	-7.577026e+01
6916	-7.521056e+01
6917	-7.381173e+01
6918	-7.205129e+01
6919	-7.296020e+01
6920	-7.540530e+01
6921	-7.466791e+01
6922	-7.635718e+01
6923	-7.721833e+01
6924	-7.347805e+01
6925	-7.213304e+01
6926	-7.519957e+01
6927	-7.097282e+01
6928	-7.102126e+01
6929	-7.018576e+01
6930	-7.357534e+01
6931	-7.318175e+01
6932	-7.608189e+01
6933	-7.495049e+01
6934	-6.920566e+01
6935	-7.677768e+01
6936	-7.035392e+01
6937	-7.520410e+01
6938	-7.377280e+01
6939	-7.049685e+01
6940	-7.200604e+01
6941	-7.237994e+01
6942	-6.994498e+01
6943	-7.331822e+01
6944	-7.275412e+01
6945	-7.324549e+01
6946	-7.268325e+01
6947	-7.434388e+01
6948	-7.352821e+01
6949	-7.346812e+01
6950	-7.312191e+01
6951	-7.719871e+01
6952	-7.494780e+01
6953	-7.015460e+01
6954	-7.190141e+01
6955	-7.549356e+01
6956	-7.049469e+01
6957	-7.457325e+01
6958	-7.294298e+01
6959	-7.263243e+01
6960	-7.206000e+01
6961	-7.298277e+01
6962	-7.044537e+01
6963	-7.280018e+01
6964	-7.368146e+01
6965	-7.338320e+01
6966	-6.909821e+01
6967	-7.378790e+01
6968	-7.189659e+01
6969	-7.407829e+01
6970	-7.098226e+01
6971	-7.075326e+01
6972	-7.300333e+01
6973	-7.586923e+01
6974	-7.448478e+01
6975	-7.230029e+01
6976	-7.024414e+01
6977	-7.488991e+01
6978	-7.183014e+01
6979	-7.415744e+01
6980	-7.501110e+01
6981	-6.847651e+01
6982	-7.568267e+01
6983	-7.015230e+01
6984	-7.111542e+01
6985	-7.397645e+01
6986	-7.384427e+01
6987	-7.256622e+01
6988	-7.365013e+01
6989	-7.597360e+01
6990	-7.241497e+01
6991	-7.655389e+01
6992	-7.299477e+01
6993	-7.377198e+01
6994	-7.390676e+01
6995	-7.362772e+01
6996	-7.263455e+01
6997	-7.730323e+01
6998	-7.224356e+01
6999	-7.341576e+01
7000	-6.808919e+01
7001	-7.437190e+01
7002	-7.147063e+01
7003	-7.094417e+01
7004	-7.378677e+01
7005	-7.634107e+01
7006	-7.554782e+01
7007	-7.548816e+01
7008	-7.267258e+01
7009	-7.381907e+01
7010	-7.447630e+01
7011	-7.122544e+01
7012	-7.320507e+01
7013	-7.254278e+01
7014	-7.257404e+01
7015	-7.490335e+01
7016	-7.209431e+01
7017	-7.195366e+01
7018	-7.263003e+01
7019	-7.360118e+01
7020	-6.987019e+01
7021	-7.219841e+01
7022	-7.571764e+01
7023	-7.295479e+01
7024	-7.094587e+01
7025	-7.439949e+01
7026	-7.604950e+01
7027	-7.285113e+01
7028	-7.279757e+01
7029	-7.390713e+01
7030	-7.533287e+01
7031	-7.225842e+01
7032	-7.393046e+01
7033	-7.298939e+01
7034	-7.335806e+01
7035	-7.495024e+01
7036	-7.468055e+01
7037	-7.078691e+01
7038	-7.367853e+01
7039	-7.598627e+01
7040	-7.439700e+01
7041	-7.572893e+01
7042	-7.463397e+01
7043	-7.460934e+01
7044	-7.155476e+01
7045	-7.250996e+01
7046	-7.242756e+01
7047	-7.405303e+01
7048	-7.162873e+01
7049	-7.475989e+01
7050	-7.415125e+01
7051	-7.512646e+01
7052	-7.261294e+01
7053	-6.839192e+01
7054	-7.561023e+01
7055	-7.141232e+01
7056	-7.530164e+01
7057	-7.291371e+01
7058	-7.282176e+01
7059	-7.299288e+01
7060	-7.374943e+01
7061	-7.481619e+01
7062	-7.621119e+01
7063	-7.415733e+01
7064	-7.516001e+01
7065	-7.392066e+01
7066	-7.698813e+01
7067	-7.347836e+01
7068	-7.138331e+01
7069	-6.891993e+01
7070	-7.294001e+01
7071	-7.596179e+01
7072	-7.215919e+01
7073	-7.102118e+01
7074	-7.265095e+01
7075	-6.882820e+01
7076	-7.373463e+01
7077	-7.461292e+01
7078	-7.204619e+01
7079	-7.405081e+01
7080	-7.308894e+01
7081	-7.109883e+01
7082	-7.329937e+01
7083	-7.084386e+01
7084	-7.220389e+01
7085	-7.494890e+01
7086	-7.486665e+01
7087	-6.877234e+01
7088	-7.292909e+01
7089	-7.164824e+01
7090	-7.269842e+01
7091	-7.226126e+01
7092	-7.575864e+01
7093	-7.339820e+01
7094	-7.481456e+01
7095	-7.436642e+01
7096	-7.348423e+01
7097	-7.314321e+01
7098	-7.125539e+01
7099	-7.276284e+01
7100	-7.378535e+01
7101	-7.063914e+01
7102	-7.285176e+01
7103	-7.486693e+01
7104	-7.094215e+01
7105	-7.262282e+01
7106	-7.378388e+01
7107	-7.229912e+01
7108	-7.011383e+01
7109	-6.926414e+01
7110	-7.653056e+01
7111	-7.379794e+01
7112	-7.238269e+01
7113	-7.055406e+01
7114	-7.193201e+01
7115	-7.592297e+01
7116	-6.990069e+01
7117	-7.136596e+01
7118	-7.726080e+01
7119	-7.463305e+01
7120	-7.295535e+01
7121	-7.239136e+01
7122	-7.229493e+01
7123	-7.525151e+01
7124	-7.287816e+01
7125	-7.413426e+01
7126	-7.258934e+01
7127	-7.314764e+01
7128	-7.421643e+01
7129	-7.475245e+01
7130	-7.486957e+01
7131	-7.305770e+01
7132	-6.985428e+01
7133	-7.218090e+01
7134	-7.236983e+01
7135	-7.269704e+01
7136	-7.243346e+01
7137	-7.404409e+01
7138	-7.131916e+01
7139	-7.479158e+01
7140	-7.494541e+01
7141	-7.418867e+01
7142	-7.245127e+01
7143	-7.281358e+01
7144	-7.034999e+01
7145	-7.281874e+01
7146	-7.529895e+01
7147	-7.528668e+01
7148	-7.281165e+01
7149	-7.455642e+01
7150	-6.902924e+01
7151	-7.240833e+01
7152	-7.344070e+01
7153	-7.398748e+01
7154	-7.332337e+01
7155	-7.467876e+01
7156	-7.396473e+01
7157	-7.469994e+01
7158	-7.412540e+01
7159	-7.128272e+01
7160	-7.299540e+01
7161	-7.726906e+01
7162	-7.546396e+01
7163	-7.375039e+01
7164	-7.503727e+01
7165	-7.330638e+01
7166	-7.249916e+01
7167	-7.259029e+01
7168	-7.199991e+01
7169	-7.220716e+01
7170	-7.631755e+01
7171	-7.348237e+01
7172	-7.178519e+01
7173	-7.390480e+01
7174	-7.145584e+01
7175	-7.360910e+01
7176	-7.560674e+01
7177	-7.496231e+01
7178	-7.272313e+01
7179	-7.276978e+01
7180	-7.579763e+01
7181	-7.348447e+01
7182	-7.362499e+01
7183	-7.346701e+01
7184	-7.191580e+01
7185	-7.507332e+01
7186	-7.167672e+01
7187	-7.388279e+01
7188	-7.372136e+01
7189	-7.634167e+01
7190	-7.624487e+01
7191	-7.481008e+01
7192	-7.358628e+01
7193	-7.485335e+01
7194	-6.944471e+01
7195	-7.458673e+01
7196	-7.658738e+01
7197	-7.398206e+01
7198	-7.100886e+01
7199	-7.501187e+01
7200	-7.224981e+01
7201	-7.195987e+01
7202	-7.547246e+01
7203	-7.350189e+01
7204	-7.167091e+01
7205	-7.535313e+01
7206	-7.246871e+01
7207	-7.516583e+01
7208	-7.678206e+01
7209	-7.095012e+01
7210	-7.382579e+01
7211	-7.543845e+01
7212	-6.873193e+01
7213	-6.951885e+01
7214	-7.259076e+01
7215	-7.236685e+01
7216	-7.502129e+01
7217	-7.199750e+01
7218	-7.447164e+01
7219	-7.290576e+01
7220	-7.377349e+01
7221	-7.507229e+01
7222	-7.318783e+01
7223	-7.338635e+01
7224	-7.453628e+01
7225	-7.422202e+01
7226	-7.616250e+01
7227	-7.320676e+01
7228	-7.485163e+01
7229	-7.286641e+01
7230	-7.230356e+01
7231	-7.420042e+01
7232	-7.267803e+01
7233	-7.316729e+01
7234	-6.930966e+01
7235	-7.345029e+01
7236	-7.605779e+01
7237	-7.679205e+01
7238	-7.510239e+01
7239	-7.514752e+01
7240	-7.377038e+01
7241	-7.526878e+01
7242	-7.296303e+01
7243	-7.349720e+01
7244	-7.458594e+01
7245	-7.393955e+01
7246	-7.233259e+01
7247	-7.404597e+01
7248	-7.087222e+01
7249	-7.319578e+01
7250	-7.493095e+01
7251	-7.238302e+01
7252	-7.168129e+01
7253	-7.144616e+01
7254	-7.354969e+01
7255	-7.520520e+01
7256	-7.390335e+01
7257	-7.371793e+01
7258	-7.111394e+01
7259	-7.456583e+01
7260	-6.927503e+01
7261	-7.441890e+01
7262	-7.425264e+01
7263	-7.160519e+01
7264	-7.052396e+01
7265	-7.225636e+01
7266	-7.308564e+01
7267	-7.511611e+01
7268	-7.651184e+01
7269	-7.481068e+01
7270	-7.332648e+01
7271	-7.438507e+01
7272	-7.314191e+01
7273	-7.366034e+01
7274	-7.123744e+01
7275	-7.111551e+01
7276	-6.935549e+01
7277	-7.324376e+01
7278	-7.467017e+01
7279	-7.132881e+01
7280	-6.974487e+01
7281	-7.325018e+01
7282	-7.412465e+01
7283	-7.192861e+01
7284	-7.555292e+01
7285	-7.413443e+01
7286	-7.435868e+01
7287	-7.299740e+01
7288	-7.111566e+01
7289	-7.213222e+01
7290	-7.307631e+01
7291	-7.418219e+01
7292	-7.438496e+01
7293	-7.242461e+01
7294	-7.388013e+01
7295	-7.515215e+01
7296	-7.285347e+01
7297	-7.249341e+01
7298	-7.406516e+01
7299	-7.146471e+01
7300	-7.324397e+01
7301	-7.210231e+01
7302	-7.303640e+01
7303	-6.918412e+01
7304	-7.129819e+01
7305	-7.562095e+01
7306	-7.628859e+01
7307	-7.145210e+01
7308	-7.167983e+01
7309	-7.095212e+01
7310	-7.392547e+01
7311	-7.235229e+01
7312	-7.213220e+01
7313	-7.343548e+01
7314	-7.546746e+01
7315	-7.385797e+01
7316	-7.164106e+01
7317	-7.612919e+01
7318	-7.485153e+01
7319	-7.535208e+01
7320	-7.202670e+01
7321	-7.637157e+01
7322	-7.000068e+01
7323	-7.134081e+01
7324	-7.597018e+01
7325	-7.094347e+01
7326	-7.216720e+01
7327	-7.329682e+01
7328	-7.531185e+01
7329	-7.373889e+01
7330	-7.363545e+01
7331	-7.258603e+01
7332	-7.223226e+01
7333	-7.186072e+01
7334	-7.161399e+01
7335	-7.599382e+01
7336	-7.467895e+01
7337	-7.227783e+01
7338	-7.537985e+01
7339	-7.614293e+01
7340	-7.651609e+01
7341	-7.363373e+01
7342	-7.212309e+01
7343	-7.414467e+01
7344	-7.225438e+01
7345	-7.333532e+01
7346	-7.099357e+01
7347	-7.062882e+01
7348	-7.297174e+01
7349	-7.235698e+01
7350	-7.211621e+01
7351	-7.533529e+01
7352	-7.429717e+01
7353	-7.352107e+01
7354	-7.409409e+01
7355	-7.439551e+01
7356	-7.044744e+01
7357	-7.432675e+01
7358	-7.058033e+01
7359	-7.324947e+01
7360	-7.634304e+01
7361	-7.273499e+01
7362	-7.289525e+01
7363	-7.158759e+01
7364	-7.387196e+01
7365	-7.354273e+01
7366	-6.819083e+01
7367	-7.058991e+01
7368	-7.229466e+01
7369	-7.503536e+01
7370	-7.420360e+01
7371	-7.234437e+01
7372	-7.501431e+01
7373	-7.199758e+01
7374	-7.329261e+01
7375	-7.326075e+01
7376	-7.507512e+01
7377	-7.165985e+01
7378	-7.295018e+01
7379	-7.492216e+01
7380	-7.297397e+01
7381	-7.626651e+01
7382	-7.329091e+01
7383	-7.169183e+01
7384	-7.122703e+01
7385	-7.548740e+01
7386	-7.310444e+01
7387	-7.547522e+01
7388	-7.764331e+01
7389	-7.480766e+01
7390	-7.342789e+01
7391	-7.167997e+01
7392	-7.572973e+01
7393	-7.552200e+01
7394	-7.075152e+01
7395	-7.217306e+01
7396	-7.095694e+01
7397	-7.436365e+01
7398	-7.413876e+01
7399	-7.497774e+01
7400	-7.379985e+01
7401	-7.311939e+01
7402	-7.117525e+01
7403	-7.351602e+01
7404	-7.727518e+01
7405	-7.327535e+01
7406	-7.409068e+01
7407	-7.385182e+01
7408	-7.196457e+01
7409	-7.426785e+01
7410	-7.512287e+01
7411	-7.441685e+01
7412	-7.256065e+01
7413	-7.434608e+01
7414	-7.607295e+01
7415	-7.450122e+01
7416	-7.234884e+01
7417	-7.151056e+01
7418	-7.373451e+01
7419	-7.301026e+01
7420	-7.773299e+01
7421	-7.280347e+01
7422	-7.540029e+01
7423	-7.244939e+01
7424	-7.417143e+01
7425	-7.410975e+01
7426	-7.211057e+01
7427	-7.114263e+01
7428	-7.229790e+01
7429	-7.647044e+01
7430	-7.502840e+01
7431	-7.188406e+01
7432	-7.567939e+01
7433	-7.563183e+01
7434	-7.335019e+01
7435	-7.382972e+01
7436	-7.334665e+01
7437	-7.508341e+01
7438	-7.322617e+01
7439	-7.146580e+01
7440	-6.747057e+01
7441	-7.148448e+01
7442	-7.305591e+01
7443	-7.172941e+01
7444	-7.524922e+01
7445	-7.393736e+01
7446	-7.621912e+01
7447	-7.499799e+01
7448	-6.984285e+01
7449	-7.428424e+01
7450	-7.448901e+01
7451	-7.481315e+01
7452	-7.444717e+01
7453	-7.212801e+01
7454	-7.643855e+01
7455	-7.401675e+01
7456	-7.209494e+01
7457	-7.585195e+01
7458	-7.160695e+01
7459	-7.201447e+01
7460	-6.976349e+01
7461	-7.559128e+01
7462	-7.027251e+01
7463	-7.581751e+01
7464	-7.476686e+01
7465	-7.275052e+01
7466	-7.255910e+01
7467	-7.397825e+01
7468	-7.583743e+01
7469	-7.479212e+01
7470	-7.196474e+01
7471	-7.394604e+01
7472	-7.218847e+01
7473	-7.328882e+01
7474	-7.006018e+01
7475	-7.757863e+01
7476	-7.266671e+01
7477	-7.316736e+01
7478	-7.128574e+01
7479	-7.316897e+01
7480	-7.563142e+01
7481	-7.450388e+01
7482	-7.622857e+01
7483	-7.307992e+01
7484	-7.612905e+01
7485	-7.479808e+01
7486	-7.452102e+01
7487	-7.231359e+01
7488	-7.112427e+01
7489	-6.995212e+01
7490	-7.251043e+01
7491	-7.270211e+01
7492	-7.186728e+01
7493	-7.037470e+01
7494	-7.477575e+01
7495	-7.630590e+01
7496	-7.171798e+01
7497	-7.297375e+01
7498	-7.384542e+01
7499	-7.389414e+01
7500	-7.350334e+01
7501	-7.061362e+01
7502	-7.180513e+01
7503	-7.330936e+01
7504	-7.755816e+01
7505	-7.303662e+01
7506	-7.625497e+01
7507	-7.345856e+01
7508	-7.111688e+01
7509	-7.482687e+01
7510	-7.287538e+01
7511	-7.108963e+01
7512	-7.230728e+01
7513	-7.499077e+01
7514	-7.801811e+01
7515	-6.926945e+01
7516	-7.461079e+01
7517	-7.180215e+01
7518	-7.698595e+01
7519	-7.180416e+01
7520	-7.352981e+01
7521	-7.335674e+01
7522	-7.075552e+01
7523	-7.232908e+01
7524	-7.436816e+01
7525	-7.486063e+01
7526	-7.325216e+01
7527	-6.983777e+01
7528	-7.376913e+01
7529	-7.165869e+01
7530	-7.115999e+01
7531	-7.462945e+01
7532	-7.245979e+01
7533	-7.296068e+01
7534	-7.471727e+01
7535	-7.690106e+01
7536	-6.993791e+01
7537	-7.027913e+01
7538	-6.942730e+01
7539	-7.256108e+01
7540	-7.158401e+01
7541	-7.209266e+01
7542	-7.198887e+01
7543	-7.183073e+01
7544	-7.122706e+01
7545	-7.054300e+01
7546	-6.972212e+01
7547	-7.393800e+01
7548	-7.593510e+01
7549	-7.440617e+01
7550	-7.602772e+01
7551	-7.116540e+01
7552	-6.967521e+01
7553	-7.052007e+01
7554	-7.413745e+01
7555	-7.292099e+01
7556	-7.329544e+01
7557	-7.403368e+01
7558	-7.383719e+01
7559	-7.294183e+01
7560	-7.325087e+01
7561	-7.482468e+01
7562	-7.421525e+01
7563	-7.362504e+01
7564	-7.421930e+01
7565	-7.501563e+01
7566	-7.427640e+01
7567	-7.255421e+01
7568	-7.710546e+01
7569	-7.586819e+01
7570	-7.354695e+01
7571	-7.233131e+01
7572	-7.741717e+01
7573	-7.379547e+01
7574	-7.029254e+01
7575	-7.370577e+01
7576	-7.157311e+01
7577	-7.758050e+01
7578	-7.416823e+01
7579	-7.521786e+01
7580	-7.417560e+01
7581	-7.437848e+01
7582	-8.015122e+01
7583	-7.171612e+01
7584	-7.601432e+01
7585	-7.581142e+01
7586	-7.333129e+01
7587	-7.381385e+01
7588	-7.168507e+01
7589	-7.252525e+01
7590	-7.389931e+01
7591	-7.293364e+01
7592	-7.250180e+01
7593	-7.648328e+01
7594	-7.596972e+01
7595	-7.448926e+01
7596	-7.409128e+01
7597	-7.337096e+01
7598	-7.426632e+01
7599	-7.177657e+01
7600	-7.219270e+01
7601	-7.216772e+01
7602	-7.434484e+01
7603	-7.390093e+01
7604	-7.306828e+01
7605	-7.194403e+01
7606	-7.364507e+01
7607	-7.205370e+01
7608	-7.288340e+01
7609	-6.777563e+01
7610	-7.547647e+01
7611	-7.248292e+01
7612	-7.438467e+01
7613	-7.223128e+01
7614	-7.143229e+01
7615	-7.541991e+01
7616	-7.323341e+01
7617	-7.470662e+01
7618	-7.353914e+01
7619	-7.043673e+01
7620	-7.475175e+01
7621	-7.137050e+01
7622	-7.577779e+01
7623	-7.040306e+01
7624	-6.985623e+01
7625	-7.130522e+01
7626	-7.252315e+01
7627	-7.096556e+01
7628	-7.345945e+01
7629	-7.124336e+01
7630	-7.183065e+01
7631	-7.470200e+01
7632	-7.348056e+01
7633	-7.491825e+01
7634	-7.299927e+01
7635	-7.582612e+01
7636	-7.598916e+01
7637	-7.206524e+01
7638	-7.028694e+01
7639	-7.652513e+01
7640	-7.224236e+01
7641	-7.100479e+01
7642	-7.473709e+01
7643	-7.569509e+01
7644	-7.547190e+01
7645	-7.620001e+01
7646	-7.457961e+01
7647	-7.708321e+01
7648	-7.270843e+01
7649	-7.510283e+01
7650	-7.477570e+01
7651	-7.225965e+01
7652	-7.382565e+01
7653	-7.402659e+01
7654	-7.292707e+01
7655	-7.128923e+01
7656	-7.603867e+01
7657	-7.203568e+01
7658	-7.295346e+01
7659	-7.550548e+01
7660	-7.450874e+01
7661	-7.213316e+01
7662	-7.218025e+01
7663	-7.267978e+01
7664	-7.007996e+01
7665	-7.292176e+01
7666	-7.362933e+01
7667	-7.555155e+01
7668	-7.125323e+01
7669	-7.221884e+01
7670	-7.261442e+01
7671	-7.337464e+01
7672	-7.596004e+01
7673	-7.374276e+01
7674	-7.574174e+01
7675	-7.705219e+01
7676	-7.659951e+01
7677	-7.537125e+01
7678	-7.306876e+01
7679	-7.643297e+01
7680	-7.363838e+01
7681	-7.319664e+01
7682	-7.081901e+01
7683	-7.210642e+01
7684	-7.247620e+01
7685	-7.285990e+01
7686	-7.434754e+01
7687	-7.221100e+01
7688	-7.264629e+01
7689	-7.532680e+01
7690	-7.214517e+01
7691	-7.221497e+01
7692	-7.711945e+01
7693	-7.409213e+01
7694	-7.164298e+01
7695	-7.114104e+01
7696	-7.481551e+01
7697	-7.313993e+01
7698	-7.318207e+01
7699	-7.410996e+01
7700	-7.533046e+01
7701	-7.049673e+01
7702	-7.394687e+01
7703	-7.419647e+01
7704	-7.160775e+01
7705	-7.511745e+01
7706	-7.638832e+01
7707	-7.229870e+01
7708	-7.307538e+01
7709	-7.211913e+01
7710	-7.101055e+01
7711	-7.002023e+01
7712	-7.228652e+01
7713	-7.269425e+01
7714	-7.431759e+01
7715	-6.907626e+01
7716	-7.214533e+01
7717	-7.491850e+01
7718	-7.438243e+01
7719	-7.376742e+01
7720	-7.239092e+01
7721	-7.218890e+01
7722	-7.568317e+01
7723	-7.242935e+01
7724	-7.581784e+01
7725	-7.225568e+01
7726	-7.769176e+01
7727	-7.550624e+01
7728	-7.252498e+01
7729	-7.281387e+01
7730	-7.326833e+01
7731	-7.540733e+01
7732	-7.143793e+01
7733	-7.166805e+01
7734	-7.256344e+01
7735	-7.610734e+01
7736	-7.420586e+01
7737	-7.113193e+01
7738	-7.273217e+01
7739	-7.616219e+01
7740	-6.860875e+01
7741	-7.525613e+01
7742	-7.285845e+01
7743	-7.067526e+01
7744	-7.170071e+01
7745	-7.133978e+01
7746	-7.031249e+01
7747	-7.248458e+01
7748	-7.311736e+01
7749	-7.419980e+01
7750	-7.319228e+01
7751	-7.185370e+01
7752	-7.171118e+01
7753	-7.061943e+01
7754	-7.250469e+01
7755	-7.481233e+01
7756	-7.548530e+01
7757	-7.369032e+01
7758	-7.075636e+01
7759	-6.859184e+01
7760	-7.344359e+01
7761	-7.519971e+01
7762	-7.563093e+01
7763	-7.647237e+01
7764	-7.779591e+01
7765	-7.292154e+01
7766	-7.849336e+01
7767	-7.349257e+01
7768	-7.372065e+01
7769	-7.264633e+01
7770	-7.515245e+01
7771	-7.273912e+01
7772	-7.638160e+01
7773	-7.305738e+01
7774	-7.561283e+01
7775	-7.167345e+01
7776	-7.419704e+01
7777	-7.227411e+01
7778	-7.309489e+01
7779	-7.380667e+01
7780	-7.501267e+01
7781	-7.492563e+01
7782	-6.803814e+01
7783	-7.185981e+01
7784	-7.613978e+01
7785	-7.389782e+01
7786	-7.545562e+01
7787	-7.414299e+01
7788	-7.765283e+01
7789	-7.425444e+01
7790	-7.073722e+01
7791	-7.139732e+01
7792	-7.397259e+01
7793	-7.629397e+01
7794	-7.400418e+01
7795	-7.415657e+01
7796	-7.279454e+01
7797	-7.241032e+01
7798	-7.167270e+01
7799	-7.358037e+01
7800	-7.250833e+01
7801	-7.174609e+01
7802	-7.467184e+01
7803	-7.040010e+01
7804	-7.396172e+01
7805	-7.411854e+01
7806	-7.258404e+01
7807	-7.095519e+01
7808	-7.381902e+01
7809	-7.631892e+01
7810	-7.312064e+01
7811	-7.224478e+01
7812	-7.233901e+01
7813	-7.495974e+01
7814	-7.306380e+01
7815	-7.352232e+01
7816	-6.989469e+01
7817	-7.314736e+01
7818	-7.194605e+01
7819	-7.106953e+01
7820	-7.149196e+01
7821	-7.414890e+01
7822	-7.368462e+01
7823	-7.368745e+01
7824	-7.347226e+01
7825	-7.271153e+01
7826	-7.257250e+01
7827	-7.096095e+01
7828	-7.339669e+01
7829	-7.089408e+01
7830	-7.193122e+01
7831	-6.937065e+01
7832	-7.355990e+01
7833	-6.997491e+01
7834	-7.295272e+01
7835	-6.926359e+01
7836	-7.559909e+01
7837	-7.177621e+01
7838	-7.341105e+01
7839	-7.059152e+01
7840	-7.181292e+01
7841	-7.475701e+01
7842	-7.232055e+01
7843	-7.484010e+01
7844	-6.917270e+01
7845	-7.697036e+01
7846	-7.021302e+01
7847	-7.004735e+01
7848	-7.203935e+01
7849	-7.226830e+01
7850	-7.616667e+01
7851	-7.483900e+01
7852	-7.474643e+01
7853	-7.232651e+01
7854	-7.234728e+01
7855	-7.151728e+01
7856	-7.050980e+01
7857	-7.239376e+01
7858	-7.406658e+01
7859	-7.307644e+01
7860	-7.472222e+01
7861	-7.303653e+01
7862	-7.306160e+01
7863	-7.283707e+01
7864	-7.315554e+01
7865	-7.226815e+01
7866	-7.292089e+01
7867	-7.331511e+01
7868	-7.190807e+01
7869	-7.118105e+01
7870	-7.308386e+01
7871	-7.014149e+01
7872	-7.547894e+01
7873	-7.546495e+01
7874	-7.910502e+01
7875	-7.264115e+01
7876	-7.748886e+01
7877	-7.495689e+01
7878	-7.234328e+01
7879	-7.467995e+01
7880	-7.398170e+01
7881	-7.459815e+01
7882	-7.423589e+01
7883	-7.389811e+01
7884	-7.068571e+01
7885	-7.603063e+01
7886	-7.647348e+01
7887	-7.361998e+01
7888	-7.069080e+01
7889	-7.586546e+01
7890	-6.969381e+01
7891	-7.561779e+01
7892	-7.621240e+01
7893	-7.324960e+01
7894	-7.442875e+01
7895	-7.722899e+01
7896	-7.448984e+01
7897	-7.122210e+01
7898	-7.130900e+01
7899	-7.273725e+01
7900	-7.432133e+01
7901	-7.319777e+01
7902	-7.512412e+01
7903	-7.419601e+01
7904	-7.592201e+01
7905	-6.935000e+01
7906	-6.974662e+01
7907	-7.702374e+01
7908	-7.157970e+01
7909	-7.381003e+01
7910	-7.208803e+01
7911	-7.255056e+01
7912	-7.167229e+01
7913	-7.207241e+01
7914	-6.933936e+01
7915	-7.557252e+01
7916	-7.302797e+01
7917	-7.321355e+01
7918	-7.239239e+01
7919	-7.071486e+01
7920	-7.401824e+01
7921	-7.267119e+01
7922	-7.418116e+01
7923	-7.522816e+01
7924	-7.788596e+01
7925	-7.197262e+01
7926	-7.382770e+01
7927	-7.285207e+01
7928	-7.102829e+01
7929	-7.346727e+01
7930	-7.244249e+01
7931	-7.258824e+01
7932	-6.991564e+01
7933	-7.115541e+01
7934	-7.331109e+01
7935	-7.772660e+01
7936	-7.364215e+01
7937	-7.411762e+01
7938	-7.532687e+01
7939	-7.335802e+01
7940	-7.544368e+01
7941	-7.285658e+01
7942	-7.137528e+01
7943	-7.311882e+01
7944	-7.575696e+01
7945	-7.605807e+01
7946	-7.513715e+01
7947	-7.073971e+01
7948	-7.329075e+01
7949	-7.267065e+01
7950	-7.202049e+01
7951	-7.345291e+01
7952	-7.624087e+01
7953	-7.347651e+01
7954	-7.112027e+01
7955	-7.211755e+01
7956	-7.175860e+01
7957	-7.683698e+01
7958	-7.085677e+01
7959	-7.281141e+01
7960	-7.688534e+01
7961	-7.525469e+01
7962	-7.039249e+01
7963	-7.059800e+01
7964	-7.157491e+01
7965	-7.190114e+01
7966	-7.202869e+01
7967	-7.251800e+01
7968	-7.648406e+01
7969	-7.382908e+01
7970	-7.070300e+01
7971	-7.435350e+01
7972	-7.271351e+01
7973	-7.435770e+01
7974	-7.532898e+01
7975	-7.321230e+01
7976	-7.400644e+01
7977	-7.552398e+01
7978	-7.303942e+01
7979	-7.319974e+01
7980	-7.482181e+01
7981	-7.715927e+01
7982	-7.225696e+01
7983	-7.382629e+01
7984	-7.382541e+01
7985	-7.275827e+01
7986	-7.146539e+01
7987	-7.061194e+01
7988	-7.147976e+01
7989	-7.382464e+01
7990	-7.663254e+01
7991	-7.379546e+01
7992	-7.215891e+01
7993	-7.318364e+01
7994	-7.133591e+01
7995	-7.483792e+01
7996	-7.258187e+01
7997	-7.597011e+01
7998	-7.536220e+01
7999	-7.186116e+01
8000	-7.449117e+01
8001	-7.110485e+01
8002	-7.017245e+01
8003	-7.276816e+01
8004	-7.315631e+01
8005	-7.156477e+01
8006	-7.468446e+01
8007	-7.210905e+01
8008	-7.292976e+01
8009	-7.530760e+01
8010	-7.020550e+01
8011	-7.197997e+01
8012	-6.797688e+01
8013	-7.245838e+01
8014	-7.408594e+01
8015	-7.113154e+01
8016	-7.427593e+01
8017	-7.349474e+01
8018	-7.794220e+01
8019	-7.370985e+01
8020	-7.474703e+01
8021	-7.512730e+01
8022	-7.701514e+01
8023	-7.088950e+01
8024	-7.117188e+01
8025	-7.030071e+01
8026	-7.768709e+01
8027	-7.315622e+01
8028	-7.047170e+01
8029	-7.193169e+01
8030	-7.580517e+01
8031	-7.515361e+01
8032	-7.107534e+01
8033	-7.274567e+01
8034	-7.473541e+01
8035	-7.392244e+01
8036	-7.117544e+01
8037	-7.075302e+01
8038	-7.484697e+01
8039	-7.574274e+01
8040	-7.225839e+01
8041	-6.891198e+01
8042	-7.447574e+01
8043	-6.944503e+01
8044	-7.183035e+01
8045	-7.338119e+01
8046	-7.625145e+01
8047	-7.315738e+01
8048	-7.293844e+01
8049	-7.094910e+01
8050	-7.378769e+01
8051	-7.356058e+01
8052	-6.989654e+01
8053	-7.071638e+01
8054	-7.574785e+01
8055	-7.184256e+01
8056	-7.047715e+01
8057	-7.122417e+01
8058	-7.462695e+01
8059	-7.093294e+01
8060	-7.627747e+01
8061	-7.085436e+01
8062	-7.037300e+01
8063	-7.323624e+01
8064	-7.350772e+01
8065	-7.312796e+01
8066	-7.362726e+01
8067	-7.377672e+01
8068	-7.013216e+01
8069	-7.093959e+01
8070	-7.542971e+01
8071	-7.373093e+01
8072	-7.266723e+01
8073	-7.474909e+01
8074	-7.275816e+01
8075	-7.192300e+01
8076	-7.427809e+01
8077	-7.456074e+01
8078	-7.397955e+01
8079	-7.423583e+01
8080	-7.368990e+01
8081	-7.489822e+01
8082	-7.437009e+01
8083	-7.583547e+01
8084	-7.954565e+01
8085	-7.475674e+01
8086	-7.200906e+01
8087	-7.198246e+01
8088	-7.395780e+01
8089	-7.259256e+01
8090	-7.265710e+01
8091	-7.484504e+01
8092	-7.058437e+01
8093	-7.209974e+01
8094	-7.338084e+01
8095	-7.295916e+01
8096	-7.271284e+01
8097	-7.465803e+01
8098	-7.293142e+01
8099	-7.561209e+01
8100	-7.123234e+01
8101	-7.630531e+01
8102	-7.211161e+01
8103	-7.343557e+01
8104	-7.835915e+01
8105	-7.084337e+01
8106	-7.372812e+01
8107	-7.289905e+01
8108	-7.482758e+01
8109	-7.324280e+01
8110	-6.963266e+01
8111	-7.277776e+01
8112	-7.266081e+01
8113	-7.247836e+01
8114	-7.413070e+01
8115	-7.812230e+01
8116	-7.694579e+01
8117	-7.373283e+01
8118	-7.476866e+01
8119	-7.376111e+01
8120	-6.935867e+01
8121	-7.348919e+01
8122	-7.312165e+01
8123	-7.511640e+01
8124	-7.286826e+01
8125	-7.291725e+01
8126	-7.583615e+01
8127	-7.756107e+01
8128	-7.413496e+01
8129	-7.498319e+01
8130	-7.456570e+01
8131	-7.051443e+01
8132	-7.649683e+01
8133	-7.571411e+01
8134	-7.393102e+01
8135	-7.361817e+01
8136	-7.151604e+01
8137	-7.680020e+01
8138	-7.117304e+01
8139	-7.008654e+01
8140	-7.292130e+01
8141	-7.301785e+01
8142	-7.126314e+01
8143	-6.983967e+01
8144	-7.286950e+01
8145	-7.130310e+01
8146	-7.219767e+01
8147	-7.304022e+01
8148	-7.438475e+01
8149	-7.406389e+01
8150	-7.486639e+01
8151	-7.369612e+01
8152	-7.337516e+01
8153	-7.160388e+01
8154	-7.230104e+01
8155	-6.970123e+01
8156	-7.152391e+01
8157	-7.243973e+01
8158	-7.417053e+01
8159	-7.422126e+01
8160	-7.563305e+01
8161	-7.245561e+01
8162	-7.401507e+01
8163	-7.648872e+01
8164	-7.391929e+01
8165	-7.248270e+01
8166	-7.443488e+01
8167	-7.268997e+01
8168	-7.430634e+01
8169	-7.052115e+01
8170	-7.325415e+01
8171	-7.646397e+01
8172	-7.013678e+01
8173	-7.228752e+01
8174	-7.419972e+01
8175	-7.592914e+01
8176	-7.155540e+01
8177	-7.285068e+01
8178	-7.292371e+01
8179	-6.980433e+01
8180	-7.189731e+01
8181	-7.152155e+01
8182	-7.588741e+01
8183	-7.220123e+01
8184	-7.439688e+01
8185	-7.404900e+01
8186	-7.048950e+01
8187	-7.407834e+01
8188	-7.249177e+01
8189	-7.104013e+01
8190	-7.439514e+01
8191	-7.362549e+01
8192	-7.352552e+01
8193	-6.964698e+01
8194	-7.810668e+01
8195	-7.737990e+01
8196	-7.221058e+01
8197	-7.196106e+01
8198	-7.392716e+01
8199	-7.270917e+01
8200	-7.357951e+01
8201	-7.258466e+01
8202	-7.300483e+01
8203	-7.474251e+01
8204	-7.311974e+01
8205	-7.258497e+01
8206	-7.587347e+01
8207	-7.060860e+01
8208	-7.603089e+01
8209	-7.419809e+01
8210	-7.184257e+01
8211	-7.553464e+01
8212	-6.897881e+01
8213	-7.280520e+01
8214	-7.136345e+01
8215	-7.533888e+01
8216	-7.003636e+01
8217	-7.097746e+01
8218	-7.410327e+01
8219	-7.307530e+01
8220	-6.982312e+01
8221	-7.445176e+01
8222	-7.327947e+01
8223	-7.208149e+01
8224	-7.452137e+01
8225	-8.005989e+01
8226	-7.115932e+01
8227	-7.169627e+01
8228	-7.699332e+01
8229	-7.175058e+01
8230	-7.455370e+01
8231	-7.098096e+01
8232	-7.499542e+01
8233	-7.519534e+01
8234	-7.255289e+01
8235	-7.665995e+01
8236	-7.333149e+01
8237	-7.512491e+01
8238	-7.288472e+01
8239	-7.125589e+01
8240	-7.407471e+01
8241	-7.284316e+01
8242	-7.430952e+01
8243	-7.441968e+01
8244	-7.304198e+01
8245	-7.618647e+01
8246	-6.957897e+01
8247	-7.559851e+01
8248	-7.293018e+01
8249	-7.347882e+01
8250	-7.446551e+01
8251	-7.338413e+01
8252	-7.172559e+01
8253	-7.509267e+01
8254	-7.233603e+01
8255	-7.506491e+01
8256	-7.481538e+01
8257	-7.390254e+01
8258	-7.101886e+01
8259	-7.509372e+01
8260	-7.256502e+01
8261	-7.346623e+01
8262	-7.472571e+01
8263	-7.383527e+01
8264	-7.225059e+01
8265	-6.964068e+01
8266	-7.101154e+01
8267	-7.521088e+01
8268	-7.457230e+01
8269	-7.711748e+01
8270	-7.286571e+01
8271	-7.362919e+01
8272	-7.395317e+01
8273	-7.535589e+01
8274	-7.443404e+01
8275	-7.544556e+01
8276	-7.375479e+01
8277	-7.499968e+01
8278	-7.354955e+01
8279	-6.991013e+01
8280	-6.857861e+01
8281	-7.556375e+01
8282	-7.781602e+01
8283	-7.271630e+01
8284	-7.032229e+01
8285	-7.435935e+01
8286	-7.202289e+01
8287	-7.390338e+01
8288	-7.214876e+01
8289	-7.541009e+01
8290	-7.119760e+01
8291	-7.510926e+01
8292	-7.342560e+01
8293	-7.518626e+01
8294	-7.142870e+01
8295	-7.308118e+01
8296	-7.587822e+01
8297	-7.436288e+01
8298	-7.167117e+01
8299	-6.992197e+01
8300	-7.524682e+01
8301	-7.634792e+01
8302	-7.398724e+01
8303	-7.481987e+01
8304	-7.163855e+01
8305	-7.146883e+01
8306	-7.681259e+01
8307	-7.035183e+01
8308	-7.760454e+01
8309	-7.352591e+01
8310	-7.387028e+01
8311	-7.315949e+01
8312	-7.357294e+01
8313	-7.212082e+01
8314	-7.253900e+01
8315	-7.446518e+01
8316	-7.212362e+01
8317	-7.501235e+01
8318	-7.569894e+01
8319	-7.388605e+01
8320	-7.336168e+01
8321	-7.528600e+01
8322	-7.469307e+01
8323	-7.309059e+01
8324	-7.733437e+01
8325	-7.656057e+01
8326	-7.444673e+01
8327	-7.218535e+01
8328	-7.049322e+01
8329	-7.314275e+01
8330	-7.266691e+01
8331	-7.295714e+01
8332	-7.347594e+01
8333	-7.439739e+01
8334	-7.416791e+01
8335	-7.243184e+01
8336	-7.113002e+01
8337	-7.616586e+01
8338	-7.652646e+01
8339	-7.142285e+01
8340	-7.315960e+01
8341	-7.480329e+01
8342	-7.271380e+01
8343	-7.216140e+01
8344	-7.177799e+01
8345	-7.219397e+01
8346	-7.280314e+01
8347	-7.308373e+01
8348	-7.028665e+01
8349	-7.633839e+01
8350	-7.424328e+01
8351	-7.150106e+01
8352	-7.655548e+01
8353	-7.510629e+01
8354	-7.468263e+01
8355	-7.314495e+01
8356	-7.298026e+01
8357	-7.242954e+01
8358	-7.292190e+01
8359	-7.442304e+01
8360	-7.095177e+01
8361	-7.387339e+01
8362	-7.709703e+01
8363	-7.228764e+01
8364	-7.257468e+01
8365	-7.087269e+01
8366	-7.420308e+01
8367	-7.254624e+01
8368	-7.115064e+01
8369	-7.362406e+01
8370	-7.218847e+01
8371	-7.390787e+01
8372	-7.142325e+01
8373	-7.013433e+01
8374	-7.509016e+01
8375	-7.386920e+01
8376	-7.319363e+01
8377	-7.076063e+01
8378	-7.163938e+01
8379	-7.465773e+01
8380	-7.229589e+01
8381	-7.436964e+01
8382	-7.445772e+01
8383	-7.337877e+01
8384	-7.434678e+01
8385	-7.292443e+01
8386	-7.507128e+01
8387	-7.302276e+01
8388	-7.466276e+01
8389	-7.162932e+01
8390	-7.685257e+01
8391	-7.189006e+01
8392	-6.824822e+01
8393	-7.587942e+01
8394	-7.383044e+01
8395	-6.926587e+01
8396	-7.216952e+01
8397	-7.649085e+01
8398	-7.155232e+01
8399	-7.237210e+01
8400	-7.129964e+01
8401	-6.981157e+01
8402	-7.310817e+01
8403	-7.407760e+01
8404	-7.260155e+01
8405	-7.310964e+01
8406	-7.233933e+01
8407	-7.172631e+01
8408	-7.432817e+01
8409	-7.644111e+01
8410	-7.456941e+01
8411	-7.034109e+01
8412	-7.489806e+01
8413	-7.695412e+01
8414	-7.024274e+01
8415	-7.209035e+01
8416	-7.093199e+01
8417	-7.046650e+01
8418	-7.048887e+01
8419	-7.467885e+01
8420	-6.833760e+01
8421	-7.395521e+01
8422	-7.569329e+01
8423	-7.192363e+01
8424	-7.186844e+01
8425	-6.987026e+01
8426	-7.463460e+01
8427	-7.684325e+01
8428	-7.296991e+01
8429	-7.366498e+01
8430	-7.172689e+01
8431	-7.541900e+01
8432	-7.207501e+01
8433	-7.366700e+01
8434	-7.077885e+01
8435	-7.116633e+01
8436	-7.206138e+01
8437	-7.088590e+01
8438	-7.314870e+01
8439	-7.203202e+01
8440	-7.155357e+01
8441	-7.272654e+01
8442	-7.276969e+01
8443	-7.667365e+01
8444	-7.317967e+01
8445	-7.157517e+01
8446	-6.979640e+01
8447	-7.432453e+01
8448	-6.725655e+01
8449	-7.238202e+01
8450	-7.336196e+01
8451	-7.164662e+01
8452	-7.451857e+01
8453	-7.213760e+01
8454	-7.236960e+01
8455	-7.229273e+01
8456	-7.568532e+01
8457	-7.517889e+01
8458	-7.316930e+01
8459	-7.554971e+01
8460	-7.583437e+01
8461	-7.650629e+01
8462	-7.491693e+01
8463	-7.194844e+01
8464	-7.543150e+01
8465	-7.119595e+01
8466	-7.603272e+01
8467	-7.149888e+01
8468	-7.482527e+01
8469	-7.063133e+01
8470	-7.548585e+01
8471	-7.452110e+01
8472	-7.282800e+01
8473	-7.024152e+01
8474	-7.360021e+01
8475	-7.362587e+01
8476	-7.325461e+01
8477	-6.986408e+01
8478	-7.234118e+01
8479	-7.410572e+01
8480	-7.451906e+01
8481	-6.995083e+01
8482	-7.372093e+01
8483	-7.181245e+01
8484	-7.607197e+01
8485	-7.187616e+01
8486	-7.361250e+01
8487	-7.271538e+01
8488	-7.288373e+01
8489	-7.369180e+01
8490	-7.362225e+01
8491	-7.134834e+01
8492	-7.203421e+01
8493	-7.312707e+01
8494	-7.543041e+01
8495	-7.359309e+01
8496	-7.209089e+01
8497	-7.223812e+01
8498	-7.266331e+01
8499	-7.514712e+01
8500	-7.416131e+01
8501	-7.826177e+01
8502	-7.386648e+01
8503	-7.195459e+01
8504	-7.298640e+01
8505	-7.589449e+01
8506	-7.192614e+01
8507	-7.429124e+01
8508	-7.375410e+01
8509	-7.222154e+01
8510	-7.462653e+01
8511	-6.990513e+01
8512	-7.288329e+01
8513	-7.417043e+01
8514	-7.282569e+01
8515	-7.429510e+01
8516	-7.723708e+01
8517	-7.447117e+01
8518	-7.122040e+01
8519	-7.278240e+01
8520	-7.283220e+01
8521	-7.467225e+01
8522	-7.183581e+01
8523	-7.442807e+01
8524	-7.489789e+01
8525	-7.131929e+01
8526	-7.529676e+01
8527	-7.195667e+01
8528	-7.115368e+01
8529	-7.208943e+01
8530	-6.857345e+01
8531	-7.168888e+01
8532	-7.330721e+01
8533	-7.127565e+01
8534	-7.417700e+01
8535	-7.252095e+01
8536	-7.133714e+01
8537	-7.492973e+01
8538	-7.116030e+01
8539	-7.525974e+01
8540	-7.559731e+01
8541	-7.327738e+01
8542	-7.248709e+01
8543	-7.441837e+01
8544	-7.325043e+01
8545	-7.509444e+01
8546	-7.291319e+01
8547	-7.355818e+01
8548	-7.064724e+01
8549	-7.320844e+01
8550	-7.393580e+01
8551	-7.303618e+01
8552	-7.237717e+01
8553	-7.160906e+01
8554	-7.483932e+01
8555	-7.769969e+01
8556	-7.487994e+01
8557	-7.392089e+01
8558	-7.389463e+01
8559	-7.133104e+01
8560	-7.196953e+01
8561	-6.928058e+01
8562	-7.462592e+01
8563	-7.419811e+01
8564	-7.259808e+01
8565	-7.694835e+01
8566	-7.488640e+01
8567	-7.640669e+01
8568	-7.354365e+01
8569	-7.141891e+01
8570	-7.390067e+01
8571	-7.391387e+01
8572	-7.273112e+01
8573	-7.644885e+01
8574	-7.208190e+01
8575	-7.575095e+01
8576	-7.485280e+01
8577	-7.402971e+01
8578	-7.052390e+01
8579	-7.291314e+01
8580	-7.327692e+01
8581	-7.268986e+01
8582	-7.220778e+01
8583	-7.298729e+01
8584	-7.497421e+01
8585	-7.003523e+01
8586	-7.299175e+01
8587	-7.391422e+01
8588	-7.395250e+01
8589	-7.588162e+01
8590	-7.339741e+01
8591	-7.317468e+01
8592	-7.586443e+01
8593	-6.776680e+01
8594	-7.182154e+01
8595	-7.261778e+01
8596	-7.169537e+01
8597	-7.304819e+01
8598	-7.482015e+01
8599	-7.546046e+01
8600	-7.108628e+01
8601	-7.311698e+01
8602	-7.498830e+01
8603	-7.362175e+01
8604	-7.565516e+01
8605	-7.601128e+01
8606	-7.251044e+01
8607	-7.045984e+01
8608	-7.377943e+01
8609	-7.466005e+01
8610	-7.590987e+01
8611	-7.212177e+01
8612	-7.438715e+01
8613	-7.219968e+01
8614	-7.176719e+01
8615	-7.147221e+01
8616	-6.934851e+01
8617	-7.532138e+01
8618	-7.604913e+01
8619	-7.311310e+01
8620	-7.101250e+01
8621	-7.488487e+01
8622	-7.444328e+01
8623	-6.991129e+01
8624	-7.450894e+01
8625	-7.080370e+01
8626	-7.251847e+01
8627	-7.548387e+01
8628	-7.460628e+01
8629	-7.208989e+01
8630	-7.159271e+01
8631	-7.362573e+01
8632	-7.464202e+01
8633	-7.469812e+01
8634	-7.432737e+01
8635	-7.335046e+01
8636	-7.042605e+01
8637	-7.489001e+01
8638	-7.274216e+01
8639	-7.772650e+01
8640	-7.270757e+01
8641	-7.409159e+01
8642	-7.295644e+01
8643	-7.044658e+01
8644	-7.315354e+01
8645	-7.528312e+01
8646	-7.167545e+01
8647	-7.421764e+01
8648	-7.550699e+01
8649	-7.070707e+01
8650	-7.123525e+01
8651	-7.505417e+01
8652	-7.501497e+01
8653	-7.195991e+01
8654	-7.523651e+01
8655	-7.479082e+01
8656	-7.486083e+01
8657	-7.775667e+01
8658	-7.246302e+01
8659	-7.251532e+01
8660	-7.751826e+01
8661	-7.221265e+01
8662	-7.092469e+01
8663	-7.257682e+01
8664	-7.564502e+01
8665	-7.428619e+01
8666	-7.334325e+01
8667	-7.519604e+01
8668	-7.133393e+01
8669	-7.185803e+01
8670	-7.435500e+01
8671	-7.399983e+01
8672	-7.333965e+01
8673	-7.617216e+01
8674	-7.064659e+01
8675	-7.189335e+01
8676	-7.375138e+01
8677	-7.238693e+01
8678	-7.186361e+01
8679	-7.235080e+01
8680	-7.322468e+01
8681	-7.272996e+01
8682	-7.207986e+01
8683	-7.437255e+01
8684	-7.435397e+01
8685	-7.488935e+01
8686	-7.545224e+01
8687	-7.512434e+01
8688	-7.892572e+01
8689	-7.154057e+01
8690	-7.437401e+01
8691	-7.235091e+01
8692	-7.032386e+01
8693	-7.359177e+01
8694	-7.361593e+01
8695	-6.980128e+01
8696	-7.482261e+01
8697	-7.246237e+01
8698	-7.355318e+01
8699	-7.135840e+01
8700	-7.092167e+01
8701	-7.155769e+01
8702	-7.305163e+01
8703	-7.254255e+01
8704	-7.451848e+01
8705	-7.078890e+01
8706	-7.376210e+01
8707	-7.272159e+01
8708	-7.253944e+01
8709	-7.356389e+01
8710	-7.259401e+01
8711	-7.162515e+01
8712	-7.451984e+01
8713	-7.401341e+01
8714	-7.265393e+01
8715	-7.481616e+01
8716	-7.229544e+01
8717	-7.323507e+01
8718	-7.256856e+01
8719	-7.512110e+01
8720	-6.736465e+01
8721	-7.422881e+01
8722	-7.230319e+01
8723	-7.625096e+01
8724	-7.164316e+01
8725	-7.642416e+01
8726	-6.969646e+01
8727	-7.236837e+01
8728	-7.472866e+01
8729	-7.555690e+01
8730	-7.353263e+01
8731	-7.271855e+01
8732	-7.378291e+01
8733	-6.944190e+01
8734	-7.192254e+01
8735	-7.786905e+01
8736	-7.287187e+01
8737	-7.345617e+01
8738	-7.418301e+01
8739	-7.096515e+01
8740	-7.242871e+01
8741	-7.532079e+01
8742	-7.353176e+01
8743	-7.180575e+01
8744	-7.237422e+01
8745	-7.173641e+01
8746	-7.595599e+01
8747	-7.260583e+01
8748	-7.383597e+01
8749	-7.339864e+01
8750	-7.115669e+01
8751	-7.301846e+01
8752	-7.205853e+01
8753	-7.253983e+01
8754	-7.258792e+01
8755	-7.626432e+01
8756	-7.654782e+01
8757	-7.056326e+01
8758	-7.096481e+01
8759	-7.571940e+01
8760	-7.408916e+01
8761	-7.437816e+01
8762	-7.005002e+01
8763	-7.558464e+01
8764	-7.361872e+01
8765	-7.367707e+01
8766	-7.725517e+01
8767	-7.497370e+01
8768	-7.074815e+01
8769	-7.432805e+01
8770	-7.332378e+01
8771	-7.358444e+01
8772	-7.298773e+01
8773	-7.102771e+01
8774	-7.420414e+01
8775	-7.267081e+01
8776	-7.442256e+01
8777	-7.352121e+01
8778	-7.208537e+01
8779	-7.104938e+01
8780	-7.133284e+01
8781	-7.129869e+01
8782	-7.052777e+01
8783	-7.330693e+01
8784	-7.330219e+01
8785	-7.280735e+01
8786	-7.613599e+01
8787	-7.299525e+01
8788	-7.304844e+01
8789	-7.375756e+01
8790	-7.525255e+01
8791	-7.033962e+01
8792	-7.737175e+01
8793	-7.425161e+01
8794	-7.353701e+01
8795	-7.403475e+01
8796	-6.980962e+01
8797	-7.398658e+01
8798	-7.452812e+01
8799	-7.797921e+01
8800	-7.248250e+01
8801	-7.283529e+01
8802	-7.403693e+01
8803	-7.412364e+01
8804	-7.220069e+01
8805	-7.292902e+01
8806	-7.314057e+01
8807	-6.995289e+01
8808	-7.335480e+01
8809	-7.539178e+01
8810	-7.252689e+01
8811	-7.087948e+01
8812	-7.269672e+01
8813	-7.228665e+01
8814	-7.540580e+01
8815	-7.272460e+01
8816	-7.496316e+01
8817	-7.387979e+01
8818	-7.493755e+01
8819	-7.210264e+01
8820	-7.350872e+01
8821	-7.282611e+01
8822	-7.542188e+01
8823	-6.959418e+01
8824	-7.129725e+01
8825	-7.758968e+01
8826	-7.679271e+01
8827	-7.114912e+01
8828	-7.394708e+01
8829	-7.462252e+01
8830	-7.261664e+01
8831	-7.522396e+01
8832	-7.494410e+01
8833	-7.302632e+01
8834	-7.348871e+01
8835	-7.282464e+01
8836	-7.515786e+01
8837	-7.184344e+01
8838	-7.238580e+01
8839	-7.295866e+01
8840	-7.570624e+01
8841	-7.295565e+01
8842	-7.695643e+01
8843	-7.394406e+01
8844	-7.141192e+01
8845	-7.088603e+01
8846	-7.085851e+01
8847	-7.127266e+01
8848	-7.232987e+01
8849	-7.241544e+01
8850	-7.214449e+01
8851	-6.959978e+01
8852	-7.431517e+01
8853	-7.242216e+01
8854	-7.116649e+01
8855	-7.345099e+01
8856	-7.802671e+01
8857	-7.375170e+01
8858	-7.238344e+01
8859	-7.027452e+01
8860	-7.590884e+01
8861	-7.222029e+01
8862	-7.629221e+01
8863	-7.397586e+01
8864	-7.374164e+01
8865	-7.134170e+01
8866	-6.988088e+01
8867	-7.460665e+01
8868	-7.451938e+01
8869	-7.364256e+01
8870	-7.455530e+01
8871	-7.473727e+01
8872	-7.398656e+01
8873	-6.794170e+01
8874	-7.375890e+01
8875	-7.728690e+01
8876	-7.019728e+01
8877	-7.085385e+01
8878	-7.480740e+01
8879	-7.214363e+01
8880	-7.569597e+01
8881	-7.451963e+01
8882	-6.983354e+01
8883	-7.455690e+01
8884	-7.211504e+01
8885	-7.505276e+01
8886	-6.830749e+01
8887	-7.491458e+01
8888	-7.126008e+01
8889	-7.318143e+01
8890	-7.134439e+01
8891	-7.481762e+01
8892	-7.672927e+01
8893	-7.318477e+01
8894	-7.196993e+01
8895	-7.161021e+01
8896	-7.359655e+01
8897	-7.067221e+01
8898	-7.237776e+01
8899	-7.310963e+01
8900	-7.613677e+01
8901	-7.212470e+01
8902	-7.451825e+01
8903	-7.322048e+01
8904	-7.346454e+01
8905	-7.364771e+01
8906	-7.388536e+01
8907	-7.378399e+01
8908	-7.348508e+01
8909	-7.309242e+01
8910	-7.189302e+01
8911	-7.439544e+01
8912	-7.275118e+01
8913	-7.413537e+01
8914	-7.483490e+01
8915	-7.271059e+01
8916	-7.275662e+01
8917	-7.315533e+01
8918	-7.551194e+01
8919	-7.440153e+01
8920	-7.246196e+01
8921	-7.400075e+01
8922	-7.091716e+01
8923	-7.039421e+01
8924	-7.168234e+01
8925	-7.570565e+01
8926	-6.982797e+01
8927	-7.734119e+01
8928	-7.464485e+01
8929	-7.759230e+01
8930	-7.369447e+01
8931	-7.155022e+01
8932	-7.237049e+01
8933	-7.384207e+01
8934	-7.281067e+01
8935	-7.366002e+01
8936	-7.169737e+01
8937	-7.223659e+01
8938	-7.820830e+01
8939	-7.119003e+01
8940	-7.560625e+01
8941	-7.081069e+01
8942	-7.451010e+01
8943	-7.355743e+01
8944	-7.308577e+01
8945	-7.096724e+01
8946	-7.343392e+01
8947	-7.102031e+01
8948	-7.281514e+01
8949	-7.519316e+01
8950	-6.985788e+01
8951	-7.365132e+01
8952	-7.594971e+01
8953	-7.373106e+01
8954	-7.475114e+01
8955	-7.222885e+01
8956	-7.371808e+01
8957	-7.337841e+01
8958	-7.346386e+01
8959	-6.999750e+01
8960	-7.454079e+01
8961	-7.211340e+01
8962	-7.329642e+01
8963	-7.048246e+01
8964	-7.576067e+01
8965	-7.134932e+01
8966	-7.663211e+01
8967	-7.441944e+01
8968	-7.087753e+01
8969	-7.095732e+01
8970	-7.169090e+01
8971	-7.205949e+01
8972	-7.346327e+01
8973	-7.250603e+01
8974	-7.384247e+01
8975	-7.241568e+01
8976	-7.603037e+01
8977	-7.052204e+01
8978	-7.267985e+01
8979	-7.405791e+01
8980	-7.425472e+01
8981	-7.405938e+01
8982	-7.392400e+01
8983	-7.243690e+01
8984	-7.354433e+01
8985	-7.347710e+01
8986	-7.154401e+01
8987	-7.252429e+01
8988	-7.245107e+01
8989	-7.214603e+01
8990	-7.076876e+01
8991	-6.920216e+01
8992	-7.393268e+01
8993	-7.225915e+01
8994	-7.723359e+01
8995	-7.514898e+01
8996	-7.388858e+01
8997	-7.207707e+01
8998	-7.150819e+01
8999	-7.355352e+01
9000	-7.275653e+01
9001	-7.459601e+01
9002	-7.298292e+01
9003	-7.042958e+01
9004	-7.124755e+01
9005	-6.925194e+01
9006	-7.433829e+01
9007	-7.257240e+01
9008	-7.145968e+01
9009	-7.263981e+01
9010	-7.624203e+01
9011	-7.219391e+01
9012	-7.237068e+01
9013	-7.189171e+01
9014	-7.936749e+01
9015	-7.692767e+01
9016	-7.230236e+01
9017	-7.255900e+01
9018	-7.322607e+01
9019	-7.475585e+01
9020	-7.565748e+01
9021	-7.209872e+01
9022	-6.969659e+01
9023	-7.393179e+01
9024	-7.243171e+01
9025	-7.318516e+01
9026	-7.464061e+01
9027	-7.144670e+01
9028	-7.509627e+01
9029	-7.401461e+01
9030	-7.587892e+01
9031	-7.345348e+01
9032	-7.017613e+01
9033	-7.388881e+01
9034	-7.354238e+01
9035	-7.225759e+01
9036	-7.348727e+01
9037	-7.772385e+01
9038	-7.430814e+01
9039	-7.203805e+01
9040	-7.072611e+01
9041	-7.460062e+01
9042	-7.461724e+01
9043	-7.252470e+01
9044	-7.511068e+01
9045	-7.511493e+01
9046	-7.398172e+01
9047	-7.301660e+01
9048	-7.390818e+01
9049	-7.280490e+01
9050	-7.040029e+01
9051	-7.749701e+01
9052	-7.353207e+01
9053	-7.279974e+01
9054	-7.331772e+01
9055	-6.958315e+01
9056	-7.445157e+01
9057	-7.532126e+01
9058	-7.275982e+01
9059	-7.541263e+01
9060	-7.429061e+01
9061	-7.573309e+01
9062	-7.400807e+01
9063	-7.651931e+01
9064	-7.401999e+01
9065	-7.539882e+01
9066	-6.791486e+01
9067	-6.790745e+01
9068	-7.535554e+01
9069	-7.305264e+01
9070	-7.210872e+01
9071	-7.624176e+01
9072	-7.210359e+01
9073	-7.221687e+01
9074	-7.168643e+01
9075	-7.515662e+01
9076	-7.275997e+01
9077	-7.438698e+01
9078	-7.672179e+01
9079	-7.071102e+01
9080	-7.295890e+01
9081	-7.489708e+01
9082	-7.488078e+01
9083	-7.225245e+01
9084	-7.417435e+01
9085	-7.271291e+01
9086	-7.283410e+01
9087	-7.054694e+01
9088	-7.389091e+01
9089	-7.526323e+01
9090	-7.339562e+01
9091	-7.351985e+01
9092	-7.603637e+01
9093	-7.203038e+01
9094	-7.073431e+01
9095	-7.727532e+01
9096	-6.899434e+01
9097	-7.373633e+01
9098	-7.445942e+01
9099	-7.245223e+01
9100	-7.233928e+01
9101	-7.466594e+01
9102	-7.415995e+01
9103	-7.215452e+01
9104	-7.425888e+01
9105	-7.369780e+01
9106	-7.214338e+01
9107	-7.030768e+01
9108	-7.242979e+01
9109	-7.857065e+01
9110	-7.620174e+01
9111	-7.105743e+01
9112	-7.256819e+01
9113	-7.627323e+01
9114	-7.321792e+01
9115	-7.360965e+01
9116	-7.834788e+01
9117	-7.559660e+01
9118	-7.460841e+01
9119	-7.513746e+01
9120	-7.380514e+01
9121	-7.298236e+01
9122	-7.318937e+01
9123	-7.553305e+01
9124	-7.054442e+01
9125	-7.196196e+01
9126	-7.343837e+01
9127	-7.430822e+01
9128	-7.708964e+01
9129	-6.944564e+01
9130	-7.257673e+01
9131	-7.451250e+01
9132	-7.210505e+01
9133	-7.256972e+01
9134	-7.367194e+01
9135	-6.948894e+01
9136	-7.684588e+01
9137	-7.380264e+01
9138	-7.535819e+01
9139	-7.410127e+01
9140	-7.255563e+01
9141	-7.179523e+01
9142	-7.460644e+01
9143	-7.312859e+01
9144	-7.285965e+01
9145	-7.194826e+01
9146	-7.570504e+01
9147	-7.326746e+01
9148	-7.312674e+01
9149	-7.872200e+01
9150	-7.567983e+01
9151	-7.273038e+01
9152	-7.386322e+01
9153	-7.009537e+01
9154	-7.404837e+01
9155	-7.550023e+01
9156	-7.034413e+01
9157	-7.219223e+01
9158	-7.504316e+01
9159	-7.212899e+01
9160	-7.298115e+01
9161	-7.481663e+01
9162	-7.388684e+01
9163	-7.355146e+01
9164	-7.026401e+01
9165	-7.090791e+01
9166	-7.549166e+01
9167	-7.245255e+01
9168	-7.304970e+01
9169	-7.578871e+01
9170	-7.588044e+01
9171	-6.994271e+01
9172	-7.554321e+01
9173	-7.117395e+01
9174	-7.485238e+01
9175	-7.230044e+01
9176	-7.159319e+01
9177	-7.164725e+01
9178	-7.401303e+01
9179	-7.443917e+01
9180	-7.344946e+01
9181	-7.033487e+01
9182	-7.417745e+01
9183	-7.405014e+01
9184	-7.405440e+01
9185	-7.188761e+01
9186	-7.304654e+01
9187	-7.683825e+01
9188	-7.371696e+01
9189	-7.547909e+01
9190	-7.461803e+01
9191	-7.290570e+01
9192	-7.433892e+01
9193	-7.232234e+01
9194	-7.414367e+01
9195	-7.606312e+01
9196	-7.460467e+01
9197	-7.282922e+01
9198	-7.434284e+01
9199	-7.266324e+01
9200	-7.407185e+01
9201	-7.172662e+01
9202	-7.547274e+01
9203	-7.503042e+01
9204	-7.496303e+01
9205	-7.504769e+01
9206	-7.236042e+01
9207	-7.257072e+01
9208	-7.726293e+01
9209	-7.345158e+01
9210	-7.338943e+01
9211	-7.128797e+01
9212	-7.233408e+01
9213	-7.527499e+01
9214	-7.367697e+01
9215	-7.274140e+01
9216	-7.146459e+01
9217	-7.317577e+01
9218	-7.743384e+01
9219	-7.211126e+01
9220	-7.153830e+01
9221	-7.430369e+01
9222	-7.065596e+01
9223	-7.560314e+01
9224	-7.457678e+01
9225	-7.466389e+01
9226	-7.434315e+01
9227	-7.421235e+01
9228	-7.320931e+01
9229	-6.981068e+01
9230	-7.135747e+01
9231	-7.790767e+01
9232	-7.265258e+01
9233	-7.314441e+01
9234	-7.405245e+01
9235	-7.565962e+01
9236	-7.563095e+01
9237	-7.391065e+01
9238	-7.377849e+01
9239	-7.716036e+01
9240	-7.350052e+01
9241	-7.246912e+01
9242	-7.212323e+01
9243	-7.162832e+01
9244	-7.107902e+01
9245	-7.703055e+01
9246	-6.852278e+01
9247	-7.073336e+01
9248	-7.162939e+01
9249	-7.444649e+01
9250	-7.444500e+01
9251	-7.078586e+01
9252	-7.175020e+01
9253	-7.305604e+01
9254	-7.678854e+01
9255	-7.513980e+01
9256	-7.370535e+01
9257	-7.143504e+01
9258	-7.267753e+01
9259	-7.304158e+01
9260	-7.083667e+01
9261	-7.184085e+01
9262	-7.376931e+01
9263	-7.394722e+01
9264	-7.037365e+01
9265	-7.266600e+01
9266	-7.088161e+01
9267	-6.881991e+01
9268	-7.531030e+01
9269	-7.397745e+01
9270	-7.286266e+01
9271	-7.743966e+01
9272	-7.223254e+01
9273	-7.333779e+01
9274	-7.614561e+01
9275	-7.003129e+01
9276	-7.320262e+01
9277	-7.096293e+01
9278	-7.569919e+01
9279	-7.330143e+01
9280	-7.648102e+01
9281	-7.302616e+01
9282	-7.951136e+01
9283	-7.101019e+01
9284	-7.525849e+01
9285	-7.358309e+01
9286	-7.375916e+01
9287	-7.553110e+01
9288	-6.805754e+01
9289	-6.970696e+01
9290	-7.438954e+01
9291	-7.389449e+01
9292	-7.465939e+01
9293	-7.547314e+01
9294	-7.297942e+01
9295	-7.108154e+01
9296	-7.250600e+01
9297	-7.662191e+01
9298	-7.119020e+01
9299	-7.392183e+01
9300	-7.727751e+01
9301	-6.933879e+01
9302	-7.401756e+01
9303	-7.427608e+01
9304	-7.297475e+01
9305	-7.124560e+01
9306	-7.440794e+01
9307	-7.472911e+01
9308	-7.263607e+01
9309	-7.262666e+01
9310	-7.366231e+01
9311	-6.884262e+01
9312	-7.283506e+01
9313	-7.470314e+01
9314	-7.311561e+01
9315	-7.345732e+01
9316	-7.045710e+01
9317	-7.255496e+01
9318	-7.007792e+01
9319	-7.444110e+01
9320	-7.192791e+01
9321	-7.359174e+01
9322	-7.299848e+01
9323	-7.341430e+01
9324	-7.538411e+01
9325	-7.018264e+01
9326	-7.226113e+01
9327	-7.479545e+01
9328	-7.078632e+01
9329	-7.429694e+01
9330	-7.372431e+01
9331	-7.498703e+01
9332	-7.426207e+01
9333	-7.465103e+01
9334	-7.217170e+01
9335	-7.439890e+01
9336	-7.416189e+01
9337	-7.179349e+01
9338	-7.489709e+01
9339	-7.153615e+01
9340	-7.404773e+01
9341	-6.878367e+01
9342	-7.156895e+01
9343	-7.436771e+01
9344	-7.337578e+01
9345	-7.468571e+01
9346	-7.149223e+01
9347	-6.929298e+01
9348	-7.660869e+01
9349	-7.255557e+01
9350	-6.973967e+01
9351	-7.227953e+01
9352	-7.509445e+01
9353	-7.549232e+01
9354	-7.038287e+01
9355	-7.398940e+01
9356	-7.289877e+01
9357	-7.141327e+01
9358	-7.299798e+01
9359	-7.141473e+01
9360	-7.312330e+01
9361	-7.233750e+01
9362	-7.402101e+01
9363	-6.954710e+01
9364	-7.529540e+01
9365	-7.122219e+01
9366	-7.525895e+01
9367	-7.324627e+01
9368	-7.276610e+01
9369	-7.073552e+01
9370	-7.112180e+01
9371	-7.626341e+01
9372	-6.774805e+01
9373	-6.840901e+01
9374	-7.693978e+01
9375	-7.178396e+01
9376	-7.309338e+01
9377	-7.275837e+01
9378	-7.215094e+01
9379	-7.360999e+01
9380	-7.664006e+01
9381	-7.484570e+01
9382	-7.301955e+01
9383	-7.377445e+01
9384	-7.475222e+01
9385	-7.217595e+01
9386	-7.248564e+01
9387	-7.451113e+01
9388	-7.272836e+01
9389	-7.211737e+01
9390	-7.168615e+01
9391	-7.190247e+01
9392	-7.260588e+01
9393	-7.232356e+01
9394	-7.311143e+01
9395	-7.727462e+01
9396	-7.328087e+01
9397	-7.166028e+01
9398	-7.327184e+01
9399	-7.768887e+01
9400	-7.589523e+01
9401	-7.514588e+01
9402	-7.035876e+01
9403	-7.442121e+01
9404	-7.286359e+01
9405	-7.098620e+01
9406	-7.224002e+01
9407	-7.324230e+01
9408	-7.363004e+01
9409	-7.649054e+01
9410	-7.584924e+01
9411	-7.502090e+01
9412	-7.399147e+01
9413	-7.213965e+01
9414	-7.001628e+01
9415	-7.356453e+01
9416	-7.343142e+01
9417	-6.928760e+01
9418	-7.869279e+01
9419	-7.615047e+01
9420	-7.353344e+01
9421	-7.482365e+01
9422	-7.135482e+01
9423	-7.189748e+01
9424	-7.176209e+01
9425	-7.048179e+01
9426	-7.157695e+01
9427	-6.982310e+01
9428	-7.216641e+01
9429	-7.068319e+01
9430	-7.581713e+01
9431	-7.560395e+01
9432	-7.346615e+01
9433	-7.003002e+01
9434	-7.274139e+01
9435	-7.192740e+01
9436	-7.304451e+01
9437	-7.118896e+01
9438	-7.502038e+01
9439	-7.036320e+01
9440	-7.411818e+01
9441	-7.190090e+01
9442	-7.476411e+01
9443	-7.299719e+01
9444	-7.192199e+01
9445	-6.754298e+01
9446	-7.029964e+01
9447	-7.385768e+01
9448	-7.324449e+01
9449	-7.366218e+01
9450	-7.289913e+01
9451	-7.466901e+01
9452	-7.632845e+01
9453	-7.075876e+01
9454	-6.758947e+01
9455	-7.195176e+01
9456	-7.071188e+01
9457	-7.599495e+01
9458	-7.165723e+01
9459	-7.569970e+01
9460	-7.672012e+01
9461	-6.981766e+01
9462	-7.366839e+01
9463	-7.634314e+01
9464	-7.452860e+01
9465	-7.486827e+01
9466	-7.124982e+01
9467	-6.708786e+01
9468	-7.423290e+01
9469	-7.426797e+01
9470	-7.377721e+01
9471	-7.099843e+01
9472	-7.068478e+01
9473	-7.629367e+01
9474	-7.304318e+01
9475	-7.166535e+01
9476	-7.006483e+01
9477	-7.216804e+01
9478	-7.348794e+01
9479	-7.456259e+01
9480	-6.962628e+01
9481	-7.537244e+01
9482	-7.548707e+01
9483	-7.224428e+01
9484	-7.267329e+01
9485	-7.593680e+01
9486	-7.408577e+01
9487	-7.470689e+01
9488	-7.422474e+01
9489	-7.217186e+01
9490	-7.488982e+01
9491	-7.546972e+01
9492	-7.376312e+01
9493	-7.528338e+01
9494	-7.485449e+01
9495	-7.489582e+01
9496	-7.559679e+01
9497	-7.361993e+01
9498	-7.324555e+01
9499	-7.234334e+01
9500	-7.287510e+01
9501	-6.818643e+01
9502	-7.624083e+01
9503	-7.377698e+01
9504	-7.231253e+01
9505	-7.097728e+01
9506	-7.221351e+01
9507	-7.376249e+01
9508	-7.643267e+01
9509	-7.340109e+01
9510	-7.127792e+01
9511	-7.462826e+01
9512	-7.427558e+01
9513	-7.434605e+01
9514	-7.362485e+01
9515	-7.161245e+01
9516	-7.850746e+01
9517	-7.470761e+01
9518	-7.342517e+01
9519	-7.699574e+01
9520	-7.634784e+01
9521	-7.357141e+01
9522	-7.197513e+01
9523	-7.375782e+01
9524	-7.414721e+01
9525	-7.285646e+01
9526	-7.394311e+01
9527	-7.599085e+01
9528	-7.053242e+01
9529	-7.596249e+01
9530	-7.405237e+01
9531	-7.456795e+01
9532	-7.475839e+01
9533	-6.577202e+01
9534	-7.327895e+01
9535	-7.271748e+01
9536	-7.439077e+01
9537	-7.566002e+01
9538	-6.969095e+01
9539	-7.403997e+01
9540	-7.388866e+01
9541	-7.140641e+01
9542	-7.067752e+01
9543	-6.785548e+01
9544	-7.416295e+01
9545	-7.376082e+01
9546	-7.344500e+01
9547	-7.141553e+01
9548	-7.213179e+01
9549	-7.444188e+01
9550	-7.298129e+01
9551	-7.250661e+01
9552	-7.558223e+01
9553	-7.254412e+01
9554	-7.322299e+01
9555	-7.386905e+01
9556	-6.875008e+01
9557	-7.294671e+01
9558	-7.700488e+01
9559	-7.532872e+01
9560	-7.425563e+01
9561	-7.513650e+01
9562	-7.138985e+01
9563	-7.273181e+01
9564	-7.209604e+01
9565	-7.137955e+01
9566	-7.274995e+01
9567	-7.338137e+01
9568	-7.037455e+01
9569	-7.582031e+01
9570	-7.646889e+01
9571	-7.362214e+01
9572	-7.566669e+01
9573	-7.232834e+01
9574	-7.631893e+01
9575	-7.200688e+01
9576	-7.134766e+01
9577	-7.314810e+01
9578	-7.262287e+01
9579	-7.226150e+01
9580	-7.705851e+01
9581	-7.075531e+01
9582	-7.570058e+01
9583	-7.451376e+01
9584	-7.469853e+01
9585	-7.463019e+01
9586	-7.397024e+01
9587	-7.214258e+01
9588	-7.092161e+01
9589	-7.255324e+01
9590	-7.373963e+01
9591	-7.435736e+01
9592	-7.246052e+01
9593	-7.492316e+01
9594	-7.314535e+01
9595	-7.467266e+01
9596	-7.020914e+01
9597	-7.218467e+01
9598	-7.269176e+01
9599	-7.369481e+01
9600	-7.265431e+01
9601	-7.740345e+01
9602	-7.255789e+01
9603	-7.430355e+01
9604	-7.373952e+01
9605	-7.198749e+01
9606	-7.067728e+01
9607	-7.399851e+01
9608	-7.158945e+01
9609	-7.298196e+01
9610	-7.806402e+01
9611	-7.170353e+01
9612	-7.316181e+01
9613	-7.134731e+01
9614	-7.589451e+01
9615	-7.386067e+01
9616	-7.479667e+01
9617	-7.602089e+01
9618	-7.194648e+01
9619	-7.656702e+01
9620	-7.410598e+01
9621	-7.252997e+01
9622	-7.498746e+01
9623	-7.317871e+01
9624	-7.486223e+01
9625	-7.527984e+01
9626	-7.182415e+01
9627	-7.432128e+01
9628	-7.303758e+01
9629	-7.193888e+01
9630	-6.761000e+01
9631	-7.204964e+01
9632	-7.361300e+01
9633	-7.332038e+01
9634	-7.174493e+01
9635	-6.980179e+01
9636	-7.081652e+01
9637	-7.307404e+01
9638	-7.228950e+01
9639	-7.633503e+01
9640	-7.623548e+01
9641	-7.293676e+01
9642	-7.682953e+01
9643	-7.441224e+01
9644	-7.305589e+01
9645	-7.166010e+01
9646	-7.226319e+01
9647	-7.083429e+01
9648	-6.915424e+01
9649	-7.181768e+01
9650	-7.225996e+01
9651	-7.785090e+01
9652	-7.157533e+01
9653	-7.699191e+01
9654	-7.325150e+01
9655	-7.344687e+01
9656	-7.257938e+01
9657	-7.294003e+01
9658	-7.156919e+01
9659	-7.424957e+01
9660	-7.180129e+01
9661	-7.181919e+01
9662	-7.140541e+01
9663	-7.332633e+01
9664	-7.646058e+01
9665	-7.337477e+01
9666	-7.513801e+01
9667	-7.398754e+01
9668	-7.373469e+01
9669	-7.256905e+01
9670	-7.291629e+01
9671	-7.086376e+01
9672	-7.382975e+01
9673	-7.362021e+01
9674	-7.222048e+01
9675	-7.300687e+01
9676	-7.518145e+01
9677	-7.185575e+01
9678	-6.983257e+01
9679	-7.248793e+01
9680	-7.358038e+01
9681	-7.538312e+01
9682	-7.064436e+01
9683	-7.328581e+01
9684	-7.201707e+01
9685	-6.953338e+01
9686	-7.137393e+01
9687	-7.052328e+01
9688	-7.131127e+01
9689	-7.650986e+01
9690	-7.498608e+01
9691	-7.313949e+01
9692	-7.595470e+01
9693	-7.477621e+01
9694	-7.331800e+01
9695	-7.336975e+01
9696	-7.429814e+01
9697	-7.277034e+01
9698	-7.282917e+01
9699	-6.945864e+01
9700	-7.062395e+01
9701	-7.785484e+01
9702	-7.569698e+01
9703	-7.447473e+01
9704	-7.204038e+01
9705	-7.345296e+01
9706	-7.342774e+01
9707	-7.362829e+01
9708	-7.664775e+01
9709	-7.170871e+01
9710	-7.463280e+01
9711	-7.063229e+01
9712	-7.374151e+01
9713	-7.175023e+01
9714	-7.603655e+01
9715	-7.302430e+01
9716	-7.663152e+01
9717	-7.318695e+01
9718	-7.199616e+01
9719	-7.114193e+01
9720	-7.650722e+01
9721	-7.619648e+01
9722	-7.439050e+01
9723	-7.486712e+01
9724	-7.277778e+01
9725	-7.142868e+01
9726	-7.504231e+01
9727	-7.177241e+01
9728	-7.330454e+01
9729	-7.305635e+01
9730	-7.408284e+01
9731	-7.415388e+01
9732	-7.263515e+01
9733	-7.655910e+01
9734	-7.262492e+01
9735	-7.372054e+01
9736	-7.542067e+01
9737	-7.357749e+01
9738	-7.131674e+01
9739	-7.479863e+01
9740	-7.461567e+01
9741	-7.560865e+01
9742	-7.566018e+01
9743	-7.222567e+01
9744	-7.237223e+01
9745	-7.195109e+01
9746	-7.503692e+01
9747	-7.114225e+01
9748	-7.228616e+01
9749	-7.523694e+01
9750	-7.384952e+01
9751	-7.535517e+01
9752	-7.221985e+01
9753	-7.363061e+01
9754	-7.311446e+01
9755	-6.892170e+01
9756	-7.361548e+01
9757	-7.510565e+01
9758	-7.238559e+01
9759	-6.990051e+01
9760	-7.401580e+01
9761	-7.504295e+01
9762	-7.468008e+01
9763	-7.333347e+01
9764	-7.156555e+01
9765	-7.096767e+01
9766	-7.493991e+01
9767	-7.266554e+01
9768	-7.216810e+01
9769	-7.178589e+01
9770	-7.334615e+01
9771	-7.535028e+01
9772	-7.238666e+01
9773	-7.405070e+01
9774	-7.300498e+01
9775	-7.452860e+01
9776	-7.420876e+01
9777	-7.641145e+01
9778	-7.420478e+01
9779	-7.206348e+01
9780	-7.425692e+01
9781	-7.422718e+01
9782	-7.420781e+01
9783	-7.460106e+01
9784	-7.228876e+01
9785	-7.162657e+01
9786	-7.245231e+01
9787	-7.236645e+01
9788	-7.496668e+01
9789	-7.290889e+01
9790	-7.398539e+01
9791	-7.271810e+01
9792	-7.108987e+01
9793	-6.884755e+01
9794	-7.244004e+01
9795	-7.298744e+01
9796	-7.483915e+01
9797	-7.317509e+01
9798	-7.261836e+01
9799	-7.370768e+01
9800	-7.586011e+01
9801	-7.294719e+01
9802	-7.640245e+01
9803	-7.537179e+01
9804	-6.987422e+01
9805	-7.420719e+01
9806	-7.325563e+01
9807	-7.460874e+01
9808	-7.098575e+01
9809	-7.558899e+01
9810	-7.379459e+01
9811	-7.281715e+01
9812	-7.178430e+01
9813	-7.404072e+01
9814	-7.568592e+01
9815	-7.582291e+01
9816	-7.283870e+01
9817	-7.390147e+01
9818	-7.211475e+01
9819	-7.197606e+01
9820	-7.113298e+01
9821	-7.455832e+01
9822	-7.598982e+01
9823	-7.330452e+01
9824	-6.848486e+01
9825	-7.281774e+01
9826	-7.348391e+01
9827	-7.613073e+01
9828	-7.302627e+01
9829	-7.291868e+01
9830	-7.096203e+01
9831	-7.527146e+01
9832	-7.454286e+01
9833	-7.423113e+01
9834	-7.204437e+01
9835	-7.290392e+01
9836	-6.990129e+01
9837	-7.355949e+01
9838	-7.378103e+01
9839	-7.131030e+01
9840	-7.348081e+01
9841	-7.518344e+01
9842	-7.496083e+01
9843	-7.479724e+01
9844	-6.981179e+01
9845	-7.059520e+01
9846	-7.700687e+01
9847	-7.487314e+01
9848	-7.267148e+01
9849	-7.360176e+01
9850	-7.384758e+01
9851	-7.175957e+01
9852	-7.501128e+01
9853	-7.077571e+01
9854	-7.199711e+01
9855	-7.638291e+01
9856	-7.086720e+01
9857	-6.975394e+01
9858	-7.394404e+01
9859	-7.051336e+01
9860	-7.643207e+01
9861	-7.321685e+01
9862	-7.378223e+01
9863	-7.332290e+01
9864	-7.266351e+01
9865	-7.270854e+01
9866	-7.178832e+01
9867	-7.200480e+01
9868	-7.603449e+01
9869	-7.212918e+01
9870	-7.368547e+01
9871	-7.249553e+01
9872	-7.212257e+01
9873	-7.018510e+01
9874	-7.664529e+01
9875	-7.721175e+01
9876	-7.351832e+01
9877	-7.341289e+01
9878	-7.589764e+01
9879	-7.664244e+01
9880	-7.322177e+01
9881	-7.413332e+01
9882	-6.946724e+01
9883	-7.580755e+01
9884	-7.670804e+01
9885	-7.348458e+01
9886	-6.992460e+01
9887	-7.213403e+01
9888	-7.419974e+01
9889	-7.143554e+01
9890	-7.320060e+01
9891	-6.933551e+01
9892	-7.452953e+01
9893	-7.275029e+01
9894	-7.492125e+01
9895	-7.579424e+01
9896	-7.847035e+01
9897	-7.539231e+01
9898	-7.239186e+01
9899	-7.068574e+01
9900	-7.193627e+01
9901	-7.241793e+01
9902	-7.321077e+01
9903	-7.510668e+01
9904	-7.331061e+01
9905	-7.236368e+01
9906	-7.306397e+01
9907	-7.283041e+01
9908	-7.177616e+01
9909	-7.460968e+01
9910	-6.976662e+01
9911	-7.441069e+01
9912	-7.424591e+01
9913	-7.184689e+01
9914	-7.201389e+01
9915	-7.369118e+01
9916	-7.204079e+01
9917	-7.721917e+01
9918	-7.178475e+01
9919	-7.399815e+01
9920	-7.616029e+01
9921	-7.037573e+01
9922	-6.938136e+01
9923	-7.398076e+01
9924	-7.381324e+01
9925	-7.461893e+01
9926	-7.413155e+01
9927	-7.122123e+01
9928	-7.533277e+01
9929	-7.436990e+01
9930	-7.336328e+01
9931	-7.486442e+01
9932	-7.270999e+01
9933	-7.209997e+01
9934	-7.177539e+01
9935	-7.184704e+01
9936	-7.267919e+01
9937	-7.428580e+01
9938	-7.161220e+01
9939	-7.225537e+01
9940	-7.366190e+01
9941	-7.350338e+01
9942	-7.488343e+01
9943	-7.276819e+01
9944	-7.310940e+01
9945	-7.498276e+01
9946	-6.936824e+01
9947	-7.201249e+01
9948	-7.330298e+01
9949	-7.416499e+01
9950	-7.342210e+01
9951	-7.150549e+01
9952	-7.516577e+01
9953	-7.135201e+01
9954	-7.511282e+01
9955	-7.574692e+01
9956	-7.262798e+01
9957	-7.170916e+01
9958	-7.677854e+01
9959	-7.534187e+01
9960	-7.251563e+01
9961	-7.110861e+01
9962	-7.545332e+01
9963	-6.921448e+01
9964	-7.284397e+01
9965	-6.983266e+01
9966	-7.523351e+01
9967	-7.252674e+01
9968	-7.951101e+01
9969	-7.355640e+01
9970	-7.390322e+01
9971	-7.370423e+01
9972	-7.474341e+01
9973	-7.423963e+01
9974	-6.944454e+01
9975	-7.492761e+01
9976	-7.032889e+01
9977	-7.218767e+01
9978	-7.302014e+01
9979	-7.415316e+01
9980	-7.064065e+01
9981	-7.163256e+01
9982	-7.448905e+01
9983	-7.645682e+01
9984	-7.575117e+01
9985	-7.347229e+01
9986	-7.221713e+01
9987	-7.329275e+01
9988	-7.461750e+01
9989	-7.327091e+01
9990	-7.253877e+01
9991	-7.226415e+01
9992	-7.851804e+01
9993	-7.057944e+01
9994	-7.351422e+01
9995	-7.481557e+01
9996	-7.374601e+01
9997	-7.326416e+01
9998	-7.219283e+01
9999	-6.995706e+01
10000	-7.458736e+01
